timestamp_utc,trip_id,tren,fecha_tren,estado,retraso_seg,retraso_min
2026-05-29T00:01:13Z,1571012026-05-27,15710,2026-05-27,CANCELED,,
2026-05-29T00:01:13Z,1587012026-05-27,15870,2026-05-27,CANCELED,,
2026-05-29T00:01:13Z,1503212026-05-27,15032,2026-05-27,CANCELED,,
2026-05-29T00:01:13Z,1504612026-05-27,15046,2026-05-27,CANCELED,,
2026-05-29T00:01:13Z,1578412026-05-27,15784,2026-05-27,CANCELED,,
2026-05-29T00:01:13Z,3880722026-05-27,38807,2026-05-27,CANCELED,,
2026-05-29T00:01:13Z,3880712026-05-27,38807,2026-05-27,CANCELED,,
2026-05-29T00:01:13Z,3510612026-05-27,35106,2026-05-27,CANCELED,,
2026-05-29T00:01:13Z,7183312026-05-27,71833,2026-05-27,CANCELED,,
2026-05-29T00:01:13Z,1260812026-05-27,12608,2026-05-27,CANCELED,,
2026-05-29T00:01:13Z,1262312026-05-27,12623,2026-05-27,CANCELED,,
2026-05-29T00:01:13Z,1588212026-05-27,15882,2026-05-27,CANCELED,,
2026-05-29T00:01:13Z,1591812026-05-27,15918,2026-05-27,CANCELED,,
2026-05-29T00:01:13Z,3091812026-05-27,30918,2026-05-27,CANCELED,,
2026-05-29T00:01:13Z,0426112026-05-28,04261,2026-05-28,CANCELED,,
2026-05-29T00:01:13Z,1790762026-05-27,17907,2026-05-27,CANCELED,,
2026-05-29T00:01:13Z,1790742026-05-27,17907,2026-05-27,CANCELED,,
2026-05-29T00:01:13Z,1790752026-05-27,17907,2026-05-27,CANCELED,,
2026-05-29T00:01:13Z,1790712026-05-27,17907,2026-05-27,CANCELED,,
2026-05-29T00:01:13Z,1790732026-05-27,17907,2026-05-27,CANCELED,,
2026-05-29T00:01:13Z,1790722026-05-27,17907,2026-05-27,CANCELED,,
2026-05-29T00:01:13Z,0587112026-05-27,05871,2026-05-27,CANCELED,,
2026-05-29T00:01:13Z,1261112026-05-27,12611,2026-05-27,CANCELED,,
2026-05-29T00:01:13Z,1505512026-05-27,15055,2026-05-27,CANCELED,,
2026-05-29T00:01:13Z,1821612026-05-27,18216,2026-05-27,CANCELED,,
2026-05-29T00:05:49Z,1571012026-05-27,15710,2026-05-27,CANCELED,,
2026-05-29T00:05:49Z,1503212026-05-27,15032,2026-05-27,CANCELED,,
2026-05-29T00:05:49Z,1587012026-05-27,15870,2026-05-27,CANCELED,,
2026-05-29T00:05:49Z,1504612026-05-27,15046,2026-05-27,CANCELED,,
2026-05-29T00:05:49Z,1578412026-05-27,15784,2026-05-27,CANCELED,,
2026-05-29T00:05:49Z,3510612026-05-27,35106,2026-05-27,CANCELED,,
2026-05-29T00:05:49Z,1260812026-05-27,12608,2026-05-27,CANCELED,,
2026-05-29T00:05:49Z,3880722026-05-27,38807,2026-05-27,CANCELED,,
2026-05-29T00:05:49Z,3880712026-05-27,38807,2026-05-27,CANCELED,,
2026-05-29T00:05:49Z,1262312026-05-27,12623,2026-05-27,CANCELED,,
2026-05-29T00:05:49Z,7183312026-05-27,71833,2026-05-27,CANCELED,,
2026-05-29T00:05:49Z,1588212026-05-27,15882,2026-05-27,CANCELED,,
2026-05-29T00:05:49Z,1591812026-05-27,15918,2026-05-27,CANCELED,,
2026-05-29T00:05:49Z,3091812026-05-27,30918,2026-05-27,CANCELED,,
2026-05-29T00:05:49Z,1790762026-05-27,17907,2026-05-27,CANCELED,,
2026-05-29T00:05:49Z,1790742026-05-27,17907,2026-05-27,CANCELED,,
2026-05-29T00:05:49Z,1790752026-05-27,17907,2026-05-27,CANCELED,,
2026-05-29T00:05:49Z,1790712026-05-27,17907,2026-05-27,CANCELED,,
2026-05-29T00:05:49Z,1790732026-05-27,17907,2026-05-27,CANCELED,,
2026-05-29T00:05:49Z,1790722026-05-27,17907,2026-05-27,CANCELED,,
2026-05-29T00:05:49Z,0426112026-05-28,04261,2026-05-28,CANCELED,,
2026-05-29T00:05:49Z,0587112026-05-27,05871,2026-05-27,CANCELED,,
2026-05-29T00:05:49Z,1261112026-05-27,12611,2026-05-27,CANCELED,,
2026-05-29T00:05:49Z,1505512026-05-27,15055,2026-05-27,CANCELED,,
2026-05-29T00:05:49Z,1821612026-05-27,18216,2026-05-27,CANCELED,,
2026-05-29T00:10:57Z,1571012026-05-27,15710,2026-05-27,CANCELED,,
2026-05-29T00:10:57Z,1503212026-05-27,15032,2026-05-27,CANCELED,,
2026-05-29T00:10:57Z,1587012026-05-27,15870,2026-05-27,CANCELED,,
2026-05-29T00:10:57Z,1504612026-05-27,15046,2026-05-27,CANCELED,,
2026-05-29T00:10:57Z,3510612026-05-27,35106,2026-05-27,CANCELED,,
2026-05-29T00:10:57Z,1578412026-05-27,15784,2026-05-27,CANCELED,,
2026-05-29T00:10:57Z,1260812026-05-27,12608,2026-05-27,CANCELED,,
2026-05-29T00:10:57Z,3880722026-05-27,38807,2026-05-27,CANCELED,,
2026-05-29T00:10:57Z,3880712026-05-27,38807,2026-05-27,CANCELED,,
2026-05-29T00:10:57Z,1262312026-05-27,12623,2026-05-27,CANCELED,,
2026-05-29T00:10:57Z,7183312026-05-27,71833,2026-05-27,CANCELED,,
2026-05-29T00:10:57Z,1588212026-05-27,15882,2026-05-27,CANCELED,,
2026-05-29T00:10:57Z,1591812026-05-27,15918,2026-05-27,CANCELED,,
2026-05-29T00:10:57Z,3091812026-05-27,30918,2026-05-27,CANCELED,,
2026-05-29T00:10:57Z,0426112026-05-28,04261,2026-05-28,CANCELED,,
2026-05-29T00:10:57Z,1790762026-05-27,17907,2026-05-27,CANCELED,,
2026-05-29T00:10:57Z,1790742026-05-27,17907,2026-05-27,CANCELED,,
2026-05-29T00:10:57Z,1790752026-05-27,17907,2026-05-27,CANCELED,,
2026-05-29T00:10:57Z,1790712026-05-27,17907,2026-05-27,CANCELED,,
2026-05-29T00:10:57Z,1790732026-05-27,17907,2026-05-27,CANCELED,,
2026-05-29T00:10:57Z,1790722026-05-27,17907,2026-05-27,CANCELED,,
2026-05-29T00:10:57Z,0587112026-05-27,05871,2026-05-27,CANCELED,,
2026-05-29T00:10:57Z,1261112026-05-27,12611,2026-05-27,CANCELED,,
2026-05-29T00:10:57Z,1505512026-05-27,15055,2026-05-27,CANCELED,,
2026-05-29T00:10:57Z,1821612026-05-27,18216,2026-05-27,CANCELED,,
2026-05-29T00:15:54Z,1503212026-05-27,15032,2026-05-27,CANCELED,,
2026-05-29T00:15:54Z,1571012026-05-27,15710,2026-05-27,CANCELED,,
2026-05-29T00:15:54Z,1504612026-05-27,15046,2026-05-27,CANCELED,,
2026-05-29T00:15:54Z,1587012026-05-27,15870,2026-05-27,CANCELED,,
2026-05-29T00:15:54Z,3510612026-05-27,35106,2026-05-27,CANCELED,,
2026-05-29T00:15:54Z,1578412026-05-27,15784,2026-05-27,CANCELED,,
2026-05-29T00:15:54Z,1260812026-05-27,12608,2026-05-27,CANCELED,,
2026-05-29T00:15:54Z,3880722026-05-27,38807,2026-05-27,CANCELED,,
2026-05-29T00:15:54Z,3880712026-05-27,38807,2026-05-27,CANCELED,,
2026-05-29T00:15:54Z,1262312026-05-27,12623,2026-05-27,CANCELED,,
2026-05-29T00:15:54Z,7183312026-05-27,71833,2026-05-27,CANCELED,,
2026-05-29T00:15:54Z,1588212026-05-27,15882,2026-05-27,CANCELED,,
2026-05-29T00:15:54Z,1591812026-05-27,15918,2026-05-27,CANCELED,,
2026-05-29T00:15:54Z,1790762026-05-27,17907,2026-05-27,CANCELED,,
2026-05-29T00:15:54Z,1790742026-05-27,17907,2026-05-27,CANCELED,,
2026-05-29T00:15:54Z,1790752026-05-27,17907,2026-05-27,CANCELED,,
2026-05-29T00:15:54Z,1790712026-05-27,17907,2026-05-27,CANCELED,,
2026-05-29T00:15:54Z,1790732026-05-27,17907,2026-05-27,CANCELED,,
2026-05-29T00:15:54Z,1790722026-05-27,17907,2026-05-27,CANCELED,,
2026-05-29T00:15:54Z,0426112026-05-28,04261,2026-05-28,CANCELED,,
2026-05-29T00:15:54Z,3091812026-05-27,30918,2026-05-27,CANCELED,,
2026-05-29T00:15:54Z,0587112026-05-27,05871,2026-05-27,CANCELED,,
2026-05-29T00:15:54Z,1261112026-05-27,12611,2026-05-27,CANCELED,,
2026-05-29T00:15:54Z,1505512026-05-27,15055,2026-05-27,CANCELED,,
2026-05-29T00:15:54Z,1821612026-05-27,18216,2026-05-27,CANCELED,,
2026-05-29T00:20:53Z,1503212026-05-27,15032,2026-05-27,CANCELED,,
2026-05-29T00:20:53Z,1571012026-05-27,15710,2026-05-27,CANCELED,,
2026-05-29T00:20:53Z,1504612026-05-27,15046,2026-05-27,CANCELED,,
2026-05-29T00:20:53Z,1587012026-05-27,15870,2026-05-27,CANCELED,,
2026-05-29T00:20:53Z,3510612026-05-27,35106,2026-05-27,CANCELED,,
2026-05-29T00:20:53Z,1578412026-05-27,15784,2026-05-27,CANCELED,,
2026-05-29T00:20:53Z,1260812026-05-27,12608,2026-05-27,CANCELED,,
2026-05-29T00:20:53Z,3880722026-05-27,38807,2026-05-27,CANCELED,,
2026-05-29T00:20:53Z,3880712026-05-27,38807,2026-05-27,CANCELED,,
2026-05-29T00:20:53Z,1262312026-05-27,12623,2026-05-27,CANCELED,,
2026-05-29T00:20:53Z,7183312026-05-27,71833,2026-05-27,CANCELED,,
2026-05-29T00:20:53Z,1588212026-05-27,15882,2026-05-27,CANCELED,,
2026-05-29T00:20:53Z,1790762026-05-27,17907,2026-05-27,CANCELED,,
2026-05-29T00:20:53Z,1790742026-05-27,17907,2026-05-27,CANCELED,,
2026-05-29T00:20:53Z,1790752026-05-27,17907,2026-05-27,CANCELED,,
2026-05-29T00:20:53Z,1790712026-05-27,17907,2026-05-27,CANCELED,,
2026-05-29T00:20:53Z,1790732026-05-27,17907,2026-05-27,CANCELED,,
2026-05-29T00:20:53Z,1790722026-05-27,17907,2026-05-27,CANCELED,,
2026-05-29T00:20:53Z,1591812026-05-27,15918,2026-05-27,CANCELED,,
2026-05-29T00:20:53Z,0426112026-05-28,04261,2026-05-28,CANCELED,,
2026-05-29T00:20:53Z,3091812026-05-27,30918,2026-05-27,CANCELED,,
2026-05-29T00:20:53Z,0587112026-05-27,05871,2026-05-27,CANCELED,,
2026-05-29T00:20:53Z,1261112026-05-27,12611,2026-05-27,CANCELED,,
2026-05-29T00:20:53Z,1505512026-05-27,15055,2026-05-27,CANCELED,,
2026-05-29T00:20:53Z,1821612026-05-27,18216,2026-05-27,CANCELED,,
2026-05-29T00:25:48Z,1571012026-05-27,15710,2026-05-27,CANCELED,,
2026-05-29T00:25:48Z,1503212026-05-27,15032,2026-05-27,CANCELED,,
2026-05-29T00:25:48Z,1587012026-05-27,15870,2026-05-27,CANCELED,,
2026-05-29T00:25:48Z,1504612026-05-27,15046,2026-05-27,CANCELED,,
2026-05-29T00:25:48Z,1578412026-05-27,15784,2026-05-27,CANCELED,,
2026-05-29T00:25:48Z,3510612026-05-27,35106,2026-05-27,CANCELED,,
2026-05-29T00:25:48Z,1260812026-05-27,12608,2026-05-27,CANCELED,,
2026-05-29T00:25:48Z,3880722026-05-27,38807,2026-05-27,CANCELED,,
2026-05-29T00:25:48Z,3880712026-05-27,38807,2026-05-27,CANCELED,,
2026-05-29T00:25:48Z,1262312026-05-27,12623,2026-05-27,CANCELED,,
2026-05-29T00:25:48Z,7183312026-05-27,71833,2026-05-27,CANCELED,,
2026-05-29T00:25:48Z,1588212026-05-27,15882,2026-05-27,CANCELED,,
2026-05-29T00:25:48Z,1591812026-05-27,15918,2026-05-27,CANCELED,,
2026-05-29T00:25:48Z,1790762026-05-27,17907,2026-05-27,CANCELED,,
2026-05-29T00:25:48Z,1790742026-05-27,17907,2026-05-27,CANCELED,,
2026-05-29T00:25:48Z,1790752026-05-27,17907,2026-05-27,CANCELED,,
2026-05-29T00:25:48Z,1790712026-05-27,17907,2026-05-27,CANCELED,,
2026-05-29T00:25:48Z,1790732026-05-27,17907,2026-05-27,CANCELED,,
2026-05-29T00:25:48Z,1790722026-05-27,17907,2026-05-27,CANCELED,,
2026-05-29T00:25:48Z,3091812026-05-27,30918,2026-05-27,CANCELED,,
2026-05-29T00:25:48Z,0426112026-05-28,04261,2026-05-28,CANCELED,,
2026-05-29T00:25:48Z,0587112026-05-27,05871,2026-05-27,CANCELED,,
2026-05-29T00:25:48Z,1261112026-05-27,12611,2026-05-27,CANCELED,,
2026-05-29T00:25:48Z,1505512026-05-27,15055,2026-05-27,CANCELED,,
2026-05-29T00:25:48Z,1821612026-05-27,18216,2026-05-27,CANCELED,,
2026-05-29T00:31:03Z,1571012026-05-27,15710,2026-05-27,CANCELED,,
2026-05-29T00:31:03Z,1503212026-05-27,15032,2026-05-27,CANCELED,,
2026-05-29T00:31:03Z,1504612026-05-27,15046,2026-05-27,CANCELED,,
2026-05-29T00:31:03Z,1587012026-05-27,15870,2026-05-27,CANCELED,,
2026-05-29T00:31:03Z,3510612026-05-27,35106,2026-05-27,CANCELED,,
2026-05-29T00:31:03Z,1578412026-05-27,15784,2026-05-27,CANCELED,,
2026-05-29T00:31:03Z,1260812026-05-27,12608,2026-05-27,CANCELED,,
2026-05-29T00:31:03Z,3880722026-05-27,38807,2026-05-27,CANCELED,,
2026-05-29T00:31:03Z,3880712026-05-27,38807,2026-05-27,CANCELED,,
2026-05-29T00:31:03Z,1262312026-05-27,12623,2026-05-27,CANCELED,,
2026-05-29T00:31:03Z,7183312026-05-27,71833,2026-05-27,CANCELED,,
2026-05-29T00:31:03Z,1588212026-05-27,15882,2026-05-27,CANCELED,,
2026-05-29T00:31:03Z,1790762026-05-27,17907,2026-05-27,CANCELED,,
2026-05-29T00:31:03Z,1790742026-05-27,17907,2026-05-27,CANCELED,,
2026-05-29T00:31:03Z,1790752026-05-27,17907,2026-05-27,CANCELED,,
2026-05-29T00:31:03Z,1790712026-05-27,17907,2026-05-27,CANCELED,,
2026-05-29T00:31:03Z,1790732026-05-27,17907,2026-05-27,CANCELED,,
2026-05-29T00:31:03Z,1790722026-05-27,17907,2026-05-27,CANCELED,,
2026-05-29T00:31:03Z,1591812026-05-27,15918,2026-05-27,CANCELED,,
2026-05-29T00:31:03Z,0426112026-05-28,04261,2026-05-28,CANCELED,,
2026-05-29T00:31:03Z,3091812026-05-27,30918,2026-05-27,CANCELED,,
2026-05-29T00:31:03Z,0587112026-05-27,05871,2026-05-27,CANCELED,,
2026-05-29T00:31:03Z,1261112026-05-27,12611,2026-05-27,CANCELED,,
2026-05-29T00:31:03Z,1505512026-05-27,15055,2026-05-27,CANCELED,,
2026-05-29T00:31:03Z,1821612026-05-27,18216,2026-05-27,CANCELED,,
2026-05-29T00:35:52Z,1571012026-05-27,15710,2026-05-27,CANCELED,,
2026-05-29T00:35:52Z,1503212026-05-27,15032,2026-05-27,CANCELED,,
2026-05-29T00:35:52Z,1587012026-05-27,15870,2026-05-27,CANCELED,,
2026-05-29T00:35:52Z,1578412026-05-27,15784,2026-05-27,CANCELED,,
2026-05-29T00:35:52Z,1504612026-05-27,15046,2026-05-27,CANCELED,,
2026-05-29T00:35:52Z,3510612026-05-27,35106,2026-05-27,CANCELED,,
2026-05-29T00:35:52Z,3880722026-05-27,38807,2026-05-27,CANCELED,,
2026-05-29T00:35:52Z,3880712026-05-27,38807,2026-05-27,CANCELED,,
2026-05-29T00:35:52Z,1260812026-05-27,12608,2026-05-27,CANCELED,,
2026-05-29T00:35:52Z,7183312026-05-27,71833,2026-05-27,CANCELED,,
2026-05-29T00:35:52Z,1262312026-05-27,12623,2026-05-27,CANCELED,,
2026-05-29T00:35:52Z,1588212026-05-27,15882,2026-05-27,CANCELED,,
2026-05-29T00:35:52Z,1591812026-05-27,15918,2026-05-27,CANCELED,,
2026-05-29T00:35:52Z,3091812026-05-27,30918,2026-05-27,CANCELED,,
2026-05-29T00:35:52Z,1790762026-05-27,17907,2026-05-27,CANCELED,,
2026-05-29T00:35:52Z,1790742026-05-27,17907,2026-05-27,CANCELED,,
2026-05-29T00:35:52Z,1790752026-05-27,17907,2026-05-27,CANCELED,,
2026-05-29T00:35:52Z,1790712026-05-27,17907,2026-05-27,CANCELED,,
2026-05-29T00:35:52Z,1790732026-05-27,17907,2026-05-27,CANCELED,,
2026-05-29T00:35:52Z,1790722026-05-27,17907,2026-05-27,CANCELED,,
2026-05-29T00:35:52Z,0426112026-05-28,04261,2026-05-28,CANCELED,,
2026-05-29T00:35:52Z,0587112026-05-27,05871,2026-05-27,CANCELED,,
2026-05-29T00:35:52Z,1261112026-05-27,12611,2026-05-27,CANCELED,,
2026-05-29T00:35:52Z,1505512026-05-27,15055,2026-05-27,CANCELED,,
2026-05-29T00:35:52Z,1821612026-05-27,18216,2026-05-27,CANCELED,,
2026-05-29T00:40:52Z,1571012026-05-27,15710,2026-05-27,CANCELED,,
2026-05-29T00:40:52Z,1503212026-05-27,15032,2026-05-27,CANCELED,,
2026-05-29T00:40:52Z,1587012026-05-27,15870,2026-05-27,CANCELED,,
2026-05-29T00:40:52Z,1504612026-05-27,15046,2026-05-27,CANCELED,,
2026-05-29T00:40:52Z,1578412026-05-27,15784,2026-05-27,CANCELED,,
2026-05-29T00:40:52Z,3510612026-05-27,35106,2026-05-27,CANCELED,,
2026-05-29T00:40:52Z,1260812026-05-27,12608,2026-05-27,CANCELED,,
2026-05-29T00:40:52Z,1262312026-05-27,12623,2026-05-27,CANCELED,,
2026-05-29T00:40:52Z,3880722026-05-27,38807,2026-05-27,CANCELED,,
2026-05-29T00:40:52Z,3880712026-05-27,38807,2026-05-27,CANCELED,,
2026-05-29T00:40:52Z,7183312026-05-27,71833,2026-05-27,CANCELED,,
2026-05-29T00:40:52Z,1588212026-05-27,15882,2026-05-27,CANCELED,,
2026-05-29T00:40:52Z,1790762026-05-27,17907,2026-05-27,CANCELED,,
2026-05-29T00:40:52Z,1790742026-05-27,17907,2026-05-27,CANCELED,,
2026-05-29T00:40:52Z,1790752026-05-27,17907,2026-05-27,CANCELED,,
2026-05-29T00:40:52Z,1790712026-05-27,17907,2026-05-27,CANCELED,,
2026-05-29T00:40:52Z,1790732026-05-27,17907,2026-05-27,CANCELED,,
2026-05-29T00:40:52Z,1790722026-05-27,17907,2026-05-27,CANCELED,,
2026-05-29T00:40:52Z,1591812026-05-27,15918,2026-05-27,CANCELED,,
2026-05-29T00:40:52Z,0426112026-05-28,04261,2026-05-28,CANCELED,,
2026-05-29T00:40:52Z,3091812026-05-27,30918,2026-05-27,CANCELED,,
2026-05-29T00:40:52Z,0587112026-05-27,05871,2026-05-27,CANCELED,,
2026-05-29T00:40:52Z,1261112026-05-27,12611,2026-05-27,CANCELED,,
2026-05-29T00:40:52Z,1505512026-05-27,15055,2026-05-27,CANCELED,,
2026-05-29T00:40:52Z,1821612026-05-27,18216,2026-05-27,CANCELED,,
2026-05-29T00:45:59Z,1571012026-05-27,15710,2026-05-27,CANCELED,,
2026-05-29T00:45:59Z,1503212026-05-27,15032,2026-05-27,CANCELED,,
2026-05-29T00:45:59Z,1504612026-05-27,15046,2026-05-27,CANCELED,,
2026-05-29T00:45:59Z,1587012026-05-27,15870,2026-05-27,CANCELED,,
2026-05-29T00:45:59Z,1578412026-05-27,15784,2026-05-27,CANCELED,,
2026-05-29T00:45:59Z,3510612026-05-27,35106,2026-05-27,CANCELED,,
2026-05-29T00:45:59Z,1260812026-05-27,12608,2026-05-27,CANCELED,,
2026-05-29T00:45:59Z,3880722026-05-27,38807,2026-05-27,CANCELED,,
2026-05-29T00:45:59Z,3880712026-05-27,38807,2026-05-27,CANCELED,,
2026-05-29T00:45:59Z,7183312026-05-27,71833,2026-05-27,CANCELED,,
2026-05-29T00:45:59Z,1262312026-05-27,12623,2026-05-27,CANCELED,,
2026-05-29T00:45:59Z,1588212026-05-27,15882,2026-05-27,CANCELED,,
2026-05-29T00:45:59Z,1591812026-05-27,15918,2026-05-27,CANCELED,,
2026-05-29T00:45:59Z,3091812026-05-27,30918,2026-05-27,CANCELED,,
2026-05-29T00:45:59Z,1790762026-05-27,17907,2026-05-27,CANCELED,,
2026-05-29T00:45:59Z,1790742026-05-27,17907,2026-05-27,CANCELED,,
2026-05-29T00:45:59Z,1790752026-05-27,17907,2026-05-27,CANCELED,,
2026-05-29T00:45:59Z,1790712026-05-27,17907,2026-05-27,CANCELED,,
2026-05-29T00:45:59Z,1790732026-05-27,17907,2026-05-27,CANCELED,,
2026-05-29T00:45:59Z,1790722026-05-27,17907,2026-05-27,CANCELED,,
2026-05-29T00:45:59Z,0426112026-05-28,04261,2026-05-28,CANCELED,,
2026-05-29T00:45:59Z,0587112026-05-27,05871,2026-05-27,CANCELED,,
2026-05-29T00:45:59Z,1261112026-05-27,12611,2026-05-27,CANCELED,,
2026-05-29T00:45:59Z,1505512026-05-27,15055,2026-05-27,CANCELED,,
2026-05-29T00:45:59Z,1821612026-05-27,18216,2026-05-27,CANCELED,,
2026-05-29T00:50:51Z,1571012026-05-27,15710,2026-05-27,CANCELED,,
2026-05-29T00:50:51Z,1503212026-05-27,15032,2026-05-27,CANCELED,,
2026-05-29T00:50:51Z,1587012026-05-27,15870,2026-05-27,CANCELED,,
2026-05-29T00:50:51Z,1504612026-05-27,15046,2026-05-27,CANCELED,,
2026-05-29T00:50:51Z,1578412026-05-27,15784,2026-05-27,CANCELED,,
2026-05-29T00:50:51Z,3510612026-05-27,35106,2026-05-27,CANCELED,,
2026-05-29T00:50:51Z,1260812026-05-27,12608,2026-05-27,CANCELED,,
2026-05-29T00:50:51Z,3880722026-05-27,38807,2026-05-27,CANCELED,,
2026-05-29T00:50:51Z,3880712026-05-27,38807,2026-05-27,CANCELED,,
2026-05-29T00:50:51Z,1262312026-05-27,12623,2026-05-27,CANCELED,,
2026-05-29T00:50:51Z,7183312026-05-27,71833,2026-05-27,CANCELED,,
2026-05-29T00:50:51Z,1588212026-05-27,15882,2026-05-27,CANCELED,,
2026-05-29T00:50:51Z,1591812026-05-27,15918,2026-05-27,CANCELED,,
2026-05-29T00:50:51Z,1790762026-05-27,17907,2026-05-27,CANCELED,,
2026-05-29T00:50:51Z,1790742026-05-27,17907,2026-05-27,CANCELED,,
2026-05-29T00:50:51Z,1790752026-05-27,17907,2026-05-27,CANCELED,,
2026-05-29T00:50:51Z,1790712026-05-27,17907,2026-05-27,CANCELED,,
2026-05-29T00:50:51Z,1790732026-05-27,17907,2026-05-27,CANCELED,,
2026-05-29T00:50:51Z,1790722026-05-27,17907,2026-05-27,CANCELED,,
2026-05-29T00:50:51Z,3091812026-05-27,30918,2026-05-27,CANCELED,,
2026-05-29T00:50:51Z,0426112026-05-28,04261,2026-05-28,CANCELED,,
2026-05-29T00:50:51Z,0587112026-05-27,05871,2026-05-27,CANCELED,,
2026-05-29T00:50:51Z,1261112026-05-27,12611,2026-05-27,CANCELED,,
2026-05-29T00:50:51Z,1505512026-05-27,15055,2026-05-27,CANCELED,,
2026-05-29T00:50:51Z,1821612026-05-27,18216,2026-05-27,CANCELED,,
2026-05-29T00:55:49Z,1571012026-05-27,15710,2026-05-27,CANCELED,,
2026-05-29T00:55:49Z,1503212026-05-27,15032,2026-05-27,CANCELED,,
2026-05-29T00:55:49Z,1587012026-05-27,15870,2026-05-27,CANCELED,,
2026-05-29T00:55:49Z,1504612026-05-27,15046,2026-05-27,CANCELED,,
2026-05-29T00:55:49Z,1578412026-05-27,15784,2026-05-27,CANCELED,,
2026-05-29T00:55:49Z,3510612026-05-27,35106,2026-05-27,CANCELED,,
2026-05-29T00:55:49Z,1260812026-05-27,12608,2026-05-27,CANCELED,,
2026-05-29T00:55:49Z,3880722026-05-27,38807,2026-05-27,CANCELED,,
2026-05-29T00:55:49Z,3880712026-05-27,38807,2026-05-27,CANCELED,,
2026-05-29T00:55:49Z,1262312026-05-27,12623,2026-05-27,CANCELED,,
2026-05-29T00:55:49Z,7183312026-05-27,71833,2026-05-27,CANCELED,,
2026-05-29T00:55:49Z,1588212026-05-27,15882,2026-05-27,CANCELED,,
2026-05-29T00:55:49Z,1591812026-05-27,15918,2026-05-27,CANCELED,,
2026-05-29T00:55:49Z,1790762026-05-27,17907,2026-05-27,CANCELED,,
2026-05-29T00:55:49Z,1790742026-05-27,17907,2026-05-27,CANCELED,,
2026-05-29T00:55:49Z,1790752026-05-27,17907,2026-05-27,CANCELED,,
2026-05-29T00:55:49Z,1790712026-05-27,17907,2026-05-27,CANCELED,,
2026-05-29T00:55:49Z,1790732026-05-27,17907,2026-05-27,CANCELED,,
2026-05-29T00:55:49Z,1790722026-05-27,17907,2026-05-27,CANCELED,,
2026-05-29T00:55:49Z,3091812026-05-27,30918,2026-05-27,CANCELED,,
2026-05-29T00:55:49Z,0426112026-05-28,04261,2026-05-28,CANCELED,,
2026-05-29T00:55:49Z,0587112026-05-27,05871,2026-05-27,CANCELED,,
2026-05-29T00:55:49Z,1261112026-05-27,12611,2026-05-27,CANCELED,,
2026-05-29T00:55:49Z,1505512026-05-27,15055,2026-05-27,CANCELED,,
2026-05-29T00:55:49Z,1821612026-05-27,18216,2026-05-27,CANCELED,,
2026-05-29T01:01:11Z,1571012026-05-27,15710,2026-05-27,CANCELED,,
2026-05-29T01:01:11Z,1503212026-05-27,15032,2026-05-27,CANCELED,,
2026-05-29T01:01:11Z,1587012026-05-27,15870,2026-05-27,CANCELED,,
2026-05-29T01:01:11Z,1504612026-05-27,15046,2026-05-27,CANCELED,,
2026-05-29T01:01:11Z,3510612026-05-27,35106,2026-05-27,CANCELED,,
2026-05-29T01:01:11Z,1578412026-05-27,15784,2026-05-27,CANCELED,,
2026-05-29T01:01:11Z,1260812026-05-27,12608,2026-05-27,CANCELED,,
2026-05-29T01:01:11Z,3880722026-05-27,38807,2026-05-27,CANCELED,,
2026-05-29T01:01:11Z,3880712026-05-27,38807,2026-05-27,CANCELED,,
2026-05-29T01:01:11Z,1262312026-05-27,12623,2026-05-27,CANCELED,,
2026-05-29T01:01:11Z,7183312026-05-27,71833,2026-05-27,CANCELED,,
2026-05-29T01:01:11Z,1588212026-05-27,15882,2026-05-27,CANCELED,,
2026-05-29T01:01:11Z,1591812026-05-27,15918,2026-05-27,CANCELED,,
2026-05-29T01:01:11Z,1790762026-05-27,17907,2026-05-27,CANCELED,,
2026-05-29T01:01:11Z,1790742026-05-27,17907,2026-05-27,CANCELED,,
2026-05-29T01:01:11Z,1790752026-05-27,17907,2026-05-27,CANCELED,,
2026-05-29T01:01:11Z,1790712026-05-27,17907,2026-05-27,CANCELED,,
2026-05-29T01:01:11Z,1790732026-05-27,17907,2026-05-27,CANCELED,,
2026-05-29T01:01:11Z,1790722026-05-27,17907,2026-05-27,CANCELED,,
2026-05-29T01:01:11Z,3091812026-05-27,30918,2026-05-27,CANCELED,,
2026-05-29T01:01:11Z,0426112026-05-28,04261,2026-05-28,CANCELED,,
2026-05-29T01:01:11Z,0587112026-05-27,05871,2026-05-27,CANCELED,,
2026-05-29T01:01:11Z,1261112026-05-27,12611,2026-05-27,CANCELED,,
2026-05-29T01:01:11Z,1505512026-05-27,15055,2026-05-27,CANCELED,,
2026-05-29T01:01:11Z,1821612026-05-27,18216,2026-05-27,CANCELED,,
2026-05-29T01:05:49Z,1503212026-05-27,15032,2026-05-27,CANCELED,,
2026-05-29T01:05:49Z,1571012026-05-27,15710,2026-05-27,CANCELED,,
2026-05-29T01:05:49Z,1504612026-05-27,15046,2026-05-27,CANCELED,,
2026-05-29T01:05:49Z,1587012026-05-27,15870,2026-05-27,CANCELED,,
2026-05-29T01:05:49Z,1578412026-05-27,15784,2026-05-27,CANCELED,,
2026-05-29T01:05:49Z,3510612026-05-27,35106,2026-05-27,CANCELED,,
2026-05-29T01:05:49Z,1260812026-05-27,12608,2026-05-27,CANCELED,,
2026-05-29T01:05:49Z,3880722026-05-27,38807,2026-05-27,CANCELED,,
2026-05-29T01:05:49Z,3880712026-05-27,38807,2026-05-27,CANCELED,,
2026-05-29T01:05:49Z,1262312026-05-27,12623,2026-05-27,CANCELED,,
2026-05-29T01:05:49Z,7183312026-05-27,71833,2026-05-27,CANCELED,,
2026-05-29T01:05:49Z,1588212026-05-27,15882,2026-05-27,CANCELED,,
2026-05-29T01:05:49Z,1591812026-05-27,15918,2026-05-27,CANCELED,,
2026-05-29T01:05:49Z,1790762026-05-27,17907,2026-05-27,CANCELED,,
2026-05-29T01:05:49Z,1790742026-05-27,17907,2026-05-27,CANCELED,,
2026-05-29T01:05:49Z,1790752026-05-27,17907,2026-05-27,CANCELED,,
2026-05-29T01:05:49Z,1790712026-05-27,17907,2026-05-27,CANCELED,,
2026-05-29T01:05:49Z,1790732026-05-27,17907,2026-05-27,CANCELED,,
2026-05-29T01:05:49Z,1790722026-05-27,17907,2026-05-27,CANCELED,,
2026-05-29T01:05:49Z,3091812026-05-27,30918,2026-05-27,CANCELED,,
2026-05-29T01:05:49Z,0426112026-05-28,04261,2026-05-28,CANCELED,,
2026-05-29T01:05:49Z,0587112026-05-27,05871,2026-05-27,CANCELED,,
2026-05-29T01:05:49Z,1261112026-05-27,12611,2026-05-27,CANCELED,,
2026-05-29T01:05:49Z,1505512026-05-27,15055,2026-05-27,CANCELED,,
2026-05-29T01:05:49Z,1821612026-05-27,18216,2026-05-27,CANCELED,,
2026-05-29T01:10:53Z,1503212026-05-27,15032,2026-05-27,CANCELED,,
2026-05-29T01:10:53Z,1571012026-05-27,15710,2026-05-27,CANCELED,,
2026-05-29T01:10:53Z,1504612026-05-27,15046,2026-05-27,CANCELED,,
2026-05-29T01:10:53Z,1587012026-05-27,15870,2026-05-27,CANCELED,,
2026-05-29T01:10:53Z,1578412026-05-27,15784,2026-05-27,CANCELED,,
2026-05-29T01:10:53Z,3510612026-05-27,35106,2026-05-27,CANCELED,,
2026-05-29T01:10:53Z,1260812026-05-27,12608,2026-05-27,CANCELED,,
2026-05-29T01:10:53Z,3880722026-05-27,38807,2026-05-27,CANCELED,,
2026-05-29T01:10:53Z,3880712026-05-27,38807,2026-05-27,CANCELED,,
2026-05-29T01:10:53Z,1262312026-05-27,12623,2026-05-27,CANCELED,,
2026-05-29T01:10:53Z,7183312026-05-27,71833,2026-05-27,CANCELED,,
2026-05-29T01:10:53Z,1588212026-05-27,15882,2026-05-27,CANCELED,,
2026-05-29T01:10:53Z,1591812026-05-27,15918,2026-05-27,CANCELED,,
2026-05-29T01:10:53Z,1790762026-05-27,17907,2026-05-27,CANCELED,,
2026-05-29T01:10:53Z,1790742026-05-27,17907,2026-05-27,CANCELED,,
2026-05-29T01:10:53Z,1790752026-05-27,17907,2026-05-27,CANCELED,,
2026-05-29T01:10:53Z,1790712026-05-27,17907,2026-05-27,CANCELED,,
2026-05-29T01:10:53Z,1790732026-05-27,17907,2026-05-27,CANCELED,,
2026-05-29T01:10:53Z,1790722026-05-27,17907,2026-05-27,CANCELED,,
2026-05-29T01:10:53Z,0426112026-05-28,04261,2026-05-28,CANCELED,,
2026-05-29T01:10:53Z,3091812026-05-27,30918,2026-05-27,CANCELED,,
2026-05-29T01:10:53Z,0587112026-05-27,05871,2026-05-27,CANCELED,,
2026-05-29T01:10:53Z,1261112026-05-27,12611,2026-05-27,CANCELED,,
2026-05-29T01:10:53Z,1505512026-05-27,15055,2026-05-27,CANCELED,,
2026-05-29T01:10:53Z,1821612026-05-27,18216,2026-05-27,CANCELED,,
2026-05-29T01:15:55Z,1571012026-05-27,15710,2026-05-27,CANCELED,,
2026-05-29T01:15:55Z,1503212026-05-27,15032,2026-05-27,CANCELED,,
2026-05-29T01:15:55Z,1587012026-05-27,15870,2026-05-27,CANCELED,,
2026-05-29T01:15:55Z,1504612026-05-27,15046,2026-05-27,CANCELED,,
2026-05-29T01:15:55Z,1578412026-05-27,15784,2026-05-27,CANCELED,,
2026-05-29T01:15:55Z,3510612026-05-27,35106,2026-05-27,CANCELED,,
2026-05-29T01:15:55Z,1260812026-05-27,12608,2026-05-27,CANCELED,,
2026-05-29T01:15:55Z,3880722026-05-27,38807,2026-05-27,CANCELED,,
2026-05-29T01:15:55Z,3880712026-05-27,38807,2026-05-27,CANCELED,,
2026-05-29T01:15:55Z,1262312026-05-27,12623,2026-05-27,CANCELED,,
2026-05-29T01:15:55Z,7183312026-05-27,71833,2026-05-27,CANCELED,,
2026-05-29T01:15:55Z,1588212026-05-27,15882,2026-05-27,CANCELED,,
2026-05-29T01:15:55Z,1790762026-05-27,17907,2026-05-27,CANCELED,,
2026-05-29T01:15:55Z,1790742026-05-27,17907,2026-05-27,CANCELED,,
2026-05-29T01:15:55Z,1790752026-05-27,17907,2026-05-27,CANCELED,,
2026-05-29T01:15:55Z,1790712026-05-27,17907,2026-05-27,CANCELED,,
2026-05-29T01:15:55Z,1790732026-05-27,17907,2026-05-27,CANCELED,,
2026-05-29T01:15:55Z,1790722026-05-27,17907,2026-05-27,CANCELED,,
2026-05-29T01:15:55Z,1591812026-05-27,15918,2026-05-27,CANCELED,,
2026-05-29T01:15:55Z,3091812026-05-27,30918,2026-05-27,CANCELED,,
2026-05-29T01:15:55Z,0426112026-05-28,04261,2026-05-28,CANCELED,,
2026-05-29T01:15:55Z,0587112026-05-27,05871,2026-05-27,CANCELED,,
2026-05-29T01:15:55Z,1261112026-05-27,12611,2026-05-27,CANCELED,,
2026-05-29T01:15:55Z,1505512026-05-27,15055,2026-05-27,CANCELED,,
2026-05-29T01:15:55Z,1821612026-05-27,18216,2026-05-27,CANCELED,,
2026-05-29T01:20:53Z,1571012026-05-27,15710,2026-05-27,CANCELED,,
2026-05-29T01:20:53Z,1503212026-05-27,15032,2026-05-27,CANCELED,,
2026-05-29T01:20:53Z,1587012026-05-27,15870,2026-05-27,CANCELED,,
2026-05-29T01:20:53Z,1504612026-05-27,15046,2026-05-27,CANCELED,,
2026-05-29T01:20:53Z,3510612026-05-27,35106,2026-05-27,CANCELED,,
2026-05-29T01:20:53Z,1578412026-05-27,15784,2026-05-27,CANCELED,,
2026-05-29T01:20:53Z,1260812026-05-27,12608,2026-05-27,CANCELED,,
2026-05-29T01:20:53Z,3880722026-05-27,38807,2026-05-27,CANCELED,,
2026-05-29T01:20:53Z,3880712026-05-27,38807,2026-05-27,CANCELED,,
2026-05-29T01:20:53Z,1262312026-05-27,12623,2026-05-27,CANCELED,,
2026-05-29T01:20:53Z,7183312026-05-27,71833,2026-05-27,CANCELED,,
2026-05-29T01:20:53Z,1588212026-05-27,15882,2026-05-27,CANCELED,,
2026-05-29T01:20:53Z,1790762026-05-27,17907,2026-05-27,CANCELED,,
2026-05-29T01:20:53Z,1790742026-05-27,17907,2026-05-27,CANCELED,,
2026-05-29T01:20:53Z,1790752026-05-27,17907,2026-05-27,CANCELED,,
2026-05-29T01:20:53Z,1790712026-05-27,17907,2026-05-27,CANCELED,,
2026-05-29T01:20:53Z,1790732026-05-27,17907,2026-05-27,CANCELED,,
2026-05-29T01:20:53Z,1790722026-05-27,17907,2026-05-27,CANCELED,,
2026-05-29T01:20:53Z,0426112026-05-28,04261,2026-05-28,CANCELED,,
2026-05-29T01:20:53Z,1591812026-05-27,15918,2026-05-27,CANCELED,,
2026-05-29T01:20:53Z,0587112026-05-27,05871,2026-05-27,CANCELED,,
2026-05-29T01:20:53Z,3091812026-05-27,30918,2026-05-27,CANCELED,,
2026-05-29T01:20:53Z,1261112026-05-27,12611,2026-05-27,CANCELED,,
2026-05-29T01:20:53Z,1505512026-05-27,15055,2026-05-27,CANCELED,,
2026-05-29T01:20:53Z,1821612026-05-27,18216,2026-05-27,CANCELED,,
2026-05-29T01:25:49Z,1503212026-05-27,15032,2026-05-27,CANCELED,,
2026-05-29T01:25:49Z,1571012026-05-27,15710,2026-05-27,CANCELED,,
2026-05-29T01:25:49Z,1504612026-05-27,15046,2026-05-27,CANCELED,,
2026-05-29T01:25:49Z,1587012026-05-27,15870,2026-05-27,CANCELED,,
2026-05-29T01:25:49Z,3510612026-05-27,35106,2026-05-27,CANCELED,,
2026-05-29T01:25:49Z,1578412026-05-27,15784,2026-05-27,CANCELED,,
2026-05-29T01:25:49Z,1260812026-05-27,12608,2026-05-27,CANCELED,,
2026-05-29T01:25:49Z,3880722026-05-27,38807,2026-05-27,CANCELED,,
2026-05-29T01:25:49Z,3880712026-05-27,38807,2026-05-27,CANCELED,,
2026-05-29T01:25:49Z,1262312026-05-27,12623,2026-05-27,CANCELED,,
2026-05-29T01:25:49Z,7183312026-05-27,71833,2026-05-27,CANCELED,,
2026-05-29T01:25:49Z,1588212026-05-27,15882,2026-05-27,CANCELED,,
2026-05-29T01:25:49Z,1790762026-05-27,17907,2026-05-27,CANCELED,,
2026-05-29T01:25:49Z,1790742026-05-27,17907,2026-05-27,CANCELED,,
2026-05-29T01:25:49Z,1790752026-05-27,17907,2026-05-27,CANCELED,,
2026-05-29T01:25:49Z,1790712026-05-27,17907,2026-05-27,CANCELED,,
2026-05-29T01:25:49Z,1790732026-05-27,17907,2026-05-27,CANCELED,,
2026-05-29T01:25:49Z,1790722026-05-27,17907,2026-05-27,CANCELED,,
2026-05-29T01:25:49Z,1591812026-05-27,15918,2026-05-27,CANCELED,,
2026-05-29T01:25:49Z,0426112026-05-28,04261,2026-05-28,CANCELED,,
2026-05-29T01:25:49Z,3091812026-05-27,30918,2026-05-27,CANCELED,,
2026-05-29T01:25:49Z,0587112026-05-27,05871,2026-05-27,CANCELED,,
2026-05-29T01:25:49Z,1261112026-05-27,12611,2026-05-27,CANCELED,,
2026-05-29T01:25:49Z,1505512026-05-27,15055,2026-05-27,CANCELED,,
2026-05-29T01:25:49Z,1821612026-05-27,18216,2026-05-27,CANCELED,,
2026-05-29T01:31:02Z,1571012026-05-27,15710,2026-05-27,CANCELED,,
2026-05-29T01:31:02Z,1503212026-05-27,15032,2026-05-27,CANCELED,,
2026-05-29T01:31:02Z,1504612026-05-27,15046,2026-05-27,CANCELED,,
2026-05-29T01:31:02Z,1587012026-05-27,15870,2026-05-27,CANCELED,,
2026-05-29T01:31:02Z,1578412026-05-27,15784,2026-05-27,CANCELED,,
2026-05-29T01:31:02Z,3510612026-05-27,35106,2026-05-27,CANCELED,,
2026-05-29T01:31:02Z,1260812026-05-27,12608,2026-05-27,CANCELED,,
2026-05-29T01:31:02Z,3880722026-05-27,38807,2026-05-27,CANCELED,,
2026-05-29T01:31:02Z,3880712026-05-27,38807,2026-05-27,CANCELED,,
2026-05-29T01:31:02Z,1262312026-05-27,12623,2026-05-27,CANCELED,,
2026-05-29T01:31:02Z,7183312026-05-27,71833,2026-05-27,CANCELED,,
2026-05-29T01:31:02Z,1588212026-05-27,15882,2026-05-27,CANCELED,,
2026-05-29T01:31:02Z,1591812026-05-27,15918,2026-05-27,CANCELED,,
2026-05-29T01:31:02Z,1790762026-05-27,17907,2026-05-27,CANCELED,,
2026-05-29T01:31:02Z,1790742026-05-27,17907,2026-05-27,CANCELED,,
2026-05-29T01:31:02Z,1790752026-05-27,17907,2026-05-27,CANCELED,,
2026-05-29T01:31:02Z,1790712026-05-27,17907,2026-05-27,CANCELED,,
2026-05-29T01:31:02Z,1790732026-05-27,17907,2026-05-27,CANCELED,,
2026-05-29T01:31:02Z,1790722026-05-27,17907,2026-05-27,CANCELED,,
2026-05-29T01:31:02Z,3091812026-05-27,30918,2026-05-27,CANCELED,,
2026-05-29T01:31:02Z,0426112026-05-28,04261,2026-05-28,CANCELED,,
2026-05-29T01:31:02Z,0587112026-05-27,05871,2026-05-27,CANCELED,,
2026-05-29T01:31:02Z,1261112026-05-27,12611,2026-05-27,CANCELED,,
2026-05-29T01:31:02Z,1505512026-05-27,15055,2026-05-27,CANCELED,,
2026-05-29T01:31:02Z,1821612026-05-27,18216,2026-05-27,CANCELED,,
2026-05-29T01:35:49Z,1571012026-05-27,15710,2026-05-27,CANCELED,,
2026-05-29T01:35:49Z,1503212026-05-27,15032,2026-05-27,CANCELED,,
2026-05-29T01:35:49Z,1587012026-05-27,15870,2026-05-27,CANCELED,,
2026-05-29T01:35:49Z,1504612026-05-27,15046,2026-05-27,CANCELED,,
2026-05-29T01:35:49Z,1578412026-05-27,15784,2026-05-27,CANCELED,,
2026-05-29T01:35:49Z,3510612026-05-27,35106,2026-05-27,CANCELED,,
2026-05-29T01:35:49Z,1260812026-05-27,12608,2026-05-27,CANCELED,,
2026-05-29T01:35:49Z,3880722026-05-27,38807,2026-05-27,CANCELED,,
2026-05-29T01:35:49Z,3880712026-05-27,38807,2026-05-27,CANCELED,,
2026-05-29T01:35:49Z,1262312026-05-27,12623,2026-05-27,CANCELED,,
2026-05-29T01:35:49Z,7183312026-05-27,71833,2026-05-27,CANCELED,,
2026-05-29T01:35:49Z,1588212026-05-27,15882,2026-05-27,CANCELED,,
2026-05-29T01:35:49Z,1790762026-05-27,17907,2026-05-27,CANCELED,,
2026-05-29T01:35:49Z,1790742026-05-27,17907,2026-05-27,CANCELED,,
2026-05-29T01:35:49Z,1790752026-05-27,17907,2026-05-27,CANCELED,,
2026-05-29T01:35:49Z,1790712026-05-27,17907,2026-05-27,CANCELED,,
2026-05-29T01:35:49Z,1790732026-05-27,17907,2026-05-27,CANCELED,,
2026-05-29T01:35:49Z,1790722026-05-27,17907,2026-05-27,CANCELED,,
2026-05-29T01:35:49Z,1591812026-05-27,15918,2026-05-27,CANCELED,,
2026-05-29T01:35:49Z,0426112026-05-28,04261,2026-05-28,CANCELED,,
2026-05-29T01:35:49Z,3091812026-05-27,30918,2026-05-27,CANCELED,,
2026-05-29T01:35:49Z,0587112026-05-27,05871,2026-05-27,CANCELED,,
2026-05-29T01:35:49Z,1261112026-05-27,12611,2026-05-27,CANCELED,,
2026-05-29T01:35:49Z,1505512026-05-27,15055,2026-05-27,CANCELED,,
2026-05-29T01:35:49Z,1821612026-05-27,18216,2026-05-27,CANCELED,,
2026-05-29T01:40:53Z,1571012026-05-27,15710,2026-05-27,CANCELED,,
2026-05-29T01:40:53Z,1503212026-05-27,15032,2026-05-27,CANCELED,,
2026-05-29T01:40:53Z,1587012026-05-27,15870,2026-05-27,CANCELED,,
2026-05-29T01:40:53Z,1504612026-05-27,15046,2026-05-27,CANCELED,,
2026-05-29T01:40:53Z,1578412026-05-27,15784,2026-05-27,CANCELED,,
2026-05-29T01:40:53Z,3510612026-05-27,35106,2026-05-27,CANCELED,,
2026-05-29T01:40:53Z,3880722026-05-27,38807,2026-05-27,CANCELED,,
2026-05-29T01:40:53Z,3880712026-05-27,38807,2026-05-27,CANCELED,,
2026-05-29T01:40:53Z,1260812026-05-27,12608,2026-05-27,CANCELED,,
2026-05-29T01:40:53Z,1262312026-05-27,12623,2026-05-27,CANCELED,,
2026-05-29T01:40:53Z,7183312026-05-27,71833,2026-05-27,CANCELED,,
2026-05-29T01:40:53Z,1588212026-05-27,15882,2026-05-27,CANCELED,,
2026-05-29T01:40:53Z,1591812026-05-27,15918,2026-05-27,CANCELED,,
2026-05-29T01:40:53Z,1790762026-05-27,17907,2026-05-27,CANCELED,,
2026-05-29T01:40:53Z,1790742026-05-27,17907,2026-05-27,CANCELED,,
2026-05-29T01:40:53Z,1790752026-05-27,17907,2026-05-27,CANCELED,,
2026-05-29T01:40:53Z,1790712026-05-27,17907,2026-05-27,CANCELED,,
2026-05-29T01:40:53Z,1790732026-05-27,17907,2026-05-27,CANCELED,,
2026-05-29T01:40:53Z,1790722026-05-27,17907,2026-05-27,CANCELED,,
2026-05-29T01:40:53Z,3091812026-05-27,30918,2026-05-27,CANCELED,,
2026-05-29T01:40:53Z,0426112026-05-28,04261,2026-05-28,CANCELED,,
2026-05-29T01:40:53Z,0587112026-05-27,05871,2026-05-27,CANCELED,,
2026-05-29T01:40:53Z,1261112026-05-27,12611,2026-05-27,CANCELED,,
2026-05-29T01:40:53Z,1505512026-05-27,15055,2026-05-27,CANCELED,,
2026-05-29T01:40:53Z,1821612026-05-27,18216,2026-05-27,CANCELED,,
2026-05-29T01:45:53Z,1571012026-05-27,15710,2026-05-27,CANCELED,,
2026-05-29T01:45:53Z,1503212026-05-27,15032,2026-05-27,CANCELED,,
2026-05-29T01:45:53Z,1587012026-05-27,15870,2026-05-27,CANCELED,,
2026-05-29T01:45:53Z,1504612026-05-27,15046,2026-05-27,CANCELED,,
2026-05-29T01:45:53Z,3510612026-05-27,35106,2026-05-27,CANCELED,,
2026-05-29T01:45:53Z,1578412026-05-27,15784,2026-05-27,CANCELED,,
2026-05-29T01:45:53Z,1260812026-05-27,12608,2026-05-27,CANCELED,,
2026-05-29T01:45:53Z,3880722026-05-27,38807,2026-05-27,CANCELED,,
2026-05-29T01:45:53Z,3880712026-05-27,38807,2026-05-27,CANCELED,,
2026-05-29T01:45:53Z,1262312026-05-27,12623,2026-05-27,CANCELED,,
2026-05-29T01:45:53Z,7183312026-05-27,71833,2026-05-27,CANCELED,,
2026-05-29T01:45:53Z,1588212026-05-27,15882,2026-05-27,CANCELED,,
2026-05-29T01:45:53Z,1790762026-05-27,17907,2026-05-27,CANCELED,,
2026-05-29T01:45:53Z,1790742026-05-27,17907,2026-05-27,CANCELED,,
2026-05-29T01:45:53Z,1790752026-05-27,17907,2026-05-27,CANCELED,,
2026-05-29T01:45:53Z,1790712026-05-27,17907,2026-05-27,CANCELED,,
2026-05-29T01:45:53Z,1790732026-05-27,17907,2026-05-27,CANCELED,,
2026-05-29T01:45:53Z,1790722026-05-27,17907,2026-05-27,CANCELED,,
2026-05-29T01:45:53Z,1591812026-05-27,15918,2026-05-27,CANCELED,,
2026-05-29T01:45:53Z,3091812026-05-27,30918,2026-05-27,CANCELED,,
2026-05-29T01:45:53Z,0426112026-05-28,04261,2026-05-28,CANCELED,,
2026-05-29T01:45:53Z,0587112026-05-27,05871,2026-05-27,CANCELED,,
2026-05-29T01:45:53Z,1261112026-05-27,12611,2026-05-27,CANCELED,,
2026-05-29T01:45:53Z,1505512026-05-27,15055,2026-05-27,CANCELED,,
2026-05-29T01:45:53Z,1821612026-05-27,18216,2026-05-27,CANCELED,,
2026-05-29T01:50:50Z,1571012026-05-27,15710,2026-05-27,CANCELED,,
2026-05-29T01:50:50Z,1503212026-05-27,15032,2026-05-27,CANCELED,,
2026-05-29T01:50:50Z,1587012026-05-27,15870,2026-05-27,CANCELED,,
2026-05-29T01:50:50Z,1504612026-05-27,15046,2026-05-27,CANCELED,,
2026-05-29T01:50:50Z,1578412026-05-27,15784,2026-05-27,CANCELED,,
2026-05-29T01:50:50Z,3510612026-05-27,35106,2026-05-27,CANCELED,,
2026-05-29T01:50:50Z,1260812026-05-27,12608,2026-05-27,CANCELED,,
2026-05-29T01:50:50Z,3880722026-05-27,38807,2026-05-27,CANCELED,,
2026-05-29T01:50:50Z,3880712026-05-27,38807,2026-05-27,CANCELED,,
2026-05-29T01:50:50Z,1262312026-05-27,12623,2026-05-27,CANCELED,,
2026-05-29T01:50:50Z,7183312026-05-27,71833,2026-05-27,CANCELED,,
2026-05-29T01:50:50Z,1588212026-05-27,15882,2026-05-27,CANCELED,,
2026-05-29T01:50:50Z,1591812026-05-27,15918,2026-05-27,CANCELED,,
2026-05-29T01:50:50Z,3091812026-05-27,30918,2026-05-27,CANCELED,,
2026-05-29T01:50:50Z,1790762026-05-27,17907,2026-05-27,CANCELED,,
2026-05-29T01:50:50Z,1790742026-05-27,17907,2026-05-27,CANCELED,,
2026-05-29T01:50:50Z,1790752026-05-27,17907,2026-05-27,CANCELED,,
2026-05-29T01:50:50Z,1790712026-05-27,17907,2026-05-27,CANCELED,,
2026-05-29T01:50:50Z,1790732026-05-27,17907,2026-05-27,CANCELED,,
2026-05-29T01:50:50Z,1790722026-05-27,17907,2026-05-27,CANCELED,,
2026-05-29T01:50:50Z,0426112026-05-28,04261,2026-05-28,CANCELED,,
2026-05-29T01:50:50Z,0587112026-05-27,05871,2026-05-27,CANCELED,,
2026-05-29T01:50:50Z,1261112026-05-27,12611,2026-05-27,CANCELED,,
2026-05-29T01:50:50Z,1505512026-05-27,15055,2026-05-27,CANCELED,,
2026-05-29T01:50:50Z,1821612026-05-27,18216,2026-05-27,CANCELED,,
2026-05-29T01:55:48Z,1503212026-05-27,15032,2026-05-27,CANCELED,,
2026-05-29T01:55:48Z,3880722026-05-27,38807,2026-05-27,CANCELED,,
2026-05-29T01:55:48Z,3880712026-05-27,38807,2026-05-27,CANCELED,,
2026-05-29T01:55:48Z,1260812026-05-27,12608,2026-05-27,CANCELED,,
2026-05-29T01:55:48Z,7183312026-05-27,71833,2026-05-27,CANCELED,,
2026-05-29T01:55:48Z,1262312026-05-27,12623,2026-05-27,CANCELED,,
2026-05-29T01:55:48Z,1578412026-05-27,15784,2026-05-27,CANCELED,,
2026-05-29T01:55:48Z,1588212026-05-27,15882,2026-05-27,CANCELED,,
2026-05-29T01:55:48Z,1591812026-05-27,15918,2026-05-27,CANCELED,,
2026-05-29T01:55:48Z,1790762026-05-27,17907,2026-05-27,CANCELED,,
2026-05-29T01:55:48Z,1790742026-05-27,17907,2026-05-27,CANCELED,,
2026-05-29T01:55:48Z,1790752026-05-27,17907,2026-05-27,CANCELED,,
2026-05-29T01:55:48Z,1790712026-05-27,17907,2026-05-27,CANCELED,,
2026-05-29T01:55:48Z,1790732026-05-27,17907,2026-05-27,CANCELED,,
2026-05-29T01:55:48Z,1790722026-05-27,17907,2026-05-27,CANCELED,,
2026-05-29T01:55:48Z,3091812026-05-27,30918,2026-05-27,CANCELED,,
2026-05-29T01:55:48Z,0426112026-05-28,04261,2026-05-28,CANCELED,,
2026-05-29T01:55:48Z,0587112026-05-27,05871,2026-05-27,CANCELED,,
2026-05-29T01:55:48Z,1261112026-05-27,12611,2026-05-27,CANCELED,,
2026-05-29T01:55:48Z,1821612026-05-27,18216,2026-05-27,CANCELED,,
2026-05-29T01:57:57Z,1821612026-05-27,18216,2026-05-27,CANCELED,,
2026-05-29T01:57:57Z,1262312026-05-27,12623,2026-05-27,CANCELED,,
2026-05-29T01:57:57Z,1503212026-05-27,15032,2026-05-27,CANCELED,,
2026-05-29T01:57:57Z,1260812026-05-27,12608,2026-05-27,CANCELED,,
2026-05-29T01:57:57Z,0426112026-05-28,04261,2026-05-28,CANCELED,,
2026-05-29T01:57:57Z,1790762026-05-27,17907,2026-05-27,CANCELED,,
2026-05-29T01:57:57Z,1790742026-05-27,17907,2026-05-27,CANCELED,,
2026-05-29T01:57:57Z,1790752026-05-27,17907,2026-05-27,CANCELED,,
2026-05-29T01:57:57Z,1790712026-05-27,17907,2026-05-27,CANCELED,,
2026-05-29T01:57:57Z,1790732026-05-27,17907,2026-05-27,CANCELED,,
2026-05-29T01:57:57Z,1790722026-05-27,17907,2026-05-27,CANCELED,,
2026-05-29T01:57:57Z,0587112026-05-27,05871,2026-05-27,CANCELED,,
2026-05-29T01:57:57Z,1261112026-05-27,12611,2026-05-27,CANCELED,,
2026-05-29T01:57:57Z,3880722026-05-27,38807,2026-05-27,CANCELED,,
2026-05-29T01:57:57Z,3880712026-05-27,38807,2026-05-27,CANCELED,,
2026-05-29T01:57:57Z,7183312026-05-27,71833,2026-05-27,CANCELED,,
2026-05-29T02:01:10Z,1262312026-05-27,12623,2026-05-27,CANCELED,,
2026-05-29T02:01:10Z,1821612026-05-27,18216,2026-05-27,CANCELED,,
2026-05-29T02:01:10Z,1503212026-05-27,15032,2026-05-27,CANCELED,,
2026-05-29T02:01:10Z,1260812026-05-27,12608,2026-05-27,CANCELED,,
2026-05-29T02:01:10Z,0426112026-05-28,04261,2026-05-28,CANCELED,,
2026-05-29T02:01:10Z,1790762026-05-27,17907,2026-05-27,CANCELED,,
2026-05-29T02:01:10Z,1790742026-05-27,17907,2026-05-27,CANCELED,,
2026-05-29T02:01:10Z,1790752026-05-27,17907,2026-05-27,CANCELED,,
2026-05-29T02:01:10Z,1790712026-05-27,17907,2026-05-27,CANCELED,,
2026-05-29T02:01:10Z,1790732026-05-27,17907,2026-05-27,CANCELED,,
2026-05-29T02:01:10Z,1790722026-05-27,17907,2026-05-27,CANCELED,,
2026-05-29T02:01:10Z,0587112026-05-27,05871,2026-05-27,CANCELED,,
2026-05-29T02:01:10Z,1261112026-05-27,12611,2026-05-27,CANCELED,,
2026-05-29T02:01:10Z,3880722026-05-27,38807,2026-05-27,CANCELED,,
2026-05-29T02:01:10Z,3880712026-05-27,38807,2026-05-27,CANCELED,,
2026-05-29T02:01:10Z,7183312026-05-27,71833,2026-05-27,CANCELED,,
2026-05-29T02:05:50Z,1262312026-05-27,12623,2026-05-27,CANCELED,,
2026-05-29T02:05:50Z,1821612026-05-27,18216,2026-05-27,CANCELED,,
2026-05-29T02:05:50Z,1503212026-05-27,15032,2026-05-27,CANCELED,,
2026-05-29T02:05:50Z,1260812026-05-27,12608,2026-05-27,CANCELED,,
2026-05-29T02:05:50Z,0426112026-05-28,04261,2026-05-28,CANCELED,,
2026-05-29T02:05:50Z,1790762026-05-27,17907,2026-05-27,CANCELED,,
2026-05-29T02:05:50Z,1790742026-05-27,17907,2026-05-27,CANCELED,,
2026-05-29T02:05:50Z,1790752026-05-27,17907,2026-05-27,CANCELED,,
2026-05-29T02:05:50Z,1790712026-05-27,17907,2026-05-27,CANCELED,,
2026-05-29T02:05:50Z,1790732026-05-27,17907,2026-05-27,CANCELED,,
2026-05-29T02:05:50Z,1790722026-05-27,17907,2026-05-27,CANCELED,,
2026-05-29T02:05:50Z,0587112026-05-27,05871,2026-05-27,CANCELED,,
2026-05-29T02:05:50Z,3880722026-05-27,38807,2026-05-27,CANCELED,,
2026-05-29T02:05:50Z,3880712026-05-27,38807,2026-05-27,CANCELED,,
2026-05-29T02:05:50Z,1261112026-05-27,12611,2026-05-27,CANCELED,,
2026-05-29T02:05:50Z,7183312026-05-27,71833,2026-05-27,CANCELED,,
2026-05-29T02:10:52Z,1262312026-05-27,12623,2026-05-27,CANCELED,,
2026-05-29T02:10:52Z,1821612026-05-27,18216,2026-05-27,CANCELED,,
2026-05-29T02:10:52Z,1790762026-05-27,17907,2026-05-27,CANCELED,,
2026-05-29T02:10:52Z,1790742026-05-27,17907,2026-05-27,CANCELED,,
2026-05-29T02:10:52Z,1790752026-05-27,17907,2026-05-27,CANCELED,,
2026-05-29T02:10:52Z,1790712026-05-27,17907,2026-05-27,CANCELED,,
2026-05-29T02:10:52Z,1790732026-05-27,17907,2026-05-27,CANCELED,,
2026-05-29T02:10:52Z,1790722026-05-27,17907,2026-05-27,CANCELED,,
2026-05-29T02:10:52Z,1503212026-05-27,15032,2026-05-27,CANCELED,,
2026-05-29T02:10:52Z,3880722026-05-27,38807,2026-05-27,CANCELED,,
2026-05-29T02:10:52Z,3880712026-05-27,38807,2026-05-27,CANCELED,,
2026-05-29T02:10:52Z,1260812026-05-27,12608,2026-05-27,CANCELED,,
2026-05-29T02:10:52Z,7183312026-05-27,71833,2026-05-27,CANCELED,,
2026-05-29T02:10:52Z,0426112026-05-28,04261,2026-05-28,CANCELED,,
2026-05-29T02:10:52Z,0587112026-05-27,05871,2026-05-27,CANCELED,,
2026-05-29T02:10:52Z,1261112026-05-27,12611,2026-05-27,CANCELED,,
2026-05-29T02:15:55Z,1821612026-05-27,18216,2026-05-27,CANCELED,,
2026-05-29T02:15:55Z,1262312026-05-27,12623,2026-05-27,CANCELED,,
2026-05-29T02:15:55Z,1503212026-05-27,15032,2026-05-27,CANCELED,,
2026-05-29T02:15:55Z,1260812026-05-27,12608,2026-05-27,CANCELED,,
2026-05-29T02:15:55Z,0426112026-05-28,04261,2026-05-28,CANCELED,,
2026-05-29T02:15:55Z,1790762026-05-27,17907,2026-05-27,CANCELED,,
2026-05-29T02:15:55Z,1790742026-05-27,17907,2026-05-27,CANCELED,,
2026-05-29T02:15:55Z,1790752026-05-27,17907,2026-05-27,CANCELED,,
2026-05-29T02:15:55Z,1790712026-05-27,17907,2026-05-27,CANCELED,,
2026-05-29T02:15:55Z,1790732026-05-27,17907,2026-05-27,CANCELED,,
2026-05-29T02:15:55Z,1790722026-05-27,17907,2026-05-27,CANCELED,,
2026-05-29T02:15:55Z,0587112026-05-27,05871,2026-05-27,CANCELED,,
2026-05-29T02:15:55Z,1261112026-05-27,12611,2026-05-27,CANCELED,,
2026-05-29T02:15:55Z,3880722026-05-27,38807,2026-05-27,CANCELED,,
2026-05-29T02:15:55Z,3880712026-05-27,38807,2026-05-27,CANCELED,,
2026-05-29T02:15:55Z,7183312026-05-27,71833,2026-05-27,CANCELED,,
2026-05-29T02:20:52Z,1262312026-05-27,12623,2026-05-27,CANCELED,,
2026-05-29T02:20:52Z,1821612026-05-27,18216,2026-05-27,CANCELED,,
2026-05-29T02:20:52Z,1503212026-05-27,15032,2026-05-27,CANCELED,,
2026-05-29T02:20:52Z,1260812026-05-27,12608,2026-05-27,CANCELED,,
2026-05-29T02:20:52Z,0426112026-05-28,04261,2026-05-28,CANCELED,,
2026-05-29T02:20:52Z,1790762026-05-27,17907,2026-05-27,CANCELED,,
2026-05-29T02:20:52Z,1790742026-05-27,17907,2026-05-27,CANCELED,,
2026-05-29T02:20:52Z,1790752026-05-27,17907,2026-05-27,CANCELED,,
2026-05-29T02:20:52Z,1790712026-05-27,17907,2026-05-27,CANCELED,,
2026-05-29T02:20:52Z,1790732026-05-27,17907,2026-05-27,CANCELED,,
2026-05-29T02:20:52Z,1790722026-05-27,17907,2026-05-27,CANCELED,,
2026-05-29T02:20:52Z,0587112026-05-27,05871,2026-05-27,CANCELED,,
2026-05-29T02:20:52Z,1261112026-05-27,12611,2026-05-27,CANCELED,,
2026-05-29T02:20:52Z,3880722026-05-27,38807,2026-05-27,CANCELED,,
2026-05-29T02:20:52Z,3880712026-05-27,38807,2026-05-27,CANCELED,,
2026-05-29T02:20:52Z,7183312026-05-27,71833,2026-05-27,CANCELED,,
2026-05-29T02:25:47Z,1262312026-05-27,12623,2026-05-27,CANCELED,,
2026-05-29T02:25:47Z,1821612026-05-27,18216,2026-05-27,CANCELED,,
2026-05-29T02:25:47Z,1503212026-05-27,15032,2026-05-27,CANCELED,,
2026-05-29T02:25:47Z,1260812026-05-27,12608,2026-05-27,CANCELED,,
2026-05-29T02:25:47Z,0426112026-05-28,04261,2026-05-28,CANCELED,,
2026-05-29T02:25:47Z,1790762026-05-27,17907,2026-05-27,CANCELED,,
2026-05-29T02:25:47Z,1790742026-05-27,17907,2026-05-27,CANCELED,,
2026-05-29T02:25:47Z,1790752026-05-27,17907,2026-05-27,CANCELED,,
2026-05-29T02:25:47Z,1790712026-05-27,17907,2026-05-27,CANCELED,,
2026-05-29T02:25:47Z,1790732026-05-27,17907,2026-05-27,CANCELED,,
2026-05-29T02:25:47Z,1790722026-05-27,17907,2026-05-27,CANCELED,,
2026-05-29T02:25:47Z,0587112026-05-27,05871,2026-05-27,CANCELED,,
2026-05-29T02:25:47Z,3880722026-05-27,38807,2026-05-27,CANCELED,,
2026-05-29T02:25:47Z,3880712026-05-27,38807,2026-05-27,CANCELED,,
2026-05-29T02:25:47Z,1261112026-05-27,12611,2026-05-27,CANCELED,,
2026-05-29T02:25:47Z,7183312026-05-27,71833,2026-05-27,CANCELED,,
2026-05-29T02:31:01Z,1821612026-05-27,18216,2026-05-27,CANCELED,,
2026-05-29T02:31:01Z,1503212026-05-27,15032,2026-05-27,CANCELED,,
2026-05-29T02:31:01Z,7183312026-05-27,71833,2026-05-27,CANCELED,,
2026-05-29T02:31:01Z,1260812026-05-27,12608,2026-05-27,CANCELED,,
2026-05-29T02:31:01Z,1573412026-05-27,15734,2026-05-27,CANCELED,,
2026-05-29T02:31:01Z,1262312026-05-27,12623,2026-05-27,CANCELED,,
2026-05-29T02:31:01Z,0426112026-05-28,04261,2026-05-28,CANCELED,,
2026-05-29T02:31:01Z,0587112026-05-27,05871,2026-05-27,CANCELED,,
2026-05-29T02:31:01Z,1261112026-05-27,12611,2026-05-27,CANCELED,,
2026-05-29T02:31:01Z,1790762026-05-27,17907,2026-05-27,CANCELED,,
2026-05-29T02:31:01Z,1790742026-05-27,17907,2026-05-27,CANCELED,,
2026-05-29T02:31:01Z,1790752026-05-27,17907,2026-05-27,CANCELED,,
2026-05-29T02:31:01Z,1790712026-05-27,17907,2026-05-27,CANCELED,,
2026-05-29T02:31:01Z,1790732026-05-27,17907,2026-05-27,CANCELED,,
2026-05-29T02:31:01Z,1790722026-05-27,17907,2026-05-27,CANCELED,,
2026-05-29T02:31:01Z,1582012026-05-27,15820,2026-05-27,CANCELED,,
2026-05-29T02:31:01Z,3880712026-05-27,38807,2026-05-27,CANCELED,,
2026-05-29T02:31:01Z,3880722026-05-27,38807,2026-05-27,CANCELED,,
2026-05-29T02:35:48Z,1821612026-05-27,18216,2026-05-27,CANCELED,,
2026-05-29T02:35:48Z,7183312026-05-27,71833,2026-05-27,CANCELED,,
2026-05-29T02:35:48Z,1573412026-05-27,15734,2026-05-27,CANCELED,,
2026-05-29T02:35:48Z,1503212026-05-27,15032,2026-05-27,CANCELED,,
2026-05-29T02:35:48Z,1260812026-05-27,12608,2026-05-27,CANCELED,,
2026-05-29T02:35:48Z,1262312026-05-27,12623,2026-05-27,CANCELED,,
2026-05-29T02:35:48Z,1790762026-05-27,17907,2026-05-27,CANCELED,,
2026-05-29T02:35:48Z,1790742026-05-27,17907,2026-05-27,CANCELED,,
2026-05-29T02:35:48Z,1790752026-05-27,17907,2026-05-27,CANCELED,,
2026-05-29T02:35:48Z,1790712026-05-27,17907,2026-05-27,CANCELED,,
2026-05-29T02:35:48Z,1790732026-05-27,17907,2026-05-27,CANCELED,,
2026-05-29T02:35:48Z,1790722026-05-27,17907,2026-05-27,CANCELED,,
2026-05-29T02:35:48Z,0426112026-05-28,04261,2026-05-28,CANCELED,,
2026-05-29T02:35:48Z,3880722026-05-27,38807,2026-05-27,CANCELED,,
2026-05-29T02:35:48Z,3880712026-05-27,38807,2026-05-27,CANCELED,,
2026-05-29T02:35:48Z,0587112026-05-27,05871,2026-05-27,CANCELED,,
2026-05-29T02:35:48Z,1582012026-05-27,15820,2026-05-27,CANCELED,,
2026-05-29T02:35:48Z,1261112026-05-27,12611,2026-05-27,CANCELED,,
2026-05-29T02:40:52Z,1821612026-05-27,18216,2026-05-27,CANCELED,,
2026-05-29T02:40:52Z,7183312026-05-27,71833,2026-05-27,CANCELED,,
2026-05-29T02:40:52Z,1503212026-05-27,15032,2026-05-27,CANCELED,,
2026-05-29T02:40:52Z,1573412026-05-27,15734,2026-05-27,CANCELED,,
2026-05-29T02:40:52Z,1260812026-05-27,12608,2026-05-27,CANCELED,,
2026-05-29T02:40:52Z,1262312026-05-27,12623,2026-05-27,CANCELED,,
2026-05-29T02:40:52Z,0426112026-05-28,04261,2026-05-28,CANCELED,,
2026-05-29T02:40:52Z,1790762026-05-27,17907,2026-05-27,CANCELED,,
2026-05-29T02:40:52Z,1790742026-05-27,17907,2026-05-27,CANCELED,,
2026-05-29T02:40:52Z,1790752026-05-27,17907,2026-05-27,CANCELED,,
2026-05-29T02:40:52Z,1790712026-05-27,17907,2026-05-27,CANCELED,,
2026-05-29T02:40:52Z,1790732026-05-27,17907,2026-05-27,CANCELED,,
2026-05-29T02:40:52Z,1790722026-05-27,17907,2026-05-27,CANCELED,,
2026-05-29T02:40:52Z,0587112026-05-27,05871,2026-05-27,CANCELED,,
2026-05-29T02:40:52Z,1261112026-05-27,12611,2026-05-27,CANCELED,,
2026-05-29T02:40:52Z,3880722026-05-27,38807,2026-05-27,CANCELED,,
2026-05-29T02:40:52Z,3880712026-05-27,38807,2026-05-27,CANCELED,,
2026-05-29T02:40:52Z,1582012026-05-27,15820,2026-05-27,CANCELED,,
2026-05-29T02:45:52Z,1821612026-05-27,18216,2026-05-27,CANCELED,,
2026-05-29T02:45:52Z,7183312026-05-27,71833,2026-05-27,CANCELED,,
2026-05-29T02:45:52Z,1503212026-05-27,15032,2026-05-27,CANCELED,,
2026-05-29T02:45:52Z,1573412026-05-27,15734,2026-05-27,CANCELED,,
2026-05-29T02:45:52Z,1260812026-05-27,12608,2026-05-27,CANCELED,,
2026-05-29T02:45:52Z,1262312026-05-27,12623,2026-05-27,CANCELED,,
2026-05-29T02:45:52Z,1790762026-05-27,17907,2026-05-27,CANCELED,,
2026-05-29T02:45:52Z,1790742026-05-27,17907,2026-05-27,CANCELED,,
2026-05-29T02:45:52Z,1790752026-05-27,17907,2026-05-27,CANCELED,,
2026-05-29T02:45:52Z,1790712026-05-27,17907,2026-05-27,CANCELED,,
2026-05-29T02:45:52Z,1790732026-05-27,17907,2026-05-27,CANCELED,,
2026-05-29T02:45:52Z,1790722026-05-27,17907,2026-05-27,CANCELED,,
2026-05-29T02:45:52Z,0426112026-05-28,04261,2026-05-28,CANCELED,,
2026-05-29T02:45:52Z,0587112026-05-27,05871,2026-05-27,CANCELED,,
2026-05-29T02:45:52Z,3880722026-05-27,38807,2026-05-27,CANCELED,,
2026-05-29T02:45:52Z,3880712026-05-27,38807,2026-05-27,CANCELED,,
2026-05-29T02:45:52Z,1261112026-05-27,12611,2026-05-27,CANCELED,,
2026-05-29T02:45:52Z,1582012026-05-27,15820,2026-05-27,CANCELED,,
2026-05-29T02:50:53Z,1821612026-05-27,18216,2026-05-27,CANCELED,,
2026-05-29T02:50:53Z,7183312026-05-27,71833,2026-05-27,CANCELED,,
2026-05-29T02:50:53Z,1503212026-05-27,15032,2026-05-27,CANCELED,,
2026-05-29T02:50:53Z,1573412026-05-27,15734,2026-05-27,CANCELED,,
2026-05-29T02:50:53Z,1260812026-05-27,12608,2026-05-27,CANCELED,,
2026-05-29T02:50:53Z,1262312026-05-27,12623,2026-05-27,CANCELED,,
2026-05-29T02:50:53Z,0426112026-05-28,04261,2026-05-28,CANCELED,,
2026-05-29T02:50:53Z,1790762026-05-27,17907,2026-05-27,CANCELED,,
2026-05-29T02:50:53Z,1790742026-05-27,17907,2026-05-27,CANCELED,,
2026-05-29T02:50:53Z,1790752026-05-27,17907,2026-05-27,CANCELED,,
2026-05-29T02:50:53Z,1790712026-05-27,17907,2026-05-27,CANCELED,,
2026-05-29T02:50:53Z,1790732026-05-27,17907,2026-05-27,CANCELED,,
2026-05-29T02:50:53Z,1790722026-05-27,17907,2026-05-27,CANCELED,,
2026-05-29T02:50:53Z,0587112026-05-27,05871,2026-05-27,CANCELED,,
2026-05-29T02:50:53Z,1261112026-05-27,12611,2026-05-27,CANCELED,,
2026-05-29T02:50:53Z,3880722026-05-27,38807,2026-05-27,CANCELED,,
2026-05-29T02:50:53Z,3880712026-05-27,38807,2026-05-27,CANCELED,,
2026-05-29T02:50:53Z,1582012026-05-27,15820,2026-05-27,CANCELED,,
2026-05-29T02:55:48Z,1821612026-05-27,18216,2026-05-27,CANCELED,,
2026-05-29T02:55:48Z,7183312026-05-27,71833,2026-05-27,CANCELED,,
2026-05-29T02:55:48Z,1503212026-05-27,15032,2026-05-27,CANCELED,,
2026-05-29T02:55:48Z,1573412026-05-27,15734,2026-05-27,CANCELED,,
2026-05-29T02:55:48Z,1260812026-05-27,12608,2026-05-27,CANCELED,,
2026-05-29T02:55:48Z,1262312026-05-27,12623,2026-05-27,CANCELED,,
2026-05-29T02:55:48Z,0426112026-05-28,04261,2026-05-28,CANCELED,,
2026-05-29T02:55:48Z,1790762026-05-27,17907,2026-05-27,CANCELED,,
2026-05-29T02:55:48Z,1790742026-05-27,17907,2026-05-27,CANCELED,,
2026-05-29T02:55:48Z,1790752026-05-27,17907,2026-05-27,CANCELED,,
2026-05-29T02:55:48Z,1790712026-05-27,17907,2026-05-27,CANCELED,,
2026-05-29T02:55:48Z,1790732026-05-27,17907,2026-05-27,CANCELED,,
2026-05-29T02:55:48Z,1790722026-05-27,17907,2026-05-27,CANCELED,,
2026-05-29T02:55:48Z,0587112026-05-27,05871,2026-05-27,CANCELED,,
2026-05-29T02:55:48Z,1261112026-05-27,12611,2026-05-27,CANCELED,,
2026-05-29T02:55:48Z,3880722026-05-27,38807,2026-05-27,CANCELED,,
2026-05-29T02:55:48Z,3880712026-05-27,38807,2026-05-27,CANCELED,,
2026-05-29T02:55:48Z,1582012026-05-27,15820,2026-05-27,CANCELED,,
2026-05-29T03:01:13Z,0411422026-05-28,04114,2026-05-28,SCHEDULED,-1320,-22.0
2026-05-29T03:01:13Z,0411412026-05-28,04114,2026-05-28,SCHEDULED,-1320,-22.0
2026-05-29T03:01:13Z,7183312026-05-27,71833,2026-05-27,CANCELED,,
2026-05-29T03:01:13Z,1821612026-05-27,18216,2026-05-27,CANCELED,,
2026-05-29T03:01:13Z,1503212026-05-27,15032,2026-05-27,CANCELED,,
2026-05-29T03:01:13Z,1573412026-05-27,15734,2026-05-27,CANCELED,,
2026-05-29T03:01:13Z,1260812026-05-27,12608,2026-05-27,CANCELED,,
2026-05-29T03:01:13Z,1262312026-05-27,12623,2026-05-27,CANCELED,,
2026-05-29T03:01:13Z,1790762026-05-27,17907,2026-05-27,CANCELED,,
2026-05-29T03:01:13Z,1790742026-05-27,17907,2026-05-27,CANCELED,,
2026-05-29T03:01:13Z,1790752026-05-27,17907,2026-05-27,CANCELED,,
2026-05-29T03:01:13Z,1790712026-05-27,17907,2026-05-27,CANCELED,,
2026-05-29T03:01:13Z,1790732026-05-27,17907,2026-05-27,CANCELED,,
2026-05-29T03:01:13Z,1790722026-05-27,17907,2026-05-27,CANCELED,,
2026-05-29T03:01:13Z,0426112026-05-28,04261,2026-05-28,CANCELED,,
2026-05-29T03:01:13Z,0587112026-05-27,05871,2026-05-27,CANCELED,,
2026-05-29T03:01:13Z,3880722026-05-27,38807,2026-05-27,CANCELED,,
2026-05-29T03:01:13Z,3880712026-05-27,38807,2026-05-27,CANCELED,,
2026-05-29T03:01:13Z,1261112026-05-27,12611,2026-05-27,CANCELED,,
2026-05-29T03:01:13Z,1582012026-05-27,15820,2026-05-27,CANCELED,,
2026-05-29T03:05:48Z,0411422026-05-28,04114,2026-05-28,SCHEDULED,-1320,-22.0
2026-05-29T03:05:48Z,0411412026-05-28,04114,2026-05-28,SCHEDULED,-1320,-22.0
2026-05-29T03:05:48Z,7183312026-05-27,71833,2026-05-27,CANCELED,,
2026-05-29T03:05:48Z,1821612026-05-27,18216,2026-05-27,CANCELED,,
2026-05-29T03:05:48Z,1573412026-05-27,15734,2026-05-27,CANCELED,,
2026-05-29T03:05:48Z,1503212026-05-27,15032,2026-05-27,CANCELED,,
2026-05-29T03:05:48Z,1260812026-05-27,12608,2026-05-27,CANCELED,,
2026-05-29T03:05:48Z,1262312026-05-27,12623,2026-05-27,CANCELED,,
2026-05-29T03:05:48Z,0426112026-05-28,04261,2026-05-28,CANCELED,,
2026-05-29T03:05:48Z,1790762026-05-27,17907,2026-05-27,CANCELED,,
2026-05-29T03:05:48Z,1790742026-05-27,17907,2026-05-27,CANCELED,,
2026-05-29T03:05:48Z,1790752026-05-27,17907,2026-05-27,CANCELED,,
2026-05-29T03:05:48Z,1790712026-05-27,17907,2026-05-27,CANCELED,,
2026-05-29T03:05:48Z,1790732026-05-27,17907,2026-05-27,CANCELED,,
2026-05-29T03:05:48Z,1790722026-05-27,17907,2026-05-27,CANCELED,,
2026-05-29T03:05:48Z,0587112026-05-27,05871,2026-05-27,CANCELED,,
2026-05-29T03:05:48Z,3880722026-05-27,38807,2026-05-27,CANCELED,,
2026-05-29T03:05:48Z,3880712026-05-27,38807,2026-05-27,CANCELED,,
2026-05-29T03:05:48Z,1261112026-05-27,12611,2026-05-27,CANCELED,,
2026-05-29T03:05:48Z,1582012026-05-27,15820,2026-05-27,CANCELED,,
2026-05-29T03:10:53Z,0411422026-05-28,04114,2026-05-28,SCHEDULED,-1320,-22.0
2026-05-29T03:10:53Z,0411412026-05-28,04114,2026-05-28,SCHEDULED,-1320,-22.0
2026-05-29T03:10:53Z,7183312026-05-27,71833,2026-05-27,CANCELED,,
2026-05-29T03:10:53Z,1821612026-05-27,18216,2026-05-27,CANCELED,,
2026-05-29T03:10:53Z,1573412026-05-27,15734,2026-05-27,CANCELED,,
2026-05-29T03:10:53Z,1503212026-05-27,15032,2026-05-27,CANCELED,,
2026-05-29T03:10:53Z,1260812026-05-27,12608,2026-05-27,CANCELED,,
2026-05-29T03:10:53Z,1262312026-05-27,12623,2026-05-27,CANCELED,,
2026-05-29T03:10:53Z,0426112026-05-28,04261,2026-05-28,CANCELED,,
2026-05-29T03:10:53Z,1790762026-05-27,17907,2026-05-27,CANCELED,,
2026-05-29T03:10:53Z,1790742026-05-27,17907,2026-05-27,CANCELED,,
2026-05-29T03:10:53Z,1790752026-05-27,17907,2026-05-27,CANCELED,,
2026-05-29T03:10:53Z,1790712026-05-27,17907,2026-05-27,CANCELED,,
2026-05-29T03:10:53Z,1790732026-05-27,17907,2026-05-27,CANCELED,,
2026-05-29T03:10:53Z,1790722026-05-27,17907,2026-05-27,CANCELED,,
2026-05-29T03:10:53Z,0587112026-05-27,05871,2026-05-27,CANCELED,,
2026-05-29T03:10:53Z,3880722026-05-27,38807,2026-05-27,CANCELED,,
2026-05-29T03:10:53Z,3880712026-05-27,38807,2026-05-27,CANCELED,,
2026-05-29T03:10:53Z,1261112026-05-27,12611,2026-05-27,CANCELED,,
2026-05-29T03:10:53Z,1582012026-05-27,15820,2026-05-27,CANCELED,,
2026-05-29T03:15:55Z,0411422026-05-28,04114,2026-05-28,SCHEDULED,-1320,-22.0
2026-05-29T03:15:55Z,0411412026-05-28,04114,2026-05-28,SCHEDULED,-1320,-22.0
2026-05-29T03:15:55Z,1821612026-05-27,18216,2026-05-27,CANCELED,,
2026-05-29T03:15:55Z,7183312026-05-27,71833,2026-05-27,CANCELED,,
2026-05-29T03:15:55Z,1503212026-05-27,15032,2026-05-27,CANCELED,,
2026-05-29T03:15:55Z,1573412026-05-27,15734,2026-05-27,CANCELED,,
2026-05-29T03:15:55Z,1260812026-05-27,12608,2026-05-27,CANCELED,,
2026-05-29T03:15:55Z,1262312026-05-27,12623,2026-05-27,CANCELED,,
2026-05-29T03:15:55Z,0426112026-05-28,04261,2026-05-28,CANCELED,,
2026-05-29T03:15:55Z,1790762026-05-27,17907,2026-05-27,CANCELED,,
2026-05-29T03:15:55Z,1790742026-05-27,17907,2026-05-27,CANCELED,,
2026-05-29T03:15:55Z,1790752026-05-27,17907,2026-05-27,CANCELED,,
2026-05-29T03:15:55Z,1790712026-05-27,17907,2026-05-27,CANCELED,,
2026-05-29T03:15:55Z,1790732026-05-27,17907,2026-05-27,CANCELED,,
2026-05-29T03:15:55Z,1790722026-05-27,17907,2026-05-27,CANCELED,,
2026-05-29T03:15:55Z,0587112026-05-27,05871,2026-05-27,CANCELED,,
2026-05-29T03:15:55Z,1261112026-05-27,12611,2026-05-27,CANCELED,,
2026-05-29T03:15:55Z,3880722026-05-27,38807,2026-05-27,CANCELED,,
2026-05-29T03:15:55Z,3880712026-05-27,38807,2026-05-27,CANCELED,,
2026-05-29T03:15:55Z,1582012026-05-27,15820,2026-05-27,CANCELED,,
2026-05-29T03:20:51Z,0415422026-05-27,04154,2026-05-27,SCHEDULED,-60,-1.0
2026-05-29T03:20:51Z,0415412026-05-27,04154,2026-05-27,SCHEDULED,-60,-1.0
2026-05-29T03:20:51Z,1454112026-05-27,14541,2026-05-27,SCHEDULED,-120,-2.0
2026-05-29T03:20:51Z,1454122026-05-27,14541,2026-05-27,SCHEDULED,-120,-2.0
2026-05-29T03:20:51Z,1454132026-05-27,14541,2026-05-27,SCHEDULED,-120,-2.0
2026-05-29T03:20:51Z,0411422026-05-28,04114,2026-05-28,SCHEDULED,-1320,-22.0
2026-05-29T03:20:51Z,0411412026-05-28,04114,2026-05-28,SCHEDULED,-1320,-22.0
2026-05-29T03:20:51Z,7183312026-05-27,71833,2026-05-27,CANCELED,,
2026-05-29T03:20:51Z,1821612026-05-27,18216,2026-05-27,CANCELED,,
2026-05-29T03:20:51Z,1573412026-05-27,15734,2026-05-27,CANCELED,,
2026-05-29T03:20:51Z,1503212026-05-27,15032,2026-05-27,CANCELED,,
2026-05-29T03:20:51Z,1260812026-05-27,12608,2026-05-27,CANCELED,,
2026-05-29T03:20:51Z,1262312026-05-27,12623,2026-05-27,CANCELED,,
2026-05-29T03:20:51Z,1790762026-05-27,17907,2026-05-27,CANCELED,,
2026-05-29T03:20:51Z,1790742026-05-27,17907,2026-05-27,CANCELED,,
2026-05-29T03:20:51Z,1790752026-05-27,17907,2026-05-27,CANCELED,,
2026-05-29T03:20:51Z,1790712026-05-27,17907,2026-05-27,CANCELED,,
2026-05-29T03:20:51Z,1790732026-05-27,17907,2026-05-27,CANCELED,,
2026-05-29T03:20:51Z,1790722026-05-27,17907,2026-05-27,CANCELED,,
2026-05-29T03:20:51Z,0426112026-05-28,04261,2026-05-28,CANCELED,,
2026-05-29T03:20:51Z,3880722026-05-27,38807,2026-05-27,CANCELED,,
2026-05-29T03:20:51Z,3880712026-05-27,38807,2026-05-27,CANCELED,,
2026-05-29T03:20:51Z,0587112026-05-27,05871,2026-05-27,CANCELED,,
2026-05-29T03:20:51Z,1582012026-05-27,15820,2026-05-27,CANCELED,,
2026-05-29T03:20:51Z,1261112026-05-27,12611,2026-05-27,CANCELED,,
2026-05-29T03:25:51Z,0415422026-05-27,04154,2026-05-27,SCHEDULED,-120,-2.0
2026-05-29T03:25:51Z,0415412026-05-27,04154,2026-05-27,SCHEDULED,-120,-2.0
2026-05-29T03:25:51Z,1454112026-05-27,14541,2026-05-27,SCHEDULED,-120,-2.0
2026-05-29T03:25:51Z,1454122026-05-27,14541,2026-05-27,SCHEDULED,-120,-2.0
2026-05-29T03:25:51Z,1454132026-05-27,14541,2026-05-27,SCHEDULED,-120,-2.0
2026-05-29T03:25:51Z,0411422026-05-28,04114,2026-05-28,SCHEDULED,60,1.0
2026-05-29T03:25:51Z,0411412026-05-28,04114,2026-05-28,SCHEDULED,60,1.0
2026-05-29T03:25:51Z,1251212026-05-27,12512,2026-05-27,SCHEDULED,60,1.0
2026-05-29T03:25:51Z,1821612026-05-27,18216,2026-05-27,CANCELED,,
2026-05-29T03:25:51Z,7183312026-05-27,71833,2026-05-27,CANCELED,,
2026-05-29T03:25:51Z,1573412026-05-27,15734,2026-05-27,CANCELED,,
2026-05-29T03:25:51Z,1503212026-05-27,15032,2026-05-27,CANCELED,,
2026-05-29T03:25:51Z,1260812026-05-27,12608,2026-05-27,CANCELED,,
2026-05-29T03:25:51Z,1262312026-05-27,12623,2026-05-27,CANCELED,,
2026-05-29T03:25:51Z,0426112026-05-28,04261,2026-05-28,CANCELED,,
2026-05-29T03:25:51Z,1790762026-05-27,17907,2026-05-27,CANCELED,,
2026-05-29T03:25:51Z,1790742026-05-27,17907,2026-05-27,CANCELED,,
2026-05-29T03:25:51Z,1790752026-05-27,17907,2026-05-27,CANCELED,,
2026-05-29T03:25:51Z,1790712026-05-27,17907,2026-05-27,CANCELED,,
2026-05-29T03:25:51Z,1790732026-05-27,17907,2026-05-27,CANCELED,,
2026-05-29T03:25:51Z,1790722026-05-27,17907,2026-05-27,CANCELED,,
2026-05-29T03:25:51Z,0587112026-05-27,05871,2026-05-27,CANCELED,,
2026-05-29T03:25:51Z,1261112026-05-27,12611,2026-05-27,CANCELED,,
2026-05-29T03:25:51Z,3880722026-05-27,38807,2026-05-27,CANCELED,,
2026-05-29T03:25:51Z,3880712026-05-27,38807,2026-05-27,CANCELED,,
2026-05-29T03:25:51Z,1582012026-05-27,15820,2026-05-27,CANCELED,,
2026-05-29T03:31:00Z,0415422026-05-27,04154,2026-05-27,SCHEDULED,-120,-2.0
2026-05-29T03:31:00Z,0415412026-05-27,04154,2026-05-27,SCHEDULED,-120,-2.0
2026-05-29T03:31:00Z,1454112026-05-27,14541,2026-05-27,SCHEDULED,-120,-2.0
2026-05-29T03:31:00Z,1454122026-05-27,14541,2026-05-27,SCHEDULED,-120,-2.0
2026-05-29T03:31:00Z,1454132026-05-27,14541,2026-05-27,SCHEDULED,-120,-2.0
2026-05-29T03:31:00Z,1804722026-05-27,18047,2026-05-27,SCHEDULED,-60,-1.0
2026-05-29T03:31:00Z,1804712026-05-27,18047,2026-05-27,SCHEDULED,-60,-1.0
2026-05-29T03:31:00Z,0411422026-05-28,04114,2026-05-28,SCHEDULED,60,1.0
2026-05-29T03:31:00Z,0411412026-05-28,04114,2026-05-28,SCHEDULED,60,1.0
2026-05-29T03:31:00Z,0405612026-05-28,04056,2026-05-28,SCHEDULED,180,3.0
2026-05-29T03:31:00Z,7183312026-05-27,71833,2026-05-27,CANCELED,,
2026-05-29T03:31:00Z,1821612026-05-27,18216,2026-05-27,CANCELED,,
2026-05-29T03:31:00Z,1573412026-05-27,15734,2026-05-27,CANCELED,,
2026-05-29T03:31:00Z,1503212026-05-27,15032,2026-05-27,CANCELED,,
2026-05-29T03:31:00Z,1260812026-05-27,12608,2026-05-27,CANCELED,,
2026-05-29T03:31:00Z,1262312026-05-27,12623,2026-05-27,CANCELED,,
2026-05-29T03:31:00Z,0426112026-05-28,04261,2026-05-28,CANCELED,,
2026-05-29T03:31:00Z,1790762026-05-27,17907,2026-05-27,CANCELED,,
2026-05-29T03:31:00Z,1790742026-05-27,17907,2026-05-27,CANCELED,,
2026-05-29T03:31:00Z,1790752026-05-27,17907,2026-05-27,CANCELED,,
2026-05-29T03:31:00Z,1790712026-05-27,17907,2026-05-27,CANCELED,,
2026-05-29T03:31:00Z,1790732026-05-27,17907,2026-05-27,CANCELED,,
2026-05-29T03:31:00Z,1790722026-05-27,17907,2026-05-27,CANCELED,,
2026-05-29T03:31:00Z,0587112026-05-27,05871,2026-05-27,CANCELED,,
2026-05-29T03:31:00Z,3880722026-05-27,38807,2026-05-27,CANCELED,,
2026-05-29T03:31:00Z,3880712026-05-27,38807,2026-05-27,CANCELED,,
2026-05-29T03:31:00Z,1261112026-05-27,12611,2026-05-27,CANCELED,,
2026-05-29T03:31:00Z,1582012026-05-27,15820,2026-05-27,CANCELED,,
2026-05-29T03:35:49Z,0411422026-05-28,04114,2026-05-28,SCHEDULED,120,2.0
2026-05-29T03:35:49Z,0411412026-05-28,04114,2026-05-28,SCHEDULED,120,2.0
2026-05-29T03:35:49Z,0405612026-05-28,04056,2026-05-28,SCHEDULED,300,5.0
2026-05-29T03:35:49Z,0415422026-05-27,04154,2026-05-27,SCHEDULED,-120,-2.0
2026-05-29T03:35:49Z,0415412026-05-27,04154,2026-05-27,SCHEDULED,-120,-2.0
2026-05-29T03:35:49Z,0807212026-05-27,08072,2026-05-27,SCHEDULED,60,1.0
2026-05-29T03:35:49Z,7183312026-05-27,71833,2026-05-27,CANCELED,,
2026-05-29T03:35:49Z,1821612026-05-27,18216,2026-05-27,CANCELED,,
2026-05-29T03:35:49Z,1573412026-05-27,15734,2026-05-27,CANCELED,,
2026-05-29T03:35:49Z,1503212026-05-27,15032,2026-05-27,CANCELED,,
2026-05-29T03:35:49Z,1260812026-05-27,12608,2026-05-27,CANCELED,,
2026-05-29T03:35:49Z,1262312026-05-27,12623,2026-05-27,CANCELED,,
2026-05-29T03:35:49Z,0426112026-05-28,04261,2026-05-28,CANCELED,,
2026-05-29T03:35:49Z,1790762026-05-27,17907,2026-05-27,CANCELED,,
2026-05-29T03:35:49Z,1790742026-05-27,17907,2026-05-27,CANCELED,,
2026-05-29T03:35:49Z,1790752026-05-27,17907,2026-05-27,CANCELED,,
2026-05-29T03:35:49Z,1790712026-05-27,17907,2026-05-27,CANCELED,,
2026-05-29T03:35:49Z,1790732026-05-27,17907,2026-05-27,CANCELED,,
2026-05-29T03:35:49Z,1790722026-05-27,17907,2026-05-27,CANCELED,,
2026-05-29T03:35:49Z,0587112026-05-27,05871,2026-05-27,CANCELED,,
2026-05-29T03:35:49Z,1261112026-05-27,12611,2026-05-27,CANCELED,,
2026-05-29T03:35:49Z,3880722026-05-27,38807,2026-05-27,CANCELED,,
2026-05-29T03:35:49Z,3880712026-05-27,38807,2026-05-27,CANCELED,,
2026-05-29T03:35:49Z,1582012026-05-27,15820,2026-05-27,CANCELED,,
2026-05-29T03:40:53Z,1770712026-05-27,17707,2026-05-27,SCHEDULED,60,1.0
2026-05-29T03:40:53Z,0411422026-05-28,04114,2026-05-28,SCHEDULED,120,2.0
2026-05-29T03:40:53Z,0411412026-05-28,04114,2026-05-28,SCHEDULED,120,2.0
2026-05-29T03:40:53Z,0405612026-05-28,04056,2026-05-28,SCHEDULED,120,2.0
2026-05-29T03:40:53Z,1804722026-05-27,18047,2026-05-27,SCHEDULED,-60,-1.0
2026-05-29T03:40:53Z,1804712026-05-27,18047,2026-05-27,SCHEDULED,-60,-1.0
2026-05-29T03:40:53Z,0415422026-05-27,04154,2026-05-27,SCHEDULED,-120,-2.0
2026-05-29T03:40:53Z,0415412026-05-27,04154,2026-05-27,SCHEDULED,-120,-2.0
2026-05-29T03:40:53Z,1504612026-05-27,15046,2026-05-27,SCHEDULED,120,2.0
2026-05-29T03:40:53Z,1251212026-05-27,12512,2026-05-27,SCHEDULED,-60,-1.0
2026-05-29T03:40:53Z,0947012026-05-27,09470,2026-05-27,SCHEDULED,-3660,-61.0
2026-05-29T03:40:53Z,1821612026-05-27,18216,2026-05-27,CANCELED,,
2026-05-29T03:40:53Z,7183312026-05-27,71833,2026-05-27,CANCELED,,
2026-05-29T03:40:53Z,1503212026-05-27,15032,2026-05-27,CANCELED,,
2026-05-29T03:40:53Z,1573412026-05-27,15734,2026-05-27,CANCELED,,
2026-05-29T03:40:53Z,1260812026-05-27,12608,2026-05-27,CANCELED,,
2026-05-29T03:40:53Z,1262312026-05-27,12623,2026-05-27,CANCELED,,
2026-05-29T03:40:53Z,0426112026-05-28,04261,2026-05-28,CANCELED,,
2026-05-29T03:40:53Z,0587112026-05-27,05871,2026-05-27,CANCELED,,
2026-05-29T03:40:53Z,1790762026-05-27,17907,2026-05-27,CANCELED,,
2026-05-29T03:40:53Z,1790742026-05-27,17907,2026-05-27,CANCELED,,
2026-05-29T03:40:53Z,1790752026-05-27,17907,2026-05-27,CANCELED,,
2026-05-29T03:40:53Z,1790712026-05-27,17907,2026-05-27,CANCELED,,
2026-05-29T03:40:53Z,1790732026-05-27,17907,2026-05-27,CANCELED,,
2026-05-29T03:40:53Z,1790722026-05-27,17907,2026-05-27,CANCELED,,
2026-05-29T03:40:53Z,1261112026-05-27,12611,2026-05-27,CANCELED,,
2026-05-29T03:40:53Z,1582012026-05-27,15820,2026-05-27,CANCELED,,
2026-05-29T03:40:53Z,3880722026-05-27,38807,2026-05-27,CANCELED,,
2026-05-29T03:40:53Z,3880712026-05-27,38807,2026-05-27,CANCELED,,
2026-05-29T03:45:53Z,0405612026-05-28,04056,2026-05-28,SCHEDULED,120,2.0
2026-05-29T03:45:53Z,1770712026-05-27,17707,2026-05-27,SCHEDULED,60,1.0
2026-05-29T03:45:53Z,0415422026-05-27,04154,2026-05-27,SCHEDULED,-120,-2.0
2026-05-29T03:45:53Z,0415412026-05-27,04154,2026-05-27,SCHEDULED,-120,-2.0
2026-05-29T03:45:53Z,1241112026-05-27,12411,2026-05-27,SCHEDULED,-60,-1.0
2026-05-29T03:45:53Z,1268912026-05-27,12689,2026-05-27,SCHEDULED,60,1.0
2026-05-29T03:45:53Z,1500012026-05-27,15000,2026-05-27,SCHEDULED,60,1.0
2026-05-29T03:45:53Z,1300112026-05-27,13001,2026-05-27,SCHEDULED,60,1.0
2026-05-29T03:45:53Z,0206312026-05-27,02063,2026-05-27,SCHEDULED,60,1.0
2026-05-29T03:45:53Z,1504612026-05-27,15046,2026-05-27,SCHEDULED,180,3.0
2026-05-29T03:45:53Z,0306242026-05-27,03062,2026-05-27,SCHEDULED,60,1.0
2026-05-29T03:45:53Z,0306232026-05-27,03062,2026-05-27,SCHEDULED,60,1.0
2026-05-29T03:45:53Z,0306212026-05-27,03062,2026-05-27,SCHEDULED,60,1.0
2026-05-29T03:45:53Z,0306222026-05-27,03062,2026-05-27,SCHEDULED,60,1.0
2026-05-29T03:45:53Z,0947012026-05-27,09470,2026-05-27,SCHEDULED,-3360,-56.0
2026-05-29T03:45:53Z,1577022026-05-27,15770,2026-05-27,SCHEDULED,60,1.0
2026-05-29T03:45:53Z,0411422026-05-28,04114,2026-05-28,SCHEDULED,120,2.0
2026-05-29T03:45:53Z,0411412026-05-28,04114,2026-05-28,SCHEDULED,120,2.0
2026-05-29T03:45:53Z,1251212026-05-27,12512,2026-05-27,SCHEDULED,-60,-1.0
2026-05-29T03:45:53Z,1821612026-05-27,18216,2026-05-27,CANCELED,,
2026-05-29T03:45:53Z,7183312026-05-27,71833,2026-05-27,CANCELED,,
2026-05-29T03:45:53Z,1503212026-05-27,15032,2026-05-27,CANCELED,,
2026-05-29T03:45:53Z,1573412026-05-27,15734,2026-05-27,CANCELED,,
2026-05-29T03:45:53Z,1260812026-05-27,12608,2026-05-27,CANCELED,,
2026-05-29T03:45:53Z,1262312026-05-27,12623,2026-05-27,CANCELED,,
2026-05-29T03:45:53Z,0426112026-05-28,04261,2026-05-28,CANCELED,,
2026-05-29T03:45:53Z,1790762026-05-27,17907,2026-05-27,CANCELED,,
2026-05-29T03:45:53Z,1790742026-05-27,17907,2026-05-27,CANCELED,,
2026-05-29T03:45:53Z,1790752026-05-27,17907,2026-05-27,CANCELED,,
2026-05-29T03:45:53Z,1790712026-05-27,17907,2026-05-27,CANCELED,,
2026-05-29T03:45:53Z,1790732026-05-27,17907,2026-05-27,CANCELED,,
2026-05-29T03:45:53Z,1790722026-05-27,17907,2026-05-27,CANCELED,,
2026-05-29T03:45:53Z,0587112026-05-27,05871,2026-05-27,CANCELED,,
2026-05-29T03:45:53Z,3880722026-05-27,38807,2026-05-27,CANCELED,,
2026-05-29T03:45:53Z,3880712026-05-27,38807,2026-05-27,CANCELED,,
2026-05-29T03:45:53Z,1261112026-05-27,12611,2026-05-27,CANCELED,,
2026-05-29T03:45:53Z,1582012026-05-27,15820,2026-05-27,CANCELED,,
2026-05-29T03:50:52Z,1500012026-05-27,15000,2026-05-27,SCHEDULED,60,1.0
2026-05-29T03:50:52Z,0415422026-05-27,04154,2026-05-27,SCHEDULED,-60,-1.0
2026-05-29T03:50:52Z,0415412026-05-27,04154,2026-05-27,SCHEDULED,-60,-1.0
2026-05-29T03:50:52Z,1241112026-05-27,12411,2026-05-27,SCHEDULED,-60,-1.0
2026-05-29T03:50:52Z,1268912026-05-27,12689,2026-05-27,SCHEDULED,60,1.0
2026-05-29T03:50:52Z,1300112026-05-27,13001,2026-05-27,SCHEDULED,60,1.0
2026-05-29T03:50:52Z,1770712026-05-27,17707,2026-05-27,SCHEDULED,180,3.0
2026-05-29T03:50:52Z,1806612026-05-27,18066,2026-05-27,SCHEDULED,-60,-1.0
2026-05-29T03:50:52Z,1804722026-05-27,18047,2026-05-27,SCHEDULED,60,1.0
2026-05-29T03:50:52Z,1804712026-05-27,18047,2026-05-27,SCHEDULED,60,1.0
2026-05-29T03:50:52Z,0206312026-05-27,02063,2026-05-27,SCHEDULED,60,1.0
2026-05-29T03:50:52Z,1577022026-05-27,15770,2026-05-27,SCHEDULED,60,1.0
2026-05-29T03:50:52Z,0306242026-05-27,03062,2026-05-27,SCHEDULED,60,1.0
2026-05-29T03:50:52Z,0306232026-05-27,03062,2026-05-27,SCHEDULED,60,1.0
2026-05-29T03:50:52Z,0306212026-05-27,03062,2026-05-27,SCHEDULED,60,1.0
2026-05-29T03:50:52Z,0306222026-05-27,03062,2026-05-27,SCHEDULED,60,1.0
2026-05-29T03:50:52Z,0807212026-05-27,08072,2026-05-27,SCHEDULED,-60,-1.0
2026-05-29T03:50:52Z,1251212026-05-27,12512,2026-05-27,SCHEDULED,-60,-1.0
2026-05-29T03:50:52Z,0947012026-05-27,09470,2026-05-27,SCHEDULED,-3360,-56.0
2026-05-29T03:50:52Z,1504612026-05-27,15046,2026-05-27,SCHEDULED,180,3.0
2026-05-29T03:50:52Z,0411422026-05-28,04114,2026-05-28,SCHEDULED,480,8.0
2026-05-29T03:50:52Z,0411412026-05-28,04114,2026-05-28,SCHEDULED,480,8.0
2026-05-29T03:50:52Z,7183312026-05-27,71833,2026-05-27,CANCELED,,
2026-05-29T03:50:52Z,1821612026-05-27,18216,2026-05-27,CANCELED,,
2026-05-29T03:50:52Z,0426112026-05-28,04261,2026-05-28,CANCELED,,
2026-05-29T03:50:52Z,1503212026-05-27,15032,2026-05-27,CANCELED,,
2026-05-29T03:50:52Z,1573412026-05-27,15734,2026-05-27,CANCELED,,
2026-05-29T03:50:52Z,0587112026-05-27,05871,2026-05-27,CANCELED,,
2026-05-29T03:50:52Z,1260812026-05-27,12608,2026-05-27,CANCELED,,
2026-05-29T03:50:52Z,1261112026-05-27,12611,2026-05-27,CANCELED,,
2026-05-29T03:50:52Z,1262312026-05-27,12623,2026-05-27,CANCELED,,
2026-05-29T03:50:52Z,1582012026-05-27,15820,2026-05-27,CANCELED,,
2026-05-29T03:50:52Z,1790752026-05-27,17907,2026-05-27,CANCELED,,
2026-05-29T03:50:52Z,1790742026-05-27,17907,2026-05-27,CANCELED,,
2026-05-29T03:50:52Z,1790732026-05-27,17907,2026-05-27,CANCELED,,
2026-05-29T03:50:52Z,1790762026-05-27,17907,2026-05-27,CANCELED,,
2026-05-29T03:50:52Z,1790712026-05-27,17907,2026-05-27,CANCELED,,
2026-05-29T03:50:52Z,1790722026-05-27,17907,2026-05-27,CANCELED,,
2026-05-29T03:50:52Z,3880722026-05-27,38807,2026-05-27,CANCELED,,
2026-05-29T03:50:52Z,3880712026-05-27,38807,2026-05-27,CANCELED,,
2026-05-29T03:55:50Z,1500012026-05-27,15000,2026-05-27,SCHEDULED,-60,-1.0
2026-05-29T03:55:50Z,0405612026-05-28,04056,2026-05-28,SCHEDULED,-60,-1.0
2026-05-29T03:55:50Z,0415422026-05-27,04154,2026-05-27,SCHEDULED,-60,-1.0
2026-05-29T03:55:50Z,0415412026-05-27,04154,2026-05-27,SCHEDULED,-60,-1.0
2026-05-29T03:55:50Z,1241112026-05-27,12411,2026-05-27,SCHEDULED,-60,-1.0
2026-05-29T03:55:50Z,1504012026-05-27,15040,2026-05-27,SCHEDULED,120,2.0
2026-05-29T03:55:50Z,1268912026-05-27,12689,2026-05-27,SCHEDULED,60,1.0
2026-05-29T03:55:50Z,1804722026-05-27,18047,2026-05-27,SCHEDULED,60,1.0
2026-05-29T03:55:50Z,1804712026-05-27,18047,2026-05-27,SCHEDULED,60,1.0
2026-05-29T03:55:50Z,1806612026-05-27,18066,2026-05-27,SCHEDULED,-60,-1.0
2026-05-29T03:55:50Z,1812012026-05-27,18120,2026-05-27,SCHEDULED,-60,-1.0
2026-05-29T03:55:50Z,1770712026-05-27,17707,2026-05-27,SCHEDULED,180,3.0
2026-05-29T03:55:50Z,0206312026-05-27,02063,2026-05-27,SCHEDULED,60,1.0
2026-05-29T03:55:50Z,1577022026-05-27,15770,2026-05-27,SCHEDULED,60,1.0
2026-05-29T03:55:50Z,0306242026-05-27,03062,2026-05-27,SCHEDULED,180,3.0
2026-05-29T03:55:50Z,0306232026-05-27,03062,2026-05-27,SCHEDULED,180,3.0
2026-05-29T03:55:50Z,0306212026-05-27,03062,2026-05-27,SCHEDULED,180,3.0
2026-05-29T03:55:50Z,0306222026-05-27,03062,2026-05-27,SCHEDULED,180,3.0
2026-05-29T03:55:50Z,1251212026-05-27,12512,2026-05-27,SCHEDULED,-60,-1.0
2026-05-29T03:55:50Z,1572012026-05-27,15720,2026-05-27,SCHEDULED,300,5.0
2026-05-29T03:55:50Z,0506312026-05-27,05063,2026-05-27,SCHEDULED,60,1.0
2026-05-29T03:55:50Z,0807212026-05-27,08072,2026-05-27,SCHEDULED,-60,-1.0
2026-05-29T03:55:50Z,0947012026-05-27,09470,2026-05-27,SCHEDULED,-3360,-56.0
2026-05-29T03:55:50Z,0411422026-05-28,04114,2026-05-28,SCHEDULED,480,8.0
2026-05-29T03:55:50Z,0411412026-05-28,04114,2026-05-28,SCHEDULED,480,8.0
2026-05-29T03:55:50Z,3880722026-05-27,38807,2026-05-27,CANCELED,,
2026-05-29T03:55:50Z,3880712026-05-27,38807,2026-05-27,CANCELED,,
2026-05-29T03:55:50Z,1503212026-05-27,15032,2026-05-27,CANCELED,,
2026-05-29T03:55:50Z,7183312026-05-27,71833,2026-05-27,CANCELED,,
2026-05-29T03:55:50Z,1260812026-05-27,12608,2026-05-27,CANCELED,,
2026-05-29T03:55:50Z,1504612026-05-27,15046,2026-05-27,CANCELED,,
2026-05-29T03:55:50Z,1262312026-05-27,12623,2026-05-27,CANCELED,,
2026-05-29T03:55:50Z,1573412026-05-27,15734,2026-05-27,CANCELED,,
2026-05-29T03:55:50Z,1582012026-05-27,15820,2026-05-27,CANCELED,,
2026-05-29T03:55:50Z,0426112026-05-28,04261,2026-05-28,CANCELED,,
2026-05-29T03:55:50Z,1790762026-05-27,17907,2026-05-27,CANCELED,,
2026-05-29T03:55:50Z,1790742026-05-27,17907,2026-05-27,CANCELED,,
2026-05-29T03:55:50Z,1790752026-05-27,17907,2026-05-27,CANCELED,,
2026-05-29T03:55:50Z,1790712026-05-27,17907,2026-05-27,CANCELED,,
2026-05-29T03:55:50Z,1790732026-05-27,17907,2026-05-27,CANCELED,,
2026-05-29T03:55:50Z,1790722026-05-27,17907,2026-05-27,CANCELED,,
2026-05-29T03:55:50Z,0587112026-05-27,05871,2026-05-27,CANCELED,,
2026-05-29T03:55:50Z,1261112026-05-27,12611,2026-05-27,CANCELED,,
2026-05-29T03:55:50Z,1821612026-05-27,18216,2026-05-27,CANCELED,,
2026-05-29T04:01:11Z,0446412026-05-27,04464,2026-05-27,SCHEDULED,60,1.0
2026-05-29T04:01:11Z,1500012026-05-27,15000,2026-05-27,SCHEDULED,-60,-1.0
2026-05-29T04:01:11Z,0415422026-05-27,04154,2026-05-27,SCHEDULED,-60,-1.0
2026-05-29T04:01:11Z,0415412026-05-27,04154,2026-05-27,SCHEDULED,-60,-1.0
2026-05-29T04:01:11Z,1268912026-05-27,12689,2026-05-27,SCHEDULED,60,1.0
2026-05-29T04:01:11Z,1770712026-05-27,17707,2026-05-27,SCHEDULED,180,3.0
2026-05-29T04:01:11Z,1804722026-05-27,18047,2026-05-27,SCHEDULED,180,3.0
2026-05-29T04:01:11Z,1804712026-05-27,18047,2026-05-27,SCHEDULED,180,3.0
2026-05-29T04:01:11Z,1710612026-05-27,17106,2026-05-27,SCHEDULED,-60,-1.0
2026-05-29T04:01:11Z,1807112026-05-27,18071,2026-05-27,SCHEDULED,-60,-1.0
2026-05-29T04:01:11Z,0206312026-05-27,02063,2026-05-27,SCHEDULED,-120,-2.0
2026-05-29T04:01:11Z,1806612026-05-27,18066,2026-05-27,SCHEDULED,-60,-1.0
2026-05-29T04:01:11Z,1572012026-05-27,15720,2026-05-27,SCHEDULED,300,5.0
2026-05-29T04:01:11Z,1577022026-05-27,15770,2026-05-27,SCHEDULED,60,1.0
2026-05-29T04:01:11Z,0306242026-05-27,03062,2026-05-27,SCHEDULED,120,2.0
2026-05-29T04:01:11Z,0306232026-05-27,03062,2026-05-27,SCHEDULED,120,2.0
2026-05-29T04:01:11Z,0306212026-05-27,03062,2026-05-27,SCHEDULED,120,2.0
2026-05-29T04:01:11Z,0306222026-05-27,03062,2026-05-27,SCHEDULED,120,2.0
2026-05-29T04:01:11Z,1504012026-05-27,15040,2026-05-27,SCHEDULED,120,2.0
2026-05-29T04:01:11Z,0506312026-05-27,05063,2026-05-27,SCHEDULED,60,1.0
2026-05-29T04:01:11Z,1251212026-05-27,12512,2026-05-27,SCHEDULED,-60,-1.0
2026-05-29T04:01:11Z,0807212026-05-27,08072,2026-05-27,SCHEDULED,-60,-1.0
2026-05-29T04:01:11Z,1506012026-05-27,15060,2026-05-27,SCHEDULED,180,3.0
2026-05-29T04:01:11Z,0906112026-05-27,09061,2026-05-27,SCHEDULED,-120,-2.0
2026-05-29T04:01:11Z,0947012026-05-27,09470,2026-05-27,SCHEDULED,-3360,-56.0
2026-05-29T04:01:11Z,0411422026-05-28,04114,2026-05-28,SCHEDULED,420,7.0
2026-05-29T04:01:11Z,0411412026-05-28,04114,2026-05-28,SCHEDULED,420,7.0
2026-05-29T04:01:11Z,1503212026-05-27,15032,2026-05-27,CANCELED,,
2026-05-29T04:01:11Z,3880722026-05-27,38807,2026-05-27,CANCELED,,
2026-05-29T04:01:11Z,3880712026-05-27,38807,2026-05-27,CANCELED,,
2026-05-29T04:01:11Z,1260812026-05-27,12608,2026-05-27,CANCELED,,
2026-05-29T04:01:11Z,7183312026-05-27,71833,2026-05-27,CANCELED,,
2026-05-29T04:01:11Z,1262312026-05-27,12623,2026-05-27,CANCELED,,
2026-05-29T04:01:11Z,1504612026-05-27,15046,2026-05-27,CANCELED,,
2026-05-29T04:01:11Z,1573412026-05-27,15734,2026-05-27,CANCELED,,
2026-05-29T04:01:11Z,1582012026-05-27,15820,2026-05-27,CANCELED,,
2026-05-29T04:01:11Z,0426112026-05-28,04261,2026-05-28,CANCELED,,
2026-05-29T04:01:11Z,1790762026-05-27,17907,2026-05-27,CANCELED,,
2026-05-29T04:01:11Z,1790742026-05-27,17907,2026-05-27,CANCELED,,
2026-05-29T04:01:11Z,1790752026-05-27,17907,2026-05-27,CANCELED,,
2026-05-29T04:01:11Z,1790712026-05-27,17907,2026-05-27,CANCELED,,
2026-05-29T04:01:11Z,1790732026-05-27,17907,2026-05-27,CANCELED,,
2026-05-29T04:01:11Z,1790722026-05-27,17907,2026-05-27,CANCELED,,
2026-05-29T04:01:11Z,0587112026-05-27,05871,2026-05-27,CANCELED,,
2026-05-29T04:01:11Z,1261112026-05-27,12611,2026-05-27,CANCELED,,
2026-05-29T04:01:11Z,1821612026-05-27,18216,2026-05-27,CANCELED,,
2026-05-29T04:05:50Z,0406012026-05-28,04060,2026-05-28,SCHEDULED,60,1.0
2026-05-29T04:05:50Z,1804722026-05-28,18047,2026-05-28,SCHEDULED,180,3.0
2026-05-29T04:05:50Z,1804712026-05-28,18047,2026-05-28,SCHEDULED,180,3.0
2026-05-29T04:05:50Z,0446412026-05-28,04464,2026-05-28,SCHEDULED,-60,-1.0
2026-05-29T04:05:50Z,1807112026-05-28,18071,2026-05-28,SCHEDULED,-60,-1.0
2026-05-29T04:05:50Z,0415422026-05-28,04154,2026-05-28,SCHEDULED,-60,-1.0
2026-05-29T04:05:50Z,0415412026-05-28,04154,2026-05-28,SCHEDULED,-60,-1.0
2026-05-29T04:05:50Z,1806612026-05-28,18066,2026-05-28,SCHEDULED,-60,-1.0
2026-05-29T04:05:50Z,1268912026-05-28,12689,2026-05-28,SCHEDULED,60,1.0
2026-05-29T04:05:50Z,3586912026-05-28,35869,2026-05-28,SCHEDULED,60,1.0
2026-05-29T04:05:50Z,1300112026-05-28,13001,2026-05-28,SCHEDULED,-60,-1.0
2026-05-29T04:05:50Z,1891012026-05-28,18910,2026-05-28,SCHEDULED,420,7.0
2026-05-29T04:05:50Z,1500012026-05-28,15000,2026-05-28,SCHEDULED,-60,-1.0
2026-05-29T04:05:50Z,1710612026-05-28,17106,2026-05-28,SCHEDULED,-60,-1.0
2026-05-29T04:05:50Z,1600012026-05-28,16000,2026-05-28,SCHEDULED,-120,-2.0
2026-05-29T04:05:50Z,1770712026-05-28,17707,2026-05-28,SCHEDULED,300,5.0
2026-05-29T04:05:50Z,0206312026-05-28,02063,2026-05-28,SCHEDULED,-60,-1.0
2026-05-29T04:05:50Z,1454112026-05-28,14541,2026-05-28,SCHEDULED,180,3.0
2026-05-29T04:05:50Z,1454122026-05-28,14541,2026-05-28,SCHEDULED,180,3.0
2026-05-29T04:05:50Z,1454132026-05-28,14541,2026-05-28,SCHEDULED,180,3.0
2026-05-29T04:05:50Z,1504012026-05-28,15040,2026-05-28,SCHEDULED,300,5.0
2026-05-29T04:05:50Z,0306242026-05-28,03062,2026-05-28,SCHEDULED,120,2.0
2026-05-29T04:05:50Z,0306232026-05-28,03062,2026-05-28,SCHEDULED,120,2.0
2026-05-29T04:05:50Z,0306212026-05-28,03062,2026-05-28,SCHEDULED,120,2.0
2026-05-29T04:05:50Z,0306222026-05-28,03062,2026-05-28,SCHEDULED,120,2.0
2026-05-29T04:05:50Z,1251212026-05-28,12512,2026-05-28,SCHEDULED,-60,-1.0
2026-05-29T04:05:50Z,1506012026-05-28,15060,2026-05-28,SCHEDULED,180,3.0
2026-05-29T04:05:50Z,1572012026-05-28,15720,2026-05-28,SCHEDULED,180,3.0
2026-05-29T04:05:50Z,0587112026-05-28,05871,2026-05-28,SCHEDULED,120,2.0
2026-05-29T04:05:50Z,1576012026-05-28,15760,2026-05-28,SCHEDULED,180,3.0
2026-05-29T04:05:50Z,0807212026-05-28,08072,2026-05-28,SCHEDULED,-180,-3.0
2026-05-29T04:05:50Z,0906112026-05-28,09061,2026-05-28,SCHEDULED,-120,-2.0
2026-05-29T04:05:50Z,0947012026-05-28,09470,2026-05-28,SCHEDULED,-3360,-56.0
2026-05-29T04:05:50Z,0411422026-05-29,04114,2026-05-29,SCHEDULED,420,7.0
2026-05-29T04:05:50Z,0411412026-05-29,04114,2026-05-29,SCHEDULED,420,7.0
2026-05-29T04:05:50Z,0405612026-05-29,04056,2026-05-29,SCHEDULED,-240,-4.0
2026-05-29T04:05:50Z,1503212026-05-28,15032,2026-05-28,CANCELED,,
2026-05-29T04:05:50Z,3880722026-05-28,38807,2026-05-28,CANCELED,,
2026-05-29T04:05:50Z,3880712026-05-28,38807,2026-05-28,CANCELED,,
2026-05-29T04:05:50Z,1260812026-05-28,12608,2026-05-28,CANCELED,,
2026-05-29T04:05:50Z,7183312026-05-28,71833,2026-05-28,CANCELED,,
2026-05-29T04:05:50Z,1262312026-05-28,12623,2026-05-28,CANCELED,,
2026-05-29T04:05:50Z,1504612026-05-28,15046,2026-05-28,CANCELED,,
2026-05-29T04:05:50Z,1573412026-05-28,15734,2026-05-28,CANCELED,,
2026-05-29T04:05:50Z,1582012026-05-28,15820,2026-05-28,CANCELED,,
2026-05-29T04:05:50Z,1790762026-05-28,17907,2026-05-28,CANCELED,,
2026-05-29T04:05:50Z,1790742026-05-28,17907,2026-05-28,CANCELED,,
2026-05-29T04:05:50Z,1790752026-05-28,17907,2026-05-28,CANCELED,,
2026-05-29T04:05:50Z,1790712026-05-28,17907,2026-05-28,CANCELED,,
2026-05-29T04:05:50Z,1790732026-05-28,17907,2026-05-28,CANCELED,,
2026-05-29T04:05:50Z,1790722026-05-28,17907,2026-05-28,CANCELED,,
2026-05-29T04:05:50Z,0426112026-05-29,04261,2026-05-29,CANCELED,,
2026-05-29T04:05:50Z,0587112026-05-28,05871,2026-05-28,CANCELED,,
2026-05-29T04:05:50Z,1261112026-05-28,12611,2026-05-28,CANCELED,,
2026-05-29T04:05:50Z,1821612026-05-28,18216,2026-05-28,CANCELED,,
2026-05-29T04:10:51Z,0405612026-05-29,04056,2026-05-29,SCHEDULED,-240,-4.0
2026-05-29T04:10:51Z,1770712026-05-28,17707,2026-05-28,SCHEDULED,300,5.0
2026-05-29T04:10:51Z,0406012026-05-28,04060,2026-05-28,SCHEDULED,60,1.0
2026-05-29T04:10:51Z,1804722026-05-28,18047,2026-05-28,SCHEDULED,300,5.0
2026-05-29T04:10:51Z,1804712026-05-28,18047,2026-05-28,SCHEDULED,300,5.0
2026-05-29T04:10:51Z,0415422026-05-28,04154,2026-05-28,SCHEDULED,60,1.0
2026-05-29T04:10:51Z,0415412026-05-28,04154,2026-05-28,SCHEDULED,60,1.0
2026-05-29T04:10:51Z,1241112026-05-28,12411,2026-05-28,SCHEDULED,-60,-1.0
2026-05-29T04:10:51Z,1807112026-05-28,18071,2026-05-28,SCHEDULED,-120,-2.0
2026-05-29T04:10:51Z,1268912026-05-28,12689,2026-05-28,SCHEDULED,60,1.0
2026-05-29T04:10:51Z,1806612026-05-28,18066,2026-05-28,SCHEDULED,-120,-2.0
2026-05-29T04:10:51Z,1300112026-05-28,13001,2026-05-28,SCHEDULED,60,1.0
2026-05-29T04:10:51Z,1831012026-05-28,18310,2026-05-28,SCHEDULED,120,2.0
2026-05-29T04:10:51Z,1320212026-05-28,13202,2026-05-28,SCHEDULED,120,2.0
2026-05-29T04:10:51Z,3586912026-05-28,35869,2026-05-28,SCHEDULED,180,3.0
2026-05-29T04:10:51Z,1891012026-05-28,18910,2026-05-28,SCHEDULED,420,7.0
2026-05-29T04:10:51Z,0206112026-05-28,02061,2026-05-28,SCHEDULED,180,3.0
2026-05-29T04:10:51Z,1580412026-05-28,15804,2026-05-28,SCHEDULED,-60,-1.0
2026-05-29T04:10:51Z,0206312026-05-28,02063,2026-05-28,SCHEDULED,-60,-1.0
2026-05-29T04:10:51Z,0206712026-05-28,02067,2026-05-28,SCHEDULED,360,6.0
2026-05-29T04:10:51Z,1572012026-05-28,15720,2026-05-28,SCHEDULED,180,3.0
2026-05-29T04:10:51Z,1577022026-05-28,15770,2026-05-28,SCHEDULED,60,1.0
2026-05-29T04:10:51Z,1576012026-05-28,15760,2026-05-28,SCHEDULED,180,3.0
2026-05-29T04:10:51Z,0306242026-05-28,03062,2026-05-28,SCHEDULED,120,2.0
2026-05-29T04:10:51Z,0306232026-05-28,03062,2026-05-28,SCHEDULED,120,2.0
2026-05-29T04:10:51Z,0306212026-05-28,03062,2026-05-28,SCHEDULED,120,2.0
2026-05-29T04:10:51Z,0306222026-05-28,03062,2026-05-28,SCHEDULED,120,2.0
2026-05-29T04:10:51Z,1500012026-05-28,15000,2026-05-28,SCHEDULED,60,1.0
2026-05-29T04:10:51Z,1600012026-05-28,16000,2026-05-28,SCHEDULED,-120,-2.0
2026-05-29T04:10:51Z,0306242026-05-28,03062,2026-05-28,SCHEDULED,120,2.0
2026-05-29T04:10:51Z,0306232026-05-28,03062,2026-05-28,SCHEDULED,120,2.0
2026-05-29T04:10:51Z,0306212026-05-28,03062,2026-05-28,SCHEDULED,120,2.0
2026-05-29T04:10:51Z,0306222026-05-28,03062,2026-05-28,SCHEDULED,120,2.0
2026-05-29T04:10:51Z,1504012026-05-28,15040,2026-05-28,SCHEDULED,360,6.0
2026-05-29T04:10:51Z,0587112026-05-28,05871,2026-05-28,SCHEDULED,180,3.0
2026-05-29T04:10:51Z,0807212026-05-28,08072,2026-05-28,SCHEDULED,-60,-1.0
2026-05-29T04:10:51Z,1506012026-05-28,15060,2026-05-28,SCHEDULED,240,4.0
2026-05-29T04:10:51Z,0906112026-05-28,09061,2026-05-28,SCHEDULED,-180,-3.0
2026-05-29T04:10:51Z,0947012026-05-28,09470,2026-05-28,SCHEDULED,-3360,-56.0
2026-05-29T04:10:51Z,0411422026-05-29,04114,2026-05-29,SCHEDULED,420,7.0
2026-05-29T04:10:51Z,0411412026-05-29,04114,2026-05-29,SCHEDULED,420,7.0
2026-05-29T04:10:51Z,1503212026-05-28,15032,2026-05-28,CANCELED,,
2026-05-29T04:10:51Z,3880722026-05-28,38807,2026-05-28,CANCELED,,
2026-05-29T04:10:51Z,3880712026-05-28,38807,2026-05-28,CANCELED,,
2026-05-29T04:10:51Z,1260812026-05-28,12608,2026-05-28,CANCELED,,
2026-05-29T04:10:51Z,7183312026-05-28,71833,2026-05-28,CANCELED,,
2026-05-29T04:10:51Z,1262312026-05-28,12623,2026-05-28,CANCELED,,
2026-05-29T04:10:51Z,1504612026-05-28,15046,2026-05-28,CANCELED,,
2026-05-29T04:10:51Z,1573412026-05-28,15734,2026-05-28,CANCELED,,
2026-05-29T04:10:51Z,1582012026-05-28,15820,2026-05-28,CANCELED,,
2026-05-29T04:10:51Z,0426112026-05-29,04261,2026-05-29,CANCELED,,
2026-05-29T04:10:51Z,1790762026-05-28,17907,2026-05-28,CANCELED,,
2026-05-29T04:10:51Z,1790742026-05-28,17907,2026-05-28,CANCELED,,
2026-05-29T04:10:51Z,1790752026-05-28,17907,2026-05-28,CANCELED,,
2026-05-29T04:10:51Z,1790712026-05-28,17907,2026-05-28,CANCELED,,
2026-05-29T04:10:51Z,1790732026-05-28,17907,2026-05-28,CANCELED,,
2026-05-29T04:10:51Z,1790722026-05-28,17907,2026-05-28,CANCELED,,
2026-05-29T04:10:51Z,0587112026-05-28,05871,2026-05-28,CANCELED,,
2026-05-29T04:10:51Z,1261112026-05-28,12611,2026-05-28,CANCELED,,
2026-05-29T04:10:51Z,1821612026-05-28,18216,2026-05-28,CANCELED,,
2026-05-29T04:15:53Z,1770712026-05-28,17707,2026-05-28,SCHEDULED,300,5.0
2026-05-29T04:15:53Z,0415422026-05-28,04154,2026-05-28,SCHEDULED,60,1.0
2026-05-29T04:15:53Z,0415412026-05-28,04154,2026-05-28,SCHEDULED,60,1.0
2026-05-29T04:15:53Z,1804612026-05-28,18046,2026-05-28,SCHEDULED,60,1.0
2026-05-29T04:15:53Z,1268912026-05-28,12689,2026-05-28,SCHEDULED,60,1.0
2026-05-29T04:15:53Z,1300112026-05-28,13001,2026-05-28,SCHEDULED,60,1.0
2026-05-29T04:15:53Z,1804722026-05-28,18047,2026-05-28,SCHEDULED,360,6.0
2026-05-29T04:15:53Z,1804712026-05-28,18047,2026-05-28,SCHEDULED,360,6.0
2026-05-29T04:15:53Z,1807112026-05-28,18071,2026-05-28,SCHEDULED,-120,-2.0
2026-05-29T04:15:53Z,1505112026-05-28,15051,2026-05-28,SCHEDULED,840,14.0
2026-05-29T04:15:53Z,1530912026-05-28,15309,2026-05-28,SCHEDULED,540,9.0
2026-05-29T04:15:53Z,1806612026-05-28,18066,2026-05-28,SCHEDULED,-120,-2.0
2026-05-29T04:15:53Z,0206112026-05-28,02061,2026-05-28,SCHEDULED,180,3.0
2026-05-29T04:15:53Z,1812012026-05-28,18120,2026-05-28,SCHEDULED,-60,-1.0
2026-05-29T04:15:53Z,0206312026-05-28,02063,2026-05-28,SCHEDULED,-360,-6.0
2026-05-29T04:15:53Z,0206712026-05-28,02067,2026-05-28,SCHEDULED,300,5.0
2026-05-29T04:15:53Z,1831012026-05-28,18310,2026-05-28,SCHEDULED,120,2.0
2026-05-29T04:15:53Z,3586912026-05-28,35869,2026-05-28,SCHEDULED,120,2.0
2026-05-29T04:15:53Z,0306242026-05-28,03062,2026-05-28,SCHEDULED,60,1.0
2026-05-29T04:15:53Z,0306232026-05-28,03062,2026-05-28,SCHEDULED,60,1.0
2026-05-29T04:15:53Z,0306212026-05-28,03062,2026-05-28,SCHEDULED,60,1.0
2026-05-29T04:15:53Z,0306222026-05-28,03062,2026-05-28,SCHEDULED,60,1.0
2026-05-29T04:15:53Z,1891012026-05-28,18910,2026-05-28,SCHEDULED,420,7.0
2026-05-29T04:15:53Z,1500012026-05-28,15000,2026-05-28,SCHEDULED,120,2.0
2026-05-29T04:15:53Z,0306242026-05-28,03062,2026-05-28,SCHEDULED,120,2.0
2026-05-29T04:15:53Z,0306232026-05-28,03062,2026-05-28,SCHEDULED,120,2.0
2026-05-29T04:15:53Z,0306212026-05-28,03062,2026-05-28,SCHEDULED,120,2.0
2026-05-29T04:15:53Z,0306222026-05-28,03062,2026-05-28,SCHEDULED,120,2.0
2026-05-29T04:15:53Z,1600012026-05-28,16000,2026-05-28,SCHEDULED,-120,-2.0
2026-05-29T04:15:53Z,0587112026-05-28,05871,2026-05-28,SCHEDULED,240,4.0
2026-05-29T04:15:53Z,1504012026-05-28,15040,2026-05-28,SCHEDULED,360,6.0
2026-05-29T04:15:53Z,0807212026-05-28,08072,2026-05-28,SCHEDULED,-60,-1.0
2026-05-29T04:15:53Z,0906112026-05-28,09061,2026-05-28,SCHEDULED,-180,-3.0
2026-05-29T04:15:53Z,0947012026-05-28,09470,2026-05-28,SCHEDULED,-3360,-56.0
2026-05-29T04:15:53Z,0411422026-05-29,04114,2026-05-29,SCHEDULED,420,7.0
2026-05-29T04:15:53Z,0411412026-05-29,04114,2026-05-29,SCHEDULED,420,7.0
2026-05-29T04:15:53Z,0405612026-05-29,04056,2026-05-29,SCHEDULED,-300,-5.0
2026-05-29T04:15:53Z,1506012026-05-28,15060,2026-05-28,SCHEDULED,480,8.0
2026-05-29T04:15:53Z,1572012026-05-28,15720,2026-05-28,SCHEDULED,300,5.0
2026-05-29T04:15:53Z,1577022026-05-28,15770,2026-05-28,SCHEDULED,60,1.0
2026-05-29T04:15:53Z,1576012026-05-28,15760,2026-05-28,SCHEDULED,180,3.0
2026-05-29T04:15:53Z,1503212026-05-28,15032,2026-05-28,CANCELED,,
2026-05-29T04:15:53Z,3880722026-05-28,38807,2026-05-28,CANCELED,,
2026-05-29T04:15:53Z,3880712026-05-28,38807,2026-05-28,CANCELED,,
2026-05-29T04:15:53Z,1260812026-05-28,12608,2026-05-28,CANCELED,,
2026-05-29T04:15:53Z,7183312026-05-28,71833,2026-05-28,CANCELED,,
2026-05-29T04:15:53Z,1262312026-05-28,12623,2026-05-28,CANCELED,,
2026-05-29T04:15:53Z,1504612026-05-28,15046,2026-05-28,CANCELED,,
2026-05-29T04:15:53Z,1573412026-05-28,15734,2026-05-28,CANCELED,,
2026-05-29T04:15:53Z,1582012026-05-28,15820,2026-05-28,CANCELED,,
2026-05-29T04:15:53Z,1790762026-05-28,17907,2026-05-28,CANCELED,,
2026-05-29T04:15:53Z,1790742026-05-28,17907,2026-05-28,CANCELED,,
2026-05-29T04:15:53Z,1790752026-05-28,17907,2026-05-28,CANCELED,,
2026-05-29T04:15:53Z,1790712026-05-28,17907,2026-05-28,CANCELED,,
2026-05-29T04:15:53Z,1790732026-05-28,17907,2026-05-28,CANCELED,,
2026-05-29T04:15:53Z,1790722026-05-28,17907,2026-05-28,CANCELED,,
2026-05-29T04:15:53Z,0426112026-05-29,04261,2026-05-29,CANCELED,,
2026-05-29T04:15:53Z,0587112026-05-28,05871,2026-05-28,CANCELED,,
2026-05-29T04:15:53Z,1261112026-05-28,12611,2026-05-28,CANCELED,,
2026-05-29T04:15:53Z,1821612026-05-28,18216,2026-05-28,CANCELED,,
2026-05-29T04:20:52Z,0405612026-05-29,04056,2026-05-29,SCHEDULED,-540,-9.0
2026-05-29T04:20:52Z,0406012026-05-28,04060,2026-05-28,SCHEDULED,120,2.0
2026-05-29T04:20:52Z,0415422026-05-28,04154,2026-05-28,SCHEDULED,60,1.0
2026-05-29T04:20:52Z,0415412026-05-28,04154,2026-05-28,SCHEDULED,60,1.0
2026-05-29T04:20:52Z,1806612026-05-28,18066,2026-05-28,SCHEDULED,-120,-2.0
2026-05-29T04:20:52Z,1812012026-05-28,18120,2026-05-28,SCHEDULED,60,1.0
2026-05-29T04:20:52Z,1831012026-05-28,18310,2026-05-28,SCHEDULED,60,1.0
2026-05-29T04:20:52Z,1268912026-05-28,12689,2026-05-28,SCHEDULED,240,4.0
2026-05-29T04:20:52Z,3586912026-05-28,35869,2026-05-28,SCHEDULED,120,2.0
2026-05-29T04:20:52Z,1300112026-05-28,13001,2026-05-28,SCHEDULED,60,1.0
2026-05-29T04:20:52Z,1320212026-05-28,13202,2026-05-28,SCHEDULED,240,4.0
2026-05-29T04:20:52Z,1770712026-05-28,17707,2026-05-28,SCHEDULED,300,5.0
2026-05-29T04:20:52Z,1505112026-05-28,15051,2026-05-28,SCHEDULED,780,13.0
2026-05-29T04:20:52Z,1804112026-05-28,18041,2026-05-28,SCHEDULED,180,3.0
2026-05-29T04:20:52Z,1530912026-05-28,15309,2026-05-28,SCHEDULED,540,9.0
2026-05-29T04:20:52Z,0206112026-05-28,02061,2026-05-28,SCHEDULED,180,3.0
2026-05-29T04:20:52Z,1804722026-05-28,18047,2026-05-28,SCHEDULED,300,5.0
2026-05-29T04:20:52Z,1804712026-05-28,18047,2026-05-28,SCHEDULED,300,5.0
2026-05-29T04:20:52Z,0206312026-05-28,02063,2026-05-28,SCHEDULED,-360,-6.0
2026-05-29T04:20:52Z,0206712026-05-28,02067,2026-05-28,SCHEDULED,360,6.0
2026-05-29T04:20:52Z,1506012026-05-28,15060,2026-05-28,SCHEDULED,480,8.0
2026-05-29T04:20:52Z,0306242026-05-28,03062,2026-05-28,SCHEDULED,60,1.0
2026-05-29T04:20:52Z,0306232026-05-28,03062,2026-05-28,SCHEDULED,60,1.0
2026-05-29T04:20:52Z,0306212026-05-28,03062,2026-05-28,SCHEDULED,60,1.0
2026-05-29T04:20:52Z,0306222026-05-28,03062,2026-05-28,SCHEDULED,60,1.0
2026-05-29T04:20:52Z,1572012026-05-28,15720,2026-05-28,SCHEDULED,120,2.0
2026-05-29T04:20:52Z,1576012026-05-28,15760,2026-05-28,SCHEDULED,180,3.0
2026-05-29T04:20:52Z,0306242026-05-28,03062,2026-05-28,SCHEDULED,180,3.0
2026-05-29T04:20:52Z,0306232026-05-28,03062,2026-05-28,SCHEDULED,180,3.0
2026-05-29T04:20:52Z,0306212026-05-28,03062,2026-05-28,SCHEDULED,180,3.0
2026-05-29T04:20:52Z,0306222026-05-28,03062,2026-05-28,SCHEDULED,180,3.0
2026-05-29T04:20:52Z,1891012026-05-28,18910,2026-05-28,SCHEDULED,780,13.0
2026-05-29T04:20:52Z,0566812026-05-28,05668,2026-05-28,SCHEDULED,180,3.0
2026-05-29T04:20:52Z,1500012026-05-28,15000,2026-05-28,SCHEDULED,120,2.0
2026-05-29T04:20:52Z,1600012026-05-28,16000,2026-05-28,SCHEDULED,120,2.0
2026-05-29T04:20:52Z,0587112026-05-28,05871,2026-05-28,SCHEDULED,240,4.0
2026-05-29T04:20:52Z,1504012026-05-28,15040,2026-05-28,SCHEDULED,420,7.0
2026-05-29T04:20:52Z,0906112026-05-28,09061,2026-05-28,SCHEDULED,-120,-2.0
2026-05-29T04:20:52Z,0947012026-05-28,09470,2026-05-28,SCHEDULED,-3360,-56.0
2026-05-29T04:20:52Z,0411422026-05-29,04114,2026-05-29,SCHEDULED,540,9.0
2026-05-29T04:20:52Z,0411412026-05-29,04114,2026-05-29,SCHEDULED,540,9.0
2026-05-29T04:20:52Z,1503212026-05-28,15032,2026-05-28,CANCELED,,
2026-05-29T04:20:52Z,3880722026-05-28,38807,2026-05-28,CANCELED,,
2026-05-29T04:20:52Z,3880712026-05-28,38807,2026-05-28,CANCELED,,
2026-05-29T04:20:52Z,1260812026-05-28,12608,2026-05-28,CANCELED,,
2026-05-29T04:20:52Z,7183312026-05-28,71833,2026-05-28,CANCELED,,
2026-05-29T04:20:52Z,1262312026-05-28,12623,2026-05-28,CANCELED,,
2026-05-29T04:20:52Z,1504612026-05-28,15046,2026-05-28,CANCELED,,
2026-05-29T04:20:52Z,1573412026-05-28,15734,2026-05-28,CANCELED,,
2026-05-29T04:20:52Z,1582012026-05-28,15820,2026-05-28,CANCELED,,
2026-05-29T04:20:52Z,0426112026-05-29,04261,2026-05-29,CANCELED,,
2026-05-29T04:20:52Z,1790762026-05-28,17907,2026-05-28,CANCELED,,
2026-05-29T04:20:52Z,1790742026-05-28,17907,2026-05-28,CANCELED,,
2026-05-29T04:20:52Z,1790752026-05-28,17907,2026-05-28,CANCELED,,
2026-05-29T04:20:52Z,1790712026-05-28,17907,2026-05-28,CANCELED,,
2026-05-29T04:20:52Z,1790732026-05-28,17907,2026-05-28,CANCELED,,
2026-05-29T04:20:52Z,1790722026-05-28,17907,2026-05-28,CANCELED,,
2026-05-29T04:20:52Z,0587112026-05-28,05871,2026-05-28,CANCELED,,
2026-05-29T04:20:52Z,1261112026-05-28,12611,2026-05-28,CANCELED,,
2026-05-29T04:20:52Z,1821612026-05-28,18216,2026-05-28,CANCELED,,
2026-05-29T04:25:53Z,0406012026-05-28,04060,2026-05-28,SCHEDULED,180,3.0
2026-05-29T04:25:53Z,1770312026-05-28,17703,2026-05-28,SCHEDULED,60,1.0
2026-05-29T04:25:53Z,1770712026-05-28,17707,2026-05-28,SCHEDULED,300,5.0
2026-05-29T04:25:53Z,1804112026-05-28,18041,2026-05-28,SCHEDULED,180,3.0
2026-05-29T04:25:53Z,0415422026-05-28,04154,2026-05-28,SCHEDULED,-60,-1.0
2026-05-29T04:25:53Z,0415412026-05-28,04154,2026-05-28,SCHEDULED,-60,-1.0
2026-05-29T04:25:53Z,1804612026-05-28,18046,2026-05-28,SCHEDULED,60,1.0
2026-05-29T04:25:53Z,1804722026-05-28,18047,2026-05-28,SCHEDULED,360,6.0
2026-05-29T04:25:53Z,1804712026-05-28,18047,2026-05-28,SCHEDULED,360,6.0
2026-05-29T04:25:53Z,1806812026-05-28,18068,2026-05-28,SCHEDULED,-60,-1.0
2026-05-29T04:25:53Z,1268912026-05-28,12689,2026-05-28,SCHEDULED,180,3.0
2026-05-29T04:25:53Z,1300112026-05-28,13001,2026-05-28,SCHEDULED,120,2.0
2026-05-29T04:25:53Z,1807212026-05-28,18072,2026-05-28,SCHEDULED,60,1.0
2026-05-29T04:25:53Z,1305112026-05-28,13051,2026-05-28,SCHEDULED,60,1.0
2026-05-29T04:25:53Z,1806612026-05-28,18066,2026-05-28,SCHEDULED,-240,-4.0
2026-05-29T04:25:53Z,1812012026-05-28,18120,2026-05-28,SCHEDULED,60,1.0
2026-05-29T04:25:53Z,1320112026-05-28,13201,2026-05-28,SCHEDULED,60,1.0
2026-05-29T04:25:53Z,1320212026-05-28,13202,2026-05-28,SCHEDULED,240,4.0
2026-05-29T04:25:53Z,3586912026-05-28,35869,2026-05-28,SCHEDULED,120,2.0
2026-05-29T04:25:53Z,1500212026-05-28,15002,2026-05-28,SCHEDULED,-60,-1.0
2026-05-29T04:25:53Z,1505112026-05-28,15051,2026-05-28,SCHEDULED,600,10.0
2026-05-29T04:25:53Z,1506012026-05-28,15060,2026-05-28,SCHEDULED,480,8.0
2026-05-29T04:25:53Z,1580412026-05-28,15804,2026-05-28,SCHEDULED,120,2.0
2026-05-29T04:25:53Z,1530912026-05-28,15309,2026-05-28,SCHEDULED,480,8.0
2026-05-29T04:25:53Z,1572012026-05-28,15720,2026-05-28,SCHEDULED,120,2.0
2026-05-29T04:25:53Z,0206112026-05-28,02061,2026-05-28,SCHEDULED,120,2.0
2026-05-29T04:25:53Z,1577022026-05-28,15770,2026-05-28,SCHEDULED,-60,-1.0
2026-05-29T04:25:53Z,1576012026-05-28,15760,2026-05-28,SCHEDULED,660,11.0
2026-05-29T04:25:53Z,0206712026-05-28,02067,2026-05-28,SCHEDULED,360,6.0
2026-05-29T04:25:53Z,1590012026-05-28,15900,2026-05-28,SCHEDULED,240,4.0
2026-05-29T04:25:53Z,1891012026-05-28,18910,2026-05-28,SCHEDULED,780,13.0
2026-05-29T04:25:53Z,0306242026-05-28,03062,2026-05-28,SCHEDULED,60,1.0
2026-05-29T04:25:53Z,0306232026-05-28,03062,2026-05-28,SCHEDULED,60,1.0
2026-05-29T04:25:53Z,0306212026-05-28,03062,2026-05-28,SCHEDULED,60,1.0
2026-05-29T04:25:53Z,0306222026-05-28,03062,2026-05-28,SCHEDULED,60,1.0
2026-05-29T04:25:53Z,1443312026-05-28,14433,2026-05-28,SCHEDULED,60,1.0
2026-05-29T04:25:53Z,1500012026-05-28,15000,2026-05-28,SCHEDULED,180,3.0
2026-05-29T04:25:53Z,1600012026-05-28,16000,2026-05-28,SCHEDULED,120,2.0
2026-05-29T04:25:53Z,0306242026-05-28,03062,2026-05-28,SCHEDULED,120,2.0
2026-05-29T04:25:53Z,0306232026-05-28,03062,2026-05-28,SCHEDULED,120,2.0
2026-05-29T04:25:53Z,0306212026-05-28,03062,2026-05-28,SCHEDULED,120,2.0
2026-05-29T04:25:53Z,0306222026-05-28,03062,2026-05-28,SCHEDULED,120,2.0
2026-05-29T04:25:53Z,0366222026-05-28,03662,2026-05-28,SCHEDULED,180,3.0
2026-05-29T04:25:53Z,0366212026-05-28,03662,2026-05-28,SCHEDULED,180,3.0
2026-05-29T04:25:53Z,0805812026-05-28,08058,2026-05-28,SCHEDULED,60,1.0
2026-05-29T04:25:53Z,1504012026-05-28,15040,2026-05-28,SCHEDULED,300,5.0
2026-05-29T04:25:53Z,0566812026-05-28,05668,2026-05-28,SCHEDULED,240,4.0
2026-05-29T04:25:53Z,0587112026-05-28,05871,2026-05-28,SCHEDULED,360,6.0
2026-05-29T04:25:53Z,0847512026-05-29,08475,2026-05-29,SCHEDULED,120,2.0
2026-05-29T04:25:53Z,0947012026-05-28,09470,2026-05-28,SCHEDULED,-1080,-18.0
2026-05-29T04:25:53Z,0411422026-05-29,04114,2026-05-29,SCHEDULED,540,9.0
2026-05-29T04:25:53Z,0411412026-05-29,04114,2026-05-29,SCHEDULED,540,9.0
2026-05-29T04:25:53Z,0405612026-05-29,04056,2026-05-29,SCHEDULED,-660,-11.0
2026-05-29T04:25:53Z,1503212026-05-28,15032,2026-05-28,CANCELED,,
2026-05-29T04:25:53Z,1504612026-05-28,15046,2026-05-28,CANCELED,,
2026-05-29T04:25:53Z,1260812026-05-28,12608,2026-05-28,CANCELED,,
2026-05-29T04:25:53Z,1573412026-05-28,15734,2026-05-28,CANCELED,,
2026-05-29T04:25:53Z,1262312026-05-28,12623,2026-05-28,CANCELED,,
2026-05-29T04:25:53Z,3880722026-05-28,38807,2026-05-28,CANCELED,,
2026-05-29T04:25:53Z,3880712026-05-28,38807,2026-05-28,CANCELED,,
2026-05-29T04:25:53Z,7183312026-05-28,71833,2026-05-28,CANCELED,,
2026-05-29T04:25:53Z,1582012026-05-28,15820,2026-05-28,CANCELED,,
2026-05-29T04:25:53Z,1790762026-05-28,17907,2026-05-28,CANCELED,,
2026-05-29T04:25:53Z,1790742026-05-28,17907,2026-05-28,CANCELED,,
2026-05-29T04:25:53Z,1790752026-05-28,17907,2026-05-28,CANCELED,,
2026-05-29T04:25:53Z,1790712026-05-28,17907,2026-05-28,CANCELED,,
2026-05-29T04:25:53Z,1790732026-05-28,17907,2026-05-28,CANCELED,,
2026-05-29T04:25:53Z,1790722026-05-28,17907,2026-05-28,CANCELED,,
2026-05-29T04:25:53Z,0426112026-05-29,04261,2026-05-29,CANCELED,,
2026-05-29T04:25:53Z,0587112026-05-28,05871,2026-05-28,CANCELED,,
2026-05-29T04:25:53Z,1821612026-05-28,18216,2026-05-28,CANCELED,,
2026-05-29T04:31:02Z,1804722026-05-28,18047,2026-05-28,SCHEDULED,240,4.0
2026-05-29T04:31:02Z,1804712026-05-28,18047,2026-05-28,SCHEDULED,240,4.0
2026-05-29T04:31:02Z,0947012026-05-28,09470,2026-05-28,SCHEDULED,-1080,-18.0
2026-05-29T04:31:02Z,1805412026-05-28,18054,2026-05-28,SCHEDULED,60,1.0
2026-05-29T04:31:02Z,0411422026-05-29,04114,2026-05-29,SCHEDULED,540,9.0
2026-05-29T04:31:02Z,0411412026-05-29,04114,2026-05-29,SCHEDULED,540,9.0
2026-05-29T04:31:02Z,0405612026-05-29,04056,2026-05-29,SCHEDULED,-720,-12.0
2026-05-29T04:31:02Z,1807112026-05-28,18071,2026-05-28,SCHEDULED,120,2.0
2026-05-29T04:31:02Z,1807212026-05-28,18072,2026-05-28,SCHEDULED,180,3.0
2026-05-29T04:31:02Z,0406012026-05-28,04060,2026-05-28,SCHEDULED,60,1.0
2026-05-29T04:31:02Z,1806612026-05-28,18066,2026-05-28,SCHEDULED,60,1.0
2026-05-29T04:31:02Z,1812012026-05-28,18120,2026-05-28,SCHEDULED,120,2.0
2026-05-29T04:31:02Z,1831012026-05-28,18310,2026-05-28,SCHEDULED,-60,-1.0
2026-05-29T04:31:02Z,0446412026-05-28,04464,2026-05-28,SCHEDULED,-120,-2.0
2026-05-29T04:31:02Z,3586912026-05-28,35869,2026-05-28,SCHEDULED,120,2.0
2026-05-29T04:31:02Z,0415422026-05-28,04154,2026-05-28,SCHEDULED,240,4.0
2026-05-29T04:31:02Z,0415412026-05-28,04154,2026-05-28,SCHEDULED,240,4.0
2026-05-29T04:31:02Z,1530912026-05-28,15309,2026-05-28,SCHEDULED,540,9.0
2026-05-29T04:31:02Z,1241112026-05-28,12411,2026-05-28,SCHEDULED,180,3.0
2026-05-29T04:31:02Z,1268912026-05-28,12689,2026-05-28,SCHEDULED,120,2.0
2026-05-29T04:31:02Z,1300112026-05-28,13001,2026-05-28,SCHEDULED,180,3.0
2026-05-29T04:31:02Z,1305112026-05-28,13051,2026-05-28,SCHEDULED,60,1.0
2026-05-29T04:31:02Z,1770312026-05-28,17703,2026-05-28,SCHEDULED,60,1.0
2026-05-29T04:31:02Z,1770712026-05-28,17707,2026-05-28,SCHEDULED,300,5.0
2026-05-29T04:31:02Z,1320112026-05-28,13201,2026-05-28,SCHEDULED,60,1.0
2026-05-29T04:31:02Z,1320212026-05-28,13202,2026-05-28,SCHEDULED,240,4.0
2026-05-29T04:31:02Z,1500212026-05-28,15002,2026-05-28,SCHEDULED,60,1.0
2026-05-29T04:31:02Z,1505112026-05-28,15051,2026-05-28,SCHEDULED,540,9.0
2026-05-29T04:31:02Z,1804112026-05-28,18041,2026-05-28,SCHEDULED,120,2.0
2026-05-29T04:31:02Z,1804612026-05-28,18046,2026-05-28,SCHEDULED,60,1.0
2026-05-29T04:31:02Z,0206112026-05-28,02061,2026-05-28,SCHEDULED,120,2.0
2026-05-29T04:31:02Z,0206312026-05-28,02063,2026-05-28,SCHEDULED,-180,-3.0
2026-05-29T04:31:02Z,1251212026-05-28,12512,2026-05-28,SCHEDULED,-120,-2.0
2026-05-29T04:31:02Z,0206712026-05-28,02067,2026-05-28,SCHEDULED,360,6.0
2026-05-29T04:31:02Z,1506012026-05-28,15060,2026-05-28,SCHEDULED,600,10.0
2026-05-29T04:31:02Z,0306242026-05-28,03062,2026-05-28,SCHEDULED,60,1.0
2026-05-29T04:31:02Z,0306232026-05-28,03062,2026-05-28,SCHEDULED,60,1.0
2026-05-29T04:31:02Z,0306212026-05-28,03062,2026-05-28,SCHEDULED,60,1.0
2026-05-29T04:31:02Z,0306222026-05-28,03062,2026-05-28,SCHEDULED,60,1.0
2026-05-29T04:31:02Z,1580412026-05-28,15804,2026-05-28,SCHEDULED,240,4.0
2026-05-29T04:31:02Z,1572012026-05-28,15720,2026-05-28,SCHEDULED,240,4.0
2026-05-29T04:31:02Z,0306312026-05-28,03063,2026-05-28,SCHEDULED,-60,-1.0
2026-05-29T04:31:02Z,0306322026-05-28,03063,2026-05-28,SCHEDULED,-60,-1.0
2026-05-29T04:31:02Z,0306332026-05-28,03063,2026-05-28,SCHEDULED,-60,-1.0
2026-05-29T04:31:02Z,1576012026-05-28,15760,2026-05-28,SCHEDULED,780,13.0
2026-05-29T04:31:02Z,0306242026-05-28,03062,2026-05-28,SCHEDULED,180,3.0
2026-05-29T04:31:02Z,0306232026-05-28,03062,2026-05-28,SCHEDULED,180,3.0
2026-05-29T04:31:02Z,0306212026-05-28,03062,2026-05-28,SCHEDULED,180,3.0
2026-05-29T04:31:02Z,0306222026-05-28,03062,2026-05-28,SCHEDULED,180,3.0
2026-05-29T04:31:02Z,1590012026-05-28,15900,2026-05-28,SCHEDULED,420,7.0
2026-05-29T04:31:02Z,0366222026-05-28,03662,2026-05-28,SCHEDULED,180,3.0
2026-05-29T04:31:02Z,0366212026-05-28,03662,2026-05-28,SCHEDULED,180,3.0
2026-05-29T04:31:02Z,0506312026-05-28,05063,2026-05-28,SCHEDULED,-120,-2.0
2026-05-29T04:31:02Z,1891012026-05-28,18910,2026-05-28,SCHEDULED,780,13.0
2026-05-29T04:31:02Z,0566812026-05-28,05668,2026-05-28,SCHEDULED,60,1.0
2026-05-29T04:31:02Z,1443312026-05-28,14433,2026-05-28,SCHEDULED,60,1.0
2026-05-29T04:31:02Z,1500012026-05-28,15000,2026-05-28,SCHEDULED,120,2.0
2026-05-29T04:31:02Z,0587112026-05-28,05871,2026-05-28,SCHEDULED,420,7.0
2026-05-29T04:31:02Z,1600012026-05-28,16000,2026-05-28,SCHEDULED,-120,-2.0
2026-05-29T04:31:02Z,0806312026-05-28,08063,2026-05-28,SCHEDULED,180,3.0
2026-05-29T04:31:02Z,1447012026-05-28,14470,2026-05-28,SCHEDULED,60,1.0
2026-05-29T04:31:02Z,0826012026-05-28,08260,2026-05-28,SCHEDULED,60,1.0
2026-05-29T04:31:02Z,0847512026-05-29,08475,2026-05-29,SCHEDULED,120,2.0
2026-05-29T04:31:02Z,1702112026-05-28,17021,2026-05-28,SCHEDULED,60,1.0
2026-05-29T04:31:02Z,1702122026-05-28,17021,2026-05-28,SCHEDULED,60,1.0
2026-05-29T04:31:02Z,1702132026-05-28,17021,2026-05-28,SCHEDULED,60,1.0
2026-05-29T04:31:02Z,0865412026-05-28,08654,2026-05-28,SCHEDULED,300,5.0
2026-05-29T04:31:02Z,0805812026-05-28,08058,2026-05-28,SCHEDULED,60,1.0
2026-05-29T04:31:02Z,1504012026-05-28,15040,2026-05-28,SCHEDULED,300,5.0
2026-05-29T04:31:02Z,1504612026-05-28,15046,2026-05-28,CANCELED,,
2026-05-29T04:31:02Z,1503212026-05-28,15032,2026-05-28,CANCELED,,
2026-05-29T04:31:02Z,1573412026-05-28,15734,2026-05-28,CANCELED,,
2026-05-29T04:31:02Z,1260812026-05-28,12608,2026-05-28,CANCELED,,
2026-05-29T04:31:02Z,3880722026-05-28,38807,2026-05-28,CANCELED,,
2026-05-29T04:31:02Z,3880712026-05-28,38807,2026-05-28,CANCELED,,
2026-05-29T04:31:02Z,1262312026-05-28,12623,2026-05-28,CANCELED,,
2026-05-29T04:31:02Z,7183312026-05-28,71833,2026-05-28,CANCELED,,
2026-05-29T04:31:02Z,1582012026-05-28,15820,2026-05-28,CANCELED,,
2026-05-29T04:31:02Z,0426112026-05-29,04261,2026-05-29,CANCELED,,
2026-05-29T04:31:02Z,0587112026-05-28,05871,2026-05-28,CANCELED,,
2026-05-29T04:31:02Z,1790762026-05-28,17907,2026-05-28,CANCELED,,
2026-05-29T04:31:02Z,1790742026-05-28,17907,2026-05-28,CANCELED,,
2026-05-29T04:31:02Z,1790752026-05-28,17907,2026-05-28,CANCELED,,
2026-05-29T04:31:02Z,1790712026-05-28,17907,2026-05-28,CANCELED,,
2026-05-29T04:31:02Z,1790732026-05-28,17907,2026-05-28,CANCELED,,
2026-05-29T04:31:02Z,1790722026-05-28,17907,2026-05-28,CANCELED,,
2026-05-29T04:31:02Z,1821612026-05-28,18216,2026-05-28,CANCELED,,
2026-05-29T04:35:49Z,1530912026-05-28,15309,2026-05-28,SCHEDULED,540,9.0
2026-05-29T04:35:49Z,1710612026-05-28,17106,2026-05-28,SCHEDULED,-120,-2.0
2026-05-29T04:35:49Z,0947012026-05-28,09470,2026-05-28,SCHEDULED,-1080,-18.0
2026-05-29T04:35:49Z,1710012026-05-28,17100,2026-05-28,SCHEDULED,60,1.0
2026-05-29T04:35:49Z,0411422026-05-29,04114,2026-05-29,SCHEDULED,360,6.0
2026-05-29T04:35:49Z,0411412026-05-29,04114,2026-05-29,SCHEDULED,360,6.0
2026-05-29T04:35:49Z,0405612026-05-29,04056,2026-05-29,SCHEDULED,-720,-12.0
2026-05-29T04:35:49Z,0406012026-05-28,04060,2026-05-28,SCHEDULED,120,2.0
2026-05-29T04:35:49Z,1770312026-05-28,17703,2026-05-28,SCHEDULED,60,1.0
2026-05-29T04:35:49Z,1770712026-05-28,17707,2026-05-28,SCHEDULED,360,6.0
2026-05-29T04:35:49Z,0408812026-05-29,04088,2026-05-29,SCHEDULED,60,1.0
2026-05-29T04:35:49Z,0408822026-05-29,04088,2026-05-29,SCHEDULED,60,1.0
2026-05-29T04:35:49Z,0408832026-05-29,04088,2026-05-29,SCHEDULED,60,1.0
2026-05-29T04:35:49Z,0446412026-05-28,04464,2026-05-28,SCHEDULED,-120,-2.0
2026-05-29T04:35:49Z,1803112026-05-28,18031,2026-05-28,SCHEDULED,-120,-2.0
2026-05-29T04:35:49Z,0415422026-05-28,04154,2026-05-28,SCHEDULED,240,4.0
2026-05-29T04:35:49Z,0415412026-05-28,04154,2026-05-28,SCHEDULED,240,4.0
2026-05-29T04:35:49Z,1804112026-05-28,18041,2026-05-28,SCHEDULED,120,2.0
2026-05-29T04:35:49Z,0486822026-05-29,04868,2026-05-29,SCHEDULED,180,3.0
2026-05-29T04:35:49Z,0486812026-05-29,04868,2026-05-29,SCHEDULED,180,3.0
2026-05-29T04:35:49Z,1804612026-05-28,18046,2026-05-28,SCHEDULED,60,1.0
2026-05-29T04:35:49Z,1241112026-05-28,12411,2026-05-28,SCHEDULED,120,2.0
2026-05-29T04:35:49Z,1268912026-05-28,12689,2026-05-28,SCHEDULED,120,2.0
2026-05-29T04:35:49Z,1804722026-05-28,18047,2026-05-28,SCHEDULED,60,1.0
2026-05-29T04:35:49Z,1804712026-05-28,18047,2026-05-28,SCHEDULED,60,1.0
2026-05-29T04:35:49Z,1300112026-05-28,13001,2026-05-28,SCHEDULED,180,3.0
2026-05-29T04:35:49Z,1305112026-05-28,13051,2026-05-28,SCHEDULED,60,1.0
2026-05-29T04:35:49Z,1805412026-05-28,18054,2026-05-28,SCHEDULED,60,1.0
2026-05-29T04:35:49Z,1807112026-05-28,18071,2026-05-28,SCHEDULED,60,1.0
2026-05-29T04:35:49Z,1320112026-05-28,13201,2026-05-28,SCHEDULED,60,1.0
2026-05-29T04:35:49Z,1320212026-05-28,13202,2026-05-28,SCHEDULED,300,5.0
2026-05-29T04:35:49Z,1807212026-05-28,18072,2026-05-28,SCHEDULED,180,3.0
2026-05-29T04:35:49Z,1500212026-05-28,15002,2026-05-28,SCHEDULED,60,1.0
2026-05-29T04:35:49Z,1505112026-05-28,15051,2026-05-28,SCHEDULED,540,9.0
2026-05-29T04:35:49Z,1806612026-05-28,18066,2026-05-28,SCHEDULED,120,2.0
2026-05-29T04:35:49Z,0075222026-05-29,00752,2026-05-29,SCHEDULED,120,2.0
2026-05-29T04:35:49Z,0075212026-05-29,00752,2026-05-29,SCHEDULED,120,2.0
2026-05-29T04:35:49Z,0206112026-05-28,02061,2026-05-28,SCHEDULED,120,2.0
2026-05-29T04:35:49Z,0206312026-05-28,02063,2026-05-28,SCHEDULED,-360,-6.0
2026-05-29T04:35:49Z,3586912026-05-28,35869,2026-05-28,SCHEDULED,120,2.0
2026-05-29T04:35:49Z,0206712026-05-28,02067,2026-05-28,SCHEDULED,420,7.0
2026-05-29T04:35:49Z,1891012026-05-28,18910,2026-05-28,SCHEDULED,780,13.0
2026-05-29T04:35:49Z,1562122026-05-28,15621,2026-05-28,SCHEDULED,60,1.0
2026-05-29T04:35:49Z,1562112026-05-28,15621,2026-05-28,SCHEDULED,60,1.0
2026-05-29T04:35:49Z,0306242026-05-28,03062,2026-05-28,SCHEDULED,60,1.0
2026-05-29T04:35:49Z,0306232026-05-28,03062,2026-05-28,SCHEDULED,60,1.0
2026-05-29T04:35:49Z,0306212026-05-28,03062,2026-05-28,SCHEDULED,60,1.0
2026-05-29T04:35:49Z,0306222026-05-28,03062,2026-05-28,SCHEDULED,60,1.0
2026-05-29T04:35:49Z,1563022026-05-28,15630,2026-05-28,SCHEDULED,60,1.0
2026-05-29T04:35:49Z,1563012026-05-28,15630,2026-05-28,SCHEDULED,60,1.0
2026-05-29T04:35:49Z,1251212026-05-28,12512,2026-05-28,SCHEDULED,-120,-2.0
2026-05-29T04:35:49Z,0306312026-05-28,03063,2026-05-28,SCHEDULED,-60,-1.0
2026-05-29T04:35:49Z,0306322026-05-28,03063,2026-05-28,SCHEDULED,-60,-1.0
2026-05-29T04:35:49Z,0306332026-05-28,03063,2026-05-28,SCHEDULED,-60,-1.0
2026-05-29T04:35:49Z,1506012026-05-28,15060,2026-05-28,SCHEDULED,540,9.0
2026-05-29T04:35:49Z,1580412026-05-28,15804,2026-05-28,SCHEDULED,300,5.0
2026-05-29T04:35:49Z,0306242026-05-28,03062,2026-05-28,SCHEDULED,240,4.0
2026-05-29T04:35:49Z,0306232026-05-28,03062,2026-05-28,SCHEDULED,240,4.0
2026-05-29T04:35:49Z,0306212026-05-28,03062,2026-05-28,SCHEDULED,240,4.0
2026-05-29T04:35:49Z,0306222026-05-28,03062,2026-05-28,SCHEDULED,240,4.0
2026-05-29T04:35:49Z,1572012026-05-28,15720,2026-05-28,SCHEDULED,300,5.0
2026-05-29T04:35:49Z,0366222026-05-28,03662,2026-05-28,SCHEDULED,180,3.0
2026-05-29T04:35:49Z,0366212026-05-28,03662,2026-05-28,SCHEDULED,180,3.0
2026-05-29T04:35:49Z,1576012026-05-28,15760,2026-05-28,SCHEDULED,780,13.0
2026-05-29T04:35:49Z,0429522026-05-28,04295,2026-05-28,SCHEDULED,240,4.0
2026-05-29T04:35:49Z,0429512026-05-28,04295,2026-05-28,SCHEDULED,240,4.0
2026-05-29T04:35:49Z,1590012026-05-28,15900,2026-05-28,SCHEDULED,480,8.0
2026-05-29T04:35:49Z,0506312026-05-28,05063,2026-05-28,SCHEDULED,-120,-2.0
2026-05-29T04:35:49Z,1443312026-05-28,14433,2026-05-28,SCHEDULED,240,4.0
2026-05-29T04:35:49Z,0506422026-05-28,05064,2026-05-28,SCHEDULED,120,2.0
2026-05-29T04:35:49Z,0506412026-05-28,05064,2026-05-28,SCHEDULED,120,2.0
2026-05-29T04:35:49Z,0506522026-05-28,05065,2026-05-28,SCHEDULED,180,3.0
2026-05-29T04:35:49Z,0506512026-05-28,05065,2026-05-28,SCHEDULED,180,3.0
2026-05-29T04:35:49Z,1500012026-05-28,15000,2026-05-28,SCHEDULED,120,2.0
2026-05-29T04:35:49Z,0566812026-05-28,05668,2026-05-28,SCHEDULED,120,2.0
2026-05-29T04:35:49Z,1600012026-05-28,16000,2026-05-28,SCHEDULED,-60,-1.0
2026-05-29T04:35:49Z,1401812026-05-28,14018,2026-05-28,SCHEDULED,60,1.0
2026-05-29T04:35:49Z,0587112026-05-28,05871,2026-05-28,SCHEDULED,480,8.0
2026-05-29T04:35:49Z,0806312026-05-28,08063,2026-05-28,SCHEDULED,180,3.0
2026-05-29T04:35:49Z,1702112026-05-28,17021,2026-05-28,SCHEDULED,180,3.0
2026-05-29T04:35:49Z,1702122026-05-28,17021,2026-05-28,SCHEDULED,180,3.0
2026-05-29T04:35:49Z,1702132026-05-28,17021,2026-05-28,SCHEDULED,180,3.0
2026-05-29T04:35:49Z,0826012026-05-28,08260,2026-05-28,SCHEDULED,60,1.0
2026-05-29T04:35:49Z,0847512026-05-29,08475,2026-05-29,SCHEDULED,180,3.0
2026-05-29T04:35:49Z,0805812026-05-28,08058,2026-05-28,SCHEDULED,60,1.0
2026-05-29T04:35:49Z,0865412026-05-28,08654,2026-05-28,SCHEDULED,540,9.0
2026-05-29T04:35:49Z,1504012026-05-28,15040,2026-05-28,SCHEDULED,300,5.0
2026-05-29T04:35:49Z,1562012026-05-28,15620,2026-05-28,SCHEDULED,300,5.0
2026-05-29T04:35:49Z,1504612026-05-28,15046,2026-05-28,CANCELED,,
2026-05-29T04:35:49Z,1503212026-05-28,15032,2026-05-28,CANCELED,,
2026-05-29T04:35:49Z,1573412026-05-28,15734,2026-05-28,CANCELED,,
2026-05-29T04:35:49Z,1260812026-05-28,12608,2026-05-28,CANCELED,,
2026-05-29T04:35:49Z,1262312026-05-28,12623,2026-05-28,CANCELED,,
2026-05-29T04:35:49Z,3880722026-05-28,38807,2026-05-28,CANCELED,,
2026-05-29T04:35:49Z,3880712026-05-28,38807,2026-05-28,CANCELED,,
2026-05-29T04:35:49Z,7183312026-05-28,71833,2026-05-28,CANCELED,,
2026-05-29T04:35:49Z,1582012026-05-28,15820,2026-05-28,CANCELED,,
2026-05-29T04:35:49Z,0426112026-05-29,04261,2026-05-29,CANCELED,,
2026-05-29T04:35:49Z,1790762026-05-28,17907,2026-05-28,CANCELED,,
2026-05-29T04:35:49Z,1790742026-05-28,17907,2026-05-28,CANCELED,,
2026-05-29T04:35:49Z,1790752026-05-28,17907,2026-05-28,CANCELED,,
2026-05-29T04:35:49Z,1790712026-05-28,17907,2026-05-28,CANCELED,,
2026-05-29T04:35:49Z,1790732026-05-28,17907,2026-05-28,CANCELED,,
2026-05-29T04:35:49Z,1790722026-05-28,17907,2026-05-28,CANCELED,,
2026-05-29T04:35:49Z,0587112026-05-28,05871,2026-05-28,CANCELED,,
2026-05-29T04:35:49Z,1821612026-05-28,18216,2026-05-28,CANCELED,,
2026-05-29T04:40:53Z,1804612026-05-28,18046,2026-05-28,SCHEDULED,120,2.0
2026-05-29T04:40:53Z,0865412026-05-28,08654,2026-05-28,SCHEDULED,480,8.0
2026-05-29T04:40:53Z,0866412026-05-28,08664,2026-05-28,SCHEDULED,240,4.0
2026-05-29T04:40:53Z,1804722026-05-28,18047,2026-05-28,SCHEDULED,-60,-1.0
2026-05-29T04:40:53Z,1804712026-05-28,18047,2026-05-28,SCHEDULED,-60,-1.0
2026-05-29T04:40:53Z,1805412026-05-28,18054,2026-05-28,SCHEDULED,60,1.0
2026-05-29T04:40:53Z,1806812026-05-28,18068,2026-05-28,SCHEDULED,120,2.0
2026-05-29T04:40:53Z,1807112026-05-28,18071,2026-05-28,SCHEDULED,60,1.0
2026-05-29T04:40:53Z,0947012026-05-28,09470,2026-05-28,SCHEDULED,-1080,-18.0
2026-05-29T04:40:53Z,1807212026-05-28,18072,2026-05-28,SCHEDULED,180,3.0
2026-05-29T04:40:53Z,0411422026-05-29,04114,2026-05-29,SCHEDULED,180,3.0
2026-05-29T04:40:53Z,0411412026-05-29,04114,2026-05-29,SCHEDULED,180,3.0
2026-05-29T04:40:53Z,1806612026-05-28,18066,2026-05-28,SCHEDULED,120,2.0
2026-05-29T04:40:53Z,0405612026-05-29,04056,2026-05-29,SCHEDULED,-720,-12.0
2026-05-29T04:40:53Z,0406012026-05-28,04060,2026-05-28,SCHEDULED,180,3.0
2026-05-29T04:40:53Z,3586912026-05-28,35869,2026-05-28,SCHEDULED,120,2.0
2026-05-29T04:40:53Z,1891012026-05-28,18910,2026-05-28,SCHEDULED,780,13.0
2026-05-29T04:40:53Z,0408812026-05-29,04088,2026-05-29,SCHEDULED,60,1.0
2026-05-29T04:40:53Z,0408822026-05-29,04088,2026-05-29,SCHEDULED,60,1.0
2026-05-29T04:40:53Z,0408832026-05-29,04088,2026-05-29,SCHEDULED,60,1.0
2026-05-29T04:40:53Z,1443312026-05-28,14433,2026-05-28,SCHEDULED,120,2.0
2026-05-29T04:40:53Z,0446412026-05-28,04464,2026-05-28,SCHEDULED,-120,-2.0
2026-05-29T04:40:53Z,0415422026-05-28,04154,2026-05-28,SCHEDULED,120,2.0
2026-05-29T04:40:53Z,0415412026-05-28,04154,2026-05-28,SCHEDULED,120,2.0
2026-05-29T04:40:53Z,1530912026-05-28,15309,2026-05-28,SCHEDULED,600,10.0
2026-05-29T04:40:53Z,0486822026-05-29,04868,2026-05-29,SCHEDULED,180,3.0
2026-05-29T04:40:53Z,0486812026-05-29,04868,2026-05-29,SCHEDULED,180,3.0
2026-05-29T04:40:53Z,1710612026-05-28,17106,2026-05-28,SCHEDULED,-60,-1.0
2026-05-29T04:40:53Z,0107212026-05-28,01072,2026-05-28,SCHEDULED,60,1.0
2026-05-29T04:40:53Z,1241112026-05-28,12411,2026-05-28,SCHEDULED,120,2.0
2026-05-29T04:40:53Z,1710012026-05-28,17100,2026-05-28,SCHEDULED,60,1.0
2026-05-29T04:40:53Z,1750312026-05-28,17503,2026-05-28,SCHEDULED,-60,-1.0
2026-05-29T04:40:53Z,1300112026-05-28,13001,2026-05-28,SCHEDULED,180,3.0
2026-05-29T04:40:53Z,1770312026-05-28,17703,2026-05-28,SCHEDULED,60,1.0
2026-05-29T04:40:53Z,1305112026-05-28,13051,2026-05-28,SCHEDULED,60,1.0
2026-05-29T04:40:53Z,1770712026-05-28,17707,2026-05-28,SCHEDULED,360,6.0
2026-05-29T04:40:53Z,1803112026-05-28,18031,2026-05-28,SCHEDULED,-60,-1.0
2026-05-29T04:40:53Z,1804112026-05-28,18041,2026-05-28,SCHEDULED,120,2.0
2026-05-29T04:40:53Z,1564612026-05-28,15646,2026-05-28,SCHEDULED,240,4.0
2026-05-29T04:40:53Z,1565012026-05-28,15650,2026-05-28,SCHEDULED,1800,30.0
2026-05-29T04:40:53Z,1506012026-05-28,15060,2026-05-28,SCHEDULED,600,10.0
2026-05-29T04:40:53Z,1395112026-05-28,13951,2026-05-28,SCHEDULED,60,1.0
2026-05-29T04:40:53Z,1580412026-05-28,15804,2026-05-28,SCHEDULED,300,5.0
2026-05-29T04:40:53Z,1320112026-05-28,13201,2026-05-28,SCHEDULED,60,1.0
2026-05-29T04:40:53Z,1320212026-05-28,13202,2026-05-28,SCHEDULED,360,6.0
2026-05-29T04:40:53Z,1572012026-05-28,15720,2026-05-28,SCHEDULED,300,5.0
2026-05-29T04:40:53Z,1576012026-05-28,15760,2026-05-28,SCHEDULED,900,15.0
2026-05-29T04:40:53Z,1500212026-05-28,15002,2026-05-28,SCHEDULED,60,1.0
2026-05-29T04:40:53Z,1590012026-05-28,15900,2026-05-28,SCHEDULED,360,6.0
2026-05-29T04:40:53Z,1505112026-05-28,15051,2026-05-28,SCHEDULED,360,6.0
2026-05-29T04:40:53Z,0075222026-05-29,00752,2026-05-29,SCHEDULED,120,2.0
2026-05-29T04:40:53Z,0075212026-05-29,00752,2026-05-29,SCHEDULED,120,2.0
2026-05-29T04:40:53Z,1500012026-05-28,15000,2026-05-28,SCHEDULED,180,3.0
2026-05-29T04:40:53Z,0075222026-05-29,00752,2026-05-29,SCHEDULED,240,4.0
2026-05-29T04:40:53Z,0075212026-05-29,00752,2026-05-29,SCHEDULED,240,4.0
2026-05-29T04:40:53Z,1600012026-05-28,16000,2026-05-28,SCHEDULED,60,1.0
2026-05-29T04:40:53Z,0206112026-05-28,02061,2026-05-28,SCHEDULED,480,8.0
2026-05-29T04:40:53Z,1401812026-05-28,14018,2026-05-28,SCHEDULED,60,1.0
2026-05-29T04:40:53Z,0206312026-05-28,02063,2026-05-28,SCHEDULED,-540,-9.0
2026-05-29T04:40:53Z,1447012026-05-28,14470,2026-05-28,SCHEDULED,60,1.0
2026-05-29T04:40:53Z,0206712026-05-28,02067,2026-05-28,SCHEDULED,300,5.0
2026-05-29T04:40:53Z,0207512026-05-29,02075,2026-05-29,SCHEDULED,60,1.0
2026-05-29T04:40:53Z,1702112026-05-28,17021,2026-05-28,SCHEDULED,180,3.0
2026-05-29T04:40:53Z,1702122026-05-28,17021,2026-05-28,SCHEDULED,180,3.0
2026-05-29T04:40:53Z,1702132026-05-28,17021,2026-05-28,SCHEDULED,180,3.0
2026-05-29T04:40:53Z,1504012026-05-28,15040,2026-05-28,SCHEDULED,360,6.0
2026-05-29T04:40:53Z,1562012026-05-28,15620,2026-05-28,SCHEDULED,300,5.0
2026-05-29T04:40:53Z,0306312026-05-28,03063,2026-05-28,SCHEDULED,-180,-3.0
2026-05-29T04:40:53Z,0306322026-05-28,03063,2026-05-28,SCHEDULED,-180,-3.0
2026-05-29T04:40:53Z,0306332026-05-28,03063,2026-05-28,SCHEDULED,-180,-3.0
2026-05-29T04:40:53Z,1562122026-05-28,15621,2026-05-28,SCHEDULED,60,1.0
2026-05-29T04:40:53Z,1562112026-05-28,15621,2026-05-28,SCHEDULED,60,1.0
2026-05-29T04:40:53Z,1563022026-05-28,15630,2026-05-28,SCHEDULED,60,1.0
2026-05-29T04:40:53Z,1563012026-05-28,15630,2026-05-28,SCHEDULED,60,1.0
2026-05-29T04:40:53Z,0306242026-05-28,03062,2026-05-28,SCHEDULED,360,6.0
2026-05-29T04:40:53Z,0306232026-05-28,03062,2026-05-28,SCHEDULED,360,6.0
2026-05-29T04:40:53Z,0306212026-05-28,03062,2026-05-28,SCHEDULED,360,6.0
2026-05-29T04:40:53Z,0306222026-05-28,03062,2026-05-28,SCHEDULED,360,6.0
2026-05-29T04:40:53Z,0366222026-05-28,03662,2026-05-28,SCHEDULED,180,3.0
2026-05-29T04:40:53Z,0366212026-05-28,03662,2026-05-28,SCHEDULED,180,3.0
2026-05-29T04:40:53Z,0429522026-05-28,04295,2026-05-28,SCHEDULED,240,4.0
2026-05-29T04:40:53Z,0429512026-05-28,04295,2026-05-28,SCHEDULED,240,4.0
2026-05-29T04:40:53Z,0506312026-05-28,05063,2026-05-28,SCHEDULED,-120,-2.0
2026-05-29T04:40:53Z,0506422026-05-28,05064,2026-05-28,SCHEDULED,240,4.0
2026-05-29T04:40:53Z,0506412026-05-28,05064,2026-05-28,SCHEDULED,240,4.0
2026-05-29T04:40:53Z,0506522026-05-28,05065,2026-05-28,SCHEDULED,180,3.0
2026-05-29T04:40:53Z,0506512026-05-28,05065,2026-05-28,SCHEDULED,180,3.0
2026-05-29T04:40:53Z,0566812026-05-28,05668,2026-05-28,SCHEDULED,180,3.0
2026-05-29T04:40:53Z,0576312026-05-28,05763,2026-05-28,SCHEDULED,-60,-1.0
2026-05-29T04:40:53Z,0576322026-05-28,05763,2026-05-28,SCHEDULED,-60,-1.0
2026-05-29T04:40:53Z,0576332026-05-28,05763,2026-05-28,SCHEDULED,-60,-1.0
2026-05-29T04:40:53Z,0587112026-05-28,05871,2026-05-28,SCHEDULED,600,10.0
2026-05-29T04:40:53Z,0806312026-05-28,08063,2026-05-28,SCHEDULED,300,5.0
2026-05-29T04:40:53Z,0807512026-05-28,08075,2026-05-28,SCHEDULED,60,1.0
2026-05-29T04:40:53Z,0826012026-05-28,08260,2026-05-28,SCHEDULED,240,4.0
2026-05-29T04:40:53Z,0826112026-05-28,08261,2026-05-28,SCHEDULED,360,6.0
2026-05-29T04:40:53Z,0847512026-05-29,08475,2026-05-29,SCHEDULED,120,2.0
2026-05-29T04:40:53Z,1503212026-05-28,15032,2026-05-28,CANCELED,,
2026-05-29T04:40:53Z,1504612026-05-28,15046,2026-05-28,CANCELED,,
2026-05-29T04:40:53Z,1260812026-05-28,12608,2026-05-28,CANCELED,,
2026-05-29T04:40:53Z,1573412026-05-28,15734,2026-05-28,CANCELED,,
2026-05-29T04:40:53Z,1262312026-05-28,12623,2026-05-28,CANCELED,,
2026-05-29T04:40:53Z,3880722026-05-28,38807,2026-05-28,CANCELED,,
2026-05-29T04:40:53Z,3880712026-05-28,38807,2026-05-28,CANCELED,,
2026-05-29T04:40:53Z,7183312026-05-28,71833,2026-05-28,CANCELED,,
2026-05-29T04:40:53Z,1582012026-05-28,15820,2026-05-28,CANCELED,,
2026-05-29T04:40:53Z,1790762026-05-28,17907,2026-05-28,CANCELED,,
2026-05-29T04:40:53Z,1790742026-05-28,17907,2026-05-28,CANCELED,,
2026-05-29T04:40:53Z,1790752026-05-28,17907,2026-05-28,CANCELED,,
2026-05-29T04:40:53Z,1790712026-05-28,17907,2026-05-28,CANCELED,,
2026-05-29T04:40:53Z,1790732026-05-28,17907,2026-05-28,CANCELED,,
2026-05-29T04:40:53Z,1790722026-05-28,17907,2026-05-28,CANCELED,,
2026-05-29T04:40:53Z,0426112026-05-29,04261,2026-05-29,CANCELED,,
2026-05-29T04:40:53Z,0587112026-05-28,05871,2026-05-28,CANCELED,,
2026-05-29T04:40:53Z,1821612026-05-28,18216,2026-05-28,CANCELED,,
2026-05-29T04:45:56Z,0866412026-05-28,08664,2026-05-28,SCHEDULED,240,4.0
2026-05-29T04:45:56Z,1320212026-05-28,13202,2026-05-28,SCHEDULED,360,6.0
2026-05-29T04:45:56Z,0807212026-05-28,08072,2026-05-28,SCHEDULED,-60,-1.0
2026-05-29T04:45:56Z,1500212026-05-28,15002,2026-05-28,SCHEDULED,120,2.0
2026-05-29T04:45:56Z,1505112026-05-28,15051,2026-05-28,SCHEDULED,360,6.0
2026-05-29T04:45:56Z,0906712026-05-28,09067,2026-05-28,SCHEDULED,180,3.0
2026-05-29T04:45:56Z,1530912026-05-28,15309,2026-05-28,SCHEDULED,540,9.0
2026-05-29T04:45:56Z,0411422026-05-29,04114,2026-05-29,SCHEDULED,180,3.0
2026-05-29T04:45:56Z,0411412026-05-29,04114,2026-05-29,SCHEDULED,180,3.0
2026-05-29T04:45:56Z,1710012026-05-28,17100,2026-05-28,SCHEDULED,120,2.0
2026-05-29T04:45:56Z,0405612026-05-29,04056,2026-05-29,SCHEDULED,-720,-12.0
2026-05-29T04:45:56Z,1750312026-05-28,17503,2026-05-28,SCHEDULED,-60,-1.0
2026-05-29T04:45:56Z,0406012026-05-28,04060,2026-05-28,SCHEDULED,180,3.0
2026-05-29T04:45:56Z,1770312026-05-28,17703,2026-05-28,SCHEDULED,60,1.0
2026-05-29T04:45:56Z,1770712026-05-28,17707,2026-05-28,SCHEDULED,480,8.0
2026-05-29T04:45:56Z,1804112026-05-28,18041,2026-05-28,SCHEDULED,60,1.0
2026-05-29T04:45:56Z,1804612026-05-28,18046,2026-05-28,SCHEDULED,120,2.0
2026-05-29T04:45:56Z,0029122026-05-29,00291,2026-05-29,SCHEDULED,360,6.0
2026-05-29T04:45:56Z,0029112026-05-29,00291,2026-05-29,SCHEDULED,360,6.0
2026-05-29T04:45:56Z,0446412026-05-28,04464,2026-05-28,SCHEDULED,-300,-5.0
2026-05-29T04:45:56Z,1804722026-05-28,18047,2026-05-28,SCHEDULED,-180,-3.0
2026-05-29T04:45:56Z,1804712026-05-28,18047,2026-05-28,SCHEDULED,-180,-3.0
2026-05-29T04:45:56Z,1805412026-05-28,18054,2026-05-28,SCHEDULED,240,4.0
2026-05-29T04:45:56Z,0415422026-05-28,04154,2026-05-28,SCHEDULED,60,1.0
2026-05-29T04:45:56Z,0415412026-05-28,04154,2026-05-28,SCHEDULED,60,1.0
2026-05-29T04:45:56Z,1806812026-05-28,18068,2026-05-28,SCHEDULED,-60,-1.0
2026-05-29T04:45:56Z,1807112026-05-28,18071,2026-05-28,SCHEDULED,120,2.0
2026-05-29T04:45:56Z,0486822026-05-29,04868,2026-05-29,SCHEDULED,120,2.0
2026-05-29T04:45:56Z,0486812026-05-29,04868,2026-05-29,SCHEDULED,120,2.0
2026-05-29T04:45:56Z,0107212026-05-28,01072,2026-05-28,SCHEDULED,120,2.0
2026-05-29T04:45:56Z,1807212026-05-28,18072,2026-05-28,SCHEDULED,240,4.0
2026-05-29T04:45:56Z,1800222026-05-28,18002,2026-05-28,SCHEDULED,120,2.0
2026-05-29T04:45:56Z,1800212026-05-28,18002,2026-05-28,SCHEDULED,120,2.0
2026-05-29T04:45:56Z,0508042026-05-28,05080,2026-05-28,SCHEDULED,60,1.0
2026-05-29T04:45:56Z,0508032026-05-28,05080,2026-05-28,SCHEDULED,60,1.0
2026-05-29T04:45:56Z,0508012026-05-28,05080,2026-05-28,SCHEDULED,60,1.0
2026-05-29T04:45:56Z,0508022026-05-28,05080,2026-05-28,SCHEDULED,60,1.0
2026-05-29T04:45:56Z,1806612026-05-28,18066,2026-05-28,SCHEDULED,120,2.0
2026-05-29T04:45:56Z,1241112026-05-28,12411,2026-05-28,SCHEDULED,240,4.0
2026-05-29T04:45:56Z,1300012026-05-28,13000,2026-05-28,SCHEDULED,60,1.0
2026-05-29T04:45:56Z,3586912026-05-28,35869,2026-05-28,SCHEDULED,120,2.0
2026-05-29T04:45:56Z,1300112026-05-28,13001,2026-05-28,SCHEDULED,240,4.0
2026-05-29T04:45:56Z,1564612026-05-28,15646,2026-05-28,SCHEDULED,240,4.0
2026-05-29T04:45:56Z,1303022026-05-28,13030,2026-05-28,SCHEDULED,60,1.0
2026-05-29T04:45:56Z,1303012026-05-28,13030,2026-05-28,SCHEDULED,60,1.0
2026-05-29T04:45:56Z,1565012026-05-28,15650,2026-05-28,SCHEDULED,1860,31.0
2026-05-29T04:45:56Z,1305112026-05-28,13051,2026-05-28,SCHEDULED,60,1.0
2026-05-29T04:45:56Z,1506012026-05-28,15060,2026-05-28,SCHEDULED,540,9.0
2026-05-29T04:45:56Z,1395112026-05-28,13951,2026-05-28,SCHEDULED,60,1.0
2026-05-29T04:45:56Z,1580412026-05-28,15804,2026-05-28,SCHEDULED,300,5.0
2026-05-29T04:45:56Z,1320112026-05-28,13201,2026-05-28,SCHEDULED,240,4.0
2026-05-29T04:45:56Z,1572012026-05-28,15720,2026-05-28,SCHEDULED,540,9.0
2026-05-29T04:45:56Z,1577022026-05-28,15770,2026-05-28,SCHEDULED,60,1.0
2026-05-29T04:45:56Z,0075222026-05-29,00752,2026-05-29,SCHEDULED,300,5.0
2026-05-29T04:45:56Z,0075212026-05-29,00752,2026-05-29,SCHEDULED,300,5.0
2026-05-29T04:45:56Z,1576012026-05-28,15760,2026-05-28,SCHEDULED,840,14.0
2026-05-29T04:45:56Z,1585012026-05-28,15850,2026-05-28,SCHEDULED,120,2.0
2026-05-29T04:45:56Z,1590012026-05-28,15900,2026-05-28,SCHEDULED,360,6.0
2026-05-29T04:45:56Z,0075222026-05-29,00752,2026-05-29,SCHEDULED,300,5.0
2026-05-29T04:45:56Z,0075212026-05-29,00752,2026-05-29,SCHEDULED,300,5.0
2026-05-29T04:45:56Z,1891012026-05-28,18910,2026-05-28,SCHEDULED,900,15.0
2026-05-29T04:45:56Z,1443312026-05-28,14433,2026-05-28,SCHEDULED,180,3.0
2026-05-29T04:45:56Z,0206112026-05-28,02061,2026-05-28,SCHEDULED,300,5.0
2026-05-29T04:45:56Z,0206312026-05-28,02063,2026-05-28,SCHEDULED,-540,-9.0
2026-05-29T04:45:56Z,1503022026-05-28,15030,2026-05-28,SCHEDULED,60,1.0
2026-05-29T04:45:56Z,1503012026-05-28,15030,2026-05-28,SCHEDULED,60,1.0
2026-05-29T04:45:56Z,0206712026-05-28,02067,2026-05-28,SCHEDULED,300,5.0
2026-05-29T04:45:56Z,0207512026-05-29,02075,2026-05-29,SCHEDULED,120,2.0
2026-05-29T04:45:56Z,1500012026-05-28,15000,2026-05-28,SCHEDULED,120,2.0
2026-05-29T04:45:56Z,1401812026-05-28,14018,2026-05-28,SCHEDULED,60,1.0
2026-05-29T04:45:56Z,0306312026-05-28,03063,2026-05-28,SCHEDULED,-60,-1.0
2026-05-29T04:45:56Z,0306322026-05-28,03063,2026-05-28,SCHEDULED,-60,-1.0
2026-05-29T04:45:56Z,0306332026-05-28,03063,2026-05-28,SCHEDULED,-60,-1.0
2026-05-29T04:45:56Z,0306242026-05-28,03062,2026-05-28,SCHEDULED,360,6.0
2026-05-29T04:45:56Z,0306232026-05-28,03062,2026-05-28,SCHEDULED,360,6.0
2026-05-29T04:45:56Z,0306212026-05-28,03062,2026-05-28,SCHEDULED,360,6.0
2026-05-29T04:45:56Z,0306222026-05-28,03062,2026-05-28,SCHEDULED,360,6.0
2026-05-29T04:45:56Z,0366222026-05-28,03662,2026-05-28,SCHEDULED,360,6.0
2026-05-29T04:45:56Z,0366212026-05-28,03662,2026-05-28,SCHEDULED,360,6.0
2026-05-29T04:45:56Z,1702112026-05-28,17021,2026-05-28,SCHEDULED,180,3.0
2026-05-29T04:45:56Z,1702122026-05-28,17021,2026-05-28,SCHEDULED,180,3.0
2026-05-29T04:45:56Z,1702132026-05-28,17021,2026-05-28,SCHEDULED,180,3.0
2026-05-29T04:45:56Z,0429522026-05-28,04295,2026-05-28,SCHEDULED,180,3.0
2026-05-29T04:45:56Z,0429512026-05-28,04295,2026-05-28,SCHEDULED,180,3.0
2026-05-29T04:45:56Z,0506312026-05-28,05063,2026-05-28,SCHEDULED,-120,-2.0
2026-05-29T04:45:56Z,1504012026-05-28,15040,2026-05-28,SCHEDULED,360,6.0
2026-05-29T04:45:56Z,0506422026-05-28,05064,2026-05-28,SCHEDULED,120,2.0
2026-05-29T04:45:56Z,0506412026-05-28,05064,2026-05-28,SCHEDULED,120,2.0
2026-05-29T04:45:56Z,1562012026-05-28,15620,2026-05-28,SCHEDULED,300,5.0
2026-05-29T04:45:56Z,0506522026-05-28,05065,2026-05-28,SCHEDULED,60,1.0
2026-05-29T04:45:56Z,0506512026-05-28,05065,2026-05-28,SCHEDULED,60,1.0
2026-05-29T04:45:56Z,1562122026-05-28,15621,2026-05-28,SCHEDULED,60,1.0
2026-05-29T04:45:56Z,1562112026-05-28,15621,2026-05-28,SCHEDULED,60,1.0
2026-05-29T04:45:56Z,0566812026-05-28,05668,2026-05-28,SCHEDULED,120,2.0
2026-05-29T04:45:56Z,1563022026-05-28,15630,2026-05-28,SCHEDULED,60,1.0
2026-05-29T04:45:56Z,1563012026-05-28,15630,2026-05-28,SCHEDULED,60,1.0
2026-05-29T04:45:56Z,0576312026-05-28,05763,2026-05-28,SCHEDULED,-60,-1.0
2026-05-29T04:45:56Z,0576322026-05-28,05763,2026-05-28,SCHEDULED,-60,-1.0
2026-05-29T04:45:56Z,0576332026-05-28,05763,2026-05-28,SCHEDULED,-60,-1.0
2026-05-29T04:45:56Z,0587112026-05-28,05871,2026-05-28,SCHEDULED,600,10.0
2026-05-29T04:45:56Z,0806312026-05-28,08063,2026-05-28,SCHEDULED,360,6.0
2026-05-29T04:45:56Z,0806912026-05-28,08069,2026-05-28,SCHEDULED,360,6.0
2026-05-29T04:45:56Z,0807512026-05-28,08075,2026-05-28,SCHEDULED,60,1.0
2026-05-29T04:45:56Z,0826012026-05-28,08260,2026-05-28,SCHEDULED,180,3.0
2026-05-29T04:45:56Z,0826112026-05-28,08261,2026-05-28,SCHEDULED,600,10.0
2026-05-29T04:45:56Z,0847512026-05-29,08475,2026-05-29,SCHEDULED,180,3.0
2026-05-29T04:45:56Z,0865412026-05-28,08654,2026-05-28,SCHEDULED,300,5.0
2026-05-29T04:45:56Z,1503212026-05-28,15032,2026-05-28,CANCELED,,
2026-05-29T04:45:56Z,1504612026-05-28,15046,2026-05-28,CANCELED,,
2026-05-29T04:45:56Z,1260812026-05-28,12608,2026-05-28,CANCELED,,
2026-05-29T04:45:56Z,1573412026-05-28,15734,2026-05-28,CANCELED,,
2026-05-29T04:45:56Z,1262312026-05-28,12623,2026-05-28,CANCELED,,
2026-05-29T04:45:56Z,3880722026-05-28,38807,2026-05-28,CANCELED,,
2026-05-29T04:45:56Z,3880712026-05-28,38807,2026-05-28,CANCELED,,
2026-05-29T04:45:56Z,7183312026-05-28,71833,2026-05-28,CANCELED,,
2026-05-29T04:45:56Z,1582012026-05-28,15820,2026-05-28,CANCELED,,
2026-05-29T04:45:56Z,1790762026-05-28,17907,2026-05-28,CANCELED,,
2026-05-29T04:45:56Z,1790742026-05-28,17907,2026-05-28,CANCELED,,
2026-05-29T04:45:56Z,1790752026-05-28,17907,2026-05-28,CANCELED,,
2026-05-29T04:45:56Z,1790712026-05-28,17907,2026-05-28,CANCELED,,
2026-05-29T04:45:56Z,1790732026-05-28,17907,2026-05-28,CANCELED,,
2026-05-29T04:45:56Z,1790722026-05-28,17907,2026-05-28,CANCELED,,
2026-05-29T04:45:56Z,0426112026-05-29,04261,2026-05-29,CANCELED,,
2026-05-29T04:45:56Z,0587112026-05-28,05871,2026-05-28,CANCELED,,
2026-05-29T04:45:56Z,1821612026-05-28,18216,2026-05-28,CANCELED,,
2026-05-29T04:50:52Z,0807212026-05-28,08072,2026-05-28,SCHEDULED,-60,-1.0
2026-05-29T04:50:52Z,1500212026-05-28,15002,2026-05-28,SCHEDULED,120,2.0
2026-05-29T04:50:52Z,0906112026-05-28,09061,2026-05-28,SCHEDULED,-60,-1.0
2026-05-29T04:50:52Z,1505112026-05-28,15051,2026-05-28,SCHEDULED,360,6.0
2026-05-29T04:50:52Z,0906712026-05-28,09067,2026-05-28,SCHEDULED,120,2.0
2026-05-29T04:50:52Z,1530912026-05-28,15309,2026-05-28,SCHEDULED,420,7.0
2026-05-29T04:50:52Z,0907222026-05-28,09072,2026-05-28,SCHEDULED,-60,-1.0
2026-05-29T04:50:52Z,0907212026-05-28,09072,2026-05-28,SCHEDULED,-60,-1.0
2026-05-29T04:50:52Z,1607112026-05-28,16071,2026-05-28,SCHEDULED,-2580,-43.0
2026-05-29T04:50:52Z,1601812026-05-28,16018,2026-05-28,SCHEDULED,240,4.0
2026-05-29T04:50:52Z,1710612026-05-28,17106,2026-05-28,SCHEDULED,60,1.0
2026-05-29T04:50:52Z,1710012026-05-28,17100,2026-05-28,SCHEDULED,120,2.0
2026-05-29T04:50:52Z,0411422026-05-29,04114,2026-05-29,SCHEDULED,180,3.0
2026-05-29T04:50:52Z,0411412026-05-29,04114,2026-05-29,SCHEDULED,180,3.0
2026-05-29T04:50:52Z,0405612026-05-29,04056,2026-05-29,SCHEDULED,-720,-12.0
2026-05-29T04:50:52Z,1750312026-05-28,17503,2026-05-28,SCHEDULED,120,2.0
2026-05-29T04:50:52Z,0406012026-05-28,04060,2026-05-28,SCHEDULED,-60,-1.0
2026-05-29T04:50:52Z,1770312026-05-28,17703,2026-05-28,SCHEDULED,-60,-1.0
2026-05-29T04:50:52Z,1770712026-05-28,17707,2026-05-28,SCHEDULED,480,8.0
2026-05-29T04:50:52Z,0019222026-05-29,00192,2026-05-29,SCHEDULED,60,1.0
2026-05-29T04:50:52Z,0019212026-05-29,00192,2026-05-29,SCHEDULED,60,1.0
2026-05-29T04:50:52Z,1800112026-05-28,18001,2026-05-28,SCHEDULED,180,3.0
2026-05-29T04:50:52Z,0029122026-05-29,00291,2026-05-29,SCHEDULED,300,5.0
2026-05-29T04:50:52Z,0029112026-05-29,00291,2026-05-29,SCHEDULED,300,5.0
2026-05-29T04:50:52Z,0446412026-05-28,04464,2026-05-28,SCHEDULED,-300,-5.0
2026-05-29T04:50:52Z,1804112026-05-28,18041,2026-05-28,SCHEDULED,60,1.0
2026-05-29T04:50:52Z,0415422026-05-28,04154,2026-05-28,SCHEDULED,120,2.0
2026-05-29T04:50:52Z,0415412026-05-28,04154,2026-05-28,SCHEDULED,120,2.0
2026-05-29T04:50:52Z,1804612026-05-28,18046,2026-05-28,SCHEDULED,180,3.0
2026-05-29T04:50:52Z,0486822026-05-29,04868,2026-05-29,SCHEDULED,60,1.0
2026-05-29T04:50:52Z,0486812026-05-29,04868,2026-05-29,SCHEDULED,60,1.0
2026-05-29T04:50:52Z,1804722026-05-28,18047,2026-05-28,SCHEDULED,-60,-1.0
2026-05-29T04:50:52Z,1804712026-05-28,18047,2026-05-28,SCHEDULED,-60,-1.0
2026-05-29T04:50:52Z,0107212026-05-28,01072,2026-05-28,SCHEDULED,60,1.0
2026-05-29T04:50:52Z,1805412026-05-28,18054,2026-05-28,SCHEDULED,240,4.0
2026-05-29T04:50:52Z,1806812026-05-28,18068,2026-05-28,SCHEDULED,-120,-2.0
2026-05-29T04:50:52Z,1807112026-05-28,18071,2026-05-28,SCHEDULED,120,2.0
2026-05-29T04:50:52Z,1807212026-05-28,18072,2026-05-28,SCHEDULED,240,4.0
2026-05-29T04:50:52Z,1241112026-05-28,12411,2026-05-28,SCHEDULED,240,4.0
2026-05-29T04:50:52Z,1800222026-05-28,18002,2026-05-28,SCHEDULED,60,1.0
2026-05-29T04:50:52Z,1800212026-05-28,18002,2026-05-28,SCHEDULED,60,1.0
2026-05-29T04:50:52Z,1806612026-05-28,18066,2026-05-28,SCHEDULED,120,2.0
2026-05-29T04:50:52Z,1300012026-05-28,13000,2026-05-28,SCHEDULED,60,1.0
2026-05-29T04:50:52Z,1300112026-05-28,13001,2026-05-28,SCHEDULED,240,4.0
2026-05-29T04:50:52Z,1300322026-05-28,13003,2026-05-28,SCHEDULED,-60,-1.0
2026-05-29T04:50:52Z,1300312026-05-28,13003,2026-05-28,SCHEDULED,-60,-1.0
2026-05-29T04:50:52Z,3586912026-05-28,35869,2026-05-28,SCHEDULED,120,2.0
2026-05-29T04:50:52Z,1891012026-05-28,18910,2026-05-28,SCHEDULED,900,15.0
2026-05-29T04:50:52Z,1303022026-05-28,13030,2026-05-28,SCHEDULED,120,2.0
2026-05-29T04:50:52Z,1303012026-05-28,13030,2026-05-28,SCHEDULED,120,2.0
2026-05-29T04:50:52Z,1305112026-05-28,13051,2026-05-28,SCHEDULED,60,1.0
2026-05-29T04:50:52Z,1703012026-05-28,17030,2026-05-28,SCHEDULED,60,1.0
2026-05-29T04:50:52Z,1308422026-05-28,13084,2026-05-28,SCHEDULED,480,8.0
2026-05-29T04:50:52Z,1308412026-05-28,13084,2026-05-28,SCHEDULED,480,8.0
2026-05-29T04:50:52Z,1564612026-05-28,15646,2026-05-28,SCHEDULED,300,5.0
2026-05-29T04:50:52Z,1395112026-05-28,13951,2026-05-28,SCHEDULED,120,2.0
2026-05-29T04:50:52Z,1565012026-05-28,15650,2026-05-28,SCHEDULED,1920,32.0
2026-05-29T04:50:52Z,1320112026-05-28,13201,2026-05-28,SCHEDULED,240,4.0
2026-05-29T04:50:52Z,1320212026-05-28,13202,2026-05-28,SCHEDULED,300,5.0
2026-05-29T04:50:52Z,1506012026-05-28,15060,2026-05-28,SCHEDULED,480,8.0
2026-05-29T04:50:52Z,1580412026-05-28,15804,2026-05-28,SCHEDULED,300,5.0
2026-05-29T04:50:52Z,1572012026-05-28,15720,2026-05-28,SCHEDULED,600,10.0
2026-05-29T04:50:52Z,1412362026-05-28,14123,2026-05-28,SCHEDULED,180,3.0
2026-05-29T04:50:52Z,1412342026-05-28,14123,2026-05-28,SCHEDULED,180,3.0
2026-05-29T04:50:52Z,1412352026-05-28,14123,2026-05-28,SCHEDULED,180,3.0
2026-05-29T04:50:52Z,1412312026-05-28,14123,2026-05-28,SCHEDULED,180,3.0
2026-05-29T04:50:52Z,1412332026-05-28,14123,2026-05-28,SCHEDULED,180,3.0
2026-05-29T04:50:52Z,1412322026-05-28,14123,2026-05-28,SCHEDULED,180,3.0
2026-05-29T04:50:52Z,0075222026-05-29,00752,2026-05-29,SCHEDULED,300,5.0
2026-05-29T04:50:52Z,0075212026-05-29,00752,2026-05-29,SCHEDULED,300,5.0
2026-05-29T04:50:52Z,1576012026-05-28,15760,2026-05-28,SCHEDULED,840,14.0
2026-05-29T04:50:52Z,0075222026-05-29,00752,2026-05-29,SCHEDULED,240,4.0
2026-05-29T04:50:52Z,0075212026-05-29,00752,2026-05-29,SCHEDULED,240,4.0
2026-05-29T04:50:52Z,1585012026-05-28,15850,2026-05-28,SCHEDULED,120,2.0
2026-05-29T04:50:52Z,3460912026-05-28,34609,2026-05-28,SCHEDULED,60,1.0
2026-05-29T04:50:52Z,1590012026-05-28,15900,2026-05-28,SCHEDULED,660,11.0
2026-05-29T04:50:52Z,0206112026-05-28,02061,2026-05-28,SCHEDULED,300,5.0
2026-05-29T04:50:52Z,1443312026-05-28,14433,2026-05-28,SCHEDULED,180,3.0
2026-05-29T04:50:52Z,0206312026-05-28,02063,2026-05-28,SCHEDULED,-240,-4.0
2026-05-29T04:50:52Z,1503022026-05-28,15030,2026-05-28,SCHEDULED,60,1.0
2026-05-29T04:50:52Z,1503012026-05-28,15030,2026-05-28,SCHEDULED,60,1.0
2026-05-29T04:50:52Z,0206712026-05-28,02067,2026-05-28,SCHEDULED,300,5.0
2026-05-29T04:50:52Z,1500012026-05-28,15000,2026-05-28,SCHEDULED,120,2.0
2026-05-29T04:50:52Z,0207512026-05-29,02075,2026-05-29,SCHEDULED,120,2.0
2026-05-29T04:50:52Z,1505012026-05-28,15050,2026-05-28,SCHEDULED,120,2.0
2026-05-29T04:50:52Z,1600012026-05-28,16000,2026-05-28,SCHEDULED,-60,-1.0
2026-05-29T04:50:52Z,1401812026-05-28,14018,2026-05-28,SCHEDULED,180,3.0
2026-05-29T04:50:52Z,1447012026-05-28,14470,2026-05-28,SCHEDULED,-60,-1.0
2026-05-29T04:50:52Z,1702112026-05-28,17021,2026-05-28,SCHEDULED,180,3.0
2026-05-29T04:50:52Z,1702122026-05-28,17021,2026-05-28,SCHEDULED,180,3.0
2026-05-29T04:50:52Z,1702132026-05-28,17021,2026-05-28,SCHEDULED,180,3.0
2026-05-29T04:50:52Z,0306242026-05-28,03062,2026-05-28,SCHEDULED,360,6.0
2026-05-29T04:50:52Z,0306232026-05-28,03062,2026-05-28,SCHEDULED,360,6.0
2026-05-29T04:50:52Z,0306212026-05-28,03062,2026-05-28,SCHEDULED,360,6.0
2026-05-29T04:50:52Z,0306222026-05-28,03062,2026-05-28,SCHEDULED,360,6.0
2026-05-29T04:50:52Z,0366222026-05-28,03662,2026-05-28,SCHEDULED,360,6.0
2026-05-29T04:50:52Z,0366212026-05-28,03662,2026-05-28,SCHEDULED,360,6.0
2026-05-29T04:50:52Z,1504012026-05-28,15040,2026-05-28,SCHEDULED,360,6.0
2026-05-29T04:50:52Z,0429522026-05-28,04295,2026-05-28,SCHEDULED,180,3.0
2026-05-29T04:50:52Z,0429512026-05-28,04295,2026-05-28,SCHEDULED,180,3.0
2026-05-29T04:50:52Z,1562012026-05-28,15620,2026-05-28,SCHEDULED,300,5.0
2026-05-29T04:50:52Z,1562122026-05-28,15621,2026-05-28,SCHEDULED,60,1.0
2026-05-29T04:50:52Z,1562112026-05-28,15621,2026-05-28,SCHEDULED,60,1.0
2026-05-29T04:50:52Z,1563022026-05-28,15630,2026-05-28,SCHEDULED,60,1.0
2026-05-29T04:50:52Z,1563012026-05-28,15630,2026-05-28,SCHEDULED,60,1.0
2026-05-29T04:50:52Z,0506422026-05-28,05064,2026-05-28,SCHEDULED,180,3.0
2026-05-29T04:50:52Z,0506412026-05-28,05064,2026-05-28,SCHEDULED,180,3.0
2026-05-29T04:50:52Z,0806812026-05-28,08068,2026-05-28,SCHEDULED,60,1.0
2026-05-29T04:50:52Z,0566812026-05-28,05668,2026-05-28,SCHEDULED,120,2.0
2026-05-29T04:50:52Z,0576312026-05-28,05763,2026-05-28,SCHEDULED,-60,-1.0
2026-05-29T04:50:52Z,0576322026-05-28,05763,2026-05-28,SCHEDULED,-60,-1.0
2026-05-29T04:50:52Z,0576332026-05-28,05763,2026-05-28,SCHEDULED,-60,-1.0
2026-05-29T04:50:52Z,0587112026-05-28,05871,2026-05-28,SCHEDULED,420,7.0
2026-05-29T04:50:52Z,0806212026-05-28,08062,2026-05-28,SCHEDULED,60,1.0
2026-05-29T04:50:52Z,0806312026-05-28,08063,2026-05-28,SCHEDULED,240,4.0
2026-05-29T04:50:52Z,0806912026-05-28,08069,2026-05-28,SCHEDULED,360,6.0
2026-05-29T04:50:52Z,0807512026-05-28,08075,2026-05-28,SCHEDULED,60,1.0
2026-05-29T04:50:52Z,0826012026-05-28,08260,2026-05-28,SCHEDULED,180,3.0
2026-05-29T04:50:52Z,0826112026-05-28,08261,2026-05-28,SCHEDULED,600,10.0
2026-05-29T04:50:52Z,0847512026-05-29,08475,2026-05-29,SCHEDULED,180,3.0
2026-05-29T04:50:52Z,0865412026-05-28,08654,2026-05-28,SCHEDULED,300,5.0
2026-05-29T04:50:52Z,0866412026-05-28,08664,2026-05-28,SCHEDULED,240,4.0
2026-05-29T04:50:52Z,1503212026-05-28,15032,2026-05-28,CANCELED,,
2026-05-29T04:50:52Z,1504612026-05-28,15046,2026-05-28,CANCELED,,
2026-05-29T04:50:52Z,1260812026-05-28,12608,2026-05-28,CANCELED,,
2026-05-29T04:50:52Z,1573412026-05-28,15734,2026-05-28,CANCELED,,
2026-05-29T04:50:52Z,1262312026-05-28,12623,2026-05-28,CANCELED,,
2026-05-29T04:50:52Z,3880722026-05-28,38807,2026-05-28,CANCELED,,
2026-05-29T04:50:52Z,3880712026-05-28,38807,2026-05-28,CANCELED,,
2026-05-29T04:50:52Z,7183312026-05-28,71833,2026-05-28,CANCELED,,
2026-05-29T04:50:52Z,1582012026-05-28,15820,2026-05-28,CANCELED,,
2026-05-29T04:50:52Z,1790762026-05-28,17907,2026-05-28,CANCELED,,
2026-05-29T04:50:52Z,1790742026-05-28,17907,2026-05-28,CANCELED,,
2026-05-29T04:50:52Z,1790752026-05-28,17907,2026-05-28,CANCELED,,
2026-05-29T04:50:52Z,1790712026-05-28,17907,2026-05-28,CANCELED,,
2026-05-29T04:50:52Z,1790732026-05-28,17907,2026-05-28,CANCELED,,
2026-05-29T04:50:52Z,1790722026-05-28,17907,2026-05-28,CANCELED,,
2026-05-29T04:50:52Z,0426112026-05-29,04261,2026-05-29,CANCELED,,
2026-05-29T04:50:52Z,0587112026-05-28,05871,2026-05-28,CANCELED,,
2026-05-29T04:50:52Z,1821612026-05-28,18216,2026-05-28,CANCELED,,
2026-05-29T04:55:50Z,0866412026-05-28,08664,2026-05-28,SCHEDULED,180,3.0
2026-05-29T04:55:50Z,0807212026-05-28,08072,2026-05-28,SCHEDULED,-60,-1.0
2026-05-29T04:55:50Z,0906112026-05-28,09061,2026-05-28,SCHEDULED,-60,-1.0
2026-05-29T04:55:50Z,1412362026-05-28,14123,2026-05-28,SCHEDULED,180,3.0
2026-05-29T04:55:50Z,1412342026-05-28,14123,2026-05-28,SCHEDULED,180,3.0
2026-05-29T04:55:50Z,1412352026-05-28,14123,2026-05-28,SCHEDULED,180,3.0
2026-05-29T04:55:50Z,1412312026-05-28,14123,2026-05-28,SCHEDULED,180,3.0
2026-05-29T04:55:50Z,1412332026-05-28,14123,2026-05-28,SCHEDULED,180,3.0
2026-05-29T04:55:50Z,1412322026-05-28,14123,2026-05-28,SCHEDULED,180,3.0
2026-05-29T04:55:50Z,0906712026-05-28,09067,2026-05-28,SCHEDULED,120,2.0
2026-05-29T04:55:50Z,1505112026-05-28,15051,2026-05-28,SCHEDULED,480,8.0
2026-05-29T04:55:50Z,1530912026-05-28,15309,2026-05-28,SCHEDULED,420,7.0
2026-05-29T04:55:50Z,0907222026-05-28,09072,2026-05-28,SCHEDULED,-60,-1.0
2026-05-29T04:55:50Z,0907212026-05-28,09072,2026-05-28,SCHEDULED,-60,-1.0
2026-05-29T04:55:50Z,0947012026-05-28,09470,2026-05-28,SCHEDULED,-60,-1.0
2026-05-29T04:55:50Z,1607112026-05-28,16071,2026-05-28,SCHEDULED,-2580,-43.0
2026-05-29T04:55:50Z,0411422026-05-29,04114,2026-05-29,SCHEDULED,-180,-3.0
2026-05-29T04:55:50Z,0411412026-05-29,04114,2026-05-29,SCHEDULED,-180,-3.0
2026-05-29T04:55:50Z,1601812026-05-28,16018,2026-05-28,SCHEDULED,240,4.0
2026-05-29T04:55:50Z,0405612026-05-29,04056,2026-05-29,SCHEDULED,-720,-12.0
2026-05-29T04:55:50Z,1710012026-05-28,17100,2026-05-28,SCHEDULED,120,2.0
2026-05-29T04:55:50Z,0406012026-05-28,04060,2026-05-28,SCHEDULED,-60,-1.0
2026-05-29T04:55:50Z,1750312026-05-28,17503,2026-05-28,SCHEDULED,120,2.0
2026-05-29T04:55:50Z,1770312026-05-28,17703,2026-05-28,SCHEDULED,60,1.0
2026-05-29T04:55:50Z,0408812026-05-29,04088,2026-05-29,SCHEDULED,60,1.0
2026-05-29T04:55:50Z,0408822026-05-29,04088,2026-05-29,SCHEDULED,60,1.0
2026-05-29T04:55:50Z,0408832026-05-29,04088,2026-05-29,SCHEDULED,60,1.0
2026-05-29T04:55:50Z,0019222026-05-29,00192,2026-05-29,SCHEDULED,60,1.0
2026-05-29T04:55:50Z,0019212026-05-29,00192,2026-05-29,SCHEDULED,60,1.0
2026-05-29T04:55:50Z,1800112026-05-28,18001,2026-05-28,SCHEDULED,180,3.0
2026-05-29T04:55:50Z,1803112026-05-28,18031,2026-05-28,SCHEDULED,120,2.0
2026-05-29T04:55:50Z,0029122026-05-29,00291,2026-05-29,SCHEDULED,240,4.0
2026-05-29T04:55:50Z,0029112026-05-29,00291,2026-05-29,SCHEDULED,240,4.0
2026-05-29T04:55:50Z,1804112026-05-28,18041,2026-05-28,SCHEDULED,60,1.0
2026-05-29T04:55:50Z,1804612026-05-28,18046,2026-05-28,SCHEDULED,360,6.0
2026-05-29T04:55:50Z,0415422026-05-28,04154,2026-05-28,SCHEDULED,120,2.0
2026-05-29T04:55:50Z,0415412026-05-28,04154,2026-05-28,SCHEDULED,120,2.0
2026-05-29T04:55:50Z,1804722026-05-28,18047,2026-05-28,SCHEDULED,-60,-1.0
2026-05-29T04:55:50Z,1804712026-05-28,18047,2026-05-28,SCHEDULED,-60,-1.0
2026-05-29T04:55:50Z,1805412026-05-28,18054,2026-05-28,SCHEDULED,60,1.0
2026-05-29T04:55:50Z,0407222026-05-29,04072,2026-05-29,SCHEDULED,120,2.0
2026-05-29T04:55:50Z,0407212026-05-29,04072,2026-05-29,SCHEDULED,120,2.0
2026-05-29T04:55:50Z,1806812026-05-28,18068,2026-05-28,SCHEDULED,-60,-1.0
2026-05-29T04:55:50Z,1807112026-05-28,18071,2026-05-28,SCHEDULED,240,4.0
2026-05-29T04:55:50Z,1241112026-05-28,12411,2026-05-28,SCHEDULED,360,6.0
2026-05-29T04:55:50Z,1807212026-05-28,18072,2026-05-28,SCHEDULED,300,5.0
2026-05-29T04:55:50Z,1800222026-05-28,18002,2026-05-28,SCHEDULED,60,1.0
2026-05-29T04:55:50Z,1800212026-05-28,18002,2026-05-28,SCHEDULED,60,1.0
2026-05-29T04:55:50Z,1300012026-05-28,13000,2026-05-28,SCHEDULED,240,4.0
2026-05-29T04:55:50Z,1806612026-05-28,18066,2026-05-28,SCHEDULED,120,2.0
2026-05-29T04:55:50Z,1300112026-05-28,13001,2026-05-28,SCHEDULED,240,4.0
2026-05-29T04:55:50Z,1812012026-05-28,18120,2026-05-28,SCHEDULED,-120,-2.0
2026-05-29T04:55:50Z,1300322026-05-28,13003,2026-05-28,SCHEDULED,-60,-1.0
2026-05-29T04:55:50Z,1300312026-05-28,13003,2026-05-28,SCHEDULED,-60,-1.0
2026-05-29T04:55:50Z,1812112026-05-28,18121,2026-05-28,SCHEDULED,60,1.0
2026-05-29T04:55:50Z,1831012026-05-28,18310,2026-05-28,SCHEDULED,-120,-2.0
2026-05-29T04:55:50Z,1303022026-05-28,13030,2026-05-28,SCHEDULED,120,2.0
2026-05-29T04:55:50Z,1303012026-05-28,13030,2026-05-28,SCHEDULED,120,2.0
2026-05-29T04:55:50Z,3586912026-05-28,35869,2026-05-28,SCHEDULED,300,5.0
2026-05-29T04:55:50Z,1305112026-05-28,13051,2026-05-28,SCHEDULED,840,14.0
2026-05-29T04:55:50Z,1891012026-05-28,18910,2026-05-28,SCHEDULED,900,15.0
2026-05-29T04:55:50Z,0835812026-05-28,08358,2026-05-28,SCHEDULED,300,5.0
2026-05-29T04:55:50Z,1703012026-05-28,17030,2026-05-28,SCHEDULED,60,1.0
2026-05-29T04:55:50Z,1308422026-05-28,13084,2026-05-28,SCHEDULED,480,8.0
2026-05-29T04:55:50Z,1308412026-05-28,13084,2026-05-28,SCHEDULED,480,8.0
2026-05-29T04:55:50Z,1395112026-05-28,13951,2026-05-28,SCHEDULED,120,2.0
2026-05-29T04:55:50Z,1564612026-05-28,15646,2026-05-28,SCHEDULED,300,5.0
2026-05-29T04:55:50Z,1320112026-05-28,13201,2026-05-28,SCHEDULED,120,2.0
2026-05-29T04:55:50Z,1565012026-05-28,15650,2026-05-28,SCHEDULED,1980,33.0
2026-05-29T04:55:50Z,1320212026-05-28,13202,2026-05-28,SCHEDULED,300,5.0
2026-05-29T04:55:50Z,1575112026-05-28,15751,2026-05-28,SCHEDULED,60,1.0
2026-05-29T04:55:50Z,0075222026-05-29,00752,2026-05-29,SCHEDULED,300,5.0
2026-05-29T04:55:50Z,0075212026-05-29,00752,2026-05-29,SCHEDULED,300,5.0
2026-05-29T04:55:50Z,1506012026-05-28,15060,2026-05-28,SCHEDULED,420,7.0
2026-05-29T04:55:50Z,1580412026-05-28,15804,2026-05-28,SCHEDULED,360,6.0
2026-05-29T04:55:50Z,0075222026-05-29,00752,2026-05-29,SCHEDULED,300,5.0
2026-05-29T04:55:50Z,0075212026-05-29,00752,2026-05-29,SCHEDULED,300,5.0
2026-05-29T04:55:50Z,1572012026-05-28,15720,2026-05-28,SCHEDULED,540,9.0
2026-05-29T04:55:50Z,3460912026-05-28,34609,2026-05-28,SCHEDULED,60,1.0
2026-05-29T04:55:50Z,1577022026-05-28,15770,2026-05-28,SCHEDULED,60,1.0
2026-05-29T04:55:50Z,0206112026-05-28,02061,2026-05-28,SCHEDULED,360,6.0
2026-05-29T04:55:50Z,1576012026-05-28,15760,2026-05-28,SCHEDULED,900,15.0
2026-05-29T04:55:50Z,0206312026-05-28,02063,2026-05-28,SCHEDULED,60,1.0
2026-05-29T04:55:50Z,1585012026-05-28,15850,2026-05-28,SCHEDULED,120,2.0
2026-05-29T04:55:50Z,0206712026-05-28,02067,2026-05-28,SCHEDULED,240,4.0
2026-05-29T04:55:50Z,1590012026-05-28,15900,2026-05-28,SCHEDULED,840,14.0
2026-05-29T04:55:50Z,1443312026-05-28,14433,2026-05-28,SCHEDULED,180,3.0
2026-05-29T04:55:50Z,0207322026-05-28,02073,2026-05-28,SCHEDULED,60,1.0
2026-05-29T04:55:50Z,0207312026-05-28,02073,2026-05-28,SCHEDULED,60,1.0
2026-05-29T04:55:50Z,0207512026-05-29,02075,2026-05-29,SCHEDULED,120,2.0
2026-05-29T04:55:50Z,1503022026-05-28,15030,2026-05-28,SCHEDULED,60,1.0
2026-05-29T04:55:50Z,1503012026-05-28,15030,2026-05-28,SCHEDULED,60,1.0
2026-05-29T04:55:50Z,1505012026-05-28,15050,2026-05-28,SCHEDULED,120,2.0
2026-05-29T04:55:50Z,1600012026-05-28,16000,2026-05-28,SCHEDULED,60,1.0
2026-05-29T04:55:50Z,1401812026-05-28,14018,2026-05-28,SCHEDULED,180,3.0
2026-05-29T04:55:50Z,1447012026-05-28,14470,2026-05-28,SCHEDULED,-120,-2.0
2026-05-29T04:55:50Z,0306242026-05-28,03062,2026-05-28,SCHEDULED,240,4.0
2026-05-29T04:55:50Z,0306232026-05-28,03062,2026-05-28,SCHEDULED,240,4.0
2026-05-29T04:55:50Z,0306212026-05-28,03062,2026-05-28,SCHEDULED,240,4.0
2026-05-29T04:55:50Z,0306222026-05-28,03062,2026-05-28,SCHEDULED,240,4.0
2026-05-29T04:55:50Z,1702112026-05-28,17021,2026-05-28,SCHEDULED,180,3.0
2026-05-29T04:55:50Z,1702122026-05-28,17021,2026-05-28,SCHEDULED,180,3.0
2026-05-29T04:55:50Z,1702132026-05-28,17021,2026-05-28,SCHEDULED,180,3.0
2026-05-29T04:55:50Z,0366222026-05-28,03662,2026-05-28,SCHEDULED,360,6.0
2026-05-29T04:55:50Z,0366212026-05-28,03662,2026-05-28,SCHEDULED,360,6.0
2026-05-29T04:55:50Z,1504012026-05-28,15040,2026-05-28,SCHEDULED,1200,20.0
2026-05-29T04:55:50Z,1562012026-05-28,15620,2026-05-28,SCHEDULED,300,5.0
2026-05-29T04:55:50Z,0429522026-05-28,04295,2026-05-28,SCHEDULED,180,3.0
2026-05-29T04:55:50Z,0429512026-05-28,04295,2026-05-28,SCHEDULED,180,3.0
2026-05-29T04:55:50Z,1562122026-05-28,15621,2026-05-28,SCHEDULED,180,3.0
2026-05-29T04:55:50Z,1562112026-05-28,15621,2026-05-28,SCHEDULED,180,3.0
2026-05-29T04:55:50Z,1563022026-05-28,15630,2026-05-28,SCHEDULED,60,1.0
2026-05-29T04:55:50Z,1563012026-05-28,15630,2026-05-28,SCHEDULED,60,1.0
2026-05-29T04:55:50Z,0506422026-05-28,05064,2026-05-28,SCHEDULED,180,3.0
2026-05-29T04:55:50Z,0506412026-05-28,05064,2026-05-28,SCHEDULED,180,3.0
2026-05-29T04:55:50Z,0506522026-05-28,05065,2026-05-28,SCHEDULED,60,1.0
2026-05-29T04:55:50Z,0506512026-05-28,05065,2026-05-28,SCHEDULED,60,1.0
2026-05-29T04:55:50Z,0576312026-05-28,05763,2026-05-28,SCHEDULED,-120,-2.0
2026-05-29T04:55:50Z,0576322026-05-28,05763,2026-05-28,SCHEDULED,-120,-2.0
2026-05-29T04:55:50Z,0576332026-05-28,05763,2026-05-28,SCHEDULED,-120,-2.0
2026-05-29T04:55:50Z,0587112026-05-28,05871,2026-05-28,SCHEDULED,420,7.0
2026-05-29T04:55:50Z,0806212026-05-28,08062,2026-05-28,SCHEDULED,60,1.0
2026-05-29T04:55:50Z,0806312026-05-28,08063,2026-05-28,SCHEDULED,240,4.0
2026-05-29T04:55:50Z,0806912026-05-28,08069,2026-05-28,SCHEDULED,300,5.0
2026-05-29T04:55:50Z,0807512026-05-28,08075,2026-05-28,SCHEDULED,60,1.0
2026-05-29T04:55:50Z,0826012026-05-28,08260,2026-05-28,SCHEDULED,180,3.0
2026-05-29T04:55:50Z,0826112026-05-28,08261,2026-05-28,SCHEDULED,660,11.0
2026-05-29T04:55:50Z,0827312026-05-28,08273,2026-05-28,SCHEDULED,60,1.0
2026-05-29T04:55:50Z,0847512026-05-29,08475,2026-05-29,SCHEDULED,240,4.0
2026-05-29T04:55:50Z,0865412026-05-28,08654,2026-05-28,SCHEDULED,300,5.0
2026-05-29T04:55:50Z,1503212026-05-28,15032,2026-05-28,CANCELED,,
2026-05-29T04:55:50Z,1504612026-05-28,15046,2026-05-28,CANCELED,,
2026-05-29T04:55:50Z,1260812026-05-28,12608,2026-05-28,CANCELED,,
2026-05-29T04:55:50Z,1573412026-05-28,15734,2026-05-28,CANCELED,,
2026-05-29T04:55:50Z,1262312026-05-28,12623,2026-05-28,CANCELED,,
2026-05-29T04:55:50Z,3880722026-05-28,38807,2026-05-28,CANCELED,,
2026-05-29T04:55:50Z,3880712026-05-28,38807,2026-05-28,CANCELED,,
2026-05-29T04:55:50Z,7183312026-05-28,71833,2026-05-28,CANCELED,,
2026-05-29T04:55:50Z,1582012026-05-28,15820,2026-05-28,CANCELED,,
2026-05-29T04:55:50Z,1790762026-05-28,17907,2026-05-28,CANCELED,,
2026-05-29T04:55:50Z,1790742026-05-28,17907,2026-05-28,CANCELED,,
2026-05-29T04:55:50Z,1790752026-05-28,17907,2026-05-28,CANCELED,,
2026-05-29T04:55:50Z,1790712026-05-28,17907,2026-05-28,CANCELED,,
2026-05-29T04:55:50Z,1790732026-05-28,17907,2026-05-28,CANCELED,,
2026-05-29T04:55:50Z,1790722026-05-28,17907,2026-05-28,CANCELED,,
2026-05-29T04:55:50Z,0426112026-05-29,04261,2026-05-29,CANCELED,,
2026-05-29T04:55:50Z,0587112026-05-28,05871,2026-05-28,CANCELED,,
2026-05-29T04:55:50Z,1821612026-05-28,18216,2026-05-28,CANCELED,,
2026-05-29T05:01:12Z,1803112026-05-28,18031,2026-05-28,SCHEDULED,180,3.0
2026-05-29T05:01:12Z,0866412026-05-28,08664,2026-05-28,SCHEDULED,180,3.0
2026-05-29T05:01:12Z,0807212026-05-28,08072,2026-05-28,SCHEDULED,-180,-3.0
2026-05-29T05:01:12Z,0906112026-05-28,09061,2026-05-28,SCHEDULED,-60,-1.0
2026-05-29T05:01:12Z,1804612026-05-28,18046,2026-05-28,SCHEDULED,360,6.0
2026-05-29T05:01:12Z,0906712026-05-28,09067,2026-05-28,SCHEDULED,180,3.0
2026-05-29T05:01:12Z,1804722026-05-28,18047,2026-05-28,SCHEDULED,-60,-1.0
2026-05-29T05:01:12Z,1804712026-05-28,18047,2026-05-28,SCHEDULED,-60,-1.0
2026-05-29T05:01:12Z,1806812026-05-28,18068,2026-05-28,SCHEDULED,-60,-1.0
2026-05-29T05:01:12Z,1807112026-05-28,18071,2026-05-28,SCHEDULED,240,4.0
2026-05-29T05:01:12Z,0947012026-05-28,09470,2026-05-28,SCHEDULED,-60,-1.0
2026-05-29T05:01:12Z,1807212026-05-28,18072,2026-05-28,SCHEDULED,300,5.0
2026-05-29T05:01:12Z,0411422026-05-29,04114,2026-05-29,SCHEDULED,-180,-3.0
2026-05-29T05:01:12Z,0411412026-05-29,04114,2026-05-29,SCHEDULED,-180,-3.0
2026-05-29T05:01:12Z,0405612026-05-29,04056,2026-05-29,SCHEDULED,-60,-1.0
2026-05-29T05:01:12Z,1800222026-05-28,18002,2026-05-28,SCHEDULED,120,2.0
2026-05-29T05:01:12Z,1800212026-05-28,18002,2026-05-28,SCHEDULED,120,2.0
2026-05-29T05:01:12Z,1806612026-05-28,18066,2026-05-28,SCHEDULED,120,2.0
2026-05-29T05:01:12Z,0406012026-05-28,04060,2026-05-28,SCHEDULED,-240,-4.0
2026-05-29T05:01:12Z,1812012026-05-28,18120,2026-05-28,SCHEDULED,-120,-2.0
2026-05-29T05:01:12Z,1812112026-05-28,18121,2026-05-28,SCHEDULED,120,2.0
2026-05-29T05:01:12Z,0418642026-05-29,04186,2026-05-29,SCHEDULED,120,2.0
2026-05-29T05:01:12Z,0418632026-05-29,04186,2026-05-29,SCHEDULED,120,2.0
2026-05-29T05:01:12Z,0418612026-05-29,04186,2026-05-29,SCHEDULED,120,2.0
2026-05-29T05:01:12Z,0418622026-05-29,04186,2026-05-29,SCHEDULED,120,2.0
2026-05-29T05:01:12Z,1831012026-05-28,18310,2026-05-28,SCHEDULED,-120,-2.0
2026-05-29T05:01:12Z,3586912026-05-28,35869,2026-05-28,SCHEDULED,240,4.0
2026-05-29T05:01:12Z,1891012026-05-28,18910,2026-05-28,SCHEDULED,960,16.0
2026-05-29T05:01:12Z,3520412026-05-28,35204,2026-05-28,SCHEDULED,-60,-1.0
2026-05-29T05:01:12Z,1320112026-05-28,13201,2026-05-28,SCHEDULED,120,2.0
2026-05-29T05:01:12Z,0029122026-05-29,00291,2026-05-29,SCHEDULED,240,4.0
2026-05-29T05:01:12Z,0029112026-05-29,00291,2026-05-29,SCHEDULED,240,4.0
2026-05-29T05:01:12Z,1320212026-05-28,13202,2026-05-28,SCHEDULED,240,4.0
2026-05-29T05:01:12Z,0415422026-05-28,04154,2026-05-28,SCHEDULED,120,2.0
2026-05-29T05:01:12Z,0415412026-05-28,04154,2026-05-28,SCHEDULED,120,2.0
2026-05-29T05:01:12Z,0486822026-05-29,04868,2026-05-29,SCHEDULED,60,1.0
2026-05-29T05:01:12Z,0486812026-05-29,04868,2026-05-29,SCHEDULED,60,1.0
2026-05-29T05:01:12Z,1412362026-05-28,14123,2026-05-28,SCHEDULED,180,3.0
2026-05-29T05:01:12Z,1412342026-05-28,14123,2026-05-28,SCHEDULED,180,3.0
2026-05-29T05:01:12Z,1412352026-05-28,14123,2026-05-28,SCHEDULED,180,3.0
2026-05-29T05:01:12Z,1412312026-05-28,14123,2026-05-28,SCHEDULED,180,3.0
2026-05-29T05:01:12Z,1412332026-05-28,14123,2026-05-28,SCHEDULED,180,3.0
2026-05-29T05:01:12Z,1412322026-05-28,14123,2026-05-28,SCHEDULED,180,3.0
2026-05-29T05:01:12Z,1505112026-05-28,15051,2026-05-28,SCHEDULED,300,5.0
2026-05-29T05:01:12Z,0407222026-05-29,04072,2026-05-29,SCHEDULED,240,4.0
2026-05-29T05:01:12Z,0407212026-05-29,04072,2026-05-29,SCHEDULED,240,4.0
2026-05-29T05:01:12Z,1530912026-05-28,15309,2026-05-28,SCHEDULED,240,4.0
2026-05-29T05:01:12Z,1241112026-05-28,12411,2026-05-28,SCHEDULED,360,6.0
2026-05-29T05:01:12Z,1607112026-05-28,16071,2026-05-28,SCHEDULED,-2580,-43.0
2026-05-29T05:01:12Z,1601812026-05-28,16018,2026-05-28,SCHEDULED,240,4.0
2026-05-29T05:01:12Z,1300012026-05-28,13000,2026-05-28,SCHEDULED,300,5.0
2026-05-29T05:01:12Z,1300112026-05-28,13001,2026-05-28,SCHEDULED,240,4.0
2026-05-29T05:01:12Z,1710012026-05-28,17100,2026-05-28,SCHEDULED,180,3.0
2026-05-29T05:01:12Z,1750312026-05-28,17503,2026-05-28,SCHEDULED,240,4.0
2026-05-29T05:01:12Z,1303022026-05-28,13030,2026-05-28,SCHEDULED,60,1.0
2026-05-29T05:01:12Z,1303012026-05-28,13030,2026-05-28,SCHEDULED,60,1.0
2026-05-29T05:01:12Z,1305112026-05-28,13051,2026-05-28,SCHEDULED,900,15.0
2026-05-29T05:01:12Z,1308422026-05-28,13084,2026-05-28,SCHEDULED,480,8.0
2026-05-29T05:01:12Z,1308412026-05-28,13084,2026-05-28,SCHEDULED,480,8.0
2026-05-29T05:01:12Z,1395112026-05-28,13951,2026-05-28,SCHEDULED,120,2.0
2026-05-29T05:01:12Z,1800112026-05-28,18001,2026-05-28,SCHEDULED,180,3.0
2026-05-29T05:01:12Z,0075222026-05-29,00752,2026-05-29,SCHEDULED,240,4.0
2026-05-29T05:01:12Z,0075212026-05-29,00752,2026-05-29,SCHEDULED,240,4.0
2026-05-29T05:01:12Z,1703012026-05-28,17030,2026-05-28,SCHEDULED,240,4.0
2026-05-29T05:01:12Z,0075222026-05-29,00752,2026-05-29,SCHEDULED,360,6.0
2026-05-29T05:01:12Z,0075212026-05-29,00752,2026-05-29,SCHEDULED,360,6.0
2026-05-29T05:01:12Z,3460912026-05-28,34609,2026-05-28,SCHEDULED,60,1.0
2026-05-29T05:01:12Z,1251212026-05-28,12512,2026-05-28,SCHEDULED,120,2.0
2026-05-29T05:01:12Z,0206112026-05-28,02061,2026-05-28,SCHEDULED,540,9.0
2026-05-29T05:01:12Z,1564612026-05-28,15646,2026-05-28,SCHEDULED,300,5.0
2026-05-29T05:01:12Z,0206312026-05-28,02063,2026-05-28,SCHEDULED,60,1.0
2026-05-29T05:01:12Z,1565012026-05-28,15650,2026-05-28,SCHEDULED,2040,34.0
2026-05-29T05:01:12Z,0206712026-05-28,02067,2026-05-28,SCHEDULED,300,5.0
2026-05-29T05:01:12Z,1575112026-05-28,15751,2026-05-28,SCHEDULED,60,1.0
2026-05-29T05:01:12Z,0207322026-05-28,02073,2026-05-28,SCHEDULED,180,3.0
2026-05-29T05:01:12Z,0207312026-05-28,02073,2026-05-28,SCHEDULED,180,3.0
2026-05-29T05:01:12Z,1506012026-05-28,15060,2026-05-28,SCHEDULED,420,7.0
2026-05-29T05:01:12Z,0207512026-05-29,02075,2026-05-29,SCHEDULED,240,4.0
2026-05-29T05:01:12Z,1580412026-05-28,15804,2026-05-28,SCHEDULED,360,6.0
2026-05-29T05:01:12Z,1572012026-05-28,15720,2026-05-28,SCHEDULED,540,9.0
2026-05-29T05:01:12Z,1576012026-05-28,15760,2026-05-28,SCHEDULED,960,16.0
2026-05-29T05:01:12Z,1585012026-05-28,15850,2026-05-28,SCHEDULED,120,2.0
2026-05-29T05:01:12Z,1590012026-05-28,15900,2026-05-28,SCHEDULED,660,11.0
2026-05-29T05:01:12Z,1443312026-05-28,14433,2026-05-28,SCHEDULED,180,3.0
2026-05-29T05:01:12Z,0306242026-05-28,03062,2026-05-28,SCHEDULED,300,5.0
2026-05-29T05:01:12Z,0306232026-05-28,03062,2026-05-28,SCHEDULED,300,5.0
2026-05-29T05:01:12Z,0306212026-05-28,03062,2026-05-28,SCHEDULED,300,5.0
2026-05-29T05:01:12Z,0306222026-05-28,03062,2026-05-28,SCHEDULED,300,5.0
2026-05-29T05:01:12Z,1503022026-05-28,15030,2026-05-28,SCHEDULED,60,1.0
2026-05-29T05:01:12Z,1503012026-05-28,15030,2026-05-28,SCHEDULED,60,1.0
2026-05-29T05:01:12Z,1500012026-05-28,15000,2026-05-28,SCHEDULED,-60,-1.0
2026-05-29T05:01:12Z,0366222026-05-28,03662,2026-05-28,SCHEDULED,360,6.0
2026-05-29T05:01:12Z,0366212026-05-28,03662,2026-05-28,SCHEDULED,360,6.0
2026-05-29T05:01:12Z,1505012026-05-28,15050,2026-05-28,SCHEDULED,120,2.0
2026-05-29T05:01:12Z,0429522026-05-28,04295,2026-05-28,SCHEDULED,120,2.0
2026-05-29T05:01:12Z,0429512026-05-28,04295,2026-05-28,SCHEDULED,120,2.0
2026-05-29T05:01:12Z,1600012026-05-28,16000,2026-05-28,SCHEDULED,60,1.0
2026-05-29T05:01:12Z,0506422026-05-28,05064,2026-05-28,SCHEDULED,180,3.0
2026-05-29T05:01:12Z,0506412026-05-28,05064,2026-05-28,SCHEDULED,180,3.0
2026-05-29T05:01:12Z,1401812026-05-28,14018,2026-05-28,SCHEDULED,300,5.0
2026-05-29T05:01:12Z,0506522026-05-28,05065,2026-05-28,SCHEDULED,60,1.0
2026-05-29T05:01:12Z,0506512026-05-28,05065,2026-05-28,SCHEDULED,60,1.0
2026-05-29T05:01:12Z,1702112026-05-28,17021,2026-05-28,SCHEDULED,60,1.0
2026-05-29T05:01:12Z,1702122026-05-28,17021,2026-05-28,SCHEDULED,60,1.0
2026-05-29T05:01:12Z,1702132026-05-28,17021,2026-05-28,SCHEDULED,60,1.0
2026-05-29T05:01:12Z,1504012026-05-28,15040,2026-05-28,SCHEDULED,1200,20.0
2026-05-29T05:01:12Z,0587112026-05-28,05871,2026-05-28,SCHEDULED,420,7.0
2026-05-29T05:01:12Z,1562012026-05-28,15620,2026-05-28,SCHEDULED,300,5.0
2026-05-29T05:01:12Z,0806212026-05-28,08062,2026-05-28,SCHEDULED,180,3.0
2026-05-29T05:01:12Z,0806912026-05-28,08069,2026-05-28,SCHEDULED,300,5.0
2026-05-29T05:01:12Z,1562122026-05-28,15621,2026-05-28,SCHEDULED,180,3.0
2026-05-29T05:01:12Z,1562112026-05-28,15621,2026-05-28,SCHEDULED,180,3.0
2026-05-29T05:01:12Z,0807512026-05-28,08075,2026-05-28,SCHEDULED,60,1.0
2026-05-29T05:01:12Z,0826012026-05-28,08260,2026-05-28,SCHEDULED,60,1.0
2026-05-29T05:01:12Z,0806812026-05-28,08068,2026-05-28,SCHEDULED,120,2.0
2026-05-29T05:01:12Z,0826112026-05-28,08261,2026-05-28,SCHEDULED,660,11.0
2026-05-29T05:01:12Z,0835812026-05-28,08358,2026-05-28,SCHEDULED,300,5.0
2026-05-29T05:01:12Z,0827312026-05-28,08273,2026-05-28,SCHEDULED,180,3.0
2026-05-29T05:01:12Z,0847512026-05-29,08475,2026-05-29,SCHEDULED,240,4.0
2026-05-29T05:01:12Z,0865412026-05-28,08654,2026-05-28,SCHEDULED,420,7.0
2026-05-29T05:01:12Z,1503212026-05-28,15032,2026-05-28,CANCELED,,
2026-05-29T05:01:12Z,1504612026-05-28,15046,2026-05-28,CANCELED,,
2026-05-29T05:01:12Z,1260812026-05-28,12608,2026-05-28,CANCELED,,
2026-05-29T05:01:12Z,1573412026-05-28,15734,2026-05-28,CANCELED,,
2026-05-29T05:01:12Z,1262312026-05-28,12623,2026-05-28,CANCELED,,
2026-05-29T05:01:12Z,3880722026-05-28,38807,2026-05-28,CANCELED,,
2026-05-29T05:01:12Z,3880712026-05-28,38807,2026-05-28,CANCELED,,
2026-05-29T05:01:12Z,7183312026-05-28,71833,2026-05-28,CANCELED,,
2026-05-29T05:01:12Z,1582012026-05-28,15820,2026-05-28,CANCELED,,
2026-05-29T05:01:12Z,0426112026-05-29,04261,2026-05-29,CANCELED,,
2026-05-29T05:01:12Z,1790762026-05-28,17907,2026-05-28,CANCELED,,
2026-05-29T05:01:12Z,1790742026-05-28,17907,2026-05-28,CANCELED,,
2026-05-29T05:01:12Z,1790752026-05-28,17907,2026-05-28,CANCELED,,
2026-05-29T05:01:12Z,1790712026-05-28,17907,2026-05-28,CANCELED,,
2026-05-29T05:01:12Z,1790732026-05-28,17907,2026-05-28,CANCELED,,
2026-05-29T05:01:12Z,1790722026-05-28,17907,2026-05-28,CANCELED,,
2026-05-29T05:01:12Z,0587112026-05-28,05871,2026-05-28,CANCELED,,
2026-05-29T05:01:12Z,1821612026-05-28,18216,2026-05-28,CANCELED,,
2026-05-29T05:05:48Z,1395112026-05-28,13951,2026-05-28,SCHEDULED,120,2.0
2026-05-29T05:05:48Z,0847512026-05-29,08475,2026-05-29,SCHEDULED,180,3.0
2026-05-29T05:05:48Z,0865412026-05-28,08654,2026-05-28,SCHEDULED,420,7.0
2026-05-29T05:05:48Z,1320112026-05-28,13201,2026-05-28,SCHEDULED,120,2.0
2026-05-29T05:05:48Z,0866412026-05-28,08664,2026-05-28,SCHEDULED,180,3.0
2026-05-29T05:05:48Z,1320212026-05-28,13202,2026-05-28,SCHEDULED,240,4.0
2026-05-29T05:05:48Z,0807212026-05-28,08072,2026-05-28,SCHEDULED,-240,-4.0
2026-05-29T05:05:48Z,0906712026-05-28,09067,2026-05-28,SCHEDULED,180,3.0
2026-05-29T05:05:48Z,1412362026-05-28,14123,2026-05-28,SCHEDULED,360,6.0
2026-05-29T05:05:48Z,1412342026-05-28,14123,2026-05-28,SCHEDULED,360,6.0
2026-05-29T05:05:48Z,1412352026-05-28,14123,2026-05-28,SCHEDULED,360,6.0
2026-05-29T05:05:48Z,1412312026-05-28,14123,2026-05-28,SCHEDULED,360,6.0
2026-05-29T05:05:48Z,1412332026-05-28,14123,2026-05-28,SCHEDULED,360,6.0
2026-05-29T05:05:48Z,1412322026-05-28,14123,2026-05-28,SCHEDULED,360,6.0
2026-05-29T05:05:48Z,1505112026-05-28,15051,2026-05-28,SCHEDULED,240,4.0
2026-05-29T05:05:48Z,0947012026-05-28,09470,2026-05-28,SCHEDULED,-60,-1.0
2026-05-29T05:05:48Z,1521012026-05-28,15210,2026-05-28,SCHEDULED,120,2.0
2026-05-29T05:05:48Z,1530912026-05-28,15309,2026-05-28,SCHEDULED,240,4.0
2026-05-29T05:05:48Z,0411422026-05-29,04114,2026-05-29,SCHEDULED,240,4.0
2026-05-29T05:05:48Z,0411412026-05-29,04114,2026-05-29,SCHEDULED,240,4.0
2026-05-29T05:05:48Z,1607112026-05-28,16071,2026-05-28,SCHEDULED,-2580,-43.0
2026-05-29T05:05:48Z,0406012026-05-28,04060,2026-05-28,SCHEDULED,-240,-4.0
2026-05-29T05:05:48Z,1601812026-05-28,16018,2026-05-28,SCHEDULED,240,4.0
2026-05-29T05:05:48Z,1710012026-05-28,17100,2026-05-28,SCHEDULED,240,4.0
2026-05-29T05:05:48Z,1722712026-05-28,17227,2026-05-28,SCHEDULED,60,1.0
2026-05-29T05:05:48Z,0418642026-05-29,04186,2026-05-29,SCHEDULED,180,3.0
2026-05-29T05:05:48Z,0418632026-05-29,04186,2026-05-29,SCHEDULED,180,3.0
2026-05-29T05:05:48Z,0418612026-05-29,04186,2026-05-29,SCHEDULED,180,3.0
2026-05-29T05:05:48Z,0418622026-05-29,04186,2026-05-29,SCHEDULED,180,3.0
2026-05-29T05:05:48Z,1750312026-05-28,17503,2026-05-28,SCHEDULED,180,3.0
2026-05-29T05:05:48Z,0408812026-05-29,04088,2026-05-29,SCHEDULED,-60,-1.0
2026-05-29T05:05:48Z,0408822026-05-29,04088,2026-05-29,SCHEDULED,-60,-1.0
2026-05-29T05:05:48Z,0408832026-05-29,04088,2026-05-29,SCHEDULED,-60,-1.0
2026-05-29T05:05:48Z,1800112026-05-28,18001,2026-05-28,SCHEDULED,480,8.0
2026-05-29T05:05:48Z,0029122026-05-29,00291,2026-05-29,SCHEDULED,240,4.0
2026-05-29T05:05:48Z,0029112026-05-29,00291,2026-05-29,SCHEDULED,240,4.0
2026-05-29T05:05:48Z,1803112026-05-28,18031,2026-05-28,SCHEDULED,180,3.0
2026-05-29T05:05:48Z,0053322026-05-29,00533,2026-05-29,SCHEDULED,-120,-2.0
2026-05-29T05:05:48Z,0053312026-05-29,00533,2026-05-29,SCHEDULED,-120,-2.0
2026-05-29T05:05:48Z,1804112026-05-28,18041,2026-05-28,SCHEDULED,-60,-1.0
2026-05-29T05:05:48Z,1804612026-05-28,18046,2026-05-28,SCHEDULED,420,7.0
2026-05-29T05:05:48Z,1804722026-05-28,18047,2026-05-28,SCHEDULED,-60,-1.0
2026-05-29T05:05:48Z,1804712026-05-28,18047,2026-05-28,SCHEDULED,-60,-1.0
2026-05-29T05:05:48Z,0415422026-05-28,04154,2026-05-28,SCHEDULED,120,2.0
2026-05-29T05:05:48Z,0415412026-05-28,04154,2026-05-28,SCHEDULED,120,2.0
2026-05-29T05:05:48Z,1806812026-05-28,18068,2026-05-28,SCHEDULED,-60,-1.0
2026-05-29T05:05:48Z,0486822026-05-29,04868,2026-05-29,SCHEDULED,-60,-1.0
2026-05-29T05:05:48Z,0486812026-05-29,04868,2026-05-29,SCHEDULED,-60,-1.0
2026-05-29T05:05:48Z,1807112026-05-28,18071,2026-05-28,SCHEDULED,240,4.0
2026-05-29T05:05:48Z,1807212026-05-28,18072,2026-05-28,SCHEDULED,300,5.0
2026-05-29T05:05:48Z,0407222026-05-29,04072,2026-05-29,SCHEDULED,240,4.0
2026-05-29T05:05:48Z,0407212026-05-29,04072,2026-05-29,SCHEDULED,240,4.0
2026-05-29T05:05:48Z,1800222026-05-28,18002,2026-05-28,SCHEDULED,60,1.0
2026-05-29T05:05:48Z,1800212026-05-28,18002,2026-05-28,SCHEDULED,60,1.0
2026-05-29T05:05:48Z,1806612026-05-28,18066,2026-05-28,SCHEDULED,240,4.0
2026-05-29T05:05:48Z,1812012026-05-28,18120,2026-05-28,SCHEDULED,180,3.0
2026-05-29T05:05:48Z,0508042026-05-28,05080,2026-05-28,SCHEDULED,-60,-1.0
2026-05-29T05:05:48Z,0508032026-05-28,05080,2026-05-28,SCHEDULED,-60,-1.0
2026-05-29T05:05:48Z,0508012026-05-28,05080,2026-05-28,SCHEDULED,-60,-1.0
2026-05-29T05:05:48Z,0508022026-05-28,05080,2026-05-28,SCHEDULED,-60,-1.0
2026-05-29T05:05:48Z,1812112026-05-28,18121,2026-05-28,SCHEDULED,120,2.0
2026-05-29T05:05:48Z,3586912026-05-28,35869,2026-05-28,SCHEDULED,240,4.0
2026-05-29T05:05:48Z,1891012026-05-28,18910,2026-05-28,SCHEDULED,960,16.0
2026-05-29T05:05:48Z,1241112026-05-28,12411,2026-05-28,SCHEDULED,360,6.0
2026-05-29T05:05:48Z,1703012026-05-28,17030,2026-05-28,SCHEDULED,240,4.0
2026-05-29T05:05:48Z,1248012026-05-28,12480,2026-05-28,SCHEDULED,60,1.0
2026-05-29T05:05:48Z,1300012026-05-28,13000,2026-05-28,SCHEDULED,300,5.0
2026-05-29T05:05:48Z,1251212026-05-28,12512,2026-05-28,SCHEDULED,60,1.0
2026-05-29T05:05:48Z,1300112026-05-28,13001,2026-05-28,SCHEDULED,60,1.0
2026-05-29T05:05:48Z,1300322026-05-28,13003,2026-05-28,SCHEDULED,-60,-1.0
2026-05-29T05:05:48Z,1300312026-05-28,13003,2026-05-28,SCHEDULED,-60,-1.0
2026-05-29T05:05:48Z,1565012026-05-28,15650,2026-05-28,SCHEDULED,2040,34.0
2026-05-29T05:05:48Z,1575112026-05-28,15751,2026-05-28,SCHEDULED,120,2.0
2026-05-29T05:05:48Z,1303022026-05-28,13030,2026-05-28,SCHEDULED,60,1.0
2026-05-29T05:05:48Z,1303012026-05-28,13030,2026-05-28,SCHEDULED,60,1.0
2026-05-29T05:05:48Z,1506012026-05-28,15060,2026-05-28,SCHEDULED,360,6.0
2026-05-29T05:05:48Z,1580412026-05-28,15804,2026-05-28,SCHEDULED,300,5.0
2026-05-29T05:05:48Z,1305112026-05-28,13051,2026-05-28,SCHEDULED,900,15.0
2026-05-29T05:05:48Z,1572012026-05-28,15720,2026-05-28,SCHEDULED,480,8.0
2026-05-29T05:05:48Z,1308422026-05-28,13084,2026-05-28,SCHEDULED,540,9.0
2026-05-29T05:05:48Z,1308412026-05-28,13084,2026-05-28,SCHEDULED,540,9.0
2026-05-29T05:05:48Z,1577022026-05-28,15770,2026-05-28,SCHEDULED,-60,-1.0
2026-05-29T05:05:48Z,1576012026-05-28,15760,2026-05-28,SCHEDULED,960,16.0
2026-05-29T05:05:48Z,0075222026-05-29,00752,2026-05-29,SCHEDULED,240,4.0
2026-05-29T05:05:48Z,0075212026-05-29,00752,2026-05-29,SCHEDULED,240,4.0
2026-05-29T05:05:48Z,1585012026-05-28,15850,2026-05-28,SCHEDULED,60,1.0
2026-05-29T05:05:48Z,1590012026-05-28,15900,2026-05-28,SCHEDULED,660,11.0
2026-05-29T05:05:48Z,0075222026-05-29,00752,2026-05-29,SCHEDULED,300,5.0
2026-05-29T05:05:48Z,0075212026-05-29,00752,2026-05-29,SCHEDULED,300,5.0
2026-05-29T05:05:48Z,3520412026-05-28,35204,2026-05-28,SCHEDULED,-60,-1.0
2026-05-29T05:05:48Z,3460912026-05-28,34609,2026-05-28,SCHEDULED,60,1.0
2026-05-29T05:05:48Z,1443312026-05-28,14433,2026-05-28,SCHEDULED,240,4.0
2026-05-29T05:05:48Z,0109212026-05-28,01092,2026-05-28,SCHEDULED,-120,-2.0
2026-05-29T05:05:48Z,0206112026-05-28,02061,2026-05-28,SCHEDULED,540,9.0
2026-05-29T05:05:48Z,1503022026-05-28,15030,2026-05-28,SCHEDULED,300,5.0
2026-05-29T05:05:48Z,1503012026-05-28,15030,2026-05-28,SCHEDULED,300,5.0
2026-05-29T05:05:48Z,0206312026-05-28,02063,2026-05-28,SCHEDULED,360,6.0
2026-05-29T05:05:48Z,1500012026-05-28,15000,2026-05-28,SCHEDULED,-60,-1.0
2026-05-29T05:05:48Z,0206712026-05-28,02067,2026-05-28,SCHEDULED,300,5.0
2026-05-29T05:05:48Z,1505012026-05-28,15050,2026-05-28,SCHEDULED,120,2.0
2026-05-29T05:05:48Z,0207012026-05-28,02070,2026-05-28,SCHEDULED,60,1.0
2026-05-29T05:05:48Z,1600012026-05-28,16000,2026-05-28,SCHEDULED,60,1.0
2026-05-29T05:05:48Z,1401812026-05-28,14018,2026-05-28,SCHEDULED,360,6.0
2026-05-29T05:05:48Z,0207322026-05-28,02073,2026-05-28,SCHEDULED,180,3.0
2026-05-29T05:05:48Z,0207312026-05-28,02073,2026-05-28,SCHEDULED,180,3.0
2026-05-29T05:05:48Z,1702112026-05-28,17021,2026-05-28,SCHEDULED,60,1.0
2026-05-29T05:05:48Z,1702122026-05-28,17021,2026-05-28,SCHEDULED,60,1.0
2026-05-29T05:05:48Z,1702132026-05-28,17021,2026-05-28,SCHEDULED,60,1.0
2026-05-29T05:05:48Z,0207512026-05-29,02075,2026-05-29,SCHEDULED,360,6.0
2026-05-29T05:05:48Z,0805812026-05-28,08058,2026-05-28,SCHEDULED,420,7.0
2026-05-29T05:05:48Z,1504012026-05-28,15040,2026-05-28,SCHEDULED,1320,22.0
2026-05-29T05:05:48Z,0306242026-05-28,03062,2026-05-28,SCHEDULED,60,1.0
2026-05-29T05:05:48Z,0306232026-05-28,03062,2026-05-28,SCHEDULED,60,1.0
2026-05-29T05:05:48Z,0306212026-05-28,03062,2026-05-28,SCHEDULED,60,1.0
2026-05-29T05:05:48Z,0306222026-05-28,03062,2026-05-28,SCHEDULED,60,1.0
2026-05-29T05:05:48Z,1562012026-05-28,15620,2026-05-28,SCHEDULED,300,5.0
2026-05-29T05:05:48Z,0306312026-05-28,03063,2026-05-28,SCHEDULED,-60,-1.0
2026-05-29T05:05:48Z,0306322026-05-28,03063,2026-05-28,SCHEDULED,-60,-1.0
2026-05-29T05:05:48Z,0306332026-05-28,03063,2026-05-28,SCHEDULED,-60,-1.0
2026-05-29T05:05:48Z,1562122026-05-28,15621,2026-05-28,SCHEDULED,240,4.0
2026-05-29T05:05:48Z,1562112026-05-28,15621,2026-05-28,SCHEDULED,240,4.0
2026-05-29T05:05:48Z,0806812026-05-28,08068,2026-05-28,SCHEDULED,120,2.0
2026-05-29T05:05:48Z,0835812026-05-28,08358,2026-05-28,SCHEDULED,300,5.0
2026-05-29T05:05:48Z,0306242026-05-28,03062,2026-05-28,SCHEDULED,240,4.0
2026-05-29T05:05:48Z,0306232026-05-28,03062,2026-05-28,SCHEDULED,240,4.0
2026-05-29T05:05:48Z,0306212026-05-28,03062,2026-05-28,SCHEDULED,240,4.0
2026-05-29T05:05:48Z,0306222026-05-28,03062,2026-05-28,SCHEDULED,240,4.0
2026-05-29T05:05:48Z,0366222026-05-28,03662,2026-05-28,SCHEDULED,360,6.0
2026-05-29T05:05:48Z,0366212026-05-28,03662,2026-05-28,SCHEDULED,360,6.0
2026-05-29T05:05:48Z,0429522026-05-28,04295,2026-05-28,SCHEDULED,60,1.0
2026-05-29T05:05:48Z,0429512026-05-28,04295,2026-05-28,SCHEDULED,60,1.0
2026-05-29T05:05:48Z,0506422026-05-28,05064,2026-05-28,SCHEDULED,180,3.0
2026-05-29T05:05:48Z,0506412026-05-28,05064,2026-05-28,SCHEDULED,180,3.0
2026-05-29T05:05:48Z,0506522026-05-28,05065,2026-05-28,SCHEDULED,120,2.0
2026-05-29T05:05:48Z,0506512026-05-28,05065,2026-05-28,SCHEDULED,120,2.0
2026-05-29T05:05:48Z,0507212026-05-28,05072,2026-05-28,SCHEDULED,120,2.0
2026-05-29T05:05:48Z,0576312026-05-28,05763,2026-05-28,SCHEDULED,-60,-1.0
2026-05-29T05:05:48Z,0576322026-05-28,05763,2026-05-28,SCHEDULED,-60,-1.0
2026-05-29T05:05:48Z,0576332026-05-28,05763,2026-05-28,SCHEDULED,-60,-1.0
2026-05-29T05:05:48Z,0587112026-05-28,05871,2026-05-28,SCHEDULED,420,7.0
2026-05-29T05:05:48Z,0806212026-05-28,08062,2026-05-28,SCHEDULED,60,1.0
2026-05-29T05:05:48Z,0806912026-05-28,08069,2026-05-28,SCHEDULED,300,5.0
2026-05-29T05:05:48Z,0807112026-05-28,08071,2026-05-28,SCHEDULED,60,1.0
2026-05-29T05:05:48Z,0807512026-05-28,08075,2026-05-28,SCHEDULED,60,1.0
2026-05-29T05:05:48Z,0826012026-05-28,08260,2026-05-28,SCHEDULED,60,1.0
2026-05-29T05:05:48Z,0826112026-05-28,08261,2026-05-28,SCHEDULED,900,15.0
2026-05-29T05:05:48Z,0827312026-05-28,08273,2026-05-28,SCHEDULED,180,3.0
2026-05-29T05:05:48Z,1504612026-05-28,15046,2026-05-28,CANCELED,,
2026-05-29T05:05:48Z,1503212026-05-28,15032,2026-05-28,CANCELED,,
2026-05-29T05:05:48Z,1573412026-05-28,15734,2026-05-28,CANCELED,,
2026-05-29T05:05:48Z,1260812026-05-28,12608,2026-05-28,CANCELED,,
2026-05-29T05:05:48Z,1262312026-05-28,12623,2026-05-28,CANCELED,,
2026-05-29T05:05:48Z,3880722026-05-28,38807,2026-05-28,CANCELED,,
2026-05-29T05:05:48Z,3880712026-05-28,38807,2026-05-28,CANCELED,,
2026-05-29T05:05:48Z,7183312026-05-28,71833,2026-05-28,CANCELED,,
2026-05-29T05:05:48Z,1582012026-05-28,15820,2026-05-28,CANCELED,,
2026-05-29T05:05:48Z,0426112026-05-29,04261,2026-05-29,CANCELED,,
2026-05-29T05:05:48Z,1790762026-05-28,17907,2026-05-28,CANCELED,,
2026-05-29T05:05:48Z,1790742026-05-28,17907,2026-05-28,CANCELED,,
2026-05-29T05:05:48Z,1790752026-05-28,17907,2026-05-28,CANCELED,,
2026-05-29T05:05:48Z,1790712026-05-28,17907,2026-05-28,CANCELED,,
2026-05-29T05:05:48Z,1790732026-05-28,17907,2026-05-28,CANCELED,,
2026-05-29T05:05:48Z,1790722026-05-28,17907,2026-05-28,CANCELED,,
2026-05-29T05:05:48Z,0587112026-05-28,05871,2026-05-28,CANCELED,,
2026-05-29T05:05:48Z,1821612026-05-28,18216,2026-05-28,CANCELED,,
2026-05-29T05:10:53Z,1780612026-05-28,17806,2026-05-28,SCHEDULED,120,2.0
2026-05-29T05:10:53Z,0847512026-05-29,08475,2026-05-29,SCHEDULED,60,1.0
2026-05-29T05:10:53Z,0865412026-05-28,08654,2026-05-28,SCHEDULED,420,7.0
2026-05-29T05:10:53Z,1800112026-05-28,18001,2026-05-28,SCHEDULED,720,12.0
2026-05-29T05:10:53Z,0866412026-05-28,08664,2026-05-28,SCHEDULED,600,10.0
2026-05-29T05:10:53Z,1803112026-05-28,18031,2026-05-28,SCHEDULED,240,4.0
2026-05-29T05:10:53Z,0906712026-05-28,09067,2026-05-28,SCHEDULED,240,4.0
2026-05-29T05:10:53Z,1804112026-05-28,18041,2026-05-28,SCHEDULED,-60,-1.0
2026-05-29T05:10:53Z,1804612026-05-28,18046,2026-05-28,SCHEDULED,240,4.0
2026-05-29T05:10:53Z,0907312026-05-28,09073,2026-05-28,SCHEDULED,60,1.0
2026-05-29T05:10:53Z,1804722026-05-28,18047,2026-05-28,SCHEDULED,-60,-1.0
2026-05-29T05:10:53Z,1804712026-05-28,18047,2026-05-28,SCHEDULED,-60,-1.0
2026-05-29T05:10:53Z,0907512026-05-28,09075,2026-05-28,SCHEDULED,-60,-1.0
2026-05-29T05:10:53Z,0947012026-05-28,09470,2026-05-28,SCHEDULED,-60,-1.0
2026-05-29T05:10:53Z,1805412026-05-28,18054,2026-05-28,SCHEDULED,60,1.0
2026-05-29T05:10:53Z,0411422026-05-29,04114,2026-05-29,SCHEDULED,240,4.0
2026-05-29T05:10:53Z,0411412026-05-29,04114,2026-05-29,SCHEDULED,240,4.0
2026-05-29T05:10:53Z,1806812026-05-28,18068,2026-05-28,SCHEDULED,-60,-1.0
2026-05-29T05:10:53Z,0405612026-05-29,04056,2026-05-29,SCHEDULED,-120,-2.0
2026-05-29T05:10:53Z,1807112026-05-28,18071,2026-05-28,SCHEDULED,180,3.0
2026-05-29T05:10:53Z,0406012026-05-28,04060,2026-05-28,SCHEDULED,-240,-4.0
2026-05-29T05:10:53Z,1807212026-05-28,18072,2026-05-28,SCHEDULED,180,3.0
2026-05-29T05:10:53Z,0207412026-05-29,02074,2026-05-29,SCHEDULED,60,1.0
2026-05-29T05:10:53Z,1800222026-05-28,18002,2026-05-28,SCHEDULED,60,1.0
2026-05-29T05:10:53Z,1800212026-05-28,18002,2026-05-28,SCHEDULED,60,1.0
2026-05-29T05:10:53Z,1806612026-05-28,18066,2026-05-28,SCHEDULED,240,4.0
2026-05-29T05:10:53Z,0418642026-05-29,04186,2026-05-29,SCHEDULED,240,4.0
2026-05-29T05:10:53Z,0418632026-05-29,04186,2026-05-29,SCHEDULED,240,4.0
2026-05-29T05:10:53Z,0418612026-05-29,04186,2026-05-29,SCHEDULED,240,4.0
2026-05-29T05:10:53Z,0418622026-05-29,04186,2026-05-29,SCHEDULED,240,4.0
2026-05-29T05:10:53Z,1812012026-05-28,18120,2026-05-28,SCHEDULED,180,3.0
2026-05-29T05:10:53Z,1812112026-05-28,18121,2026-05-28,SCHEDULED,120,2.0
2026-05-29T05:10:53Z,0408812026-05-29,04088,2026-05-29,SCHEDULED,-60,-1.0
2026-05-29T05:10:53Z,0408822026-05-29,04088,2026-05-29,SCHEDULED,-60,-1.0
2026-05-29T05:10:53Z,0408832026-05-29,04088,2026-05-29,SCHEDULED,-60,-1.0
2026-05-29T05:10:53Z,0019222026-05-29,00192,2026-05-29,SCHEDULED,-60,-1.0
2026-05-29T05:10:53Z,0019212026-05-29,00192,2026-05-29,SCHEDULED,-60,-1.0
2026-05-29T05:10:53Z,1308422026-05-28,13084,2026-05-28,SCHEDULED,660,11.0
2026-05-29T05:10:53Z,1308412026-05-28,13084,2026-05-28,SCHEDULED,660,11.0
2026-05-29T05:10:53Z,0029122026-05-29,00291,2026-05-29,SCHEDULED,120,2.0
2026-05-29T05:10:53Z,0029112026-05-29,00291,2026-05-29,SCHEDULED,120,2.0
2026-05-29T05:10:53Z,1395112026-05-28,13951,2026-05-28,SCHEDULED,180,3.0
2026-05-29T05:10:53Z,0053322026-05-29,00533,2026-05-29,SCHEDULED,-60,-1.0
2026-05-29T05:10:53Z,0053312026-05-29,00533,2026-05-29,SCHEDULED,-60,-1.0
2026-05-29T05:10:53Z,1320112026-05-28,13201,2026-05-28,SCHEDULED,60,1.0
2026-05-29T05:10:53Z,0415422026-05-28,04154,2026-05-28,SCHEDULED,180,3.0
2026-05-29T05:10:53Z,0415412026-05-28,04154,2026-05-28,SCHEDULED,180,3.0
2026-05-29T05:10:53Z,1390022026-05-28,13900,2026-05-28,SCHEDULED,600,10.0
2026-05-29T05:10:53Z,1390032026-05-28,13900,2026-05-28,SCHEDULED,600,10.0
2026-05-29T05:10:53Z,1390052026-05-28,13900,2026-05-28,SCHEDULED,600,10.0
2026-05-29T05:10:53Z,1390012026-05-28,13900,2026-05-28,SCHEDULED,600,10.0
2026-05-29T05:10:53Z,1390042026-05-28,13900,2026-05-28,SCHEDULED,600,10.0
2026-05-29T05:10:53Z,0107212026-05-28,01072,2026-05-28,SCHEDULED,120,2.0
2026-05-29T05:10:53Z,0407222026-05-29,04072,2026-05-29,SCHEDULED,360,6.0
2026-05-29T05:10:53Z,0407212026-05-29,04072,2026-05-29,SCHEDULED,360,6.0
2026-05-29T05:10:53Z,1210122026-05-28,12101,2026-05-28,SCHEDULED,-60,-1.0
2026-05-29T05:10:53Z,1210112026-05-28,12101,2026-05-28,SCHEDULED,-60,-1.0
2026-05-29T05:10:53Z,1412362026-05-28,14123,2026-05-28,SCHEDULED,360,6.0
2026-05-29T05:10:53Z,1412342026-05-28,14123,2026-05-28,SCHEDULED,360,6.0
2026-05-29T05:10:53Z,1412352026-05-28,14123,2026-05-28,SCHEDULED,360,6.0
2026-05-29T05:10:53Z,1412312026-05-28,14123,2026-05-28,SCHEDULED,360,6.0
2026-05-29T05:10:53Z,1412332026-05-28,14123,2026-05-28,SCHEDULED,360,6.0
2026-05-29T05:10:53Z,1412322026-05-28,14123,2026-05-28,SCHEDULED,360,6.0
2026-05-29T05:10:53Z,1241112026-05-28,12411,2026-05-28,SCHEDULED,480,8.0
2026-05-29T05:10:53Z,1505112026-05-28,15051,2026-05-28,SCHEDULED,180,3.0
2026-05-29T05:10:53Z,1248012026-05-28,12480,2026-05-28,SCHEDULED,60,1.0
2026-05-29T05:10:53Z,1521012026-05-28,15210,2026-05-28,SCHEDULED,120,2.0
2026-05-29T05:10:53Z,1261312026-05-28,12613,2026-05-28,SCHEDULED,60,1.0
2026-05-29T05:10:53Z,1530912026-05-28,15309,2026-05-28,SCHEDULED,420,7.0
2026-05-29T05:10:53Z,1300012026-05-28,13000,2026-05-28,SCHEDULED,300,5.0
2026-05-29T05:10:53Z,1300322026-05-28,13003,2026-05-28,SCHEDULED,-60,-1.0
2026-05-29T05:10:53Z,1300312026-05-28,13003,2026-05-28,SCHEDULED,-60,-1.0
2026-05-29T05:10:53Z,1607112026-05-28,16071,2026-05-28,SCHEDULED,-2580,-43.0
2026-05-29T05:10:53Z,1601812026-05-28,16018,2026-05-28,SCHEDULED,420,7.0
2026-05-29T05:10:53Z,1710012026-05-28,17100,2026-05-28,SCHEDULED,240,4.0
2026-05-29T05:10:53Z,1303022026-05-28,13030,2026-05-28,SCHEDULED,60,1.0
2026-05-29T05:10:53Z,1303012026-05-28,13030,2026-05-28,SCHEDULED,60,1.0
2026-05-29T05:10:53Z,1722712026-05-28,17227,2026-05-28,SCHEDULED,60,1.0
2026-05-29T05:10:53Z,1305112026-05-28,13051,2026-05-28,SCHEDULED,900,15.0
2026-05-29T05:10:53Z,1750312026-05-28,17503,2026-05-28,SCHEDULED,240,4.0
2026-05-29T05:10:53Z,1770312026-05-28,17703,2026-05-28,SCHEDULED,-60,-1.0
2026-05-29T05:10:53Z,0075222026-05-29,00752,2026-05-29,SCHEDULED,360,6.0
2026-05-29T05:10:53Z,0075212026-05-29,00752,2026-05-29,SCHEDULED,360,6.0
2026-05-29T05:10:53Z,0835812026-05-28,08358,2026-05-28,SCHEDULED,180,3.0
2026-05-29T05:10:53Z,1703012026-05-28,17030,2026-05-28,SCHEDULED,300,5.0
2026-05-29T05:10:53Z,0075222026-05-29,00752,2026-05-29,SCHEDULED,480,8.0
2026-05-29T05:10:53Z,0075212026-05-29,00752,2026-05-29,SCHEDULED,480,8.0
2026-05-29T05:10:53Z,3460912026-05-28,34609,2026-05-28,SCHEDULED,60,1.0
2026-05-29T05:10:53Z,1251212026-05-28,12512,2026-05-28,SCHEDULED,60,1.0
2026-05-29T05:10:53Z,0109212026-05-28,01092,2026-05-28,SCHEDULED,-180,-3.0
2026-05-29T05:10:53Z,0206112026-05-28,02061,2026-05-28,SCHEDULED,960,16.0
2026-05-29T05:10:53Z,1565012026-05-28,15650,2026-05-28,SCHEDULED,2040,34.0
2026-05-29T05:10:53Z,0206312026-05-28,02063,2026-05-28,SCHEDULED,360,6.0
2026-05-29T05:10:53Z,1575112026-05-28,15751,2026-05-28,SCHEDULED,120,2.0
2026-05-29T05:10:53Z,0206712026-05-28,02067,2026-05-28,SCHEDULED,300,5.0
2026-05-29T05:10:53Z,0207012026-05-28,02070,2026-05-28,SCHEDULED,60,1.0
2026-05-29T05:10:53Z,1580412026-05-28,15804,2026-05-28,SCHEDULED,240,4.0
2026-05-29T05:10:53Z,0207322026-05-28,02073,2026-05-28,SCHEDULED,180,3.0
2026-05-29T05:10:53Z,0207312026-05-28,02073,2026-05-28,SCHEDULED,180,3.0
2026-05-29T05:10:53Z,1580612026-05-28,15806,2026-05-28,SCHEDULED,-60,-1.0
2026-05-29T05:10:53Z,0207512026-05-29,02075,2026-05-29,SCHEDULED,540,9.0
2026-05-29T05:10:53Z,1572012026-05-28,15720,2026-05-28,SCHEDULED,480,8.0
2026-05-29T05:10:53Z,1577022026-05-28,15770,2026-05-28,SCHEDULED,-60,-1.0
2026-05-29T05:10:53Z,0306242026-05-28,03062,2026-05-28,SCHEDULED,60,1.0
2026-05-29T05:10:53Z,0306232026-05-28,03062,2026-05-28,SCHEDULED,60,1.0
2026-05-29T05:10:53Z,0306212026-05-28,03062,2026-05-28,SCHEDULED,60,1.0
2026-05-29T05:10:53Z,0306222026-05-28,03062,2026-05-28,SCHEDULED,60,1.0
2026-05-29T05:10:53Z,1576012026-05-28,15760,2026-05-28,SCHEDULED,960,16.0
2026-05-29T05:10:53Z,1585012026-05-28,15850,2026-05-28,SCHEDULED,60,1.0
2026-05-29T05:10:53Z,1590012026-05-28,15900,2026-05-28,SCHEDULED,780,13.0
2026-05-29T05:10:53Z,0307112026-05-28,03071,2026-05-28,SCHEDULED,-60,-1.0
2026-05-29T05:10:53Z,3586912026-05-28,35869,2026-05-28,SCHEDULED,480,8.0
2026-05-29T05:10:53Z,1891012026-05-28,18910,2026-05-28,SCHEDULED,960,16.0
2026-05-29T05:10:53Z,0306242026-05-28,03062,2026-05-28,SCHEDULED,300,5.0
2026-05-29T05:10:53Z,0306232026-05-28,03062,2026-05-28,SCHEDULED,300,5.0
2026-05-29T05:10:53Z,0306212026-05-28,03062,2026-05-28,SCHEDULED,300,5.0
2026-05-29T05:10:53Z,0306222026-05-28,03062,2026-05-28,SCHEDULED,300,5.0
2026-05-29T05:10:53Z,3520412026-05-28,35204,2026-05-28,SCHEDULED,-60,-1.0
2026-05-29T05:10:53Z,0366222026-05-28,03662,2026-05-28,SCHEDULED,360,6.0
2026-05-29T05:10:53Z,0366212026-05-28,03662,2026-05-28,SCHEDULED,360,6.0
2026-05-29T05:10:53Z,0426112026-05-29,04261,2026-05-29,SCHEDULED,60,1.0
2026-05-29T05:10:53Z,1503022026-05-28,15030,2026-05-28,SCHEDULED,120,2.0
2026-05-29T05:10:53Z,1503012026-05-28,15030,2026-05-28,SCHEDULED,120,2.0
2026-05-29T05:10:53Z,1500012026-05-28,15000,2026-05-28,SCHEDULED,-60,-1.0
2026-05-29T05:10:53Z,1505012026-05-28,15050,2026-05-28,SCHEDULED,180,3.0
2026-05-29T05:10:53Z,1401812026-05-28,14018,2026-05-28,SCHEDULED,360,6.0
2026-05-29T05:10:53Z,0429522026-05-28,04295,2026-05-28,SCHEDULED,60,1.0
2026-05-29T05:10:53Z,0429512026-05-28,04295,2026-05-28,SCHEDULED,60,1.0
2026-05-29T05:10:53Z,1702112026-05-28,17021,2026-05-28,SCHEDULED,60,1.0
2026-05-29T05:10:53Z,1702122026-05-28,17021,2026-05-28,SCHEDULED,60,1.0
2026-05-29T05:10:53Z,1702132026-05-28,17021,2026-05-28,SCHEDULED,60,1.0
2026-05-29T05:10:53Z,0506422026-05-28,05064,2026-05-28,SCHEDULED,60,1.0
2026-05-29T05:10:53Z,0506412026-05-28,05064,2026-05-28,SCHEDULED,60,1.0
2026-05-29T05:10:53Z,0805812026-05-28,08058,2026-05-28,SCHEDULED,420,7.0
2026-05-29T05:10:53Z,1504012026-05-28,15040,2026-05-28,SCHEDULED,1380,23.0
2026-05-29T05:10:53Z,0506522026-05-28,05065,2026-05-28,SCHEDULED,60,1.0
2026-05-29T05:10:53Z,0506512026-05-28,05065,2026-05-28,SCHEDULED,60,1.0
2026-05-29T05:10:53Z,1562012026-05-28,15620,2026-05-28,SCHEDULED,300,5.0
2026-05-29T05:10:53Z,1562122026-05-28,15621,2026-05-28,SCHEDULED,180,3.0
2026-05-29T05:10:53Z,1562112026-05-28,15621,2026-05-28,SCHEDULED,180,3.0
2026-05-29T05:10:53Z,1563022026-05-28,15630,2026-05-28,SCHEDULED,180,3.0
2026-05-29T05:10:53Z,1563012026-05-28,15630,2026-05-28,SCHEDULED,180,3.0
2026-05-29T05:10:53Z,0576312026-05-28,05763,2026-05-28,SCHEDULED,-60,-1.0
2026-05-29T05:10:53Z,0576322026-05-28,05763,2026-05-28,SCHEDULED,-60,-1.0
2026-05-29T05:10:53Z,0576332026-05-28,05763,2026-05-28,SCHEDULED,-60,-1.0
2026-05-29T05:10:53Z,0806812026-05-28,08068,2026-05-28,SCHEDULED,60,1.0
2026-05-29T05:10:53Z,0587112026-05-28,05871,2026-05-28,SCHEDULED,960,16.0
2026-05-29T05:10:53Z,0806912026-05-28,08069,2026-05-28,SCHEDULED,240,4.0
2026-05-29T05:10:53Z,0807112026-05-28,08071,2026-05-28,SCHEDULED,300,5.0
2026-05-29T05:10:53Z,0807512026-05-28,08075,2026-05-28,SCHEDULED,60,1.0
2026-05-29T05:10:53Z,0807712026-05-28,08077,2026-05-28,SCHEDULED,60,1.0
2026-05-29T05:10:53Z,0826012026-05-28,08260,2026-05-28,SCHEDULED,120,2.0
2026-05-29T05:10:53Z,0826112026-05-28,08261,2026-05-28,SCHEDULED,840,14.0
2026-05-29T05:10:53Z,0827312026-05-28,08273,2026-05-28,SCHEDULED,60,1.0
2026-05-29T05:10:53Z,1504612026-05-28,15046,2026-05-28,CANCELED,,
2026-05-29T05:10:53Z,1503212026-05-28,15032,2026-05-28,CANCELED,,
2026-05-29T05:10:53Z,1573412026-05-28,15734,2026-05-28,CANCELED,,
2026-05-29T05:10:53Z,1260812026-05-28,12608,2026-05-28,CANCELED,,
2026-05-29T05:10:53Z,1262312026-05-28,12623,2026-05-28,CANCELED,,
2026-05-29T05:10:53Z,3880722026-05-28,38807,2026-05-28,CANCELED,,
2026-05-29T05:10:53Z,3880712026-05-28,38807,2026-05-28,CANCELED,,
2026-05-29T05:10:53Z,7183312026-05-28,71833,2026-05-28,CANCELED,,
2026-05-29T05:10:53Z,1582012026-05-28,15820,2026-05-28,CANCELED,,
2026-05-29T05:10:53Z,0426112026-05-29,04261,2026-05-29,CANCELED,,
2026-05-29T05:10:53Z,1790762026-05-28,17907,2026-05-28,CANCELED,,
2026-05-29T05:10:53Z,1790742026-05-28,17907,2026-05-28,CANCELED,,
2026-05-29T05:10:53Z,1790752026-05-28,17907,2026-05-28,CANCELED,,
2026-05-29T05:10:53Z,1790712026-05-28,17907,2026-05-28,CANCELED,,
2026-05-29T05:10:53Z,1790732026-05-28,17907,2026-05-28,CANCELED,,
2026-05-29T05:10:53Z,1790722026-05-28,17907,2026-05-28,CANCELED,,
2026-05-29T05:10:53Z,0587112026-05-28,05871,2026-05-28,CANCELED,,
2026-05-29T05:10:53Z,1821612026-05-28,18216,2026-05-28,CANCELED,,
2026-05-29T05:15:56Z,0865412026-05-28,08654,2026-05-28,SCHEDULED,420,7.0
2026-05-29T05:15:56Z,1395112026-05-28,13951,2026-05-28,SCHEDULED,180,3.0
2026-05-29T05:15:56Z,0866412026-05-28,08664,2026-05-28,SCHEDULED,360,6.0
2026-05-29T05:15:56Z,1320112026-05-28,13201,2026-05-28,SCHEDULED,-60,-1.0
2026-05-29T05:15:56Z,0807212026-05-28,08072,2026-05-28,SCHEDULED,-120,-2.0
2026-05-29T05:15:56Z,0906712026-05-28,09067,2026-05-28,SCHEDULED,240,4.0
2026-05-29T05:15:56Z,1390022026-05-28,13900,2026-05-28,SCHEDULED,600,10.0
2026-05-29T05:15:56Z,1390032026-05-28,13900,2026-05-28,SCHEDULED,600,10.0
2026-05-29T05:15:56Z,1390052026-05-28,13900,2026-05-28,SCHEDULED,600,10.0
2026-05-29T05:15:56Z,1390012026-05-28,13900,2026-05-28,SCHEDULED,600,10.0
2026-05-29T05:15:56Z,1390042026-05-28,13900,2026-05-28,SCHEDULED,600,10.0
2026-05-29T05:15:56Z,0907222026-05-28,09072,2026-05-28,SCHEDULED,-120,-2.0
2026-05-29T05:15:56Z,0907212026-05-28,09072,2026-05-28,SCHEDULED,-120,-2.0
2026-05-29T05:15:56Z,0947012026-05-28,09470,2026-05-28,SCHEDULED,-60,-1.0
2026-05-29T05:15:56Z,0411422026-05-29,04114,2026-05-29,SCHEDULED,120,2.0
2026-05-29T05:15:56Z,0411412026-05-29,04114,2026-05-29,SCHEDULED,120,2.0
2026-05-29T05:15:56Z,1412362026-05-28,14123,2026-05-28,SCHEDULED,480,8.0
2026-05-29T05:15:56Z,1412342026-05-28,14123,2026-05-28,SCHEDULED,480,8.0
2026-05-29T05:15:56Z,1412352026-05-28,14123,2026-05-28,SCHEDULED,480,8.0
2026-05-29T05:15:56Z,1412312026-05-28,14123,2026-05-28,SCHEDULED,480,8.0
2026-05-29T05:15:56Z,1412332026-05-28,14123,2026-05-28,SCHEDULED,480,8.0
2026-05-29T05:15:56Z,1412322026-05-28,14123,2026-05-28,SCHEDULED,480,8.0
2026-05-29T05:15:56Z,0405612026-05-29,04056,2026-05-29,SCHEDULED,-60,-1.0
2026-05-29T05:15:56Z,1505112026-05-28,15051,2026-05-28,SCHEDULED,60,1.0
2026-05-29T05:15:56Z,0406012026-05-28,04060,2026-05-28,SCHEDULED,-300,-5.0
2026-05-29T05:15:56Z,1530912026-05-28,15309,2026-05-28,SCHEDULED,480,8.0
2026-05-29T05:15:56Z,0207412026-05-29,02074,2026-05-29,SCHEDULED,60,1.0
2026-05-29T05:15:56Z,0418642026-05-29,04186,2026-05-29,SCHEDULED,360,6.0
2026-05-29T05:15:56Z,0418632026-05-29,04186,2026-05-29,SCHEDULED,360,6.0
2026-05-29T05:15:56Z,0418612026-05-29,04186,2026-05-29,SCHEDULED,360,6.0
2026-05-29T05:15:56Z,0418622026-05-29,04186,2026-05-29,SCHEDULED,360,6.0
2026-05-29T05:15:56Z,1607112026-05-28,16071,2026-05-28,SCHEDULED,-2580,-43.0
2026-05-29T05:15:56Z,0408812026-05-29,04088,2026-05-29,SCHEDULED,-60,-1.0
2026-05-29T05:15:56Z,0408822026-05-29,04088,2026-05-29,SCHEDULED,-60,-1.0
2026-05-29T05:15:56Z,0408832026-05-29,04088,2026-05-29,SCHEDULED,-60,-1.0
2026-05-29T05:15:56Z,1620712026-05-28,16207,2026-05-28,SCHEDULED,180,3.0
2026-05-29T05:15:56Z,1601812026-05-28,16018,2026-05-28,SCHEDULED,420,7.0
2026-05-29T05:15:56Z,0019222026-05-29,00192,2026-05-29,SCHEDULED,-60,-1.0
2026-05-29T05:15:56Z,0019212026-05-29,00192,2026-05-29,SCHEDULED,-60,-1.0
2026-05-29T05:15:56Z,1700812026-05-28,17008,2026-05-28,SCHEDULED,60,1.0
2026-05-29T05:15:56Z,0029122026-05-29,00291,2026-05-29,SCHEDULED,120,2.0
2026-05-29T05:15:56Z,0029112026-05-29,00291,2026-05-29,SCHEDULED,120,2.0
2026-05-29T05:15:56Z,1710012026-05-28,17100,2026-05-28,SCHEDULED,300,5.0
2026-05-29T05:15:56Z,1722712026-05-28,17227,2026-05-28,SCHEDULED,120,2.0
2026-05-29T05:15:56Z,1750312026-05-28,17503,2026-05-28,SCHEDULED,240,4.0
2026-05-29T05:15:56Z,0446412026-05-28,04464,2026-05-28,SCHEDULED,120,2.0
2026-05-29T05:15:56Z,0415422026-05-28,04154,2026-05-28,SCHEDULED,180,3.0
2026-05-29T05:15:56Z,0415412026-05-28,04154,2026-05-28,SCHEDULED,180,3.0
2026-05-29T05:15:56Z,1770312026-05-28,17703,2026-05-28,SCHEDULED,-60,-1.0
2026-05-29T05:15:56Z,1780612026-05-28,17806,2026-05-28,SCHEDULED,120,2.0
2026-05-29T05:15:56Z,0486822026-05-29,04868,2026-05-29,SCHEDULED,-60,-1.0
2026-05-29T05:15:56Z,0486812026-05-29,04868,2026-05-29,SCHEDULED,-60,-1.0
2026-05-29T05:15:56Z,0107212026-05-28,01072,2026-05-28,SCHEDULED,180,3.0
2026-05-29T05:15:56Z,1800112026-05-28,18001,2026-05-28,SCHEDULED,840,14.0
2026-05-29T05:15:56Z,0407222026-05-29,04072,2026-05-29,SCHEDULED,360,6.0
2026-05-29T05:15:56Z,0407212026-05-29,04072,2026-05-29,SCHEDULED,360,6.0
2026-05-29T05:15:56Z,1210122026-05-28,12101,2026-05-28,SCHEDULED,60,1.0
2026-05-29T05:15:56Z,1210112026-05-28,12101,2026-05-28,SCHEDULED,60,1.0
2026-05-29T05:15:56Z,1241112026-05-28,12411,2026-05-28,SCHEDULED,300,5.0
2026-05-29T05:15:56Z,1248012026-05-28,12480,2026-05-28,SCHEDULED,120,2.0
2026-05-29T05:15:56Z,1261312026-05-28,12613,2026-05-28,SCHEDULED,60,1.0
2026-05-29T05:15:56Z,1300012026-05-28,13000,2026-05-28,SCHEDULED,360,6.0
2026-05-29T05:15:56Z,1803112026-05-28,18031,2026-05-28,SCHEDULED,240,4.0
2026-05-29T05:15:56Z,1804112026-05-28,18041,2026-05-28,SCHEDULED,-60,-1.0
2026-05-29T05:15:56Z,1300322026-05-28,13003,2026-05-28,SCHEDULED,180,3.0
2026-05-29T05:15:56Z,1300312026-05-28,13003,2026-05-28,SCHEDULED,180,3.0
2026-05-29T05:15:56Z,1804612026-05-28,18046,2026-05-28,SCHEDULED,420,7.0
2026-05-29T05:15:56Z,1805412026-05-28,18054,2026-05-28,SCHEDULED,120,2.0
2026-05-29T05:15:56Z,1305112026-05-28,13051,2026-05-28,SCHEDULED,1260,21.0
2026-05-29T05:15:56Z,1806812026-05-28,18068,2026-05-28,SCHEDULED,-120,-2.0
2026-05-29T05:15:56Z,1807112026-05-28,18071,2026-05-28,SCHEDULED,240,4.0
2026-05-29T05:15:56Z,1308422026-05-28,13084,2026-05-28,SCHEDULED,660,11.0
2026-05-29T05:15:56Z,1308412026-05-28,13084,2026-05-28,SCHEDULED,660,11.0
2026-05-29T05:15:56Z,1807212026-05-28,18072,2026-05-28,SCHEDULED,-60,-1.0
2026-05-29T05:15:56Z,0075222026-05-29,00752,2026-05-29,SCHEDULED,360,6.0
2026-05-29T05:15:56Z,0075212026-05-29,00752,2026-05-29,SCHEDULED,360,6.0
2026-05-29T05:15:56Z,1800222026-05-28,18002,2026-05-28,SCHEDULED,60,1.0
2026-05-29T05:15:56Z,1800212026-05-28,18002,2026-05-28,SCHEDULED,60,1.0
2026-05-29T05:15:56Z,0075222026-05-29,00752,2026-05-29,SCHEDULED,480,8.0
2026-05-29T05:15:56Z,0075212026-05-29,00752,2026-05-29,SCHEDULED,480,8.0
2026-05-29T05:15:56Z,1806612026-05-28,18066,2026-05-28,SCHEDULED,240,4.0
2026-05-29T05:15:56Z,3460912026-05-28,34609,2026-05-28,SCHEDULED,60,1.0
2026-05-29T05:15:56Z,1812012026-05-28,18120,2026-05-28,SCHEDULED,180,3.0
2026-05-29T05:15:56Z,1812112026-05-28,18121,2026-05-28,SCHEDULED,120,2.0
2026-05-29T05:15:56Z,0108122026-05-28,01081,2026-05-28,SCHEDULED,60,1.0
2026-05-29T05:15:56Z,0108112026-05-28,01081,2026-05-28,SCHEDULED,60,1.0
2026-05-29T05:15:56Z,0109212026-05-28,01092,2026-05-28,SCHEDULED,-240,-4.0
2026-05-29T05:15:56Z,0206112026-05-28,02061,2026-05-28,SCHEDULED,960,16.0
2026-05-29T05:15:56Z,1891012026-05-28,18910,2026-05-28,SCHEDULED,1020,17.0
2026-05-29T05:15:56Z,0206312026-05-28,02063,2026-05-28,SCHEDULED,360,6.0
2026-05-29T05:15:56Z,0206712026-05-28,02067,2026-05-28,SCHEDULED,120,2.0
2026-05-29T05:15:56Z,0207012026-05-28,02070,2026-05-28,SCHEDULED,240,4.0
2026-05-29T05:15:56Z,1503022026-05-28,15030,2026-05-28,SCHEDULED,120,2.0
2026-05-29T05:15:56Z,1503012026-05-28,15030,2026-05-28,SCHEDULED,120,2.0
2026-05-29T05:15:56Z,0207322026-05-28,02073,2026-05-28,SCHEDULED,60,1.0
2026-05-29T05:15:56Z,0207312026-05-28,02073,2026-05-28,SCHEDULED,60,1.0
2026-05-29T05:15:56Z,1500012026-05-28,15000,2026-05-28,SCHEDULED,60,1.0
2026-05-29T05:15:56Z,0207512026-05-29,02075,2026-05-29,SCHEDULED,540,9.0
2026-05-29T05:15:56Z,1505012026-05-28,15050,2026-05-28,SCHEDULED,120,2.0
2026-05-29T05:15:56Z,1401812026-05-28,14018,2026-05-28,SCHEDULED,360,6.0
2026-05-29T05:15:56Z,0306242026-05-28,03062,2026-05-28,SCHEDULED,180,3.0
2026-05-29T05:15:56Z,0306232026-05-28,03062,2026-05-28,SCHEDULED,180,3.0
2026-05-29T05:15:56Z,0306212026-05-28,03062,2026-05-28,SCHEDULED,180,3.0
2026-05-29T05:15:56Z,0306222026-05-28,03062,2026-05-28,SCHEDULED,180,3.0
2026-05-29T05:15:56Z,1702112026-05-28,17021,2026-05-28,SCHEDULED,60,1.0
2026-05-29T05:15:56Z,1702122026-05-28,17021,2026-05-28,SCHEDULED,60,1.0
2026-05-29T05:15:56Z,1702132026-05-28,17021,2026-05-28,SCHEDULED,60,1.0
2026-05-29T05:15:56Z,0306312026-05-28,03063,2026-05-28,SCHEDULED,60,1.0
2026-05-29T05:15:56Z,0306322026-05-28,03063,2026-05-28,SCHEDULED,60,1.0
2026-05-29T05:15:56Z,0306332026-05-28,03063,2026-05-28,SCHEDULED,60,1.0
2026-05-29T05:15:56Z,0805812026-05-28,08058,2026-05-28,SCHEDULED,420,7.0
2026-05-29T05:15:56Z,1504012026-05-28,15040,2026-05-28,SCHEDULED,1380,23.0
2026-05-29T05:15:56Z,1562012026-05-28,15620,2026-05-28,SCHEDULED,300,5.0
2026-05-29T05:15:56Z,0306242026-05-28,03062,2026-05-28,SCHEDULED,240,4.0
2026-05-29T05:15:56Z,0306232026-05-28,03062,2026-05-28,SCHEDULED,240,4.0
2026-05-29T05:15:56Z,0306212026-05-28,03062,2026-05-28,SCHEDULED,240,4.0
2026-05-29T05:15:56Z,0306222026-05-28,03062,2026-05-28,SCHEDULED,240,4.0
2026-05-29T05:15:56Z,1562122026-05-28,15621,2026-05-28,SCHEDULED,180,3.0
2026-05-29T05:15:56Z,1562112026-05-28,15621,2026-05-28,SCHEDULED,180,3.0
2026-05-29T05:15:56Z,0366222026-05-28,03662,2026-05-28,SCHEDULED,360,6.0
2026-05-29T05:15:56Z,0366212026-05-28,03662,2026-05-28,SCHEDULED,360,6.0
2026-05-29T05:15:56Z,1563022026-05-28,15630,2026-05-28,SCHEDULED,180,3.0
2026-05-29T05:15:56Z,1563012026-05-28,15630,2026-05-28,SCHEDULED,180,3.0
2026-05-29T05:15:56Z,0429522026-05-28,04295,2026-05-28,SCHEDULED,60,1.0
2026-05-29T05:15:56Z,0429512026-05-28,04295,2026-05-28,SCHEDULED,60,1.0
2026-05-29T05:15:56Z,0806812026-05-28,08068,2026-05-28,SCHEDULED,60,1.0
2026-05-29T05:15:56Z,0835812026-05-28,08358,2026-05-28,SCHEDULED,240,4.0
2026-05-29T05:15:56Z,0506422026-05-28,05064,2026-05-28,SCHEDULED,60,1.0
2026-05-29T05:15:56Z,0506412026-05-28,05064,2026-05-28,SCHEDULED,60,1.0
2026-05-29T05:15:56Z,1833122026-05-28,18331,2026-05-28,SCHEDULED,240,4.0
2026-05-29T05:15:56Z,1833112026-05-28,18331,2026-05-28,SCHEDULED,240,4.0
2026-05-29T05:15:56Z,1251212026-05-28,12512,2026-05-28,SCHEDULED,60,1.0
2026-05-29T05:15:56Z,0506522026-05-28,05065,2026-05-28,SCHEDULED,60,1.0
2026-05-29T05:15:56Z,0506512026-05-28,05065,2026-05-28,SCHEDULED,60,1.0
2026-05-29T05:15:56Z,1564612026-05-28,15646,2026-05-28,SCHEDULED,120,2.0
2026-05-29T05:15:56Z,1565012026-05-28,15650,2026-05-28,SCHEDULED,2100,35.0
2026-05-29T05:15:56Z,1575112026-05-28,15751,2026-05-28,SCHEDULED,240,4.0
2026-05-29T05:15:56Z,0576312026-05-28,05763,2026-05-28,SCHEDULED,-60,-1.0
2026-05-29T05:15:56Z,0576322026-05-28,05763,2026-05-28,SCHEDULED,-60,-1.0
2026-05-29T05:15:56Z,0576332026-05-28,05763,2026-05-28,SCHEDULED,-60,-1.0
2026-05-29T05:15:56Z,0587112026-05-28,05871,2026-05-28,SCHEDULED,900,15.0
2026-05-29T05:15:56Z,0806912026-05-28,08069,2026-05-28,SCHEDULED,360,6.0
2026-05-29T05:15:56Z,0807112026-05-28,08071,2026-05-28,SCHEDULED,300,5.0
2026-05-29T05:15:56Z,0807512026-05-28,08075,2026-05-28,SCHEDULED,480,8.0
2026-05-29T05:15:56Z,1580412026-05-28,15804,2026-05-28,SCHEDULED,120,2.0
2026-05-29T05:15:56Z,0807712026-05-28,08077,2026-05-28,SCHEDULED,120,2.0
2026-05-29T05:15:56Z,0826012026-05-28,08260,2026-05-28,SCHEDULED,120,2.0
2026-05-29T05:15:56Z,1572012026-05-28,15720,2026-05-28,SCHEDULED,600,10.0
2026-05-29T05:15:56Z,0826112026-05-28,08261,2026-05-28,SCHEDULED,840,14.0
2026-05-29T05:15:56Z,1577022026-05-28,15770,2026-05-28,SCHEDULED,-60,-1.0
2026-05-29T05:15:56Z,0827312026-05-28,08273,2026-05-28,SCHEDULED,60,1.0
2026-05-29T05:15:56Z,1576012026-05-28,15760,2026-05-28,SCHEDULED,1140,19.0
2026-05-29T05:15:56Z,0847512026-05-29,08475,2026-05-29,SCHEDULED,60,1.0
2026-05-29T05:15:56Z,1585012026-05-28,15850,2026-05-28,SCHEDULED,120,2.0
2026-05-29T05:15:56Z,1577612026-05-28,15776,2026-05-28,SCHEDULED,300,5.0
2026-05-29T05:15:56Z,1590012026-05-28,15900,2026-05-28,SCHEDULED,720,12.0
2026-05-29T05:15:56Z,1503212026-05-28,15032,2026-05-28,CANCELED,,
2026-05-29T05:15:56Z,1504612026-05-28,15046,2026-05-28,CANCELED,,
2026-05-29T05:15:56Z,1260812026-05-28,12608,2026-05-28,CANCELED,,
2026-05-29T05:15:56Z,1573412026-05-28,15734,2026-05-28,CANCELED,,
2026-05-29T05:15:56Z,1262312026-05-28,12623,2026-05-28,CANCELED,,
2026-05-29T05:15:56Z,3880722026-05-28,38807,2026-05-28,CANCELED,,
2026-05-29T05:15:56Z,3880712026-05-28,38807,2026-05-28,CANCELED,,
2026-05-29T05:15:56Z,7183312026-05-28,71833,2026-05-28,CANCELED,,
2026-05-29T05:15:56Z,1582012026-05-28,15820,2026-05-28,CANCELED,,
2026-05-29T05:15:56Z,1790762026-05-28,17907,2026-05-28,CANCELED,,
2026-05-29T05:15:56Z,1790742026-05-28,17907,2026-05-28,CANCELED,,
2026-05-29T05:15:56Z,1790752026-05-28,17907,2026-05-28,CANCELED,,
2026-05-29T05:15:56Z,1790712026-05-28,17907,2026-05-28,CANCELED,,
2026-05-29T05:15:56Z,1790732026-05-28,17907,2026-05-28,CANCELED,,
2026-05-29T05:15:56Z,1790722026-05-28,17907,2026-05-28,CANCELED,,
2026-05-29T05:15:56Z,0426112026-05-29,04261,2026-05-29,CANCELED,,
2026-05-29T05:15:56Z,0587112026-05-28,05871,2026-05-28,CANCELED,,
2026-05-29T05:15:56Z,1821612026-05-28,18216,2026-05-28,CANCELED,,
2026-05-29T05:20:53Z,1305112026-05-28,13051,2026-05-28,SCHEDULED,1260,21.0
2026-05-29T05:20:53Z,0865412026-05-28,08654,2026-05-28,SCHEDULED,720,12.0
2026-05-29T05:20:53Z,0866412026-05-28,08664,2026-05-28,SCHEDULED,360,6.0
2026-05-29T05:20:53Z,1308422026-05-28,13084,2026-05-28,SCHEDULED,660,11.0
2026-05-29T05:20:53Z,1308412026-05-28,13084,2026-05-28,SCHEDULED,660,11.0
2026-05-29T05:20:53Z,0807212026-05-28,08072,2026-05-28,SCHEDULED,-120,-2.0
2026-05-29T05:20:53Z,1395112026-05-28,13951,2026-05-28,SCHEDULED,180,3.0
2026-05-29T05:20:53Z,1320312026-05-28,13203,2026-05-28,SCHEDULED,60,1.0
2026-05-29T05:20:53Z,0906712026-05-28,09067,2026-05-28,SCHEDULED,300,5.0
2026-05-29T05:20:53Z,0907222026-05-28,09072,2026-05-28,SCHEDULED,-120,-2.0
2026-05-29T05:20:53Z,0907212026-05-28,09072,2026-05-28,SCHEDULED,-120,-2.0
2026-05-29T05:20:53Z,0907312026-05-28,09073,2026-05-28,SCHEDULED,-120,-2.0
2026-05-29T05:20:53Z,1390022026-05-28,13900,2026-05-28,SCHEDULED,540,9.0
2026-05-29T05:20:53Z,1390032026-05-28,13900,2026-05-28,SCHEDULED,540,9.0
2026-05-29T05:20:53Z,1390052026-05-28,13900,2026-05-28,SCHEDULED,540,9.0
2026-05-29T05:20:53Z,1390012026-05-28,13900,2026-05-28,SCHEDULED,540,9.0
2026-05-29T05:20:53Z,1390042026-05-28,13900,2026-05-28,SCHEDULED,540,9.0
2026-05-29T05:20:53Z,0947012026-05-28,09470,2026-05-28,SCHEDULED,-60,-1.0
2026-05-29T05:20:53Z,0411422026-05-29,04114,2026-05-29,SCHEDULED,120,2.0
2026-05-29T05:20:53Z,0411412026-05-29,04114,2026-05-29,SCHEDULED,120,2.0
2026-05-29T05:20:53Z,0405612026-05-29,04056,2026-05-29,SCHEDULED,120,2.0
2026-05-29T05:20:53Z,1412362026-05-28,14123,2026-05-28,SCHEDULED,540,9.0
2026-05-29T05:20:53Z,1412342026-05-28,14123,2026-05-28,SCHEDULED,540,9.0
2026-05-29T05:20:53Z,1412352026-05-28,14123,2026-05-28,SCHEDULED,540,9.0
2026-05-29T05:20:53Z,1412312026-05-28,14123,2026-05-28,SCHEDULED,540,9.0
2026-05-29T05:20:53Z,1412332026-05-28,14123,2026-05-28,SCHEDULED,540,9.0
2026-05-29T05:20:53Z,1412322026-05-28,14123,2026-05-28,SCHEDULED,540,9.0
2026-05-29T05:20:53Z,0406012026-05-28,04060,2026-05-28,SCHEDULED,-360,-6.0
2026-05-29T05:20:53Z,1505112026-05-28,15051,2026-05-28,SCHEDULED,120,2.0
2026-05-29T05:20:53Z,0207412026-05-29,02074,2026-05-29,SCHEDULED,240,4.0
2026-05-29T05:20:53Z,1530912026-05-28,15309,2026-05-28,SCHEDULED,480,8.0
2026-05-29T05:20:53Z,0436422026-05-28,04364,2026-05-28,SCHEDULED,60,1.0
2026-05-29T05:20:53Z,0436412026-05-28,04364,2026-05-28,SCHEDULED,60,1.0
2026-05-29T05:20:53Z,1801012026-05-28,18010,2026-05-28,SCHEDULED,60,1.0
2026-05-29T05:20:53Z,1801022026-05-28,18010,2026-05-28,SCHEDULED,60,1.0
2026-05-29T05:20:53Z,1801032026-05-28,18010,2026-05-28,SCHEDULED,60,1.0
2026-05-29T05:20:53Z,0418642026-05-29,04186,2026-05-29,SCHEDULED,300,5.0
2026-05-29T05:20:53Z,0418632026-05-29,04186,2026-05-29,SCHEDULED,300,5.0
2026-05-29T05:20:53Z,0418612026-05-29,04186,2026-05-29,SCHEDULED,300,5.0
2026-05-29T05:20:53Z,0418622026-05-29,04186,2026-05-29,SCHEDULED,300,5.0
2026-05-29T05:20:53Z,1607112026-05-28,16071,2026-05-28,SCHEDULED,-2580,-43.0
2026-05-29T05:20:53Z,1620712026-05-28,16207,2026-05-28,SCHEDULED,180,3.0
2026-05-29T05:20:53Z,0408812026-05-29,04088,2026-05-29,SCHEDULED,-60,-1.0
2026-05-29T05:20:53Z,0408822026-05-29,04088,2026-05-29,SCHEDULED,-60,-1.0
2026-05-29T05:20:53Z,0408832026-05-29,04088,2026-05-29,SCHEDULED,-60,-1.0
2026-05-29T05:20:53Z,1601812026-05-28,16018,2026-05-28,SCHEDULED,540,9.0
2026-05-29T05:20:53Z,1710012026-05-28,17100,2026-05-28,SCHEDULED,360,6.0
2026-05-29T05:20:53Z,0029122026-05-29,00291,2026-05-29,SCHEDULED,120,2.0
2026-05-29T05:20:53Z,0029112026-05-29,00291,2026-05-29,SCHEDULED,120,2.0
2026-05-29T05:20:53Z,1722712026-05-28,17227,2026-05-28,SCHEDULED,120,2.0
2026-05-29T05:20:53Z,1750312026-05-28,17503,2026-05-28,SCHEDULED,300,5.0
2026-05-29T05:20:53Z,0053322026-05-29,00533,2026-05-29,SCHEDULED,-60,-1.0
2026-05-29T05:20:53Z,0053312026-05-29,00533,2026-05-29,SCHEDULED,-60,-1.0
2026-05-29T05:20:53Z,1770312026-05-28,17703,2026-05-28,SCHEDULED,120,2.0
2026-05-29T05:20:53Z,0446412026-05-28,04464,2026-05-28,SCHEDULED,120,2.0
2026-05-29T05:20:53Z,1780612026-05-28,17806,2026-05-28,SCHEDULED,120,2.0
2026-05-29T05:20:53Z,0415422026-05-28,04154,2026-05-28,SCHEDULED,180,3.0
2026-05-29T05:20:53Z,0415412026-05-28,04154,2026-05-28,SCHEDULED,180,3.0
2026-05-29T05:20:53Z,1800112026-05-28,18001,2026-05-28,SCHEDULED,840,14.0
2026-05-29T05:20:53Z,1802422026-05-28,18024,2026-05-28,SCHEDULED,60,1.0
2026-05-29T05:20:53Z,1802412026-05-28,18024,2026-05-28,SCHEDULED,60,1.0
2026-05-29T05:20:53Z,0486822026-05-29,04868,2026-05-29,SCHEDULED,-60,-1.0
2026-05-29T05:20:53Z,0486812026-05-29,04868,2026-05-29,SCHEDULED,-60,-1.0
2026-05-29T05:20:53Z,1803112026-05-28,18031,2026-05-28,SCHEDULED,240,4.0
2026-05-29T05:20:53Z,0407222026-05-29,04072,2026-05-29,SCHEDULED,480,8.0
2026-05-29T05:20:53Z,0407212026-05-29,04072,2026-05-29,SCHEDULED,480,8.0
2026-05-29T05:20:53Z,1804612026-05-28,18046,2026-05-28,SCHEDULED,420,7.0
2026-05-29T05:20:53Z,1805412026-05-28,18054,2026-05-28,SCHEDULED,60,1.0
2026-05-29T05:20:53Z,1806812026-05-28,18068,2026-05-28,SCHEDULED,-60,-1.0
2026-05-29T05:20:53Z,1807112026-05-28,18071,2026-05-28,SCHEDULED,240,4.0
2026-05-29T05:20:53Z,0508042026-05-28,05080,2026-05-28,SCHEDULED,60,1.0
2026-05-29T05:20:53Z,0508032026-05-28,05080,2026-05-28,SCHEDULED,60,1.0
2026-05-29T05:20:53Z,0508012026-05-28,05080,2026-05-28,SCHEDULED,60,1.0
2026-05-29T05:20:53Z,0508022026-05-28,05080,2026-05-28,SCHEDULED,60,1.0
2026-05-29T05:20:53Z,1807212026-05-28,18072,2026-05-28,SCHEDULED,-60,-1.0
2026-05-29T05:20:53Z,1800222026-05-28,18002,2026-05-28,SCHEDULED,60,1.0
2026-05-29T05:20:53Z,1800212026-05-28,18002,2026-05-28,SCHEDULED,60,1.0
2026-05-29T05:20:53Z,1241112026-05-28,12411,2026-05-28,SCHEDULED,300,5.0
2026-05-29T05:20:53Z,1806612026-05-28,18066,2026-05-28,SCHEDULED,240,4.0
2026-05-29T05:20:53Z,1248012026-05-28,12480,2026-05-28,SCHEDULED,120,2.0
2026-05-29T05:20:53Z,1812012026-05-28,18120,2026-05-28,SCHEDULED,360,6.0
2026-05-29T05:20:53Z,1261312026-05-28,12613,2026-05-28,SCHEDULED,120,2.0
2026-05-29T05:20:53Z,1812112026-05-28,18121,2026-05-28,SCHEDULED,60,1.0
2026-05-29T05:20:53Z,1264412026-05-28,12644,2026-05-28,SCHEDULED,120,2.0
2026-05-29T05:20:53Z,1300012026-05-28,13000,2026-05-28,SCHEDULED,360,6.0
2026-05-29T05:20:53Z,1300112026-05-28,13001,2026-05-28,SCHEDULED,180,3.0
2026-05-29T05:20:53Z,1891012026-05-28,18910,2026-05-28,SCHEDULED,1020,17.0
2026-05-29T05:20:53Z,3520412026-05-28,35204,2026-05-28,SCHEDULED,120,2.0
2026-05-29T05:20:53Z,1443012026-05-28,14430,2026-05-28,SCHEDULED,60,1.0
2026-05-29T05:20:53Z,1300322026-05-28,13003,2026-05-28,SCHEDULED,180,3.0
2026-05-29T05:20:53Z,1300312026-05-28,13003,2026-05-28,SCHEDULED,180,3.0
2026-05-29T05:20:53Z,1503022026-05-28,15030,2026-05-28,SCHEDULED,120,2.0
2026-05-29T05:20:53Z,1503012026-05-28,15030,2026-05-28,SCHEDULED,120,2.0
2026-05-29T05:20:53Z,1500012026-05-28,15000,2026-05-28,SCHEDULED,60,1.0
2026-05-29T05:20:53Z,0075222026-05-29,00752,2026-05-29,SCHEDULED,300,5.0
2026-05-29T05:20:53Z,0075212026-05-29,00752,2026-05-29,SCHEDULED,300,5.0
2026-05-29T05:20:53Z,1505012026-05-28,15050,2026-05-28,SCHEDULED,60,1.0
2026-05-29T05:20:53Z,1600012026-05-28,16000,2026-05-28,SCHEDULED,60,1.0
2026-05-29T05:20:53Z,0075222026-05-29,00752,2026-05-29,SCHEDULED,480,8.0
2026-05-29T05:20:53Z,0075212026-05-29,00752,2026-05-29,SCHEDULED,480,8.0
2026-05-29T05:20:53Z,1401812026-05-28,14018,2026-05-28,SCHEDULED,300,5.0
2026-05-29T05:20:53Z,1702112026-05-28,17021,2026-05-28,SCHEDULED,60,1.0
2026-05-29T05:20:53Z,1702122026-05-28,17021,2026-05-28,SCHEDULED,60,1.0
2026-05-29T05:20:53Z,1702132026-05-28,17021,2026-05-28,SCHEDULED,60,1.0
2026-05-29T05:20:53Z,0108122026-05-28,01081,2026-05-28,SCHEDULED,60,1.0
2026-05-29T05:20:53Z,0108112026-05-28,01081,2026-05-28,SCHEDULED,60,1.0
2026-05-29T05:20:53Z,0805812026-05-28,08058,2026-05-28,SCHEDULED,480,8.0
2026-05-29T05:20:53Z,0109212026-05-28,01092,2026-05-28,SCHEDULED,-120,-2.0
2026-05-29T05:20:53Z,1504012026-05-28,15040,2026-05-28,SCHEDULED,1380,23.0
2026-05-29T05:20:53Z,0206112026-05-28,02061,2026-05-28,SCHEDULED,960,16.0
2026-05-29T05:20:53Z,1562122026-05-28,15621,2026-05-28,SCHEDULED,180,3.0
2026-05-29T05:20:53Z,1562112026-05-28,15621,2026-05-28,SCHEDULED,180,3.0
2026-05-29T05:20:53Z,0206312026-05-28,02063,2026-05-28,SCHEDULED,360,6.0
2026-05-29T05:20:53Z,1877312026-05-28,18773,2026-05-28,SCHEDULED,120,2.0
2026-05-29T05:20:53Z,0206712026-05-28,02067,2026-05-28,SCHEDULED,-240,-4.0
2026-05-29T05:20:53Z,0806812026-05-28,08068,2026-05-28,SCHEDULED,60,1.0
2026-05-29T05:20:53Z,0207012026-05-28,02070,2026-05-28,SCHEDULED,180,3.0
2026-05-29T05:20:53Z,0835812026-05-28,08358,2026-05-28,SCHEDULED,240,4.0
2026-05-29T05:20:53Z,0207322026-05-28,02073,2026-05-28,SCHEDULED,60,1.0
2026-05-29T05:20:53Z,0207312026-05-28,02073,2026-05-28,SCHEDULED,60,1.0
2026-05-29T05:20:53Z,0207512026-05-29,02075,2026-05-29,SCHEDULED,480,8.0
2026-05-29T05:20:53Z,1833122026-05-28,18331,2026-05-28,SCHEDULED,240,4.0
2026-05-29T05:20:53Z,1833112026-05-28,18331,2026-05-28,SCHEDULED,240,4.0
2026-05-29T05:20:53Z,0306242026-05-28,03062,2026-05-28,SCHEDULED,180,3.0
2026-05-29T05:20:53Z,0306232026-05-28,03062,2026-05-28,SCHEDULED,180,3.0
2026-05-29T05:20:53Z,0306212026-05-28,03062,2026-05-28,SCHEDULED,180,3.0
2026-05-29T05:20:53Z,0306222026-05-28,03062,2026-05-28,SCHEDULED,180,3.0
2026-05-29T05:20:53Z,1564612026-05-28,15646,2026-05-28,SCHEDULED,120,2.0
2026-05-29T05:20:53Z,1565012026-05-28,15650,2026-05-28,SCHEDULED,2340,39.0
2026-05-29T05:20:53Z,0306312026-05-28,03063,2026-05-28,SCHEDULED,60,1.0
2026-05-29T05:20:53Z,0306322026-05-28,03063,2026-05-28,SCHEDULED,60,1.0
2026-05-29T05:20:53Z,0306332026-05-28,03063,2026-05-28,SCHEDULED,60,1.0
2026-05-29T05:20:53Z,0307112026-05-28,03071,2026-05-28,SCHEDULED,60,1.0
2026-05-29T05:20:53Z,1580412026-05-28,15804,2026-05-28,SCHEDULED,180,3.0
2026-05-29T05:20:53Z,0306242026-05-28,03062,2026-05-28,SCHEDULED,240,4.0
2026-05-29T05:20:53Z,0306232026-05-28,03062,2026-05-28,SCHEDULED,240,4.0
2026-05-29T05:20:53Z,0306212026-05-28,03062,2026-05-28,SCHEDULED,240,4.0
2026-05-29T05:20:53Z,0306222026-05-28,03062,2026-05-28,SCHEDULED,240,4.0
2026-05-29T05:20:53Z,0366222026-05-28,03662,2026-05-28,SCHEDULED,360,6.0
2026-05-29T05:20:53Z,0366212026-05-28,03662,2026-05-28,SCHEDULED,360,6.0
2026-05-29T05:20:53Z,1572012026-05-28,15720,2026-05-28,SCHEDULED,600,10.0
2026-05-29T05:20:53Z,1580012026-05-28,15800,2026-05-28,SCHEDULED,-60,-1.0
2026-05-29T05:20:53Z,0429522026-05-28,04295,2026-05-28,SCHEDULED,120,2.0
2026-05-29T05:20:53Z,0429512026-05-28,04295,2026-05-28,SCHEDULED,120,2.0
2026-05-29T05:20:53Z,0506312026-05-28,05063,2026-05-28,SCHEDULED,-60,-1.0
2026-05-29T05:20:53Z,1577022026-05-28,15770,2026-05-28,SCHEDULED,120,2.0
2026-05-29T05:20:53Z,0506422026-05-28,05064,2026-05-28,SCHEDULED,60,1.0
2026-05-29T05:20:53Z,0506412026-05-28,05064,2026-05-28,SCHEDULED,60,1.0
2026-05-29T05:20:53Z,1576012026-05-28,15760,2026-05-28,SCHEDULED,1200,20.0
2026-05-29T05:20:53Z,1585012026-05-28,15850,2026-05-28,SCHEDULED,60,1.0
2026-05-29T05:20:53Z,0506522026-05-28,05065,2026-05-28,SCHEDULED,120,2.0
2026-05-29T05:20:53Z,0506512026-05-28,05065,2026-05-28,SCHEDULED,120,2.0
2026-05-29T05:20:53Z,0507212026-05-28,05072,2026-05-28,SCHEDULED,60,1.0
2026-05-29T05:20:53Z,1577612026-05-28,15776,2026-05-28,SCHEDULED,300,5.0
2026-05-29T05:20:53Z,1590012026-05-28,15900,2026-05-28,SCHEDULED,720,12.0
2026-05-29T05:20:53Z,0576312026-05-28,05763,2026-05-28,SCHEDULED,-60,-1.0
2026-05-29T05:20:53Z,0576322026-05-28,05763,2026-05-28,SCHEDULED,-60,-1.0
2026-05-29T05:20:53Z,0576332026-05-28,05763,2026-05-28,SCHEDULED,-60,-1.0
2026-05-29T05:20:53Z,0587112026-05-28,05871,2026-05-28,SCHEDULED,780,13.0
2026-05-29T05:20:53Z,0806912026-05-28,08069,2026-05-28,SCHEDULED,360,6.0
2026-05-29T05:20:53Z,0807112026-05-28,08071,2026-05-28,SCHEDULED,300,5.0
2026-05-29T05:20:53Z,0807512026-05-28,08075,2026-05-28,SCHEDULED,180,3.0
2026-05-29T05:20:53Z,0807712026-05-28,08077,2026-05-28,SCHEDULED,120,2.0
2026-05-29T05:20:53Z,0826012026-05-28,08260,2026-05-28,SCHEDULED,120,2.0
2026-05-29T05:20:53Z,0826112026-05-28,08261,2026-05-28,SCHEDULED,900,15.0
2026-05-29T05:20:53Z,0847512026-05-29,08475,2026-05-29,SCHEDULED,120,2.0
2026-05-29T05:20:53Z,1503212026-05-28,15032,2026-05-28,CANCELED,,
2026-05-29T05:20:53Z,1504612026-05-28,15046,2026-05-28,CANCELED,,
2026-05-29T05:20:53Z,1260812026-05-28,12608,2026-05-28,CANCELED,,
2026-05-29T05:20:53Z,1573412026-05-28,15734,2026-05-28,CANCELED,,
2026-05-29T05:20:53Z,1262312026-05-28,12623,2026-05-28,CANCELED,,
2026-05-29T05:20:53Z,3880722026-05-28,38807,2026-05-28,CANCELED,,
2026-05-29T05:20:53Z,3880712026-05-28,38807,2026-05-28,CANCELED,,
2026-05-29T05:20:53Z,7183312026-05-28,71833,2026-05-28,CANCELED,,
2026-05-29T05:20:53Z,1790762026-05-28,17907,2026-05-28,CANCELED,,
2026-05-29T05:20:53Z,1790742026-05-28,17907,2026-05-28,CANCELED,,
2026-05-29T05:20:53Z,1790752026-05-28,17907,2026-05-28,CANCELED,,
2026-05-29T05:20:53Z,1790712026-05-28,17907,2026-05-28,CANCELED,,
2026-05-29T05:20:53Z,1790732026-05-28,17907,2026-05-28,CANCELED,,
2026-05-29T05:20:53Z,1790722026-05-28,17907,2026-05-28,CANCELED,,
2026-05-29T05:20:53Z,1582012026-05-28,15820,2026-05-28,CANCELED,,
2026-05-29T05:20:53Z,0426112026-05-29,04261,2026-05-29,CANCELED,,
2026-05-29T05:20:53Z,0587112026-05-28,05871,2026-05-28,CANCELED,,
2026-05-29T05:20:53Z,1821612026-05-28,18216,2026-05-28,CANCELED,,
2026-05-29T05:25:48Z,1300112026-05-28,13001,2026-05-28,SCHEDULED,240,4.0
2026-05-29T05:25:48Z,0826012026-05-28,08260,2026-05-28,SCHEDULED,300,5.0
2026-05-29T05:25:48Z,0826112026-05-28,08261,2026-05-28,SCHEDULED,840,14.0
2026-05-29T05:25:48Z,1300322026-05-28,13003,2026-05-28,SCHEDULED,300,5.0
2026-05-29T05:25:48Z,1300312026-05-28,13003,2026-05-28,SCHEDULED,300,5.0
2026-05-29T05:25:48Z,0827112026-05-28,08271,2026-05-28,SCHEDULED,120,2.0
2026-05-29T05:25:48Z,0847512026-05-29,08475,2026-05-29,SCHEDULED,-60,-1.0
2026-05-29T05:25:48Z,1305112026-05-28,13051,2026-05-28,SCHEDULED,1260,21.0
2026-05-29T05:25:48Z,0866412026-05-28,08664,2026-05-28,SCHEDULED,180,3.0
2026-05-29T05:25:48Z,3586912026-05-28,35869,2026-05-28,SCHEDULED,480,8.0
2026-05-29T05:25:48Z,1308422026-05-28,13084,2026-05-28,SCHEDULED,660,11.0
2026-05-29T05:25:48Z,1308412026-05-28,13084,2026-05-28,SCHEDULED,660,11.0
2026-05-29T05:25:48Z,0807212026-05-28,08072,2026-05-28,SCHEDULED,-120,-2.0
2026-05-29T05:25:48Z,1395112026-05-28,13951,2026-05-28,SCHEDULED,180,3.0
2026-05-29T05:25:48Z,0906712026-05-28,09067,2026-05-28,SCHEDULED,300,5.0
2026-05-29T05:25:48Z,1320312026-05-28,13203,2026-05-28,SCHEDULED,60,1.0
2026-05-29T05:25:48Z,0907222026-05-28,09072,2026-05-28,SCHEDULED,-60,-1.0
2026-05-29T05:25:48Z,0907212026-05-28,09072,2026-05-28,SCHEDULED,-60,-1.0
2026-05-29T05:25:48Z,0907312026-05-28,09073,2026-05-28,SCHEDULED,-120,-2.0
2026-05-29T05:25:48Z,0907512026-05-28,09075,2026-05-28,SCHEDULED,-60,-1.0
2026-05-29T05:25:48Z,1390022026-05-28,13900,2026-05-28,SCHEDULED,480,8.0
2026-05-29T05:25:48Z,1390032026-05-28,13900,2026-05-28,SCHEDULED,480,8.0
2026-05-29T05:25:48Z,1390052026-05-28,13900,2026-05-28,SCHEDULED,480,8.0
2026-05-29T05:25:48Z,1390012026-05-28,13900,2026-05-28,SCHEDULED,480,8.0
2026-05-29T05:25:48Z,1390042026-05-28,13900,2026-05-28,SCHEDULED,480,8.0
2026-05-29T05:25:48Z,0947012026-05-28,09470,2026-05-28,SCHEDULED,60,1.0
2026-05-29T05:25:48Z,0411422026-05-29,04114,2026-05-29,SCHEDULED,300,5.0
2026-05-29T05:25:48Z,0411412026-05-29,04114,2026-05-29,SCHEDULED,300,5.0
2026-05-29T05:25:48Z,0405612026-05-29,04056,2026-05-29,SCHEDULED,120,2.0
2026-05-29T05:25:48Z,1412362026-05-28,14123,2026-05-28,SCHEDULED,480,8.0
2026-05-29T05:25:48Z,1412342026-05-28,14123,2026-05-28,SCHEDULED,480,8.0
2026-05-29T05:25:48Z,1412352026-05-28,14123,2026-05-28,SCHEDULED,480,8.0
2026-05-29T05:25:48Z,1412312026-05-28,14123,2026-05-28,SCHEDULED,480,8.0
2026-05-29T05:25:48Z,1412332026-05-28,14123,2026-05-28,SCHEDULED,480,8.0
2026-05-29T05:25:48Z,1412322026-05-28,14123,2026-05-28,SCHEDULED,480,8.0
2026-05-29T05:25:48Z,0406012026-05-28,04060,2026-05-28,SCHEDULED,-360,-6.0
2026-05-29T05:25:48Z,1505112026-05-28,15051,2026-05-28,SCHEDULED,120,2.0
2026-05-29T05:25:48Z,0207412026-05-29,02074,2026-05-29,SCHEDULED,240,4.0
2026-05-29T05:25:48Z,1530912026-05-28,15309,2026-05-28,SCHEDULED,420,7.0
2026-05-29T05:25:48Z,1564512026-05-28,15645,2026-05-28,SCHEDULED,60,1.0
2026-05-29T05:25:48Z,1801012026-05-28,18010,2026-05-28,SCHEDULED,60,1.0
2026-05-29T05:25:48Z,1801022026-05-28,18010,2026-05-28,SCHEDULED,60,1.0
2026-05-29T05:25:48Z,1801032026-05-28,18010,2026-05-28,SCHEDULED,60,1.0
2026-05-29T05:25:48Z,1607112026-05-28,16071,2026-05-28,SCHEDULED,-2580,-43.0
2026-05-29T05:25:48Z,0418642026-05-29,04186,2026-05-29,SCHEDULED,420,7.0
2026-05-29T05:25:48Z,0418632026-05-29,04186,2026-05-29,SCHEDULED,420,7.0
2026-05-29T05:25:48Z,0418612026-05-29,04186,2026-05-29,SCHEDULED,420,7.0
2026-05-29T05:25:48Z,0418622026-05-29,04186,2026-05-29,SCHEDULED,420,7.0
2026-05-29T05:25:48Z,1620712026-05-28,16207,2026-05-28,SCHEDULED,120,2.0
2026-05-29T05:25:48Z,0408812026-05-29,04088,2026-05-29,SCHEDULED,-180,-3.0
2026-05-29T05:25:48Z,0408822026-05-29,04088,2026-05-29,SCHEDULED,-180,-3.0
2026-05-29T05:25:48Z,0408832026-05-29,04088,2026-05-29,SCHEDULED,-180,-3.0
2026-05-29T05:25:48Z,1601812026-05-28,16018,2026-05-28,SCHEDULED,480,8.0
2026-05-29T05:25:48Z,1700812026-05-28,17008,2026-05-28,SCHEDULED,120,2.0
2026-05-29T05:25:48Z,1710012026-05-28,17100,2026-05-28,SCHEDULED,300,5.0
2026-05-29T05:25:48Z,0029122026-05-29,00291,2026-05-29,SCHEDULED,120,2.0
2026-05-29T05:25:48Z,0029112026-05-29,00291,2026-05-29,SCHEDULED,120,2.0
2026-05-29T05:25:48Z,1722712026-05-28,17227,2026-05-28,SCHEDULED,120,2.0
2026-05-29T05:25:48Z,1750312026-05-28,17503,2026-05-28,SCHEDULED,300,5.0
2026-05-29T05:25:48Z,0053322026-05-29,00533,2026-05-29,SCHEDULED,-60,-1.0
2026-05-29T05:25:48Z,0053312026-05-29,00533,2026-05-29,SCHEDULED,-60,-1.0
2026-05-29T05:25:48Z,1770312026-05-28,17703,2026-05-28,SCHEDULED,120,2.0
2026-05-29T05:25:48Z,0446412026-05-28,04464,2026-05-28,SCHEDULED,120,2.0
2026-05-29T05:25:48Z,1780612026-05-28,17806,2026-05-28,SCHEDULED,120,2.0
2026-05-29T05:25:48Z,0415422026-05-28,04154,2026-05-28,SCHEDULED,180,3.0
2026-05-29T05:25:48Z,0415412026-05-28,04154,2026-05-28,SCHEDULED,180,3.0
2026-05-29T05:25:48Z,0486822026-05-29,04868,2026-05-29,SCHEDULED,-120,-2.0
2026-05-29T05:25:48Z,0486812026-05-29,04868,2026-05-29,SCHEDULED,-120,-2.0
2026-05-29T05:25:48Z,1800112026-05-28,18001,2026-05-28,SCHEDULED,1140,19.0
2026-05-29T05:25:48Z,0107212026-05-28,01072,2026-05-28,SCHEDULED,-240,-4.0
2026-05-29T05:25:48Z,1802422026-05-28,18024,2026-05-28,SCHEDULED,-60,-1.0
2026-05-29T05:25:48Z,1802412026-05-28,18024,2026-05-28,SCHEDULED,-60,-1.0
2026-05-29T05:25:48Z,0407222026-05-29,04072,2026-05-29,SCHEDULED,480,8.0
2026-05-29T05:25:48Z,0407212026-05-29,04072,2026-05-29,SCHEDULED,480,8.0
2026-05-29T05:25:48Z,1803112026-05-28,18031,2026-05-28,SCHEDULED,240,4.0
2026-05-29T05:25:48Z,1804112026-05-28,18041,2026-05-28,SCHEDULED,-60,-1.0
2026-05-29T05:25:48Z,1804612026-05-28,18046,2026-05-28,SCHEDULED,420,7.0
2026-05-29T05:25:48Z,0508042026-05-28,05080,2026-05-28,SCHEDULED,60,1.0
2026-05-29T05:25:48Z,0508032026-05-28,05080,2026-05-28,SCHEDULED,60,1.0
2026-05-29T05:25:48Z,0508012026-05-28,05080,2026-05-28,SCHEDULED,60,1.0
2026-05-29T05:25:48Z,0508022026-05-28,05080,2026-05-28,SCHEDULED,60,1.0
2026-05-29T05:25:48Z,1805412026-05-28,18054,2026-05-28,SCHEDULED,60,1.0
2026-05-29T05:25:48Z,1807112026-05-28,18071,2026-05-28,SCHEDULED,180,3.0
2026-05-29T05:25:48Z,1241112026-05-28,12411,2026-05-28,SCHEDULED,120,2.0
2026-05-29T05:25:48Z,1248012026-05-28,12480,2026-05-28,SCHEDULED,60,1.0
2026-05-29T05:25:48Z,1800222026-05-28,18002,2026-05-28,SCHEDULED,60,1.0
2026-05-29T05:25:48Z,1800212026-05-28,18002,2026-05-28,SCHEDULED,60,1.0
2026-05-29T05:25:48Z,1264412026-05-28,12644,2026-05-28,SCHEDULED,120,2.0
2026-05-29T05:25:48Z,1806612026-05-28,18066,2026-05-28,SCHEDULED,180,3.0
2026-05-29T05:25:48Z,1300012026-05-28,13000,2026-05-28,SCHEDULED,300,5.0
2026-05-29T05:25:48Z,1812012026-05-28,18120,2026-05-28,SCHEDULED,420,7.0
2026-05-29T05:25:48Z,0806812026-05-28,08068,2026-05-28,SCHEDULED,60,1.0
2026-05-29T05:25:48Z,0075222026-05-29,00752,2026-05-29,SCHEDULED,240,4.0
2026-05-29T05:25:48Z,0075212026-05-29,00752,2026-05-29,SCHEDULED,240,4.0
2026-05-29T05:25:48Z,1564612026-05-28,15646,2026-05-28,SCHEDULED,120,2.0
2026-05-29T05:25:48Z,1565012026-05-28,15650,2026-05-28,SCHEDULED,2340,39.0
2026-05-29T05:25:48Z,0075222026-05-29,00752,2026-05-29,SCHEDULED,540,9.0
2026-05-29T05:25:48Z,0075212026-05-29,00752,2026-05-29,SCHEDULED,540,9.0
2026-05-29T05:25:48Z,1575112026-05-28,15751,2026-05-28,SCHEDULED,60,1.0
2026-05-29T05:25:48Z,0108122026-05-28,01081,2026-05-28,SCHEDULED,120,2.0
2026-05-29T05:25:48Z,0108112026-05-28,01081,2026-05-28,SCHEDULED,120,2.0
2026-05-29T05:25:48Z,1580412026-05-28,15804,2026-05-28,SCHEDULED,120,2.0
2026-05-29T05:25:48Z,0109212026-05-28,01092,2026-05-28,SCHEDULED,-120,-2.0
2026-05-29T05:25:48Z,1580612026-05-28,15806,2026-05-28,SCHEDULED,180,3.0
2026-05-29T05:25:48Z,0206112026-05-28,02061,2026-05-28,SCHEDULED,960,16.0
2026-05-29T05:25:48Z,1572012026-05-28,15720,2026-05-28,SCHEDULED,600,10.0
2026-05-29T05:25:48Z,0206312026-05-28,02063,2026-05-28,SCHEDULED,360,6.0
2026-05-29T05:25:48Z,1580012026-05-28,15800,2026-05-28,SCHEDULED,120,2.0
2026-05-29T05:25:48Z,0206712026-05-28,02067,2026-05-28,SCHEDULED,-360,-6.0
2026-05-29T05:25:48Z,1577022026-05-28,15770,2026-05-28,SCHEDULED,120,2.0
2026-05-29T05:25:48Z,1576012026-05-28,15760,2026-05-28,SCHEDULED,1200,20.0
2026-05-29T05:25:48Z,0207012026-05-28,02070,2026-05-28,SCHEDULED,120,2.0
2026-05-29T05:25:48Z,1585012026-05-28,15850,2026-05-28,SCHEDULED,60,1.0
2026-05-29T05:25:48Z,0207112026-05-28,02071,2026-05-28,SCHEDULED,300,5.0
2026-05-29T05:25:48Z,1577412026-05-28,15774,2026-05-28,SCHEDULED,-180,-3.0
2026-05-29T05:25:48Z,0207212026-05-28,02072,2026-05-28,SCHEDULED,120,2.0
2026-05-29T05:25:48Z,1577612026-05-28,15776,2026-05-28,SCHEDULED,300,5.0
2026-05-29T05:25:48Z,1590012026-05-28,15900,2026-05-28,SCHEDULED,720,12.0
2026-05-29T05:25:48Z,0207322026-05-28,02073,2026-05-28,SCHEDULED,60,1.0
2026-05-29T05:25:48Z,0207312026-05-28,02073,2026-05-28,SCHEDULED,60,1.0
2026-05-29T05:25:48Z,0207512026-05-29,02075,2026-05-29,SCHEDULED,480,8.0
2026-05-29T05:25:48Z,0306242026-05-28,03062,2026-05-28,SCHEDULED,240,4.0
2026-05-29T05:25:48Z,0306232026-05-28,03062,2026-05-28,SCHEDULED,240,4.0
2026-05-29T05:25:48Z,0306212026-05-28,03062,2026-05-28,SCHEDULED,240,4.0
2026-05-29T05:25:48Z,0306222026-05-28,03062,2026-05-28,SCHEDULED,240,4.0
2026-05-29T05:25:48Z,1891012026-05-28,18910,2026-05-28,SCHEDULED,1080,18.0
2026-05-29T05:25:48Z,3520412026-05-28,35204,2026-05-28,SCHEDULED,120,2.0
2026-05-29T05:25:48Z,1443012026-05-28,14430,2026-05-28,SCHEDULED,60,1.0
2026-05-29T05:25:48Z,0306312026-05-28,03063,2026-05-28,SCHEDULED,180,3.0
2026-05-29T05:25:48Z,0306322026-05-28,03063,2026-05-28,SCHEDULED,180,3.0
2026-05-29T05:25:48Z,0306332026-05-28,03063,2026-05-28,SCHEDULED,180,3.0
2026-05-29T05:25:48Z,1503022026-05-28,15030,2026-05-28,SCHEDULED,240,4.0
2026-05-29T05:25:48Z,1503012026-05-28,15030,2026-05-28,SCHEDULED,240,4.0
2026-05-29T05:25:48Z,1500012026-05-28,15000,2026-05-28,SCHEDULED,-60,-1.0
2026-05-29T05:25:48Z,0306242026-05-28,03062,2026-05-28,SCHEDULED,240,4.0
2026-05-29T05:25:48Z,0306232026-05-28,03062,2026-05-28,SCHEDULED,240,4.0
2026-05-29T05:25:48Z,0306212026-05-28,03062,2026-05-28,SCHEDULED,240,4.0
2026-05-29T05:25:48Z,0306222026-05-28,03062,2026-05-28,SCHEDULED,240,4.0
2026-05-29T05:25:48Z,1505012026-05-28,15050,2026-05-28,SCHEDULED,-60,-1.0
2026-05-29T05:25:48Z,1600012026-05-28,16000,2026-05-28,SCHEDULED,60,1.0
2026-05-29T05:25:48Z,0366222026-05-28,03662,2026-05-28,SCHEDULED,360,6.0
2026-05-29T05:25:48Z,0366212026-05-28,03662,2026-05-28,SCHEDULED,360,6.0
2026-05-29T05:25:48Z,1401812026-05-28,14018,2026-05-28,SCHEDULED,300,5.0
2026-05-29T05:25:48Z,0408712026-05-29,04087,2026-05-29,SCHEDULED,240,4.0
2026-05-29T05:25:48Z,1451012026-05-28,14510,2026-05-28,SCHEDULED,120,2.0
2026-05-29T05:25:48Z,1451022026-05-28,14510,2026-05-28,SCHEDULED,120,2.0
2026-05-29T05:25:48Z,1451032026-05-28,14510,2026-05-28,SCHEDULED,120,2.0
2026-05-29T05:25:48Z,0429522026-05-28,04295,2026-05-28,SCHEDULED,60,1.0
2026-05-29T05:25:48Z,0429512026-05-28,04295,2026-05-28,SCHEDULED,60,1.0
2026-05-29T05:25:48Z,0506312026-05-28,05063,2026-05-28,SCHEDULED,60,1.0
2026-05-29T05:25:48Z,1702112026-05-28,17021,2026-05-28,SCHEDULED,60,1.0
2026-05-29T05:25:48Z,1702122026-05-28,17021,2026-05-28,SCHEDULED,60,1.0
2026-05-29T05:25:48Z,1702132026-05-28,17021,2026-05-28,SCHEDULED,60,1.0
2026-05-29T05:25:48Z,0506422026-05-28,05064,2026-05-28,SCHEDULED,60,1.0
2026-05-29T05:25:48Z,0506412026-05-28,05064,2026-05-28,SCHEDULED,60,1.0
2026-05-29T05:25:48Z,0805812026-05-28,08058,2026-05-28,SCHEDULED,360,6.0
2026-05-29T05:25:48Z,1504012026-05-28,15040,2026-05-28,SCHEDULED,1440,24.0
2026-05-29T05:25:48Z,0506522026-05-28,05065,2026-05-28,SCHEDULED,120,2.0
2026-05-29T05:25:48Z,0506512026-05-28,05065,2026-05-28,SCHEDULED,120,2.0
2026-05-29T05:25:48Z,0507212026-05-28,05072,2026-05-28,SCHEDULED,60,1.0
2026-05-29T05:25:48Z,1562122026-05-28,15621,2026-05-28,SCHEDULED,180,3.0
2026-05-29T05:25:48Z,1562112026-05-28,15621,2026-05-28,SCHEDULED,180,3.0
2026-05-29T05:25:48Z,1877312026-05-28,18773,2026-05-28,SCHEDULED,120,2.0
2026-05-29T05:25:48Z,0566812026-05-28,05668,2026-05-28,SCHEDULED,60,1.0
2026-05-29T05:25:48Z,0576312026-05-28,05763,2026-05-28,SCHEDULED,-180,-3.0
2026-05-29T05:25:48Z,0576322026-05-28,05763,2026-05-28,SCHEDULED,-180,-3.0
2026-05-29T05:25:48Z,0576332026-05-28,05763,2026-05-28,SCHEDULED,-180,-3.0
2026-05-29T05:25:48Z,0587112026-05-28,05871,2026-05-28,SCHEDULED,780,13.0
2026-05-29T05:25:48Z,0806912026-05-28,08069,2026-05-28,SCHEDULED,300,5.0
2026-05-29T05:25:48Z,0807112026-05-28,08071,2026-05-28,SCHEDULED,300,5.0
2026-05-29T05:25:48Z,0807512026-05-28,08075,2026-05-28,SCHEDULED,180,3.0
2026-05-29T05:25:48Z,0807712026-05-28,08077,2026-05-28,SCHEDULED,60,1.0
2026-05-29T05:25:48Z,1504612026-05-28,15046,2026-05-28,CANCELED,,
2026-05-29T05:25:48Z,1503212026-05-28,15032,2026-05-28,CANCELED,,
2026-05-29T05:25:48Z,1573412026-05-28,15734,2026-05-28,CANCELED,,
2026-05-29T05:25:48Z,1260812026-05-28,12608,2026-05-28,CANCELED,,
2026-05-29T05:25:48Z,1262312026-05-28,12623,2026-05-28,CANCELED,,
2026-05-29T05:25:48Z,3880722026-05-28,38807,2026-05-28,CANCELED,,
2026-05-29T05:25:48Z,3880712026-05-28,38807,2026-05-28,CANCELED,,
2026-05-29T05:25:48Z,7183312026-05-28,71833,2026-05-28,CANCELED,,
2026-05-29T05:25:48Z,1582012026-05-28,15820,2026-05-28,CANCELED,,
2026-05-29T05:25:48Z,1790762026-05-28,17907,2026-05-28,CANCELED,,
2026-05-29T05:25:48Z,1790742026-05-28,17907,2026-05-28,CANCELED,,
2026-05-29T05:25:48Z,1790752026-05-28,17907,2026-05-28,CANCELED,,
2026-05-29T05:25:48Z,1790712026-05-28,17907,2026-05-28,CANCELED,,
2026-05-29T05:25:48Z,1790732026-05-28,17907,2026-05-28,CANCELED,,
2026-05-29T05:25:48Z,1790722026-05-28,17907,2026-05-28,CANCELED,,
2026-05-29T05:25:48Z,0426112026-05-29,04261,2026-05-29,CANCELED,,
2026-05-29T05:25:48Z,0587112026-05-28,05871,2026-05-28,CANCELED,,
2026-05-29T05:25:48Z,1821612026-05-28,18216,2026-05-28,CANCELED,,
2026-05-29T05:31:02Z,0807512026-05-28,08075,2026-05-28,SCHEDULED,300,5.0
2026-05-29T05:31:02Z,1300112026-05-28,13001,2026-05-28,SCHEDULED,240,4.0
2026-05-29T05:31:02Z,0807712026-05-28,08077,2026-05-28,SCHEDULED,60,1.0
2026-05-29T05:31:02Z,1300322026-05-28,13003,2026-05-28,SCHEDULED,300,5.0
2026-05-29T05:31:02Z,1300312026-05-28,13003,2026-05-28,SCHEDULED,300,5.0
2026-05-29T05:31:02Z,0826012026-05-28,08260,2026-05-28,SCHEDULED,420,7.0
2026-05-29T05:31:02Z,0826112026-05-28,08261,2026-05-28,SCHEDULED,840,14.0
2026-05-29T05:31:02Z,1303022026-05-28,13030,2026-05-28,SCHEDULED,60,1.0
2026-05-29T05:31:02Z,1303012026-05-28,13030,2026-05-28,SCHEDULED,60,1.0
2026-05-29T05:31:02Z,0827112026-05-28,08271,2026-05-28,SCHEDULED,300,5.0
2026-05-29T05:31:02Z,1305112026-05-28,13051,2026-05-28,SCHEDULED,1740,29.0
2026-05-29T05:31:02Z,1308422026-05-28,13084,2026-05-28,SCHEDULED,660,11.0
2026-05-29T05:31:02Z,1308412026-05-28,13084,2026-05-28,SCHEDULED,660,11.0
2026-05-29T05:31:02Z,0866412026-05-28,08664,2026-05-28,SCHEDULED,420,7.0
2026-05-29T05:31:02Z,1395112026-05-28,13951,2026-05-28,SCHEDULED,240,4.0
2026-05-29T05:31:02Z,3586912026-05-28,35869,2026-05-28,SCHEDULED,480,8.0
2026-05-29T05:31:02Z,1320312026-05-28,13203,2026-05-28,SCHEDULED,60,1.0
2026-05-29T05:31:02Z,0906712026-05-28,09067,2026-05-28,SCHEDULED,300,5.0
2026-05-29T05:31:02Z,0907222026-05-28,09072,2026-05-28,SCHEDULED,-60,-1.0
2026-05-29T05:31:02Z,0907212026-05-28,09072,2026-05-28,SCHEDULED,-60,-1.0
2026-05-29T05:31:02Z,1390022026-05-28,13900,2026-05-28,SCHEDULED,480,8.0
2026-05-29T05:31:02Z,1390032026-05-28,13900,2026-05-28,SCHEDULED,480,8.0
2026-05-29T05:31:02Z,1390052026-05-28,13900,2026-05-28,SCHEDULED,480,8.0
2026-05-29T05:31:02Z,1390012026-05-28,13900,2026-05-28,SCHEDULED,480,8.0
2026-05-29T05:31:02Z,1390042026-05-28,13900,2026-05-28,SCHEDULED,480,8.0
2026-05-29T05:31:02Z,0907312026-05-28,09073,2026-05-28,SCHEDULED,-120,-2.0
2026-05-29T05:31:02Z,0947012026-05-28,09470,2026-05-28,SCHEDULED,60,1.0
2026-05-29T05:31:02Z,1412362026-05-28,14123,2026-05-28,SCHEDULED,600,10.0
2026-05-29T05:31:02Z,1412342026-05-28,14123,2026-05-28,SCHEDULED,600,10.0
2026-05-29T05:31:02Z,1412352026-05-28,14123,2026-05-28,SCHEDULED,600,10.0
2026-05-29T05:31:02Z,1412312026-05-28,14123,2026-05-28,SCHEDULED,600,10.0
2026-05-29T05:31:02Z,1412332026-05-28,14123,2026-05-28,SCHEDULED,600,10.0
2026-05-29T05:31:02Z,1412322026-05-28,14123,2026-05-28,SCHEDULED,600,10.0
2026-05-29T05:31:02Z,0411422026-05-29,04114,2026-05-29,SCHEDULED,360,6.0
2026-05-29T05:31:02Z,0411412026-05-29,04114,2026-05-29,SCHEDULED,360,6.0
2026-05-29T05:31:02Z,1505112026-05-28,15051,2026-05-28,SCHEDULED,540,9.0
2026-05-29T05:31:02Z,0405612026-05-29,04056,2026-05-29,SCHEDULED,120,2.0
2026-05-29T05:31:02Z,0406012026-05-28,04060,2026-05-28,SCHEDULED,-420,-7.0
2026-05-29T05:31:02Z,1530912026-05-28,15309,2026-05-28,SCHEDULED,360,6.0
2026-05-29T05:31:02Z,0207412026-05-29,02074,2026-05-29,SCHEDULED,240,4.0
2026-05-29T05:31:02Z,1564512026-05-28,15645,2026-05-28,SCHEDULED,60,1.0
2026-05-29T05:31:02Z,0436422026-05-28,04364,2026-05-28,SCHEDULED,-60,-1.0
2026-05-29T05:31:02Z,0436412026-05-28,04364,2026-05-28,SCHEDULED,-60,-1.0
2026-05-29T05:31:02Z,1801012026-05-28,18010,2026-05-28,SCHEDULED,60,1.0
2026-05-29T05:31:02Z,1801022026-05-28,18010,2026-05-28,SCHEDULED,60,1.0
2026-05-29T05:31:02Z,1801032026-05-28,18010,2026-05-28,SCHEDULED,60,1.0
2026-05-29T05:31:02Z,1607112026-05-28,16071,2026-05-28,SCHEDULED,-2580,-43.0
2026-05-29T05:31:02Z,0418642026-05-29,04186,2026-05-29,SCHEDULED,420,7.0
2026-05-29T05:31:02Z,0418632026-05-29,04186,2026-05-29,SCHEDULED,420,7.0
2026-05-29T05:31:02Z,0418612026-05-29,04186,2026-05-29,SCHEDULED,420,7.0
2026-05-29T05:31:02Z,0418622026-05-29,04186,2026-05-29,SCHEDULED,420,7.0
2026-05-29T05:31:02Z,1620712026-05-28,16207,2026-05-28,SCHEDULED,120,2.0
2026-05-29T05:31:02Z,1601812026-05-28,16018,2026-05-28,SCHEDULED,600,10.0
2026-05-29T05:31:02Z,0408812026-05-29,04088,2026-05-29,SCHEDULED,-180,-3.0
2026-05-29T05:31:02Z,0408822026-05-29,04088,2026-05-29,SCHEDULED,-180,-3.0
2026-05-29T05:31:02Z,0408832026-05-29,04088,2026-05-29,SCHEDULED,-180,-3.0
2026-05-29T05:31:02Z,1700812026-05-28,17008,2026-05-28,SCHEDULED,120,2.0
2026-05-29T05:31:02Z,0019222026-05-29,00192,2026-05-29,SCHEDULED,-60,-1.0
2026-05-29T05:31:02Z,0019212026-05-29,00192,2026-05-29,SCHEDULED,-60,-1.0
2026-05-29T05:31:02Z,1704212026-05-28,17042,2026-05-28,SCHEDULED,60,1.0
2026-05-29T05:31:02Z,0029122026-05-29,00291,2026-05-29,SCHEDULED,120,2.0
2026-05-29T05:31:02Z,0029112026-05-29,00291,2026-05-29,SCHEDULED,120,2.0
2026-05-29T05:31:02Z,1722712026-05-28,17227,2026-05-28,SCHEDULED,180,3.0
2026-05-29T05:31:02Z,1750312026-05-28,17503,2026-05-28,SCHEDULED,300,5.0
2026-05-29T05:31:02Z,0053322026-05-29,00533,2026-05-29,SCHEDULED,-60,-1.0
2026-05-29T05:31:02Z,0053312026-05-29,00533,2026-05-29,SCHEDULED,-60,-1.0
2026-05-29T05:31:02Z,1770312026-05-28,17703,2026-05-28,SCHEDULED,180,3.0
2026-05-29T05:31:02Z,0446412026-05-28,04464,2026-05-28,SCHEDULED,300,5.0
2026-05-29T05:31:02Z,0415422026-05-28,04154,2026-05-28,SCHEDULED,180,3.0
2026-05-29T05:31:02Z,0415412026-05-28,04154,2026-05-28,SCHEDULED,180,3.0
2026-05-29T05:31:02Z,1780612026-05-28,17806,2026-05-28,SCHEDULED,60,1.0
2026-05-29T05:31:02Z,0486822026-05-29,04868,2026-05-29,SCHEDULED,-120,-2.0
2026-05-29T05:31:02Z,0486812026-05-29,04868,2026-05-29,SCHEDULED,-120,-2.0
2026-05-29T05:31:02Z,1800112026-05-28,18001,2026-05-28,SCHEDULED,900,15.0
2026-05-29T05:31:02Z,0107212026-05-28,01072,2026-05-28,SCHEDULED,-180,-3.0
2026-05-29T05:31:02Z,1802422026-05-28,18024,2026-05-28,SCHEDULED,-60,-1.0
2026-05-29T05:31:02Z,1802412026-05-28,18024,2026-05-28,SCHEDULED,-60,-1.0
2026-05-29T05:31:02Z,0407222026-05-29,04072,2026-05-29,SCHEDULED,480,8.0
2026-05-29T05:31:02Z,0407212026-05-29,04072,2026-05-29,SCHEDULED,480,8.0
2026-05-29T05:31:02Z,1803112026-05-28,18031,2026-05-28,SCHEDULED,240,4.0
2026-05-29T05:31:02Z,1804612026-05-28,18046,2026-05-28,SCHEDULED,360,6.0
2026-05-29T05:31:02Z,1805412026-05-28,18054,2026-05-28,SCHEDULED,60,1.0
2026-05-29T05:31:02Z,0029322026-05-29,00293,2026-05-29,SCHEDULED,180,3.0
2026-05-29T05:31:02Z,0029312026-05-29,00293,2026-05-29,SCHEDULED,180,3.0
2026-05-29T05:31:02Z,1807112026-05-28,18071,2026-05-28,SCHEDULED,180,3.0
2026-05-29T05:31:02Z,1210122026-05-28,12101,2026-05-28,SCHEDULED,-120,-2.0
2026-05-29T05:31:02Z,1210112026-05-28,12101,2026-05-28,SCHEDULED,-120,-2.0
2026-05-29T05:31:02Z,1241112026-05-28,12411,2026-05-28,SCHEDULED,120,2.0
2026-05-29T05:31:02Z,1800222026-05-28,18002,2026-05-28,SCHEDULED,60,1.0
2026-05-29T05:31:02Z,1800212026-05-28,18002,2026-05-28,SCHEDULED,60,1.0
2026-05-29T05:31:02Z,1248012026-05-28,12480,2026-05-28,SCHEDULED,60,1.0
2026-05-29T05:31:02Z,1806612026-05-28,18066,2026-05-28,SCHEDULED,180,3.0
2026-05-29T05:31:02Z,1812012026-05-28,18120,2026-05-28,SCHEDULED,420,7.0
2026-05-29T05:31:02Z,1264412026-05-28,12644,2026-05-28,SCHEDULED,120,2.0
2026-05-29T05:31:02Z,0806812026-05-28,08068,2026-05-28,SCHEDULED,180,3.0
2026-05-29T05:31:02Z,1300012026-05-28,13000,2026-05-28,SCHEDULED,300,5.0
2026-05-29T05:31:02Z,1833122026-05-28,18331,2026-05-28,SCHEDULED,240,4.0
2026-05-29T05:31:02Z,1833112026-05-28,18331,2026-05-28,SCHEDULED,240,4.0
2026-05-29T05:31:02Z,1564612026-05-28,15646,2026-05-28,SCHEDULED,120,2.0
2026-05-29T05:31:02Z,1565012026-05-28,15650,2026-05-28,SCHEDULED,2340,39.0
2026-05-29T05:31:02Z,0063142026-05-29,00631,2026-05-29,SCHEDULED,60,1.0
2026-05-29T05:31:02Z,0063132026-05-29,00631,2026-05-29,SCHEDULED,60,1.0
2026-05-29T05:31:02Z,0063112026-05-29,00631,2026-05-29,SCHEDULED,60,1.0
2026-05-29T05:31:02Z,0063122026-05-29,00631,2026-05-29,SCHEDULED,60,1.0
2026-05-29T05:31:02Z,1575112026-05-28,15751,2026-05-28,SCHEDULED,120,2.0
2026-05-29T05:31:02Z,0075222026-05-29,00752,2026-05-29,SCHEDULED,240,4.0
2026-05-29T05:31:02Z,0075212026-05-29,00752,2026-05-29,SCHEDULED,240,4.0
2026-05-29T05:31:02Z,0075222026-05-29,00752,2026-05-29,SCHEDULED,660,11.0
2026-05-29T05:31:02Z,0075212026-05-29,00752,2026-05-29,SCHEDULED,660,11.0
2026-05-29T05:31:02Z,1580612026-05-28,15806,2026-05-28,SCHEDULED,180,3.0
2026-05-29T05:31:02Z,1572012026-05-28,15720,2026-05-28,SCHEDULED,600,10.0
2026-05-29T05:31:02Z,0108122026-05-28,01081,2026-05-28,SCHEDULED,180,3.0
2026-05-29T05:31:02Z,0108112026-05-28,01081,2026-05-28,SCHEDULED,180,3.0
2026-05-29T05:31:02Z,1580012026-05-28,15800,2026-05-28,SCHEDULED,120,2.0
2026-05-29T05:31:02Z,0109212026-05-28,01092,2026-05-28,SCHEDULED,-60,-1.0
2026-05-29T05:31:02Z,1577022026-05-28,15770,2026-05-28,SCHEDULED,120,2.0
2026-05-29T05:31:02Z,1576012026-05-28,15760,2026-05-28,SCHEDULED,1140,19.0
2026-05-29T05:31:02Z,0206112026-05-28,02061,2026-05-28,SCHEDULED,1140,19.0
2026-05-29T05:31:02Z,0206312026-05-28,02063,2026-05-28,SCHEDULED,720,12.0
2026-05-29T05:31:02Z,0206712026-05-28,02067,2026-05-28,SCHEDULED,-540,-9.0
2026-05-29T05:31:02Z,1577412026-05-28,15774,2026-05-28,SCHEDULED,-300,-5.0
2026-05-29T05:31:02Z,1577612026-05-28,15776,2026-05-28,SCHEDULED,300,5.0
2026-05-29T05:31:02Z,0207012026-05-28,02070,2026-05-28,SCHEDULED,120,2.0
2026-05-29T05:31:02Z,1590012026-05-28,15900,2026-05-28,SCHEDULED,720,12.0
2026-05-29T05:31:02Z,0207112026-05-28,02071,2026-05-28,SCHEDULED,300,5.0
2026-05-29T05:31:02Z,0207212026-05-28,02072,2026-05-28,SCHEDULED,120,2.0
2026-05-29T05:31:02Z,1832122026-05-28,18321,2026-05-28,SCHEDULED,240,4.0
2026-05-29T05:31:02Z,1832112026-05-28,18321,2026-05-28,SCHEDULED,240,4.0
2026-05-29T05:31:02Z,0207322026-05-28,02073,2026-05-28,SCHEDULED,-60,-1.0
2026-05-29T05:31:02Z,0207312026-05-28,02073,2026-05-28,SCHEDULED,-60,-1.0
2026-05-29T05:31:02Z,0207512026-05-29,02075,2026-05-29,SCHEDULED,480,8.0
2026-05-29T05:31:02Z,1891012026-05-28,18910,2026-05-28,SCHEDULED,1140,19.0
2026-05-29T05:31:02Z,3520412026-05-28,35204,2026-05-28,SCHEDULED,120,2.0
2026-05-29T05:31:02Z,1443012026-05-28,14430,2026-05-28,SCHEDULED,60,1.0
2026-05-29T05:31:02Z,0306242026-05-28,03062,2026-05-28,SCHEDULED,180,3.0
2026-05-29T05:31:02Z,0306232026-05-28,03062,2026-05-28,SCHEDULED,180,3.0
2026-05-29T05:31:02Z,0306212026-05-28,03062,2026-05-28,SCHEDULED,180,3.0
2026-05-29T05:31:02Z,0306222026-05-28,03062,2026-05-28,SCHEDULED,180,3.0
2026-05-29T05:31:02Z,1503022026-05-28,15030,2026-05-28,SCHEDULED,240,4.0
2026-05-29T05:31:02Z,1503012026-05-28,15030,2026-05-28,SCHEDULED,240,4.0
2026-05-29T05:31:02Z,1503112026-05-28,15031,2026-05-28,SCHEDULED,120,2.0
2026-05-29T05:31:02Z,0306312026-05-28,03063,2026-05-28,SCHEDULED,180,3.0
2026-05-29T05:31:02Z,0306322026-05-28,03063,2026-05-28,SCHEDULED,180,3.0
2026-05-29T05:31:02Z,0306332026-05-28,03063,2026-05-28,SCHEDULED,180,3.0
2026-05-29T05:31:02Z,1500012026-05-28,15000,2026-05-28,SCHEDULED,-120,-2.0
2026-05-29T05:31:02Z,1600012026-05-28,16000,2026-05-28,SCHEDULED,60,1.0
2026-05-29T05:31:02Z,1401812026-05-28,14018,2026-05-28,SCHEDULED,300,5.0
2026-05-29T05:31:02Z,0307322026-05-28,03073,2026-05-28,SCHEDULED,-60,-1.0
2026-05-29T05:31:02Z,0307312026-05-28,03073,2026-05-28,SCHEDULED,-60,-1.0
2026-05-29T05:31:02Z,1451012026-05-28,14510,2026-05-28,SCHEDULED,120,2.0
2026-05-29T05:31:02Z,1451022026-05-28,14510,2026-05-28,SCHEDULED,120,2.0
2026-05-29T05:31:02Z,1451032026-05-28,14510,2026-05-28,SCHEDULED,120,2.0
2026-05-29T05:31:02Z,0306242026-05-28,03062,2026-05-28,SCHEDULED,240,4.0
2026-05-29T05:31:02Z,0306232026-05-28,03062,2026-05-28,SCHEDULED,240,4.0
2026-05-29T05:31:02Z,0306212026-05-28,03062,2026-05-28,SCHEDULED,240,4.0
2026-05-29T05:31:02Z,0306222026-05-28,03062,2026-05-28,SCHEDULED,240,4.0
2026-05-29T05:31:02Z,0805812026-05-28,08058,2026-05-28,SCHEDULED,360,6.0
2026-05-29T05:31:02Z,0366222026-05-28,03662,2026-05-28,SCHEDULED,360,6.0
2026-05-29T05:31:02Z,0366212026-05-28,03662,2026-05-28,SCHEDULED,360,6.0
2026-05-29T05:31:02Z,0426112026-05-29,04261,2026-05-29,SCHEDULED,-120,-2.0
2026-05-29T05:31:02Z,0807812026-05-28,08078,2026-05-28,SCHEDULED,60,1.0
2026-05-29T05:31:02Z,1504012026-05-28,15040,2026-05-28,SCHEDULED,1440,24.0
2026-05-29T05:31:02Z,0408712026-05-29,04087,2026-05-29,SCHEDULED,240,4.0
2026-05-29T05:31:02Z,1562122026-05-28,15621,2026-05-28,SCHEDULED,-60,-1.0
2026-05-29T05:31:02Z,1562112026-05-28,15621,2026-05-28,SCHEDULED,-60,-1.0
2026-05-29T05:31:02Z,0429522026-05-28,04295,2026-05-28,SCHEDULED,120,2.0
2026-05-29T05:31:02Z,0429512026-05-28,04295,2026-05-28,SCHEDULED,120,2.0
2026-05-29T05:31:02Z,1877312026-05-28,18773,2026-05-28,SCHEDULED,240,4.0
2026-05-29T05:31:02Z,0506312026-05-28,05063,2026-05-28,SCHEDULED,60,1.0
2026-05-29T05:31:02Z,0506422026-05-28,05064,2026-05-28,SCHEDULED,60,1.0
2026-05-29T05:31:02Z,0506412026-05-28,05064,2026-05-28,SCHEDULED,60,1.0
2026-05-29T05:31:02Z,0506522026-05-28,05065,2026-05-28,SCHEDULED,120,2.0
2026-05-29T05:31:02Z,0506512026-05-28,05065,2026-05-28,SCHEDULED,120,2.0
2026-05-29T05:31:02Z,0507212026-05-28,05072,2026-05-28,SCHEDULED,60,1.0
2026-05-29T05:31:02Z,0527322026-05-28,05273,2026-05-28,SCHEDULED,240,4.0
2026-05-29T05:31:02Z,0527312026-05-28,05273,2026-05-28,SCHEDULED,240,4.0
2026-05-29T05:31:02Z,0576312026-05-28,05763,2026-05-28,SCHEDULED,-180,-3.0
2026-05-29T05:31:02Z,0576322026-05-28,05763,2026-05-28,SCHEDULED,-180,-3.0
2026-05-29T05:31:02Z,0576332026-05-28,05763,2026-05-28,SCHEDULED,-180,-3.0
2026-05-29T05:31:02Z,0587112026-05-28,05871,2026-05-28,SCHEDULED,780,13.0
2026-05-29T05:31:02Z,0806912026-05-28,08069,2026-05-28,SCHEDULED,420,7.0
2026-05-29T05:31:02Z,0807112026-05-28,08071,2026-05-28,SCHEDULED,360,6.0
2026-05-29T05:31:02Z,0807312026-05-28,08073,2026-05-28,SCHEDULED,120,2.0
2026-05-29T05:31:02Z,1504612026-05-28,15046,2026-05-28,CANCELED,,
2026-05-29T05:31:02Z,1503212026-05-28,15032,2026-05-28,CANCELED,,
2026-05-29T05:31:02Z,1573412026-05-28,15734,2026-05-28,CANCELED,,
2026-05-29T05:31:02Z,1260812026-05-28,12608,2026-05-28,CANCELED,,
2026-05-29T05:31:02Z,1262312026-05-28,12623,2026-05-28,CANCELED,,
2026-05-29T05:31:02Z,3880722026-05-28,38807,2026-05-28,CANCELED,,
2026-05-29T05:31:02Z,3880712026-05-28,38807,2026-05-28,CANCELED,,
2026-05-29T05:31:02Z,7183312026-05-28,71833,2026-05-28,CANCELED,,
2026-05-29T05:31:02Z,1790762026-05-28,17907,2026-05-28,CANCELED,,
2026-05-29T05:31:02Z,1790742026-05-28,17907,2026-05-28,CANCELED,,
2026-05-29T05:31:02Z,1790752026-05-28,17907,2026-05-28,CANCELED,,
2026-05-29T05:31:02Z,1790712026-05-28,17907,2026-05-28,CANCELED,,
2026-05-29T05:31:02Z,1790732026-05-28,17907,2026-05-28,CANCELED,,
2026-05-29T05:31:02Z,1790722026-05-28,17907,2026-05-28,CANCELED,,
2026-05-29T05:31:02Z,1582012026-05-28,15820,2026-05-28,CANCELED,,
2026-05-29T05:31:02Z,0426112026-05-29,04261,2026-05-29,CANCELED,,
2026-05-29T05:31:02Z,0587112026-05-28,05871,2026-05-28,CANCELED,,
2026-05-29T05:31:02Z,1821612026-05-28,18216,2026-05-28,CANCELED,,
