timestamp_utc,trip_id,tren,fecha_tren,estado,retraso_seg,retraso_min
2026-10-01T00:02:24Z,1269212026-09-28,12692,2026-09-28,CANCELED,,
2026-10-01T00:02:24Z,1268412026-09-28,12684,2026-09-28,CANCELED,,
2026-10-01T00:02:24Z,1268912026-09-28,12689,2026-09-28,CANCELED,,
2026-10-01T00:02:24Z,1268512026-09-28,12685,2026-09-28,CANCELED,,
2026-10-01T00:02:24Z,1705012026-09-28,17050,2026-09-28,CANCELED,,
2026-10-01T00:02:24Z,0414312026-09-29,04143,2026-09-29,CANCELED,,
2026-10-01T00:06:48Z,1269212026-09-28,12692,2026-09-28,CANCELED,,
2026-10-01T00:06:48Z,1268412026-09-28,12684,2026-09-28,CANCELED,,
2026-10-01T00:06:48Z,1268512026-09-28,12685,2026-09-28,CANCELED,,
2026-10-01T00:06:48Z,1268912026-09-28,12689,2026-09-28,CANCELED,,
2026-10-01T00:06:48Z,0414312026-09-29,04143,2026-09-29,CANCELED,,
2026-10-01T00:06:48Z,1705012026-09-28,17050,2026-09-28,CANCELED,,
2026-10-01T00:11:57Z,1268412026-09-28,12684,2026-09-28,CANCELED,,
2026-10-01T00:11:57Z,1269212026-09-28,12692,2026-09-28,CANCELED,,
2026-10-01T00:11:57Z,1268512026-09-28,12685,2026-09-28,CANCELED,,
2026-10-01T00:11:57Z,1268912026-09-28,12689,2026-09-28,CANCELED,,
2026-10-01T00:11:57Z,0414312026-09-29,04143,2026-09-29,CANCELED,,
2026-10-01T00:11:57Z,1705012026-09-28,17050,2026-09-28,CANCELED,,
2026-10-01T00:17:10Z,1268412026-09-28,12684,2026-09-28,CANCELED,,
2026-10-01T00:17:10Z,1269212026-09-28,12692,2026-09-28,CANCELED,,
2026-10-01T00:17:10Z,1268512026-09-28,12685,2026-09-28,CANCELED,,
2026-10-01T00:17:10Z,1268912026-09-28,12689,2026-09-28,CANCELED,,
2026-10-01T00:17:10Z,0414312026-09-29,04143,2026-09-29,CANCELED,,
2026-10-01T00:17:10Z,1705012026-09-28,17050,2026-09-28,CANCELED,,
2026-10-01T00:21:57Z,1268412026-09-28,12684,2026-09-28,CANCELED,,
2026-10-01T00:21:57Z,1269212026-09-28,12692,2026-09-28,CANCELED,,
2026-10-01T00:21:57Z,1268512026-09-28,12685,2026-09-28,CANCELED,,
2026-10-01T00:21:57Z,1268912026-09-28,12689,2026-09-28,CANCELED,,
2026-10-01T00:21:57Z,0414312026-09-29,04143,2026-09-29,CANCELED,,
2026-10-01T00:21:57Z,1705012026-09-28,17050,2026-09-28,CANCELED,,
2026-10-01T00:26:47Z,1269212026-09-28,12692,2026-09-28,CANCELED,,
2026-10-01T00:26:47Z,1268412026-09-28,12684,2026-09-28,CANCELED,,
2026-10-01T00:26:47Z,1268912026-09-28,12689,2026-09-28,CANCELED,,
2026-10-01T00:26:47Z,1268512026-09-28,12685,2026-09-28,CANCELED,,
2026-10-01T00:26:47Z,1705012026-09-28,17050,2026-09-28,CANCELED,,
2026-10-01T00:26:47Z,0414312026-09-29,04143,2026-09-29,CANCELED,,
2026-10-01T00:32:12Z,1268412026-09-28,12684,2026-09-28,CANCELED,,
2026-10-01T00:32:12Z,1269212026-09-28,12692,2026-09-28,CANCELED,,
2026-10-01T00:32:12Z,1268512026-09-28,12685,2026-09-28,CANCELED,,
2026-10-01T00:32:12Z,1268912026-09-28,12689,2026-09-28,CANCELED,,
2026-10-01T00:32:12Z,0414312026-09-29,04143,2026-09-29,CANCELED,,
2026-10-01T00:32:12Z,1705012026-09-28,17050,2026-09-28,CANCELED,,
2026-10-01T00:36:52Z,1269212026-09-28,12692,2026-09-28,CANCELED,,
2026-10-01T00:36:52Z,1268412026-09-28,12684,2026-09-28,CANCELED,,
2026-10-01T00:36:52Z,1268912026-09-28,12689,2026-09-28,CANCELED,,
2026-10-01T00:36:52Z,1268512026-09-28,12685,2026-09-28,CANCELED,,
2026-10-01T00:36:52Z,1705012026-09-28,17050,2026-09-28,CANCELED,,
2026-10-01T00:36:52Z,0414312026-09-29,04143,2026-09-29,CANCELED,,
2026-10-01T00:41:58Z,1269212026-09-28,12692,2026-09-28,CANCELED,,
2026-10-01T00:41:58Z,1268412026-09-28,12684,2026-09-28,CANCELED,,
2026-10-01T00:41:58Z,1268912026-09-28,12689,2026-09-28,CANCELED,,
2026-10-01T00:41:58Z,1268512026-09-28,12685,2026-09-28,CANCELED,,
2026-10-01T00:41:58Z,0414312026-09-29,04143,2026-09-29,CANCELED,,
2026-10-01T00:41:58Z,1705012026-09-28,17050,2026-09-28,CANCELED,,
2026-10-01T00:47:02Z,1269212026-09-28,12692,2026-09-28,CANCELED,,
2026-10-01T00:47:02Z,1268412026-09-28,12684,2026-09-28,CANCELED,,
2026-10-01T00:47:02Z,1268912026-09-28,12689,2026-09-28,CANCELED,,
2026-10-01T00:47:02Z,1268512026-09-28,12685,2026-09-28,CANCELED,,
2026-10-01T00:47:02Z,1705012026-09-28,17050,2026-09-28,CANCELED,,
2026-10-01T00:47:02Z,0414312026-09-29,04143,2026-09-29,CANCELED,,
2026-10-01T00:51:52Z,1268412026-09-30,12684,2026-09-30,CANCELED,,
2026-10-01T00:51:52Z,1269212026-09-30,12692,2026-09-30,CANCELED,,
2026-10-01T00:51:52Z,1268512026-09-30,12685,2026-09-30,CANCELED,,
2026-10-01T00:51:52Z,1268912026-09-30,12689,2026-09-30,CANCELED,,
2026-10-01T00:51:52Z,0414312026-10-01,04143,2026-10-01,CANCELED,,
2026-10-01T00:51:52Z,1705012026-09-30,17050,2026-09-30,CANCELED,,
2026-10-01T00:56:49Z,1269212026-09-30,12692,2026-09-30,CANCELED,,
2026-10-01T00:56:49Z,1268412026-09-30,12684,2026-09-30,CANCELED,,
2026-10-01T00:56:49Z,1268512026-09-30,12685,2026-09-30,CANCELED,,
2026-10-01T00:56:49Z,1268912026-09-30,12689,2026-09-30,CANCELED,,
2026-10-01T00:56:49Z,0414312026-10-01,04143,2026-10-01,CANCELED,,
2026-10-01T00:56:49Z,1705012026-09-30,17050,2026-09-30,CANCELED,,
2026-10-01T01:02:23Z,1269212026-09-30,12692,2026-09-30,CANCELED,,
2026-10-01T01:02:23Z,1268412026-09-30,12684,2026-09-30,CANCELED,,
2026-10-01T01:02:23Z,1268912026-09-30,12689,2026-09-30,CANCELED,,
2026-10-01T01:02:23Z,1268512026-09-30,12685,2026-09-30,CANCELED,,
2026-10-01T01:02:23Z,1705012026-09-30,17050,2026-09-30,CANCELED,,
2026-10-01T01:02:23Z,0414312026-10-01,04143,2026-10-01,CANCELED,,
2026-10-01T01:06:52Z,1269212026-09-30,12692,2026-09-30,CANCELED,,
2026-10-01T01:06:52Z,1268412026-09-30,12684,2026-09-30,CANCELED,,
2026-10-01T01:06:52Z,1268912026-09-30,12689,2026-09-30,CANCELED,,
2026-10-01T01:06:52Z,1268512026-09-30,12685,2026-09-30,CANCELED,,
2026-10-01T01:06:52Z,1705012026-09-30,17050,2026-09-30,CANCELED,,
2026-10-01T01:06:52Z,0414312026-10-01,04143,2026-10-01,CANCELED,,
2026-10-01T01:11:54Z,1269212026-09-30,12692,2026-09-30,CANCELED,,
2026-10-01T01:11:54Z,1268412026-09-30,12684,2026-09-30,CANCELED,,
2026-10-01T01:11:54Z,1268512026-09-30,12685,2026-09-30,CANCELED,,
2026-10-01T01:11:54Z,1268912026-09-30,12689,2026-09-30,CANCELED,,
2026-10-01T01:11:54Z,0414312026-10-01,04143,2026-10-01,CANCELED,,
2026-10-01T01:11:54Z,1705012026-09-30,17050,2026-09-30,CANCELED,,
2026-10-01T01:16:57Z,1269212026-09-30,12692,2026-09-30,CANCELED,,
2026-10-01T01:16:57Z,1268412026-09-30,12684,2026-09-30,CANCELED,,
2026-10-01T01:16:57Z,1268912026-09-30,12689,2026-09-30,CANCELED,,
2026-10-01T01:16:57Z,1268512026-09-30,12685,2026-09-30,CANCELED,,
2026-10-01T01:16:57Z,1705012026-09-30,17050,2026-09-30,CANCELED,,
2026-10-01T01:16:57Z,0414312026-10-01,04143,2026-10-01,CANCELED,,
2026-10-01T01:21:52Z,1268412026-09-30,12684,2026-09-30,CANCELED,,
2026-10-01T01:21:52Z,1269212026-09-30,12692,2026-09-30,CANCELED,,
2026-10-01T01:21:52Z,1268512026-09-30,12685,2026-09-30,CANCELED,,
2026-10-01T01:21:52Z,1268912026-09-30,12689,2026-09-30,CANCELED,,
2026-10-01T01:21:52Z,1705012026-09-30,17050,2026-09-30,CANCELED,,
2026-10-01T01:21:52Z,0414312026-10-01,04143,2026-10-01,CANCELED,,
2026-10-01T01:26:53Z,1268412026-09-30,12684,2026-09-30,CANCELED,,
2026-10-01T01:26:53Z,1269212026-09-30,12692,2026-09-30,CANCELED,,
2026-10-01T01:26:53Z,1268512026-09-30,12685,2026-09-30,CANCELED,,
2026-10-01T01:26:53Z,1268912026-09-30,12689,2026-09-30,CANCELED,,
2026-10-01T01:26:53Z,0414312026-10-01,04143,2026-10-01,CANCELED,,
2026-10-01T01:26:53Z,1705012026-09-30,17050,2026-09-30,CANCELED,,
2026-10-01T01:32:05Z,1269212026-09-30,12692,2026-09-30,CANCELED,,
2026-10-01T01:32:05Z,1268412026-09-30,12684,2026-09-30,CANCELED,,
2026-10-01T01:32:05Z,1268912026-09-30,12689,2026-09-30,CANCELED,,
2026-10-01T01:32:05Z,1268512026-09-30,12685,2026-09-30,CANCELED,,
2026-10-01T01:32:05Z,1705012026-09-30,17050,2026-09-30,CANCELED,,
2026-10-01T01:32:05Z,0414312026-10-01,04143,2026-10-01,CANCELED,,
2026-10-01T01:36:47Z,1269212026-09-30,12692,2026-09-30,CANCELED,,
2026-10-01T01:36:47Z,1268412026-09-30,12684,2026-09-30,CANCELED,,
2026-10-01T01:36:47Z,1268512026-09-30,12685,2026-09-30,CANCELED,,
2026-10-01T01:36:47Z,1268912026-09-30,12689,2026-09-30,CANCELED,,
2026-10-01T01:36:47Z,0414312026-10-01,04143,2026-10-01,CANCELED,,
2026-10-01T01:36:47Z,1705012026-09-30,17050,2026-09-30,CANCELED,,
2026-10-01T01:41:55Z,1269212026-09-30,12692,2026-09-30,CANCELED,,
2026-10-01T01:41:55Z,1268412026-09-30,12684,2026-09-30,CANCELED,,
2026-10-01T01:41:55Z,1268512026-09-30,12685,2026-09-30,CANCELED,,
2026-10-01T01:41:55Z,1268912026-09-30,12689,2026-09-30,CANCELED,,
2026-10-01T01:41:55Z,0414312026-10-01,04143,2026-10-01,CANCELED,,
2026-10-01T01:41:55Z,1705012026-09-30,17050,2026-09-30,CANCELED,,
2026-10-01T01:47:06Z,1268412026-09-30,12684,2026-09-30,CANCELED,,
2026-10-01T01:47:06Z,1269212026-09-30,12692,2026-09-30,CANCELED,,
2026-10-01T01:47:06Z,1268512026-09-30,12685,2026-09-30,CANCELED,,
2026-10-01T01:47:06Z,1268912026-09-30,12689,2026-09-30,CANCELED,,
2026-10-01T01:47:06Z,0414312026-10-01,04143,2026-10-01,CANCELED,,
2026-10-01T01:47:06Z,1705012026-09-30,17050,2026-09-30,CANCELED,,
2026-10-01T01:51:54Z,1268412026-09-30,12684,2026-09-30,CANCELED,,
2026-10-01T01:51:54Z,1269212026-09-30,12692,2026-09-30,CANCELED,,
2026-10-01T01:51:54Z,1268512026-09-30,12685,2026-09-30,CANCELED,,
2026-10-01T01:51:54Z,1268912026-09-30,12689,2026-09-30,CANCELED,,
2026-10-01T01:51:54Z,0414312026-10-01,04143,2026-10-01,CANCELED,,
2026-10-01T01:51:54Z,1705012026-09-30,17050,2026-09-30,CANCELED,,
2026-10-01T01:56:50Z,1268412026-09-30,12684,2026-09-30,CANCELED,,
2026-10-01T01:56:50Z,1269212026-09-30,12692,2026-09-30,CANCELED,,
2026-10-01T01:56:50Z,1268512026-09-30,12685,2026-09-30,CANCELED,,
2026-10-01T01:56:50Z,1268912026-09-30,12689,2026-09-30,CANCELED,,
2026-10-01T01:56:50Z,0414312026-10-01,04143,2026-10-01,CANCELED,,
2026-10-01T01:56:50Z,1705012026-09-30,17050,2026-09-30,CANCELED,,
2026-10-01T02:02:30Z,1268412026-09-30,12684,2026-09-30,CANCELED,,
2026-10-01T02:02:30Z,1269212026-09-30,12692,2026-09-30,CANCELED,,
2026-10-01T02:02:30Z,1268512026-09-30,12685,2026-09-30,CANCELED,,
2026-10-01T02:02:30Z,1268912026-09-30,12689,2026-09-30,CANCELED,,
2026-10-01T02:02:30Z,0414312026-10-01,04143,2026-10-01,CANCELED,,
2026-10-01T02:02:30Z,1705012026-09-30,17050,2026-09-30,CANCELED,,
2026-10-01T02:06:49Z,1268412026-09-30,12684,2026-09-30,CANCELED,,
2026-10-01T02:06:49Z,1269212026-09-30,12692,2026-09-30,CANCELED,,
2026-10-01T02:06:49Z,1268512026-09-30,12685,2026-09-30,CANCELED,,
2026-10-01T02:06:49Z,1268912026-09-30,12689,2026-09-30,CANCELED,,
2026-10-01T02:06:49Z,0414312026-10-01,04143,2026-10-01,CANCELED,,
2026-10-01T02:06:49Z,1705012026-09-30,17050,2026-09-30,CANCELED,,
2026-10-01T02:11:53Z,1268412026-09-30,12684,2026-09-30,CANCELED,,
2026-10-01T02:11:53Z,1269212026-09-30,12692,2026-09-30,CANCELED,,
2026-10-01T02:11:53Z,1268512026-09-30,12685,2026-09-30,CANCELED,,
2026-10-01T02:11:53Z,1268912026-09-30,12689,2026-09-30,CANCELED,,
2026-10-01T02:11:53Z,1705012026-09-30,17050,2026-09-30,CANCELED,,
2026-10-01T02:11:53Z,0414312026-10-01,04143,2026-10-01,CANCELED,,
2026-10-01T02:17:10Z,1269212026-09-30,12692,2026-09-30,CANCELED,,
2026-10-01T02:17:10Z,1268412026-09-30,12684,2026-09-30,CANCELED,,
2026-10-01T02:17:10Z,1268512026-09-30,12685,2026-09-30,CANCELED,,
2026-10-01T02:17:10Z,1268912026-09-30,12689,2026-09-30,CANCELED,,
2026-10-01T02:17:10Z,0414312026-10-01,04143,2026-10-01,CANCELED,,
2026-10-01T02:17:10Z,1705012026-09-30,17050,2026-09-30,CANCELED,,
2026-10-01T02:21:52Z,1269212026-09-30,12692,2026-09-30,CANCELED,,
2026-10-01T02:21:52Z,1268412026-09-30,12684,2026-09-30,CANCELED,,
2026-10-01T02:21:52Z,1268912026-09-30,12689,2026-09-30,CANCELED,,
2026-10-01T02:21:52Z,1268512026-09-30,12685,2026-09-30,CANCELED,,
2026-10-01T02:21:52Z,1705012026-09-30,17050,2026-09-30,CANCELED,,
2026-10-01T02:21:52Z,0414312026-10-01,04143,2026-10-01,CANCELED,,
2026-10-01T02:24:30Z,1269212026-09-30,12692,2026-09-30,CANCELED,,
2026-10-01T02:24:30Z,1268412026-09-30,12684,2026-09-30,CANCELED,,
2026-10-01T02:24:30Z,1268512026-09-30,12685,2026-09-30,CANCELED,,
2026-10-01T02:24:30Z,1268912026-09-30,12689,2026-09-30,CANCELED,,
2026-10-01T02:24:30Z,1705012026-09-30,17050,2026-09-30,CANCELED,,
2026-10-01T02:24:30Z,0414312026-10-01,04143,2026-10-01,CANCELED,,
2026-10-01T02:26:51Z,1269212026-09-30,12692,2026-09-30,CANCELED,,
2026-10-01T02:26:51Z,1268412026-09-30,12684,2026-09-30,CANCELED,,
2026-10-01T02:26:51Z,1268512026-09-30,12685,2026-09-30,CANCELED,,
2026-10-01T02:26:51Z,1268912026-09-30,12689,2026-09-30,CANCELED,,
2026-10-01T02:26:51Z,0414312026-10-01,04143,2026-10-01,CANCELED,,
2026-10-01T02:26:51Z,1705012026-09-30,17050,2026-09-30,CANCELED,,
2026-10-01T02:32:09Z,1269212026-09-30,12692,2026-09-30,CANCELED,,
2026-10-01T02:32:09Z,1268412026-09-30,12684,2026-09-30,CANCELED,,
2026-10-01T02:32:09Z,1268912026-09-30,12689,2026-09-30,CANCELED,,
2026-10-01T02:32:09Z,1268512026-09-30,12685,2026-09-30,CANCELED,,
2026-10-01T02:32:09Z,0414312026-10-01,04143,2026-10-01,CANCELED,,
2026-10-01T02:32:09Z,1705012026-09-30,17050,2026-09-30,CANCELED,,
2026-10-01T02:36:53Z,1269212026-09-30,12692,2026-09-30,CANCELED,,
2026-10-01T02:36:53Z,1268412026-09-30,12684,2026-09-30,CANCELED,,
2026-10-01T02:36:53Z,1268912026-09-30,12689,2026-09-30,CANCELED,,
2026-10-01T02:36:53Z,1268512026-09-30,12685,2026-09-30,CANCELED,,
2026-10-01T02:36:53Z,0414312026-10-01,04143,2026-10-01,CANCELED,,
2026-10-01T02:36:53Z,1705012026-09-30,17050,2026-09-30,CANCELED,,
2026-10-01T02:41:55Z,1269212026-09-30,12692,2026-09-30,CANCELED,,
2026-10-01T02:41:55Z,1268412026-09-30,12684,2026-09-30,CANCELED,,
2026-10-01T02:41:55Z,1268512026-09-30,12685,2026-09-30,CANCELED,,
2026-10-01T02:41:55Z,1268912026-09-30,12689,2026-09-30,CANCELED,,
2026-10-01T02:41:55Z,0414312026-10-01,04143,2026-10-01,CANCELED,,
2026-10-01T02:41:55Z,1705012026-09-30,17050,2026-09-30,CANCELED,,
2026-10-01T02:47:02Z,1269212026-09-30,12692,2026-09-30,CANCELED,,
2026-10-01T02:47:02Z,1268412026-09-30,12684,2026-09-30,CANCELED,,
2026-10-01T02:47:02Z,1268912026-09-30,12689,2026-09-30,CANCELED,,
2026-10-01T02:47:02Z,1268512026-09-30,12685,2026-09-30,CANCELED,,
2026-10-01T02:47:02Z,1705012026-09-30,17050,2026-09-30,CANCELED,,
2026-10-01T02:47:02Z,0414312026-10-01,04143,2026-10-01,CANCELED,,
2026-10-01T02:51:56Z,1269212026-09-30,12692,2026-09-30,CANCELED,,
2026-10-01T02:51:56Z,1268412026-09-30,12684,2026-09-30,CANCELED,,
2026-10-01T02:51:56Z,1268912026-09-30,12689,2026-09-30,CANCELED,,
2026-10-01T02:51:56Z,1268512026-09-30,12685,2026-09-30,CANCELED,,
2026-10-01T02:51:56Z,1705012026-09-30,17050,2026-09-30,CANCELED,,
2026-10-01T02:51:56Z,0414312026-10-01,04143,2026-10-01,CANCELED,,
2026-10-01T02:56:49Z,1269212026-09-30,12692,2026-09-30,CANCELED,,
2026-10-01T02:56:49Z,1268412026-09-30,12684,2026-09-30,CANCELED,,
2026-10-01T02:56:49Z,1268512026-09-30,12685,2026-09-30,CANCELED,,
2026-10-01T02:56:49Z,1268912026-09-30,12689,2026-09-30,CANCELED,,
2026-10-01T02:56:49Z,0414312026-10-01,04143,2026-10-01,CANCELED,,
2026-10-01T02:56:49Z,1705012026-09-30,17050,2026-09-30,CANCELED,,
2026-10-01T03:02:19Z,1269212026-09-30,12692,2026-09-30,CANCELED,,
2026-10-01T03:02:19Z,1268412026-09-30,12684,2026-09-30,CANCELED,,
2026-10-01T03:02:19Z,1268912026-09-30,12689,2026-09-30,CANCELED,,
2026-10-01T03:02:19Z,1268512026-09-30,12685,2026-09-30,CANCELED,,
2026-10-01T03:02:19Z,1705012026-09-30,17050,2026-09-30,CANCELED,,
2026-10-01T03:02:19Z,0414312026-10-01,04143,2026-10-01,CANCELED,,
2026-10-01T03:06:48Z,1269212026-09-30,12692,2026-09-30,CANCELED,,
2026-10-01T03:06:48Z,1268412026-09-30,12684,2026-09-30,CANCELED,,
2026-10-01T03:06:48Z,1268512026-09-30,12685,2026-09-30,CANCELED,,
2026-10-01T03:06:48Z,1268912026-09-30,12689,2026-09-30,CANCELED,,
2026-10-01T03:06:48Z,0414312026-10-01,04143,2026-10-01,CANCELED,,
2026-10-01T03:06:48Z,1705012026-09-30,17050,2026-09-30,CANCELED,,
2026-10-01T03:11:57Z,1454112026-09-30,14541,2026-09-30,SCHEDULED,0,0.0
2026-10-01T03:11:57Z,1562012026-09-30,15620,2026-09-30,SCHEDULED,0,0.0
2026-10-01T03:11:57Z,1251212026-09-30,12512,2026-09-30,SCHEDULED,0,0.0
2026-10-01T03:11:57Z,1269212026-09-30,12692,2026-09-30,CANCELED,,
2026-10-01T03:11:57Z,1268412026-09-30,12684,2026-09-30,CANCELED,,
2026-10-01T03:11:57Z,1268912026-09-30,12689,2026-09-30,CANCELED,,
2026-10-01T03:11:57Z,1268512026-09-30,12685,2026-09-30,CANCELED,,
2026-10-01T03:11:57Z,1705012026-09-30,17050,2026-09-30,CANCELED,,
2026-10-01T03:11:57Z,0414312026-10-01,04143,2026-10-01,CANCELED,,
2026-10-01T03:16:57Z,1562012026-09-30,15620,2026-09-30,SCHEDULED,0,0.0
2026-10-01T03:16:57Z,1454112026-09-30,14541,2026-09-30,SCHEDULED,0,0.0
2026-10-01T03:16:57Z,1251212026-09-30,12512,2026-09-30,SCHEDULED,0,0.0
2026-10-01T03:16:57Z,1268412026-09-30,12684,2026-09-30,CANCELED,,
2026-10-01T03:16:57Z,1269212026-09-30,12692,2026-09-30,CANCELED,,
2026-10-01T03:16:57Z,1268512026-09-30,12685,2026-09-30,CANCELED,,
2026-10-01T03:16:57Z,1268912026-09-30,12689,2026-09-30,CANCELED,,
2026-10-01T03:16:57Z,0414312026-10-01,04143,2026-10-01,CANCELED,,
2026-10-01T03:16:57Z,1705012026-09-30,17050,2026-09-30,CANCELED,,
2026-10-01T03:21:56Z,1454112026-09-30,14541,2026-09-30,SCHEDULED,-60,-1.0
2026-10-01T03:21:56Z,0415422026-09-30,04154,2026-09-30,SCHEDULED,-60,-1.0
2026-10-01T03:21:56Z,0415412026-09-30,04154,2026-09-30,SCHEDULED,-60,-1.0
2026-10-01T03:21:56Z,1251212026-09-30,12512,2026-09-30,SCHEDULED,60,1.0
2026-10-01T03:21:56Z,1562012026-09-30,15620,2026-09-30,SCHEDULED,0,0.0
2026-10-01T03:21:56Z,0411422026-10-01,04114,2026-10-01,SCHEDULED,-60,-1.0
2026-10-01T03:21:56Z,0411412026-10-01,04114,2026-10-01,SCHEDULED,-60,-1.0
2026-10-01T03:21:56Z,1268412026-09-30,12684,2026-09-30,CANCELED,,
2026-10-01T03:21:56Z,1269212026-09-30,12692,2026-09-30,CANCELED,,
2026-10-01T03:21:56Z,1268512026-09-30,12685,2026-09-30,CANCELED,,
2026-10-01T03:21:56Z,1268912026-09-30,12689,2026-09-30,CANCELED,,
2026-10-01T03:21:56Z,0414312026-10-01,04143,2026-10-01,CANCELED,,
2026-10-01T03:21:56Z,1705012026-09-30,17050,2026-09-30,CANCELED,,
2026-10-01T03:26:49Z,1704312026-09-30,17043,2026-09-30,SCHEDULED,0,0.0
2026-10-01T03:26:49Z,0415422026-09-30,04154,2026-09-30,SCHEDULED,-120,-2.0
2026-10-01T03:26:49Z,0415412026-09-30,04154,2026-09-30,SCHEDULED,-120,-2.0
2026-10-01T03:26:49Z,1251212026-09-30,12512,2026-09-30,SCHEDULED,180,3.0
2026-10-01T03:26:49Z,1454112026-09-30,14541,2026-09-30,SCHEDULED,-60,-1.0
2026-10-01T03:26:49Z,1562012026-09-30,15620,2026-09-30,SCHEDULED,0,0.0
2026-10-01T03:26:49Z,0411422026-10-01,04114,2026-10-01,SCHEDULED,-60,-1.0
2026-10-01T03:26:49Z,0411412026-10-01,04114,2026-10-01,SCHEDULED,-60,-1.0
2026-10-01T03:26:49Z,1268412026-09-30,12684,2026-09-30,CANCELED,,
2026-10-01T03:26:49Z,1269212026-09-30,12692,2026-09-30,CANCELED,,
2026-10-01T03:26:49Z,1268512026-09-30,12685,2026-09-30,CANCELED,,
2026-10-01T03:26:49Z,1268912026-09-30,12689,2026-09-30,CANCELED,,
2026-10-01T03:26:49Z,0414312026-10-01,04143,2026-10-01,CANCELED,,
2026-10-01T03:26:49Z,1705012026-09-30,17050,2026-09-30,CANCELED,,
2026-10-01T03:32:06Z,1704312026-09-30,17043,2026-09-30,SCHEDULED,-60,-1.0
2026-10-01T03:32:06Z,1251212026-09-30,12512,2026-09-30,SCHEDULED,120,2.0
2026-10-01T03:32:06Z,0415422026-09-30,04154,2026-09-30,SCHEDULED,-180,-3.0
2026-10-01T03:32:06Z,0415412026-09-30,04154,2026-09-30,SCHEDULED,-180,-3.0
2026-10-01T03:32:06Z,1454112026-09-30,14541,2026-09-30,SCHEDULED,-60,-1.0
2026-10-01T03:32:06Z,1562012026-09-30,15620,2026-09-30,SCHEDULED,0,0.0
2026-10-01T03:32:06Z,0411422026-10-01,04114,2026-10-01,SCHEDULED,60,1.0
2026-10-01T03:32:06Z,0411412026-10-01,04114,2026-10-01,SCHEDULED,60,1.0
2026-10-01T03:32:06Z,1268412026-09-30,12684,2026-09-30,CANCELED,,
2026-10-01T03:32:06Z,1269212026-09-30,12692,2026-09-30,CANCELED,,
2026-10-01T03:32:06Z,1268512026-09-30,12685,2026-09-30,CANCELED,,
2026-10-01T03:32:06Z,1268912026-09-30,12689,2026-09-30,CANCELED,,
2026-10-01T03:32:06Z,0414312026-10-01,04143,2026-10-01,CANCELED,,
2026-10-01T03:32:06Z,1705012026-09-30,17050,2026-09-30,CANCELED,,
2026-10-01T03:36:49Z,1454112026-09-30,14541,2026-09-30,SCHEDULED,120,2.0
2026-10-01T03:36:49Z,0415422026-09-30,04154,2026-09-30,SCHEDULED,-180,-3.0
2026-10-01T03:36:49Z,0415412026-09-30,04154,2026-09-30,SCHEDULED,-180,-3.0
2026-10-01T03:36:49Z,1704312026-09-30,17043,2026-09-30,SCHEDULED,0,0.0
2026-10-01T03:36:49Z,0807212026-09-30,08072,2026-09-30,SCHEDULED,120,2.0
2026-10-01T03:36:49Z,1562012026-09-30,15620,2026-09-30,SCHEDULED,0,0.0
2026-10-01T03:36:49Z,1251212026-09-30,12512,2026-09-30,SCHEDULED,60,1.0
2026-10-01T03:36:49Z,0411422026-10-01,04114,2026-10-01,SCHEDULED,60,1.0
2026-10-01T03:36:49Z,0411412026-10-01,04114,2026-10-01,SCHEDULED,60,1.0
2026-10-01T03:36:49Z,1530912026-09-30,15309,2026-09-30,SCHEDULED,0,0.0
2026-10-01T03:36:49Z,0306242026-09-30,03062,2026-09-30,SCHEDULED,120,2.0
2026-10-01T03:36:49Z,0306232026-09-30,03062,2026-09-30,SCHEDULED,120,2.0
2026-10-01T03:36:49Z,0306212026-09-30,03062,2026-09-30,SCHEDULED,120,2.0
2026-10-01T03:36:49Z,0306222026-09-30,03062,2026-09-30,SCHEDULED,120,2.0
2026-10-01T03:36:49Z,1268412026-09-30,12684,2026-09-30,CANCELED,,
2026-10-01T03:36:49Z,1269212026-09-30,12692,2026-09-30,CANCELED,,
2026-10-01T03:36:49Z,1268512026-09-30,12685,2026-09-30,CANCELED,,
2026-10-01T03:36:49Z,1268912026-09-30,12689,2026-09-30,CANCELED,,
2026-10-01T03:36:49Z,0414312026-10-01,04143,2026-10-01,CANCELED,,
2026-10-01T03:36:49Z,1705012026-09-30,17050,2026-09-30,CANCELED,,
2026-10-01T03:41:56Z,1770712026-09-30,17707,2026-09-30,SCHEDULED,0,0.0
2026-10-01T03:41:56Z,1704312026-09-30,17043,2026-09-30,SCHEDULED,60,1.0
2026-10-01T03:41:56Z,0415422026-09-30,04154,2026-09-30,SCHEDULED,-180,-3.0
2026-10-01T03:41:56Z,0415412026-09-30,04154,2026-09-30,SCHEDULED,-180,-3.0
2026-10-01T03:41:56Z,0807212026-09-30,08072,2026-09-30,SCHEDULED,60,1.0
2026-10-01T03:41:56Z,1562012026-09-30,15620,2026-09-30,SCHEDULED,0,0.0
2026-10-01T03:41:56Z,1454112026-09-30,14541,2026-09-30,SCHEDULED,120,2.0
2026-10-01T03:41:56Z,1251212026-09-30,12512,2026-09-30,SCHEDULED,0,0.0
2026-10-01T03:41:56Z,1530912026-09-30,15309,2026-09-30,SCHEDULED,0,0.0
2026-10-01T03:41:56Z,0411422026-10-01,04114,2026-10-01,SCHEDULED,60,1.0
2026-10-01T03:41:56Z,0411412026-10-01,04114,2026-10-01,SCHEDULED,60,1.0
2026-10-01T03:41:56Z,0306242026-09-30,03062,2026-09-30,SCHEDULED,120,2.0
2026-10-01T03:41:56Z,0306232026-09-30,03062,2026-09-30,SCHEDULED,120,2.0
2026-10-01T03:41:56Z,0306212026-09-30,03062,2026-09-30,SCHEDULED,120,2.0
2026-10-01T03:41:56Z,0306222026-09-30,03062,2026-09-30,SCHEDULED,120,2.0
2026-10-01T03:41:56Z,1268412026-09-30,12684,2026-09-30,CANCELED,,
2026-10-01T03:41:56Z,1269212026-09-30,12692,2026-09-30,CANCELED,,
2026-10-01T03:41:56Z,1268512026-09-30,12685,2026-09-30,CANCELED,,
2026-10-01T03:41:56Z,1268912026-09-30,12689,2026-09-30,CANCELED,,
2026-10-01T03:41:56Z,0414312026-10-01,04143,2026-10-01,CANCELED,,
2026-10-01T03:41:56Z,1705012026-09-30,17050,2026-09-30,CANCELED,,
2026-10-01T03:46:56Z,0807212026-09-30,08072,2026-09-30,SCHEDULED,0,0.0
2026-10-01T03:46:56Z,1500012026-09-30,15000,2026-09-30,SCHEDULED,0,0.0
2026-10-01T03:46:56Z,1241112026-09-30,12411,2026-09-30,SCHEDULED,1260,21.0
2026-10-01T03:46:56Z,1770712026-09-30,17707,2026-09-30,SCHEDULED,0,0.0
2026-10-01T03:46:56Z,1300112026-09-30,13001,2026-09-30,SCHEDULED,60,1.0
2026-10-01T03:46:56Z,1704312026-09-30,17043,2026-09-30,SCHEDULED,60,1.0
2026-10-01T03:46:56Z,1812012026-09-30,18120,2026-09-30,SCHEDULED,60,1.0
2026-10-01T03:46:56Z,1454112026-09-30,14541,2026-09-30,SCHEDULED,120,2.0
2026-10-01T03:46:56Z,1530912026-09-30,15309,2026-09-30,SCHEDULED,-60,-1.0
2026-10-01T03:46:56Z,1562012026-09-30,15620,2026-09-30,SCHEDULED,120,2.0
2026-10-01T03:46:56Z,0411422026-10-01,04114,2026-10-01,SCHEDULED,300,5.0
2026-10-01T03:46:56Z,0411412026-10-01,04114,2026-10-01,SCHEDULED,300,5.0
2026-10-01T03:46:56Z,1251212026-09-30,12512,2026-09-30,SCHEDULED,0,0.0
2026-10-01T03:46:56Z,0305212026-09-30,03052,2026-09-30,SCHEDULED,60,1.0
2026-10-01T03:46:56Z,0306242026-09-30,03062,2026-09-30,SCHEDULED,120,2.0
2026-10-01T03:46:56Z,0306232026-09-30,03062,2026-09-30,SCHEDULED,120,2.0
2026-10-01T03:46:56Z,0306212026-09-30,03062,2026-09-30,SCHEDULED,120,2.0
2026-10-01T03:46:56Z,0306222026-09-30,03062,2026-09-30,SCHEDULED,120,2.0
2026-10-01T03:46:56Z,0415422026-09-30,04154,2026-09-30,SCHEDULED,-120,-2.0
2026-10-01T03:46:56Z,0415412026-09-30,04154,2026-09-30,SCHEDULED,-120,-2.0
2026-10-01T03:46:56Z,1268412026-09-30,12684,2026-09-30,CANCELED,,
2026-10-01T03:46:56Z,1269212026-09-30,12692,2026-09-30,CANCELED,,
2026-10-01T03:46:56Z,1268912026-09-30,12689,2026-09-30,CANCELED,,
2026-10-01T03:46:56Z,1268512026-09-30,12685,2026-09-30,CANCELED,,
2026-10-01T03:46:56Z,1705012026-09-30,17050,2026-09-30,CANCELED,,
2026-10-01T03:46:56Z,0414312026-10-01,04143,2026-10-01,CANCELED,,
2026-10-01T03:51:53Z,1241112026-09-30,12411,2026-09-30,SCHEDULED,1260,21.0
2026-10-01T03:51:53Z,1770712026-09-30,17707,2026-09-30,SCHEDULED,0,0.0
2026-10-01T03:51:53Z,1300112026-09-30,13001,2026-09-30,SCHEDULED,120,2.0
2026-10-01T03:51:53Z,1704312026-09-30,17043,2026-09-30,SCHEDULED,240,4.0
2026-10-01T03:51:53Z,1454112026-09-30,14541,2026-09-30,SCHEDULED,120,2.0
2026-10-01T03:51:53Z,1806612026-09-30,18066,2026-09-30,SCHEDULED,0,0.0
2026-10-01T03:51:53Z,1500012026-09-30,15000,2026-09-30,SCHEDULED,0,0.0
2026-10-01T03:51:53Z,1812012026-09-30,18120,2026-09-30,SCHEDULED,0,0.0
2026-10-01T03:51:53Z,1812112026-09-30,18121,2026-09-30,SCHEDULED,-60,-1.0
2026-10-01T03:51:53Z,0411422026-10-01,04114,2026-10-01,SCHEDULED,300,5.0
2026-10-01T03:51:53Z,0411412026-10-01,04114,2026-10-01,SCHEDULED,300,5.0
2026-10-01T03:51:53Z,1831012026-09-30,18310,2026-09-30,SCHEDULED,-780,-13.0
2026-10-01T03:51:53Z,0305212026-09-30,03052,2026-09-30,SCHEDULED,60,1.0
2026-10-01T03:51:53Z,1891012026-09-30,18910,2026-09-30,SCHEDULED,0,0.0
2026-10-01T03:51:53Z,1530912026-09-30,15309,2026-09-30,SCHEDULED,0,0.0
2026-10-01T03:51:53Z,1562012026-09-30,15620,2026-09-30,SCHEDULED,120,2.0
2026-10-01T03:51:53Z,1251212026-09-30,12512,2026-09-30,SCHEDULED,60,1.0
2026-10-01T03:51:53Z,0306242026-09-30,03062,2026-09-30,SCHEDULED,180,3.0
2026-10-01T03:51:53Z,0306232026-09-30,03062,2026-09-30,SCHEDULED,180,3.0
2026-10-01T03:51:53Z,0306212026-09-30,03062,2026-09-30,SCHEDULED,180,3.0
2026-10-01T03:51:53Z,0306222026-09-30,03062,2026-09-30,SCHEDULED,180,3.0
2026-10-01T03:51:53Z,0415422026-09-30,04154,2026-09-30,SCHEDULED,60,1.0
2026-10-01T03:51:53Z,0415412026-09-30,04154,2026-09-30,SCHEDULED,60,1.0
2026-10-01T03:51:53Z,0807212026-09-30,08072,2026-09-30,SCHEDULED,0,0.0
2026-10-01T03:51:53Z,1268412026-09-30,12684,2026-09-30,CANCELED,,
2026-10-01T03:51:53Z,1269212026-09-30,12692,2026-09-30,CANCELED,,
2026-10-01T03:51:53Z,1268512026-09-30,12685,2026-09-30,CANCELED,,
2026-10-01T03:51:53Z,1268912026-09-30,12689,2026-09-30,CANCELED,,
2026-10-01T03:51:53Z,0414312026-10-01,04143,2026-10-01,CANCELED,,
2026-10-01T03:51:53Z,1705012026-09-30,17050,2026-09-30,CANCELED,,
2026-10-01T03:56:51Z,1704312026-09-30,17043,2026-09-30,SCHEDULED,300,5.0
2026-10-01T03:56:51Z,0415422026-09-30,04154,2026-09-30,SCHEDULED,60,1.0
2026-10-01T03:56:51Z,0415412026-09-30,04154,2026-09-30,SCHEDULED,60,1.0
2026-10-01T03:56:51Z,1806612026-09-30,18066,2026-09-30,SCHEDULED,60,1.0
2026-10-01T03:56:51Z,0506312026-10-01,05063,2026-10-01,SCHEDULED,60,1.0
2026-10-01T03:56:51Z,1812012026-09-30,18120,2026-09-30,SCHEDULED,-60,-1.0
2026-10-01T03:56:51Z,0807212026-09-30,08072,2026-09-30,SCHEDULED,-60,-1.0
2026-10-01T03:56:51Z,1500012026-09-30,15000,2026-09-30,SCHEDULED,0,0.0
2026-10-01T03:56:51Z,1241112026-09-30,12411,2026-09-30,SCHEDULED,1260,21.0
2026-10-01T03:56:51Z,1770712026-09-30,17707,2026-09-30,SCHEDULED,0,0.0
2026-10-01T03:56:51Z,1300112026-09-30,13001,2026-09-30,SCHEDULED,60,1.0
2026-10-01T03:56:51Z,1530912026-09-30,15309,2026-09-30,SCHEDULED,0,0.0
2026-10-01T03:56:51Z,1454112026-09-30,14541,2026-09-30,SCHEDULED,120,2.0
2026-10-01T03:56:51Z,1562012026-09-30,15620,2026-09-30,SCHEDULED,120,2.0
2026-10-01T03:56:51Z,1251212026-09-30,12512,2026-09-30,SCHEDULED,60,1.0
2026-10-01T03:56:51Z,0411422026-10-01,04114,2026-10-01,SCHEDULED,240,4.0
2026-10-01T03:56:51Z,0411412026-10-01,04114,2026-10-01,SCHEDULED,240,4.0
2026-10-01T03:56:51Z,1812112026-09-30,18121,2026-09-30,SCHEDULED,-60,-1.0
2026-10-01T03:56:51Z,0206312026-09-30,02063,2026-09-30,SCHEDULED,180,3.0
2026-10-01T03:56:51Z,1831012026-09-30,18310,2026-09-30,SCHEDULED,-780,-13.0
2026-10-01T03:56:51Z,0305212026-09-30,03052,2026-09-30,SCHEDULED,60,1.0
2026-10-01T03:56:51Z,1891012026-09-30,18910,2026-09-30,SCHEDULED,0,0.0
2026-10-01T03:56:51Z,0306242026-09-30,03062,2026-09-30,SCHEDULED,240,4.0
2026-10-01T03:56:51Z,0306232026-09-30,03062,2026-09-30,SCHEDULED,240,4.0
2026-10-01T03:56:51Z,0306212026-09-30,03062,2026-09-30,SCHEDULED,240,4.0
2026-10-01T03:56:51Z,0306222026-09-30,03062,2026-09-30,SCHEDULED,240,4.0
2026-10-01T03:56:51Z,0446412026-10-01,04464,2026-10-01,SCHEDULED,0,0.0
2026-10-01T03:56:51Z,1268412026-09-30,12684,2026-09-30,CANCELED,,
2026-10-01T03:56:51Z,1269212026-09-30,12692,2026-09-30,CANCELED,,
2026-10-01T03:56:51Z,1268512026-09-30,12685,2026-09-30,CANCELED,,
2026-10-01T03:56:51Z,1268912026-09-30,12689,2026-09-30,CANCELED,,
2026-10-01T03:56:51Z,0414312026-10-01,04143,2026-10-01,CANCELED,,
2026-10-01T03:56:51Z,1705012026-09-30,17050,2026-09-30,CANCELED,,
2026-10-01T04:02:27Z,0506312026-10-01,05063,2026-10-01,SCHEDULED,60,1.0
2026-10-01T04:02:27Z,1572012026-09-30,15720,2026-09-30,SCHEDULED,60,1.0
2026-10-01T04:02:27Z,0807212026-09-30,08072,2026-09-30,SCHEDULED,-180,-3.0
2026-10-01T04:02:27Z,1577212026-09-30,15772,2026-09-30,SCHEDULED,0,0.0
2026-10-01T04:02:27Z,0405612026-10-01,04056,2026-10-01,SCHEDULED,0,0.0
2026-10-01T04:02:27Z,1710612026-09-30,17106,2026-09-30,SCHEDULED,0,0.0
2026-10-01T04:02:27Z,1241112026-09-30,12411,2026-09-30,SCHEDULED,1260,21.0
2026-10-01T04:02:27Z,1770712026-09-30,17707,2026-09-30,SCHEDULED,60,1.0
2026-10-01T04:02:27Z,1300112026-09-30,13001,2026-09-30,SCHEDULED,60,1.0
2026-10-01T04:02:27Z,1704312026-09-30,17043,2026-09-30,SCHEDULED,420,7.0
2026-10-01T04:02:27Z,1304112026-09-30,13041,2026-09-30,SCHEDULED,60,1.0
2026-10-01T04:02:27Z,1807112026-09-30,18071,2026-09-30,SCHEDULED,60,1.0
2026-10-01T04:02:27Z,1454112026-09-30,14541,2026-09-30,SCHEDULED,120,2.0
2026-10-01T04:02:27Z,3586912026-09-30,35869,2026-09-30,SCHEDULED,0,0.0
2026-10-01T04:02:27Z,1500012026-09-30,15000,2026-09-30,SCHEDULED,0,0.0
2026-10-01T04:02:27Z,1891012026-09-30,18910,2026-09-30,SCHEDULED,120,2.0
2026-10-01T04:02:27Z,1505112026-09-30,15051,2026-09-30,SCHEDULED,0,0.0
2026-10-01T04:02:27Z,1530912026-09-30,15309,2026-09-30,SCHEDULED,0,0.0
2026-10-01T04:02:27Z,1562012026-09-30,15620,2026-09-30,SCHEDULED,240,4.0
2026-10-01T04:02:27Z,0411422026-10-01,04114,2026-10-01,SCHEDULED,240,4.0
2026-10-01T04:02:27Z,0411412026-10-01,04114,2026-10-01,SCHEDULED,240,4.0
2026-10-01T04:02:27Z,1251212026-09-30,12512,2026-09-30,SCHEDULED,60,1.0
2026-10-01T04:02:27Z,0206312026-09-30,02063,2026-09-30,SCHEDULED,240,4.0
2026-10-01T04:02:27Z,1806612026-09-30,18066,2026-09-30,SCHEDULED,60,1.0
2026-10-01T04:02:27Z,0305212026-09-30,03052,2026-09-30,SCHEDULED,120,2.0
2026-10-01T04:02:27Z,1812012026-09-30,18120,2026-09-30,SCHEDULED,0,0.0
2026-10-01T04:02:27Z,1812112026-09-30,18121,2026-09-30,SCHEDULED,-60,-1.0
2026-10-01T04:02:27Z,1831012026-09-30,18310,2026-09-30,SCHEDULED,0,0.0
2026-10-01T04:02:27Z,0306242026-09-30,03062,2026-09-30,SCHEDULED,180,3.0
2026-10-01T04:02:27Z,0306232026-09-30,03062,2026-09-30,SCHEDULED,180,3.0
2026-10-01T04:02:27Z,0306212026-09-30,03062,2026-09-30,SCHEDULED,180,3.0
2026-10-01T04:02:27Z,0306222026-09-30,03062,2026-09-30,SCHEDULED,180,3.0
2026-10-01T04:02:27Z,0306242026-09-30,03062,2026-09-30,SCHEDULED,180,3.0
2026-10-01T04:02:27Z,0306232026-09-30,03062,2026-09-30,SCHEDULED,180,3.0
2026-10-01T04:02:27Z,0306212026-09-30,03062,2026-09-30,SCHEDULED,180,3.0
2026-10-01T04:02:27Z,0306222026-09-30,03062,2026-09-30,SCHEDULED,180,3.0
2026-10-01T04:02:27Z,0406012026-09-30,04060,2026-09-30,SCHEDULED,0,0.0
2026-10-01T04:02:27Z,0446412026-10-01,04464,2026-10-01,SCHEDULED,120,2.0
2026-10-01T04:02:27Z,0415422026-09-30,04154,2026-09-30,SCHEDULED,60,1.0
2026-10-01T04:02:27Z,0415412026-09-30,04154,2026-09-30,SCHEDULED,60,1.0
2026-10-01T04:02:27Z,1268412026-09-30,12684,2026-09-30,CANCELED,,
2026-10-01T04:02:27Z,1269212026-09-30,12692,2026-09-30,CANCELED,,
2026-10-01T04:02:27Z,1268512026-09-30,12685,2026-09-30,CANCELED,,
2026-10-01T04:02:27Z,1268912026-09-30,12689,2026-09-30,CANCELED,,
2026-10-01T04:02:27Z,0414312026-10-01,04143,2026-10-01,CANCELED,,
2026-10-01T04:02:27Z,1705012026-09-30,17050,2026-09-30,CANCELED,,
2026-10-01T04:07:06Z,0807212026-09-30,08072,2026-09-30,SCHEDULED,-180,-3.0
2026-10-01T04:07:06Z,1505112026-09-30,15051,2026-09-30,SCHEDULED,0,0.0
2026-10-01T04:07:06Z,0906112026-09-30,09061,2026-09-30,SCHEDULED,-60,-1.0
2026-10-01T04:07:06Z,1572012026-09-30,15720,2026-09-30,SCHEDULED,60,1.0
2026-10-01T04:07:06Z,0405612026-10-01,04056,2026-10-01,SCHEDULED,0,0.0
2026-10-01T04:07:06Z,1577212026-09-30,15772,2026-09-30,SCHEDULED,-60,-1.0
2026-10-01T04:07:06Z,1241112026-09-30,12411,2026-09-30,SCHEDULED,1200,20.0
2026-10-01T04:07:06Z,1710612026-09-30,17106,2026-09-30,SCHEDULED,0,0.0
2026-10-01T04:07:06Z,1300112026-09-30,13001,2026-09-30,SCHEDULED,120,2.0
2026-10-01T04:07:06Z,1770712026-09-30,17707,2026-09-30,SCHEDULED,0,0.0
2026-10-01T04:07:06Z,1304112026-09-30,13041,2026-09-30,SCHEDULED,0,0.0
2026-10-01T04:07:06Z,1804112026-10-01,18041,2026-10-01,SCHEDULED,0,0.0
2026-10-01T04:07:06Z,1704312026-09-30,17043,2026-09-30,SCHEDULED,420,7.0
2026-10-01T04:07:06Z,1320112026-09-30,13201,2026-09-30,SCHEDULED,0,0.0
2026-10-01T04:07:06Z,1806812026-09-30,18068,2026-09-30,SCHEDULED,-60,-1.0
2026-10-01T04:07:06Z,1320212026-09-30,13202,2026-09-30,SCHEDULED,60,1.0
2026-10-01T04:07:06Z,1807112026-09-30,18071,2026-09-30,SCHEDULED,-60,-1.0
2026-10-01T04:07:06Z,1454112026-09-30,14541,2026-09-30,SCHEDULED,360,6.0
2026-10-01T04:07:06Z,1806612026-09-30,18066,2026-09-30,SCHEDULED,60,1.0
2026-10-01T04:07:06Z,1500012026-09-30,15000,2026-09-30,SCHEDULED,0,0.0
2026-10-01T04:07:06Z,1812012026-09-30,18120,2026-09-30,SCHEDULED,0,0.0
2026-10-01T04:07:06Z,1812112026-09-30,18121,2026-09-30,SCHEDULED,0,0.0
2026-10-01T04:07:06Z,0411422026-10-01,04114,2026-10-01,SCHEDULED,180,3.0
2026-10-01T04:07:06Z,0411412026-10-01,04114,2026-10-01,SCHEDULED,180,3.0
2026-10-01T04:07:06Z,1831012026-09-30,18310,2026-09-30,SCHEDULED,0,0.0
2026-10-01T04:07:06Z,0206312026-09-30,02063,2026-09-30,SCHEDULED,240,4.0
2026-10-01T04:07:06Z,3586912026-09-30,35869,2026-09-30,SCHEDULED,0,0.0
2026-10-01T04:07:06Z,0305212026-09-30,03052,2026-09-30,SCHEDULED,60,1.0
2026-10-01T04:07:06Z,1891012026-09-30,18910,2026-09-30,SCHEDULED,120,2.0
2026-10-01T04:07:06Z,1530912026-09-30,15309,2026-09-30,SCHEDULED,-60,-1.0
2026-10-01T04:07:06Z,1562012026-09-30,15620,2026-09-30,SCHEDULED,240,4.0
2026-10-01T04:07:06Z,1251212026-09-30,12512,2026-09-30,SCHEDULED,120,2.0
2026-10-01T04:07:06Z,0306242026-09-30,03062,2026-09-30,SCHEDULED,180,3.0
2026-10-01T04:07:06Z,0306232026-09-30,03062,2026-09-30,SCHEDULED,180,3.0
2026-10-01T04:07:06Z,0306212026-09-30,03062,2026-09-30,SCHEDULED,180,3.0
2026-10-01T04:07:06Z,0306222026-09-30,03062,2026-09-30,SCHEDULED,180,3.0
2026-10-01T04:07:06Z,0306242026-09-30,03062,2026-09-30,SCHEDULED,180,3.0
2026-10-01T04:07:06Z,0306232026-09-30,03062,2026-09-30,SCHEDULED,180,3.0
2026-10-01T04:07:06Z,0306212026-09-30,03062,2026-09-30,SCHEDULED,180,3.0
2026-10-01T04:07:06Z,0306222026-09-30,03062,2026-09-30,SCHEDULED,180,3.0
2026-10-01T04:07:06Z,0406012026-09-30,04060,2026-09-30,SCHEDULED,0,0.0
2026-10-01T04:07:06Z,0446412026-10-01,04464,2026-10-01,SCHEDULED,60,1.0
2026-10-01T04:07:06Z,0415422026-09-30,04154,2026-09-30,SCHEDULED,60,1.0
2026-10-01T04:07:06Z,0415412026-09-30,04154,2026-09-30,SCHEDULED,60,1.0
2026-10-01T04:07:06Z,0506312026-10-01,05063,2026-10-01,SCHEDULED,60,1.0
2026-10-01T04:07:06Z,0587112026-09-30,05871,2026-09-30,SCHEDULED,60,1.0
2026-10-01T04:07:06Z,1268412026-09-30,12684,2026-09-30,CANCELED,,
2026-10-01T04:07:06Z,1269212026-09-30,12692,2026-09-30,CANCELED,,
2026-10-01T04:07:06Z,1268512026-09-30,12685,2026-09-30,CANCELED,,
2026-10-01T04:07:06Z,1268912026-09-30,12689,2026-09-30,CANCELED,,
2026-10-01T04:07:06Z,0414312026-10-01,04143,2026-10-01,CANCELED,,
2026-10-01T04:07:06Z,1705012026-09-30,17050,2026-09-30,CANCELED,,
2026-10-01T04:11:54Z,0506312026-10-01,05063,2026-10-01,SCHEDULED,0,0.0
2026-10-01T04:11:54Z,1577212026-09-30,15772,2026-09-30,SCHEDULED,0,0.0
2026-10-01T04:11:54Z,0587112026-09-30,05871,2026-09-30,SCHEDULED,180,3.0
2026-10-01T04:11:54Z,1710612026-09-30,17106,2026-09-30,SCHEDULED,60,1.0
2026-10-01T04:11:54Z,1770712026-09-30,17707,2026-09-30,SCHEDULED,60,1.0
2026-10-01T04:11:54Z,0826112026-09-30,08261,2026-09-30,SCHEDULED,120,2.0
2026-10-01T04:11:54Z,0807212026-09-30,08072,2026-09-30,SCHEDULED,-60,-1.0
2026-10-01T04:11:54Z,1804112026-10-01,18041,2026-10-01,SCHEDULED,0,0.0
2026-10-01T04:11:54Z,0906112026-09-30,09061,2026-09-30,SCHEDULED,-60,-1.0
2026-10-01T04:11:54Z,1804612026-09-30,18046,2026-09-30,SCHEDULED,0,0.0
2026-10-01T04:11:54Z,0405612026-10-01,04056,2026-10-01,SCHEDULED,300,5.0
2026-10-01T04:11:54Z,1704312026-09-30,17043,2026-09-30,SCHEDULED,420,7.0
2026-10-01T04:11:54Z,1500012026-09-30,15000,2026-09-30,SCHEDULED,120,2.0
2026-10-01T04:11:54Z,1241112026-09-30,12411,2026-09-30,SCHEDULED,1140,19.0
2026-10-01T04:11:54Z,1300112026-09-30,13001,2026-09-30,SCHEDULED,240,4.0
2026-10-01T04:11:54Z,1505112026-09-30,15051,2026-09-30,SCHEDULED,0,0.0
2026-10-01T04:11:54Z,1304112026-09-30,13041,2026-09-30,SCHEDULED,0,0.0
2026-10-01T04:11:54Z,1572012026-09-30,15720,2026-09-30,SCHEDULED,60,1.0
2026-10-01T04:11:54Z,1831012026-09-30,18310,2026-09-30,SCHEDULED,60,1.0
2026-10-01T04:11:54Z,1320112026-09-30,13201,2026-09-30,SCHEDULED,0,0.0
2026-10-01T04:11:54Z,3586912026-09-30,35869,2026-09-30,SCHEDULED,180,3.0
2026-10-01T04:11:54Z,1320212026-09-30,13202,2026-09-30,SCHEDULED,60,1.0
2026-10-01T04:11:54Z,1891012026-09-30,18910,2026-09-30,SCHEDULED,180,3.0
2026-10-01T04:11:54Z,1530912026-09-30,15309,2026-09-30,SCHEDULED,-60,-1.0
2026-10-01T04:11:54Z,0411422026-10-01,04114,2026-10-01,SCHEDULED,180,3.0
2026-10-01T04:11:54Z,0411412026-10-01,04114,2026-10-01,SCHEDULED,180,3.0
2026-10-01T04:11:54Z,1562012026-09-30,15620,2026-09-30,SCHEDULED,240,4.0
2026-10-01T04:11:54Z,0206112026-09-30,02061,2026-09-30,SCHEDULED,120,2.0
2026-10-01T04:11:54Z,1251212026-09-30,12512,2026-09-30,SCHEDULED,120,2.0
2026-10-01T04:11:54Z,0206312026-09-30,02063,2026-09-30,SCHEDULED,360,6.0
2026-10-01T04:11:54Z,0206712026-09-30,02067,2026-09-30,SCHEDULED,0,0.0
2026-10-01T04:11:54Z,1806812026-09-30,18068,2026-09-30,SCHEDULED,-240,-4.0
2026-10-01T04:11:54Z,1807112026-09-30,18071,2026-09-30,SCHEDULED,-180,-3.0
2026-10-01T04:11:54Z,0305212026-09-30,03052,2026-09-30,SCHEDULED,60,1.0
2026-10-01T04:11:54Z,1806612026-09-30,18066,2026-09-30,SCHEDULED,120,2.0
2026-10-01T04:11:54Z,1812012026-09-30,18120,2026-09-30,SCHEDULED,0,0.0
2026-10-01T04:11:54Z,1812112026-09-30,18121,2026-09-30,SCHEDULED,0,0.0
2026-10-01T04:11:54Z,0306242026-09-30,03062,2026-09-30,SCHEDULED,180,3.0
2026-10-01T04:11:54Z,0306232026-09-30,03062,2026-09-30,SCHEDULED,180,3.0
2026-10-01T04:11:54Z,0306212026-09-30,03062,2026-09-30,SCHEDULED,180,3.0
2026-10-01T04:11:54Z,0306222026-09-30,03062,2026-09-30,SCHEDULED,180,3.0
2026-10-01T04:11:54Z,0306242026-09-30,03062,2026-09-30,SCHEDULED,180,3.0
2026-10-01T04:11:54Z,0306232026-09-30,03062,2026-09-30,SCHEDULED,180,3.0
2026-10-01T04:11:54Z,0306212026-09-30,03062,2026-09-30,SCHEDULED,180,3.0
2026-10-01T04:11:54Z,0306222026-09-30,03062,2026-09-30,SCHEDULED,180,3.0
2026-10-01T04:11:54Z,0406012026-09-30,04060,2026-09-30,SCHEDULED,0,0.0
2026-10-01T04:11:54Z,0446412026-10-01,04464,2026-10-01,SCHEDULED,0,0.0
2026-10-01T04:11:54Z,0415422026-09-30,04154,2026-09-30,SCHEDULED,0,0.0
2026-10-01T04:11:54Z,0415412026-09-30,04154,2026-09-30,SCHEDULED,0,0.0
2026-10-01T04:11:54Z,1268412026-09-30,12684,2026-09-30,CANCELED,,
2026-10-01T04:11:54Z,1269212026-09-30,12692,2026-09-30,CANCELED,,
2026-10-01T04:11:54Z,1268512026-09-30,12685,2026-09-30,CANCELED,,
2026-10-01T04:11:54Z,1268912026-09-30,12689,2026-09-30,CANCELED,,
2026-10-01T04:11:54Z,0414312026-10-01,04143,2026-10-01,CANCELED,,
2026-10-01T04:11:54Z,1705012026-09-30,17050,2026-09-30,CANCELED,,
2026-10-01T04:16:55Z,1565012026-09-30,15650,2026-09-30,SCHEDULED,-120,-2.0
2026-10-01T04:16:55Z,0587112026-09-30,05871,2026-09-30,SCHEDULED,180,3.0
2026-10-01T04:16:55Z,1572012026-09-30,15720,2026-09-30,SCHEDULED,60,1.0
2026-10-01T04:16:55Z,0826112026-09-30,08261,2026-09-30,SCHEDULED,180,3.0
2026-10-01T04:16:55Z,1577012026-09-30,15770,2026-09-30,SCHEDULED,60,1.0
2026-10-01T04:16:55Z,0807212026-09-30,08072,2026-09-30,SCHEDULED,0,0.0
2026-10-01T04:16:55Z,1577212026-09-30,15772,2026-09-30,SCHEDULED,0,0.0
2026-10-01T04:16:55Z,0906112026-09-30,09061,2026-09-30,SCHEDULED,-60,-1.0
2026-10-01T04:16:55Z,1702112026-09-30,17021,2026-09-30,SCHEDULED,120,2.0
2026-10-01T04:16:55Z,0405612026-10-01,04056,2026-10-01,SCHEDULED,120,2.0
2026-10-01T04:16:55Z,1710612026-09-30,17106,2026-09-30,SCHEDULED,0,0.0
2026-10-01T04:16:55Z,1241112026-09-30,12411,2026-09-30,SCHEDULED,1140,19.0
2026-10-01T04:16:55Z,1770712026-09-30,17707,2026-09-30,SCHEDULED,60,1.0
2026-10-01T04:16:55Z,1300112026-09-30,13001,2026-09-30,SCHEDULED,240,4.0
2026-10-01T04:16:55Z,1804112026-10-01,18041,2026-10-01,SCHEDULED,120,2.0
2026-10-01T04:16:55Z,1304112026-09-30,13041,2026-09-30,SCHEDULED,0,0.0
2026-10-01T04:16:55Z,1804612026-09-30,18046,2026-09-30,SCHEDULED,0,0.0
2026-10-01T04:16:55Z,1320112026-09-30,13201,2026-09-30,SCHEDULED,0,0.0
2026-10-01T04:16:55Z,1704312026-09-30,17043,2026-09-30,SCHEDULED,1080,18.0
2026-10-01T04:16:55Z,1320212026-09-30,13202,2026-09-30,SCHEDULED,0,0.0
2026-10-01T04:16:55Z,1831012026-09-30,18310,2026-09-30,SCHEDULED,60,1.0
2026-10-01T04:16:55Z,1500012026-09-30,15000,2026-09-30,SCHEDULED,180,3.0
2026-10-01T04:16:55Z,1877312026-09-30,18773,2026-09-30,SCHEDULED,-420,-7.0
2026-10-01T04:16:55Z,1500212026-09-30,15002,2026-09-30,SCHEDULED,0,0.0
2026-10-01T04:16:55Z,3586912026-09-30,35869,2026-09-30,SCHEDULED,180,3.0
2026-10-01T04:16:55Z,1505112026-09-30,15051,2026-09-30,SCHEDULED,-60,-1.0
2026-10-01T04:16:55Z,1891012026-09-30,18910,2026-09-30,SCHEDULED,180,3.0
2026-10-01T04:16:55Z,1530912026-09-30,15309,2026-09-30,SCHEDULED,0,0.0
2026-10-01T04:16:55Z,0411422026-10-01,04114,2026-10-01,SCHEDULED,180,3.0
2026-10-01T04:16:55Z,0411412026-10-01,04114,2026-10-01,SCHEDULED,180,3.0
2026-10-01T04:16:55Z,1562012026-09-30,15620,2026-09-30,SCHEDULED,240,4.0
2026-10-01T04:16:55Z,0206112026-09-30,02061,2026-09-30,SCHEDULED,120,2.0
2026-10-01T04:16:55Z,1251212026-09-30,12512,2026-09-30,SCHEDULED,300,5.0
2026-10-01T04:16:55Z,0206312026-09-30,02063,2026-09-30,SCHEDULED,360,6.0
2026-10-01T04:16:55Z,1808412026-09-30,18084,2026-09-30,SCHEDULED,60,1.0
2026-10-01T04:16:55Z,0206712026-09-30,02067,2026-09-30,SCHEDULED,0,0.0
2026-10-01T04:16:55Z,1806812026-09-30,18068,2026-09-30,SCHEDULED,0,0.0
2026-10-01T04:16:55Z,0207512026-10-01,02075,2026-10-01,SCHEDULED,0,0.0
2026-10-01T04:16:55Z,1807112026-09-30,18071,2026-09-30,SCHEDULED,-180,-3.0
2026-10-01T04:16:55Z,0305212026-09-30,03052,2026-09-30,SCHEDULED,60,1.0
2026-10-01T04:16:55Z,1806612026-09-30,18066,2026-09-30,SCHEDULED,0,0.0
2026-10-01T04:16:55Z,1812012026-09-30,18120,2026-09-30,SCHEDULED,0,0.0
2026-10-01T04:16:55Z,1812112026-09-30,18121,2026-09-30,SCHEDULED,-120,-2.0
2026-10-01T04:16:55Z,0306242026-09-30,03062,2026-09-30,SCHEDULED,120,2.0
2026-10-01T04:16:55Z,0306232026-09-30,03062,2026-09-30,SCHEDULED,120,2.0
2026-10-01T04:16:55Z,0306212026-09-30,03062,2026-09-30,SCHEDULED,120,2.0
2026-10-01T04:16:55Z,0306222026-09-30,03062,2026-09-30,SCHEDULED,120,2.0
2026-10-01T04:16:55Z,0306242026-09-30,03062,2026-09-30,SCHEDULED,300,5.0
2026-10-01T04:16:55Z,0306232026-09-30,03062,2026-09-30,SCHEDULED,300,5.0
2026-10-01T04:16:55Z,0306212026-09-30,03062,2026-09-30,SCHEDULED,300,5.0
2026-10-01T04:16:55Z,0306222026-09-30,03062,2026-09-30,SCHEDULED,300,5.0
2026-10-01T04:16:55Z,0406012026-09-30,04060,2026-09-30,SCHEDULED,60,1.0
2026-10-01T04:16:55Z,0446412026-10-01,04464,2026-10-01,SCHEDULED,0,0.0
2026-10-01T04:16:55Z,0415422026-09-30,04154,2026-09-30,SCHEDULED,0,0.0
2026-10-01T04:16:55Z,0415412026-09-30,04154,2026-09-30,SCHEDULED,0,0.0
2026-10-01T04:16:55Z,0506312026-10-01,05063,2026-10-01,SCHEDULED,60,1.0
2026-10-01T04:16:55Z,1269212026-09-30,12692,2026-09-30,CANCELED,,
2026-10-01T04:16:55Z,1268412026-09-30,12684,2026-09-30,CANCELED,,
2026-10-01T04:16:55Z,1268912026-09-30,12689,2026-09-30,CANCELED,,
2026-10-01T04:16:55Z,1268512026-09-30,12685,2026-09-30,CANCELED,,
2026-10-01T04:16:55Z,1705012026-09-30,17050,2026-09-30,CANCELED,,
2026-10-01T04:16:55Z,0414312026-10-01,04143,2026-10-01,CANCELED,,
2026-10-01T04:21:59Z,0826112026-09-30,08261,2026-09-30,SCHEDULED,180,3.0
2026-10-01T04:21:59Z,1565012026-09-30,15650,2026-09-30,SCHEDULED,-60,-1.0
2026-10-01T04:21:59Z,0807212026-09-30,08072,2026-09-30,SCHEDULED,0,0.0
2026-10-01T04:21:59Z,1572012026-09-30,15720,2026-09-30,SCHEDULED,660,11.0
2026-10-01T04:21:59Z,0906112026-09-30,09061,2026-09-30,SCHEDULED,-180,-3.0
2026-10-01T04:21:59Z,1577012026-09-30,15770,2026-09-30,SCHEDULED,60,1.0
2026-10-01T04:21:59Z,0405612026-10-01,04056,2026-10-01,SCHEDULED,-60,-1.0
2026-10-01T04:21:59Z,1577212026-09-30,15772,2026-09-30,SCHEDULED,0,0.0
2026-10-01T04:21:59Z,1241112026-09-30,12411,2026-09-30,SCHEDULED,1260,21.0
2026-10-01T04:21:59Z,1590012026-09-30,15900,2026-09-30,SCHEDULED,60,1.0
2026-10-01T04:21:59Z,1261112026-09-30,12611,2026-09-30,SCHEDULED,60,1.0
2026-10-01T04:21:59Z,1702112026-09-30,17021,2026-09-30,SCHEDULED,240,4.0
2026-10-01T04:21:59Z,1300112026-09-30,13001,2026-09-30,SCHEDULED,240,4.0
2026-10-01T04:21:59Z,1710612026-09-30,17106,2026-09-30,SCHEDULED,0,0.0
2026-10-01T04:21:59Z,1304112026-09-30,13041,2026-09-30,SCHEDULED,-180,-3.0
2026-10-01T04:21:59Z,1770712026-09-30,17707,2026-09-30,SCHEDULED,60,1.0
2026-10-01T04:21:59Z,1320112026-09-30,13201,2026-09-30,SCHEDULED,-60,-1.0
2026-10-01T04:21:59Z,1804112026-10-01,18041,2026-10-01,SCHEDULED,120,2.0
2026-10-01T04:21:59Z,1320212026-09-30,13202,2026-09-30,SCHEDULED,60,1.0
2026-10-01T04:21:59Z,1804612026-09-30,18046,2026-09-30,SCHEDULED,120,2.0
2026-10-01T04:21:59Z,1500012026-09-30,15000,2026-09-30,SCHEDULED,180,3.0
2026-10-01T04:21:59Z,1704312026-09-30,17043,2026-09-30,SCHEDULED,1260,21.0
2026-10-01T04:21:59Z,1500212026-09-30,15002,2026-09-30,SCHEDULED,0,0.0
2026-10-01T04:21:59Z,1808412026-09-30,18084,2026-09-30,SCHEDULED,60,1.0
2026-10-01T04:21:59Z,1505112026-09-30,15051,2026-09-30,SCHEDULED,0,0.0
2026-10-01T04:21:59Z,1806812026-09-30,18068,2026-09-30,SCHEDULED,0,0.0
2026-10-01T04:21:59Z,1807112026-09-30,18071,2026-09-30,SCHEDULED,-60,-1.0
2026-10-01T04:21:59Z,0411422026-10-01,04114,2026-10-01,SCHEDULED,300,5.0
2026-10-01T04:21:59Z,0411412026-10-01,04114,2026-10-01,SCHEDULED,300,5.0
2026-10-01T04:21:59Z,1807212026-09-30,18072,2026-09-30,SCHEDULED,0,0.0
2026-10-01T04:21:59Z,0206112026-09-30,02061,2026-09-30,SCHEDULED,120,2.0
2026-10-01T04:21:59Z,1806612026-09-30,18066,2026-09-30,SCHEDULED,120,2.0
2026-10-01T04:21:59Z,0206312026-09-30,02063,2026-09-30,SCHEDULED,360,6.0
2026-10-01T04:21:59Z,1812012026-09-30,18120,2026-09-30,SCHEDULED,0,0.0
2026-10-01T04:21:59Z,0206712026-09-30,02067,2026-09-30,SCHEDULED,0,0.0
2026-10-01T04:21:59Z,1812112026-09-30,18121,2026-09-30,SCHEDULED,-120,-2.0
2026-10-01T04:21:59Z,0207512026-10-01,02075,2026-10-01,SCHEDULED,0,0.0
2026-10-01T04:21:59Z,1831012026-09-30,18310,2026-09-30,SCHEDULED,-120,-2.0
2026-10-01T04:21:59Z,0305212026-09-30,03052,2026-09-30,SCHEDULED,180,3.0
2026-10-01T04:21:59Z,1877312026-09-30,18773,2026-09-30,SCHEDULED,0,0.0
2026-10-01T04:21:59Z,3586912026-09-30,35869,2026-09-30,SCHEDULED,180,3.0
2026-10-01T04:21:59Z,0330112026-09-30,03301,2026-09-30,SCHEDULED,0,0.0
2026-10-01T04:21:59Z,1891012026-09-30,18910,2026-09-30,SCHEDULED,180,3.0
2026-10-01T04:21:59Z,1443312026-09-30,14433,2026-09-30,SCHEDULED,60,1.0
2026-10-01T04:21:59Z,1530912026-09-30,15309,2026-09-30,SCHEDULED,0,0.0
2026-10-01T04:21:59Z,1503112026-09-30,15031,2026-09-30,SCHEDULED,120,2.0
2026-10-01T04:21:59Z,0306242026-09-30,03062,2026-09-30,SCHEDULED,120,2.0
2026-10-01T04:21:59Z,0306232026-09-30,03062,2026-09-30,SCHEDULED,120,2.0
2026-10-01T04:21:59Z,0306212026-09-30,03062,2026-09-30,SCHEDULED,120,2.0
2026-10-01T04:21:59Z,0306222026-09-30,03062,2026-09-30,SCHEDULED,120,2.0
2026-10-01T04:21:59Z,1447012026-09-30,14470,2026-09-30,SCHEDULED,0,0.0
2026-10-01T04:21:59Z,1562012026-09-30,15620,2026-09-30,SCHEDULED,240,4.0
2026-10-01T04:21:59Z,1562112026-09-30,15621,2026-09-30,SCHEDULED,300,5.0
2026-10-01T04:21:59Z,0306242026-09-30,03062,2026-09-30,SCHEDULED,300,5.0
2026-10-01T04:21:59Z,0306232026-09-30,03062,2026-09-30,SCHEDULED,300,5.0
2026-10-01T04:21:59Z,0306212026-09-30,03062,2026-09-30,SCHEDULED,300,5.0
2026-10-01T04:21:59Z,0306222026-09-30,03062,2026-09-30,SCHEDULED,300,5.0
2026-10-01T04:21:59Z,1563012026-09-30,15630,2026-09-30,SCHEDULED,0,0.0
2026-10-01T04:21:59Z,0406012026-09-30,04060,2026-09-30,SCHEDULED,120,2.0
2026-10-01T04:21:59Z,1251212026-09-30,12512,2026-09-30,SCHEDULED,300,5.0
2026-10-01T04:21:59Z,0446412026-10-01,04464,2026-10-01,SCHEDULED,0,0.0
2026-10-01T04:21:59Z,0415422026-09-30,04154,2026-09-30,SCHEDULED,0,0.0
2026-10-01T04:21:59Z,0415412026-09-30,04154,2026-09-30,SCHEDULED,0,0.0
2026-10-01T04:21:59Z,0506312026-10-01,05063,2026-10-01,SCHEDULED,60,1.0
2026-10-01T04:21:59Z,0566812026-09-30,05668,2026-09-30,SCHEDULED,60,1.0
2026-10-01T04:21:59Z,0587112026-09-30,05871,2026-09-30,SCHEDULED,180,3.0
2026-10-01T04:21:59Z,1268412026-09-30,12684,2026-09-30,CANCELED,,
2026-10-01T04:21:59Z,1269212026-09-30,12692,2026-09-30,CANCELED,,
2026-10-01T04:21:59Z,1268512026-09-30,12685,2026-09-30,CANCELED,,
2026-10-01T04:21:59Z,1268912026-09-30,12689,2026-09-30,CANCELED,,
2026-10-01T04:21:59Z,0414312026-10-01,04143,2026-10-01,CANCELED,,
2026-10-01T04:21:59Z,1705012026-09-30,17050,2026-09-30,CANCELED,,
2026-10-01T04:26:53Z,0587112026-09-30,05871,2026-09-30,SCHEDULED,180,3.0
2026-10-01T04:26:53Z,1702112026-09-30,17021,2026-09-30,SCHEDULED,300,5.0
2026-10-01T04:26:53Z,0805812026-09-30,08058,2026-09-30,SCHEDULED,0,0.0
2026-10-01T04:26:53Z,1703012026-09-30,17030,2026-09-30,SCHEDULED,60,1.0
2026-10-01T04:26:53Z,0807512026-09-30,08075,2026-09-30,SCHEDULED,120,2.0
2026-10-01T04:26:53Z,1710612026-09-30,17106,2026-09-30,SCHEDULED,0,0.0
2026-10-01T04:26:53Z,0826112026-09-30,08261,2026-09-30,SCHEDULED,240,4.0
2026-10-01T04:26:53Z,1770312026-09-30,17703,2026-09-30,SCHEDULED,0,0.0
2026-10-01T04:26:53Z,0847512026-09-30,08475,2026-09-30,SCHEDULED,60,1.0
2026-10-01T04:26:53Z,1770712026-09-30,17707,2026-09-30,SCHEDULED,60,1.0
2026-10-01T04:26:53Z,0865412026-09-30,08654,2026-09-30,SCHEDULED,120,2.0
2026-10-01T04:26:53Z,1780612026-09-30,17806,2026-09-30,SCHEDULED,0,0.0
2026-10-01T04:26:53Z,0807212026-09-30,08072,2026-09-30,SCHEDULED,0,0.0
2026-10-01T04:26:53Z,1804112026-10-01,18041,2026-10-01,SCHEDULED,60,1.0
2026-10-01T04:26:53Z,0906112026-09-30,09061,2026-09-30,SCHEDULED,-180,-3.0
2026-10-01T04:26:53Z,1804612026-09-30,18046,2026-09-30,SCHEDULED,120,2.0
2026-10-01T04:26:53Z,0405612026-10-01,04056,2026-10-01,SCHEDULED,-60,-1.0
2026-10-01T04:26:53Z,1704312026-09-30,17043,2026-09-30,SCHEDULED,1260,21.0
2026-10-01T04:26:53Z,1241112026-09-30,12411,2026-09-30,SCHEDULED,1260,21.0
2026-10-01T04:26:53Z,1505112026-09-30,15051,2026-09-30,SCHEDULED,0,0.0
2026-10-01T04:26:53Z,1261112026-09-30,12611,2026-09-30,SCHEDULED,60,1.0
2026-10-01T04:26:53Z,1565012026-09-30,15650,2026-09-30,SCHEDULED,-60,-1.0
2026-10-01T04:26:53Z,1300112026-09-30,13001,2026-09-30,SCHEDULED,300,5.0
2026-10-01T04:26:53Z,1572012026-09-30,15720,2026-09-30,SCHEDULED,660,11.0
2026-10-01T04:26:53Z,1304112026-09-30,13041,2026-09-30,SCHEDULED,-180,-3.0
2026-10-01T04:26:53Z,1575112026-09-30,15751,2026-09-30,SCHEDULED,0,0.0
2026-10-01T04:26:53Z,1305112026-09-30,13051,2026-09-30,SCHEDULED,60,1.0
2026-10-01T04:26:53Z,1577012026-09-30,15770,2026-09-30,SCHEDULED,0,0.0
2026-10-01T04:26:53Z,1320112026-09-30,13201,2026-09-30,SCHEDULED,0,0.0
2026-10-01T04:26:53Z,1577212026-09-30,15772,2026-09-30,SCHEDULED,60,1.0
2026-10-01T04:26:53Z,1320212026-09-30,13202,2026-09-30,SCHEDULED,180,3.0
2026-10-01T04:26:53Z,1590012026-09-30,15900,2026-09-30,SCHEDULED,60,1.0
2026-10-01T04:26:53Z,1500012026-09-30,15000,2026-09-30,SCHEDULED,240,4.0
2026-10-01T04:26:53Z,1891012026-09-30,18910,2026-09-30,SCHEDULED,180,3.0
2026-10-01T04:26:53Z,1500212026-09-30,15002,2026-09-30,SCHEDULED,0,0.0
2026-10-01T04:26:53Z,1443312026-09-30,14433,2026-09-30,SCHEDULED,0,0.0
2026-10-01T04:26:53Z,1530912026-09-30,15309,2026-09-30,SCHEDULED,0,0.0
2026-10-01T04:26:53Z,0411422026-10-01,04114,2026-10-01,SCHEDULED,300,5.0
2026-10-01T04:26:53Z,0411412026-10-01,04114,2026-10-01,SCHEDULED,300,5.0
2026-10-01T04:26:53Z,1503112026-09-30,15031,2026-09-30,SCHEDULED,120,2.0
2026-10-01T04:26:53Z,0206112026-09-30,02061,2026-09-30,SCHEDULED,120,2.0
2026-10-01T04:26:53Z,1447012026-09-30,14470,2026-09-30,SCHEDULED,0,0.0
2026-10-01T04:26:53Z,0206312026-09-30,02063,2026-09-30,SCHEDULED,180,3.0
2026-10-01T04:26:53Z,1562012026-09-30,15620,2026-09-30,SCHEDULED,240,4.0
2026-10-01T04:26:53Z,0206712026-09-30,02067,2026-09-30,SCHEDULED,0,0.0
2026-10-01T04:26:53Z,0207512026-10-01,02075,2026-10-01,SCHEDULED,60,1.0
2026-10-01T04:26:53Z,1562112026-09-30,15621,2026-09-30,SCHEDULED,300,5.0
2026-10-01T04:26:53Z,0305212026-09-30,03052,2026-09-30,SCHEDULED,180,3.0
2026-10-01T04:26:53Z,1563012026-09-30,15630,2026-09-30,SCHEDULED,0,0.0
2026-10-01T04:26:53Z,0306012026-09-30,03060,2026-09-30,SCHEDULED,60,1.0
2026-10-01T04:26:53Z,1251212026-09-30,12512,2026-09-30,SCHEDULED,480,8.0
2026-10-01T04:26:53Z,0330112026-09-30,03301,2026-09-30,SCHEDULED,0,0.0
2026-10-01T04:26:53Z,1806812026-09-30,18068,2026-09-30,SCHEDULED,-60,-1.0
2026-10-01T04:26:53Z,1807112026-09-30,18071,2026-09-30,SCHEDULED,0,0.0
2026-10-01T04:26:53Z,1807212026-09-30,18072,2026-09-30,SCHEDULED,0,0.0
2026-10-01T04:26:53Z,1806612026-09-30,18066,2026-09-30,SCHEDULED,0,0.0
2026-10-01T04:26:53Z,1812012026-09-30,18120,2026-09-30,SCHEDULED,-120,-2.0
2026-10-01T04:26:53Z,0306242026-09-30,03062,2026-09-30,SCHEDULED,120,2.0
2026-10-01T04:26:53Z,0306232026-09-30,03062,2026-09-30,SCHEDULED,120,2.0
2026-10-01T04:26:53Z,0306212026-09-30,03062,2026-09-30,SCHEDULED,120,2.0
2026-10-01T04:26:53Z,0306222026-09-30,03062,2026-09-30,SCHEDULED,120,2.0
2026-10-01T04:26:53Z,1812112026-09-30,18121,2026-09-30,SCHEDULED,-60,-1.0
2026-10-01T04:26:53Z,1831012026-09-30,18310,2026-09-30,SCHEDULED,0,0.0
2026-10-01T04:26:53Z,1877312026-09-30,18773,2026-09-30,SCHEDULED,0,0.0
2026-10-01T04:26:53Z,3586912026-09-30,35869,2026-09-30,SCHEDULED,180,3.0
2026-10-01T04:26:53Z,0306242026-09-30,03062,2026-09-30,SCHEDULED,300,5.0
2026-10-01T04:26:53Z,0306232026-09-30,03062,2026-09-30,SCHEDULED,300,5.0
2026-10-01T04:26:53Z,0306212026-09-30,03062,2026-09-30,SCHEDULED,300,5.0
2026-10-01T04:26:53Z,0306222026-09-30,03062,2026-09-30,SCHEDULED,300,5.0
2026-10-01T04:26:53Z,0366222026-09-30,03662,2026-09-30,SCHEDULED,60,1.0
2026-10-01T04:26:53Z,0366212026-09-30,03662,2026-09-30,SCHEDULED,60,1.0
2026-10-01T04:26:53Z,0406012026-09-30,04060,2026-09-30,SCHEDULED,60,1.0
2026-10-01T04:26:53Z,0408822026-10-01,04088,2026-10-01,SCHEDULED,0,0.0
2026-10-01T04:26:53Z,0446412026-10-01,04464,2026-10-01,SCHEDULED,60,1.0
2026-10-01T04:26:53Z,0415422026-09-30,04154,2026-09-30,SCHEDULED,-60,-1.0
2026-10-01T04:26:53Z,0415412026-09-30,04154,2026-09-30,SCHEDULED,-60,-1.0
2026-10-01T04:26:53Z,0506312026-10-01,05063,2026-10-01,SCHEDULED,60,1.0
2026-10-01T04:26:53Z,0566812026-09-30,05668,2026-09-30,SCHEDULED,60,1.0
2026-10-01T04:26:53Z,1269212026-09-30,12692,2026-09-30,CANCELED,,
2026-10-01T04:26:53Z,1268412026-09-30,12684,2026-09-30,CANCELED,,
2026-10-01T04:26:53Z,1268912026-09-30,12689,2026-09-30,CANCELED,,
2026-10-01T04:26:53Z,1268512026-09-30,12685,2026-09-30,CANCELED,,
2026-10-01T04:26:53Z,1705012026-09-30,17050,2026-09-30,CANCELED,,
2026-10-01T04:26:53Z,0414312026-10-01,04143,2026-10-01,CANCELED,,
2026-10-01T04:32:05Z,1500012026-09-30,15000,2026-09-30,SCHEDULED,300,5.0
2026-10-01T04:32:05Z,1500212026-09-30,15002,2026-09-30,SCHEDULED,0,0.0
2026-10-01T04:32:05Z,0576312026-09-30,05763,2026-09-30,SCHEDULED,120,2.0
2026-10-01T04:32:05Z,0576322026-09-30,05763,2026-09-30,SCHEDULED,120,2.0
2026-10-01T04:32:05Z,0576332026-09-30,05763,2026-09-30,SCHEDULED,120,2.0
2026-10-01T04:32:05Z,1505112026-09-30,15051,2026-09-30,SCHEDULED,-120,-2.0
2026-10-01T04:32:05Z,1564612026-09-30,15646,2026-09-30,SCHEDULED,180,3.0
2026-10-01T04:32:05Z,0587112026-09-30,05871,2026-09-30,SCHEDULED,360,6.0
2026-10-01T04:32:05Z,0805812026-09-30,08058,2026-09-30,SCHEDULED,0,0.0
2026-10-01T04:32:05Z,1565012026-09-30,15650,2026-09-30,SCHEDULED,0,0.0
2026-10-01T04:32:05Z,1572012026-09-30,15720,2026-09-30,SCHEDULED,720,12.0
2026-10-01T04:32:05Z,0806312026-09-30,08063,2026-09-30,SCHEDULED,180,3.0
2026-10-01T04:32:05Z,1575112026-09-30,15751,2026-09-30,SCHEDULED,0,0.0
2026-10-01T04:32:05Z,0807512026-09-30,08075,2026-09-30,SCHEDULED,60,1.0
2026-10-01T04:32:05Z,1577012026-09-30,15770,2026-09-30,SCHEDULED,120,2.0
2026-10-01T04:32:05Z,0826012026-09-30,08260,2026-09-30,SCHEDULED,0,0.0
2026-10-01T04:32:05Z,1577212026-09-30,15772,2026-09-30,SCHEDULED,60,1.0
2026-10-01T04:32:05Z,0826112026-09-30,08261,2026-09-30,SCHEDULED,300,5.0
2026-10-01T04:32:05Z,1590012026-09-30,15900,2026-09-30,SCHEDULED,300,5.0
2026-10-01T04:32:05Z,0847512026-09-30,08475,2026-09-30,SCHEDULED,60,1.0
2026-10-01T04:32:05Z,1702112026-09-30,17021,2026-09-30,SCHEDULED,300,5.0
2026-10-01T04:32:05Z,0865412026-09-30,08654,2026-09-30,SCHEDULED,60,1.0
2026-10-01T04:32:05Z,1703012026-09-30,17030,2026-09-30,SCHEDULED,120,2.0
2026-10-01T04:32:05Z,0807212026-09-30,08072,2026-09-30,SCHEDULED,0,0.0
2026-10-01T04:32:05Z,1710612026-09-30,17106,2026-09-30,SCHEDULED,0,0.0
2026-10-01T04:32:05Z,0906112026-09-30,09061,2026-09-30,SCHEDULED,-180,-3.0
2026-10-01T04:32:05Z,1750312026-09-30,17503,2026-09-30,SCHEDULED,-60,-1.0
2026-10-01T04:32:05Z,0405612026-10-01,04056,2026-10-01,SCHEDULED,-180,-3.0
2026-10-01T04:32:05Z,1770312026-09-30,17703,2026-09-30,SCHEDULED,0,0.0
2026-10-01T04:32:05Z,1770712026-09-30,17707,2026-09-30,SCHEDULED,120,2.0
2026-10-01T04:32:05Z,1780612026-09-30,17806,2026-09-30,SCHEDULED,0,0.0
2026-10-01T04:32:05Z,0029122026-10-01,00291,2026-10-01,SCHEDULED,0,0.0
2026-10-01T04:32:05Z,0029112026-10-01,00291,2026-10-01,SCHEDULED,0,0.0
2026-10-01T04:32:05Z,1804112026-10-01,18041,2026-10-01,SCHEDULED,60,1.0
2026-10-01T04:32:05Z,1241112026-09-30,12411,2026-09-30,SCHEDULED,1020,17.0
2026-10-01T04:32:05Z,1877312026-09-30,18773,2026-09-30,SCHEDULED,60,1.0
2026-10-01T04:32:05Z,1261112026-09-30,12611,2026-09-30,SCHEDULED,-60,-1.0
2026-10-01T04:32:05Z,3586912026-09-30,35869,2026-09-30,SCHEDULED,180,3.0
2026-10-01T04:32:05Z,1300112026-09-30,13001,2026-09-30,SCHEDULED,360,6.0
2026-10-01T04:32:05Z,1891012026-09-30,18910,2026-09-30,SCHEDULED,240,4.0
2026-10-01T04:32:05Z,1304112026-09-30,13041,2026-09-30,SCHEDULED,-300,-5.0
2026-10-01T04:32:05Z,1443312026-09-30,14433,2026-09-30,SCHEDULED,60,1.0
2026-10-01T04:32:05Z,1305112026-09-30,13051,2026-09-30,SCHEDULED,60,1.0
2026-10-01T04:32:05Z,1530912026-09-30,15309,2026-09-30,SCHEDULED,120,2.0
2026-10-01T04:32:05Z,1395112026-09-30,13951,2026-09-30,SCHEDULED,60,1.0
2026-10-01T04:32:05Z,1503112026-09-30,15031,2026-09-30,SCHEDULED,180,3.0
2026-10-01T04:32:05Z,1320112026-09-30,13201,2026-09-30,SCHEDULED,0,0.0
2026-10-01T04:32:05Z,1447012026-09-30,14470,2026-09-30,SCHEDULED,0,0.0
2026-10-01T04:32:05Z,1320212026-09-30,13202,2026-09-30,SCHEDULED,120,2.0
2026-10-01T04:32:05Z,1562012026-09-30,15620,2026-09-30,SCHEDULED,240,4.0
2026-10-01T04:32:05Z,1562112026-09-30,15621,2026-09-30,SCHEDULED,300,5.0
2026-10-01T04:32:05Z,0411422026-10-01,04114,2026-10-01,SCHEDULED,300,5.0
2026-10-01T04:32:05Z,0411412026-10-01,04114,2026-10-01,SCHEDULED,300,5.0
2026-10-01T04:32:05Z,1563012026-09-30,15630,2026-09-30,SCHEDULED,0,0.0
2026-10-01T04:32:05Z,0075222026-10-01,00752,2026-10-01,SCHEDULED,0,0.0
2026-10-01T04:32:05Z,0075212026-10-01,00752,2026-10-01,SCHEDULED,0,0.0
2026-10-01T04:32:05Z,1251212026-09-30,12512,2026-09-30,SCHEDULED,480,8.0
2026-10-01T04:32:05Z,0206112026-09-30,02061,2026-09-30,SCHEDULED,120,2.0
2026-10-01T04:32:05Z,1804612026-09-30,18046,2026-09-30,SCHEDULED,180,3.0
2026-10-01T04:32:05Z,0206312026-09-30,02063,2026-09-30,SCHEDULED,240,4.0
2026-10-01T04:32:05Z,1704312026-09-30,17043,2026-09-30,SCHEDULED,1260,21.0
2026-10-01T04:32:05Z,1805412026-09-30,18054,2026-09-30,SCHEDULED,60,1.0
2026-10-01T04:32:05Z,0206712026-09-30,02067,2026-09-30,SCHEDULED,-60,-1.0
2026-10-01T04:32:05Z,0207512026-10-01,02075,2026-10-01,SCHEDULED,120,2.0
2026-10-01T04:32:05Z,1806812026-09-30,18068,2026-09-30,SCHEDULED,-60,-1.0
2026-10-01T04:32:05Z,1807112026-09-30,18071,2026-09-30,SCHEDULED,120,2.0
2026-10-01T04:32:05Z,0305212026-09-30,03052,2026-09-30,SCHEDULED,240,4.0
2026-10-01T04:32:05Z,1807212026-09-30,18072,2026-09-30,SCHEDULED,0,0.0
2026-10-01T04:32:05Z,0306012026-09-30,03060,2026-09-30,SCHEDULED,60,1.0
2026-10-01T04:32:05Z,1806612026-09-30,18066,2026-09-30,SCHEDULED,0,0.0
2026-10-01T04:32:05Z,0330112026-09-30,03301,2026-09-30,SCHEDULED,0,0.0
2026-10-01T04:32:05Z,1812012026-09-30,18120,2026-09-30,SCHEDULED,-120,-2.0
2026-10-01T04:32:05Z,1812112026-09-30,18121,2026-09-30,SCHEDULED,-60,-1.0
2026-10-01T04:32:05Z,1831012026-09-30,18310,2026-09-30,SCHEDULED,-60,-1.0
2026-10-01T04:32:05Z,0306242026-09-30,03062,2026-09-30,SCHEDULED,120,2.0
2026-10-01T04:32:05Z,0306232026-09-30,03062,2026-09-30,SCHEDULED,120,2.0
2026-10-01T04:32:05Z,0306212026-09-30,03062,2026-09-30,SCHEDULED,120,2.0
2026-10-01T04:32:05Z,0306222026-09-30,03062,2026-09-30,SCHEDULED,120,2.0
2026-10-01T04:32:05Z,0306312026-09-30,03063,2026-09-30,SCHEDULED,0,0.0
2026-10-01T04:32:05Z,0306322026-09-30,03063,2026-09-30,SCHEDULED,0,0.0
2026-10-01T04:32:05Z,0306332026-09-30,03063,2026-09-30,SCHEDULED,0,0.0
2026-10-01T04:32:05Z,0306242026-09-30,03062,2026-09-30,SCHEDULED,300,5.0
2026-10-01T04:32:05Z,0306232026-09-30,03062,2026-09-30,SCHEDULED,300,5.0
2026-10-01T04:32:05Z,0306212026-09-30,03062,2026-09-30,SCHEDULED,300,5.0
2026-10-01T04:32:05Z,0306222026-09-30,03062,2026-09-30,SCHEDULED,300,5.0
2026-10-01T04:32:05Z,0366222026-09-30,03662,2026-09-30,SCHEDULED,60,1.0
2026-10-01T04:32:05Z,0366212026-09-30,03662,2026-09-30,SCHEDULED,60,1.0
2026-10-01T04:32:05Z,0406012026-09-30,04060,2026-09-30,SCHEDULED,0,0.0
2026-10-01T04:32:05Z,0408822026-10-01,04088,2026-10-01,SCHEDULED,0,0.0
2026-10-01T04:32:05Z,0446412026-10-01,04464,2026-10-01,SCHEDULED,60,1.0
2026-10-01T04:32:05Z,0415422026-09-30,04154,2026-09-30,SCHEDULED,180,3.0
2026-10-01T04:32:05Z,0415412026-09-30,04154,2026-09-30,SCHEDULED,180,3.0
2026-10-01T04:32:05Z,0486822026-10-01,04868,2026-10-01,SCHEDULED,60,1.0
2026-10-01T04:32:05Z,0486812026-10-01,04868,2026-10-01,SCHEDULED,60,1.0
2026-10-01T04:32:05Z,0506312026-10-01,05063,2026-10-01,SCHEDULED,-60,-1.0
2026-10-01T04:32:05Z,0566812026-09-30,05668,2026-09-30,SCHEDULED,60,1.0
2026-10-01T04:32:05Z,1269212026-09-30,12692,2026-09-30,CANCELED,,
2026-10-01T04:32:05Z,1268412026-09-30,12684,2026-09-30,CANCELED,,
2026-10-01T04:32:05Z,1268912026-09-30,12689,2026-09-30,CANCELED,,
2026-10-01T04:32:05Z,1268512026-09-30,12685,2026-09-30,CANCELED,,
2026-10-01T04:32:05Z,1705012026-09-30,17050,2026-09-30,CANCELED,,
2026-10-01T04:32:05Z,0414312026-10-01,04143,2026-10-01,CANCELED,,
2026-10-01T04:36:49Z,0506312026-10-01,05063,2026-10-01,SCHEDULED,-60,-1.0
2026-10-01T04:36:49Z,1320112026-09-30,13201,2026-09-30,SCHEDULED,60,1.0
2026-10-01T04:36:49Z,1320212026-09-30,13202,2026-09-30,SCHEDULED,120,2.0
2026-10-01T04:36:49Z,0506422026-09-30,05064,2026-09-30,SCHEDULED,300,5.0
2026-10-01T04:36:49Z,0506412026-09-30,05064,2026-09-30,SCHEDULED,300,5.0
2026-10-01T04:36:49Z,1500012026-09-30,15000,2026-09-30,SCHEDULED,300,5.0
2026-10-01T04:36:49Z,0566812026-09-30,05668,2026-09-30,SCHEDULED,60,1.0
2026-10-01T04:36:49Z,1500212026-09-30,15002,2026-09-30,SCHEDULED,480,8.0
2026-10-01T04:36:49Z,1505112026-09-30,15051,2026-09-30,SCHEDULED,0,0.0
2026-10-01T04:36:49Z,1564612026-09-30,15646,2026-09-30,SCHEDULED,240,4.0
2026-10-01T04:36:49Z,0576312026-09-30,05763,2026-09-30,SCHEDULED,120,2.0
2026-10-01T04:36:49Z,0576322026-09-30,05763,2026-09-30,SCHEDULED,120,2.0
2026-10-01T04:36:49Z,0576332026-09-30,05763,2026-09-30,SCHEDULED,120,2.0
2026-10-01T04:36:49Z,1565012026-09-30,15650,2026-09-30,SCHEDULED,60,1.0
2026-10-01T04:36:49Z,0587112026-09-30,05871,2026-09-30,SCHEDULED,360,6.0
2026-10-01T04:36:49Z,1572012026-09-30,15720,2026-09-30,SCHEDULED,780,13.0
2026-10-01T04:36:49Z,0805812026-09-30,08058,2026-09-30,SCHEDULED,0,0.0
2026-10-01T04:36:49Z,1575112026-09-30,15751,2026-09-30,SCHEDULED,0,0.0
2026-10-01T04:36:49Z,0806312026-09-30,08063,2026-09-30,SCHEDULED,300,5.0
2026-10-01T04:36:49Z,1577012026-09-30,15770,2026-09-30,SCHEDULED,120,2.0
2026-10-01T04:36:49Z,0807512026-09-30,08075,2026-09-30,SCHEDULED,60,1.0
2026-10-01T04:36:49Z,1577212026-09-30,15772,2026-09-30,SCHEDULED,60,1.0
2026-10-01T04:36:49Z,0826012026-09-30,08260,2026-09-30,SCHEDULED,60,1.0
2026-10-01T04:36:49Z,1590012026-09-30,15900,2026-09-30,SCHEDULED,240,4.0
2026-10-01T04:36:49Z,0826112026-09-30,08261,2026-09-30,SCHEDULED,240,4.0
2026-10-01T04:36:49Z,1702112026-09-30,17021,2026-09-30,SCHEDULED,300,5.0
2026-10-01T04:36:49Z,0847512026-09-30,08475,2026-09-30,SCHEDULED,-60,-1.0
2026-10-01T04:36:49Z,1703012026-09-30,17030,2026-09-30,SCHEDULED,60,1.0
2026-10-01T04:36:49Z,0865412026-09-30,08654,2026-09-30,SCHEDULED,-180,-3.0
2026-10-01T04:36:49Z,1710612026-09-30,17106,2026-09-30,SCHEDULED,-120,-2.0
2026-10-01T04:36:49Z,0807212026-09-30,08072,2026-09-30,SCHEDULED,0,0.0
2026-10-01T04:36:49Z,1710012026-09-30,17100,2026-09-30,SCHEDULED,60,1.0
2026-10-01T04:36:49Z,0906112026-09-30,09061,2026-09-30,SCHEDULED,0,0.0
2026-10-01T04:36:49Z,1750312026-09-30,17503,2026-09-30,SCHEDULED,-60,-1.0
2026-10-01T04:36:49Z,0405612026-10-01,04056,2026-10-01,SCHEDULED,-60,-1.0
2026-10-01T04:36:49Z,1770312026-09-30,17703,2026-09-30,SCHEDULED,0,0.0
2026-10-01T04:36:49Z,1770712026-09-30,17707,2026-09-30,SCHEDULED,120,2.0
2026-10-01T04:36:49Z,0029122026-10-01,00291,2026-10-01,SCHEDULED,60,1.0
2026-10-01T04:36:49Z,0029112026-10-01,00291,2026-10-01,SCHEDULED,60,1.0
2026-10-01T04:36:49Z,1780612026-09-30,17806,2026-09-30,SCHEDULED,0,0.0
2026-10-01T04:36:49Z,1241112026-09-30,12411,2026-09-30,SCHEDULED,1020,17.0
2026-10-01T04:36:49Z,1877312026-09-30,18773,2026-09-30,SCHEDULED,60,1.0
2026-10-01T04:36:49Z,1261112026-09-30,12611,2026-09-30,SCHEDULED,-60,-1.0
2026-10-01T04:36:49Z,3586912026-09-30,35869,2026-09-30,SCHEDULED,240,4.0
2026-10-01T04:36:49Z,1300112026-09-30,13001,2026-09-30,SCHEDULED,360,6.0
2026-10-01T04:36:49Z,1891012026-09-30,18910,2026-09-30,SCHEDULED,240,4.0
2026-10-01T04:36:49Z,1304112026-09-30,13041,2026-09-30,SCHEDULED,-60,-1.0
2026-10-01T04:36:49Z,1443312026-09-30,14433,2026-09-30,SCHEDULED,0,0.0
2026-10-01T04:36:49Z,1305112026-09-30,13051,2026-09-30,SCHEDULED,60,1.0
2026-10-01T04:36:49Z,1530912026-09-30,15309,2026-09-30,SCHEDULED,120,2.0
2026-10-01T04:36:49Z,1308412026-09-30,13084,2026-09-30,SCHEDULED,0,0.0
2026-10-01T04:36:49Z,1503022026-09-30,15030,2026-09-30,SCHEDULED,0,0.0
2026-10-01T04:36:49Z,1395112026-09-30,13951,2026-09-30,SCHEDULED,60,1.0
2026-10-01T04:36:49Z,1503112026-09-30,15031,2026-09-30,SCHEDULED,300,5.0
2026-10-01T04:36:49Z,1447012026-09-30,14470,2026-09-30,SCHEDULED,0,0.0
2026-10-01T04:36:49Z,0411422026-10-01,04114,2026-10-01,SCHEDULED,300,5.0
2026-10-01T04:36:49Z,0411412026-10-01,04114,2026-10-01,SCHEDULED,300,5.0
2026-10-01T04:36:49Z,1562012026-09-30,15620,2026-09-30,SCHEDULED,240,4.0
2026-10-01T04:36:49Z,1562112026-09-30,15621,2026-09-30,SCHEDULED,300,5.0
2026-10-01T04:36:49Z,0075222026-10-01,00752,2026-10-01,SCHEDULED,60,1.0
2026-10-01T04:36:49Z,0075212026-10-01,00752,2026-10-01,SCHEDULED,60,1.0
2026-10-01T04:36:49Z,1563012026-09-30,15630,2026-09-30,SCHEDULED,0,0.0
2026-10-01T04:36:49Z,1251212026-09-30,12512,2026-09-30,SCHEDULED,480,8.0
2026-10-01T04:36:49Z,0075222026-10-01,00752,2026-10-01,SCHEDULED,-60,-1.0
2026-10-01T04:36:49Z,0075212026-10-01,00752,2026-10-01,SCHEDULED,-60,-1.0
2026-10-01T04:36:49Z,1804112026-10-01,18041,2026-10-01,SCHEDULED,60,1.0
2026-10-01T04:36:49Z,0206112026-09-30,02061,2026-09-30,SCHEDULED,120,2.0
2026-10-01T04:36:49Z,1804612026-09-30,18046,2026-09-30,SCHEDULED,180,3.0
2026-10-01T04:36:49Z,0206312026-09-30,02063,2026-09-30,SCHEDULED,60,1.0
2026-10-01T04:36:49Z,1704312026-09-30,17043,2026-09-30,SCHEDULED,1920,32.0
2026-10-01T04:36:49Z,0206712026-09-30,02067,2026-09-30,SCHEDULED,-60,-1.0
2026-10-01T04:36:49Z,0207512026-10-01,02075,2026-10-01,SCHEDULED,60,1.0
2026-10-01T04:36:49Z,1805412026-09-30,18054,2026-09-30,SCHEDULED,60,1.0
2026-10-01T04:36:49Z,0226112026-09-30,02261,2026-09-30,SCHEDULED,240,4.0
2026-10-01T04:36:49Z,1806812026-09-30,18068,2026-09-30,SCHEDULED,-60,-1.0
2026-10-01T04:36:49Z,0305212026-09-30,03052,2026-09-30,SCHEDULED,180,3.0
2026-10-01T04:36:49Z,1807112026-09-30,18071,2026-09-30,SCHEDULED,120,2.0
2026-10-01T04:36:49Z,0306012026-09-30,03060,2026-09-30,SCHEDULED,60,1.0
2026-10-01T04:36:49Z,1807212026-09-30,18072,2026-09-30,SCHEDULED,0,0.0
2026-10-01T04:36:49Z,1806612026-09-30,18066,2026-09-30,SCHEDULED,180,3.0
2026-10-01T04:36:49Z,0330112026-09-30,03301,2026-09-30,SCHEDULED,60,1.0
2026-10-01T04:36:49Z,1812012026-09-30,18120,2026-09-30,SCHEDULED,-180,-3.0
2026-10-01T04:36:49Z,1812112026-09-30,18121,2026-09-30,SCHEDULED,-60,-1.0
2026-10-01T04:36:49Z,1831012026-09-30,18310,2026-09-30,SCHEDULED,-60,-1.0
2026-10-01T04:36:49Z,0306242026-09-30,03062,2026-09-30,SCHEDULED,120,2.0
2026-10-01T04:36:49Z,0306232026-09-30,03062,2026-09-30,SCHEDULED,120,2.0
2026-10-01T04:36:49Z,0306212026-09-30,03062,2026-09-30,SCHEDULED,120,2.0
2026-10-01T04:36:49Z,0306222026-09-30,03062,2026-09-30,SCHEDULED,120,2.0
2026-10-01T04:36:49Z,0306312026-09-30,03063,2026-09-30,SCHEDULED,-60,-1.0
2026-10-01T04:36:49Z,0306322026-09-30,03063,2026-09-30,SCHEDULED,-60,-1.0
2026-10-01T04:36:49Z,0306332026-09-30,03063,2026-09-30,SCHEDULED,-60,-1.0
2026-10-01T04:36:49Z,0306242026-09-30,03062,2026-09-30,SCHEDULED,420,7.0
2026-10-01T04:36:49Z,0306232026-09-30,03062,2026-09-30,SCHEDULED,420,7.0
2026-10-01T04:36:49Z,0306212026-09-30,03062,2026-09-30,SCHEDULED,420,7.0
2026-10-01T04:36:49Z,0306222026-09-30,03062,2026-09-30,SCHEDULED,420,7.0
2026-10-01T04:36:49Z,0366222026-09-30,03662,2026-09-30,SCHEDULED,60,1.0
2026-10-01T04:36:49Z,0366212026-09-30,03662,2026-09-30,SCHEDULED,60,1.0
2026-10-01T04:36:49Z,0406012026-09-30,04060,2026-09-30,SCHEDULED,120,2.0
2026-10-01T04:36:49Z,0408822026-10-01,04088,2026-10-01,SCHEDULED,0,0.0
2026-10-01T04:36:49Z,0429522026-09-30,04295,2026-09-30,SCHEDULED,180,3.0
2026-10-01T04:36:49Z,0429512026-09-30,04295,2026-09-30,SCHEDULED,180,3.0
2026-10-01T04:36:49Z,0446412026-10-01,04464,2026-10-01,SCHEDULED,0,0.0
2026-10-01T04:36:49Z,0415422026-09-30,04154,2026-09-30,SCHEDULED,180,3.0
2026-10-01T04:36:49Z,0415412026-09-30,04154,2026-09-30,SCHEDULED,180,3.0
2026-10-01T04:36:49Z,0486822026-10-01,04868,2026-10-01,SCHEDULED,60,1.0
2026-10-01T04:36:49Z,0486812026-10-01,04868,2026-10-01,SCHEDULED,60,1.0
2026-10-01T04:36:49Z,0506122026-09-30,05061,2026-09-30,SCHEDULED,60,1.0
2026-10-01T04:36:49Z,0506112026-09-30,05061,2026-09-30,SCHEDULED,60,1.0
2026-10-01T04:36:49Z,1268412026-09-30,12684,2026-09-30,CANCELED,,
2026-10-01T04:36:49Z,1269212026-09-30,12692,2026-09-30,CANCELED,,
2026-10-01T04:36:49Z,1268512026-09-30,12685,2026-09-30,CANCELED,,
2026-10-01T04:36:49Z,1268912026-09-30,12689,2026-09-30,CANCELED,,
2026-10-01T04:36:49Z,0414312026-10-01,04143,2026-10-01,CANCELED,,
2026-10-01T04:36:49Z,1705012026-09-30,17050,2026-09-30,CANCELED,,
2026-10-01T04:41:53Z,1308412026-09-30,13084,2026-09-30,SCHEDULED,180,3.0
2026-10-01T04:41:53Z,0506422026-09-30,05064,2026-09-30,SCHEDULED,300,5.0
2026-10-01T04:41:53Z,0506412026-09-30,05064,2026-09-30,SCHEDULED,300,5.0
2026-10-01T04:41:53Z,1395112026-09-30,13951,2026-09-30,SCHEDULED,120,2.0
2026-10-01T04:41:53Z,0566812026-09-30,05668,2026-09-30,SCHEDULED,180,3.0
2026-10-01T04:41:53Z,1320112026-09-30,13201,2026-09-30,SCHEDULED,120,2.0
2026-10-01T04:41:53Z,1320212026-09-30,13202,2026-09-30,SCHEDULED,120,2.0
2026-10-01T04:41:53Z,1500012026-09-30,15000,2026-09-30,SCHEDULED,480,8.0
2026-10-01T04:41:53Z,0576312026-09-30,05763,2026-09-30,SCHEDULED,120,2.0
2026-10-01T04:41:53Z,0576322026-09-30,05763,2026-09-30,SCHEDULED,120,2.0
2026-10-01T04:41:53Z,0576332026-09-30,05763,2026-09-30,SCHEDULED,120,2.0
2026-10-01T04:41:53Z,0587112026-09-30,05871,2026-09-30,SCHEDULED,480,8.0
2026-10-01T04:41:53Z,1500212026-09-30,15002,2026-09-30,SCHEDULED,480,8.0
2026-10-01T04:41:53Z,0805812026-09-30,08058,2026-09-30,SCHEDULED,0,0.0
2026-10-01T04:41:53Z,1505112026-09-30,15051,2026-09-30,SCHEDULED,0,0.0
2026-10-01T04:41:53Z,1564512026-09-30,15645,2026-09-30,SCHEDULED,0,0.0
2026-10-01T04:41:53Z,0806312026-09-30,08063,2026-09-30,SCHEDULED,240,4.0
2026-10-01T04:41:53Z,0806912026-09-30,08069,2026-09-30,SCHEDULED,120,2.0
2026-10-01T04:41:53Z,1564612026-09-30,15646,2026-09-30,SCHEDULED,240,4.0
2026-10-01T04:41:53Z,0807112026-09-30,08071,2026-09-30,SCHEDULED,120,2.0
2026-10-01T04:41:53Z,1565012026-09-30,15650,2026-09-30,SCHEDULED,120,2.0
2026-10-01T04:41:53Z,0807512026-09-30,08075,2026-09-30,SCHEDULED,0,0.0
2026-10-01T04:41:53Z,1572012026-09-30,15720,2026-09-30,SCHEDULED,780,13.0
2026-10-01T04:41:53Z,0826012026-09-30,08260,2026-09-30,SCHEDULED,-60,-1.0
2026-10-01T04:41:53Z,1575112026-09-30,15751,2026-09-30,SCHEDULED,0,0.0
2026-10-01T04:41:53Z,0826112026-09-30,08261,2026-09-30,SCHEDULED,240,4.0
2026-10-01T04:41:53Z,1577012026-09-30,15770,2026-09-30,SCHEDULED,120,2.0
2026-10-01T04:41:53Z,0847512026-09-30,08475,2026-09-30,SCHEDULED,-60,-1.0
2026-10-01T04:41:53Z,1577212026-09-30,15772,2026-09-30,SCHEDULED,60,1.0
2026-10-01T04:41:53Z,0865412026-09-30,08654,2026-09-30,SCHEDULED,-180,-3.0
2026-10-01T04:41:53Z,1590012026-09-30,15900,2026-09-30,SCHEDULED,300,5.0
2026-10-01T04:41:53Z,0866412026-09-30,08664,2026-09-30,SCHEDULED,180,3.0
2026-10-01T04:41:53Z,1702112026-09-30,17021,2026-09-30,SCHEDULED,300,5.0
2026-10-01T04:41:53Z,0807212026-09-30,08072,2026-09-30,SCHEDULED,0,0.0
2026-10-01T04:41:53Z,1703012026-09-30,17030,2026-09-30,SCHEDULED,0,0.0
2026-10-01T04:41:53Z,0906112026-09-30,09061,2026-09-30,SCHEDULED,0,0.0
2026-10-01T04:41:53Z,1710612026-09-30,17106,2026-09-30,SCHEDULED,0,0.0
2026-10-01T04:41:53Z,1710012026-09-30,17100,2026-09-30,SCHEDULED,60,1.0
2026-10-01T04:41:53Z,0907222026-09-30,09072,2026-09-30,SCHEDULED,240,4.0
2026-10-01T04:41:53Z,0907212026-09-30,09072,2026-09-30,SCHEDULED,240,4.0
2026-10-01T04:41:53Z,1750312026-09-30,17503,2026-09-30,SCHEDULED,-120,-2.0
2026-10-01T04:41:53Z,0405612026-10-01,04056,2026-10-01,SCHEDULED,0,0.0
2026-10-01T04:41:53Z,1770312026-09-30,17703,2026-09-30,SCHEDULED,60,1.0
2026-10-01T04:41:53Z,0029122026-10-01,00291,2026-10-01,SCHEDULED,120,2.0
2026-10-01T04:41:53Z,0029112026-10-01,00291,2026-10-01,SCHEDULED,120,2.0
2026-10-01T04:41:53Z,1770712026-09-30,17707,2026-09-30,SCHEDULED,180,3.0
2026-10-01T04:41:53Z,1241112026-09-30,12411,2026-09-30,SCHEDULED,1020,17.0
2026-10-01T04:41:53Z,1877312026-09-30,18773,2026-09-30,SCHEDULED,60,1.0
2026-10-01T04:41:53Z,1261112026-09-30,12611,2026-09-30,SCHEDULED,0,0.0
2026-10-01T04:41:53Z,3586912026-09-30,35869,2026-09-30,SCHEDULED,180,3.0
2026-10-01T04:41:53Z,1300112026-09-30,13001,2026-09-30,SCHEDULED,360,6.0
2026-10-01T04:41:53Z,1891012026-09-30,18910,2026-09-30,SCHEDULED,240,4.0
2026-10-01T04:41:53Z,1304112026-09-30,13041,2026-09-30,SCHEDULED,-60,-1.0
2026-10-01T04:41:53Z,1443312026-09-30,14433,2026-09-30,SCHEDULED,0,0.0
2026-10-01T04:41:53Z,1305112026-09-30,13051,2026-09-30,SCHEDULED,60,1.0
2026-10-01T04:41:53Z,1530912026-09-30,15309,2026-09-30,SCHEDULED,180,3.0
2026-10-01T04:41:53Z,1503022026-09-30,15030,2026-09-30,SCHEDULED,-120,-2.0
2026-10-01T04:41:53Z,0411422026-10-01,04114,2026-10-01,SCHEDULED,-60,-1.0
2026-10-01T04:41:53Z,0411412026-10-01,04114,2026-10-01,SCHEDULED,-60,-1.0
2026-10-01T04:41:53Z,1503112026-09-30,15031,2026-09-30,SCHEDULED,180,3.0
2026-10-01T04:41:53Z,1447012026-09-30,14470,2026-09-30,SCHEDULED,0,0.0
2026-10-01T04:41:53Z,0075222026-10-01,00752,2026-10-01,SCHEDULED,0,0.0
2026-10-01T04:41:53Z,0075212026-10-01,00752,2026-10-01,SCHEDULED,0,0.0
2026-10-01T04:41:53Z,0947012026-09-30,09470,2026-09-30,SCHEDULED,0,0.0
2026-10-01T04:41:53Z,0075222026-10-01,00752,2026-10-01,SCHEDULED,0,0.0
2026-10-01T04:41:53Z,0075212026-10-01,00752,2026-10-01,SCHEDULED,0,0.0
2026-10-01T04:41:53Z,1562012026-09-30,15620,2026-09-30,SCHEDULED,240,4.0
2026-10-01T04:41:53Z,0107212026-09-30,01072,2026-09-30,SCHEDULED,540,9.0
2026-10-01T04:41:53Z,1562112026-09-30,15621,2026-09-30,SCHEDULED,300,5.0
2026-10-01T04:41:53Z,0206112026-09-30,02061,2026-09-30,SCHEDULED,540,9.0
2026-10-01T04:41:53Z,1563012026-09-30,15630,2026-09-30,SCHEDULED,180,3.0
2026-10-01T04:41:53Z,0206312026-09-30,02063,2026-09-30,SCHEDULED,-60,-1.0
2026-10-01T04:41:53Z,1251212026-09-30,12512,2026-09-30,SCHEDULED,240,4.0
2026-10-01T04:41:53Z,0206712026-09-30,02067,2026-09-30,SCHEDULED,0,0.0
2026-10-01T04:41:53Z,1780612026-09-30,17806,2026-09-30,SCHEDULED,0,0.0
2026-10-01T04:41:53Z,0207512026-10-01,02075,2026-10-01,SCHEDULED,120,2.0
2026-10-01T04:41:53Z,1804112026-10-01,18041,2026-10-01,SCHEDULED,60,1.0
2026-10-01T04:41:53Z,0226112026-09-30,02261,2026-09-30,SCHEDULED,240,4.0
2026-10-01T04:41:53Z,1804612026-09-30,18046,2026-09-30,SCHEDULED,180,3.0
2026-10-01T04:41:53Z,0305212026-09-30,03052,2026-09-30,SCHEDULED,240,4.0
2026-10-01T04:41:53Z,1704312026-09-30,17043,2026-09-30,SCHEDULED,1980,33.0
2026-10-01T04:41:53Z,0306012026-09-30,03060,2026-09-30,SCHEDULED,180,3.0
2026-10-01T04:41:53Z,1805412026-09-30,18054,2026-09-30,SCHEDULED,60,1.0
2026-10-01T04:41:53Z,0330112026-09-30,03301,2026-09-30,SCHEDULED,120,2.0
2026-10-01T04:41:53Z,1806812026-09-30,18068,2026-09-30,SCHEDULED,60,1.0
2026-10-01T04:41:53Z,1807112026-09-30,18071,2026-09-30,SCHEDULED,180,3.0
2026-10-01T04:41:53Z,1807212026-09-30,18072,2026-09-30,SCHEDULED,0,0.0
2026-10-01T04:41:53Z,1806612026-09-30,18066,2026-09-30,SCHEDULED,240,4.0
2026-10-01T04:41:53Z,0306242026-09-30,03062,2026-09-30,SCHEDULED,120,2.0
2026-10-01T04:41:53Z,0306232026-09-30,03062,2026-09-30,SCHEDULED,120,2.0
2026-10-01T04:41:53Z,0306212026-09-30,03062,2026-09-30,SCHEDULED,120,2.0
2026-10-01T04:41:53Z,0306222026-09-30,03062,2026-09-30,SCHEDULED,120,2.0
2026-10-01T04:41:53Z,1812012026-09-30,18120,2026-09-30,SCHEDULED,0,0.0
2026-10-01T04:41:53Z,1812112026-09-30,18121,2026-09-30,SCHEDULED,-60,-1.0
2026-10-01T04:41:53Z,1831012026-09-30,18310,2026-09-30,SCHEDULED,-60,-1.0
2026-10-01T04:41:53Z,0306312026-09-30,03063,2026-09-30,SCHEDULED,-60,-1.0
2026-10-01T04:41:53Z,0306322026-09-30,03063,2026-09-30,SCHEDULED,-60,-1.0
2026-10-01T04:41:53Z,0306332026-09-30,03063,2026-09-30,SCHEDULED,-60,-1.0
2026-10-01T04:41:53Z,0306242026-09-30,03062,2026-09-30,SCHEDULED,420,7.0
2026-10-01T04:41:53Z,0306232026-09-30,03062,2026-09-30,SCHEDULED,420,7.0
2026-10-01T04:41:53Z,0306212026-09-30,03062,2026-09-30,SCHEDULED,420,7.0
2026-10-01T04:41:53Z,0306222026-09-30,03062,2026-09-30,SCHEDULED,420,7.0
2026-10-01T04:41:53Z,0366222026-09-30,03662,2026-09-30,SCHEDULED,180,3.0
2026-10-01T04:41:53Z,0366212026-09-30,03662,2026-09-30,SCHEDULED,180,3.0
2026-10-01T04:41:53Z,0406012026-09-30,04060,2026-09-30,SCHEDULED,240,4.0
2026-10-01T04:41:53Z,0408822026-10-01,04088,2026-10-01,SCHEDULED,60,1.0
2026-10-01T04:41:53Z,0429522026-09-30,04295,2026-09-30,SCHEDULED,180,3.0
2026-10-01T04:41:53Z,0429512026-09-30,04295,2026-09-30,SCHEDULED,180,3.0
2026-10-01T04:41:53Z,0446412026-10-01,04464,2026-10-01,SCHEDULED,0,0.0
2026-10-01T04:41:53Z,0415422026-09-30,04154,2026-09-30,SCHEDULED,120,2.0
2026-10-01T04:41:53Z,0415412026-09-30,04154,2026-09-30,SCHEDULED,120,2.0
2026-10-01T04:41:53Z,0486822026-10-01,04868,2026-10-01,SCHEDULED,60,1.0
2026-10-01T04:41:53Z,0486812026-10-01,04868,2026-10-01,SCHEDULED,60,1.0
2026-10-01T04:41:53Z,0506122026-09-30,05061,2026-09-30,SCHEDULED,-60,-1.0
2026-10-01T04:41:53Z,0506112026-09-30,05061,2026-09-30,SCHEDULED,-60,-1.0
2026-10-01T04:41:53Z,0506312026-10-01,05063,2026-10-01,SCHEDULED,-60,-1.0
2026-10-01T04:41:53Z,1268412026-09-30,12684,2026-09-30,CANCELED,,
2026-10-01T04:41:53Z,1269212026-09-30,12692,2026-09-30,CANCELED,,
2026-10-01T04:41:53Z,1268512026-09-30,12685,2026-09-30,CANCELED,,
2026-10-01T04:41:53Z,1268912026-09-30,12689,2026-09-30,CANCELED,,
2026-10-01T04:41:53Z,0414312026-10-01,04143,2026-10-01,CANCELED,,
2026-10-01T04:41:53Z,1705012026-09-30,17050,2026-09-30,CANCELED,,
2026-10-01T04:46:57Z,1305112026-09-30,13051,2026-09-30,SCHEDULED,60,1.0
2026-10-01T04:46:57Z,0566812026-09-30,05668,2026-09-30,SCHEDULED,120,2.0
2026-10-01T04:46:57Z,1308412026-09-30,13084,2026-09-30,SCHEDULED,180,3.0
2026-10-01T04:46:57Z,1395112026-09-30,13951,2026-09-30,SCHEDULED,120,2.0
2026-10-01T04:46:57Z,0576312026-09-30,05763,2026-09-30,SCHEDULED,120,2.0
2026-10-01T04:46:57Z,0576322026-09-30,05763,2026-09-30,SCHEDULED,120,2.0
2026-10-01T04:46:57Z,0576332026-09-30,05763,2026-09-30,SCHEDULED,120,2.0
2026-10-01T04:46:57Z,1320112026-09-30,13201,2026-09-30,SCHEDULED,120,2.0
2026-10-01T04:46:57Z,0587112026-09-30,05871,2026-09-30,SCHEDULED,240,4.0
2026-10-01T04:46:57Z,1320212026-09-30,13202,2026-09-30,SCHEDULED,120,2.0
2026-10-01T04:46:57Z,0805812026-09-30,08058,2026-09-30,SCHEDULED,-60,-1.0
2026-10-01T04:46:57Z,1500012026-09-30,15000,2026-09-30,SCHEDULED,540,9.0
2026-10-01T04:46:57Z,0806312026-09-30,08063,2026-09-30,SCHEDULED,180,3.0
2026-10-01T04:46:57Z,1500212026-09-30,15002,2026-09-30,SCHEDULED,480,8.0
2026-10-01T04:46:57Z,0806812026-09-30,08068,2026-09-30,SCHEDULED,0,0.0
2026-10-01T04:46:57Z,1505112026-09-30,15051,2026-09-30,SCHEDULED,0,0.0
2026-10-01T04:46:57Z,0806912026-09-30,08069,2026-09-30,SCHEDULED,120,2.0
2026-10-01T04:46:57Z,1564512026-09-30,15645,2026-09-30,SCHEDULED,0,0.0
2026-10-01T04:46:57Z,0807112026-09-30,08071,2026-09-30,SCHEDULED,180,3.0
2026-10-01T04:46:57Z,1564612026-09-30,15646,2026-09-30,SCHEDULED,300,5.0
2026-10-01T04:46:57Z,0807512026-09-30,08075,2026-09-30,SCHEDULED,0,0.0
2026-10-01T04:46:57Z,1565012026-09-30,15650,2026-09-30,SCHEDULED,120,2.0
2026-10-01T04:46:57Z,0826012026-09-30,08260,2026-09-30,SCHEDULED,-60,-1.0
2026-10-01T04:46:57Z,1572012026-09-30,15720,2026-09-30,SCHEDULED,1080,18.0
2026-10-01T04:46:57Z,0826112026-09-30,08261,2026-09-30,SCHEDULED,240,4.0
2026-10-01T04:46:57Z,1575112026-09-30,15751,2026-09-30,SCHEDULED,0,0.0
2026-10-01T04:46:57Z,0847512026-09-30,08475,2026-09-30,SCHEDULED,60,1.0
2026-10-01T04:46:57Z,1577012026-09-30,15770,2026-09-30,SCHEDULED,120,2.0
2026-10-01T04:46:57Z,0865412026-09-30,08654,2026-09-30,SCHEDULED,-300,-5.0
2026-10-01T04:46:57Z,1577212026-09-30,15772,2026-09-30,SCHEDULED,60,1.0
2026-10-01T04:46:57Z,0866412026-09-30,08664,2026-09-30,SCHEDULED,240,4.0
2026-10-01T04:46:57Z,0807212026-09-30,08072,2026-09-30,SCHEDULED,0,0.0
2026-10-01T04:46:57Z,1590012026-09-30,15900,2026-09-30,SCHEDULED,420,7.0
2026-10-01T04:46:57Z,0906112026-09-30,09061,2026-09-30,SCHEDULED,0,0.0
2026-10-01T04:46:57Z,1702112026-09-30,17021,2026-09-30,SCHEDULED,240,4.0
2026-10-01T04:46:57Z,0906712026-09-30,09067,2026-09-30,SCHEDULED,120,2.0
2026-10-01T04:46:57Z,1703012026-09-30,17030,2026-09-30,SCHEDULED,-180,-3.0
2026-10-01T04:46:57Z,1710612026-09-30,17106,2026-09-30,SCHEDULED,0,0.0
2026-10-01T04:46:57Z,0907222026-09-30,09072,2026-09-30,SCHEDULED,240,4.0
2026-10-01T04:46:57Z,0907212026-09-30,09072,2026-09-30,SCHEDULED,240,4.0
2026-10-01T04:46:57Z,1710012026-09-30,17100,2026-09-30,SCHEDULED,120,2.0
2026-10-01T04:46:57Z,1750312026-09-30,17503,2026-09-30,SCHEDULED,-60,-1.0
2026-10-01T04:46:57Z,0405612026-10-01,04056,2026-10-01,SCHEDULED,0,0.0
2026-10-01T04:46:57Z,1770312026-09-30,17703,2026-09-30,SCHEDULED,60,1.0
2026-10-01T04:46:57Z,0029122026-10-01,00291,2026-10-01,SCHEDULED,0,0.0
2026-10-01T04:46:57Z,0029112026-10-01,00291,2026-10-01,SCHEDULED,0,0.0
2026-10-01T04:46:57Z,1770712026-09-30,17707,2026-09-30,SCHEDULED,120,2.0
2026-10-01T04:46:57Z,1241112026-09-30,12411,2026-09-30,SCHEDULED,1140,19.0
2026-10-01T04:46:57Z,1780612026-09-30,17806,2026-09-30,SCHEDULED,0,0.0
2026-10-01T04:46:57Z,1261112026-09-30,12611,2026-09-30,SCHEDULED,0,0.0
2026-10-01T04:46:57Z,1877312026-09-30,18773,2026-09-30,SCHEDULED,60,1.0
2026-10-01T04:46:57Z,1300012026-09-30,13000,2026-09-30,SCHEDULED,0,0.0
2026-10-01T04:46:57Z,3586912026-09-30,35869,2026-09-30,SCHEDULED,180,3.0
2026-10-01T04:46:57Z,1300112026-09-30,13001,2026-09-30,SCHEDULED,360,6.0
2026-10-01T04:46:57Z,1891012026-09-30,18910,2026-09-30,SCHEDULED,240,4.0
2026-10-01T04:46:57Z,1443312026-09-30,14433,2026-09-30,SCHEDULED,360,6.0
2026-10-01T04:46:57Z,1300312026-09-30,13003,2026-09-30,SCHEDULED,0,0.0
2026-10-01T04:46:57Z,1530912026-09-30,15309,2026-09-30,SCHEDULED,120,2.0
2026-10-01T04:46:57Z,1303012026-09-30,13030,2026-09-30,SCHEDULED,60,1.0
2026-10-01T04:46:57Z,1503022026-09-30,15030,2026-09-30,SCHEDULED,-120,-2.0
2026-10-01T04:46:57Z,1304112026-09-30,13041,2026-09-30,SCHEDULED,-120,-2.0
2026-10-01T04:46:57Z,1503112026-09-30,15031,2026-09-30,SCHEDULED,180,3.0
2026-10-01T04:46:57Z,1447012026-09-30,14470,2026-09-30,SCHEDULED,-60,-1.0
2026-10-01T04:46:57Z,0411422026-10-01,04114,2026-10-01,SCHEDULED,0,0.0
2026-10-01T04:46:57Z,0411412026-10-01,04114,2026-10-01,SCHEDULED,0,0.0
2026-10-01T04:46:57Z,0947012026-09-30,09470,2026-09-30,SCHEDULED,0,0.0
2026-10-01T04:46:57Z,1562012026-09-30,15620,2026-09-30,SCHEDULED,240,4.0
2026-10-01T04:46:57Z,1562112026-09-30,15621,2026-09-30,SCHEDULED,300,5.0
2026-10-01T04:46:57Z,0075222026-10-01,00752,2026-10-01,SCHEDULED,0,0.0
2026-10-01T04:46:57Z,0075212026-10-01,00752,2026-10-01,SCHEDULED,0,0.0
2026-10-01T04:46:57Z,1563012026-09-30,15630,2026-09-30,SCHEDULED,180,3.0
2026-10-01T04:46:57Z,0075222026-10-01,00752,2026-10-01,SCHEDULED,60,1.0
2026-10-01T04:46:57Z,0075212026-10-01,00752,2026-10-01,SCHEDULED,60,1.0
2026-10-01T04:46:57Z,1401812026-09-30,14018,2026-09-30,SCHEDULED,0,0.0
2026-10-01T04:46:57Z,0107212026-09-30,01072,2026-09-30,SCHEDULED,660,11.0
2026-10-01T04:46:57Z,1251212026-09-30,12512,2026-09-30,SCHEDULED,240,4.0
2026-10-01T04:46:57Z,0206112026-09-30,02061,2026-09-30,SCHEDULED,360,6.0
2026-10-01T04:46:57Z,1800112026-09-30,18001,2026-09-30,SCHEDULED,0,0.0
2026-10-01T04:46:57Z,0206312026-09-30,02063,2026-09-30,SCHEDULED,-120,-2.0
2026-10-01T04:46:57Z,1804112026-10-01,18041,2026-10-01,SCHEDULED,60,1.0
2026-10-01T04:46:57Z,0206712026-09-30,02067,2026-09-30,SCHEDULED,-120,-2.0
2026-10-01T04:46:57Z,1804612026-09-30,18046,2026-09-30,SCHEDULED,180,3.0
2026-10-01T04:46:57Z,0207512026-10-01,02075,2026-10-01,SCHEDULED,120,2.0
2026-10-01T04:46:57Z,1704312026-09-30,17043,2026-09-30,SCHEDULED,1920,32.0
2026-10-01T04:46:57Z,0226112026-09-30,02261,2026-09-30,SCHEDULED,240,4.0
2026-10-01T04:46:57Z,1805412026-09-30,18054,2026-09-30,SCHEDULED,60,1.0
2026-10-01T04:46:57Z,0305212026-09-30,03052,2026-09-30,SCHEDULED,180,3.0
2026-10-01T04:46:57Z,0306012026-09-30,03060,2026-09-30,SCHEDULED,240,4.0
2026-10-01T04:46:57Z,1806812026-09-30,18068,2026-09-30,SCHEDULED,0,0.0
2026-10-01T04:46:57Z,1807112026-09-30,18071,2026-09-30,SCHEDULED,180,3.0
2026-10-01T04:46:57Z,0330112026-09-30,03301,2026-09-30,SCHEDULED,60,1.0
2026-10-01T04:46:57Z,1807212026-09-30,18072,2026-09-30,SCHEDULED,0,0.0
2026-10-01T04:46:57Z,1800212026-09-30,18002,2026-09-30,SCHEDULED,120,2.0
2026-10-01T04:46:57Z,1806612026-09-30,18066,2026-09-30,SCHEDULED,300,5.0
2026-10-01T04:46:57Z,0306242026-09-30,03062,2026-09-30,SCHEDULED,240,4.0
2026-10-01T04:46:57Z,0306232026-09-30,03062,2026-09-30,SCHEDULED,240,4.0
2026-10-01T04:46:57Z,0306212026-09-30,03062,2026-09-30,SCHEDULED,240,4.0
2026-10-01T04:46:57Z,0306222026-09-30,03062,2026-09-30,SCHEDULED,240,4.0
2026-10-01T04:46:57Z,1812012026-09-30,18120,2026-09-30,SCHEDULED,-60,-1.0
2026-10-01T04:46:57Z,1812112026-09-30,18121,2026-09-30,SCHEDULED,-120,-2.0
2026-10-01T04:46:57Z,1831012026-09-30,18310,2026-09-30,SCHEDULED,0,0.0
2026-10-01T04:46:57Z,0306312026-09-30,03063,2026-09-30,SCHEDULED,0,0.0
2026-10-01T04:46:57Z,0306322026-09-30,03063,2026-09-30,SCHEDULED,0,0.0
2026-10-01T04:46:57Z,0306332026-09-30,03063,2026-09-30,SCHEDULED,0,0.0
2026-10-01T04:46:57Z,0306242026-09-30,03062,2026-09-30,SCHEDULED,540,9.0
2026-10-01T04:46:57Z,0306232026-09-30,03062,2026-09-30,SCHEDULED,540,9.0
2026-10-01T04:46:57Z,0306212026-09-30,03062,2026-09-30,SCHEDULED,540,9.0
2026-10-01T04:46:57Z,0306222026-09-30,03062,2026-09-30,SCHEDULED,540,9.0
2026-10-01T04:46:57Z,0366222026-09-30,03662,2026-09-30,SCHEDULED,240,4.0
2026-10-01T04:46:57Z,0366212026-09-30,03662,2026-09-30,SCHEDULED,240,4.0
2026-10-01T04:46:57Z,0406012026-09-30,04060,2026-09-30,SCHEDULED,180,3.0
2026-10-01T04:46:57Z,0408822026-10-01,04088,2026-10-01,SCHEDULED,0,0.0
2026-10-01T04:46:57Z,0429522026-09-30,04295,2026-09-30,SCHEDULED,60,1.0
2026-10-01T04:46:57Z,0429512026-09-30,04295,2026-09-30,SCHEDULED,60,1.0
2026-10-01T04:46:57Z,0446412026-10-01,04464,2026-10-01,SCHEDULED,-120,-2.0
2026-10-01T04:46:57Z,0415422026-09-30,04154,2026-09-30,SCHEDULED,60,1.0
2026-10-01T04:46:57Z,0415412026-09-30,04154,2026-09-30,SCHEDULED,60,1.0
2026-10-01T04:46:57Z,0486822026-10-01,04868,2026-10-01,SCHEDULED,0,0.0
2026-10-01T04:46:57Z,0486812026-10-01,04868,2026-10-01,SCHEDULED,0,0.0
2026-10-01T04:46:57Z,0506122026-09-30,05061,2026-09-30,SCHEDULED,-60,-1.0
2026-10-01T04:46:57Z,0506112026-09-30,05061,2026-09-30,SCHEDULED,-60,-1.0
2026-10-01T04:46:57Z,0506312026-10-01,05063,2026-10-01,SCHEDULED,-60,-1.0
2026-10-01T04:46:57Z,0506422026-09-30,05064,2026-09-30,SCHEDULED,240,4.0
2026-10-01T04:46:57Z,0506412026-09-30,05064,2026-09-30,SCHEDULED,240,4.0
2026-10-01T04:46:57Z,0508012026-09-30,05080,2026-09-30,SCHEDULED,60,1.0
2026-10-01T04:46:57Z,0508032026-09-30,05080,2026-09-30,SCHEDULED,60,1.0
2026-10-01T04:46:57Z,0508022026-09-30,05080,2026-09-30,SCHEDULED,60,1.0
2026-10-01T04:46:57Z,1268412026-09-30,12684,2026-09-30,CANCELED,,
2026-10-01T04:46:57Z,1269212026-09-30,12692,2026-09-30,CANCELED,,
2026-10-01T04:46:57Z,1268512026-09-30,12685,2026-09-30,CANCELED,,
2026-10-01T04:46:57Z,1705012026-09-30,17050,2026-09-30,CANCELED,,
2026-10-01T04:46:57Z,0414312026-10-01,04143,2026-10-01,CANCELED,,
2026-10-01T04:51:55Z,1305112026-09-30,13051,2026-09-30,SCHEDULED,60,1.0
2026-10-01T04:51:55Z,1308412026-09-30,13084,2026-09-30,SCHEDULED,180,3.0
2026-10-01T04:51:55Z,0576312026-09-30,05763,2026-09-30,SCHEDULED,0,0.0
2026-10-01T04:51:55Z,0576322026-09-30,05763,2026-09-30,SCHEDULED,0,0.0
2026-10-01T04:51:55Z,0576332026-09-30,05763,2026-09-30,SCHEDULED,0,0.0
2026-10-01T04:51:55Z,1395112026-09-30,13951,2026-09-30,SCHEDULED,120,2.0
2026-10-01T04:51:55Z,0587112026-09-30,05871,2026-09-30,SCHEDULED,300,5.0
2026-10-01T04:51:55Z,1320112026-09-30,13201,2026-09-30,SCHEDULED,60,1.0
2026-10-01T04:51:55Z,0805812026-09-30,08058,2026-09-30,SCHEDULED,-60,-1.0
2026-10-01T04:51:55Z,1320212026-09-30,13202,2026-09-30,SCHEDULED,60,1.0
2026-10-01T04:51:55Z,0806212026-09-30,08062,2026-09-30,SCHEDULED,60,1.0
2026-10-01T04:51:55Z,0806312026-09-30,08063,2026-09-30,SCHEDULED,180,3.0
2026-10-01T04:51:55Z,0806812026-09-30,08068,2026-09-30,SCHEDULED,0,0.0
2026-10-01T04:51:55Z,0806912026-09-30,08069,2026-09-30,SCHEDULED,120,2.0
2026-10-01T04:51:55Z,1412312026-09-30,14123,2026-09-30,SCHEDULED,60,1.0
2026-10-01T04:51:55Z,1412342026-09-30,14123,2026-09-30,SCHEDULED,60,1.0
2026-10-01T04:51:55Z,1412322026-09-30,14123,2026-09-30,SCHEDULED,60,1.0
2026-10-01T04:51:55Z,0807112026-09-30,08071,2026-09-30,SCHEDULED,180,3.0
2026-10-01T04:51:55Z,1500012026-09-30,15000,2026-09-30,SCHEDULED,540,9.0
2026-10-01T04:51:55Z,0807512026-09-30,08075,2026-09-30,SCHEDULED,0,0.0
2026-10-01T04:51:55Z,1500212026-09-30,15002,2026-09-30,SCHEDULED,540,9.0
2026-10-01T04:51:55Z,0826012026-09-30,08260,2026-09-30,SCHEDULED,-60,-1.0
2026-10-01T04:51:55Z,1504012026-09-30,15040,2026-09-30,SCHEDULED,60,1.0
2026-10-01T04:51:55Z,0826112026-09-30,08261,2026-09-30,SCHEDULED,120,2.0
2026-10-01T04:51:55Z,1505112026-09-30,15051,2026-09-30,SCHEDULED,0,0.0
2026-10-01T04:51:55Z,0827312026-09-30,08273,2026-09-30,SCHEDULED,120,2.0
2026-10-01T04:51:55Z,1564512026-09-30,15645,2026-09-30,SCHEDULED,0,0.0
2026-10-01T04:51:55Z,0847512026-09-30,08475,2026-09-30,SCHEDULED,120,2.0
2026-10-01T04:51:55Z,1564612026-09-30,15646,2026-09-30,SCHEDULED,300,5.0
2026-10-01T04:51:55Z,0865412026-09-30,08654,2026-09-30,SCHEDULED,-300,-5.0
2026-10-01T04:51:55Z,1565012026-09-30,15650,2026-09-30,SCHEDULED,240,4.0
2026-10-01T04:51:55Z,0866412026-09-30,08664,2026-09-30,SCHEDULED,240,4.0
2026-10-01T04:51:55Z,1572012026-09-30,15720,2026-09-30,SCHEDULED,1140,19.0
2026-10-01T04:51:55Z,0807212026-09-30,08072,2026-09-30,SCHEDULED,0,0.0
2026-10-01T04:51:55Z,1572212026-09-30,15722,2026-09-30,SCHEDULED,0,0.0
2026-10-01T04:51:55Z,0906112026-09-30,09061,2026-09-30,SCHEDULED,0,0.0
2026-10-01T04:51:55Z,1575112026-09-30,15751,2026-09-30,SCHEDULED,0,0.0
2026-10-01T04:51:55Z,0906712026-09-30,09067,2026-09-30,SCHEDULED,120,2.0
2026-10-01T04:51:55Z,1577012026-09-30,15770,2026-09-30,SCHEDULED,120,2.0
2026-10-01T04:51:55Z,1577212026-09-30,15772,2026-09-30,SCHEDULED,0,0.0
2026-10-01T04:51:55Z,0907222026-09-30,09072,2026-09-30,SCHEDULED,240,4.0
2026-10-01T04:51:55Z,0907212026-09-30,09072,2026-09-30,SCHEDULED,240,4.0
2026-10-01T04:51:55Z,1585012026-09-30,15850,2026-09-30,SCHEDULED,60,1.0
2026-10-01T04:51:55Z,0405612026-10-01,04056,2026-10-01,SCHEDULED,120,2.0
2026-10-01T04:51:55Z,1590012026-09-30,15900,2026-09-30,SCHEDULED,540,9.0
2026-10-01T04:51:55Z,1702112026-09-30,17021,2026-09-30,SCHEDULED,240,4.0
2026-10-01T04:51:55Z,0029122026-10-01,00291,2026-10-01,SCHEDULED,0,0.0
2026-10-01T04:51:55Z,0029112026-10-01,00291,2026-10-01,SCHEDULED,0,0.0
2026-10-01T04:51:55Z,1703012026-09-30,17030,2026-09-30,SCHEDULED,-180,-3.0
2026-10-01T04:51:55Z,1241112026-09-30,12411,2026-09-30,SCHEDULED,1200,20.0
2026-10-01T04:51:55Z,1710612026-09-30,17106,2026-09-30,SCHEDULED,60,1.0
2026-10-01T04:51:55Z,1261112026-09-30,12611,2026-09-30,SCHEDULED,0,0.0
2026-10-01T04:51:55Z,1710012026-09-30,17100,2026-09-30,SCHEDULED,120,2.0
2026-10-01T04:51:55Z,1300012026-09-30,13000,2026-09-30,SCHEDULED,120,2.0
2026-10-01T04:51:55Z,1720112026-09-30,17201,2026-09-30,SCHEDULED,0,0.0
2026-10-01T04:51:55Z,1300112026-09-30,13001,2026-09-30,SCHEDULED,360,6.0
2026-10-01T04:51:55Z,1750312026-09-30,17503,2026-09-30,SCHEDULED,-60,-1.0
2026-10-01T04:51:55Z,1300312026-09-30,13003,2026-09-30,SCHEDULED,0,0.0
2026-10-01T04:51:55Z,1831012026-09-30,18310,2026-09-30,SCHEDULED,0,0.0
2026-10-01T04:51:55Z,1303012026-09-30,13030,2026-09-30,SCHEDULED,60,1.0
2026-10-01T04:51:55Z,1877312026-09-30,18773,2026-09-30,SCHEDULED,60,1.0
2026-10-01T04:51:55Z,1304112026-09-30,13041,2026-09-30,SCHEDULED,-60,-1.0
2026-10-01T04:51:55Z,3586912026-09-30,35869,2026-09-30,SCHEDULED,180,3.0
2026-10-01T04:51:55Z,1891012026-09-30,18910,2026-09-30,SCHEDULED,240,4.0
2026-10-01T04:51:55Z,0411422026-10-01,04114,2026-10-01,SCHEDULED,0,0.0
2026-10-01T04:51:55Z,0411412026-10-01,04114,2026-10-01,SCHEDULED,0,0.0
2026-10-01T04:51:55Z,1443312026-09-30,14433,2026-09-30,SCHEDULED,360,6.0
2026-10-01T04:51:55Z,1530912026-09-30,15309,2026-09-30,SCHEDULED,120,2.0
2026-10-01T04:51:55Z,0075222026-10-01,00752,2026-10-01,SCHEDULED,0,0.0
2026-10-01T04:51:55Z,0075212026-10-01,00752,2026-10-01,SCHEDULED,0,0.0
2026-10-01T04:51:55Z,1503022026-09-30,15030,2026-09-30,SCHEDULED,-120,-2.0
2026-10-01T04:51:55Z,1503112026-09-30,15031,2026-09-30,SCHEDULED,120,2.0
2026-10-01T04:51:55Z,0075222026-10-01,00752,2026-10-01,SCHEDULED,60,1.0
2026-10-01T04:51:55Z,0075212026-10-01,00752,2026-10-01,SCHEDULED,60,1.0
2026-10-01T04:51:55Z,1447012026-09-30,14470,2026-09-30,SCHEDULED,-60,-1.0
2026-10-01T04:51:55Z,3460912026-09-30,34609,2026-09-30,SCHEDULED,240,4.0
2026-10-01T04:51:55Z,0947012026-09-30,09470,2026-09-30,SCHEDULED,0,0.0
2026-10-01T04:51:55Z,0107212026-09-30,01072,2026-09-30,SCHEDULED,660,11.0
2026-10-01T04:51:55Z,1562012026-09-30,15620,2026-09-30,SCHEDULED,240,4.0
2026-10-01T04:51:55Z,0206112026-09-30,02061,2026-09-30,SCHEDULED,360,6.0
2026-10-01T04:51:55Z,1562112026-09-30,15621,2026-09-30,SCHEDULED,300,5.0
2026-10-01T04:51:55Z,0206312026-09-30,02063,2026-09-30,SCHEDULED,-60,-1.0
2026-10-01T04:51:55Z,0206712026-09-30,02067,2026-09-30,SCHEDULED,-120,-2.0
2026-10-01T04:51:55Z,1563012026-09-30,15630,2026-09-30,SCHEDULED,180,3.0
2026-10-01T04:51:55Z,0207512026-10-01,02075,2026-10-01,SCHEDULED,240,4.0
2026-10-01T04:51:55Z,1401812026-09-30,14018,2026-09-30,SCHEDULED,0,0.0
2026-10-01T04:51:55Z,0226112026-09-30,02261,2026-09-30,SCHEDULED,240,4.0
2026-10-01T04:51:55Z,1251212026-09-30,12512,2026-09-30,SCHEDULED,240,4.0
2026-10-01T04:51:55Z,0305212026-09-30,03052,2026-09-30,SCHEDULED,180,3.0
2026-10-01T04:51:55Z,1770312026-09-30,17703,2026-09-30,SCHEDULED,60,1.0
2026-10-01T04:51:55Z,0306012026-09-30,03060,2026-09-30,SCHEDULED,240,4.0
2026-10-01T04:51:55Z,1780612026-09-30,17806,2026-09-30,SCHEDULED,0,0.0
2026-10-01T04:51:55Z,1800112026-09-30,18001,2026-09-30,SCHEDULED,60,1.0
2026-10-01T04:51:55Z,0330112026-09-30,03301,2026-09-30,SCHEDULED,60,1.0
2026-10-01T04:51:55Z,1804112026-10-01,18041,2026-10-01,SCHEDULED,60,1.0
2026-10-01T04:51:55Z,1804612026-09-30,18046,2026-09-30,SCHEDULED,120,2.0
2026-10-01T04:51:55Z,1704312026-09-30,17043,2026-09-30,SCHEDULED,1920,32.0
2026-10-01T04:51:55Z,0306242026-09-30,03062,2026-09-30,SCHEDULED,240,4.0
2026-10-01T04:51:55Z,0306232026-09-30,03062,2026-09-30,SCHEDULED,240,4.0
2026-10-01T04:51:55Z,0306212026-09-30,03062,2026-09-30,SCHEDULED,240,4.0
2026-10-01T04:51:55Z,0306222026-09-30,03062,2026-09-30,SCHEDULED,240,4.0
2026-10-01T04:51:55Z,1805412026-09-30,18054,2026-09-30,SCHEDULED,60,1.0
2026-10-01T04:51:55Z,1806812026-09-30,18068,2026-09-30,SCHEDULED,-60,-1.0
2026-10-01T04:51:55Z,1807112026-09-30,18071,2026-09-30,SCHEDULED,300,5.0
2026-10-01T04:51:55Z,0306312026-09-30,03063,2026-09-30,SCHEDULED,0,0.0
2026-10-01T04:51:55Z,0306322026-09-30,03063,2026-09-30,SCHEDULED,0,0.0
2026-10-01T04:51:55Z,0306332026-09-30,03063,2026-09-30,SCHEDULED,0,0.0
2026-10-01T04:51:55Z,1807212026-09-30,18072,2026-09-30,SCHEDULED,60,1.0
2026-10-01T04:51:55Z,1800212026-09-30,18002,2026-09-30,SCHEDULED,120,2.0
2026-10-01T04:51:55Z,1806612026-09-30,18066,2026-09-30,SCHEDULED,240,4.0
2026-10-01T04:51:55Z,0306242026-09-30,03062,2026-09-30,SCHEDULED,540,9.0
2026-10-01T04:51:55Z,0306232026-09-30,03062,2026-09-30,SCHEDULED,540,9.0
2026-10-01T04:51:55Z,0306212026-09-30,03062,2026-09-30,SCHEDULED,540,9.0
2026-10-01T04:51:55Z,0306222026-09-30,03062,2026-09-30,SCHEDULED,540,9.0
2026-10-01T04:51:55Z,1812012026-09-30,18120,2026-09-30,SCHEDULED,-60,-1.0
2026-10-01T04:51:55Z,1812112026-09-30,18121,2026-09-30,SCHEDULED,-120,-2.0
2026-10-01T04:51:55Z,0366222026-09-30,03662,2026-09-30,SCHEDULED,180,3.0
2026-10-01T04:51:55Z,0366212026-09-30,03662,2026-09-30,SCHEDULED,180,3.0
2026-10-01T04:51:55Z,0406012026-09-30,04060,2026-09-30,SCHEDULED,-60,-1.0
2026-10-01T04:51:55Z,0408822026-10-01,04088,2026-10-01,SCHEDULED,0,0.0
2026-10-01T04:51:55Z,0429522026-09-30,04295,2026-09-30,SCHEDULED,60,1.0
2026-10-01T04:51:55Z,0429512026-09-30,04295,2026-09-30,SCHEDULED,60,1.0
2026-10-01T04:51:55Z,0446412026-10-01,04464,2026-10-01,SCHEDULED,-120,-2.0
2026-10-01T04:51:55Z,0415422026-09-30,04154,2026-09-30,SCHEDULED,60,1.0
2026-10-01T04:51:55Z,0415412026-09-30,04154,2026-09-30,SCHEDULED,60,1.0
2026-10-01T04:51:55Z,0486822026-10-01,04868,2026-10-01,SCHEDULED,0,0.0
2026-10-01T04:51:55Z,0486812026-10-01,04868,2026-10-01,SCHEDULED,0,0.0
2026-10-01T04:51:55Z,0506122026-09-30,05061,2026-09-30,SCHEDULED,-60,-1.0
2026-10-01T04:51:55Z,0506112026-09-30,05061,2026-09-30,SCHEDULED,-60,-1.0
2026-10-01T04:51:55Z,0506312026-10-01,05063,2026-10-01,SCHEDULED,60,1.0
2026-10-01T04:51:55Z,0506422026-09-30,05064,2026-09-30,SCHEDULED,300,5.0
2026-10-01T04:51:55Z,0506412026-09-30,05064,2026-09-30,SCHEDULED,300,5.0
2026-10-01T04:51:55Z,0508012026-09-30,05080,2026-09-30,SCHEDULED,0,0.0
2026-10-01T04:51:55Z,0508032026-09-30,05080,2026-09-30,SCHEDULED,0,0.0
2026-10-01T04:51:55Z,0508022026-09-30,05080,2026-09-30,SCHEDULED,0,0.0
2026-10-01T04:51:55Z,0566812026-09-30,05668,2026-09-30,SCHEDULED,0,0.0
2026-10-01T04:51:55Z,1268412026-09-30,12684,2026-09-30,CANCELED,,
2026-10-01T04:51:55Z,1269212026-09-30,12692,2026-09-30,CANCELED,,
2026-10-01T04:51:55Z,1268512026-09-30,12685,2026-09-30,CANCELED,,
2026-10-01T04:51:55Z,1705012026-09-30,17050,2026-09-30,CANCELED,,
2026-10-01T04:51:55Z,0414312026-10-01,04143,2026-10-01,CANCELED,,
2026-10-01T04:56:49Z,0587112026-09-30,05871,2026-09-30,SCHEDULED,420,7.0
2026-10-01T04:56:49Z,1308412026-09-30,13084,2026-09-30,SCHEDULED,180,3.0
2026-10-01T04:56:49Z,0805812026-09-30,08058,2026-09-30,SCHEDULED,-60,-1.0
2026-10-01T04:56:49Z,1395112026-09-30,13951,2026-09-30,SCHEDULED,120,2.0
2026-10-01T04:56:49Z,0806212026-09-30,08062,2026-09-30,SCHEDULED,60,1.0
2026-10-01T04:56:49Z,1320112026-09-30,13201,2026-09-30,SCHEDULED,60,1.0
2026-10-01T04:56:49Z,0806312026-09-30,08063,2026-09-30,SCHEDULED,180,3.0
2026-10-01T04:56:49Z,1320212026-09-30,13202,2026-09-30,SCHEDULED,0,0.0
2026-10-01T04:56:49Z,0806812026-09-30,08068,2026-09-30,SCHEDULED,60,1.0
2026-10-01T04:56:49Z,0806912026-09-30,08069,2026-09-30,SCHEDULED,180,3.0
2026-10-01T04:56:49Z,0807112026-09-30,08071,2026-09-30,SCHEDULED,240,4.0
2026-10-01T04:56:49Z,0807512026-09-30,08075,2026-09-30,SCHEDULED,300,5.0
2026-10-01T04:56:49Z,0826012026-09-30,08260,2026-09-30,SCHEDULED,-180,-3.0
2026-10-01T04:56:49Z,1412312026-09-30,14123,2026-09-30,SCHEDULED,-60,-1.0
2026-10-01T04:56:49Z,1412342026-09-30,14123,2026-09-30,SCHEDULED,-60,-1.0
2026-10-01T04:56:49Z,1412322026-09-30,14123,2026-09-30,SCHEDULED,-60,-1.0
2026-10-01T04:56:49Z,0826112026-09-30,08261,2026-09-30,SCHEDULED,120,2.0
2026-10-01T04:56:49Z,0835812026-09-30,08358,2026-09-30,SCHEDULED,240,4.0
2026-10-01T04:56:49Z,0827312026-09-30,08273,2026-09-30,SCHEDULED,240,4.0
2026-10-01T04:56:49Z,3560412026-09-30,35604,2026-09-30,SCHEDULED,0,0.0
2026-10-01T04:56:49Z,3560442026-09-30,35604,2026-09-30,SCHEDULED,0,0.0
2026-10-01T04:56:49Z,3560452026-09-30,35604,2026-09-30,SCHEDULED,0,0.0
2026-10-01T04:56:49Z,0847512026-09-30,08475,2026-09-30,SCHEDULED,120,2.0
2026-10-01T04:56:49Z,1500012026-09-30,15000,2026-09-30,SCHEDULED,360,6.0
2026-10-01T04:56:49Z,0865412026-09-30,08654,2026-09-30,SCHEDULED,-600,-10.0
2026-10-01T04:56:49Z,1500212026-09-30,15002,2026-09-30,SCHEDULED,540,9.0
2026-10-01T04:56:49Z,0866412026-09-30,08664,2026-09-30,SCHEDULED,240,4.0
2026-10-01T04:56:49Z,1504012026-09-30,15040,2026-09-30,SCHEDULED,60,1.0
2026-10-01T04:56:49Z,0807212026-09-30,08072,2026-09-30,SCHEDULED,0,0.0
2026-10-01T04:56:49Z,1505012026-09-30,15050,2026-09-30,SCHEDULED,180,3.0
2026-10-01T04:56:49Z,0906112026-09-30,09061,2026-09-30,SCHEDULED,-120,-2.0
2026-10-01T04:56:49Z,1505112026-09-30,15051,2026-09-30,SCHEDULED,0,0.0
2026-10-01T04:56:49Z,0906712026-09-30,09067,2026-09-30,SCHEDULED,180,3.0
2026-10-01T04:56:49Z,1564512026-09-30,15645,2026-09-30,SCHEDULED,0,0.0
2026-10-01T04:56:49Z,0907222026-09-30,09072,2026-09-30,SCHEDULED,180,3.0
2026-10-01T04:56:49Z,0907212026-09-30,09072,2026-09-30,SCHEDULED,180,3.0
2026-10-01T04:56:49Z,1564612026-09-30,15646,2026-09-30,SCHEDULED,300,5.0
2026-10-01T04:56:49Z,0405612026-10-01,04056,2026-10-01,SCHEDULED,120,2.0
2026-10-01T04:56:49Z,1565012026-09-30,15650,2026-09-30,SCHEDULED,240,4.0
2026-10-01T04:56:49Z,1572012026-09-30,15720,2026-09-30,SCHEDULED,1320,22.0
2026-10-01T04:56:49Z,0029122026-10-01,00291,2026-10-01,SCHEDULED,0,0.0
2026-10-01T04:56:49Z,0029112026-10-01,00291,2026-10-01,SCHEDULED,0,0.0
2026-10-01T04:56:49Z,1572212026-09-30,15722,2026-09-30,SCHEDULED,120,2.0
2026-10-01T04:56:49Z,1241112026-09-30,12411,2026-09-30,SCHEDULED,1140,19.0
2026-10-01T04:56:49Z,1575112026-09-30,15751,2026-09-30,SCHEDULED,240,4.0
2026-10-01T04:56:49Z,1248012026-09-30,12480,2026-09-30,SCHEDULED,0,0.0
2026-10-01T04:56:49Z,1577012026-09-30,15770,2026-09-30,SCHEDULED,120,2.0
2026-10-01T04:56:49Z,1261112026-09-30,12611,2026-09-30,SCHEDULED,0,0.0
2026-10-01T04:56:49Z,1577212026-09-30,15772,2026-09-30,SCHEDULED,60,1.0
2026-10-01T04:56:49Z,1300012026-09-30,13000,2026-09-30,SCHEDULED,180,3.0
2026-10-01T04:56:49Z,1585012026-09-30,15850,2026-09-30,SCHEDULED,0,0.0
2026-10-01T04:56:49Z,1300112026-09-30,13001,2026-09-30,SCHEDULED,360,6.0
2026-10-01T04:56:49Z,1590012026-09-30,15900,2026-09-30,SCHEDULED,540,9.0
2026-10-01T04:56:49Z,1601812026-09-30,16018,2026-09-30,SCHEDULED,0,0.0
2026-10-01T04:56:49Z,1300312026-09-30,13003,2026-09-30,SCHEDULED,0,0.0
2026-10-01T04:56:49Z,1702112026-09-30,17021,2026-09-30,SCHEDULED,240,4.0
2026-10-01T04:56:49Z,1303012026-09-30,13030,2026-09-30,SCHEDULED,60,1.0
2026-10-01T04:56:49Z,1703012026-09-30,17030,2026-09-30,SCHEDULED,-120,-2.0
2026-10-01T04:56:49Z,1304112026-09-30,13041,2026-09-30,SCHEDULED,0,0.0
2026-10-01T04:56:49Z,1710012026-09-30,17100,2026-09-30,SCHEDULED,120,2.0
2026-10-01T04:56:49Z,1305112026-09-30,13051,2026-09-30,SCHEDULED,60,1.0
2026-10-01T04:56:49Z,1720112026-09-30,17201,2026-09-30,SCHEDULED,120,2.0
2026-10-01T04:56:49Z,1750312026-09-30,17503,2026-09-30,SCHEDULED,60,1.0
2026-10-01T04:56:49Z,0411422026-10-01,04114,2026-10-01,SCHEDULED,-360,-6.0
2026-10-01T04:56:49Z,0411412026-10-01,04114,2026-10-01,SCHEDULED,-360,-6.0
2026-10-01T04:56:49Z,1770312026-09-30,17703,2026-09-30,SCHEDULED,180,3.0
2026-10-01T04:56:49Z,1780612026-09-30,17806,2026-09-30,SCHEDULED,0,0.0
2026-10-01T04:56:49Z,0075222026-10-01,00752,2026-10-01,SCHEDULED,0,0.0
2026-10-01T04:56:49Z,0075212026-10-01,00752,2026-10-01,SCHEDULED,0,0.0
2026-10-01T04:56:49Z,1781512026-09-30,17815,2026-09-30,SCHEDULED,0,0.0
2026-10-01T04:56:49Z,1800112026-09-30,18001,2026-09-30,SCHEDULED,60,1.0
2026-10-01T04:56:49Z,0075222026-10-01,00752,2026-10-01,SCHEDULED,120,2.0
2026-10-01T04:56:49Z,0075212026-10-01,00752,2026-10-01,SCHEDULED,120,2.0
2026-10-01T04:56:49Z,1804112026-10-01,18041,2026-10-01,SCHEDULED,60,1.0
2026-10-01T04:56:49Z,3460912026-09-30,34609,2026-09-30,SCHEDULED,240,4.0
2026-10-01T04:56:49Z,1804612026-09-30,18046,2026-09-30,SCHEDULED,120,2.0
2026-10-01T04:56:49Z,0107212026-09-30,01072,2026-09-30,SCHEDULED,600,10.0
2026-10-01T04:56:49Z,1704312026-09-30,17043,2026-09-30,SCHEDULED,1800,30.0
2026-10-01T04:56:49Z,0206112026-09-30,02061,2026-09-30,SCHEDULED,480,8.0
2026-10-01T04:56:49Z,1805412026-09-30,18054,2026-09-30,SCHEDULED,120,2.0
2026-10-01T04:56:49Z,0206312026-09-30,02063,2026-09-30,SCHEDULED,-60,-1.0
2026-10-01T04:56:49Z,1806812026-09-30,18068,2026-09-30,SCHEDULED,-60,-1.0
2026-10-01T04:56:49Z,0206712026-09-30,02067,2026-09-30,SCHEDULED,-120,-2.0
2026-10-01T04:56:49Z,1807112026-09-30,18071,2026-09-30,SCHEDULED,300,5.0
2026-10-01T04:56:49Z,0207512026-10-01,02075,2026-10-01,SCHEDULED,240,4.0
2026-10-01T04:56:49Z,1807212026-09-30,18072,2026-09-30,SCHEDULED,60,1.0
2026-10-01T04:56:49Z,0226112026-09-30,02261,2026-09-30,SCHEDULED,240,4.0
2026-10-01T04:56:49Z,0305212026-09-30,03052,2026-09-30,SCHEDULED,240,4.0
2026-10-01T04:56:49Z,1800212026-09-30,18002,2026-09-30,SCHEDULED,120,2.0
2026-10-01T04:56:49Z,0306012026-09-30,03060,2026-09-30,SCHEDULED,240,4.0
2026-10-01T04:56:49Z,1806612026-09-30,18066,2026-09-30,SCHEDULED,240,4.0
2026-10-01T04:56:49Z,0330112026-09-30,03301,2026-09-30,SCHEDULED,120,2.0
2026-10-01T04:56:49Z,1812012026-09-30,18120,2026-09-30,SCHEDULED,-120,-2.0
2026-10-01T04:56:49Z,1812112026-09-30,18121,2026-09-30,SCHEDULED,0,0.0
2026-10-01T04:56:49Z,1831012026-09-30,18310,2026-09-30,SCHEDULED,-120,-2.0
2026-10-01T04:56:49Z,1877312026-09-30,18773,2026-09-30,SCHEDULED,120,2.0
2026-10-01T04:56:49Z,0306242026-09-30,03062,2026-09-30,SCHEDULED,240,4.0
2026-10-01T04:56:49Z,0306232026-09-30,03062,2026-09-30,SCHEDULED,240,4.0
2026-10-01T04:56:49Z,0306212026-09-30,03062,2026-09-30,SCHEDULED,240,4.0
2026-10-01T04:56:49Z,0306222026-09-30,03062,2026-09-30,SCHEDULED,240,4.0
2026-10-01T04:56:49Z,3586912026-09-30,35869,2026-09-30,SCHEDULED,240,4.0
2026-10-01T04:56:49Z,1891012026-09-30,18910,2026-09-30,SCHEDULED,240,4.0
2026-10-01T04:56:49Z,1443312026-09-30,14433,2026-09-30,SCHEDULED,660,11.0
2026-10-01T04:56:49Z,0306312026-09-30,03063,2026-09-30,SCHEDULED,120,2.0
2026-10-01T04:56:49Z,0306322026-09-30,03063,2026-09-30,SCHEDULED,120,2.0
2026-10-01T04:56:49Z,0306332026-09-30,03063,2026-09-30,SCHEDULED,120,2.0
2026-10-01T04:56:49Z,1530912026-09-30,15309,2026-09-30,SCHEDULED,60,1.0
2026-10-01T04:56:49Z,1503022026-09-30,15030,2026-09-30,SCHEDULED,-120,-2.0
2026-10-01T04:56:49Z,1503112026-09-30,15031,2026-09-30,SCHEDULED,120,2.0
2026-10-01T04:56:49Z,0306242026-09-30,03062,2026-09-30,SCHEDULED,600,10.0
2026-10-01T04:56:49Z,0306232026-09-30,03062,2026-09-30,SCHEDULED,600,10.0
2026-10-01T04:56:49Z,0306212026-09-30,03062,2026-09-30,SCHEDULED,600,10.0
2026-10-01T04:56:49Z,0306222026-09-30,03062,2026-09-30,SCHEDULED,600,10.0
2026-10-01T04:56:49Z,1600012026-09-30,16000,2026-09-30,SCHEDULED,660,11.0
2026-10-01T04:56:49Z,1447012026-09-30,14470,2026-09-30,SCHEDULED,-120,-2.0
2026-10-01T04:56:49Z,0366222026-09-30,03662,2026-09-30,SCHEDULED,180,3.0
2026-10-01T04:56:49Z,0366212026-09-30,03662,2026-09-30,SCHEDULED,180,3.0
2026-10-01T04:56:49Z,0947012026-09-30,09470,2026-09-30,SCHEDULED,0,0.0
2026-10-01T04:56:49Z,0406012026-09-30,04060,2026-09-30,SCHEDULED,-60,-1.0
2026-10-01T04:56:49Z,1562012026-09-30,15620,2026-09-30,SCHEDULED,240,4.0
2026-10-01T04:56:49Z,1562112026-09-30,15621,2026-09-30,SCHEDULED,300,5.0
2026-10-01T04:56:49Z,0408822026-10-01,04088,2026-10-01,SCHEDULED,60,1.0
2026-10-01T04:56:49Z,1563012026-09-30,15630,2026-09-30,SCHEDULED,180,3.0
2026-10-01T04:56:49Z,0429522026-09-30,04295,2026-09-30,SCHEDULED,60,1.0
2026-10-01T04:56:49Z,0429512026-09-30,04295,2026-09-30,SCHEDULED,60,1.0
2026-10-01T04:56:49Z,1401812026-09-30,14018,2026-09-30,SCHEDULED,180,3.0
2026-10-01T04:56:49Z,0446412026-10-01,04464,2026-10-01,SCHEDULED,60,1.0
2026-10-01T04:56:49Z,1251212026-09-30,12512,2026-09-30,SCHEDULED,180,3.0
2026-10-01T04:56:49Z,0415422026-09-30,04154,2026-09-30,SCHEDULED,180,3.0
2026-10-01T04:56:49Z,0415412026-09-30,04154,2026-09-30,SCHEDULED,180,3.0
2026-10-01T04:56:49Z,0486822026-10-01,04868,2026-10-01,SCHEDULED,0,0.0
2026-10-01T04:56:49Z,0486812026-10-01,04868,2026-10-01,SCHEDULED,0,0.0
2026-10-01T04:56:49Z,0506122026-09-30,05061,2026-09-30,SCHEDULED,-180,-3.0
2026-10-01T04:56:49Z,0506112026-09-30,05061,2026-09-30,SCHEDULED,-180,-3.0
2026-10-01T04:56:49Z,0506312026-10-01,05063,2026-10-01,SCHEDULED,0,0.0
2026-10-01T04:56:49Z,0506422026-09-30,05064,2026-09-30,SCHEDULED,300,5.0
2026-10-01T04:56:49Z,0506412026-09-30,05064,2026-09-30,SCHEDULED,300,5.0
2026-10-01T04:56:49Z,0509222026-09-30,05092,2026-09-30,SCHEDULED,480,8.0
2026-10-01T04:56:49Z,0509212026-09-30,05092,2026-09-30,SCHEDULED,480,8.0
2026-10-01T04:56:49Z,0508012026-09-30,05080,2026-09-30,SCHEDULED,0,0.0
2026-10-01T04:56:49Z,0508032026-09-30,05080,2026-09-30,SCHEDULED,0,0.0
2026-10-01T04:56:49Z,0508022026-09-30,05080,2026-09-30,SCHEDULED,0,0.0
2026-10-01T04:56:49Z,0566812026-09-30,05668,2026-09-30,SCHEDULED,0,0.0
2026-10-01T04:56:49Z,0576312026-09-30,05763,2026-09-30,SCHEDULED,0,0.0
2026-10-01T04:56:49Z,0576322026-09-30,05763,2026-09-30,SCHEDULED,0,0.0
2026-10-01T04:56:49Z,0576332026-09-30,05763,2026-09-30,SCHEDULED,0,0.0
2026-10-01T04:56:49Z,1268412026-09-30,12684,2026-09-30,CANCELED,,
2026-10-01T04:56:49Z,1269212026-09-30,12692,2026-09-30,CANCELED,,
2026-10-01T04:56:49Z,1268512026-09-30,12685,2026-09-30,CANCELED,,
2026-10-01T04:56:49Z,1705012026-09-30,17050,2026-09-30,CANCELED,,
2026-10-01T04:56:49Z,0414312026-10-01,04143,2026-10-01,CANCELED,,
2026-10-01T05:02:19Z,1395112026-09-30,13951,2026-09-30,SCHEDULED,180,3.0
2026-10-01T05:02:19Z,1320112026-09-30,13201,2026-09-30,SCHEDULED,60,1.0
2026-10-01T05:02:19Z,1320212026-09-30,13202,2026-09-30,SCHEDULED,0,0.0
2026-10-01T05:02:19Z,0576312026-09-30,05763,2026-09-30,SCHEDULED,120,2.0
2026-10-01T05:02:19Z,0576322026-09-30,05763,2026-09-30,SCHEDULED,120,2.0
2026-10-01T05:02:19Z,0576332026-09-30,05763,2026-09-30,SCHEDULED,120,2.0
2026-10-01T05:02:19Z,0587112026-09-30,05871,2026-09-30,SCHEDULED,420,7.0
2026-10-01T05:02:19Z,0805812026-09-30,08058,2026-09-30,SCHEDULED,120,2.0
2026-10-01T05:02:19Z,0806212026-09-30,08062,2026-09-30,SCHEDULED,60,1.0
2026-10-01T05:02:19Z,0806812026-09-30,08068,2026-09-30,SCHEDULED,240,4.0
2026-10-01T05:02:19Z,1412312026-09-30,14123,2026-09-30,SCHEDULED,0,0.0
2026-10-01T05:02:19Z,1412342026-09-30,14123,2026-09-30,SCHEDULED,0,0.0
2026-10-01T05:02:19Z,1412322026-09-30,14123,2026-09-30,SCHEDULED,0,0.0
2026-10-01T05:02:19Z,0806912026-09-30,08069,2026-09-30,SCHEDULED,180,3.0
2026-10-01T05:02:19Z,0807112026-09-30,08071,2026-09-30,SCHEDULED,240,4.0
2026-10-01T05:02:19Z,0807512026-09-30,08075,2026-09-30,SCHEDULED,0,0.0
2026-10-01T05:02:19Z,0826012026-09-30,08260,2026-09-30,SCHEDULED,-180,-3.0
2026-10-01T05:02:19Z,3560412026-09-30,35604,2026-09-30,SCHEDULED,0,0.0
2026-10-01T05:02:19Z,3560442026-09-30,35604,2026-09-30,SCHEDULED,0,0.0
2026-10-01T05:02:19Z,3560452026-09-30,35604,2026-09-30,SCHEDULED,0,0.0
2026-10-01T05:02:19Z,1500012026-09-30,15000,2026-09-30,SCHEDULED,540,9.0
2026-10-01T05:02:19Z,0826112026-09-30,08261,2026-09-30,SCHEDULED,120,2.0
2026-10-01T05:02:19Z,1500112026-09-30,15001,2026-09-30,SCHEDULED,480,8.0
2026-10-01T05:02:19Z,0835812026-09-30,08358,2026-09-30,SCHEDULED,240,4.0
2026-10-01T05:02:19Z,0827312026-09-30,08273,2026-09-30,SCHEDULED,240,4.0
2026-10-01T05:02:19Z,1500212026-09-30,15002,2026-09-30,SCHEDULED,600,10.0
2026-10-01T05:02:19Z,0847512026-09-30,08475,2026-09-30,SCHEDULED,60,1.0
2026-10-01T05:02:19Z,1504012026-09-30,15040,2026-09-30,SCHEDULED,60,1.0
2026-10-01T05:02:19Z,0866412026-09-30,08664,2026-09-30,SCHEDULED,240,4.0
2026-10-01T05:02:19Z,1505012026-09-30,15050,2026-09-30,SCHEDULED,180,3.0
2026-10-01T05:02:19Z,0807212026-09-30,08072,2026-09-30,SCHEDULED,0,0.0
2026-10-01T05:02:19Z,1505112026-09-30,15051,2026-09-30,SCHEDULED,0,0.0
2026-10-01T05:02:19Z,0906112026-09-30,09061,2026-09-30,SCHEDULED,-120,-2.0
2026-10-01T05:02:19Z,1564512026-09-30,15645,2026-09-30,SCHEDULED,0,0.0
2026-10-01T05:02:19Z,1564612026-09-30,15646,2026-09-30,SCHEDULED,180,3.0
2026-10-01T05:02:19Z,0906712026-09-30,09067,2026-09-30,SCHEDULED,180,3.0
2026-10-01T05:02:19Z,1565012026-09-30,15650,2026-09-30,SCHEDULED,240,4.0
2026-10-01T05:02:19Z,1572012026-09-30,15720,2026-09-30,SCHEDULED,1380,23.0
2026-10-01T05:02:19Z,0907222026-09-30,09072,2026-09-30,SCHEDULED,120,2.0
2026-10-01T05:02:19Z,0907212026-09-30,09072,2026-09-30,SCHEDULED,120,2.0
2026-10-01T05:02:19Z,1572212026-09-30,15722,2026-09-30,SCHEDULED,120,2.0
2026-10-01T05:02:19Z,0405612026-10-01,04056,2026-10-01,SCHEDULED,60,1.0
2026-10-01T05:02:19Z,1575112026-09-30,15751,2026-09-30,SCHEDULED,240,4.0
2026-10-01T05:02:19Z,0408712026-10-01,04087,2026-10-01,SCHEDULED,240,4.0
2026-10-01T05:02:19Z,1577012026-09-30,15770,2026-09-30,SCHEDULED,180,3.0
2026-10-01T05:02:19Z,1577212026-09-30,15772,2026-09-30,SCHEDULED,-60,-1.0
2026-10-01T05:02:19Z,0029122026-10-01,00291,2026-10-01,SCHEDULED,-120,-2.0
2026-10-01T05:02:19Z,0029112026-10-01,00291,2026-10-01,SCHEDULED,-120,-2.0
2026-10-01T05:02:19Z,1585012026-09-30,15850,2026-09-30,SCHEDULED,60,1.0
2026-10-01T05:02:19Z,1241112026-09-30,12411,2026-09-30,SCHEDULED,1140,19.0
2026-10-01T05:02:19Z,1590012026-09-30,15900,2026-09-30,SCHEDULED,540,9.0
2026-10-01T05:02:19Z,1248012026-09-30,12480,2026-09-30,SCHEDULED,0,0.0
2026-10-01T05:02:19Z,1601812026-09-30,16018,2026-09-30,SCHEDULED,0,0.0
2026-10-01T05:02:19Z,1261112026-09-30,12611,2026-09-30,SCHEDULED,120,2.0
2026-10-01T05:02:19Z,1702112026-09-30,17021,2026-09-30,SCHEDULED,240,4.0
2026-10-01T05:02:19Z,1300012026-09-30,13000,2026-09-30,SCHEDULED,180,3.0
2026-10-01T05:02:19Z,1703012026-09-30,17030,2026-09-30,SCHEDULED,-120,-2.0
2026-10-01T05:02:19Z,1300112026-09-30,13001,2026-09-30,SCHEDULED,360,6.0
2026-10-01T05:02:19Z,1710012026-09-30,17100,2026-09-30,SCHEDULED,180,3.0
2026-10-01T05:02:19Z,1300312026-09-30,13003,2026-09-30,SCHEDULED,0,0.0
2026-10-01T05:02:19Z,1720112026-09-30,17201,2026-09-30,SCHEDULED,120,2.0
2026-10-01T05:02:19Z,1303012026-09-30,13030,2026-09-30,SCHEDULED,60,1.0
2026-10-01T05:02:19Z,1750312026-09-30,17503,2026-09-30,SCHEDULED,-120,-2.0
2026-10-01T05:02:19Z,1304112026-09-30,13041,2026-09-30,SCHEDULED,-120,-2.0
2026-10-01T05:02:19Z,1770312026-09-30,17703,2026-09-30,SCHEDULED,180,3.0
2026-10-01T05:02:19Z,1305112026-09-30,13051,2026-09-30,SCHEDULED,60,1.0
2026-10-01T05:02:19Z,1780612026-09-30,17806,2026-09-30,SCHEDULED,0,0.0
2026-10-01T05:02:19Z,1781512026-09-30,17815,2026-09-30,SCHEDULED,0,0.0
2026-10-01T05:02:19Z,1308412026-09-30,13084,2026-09-30,SCHEDULED,240,4.0
2026-10-01T05:02:19Z,1800112026-09-30,18001,2026-09-30,SCHEDULED,120,2.0
2026-10-01T05:02:19Z,1804112026-10-01,18041,2026-10-01,SCHEDULED,60,1.0
2026-10-01T05:02:19Z,0411422026-10-01,04114,2026-10-01,SCHEDULED,-360,-6.0
2026-10-01T05:02:19Z,0411412026-10-01,04114,2026-10-01,SCHEDULED,-360,-6.0
2026-10-01T05:02:19Z,1804612026-09-30,18046,2026-09-30,SCHEDULED,60,1.0
2026-10-01T05:02:19Z,1704312026-09-30,17043,2026-09-30,SCHEDULED,1740,29.0
2026-10-01T05:02:19Z,0075222026-10-01,00752,2026-10-01,SCHEDULED,0,0.0
2026-10-01T05:02:19Z,0075212026-10-01,00752,2026-10-01,SCHEDULED,0,0.0
2026-10-01T05:02:19Z,1805412026-09-30,18054,2026-09-30,SCHEDULED,120,2.0
2026-10-01T05:02:19Z,1806812026-09-30,18068,2026-09-30,SCHEDULED,0,0.0
2026-10-01T05:02:19Z,0075222026-10-01,00752,2026-10-01,SCHEDULED,60,1.0
2026-10-01T05:02:19Z,0075212026-10-01,00752,2026-10-01,SCHEDULED,60,1.0
2026-10-01T05:02:19Z,1807112026-09-30,18071,2026-09-30,SCHEDULED,360,6.0
2026-10-01T05:02:19Z,3460912026-09-30,34609,2026-09-30,SCHEDULED,300,5.0
2026-10-01T05:02:19Z,1807212026-09-30,18072,2026-09-30,SCHEDULED,0,0.0
2026-10-01T05:02:19Z,0107212026-09-30,01072,2026-09-30,SCHEDULED,720,12.0
2026-10-01T05:02:19Z,0109212026-10-01,01092,2026-10-01,SCHEDULED,120,2.0
2026-10-01T05:02:19Z,1800212026-09-30,18002,2026-09-30,SCHEDULED,60,1.0
2026-10-01T05:02:19Z,0206112026-09-30,02061,2026-09-30,SCHEDULED,480,8.0
2026-10-01T05:02:19Z,1806612026-09-30,18066,2026-09-30,SCHEDULED,240,4.0
2026-10-01T05:02:19Z,0206312026-09-30,02063,2026-09-30,SCHEDULED,360,6.0
2026-10-01T05:02:19Z,1812012026-09-30,18120,2026-09-30,SCHEDULED,-120,-2.0
2026-10-01T05:02:19Z,0206712026-09-30,02067,2026-09-30,SCHEDULED,-120,-2.0
2026-10-01T05:02:19Z,1812112026-09-30,18121,2026-09-30,SCHEDULED,0,0.0
2026-10-01T05:02:19Z,0207512026-10-01,02075,2026-10-01,SCHEDULED,120,2.0
2026-10-01T05:02:19Z,1831012026-09-30,18310,2026-09-30,SCHEDULED,-120,-2.0
2026-10-01T05:02:19Z,0226112026-09-30,02261,2026-09-30,SCHEDULED,240,4.0
2026-10-01T05:02:19Z,1833112026-09-30,18331,2026-09-30,SCHEDULED,60,1.0
2026-10-01T05:02:19Z,0305212026-09-30,03052,2026-09-30,SCHEDULED,300,5.0
2026-10-01T05:02:19Z,1877312026-09-30,18773,2026-09-30,SCHEDULED,60,1.0
2026-10-01T05:02:19Z,0306012026-09-30,03060,2026-09-30,SCHEDULED,240,4.0
2026-10-01T05:02:19Z,3586912026-09-30,35869,2026-09-30,SCHEDULED,180,3.0
2026-10-01T05:02:19Z,0330112026-09-30,03301,2026-09-30,SCHEDULED,60,1.0
2026-10-01T05:02:19Z,1891012026-09-30,18910,2026-09-30,SCHEDULED,300,5.0
2026-10-01T05:02:19Z,1443312026-09-30,14433,2026-09-30,SCHEDULED,780,13.0
2026-10-01T05:02:19Z,1530912026-09-30,15309,2026-09-30,SCHEDULED,60,1.0
2026-10-01T05:02:19Z,1503022026-09-30,15030,2026-09-30,SCHEDULED,0,0.0
2026-10-01T05:02:19Z,0306242026-09-30,03062,2026-09-30,SCHEDULED,240,4.0
2026-10-01T05:02:19Z,0306232026-09-30,03062,2026-09-30,SCHEDULED,240,4.0
2026-10-01T05:02:19Z,0306212026-09-30,03062,2026-09-30,SCHEDULED,240,4.0
2026-10-01T05:02:19Z,0306222026-09-30,03062,2026-09-30,SCHEDULED,240,4.0
2026-10-01T05:02:19Z,1503112026-09-30,15031,2026-09-30,SCHEDULED,120,2.0
2026-10-01T05:02:19Z,1600012026-09-30,16000,2026-09-30,SCHEDULED,780,13.0
2026-10-01T05:02:19Z,0306312026-09-30,03063,2026-09-30,SCHEDULED,120,2.0
2026-10-01T05:02:19Z,0306322026-09-30,03063,2026-09-30,SCHEDULED,120,2.0
2026-10-01T05:02:19Z,0306332026-09-30,03063,2026-09-30,SCHEDULED,120,2.0
2026-10-01T05:02:19Z,0947012026-09-30,09470,2026-09-30,SCHEDULED,0,0.0
2026-10-01T05:02:19Z,1562012026-09-30,15620,2026-09-30,SCHEDULED,240,4.0
2026-10-01T05:02:19Z,0306242026-09-30,03062,2026-09-30,SCHEDULED,480,8.0
2026-10-01T05:02:19Z,0306232026-09-30,03062,2026-09-30,SCHEDULED,480,8.0
2026-10-01T05:02:19Z,0306212026-09-30,03062,2026-09-30,SCHEDULED,480,8.0
2026-10-01T05:02:19Z,0306222026-09-30,03062,2026-09-30,SCHEDULED,480,8.0
2026-10-01T05:02:19Z,1562112026-09-30,15621,2026-09-30,SCHEDULED,300,5.0
2026-10-01T05:02:19Z,1563012026-09-30,15630,2026-09-30,SCHEDULED,180,3.0
2026-10-01T05:02:19Z,0366222026-09-30,03662,2026-09-30,SCHEDULED,180,3.0
2026-10-01T05:02:19Z,0366212026-09-30,03662,2026-09-30,SCHEDULED,180,3.0
2026-10-01T05:02:19Z,1401812026-09-30,14018,2026-09-30,SCHEDULED,180,3.0
2026-10-01T05:02:19Z,0406012026-09-30,04060,2026-09-30,SCHEDULED,-180,-3.0
2026-10-01T05:02:19Z,1251212026-09-30,12512,2026-09-30,SCHEDULED,180,3.0
2026-10-01T05:02:19Z,7180012026-09-30,71800,2026-09-30,SCHEDULED,0,0.0
2026-10-01T05:02:19Z,0418612026-10-01,04186,2026-10-01,SCHEDULED,120,2.0
2026-10-01T05:02:19Z,0418642026-10-01,04186,2026-10-01,SCHEDULED,120,2.0
2026-10-01T05:02:19Z,0418622026-10-01,04186,2026-10-01,SCHEDULED,120,2.0
2026-10-01T05:02:19Z,0408822026-10-01,04088,2026-10-01,SCHEDULED,60,1.0
2026-10-01T05:02:19Z,0429522026-09-30,04295,2026-09-30,SCHEDULED,60,1.0
2026-10-01T05:02:19Z,0429512026-09-30,04295,2026-09-30,SCHEDULED,60,1.0
2026-10-01T05:02:19Z,0446412026-10-01,04464,2026-10-01,SCHEDULED,60,1.0
2026-10-01T05:02:19Z,0415422026-09-30,04154,2026-09-30,SCHEDULED,180,3.0
2026-10-01T05:02:19Z,0415412026-09-30,04154,2026-09-30,SCHEDULED,180,3.0
2026-10-01T05:02:19Z,0486822026-10-01,04868,2026-10-01,SCHEDULED,0,0.0
2026-10-01T05:02:19Z,0486812026-10-01,04868,2026-10-01,SCHEDULED,0,0.0
2026-10-01T05:02:19Z,0506122026-09-30,05061,2026-09-30,SCHEDULED,60,1.0
2026-10-01T05:02:19Z,0506112026-09-30,05061,2026-09-30,SCHEDULED,60,1.0
2026-10-01T05:02:19Z,0506312026-10-01,05063,2026-10-01,SCHEDULED,0,0.0
2026-10-01T05:02:19Z,0506422026-09-30,05064,2026-09-30,SCHEDULED,360,6.0
2026-10-01T05:02:19Z,0506412026-09-30,05064,2026-09-30,SCHEDULED,360,6.0
2026-10-01T05:02:19Z,0509222026-09-30,05092,2026-09-30,SCHEDULED,480,8.0
2026-10-01T05:02:19Z,0509212026-09-30,05092,2026-09-30,SCHEDULED,480,8.0
2026-10-01T05:02:19Z,0508012026-09-30,05080,2026-09-30,SCHEDULED,0,0.0
2026-10-01T05:02:19Z,0508032026-09-30,05080,2026-09-30,SCHEDULED,0,0.0
2026-10-01T05:02:19Z,0508022026-09-30,05080,2026-09-30,SCHEDULED,0,0.0
2026-10-01T05:02:19Z,0566812026-09-30,05668,2026-09-30,SCHEDULED,0,0.0
2026-10-01T05:02:19Z,1268412026-09-30,12684,2026-09-30,CANCELED,,
2026-10-01T05:02:19Z,1269212026-09-30,12692,2026-09-30,CANCELED,,
2026-10-01T05:02:19Z,1268512026-09-30,12685,2026-09-30,CANCELED,,
2026-10-01T05:02:19Z,1705012026-09-30,17050,2026-09-30,CANCELED,,
2026-10-01T05:02:19Z,0414312026-10-01,04143,2026-10-01,CANCELED,,
2026-10-01T05:06:56Z,0507212026-09-30,05072,2026-09-30,SCHEDULED,120,2.0
2026-10-01T05:06:56Z,1304112026-09-30,13041,2026-09-30,SCHEDULED,-120,-2.0
2026-10-01T05:06:56Z,1305112026-09-30,13051,2026-09-30,SCHEDULED,60,1.0
2026-10-01T05:06:56Z,0509222026-09-30,05092,2026-09-30,SCHEDULED,480,8.0
2026-10-01T05:06:56Z,0509212026-09-30,05092,2026-09-30,SCHEDULED,480,8.0
2026-10-01T05:06:56Z,1308412026-09-30,13084,2026-09-30,SCHEDULED,240,4.0
2026-10-01T05:06:56Z,1395112026-09-30,13951,2026-09-30,SCHEDULED,180,3.0
2026-10-01T05:06:56Z,1320112026-09-30,13201,2026-09-30,SCHEDULED,120,2.0
2026-10-01T05:06:56Z,0508012026-09-30,05080,2026-09-30,SCHEDULED,120,2.0
2026-10-01T05:06:56Z,0508032026-09-30,05080,2026-09-30,SCHEDULED,120,2.0
2026-10-01T05:06:56Z,0508022026-09-30,05080,2026-09-30,SCHEDULED,120,2.0
2026-10-01T05:06:56Z,1390012026-09-30,13900,2026-09-30,SCHEDULED,60,1.0
2026-10-01T05:06:56Z,0566812026-09-30,05668,2026-09-30,SCHEDULED,-60,-1.0
2026-10-01T05:06:56Z,1390112026-09-30,13901,2026-09-30,SCHEDULED,60,1.0
2026-10-01T05:06:56Z,0576312026-09-30,05763,2026-09-30,SCHEDULED,0,0.0
2026-10-01T05:06:56Z,0576322026-09-30,05763,2026-09-30,SCHEDULED,0,0.0
2026-10-01T05:06:56Z,0576332026-09-30,05763,2026-09-30,SCHEDULED,0,0.0
2026-10-01T05:06:56Z,0587112026-09-30,05871,2026-09-30,SCHEDULED,420,7.0
2026-10-01T05:06:56Z,1412312026-09-30,14123,2026-09-30,SCHEDULED,-60,-1.0
2026-10-01T05:06:56Z,1412342026-09-30,14123,2026-09-30,SCHEDULED,-60,-1.0
2026-10-01T05:06:56Z,1412322026-09-30,14123,2026-09-30,SCHEDULED,-60,-1.0
2026-10-01T05:06:56Z,0805812026-09-30,08058,2026-09-30,SCHEDULED,120,2.0
2026-10-01T05:06:56Z,0806212026-09-30,08062,2026-09-30,SCHEDULED,60,1.0
2026-10-01T05:06:56Z,0806812026-09-30,08068,2026-09-30,SCHEDULED,240,4.0
2026-10-01T05:06:56Z,0806912026-09-30,08069,2026-09-30,SCHEDULED,180,3.0
2026-10-01T05:06:56Z,3560412026-09-30,35604,2026-09-30,SCHEDULED,0,0.0
2026-10-01T05:06:56Z,3560442026-09-30,35604,2026-09-30,SCHEDULED,0,0.0
2026-10-01T05:06:56Z,3560452026-09-30,35604,2026-09-30,SCHEDULED,0,0.0
2026-10-01T05:06:56Z,0807112026-09-30,08071,2026-09-30,SCHEDULED,240,4.0
2026-10-01T05:06:56Z,1500012026-09-30,15000,2026-09-30,SCHEDULED,420,7.0
2026-10-01T05:06:56Z,0807512026-09-30,08075,2026-09-30,SCHEDULED,120,2.0
2026-10-01T05:06:56Z,1500112026-09-30,15001,2026-09-30,SCHEDULED,600,10.0
2026-10-01T05:06:56Z,0826012026-09-30,08260,2026-09-30,SCHEDULED,-300,-5.0
2026-10-01T05:06:56Z,1500212026-09-30,15002,2026-09-30,SCHEDULED,660,11.0
2026-10-01T05:06:56Z,0826112026-09-30,08261,2026-09-30,SCHEDULED,240,4.0
2026-10-01T05:06:56Z,1504012026-09-30,15040,2026-09-30,SCHEDULED,-300,-5.0
2026-10-01T05:06:56Z,0835812026-09-30,08358,2026-09-30,SCHEDULED,60,1.0
2026-10-01T05:06:56Z,1505012026-09-30,15050,2026-09-30,SCHEDULED,180,3.0
2026-10-01T05:06:56Z,0827312026-09-30,08273,2026-09-30,SCHEDULED,120,2.0
2026-10-01T05:06:56Z,1505112026-09-30,15051,2026-09-30,SCHEDULED,0,0.0
2026-10-01T05:06:56Z,0847512026-09-30,08475,2026-09-30,SCHEDULED,0,0.0
2026-10-01T05:06:56Z,1564512026-09-30,15645,2026-09-30,SCHEDULED,0,0.0
2026-10-01T05:06:56Z,0866412026-09-30,08664,2026-09-30,SCHEDULED,240,4.0
2026-10-01T05:06:56Z,1564612026-09-30,15646,2026-09-30,SCHEDULED,240,4.0
2026-10-01T05:06:56Z,0807212026-09-30,08072,2026-09-30,SCHEDULED,-120,-2.0
2026-10-01T05:06:56Z,1565012026-09-30,15650,2026-09-30,SCHEDULED,240,4.0
2026-10-01T05:06:56Z,0906112026-09-30,09061,2026-09-30,SCHEDULED,-120,-2.0
2026-10-01T05:06:56Z,1572012026-09-30,15720,2026-09-30,SCHEDULED,1380,23.0
2026-10-01T05:06:56Z,1572212026-09-30,15722,2026-09-30,SCHEDULED,600,10.0
2026-10-01T05:06:56Z,0906712026-09-30,09067,2026-09-30,SCHEDULED,240,4.0
2026-10-01T05:06:56Z,1575112026-09-30,15751,2026-09-30,SCHEDULED,300,5.0
2026-10-01T05:06:56Z,0907222026-09-30,09072,2026-09-30,SCHEDULED,120,2.0
2026-10-01T05:06:56Z,0907212026-09-30,09072,2026-09-30,SCHEDULED,120,2.0
2026-10-01T05:06:56Z,1577012026-09-30,15770,2026-09-30,SCHEDULED,180,3.0
2026-10-01T05:06:56Z,0907512026-09-30,09075,2026-09-30,SCHEDULED,60,1.0
2026-10-01T05:06:56Z,1577212026-09-30,15772,2026-09-30,SCHEDULED,0,0.0
2026-10-01T05:06:56Z,0405612026-10-01,04056,2026-10-01,SCHEDULED,60,1.0
2026-10-01T05:06:56Z,1585012026-09-30,15850,2026-09-30,SCHEDULED,120,2.0
2026-10-01T05:06:56Z,0408712026-10-01,04087,2026-10-01,SCHEDULED,240,4.0
2026-10-01T05:06:56Z,1590012026-09-30,15900,2026-09-30,SCHEDULED,600,10.0
2026-10-01T05:06:56Z,1601812026-09-30,16018,2026-09-30,SCHEDULED,240,4.0
2026-10-01T05:06:56Z,0029122026-10-01,00291,2026-10-01,SCHEDULED,-180,-3.0
2026-10-01T05:06:56Z,0029112026-10-01,00291,2026-10-01,SCHEDULED,-180,-3.0
2026-10-01T05:06:56Z,1702112026-09-30,17021,2026-09-30,SCHEDULED,240,4.0
2026-10-01T05:06:56Z,1241112026-09-30,12411,2026-09-30,SCHEDULED,1440,24.0
2026-10-01T05:06:56Z,1703012026-09-30,17030,2026-09-30,SCHEDULED,0,0.0
2026-10-01T05:06:56Z,1710012026-09-30,17100,2026-09-30,SCHEDULED,180,3.0
2026-10-01T05:06:56Z,1248012026-09-30,12480,2026-09-30,SCHEDULED,0,0.0
2026-10-01T05:06:56Z,1261112026-09-30,12611,2026-09-30,SCHEDULED,120,2.0
2026-10-01T05:06:56Z,1712112026-09-30,17121,2026-09-30,SCHEDULED,60,1.0
2026-10-01T05:06:56Z,1300012026-09-30,13000,2026-09-30,SCHEDULED,180,3.0
2026-10-01T05:06:56Z,1720112026-09-30,17201,2026-09-30,SCHEDULED,60,1.0
2026-10-01T05:06:56Z,1300112026-09-30,13001,2026-09-30,SCHEDULED,180,3.0
2026-10-01T05:06:56Z,1722712026-09-30,17227,2026-09-30,SCHEDULED,60,1.0
2026-10-01T05:06:56Z,1300312026-09-30,13003,2026-09-30,SCHEDULED,0,0.0
2026-10-01T05:06:56Z,1750312026-09-30,17503,2026-09-30,SCHEDULED,60,1.0
2026-10-01T05:06:56Z,1770312026-09-30,17703,2026-09-30,SCHEDULED,180,3.0
2026-10-01T05:06:56Z,1303012026-09-30,13030,2026-09-30,SCHEDULED,60,1.0
2026-10-01T05:06:56Z,1780612026-09-30,17806,2026-09-30,SCHEDULED,0,0.0
2026-10-01T05:06:56Z,1781512026-09-30,17815,2026-09-30,SCHEDULED,0,0.0
2026-10-01T05:06:56Z,0411422026-10-01,04114,2026-10-01,SCHEDULED,240,4.0
2026-10-01T05:06:56Z,0411412026-10-01,04114,2026-10-01,SCHEDULED,240,4.0
2026-10-01T05:06:56Z,1800112026-09-30,18001,2026-09-30,SCHEDULED,240,4.0
2026-10-01T05:06:56Z,1804112026-10-01,18041,2026-10-01,SCHEDULED,0,0.0
2026-10-01T05:06:56Z,0075222026-10-01,00752,2026-10-01,SCHEDULED,0,0.0
2026-10-01T05:06:56Z,0075212026-10-01,00752,2026-10-01,SCHEDULED,0,0.0
2026-10-01T05:06:56Z,1804612026-09-30,18046,2026-09-30,SCHEDULED,60,1.0
2026-10-01T05:06:56Z,0075222026-10-01,00752,2026-10-01,SCHEDULED,120,2.0
2026-10-01T05:06:56Z,0075212026-10-01,00752,2026-10-01,SCHEDULED,120,2.0
2026-10-01T05:06:56Z,1704312026-09-30,17043,2026-09-30,SCHEDULED,1740,29.0
2026-10-01T05:06:56Z,3460912026-09-30,34609,2026-09-30,SCHEDULED,300,5.0
2026-10-01T05:06:56Z,1806812026-09-30,18068,2026-09-30,SCHEDULED,-60,-1.0
2026-10-01T05:06:56Z,0107212026-09-30,01072,2026-09-30,SCHEDULED,900,15.0
2026-10-01T05:06:56Z,1807112026-09-30,18071,2026-09-30,SCHEDULED,360,6.0
2026-10-01T05:06:56Z,0109212026-10-01,01092,2026-10-01,SCHEDULED,60,1.0
2026-10-01T05:06:56Z,1807212026-09-30,18072,2026-09-30,SCHEDULED,-120,-2.0
2026-10-01T05:06:56Z,0206112026-09-30,02061,2026-09-30,SCHEDULED,540,9.0
2026-10-01T05:06:56Z,0206312026-09-30,02063,2026-09-30,SCHEDULED,360,6.0
2026-10-01T05:06:56Z,1800212026-09-30,18002,2026-09-30,SCHEDULED,120,2.0
2026-10-01T05:06:56Z,0206712026-09-30,02067,2026-09-30,SCHEDULED,0,0.0
2026-10-01T05:06:56Z,1806612026-09-30,18066,2026-09-30,SCHEDULED,240,4.0
2026-10-01T05:06:56Z,0207012026-09-30,02070,2026-09-30,SCHEDULED,60,1.0
2026-10-01T05:06:56Z,1812012026-09-30,18120,2026-09-30,SCHEDULED,60,1.0
2026-10-01T05:06:56Z,1812112026-09-30,18121,2026-09-30,SCHEDULED,0,0.0
2026-10-01T05:06:56Z,0207312026-09-30,02073,2026-09-30,SCHEDULED,120,2.0
2026-10-01T05:06:56Z,0207512026-10-01,02075,2026-10-01,SCHEDULED,120,2.0
2026-10-01T05:06:56Z,1821612026-09-30,18216,2026-09-30,SCHEDULED,-60,-1.0
2026-10-01T05:06:56Z,0226112026-09-30,02261,2026-09-30,SCHEDULED,480,8.0
2026-10-01T05:06:56Z,1833112026-09-30,18331,2026-09-30,SCHEDULED,60,1.0
2026-10-01T05:06:56Z,0305212026-09-30,03052,2026-09-30,SCHEDULED,240,4.0
2026-10-01T05:06:56Z,1877312026-09-30,18773,2026-09-30,SCHEDULED,60,1.0
2026-10-01T05:06:56Z,0306012026-09-30,03060,2026-09-30,SCHEDULED,360,6.0
2026-10-01T05:06:56Z,3586912026-09-30,35869,2026-09-30,SCHEDULED,240,4.0
2026-10-01T05:06:56Z,0330112026-09-30,03301,2026-09-30,SCHEDULED,60,1.0
2026-10-01T05:06:56Z,1891012026-09-30,18910,2026-09-30,SCHEDULED,420,7.0
2026-10-01T05:06:56Z,1443312026-09-30,14433,2026-09-30,SCHEDULED,780,13.0
2026-10-01T05:06:56Z,1530912026-09-30,15309,2026-09-30,SCHEDULED,120,2.0
2026-10-01T05:06:56Z,1503022026-09-30,15030,2026-09-30,SCHEDULED,-120,-2.0
2026-10-01T05:06:56Z,0306242026-09-30,03062,2026-09-30,SCHEDULED,240,4.0
2026-10-01T05:06:56Z,0306232026-09-30,03062,2026-09-30,SCHEDULED,240,4.0
2026-10-01T05:06:56Z,0306212026-09-30,03062,2026-09-30,SCHEDULED,240,4.0
2026-10-01T05:06:56Z,0306222026-09-30,03062,2026-09-30,SCHEDULED,240,4.0
2026-10-01T05:06:56Z,1503112026-09-30,15031,2026-09-30,SCHEDULED,240,4.0
2026-10-01T05:06:56Z,1600012026-09-30,16000,2026-09-30,SCHEDULED,900,15.0
2026-10-01T05:06:56Z,0947012026-09-30,09470,2026-09-30,SCHEDULED,0,0.0
2026-10-01T05:06:56Z,0306312026-09-30,03063,2026-09-30,SCHEDULED,120,2.0
2026-10-01T05:06:56Z,0306322026-09-30,03063,2026-09-30,SCHEDULED,120,2.0
2026-10-01T05:06:56Z,0306332026-09-30,03063,2026-09-30,SCHEDULED,120,2.0
2026-10-01T05:06:56Z,1562012026-09-30,15620,2026-09-30,SCHEDULED,240,4.0
2026-10-01T05:06:56Z,0307012026-09-30,03070,2026-09-30,SCHEDULED,0,0.0
2026-10-01T05:06:56Z,1562112026-09-30,15621,2026-09-30,SCHEDULED,300,5.0
2026-10-01T05:06:56Z,0307112026-09-30,03071,2026-09-30,SCHEDULED,180,3.0
2026-10-01T05:06:56Z,1563012026-09-30,15630,2026-09-30,SCHEDULED,240,4.0
2026-10-01T05:06:56Z,1401812026-09-30,14018,2026-09-30,SCHEDULED,60,1.0
2026-10-01T05:06:56Z,1251212026-09-30,12512,2026-09-30,SCHEDULED,300,5.0
2026-10-01T05:06:56Z,0306242026-09-30,03062,2026-09-30,SCHEDULED,540,9.0
2026-10-01T05:06:56Z,0306232026-09-30,03062,2026-09-30,SCHEDULED,540,9.0
2026-10-01T05:06:56Z,0306212026-09-30,03062,2026-09-30,SCHEDULED,540,9.0
2026-10-01T05:06:56Z,0306222026-09-30,03062,2026-09-30,SCHEDULED,540,9.0
2026-10-01T05:06:56Z,7180012026-09-30,71800,2026-09-30,SCHEDULED,0,0.0
2026-10-01T05:06:56Z,0366222026-09-30,03662,2026-09-30,SCHEDULED,300,5.0
2026-10-01T05:06:56Z,0366212026-09-30,03662,2026-09-30,SCHEDULED,300,5.0
2026-10-01T05:06:56Z,0406012026-09-30,04060,2026-09-30,SCHEDULED,-180,-3.0
2026-10-01T05:06:56Z,0426112026-10-01,04261,2026-10-01,SCHEDULED,60,1.0
2026-10-01T05:06:56Z,0418612026-10-01,04186,2026-10-01,SCHEDULED,120,2.0
2026-10-01T05:06:56Z,0418642026-10-01,04186,2026-10-01,SCHEDULED,120,2.0
2026-10-01T05:06:56Z,0418622026-10-01,04186,2026-10-01,SCHEDULED,120,2.0
2026-10-01T05:06:56Z,0408822026-10-01,04088,2026-10-01,SCHEDULED,60,1.0
2026-10-01T05:06:56Z,0429522026-09-30,04295,2026-09-30,SCHEDULED,0,0.0
2026-10-01T05:06:56Z,0429512026-09-30,04295,2026-09-30,SCHEDULED,0,0.0
2026-10-01T05:06:56Z,0446412026-10-01,04464,2026-10-01,SCHEDULED,60,1.0
2026-10-01T05:06:56Z,0415422026-09-30,04154,2026-09-30,SCHEDULED,180,3.0
2026-10-01T05:06:56Z,0415412026-09-30,04154,2026-09-30,SCHEDULED,180,3.0
2026-10-01T05:06:56Z,0486822026-10-01,04868,2026-10-01,SCHEDULED,60,1.0
2026-10-01T05:06:56Z,0486812026-10-01,04868,2026-10-01,SCHEDULED,60,1.0
2026-10-01T05:06:56Z,0506122026-09-30,05061,2026-09-30,SCHEDULED,60,1.0
2026-10-01T05:06:56Z,0506112026-09-30,05061,2026-09-30,SCHEDULED,60,1.0
2026-10-01T05:06:56Z,0506312026-10-01,05063,2026-10-01,SCHEDULED,0,0.0
2026-10-01T05:06:56Z,0506422026-09-30,05064,2026-09-30,SCHEDULED,360,6.0
2026-10-01T05:06:56Z,0506412026-09-30,05064,2026-09-30,SCHEDULED,360,6.0
2026-10-01T05:06:56Z,1268412026-09-30,12684,2026-09-30,CANCELED,,
2026-10-01T05:06:56Z,1269212026-09-30,12692,2026-09-30,CANCELED,,
2026-10-01T05:06:56Z,1268512026-09-30,12685,2026-09-30,CANCELED,,
2026-10-01T05:06:56Z,1705012026-09-30,17050,2026-09-30,CANCELED,,
2026-10-01T05:06:56Z,0414312026-10-01,04143,2026-10-01,CANCELED,,
2026-10-01T05:11:58Z,0507212026-09-30,05072,2026-09-30,SCHEDULED,240,4.0
2026-10-01T05:11:58Z,1304112026-09-30,13041,2026-09-30,SCHEDULED,0,0.0
2026-10-01T05:11:58Z,1305112026-09-30,13051,2026-09-30,SCHEDULED,60,1.0
2026-10-01T05:11:58Z,0509222026-09-30,05092,2026-09-30,SCHEDULED,660,11.0
2026-10-01T05:11:58Z,0509212026-09-30,05092,2026-09-30,SCHEDULED,660,11.0
2026-10-01T05:11:58Z,1308412026-09-30,13084,2026-09-30,SCHEDULED,240,4.0
2026-10-01T05:11:58Z,1395112026-09-30,13951,2026-09-30,SCHEDULED,300,5.0
2026-10-01T05:11:58Z,1320112026-09-30,13201,2026-09-30,SCHEDULED,60,1.0
2026-10-01T05:11:58Z,0508012026-09-30,05080,2026-09-30,SCHEDULED,120,2.0
2026-10-01T05:11:58Z,0508032026-09-30,05080,2026-09-30,SCHEDULED,120,2.0
2026-10-01T05:11:58Z,0508022026-09-30,05080,2026-09-30,SCHEDULED,120,2.0
2026-10-01T05:11:58Z,1390012026-09-30,13900,2026-09-30,SCHEDULED,60,1.0
2026-10-01T05:11:58Z,0566812026-09-30,05668,2026-09-30,SCHEDULED,-60,-1.0
2026-10-01T05:11:58Z,1390112026-09-30,13901,2026-09-30,SCHEDULED,180,3.0
2026-10-01T05:11:58Z,0576312026-09-30,05763,2026-09-30,SCHEDULED,0,0.0
2026-10-01T05:11:58Z,0576322026-09-30,05763,2026-09-30,SCHEDULED,0,0.0
2026-10-01T05:11:58Z,0576332026-09-30,05763,2026-09-30,SCHEDULED,0,0.0
2026-10-01T05:11:58Z,0587112026-09-30,05871,2026-09-30,SCHEDULED,360,6.0
2026-10-01T05:11:58Z,0805812026-09-30,08058,2026-09-30,SCHEDULED,180,3.0
2026-10-01T05:11:58Z,1412312026-09-30,14123,2026-09-30,SCHEDULED,-180,-3.0
2026-10-01T05:11:58Z,1412342026-09-30,14123,2026-09-30,SCHEDULED,-180,-3.0
2026-10-01T05:11:58Z,1412322026-09-30,14123,2026-09-30,SCHEDULED,-180,-3.0
2026-10-01T05:11:58Z,0806212026-09-30,08062,2026-09-30,SCHEDULED,0,0.0
2026-10-01T05:11:58Z,0806812026-09-30,08068,2026-09-30,SCHEDULED,240,4.0
2026-10-01T05:11:58Z,0806912026-09-30,08069,2026-09-30,SCHEDULED,300,5.0
2026-10-01T05:11:58Z,0807112026-09-30,08071,2026-09-30,SCHEDULED,240,4.0
2026-10-01T05:11:58Z,3560412026-09-30,35604,2026-09-30,SCHEDULED,0,0.0
2026-10-01T05:11:58Z,3560442026-09-30,35604,2026-09-30,SCHEDULED,0,0.0
2026-10-01T05:11:58Z,3560452026-09-30,35604,2026-09-30,SCHEDULED,0,0.0
2026-10-01T05:11:58Z,0807512026-09-30,08075,2026-09-30,SCHEDULED,120,2.0
2026-10-01T05:11:58Z,1500012026-09-30,15000,2026-09-30,SCHEDULED,180,3.0
2026-10-01T05:11:58Z,0826012026-09-30,08260,2026-09-30,SCHEDULED,-300,-5.0
2026-10-01T05:11:58Z,1500112026-09-30,15001,2026-09-30,SCHEDULED,600,10.0
2026-10-01T05:11:58Z,0826112026-09-30,08261,2026-09-30,SCHEDULED,240,4.0
2026-10-01T05:11:58Z,1500212026-09-30,15002,2026-09-30,SCHEDULED,600,10.0
2026-10-01T05:11:58Z,0835812026-09-30,08358,2026-09-30,SCHEDULED,60,1.0
2026-10-01T05:11:58Z,1504012026-09-30,15040,2026-09-30,SCHEDULED,-180,-3.0
2026-10-01T05:11:58Z,0827112026-09-30,08271,2026-09-30,SCHEDULED,120,2.0
2026-10-01T05:11:58Z,1505012026-09-30,15050,2026-09-30,SCHEDULED,180,3.0
2026-10-01T05:11:58Z,0827312026-09-30,08273,2026-09-30,SCHEDULED,120,2.0
2026-10-01T05:11:58Z,0847512026-09-30,08475,2026-09-30,SCHEDULED,-60,-1.0
2026-10-01T05:11:58Z,1505112026-09-30,15051,2026-09-30,SCHEDULED,0,0.0
2026-10-01T05:11:58Z,0866412026-09-30,08664,2026-09-30,SCHEDULED,300,5.0
2026-10-01T05:11:58Z,1564512026-09-30,15645,2026-09-30,SCHEDULED,0,0.0
2026-10-01T05:11:58Z,0807212026-09-30,08072,2026-09-30,SCHEDULED,-120,-2.0
2026-10-01T05:11:58Z,1564612026-09-30,15646,2026-09-30,SCHEDULED,240,4.0
2026-10-01T05:11:58Z,0906712026-09-30,09067,2026-09-30,SCHEDULED,240,4.0
2026-10-01T05:11:58Z,1565012026-09-30,15650,2026-09-30,SCHEDULED,420,7.0
2026-10-01T05:11:58Z,1572012026-09-30,15720,2026-09-30,SCHEDULED,1500,25.0
2026-10-01T05:11:58Z,0907222026-09-30,09072,2026-09-30,SCHEDULED,60,1.0
2026-10-01T05:11:58Z,0907212026-09-30,09072,2026-09-30,SCHEDULED,60,1.0
2026-10-01T05:11:58Z,1572212026-09-30,15722,2026-09-30,SCHEDULED,540,9.0
2026-10-01T05:11:58Z,0907312026-09-30,09073,2026-09-30,SCHEDULED,0,0.0
2026-10-01T05:11:58Z,1575112026-09-30,15751,2026-09-30,SCHEDULED,240,4.0
2026-10-01T05:11:58Z,0907512026-09-30,09075,2026-09-30,SCHEDULED,0,0.0
2026-10-01T05:11:58Z,1577012026-09-30,15770,2026-09-30,SCHEDULED,300,5.0
2026-10-01T05:11:58Z,0405612026-10-01,04056,2026-10-01,SCHEDULED,60,1.0
2026-10-01T05:11:58Z,1577212026-09-30,15772,2026-09-30,SCHEDULED,0,0.0
2026-10-01T05:11:58Z,0408712026-10-01,04087,2026-10-01,SCHEDULED,180,3.0
2026-10-01T05:11:58Z,1585012026-09-30,15850,2026-09-30,SCHEDULED,120,2.0
2026-10-01T05:11:58Z,1590012026-09-30,15900,2026-09-30,SCHEDULED,660,11.0
2026-10-01T05:11:58Z,0029122026-10-01,00291,2026-10-01,SCHEDULED,-120,-2.0
2026-10-01T05:11:58Z,0029112026-10-01,00291,2026-10-01,SCHEDULED,-120,-2.0
2026-10-01T05:11:58Z,1601812026-09-30,16018,2026-09-30,SCHEDULED,240,4.0
2026-10-01T05:11:58Z,1210112026-09-30,12101,2026-09-30,SCHEDULED,-60,-1.0
2026-10-01T05:11:58Z,1702112026-09-30,17021,2026-09-30,SCHEDULED,300,5.0
2026-10-01T05:11:58Z,1241112026-09-30,12411,2026-09-30,SCHEDULED,1440,24.0
2026-10-01T05:11:58Z,1703012026-09-30,17030,2026-09-30,SCHEDULED,0,0.0
2026-10-01T05:11:58Z,1248012026-09-30,12480,2026-09-30,SCHEDULED,0,0.0
2026-10-01T05:11:58Z,1704212026-09-30,17042,2026-09-30,SCHEDULED,-1080,-18.0
2026-10-01T05:11:58Z,1710012026-09-30,17100,2026-09-30,SCHEDULED,240,4.0
2026-10-01T05:11:58Z,1261312026-09-30,12613,2026-09-30,SCHEDULED,0,0.0
2026-10-01T05:11:58Z,1261112026-09-30,12611,2026-09-30,SCHEDULED,120,2.0
2026-10-01T05:11:58Z,1712112026-09-30,17121,2026-09-30,SCHEDULED,60,1.0
2026-10-01T05:11:58Z,1300012026-09-30,13000,2026-09-30,SCHEDULED,300,5.0
2026-10-01T05:11:58Z,1720112026-09-30,17201,2026-09-30,SCHEDULED,60,1.0
2026-10-01T05:11:58Z,1722712026-09-30,17227,2026-09-30,SCHEDULED,120,2.0
2026-10-01T05:11:58Z,1300112026-09-30,13001,2026-09-30,SCHEDULED,180,3.0
2026-10-01T05:11:58Z,1300312026-09-30,13003,2026-09-30,SCHEDULED,120,2.0
2026-10-01T05:11:58Z,1832112026-09-30,18321,2026-09-30,SCHEDULED,0,0.0
2026-10-01T05:11:58Z,1303012026-09-30,13030,2026-09-30,SCHEDULED,0,0.0
2026-10-01T05:11:58Z,1833112026-09-30,18331,2026-09-30,SCHEDULED,-60,-1.0
2026-10-01T05:11:58Z,1877312026-09-30,18773,2026-09-30,SCHEDULED,120,2.0
2026-10-01T05:11:58Z,0053322026-10-01,00533,2026-10-01,SCHEDULED,300,5.0
2026-10-01T05:11:58Z,0053312026-10-01,00533,2026-10-01,SCHEDULED,300,5.0
2026-10-01T05:11:58Z,3586912026-09-30,35869,2026-09-30,SCHEDULED,360,6.0
2026-10-01T05:11:58Z,1891012026-09-30,18910,2026-09-30,SCHEDULED,360,6.0
2026-10-01T05:11:58Z,0411422026-10-01,04114,2026-10-01,SCHEDULED,240,4.0
2026-10-01T05:11:58Z,0411412026-10-01,04114,2026-10-01,SCHEDULED,240,4.0
2026-10-01T05:11:58Z,1443012026-09-30,14430,2026-09-30,SCHEDULED,60,1.0
2026-10-01T05:11:58Z,1443312026-09-30,14433,2026-09-30,SCHEDULED,780,13.0
2026-10-01T05:11:58Z,0075222026-10-01,00752,2026-10-01,SCHEDULED,60,1.0
2026-10-01T05:11:58Z,0075212026-10-01,00752,2026-10-01,SCHEDULED,60,1.0
2026-10-01T05:11:58Z,1530912026-09-30,15309,2026-09-30,SCHEDULED,180,3.0
2026-10-01T05:11:58Z,1503022026-09-30,15030,2026-09-30,SCHEDULED,-60,-1.0
2026-10-01T05:11:58Z,0075222026-10-01,00752,2026-10-01,SCHEDULED,120,2.0
2026-10-01T05:11:58Z,0075212026-10-01,00752,2026-10-01,SCHEDULED,120,2.0
2026-10-01T05:11:58Z,1503112026-09-30,15031,2026-09-30,SCHEDULED,180,3.0
2026-10-01T05:11:58Z,3460912026-09-30,34609,2026-09-30,SCHEDULED,300,5.0
2026-10-01T05:11:58Z,0107212026-09-30,01072,2026-09-30,SCHEDULED,900,15.0
2026-10-01T05:11:58Z,1600012026-09-30,16000,2026-09-30,SCHEDULED,900,15.0
2026-10-01T05:11:58Z,0109212026-10-01,01092,2026-10-01,SCHEDULED,120,2.0
2026-10-01T05:11:58Z,0807712026-09-30,08077,2026-09-30,SCHEDULED,0,0.0
2026-10-01T05:11:58Z,0206112026-09-30,02061,2026-09-30,SCHEDULED,540,9.0
2026-10-01T05:11:58Z,0947012026-09-30,09470,2026-09-30,SCHEDULED,60,1.0
2026-10-01T05:11:58Z,0206312026-09-30,02063,2026-09-30,SCHEDULED,360,6.0
2026-10-01T05:11:58Z,1562012026-09-30,15620,2026-09-30,SCHEDULED,240,4.0
2026-10-01T05:11:58Z,0206712026-09-30,02067,2026-09-30,SCHEDULED,0,0.0
2026-10-01T05:11:58Z,1562112026-09-30,15621,2026-09-30,SCHEDULED,1440,24.0
2026-10-01T05:11:58Z,0207012026-09-30,02070,2026-09-30,SCHEDULED,60,1.0
2026-10-01T05:11:58Z,1563012026-09-30,15630,2026-09-30,SCHEDULED,420,7.0
2026-10-01T05:11:58Z,0207312026-09-30,02073,2026-09-30,SCHEDULED,120,2.0
2026-10-01T05:11:58Z,0207412026-10-01,02074,2026-10-01,SCHEDULED,0,0.0
2026-10-01T05:11:58Z,1401812026-09-30,14018,2026-09-30,SCHEDULED,60,1.0
2026-10-01T05:11:58Z,0207512026-10-01,02075,2026-10-01,SCHEDULED,180,3.0
2026-10-01T05:11:58Z,1251212026-09-30,12512,2026-09-30,SCHEDULED,300,5.0
2026-10-01T05:11:58Z,7180012026-09-30,71800,2026-09-30,SCHEDULED,0,0.0
2026-10-01T05:11:58Z,0226112026-09-30,02261,2026-09-30,SCHEDULED,300,5.0
2026-10-01T05:11:58Z,1750312026-09-30,17503,2026-09-30,SCHEDULED,0,0.0
2026-10-01T05:11:58Z,0305212026-09-30,03052,2026-09-30,SCHEDULED,240,4.0
2026-10-01T05:11:58Z,1770312026-09-30,17703,2026-09-30,SCHEDULED,180,3.0
2026-10-01T05:11:58Z,0306012026-09-30,03060,2026-09-30,SCHEDULED,360,6.0
2026-10-01T05:11:58Z,1780612026-09-30,17806,2026-09-30,SCHEDULED,0,0.0
2026-10-01T05:11:58Z,0330112026-09-30,03301,2026-09-30,SCHEDULED,60,1.0
2026-10-01T05:11:58Z,1781512026-09-30,17815,2026-09-30,SCHEDULED,0,0.0
2026-10-01T05:11:58Z,1800112026-09-30,18001,2026-09-30,SCHEDULED,240,4.0
2026-10-01T05:11:58Z,1802422026-09-30,18024,2026-09-30,SCHEDULED,0,0.0
2026-10-01T05:11:58Z,0306242026-09-30,03062,2026-09-30,SCHEDULED,240,4.0
2026-10-01T05:11:58Z,0306232026-09-30,03062,2026-09-30,SCHEDULED,240,4.0
2026-10-01T05:11:58Z,0306212026-09-30,03062,2026-09-30,SCHEDULED,240,4.0
2026-10-01T05:11:58Z,0306222026-09-30,03062,2026-09-30,SCHEDULED,240,4.0
2026-10-01T05:11:58Z,1804112026-10-01,18041,2026-10-01,SCHEDULED,0,0.0
2026-10-01T05:11:58Z,1804612026-09-30,18046,2026-09-30,SCHEDULED,-60,-1.0
2026-10-01T05:11:58Z,1704312026-09-30,17043,2026-09-30,SCHEDULED,1740,29.0
2026-10-01T05:11:58Z,1805412026-09-30,18054,2026-09-30,SCHEDULED,300,5.0
2026-10-01T05:11:58Z,0306312026-09-30,03063,2026-09-30,SCHEDULED,120,2.0
2026-10-01T05:11:58Z,0306322026-09-30,03063,2026-09-30,SCHEDULED,120,2.0
2026-10-01T05:11:58Z,0306332026-09-30,03063,2026-09-30,SCHEDULED,120,2.0
2026-10-01T05:11:58Z,1806812026-09-30,18068,2026-09-30,SCHEDULED,0,0.0
2026-10-01T05:11:58Z,0307012026-09-30,03070,2026-09-30,SCHEDULED,0,0.0
2026-10-01T05:11:58Z,1807112026-09-30,18071,2026-09-30,SCHEDULED,360,6.0
2026-10-01T05:11:58Z,0307112026-09-30,03071,2026-09-30,SCHEDULED,60,1.0
2026-10-01T05:11:58Z,1807212026-09-30,18072,2026-09-30,SCHEDULED,-300,-5.0
2026-10-01T05:11:58Z,1800212026-09-30,18002,2026-09-30,SCHEDULED,120,2.0
2026-10-01T05:11:58Z,1806612026-09-30,18066,2026-09-30,SCHEDULED,300,5.0
2026-10-01T05:11:58Z,0306242026-09-30,03062,2026-09-30,SCHEDULED,480,8.0
2026-10-01T05:11:58Z,0306232026-09-30,03062,2026-09-30,SCHEDULED,480,8.0
2026-10-01T05:11:58Z,0306212026-09-30,03062,2026-09-30,SCHEDULED,480,8.0
2026-10-01T05:11:58Z,0306222026-09-30,03062,2026-09-30,SCHEDULED,480,8.0
2026-10-01T05:11:58Z,1812012026-09-30,18120,2026-09-30,SCHEDULED,60,1.0
2026-10-01T05:11:58Z,1812112026-09-30,18121,2026-09-30,SCHEDULED,0,0.0
2026-10-01T05:11:58Z,0366222026-09-30,03662,2026-09-30,SCHEDULED,240,4.0
2026-10-01T05:11:58Z,0366212026-09-30,03662,2026-09-30,SCHEDULED,240,4.0
2026-10-01T05:11:58Z,1821612026-09-30,18216,2026-09-30,SCHEDULED,60,1.0
2026-10-01T05:11:58Z,0406012026-09-30,04060,2026-09-30,SCHEDULED,-180,-3.0
2026-10-01T05:11:58Z,0426112026-10-01,04261,2026-10-01,SCHEDULED,60,1.0
2026-10-01T05:11:58Z,0407222026-10-01,04072,2026-10-01,SCHEDULED,240,4.0
2026-10-01T05:11:58Z,0407212026-10-01,04072,2026-10-01,SCHEDULED,240,4.0
2026-10-01T05:11:58Z,0418612026-10-01,04186,2026-10-01,SCHEDULED,240,4.0
2026-10-01T05:11:58Z,0418642026-10-01,04186,2026-10-01,SCHEDULED,240,4.0
2026-10-01T05:11:58Z,0418622026-10-01,04186,2026-10-01,SCHEDULED,240,4.0
2026-10-01T05:11:58Z,0408822026-10-01,04088,2026-10-01,SCHEDULED,120,2.0
2026-10-01T05:11:58Z,0429522026-09-30,04295,2026-09-30,SCHEDULED,0,0.0
2026-10-01T05:11:58Z,0429512026-09-30,04295,2026-09-30,SCHEDULED,0,0.0
2026-10-01T05:11:58Z,0446412026-10-01,04464,2026-10-01,SCHEDULED,60,1.0
2026-10-01T05:11:58Z,0415422026-09-30,04154,2026-09-30,SCHEDULED,180,3.0
2026-10-01T05:11:58Z,0415412026-09-30,04154,2026-09-30,SCHEDULED,180,3.0
2026-10-01T05:11:58Z,0486822026-10-01,04868,2026-10-01,SCHEDULED,60,1.0
2026-10-01T05:11:58Z,0486812026-10-01,04868,2026-10-01,SCHEDULED,60,1.0
2026-10-01T05:11:58Z,0506122026-09-30,05061,2026-09-30,SCHEDULED,0,0.0
2026-10-01T05:11:58Z,0506112026-09-30,05061,2026-09-30,SCHEDULED,0,0.0
2026-10-01T05:11:58Z,0506312026-10-01,05063,2026-10-01,SCHEDULED,0,0.0
2026-10-01T05:11:58Z,0506422026-09-30,05064,2026-09-30,SCHEDULED,240,4.0
2026-10-01T05:11:58Z,0506412026-09-30,05064,2026-09-30,SCHEDULED,240,4.0
2026-10-01T05:11:58Z,1269212026-09-30,12692,2026-09-30,CANCELED,,
2026-10-01T05:11:58Z,1268412026-09-30,12684,2026-09-30,CANCELED,,
2026-10-01T05:11:58Z,1268512026-09-30,12685,2026-09-30,CANCELED,,
2026-10-01T05:11:58Z,1705012026-09-30,17050,2026-09-30,CANCELED,,
2026-10-01T05:11:58Z,0414312026-10-01,04143,2026-10-01,CANCELED,,
2026-10-01T05:16:59Z,1304112026-09-30,13041,2026-09-30,SCHEDULED,0,0.0
2026-10-01T05:16:59Z,1305112026-09-30,13051,2026-09-30,SCHEDULED,60,1.0
2026-10-01T05:16:59Z,0506422026-09-30,05064,2026-09-30,SCHEDULED,240,4.0
2026-10-01T05:16:59Z,0506412026-09-30,05064,2026-09-30,SCHEDULED,240,4.0
2026-10-01T05:16:59Z,1308412026-09-30,13084,2026-09-30,SCHEDULED,240,4.0
2026-10-01T05:16:59Z,0507212026-09-30,05072,2026-09-30,SCHEDULED,60,1.0
2026-10-01T05:16:59Z,1395112026-09-30,13951,2026-09-30,SCHEDULED,300,5.0
2026-10-01T05:16:59Z,1320112026-09-30,13201,2026-09-30,SCHEDULED,0,0.0
2026-10-01T05:16:59Z,0509222026-09-30,05092,2026-09-30,SCHEDULED,780,13.0
2026-10-01T05:16:59Z,0509212026-09-30,05092,2026-09-30,SCHEDULED,780,13.0
2026-10-01T05:16:59Z,1390012026-09-30,13900,2026-09-30,SCHEDULED,0,0.0
2026-10-01T05:16:59Z,1390112026-09-30,13901,2026-09-30,SCHEDULED,0,0.0
2026-10-01T05:16:59Z,0508012026-09-30,05080,2026-09-30,SCHEDULED,600,10.0
2026-10-01T05:16:59Z,0508032026-09-30,05080,2026-09-30,SCHEDULED,600,10.0
2026-10-01T05:16:59Z,0508022026-09-30,05080,2026-09-30,SCHEDULED,600,10.0
2026-10-01T05:16:59Z,0566812026-09-30,05668,2026-09-30,SCHEDULED,-120,-2.0
2026-10-01T05:16:59Z,1412312026-09-30,14123,2026-09-30,SCHEDULED,-240,-4.0
2026-10-01T05:16:59Z,1412342026-09-30,14123,2026-09-30,SCHEDULED,-240,-4.0
2026-10-01T05:16:59Z,1412322026-09-30,14123,2026-09-30,SCHEDULED,-240,-4.0
2026-10-01T05:16:59Z,0576312026-09-30,05763,2026-09-30,SCHEDULED,0,0.0
2026-10-01T05:16:59Z,0576322026-09-30,05763,2026-09-30,SCHEDULED,0,0.0
2026-10-01T05:16:59Z,0576332026-09-30,05763,2026-09-30,SCHEDULED,0,0.0
2026-10-01T05:16:59Z,0587112026-09-30,05871,2026-09-30,SCHEDULED,300,5.0
2026-10-01T05:16:59Z,0805812026-09-30,08058,2026-09-30,SCHEDULED,120,2.0
2026-10-01T05:16:59Z,3560412026-09-30,35604,2026-09-30,SCHEDULED,120,2.0
2026-10-01T05:16:59Z,3560442026-09-30,35604,2026-09-30,SCHEDULED,120,2.0
2026-10-01T05:16:59Z,3560452026-09-30,35604,2026-09-30,SCHEDULED,120,2.0
2026-10-01T05:16:59Z,0806212026-09-30,08062,2026-09-30,SCHEDULED,0,0.0
2026-10-01T05:16:59Z,1500012026-09-30,15000,2026-09-30,SCHEDULED,180,3.0
2026-10-01T05:16:59Z,1500112026-09-30,15001,2026-09-30,SCHEDULED,540,9.0
2026-10-01T05:16:59Z,0806812026-09-30,08068,2026-09-30,SCHEDULED,180,3.0
2026-10-01T05:16:59Z,1500212026-09-30,15002,2026-09-30,SCHEDULED,780,13.0
2026-10-01T05:16:59Z,0806912026-09-30,08069,2026-09-30,SCHEDULED,240,4.0
2026-10-01T05:16:59Z,0807112026-09-30,08071,2026-09-30,SCHEDULED,240,4.0
2026-10-01T05:16:59Z,1504012026-09-30,15040,2026-09-30,SCHEDULED,-180,-3.0
2026-10-01T05:16:59Z,0807512026-09-30,08075,2026-09-30,SCHEDULED,240,4.0
2026-10-01T05:16:59Z,1505012026-09-30,15050,2026-09-30,SCHEDULED,180,3.0
2026-10-01T05:16:59Z,0826012026-09-30,08260,2026-09-30,SCHEDULED,-300,-5.0
2026-10-01T05:16:59Z,1505112026-09-30,15051,2026-09-30,SCHEDULED,0,0.0
2026-10-01T05:16:59Z,1564512026-09-30,15645,2026-09-30,SCHEDULED,0,0.0
2026-10-01T05:16:59Z,0826112026-09-30,08261,2026-09-30,SCHEDULED,240,4.0
2026-10-01T05:16:59Z,1564612026-09-30,15646,2026-09-30,SCHEDULED,600,10.0
2026-10-01T05:16:59Z,0835812026-09-30,08358,2026-09-30,SCHEDULED,60,1.0
2026-10-01T05:16:59Z,1565012026-09-30,15650,2026-09-30,SCHEDULED,420,7.0
2026-10-01T05:16:59Z,0827112026-09-30,08271,2026-09-30,SCHEDULED,180,3.0
2026-10-01T05:16:59Z,1572012026-09-30,15720,2026-09-30,SCHEDULED,1500,25.0
2026-10-01T05:16:59Z,0827312026-09-30,08273,2026-09-30,SCHEDULED,120,2.0
2026-10-01T05:16:59Z,1572212026-09-30,15722,2026-09-30,SCHEDULED,600,10.0
2026-10-01T05:16:59Z,0847512026-09-30,08475,2026-09-30,SCHEDULED,-60,-1.0
2026-10-01T05:16:59Z,1575112026-09-30,15751,2026-09-30,SCHEDULED,300,5.0
2026-10-01T05:16:59Z,0866412026-09-30,08664,2026-09-30,SCHEDULED,300,5.0
2026-10-01T05:16:59Z,1577012026-09-30,15770,2026-09-30,SCHEDULED,240,4.0
2026-10-01T05:16:59Z,0807212026-09-30,08072,2026-09-30,SCHEDULED,-120,-2.0
2026-10-01T05:16:59Z,1577212026-09-30,15772,2026-09-30,SCHEDULED,120,2.0
2026-10-01T05:16:59Z,0906712026-09-30,09067,2026-09-30,SCHEDULED,240,4.0
2026-10-01T05:16:59Z,1577412026-09-30,15774,2026-09-30,SCHEDULED,-120,-2.0
2026-10-01T05:16:59Z,1585012026-09-30,15850,2026-09-30,SCHEDULED,180,3.0
2026-10-01T05:16:59Z,0907222026-09-30,09072,2026-09-30,SCHEDULED,-120,-2.0
2026-10-01T05:16:59Z,0907212026-09-30,09072,2026-09-30,SCHEDULED,-120,-2.0
2026-10-01T05:16:59Z,1590012026-09-30,15900,2026-09-30,SCHEDULED,660,11.0
2026-10-01T05:16:59Z,0907312026-09-30,09073,2026-09-30,SCHEDULED,0,0.0
2026-10-01T05:16:59Z,1620712026-09-30,16207,2026-09-30,SCHEDULED,0,0.0
2026-10-01T05:16:59Z,0907512026-09-30,09075,2026-09-30,SCHEDULED,60,1.0
2026-10-01T05:16:59Z,1601812026-09-30,16018,2026-09-30,SCHEDULED,240,4.0
2026-10-01T05:16:59Z,0405612026-10-01,04056,2026-10-01,SCHEDULED,60,1.0
2026-10-01T05:16:59Z,1702112026-09-30,17021,2026-09-30,SCHEDULED,420,7.0
2026-10-01T05:16:59Z,0408712026-10-01,04087,2026-10-01,SCHEDULED,180,3.0
2026-10-01T05:16:59Z,1704212026-09-30,17042,2026-09-30,SCHEDULED,-1080,-18.0
2026-10-01T05:16:59Z,1710012026-09-30,17100,2026-09-30,SCHEDULED,300,5.0
2026-10-01T05:16:59Z,0029122026-10-01,00291,2026-10-01,SCHEDULED,-60,-1.0
2026-10-01T05:16:59Z,0029112026-10-01,00291,2026-10-01,SCHEDULED,-60,-1.0
2026-10-01T05:16:59Z,1712112026-09-30,17121,2026-09-30,SCHEDULED,60,1.0
2026-10-01T05:16:59Z,1210112026-09-30,12101,2026-09-30,SCHEDULED,-60,-1.0
2026-10-01T05:16:59Z,1720112026-09-30,17201,2026-09-30,SCHEDULED,60,1.0
2026-10-01T05:16:59Z,1241112026-09-30,12411,2026-09-30,SCHEDULED,1560,26.0
2026-10-01T05:16:59Z,1821612026-09-30,18216,2026-09-30,SCHEDULED,-60,-1.0
2026-10-01T05:16:59Z,1248012026-09-30,12480,2026-09-30,SCHEDULED,120,2.0
2026-10-01T05:16:59Z,1832112026-09-30,18321,2026-09-30,SCHEDULED,0,0.0
2026-10-01T05:16:59Z,1261312026-09-30,12613,2026-09-30,SCHEDULED,0,0.0
2026-10-01T05:16:59Z,1261112026-09-30,12611,2026-09-30,SCHEDULED,180,3.0
2026-10-01T05:16:59Z,1833112026-09-30,18331,2026-09-30,SCHEDULED,-60,-1.0
2026-10-01T05:16:59Z,1300012026-09-30,13000,2026-09-30,SCHEDULED,300,5.0
2026-10-01T05:16:59Z,1877312026-09-30,18773,2026-09-30,SCHEDULED,60,1.0
2026-10-01T05:16:59Z,1300112026-09-30,13001,2026-09-30,SCHEDULED,120,2.0
2026-10-01T05:16:59Z,1891012026-09-30,18910,2026-09-30,SCHEDULED,480,8.0
2026-10-01T05:16:59Z,1300312026-09-30,13003,2026-09-30,SCHEDULED,120,2.0
2026-10-01T05:16:59Z,1443012026-09-30,14430,2026-09-30,SCHEDULED,120,2.0
2026-10-01T05:16:59Z,1443312026-09-30,14433,2026-09-30,SCHEDULED,840,14.0
2026-10-01T05:16:59Z,1303012026-09-30,13030,2026-09-30,SCHEDULED,0,0.0
2026-10-01T05:16:59Z,1530912026-09-30,15309,2026-09-30,SCHEDULED,180,3.0
2026-10-01T05:16:59Z,1503022026-09-30,15030,2026-09-30,SCHEDULED,0,0.0
2026-10-01T05:16:59Z,0053322026-10-01,00533,2026-10-01,SCHEDULED,360,6.0
2026-10-01T05:16:59Z,0053312026-10-01,00533,2026-10-01,SCHEDULED,360,6.0
2026-10-01T05:16:59Z,1503112026-09-30,15031,2026-09-30,SCHEDULED,180,3.0
2026-10-01T05:16:59Z,0411422026-10-01,04114,2026-10-01,SCHEDULED,240,4.0
2026-10-01T05:16:59Z,0411412026-10-01,04114,2026-10-01,SCHEDULED,240,4.0
2026-10-01T05:16:59Z,1600012026-09-30,16000,2026-09-30,SCHEDULED,900,15.0
2026-10-01T05:16:59Z,0807712026-09-30,08077,2026-09-30,SCHEDULED,0,0.0
2026-10-01T05:16:59Z,0075222026-10-01,00752,2026-10-01,SCHEDULED,0,0.0
2026-10-01T05:16:59Z,0075212026-10-01,00752,2026-10-01,SCHEDULED,0,0.0
2026-10-01T05:16:59Z,0947012026-09-30,09470,2026-09-30,SCHEDULED,120,2.0
2026-10-01T05:16:59Z,1562012026-09-30,15620,2026-09-30,SCHEDULED,240,4.0
2026-10-01T05:16:59Z,1562112026-09-30,15621,2026-09-30,SCHEDULED,1440,24.0
2026-10-01T05:16:59Z,0075222026-10-01,00752,2026-10-01,SCHEDULED,120,2.0
2026-10-01T05:16:59Z,0075212026-10-01,00752,2026-10-01,SCHEDULED,120,2.0
2026-10-01T05:16:59Z,3460912026-09-30,34609,2026-09-30,SCHEDULED,300,5.0
2026-10-01T05:16:59Z,1563012026-09-30,15630,2026-09-30,SCHEDULED,420,7.0
2026-10-01T05:16:59Z,0107212026-09-30,01072,2026-09-30,SCHEDULED,900,15.0
2026-10-01T05:16:59Z,1401812026-09-30,14018,2026-09-30,SCHEDULED,60,1.0
2026-10-01T05:16:59Z,0109212026-10-01,01092,2026-10-01,SCHEDULED,120,2.0
2026-10-01T05:16:59Z,1251212026-09-30,12512,2026-09-30,SCHEDULED,240,4.0
2026-10-01T05:16:59Z,0206112026-09-30,02061,2026-09-30,SCHEDULED,540,9.0
2026-10-01T05:16:59Z,7180012026-09-30,71800,2026-09-30,SCHEDULED,0,0.0
2026-10-01T05:16:59Z,0206312026-09-30,02063,2026-09-30,SCHEDULED,360,6.0
2026-10-01T05:16:59Z,1722712026-09-30,17227,2026-09-30,SCHEDULED,120,2.0
2026-10-01T05:16:59Z,1750312026-09-30,17503,2026-09-30,SCHEDULED,60,1.0
2026-10-01T05:16:59Z,0206712026-09-30,02067,2026-09-30,SCHEDULED,0,0.0
2026-10-01T05:16:59Z,1770312026-09-30,17703,2026-09-30,SCHEDULED,120,2.0
2026-10-01T05:16:59Z,0207012026-09-30,02070,2026-09-30,SCHEDULED,180,3.0
2026-10-01T05:16:59Z,1780612026-09-30,17806,2026-09-30,SCHEDULED,0,0.0
2026-10-01T05:16:59Z,0207312026-09-30,02073,2026-09-30,SCHEDULED,180,3.0
2026-10-01T05:16:59Z,1781512026-09-30,17815,2026-09-30,SCHEDULED,0,0.0
2026-10-01T05:16:59Z,0207412026-10-01,02074,2026-10-01,SCHEDULED,0,0.0
2026-10-01T05:16:59Z,1800112026-09-30,18001,2026-09-30,SCHEDULED,180,3.0
2026-10-01T05:16:59Z,0207512026-10-01,02075,2026-10-01,SCHEDULED,180,3.0
2026-10-01T05:16:59Z,0226112026-09-30,02261,2026-09-30,SCHEDULED,300,5.0
2026-10-01T05:16:59Z,1802422026-09-30,18024,2026-09-30,SCHEDULED,0,0.0
2026-10-01T05:16:59Z,0305212026-09-30,03052,2026-09-30,SCHEDULED,240,4.0
2026-10-01T05:16:59Z,1804112026-10-01,18041,2026-10-01,SCHEDULED,0,0.0
2026-10-01T05:16:59Z,0306012026-09-30,03060,2026-09-30,SCHEDULED,420,7.0
2026-10-01T05:16:59Z,1804612026-09-30,18046,2026-09-30,SCHEDULED,-60,-1.0
2026-10-01T05:16:59Z,1704312026-09-30,17043,2026-09-30,SCHEDULED,2040,34.0
2026-10-01T05:16:59Z,0330112026-09-30,03301,2026-09-30,SCHEDULED,60,1.0
2026-10-01T05:16:59Z,1805412026-09-30,18054,2026-09-30,SCHEDULED,300,5.0
2026-10-01T05:16:59Z,1806812026-09-30,18068,2026-09-30,SCHEDULED,-120,-2.0
2026-10-01T05:16:59Z,1807112026-09-30,18071,2026-09-30,SCHEDULED,300,5.0
2026-10-01T05:16:59Z,0306242026-09-30,03062,2026-09-30,SCHEDULED,300,5.0
2026-10-01T05:16:59Z,0306232026-09-30,03062,2026-09-30,SCHEDULED,300,5.0
2026-10-01T05:16:59Z,0306212026-09-30,03062,2026-09-30,SCHEDULED,300,5.0
2026-10-01T05:16:59Z,0306222026-09-30,03062,2026-09-30,SCHEDULED,300,5.0
2026-10-01T05:16:59Z,1807212026-09-30,18072,2026-09-30,SCHEDULED,-300,-5.0
2026-10-01T05:16:59Z,1800212026-09-30,18002,2026-09-30,SCHEDULED,60,1.0
2026-10-01T05:16:59Z,1806612026-09-30,18066,2026-09-30,SCHEDULED,300,5.0
2026-10-01T05:16:59Z,0306312026-09-30,03063,2026-09-30,SCHEDULED,240,4.0
2026-10-01T05:16:59Z,0306322026-09-30,03063,2026-09-30,SCHEDULED,240,4.0
2026-10-01T05:16:59Z,0306332026-09-30,03063,2026-09-30,SCHEDULED,240,4.0
2026-10-01T05:16:59Z,1812012026-09-30,18120,2026-09-30,SCHEDULED,180,3.0
2026-10-01T05:16:59Z,0307012026-09-30,03070,2026-09-30,SCHEDULED,0,0.0
2026-10-01T05:16:59Z,1812112026-09-30,18121,2026-09-30,SCHEDULED,0,0.0
2026-10-01T05:16:59Z,0307112026-09-30,03071,2026-09-30,SCHEDULED,60,1.0
2026-10-01T05:16:59Z,0306242026-09-30,03062,2026-09-30,SCHEDULED,540,9.0
2026-10-01T05:16:59Z,0306232026-09-30,03062,2026-09-30,SCHEDULED,540,9.0
2026-10-01T05:16:59Z,0306212026-09-30,03062,2026-09-30,SCHEDULED,540,9.0
2026-10-01T05:16:59Z,0306222026-09-30,03062,2026-09-30,SCHEDULED,540,9.0
2026-10-01T05:16:59Z,0366222026-09-30,03662,2026-09-30,SCHEDULED,240,4.0
2026-10-01T05:16:59Z,0366212026-09-30,03662,2026-09-30,SCHEDULED,240,4.0
2026-10-01T05:16:59Z,0406012026-09-30,04060,2026-09-30,SCHEDULED,-180,-3.0
2026-10-01T05:16:59Z,0426112026-10-01,04261,2026-10-01,SCHEDULED,0,0.0
2026-10-01T05:16:59Z,0407222026-10-01,04072,2026-10-01,SCHEDULED,120,2.0
2026-10-01T05:16:59Z,0407212026-10-01,04072,2026-10-01,SCHEDULED,120,2.0
2026-10-01T05:16:59Z,0418612026-10-01,04186,2026-10-01,SCHEDULED,360,6.0
2026-10-01T05:16:59Z,0418642026-10-01,04186,2026-10-01,SCHEDULED,360,6.0
2026-10-01T05:16:59Z,0418622026-10-01,04186,2026-10-01,SCHEDULED,360,6.0
2026-10-01T05:16:59Z,0408822026-10-01,04088,2026-10-01,SCHEDULED,120,2.0
2026-10-01T05:16:59Z,0429522026-09-30,04295,2026-09-30,SCHEDULED,0,0.0
2026-10-01T05:16:59Z,0429512026-09-30,04295,2026-09-30,SCHEDULED,0,0.0
2026-10-01T05:16:59Z,0446412026-10-01,04464,2026-10-01,SCHEDULED,0,0.0
2026-10-01T05:16:59Z,0415422026-09-30,04154,2026-09-30,SCHEDULED,180,3.0
2026-10-01T05:16:59Z,0415412026-09-30,04154,2026-09-30,SCHEDULED,180,3.0
2026-10-01T05:16:59Z,0436422026-09-30,04364,2026-09-30,SCHEDULED,-120,-2.0
2026-10-01T05:16:59Z,0436412026-09-30,04364,2026-09-30,SCHEDULED,-120,-2.0
2026-10-01T05:16:59Z,0486822026-10-01,04868,2026-10-01,SCHEDULED,60,1.0
2026-10-01T05:16:59Z,0486812026-10-01,04868,2026-10-01,SCHEDULED,60,1.0
2026-10-01T05:16:59Z,0506122026-09-30,05061,2026-09-30,SCHEDULED,0,0.0
2026-10-01T05:16:59Z,0506112026-09-30,05061,2026-09-30,SCHEDULED,0,0.0
2026-10-01T05:16:59Z,0506312026-10-01,05063,2026-10-01,SCHEDULED,0,0.0
2026-10-01T05:16:59Z,1268512026-09-30,12685,2026-09-30,CANCELED,,
2026-10-01T05:16:59Z,1521012026-09-30,15210,2026-09-30,CANCELED,,
2026-10-01T05:16:59Z,1269212026-09-30,12692,2026-09-30,CANCELED,,
2026-10-01T05:16:59Z,1521112026-09-30,15211,2026-09-30,CANCELED,,
2026-10-01T05:16:59Z,0414312026-10-01,04143,2026-10-01,CANCELED,,
2026-10-01T05:16:59Z,1705012026-09-30,17050,2026-09-30,CANCELED,,
2026-10-01T05:16:59Z,1268412026-09-30,12684,2026-09-30,CANCELED,,
2026-10-01T05:21:53Z,1304112026-09-30,13041,2026-09-30,SCHEDULED,60,1.0
2026-10-01T05:21:53Z,0506312026-10-01,05063,2026-10-01,SCHEDULED,0,0.0
2026-10-01T05:21:53Z,1305112026-09-30,13051,2026-09-30,SCHEDULED,180,3.0
2026-10-01T05:21:53Z,0506422026-09-30,05064,2026-09-30,SCHEDULED,420,7.0
2026-10-01T05:21:53Z,0506412026-09-30,05064,2026-09-30,SCHEDULED,420,7.0
2026-10-01T05:21:53Z,1308412026-09-30,13084,2026-09-30,SCHEDULED,240,4.0
2026-10-01T05:21:53Z,0507212026-09-30,05072,2026-09-30,SCHEDULED,120,2.0
2026-10-01T05:21:53Z,1395112026-09-30,13951,2026-09-30,SCHEDULED,240,4.0
2026-10-01T05:21:53Z,1320312026-09-30,13203,2026-09-30,SCHEDULED,60,1.0
2026-10-01T05:21:53Z,0509222026-09-30,05092,2026-09-30,SCHEDULED,780,13.0
2026-10-01T05:21:53Z,0509212026-09-30,05092,2026-09-30,SCHEDULED,780,13.0
2026-10-01T05:21:53Z,1390012026-09-30,13900,2026-09-30,SCHEDULED,60,1.0
2026-10-01T05:21:53Z,1390112026-09-30,13901,2026-09-30,SCHEDULED,-300,-5.0
2026-10-01T05:21:53Z,0508012026-09-30,05080,2026-09-30,SCHEDULED,600,10.0
2026-10-01T05:21:53Z,0508032026-09-30,05080,2026-09-30,SCHEDULED,600,10.0
2026-10-01T05:21:53Z,0508022026-09-30,05080,2026-09-30,SCHEDULED,600,10.0
2026-10-01T05:21:53Z,0566812026-09-30,05668,2026-09-30,SCHEDULED,0,0.0
2026-10-01T05:21:53Z,1412312026-09-30,14123,2026-09-30,SCHEDULED,-120,-2.0
2026-10-01T05:21:53Z,1412342026-09-30,14123,2026-09-30,SCHEDULED,-120,-2.0
2026-10-01T05:21:53Z,1412322026-09-30,14123,2026-09-30,SCHEDULED,-120,-2.0
2026-10-01T05:21:53Z,0576312026-09-30,05763,2026-09-30,SCHEDULED,0,0.0
2026-10-01T05:21:53Z,0576322026-09-30,05763,2026-09-30,SCHEDULED,0,0.0
2026-10-01T05:21:53Z,0576332026-09-30,05763,2026-09-30,SCHEDULED,0,0.0
2026-10-01T05:21:53Z,0587112026-09-30,05871,2026-09-30,SCHEDULED,300,5.0
2026-10-01T05:21:53Z,3560412026-09-30,35604,2026-09-30,SCHEDULED,180,3.0
2026-10-01T05:21:53Z,3560442026-09-30,35604,2026-09-30,SCHEDULED,180,3.0
2026-10-01T05:21:53Z,3560452026-09-30,35604,2026-09-30,SCHEDULED,180,3.0
2026-10-01T05:21:53Z,0805812026-09-30,08058,2026-09-30,SCHEDULED,120,2.0
2026-10-01T05:21:53Z,1500012026-09-30,15000,2026-09-30,SCHEDULED,300,5.0
2026-10-01T05:21:53Z,0806812026-09-30,08068,2026-09-30,SCHEDULED,180,3.0
2026-10-01T05:21:53Z,1500112026-09-30,15001,2026-09-30,SCHEDULED,540,9.0
2026-10-01T05:21:53Z,1500212026-09-30,15002,2026-09-30,SCHEDULED,780,13.0
2026-10-01T05:21:53Z,0806912026-09-30,08069,2026-09-30,SCHEDULED,240,4.0
2026-10-01T05:21:53Z,1504012026-09-30,15040,2026-09-30,SCHEDULED,120,2.0
2026-10-01T05:21:53Z,0807112026-09-30,08071,2026-09-30,SCHEDULED,240,4.0
2026-10-01T05:21:53Z,1504112026-09-30,15041,2026-09-30,SCHEDULED,0,0.0
2026-10-01T05:21:53Z,0807512026-09-30,08075,2026-09-30,SCHEDULED,180,3.0
2026-10-01T05:21:53Z,1505012026-09-30,15050,2026-09-30,SCHEDULED,180,3.0
2026-10-01T05:21:53Z,0826012026-09-30,08260,2026-09-30,SCHEDULED,-300,-5.0
2026-10-01T05:21:53Z,1505112026-09-30,15051,2026-09-30,SCHEDULED,0,0.0
2026-10-01T05:21:53Z,0826112026-09-30,08261,2026-09-30,SCHEDULED,480,8.0
2026-10-01T05:21:53Z,1564512026-09-30,15645,2026-09-30,SCHEDULED,0,0.0
2026-10-01T05:21:53Z,0827112026-09-30,08271,2026-09-30,SCHEDULED,180,3.0
2026-10-01T05:21:53Z,1564612026-09-30,15646,2026-09-30,SCHEDULED,480,8.0
2026-10-01T05:21:53Z,0847512026-09-30,08475,2026-09-30,SCHEDULED,-60,-1.0
2026-10-01T05:21:53Z,1565012026-09-30,15650,2026-09-30,SCHEDULED,480,8.0
2026-10-01T05:21:53Z,0866412026-09-30,08664,2026-09-30,SCHEDULED,300,5.0
2026-10-01T05:21:53Z,1572012026-09-30,15720,2026-09-30,SCHEDULED,1800,30.0
2026-10-01T05:21:53Z,0807212026-09-30,08072,2026-09-30,SCHEDULED,480,8.0
2026-10-01T05:21:53Z,1572212026-09-30,15722,2026-09-30,SCHEDULED,660,11.0
2026-10-01T05:21:53Z,0906712026-09-30,09067,2026-09-30,SCHEDULED,240,4.0
2026-10-01T05:21:53Z,1575112026-09-30,15751,2026-09-30,SCHEDULED,480,8.0
2026-10-01T05:21:53Z,1577012026-09-30,15770,2026-09-30,SCHEDULED,180,3.0
2026-10-01T05:21:53Z,0907222026-09-30,09072,2026-09-30,SCHEDULED,-120,-2.0
2026-10-01T05:21:53Z,0907212026-09-30,09072,2026-09-30,SCHEDULED,-120,-2.0
2026-10-01T05:21:53Z,1577212026-09-30,15772,2026-09-30,SCHEDULED,120,2.0
2026-10-01T05:21:53Z,0907312026-09-30,09073,2026-09-30,SCHEDULED,0,0.0
2026-10-01T05:21:53Z,1577412026-09-30,15774,2026-09-30,SCHEDULED,-120,-2.0
2026-10-01T05:21:53Z,0907512026-09-30,09075,2026-09-30,SCHEDULED,60,1.0
2026-10-01T05:21:53Z,1585012026-09-30,15850,2026-09-30,SCHEDULED,120,2.0
2026-10-01T05:21:53Z,0405612026-10-01,04056,2026-10-01,SCHEDULED,60,1.0
2026-10-01T05:21:53Z,1590012026-09-30,15900,2026-09-30,SCHEDULED,780,13.0
2026-10-01T05:21:53Z,1620712026-09-30,16207,2026-09-30,SCHEDULED,-60,-1.0
2026-10-01T05:21:53Z,0108122026-09-30,01081,2026-09-30,SCHEDULED,360,6.0
2026-10-01T05:21:53Z,0108112026-09-30,01081,2026-09-30,SCHEDULED,360,6.0
2026-10-01T05:21:53Z,1601812026-09-30,16018,2026-09-30,SCHEDULED,240,4.0
2026-10-01T05:21:53Z,0408712026-10-01,04087,2026-10-01,SCHEDULED,180,3.0
2026-10-01T05:21:53Z,1702112026-09-30,17021,2026-09-30,SCHEDULED,480,8.0
2026-10-01T05:21:53Z,1704212026-09-30,17042,2026-09-30,SCHEDULED,-1080,-18.0
2026-10-01T05:21:53Z,0029122026-10-01,00291,2026-10-01,SCHEDULED,-60,-1.0
2026-10-01T05:21:53Z,0029112026-10-01,00291,2026-10-01,SCHEDULED,-60,-1.0
2026-10-01T05:21:53Z,1710012026-09-30,17100,2026-09-30,SCHEDULED,360,6.0
2026-10-01T05:21:53Z,1210112026-09-30,12101,2026-09-30,SCHEDULED,0,0.0
2026-10-01T05:21:53Z,1712112026-09-30,17121,2026-09-30,SCHEDULED,60,1.0
2026-10-01T05:21:53Z,1241112026-09-30,12411,2026-09-30,SCHEDULED,1500,25.0
2026-10-01T05:21:53Z,1720112026-09-30,17201,2026-09-30,SCHEDULED,60,1.0
2026-10-01T05:21:53Z,1248012026-09-30,12480,2026-09-30,SCHEDULED,120,2.0
2026-10-01T05:21:53Z,1722712026-09-30,17227,2026-09-30,SCHEDULED,180,3.0
2026-10-01T05:21:53Z,1261312026-09-30,12613,2026-09-30,SCHEDULED,0,0.0
2026-10-01T05:21:53Z,1750312026-09-30,17503,2026-09-30,SCHEDULED,60,1.0
2026-10-01T05:21:53Z,1261112026-09-30,12611,2026-09-30,SCHEDULED,120,2.0
2026-10-01T05:21:53Z,1770312026-09-30,17703,2026-09-30,SCHEDULED,180,3.0
2026-10-01T05:21:53Z,1264412026-09-30,12644,2026-09-30,SCHEDULED,0,0.0
2026-10-01T05:21:53Z,1780612026-09-30,17806,2026-09-30,SCHEDULED,0,0.0
2026-10-01T05:21:53Z,1781512026-09-30,17815,2026-09-30,SCHEDULED,60,1.0
2026-10-01T05:21:53Z,1300012026-09-30,13000,2026-09-30,SCHEDULED,120,2.0
2026-10-01T05:21:53Z,1800112026-09-30,18001,2026-09-30,SCHEDULED,180,3.0
2026-10-01T05:21:53Z,1300112026-09-30,13001,2026-09-30,SCHEDULED,120,2.0
2026-10-01T05:21:53Z,1300312026-09-30,13003,2026-09-30,SCHEDULED,120,2.0
2026-10-01T05:21:53Z,1802422026-09-30,18024,2026-09-30,SCHEDULED,-120,-2.0
2026-10-01T05:21:53Z,1804112026-10-01,18041,2026-10-01,SCHEDULED,0,0.0
2026-10-01T05:21:53Z,1303012026-09-30,13030,2026-09-30,SCHEDULED,0,0.0
2026-10-01T05:21:53Z,1804612026-09-30,18046,2026-09-30,SCHEDULED,-60,-1.0
2026-10-01T05:21:53Z,0053322026-10-01,00533,2026-10-01,SCHEDULED,300,5.0
2026-10-01T05:21:53Z,0053312026-10-01,00533,2026-10-01,SCHEDULED,300,5.0
2026-10-01T05:21:53Z,1704312026-09-30,17043,2026-09-30,SCHEDULED,2040,34.0
2026-10-01T05:21:53Z,1805412026-09-30,18054,2026-09-30,SCHEDULED,300,5.0
2026-10-01T05:21:53Z,0411422026-10-01,04114,2026-10-01,SCHEDULED,300,5.0
2026-10-01T05:21:53Z,0411412026-10-01,04114,2026-10-01,SCHEDULED,300,5.0
2026-10-01T05:21:53Z,1806812026-09-30,18068,2026-09-30,SCHEDULED,-60,-1.0
2026-10-01T05:21:53Z,1807112026-09-30,18071,2026-09-30,SCHEDULED,300,5.0
2026-10-01T05:21:53Z,1807212026-09-30,18072,2026-09-30,SCHEDULED,-60,-1.0
2026-10-01T05:21:53Z,1800212026-09-30,18002,2026-09-30,SCHEDULED,60,1.0
2026-10-01T05:21:53Z,0063142026-10-01,00631,2026-10-01,SCHEDULED,0,0.0
2026-10-01T05:21:53Z,0063132026-10-01,00631,2026-10-01,SCHEDULED,0,0.0
2026-10-01T05:21:53Z,0063112026-10-01,00631,2026-10-01,SCHEDULED,0,0.0
2026-10-01T05:21:53Z,0063122026-10-01,00631,2026-10-01,SCHEDULED,0,0.0
2026-10-01T05:21:53Z,1806612026-09-30,18066,2026-09-30,SCHEDULED,300,5.0
2026-10-01T05:21:53Z,1812012026-09-30,18120,2026-09-30,SCHEDULED,180,3.0
2026-10-01T05:21:53Z,0075222026-10-01,00752,2026-10-01,SCHEDULED,-60,-1.0
2026-10-01T05:21:53Z,0075212026-10-01,00752,2026-10-01,SCHEDULED,-60,-1.0
2026-10-01T05:21:53Z,1812112026-09-30,18121,2026-09-30,SCHEDULED,0,0.0
2026-10-01T05:21:53Z,1821612026-09-30,18216,2026-09-30,SCHEDULED,60,1.0
2026-10-01T05:21:53Z,0075222026-10-01,00752,2026-10-01,SCHEDULED,120,2.0
2026-10-01T05:21:53Z,0075212026-10-01,00752,2026-10-01,SCHEDULED,120,2.0
2026-10-01T05:21:53Z,3460912026-09-30,34609,2026-09-30,SCHEDULED,240,4.0
2026-10-01T05:21:53Z,1832112026-09-30,18321,2026-09-30,SCHEDULED,0,0.0
2026-10-01T05:21:53Z,0107112026-09-30,01071,2026-09-30,SCHEDULED,120,2.0
2026-10-01T05:21:53Z,0107212026-09-30,01072,2026-09-30,SCHEDULED,900,15.0
2026-10-01T05:21:53Z,1833112026-09-30,18331,2026-09-30,SCHEDULED,-180,-3.0
2026-10-01T05:21:53Z,0109212026-10-01,01092,2026-10-01,SCHEDULED,120,2.0
2026-10-01T05:21:53Z,1877312026-09-30,18773,2026-09-30,SCHEDULED,60,1.0
2026-10-01T05:21:53Z,0206112026-09-30,02061,2026-09-30,SCHEDULED,540,9.0
2026-10-01T05:21:53Z,1891012026-09-30,18910,2026-09-30,SCHEDULED,480,8.0
2026-10-01T05:21:53Z,0206312026-09-30,02063,2026-09-30,SCHEDULED,360,6.0
2026-10-01T05:21:53Z,1443012026-09-30,14430,2026-09-30,SCHEDULED,180,3.0
2026-10-01T05:21:53Z,0206712026-09-30,02067,2026-09-30,SCHEDULED,240,4.0
2026-10-01T05:21:53Z,1443312026-09-30,14433,2026-09-30,SCHEDULED,600,10.0
2026-10-01T05:21:53Z,0207012026-09-30,02070,2026-09-30,SCHEDULED,120,2.0
2026-10-01T05:21:53Z,1530912026-09-30,15309,2026-09-30,SCHEDULED,180,3.0
2026-10-01T05:21:53Z,0207312026-09-30,02073,2026-09-30,SCHEDULED,180,3.0
2026-10-01T05:21:53Z,1503022026-09-30,15030,2026-09-30,SCHEDULED,-60,-1.0
2026-10-01T05:21:53Z,0207412026-10-01,02074,2026-10-01,SCHEDULED,60,1.0
2026-10-01T05:21:53Z,1503112026-09-30,15031,2026-09-30,SCHEDULED,240,4.0
2026-10-01T05:21:53Z,0207512026-10-01,02075,2026-10-01,SCHEDULED,120,2.0
2026-10-01T05:21:53Z,1600012026-09-30,16000,2026-09-30,SCHEDULED,1020,17.0
2026-10-01T05:21:53Z,0226112026-09-30,02261,2026-09-30,SCHEDULED,300,5.0
2026-10-01T05:21:53Z,0807712026-09-30,08077,2026-09-30,SCHEDULED,0,0.0
2026-10-01T05:21:53Z,0305212026-09-30,03052,2026-09-30,SCHEDULED,240,4.0
2026-10-01T05:21:53Z,0947012026-09-30,09470,2026-09-30,SCHEDULED,120,2.0
2026-10-01T05:21:53Z,0306012026-09-30,03060,2026-09-30,SCHEDULED,420,7.0
2026-10-01T05:21:53Z,1562012026-09-30,15620,2026-09-30,SCHEDULED,240,4.0
2026-10-01T05:21:53Z,0330112026-09-30,03301,2026-09-30,SCHEDULED,120,2.0
2026-10-01T05:21:53Z,1562112026-09-30,15621,2026-09-30,SCHEDULED,1440,24.0
2026-10-01T05:21:53Z,1563012026-09-30,15630,2026-09-30,SCHEDULED,420,7.0
2026-10-01T05:21:53Z,1401812026-09-30,14018,2026-09-30,SCHEDULED,60,1.0
2026-10-01T05:21:53Z,1251212026-09-30,12512,2026-09-30,SCHEDULED,240,4.0
2026-10-01T05:21:53Z,0306242026-09-30,03062,2026-09-30,SCHEDULED,420,7.0
2026-10-01T05:21:53Z,0306232026-09-30,03062,2026-09-30,SCHEDULED,420,7.0
2026-10-01T05:21:53Z,0306212026-09-30,03062,2026-09-30,SCHEDULED,420,7.0
2026-10-01T05:21:53Z,0306222026-09-30,03062,2026-09-30,SCHEDULED,420,7.0
2026-10-01T05:21:53Z,7180012026-09-30,71800,2026-09-30,SCHEDULED,0,0.0
2026-10-01T05:21:53Z,0306312026-09-30,03063,2026-09-30,SCHEDULED,240,4.0
2026-10-01T05:21:53Z,0306322026-09-30,03063,2026-09-30,SCHEDULED,240,4.0
2026-10-01T05:21:53Z,0306332026-09-30,03063,2026-09-30,SCHEDULED,240,4.0
2026-10-01T05:21:53Z,0307012026-09-30,03070,2026-09-30,SCHEDULED,0,0.0
2026-10-01T05:21:53Z,0307112026-09-30,03071,2026-09-30,SCHEDULED,120,2.0
2026-10-01T05:21:53Z,0306242026-09-30,03062,2026-09-30,SCHEDULED,480,8.0
2026-10-01T05:21:53Z,0306232026-09-30,03062,2026-09-30,SCHEDULED,480,8.0
2026-10-01T05:21:53Z,0306212026-09-30,03062,2026-09-30,SCHEDULED,480,8.0
2026-10-01T05:21:53Z,0306222026-09-30,03062,2026-09-30,SCHEDULED,480,8.0
2026-10-01T05:21:53Z,0366222026-09-30,03662,2026-09-30,SCHEDULED,300,5.0
2026-10-01T05:21:53Z,0366212026-09-30,03662,2026-09-30,SCHEDULED,300,5.0
2026-10-01T05:21:53Z,0406012026-09-30,04060,2026-09-30,SCHEDULED,-180,-3.0
2026-10-01T05:21:53Z,0426112026-10-01,04261,2026-10-01,SCHEDULED,0,0.0
2026-10-01T05:21:53Z,0407222026-10-01,04072,2026-10-01,SCHEDULED,120,2.0
2026-10-01T05:21:53Z,0407212026-10-01,04072,2026-10-01,SCHEDULED,120,2.0
2026-10-01T05:21:53Z,0418612026-10-01,04186,2026-10-01,SCHEDULED,300,5.0
2026-10-01T05:21:53Z,0418642026-10-01,04186,2026-10-01,SCHEDULED,300,5.0
2026-10-01T05:21:53Z,0418622026-10-01,04186,2026-10-01,SCHEDULED,300,5.0
2026-10-01T05:21:53Z,0408822026-10-01,04088,2026-10-01,SCHEDULED,60,1.0
2026-10-01T05:21:53Z,0429522026-09-30,04295,2026-09-30,SCHEDULED,0,0.0
2026-10-01T05:21:53Z,0429512026-09-30,04295,2026-09-30,SCHEDULED,0,0.0
2026-10-01T05:21:53Z,0446412026-10-01,04464,2026-10-01,SCHEDULED,0,0.0
2026-10-01T05:21:53Z,0415422026-09-30,04154,2026-09-30,SCHEDULED,180,3.0
2026-10-01T05:21:53Z,0415412026-09-30,04154,2026-09-30,SCHEDULED,180,3.0
2026-10-01T05:21:53Z,0436422026-09-30,04364,2026-09-30,SCHEDULED,-120,-2.0
2026-10-01T05:21:53Z,0436412026-09-30,04364,2026-09-30,SCHEDULED,-120,-2.0
2026-10-01T05:21:53Z,0486822026-10-01,04868,2026-10-01,SCHEDULED,0,0.0
2026-10-01T05:21:53Z,0486812026-10-01,04868,2026-10-01,SCHEDULED,0,0.0
2026-10-01T05:21:53Z,0506122026-09-30,05061,2026-09-30,SCHEDULED,0,0.0
2026-10-01T05:21:53Z,0506112026-09-30,05061,2026-09-30,SCHEDULED,0,0.0
2026-10-01T05:21:53Z,1268512026-09-30,12685,2026-09-30,CANCELED,,
2026-10-01T05:21:53Z,1521012026-09-30,15210,2026-09-30,CANCELED,,
2026-10-01T05:21:53Z,1269212026-09-30,12692,2026-09-30,CANCELED,,
2026-10-01T05:21:53Z,1705012026-09-30,17050,2026-09-30,CANCELED,,
2026-10-01T05:21:53Z,0414312026-10-01,04143,2026-10-01,CANCELED,,
2026-10-01T05:21:53Z,1521112026-09-30,15211,2026-09-30,CANCELED,,
2026-10-01T05:21:53Z,1268412026-09-30,12684,2026-09-30,CANCELED,,
2026-10-01T05:26:52Z,1505112026-09-30,15051,2026-09-30,SCHEDULED,0,0.0
2026-10-01T05:26:52Z,0436422026-09-30,04364,2026-09-30,SCHEDULED,-120,-2.0
2026-10-01T05:26:52Z,0436412026-09-30,04364,2026-09-30,SCHEDULED,-120,-2.0
2026-10-01T05:26:52Z,1564512026-09-30,15645,2026-09-30,SCHEDULED,120,2.0
2026-10-01T05:26:52Z,1564612026-09-30,15646,2026-09-30,SCHEDULED,480,8.0
2026-10-01T05:26:52Z,0486822026-10-01,04868,2026-10-01,SCHEDULED,-60,-1.0
2026-10-01T05:26:52Z,0486812026-10-01,04868,2026-10-01,SCHEDULED,-60,-1.0
2026-10-01T05:26:52Z,1565012026-09-30,15650,2026-09-30,SCHEDULED,480,8.0
2026-10-01T05:26:52Z,0506122026-09-30,05061,2026-09-30,SCHEDULED,0,0.0
2026-10-01T05:26:52Z,0506112026-09-30,05061,2026-09-30,SCHEDULED,0,0.0
2026-10-01T05:26:52Z,1572012026-09-30,15720,2026-09-30,SCHEDULED,1800,30.0
2026-10-01T05:26:52Z,0506312026-10-01,05063,2026-10-01,SCHEDULED,60,1.0
2026-10-01T05:26:52Z,1572212026-09-30,15722,2026-09-30,SCHEDULED,660,11.0
2026-10-01T05:26:52Z,1575112026-09-30,15751,2026-09-30,SCHEDULED,480,8.0
2026-10-01T05:26:52Z,0506422026-09-30,05064,2026-09-30,SCHEDULED,420,7.0
2026-10-01T05:26:52Z,0506412026-09-30,05064,2026-09-30,SCHEDULED,420,7.0
2026-10-01T05:26:52Z,1577012026-09-30,15770,2026-09-30,SCHEDULED,180,3.0
2026-10-01T05:26:52Z,0507212026-09-30,05072,2026-09-30,SCHEDULED,300,5.0
2026-10-01T05:26:52Z,1577212026-09-30,15772,2026-09-30,SCHEDULED,360,6.0
2026-10-01T05:26:52Z,1577412026-09-30,15774,2026-09-30,SCHEDULED,-180,-3.0
2026-10-01T05:26:52Z,0509222026-09-30,05092,2026-09-30,SCHEDULED,780,13.0
2026-10-01T05:26:52Z,0509212026-09-30,05092,2026-09-30,SCHEDULED,780,13.0
2026-10-01T05:26:52Z,1585012026-09-30,15850,2026-09-30,SCHEDULED,120,2.0
2026-10-01T05:26:52Z,1590012026-09-30,15900,2026-09-30,SCHEDULED,780,13.0
2026-10-01T05:26:52Z,0527312026-09-30,05273,2026-09-30,SCHEDULED,60,1.0
2026-10-01T05:26:52Z,1620712026-09-30,16207,2026-09-30,SCHEDULED,0,0.0
2026-10-01T05:26:52Z,1601812026-09-30,16018,2026-09-30,SCHEDULED,300,5.0
2026-10-01T05:26:52Z,1702112026-09-30,17021,2026-09-30,SCHEDULED,420,7.0
2026-10-01T05:26:52Z,0508012026-09-30,05080,2026-09-30,SCHEDULED,660,11.0
2026-10-01T05:26:52Z,0508032026-09-30,05080,2026-09-30,SCHEDULED,660,11.0
2026-10-01T05:26:52Z,0508022026-09-30,05080,2026-09-30,SCHEDULED,660,11.0
2026-10-01T05:26:52Z,1704212026-09-30,17042,2026-09-30,SCHEDULED,0,0.0
2026-10-01T05:26:52Z,0566812026-09-30,05668,2026-09-30,SCHEDULED,0,0.0
2026-10-01T05:26:52Z,1710012026-09-30,17100,2026-09-30,SCHEDULED,300,5.0
2026-10-01T05:26:52Z,1300112026-09-30,13001,2026-09-30,SCHEDULED,360,6.0
2026-10-01T05:26:52Z,1300312026-09-30,13003,2026-09-30,SCHEDULED,240,4.0
2026-10-01T05:26:52Z,0576312026-09-30,05763,2026-09-30,SCHEDULED,-60,-1.0
2026-10-01T05:26:52Z,0576322026-09-30,05763,2026-09-30,SCHEDULED,-60,-1.0
2026-10-01T05:26:52Z,0576332026-09-30,05763,2026-09-30,SCHEDULED,-60,-1.0
2026-10-01T05:26:52Z,0587112026-09-30,05871,2026-09-30,SCHEDULED,300,5.0
2026-10-01T05:26:52Z,1303012026-09-30,13030,2026-09-30,SCHEDULED,0,0.0
2026-10-01T05:26:52Z,0806812026-09-30,08068,2026-09-30,SCHEDULED,180,3.0
2026-10-01T05:26:52Z,1304112026-09-30,13041,2026-09-30,SCHEDULED,120,2.0
2026-10-01T05:26:52Z,1305112026-09-30,13051,2026-09-30,SCHEDULED,240,4.0
2026-10-01T05:26:52Z,0806912026-09-30,08069,2026-09-30,SCHEDULED,240,4.0
2026-10-01T05:26:52Z,0807112026-09-30,08071,2026-09-30,SCHEDULED,240,4.0
2026-10-01T05:26:52Z,1308412026-09-30,13084,2026-09-30,SCHEDULED,240,4.0
2026-10-01T05:26:52Z,0807512026-09-30,08075,2026-09-30,SCHEDULED,120,2.0
2026-10-01T05:26:52Z,1395112026-09-30,13951,2026-09-30,SCHEDULED,300,5.0
2026-10-01T05:26:52Z,0826012026-09-30,08260,2026-09-30,SCHEDULED,-300,-5.0
2026-10-01T05:26:52Z,1320312026-09-30,13203,2026-09-30,SCHEDULED,60,1.0
2026-10-01T05:26:52Z,0826112026-09-30,08261,2026-09-30,SCHEDULED,480,8.0
2026-10-01T05:26:52Z,1390012026-09-30,13900,2026-09-30,SCHEDULED,60,1.0
2026-10-01T05:26:52Z,0827112026-09-30,08271,2026-09-30,SCHEDULED,180,3.0
2026-10-01T05:26:52Z,1390112026-09-30,13901,2026-09-30,SCHEDULED,-360,-6.0
2026-10-01T05:26:52Z,0847512026-09-30,08475,2026-09-30,SCHEDULED,-60,-1.0
2026-10-01T05:26:52Z,0866412026-09-30,08664,2026-09-30,SCHEDULED,120,2.0
2026-10-01T05:26:52Z,0807212026-09-30,08072,2026-09-30,SCHEDULED,420,7.0
2026-10-01T05:26:52Z,0906712026-09-30,09067,2026-09-30,SCHEDULED,240,4.0
2026-10-01T05:26:52Z,1412312026-09-30,14123,2026-09-30,SCHEDULED,-120,-2.0
2026-10-01T05:26:52Z,1412342026-09-30,14123,2026-09-30,SCHEDULED,-120,-2.0
2026-10-01T05:26:52Z,1412322026-09-30,14123,2026-09-30,SCHEDULED,-120,-2.0
2026-10-01T05:26:52Z,0907222026-09-30,09072,2026-09-30,SCHEDULED,-120,-2.0
2026-10-01T05:26:52Z,0907212026-09-30,09072,2026-09-30,SCHEDULED,-120,-2.0
2026-10-01T05:26:52Z,0907312026-09-30,09073,2026-09-30,SCHEDULED,0,0.0
2026-10-01T05:26:52Z,3560412026-09-30,35604,2026-09-30,SCHEDULED,180,3.0
2026-10-01T05:26:52Z,3560442026-09-30,35604,2026-09-30,SCHEDULED,180,3.0
2026-10-01T05:26:52Z,3560452026-09-30,35604,2026-09-30,SCHEDULED,180,3.0
2026-10-01T05:26:52Z,0907512026-09-30,09075,2026-09-30,SCHEDULED,120,2.0
2026-10-01T05:26:52Z,1500012026-09-30,15000,2026-09-30,SCHEDULED,240,4.0
2026-10-01T05:26:52Z,0405612026-10-01,04056,2026-10-01,SCHEDULED,180,3.0
2026-10-01T05:26:52Z,1500112026-09-30,15001,2026-09-30,SCHEDULED,480,8.0
2026-10-01T05:26:52Z,1500212026-09-30,15002,2026-09-30,SCHEDULED,600,10.0
2026-10-01T05:26:52Z,0108122026-09-30,01081,2026-09-30,SCHEDULED,360,6.0
2026-10-01T05:26:52Z,0108112026-09-30,01081,2026-09-30,SCHEDULED,360,6.0
2026-10-01T05:26:52Z,0408712026-10-01,04087,2026-10-01,SCHEDULED,60,1.0
2026-10-01T05:26:52Z,1504012026-09-30,15040,2026-09-30,SCHEDULED,120,2.0
2026-10-01T05:26:52Z,1504112026-09-30,15041,2026-09-30,SCHEDULED,-60,-1.0
2026-10-01T05:26:52Z,0029122026-10-01,00291,2026-10-01,SCHEDULED,180,3.0
2026-10-01T05:26:52Z,0029112026-10-01,00291,2026-10-01,SCHEDULED,180,3.0
2026-10-01T05:26:52Z,1505012026-09-30,15050,2026-09-30,SCHEDULED,180,3.0
2026-10-01T05:26:52Z,1210112026-09-30,12101,2026-09-30,SCHEDULED,-60,-1.0
2026-10-01T05:26:52Z,1812012026-09-30,18120,2026-09-30,SCHEDULED,240,4.0
2026-10-01T05:26:52Z,1241112026-09-30,12411,2026-09-30,SCHEDULED,1620,27.0
2026-10-01T05:26:52Z,1812112026-09-30,18121,2026-09-30,SCHEDULED,0,0.0
2026-10-01T05:26:52Z,1248012026-09-30,12480,2026-09-30,SCHEDULED,120,2.0
2026-10-01T05:26:52Z,1821612026-09-30,18216,2026-09-30,SCHEDULED,120,2.0
2026-10-01T05:26:52Z,1261312026-09-30,12613,2026-09-30,SCHEDULED,-60,-1.0
2026-10-01T05:26:52Z,1261112026-09-30,12611,2026-09-30,SCHEDULED,120,2.0
2026-10-01T05:26:52Z,1832112026-09-30,18321,2026-09-30,SCHEDULED,240,4.0
2026-10-01T05:26:52Z,1264412026-09-30,12644,2026-09-30,SCHEDULED,0,0.0
2026-10-01T05:26:52Z,1833112026-09-30,18331,2026-09-30,SCHEDULED,60,1.0
2026-10-01T05:26:52Z,1300012026-09-30,13000,2026-09-30,SCHEDULED,120,2.0
2026-10-01T05:26:52Z,1877312026-09-30,18773,2026-09-30,SCHEDULED,0,0.0
2026-10-01T05:26:52Z,0029322026-10-01,00293,2026-10-01,SCHEDULED,60,1.0
2026-10-01T05:26:52Z,0029312026-10-01,00293,2026-10-01,SCHEDULED,60,1.0
2026-10-01T05:26:52Z,1891012026-09-30,18910,2026-09-30,SCHEDULED,600,10.0
2026-10-01T05:26:52Z,1443012026-09-30,14430,2026-09-30,SCHEDULED,180,3.0
2026-10-01T05:26:52Z,0053322026-10-01,00533,2026-10-01,SCHEDULED,240,4.0
2026-10-01T05:26:52Z,0053312026-10-01,00533,2026-10-01,SCHEDULED,240,4.0
2026-10-01T05:26:52Z,1530912026-09-30,15309,2026-09-30,SCHEDULED,180,3.0
2026-10-01T05:26:52Z,1503022026-09-30,15030,2026-09-30,SCHEDULED,-60,-1.0
2026-10-01T05:26:52Z,0411422026-10-01,04114,2026-10-01,SCHEDULED,360,6.0
2026-10-01T05:26:52Z,0411412026-10-01,04114,2026-10-01,SCHEDULED,360,6.0
2026-10-01T05:26:52Z,1503112026-09-30,15031,2026-09-30,SCHEDULED,240,4.0
2026-10-01T05:26:52Z,1600012026-09-30,16000,2026-09-30,SCHEDULED,1380,23.0
2026-10-01T05:26:52Z,0807712026-09-30,08077,2026-09-30,SCHEDULED,60,1.0
2026-10-01T05:26:52Z,0063142026-10-01,00631,2026-10-01,SCHEDULED,0,0.0
2026-10-01T05:26:52Z,0063132026-10-01,00631,2026-10-01,SCHEDULED,0,0.0
2026-10-01T05:26:52Z,0063112026-10-01,00631,2026-10-01,SCHEDULED,0,0.0
2026-10-01T05:26:52Z,0063122026-10-01,00631,2026-10-01,SCHEDULED,0,0.0
2026-10-01T05:26:52Z,0947012026-09-30,09470,2026-09-30,SCHEDULED,60,1.0
2026-10-01T05:26:52Z,1562012026-09-30,15620,2026-09-30,SCHEDULED,1500,25.0
2026-10-01T05:26:52Z,0075222026-10-01,00752,2026-10-01,SCHEDULED,-120,-2.0
2026-10-01T05:26:52Z,0075212026-10-01,00752,2026-10-01,SCHEDULED,-120,-2.0
2026-10-01T05:26:52Z,1562112026-09-30,15621,2026-09-30,SCHEDULED,1740,29.0
2026-10-01T05:26:52Z,1401812026-09-30,14018,2026-09-30,SCHEDULED,120,2.0
2026-10-01T05:26:52Z,0075222026-10-01,00752,2026-10-01,SCHEDULED,120,2.0
2026-10-01T05:26:52Z,0075212026-10-01,00752,2026-10-01,SCHEDULED,120,2.0
2026-10-01T05:26:52Z,1251212026-09-30,12512,2026-09-30,SCHEDULED,240,4.0
2026-10-01T05:26:52Z,3460912026-09-30,34609,2026-09-30,SCHEDULED,180,3.0
2026-10-01T05:26:52Z,7180012026-09-30,71800,2026-09-30,SCHEDULED,0,0.0
2026-10-01T05:26:52Z,0107112026-09-30,01071,2026-09-30,SCHEDULED,60,1.0
2026-10-01T05:26:52Z,1712112026-09-30,17121,2026-09-30,SCHEDULED,60,1.0
2026-10-01T05:26:52Z,0107212026-09-30,01072,2026-09-30,SCHEDULED,960,16.0
2026-10-01T05:26:52Z,1720112026-09-30,17201,2026-09-30,SCHEDULED,60,1.0
2026-10-01T05:26:52Z,0109212026-10-01,01092,2026-10-01,SCHEDULED,240,4.0
2026-10-01T05:26:52Z,1722712026-09-30,17227,2026-09-30,SCHEDULED,180,3.0
2026-10-01T05:26:52Z,0206112026-09-30,02061,2026-09-30,SCHEDULED,600,10.0
2026-10-01T05:26:52Z,1750312026-09-30,17503,2026-09-30,SCHEDULED,60,1.0
2026-10-01T05:26:52Z,0206312026-09-30,02063,2026-09-30,SCHEDULED,360,6.0
2026-10-01T05:26:52Z,1770312026-09-30,17703,2026-09-30,SCHEDULED,300,5.0
2026-10-01T05:26:52Z,0206712026-09-30,02067,2026-09-30,SCHEDULED,120,2.0
2026-10-01T05:26:52Z,1780612026-09-30,17806,2026-09-30,SCHEDULED,0,0.0
2026-10-01T05:26:52Z,0207012026-09-30,02070,2026-09-30,SCHEDULED,120,2.0
2026-10-01T05:26:52Z,1781512026-09-30,17815,2026-09-30,SCHEDULED,60,1.0
2026-10-01T05:26:52Z,0207112026-09-30,02071,2026-09-30,SCHEDULED,180,3.0
2026-10-01T05:26:52Z,1800112026-09-30,18001,2026-09-30,SCHEDULED,240,4.0
2026-10-01T05:26:52Z,0207312026-09-30,02073,2026-09-30,SCHEDULED,180,3.0
2026-10-01T05:26:52Z,0207412026-10-01,02074,2026-10-01,SCHEDULED,60,1.0
2026-10-01T05:26:52Z,1802422026-09-30,18024,2026-09-30,SCHEDULED,-120,-2.0
2026-10-01T05:26:52Z,1804112026-10-01,18041,2026-10-01,SCHEDULED,0,0.0
2026-10-01T05:26:52Z,0207512026-10-01,02075,2026-10-01,SCHEDULED,120,2.0
2026-10-01T05:26:52Z,1804612026-09-30,18046,2026-09-30,SCHEDULED,-60,-1.0
2026-10-01T05:26:52Z,0226112026-09-30,02261,2026-09-30,SCHEDULED,420,7.0
2026-10-01T05:26:52Z,1704312026-09-30,17043,2026-09-30,SCHEDULED,2040,34.0
2026-10-01T05:26:52Z,0305212026-09-30,03052,2026-09-30,SCHEDULED,240,4.0
2026-10-01T05:26:52Z,1805412026-09-30,18054,2026-09-30,SCHEDULED,300,5.0
2026-10-01T05:26:52Z,0306012026-09-30,03060,2026-09-30,SCHEDULED,300,5.0
2026-10-01T05:26:52Z,1806812026-09-30,18068,2026-09-30,SCHEDULED,420,7.0
2026-10-01T05:26:52Z,1807112026-09-30,18071,2026-09-30,SCHEDULED,300,5.0
2026-10-01T05:26:52Z,0330112026-09-30,03301,2026-09-30,SCHEDULED,120,2.0
2026-10-01T05:26:52Z,1807212026-09-30,18072,2026-09-30,SCHEDULED,-180,-3.0
2026-10-01T05:26:52Z,1800212026-09-30,18002,2026-09-30,SCHEDULED,60,1.0
2026-10-01T05:26:52Z,1806612026-09-30,18066,2026-09-30,SCHEDULED,300,5.0
2026-10-01T05:26:52Z,0306242026-09-30,03062,2026-09-30,SCHEDULED,420,7.0
2026-10-01T05:26:52Z,0306232026-09-30,03062,2026-09-30,SCHEDULED,420,7.0
2026-10-01T05:26:52Z,0306212026-09-30,03062,2026-09-30,SCHEDULED,420,7.0
2026-10-01T05:26:52Z,0306222026-09-30,03062,2026-09-30,SCHEDULED,420,7.0
2026-10-01T05:26:52Z,0306312026-09-30,03063,2026-09-30,SCHEDULED,180,3.0
2026-10-01T05:26:52Z,0306322026-09-30,03063,2026-09-30,SCHEDULED,180,3.0
2026-10-01T05:26:52Z,0306332026-09-30,03063,2026-09-30,SCHEDULED,180,3.0
2026-10-01T05:26:52Z,0307012026-09-30,03070,2026-09-30,SCHEDULED,0,0.0
2026-10-01T05:26:52Z,0307112026-09-30,03071,2026-09-30,SCHEDULED,180,3.0
2026-10-01T05:26:52Z,0306242026-09-30,03062,2026-09-30,SCHEDULED,600,10.0
2026-10-01T05:26:52Z,0306232026-09-30,03062,2026-09-30,SCHEDULED,600,10.0
2026-10-01T05:26:52Z,0306212026-09-30,03062,2026-09-30,SCHEDULED,600,10.0
2026-10-01T05:26:52Z,0306222026-09-30,03062,2026-09-30,SCHEDULED,600,10.0
2026-10-01T05:26:52Z,0366222026-09-30,03662,2026-09-30,SCHEDULED,300,5.0
2026-10-01T05:26:52Z,0366212026-09-30,03662,2026-09-30,SCHEDULED,300,5.0
2026-10-01T05:26:52Z,0406012026-09-30,04060,2026-09-30,SCHEDULED,-240,-4.0
2026-10-01T05:26:52Z,0426112026-10-01,04261,2026-10-01,SCHEDULED,0,0.0
2026-10-01T05:26:52Z,0407222026-10-01,04072,2026-10-01,SCHEDULED,120,2.0
2026-10-01T05:26:52Z,0407212026-10-01,04072,2026-10-01,SCHEDULED,120,2.0
2026-10-01T05:26:52Z,0418612026-10-01,04186,2026-10-01,SCHEDULED,420,7.0
2026-10-01T05:26:52Z,0418642026-10-01,04186,2026-10-01,SCHEDULED,420,7.0
2026-10-01T05:26:52Z,0418622026-10-01,04186,2026-10-01,SCHEDULED,420,7.0
2026-10-01T05:26:52Z,0408822026-10-01,04088,2026-10-01,SCHEDULED,-60,-1.0
2026-10-01T05:26:52Z,0429522026-09-30,04295,2026-09-30,SCHEDULED,60,1.0
2026-10-01T05:26:52Z,0429512026-09-30,04295,2026-09-30,SCHEDULED,60,1.0
2026-10-01T05:26:52Z,0446412026-10-01,04464,2026-10-01,SCHEDULED,-180,-3.0
2026-10-01T05:26:52Z,0415422026-09-30,04154,2026-09-30,SCHEDULED,180,3.0
2026-10-01T05:26:52Z,0415412026-09-30,04154,2026-09-30,SCHEDULED,180,3.0
2026-10-01T05:26:52Z,1268512026-09-30,12685,2026-09-30,CANCELED,,
2026-10-01T05:26:52Z,1521012026-09-30,15210,2026-09-30,CANCELED,,
2026-10-01T05:26:52Z,1269212026-09-30,12692,2026-09-30,CANCELED,,
2026-10-01T05:26:52Z,1705012026-09-30,17050,2026-09-30,CANCELED,,
2026-10-01T05:26:52Z,0414312026-10-01,04143,2026-10-01,CANCELED,,
2026-10-01T05:26:52Z,1521112026-09-30,15211,2026-09-30,CANCELED,,
2026-10-01T05:26:52Z,1268412026-09-30,12684,2026-09-30,CANCELED,,
