timestamp_utc,trip_id,tren,fecha_tren,estado,retraso_seg,retraso_min
2026-10-06T00:02:41Z,0043812026-10-06,00438,2026-10-06,CANCELED,,
2026-10-06T00:02:41Z,0043822026-10-06,00438,2026-10-06,CANCELED,,
2026-10-06T00:02:41Z,0043832026-10-06,00438,2026-10-06,CANCELED,,
2026-10-06T00:02:41Z,3743812026-10-05,37438,2026-10-05,CANCELED,,
2026-10-06T00:02:41Z,0238412026-10-06,02384,2026-10-06,CANCELED,,
2026-10-06T00:02:41Z,1304912026-10-05,13049,2026-10-05,CANCELED,,
2026-10-06T00:02:41Z,1309512026-10-05,13095,2026-10-05,CANCELED,,
2026-10-06T00:02:41Z,1391112026-10-05,13911,2026-10-05,CANCELED,,
2026-10-06T00:02:41Z,1502012026-10-05,15020,2026-10-05,CANCELED,,
2026-10-06T00:02:41Z,1504112026-10-05,15041,2026-10-05,CANCELED,,
2026-10-06T00:02:41Z,1504312026-10-05,15043,2026-10-05,CANCELED,,
2026-10-06T00:02:41Z,1504512026-10-05,15045,2026-10-05,CANCELED,,
2026-10-06T00:02:41Z,1504712026-10-05,15047,2026-10-05,CANCELED,,
2026-10-06T00:02:41Z,1505312026-10-05,15053,2026-10-05,CANCELED,,
2026-10-06T00:02:41Z,1505412026-10-05,15054,2026-10-05,CANCELED,,
2026-10-06T00:02:41Z,1505512026-10-05,15055,2026-10-05,CANCELED,,
2026-10-06T00:02:41Z,1521412026-10-05,15214,2026-10-05,CANCELED,,
2026-10-06T00:02:41Z,1521512026-10-05,15215,2026-10-05,CANCELED,,
2026-10-06T00:02:41Z,1521612026-10-05,15216,2026-10-05,CANCELED,,
2026-10-06T00:02:41Z,1521712026-10-05,15217,2026-10-05,CANCELED,,
2026-10-06T00:02:41Z,1521812026-10-05,15218,2026-10-05,CANCELED,,
2026-10-06T00:02:41Z,1521912026-10-05,15219,2026-10-05,CANCELED,,
2026-10-06T00:02:41Z,1522012026-10-05,15220,2026-10-05,CANCELED,,
2026-10-06T00:02:41Z,1522112026-10-05,15221,2026-10-05,CANCELED,,
2026-10-06T00:02:41Z,1522212026-10-05,15222,2026-10-05,CANCELED,,
2026-10-06T00:02:41Z,1522312026-10-05,15223,2026-10-05,CANCELED,,
2026-10-06T00:02:41Z,1522412026-10-05,15224,2026-10-05,CANCELED,,
2026-10-06T00:02:41Z,1522512026-10-05,15225,2026-10-05,CANCELED,,
2026-10-06T00:02:41Z,1570012026-10-05,15700,2026-10-05,CANCELED,,
2026-10-06T00:02:41Z,1570212026-10-05,15702,2026-10-05,CANCELED,,
2026-10-06T00:02:41Z,1572412026-10-05,15724,2026-10-05,CANCELED,,
2026-10-06T00:02:41Z,1572612026-10-05,15726,2026-10-05,CANCELED,,
2026-10-06T00:02:41Z,1572812026-10-05,15728,2026-10-05,CANCELED,,
2026-10-06T00:02:41Z,1573212026-10-05,15732,2026-10-05,CANCELED,,
2026-10-06T00:02:41Z,1573412026-10-05,15734,2026-10-05,CANCELED,,
2026-10-06T00:02:41Z,1573812026-10-05,15738,2026-10-05,CANCELED,,
2026-10-06T00:02:41Z,1578212026-10-05,15782,2026-10-05,CANCELED,,
2026-10-06T00:02:41Z,1578412026-10-05,15784,2026-10-05,CANCELED,,
2026-10-06T00:02:41Z,1578612026-10-05,15786,2026-10-05,CANCELED,,
2026-10-06T00:02:41Z,1578812026-10-05,15788,2026-10-05,CANCELED,,
2026-10-06T00:02:41Z,1580612026-10-05,15806,2026-10-05,CANCELED,,
2026-10-06T00:02:41Z,1580822026-10-05,15808,2026-10-05,CANCELED,,
2026-10-06T00:02:41Z,1581222026-10-05,15812,2026-10-05,CANCELED,,
2026-10-06T00:02:41Z,1581612026-10-05,15816,2026-10-05,CANCELED,,
2026-10-06T00:02:41Z,1581812026-10-05,15818,2026-10-05,CANCELED,,
2026-10-06T00:02:41Z,1582012026-10-05,15820,2026-10-05,CANCELED,,
2026-10-06T00:02:41Z,1586212026-10-05,15862,2026-10-05,CANCELED,,
2026-10-06T00:02:41Z,1586422026-10-05,15864,2026-10-05,CANCELED,,
2026-10-06T00:02:41Z,1586612026-10-05,15866,2026-10-05,CANCELED,,
2026-10-06T00:02:41Z,1586822026-10-05,15868,2026-10-05,CANCELED,,
2026-10-06T00:02:41Z,1587412026-10-05,15874,2026-10-05,CANCELED,,
2026-10-06T00:02:41Z,1587612026-10-05,15876,2026-10-05,CANCELED,,
2026-10-06T00:02:41Z,1588212026-10-05,15882,2026-10-05,CANCELED,,
2026-10-06T00:02:41Z,1588612026-10-05,15886,2026-10-05,CANCELED,,
2026-10-06T00:02:41Z,1591212026-10-05,15912,2026-10-05,CANCELED,,
2026-10-06T00:02:41Z,3091212026-10-05,30912,2026-10-05,CANCELED,,
2026-10-06T00:02:41Z,1591612026-10-05,15916,2026-10-05,CANCELED,,
2026-10-06T00:02:41Z,3091612026-10-05,30916,2026-10-05,CANCELED,,
2026-10-06T00:02:41Z,1591812026-10-05,15918,2026-10-05,CANCELED,,
2026-10-06T00:02:41Z,3091812026-10-05,30918,2026-10-05,CANCELED,,
2026-10-06T00:02:41Z,1562412026-10-05,15624,2026-10-05,CANCELED,,
2026-10-06T00:06:52Z,0043812026-10-06,00438,2026-10-06,CANCELED,,
2026-10-06T00:06:52Z,0043822026-10-06,00438,2026-10-06,CANCELED,,
2026-10-06T00:06:52Z,0043832026-10-06,00438,2026-10-06,CANCELED,,
2026-10-06T00:06:52Z,3743812026-10-05,37438,2026-10-05,CANCELED,,
2026-10-06T00:06:52Z,0238412026-10-06,02384,2026-10-06,CANCELED,,
2026-10-06T00:06:52Z,1304912026-10-05,13049,2026-10-05,CANCELED,,
2026-10-06T00:06:52Z,1309512026-10-05,13095,2026-10-05,CANCELED,,
2026-10-06T00:06:52Z,1391112026-10-05,13911,2026-10-05,CANCELED,,
2026-10-06T00:06:52Z,1502012026-10-05,15020,2026-10-05,CANCELED,,
2026-10-06T00:06:52Z,1504112026-10-05,15041,2026-10-05,CANCELED,,
2026-10-06T00:06:52Z,1504312026-10-05,15043,2026-10-05,CANCELED,,
2026-10-06T00:06:52Z,1504512026-10-05,15045,2026-10-05,CANCELED,,
2026-10-06T00:06:52Z,1504712026-10-05,15047,2026-10-05,CANCELED,,
2026-10-06T00:06:52Z,1505312026-10-05,15053,2026-10-05,CANCELED,,
2026-10-06T00:06:52Z,1505412026-10-05,15054,2026-10-05,CANCELED,,
2026-10-06T00:06:52Z,1505512026-10-05,15055,2026-10-05,CANCELED,,
2026-10-06T00:06:52Z,1521412026-10-05,15214,2026-10-05,CANCELED,,
2026-10-06T00:06:52Z,1521512026-10-05,15215,2026-10-05,CANCELED,,
2026-10-06T00:06:52Z,1521612026-10-05,15216,2026-10-05,CANCELED,,
2026-10-06T00:06:52Z,1521712026-10-05,15217,2026-10-05,CANCELED,,
2026-10-06T00:06:52Z,1521812026-10-05,15218,2026-10-05,CANCELED,,
2026-10-06T00:06:52Z,1521912026-10-05,15219,2026-10-05,CANCELED,,
2026-10-06T00:06:52Z,1522012026-10-05,15220,2026-10-05,CANCELED,,
2026-10-06T00:06:52Z,1522112026-10-05,15221,2026-10-05,CANCELED,,
2026-10-06T00:06:52Z,1522212026-10-05,15222,2026-10-05,CANCELED,,
2026-10-06T00:06:52Z,1522312026-10-05,15223,2026-10-05,CANCELED,,
2026-10-06T00:06:52Z,1522412026-10-05,15224,2026-10-05,CANCELED,,
2026-10-06T00:06:52Z,1522512026-10-05,15225,2026-10-05,CANCELED,,
2026-10-06T00:06:52Z,1570012026-10-05,15700,2026-10-05,CANCELED,,
2026-10-06T00:06:52Z,1570212026-10-05,15702,2026-10-05,CANCELED,,
2026-10-06T00:06:52Z,1572412026-10-05,15724,2026-10-05,CANCELED,,
2026-10-06T00:06:52Z,1572612026-10-05,15726,2026-10-05,CANCELED,,
2026-10-06T00:06:52Z,1572812026-10-05,15728,2026-10-05,CANCELED,,
2026-10-06T00:06:52Z,1573212026-10-05,15732,2026-10-05,CANCELED,,
2026-10-06T00:06:52Z,1573412026-10-05,15734,2026-10-05,CANCELED,,
2026-10-06T00:06:52Z,1573812026-10-05,15738,2026-10-05,CANCELED,,
2026-10-06T00:06:52Z,1578212026-10-05,15782,2026-10-05,CANCELED,,
2026-10-06T00:06:52Z,1578412026-10-05,15784,2026-10-05,CANCELED,,
2026-10-06T00:06:52Z,1578612026-10-05,15786,2026-10-05,CANCELED,,
2026-10-06T00:06:52Z,1578812026-10-05,15788,2026-10-05,CANCELED,,
2026-10-06T00:06:52Z,1580612026-10-05,15806,2026-10-05,CANCELED,,
2026-10-06T00:06:52Z,1580822026-10-05,15808,2026-10-05,CANCELED,,
2026-10-06T00:06:52Z,1581222026-10-05,15812,2026-10-05,CANCELED,,
2026-10-06T00:06:52Z,1581612026-10-05,15816,2026-10-05,CANCELED,,
2026-10-06T00:06:52Z,1581812026-10-05,15818,2026-10-05,CANCELED,,
2026-10-06T00:06:52Z,1582012026-10-05,15820,2026-10-05,CANCELED,,
2026-10-06T00:06:52Z,1586212026-10-05,15862,2026-10-05,CANCELED,,
2026-10-06T00:06:52Z,1586422026-10-05,15864,2026-10-05,CANCELED,,
2026-10-06T00:06:52Z,1586612026-10-05,15866,2026-10-05,CANCELED,,
2026-10-06T00:06:52Z,1586822026-10-05,15868,2026-10-05,CANCELED,,
2026-10-06T00:06:52Z,1587412026-10-05,15874,2026-10-05,CANCELED,,
2026-10-06T00:06:52Z,1587612026-10-05,15876,2026-10-05,CANCELED,,
2026-10-06T00:06:52Z,1588212026-10-05,15882,2026-10-05,CANCELED,,
2026-10-06T00:06:52Z,1588612026-10-05,15886,2026-10-05,CANCELED,,
2026-10-06T00:06:52Z,1591212026-10-05,15912,2026-10-05,CANCELED,,
2026-10-06T00:06:52Z,3091212026-10-05,30912,2026-10-05,CANCELED,,
2026-10-06T00:06:52Z,1591612026-10-05,15916,2026-10-05,CANCELED,,
2026-10-06T00:06:52Z,3091612026-10-05,30916,2026-10-05,CANCELED,,
2026-10-06T00:06:52Z,1591812026-10-05,15918,2026-10-05,CANCELED,,
2026-10-06T00:06:52Z,3091812026-10-05,30918,2026-10-05,CANCELED,,
2026-10-06T00:06:52Z,1562412026-10-05,15624,2026-10-05,CANCELED,,
2026-10-06T00:11:59Z,0043812026-10-06,00438,2026-10-06,CANCELED,,
2026-10-06T00:11:59Z,0043822026-10-06,00438,2026-10-06,CANCELED,,
2026-10-06T00:11:59Z,0043832026-10-06,00438,2026-10-06,CANCELED,,
2026-10-06T00:11:59Z,3743812026-10-05,37438,2026-10-05,CANCELED,,
2026-10-06T00:11:59Z,0238412026-10-06,02384,2026-10-06,CANCELED,,
2026-10-06T00:11:59Z,1304912026-10-05,13049,2026-10-05,CANCELED,,
2026-10-06T00:11:59Z,1309512026-10-05,13095,2026-10-05,CANCELED,,
2026-10-06T00:11:59Z,1391112026-10-05,13911,2026-10-05,CANCELED,,
2026-10-06T00:11:59Z,1502012026-10-05,15020,2026-10-05,CANCELED,,
2026-10-06T00:11:59Z,1504112026-10-05,15041,2026-10-05,CANCELED,,
2026-10-06T00:11:59Z,1504312026-10-05,15043,2026-10-05,CANCELED,,
2026-10-06T00:11:59Z,1504512026-10-05,15045,2026-10-05,CANCELED,,
2026-10-06T00:11:59Z,1504712026-10-05,15047,2026-10-05,CANCELED,,
2026-10-06T00:11:59Z,1505312026-10-05,15053,2026-10-05,CANCELED,,
2026-10-06T00:11:59Z,1505412026-10-05,15054,2026-10-05,CANCELED,,
2026-10-06T00:11:59Z,1505512026-10-05,15055,2026-10-05,CANCELED,,
2026-10-06T00:11:59Z,1521412026-10-05,15214,2026-10-05,CANCELED,,
2026-10-06T00:11:59Z,1521512026-10-05,15215,2026-10-05,CANCELED,,
2026-10-06T00:11:59Z,1521612026-10-05,15216,2026-10-05,CANCELED,,
2026-10-06T00:11:59Z,1521712026-10-05,15217,2026-10-05,CANCELED,,
2026-10-06T00:11:59Z,1521812026-10-05,15218,2026-10-05,CANCELED,,
2026-10-06T00:11:59Z,1521912026-10-05,15219,2026-10-05,CANCELED,,
2026-10-06T00:11:59Z,1522012026-10-05,15220,2026-10-05,CANCELED,,
2026-10-06T00:11:59Z,1522112026-10-05,15221,2026-10-05,CANCELED,,
2026-10-06T00:11:59Z,1522212026-10-05,15222,2026-10-05,CANCELED,,
2026-10-06T00:11:59Z,1522312026-10-05,15223,2026-10-05,CANCELED,,
2026-10-06T00:11:59Z,1522412026-10-05,15224,2026-10-05,CANCELED,,
2026-10-06T00:11:59Z,1522512026-10-05,15225,2026-10-05,CANCELED,,
2026-10-06T00:11:59Z,1570012026-10-05,15700,2026-10-05,CANCELED,,
2026-10-06T00:11:59Z,1570212026-10-05,15702,2026-10-05,CANCELED,,
2026-10-06T00:11:59Z,1572412026-10-05,15724,2026-10-05,CANCELED,,
2026-10-06T00:11:59Z,1572612026-10-05,15726,2026-10-05,CANCELED,,
2026-10-06T00:11:59Z,1572812026-10-05,15728,2026-10-05,CANCELED,,
2026-10-06T00:11:59Z,1573212026-10-05,15732,2026-10-05,CANCELED,,
2026-10-06T00:11:59Z,1573412026-10-05,15734,2026-10-05,CANCELED,,
2026-10-06T00:11:59Z,1573812026-10-05,15738,2026-10-05,CANCELED,,
2026-10-06T00:11:59Z,1578212026-10-05,15782,2026-10-05,CANCELED,,
2026-10-06T00:11:59Z,1578412026-10-05,15784,2026-10-05,CANCELED,,
2026-10-06T00:11:59Z,1578612026-10-05,15786,2026-10-05,CANCELED,,
2026-10-06T00:11:59Z,1578812026-10-05,15788,2026-10-05,CANCELED,,
2026-10-06T00:11:59Z,1580612026-10-05,15806,2026-10-05,CANCELED,,
2026-10-06T00:11:59Z,1580822026-10-05,15808,2026-10-05,CANCELED,,
2026-10-06T00:11:59Z,1581222026-10-05,15812,2026-10-05,CANCELED,,
2026-10-06T00:11:59Z,1581612026-10-05,15816,2026-10-05,CANCELED,,
2026-10-06T00:11:59Z,1581812026-10-05,15818,2026-10-05,CANCELED,,
2026-10-06T00:11:59Z,1582012026-10-05,15820,2026-10-05,CANCELED,,
2026-10-06T00:11:59Z,1586212026-10-05,15862,2026-10-05,CANCELED,,
2026-10-06T00:11:59Z,1586422026-10-05,15864,2026-10-05,CANCELED,,
2026-10-06T00:11:59Z,1586612026-10-05,15866,2026-10-05,CANCELED,,
2026-10-06T00:11:59Z,1586822026-10-05,15868,2026-10-05,CANCELED,,
2026-10-06T00:11:59Z,1587412026-10-05,15874,2026-10-05,CANCELED,,
2026-10-06T00:11:59Z,1587612026-10-05,15876,2026-10-05,CANCELED,,
2026-10-06T00:11:59Z,1588212026-10-05,15882,2026-10-05,CANCELED,,
2026-10-06T00:11:59Z,1588612026-10-05,15886,2026-10-05,CANCELED,,
2026-10-06T00:11:59Z,1591212026-10-05,15912,2026-10-05,CANCELED,,
2026-10-06T00:11:59Z,3091212026-10-05,30912,2026-10-05,CANCELED,,
2026-10-06T00:11:59Z,1591612026-10-05,15916,2026-10-05,CANCELED,,
2026-10-06T00:11:59Z,3091612026-10-05,30916,2026-10-05,CANCELED,,
2026-10-06T00:11:59Z,1591812026-10-05,15918,2026-10-05,CANCELED,,
2026-10-06T00:11:59Z,3091812026-10-05,30918,2026-10-05,CANCELED,,
2026-10-06T00:11:59Z,1562412026-10-05,15624,2026-10-05,CANCELED,,
2026-10-06T00:16:59Z,0043812026-10-06,00438,2026-10-06,CANCELED,,
2026-10-06T00:16:59Z,0043822026-10-06,00438,2026-10-06,CANCELED,,
2026-10-06T00:16:59Z,0043832026-10-06,00438,2026-10-06,CANCELED,,
2026-10-06T00:16:59Z,3743812026-10-05,37438,2026-10-05,CANCELED,,
2026-10-06T00:16:59Z,0238412026-10-06,02384,2026-10-06,CANCELED,,
2026-10-06T00:16:59Z,1304912026-10-05,13049,2026-10-05,CANCELED,,
2026-10-06T00:16:59Z,1309512026-10-05,13095,2026-10-05,CANCELED,,
2026-10-06T00:16:59Z,1391112026-10-05,13911,2026-10-05,CANCELED,,
2026-10-06T00:16:59Z,1502012026-10-05,15020,2026-10-05,CANCELED,,
2026-10-06T00:16:59Z,1504112026-10-05,15041,2026-10-05,CANCELED,,
2026-10-06T00:16:59Z,1504312026-10-05,15043,2026-10-05,CANCELED,,
2026-10-06T00:16:59Z,1504512026-10-05,15045,2026-10-05,CANCELED,,
2026-10-06T00:16:59Z,1504712026-10-05,15047,2026-10-05,CANCELED,,
2026-10-06T00:16:59Z,1505312026-10-05,15053,2026-10-05,CANCELED,,
2026-10-06T00:16:59Z,1505412026-10-05,15054,2026-10-05,CANCELED,,
2026-10-06T00:16:59Z,1505512026-10-05,15055,2026-10-05,CANCELED,,
2026-10-06T00:16:59Z,1521412026-10-05,15214,2026-10-05,CANCELED,,
2026-10-06T00:16:59Z,1521512026-10-05,15215,2026-10-05,CANCELED,,
2026-10-06T00:16:59Z,1521612026-10-05,15216,2026-10-05,CANCELED,,
2026-10-06T00:16:59Z,1521712026-10-05,15217,2026-10-05,CANCELED,,
2026-10-06T00:16:59Z,1521812026-10-05,15218,2026-10-05,CANCELED,,
2026-10-06T00:16:59Z,1521912026-10-05,15219,2026-10-05,CANCELED,,
2026-10-06T00:16:59Z,1522012026-10-05,15220,2026-10-05,CANCELED,,
2026-10-06T00:16:59Z,1522112026-10-05,15221,2026-10-05,CANCELED,,
2026-10-06T00:16:59Z,1522212026-10-05,15222,2026-10-05,CANCELED,,
2026-10-06T00:16:59Z,1522312026-10-05,15223,2026-10-05,CANCELED,,
2026-10-06T00:16:59Z,1522412026-10-05,15224,2026-10-05,CANCELED,,
2026-10-06T00:16:59Z,1522512026-10-05,15225,2026-10-05,CANCELED,,
2026-10-06T00:16:59Z,1570012026-10-05,15700,2026-10-05,CANCELED,,
2026-10-06T00:16:59Z,1570212026-10-05,15702,2026-10-05,CANCELED,,
2026-10-06T00:16:59Z,1572412026-10-05,15724,2026-10-05,CANCELED,,
2026-10-06T00:16:59Z,1572612026-10-05,15726,2026-10-05,CANCELED,,
2026-10-06T00:16:59Z,1572812026-10-05,15728,2026-10-05,CANCELED,,
2026-10-06T00:16:59Z,1573212026-10-05,15732,2026-10-05,CANCELED,,
2026-10-06T00:16:59Z,1573412026-10-05,15734,2026-10-05,CANCELED,,
2026-10-06T00:16:59Z,1573812026-10-05,15738,2026-10-05,CANCELED,,
2026-10-06T00:16:59Z,1578212026-10-05,15782,2026-10-05,CANCELED,,
2026-10-06T00:16:59Z,1578412026-10-05,15784,2026-10-05,CANCELED,,
2026-10-06T00:16:59Z,1578612026-10-05,15786,2026-10-05,CANCELED,,
2026-10-06T00:16:59Z,1578812026-10-05,15788,2026-10-05,CANCELED,,
2026-10-06T00:16:59Z,1580612026-10-05,15806,2026-10-05,CANCELED,,
2026-10-06T00:16:59Z,1580822026-10-05,15808,2026-10-05,CANCELED,,
2026-10-06T00:16:59Z,1581222026-10-05,15812,2026-10-05,CANCELED,,
2026-10-06T00:16:59Z,1581612026-10-05,15816,2026-10-05,CANCELED,,
2026-10-06T00:16:59Z,1581812026-10-05,15818,2026-10-05,CANCELED,,
2026-10-06T00:16:59Z,1582012026-10-05,15820,2026-10-05,CANCELED,,
2026-10-06T00:16:59Z,1586212026-10-05,15862,2026-10-05,CANCELED,,
2026-10-06T00:16:59Z,1586422026-10-05,15864,2026-10-05,CANCELED,,
2026-10-06T00:16:59Z,1586612026-10-05,15866,2026-10-05,CANCELED,,
2026-10-06T00:16:59Z,1586822026-10-05,15868,2026-10-05,CANCELED,,
2026-10-06T00:16:59Z,1587412026-10-05,15874,2026-10-05,CANCELED,,
2026-10-06T00:16:59Z,1587612026-10-05,15876,2026-10-05,CANCELED,,
2026-10-06T00:16:59Z,1588212026-10-05,15882,2026-10-05,CANCELED,,
2026-10-06T00:16:59Z,1588612026-10-05,15886,2026-10-05,CANCELED,,
2026-10-06T00:16:59Z,1591212026-10-05,15912,2026-10-05,CANCELED,,
2026-10-06T00:16:59Z,3091212026-10-05,30912,2026-10-05,CANCELED,,
2026-10-06T00:16:59Z,1591612026-10-05,15916,2026-10-05,CANCELED,,
2026-10-06T00:16:59Z,3091612026-10-05,30916,2026-10-05,CANCELED,,
2026-10-06T00:16:59Z,1591812026-10-05,15918,2026-10-05,CANCELED,,
2026-10-06T00:16:59Z,3091812026-10-05,30918,2026-10-05,CANCELED,,
2026-10-06T00:16:59Z,1562412026-10-05,15624,2026-10-05,CANCELED,,
2026-10-06T00:21:59Z,0043812026-10-06,00438,2026-10-06,CANCELED,,
2026-10-06T00:21:59Z,0043822026-10-06,00438,2026-10-06,CANCELED,,
2026-10-06T00:21:59Z,0043832026-10-06,00438,2026-10-06,CANCELED,,
2026-10-06T00:21:59Z,3743812026-10-05,37438,2026-10-05,CANCELED,,
2026-10-06T00:21:59Z,0238412026-10-06,02384,2026-10-06,CANCELED,,
2026-10-06T00:21:59Z,1304912026-10-05,13049,2026-10-05,CANCELED,,
2026-10-06T00:21:59Z,1309512026-10-05,13095,2026-10-05,CANCELED,,
2026-10-06T00:21:59Z,1391112026-10-05,13911,2026-10-05,CANCELED,,
2026-10-06T00:21:59Z,1502012026-10-05,15020,2026-10-05,CANCELED,,
2026-10-06T00:21:59Z,1504112026-10-05,15041,2026-10-05,CANCELED,,
2026-10-06T00:21:59Z,1504312026-10-05,15043,2026-10-05,CANCELED,,
2026-10-06T00:21:59Z,1504512026-10-05,15045,2026-10-05,CANCELED,,
2026-10-06T00:21:59Z,1504712026-10-05,15047,2026-10-05,CANCELED,,
2026-10-06T00:21:59Z,1505312026-10-05,15053,2026-10-05,CANCELED,,
2026-10-06T00:21:59Z,1505412026-10-05,15054,2026-10-05,CANCELED,,
2026-10-06T00:21:59Z,1505512026-10-05,15055,2026-10-05,CANCELED,,
2026-10-06T00:21:59Z,1521412026-10-05,15214,2026-10-05,CANCELED,,
2026-10-06T00:21:59Z,1521512026-10-05,15215,2026-10-05,CANCELED,,
2026-10-06T00:21:59Z,1521612026-10-05,15216,2026-10-05,CANCELED,,
2026-10-06T00:21:59Z,1521712026-10-05,15217,2026-10-05,CANCELED,,
2026-10-06T00:21:59Z,1521812026-10-05,15218,2026-10-05,CANCELED,,
2026-10-06T00:21:59Z,1521912026-10-05,15219,2026-10-05,CANCELED,,
2026-10-06T00:21:59Z,1522012026-10-05,15220,2026-10-05,CANCELED,,
2026-10-06T00:21:59Z,1522112026-10-05,15221,2026-10-05,CANCELED,,
2026-10-06T00:21:59Z,1522212026-10-05,15222,2026-10-05,CANCELED,,
2026-10-06T00:21:59Z,1522312026-10-05,15223,2026-10-05,CANCELED,,
2026-10-06T00:21:59Z,1522412026-10-05,15224,2026-10-05,CANCELED,,
2026-10-06T00:21:59Z,1522512026-10-05,15225,2026-10-05,CANCELED,,
2026-10-06T00:21:59Z,1570012026-10-05,15700,2026-10-05,CANCELED,,
2026-10-06T00:21:59Z,1570212026-10-05,15702,2026-10-05,CANCELED,,
2026-10-06T00:21:59Z,1572412026-10-05,15724,2026-10-05,CANCELED,,
2026-10-06T00:21:59Z,1572612026-10-05,15726,2026-10-05,CANCELED,,
2026-10-06T00:21:59Z,1572812026-10-05,15728,2026-10-05,CANCELED,,
2026-10-06T00:21:59Z,1573212026-10-05,15732,2026-10-05,CANCELED,,
2026-10-06T00:21:59Z,1573412026-10-05,15734,2026-10-05,CANCELED,,
2026-10-06T00:21:59Z,1573812026-10-05,15738,2026-10-05,CANCELED,,
2026-10-06T00:21:59Z,1578212026-10-05,15782,2026-10-05,CANCELED,,
2026-10-06T00:21:59Z,1578412026-10-05,15784,2026-10-05,CANCELED,,
2026-10-06T00:21:59Z,1578612026-10-05,15786,2026-10-05,CANCELED,,
2026-10-06T00:21:59Z,1578812026-10-05,15788,2026-10-05,CANCELED,,
2026-10-06T00:21:59Z,1580612026-10-05,15806,2026-10-05,CANCELED,,
2026-10-06T00:21:59Z,1580822026-10-05,15808,2026-10-05,CANCELED,,
2026-10-06T00:21:59Z,1581222026-10-05,15812,2026-10-05,CANCELED,,
2026-10-06T00:21:59Z,1581612026-10-05,15816,2026-10-05,CANCELED,,
2026-10-06T00:21:59Z,1581812026-10-05,15818,2026-10-05,CANCELED,,
2026-10-06T00:21:59Z,1582012026-10-05,15820,2026-10-05,CANCELED,,
2026-10-06T00:21:59Z,1586212026-10-05,15862,2026-10-05,CANCELED,,
2026-10-06T00:21:59Z,1586422026-10-05,15864,2026-10-05,CANCELED,,
2026-10-06T00:21:59Z,1586612026-10-05,15866,2026-10-05,CANCELED,,
2026-10-06T00:21:59Z,1586822026-10-05,15868,2026-10-05,CANCELED,,
2026-10-06T00:21:59Z,1587412026-10-05,15874,2026-10-05,CANCELED,,
2026-10-06T00:21:59Z,1587612026-10-05,15876,2026-10-05,CANCELED,,
2026-10-06T00:21:59Z,1588212026-10-05,15882,2026-10-05,CANCELED,,
2026-10-06T00:21:59Z,1588612026-10-05,15886,2026-10-05,CANCELED,,
2026-10-06T00:21:59Z,1591212026-10-05,15912,2026-10-05,CANCELED,,
2026-10-06T00:21:59Z,3091212026-10-05,30912,2026-10-05,CANCELED,,
2026-10-06T00:21:59Z,1591612026-10-05,15916,2026-10-05,CANCELED,,
2026-10-06T00:21:59Z,3091612026-10-05,30916,2026-10-05,CANCELED,,
2026-10-06T00:21:59Z,1591812026-10-05,15918,2026-10-05,CANCELED,,
2026-10-06T00:21:59Z,3091812026-10-05,30918,2026-10-05,CANCELED,,
2026-10-06T00:21:59Z,1562412026-10-05,15624,2026-10-05,CANCELED,,
2026-10-06T00:26:52Z,0043812026-10-06,00438,2026-10-06,CANCELED,,
2026-10-06T00:26:52Z,0043822026-10-06,00438,2026-10-06,CANCELED,,
2026-10-06T00:26:52Z,0043832026-10-06,00438,2026-10-06,CANCELED,,
2026-10-06T00:26:52Z,3743812026-10-05,37438,2026-10-05,CANCELED,,
2026-10-06T00:26:52Z,0238412026-10-06,02384,2026-10-06,CANCELED,,
2026-10-06T00:26:52Z,1304912026-10-05,13049,2026-10-05,CANCELED,,
2026-10-06T00:26:52Z,1309512026-10-05,13095,2026-10-05,CANCELED,,
2026-10-06T00:26:52Z,1391112026-10-05,13911,2026-10-05,CANCELED,,
2026-10-06T00:26:52Z,1502012026-10-05,15020,2026-10-05,CANCELED,,
2026-10-06T00:26:52Z,1504112026-10-05,15041,2026-10-05,CANCELED,,
2026-10-06T00:26:52Z,1504312026-10-05,15043,2026-10-05,CANCELED,,
2026-10-06T00:26:52Z,1504512026-10-05,15045,2026-10-05,CANCELED,,
2026-10-06T00:26:52Z,1504712026-10-05,15047,2026-10-05,CANCELED,,
2026-10-06T00:26:52Z,1505312026-10-05,15053,2026-10-05,CANCELED,,
2026-10-06T00:26:52Z,1505412026-10-05,15054,2026-10-05,CANCELED,,
2026-10-06T00:26:52Z,1505512026-10-05,15055,2026-10-05,CANCELED,,
2026-10-06T00:26:52Z,1521412026-10-05,15214,2026-10-05,CANCELED,,
2026-10-06T00:26:52Z,1521512026-10-05,15215,2026-10-05,CANCELED,,
2026-10-06T00:26:52Z,1521612026-10-05,15216,2026-10-05,CANCELED,,
2026-10-06T00:26:52Z,1521712026-10-05,15217,2026-10-05,CANCELED,,
2026-10-06T00:26:52Z,1521812026-10-05,15218,2026-10-05,CANCELED,,
2026-10-06T00:26:52Z,1521912026-10-05,15219,2026-10-05,CANCELED,,
2026-10-06T00:26:52Z,1522012026-10-05,15220,2026-10-05,CANCELED,,
2026-10-06T00:26:52Z,1522112026-10-05,15221,2026-10-05,CANCELED,,
2026-10-06T00:26:52Z,1522212026-10-05,15222,2026-10-05,CANCELED,,
2026-10-06T00:26:52Z,1522312026-10-05,15223,2026-10-05,CANCELED,,
2026-10-06T00:26:52Z,1522412026-10-05,15224,2026-10-05,CANCELED,,
2026-10-06T00:26:52Z,1522512026-10-05,15225,2026-10-05,CANCELED,,
2026-10-06T00:26:52Z,1570012026-10-05,15700,2026-10-05,CANCELED,,
2026-10-06T00:26:52Z,1570212026-10-05,15702,2026-10-05,CANCELED,,
2026-10-06T00:26:52Z,1572412026-10-05,15724,2026-10-05,CANCELED,,
2026-10-06T00:26:52Z,1572612026-10-05,15726,2026-10-05,CANCELED,,
2026-10-06T00:26:52Z,1572812026-10-05,15728,2026-10-05,CANCELED,,
2026-10-06T00:26:52Z,1573212026-10-05,15732,2026-10-05,CANCELED,,
2026-10-06T00:26:52Z,1573412026-10-05,15734,2026-10-05,CANCELED,,
2026-10-06T00:26:52Z,1573812026-10-05,15738,2026-10-05,CANCELED,,
2026-10-06T00:26:52Z,1578212026-10-05,15782,2026-10-05,CANCELED,,
2026-10-06T00:26:52Z,1578412026-10-05,15784,2026-10-05,CANCELED,,
2026-10-06T00:26:52Z,1578612026-10-05,15786,2026-10-05,CANCELED,,
2026-10-06T00:26:52Z,1578812026-10-05,15788,2026-10-05,CANCELED,,
2026-10-06T00:26:52Z,1580612026-10-05,15806,2026-10-05,CANCELED,,
2026-10-06T00:26:52Z,1580822026-10-05,15808,2026-10-05,CANCELED,,
2026-10-06T00:26:52Z,1581222026-10-05,15812,2026-10-05,CANCELED,,
2026-10-06T00:26:52Z,1581612026-10-05,15816,2026-10-05,CANCELED,,
2026-10-06T00:26:52Z,1581812026-10-05,15818,2026-10-05,CANCELED,,
2026-10-06T00:26:52Z,1582012026-10-05,15820,2026-10-05,CANCELED,,
2026-10-06T00:26:52Z,1586212026-10-05,15862,2026-10-05,CANCELED,,
2026-10-06T00:26:52Z,1586422026-10-05,15864,2026-10-05,CANCELED,,
2026-10-06T00:26:52Z,1586612026-10-05,15866,2026-10-05,CANCELED,,
2026-10-06T00:26:52Z,1586822026-10-05,15868,2026-10-05,CANCELED,,
2026-10-06T00:26:52Z,1587412026-10-05,15874,2026-10-05,CANCELED,,
2026-10-06T00:26:52Z,1587612026-10-05,15876,2026-10-05,CANCELED,,
2026-10-06T00:26:52Z,1588212026-10-05,15882,2026-10-05,CANCELED,,
2026-10-06T00:26:52Z,1588612026-10-05,15886,2026-10-05,CANCELED,,
2026-10-06T00:26:52Z,1591212026-10-05,15912,2026-10-05,CANCELED,,
2026-10-06T00:26:52Z,3091212026-10-05,30912,2026-10-05,CANCELED,,
2026-10-06T00:26:52Z,1591612026-10-05,15916,2026-10-05,CANCELED,,
2026-10-06T00:26:52Z,3091612026-10-05,30916,2026-10-05,CANCELED,,
2026-10-06T00:26:52Z,1591812026-10-05,15918,2026-10-05,CANCELED,,
2026-10-06T00:26:52Z,3091812026-10-05,30918,2026-10-05,CANCELED,,
2026-10-06T00:26:52Z,1562412026-10-05,15624,2026-10-05,CANCELED,,
2026-10-06T00:32:13Z,0043812026-10-06,00438,2026-10-06,CANCELED,,
2026-10-06T00:32:13Z,0043822026-10-06,00438,2026-10-06,CANCELED,,
2026-10-06T00:32:13Z,0043832026-10-06,00438,2026-10-06,CANCELED,,
2026-10-06T00:32:13Z,3743812026-10-05,37438,2026-10-05,CANCELED,,
2026-10-06T00:32:13Z,0238412026-10-06,02384,2026-10-06,CANCELED,,
2026-10-06T00:32:13Z,1304912026-10-05,13049,2026-10-05,CANCELED,,
2026-10-06T00:32:13Z,1309512026-10-05,13095,2026-10-05,CANCELED,,
2026-10-06T00:32:13Z,1391112026-10-05,13911,2026-10-05,CANCELED,,
2026-10-06T00:32:13Z,1502012026-10-05,15020,2026-10-05,CANCELED,,
2026-10-06T00:32:13Z,1504112026-10-05,15041,2026-10-05,CANCELED,,
2026-10-06T00:32:13Z,1504312026-10-05,15043,2026-10-05,CANCELED,,
2026-10-06T00:32:13Z,1504512026-10-05,15045,2026-10-05,CANCELED,,
2026-10-06T00:32:13Z,1504712026-10-05,15047,2026-10-05,CANCELED,,
2026-10-06T00:32:13Z,1505312026-10-05,15053,2026-10-05,CANCELED,,
2026-10-06T00:32:13Z,1505412026-10-05,15054,2026-10-05,CANCELED,,
2026-10-06T00:32:13Z,1505512026-10-05,15055,2026-10-05,CANCELED,,
2026-10-06T00:32:13Z,1521412026-10-05,15214,2026-10-05,CANCELED,,
2026-10-06T00:32:13Z,1521512026-10-05,15215,2026-10-05,CANCELED,,
2026-10-06T00:32:13Z,1521612026-10-05,15216,2026-10-05,CANCELED,,
2026-10-06T00:32:13Z,1521712026-10-05,15217,2026-10-05,CANCELED,,
2026-10-06T00:32:13Z,1521812026-10-05,15218,2026-10-05,CANCELED,,
2026-10-06T00:32:13Z,1521912026-10-05,15219,2026-10-05,CANCELED,,
2026-10-06T00:32:13Z,1522012026-10-05,15220,2026-10-05,CANCELED,,
2026-10-06T00:32:13Z,1522112026-10-05,15221,2026-10-05,CANCELED,,
2026-10-06T00:32:13Z,1522212026-10-05,15222,2026-10-05,CANCELED,,
2026-10-06T00:32:13Z,1522312026-10-05,15223,2026-10-05,CANCELED,,
2026-10-06T00:32:13Z,1522412026-10-05,15224,2026-10-05,CANCELED,,
2026-10-06T00:32:13Z,1522512026-10-05,15225,2026-10-05,CANCELED,,
2026-10-06T00:32:13Z,1570012026-10-05,15700,2026-10-05,CANCELED,,
2026-10-06T00:32:13Z,1570212026-10-05,15702,2026-10-05,CANCELED,,
2026-10-06T00:32:13Z,1572412026-10-05,15724,2026-10-05,CANCELED,,
2026-10-06T00:32:13Z,1572612026-10-05,15726,2026-10-05,CANCELED,,
2026-10-06T00:32:13Z,1572812026-10-05,15728,2026-10-05,CANCELED,,
2026-10-06T00:32:13Z,1573212026-10-05,15732,2026-10-05,CANCELED,,
2026-10-06T00:32:13Z,1573412026-10-05,15734,2026-10-05,CANCELED,,
2026-10-06T00:32:13Z,1573812026-10-05,15738,2026-10-05,CANCELED,,
2026-10-06T00:32:13Z,1578212026-10-05,15782,2026-10-05,CANCELED,,
2026-10-06T00:32:13Z,1578412026-10-05,15784,2026-10-05,CANCELED,,
2026-10-06T00:32:13Z,1578612026-10-05,15786,2026-10-05,CANCELED,,
2026-10-06T00:32:13Z,1578812026-10-05,15788,2026-10-05,CANCELED,,
2026-10-06T00:32:13Z,1580612026-10-05,15806,2026-10-05,CANCELED,,
2026-10-06T00:32:13Z,1580822026-10-05,15808,2026-10-05,CANCELED,,
2026-10-06T00:32:13Z,1581222026-10-05,15812,2026-10-05,CANCELED,,
2026-10-06T00:32:13Z,1581612026-10-05,15816,2026-10-05,CANCELED,,
2026-10-06T00:32:13Z,1581812026-10-05,15818,2026-10-05,CANCELED,,
2026-10-06T00:32:13Z,1582012026-10-05,15820,2026-10-05,CANCELED,,
2026-10-06T00:32:13Z,1586212026-10-05,15862,2026-10-05,CANCELED,,
2026-10-06T00:32:13Z,1586422026-10-05,15864,2026-10-05,CANCELED,,
2026-10-06T00:32:13Z,1586612026-10-05,15866,2026-10-05,CANCELED,,
2026-10-06T00:32:13Z,1586822026-10-05,15868,2026-10-05,CANCELED,,
2026-10-06T00:32:13Z,1587412026-10-05,15874,2026-10-05,CANCELED,,
2026-10-06T00:32:13Z,1587612026-10-05,15876,2026-10-05,CANCELED,,
2026-10-06T00:32:13Z,1588212026-10-05,15882,2026-10-05,CANCELED,,
2026-10-06T00:32:13Z,1588612026-10-05,15886,2026-10-05,CANCELED,,
2026-10-06T00:32:13Z,1591212026-10-05,15912,2026-10-05,CANCELED,,
2026-10-06T00:32:13Z,3091212026-10-05,30912,2026-10-05,CANCELED,,
2026-10-06T00:32:13Z,1591612026-10-05,15916,2026-10-05,CANCELED,,
2026-10-06T00:32:13Z,3091612026-10-05,30916,2026-10-05,CANCELED,,
2026-10-06T00:32:13Z,1591812026-10-05,15918,2026-10-05,CANCELED,,
2026-10-06T00:32:13Z,3091812026-10-05,30918,2026-10-05,CANCELED,,
2026-10-06T00:32:13Z,1562412026-10-05,15624,2026-10-05,CANCELED,,
2026-10-06T00:37:05Z,0043812026-10-06,00438,2026-10-06,CANCELED,,
2026-10-06T00:37:05Z,0043822026-10-06,00438,2026-10-06,CANCELED,,
2026-10-06T00:37:05Z,0043832026-10-06,00438,2026-10-06,CANCELED,,
2026-10-06T00:37:05Z,3743812026-10-05,37438,2026-10-05,CANCELED,,
2026-10-06T00:37:05Z,0238412026-10-06,02384,2026-10-06,CANCELED,,
2026-10-06T00:37:05Z,1304912026-10-05,13049,2026-10-05,CANCELED,,
2026-10-06T00:37:05Z,1309512026-10-05,13095,2026-10-05,CANCELED,,
2026-10-06T00:37:05Z,1391112026-10-05,13911,2026-10-05,CANCELED,,
2026-10-06T00:37:05Z,1502012026-10-05,15020,2026-10-05,CANCELED,,
2026-10-06T00:37:05Z,1504112026-10-05,15041,2026-10-05,CANCELED,,
2026-10-06T00:37:05Z,1504312026-10-05,15043,2026-10-05,CANCELED,,
2026-10-06T00:37:05Z,1504512026-10-05,15045,2026-10-05,CANCELED,,
2026-10-06T00:37:05Z,1504712026-10-05,15047,2026-10-05,CANCELED,,
2026-10-06T00:37:05Z,1505312026-10-05,15053,2026-10-05,CANCELED,,
2026-10-06T00:37:05Z,1505412026-10-05,15054,2026-10-05,CANCELED,,
2026-10-06T00:37:05Z,1505512026-10-05,15055,2026-10-05,CANCELED,,
2026-10-06T00:37:05Z,1521412026-10-05,15214,2026-10-05,CANCELED,,
2026-10-06T00:37:05Z,1521512026-10-05,15215,2026-10-05,CANCELED,,
2026-10-06T00:37:05Z,1521612026-10-05,15216,2026-10-05,CANCELED,,
2026-10-06T00:37:05Z,1521712026-10-05,15217,2026-10-05,CANCELED,,
2026-10-06T00:37:05Z,1521812026-10-05,15218,2026-10-05,CANCELED,,
2026-10-06T00:37:05Z,1521912026-10-05,15219,2026-10-05,CANCELED,,
2026-10-06T00:37:05Z,1522012026-10-05,15220,2026-10-05,CANCELED,,
2026-10-06T00:37:05Z,1522112026-10-05,15221,2026-10-05,CANCELED,,
2026-10-06T00:37:05Z,1522212026-10-05,15222,2026-10-05,CANCELED,,
2026-10-06T00:37:05Z,1522312026-10-05,15223,2026-10-05,CANCELED,,
2026-10-06T00:37:05Z,1522412026-10-05,15224,2026-10-05,CANCELED,,
2026-10-06T00:37:05Z,1522512026-10-05,15225,2026-10-05,CANCELED,,
2026-10-06T00:37:05Z,1570012026-10-05,15700,2026-10-05,CANCELED,,
2026-10-06T00:37:05Z,1570212026-10-05,15702,2026-10-05,CANCELED,,
2026-10-06T00:37:05Z,1572412026-10-05,15724,2026-10-05,CANCELED,,
2026-10-06T00:37:05Z,1572612026-10-05,15726,2026-10-05,CANCELED,,
2026-10-06T00:37:05Z,1572812026-10-05,15728,2026-10-05,CANCELED,,
2026-10-06T00:37:05Z,1573212026-10-05,15732,2026-10-05,CANCELED,,
2026-10-06T00:37:05Z,1573412026-10-05,15734,2026-10-05,CANCELED,,
2026-10-06T00:37:05Z,1573812026-10-05,15738,2026-10-05,CANCELED,,
2026-10-06T00:37:05Z,1578212026-10-05,15782,2026-10-05,CANCELED,,
2026-10-06T00:37:05Z,1578412026-10-05,15784,2026-10-05,CANCELED,,
2026-10-06T00:37:05Z,1578612026-10-05,15786,2026-10-05,CANCELED,,
2026-10-06T00:37:05Z,1578812026-10-05,15788,2026-10-05,CANCELED,,
2026-10-06T00:37:05Z,1580612026-10-05,15806,2026-10-05,CANCELED,,
2026-10-06T00:37:05Z,1580822026-10-05,15808,2026-10-05,CANCELED,,
2026-10-06T00:37:05Z,1581222026-10-05,15812,2026-10-05,CANCELED,,
2026-10-06T00:37:05Z,1581612026-10-05,15816,2026-10-05,CANCELED,,
2026-10-06T00:37:05Z,1581812026-10-05,15818,2026-10-05,CANCELED,,
2026-10-06T00:37:05Z,1582012026-10-05,15820,2026-10-05,CANCELED,,
2026-10-06T00:37:05Z,1586212026-10-05,15862,2026-10-05,CANCELED,,
2026-10-06T00:37:05Z,1586422026-10-05,15864,2026-10-05,CANCELED,,
2026-10-06T00:37:05Z,1586612026-10-05,15866,2026-10-05,CANCELED,,
2026-10-06T00:37:05Z,1586822026-10-05,15868,2026-10-05,CANCELED,,
2026-10-06T00:37:05Z,1587412026-10-05,15874,2026-10-05,CANCELED,,
2026-10-06T00:37:05Z,1587612026-10-05,15876,2026-10-05,CANCELED,,
2026-10-06T00:37:05Z,1588212026-10-05,15882,2026-10-05,CANCELED,,
2026-10-06T00:37:05Z,1588612026-10-05,15886,2026-10-05,CANCELED,,
2026-10-06T00:37:05Z,1591212026-10-05,15912,2026-10-05,CANCELED,,
2026-10-06T00:37:05Z,3091212026-10-05,30912,2026-10-05,CANCELED,,
2026-10-06T00:37:05Z,1591612026-10-05,15916,2026-10-05,CANCELED,,
2026-10-06T00:37:05Z,3091612026-10-05,30916,2026-10-05,CANCELED,,
2026-10-06T00:37:05Z,1591812026-10-05,15918,2026-10-05,CANCELED,,
2026-10-06T00:37:05Z,3091812026-10-05,30918,2026-10-05,CANCELED,,
2026-10-06T00:37:05Z,1562412026-10-05,15624,2026-10-05,CANCELED,,
2026-10-06T00:42:11Z,0043812026-10-06,00438,2026-10-06,CANCELED,,
2026-10-06T00:42:11Z,0043822026-10-06,00438,2026-10-06,CANCELED,,
2026-10-06T00:42:11Z,0043832026-10-06,00438,2026-10-06,CANCELED,,
2026-10-06T00:42:11Z,3743812026-10-05,37438,2026-10-05,CANCELED,,
2026-10-06T00:42:11Z,0238412026-10-06,02384,2026-10-06,CANCELED,,
2026-10-06T00:42:11Z,1304912026-10-05,13049,2026-10-05,CANCELED,,
2026-10-06T00:42:11Z,1309512026-10-05,13095,2026-10-05,CANCELED,,
2026-10-06T00:42:11Z,1391112026-10-05,13911,2026-10-05,CANCELED,,
2026-10-06T00:42:11Z,1502012026-10-05,15020,2026-10-05,CANCELED,,
2026-10-06T00:42:11Z,1504112026-10-05,15041,2026-10-05,CANCELED,,
2026-10-06T00:42:11Z,1504312026-10-05,15043,2026-10-05,CANCELED,,
2026-10-06T00:42:11Z,1504512026-10-05,15045,2026-10-05,CANCELED,,
2026-10-06T00:42:11Z,1504712026-10-05,15047,2026-10-05,CANCELED,,
2026-10-06T00:42:11Z,1505312026-10-05,15053,2026-10-05,CANCELED,,
2026-10-06T00:42:11Z,1505412026-10-05,15054,2026-10-05,CANCELED,,
2026-10-06T00:42:11Z,1505512026-10-05,15055,2026-10-05,CANCELED,,
2026-10-06T00:42:11Z,1521412026-10-05,15214,2026-10-05,CANCELED,,
2026-10-06T00:42:11Z,1521512026-10-05,15215,2026-10-05,CANCELED,,
2026-10-06T00:42:11Z,1521612026-10-05,15216,2026-10-05,CANCELED,,
2026-10-06T00:42:11Z,1521712026-10-05,15217,2026-10-05,CANCELED,,
2026-10-06T00:42:11Z,1521812026-10-05,15218,2026-10-05,CANCELED,,
2026-10-06T00:42:11Z,1521912026-10-05,15219,2026-10-05,CANCELED,,
2026-10-06T00:42:11Z,1522012026-10-05,15220,2026-10-05,CANCELED,,
2026-10-06T00:42:11Z,1522112026-10-05,15221,2026-10-05,CANCELED,,
2026-10-06T00:42:11Z,1522212026-10-05,15222,2026-10-05,CANCELED,,
2026-10-06T00:42:11Z,1522312026-10-05,15223,2026-10-05,CANCELED,,
2026-10-06T00:42:11Z,1522412026-10-05,15224,2026-10-05,CANCELED,,
2026-10-06T00:42:11Z,1522512026-10-05,15225,2026-10-05,CANCELED,,
2026-10-06T00:42:11Z,1570012026-10-05,15700,2026-10-05,CANCELED,,
2026-10-06T00:42:11Z,1570212026-10-05,15702,2026-10-05,CANCELED,,
2026-10-06T00:42:11Z,1572412026-10-05,15724,2026-10-05,CANCELED,,
2026-10-06T00:42:11Z,1572612026-10-05,15726,2026-10-05,CANCELED,,
2026-10-06T00:42:11Z,1572812026-10-05,15728,2026-10-05,CANCELED,,
2026-10-06T00:42:11Z,1573212026-10-05,15732,2026-10-05,CANCELED,,
2026-10-06T00:42:11Z,1573412026-10-05,15734,2026-10-05,CANCELED,,
2026-10-06T00:42:11Z,1573812026-10-05,15738,2026-10-05,CANCELED,,
2026-10-06T00:42:11Z,1578212026-10-05,15782,2026-10-05,CANCELED,,
2026-10-06T00:42:11Z,1578412026-10-05,15784,2026-10-05,CANCELED,,
2026-10-06T00:42:11Z,1578612026-10-05,15786,2026-10-05,CANCELED,,
2026-10-06T00:42:11Z,1578812026-10-05,15788,2026-10-05,CANCELED,,
2026-10-06T00:42:11Z,1580612026-10-05,15806,2026-10-05,CANCELED,,
2026-10-06T00:42:11Z,1580822026-10-05,15808,2026-10-05,CANCELED,,
2026-10-06T00:42:11Z,1581222026-10-05,15812,2026-10-05,CANCELED,,
2026-10-06T00:42:11Z,1581612026-10-05,15816,2026-10-05,CANCELED,,
2026-10-06T00:42:11Z,1581812026-10-05,15818,2026-10-05,CANCELED,,
2026-10-06T00:42:11Z,1582012026-10-05,15820,2026-10-05,CANCELED,,
2026-10-06T00:42:11Z,1586212026-10-05,15862,2026-10-05,CANCELED,,
2026-10-06T00:42:11Z,1586422026-10-05,15864,2026-10-05,CANCELED,,
2026-10-06T00:42:11Z,1586612026-10-05,15866,2026-10-05,CANCELED,,
2026-10-06T00:42:11Z,1586822026-10-05,15868,2026-10-05,CANCELED,,
2026-10-06T00:42:11Z,1587412026-10-05,15874,2026-10-05,CANCELED,,
2026-10-06T00:42:11Z,1587612026-10-05,15876,2026-10-05,CANCELED,,
2026-10-06T00:42:11Z,1588212026-10-05,15882,2026-10-05,CANCELED,,
2026-10-06T00:42:11Z,1588612026-10-05,15886,2026-10-05,CANCELED,,
2026-10-06T00:42:11Z,1591212026-10-05,15912,2026-10-05,CANCELED,,
2026-10-06T00:42:11Z,3091212026-10-05,30912,2026-10-05,CANCELED,,
2026-10-06T00:42:11Z,1591612026-10-05,15916,2026-10-05,CANCELED,,
2026-10-06T00:42:11Z,3091612026-10-05,30916,2026-10-05,CANCELED,,
2026-10-06T00:42:11Z,1591812026-10-05,15918,2026-10-05,CANCELED,,
2026-10-06T00:42:11Z,3091812026-10-05,30918,2026-10-05,CANCELED,,
2026-10-06T00:42:11Z,1562412026-10-05,15624,2026-10-05,CANCELED,,
2026-10-06T00:46:58Z,0043812026-10-06,00438,2026-10-06,CANCELED,,
2026-10-06T00:46:58Z,0043822026-10-06,00438,2026-10-06,CANCELED,,
2026-10-06T00:46:58Z,0043832026-10-06,00438,2026-10-06,CANCELED,,
2026-10-06T00:46:58Z,3743812026-10-05,37438,2026-10-05,CANCELED,,
2026-10-06T00:46:58Z,0238412026-10-06,02384,2026-10-06,CANCELED,,
2026-10-06T00:46:58Z,1304912026-10-05,13049,2026-10-05,CANCELED,,
2026-10-06T00:46:58Z,1309512026-10-05,13095,2026-10-05,CANCELED,,
2026-10-06T00:46:58Z,1391112026-10-05,13911,2026-10-05,CANCELED,,
2026-10-06T00:46:58Z,1502012026-10-05,15020,2026-10-05,CANCELED,,
2026-10-06T00:46:58Z,1504112026-10-05,15041,2026-10-05,CANCELED,,
2026-10-06T00:46:58Z,1504312026-10-05,15043,2026-10-05,CANCELED,,
2026-10-06T00:46:58Z,1504512026-10-05,15045,2026-10-05,CANCELED,,
2026-10-06T00:46:58Z,1504712026-10-05,15047,2026-10-05,CANCELED,,
2026-10-06T00:46:58Z,1505312026-10-05,15053,2026-10-05,CANCELED,,
2026-10-06T00:46:58Z,1505412026-10-05,15054,2026-10-05,CANCELED,,
2026-10-06T00:46:58Z,1505512026-10-05,15055,2026-10-05,CANCELED,,
2026-10-06T00:46:58Z,1521412026-10-05,15214,2026-10-05,CANCELED,,
2026-10-06T00:46:58Z,1521512026-10-05,15215,2026-10-05,CANCELED,,
2026-10-06T00:46:58Z,1521612026-10-05,15216,2026-10-05,CANCELED,,
2026-10-06T00:46:58Z,1521712026-10-05,15217,2026-10-05,CANCELED,,
2026-10-06T00:46:58Z,1521812026-10-05,15218,2026-10-05,CANCELED,,
2026-10-06T00:46:58Z,1521912026-10-05,15219,2026-10-05,CANCELED,,
2026-10-06T00:46:58Z,1522012026-10-05,15220,2026-10-05,CANCELED,,
2026-10-06T00:46:58Z,1522112026-10-05,15221,2026-10-05,CANCELED,,
2026-10-06T00:46:58Z,1522212026-10-05,15222,2026-10-05,CANCELED,,
2026-10-06T00:46:58Z,1522312026-10-05,15223,2026-10-05,CANCELED,,
2026-10-06T00:46:58Z,1522412026-10-05,15224,2026-10-05,CANCELED,,
2026-10-06T00:46:58Z,1522512026-10-05,15225,2026-10-05,CANCELED,,
2026-10-06T00:46:58Z,1570012026-10-05,15700,2026-10-05,CANCELED,,
2026-10-06T00:46:58Z,1570212026-10-05,15702,2026-10-05,CANCELED,,
2026-10-06T00:46:58Z,1572412026-10-05,15724,2026-10-05,CANCELED,,
2026-10-06T00:46:58Z,1572612026-10-05,15726,2026-10-05,CANCELED,,
2026-10-06T00:46:58Z,1572812026-10-05,15728,2026-10-05,CANCELED,,
2026-10-06T00:46:58Z,1573212026-10-05,15732,2026-10-05,CANCELED,,
2026-10-06T00:46:58Z,1573412026-10-05,15734,2026-10-05,CANCELED,,
2026-10-06T00:46:58Z,1573812026-10-05,15738,2026-10-05,CANCELED,,
2026-10-06T00:46:58Z,1578212026-10-05,15782,2026-10-05,CANCELED,,
2026-10-06T00:46:58Z,1578412026-10-05,15784,2026-10-05,CANCELED,,
2026-10-06T00:46:58Z,1578612026-10-05,15786,2026-10-05,CANCELED,,
2026-10-06T00:46:58Z,1578812026-10-05,15788,2026-10-05,CANCELED,,
2026-10-06T00:46:58Z,1580612026-10-05,15806,2026-10-05,CANCELED,,
2026-10-06T00:46:58Z,1580822026-10-05,15808,2026-10-05,CANCELED,,
2026-10-06T00:46:58Z,1581222026-10-05,15812,2026-10-05,CANCELED,,
2026-10-06T00:46:58Z,1581612026-10-05,15816,2026-10-05,CANCELED,,
2026-10-06T00:46:58Z,1581812026-10-05,15818,2026-10-05,CANCELED,,
2026-10-06T00:46:58Z,1582012026-10-05,15820,2026-10-05,CANCELED,,
2026-10-06T00:46:58Z,1586212026-10-05,15862,2026-10-05,CANCELED,,
2026-10-06T00:46:58Z,1586422026-10-05,15864,2026-10-05,CANCELED,,
2026-10-06T00:46:58Z,1586612026-10-05,15866,2026-10-05,CANCELED,,
2026-10-06T00:46:58Z,1586822026-10-05,15868,2026-10-05,CANCELED,,
2026-10-06T00:46:58Z,1587412026-10-05,15874,2026-10-05,CANCELED,,
2026-10-06T00:46:58Z,1587612026-10-05,15876,2026-10-05,CANCELED,,
2026-10-06T00:46:58Z,1588212026-10-05,15882,2026-10-05,CANCELED,,
2026-10-06T00:46:58Z,1588612026-10-05,15886,2026-10-05,CANCELED,,
2026-10-06T00:46:58Z,1591212026-10-05,15912,2026-10-05,CANCELED,,
2026-10-06T00:46:58Z,3091212026-10-05,30912,2026-10-05,CANCELED,,
2026-10-06T00:46:58Z,1591612026-10-05,15916,2026-10-05,CANCELED,,
2026-10-06T00:46:58Z,3091612026-10-05,30916,2026-10-05,CANCELED,,
2026-10-06T00:46:58Z,1591812026-10-05,15918,2026-10-05,CANCELED,,
2026-10-06T00:46:58Z,3091812026-10-05,30918,2026-10-05,CANCELED,,
2026-10-06T00:46:58Z,1562412026-10-05,15624,2026-10-05,CANCELED,,
2026-10-06T00:51:57Z,0043812026-10-06,00438,2026-10-06,CANCELED,,
2026-10-06T00:51:57Z,0043822026-10-06,00438,2026-10-06,CANCELED,,
2026-10-06T00:51:57Z,0043832026-10-06,00438,2026-10-06,CANCELED,,
2026-10-06T00:51:57Z,3743812026-10-05,37438,2026-10-05,CANCELED,,
2026-10-06T00:51:57Z,0238412026-10-06,02384,2026-10-06,CANCELED,,
2026-10-06T00:51:57Z,1304912026-10-05,13049,2026-10-05,CANCELED,,
2026-10-06T00:51:57Z,1309512026-10-05,13095,2026-10-05,CANCELED,,
2026-10-06T00:51:57Z,1391112026-10-05,13911,2026-10-05,CANCELED,,
2026-10-06T00:51:57Z,1502012026-10-05,15020,2026-10-05,CANCELED,,
2026-10-06T00:51:57Z,1504112026-10-05,15041,2026-10-05,CANCELED,,
2026-10-06T00:51:57Z,1504312026-10-05,15043,2026-10-05,CANCELED,,
2026-10-06T00:51:57Z,1504512026-10-05,15045,2026-10-05,CANCELED,,
2026-10-06T00:51:57Z,1504712026-10-05,15047,2026-10-05,CANCELED,,
2026-10-06T00:51:57Z,1505312026-10-05,15053,2026-10-05,CANCELED,,
2026-10-06T00:51:57Z,1505412026-10-05,15054,2026-10-05,CANCELED,,
2026-10-06T00:51:57Z,1505512026-10-05,15055,2026-10-05,CANCELED,,
2026-10-06T00:51:57Z,1521412026-10-05,15214,2026-10-05,CANCELED,,
2026-10-06T00:51:57Z,1521512026-10-05,15215,2026-10-05,CANCELED,,
2026-10-06T00:51:57Z,1521612026-10-05,15216,2026-10-05,CANCELED,,
2026-10-06T00:51:57Z,1521712026-10-05,15217,2026-10-05,CANCELED,,
2026-10-06T00:51:57Z,1521812026-10-05,15218,2026-10-05,CANCELED,,
2026-10-06T00:51:57Z,1521912026-10-05,15219,2026-10-05,CANCELED,,
2026-10-06T00:51:57Z,1522012026-10-05,15220,2026-10-05,CANCELED,,
2026-10-06T00:51:57Z,1522112026-10-05,15221,2026-10-05,CANCELED,,
2026-10-06T00:51:57Z,1522212026-10-05,15222,2026-10-05,CANCELED,,
2026-10-06T00:51:57Z,1522312026-10-05,15223,2026-10-05,CANCELED,,
2026-10-06T00:51:57Z,1522412026-10-05,15224,2026-10-05,CANCELED,,
2026-10-06T00:51:57Z,1522512026-10-05,15225,2026-10-05,CANCELED,,
2026-10-06T00:51:57Z,1570012026-10-05,15700,2026-10-05,CANCELED,,
2026-10-06T00:51:57Z,1570212026-10-05,15702,2026-10-05,CANCELED,,
2026-10-06T00:51:57Z,1572412026-10-05,15724,2026-10-05,CANCELED,,
2026-10-06T00:51:57Z,1572612026-10-05,15726,2026-10-05,CANCELED,,
2026-10-06T00:51:57Z,1572812026-10-05,15728,2026-10-05,CANCELED,,
2026-10-06T00:51:57Z,1573212026-10-05,15732,2026-10-05,CANCELED,,
2026-10-06T00:51:57Z,1573412026-10-05,15734,2026-10-05,CANCELED,,
2026-10-06T00:51:57Z,1573812026-10-05,15738,2026-10-05,CANCELED,,
2026-10-06T00:51:57Z,1578212026-10-05,15782,2026-10-05,CANCELED,,
2026-10-06T00:51:57Z,1578412026-10-05,15784,2026-10-05,CANCELED,,
2026-10-06T00:51:57Z,1578612026-10-05,15786,2026-10-05,CANCELED,,
2026-10-06T00:51:57Z,1578812026-10-05,15788,2026-10-05,CANCELED,,
2026-10-06T00:51:57Z,1580612026-10-05,15806,2026-10-05,CANCELED,,
2026-10-06T00:51:57Z,1580822026-10-05,15808,2026-10-05,CANCELED,,
2026-10-06T00:51:57Z,1581222026-10-05,15812,2026-10-05,CANCELED,,
2026-10-06T00:51:57Z,1581612026-10-05,15816,2026-10-05,CANCELED,,
2026-10-06T00:51:57Z,1581812026-10-05,15818,2026-10-05,CANCELED,,
2026-10-06T00:51:57Z,1582012026-10-05,15820,2026-10-05,CANCELED,,
2026-10-06T00:51:57Z,1586212026-10-05,15862,2026-10-05,CANCELED,,
2026-10-06T00:51:57Z,1586422026-10-05,15864,2026-10-05,CANCELED,,
2026-10-06T00:51:57Z,1586612026-10-05,15866,2026-10-05,CANCELED,,
2026-10-06T00:51:57Z,1586822026-10-05,15868,2026-10-05,CANCELED,,
2026-10-06T00:51:57Z,1587412026-10-05,15874,2026-10-05,CANCELED,,
2026-10-06T00:51:57Z,1587612026-10-05,15876,2026-10-05,CANCELED,,
2026-10-06T00:51:57Z,1588212026-10-05,15882,2026-10-05,CANCELED,,
2026-10-06T00:51:57Z,1588612026-10-05,15886,2026-10-05,CANCELED,,
2026-10-06T00:51:57Z,1591212026-10-05,15912,2026-10-05,CANCELED,,
2026-10-06T00:51:57Z,3091212026-10-05,30912,2026-10-05,CANCELED,,
2026-10-06T00:51:57Z,1591612026-10-05,15916,2026-10-05,CANCELED,,
2026-10-06T00:51:57Z,3091612026-10-05,30916,2026-10-05,CANCELED,,
2026-10-06T00:51:57Z,1591812026-10-05,15918,2026-10-05,CANCELED,,
2026-10-06T00:51:57Z,3091812026-10-05,30918,2026-10-05,CANCELED,,
2026-10-06T00:51:57Z,1562412026-10-05,15624,2026-10-05,CANCELED,,
2026-10-06T00:56:52Z,0043812026-10-06,00438,2026-10-06,CANCELED,,
2026-10-06T00:56:52Z,0043822026-10-06,00438,2026-10-06,CANCELED,,
2026-10-06T00:56:52Z,0043832026-10-06,00438,2026-10-06,CANCELED,,
2026-10-06T00:56:52Z,3743812026-10-05,37438,2026-10-05,CANCELED,,
2026-10-06T00:56:52Z,0238412026-10-06,02384,2026-10-06,CANCELED,,
2026-10-06T00:56:52Z,1304912026-10-05,13049,2026-10-05,CANCELED,,
2026-10-06T00:56:52Z,1309512026-10-05,13095,2026-10-05,CANCELED,,
2026-10-06T00:56:52Z,1391112026-10-05,13911,2026-10-05,CANCELED,,
2026-10-06T00:56:52Z,1502012026-10-05,15020,2026-10-05,CANCELED,,
2026-10-06T00:56:52Z,1504112026-10-05,15041,2026-10-05,CANCELED,,
2026-10-06T00:56:52Z,1504312026-10-05,15043,2026-10-05,CANCELED,,
2026-10-06T00:56:52Z,1504512026-10-05,15045,2026-10-05,CANCELED,,
2026-10-06T00:56:52Z,1504712026-10-05,15047,2026-10-05,CANCELED,,
2026-10-06T00:56:52Z,1505312026-10-05,15053,2026-10-05,CANCELED,,
2026-10-06T00:56:52Z,1505412026-10-05,15054,2026-10-05,CANCELED,,
2026-10-06T00:56:52Z,1505512026-10-05,15055,2026-10-05,CANCELED,,
2026-10-06T00:56:52Z,1521412026-10-05,15214,2026-10-05,CANCELED,,
2026-10-06T00:56:52Z,1521512026-10-05,15215,2026-10-05,CANCELED,,
2026-10-06T00:56:52Z,1521612026-10-05,15216,2026-10-05,CANCELED,,
2026-10-06T00:56:52Z,1521712026-10-05,15217,2026-10-05,CANCELED,,
2026-10-06T00:56:52Z,1521812026-10-05,15218,2026-10-05,CANCELED,,
2026-10-06T00:56:52Z,1521912026-10-05,15219,2026-10-05,CANCELED,,
2026-10-06T00:56:52Z,1522012026-10-05,15220,2026-10-05,CANCELED,,
2026-10-06T00:56:52Z,1522112026-10-05,15221,2026-10-05,CANCELED,,
2026-10-06T00:56:52Z,1522212026-10-05,15222,2026-10-05,CANCELED,,
2026-10-06T00:56:52Z,1522312026-10-05,15223,2026-10-05,CANCELED,,
2026-10-06T00:56:52Z,1522412026-10-05,15224,2026-10-05,CANCELED,,
2026-10-06T00:56:52Z,1522512026-10-05,15225,2026-10-05,CANCELED,,
2026-10-06T00:56:52Z,1570012026-10-05,15700,2026-10-05,CANCELED,,
2026-10-06T00:56:52Z,1570212026-10-05,15702,2026-10-05,CANCELED,,
2026-10-06T00:56:52Z,1572412026-10-05,15724,2026-10-05,CANCELED,,
2026-10-06T00:56:52Z,1572612026-10-05,15726,2026-10-05,CANCELED,,
2026-10-06T00:56:52Z,1572812026-10-05,15728,2026-10-05,CANCELED,,
2026-10-06T00:56:52Z,1573212026-10-05,15732,2026-10-05,CANCELED,,
2026-10-06T00:56:52Z,1573412026-10-05,15734,2026-10-05,CANCELED,,
2026-10-06T00:56:52Z,1573812026-10-05,15738,2026-10-05,CANCELED,,
2026-10-06T00:56:52Z,1578212026-10-05,15782,2026-10-05,CANCELED,,
2026-10-06T00:56:52Z,1578412026-10-05,15784,2026-10-05,CANCELED,,
2026-10-06T00:56:52Z,1578612026-10-05,15786,2026-10-05,CANCELED,,
2026-10-06T00:56:52Z,1578812026-10-05,15788,2026-10-05,CANCELED,,
2026-10-06T00:56:52Z,1580612026-10-05,15806,2026-10-05,CANCELED,,
2026-10-06T00:56:52Z,1580822026-10-05,15808,2026-10-05,CANCELED,,
2026-10-06T00:56:52Z,1581222026-10-05,15812,2026-10-05,CANCELED,,
2026-10-06T00:56:52Z,1581612026-10-05,15816,2026-10-05,CANCELED,,
2026-10-06T00:56:52Z,1581812026-10-05,15818,2026-10-05,CANCELED,,
2026-10-06T00:56:52Z,1582012026-10-05,15820,2026-10-05,CANCELED,,
2026-10-06T00:56:52Z,1586212026-10-05,15862,2026-10-05,CANCELED,,
2026-10-06T00:56:52Z,1586422026-10-05,15864,2026-10-05,CANCELED,,
2026-10-06T00:56:52Z,1586612026-10-05,15866,2026-10-05,CANCELED,,
2026-10-06T00:56:52Z,1586822026-10-05,15868,2026-10-05,CANCELED,,
2026-10-06T00:56:52Z,1587412026-10-05,15874,2026-10-05,CANCELED,,
2026-10-06T00:56:52Z,1587612026-10-05,15876,2026-10-05,CANCELED,,
2026-10-06T00:56:52Z,1588212026-10-05,15882,2026-10-05,CANCELED,,
2026-10-06T00:56:52Z,1588612026-10-05,15886,2026-10-05,CANCELED,,
2026-10-06T00:56:52Z,1591212026-10-05,15912,2026-10-05,CANCELED,,
2026-10-06T00:56:52Z,3091212026-10-05,30912,2026-10-05,CANCELED,,
2026-10-06T00:56:52Z,1591612026-10-05,15916,2026-10-05,CANCELED,,
2026-10-06T00:56:52Z,3091612026-10-05,30916,2026-10-05,CANCELED,,
2026-10-06T00:56:52Z,1591812026-10-05,15918,2026-10-05,CANCELED,,
2026-10-06T00:56:52Z,3091812026-10-05,30918,2026-10-05,CANCELED,,
2026-10-06T00:56:52Z,1562412026-10-05,15624,2026-10-05,CANCELED,,
2026-10-06T01:02:19Z,0043812026-10-06,00438,2026-10-06,CANCELED,,
2026-10-06T01:02:19Z,0043822026-10-06,00438,2026-10-06,CANCELED,,
2026-10-06T01:02:19Z,0043832026-10-06,00438,2026-10-06,CANCELED,,
2026-10-06T01:02:19Z,3743812026-10-05,37438,2026-10-05,CANCELED,,
2026-10-06T01:02:19Z,0238412026-10-06,02384,2026-10-06,CANCELED,,
2026-10-06T01:02:19Z,1304912026-10-05,13049,2026-10-05,CANCELED,,
2026-10-06T01:02:19Z,1309512026-10-05,13095,2026-10-05,CANCELED,,
2026-10-06T01:02:19Z,1391112026-10-05,13911,2026-10-05,CANCELED,,
2026-10-06T01:02:19Z,1502012026-10-05,15020,2026-10-05,CANCELED,,
2026-10-06T01:02:19Z,1504112026-10-05,15041,2026-10-05,CANCELED,,
2026-10-06T01:02:19Z,1504312026-10-05,15043,2026-10-05,CANCELED,,
2026-10-06T01:02:19Z,1504512026-10-05,15045,2026-10-05,CANCELED,,
2026-10-06T01:02:19Z,1504712026-10-05,15047,2026-10-05,CANCELED,,
2026-10-06T01:02:19Z,1505312026-10-05,15053,2026-10-05,CANCELED,,
2026-10-06T01:02:19Z,1505412026-10-05,15054,2026-10-05,CANCELED,,
2026-10-06T01:02:19Z,1505512026-10-05,15055,2026-10-05,CANCELED,,
2026-10-06T01:02:19Z,1521412026-10-05,15214,2026-10-05,CANCELED,,
2026-10-06T01:02:19Z,1521512026-10-05,15215,2026-10-05,CANCELED,,
2026-10-06T01:02:19Z,1521612026-10-05,15216,2026-10-05,CANCELED,,
2026-10-06T01:02:19Z,1521712026-10-05,15217,2026-10-05,CANCELED,,
2026-10-06T01:02:19Z,1521812026-10-05,15218,2026-10-05,CANCELED,,
2026-10-06T01:02:19Z,1521912026-10-05,15219,2026-10-05,CANCELED,,
2026-10-06T01:02:19Z,1522012026-10-05,15220,2026-10-05,CANCELED,,
2026-10-06T01:02:19Z,1522112026-10-05,15221,2026-10-05,CANCELED,,
2026-10-06T01:02:19Z,1522212026-10-05,15222,2026-10-05,CANCELED,,
2026-10-06T01:02:19Z,1522312026-10-05,15223,2026-10-05,CANCELED,,
2026-10-06T01:02:19Z,1522412026-10-05,15224,2026-10-05,CANCELED,,
2026-10-06T01:02:19Z,1522512026-10-05,15225,2026-10-05,CANCELED,,
2026-10-06T01:02:19Z,1570012026-10-05,15700,2026-10-05,CANCELED,,
2026-10-06T01:02:19Z,1570212026-10-05,15702,2026-10-05,CANCELED,,
2026-10-06T01:02:19Z,1572412026-10-05,15724,2026-10-05,CANCELED,,
2026-10-06T01:02:19Z,1572612026-10-05,15726,2026-10-05,CANCELED,,
2026-10-06T01:02:19Z,1572812026-10-05,15728,2026-10-05,CANCELED,,
2026-10-06T01:02:19Z,1573212026-10-05,15732,2026-10-05,CANCELED,,
2026-10-06T01:02:19Z,1573412026-10-05,15734,2026-10-05,CANCELED,,
2026-10-06T01:02:19Z,1573812026-10-05,15738,2026-10-05,CANCELED,,
2026-10-06T01:02:19Z,1578212026-10-05,15782,2026-10-05,CANCELED,,
2026-10-06T01:02:19Z,1578412026-10-05,15784,2026-10-05,CANCELED,,
2026-10-06T01:02:19Z,1578612026-10-05,15786,2026-10-05,CANCELED,,
2026-10-06T01:02:19Z,1578812026-10-05,15788,2026-10-05,CANCELED,,
2026-10-06T01:02:19Z,1580612026-10-05,15806,2026-10-05,CANCELED,,
2026-10-06T01:02:19Z,1580822026-10-05,15808,2026-10-05,CANCELED,,
2026-10-06T01:02:19Z,1581222026-10-05,15812,2026-10-05,CANCELED,,
2026-10-06T01:02:19Z,1581612026-10-05,15816,2026-10-05,CANCELED,,
2026-10-06T01:02:19Z,1581812026-10-05,15818,2026-10-05,CANCELED,,
2026-10-06T01:02:19Z,1582012026-10-05,15820,2026-10-05,CANCELED,,
2026-10-06T01:02:19Z,1586212026-10-05,15862,2026-10-05,CANCELED,,
2026-10-06T01:02:19Z,1586422026-10-05,15864,2026-10-05,CANCELED,,
2026-10-06T01:02:19Z,1586612026-10-05,15866,2026-10-05,CANCELED,,
2026-10-06T01:02:19Z,1586822026-10-05,15868,2026-10-05,CANCELED,,
2026-10-06T01:02:19Z,1587412026-10-05,15874,2026-10-05,CANCELED,,
2026-10-06T01:02:19Z,1587612026-10-05,15876,2026-10-05,CANCELED,,
2026-10-06T01:02:19Z,1588212026-10-05,15882,2026-10-05,CANCELED,,
2026-10-06T01:02:19Z,1588612026-10-05,15886,2026-10-05,CANCELED,,
2026-10-06T01:02:19Z,1591212026-10-05,15912,2026-10-05,CANCELED,,
2026-10-06T01:02:19Z,3091212026-10-05,30912,2026-10-05,CANCELED,,
2026-10-06T01:02:19Z,1591612026-10-05,15916,2026-10-05,CANCELED,,
2026-10-06T01:02:19Z,3091612026-10-05,30916,2026-10-05,CANCELED,,
2026-10-06T01:02:19Z,1591812026-10-05,15918,2026-10-05,CANCELED,,
2026-10-06T01:02:19Z,3091812026-10-05,30918,2026-10-05,CANCELED,,
2026-10-06T01:02:19Z,1562412026-10-05,15624,2026-10-05,CANCELED,,
2026-10-06T01:06:53Z,0043812026-10-06,00438,2026-10-06,CANCELED,,
2026-10-06T01:06:53Z,0043822026-10-06,00438,2026-10-06,CANCELED,,
2026-10-06T01:06:53Z,0043832026-10-06,00438,2026-10-06,CANCELED,,
2026-10-06T01:06:53Z,3743812026-10-05,37438,2026-10-05,CANCELED,,
2026-10-06T01:06:53Z,0238412026-10-06,02384,2026-10-06,CANCELED,,
2026-10-06T01:06:53Z,1304912026-10-05,13049,2026-10-05,CANCELED,,
2026-10-06T01:06:53Z,1309512026-10-05,13095,2026-10-05,CANCELED,,
2026-10-06T01:06:53Z,1391112026-10-05,13911,2026-10-05,CANCELED,,
2026-10-06T01:06:53Z,1502012026-10-05,15020,2026-10-05,CANCELED,,
2026-10-06T01:06:53Z,1504112026-10-05,15041,2026-10-05,CANCELED,,
2026-10-06T01:06:53Z,1504312026-10-05,15043,2026-10-05,CANCELED,,
2026-10-06T01:06:53Z,1504512026-10-05,15045,2026-10-05,CANCELED,,
2026-10-06T01:06:53Z,1504712026-10-05,15047,2026-10-05,CANCELED,,
2026-10-06T01:06:53Z,1505312026-10-05,15053,2026-10-05,CANCELED,,
2026-10-06T01:06:53Z,1505412026-10-05,15054,2026-10-05,CANCELED,,
2026-10-06T01:06:53Z,1505512026-10-05,15055,2026-10-05,CANCELED,,
2026-10-06T01:06:53Z,1521412026-10-05,15214,2026-10-05,CANCELED,,
2026-10-06T01:06:53Z,1521512026-10-05,15215,2026-10-05,CANCELED,,
2026-10-06T01:06:53Z,1521612026-10-05,15216,2026-10-05,CANCELED,,
2026-10-06T01:06:53Z,1521712026-10-05,15217,2026-10-05,CANCELED,,
2026-10-06T01:06:53Z,1521812026-10-05,15218,2026-10-05,CANCELED,,
2026-10-06T01:06:53Z,1521912026-10-05,15219,2026-10-05,CANCELED,,
2026-10-06T01:06:53Z,1522012026-10-05,15220,2026-10-05,CANCELED,,
2026-10-06T01:06:53Z,1522112026-10-05,15221,2026-10-05,CANCELED,,
2026-10-06T01:06:53Z,1522212026-10-05,15222,2026-10-05,CANCELED,,
2026-10-06T01:06:53Z,1522312026-10-05,15223,2026-10-05,CANCELED,,
2026-10-06T01:06:53Z,1522412026-10-05,15224,2026-10-05,CANCELED,,
2026-10-06T01:06:53Z,1522512026-10-05,15225,2026-10-05,CANCELED,,
2026-10-06T01:06:53Z,1570012026-10-05,15700,2026-10-05,CANCELED,,
2026-10-06T01:06:53Z,1570212026-10-05,15702,2026-10-05,CANCELED,,
2026-10-06T01:06:53Z,1572412026-10-05,15724,2026-10-05,CANCELED,,
2026-10-06T01:06:53Z,1572612026-10-05,15726,2026-10-05,CANCELED,,
2026-10-06T01:06:53Z,1572812026-10-05,15728,2026-10-05,CANCELED,,
2026-10-06T01:06:53Z,1573212026-10-05,15732,2026-10-05,CANCELED,,
2026-10-06T01:06:53Z,1573412026-10-05,15734,2026-10-05,CANCELED,,
2026-10-06T01:06:53Z,1573812026-10-05,15738,2026-10-05,CANCELED,,
2026-10-06T01:06:53Z,1578212026-10-05,15782,2026-10-05,CANCELED,,
2026-10-06T01:06:53Z,1578412026-10-05,15784,2026-10-05,CANCELED,,
2026-10-06T01:06:53Z,1578612026-10-05,15786,2026-10-05,CANCELED,,
2026-10-06T01:06:53Z,1578812026-10-05,15788,2026-10-05,CANCELED,,
2026-10-06T01:06:53Z,1580612026-10-05,15806,2026-10-05,CANCELED,,
2026-10-06T01:06:53Z,1580822026-10-05,15808,2026-10-05,CANCELED,,
2026-10-06T01:06:53Z,1581222026-10-05,15812,2026-10-05,CANCELED,,
2026-10-06T01:06:53Z,1581612026-10-05,15816,2026-10-05,CANCELED,,
2026-10-06T01:06:53Z,1581812026-10-05,15818,2026-10-05,CANCELED,,
2026-10-06T01:06:53Z,1582012026-10-05,15820,2026-10-05,CANCELED,,
2026-10-06T01:06:53Z,1586212026-10-05,15862,2026-10-05,CANCELED,,
2026-10-06T01:06:53Z,1586422026-10-05,15864,2026-10-05,CANCELED,,
2026-10-06T01:06:53Z,1586612026-10-05,15866,2026-10-05,CANCELED,,
2026-10-06T01:06:53Z,1586822026-10-05,15868,2026-10-05,CANCELED,,
2026-10-06T01:06:53Z,1587412026-10-05,15874,2026-10-05,CANCELED,,
2026-10-06T01:06:53Z,1587612026-10-05,15876,2026-10-05,CANCELED,,
2026-10-06T01:06:53Z,1588212026-10-05,15882,2026-10-05,CANCELED,,
2026-10-06T01:06:53Z,1588612026-10-05,15886,2026-10-05,CANCELED,,
2026-10-06T01:06:53Z,1591212026-10-05,15912,2026-10-05,CANCELED,,
2026-10-06T01:06:53Z,3091212026-10-05,30912,2026-10-05,CANCELED,,
2026-10-06T01:06:53Z,1591612026-10-05,15916,2026-10-05,CANCELED,,
2026-10-06T01:06:53Z,3091612026-10-05,30916,2026-10-05,CANCELED,,
2026-10-06T01:06:53Z,1591812026-10-05,15918,2026-10-05,CANCELED,,
2026-10-06T01:06:53Z,3091812026-10-05,30918,2026-10-05,CANCELED,,
2026-10-06T01:06:53Z,1562412026-10-05,15624,2026-10-05,CANCELED,,
2026-10-06T01:11:56Z,0043812026-10-06,00438,2026-10-06,CANCELED,,
2026-10-06T01:11:56Z,0043822026-10-06,00438,2026-10-06,CANCELED,,
2026-10-06T01:11:56Z,0043832026-10-06,00438,2026-10-06,CANCELED,,
2026-10-06T01:11:56Z,3743812026-10-05,37438,2026-10-05,CANCELED,,
2026-10-06T01:11:56Z,0238412026-10-06,02384,2026-10-06,CANCELED,,
2026-10-06T01:11:56Z,1304912026-10-05,13049,2026-10-05,CANCELED,,
2026-10-06T01:11:56Z,1309512026-10-05,13095,2026-10-05,CANCELED,,
2026-10-06T01:11:56Z,1391112026-10-05,13911,2026-10-05,CANCELED,,
2026-10-06T01:11:56Z,1502012026-10-05,15020,2026-10-05,CANCELED,,
2026-10-06T01:11:56Z,1504112026-10-05,15041,2026-10-05,CANCELED,,
2026-10-06T01:11:56Z,1504312026-10-05,15043,2026-10-05,CANCELED,,
2026-10-06T01:11:56Z,1504512026-10-05,15045,2026-10-05,CANCELED,,
2026-10-06T01:11:56Z,1504712026-10-05,15047,2026-10-05,CANCELED,,
2026-10-06T01:11:56Z,1505312026-10-05,15053,2026-10-05,CANCELED,,
2026-10-06T01:11:56Z,1505412026-10-05,15054,2026-10-05,CANCELED,,
2026-10-06T01:11:56Z,1505512026-10-05,15055,2026-10-05,CANCELED,,
2026-10-06T01:11:56Z,1521412026-10-05,15214,2026-10-05,CANCELED,,
2026-10-06T01:11:56Z,1521512026-10-05,15215,2026-10-05,CANCELED,,
2026-10-06T01:11:56Z,1521612026-10-05,15216,2026-10-05,CANCELED,,
2026-10-06T01:11:56Z,1521712026-10-05,15217,2026-10-05,CANCELED,,
2026-10-06T01:11:56Z,1521812026-10-05,15218,2026-10-05,CANCELED,,
2026-10-06T01:11:56Z,1521912026-10-05,15219,2026-10-05,CANCELED,,
2026-10-06T01:11:56Z,1522012026-10-05,15220,2026-10-05,CANCELED,,
2026-10-06T01:11:56Z,1522112026-10-05,15221,2026-10-05,CANCELED,,
2026-10-06T01:11:56Z,1522212026-10-05,15222,2026-10-05,CANCELED,,
2026-10-06T01:11:56Z,1522312026-10-05,15223,2026-10-05,CANCELED,,
2026-10-06T01:11:56Z,1522412026-10-05,15224,2026-10-05,CANCELED,,
2026-10-06T01:11:56Z,1522512026-10-05,15225,2026-10-05,CANCELED,,
2026-10-06T01:11:56Z,1570012026-10-05,15700,2026-10-05,CANCELED,,
2026-10-06T01:11:56Z,1570212026-10-05,15702,2026-10-05,CANCELED,,
2026-10-06T01:11:56Z,1572412026-10-05,15724,2026-10-05,CANCELED,,
2026-10-06T01:11:56Z,1572612026-10-05,15726,2026-10-05,CANCELED,,
2026-10-06T01:11:56Z,1572812026-10-05,15728,2026-10-05,CANCELED,,
2026-10-06T01:11:56Z,1573212026-10-05,15732,2026-10-05,CANCELED,,
2026-10-06T01:11:56Z,1573412026-10-05,15734,2026-10-05,CANCELED,,
2026-10-06T01:11:56Z,1573812026-10-05,15738,2026-10-05,CANCELED,,
2026-10-06T01:11:56Z,1578212026-10-05,15782,2026-10-05,CANCELED,,
2026-10-06T01:11:56Z,1578412026-10-05,15784,2026-10-05,CANCELED,,
2026-10-06T01:11:56Z,1578612026-10-05,15786,2026-10-05,CANCELED,,
2026-10-06T01:11:56Z,1578812026-10-05,15788,2026-10-05,CANCELED,,
2026-10-06T01:11:56Z,1580612026-10-05,15806,2026-10-05,CANCELED,,
2026-10-06T01:11:56Z,1580822026-10-05,15808,2026-10-05,CANCELED,,
2026-10-06T01:11:56Z,1581222026-10-05,15812,2026-10-05,CANCELED,,
2026-10-06T01:11:56Z,1581612026-10-05,15816,2026-10-05,CANCELED,,
2026-10-06T01:11:56Z,1581812026-10-05,15818,2026-10-05,CANCELED,,
2026-10-06T01:11:56Z,1582012026-10-05,15820,2026-10-05,CANCELED,,
2026-10-06T01:11:56Z,1586212026-10-05,15862,2026-10-05,CANCELED,,
2026-10-06T01:11:56Z,1586422026-10-05,15864,2026-10-05,CANCELED,,
2026-10-06T01:11:56Z,1586612026-10-05,15866,2026-10-05,CANCELED,,
2026-10-06T01:11:56Z,1586822026-10-05,15868,2026-10-05,CANCELED,,
2026-10-06T01:11:56Z,1587412026-10-05,15874,2026-10-05,CANCELED,,
2026-10-06T01:11:56Z,1587612026-10-05,15876,2026-10-05,CANCELED,,
2026-10-06T01:11:56Z,1588212026-10-05,15882,2026-10-05,CANCELED,,
2026-10-06T01:11:56Z,1588612026-10-05,15886,2026-10-05,CANCELED,,
2026-10-06T01:11:56Z,1591212026-10-05,15912,2026-10-05,CANCELED,,
2026-10-06T01:11:56Z,3091212026-10-05,30912,2026-10-05,CANCELED,,
2026-10-06T01:11:56Z,1591612026-10-05,15916,2026-10-05,CANCELED,,
2026-10-06T01:11:56Z,3091612026-10-05,30916,2026-10-05,CANCELED,,
2026-10-06T01:11:56Z,1591812026-10-05,15918,2026-10-05,CANCELED,,
2026-10-06T01:11:56Z,3091812026-10-05,30918,2026-10-05,CANCELED,,
2026-10-06T01:11:56Z,1562412026-10-05,15624,2026-10-05,CANCELED,,
2026-10-06T01:17:03Z,0043812026-10-06,00438,2026-10-06,CANCELED,,
2026-10-06T01:17:03Z,0043822026-10-06,00438,2026-10-06,CANCELED,,
2026-10-06T01:17:03Z,0043832026-10-06,00438,2026-10-06,CANCELED,,
2026-10-06T01:17:03Z,3743812026-10-05,37438,2026-10-05,CANCELED,,
2026-10-06T01:17:03Z,0238412026-10-06,02384,2026-10-06,CANCELED,,
2026-10-06T01:17:03Z,1304912026-10-05,13049,2026-10-05,CANCELED,,
2026-10-06T01:17:03Z,1309512026-10-05,13095,2026-10-05,CANCELED,,
2026-10-06T01:17:03Z,1391112026-10-05,13911,2026-10-05,CANCELED,,
2026-10-06T01:17:03Z,1502012026-10-05,15020,2026-10-05,CANCELED,,
2026-10-06T01:17:03Z,1504112026-10-05,15041,2026-10-05,CANCELED,,
2026-10-06T01:17:03Z,1504312026-10-05,15043,2026-10-05,CANCELED,,
2026-10-06T01:17:03Z,1504512026-10-05,15045,2026-10-05,CANCELED,,
2026-10-06T01:17:03Z,1504712026-10-05,15047,2026-10-05,CANCELED,,
2026-10-06T01:17:03Z,1505312026-10-05,15053,2026-10-05,CANCELED,,
2026-10-06T01:17:03Z,1505412026-10-05,15054,2026-10-05,CANCELED,,
2026-10-06T01:17:03Z,1505512026-10-05,15055,2026-10-05,CANCELED,,
2026-10-06T01:17:03Z,1521412026-10-05,15214,2026-10-05,CANCELED,,
2026-10-06T01:17:03Z,1521512026-10-05,15215,2026-10-05,CANCELED,,
2026-10-06T01:17:03Z,1521612026-10-05,15216,2026-10-05,CANCELED,,
2026-10-06T01:17:03Z,1521712026-10-05,15217,2026-10-05,CANCELED,,
2026-10-06T01:17:03Z,1521812026-10-05,15218,2026-10-05,CANCELED,,
2026-10-06T01:17:03Z,1521912026-10-05,15219,2026-10-05,CANCELED,,
2026-10-06T01:17:03Z,1522012026-10-05,15220,2026-10-05,CANCELED,,
2026-10-06T01:17:03Z,1522112026-10-05,15221,2026-10-05,CANCELED,,
2026-10-06T01:17:03Z,1522212026-10-05,15222,2026-10-05,CANCELED,,
2026-10-06T01:17:03Z,1522312026-10-05,15223,2026-10-05,CANCELED,,
2026-10-06T01:17:03Z,1522412026-10-05,15224,2026-10-05,CANCELED,,
2026-10-06T01:17:03Z,1522512026-10-05,15225,2026-10-05,CANCELED,,
2026-10-06T01:17:03Z,1570012026-10-05,15700,2026-10-05,CANCELED,,
2026-10-06T01:17:03Z,1570212026-10-05,15702,2026-10-05,CANCELED,,
2026-10-06T01:17:03Z,1572412026-10-05,15724,2026-10-05,CANCELED,,
2026-10-06T01:17:03Z,1572612026-10-05,15726,2026-10-05,CANCELED,,
2026-10-06T01:17:03Z,1572812026-10-05,15728,2026-10-05,CANCELED,,
2026-10-06T01:17:03Z,1573212026-10-05,15732,2026-10-05,CANCELED,,
2026-10-06T01:17:03Z,1573412026-10-05,15734,2026-10-05,CANCELED,,
2026-10-06T01:17:03Z,1573812026-10-05,15738,2026-10-05,CANCELED,,
2026-10-06T01:17:03Z,1578212026-10-05,15782,2026-10-05,CANCELED,,
2026-10-06T01:17:03Z,1578412026-10-05,15784,2026-10-05,CANCELED,,
2026-10-06T01:17:03Z,1578612026-10-05,15786,2026-10-05,CANCELED,,
2026-10-06T01:17:03Z,1578812026-10-05,15788,2026-10-05,CANCELED,,
2026-10-06T01:17:03Z,1580612026-10-05,15806,2026-10-05,CANCELED,,
2026-10-06T01:17:03Z,1580822026-10-05,15808,2026-10-05,CANCELED,,
2026-10-06T01:17:03Z,1581222026-10-05,15812,2026-10-05,CANCELED,,
2026-10-06T01:17:03Z,1581612026-10-05,15816,2026-10-05,CANCELED,,
2026-10-06T01:17:03Z,1581812026-10-05,15818,2026-10-05,CANCELED,,
2026-10-06T01:17:03Z,1582012026-10-05,15820,2026-10-05,CANCELED,,
2026-10-06T01:17:03Z,1586212026-10-05,15862,2026-10-05,CANCELED,,
2026-10-06T01:17:03Z,1586422026-10-05,15864,2026-10-05,CANCELED,,
2026-10-06T01:17:03Z,1586612026-10-05,15866,2026-10-05,CANCELED,,
2026-10-06T01:17:03Z,1586822026-10-05,15868,2026-10-05,CANCELED,,
2026-10-06T01:17:03Z,1587412026-10-05,15874,2026-10-05,CANCELED,,
2026-10-06T01:17:03Z,1587612026-10-05,15876,2026-10-05,CANCELED,,
2026-10-06T01:17:03Z,1588212026-10-05,15882,2026-10-05,CANCELED,,
2026-10-06T01:17:03Z,1588612026-10-05,15886,2026-10-05,CANCELED,,
2026-10-06T01:17:03Z,1591212026-10-05,15912,2026-10-05,CANCELED,,
2026-10-06T01:17:03Z,3091212026-10-05,30912,2026-10-05,CANCELED,,
2026-10-06T01:17:03Z,1591612026-10-05,15916,2026-10-05,CANCELED,,
2026-10-06T01:17:03Z,3091612026-10-05,30916,2026-10-05,CANCELED,,
2026-10-06T01:17:03Z,1591812026-10-05,15918,2026-10-05,CANCELED,,
2026-10-06T01:17:03Z,3091812026-10-05,30918,2026-10-05,CANCELED,,
2026-10-06T01:17:03Z,1562412026-10-05,15624,2026-10-05,CANCELED,,
2026-10-06T01:22:08Z,0043812026-10-06,00438,2026-10-06,CANCELED,,
2026-10-06T01:22:08Z,0043822026-10-06,00438,2026-10-06,CANCELED,,
2026-10-06T01:22:08Z,0043832026-10-06,00438,2026-10-06,CANCELED,,
2026-10-06T01:22:08Z,3743812026-10-05,37438,2026-10-05,CANCELED,,
2026-10-06T01:22:08Z,0238412026-10-06,02384,2026-10-06,CANCELED,,
2026-10-06T01:22:08Z,1304912026-10-05,13049,2026-10-05,CANCELED,,
2026-10-06T01:22:08Z,1309512026-10-05,13095,2026-10-05,CANCELED,,
2026-10-06T01:22:08Z,1391112026-10-05,13911,2026-10-05,CANCELED,,
2026-10-06T01:22:08Z,1502012026-10-05,15020,2026-10-05,CANCELED,,
2026-10-06T01:22:08Z,1504112026-10-05,15041,2026-10-05,CANCELED,,
2026-10-06T01:22:08Z,1504312026-10-05,15043,2026-10-05,CANCELED,,
2026-10-06T01:22:08Z,1504512026-10-05,15045,2026-10-05,CANCELED,,
2026-10-06T01:22:08Z,1504712026-10-05,15047,2026-10-05,CANCELED,,
2026-10-06T01:22:08Z,1505312026-10-05,15053,2026-10-05,CANCELED,,
2026-10-06T01:22:08Z,1505412026-10-05,15054,2026-10-05,CANCELED,,
2026-10-06T01:22:08Z,1505512026-10-05,15055,2026-10-05,CANCELED,,
2026-10-06T01:22:08Z,1521412026-10-05,15214,2026-10-05,CANCELED,,
2026-10-06T01:22:08Z,1521512026-10-05,15215,2026-10-05,CANCELED,,
2026-10-06T01:22:08Z,1521612026-10-05,15216,2026-10-05,CANCELED,,
2026-10-06T01:22:08Z,1521712026-10-05,15217,2026-10-05,CANCELED,,
2026-10-06T01:22:08Z,1521812026-10-05,15218,2026-10-05,CANCELED,,
2026-10-06T01:22:08Z,1521912026-10-05,15219,2026-10-05,CANCELED,,
2026-10-06T01:22:08Z,1522012026-10-05,15220,2026-10-05,CANCELED,,
2026-10-06T01:22:08Z,1522112026-10-05,15221,2026-10-05,CANCELED,,
2026-10-06T01:22:08Z,1522212026-10-05,15222,2026-10-05,CANCELED,,
2026-10-06T01:22:08Z,1522312026-10-05,15223,2026-10-05,CANCELED,,
2026-10-06T01:22:08Z,1522412026-10-05,15224,2026-10-05,CANCELED,,
2026-10-06T01:22:08Z,1522512026-10-05,15225,2026-10-05,CANCELED,,
2026-10-06T01:22:08Z,1570012026-10-05,15700,2026-10-05,CANCELED,,
2026-10-06T01:22:08Z,1570212026-10-05,15702,2026-10-05,CANCELED,,
2026-10-06T01:22:08Z,1572412026-10-05,15724,2026-10-05,CANCELED,,
2026-10-06T01:22:08Z,1572612026-10-05,15726,2026-10-05,CANCELED,,
2026-10-06T01:22:08Z,1572812026-10-05,15728,2026-10-05,CANCELED,,
2026-10-06T01:22:08Z,1573212026-10-05,15732,2026-10-05,CANCELED,,
2026-10-06T01:22:08Z,1573412026-10-05,15734,2026-10-05,CANCELED,,
2026-10-06T01:22:08Z,1573812026-10-05,15738,2026-10-05,CANCELED,,
2026-10-06T01:22:08Z,1578212026-10-05,15782,2026-10-05,CANCELED,,
2026-10-06T01:22:08Z,1578412026-10-05,15784,2026-10-05,CANCELED,,
2026-10-06T01:22:08Z,1578612026-10-05,15786,2026-10-05,CANCELED,,
2026-10-06T01:22:08Z,1578812026-10-05,15788,2026-10-05,CANCELED,,
2026-10-06T01:22:08Z,1580612026-10-05,15806,2026-10-05,CANCELED,,
2026-10-06T01:22:08Z,1580822026-10-05,15808,2026-10-05,CANCELED,,
2026-10-06T01:22:08Z,1581222026-10-05,15812,2026-10-05,CANCELED,,
2026-10-06T01:22:08Z,1581612026-10-05,15816,2026-10-05,CANCELED,,
2026-10-06T01:22:08Z,1581812026-10-05,15818,2026-10-05,CANCELED,,
2026-10-06T01:22:08Z,1582012026-10-05,15820,2026-10-05,CANCELED,,
2026-10-06T01:22:08Z,1586212026-10-05,15862,2026-10-05,CANCELED,,
2026-10-06T01:22:08Z,1586422026-10-05,15864,2026-10-05,CANCELED,,
2026-10-06T01:22:08Z,1586612026-10-05,15866,2026-10-05,CANCELED,,
2026-10-06T01:22:08Z,1586822026-10-05,15868,2026-10-05,CANCELED,,
2026-10-06T01:22:08Z,1587412026-10-05,15874,2026-10-05,CANCELED,,
2026-10-06T01:22:08Z,1587612026-10-05,15876,2026-10-05,CANCELED,,
2026-10-06T01:22:08Z,1588212026-10-05,15882,2026-10-05,CANCELED,,
2026-10-06T01:22:08Z,1588612026-10-05,15886,2026-10-05,CANCELED,,
2026-10-06T01:22:08Z,1591212026-10-05,15912,2026-10-05,CANCELED,,
2026-10-06T01:22:08Z,3091212026-10-05,30912,2026-10-05,CANCELED,,
2026-10-06T01:22:08Z,1591612026-10-05,15916,2026-10-05,CANCELED,,
2026-10-06T01:22:08Z,3091612026-10-05,30916,2026-10-05,CANCELED,,
2026-10-06T01:22:08Z,1591812026-10-05,15918,2026-10-05,CANCELED,,
2026-10-06T01:22:08Z,3091812026-10-05,30918,2026-10-05,CANCELED,,
2026-10-06T01:22:08Z,1562412026-10-05,15624,2026-10-05,CANCELED,,
2026-10-06T01:26:52Z,0043812026-10-06,00438,2026-10-06,CANCELED,,
2026-10-06T01:26:52Z,0043822026-10-06,00438,2026-10-06,CANCELED,,
2026-10-06T01:26:52Z,0043832026-10-06,00438,2026-10-06,CANCELED,,
2026-10-06T01:26:52Z,3743812026-10-05,37438,2026-10-05,CANCELED,,
2026-10-06T01:26:52Z,0238412026-10-06,02384,2026-10-06,CANCELED,,
2026-10-06T01:26:52Z,1304912026-10-05,13049,2026-10-05,CANCELED,,
2026-10-06T01:26:52Z,1309512026-10-05,13095,2026-10-05,CANCELED,,
2026-10-06T01:26:52Z,1391112026-10-05,13911,2026-10-05,CANCELED,,
2026-10-06T01:26:52Z,1502012026-10-05,15020,2026-10-05,CANCELED,,
2026-10-06T01:26:52Z,1504112026-10-05,15041,2026-10-05,CANCELED,,
2026-10-06T01:26:52Z,1504312026-10-05,15043,2026-10-05,CANCELED,,
2026-10-06T01:26:52Z,1504512026-10-05,15045,2026-10-05,CANCELED,,
2026-10-06T01:26:52Z,1504712026-10-05,15047,2026-10-05,CANCELED,,
2026-10-06T01:26:52Z,1505312026-10-05,15053,2026-10-05,CANCELED,,
2026-10-06T01:26:52Z,1505412026-10-05,15054,2026-10-05,CANCELED,,
2026-10-06T01:26:52Z,1505512026-10-05,15055,2026-10-05,CANCELED,,
2026-10-06T01:26:52Z,1521412026-10-05,15214,2026-10-05,CANCELED,,
2026-10-06T01:26:52Z,1521512026-10-05,15215,2026-10-05,CANCELED,,
2026-10-06T01:26:52Z,1521612026-10-05,15216,2026-10-05,CANCELED,,
2026-10-06T01:26:52Z,1521712026-10-05,15217,2026-10-05,CANCELED,,
2026-10-06T01:26:52Z,1521812026-10-05,15218,2026-10-05,CANCELED,,
2026-10-06T01:26:52Z,1521912026-10-05,15219,2026-10-05,CANCELED,,
2026-10-06T01:26:52Z,1522012026-10-05,15220,2026-10-05,CANCELED,,
2026-10-06T01:26:52Z,1522112026-10-05,15221,2026-10-05,CANCELED,,
2026-10-06T01:26:52Z,1522212026-10-05,15222,2026-10-05,CANCELED,,
2026-10-06T01:26:52Z,1522312026-10-05,15223,2026-10-05,CANCELED,,
2026-10-06T01:26:52Z,1522412026-10-05,15224,2026-10-05,CANCELED,,
2026-10-06T01:26:52Z,1522512026-10-05,15225,2026-10-05,CANCELED,,
2026-10-06T01:26:52Z,1570012026-10-05,15700,2026-10-05,CANCELED,,
2026-10-06T01:26:52Z,1570212026-10-05,15702,2026-10-05,CANCELED,,
2026-10-06T01:26:52Z,1572412026-10-05,15724,2026-10-05,CANCELED,,
2026-10-06T01:26:52Z,1572612026-10-05,15726,2026-10-05,CANCELED,,
2026-10-06T01:26:52Z,1572812026-10-05,15728,2026-10-05,CANCELED,,
2026-10-06T01:26:52Z,1573212026-10-05,15732,2026-10-05,CANCELED,,
2026-10-06T01:26:52Z,1573412026-10-05,15734,2026-10-05,CANCELED,,
2026-10-06T01:26:52Z,1573812026-10-05,15738,2026-10-05,CANCELED,,
2026-10-06T01:26:52Z,1578212026-10-05,15782,2026-10-05,CANCELED,,
2026-10-06T01:26:52Z,1578412026-10-05,15784,2026-10-05,CANCELED,,
2026-10-06T01:26:52Z,1578612026-10-05,15786,2026-10-05,CANCELED,,
2026-10-06T01:26:52Z,1578812026-10-05,15788,2026-10-05,CANCELED,,
2026-10-06T01:26:52Z,1580612026-10-05,15806,2026-10-05,CANCELED,,
2026-10-06T01:26:52Z,1580822026-10-05,15808,2026-10-05,CANCELED,,
2026-10-06T01:26:52Z,1581222026-10-05,15812,2026-10-05,CANCELED,,
2026-10-06T01:26:52Z,1581612026-10-05,15816,2026-10-05,CANCELED,,
2026-10-06T01:26:52Z,1581812026-10-05,15818,2026-10-05,CANCELED,,
2026-10-06T01:26:52Z,1582012026-10-05,15820,2026-10-05,CANCELED,,
2026-10-06T01:26:52Z,1586212026-10-05,15862,2026-10-05,CANCELED,,
2026-10-06T01:26:52Z,1586422026-10-05,15864,2026-10-05,CANCELED,,
2026-10-06T01:26:52Z,1586612026-10-05,15866,2026-10-05,CANCELED,,
2026-10-06T01:26:52Z,1586822026-10-05,15868,2026-10-05,CANCELED,,
2026-10-06T01:26:52Z,1587412026-10-05,15874,2026-10-05,CANCELED,,
2026-10-06T01:26:52Z,1587612026-10-05,15876,2026-10-05,CANCELED,,
2026-10-06T01:26:52Z,1588212026-10-05,15882,2026-10-05,CANCELED,,
2026-10-06T01:26:52Z,1588612026-10-05,15886,2026-10-05,CANCELED,,
2026-10-06T01:26:52Z,1591212026-10-05,15912,2026-10-05,CANCELED,,
2026-10-06T01:26:52Z,3091212026-10-05,30912,2026-10-05,CANCELED,,
2026-10-06T01:26:52Z,1591612026-10-05,15916,2026-10-05,CANCELED,,
2026-10-06T01:26:52Z,3091612026-10-05,30916,2026-10-05,CANCELED,,
2026-10-06T01:26:52Z,1591812026-10-05,15918,2026-10-05,CANCELED,,
2026-10-06T01:26:52Z,3091812026-10-05,30918,2026-10-05,CANCELED,,
2026-10-06T01:26:52Z,1562412026-10-05,15624,2026-10-05,CANCELED,,
2026-10-06T01:32:20Z,0043812026-10-06,00438,2026-10-06,CANCELED,,
2026-10-06T01:32:20Z,0043822026-10-06,00438,2026-10-06,CANCELED,,
2026-10-06T01:32:20Z,0043832026-10-06,00438,2026-10-06,CANCELED,,
2026-10-06T01:32:20Z,3743812026-10-05,37438,2026-10-05,CANCELED,,
2026-10-06T01:32:20Z,0238412026-10-06,02384,2026-10-06,CANCELED,,
2026-10-06T01:32:20Z,1304912026-10-05,13049,2026-10-05,CANCELED,,
2026-10-06T01:32:20Z,1309512026-10-05,13095,2026-10-05,CANCELED,,
2026-10-06T01:32:20Z,1391112026-10-05,13911,2026-10-05,CANCELED,,
2026-10-06T01:32:20Z,1502012026-10-05,15020,2026-10-05,CANCELED,,
2026-10-06T01:32:20Z,1504112026-10-05,15041,2026-10-05,CANCELED,,
2026-10-06T01:32:20Z,1504312026-10-05,15043,2026-10-05,CANCELED,,
2026-10-06T01:32:20Z,1504512026-10-05,15045,2026-10-05,CANCELED,,
2026-10-06T01:32:20Z,1504712026-10-05,15047,2026-10-05,CANCELED,,
2026-10-06T01:32:20Z,1505312026-10-05,15053,2026-10-05,CANCELED,,
2026-10-06T01:32:20Z,1505412026-10-05,15054,2026-10-05,CANCELED,,
2026-10-06T01:32:20Z,1505512026-10-05,15055,2026-10-05,CANCELED,,
2026-10-06T01:32:20Z,1521412026-10-05,15214,2026-10-05,CANCELED,,
2026-10-06T01:32:20Z,1521512026-10-05,15215,2026-10-05,CANCELED,,
2026-10-06T01:32:20Z,1521612026-10-05,15216,2026-10-05,CANCELED,,
2026-10-06T01:32:20Z,1521712026-10-05,15217,2026-10-05,CANCELED,,
2026-10-06T01:32:20Z,1521812026-10-05,15218,2026-10-05,CANCELED,,
2026-10-06T01:32:20Z,1521912026-10-05,15219,2026-10-05,CANCELED,,
2026-10-06T01:32:20Z,1522012026-10-05,15220,2026-10-05,CANCELED,,
2026-10-06T01:32:20Z,1522112026-10-05,15221,2026-10-05,CANCELED,,
2026-10-06T01:32:20Z,1522212026-10-05,15222,2026-10-05,CANCELED,,
2026-10-06T01:32:20Z,1522312026-10-05,15223,2026-10-05,CANCELED,,
2026-10-06T01:32:20Z,1522412026-10-05,15224,2026-10-05,CANCELED,,
2026-10-06T01:32:20Z,1522512026-10-05,15225,2026-10-05,CANCELED,,
2026-10-06T01:32:20Z,1570012026-10-05,15700,2026-10-05,CANCELED,,
2026-10-06T01:32:20Z,1570212026-10-05,15702,2026-10-05,CANCELED,,
2026-10-06T01:32:20Z,1572412026-10-05,15724,2026-10-05,CANCELED,,
2026-10-06T01:32:20Z,1572612026-10-05,15726,2026-10-05,CANCELED,,
2026-10-06T01:32:20Z,1572812026-10-05,15728,2026-10-05,CANCELED,,
2026-10-06T01:32:20Z,1573212026-10-05,15732,2026-10-05,CANCELED,,
2026-10-06T01:32:20Z,1573412026-10-05,15734,2026-10-05,CANCELED,,
2026-10-06T01:32:20Z,1573812026-10-05,15738,2026-10-05,CANCELED,,
2026-10-06T01:32:20Z,1578212026-10-05,15782,2026-10-05,CANCELED,,
2026-10-06T01:32:20Z,1578412026-10-05,15784,2026-10-05,CANCELED,,
2026-10-06T01:32:20Z,1578612026-10-05,15786,2026-10-05,CANCELED,,
2026-10-06T01:32:20Z,1578812026-10-05,15788,2026-10-05,CANCELED,,
2026-10-06T01:32:20Z,1580612026-10-05,15806,2026-10-05,CANCELED,,
2026-10-06T01:32:20Z,1580822026-10-05,15808,2026-10-05,CANCELED,,
2026-10-06T01:32:20Z,1581222026-10-05,15812,2026-10-05,CANCELED,,
2026-10-06T01:32:20Z,1581612026-10-05,15816,2026-10-05,CANCELED,,
2026-10-06T01:32:20Z,1581812026-10-05,15818,2026-10-05,CANCELED,,
2026-10-06T01:32:20Z,1582012026-10-05,15820,2026-10-05,CANCELED,,
2026-10-06T01:32:20Z,1586212026-10-05,15862,2026-10-05,CANCELED,,
2026-10-06T01:32:20Z,1586422026-10-05,15864,2026-10-05,CANCELED,,
2026-10-06T01:32:20Z,1586612026-10-05,15866,2026-10-05,CANCELED,,
2026-10-06T01:32:20Z,1586822026-10-05,15868,2026-10-05,CANCELED,,
2026-10-06T01:32:20Z,1587412026-10-05,15874,2026-10-05,CANCELED,,
2026-10-06T01:32:20Z,1587612026-10-05,15876,2026-10-05,CANCELED,,
2026-10-06T01:32:20Z,1588212026-10-05,15882,2026-10-05,CANCELED,,
2026-10-06T01:32:20Z,1588612026-10-05,15886,2026-10-05,CANCELED,,
2026-10-06T01:32:20Z,1591212026-10-05,15912,2026-10-05,CANCELED,,
2026-10-06T01:32:20Z,3091212026-10-05,30912,2026-10-05,CANCELED,,
2026-10-06T01:32:20Z,1591612026-10-05,15916,2026-10-05,CANCELED,,
2026-10-06T01:32:20Z,3091612026-10-05,30916,2026-10-05,CANCELED,,
2026-10-06T01:32:20Z,1591812026-10-05,15918,2026-10-05,CANCELED,,
2026-10-06T01:32:20Z,3091812026-10-05,30918,2026-10-05,CANCELED,,
2026-10-06T01:32:20Z,1562412026-10-05,15624,2026-10-05,CANCELED,,
2026-10-06T01:36:58Z,0043812026-10-06,00438,2026-10-06,CANCELED,,
2026-10-06T01:36:58Z,0043822026-10-06,00438,2026-10-06,CANCELED,,
2026-10-06T01:36:58Z,0043832026-10-06,00438,2026-10-06,CANCELED,,
2026-10-06T01:36:58Z,3743812026-10-05,37438,2026-10-05,CANCELED,,
2026-10-06T01:36:58Z,0238412026-10-06,02384,2026-10-06,CANCELED,,
2026-10-06T01:36:58Z,1304912026-10-05,13049,2026-10-05,CANCELED,,
2026-10-06T01:36:58Z,1309512026-10-05,13095,2026-10-05,CANCELED,,
2026-10-06T01:36:58Z,1391112026-10-05,13911,2026-10-05,CANCELED,,
2026-10-06T01:36:58Z,1502012026-10-05,15020,2026-10-05,CANCELED,,
2026-10-06T01:36:58Z,1504112026-10-05,15041,2026-10-05,CANCELED,,
2026-10-06T01:36:58Z,1504312026-10-05,15043,2026-10-05,CANCELED,,
2026-10-06T01:36:58Z,1504512026-10-05,15045,2026-10-05,CANCELED,,
2026-10-06T01:36:58Z,1504712026-10-05,15047,2026-10-05,CANCELED,,
2026-10-06T01:36:58Z,1505312026-10-05,15053,2026-10-05,CANCELED,,
2026-10-06T01:36:58Z,1505412026-10-05,15054,2026-10-05,CANCELED,,
2026-10-06T01:36:58Z,1505512026-10-05,15055,2026-10-05,CANCELED,,
2026-10-06T01:36:58Z,1521412026-10-05,15214,2026-10-05,CANCELED,,
2026-10-06T01:36:58Z,1521512026-10-05,15215,2026-10-05,CANCELED,,
2026-10-06T01:36:58Z,1521612026-10-05,15216,2026-10-05,CANCELED,,
2026-10-06T01:36:58Z,1521712026-10-05,15217,2026-10-05,CANCELED,,
2026-10-06T01:36:58Z,1521812026-10-05,15218,2026-10-05,CANCELED,,
2026-10-06T01:36:58Z,1521912026-10-05,15219,2026-10-05,CANCELED,,
2026-10-06T01:36:58Z,1522012026-10-05,15220,2026-10-05,CANCELED,,
2026-10-06T01:36:58Z,1522112026-10-05,15221,2026-10-05,CANCELED,,
2026-10-06T01:36:58Z,1522212026-10-05,15222,2026-10-05,CANCELED,,
2026-10-06T01:36:58Z,1522312026-10-05,15223,2026-10-05,CANCELED,,
2026-10-06T01:36:58Z,1522412026-10-05,15224,2026-10-05,CANCELED,,
2026-10-06T01:36:58Z,1522512026-10-05,15225,2026-10-05,CANCELED,,
2026-10-06T01:36:58Z,1570012026-10-05,15700,2026-10-05,CANCELED,,
2026-10-06T01:36:58Z,1570212026-10-05,15702,2026-10-05,CANCELED,,
2026-10-06T01:36:58Z,1572412026-10-05,15724,2026-10-05,CANCELED,,
2026-10-06T01:36:58Z,1572612026-10-05,15726,2026-10-05,CANCELED,,
2026-10-06T01:36:58Z,1572812026-10-05,15728,2026-10-05,CANCELED,,
2026-10-06T01:36:58Z,1573212026-10-05,15732,2026-10-05,CANCELED,,
2026-10-06T01:36:58Z,1573412026-10-05,15734,2026-10-05,CANCELED,,
2026-10-06T01:36:58Z,1573812026-10-05,15738,2026-10-05,CANCELED,,
2026-10-06T01:36:58Z,1578212026-10-05,15782,2026-10-05,CANCELED,,
2026-10-06T01:36:58Z,1578412026-10-05,15784,2026-10-05,CANCELED,,
2026-10-06T01:36:58Z,1578612026-10-05,15786,2026-10-05,CANCELED,,
2026-10-06T01:36:58Z,1578812026-10-05,15788,2026-10-05,CANCELED,,
2026-10-06T01:36:58Z,1580612026-10-05,15806,2026-10-05,CANCELED,,
2026-10-06T01:36:58Z,1580822026-10-05,15808,2026-10-05,CANCELED,,
2026-10-06T01:36:58Z,1581222026-10-05,15812,2026-10-05,CANCELED,,
2026-10-06T01:36:58Z,1581612026-10-05,15816,2026-10-05,CANCELED,,
2026-10-06T01:36:58Z,1581812026-10-05,15818,2026-10-05,CANCELED,,
2026-10-06T01:36:58Z,1582012026-10-05,15820,2026-10-05,CANCELED,,
2026-10-06T01:36:58Z,1586212026-10-05,15862,2026-10-05,CANCELED,,
2026-10-06T01:36:58Z,1586422026-10-05,15864,2026-10-05,CANCELED,,
2026-10-06T01:36:58Z,1586612026-10-05,15866,2026-10-05,CANCELED,,
2026-10-06T01:36:58Z,1586822026-10-05,15868,2026-10-05,CANCELED,,
2026-10-06T01:36:58Z,1587412026-10-05,15874,2026-10-05,CANCELED,,
2026-10-06T01:36:58Z,1587612026-10-05,15876,2026-10-05,CANCELED,,
2026-10-06T01:36:58Z,1588212026-10-05,15882,2026-10-05,CANCELED,,
2026-10-06T01:36:58Z,1588612026-10-05,15886,2026-10-05,CANCELED,,
2026-10-06T01:36:58Z,1591212026-10-05,15912,2026-10-05,CANCELED,,
2026-10-06T01:36:58Z,3091212026-10-05,30912,2026-10-05,CANCELED,,
2026-10-06T01:36:58Z,1591612026-10-05,15916,2026-10-05,CANCELED,,
2026-10-06T01:36:58Z,3091612026-10-05,30916,2026-10-05,CANCELED,,
2026-10-06T01:36:58Z,1591812026-10-05,15918,2026-10-05,CANCELED,,
2026-10-06T01:36:58Z,3091812026-10-05,30918,2026-10-05,CANCELED,,
2026-10-06T01:36:58Z,1562412026-10-05,15624,2026-10-05,CANCELED,,
2026-10-06T01:42:09Z,0043812026-10-06,00438,2026-10-06,CANCELED,,
2026-10-06T01:42:09Z,0043822026-10-06,00438,2026-10-06,CANCELED,,
2026-10-06T01:42:09Z,0043832026-10-06,00438,2026-10-06,CANCELED,,
2026-10-06T01:42:09Z,3743812026-10-05,37438,2026-10-05,CANCELED,,
2026-10-06T01:42:09Z,0238412026-10-06,02384,2026-10-06,CANCELED,,
2026-10-06T01:42:09Z,1304912026-10-05,13049,2026-10-05,CANCELED,,
2026-10-06T01:42:09Z,1309512026-10-05,13095,2026-10-05,CANCELED,,
2026-10-06T01:42:09Z,1391112026-10-05,13911,2026-10-05,CANCELED,,
2026-10-06T01:42:09Z,1502012026-10-05,15020,2026-10-05,CANCELED,,
2026-10-06T01:42:09Z,1504112026-10-05,15041,2026-10-05,CANCELED,,
2026-10-06T01:42:09Z,1504312026-10-05,15043,2026-10-05,CANCELED,,
2026-10-06T01:42:09Z,1504512026-10-05,15045,2026-10-05,CANCELED,,
2026-10-06T01:42:09Z,1504712026-10-05,15047,2026-10-05,CANCELED,,
2026-10-06T01:42:09Z,1505312026-10-05,15053,2026-10-05,CANCELED,,
2026-10-06T01:42:09Z,1505412026-10-05,15054,2026-10-05,CANCELED,,
2026-10-06T01:42:09Z,1505512026-10-05,15055,2026-10-05,CANCELED,,
2026-10-06T01:42:09Z,1521412026-10-05,15214,2026-10-05,CANCELED,,
2026-10-06T01:42:09Z,1521512026-10-05,15215,2026-10-05,CANCELED,,
2026-10-06T01:42:09Z,1521612026-10-05,15216,2026-10-05,CANCELED,,
2026-10-06T01:42:09Z,1521712026-10-05,15217,2026-10-05,CANCELED,,
2026-10-06T01:42:09Z,1521812026-10-05,15218,2026-10-05,CANCELED,,
2026-10-06T01:42:09Z,1521912026-10-05,15219,2026-10-05,CANCELED,,
2026-10-06T01:42:09Z,1522012026-10-05,15220,2026-10-05,CANCELED,,
2026-10-06T01:42:09Z,1522112026-10-05,15221,2026-10-05,CANCELED,,
2026-10-06T01:42:09Z,1522212026-10-05,15222,2026-10-05,CANCELED,,
2026-10-06T01:42:09Z,1522312026-10-05,15223,2026-10-05,CANCELED,,
2026-10-06T01:42:09Z,1522412026-10-05,15224,2026-10-05,CANCELED,,
2026-10-06T01:42:09Z,1522512026-10-05,15225,2026-10-05,CANCELED,,
2026-10-06T01:42:09Z,1570012026-10-05,15700,2026-10-05,CANCELED,,
2026-10-06T01:42:09Z,1570212026-10-05,15702,2026-10-05,CANCELED,,
2026-10-06T01:42:09Z,1572412026-10-05,15724,2026-10-05,CANCELED,,
2026-10-06T01:42:09Z,1572612026-10-05,15726,2026-10-05,CANCELED,,
2026-10-06T01:42:09Z,1572812026-10-05,15728,2026-10-05,CANCELED,,
2026-10-06T01:42:09Z,1573212026-10-05,15732,2026-10-05,CANCELED,,
2026-10-06T01:42:09Z,1573412026-10-05,15734,2026-10-05,CANCELED,,
2026-10-06T01:42:09Z,1573812026-10-05,15738,2026-10-05,CANCELED,,
2026-10-06T01:42:09Z,1578212026-10-05,15782,2026-10-05,CANCELED,,
2026-10-06T01:42:09Z,1578412026-10-05,15784,2026-10-05,CANCELED,,
2026-10-06T01:42:09Z,1578612026-10-05,15786,2026-10-05,CANCELED,,
2026-10-06T01:42:09Z,1578812026-10-05,15788,2026-10-05,CANCELED,,
2026-10-06T01:42:09Z,1580612026-10-05,15806,2026-10-05,CANCELED,,
2026-10-06T01:42:09Z,1580822026-10-05,15808,2026-10-05,CANCELED,,
2026-10-06T01:42:09Z,1581222026-10-05,15812,2026-10-05,CANCELED,,
2026-10-06T01:42:09Z,1581612026-10-05,15816,2026-10-05,CANCELED,,
2026-10-06T01:42:09Z,1581812026-10-05,15818,2026-10-05,CANCELED,,
2026-10-06T01:42:09Z,1582012026-10-05,15820,2026-10-05,CANCELED,,
2026-10-06T01:42:09Z,1586212026-10-05,15862,2026-10-05,CANCELED,,
2026-10-06T01:42:09Z,1586422026-10-05,15864,2026-10-05,CANCELED,,
2026-10-06T01:42:09Z,1586612026-10-05,15866,2026-10-05,CANCELED,,
2026-10-06T01:42:09Z,1586822026-10-05,15868,2026-10-05,CANCELED,,
2026-10-06T01:42:09Z,1587412026-10-05,15874,2026-10-05,CANCELED,,
2026-10-06T01:42:09Z,1587612026-10-05,15876,2026-10-05,CANCELED,,
2026-10-06T01:42:09Z,1588212026-10-05,15882,2026-10-05,CANCELED,,
2026-10-06T01:42:09Z,1588612026-10-05,15886,2026-10-05,CANCELED,,
2026-10-06T01:42:09Z,1591212026-10-05,15912,2026-10-05,CANCELED,,
2026-10-06T01:42:09Z,3091212026-10-05,30912,2026-10-05,CANCELED,,
2026-10-06T01:42:09Z,1591612026-10-05,15916,2026-10-05,CANCELED,,
2026-10-06T01:42:09Z,3091612026-10-05,30916,2026-10-05,CANCELED,,
2026-10-06T01:42:09Z,1591812026-10-05,15918,2026-10-05,CANCELED,,
2026-10-06T01:42:09Z,3091812026-10-05,30918,2026-10-05,CANCELED,,
2026-10-06T01:42:09Z,1562412026-10-05,15624,2026-10-05,CANCELED,,
2026-10-06T01:46:59Z,0043812026-10-06,00438,2026-10-06,CANCELED,,
2026-10-06T01:46:59Z,0043822026-10-06,00438,2026-10-06,CANCELED,,
2026-10-06T01:46:59Z,0043832026-10-06,00438,2026-10-06,CANCELED,,
2026-10-06T01:46:59Z,3743812026-10-05,37438,2026-10-05,CANCELED,,
2026-10-06T01:46:59Z,0238412026-10-06,02384,2026-10-06,CANCELED,,
2026-10-06T01:46:59Z,1304912026-10-05,13049,2026-10-05,CANCELED,,
2026-10-06T01:46:59Z,1309512026-10-05,13095,2026-10-05,CANCELED,,
2026-10-06T01:46:59Z,1391112026-10-05,13911,2026-10-05,CANCELED,,
2026-10-06T01:46:59Z,1502012026-10-05,15020,2026-10-05,CANCELED,,
2026-10-06T01:46:59Z,1504112026-10-05,15041,2026-10-05,CANCELED,,
2026-10-06T01:46:59Z,1504312026-10-05,15043,2026-10-05,CANCELED,,
2026-10-06T01:46:59Z,1504512026-10-05,15045,2026-10-05,CANCELED,,
2026-10-06T01:46:59Z,1504712026-10-05,15047,2026-10-05,CANCELED,,
2026-10-06T01:46:59Z,1505312026-10-05,15053,2026-10-05,CANCELED,,
2026-10-06T01:46:59Z,1505412026-10-05,15054,2026-10-05,CANCELED,,
2026-10-06T01:46:59Z,1505512026-10-05,15055,2026-10-05,CANCELED,,
2026-10-06T01:46:59Z,1521412026-10-05,15214,2026-10-05,CANCELED,,
2026-10-06T01:46:59Z,1521512026-10-05,15215,2026-10-05,CANCELED,,
2026-10-06T01:46:59Z,1521612026-10-05,15216,2026-10-05,CANCELED,,
2026-10-06T01:46:59Z,1521712026-10-05,15217,2026-10-05,CANCELED,,
2026-10-06T01:46:59Z,1521812026-10-05,15218,2026-10-05,CANCELED,,
2026-10-06T01:46:59Z,1521912026-10-05,15219,2026-10-05,CANCELED,,
2026-10-06T01:46:59Z,1522012026-10-05,15220,2026-10-05,CANCELED,,
2026-10-06T01:46:59Z,1522112026-10-05,15221,2026-10-05,CANCELED,,
2026-10-06T01:46:59Z,1522212026-10-05,15222,2026-10-05,CANCELED,,
2026-10-06T01:46:59Z,1522312026-10-05,15223,2026-10-05,CANCELED,,
2026-10-06T01:46:59Z,1522412026-10-05,15224,2026-10-05,CANCELED,,
2026-10-06T01:46:59Z,1522512026-10-05,15225,2026-10-05,CANCELED,,
2026-10-06T01:46:59Z,1570012026-10-05,15700,2026-10-05,CANCELED,,
2026-10-06T01:46:59Z,1570212026-10-05,15702,2026-10-05,CANCELED,,
2026-10-06T01:46:59Z,1572412026-10-05,15724,2026-10-05,CANCELED,,
2026-10-06T01:46:59Z,1572612026-10-05,15726,2026-10-05,CANCELED,,
2026-10-06T01:46:59Z,1572812026-10-05,15728,2026-10-05,CANCELED,,
2026-10-06T01:46:59Z,1573212026-10-05,15732,2026-10-05,CANCELED,,
2026-10-06T01:46:59Z,1573412026-10-05,15734,2026-10-05,CANCELED,,
2026-10-06T01:46:59Z,1573812026-10-05,15738,2026-10-05,CANCELED,,
2026-10-06T01:46:59Z,1578212026-10-05,15782,2026-10-05,CANCELED,,
2026-10-06T01:46:59Z,1578412026-10-05,15784,2026-10-05,CANCELED,,
2026-10-06T01:46:59Z,1578612026-10-05,15786,2026-10-05,CANCELED,,
2026-10-06T01:46:59Z,1578812026-10-05,15788,2026-10-05,CANCELED,,
2026-10-06T01:46:59Z,1580612026-10-05,15806,2026-10-05,CANCELED,,
2026-10-06T01:46:59Z,1580822026-10-05,15808,2026-10-05,CANCELED,,
2026-10-06T01:46:59Z,1581222026-10-05,15812,2026-10-05,CANCELED,,
2026-10-06T01:46:59Z,1581612026-10-05,15816,2026-10-05,CANCELED,,
2026-10-06T01:46:59Z,1581812026-10-05,15818,2026-10-05,CANCELED,,
2026-10-06T01:46:59Z,1582012026-10-05,15820,2026-10-05,CANCELED,,
2026-10-06T01:46:59Z,1586212026-10-05,15862,2026-10-05,CANCELED,,
2026-10-06T01:46:59Z,1586422026-10-05,15864,2026-10-05,CANCELED,,
2026-10-06T01:46:59Z,1586612026-10-05,15866,2026-10-05,CANCELED,,
2026-10-06T01:46:59Z,1586822026-10-05,15868,2026-10-05,CANCELED,,
2026-10-06T01:46:59Z,1587412026-10-05,15874,2026-10-05,CANCELED,,
2026-10-06T01:46:59Z,1587612026-10-05,15876,2026-10-05,CANCELED,,
2026-10-06T01:46:59Z,1588212026-10-05,15882,2026-10-05,CANCELED,,
2026-10-06T01:46:59Z,1588612026-10-05,15886,2026-10-05,CANCELED,,
2026-10-06T01:46:59Z,1591212026-10-05,15912,2026-10-05,CANCELED,,
2026-10-06T01:46:59Z,3091212026-10-05,30912,2026-10-05,CANCELED,,
2026-10-06T01:46:59Z,1591612026-10-05,15916,2026-10-05,CANCELED,,
2026-10-06T01:46:59Z,3091612026-10-05,30916,2026-10-05,CANCELED,,
2026-10-06T01:46:59Z,1591812026-10-05,15918,2026-10-05,CANCELED,,
2026-10-06T01:46:59Z,3091812026-10-05,30918,2026-10-05,CANCELED,,
2026-10-06T01:46:59Z,1562412026-10-05,15624,2026-10-05,CANCELED,,
2026-10-06T01:52:31Z,0043812026-10-06,00438,2026-10-06,CANCELED,,
2026-10-06T01:52:31Z,0043822026-10-06,00438,2026-10-06,CANCELED,,
2026-10-06T01:52:31Z,0043832026-10-06,00438,2026-10-06,CANCELED,,
2026-10-06T01:52:31Z,3743812026-10-05,37438,2026-10-05,CANCELED,,
2026-10-06T01:52:31Z,0238412026-10-06,02384,2026-10-06,CANCELED,,
2026-10-06T01:52:31Z,1304912026-10-05,13049,2026-10-05,CANCELED,,
2026-10-06T01:52:31Z,1309512026-10-05,13095,2026-10-05,CANCELED,,
2026-10-06T01:52:31Z,1391112026-10-05,13911,2026-10-05,CANCELED,,
2026-10-06T01:52:31Z,1502012026-10-05,15020,2026-10-05,CANCELED,,
2026-10-06T01:52:31Z,1504112026-10-05,15041,2026-10-05,CANCELED,,
2026-10-06T01:52:31Z,1504312026-10-05,15043,2026-10-05,CANCELED,,
2026-10-06T01:52:31Z,1504512026-10-05,15045,2026-10-05,CANCELED,,
2026-10-06T01:52:31Z,1504712026-10-05,15047,2026-10-05,CANCELED,,
2026-10-06T01:52:31Z,1505312026-10-05,15053,2026-10-05,CANCELED,,
2026-10-06T01:52:31Z,1505412026-10-05,15054,2026-10-05,CANCELED,,
2026-10-06T01:52:31Z,1505512026-10-05,15055,2026-10-05,CANCELED,,
2026-10-06T01:52:31Z,1521412026-10-05,15214,2026-10-05,CANCELED,,
2026-10-06T01:52:31Z,1521512026-10-05,15215,2026-10-05,CANCELED,,
2026-10-06T01:52:31Z,1521612026-10-05,15216,2026-10-05,CANCELED,,
2026-10-06T01:52:31Z,1521712026-10-05,15217,2026-10-05,CANCELED,,
2026-10-06T01:52:31Z,1521812026-10-05,15218,2026-10-05,CANCELED,,
2026-10-06T01:52:31Z,1521912026-10-05,15219,2026-10-05,CANCELED,,
2026-10-06T01:52:31Z,1522012026-10-05,15220,2026-10-05,CANCELED,,
2026-10-06T01:52:31Z,1522112026-10-05,15221,2026-10-05,CANCELED,,
2026-10-06T01:52:31Z,1522212026-10-05,15222,2026-10-05,CANCELED,,
2026-10-06T01:52:31Z,1522312026-10-05,15223,2026-10-05,CANCELED,,
2026-10-06T01:52:31Z,1522412026-10-05,15224,2026-10-05,CANCELED,,
2026-10-06T01:52:31Z,1522512026-10-05,15225,2026-10-05,CANCELED,,
2026-10-06T01:52:31Z,1570012026-10-05,15700,2026-10-05,CANCELED,,
2026-10-06T01:52:31Z,1570212026-10-05,15702,2026-10-05,CANCELED,,
2026-10-06T01:52:31Z,1572412026-10-05,15724,2026-10-05,CANCELED,,
2026-10-06T01:52:31Z,1572612026-10-05,15726,2026-10-05,CANCELED,,
2026-10-06T01:52:31Z,1572812026-10-05,15728,2026-10-05,CANCELED,,
2026-10-06T01:52:31Z,1573212026-10-05,15732,2026-10-05,CANCELED,,
2026-10-06T01:52:31Z,1573412026-10-05,15734,2026-10-05,CANCELED,,
2026-10-06T01:52:31Z,1573812026-10-05,15738,2026-10-05,CANCELED,,
2026-10-06T01:52:31Z,1578212026-10-05,15782,2026-10-05,CANCELED,,
2026-10-06T01:52:31Z,1578412026-10-05,15784,2026-10-05,CANCELED,,
2026-10-06T01:52:31Z,1578612026-10-05,15786,2026-10-05,CANCELED,,
2026-10-06T01:52:31Z,1578812026-10-05,15788,2026-10-05,CANCELED,,
2026-10-06T01:52:31Z,1580612026-10-05,15806,2026-10-05,CANCELED,,
2026-10-06T01:52:31Z,1580822026-10-05,15808,2026-10-05,CANCELED,,
2026-10-06T01:52:31Z,1581222026-10-05,15812,2026-10-05,CANCELED,,
2026-10-06T01:52:31Z,1581612026-10-05,15816,2026-10-05,CANCELED,,
2026-10-06T01:52:31Z,1581812026-10-05,15818,2026-10-05,CANCELED,,
2026-10-06T01:52:31Z,1582012026-10-05,15820,2026-10-05,CANCELED,,
2026-10-06T01:52:31Z,1586212026-10-05,15862,2026-10-05,CANCELED,,
2026-10-06T01:52:31Z,1586422026-10-05,15864,2026-10-05,CANCELED,,
2026-10-06T01:52:31Z,1586612026-10-05,15866,2026-10-05,CANCELED,,
2026-10-06T01:52:31Z,1586822026-10-05,15868,2026-10-05,CANCELED,,
2026-10-06T01:52:31Z,1587412026-10-05,15874,2026-10-05,CANCELED,,
2026-10-06T01:52:31Z,1587612026-10-05,15876,2026-10-05,CANCELED,,
2026-10-06T01:52:31Z,1588212026-10-05,15882,2026-10-05,CANCELED,,
2026-10-06T01:52:31Z,1588612026-10-05,15886,2026-10-05,CANCELED,,
2026-10-06T01:52:31Z,1591212026-10-05,15912,2026-10-05,CANCELED,,
2026-10-06T01:52:31Z,3091212026-10-05,30912,2026-10-05,CANCELED,,
2026-10-06T01:52:31Z,1591612026-10-05,15916,2026-10-05,CANCELED,,
2026-10-06T01:52:31Z,3091612026-10-05,30916,2026-10-05,CANCELED,,
2026-10-06T01:52:31Z,1591812026-10-05,15918,2026-10-05,CANCELED,,
2026-10-06T01:52:31Z,3091812026-10-05,30918,2026-10-05,CANCELED,,
2026-10-06T01:52:31Z,1562412026-10-05,15624,2026-10-05,CANCELED,,
2026-10-06T01:56:54Z,0043812026-10-06,00438,2026-10-06,CANCELED,,
2026-10-06T01:56:54Z,0043822026-10-06,00438,2026-10-06,CANCELED,,
2026-10-06T01:56:54Z,0043832026-10-06,00438,2026-10-06,CANCELED,,
2026-10-06T01:56:54Z,3743812026-10-05,37438,2026-10-05,CANCELED,,
2026-10-06T01:56:54Z,0238412026-10-06,02384,2026-10-06,CANCELED,,
2026-10-06T01:56:54Z,1304912026-10-05,13049,2026-10-05,CANCELED,,
2026-10-06T01:56:54Z,1309512026-10-05,13095,2026-10-05,CANCELED,,
2026-10-06T01:56:54Z,1391112026-10-05,13911,2026-10-05,CANCELED,,
2026-10-06T01:56:54Z,1502012026-10-05,15020,2026-10-05,CANCELED,,
2026-10-06T01:56:54Z,1504112026-10-05,15041,2026-10-05,CANCELED,,
2026-10-06T01:56:54Z,1504312026-10-05,15043,2026-10-05,CANCELED,,
2026-10-06T01:56:54Z,1504512026-10-05,15045,2026-10-05,CANCELED,,
2026-10-06T01:56:54Z,1504712026-10-05,15047,2026-10-05,CANCELED,,
2026-10-06T01:56:54Z,1505312026-10-05,15053,2026-10-05,CANCELED,,
2026-10-06T01:56:54Z,1505412026-10-05,15054,2026-10-05,CANCELED,,
2026-10-06T01:56:54Z,1505512026-10-05,15055,2026-10-05,CANCELED,,
2026-10-06T01:56:54Z,1521412026-10-05,15214,2026-10-05,CANCELED,,
2026-10-06T01:56:54Z,1521512026-10-05,15215,2026-10-05,CANCELED,,
2026-10-06T01:56:54Z,1521612026-10-05,15216,2026-10-05,CANCELED,,
2026-10-06T01:56:54Z,1521712026-10-05,15217,2026-10-05,CANCELED,,
2026-10-06T01:56:54Z,1521812026-10-05,15218,2026-10-05,CANCELED,,
2026-10-06T01:56:54Z,1521912026-10-05,15219,2026-10-05,CANCELED,,
2026-10-06T01:56:54Z,1522012026-10-05,15220,2026-10-05,CANCELED,,
2026-10-06T01:56:54Z,1522112026-10-05,15221,2026-10-05,CANCELED,,
2026-10-06T01:56:54Z,1522212026-10-05,15222,2026-10-05,CANCELED,,
2026-10-06T01:56:54Z,1522312026-10-05,15223,2026-10-05,CANCELED,,
2026-10-06T01:56:54Z,1522412026-10-05,15224,2026-10-05,CANCELED,,
2026-10-06T01:56:54Z,1522512026-10-05,15225,2026-10-05,CANCELED,,
2026-10-06T01:56:54Z,1570012026-10-05,15700,2026-10-05,CANCELED,,
2026-10-06T01:56:54Z,1570212026-10-05,15702,2026-10-05,CANCELED,,
2026-10-06T01:56:54Z,1572412026-10-05,15724,2026-10-05,CANCELED,,
2026-10-06T01:56:54Z,1572612026-10-05,15726,2026-10-05,CANCELED,,
2026-10-06T01:56:54Z,1572812026-10-05,15728,2026-10-05,CANCELED,,
2026-10-06T01:56:54Z,1573212026-10-05,15732,2026-10-05,CANCELED,,
2026-10-06T01:56:54Z,1573412026-10-05,15734,2026-10-05,CANCELED,,
2026-10-06T01:56:54Z,1573812026-10-05,15738,2026-10-05,CANCELED,,
2026-10-06T01:56:54Z,1578212026-10-05,15782,2026-10-05,CANCELED,,
2026-10-06T01:56:54Z,1578412026-10-05,15784,2026-10-05,CANCELED,,
2026-10-06T01:56:54Z,1578612026-10-05,15786,2026-10-05,CANCELED,,
2026-10-06T01:56:54Z,1578812026-10-05,15788,2026-10-05,CANCELED,,
2026-10-06T01:56:54Z,1580612026-10-05,15806,2026-10-05,CANCELED,,
2026-10-06T01:56:54Z,1580822026-10-05,15808,2026-10-05,CANCELED,,
2026-10-06T01:56:54Z,1581222026-10-05,15812,2026-10-05,CANCELED,,
2026-10-06T01:56:54Z,1581612026-10-05,15816,2026-10-05,CANCELED,,
2026-10-06T01:56:54Z,1581812026-10-05,15818,2026-10-05,CANCELED,,
2026-10-06T01:56:54Z,1582012026-10-05,15820,2026-10-05,CANCELED,,
2026-10-06T01:56:54Z,1586212026-10-05,15862,2026-10-05,CANCELED,,
2026-10-06T01:56:54Z,1586422026-10-05,15864,2026-10-05,CANCELED,,
2026-10-06T01:56:54Z,1586612026-10-05,15866,2026-10-05,CANCELED,,
2026-10-06T01:56:54Z,1586822026-10-05,15868,2026-10-05,CANCELED,,
2026-10-06T01:56:54Z,1587412026-10-05,15874,2026-10-05,CANCELED,,
2026-10-06T01:56:54Z,1587612026-10-05,15876,2026-10-05,CANCELED,,
2026-10-06T01:56:54Z,1588212026-10-05,15882,2026-10-05,CANCELED,,
2026-10-06T01:56:54Z,1588612026-10-05,15886,2026-10-05,CANCELED,,
2026-10-06T01:56:54Z,1591212026-10-05,15912,2026-10-05,CANCELED,,
2026-10-06T01:56:54Z,3091212026-10-05,30912,2026-10-05,CANCELED,,
2026-10-06T01:56:54Z,1591612026-10-05,15916,2026-10-05,CANCELED,,
2026-10-06T01:56:54Z,3091612026-10-05,30916,2026-10-05,CANCELED,,
2026-10-06T01:56:54Z,1591812026-10-05,15918,2026-10-05,CANCELED,,
2026-10-06T01:56:54Z,3091812026-10-05,30918,2026-10-05,CANCELED,,
2026-10-06T01:56:54Z,1562412026-10-05,15624,2026-10-05,CANCELED,,
2026-10-06T02:02:32Z,0043812026-10-06,00438,2026-10-06,CANCELED,,
2026-10-06T02:02:32Z,0043822026-10-06,00438,2026-10-06,CANCELED,,
2026-10-06T02:02:32Z,0043832026-10-06,00438,2026-10-06,CANCELED,,
2026-10-06T02:02:32Z,3743812026-10-05,37438,2026-10-05,CANCELED,,
2026-10-06T02:02:32Z,0238412026-10-06,02384,2026-10-06,CANCELED,,
2026-10-06T02:02:32Z,1304912026-10-05,13049,2026-10-05,CANCELED,,
2026-10-06T02:02:32Z,1309512026-10-05,13095,2026-10-05,CANCELED,,
2026-10-06T02:02:32Z,1391112026-10-05,13911,2026-10-05,CANCELED,,
2026-10-06T02:02:32Z,1502012026-10-05,15020,2026-10-05,CANCELED,,
2026-10-06T02:02:32Z,1504112026-10-05,15041,2026-10-05,CANCELED,,
2026-10-06T02:02:32Z,1504312026-10-05,15043,2026-10-05,CANCELED,,
2026-10-06T02:02:32Z,1504512026-10-05,15045,2026-10-05,CANCELED,,
2026-10-06T02:02:32Z,1504712026-10-05,15047,2026-10-05,CANCELED,,
2026-10-06T02:02:32Z,1505312026-10-05,15053,2026-10-05,CANCELED,,
2026-10-06T02:02:32Z,1505412026-10-05,15054,2026-10-05,CANCELED,,
2026-10-06T02:02:32Z,1505512026-10-05,15055,2026-10-05,CANCELED,,
2026-10-06T02:02:32Z,1521412026-10-05,15214,2026-10-05,CANCELED,,
2026-10-06T02:02:32Z,1521512026-10-05,15215,2026-10-05,CANCELED,,
2026-10-06T02:02:32Z,1521612026-10-05,15216,2026-10-05,CANCELED,,
2026-10-06T02:02:32Z,1521712026-10-05,15217,2026-10-05,CANCELED,,
2026-10-06T02:02:32Z,1521812026-10-05,15218,2026-10-05,CANCELED,,
2026-10-06T02:02:32Z,1521912026-10-05,15219,2026-10-05,CANCELED,,
2026-10-06T02:02:32Z,1522012026-10-05,15220,2026-10-05,CANCELED,,
2026-10-06T02:02:32Z,1522112026-10-05,15221,2026-10-05,CANCELED,,
2026-10-06T02:02:32Z,1522212026-10-05,15222,2026-10-05,CANCELED,,
2026-10-06T02:02:32Z,1522312026-10-05,15223,2026-10-05,CANCELED,,
2026-10-06T02:02:32Z,1522412026-10-05,15224,2026-10-05,CANCELED,,
2026-10-06T02:02:32Z,1522512026-10-05,15225,2026-10-05,CANCELED,,
2026-10-06T02:02:32Z,1570012026-10-05,15700,2026-10-05,CANCELED,,
2026-10-06T02:02:32Z,1570212026-10-05,15702,2026-10-05,CANCELED,,
2026-10-06T02:02:32Z,1572412026-10-05,15724,2026-10-05,CANCELED,,
2026-10-06T02:02:32Z,1572612026-10-05,15726,2026-10-05,CANCELED,,
2026-10-06T02:02:32Z,1572812026-10-05,15728,2026-10-05,CANCELED,,
2026-10-06T02:02:32Z,1573212026-10-05,15732,2026-10-05,CANCELED,,
2026-10-06T02:02:32Z,1573412026-10-05,15734,2026-10-05,CANCELED,,
2026-10-06T02:02:32Z,1573812026-10-05,15738,2026-10-05,CANCELED,,
2026-10-06T02:02:32Z,1578212026-10-05,15782,2026-10-05,CANCELED,,
2026-10-06T02:02:32Z,1578412026-10-05,15784,2026-10-05,CANCELED,,
2026-10-06T02:02:32Z,1578612026-10-05,15786,2026-10-05,CANCELED,,
2026-10-06T02:02:32Z,1578812026-10-05,15788,2026-10-05,CANCELED,,
2026-10-06T02:02:32Z,1580612026-10-05,15806,2026-10-05,CANCELED,,
2026-10-06T02:02:32Z,1580822026-10-05,15808,2026-10-05,CANCELED,,
2026-10-06T02:02:32Z,1581222026-10-05,15812,2026-10-05,CANCELED,,
2026-10-06T02:02:32Z,1581612026-10-05,15816,2026-10-05,CANCELED,,
2026-10-06T02:02:32Z,1581812026-10-05,15818,2026-10-05,CANCELED,,
2026-10-06T02:02:32Z,1582012026-10-05,15820,2026-10-05,CANCELED,,
2026-10-06T02:02:32Z,1586212026-10-05,15862,2026-10-05,CANCELED,,
2026-10-06T02:02:32Z,1586422026-10-05,15864,2026-10-05,CANCELED,,
2026-10-06T02:02:32Z,1586612026-10-05,15866,2026-10-05,CANCELED,,
2026-10-06T02:02:32Z,1586822026-10-05,15868,2026-10-05,CANCELED,,
2026-10-06T02:02:32Z,1587412026-10-05,15874,2026-10-05,CANCELED,,
2026-10-06T02:02:32Z,1587612026-10-05,15876,2026-10-05,CANCELED,,
2026-10-06T02:02:32Z,1588212026-10-05,15882,2026-10-05,CANCELED,,
2026-10-06T02:02:32Z,1588612026-10-05,15886,2026-10-05,CANCELED,,
2026-10-06T02:02:32Z,1591212026-10-05,15912,2026-10-05,CANCELED,,
2026-10-06T02:02:32Z,3091212026-10-05,30912,2026-10-05,CANCELED,,
2026-10-06T02:02:32Z,1591612026-10-05,15916,2026-10-05,CANCELED,,
2026-10-06T02:02:32Z,3091612026-10-05,30916,2026-10-05,CANCELED,,
2026-10-06T02:02:32Z,1591812026-10-05,15918,2026-10-05,CANCELED,,
2026-10-06T02:02:32Z,3091812026-10-05,30918,2026-10-05,CANCELED,,
2026-10-06T02:02:32Z,1562412026-10-05,15624,2026-10-05,CANCELED,,
2026-10-06T02:06:51Z,0043812026-10-06,00438,2026-10-06,CANCELED,,
2026-10-06T02:06:51Z,0043822026-10-06,00438,2026-10-06,CANCELED,,
2026-10-06T02:06:51Z,0043832026-10-06,00438,2026-10-06,CANCELED,,
2026-10-06T02:06:51Z,3743812026-10-05,37438,2026-10-05,CANCELED,,
2026-10-06T02:06:51Z,0238412026-10-06,02384,2026-10-06,CANCELED,,
2026-10-06T02:06:51Z,1304912026-10-05,13049,2026-10-05,CANCELED,,
2026-10-06T02:06:51Z,1309512026-10-05,13095,2026-10-05,CANCELED,,
2026-10-06T02:06:51Z,1391112026-10-05,13911,2026-10-05,CANCELED,,
2026-10-06T02:06:51Z,1502012026-10-05,15020,2026-10-05,CANCELED,,
2026-10-06T02:06:51Z,1504112026-10-05,15041,2026-10-05,CANCELED,,
2026-10-06T02:06:51Z,1504312026-10-05,15043,2026-10-05,CANCELED,,
2026-10-06T02:06:51Z,1504512026-10-05,15045,2026-10-05,CANCELED,,
2026-10-06T02:06:51Z,1504712026-10-05,15047,2026-10-05,CANCELED,,
2026-10-06T02:06:51Z,1505312026-10-05,15053,2026-10-05,CANCELED,,
2026-10-06T02:06:51Z,1505412026-10-05,15054,2026-10-05,CANCELED,,
2026-10-06T02:06:51Z,1505512026-10-05,15055,2026-10-05,CANCELED,,
2026-10-06T02:06:51Z,1521412026-10-05,15214,2026-10-05,CANCELED,,
2026-10-06T02:06:51Z,1521512026-10-05,15215,2026-10-05,CANCELED,,
2026-10-06T02:06:51Z,1521612026-10-05,15216,2026-10-05,CANCELED,,
2026-10-06T02:06:51Z,1521712026-10-05,15217,2026-10-05,CANCELED,,
2026-10-06T02:06:51Z,1521812026-10-05,15218,2026-10-05,CANCELED,,
2026-10-06T02:06:51Z,1521912026-10-05,15219,2026-10-05,CANCELED,,
2026-10-06T02:06:51Z,1522012026-10-05,15220,2026-10-05,CANCELED,,
2026-10-06T02:06:51Z,1522112026-10-05,15221,2026-10-05,CANCELED,,
2026-10-06T02:06:51Z,1522212026-10-05,15222,2026-10-05,CANCELED,,
2026-10-06T02:06:51Z,1522312026-10-05,15223,2026-10-05,CANCELED,,
2026-10-06T02:06:51Z,1522412026-10-05,15224,2026-10-05,CANCELED,,
2026-10-06T02:06:51Z,1522512026-10-05,15225,2026-10-05,CANCELED,,
2026-10-06T02:06:51Z,1570012026-10-05,15700,2026-10-05,CANCELED,,
2026-10-06T02:06:51Z,1570212026-10-05,15702,2026-10-05,CANCELED,,
2026-10-06T02:06:51Z,1572412026-10-05,15724,2026-10-05,CANCELED,,
2026-10-06T02:06:51Z,1572612026-10-05,15726,2026-10-05,CANCELED,,
2026-10-06T02:06:51Z,1572812026-10-05,15728,2026-10-05,CANCELED,,
2026-10-06T02:06:51Z,1573212026-10-05,15732,2026-10-05,CANCELED,,
2026-10-06T02:06:51Z,1573412026-10-05,15734,2026-10-05,CANCELED,,
2026-10-06T02:06:51Z,1573812026-10-05,15738,2026-10-05,CANCELED,,
2026-10-06T02:06:51Z,1578212026-10-05,15782,2026-10-05,CANCELED,,
2026-10-06T02:06:51Z,1578412026-10-05,15784,2026-10-05,CANCELED,,
2026-10-06T02:06:51Z,1578612026-10-05,15786,2026-10-05,CANCELED,,
2026-10-06T02:06:51Z,1578812026-10-05,15788,2026-10-05,CANCELED,,
2026-10-06T02:06:51Z,1580612026-10-05,15806,2026-10-05,CANCELED,,
2026-10-06T02:06:51Z,1580822026-10-05,15808,2026-10-05,CANCELED,,
2026-10-06T02:06:51Z,1581222026-10-05,15812,2026-10-05,CANCELED,,
2026-10-06T02:06:51Z,1581612026-10-05,15816,2026-10-05,CANCELED,,
2026-10-06T02:06:51Z,1581812026-10-05,15818,2026-10-05,CANCELED,,
2026-10-06T02:06:51Z,1582012026-10-05,15820,2026-10-05,CANCELED,,
2026-10-06T02:06:51Z,1586212026-10-05,15862,2026-10-05,CANCELED,,
2026-10-06T02:06:51Z,1586422026-10-05,15864,2026-10-05,CANCELED,,
2026-10-06T02:06:51Z,1586612026-10-05,15866,2026-10-05,CANCELED,,
2026-10-06T02:06:51Z,1586822026-10-05,15868,2026-10-05,CANCELED,,
2026-10-06T02:06:51Z,1587412026-10-05,15874,2026-10-05,CANCELED,,
2026-10-06T02:06:51Z,1587612026-10-05,15876,2026-10-05,CANCELED,,
2026-10-06T02:06:51Z,1588212026-10-05,15882,2026-10-05,CANCELED,,
2026-10-06T02:06:51Z,1588612026-10-05,15886,2026-10-05,CANCELED,,
2026-10-06T02:06:51Z,1591212026-10-05,15912,2026-10-05,CANCELED,,
2026-10-06T02:06:51Z,3091212026-10-05,30912,2026-10-05,CANCELED,,
2026-10-06T02:06:51Z,1591612026-10-05,15916,2026-10-05,CANCELED,,
2026-10-06T02:06:51Z,3091612026-10-05,30916,2026-10-05,CANCELED,,
2026-10-06T02:06:51Z,1591812026-10-05,15918,2026-10-05,CANCELED,,
2026-10-06T02:06:51Z,3091812026-10-05,30918,2026-10-05,CANCELED,,
2026-10-06T02:06:51Z,1562412026-10-05,15624,2026-10-05,CANCELED,,
2026-10-06T02:11:57Z,0043812026-10-06,00438,2026-10-06,CANCELED,,
2026-10-06T02:11:57Z,0043822026-10-06,00438,2026-10-06,CANCELED,,
2026-10-06T02:11:57Z,0043832026-10-06,00438,2026-10-06,CANCELED,,
2026-10-06T02:11:57Z,3743812026-10-05,37438,2026-10-05,CANCELED,,
2026-10-06T02:11:57Z,0238412026-10-06,02384,2026-10-06,CANCELED,,
2026-10-06T02:11:57Z,1304912026-10-05,13049,2026-10-05,CANCELED,,
2026-10-06T02:11:57Z,1309512026-10-05,13095,2026-10-05,CANCELED,,
2026-10-06T02:11:57Z,1391112026-10-05,13911,2026-10-05,CANCELED,,
2026-10-06T02:11:57Z,1502012026-10-05,15020,2026-10-05,CANCELED,,
2026-10-06T02:11:57Z,1504112026-10-05,15041,2026-10-05,CANCELED,,
2026-10-06T02:11:57Z,1504312026-10-05,15043,2026-10-05,CANCELED,,
2026-10-06T02:11:57Z,1504512026-10-05,15045,2026-10-05,CANCELED,,
2026-10-06T02:11:57Z,1504712026-10-05,15047,2026-10-05,CANCELED,,
2026-10-06T02:11:57Z,1505312026-10-05,15053,2026-10-05,CANCELED,,
2026-10-06T02:11:57Z,1505412026-10-05,15054,2026-10-05,CANCELED,,
2026-10-06T02:11:57Z,1505512026-10-05,15055,2026-10-05,CANCELED,,
2026-10-06T02:11:57Z,1521412026-10-05,15214,2026-10-05,CANCELED,,
2026-10-06T02:11:57Z,1521512026-10-05,15215,2026-10-05,CANCELED,,
2026-10-06T02:11:57Z,1521612026-10-05,15216,2026-10-05,CANCELED,,
2026-10-06T02:11:57Z,1521712026-10-05,15217,2026-10-05,CANCELED,,
2026-10-06T02:11:57Z,1521812026-10-05,15218,2026-10-05,CANCELED,,
2026-10-06T02:11:57Z,1521912026-10-05,15219,2026-10-05,CANCELED,,
2026-10-06T02:11:57Z,1522012026-10-05,15220,2026-10-05,CANCELED,,
2026-10-06T02:11:57Z,1522112026-10-05,15221,2026-10-05,CANCELED,,
2026-10-06T02:11:57Z,1522212026-10-05,15222,2026-10-05,CANCELED,,
2026-10-06T02:11:57Z,1522312026-10-05,15223,2026-10-05,CANCELED,,
2026-10-06T02:11:57Z,1522412026-10-05,15224,2026-10-05,CANCELED,,
2026-10-06T02:11:57Z,1522512026-10-05,15225,2026-10-05,CANCELED,,
2026-10-06T02:11:57Z,1570012026-10-05,15700,2026-10-05,CANCELED,,
2026-10-06T02:11:57Z,1570212026-10-05,15702,2026-10-05,CANCELED,,
2026-10-06T02:11:57Z,1572412026-10-05,15724,2026-10-05,CANCELED,,
2026-10-06T02:11:57Z,1572612026-10-05,15726,2026-10-05,CANCELED,,
2026-10-06T02:11:57Z,1572812026-10-05,15728,2026-10-05,CANCELED,,
2026-10-06T02:11:57Z,1573212026-10-05,15732,2026-10-05,CANCELED,,
2026-10-06T02:11:57Z,1573412026-10-05,15734,2026-10-05,CANCELED,,
2026-10-06T02:11:57Z,1573812026-10-05,15738,2026-10-05,CANCELED,,
2026-10-06T02:11:57Z,1578212026-10-05,15782,2026-10-05,CANCELED,,
2026-10-06T02:11:57Z,1578412026-10-05,15784,2026-10-05,CANCELED,,
2026-10-06T02:11:57Z,1578612026-10-05,15786,2026-10-05,CANCELED,,
2026-10-06T02:11:57Z,1578812026-10-05,15788,2026-10-05,CANCELED,,
2026-10-06T02:11:57Z,1580612026-10-05,15806,2026-10-05,CANCELED,,
2026-10-06T02:11:57Z,1580822026-10-05,15808,2026-10-05,CANCELED,,
2026-10-06T02:11:57Z,1581222026-10-05,15812,2026-10-05,CANCELED,,
2026-10-06T02:11:57Z,1581612026-10-05,15816,2026-10-05,CANCELED,,
2026-10-06T02:11:57Z,1581812026-10-05,15818,2026-10-05,CANCELED,,
2026-10-06T02:11:57Z,1582012026-10-05,15820,2026-10-05,CANCELED,,
2026-10-06T02:11:57Z,1586212026-10-05,15862,2026-10-05,CANCELED,,
2026-10-06T02:11:57Z,1586422026-10-05,15864,2026-10-05,CANCELED,,
2026-10-06T02:11:57Z,1586612026-10-05,15866,2026-10-05,CANCELED,,
2026-10-06T02:11:57Z,1586822026-10-05,15868,2026-10-05,CANCELED,,
2026-10-06T02:11:57Z,1587412026-10-05,15874,2026-10-05,CANCELED,,
2026-10-06T02:11:57Z,1587612026-10-05,15876,2026-10-05,CANCELED,,
2026-10-06T02:11:57Z,1588212026-10-05,15882,2026-10-05,CANCELED,,
2026-10-06T02:11:57Z,1588612026-10-05,15886,2026-10-05,CANCELED,,
2026-10-06T02:11:57Z,1591212026-10-05,15912,2026-10-05,CANCELED,,
2026-10-06T02:11:57Z,3091212026-10-05,30912,2026-10-05,CANCELED,,
2026-10-06T02:11:57Z,1591612026-10-05,15916,2026-10-05,CANCELED,,
2026-10-06T02:11:57Z,3091612026-10-05,30916,2026-10-05,CANCELED,,
2026-10-06T02:11:57Z,1591812026-10-05,15918,2026-10-05,CANCELED,,
2026-10-06T02:11:57Z,3091812026-10-05,30918,2026-10-05,CANCELED,,
2026-10-06T02:11:57Z,1562412026-10-05,15624,2026-10-05,CANCELED,,
2026-10-06T02:17:00Z,0043812026-10-06,00438,2026-10-06,CANCELED,,
2026-10-06T02:17:00Z,0043822026-10-06,00438,2026-10-06,CANCELED,,
2026-10-06T02:17:00Z,0043832026-10-06,00438,2026-10-06,CANCELED,,
2026-10-06T02:17:00Z,3743812026-10-05,37438,2026-10-05,CANCELED,,
2026-10-06T02:17:00Z,0238412026-10-06,02384,2026-10-06,CANCELED,,
2026-10-06T02:17:00Z,1304912026-10-05,13049,2026-10-05,CANCELED,,
2026-10-06T02:17:00Z,1309512026-10-05,13095,2026-10-05,CANCELED,,
2026-10-06T02:17:00Z,1391112026-10-05,13911,2026-10-05,CANCELED,,
2026-10-06T02:17:00Z,1502012026-10-05,15020,2026-10-05,CANCELED,,
2026-10-06T02:17:00Z,1504112026-10-05,15041,2026-10-05,CANCELED,,
2026-10-06T02:17:00Z,1504312026-10-05,15043,2026-10-05,CANCELED,,
2026-10-06T02:17:00Z,1504512026-10-05,15045,2026-10-05,CANCELED,,
2026-10-06T02:17:00Z,1504712026-10-05,15047,2026-10-05,CANCELED,,
2026-10-06T02:17:00Z,1505312026-10-05,15053,2026-10-05,CANCELED,,
2026-10-06T02:17:00Z,1505412026-10-05,15054,2026-10-05,CANCELED,,
2026-10-06T02:17:00Z,1505512026-10-05,15055,2026-10-05,CANCELED,,
2026-10-06T02:17:00Z,1521412026-10-05,15214,2026-10-05,CANCELED,,
2026-10-06T02:17:00Z,1521512026-10-05,15215,2026-10-05,CANCELED,,
2026-10-06T02:17:00Z,1521612026-10-05,15216,2026-10-05,CANCELED,,
2026-10-06T02:17:00Z,1521712026-10-05,15217,2026-10-05,CANCELED,,
2026-10-06T02:17:00Z,1521812026-10-05,15218,2026-10-05,CANCELED,,
2026-10-06T02:17:00Z,1521912026-10-05,15219,2026-10-05,CANCELED,,
2026-10-06T02:17:00Z,1522012026-10-05,15220,2026-10-05,CANCELED,,
2026-10-06T02:17:00Z,1522112026-10-05,15221,2026-10-05,CANCELED,,
2026-10-06T02:17:00Z,1522212026-10-05,15222,2026-10-05,CANCELED,,
2026-10-06T02:17:00Z,1522312026-10-05,15223,2026-10-05,CANCELED,,
2026-10-06T02:17:00Z,1522412026-10-05,15224,2026-10-05,CANCELED,,
2026-10-06T02:17:00Z,1522512026-10-05,15225,2026-10-05,CANCELED,,
2026-10-06T02:17:00Z,1570012026-10-05,15700,2026-10-05,CANCELED,,
2026-10-06T02:17:00Z,1570212026-10-05,15702,2026-10-05,CANCELED,,
2026-10-06T02:17:00Z,1572412026-10-05,15724,2026-10-05,CANCELED,,
2026-10-06T02:17:00Z,1572612026-10-05,15726,2026-10-05,CANCELED,,
2026-10-06T02:17:00Z,1572812026-10-05,15728,2026-10-05,CANCELED,,
2026-10-06T02:17:00Z,1573212026-10-05,15732,2026-10-05,CANCELED,,
2026-10-06T02:17:00Z,1573412026-10-05,15734,2026-10-05,CANCELED,,
2026-10-06T02:17:00Z,1573812026-10-05,15738,2026-10-05,CANCELED,,
2026-10-06T02:17:00Z,1578212026-10-05,15782,2026-10-05,CANCELED,,
2026-10-06T02:17:00Z,1578412026-10-05,15784,2026-10-05,CANCELED,,
2026-10-06T02:17:00Z,1578612026-10-05,15786,2026-10-05,CANCELED,,
2026-10-06T02:17:00Z,1578812026-10-05,15788,2026-10-05,CANCELED,,
2026-10-06T02:17:00Z,1580612026-10-05,15806,2026-10-05,CANCELED,,
2026-10-06T02:17:00Z,1580822026-10-05,15808,2026-10-05,CANCELED,,
2026-10-06T02:17:00Z,1581222026-10-05,15812,2026-10-05,CANCELED,,
2026-10-06T02:17:00Z,1581612026-10-05,15816,2026-10-05,CANCELED,,
2026-10-06T02:17:00Z,1581812026-10-05,15818,2026-10-05,CANCELED,,
2026-10-06T02:17:00Z,1582012026-10-05,15820,2026-10-05,CANCELED,,
2026-10-06T02:17:00Z,1586212026-10-05,15862,2026-10-05,CANCELED,,
2026-10-06T02:17:00Z,1586422026-10-05,15864,2026-10-05,CANCELED,,
2026-10-06T02:17:00Z,1586612026-10-05,15866,2026-10-05,CANCELED,,
2026-10-06T02:17:00Z,1586822026-10-05,15868,2026-10-05,CANCELED,,
2026-10-06T02:17:00Z,1587412026-10-05,15874,2026-10-05,CANCELED,,
2026-10-06T02:17:00Z,1587612026-10-05,15876,2026-10-05,CANCELED,,
2026-10-06T02:17:00Z,1588212026-10-05,15882,2026-10-05,CANCELED,,
2026-10-06T02:17:00Z,1588612026-10-05,15886,2026-10-05,CANCELED,,
2026-10-06T02:17:00Z,1591212026-10-05,15912,2026-10-05,CANCELED,,
2026-10-06T02:17:00Z,3091212026-10-05,30912,2026-10-05,CANCELED,,
2026-10-06T02:17:00Z,1591612026-10-05,15916,2026-10-05,CANCELED,,
2026-10-06T02:17:00Z,3091612026-10-05,30916,2026-10-05,CANCELED,,
2026-10-06T02:17:00Z,1591812026-10-05,15918,2026-10-05,CANCELED,,
2026-10-06T02:17:00Z,3091812026-10-05,30918,2026-10-05,CANCELED,,
2026-10-06T02:17:00Z,1562412026-10-05,15624,2026-10-05,CANCELED,,
2026-10-06T02:21:58Z,0043812026-10-06,00438,2026-10-06,CANCELED,,
2026-10-06T02:21:58Z,0043822026-10-06,00438,2026-10-06,CANCELED,,
2026-10-06T02:21:58Z,0043832026-10-06,00438,2026-10-06,CANCELED,,
2026-10-06T02:21:58Z,3743812026-10-05,37438,2026-10-05,CANCELED,,
2026-10-06T02:21:58Z,0238412026-10-06,02384,2026-10-06,CANCELED,,
2026-10-06T02:21:58Z,1304912026-10-05,13049,2026-10-05,CANCELED,,
2026-10-06T02:21:58Z,1309512026-10-05,13095,2026-10-05,CANCELED,,
2026-10-06T02:21:58Z,1391112026-10-05,13911,2026-10-05,CANCELED,,
2026-10-06T02:21:58Z,1502012026-10-05,15020,2026-10-05,CANCELED,,
2026-10-06T02:21:58Z,1504112026-10-05,15041,2026-10-05,CANCELED,,
2026-10-06T02:21:58Z,1504312026-10-05,15043,2026-10-05,CANCELED,,
2026-10-06T02:21:58Z,1504512026-10-05,15045,2026-10-05,CANCELED,,
2026-10-06T02:21:58Z,1504712026-10-05,15047,2026-10-05,CANCELED,,
2026-10-06T02:21:58Z,1505312026-10-05,15053,2026-10-05,CANCELED,,
2026-10-06T02:21:58Z,1505412026-10-05,15054,2026-10-05,CANCELED,,
2026-10-06T02:21:58Z,1505512026-10-05,15055,2026-10-05,CANCELED,,
2026-10-06T02:21:58Z,1521412026-10-05,15214,2026-10-05,CANCELED,,
2026-10-06T02:21:58Z,1521512026-10-05,15215,2026-10-05,CANCELED,,
2026-10-06T02:21:58Z,1521612026-10-05,15216,2026-10-05,CANCELED,,
2026-10-06T02:21:58Z,1521712026-10-05,15217,2026-10-05,CANCELED,,
2026-10-06T02:21:58Z,1521812026-10-05,15218,2026-10-05,CANCELED,,
2026-10-06T02:21:58Z,1521912026-10-05,15219,2026-10-05,CANCELED,,
2026-10-06T02:21:58Z,1522012026-10-05,15220,2026-10-05,CANCELED,,
2026-10-06T02:21:58Z,1522112026-10-05,15221,2026-10-05,CANCELED,,
2026-10-06T02:21:58Z,1522212026-10-05,15222,2026-10-05,CANCELED,,
2026-10-06T02:21:58Z,1522312026-10-05,15223,2026-10-05,CANCELED,,
2026-10-06T02:21:58Z,1522412026-10-05,15224,2026-10-05,CANCELED,,
2026-10-06T02:21:58Z,1522512026-10-05,15225,2026-10-05,CANCELED,,
2026-10-06T02:21:58Z,1570012026-10-05,15700,2026-10-05,CANCELED,,
2026-10-06T02:21:58Z,1570212026-10-05,15702,2026-10-05,CANCELED,,
2026-10-06T02:21:58Z,1572412026-10-05,15724,2026-10-05,CANCELED,,
2026-10-06T02:21:58Z,1572612026-10-05,15726,2026-10-05,CANCELED,,
2026-10-06T02:21:58Z,1572812026-10-05,15728,2026-10-05,CANCELED,,
2026-10-06T02:21:58Z,1573212026-10-05,15732,2026-10-05,CANCELED,,
2026-10-06T02:21:58Z,1573412026-10-05,15734,2026-10-05,CANCELED,,
2026-10-06T02:21:58Z,1573812026-10-05,15738,2026-10-05,CANCELED,,
2026-10-06T02:21:58Z,1578212026-10-05,15782,2026-10-05,CANCELED,,
2026-10-06T02:21:58Z,1578412026-10-05,15784,2026-10-05,CANCELED,,
2026-10-06T02:21:58Z,1578612026-10-05,15786,2026-10-05,CANCELED,,
2026-10-06T02:21:58Z,1578812026-10-05,15788,2026-10-05,CANCELED,,
2026-10-06T02:21:58Z,1580612026-10-05,15806,2026-10-05,CANCELED,,
2026-10-06T02:21:58Z,1580822026-10-05,15808,2026-10-05,CANCELED,,
2026-10-06T02:21:58Z,1581222026-10-05,15812,2026-10-05,CANCELED,,
2026-10-06T02:21:58Z,1581612026-10-05,15816,2026-10-05,CANCELED,,
2026-10-06T02:21:58Z,1581812026-10-05,15818,2026-10-05,CANCELED,,
2026-10-06T02:21:58Z,1582012026-10-05,15820,2026-10-05,CANCELED,,
2026-10-06T02:21:58Z,1586212026-10-05,15862,2026-10-05,CANCELED,,
2026-10-06T02:21:58Z,1586422026-10-05,15864,2026-10-05,CANCELED,,
2026-10-06T02:21:58Z,1586612026-10-05,15866,2026-10-05,CANCELED,,
2026-10-06T02:21:58Z,1586822026-10-05,15868,2026-10-05,CANCELED,,
2026-10-06T02:21:58Z,1587412026-10-05,15874,2026-10-05,CANCELED,,
2026-10-06T02:21:58Z,1587612026-10-05,15876,2026-10-05,CANCELED,,
2026-10-06T02:21:58Z,1588212026-10-05,15882,2026-10-05,CANCELED,,
2026-10-06T02:21:58Z,1588612026-10-05,15886,2026-10-05,CANCELED,,
2026-10-06T02:21:58Z,1591212026-10-05,15912,2026-10-05,CANCELED,,
2026-10-06T02:21:58Z,3091212026-10-05,30912,2026-10-05,CANCELED,,
2026-10-06T02:21:58Z,1591612026-10-05,15916,2026-10-05,CANCELED,,
2026-10-06T02:21:58Z,3091612026-10-05,30916,2026-10-05,CANCELED,,
2026-10-06T02:21:58Z,1591812026-10-05,15918,2026-10-05,CANCELED,,
2026-10-06T02:21:58Z,3091812026-10-05,30918,2026-10-05,CANCELED,,
2026-10-06T02:21:58Z,1562412026-10-05,15624,2026-10-05,CANCELED,,
2026-10-06T02:26:53Z,0043812026-10-06,00438,2026-10-06,CANCELED,,
2026-10-06T02:26:53Z,0043822026-10-06,00438,2026-10-06,CANCELED,,
2026-10-06T02:26:53Z,0043832026-10-06,00438,2026-10-06,CANCELED,,
2026-10-06T02:26:53Z,3743812026-10-05,37438,2026-10-05,CANCELED,,
2026-10-06T02:26:53Z,0238412026-10-06,02384,2026-10-06,CANCELED,,
2026-10-06T02:26:53Z,1304912026-10-05,13049,2026-10-05,CANCELED,,
2026-10-06T02:26:53Z,1309512026-10-05,13095,2026-10-05,CANCELED,,
2026-10-06T02:26:53Z,1391112026-10-05,13911,2026-10-05,CANCELED,,
2026-10-06T02:26:53Z,1502012026-10-05,15020,2026-10-05,CANCELED,,
2026-10-06T02:26:53Z,1504112026-10-05,15041,2026-10-05,CANCELED,,
2026-10-06T02:26:53Z,1504312026-10-05,15043,2026-10-05,CANCELED,,
2026-10-06T02:26:53Z,1504512026-10-05,15045,2026-10-05,CANCELED,,
2026-10-06T02:26:53Z,1504712026-10-05,15047,2026-10-05,CANCELED,,
2026-10-06T02:26:53Z,1505312026-10-05,15053,2026-10-05,CANCELED,,
2026-10-06T02:26:53Z,1505412026-10-05,15054,2026-10-05,CANCELED,,
2026-10-06T02:26:53Z,1505512026-10-05,15055,2026-10-05,CANCELED,,
2026-10-06T02:26:53Z,1521412026-10-05,15214,2026-10-05,CANCELED,,
2026-10-06T02:26:53Z,1521512026-10-05,15215,2026-10-05,CANCELED,,
2026-10-06T02:26:53Z,1521612026-10-05,15216,2026-10-05,CANCELED,,
2026-10-06T02:26:53Z,1521712026-10-05,15217,2026-10-05,CANCELED,,
2026-10-06T02:26:53Z,1521812026-10-05,15218,2026-10-05,CANCELED,,
2026-10-06T02:26:53Z,1521912026-10-05,15219,2026-10-05,CANCELED,,
2026-10-06T02:26:53Z,1522012026-10-05,15220,2026-10-05,CANCELED,,
2026-10-06T02:26:53Z,1522112026-10-05,15221,2026-10-05,CANCELED,,
2026-10-06T02:26:53Z,1522212026-10-05,15222,2026-10-05,CANCELED,,
2026-10-06T02:26:53Z,1522312026-10-05,15223,2026-10-05,CANCELED,,
2026-10-06T02:26:53Z,1522412026-10-05,15224,2026-10-05,CANCELED,,
2026-10-06T02:26:53Z,1522512026-10-05,15225,2026-10-05,CANCELED,,
2026-10-06T02:26:53Z,1570012026-10-05,15700,2026-10-05,CANCELED,,
2026-10-06T02:26:53Z,1570212026-10-05,15702,2026-10-05,CANCELED,,
2026-10-06T02:26:53Z,1572412026-10-05,15724,2026-10-05,CANCELED,,
2026-10-06T02:26:53Z,1572612026-10-05,15726,2026-10-05,CANCELED,,
2026-10-06T02:26:53Z,1572812026-10-05,15728,2026-10-05,CANCELED,,
2026-10-06T02:26:53Z,1573212026-10-05,15732,2026-10-05,CANCELED,,
2026-10-06T02:26:53Z,1573412026-10-05,15734,2026-10-05,CANCELED,,
2026-10-06T02:26:53Z,1573812026-10-05,15738,2026-10-05,CANCELED,,
2026-10-06T02:26:53Z,1578212026-10-05,15782,2026-10-05,CANCELED,,
2026-10-06T02:26:53Z,1578412026-10-05,15784,2026-10-05,CANCELED,,
2026-10-06T02:26:53Z,1578612026-10-05,15786,2026-10-05,CANCELED,,
2026-10-06T02:26:53Z,1578812026-10-05,15788,2026-10-05,CANCELED,,
2026-10-06T02:26:53Z,1580612026-10-05,15806,2026-10-05,CANCELED,,
2026-10-06T02:26:53Z,1580822026-10-05,15808,2026-10-05,CANCELED,,
2026-10-06T02:26:53Z,1581222026-10-05,15812,2026-10-05,CANCELED,,
2026-10-06T02:26:53Z,1581612026-10-05,15816,2026-10-05,CANCELED,,
2026-10-06T02:26:53Z,1581812026-10-05,15818,2026-10-05,CANCELED,,
2026-10-06T02:26:53Z,1582012026-10-05,15820,2026-10-05,CANCELED,,
2026-10-06T02:26:53Z,1586212026-10-05,15862,2026-10-05,CANCELED,,
2026-10-06T02:26:53Z,1586422026-10-05,15864,2026-10-05,CANCELED,,
2026-10-06T02:26:53Z,1586612026-10-05,15866,2026-10-05,CANCELED,,
2026-10-06T02:26:53Z,1586822026-10-05,15868,2026-10-05,CANCELED,,
2026-10-06T02:26:53Z,1587412026-10-05,15874,2026-10-05,CANCELED,,
2026-10-06T02:26:53Z,1587612026-10-05,15876,2026-10-05,CANCELED,,
2026-10-06T02:26:53Z,1588212026-10-05,15882,2026-10-05,CANCELED,,
2026-10-06T02:26:53Z,1588612026-10-05,15886,2026-10-05,CANCELED,,
2026-10-06T02:26:53Z,1591212026-10-05,15912,2026-10-05,CANCELED,,
2026-10-06T02:26:53Z,3091212026-10-05,30912,2026-10-05,CANCELED,,
2026-10-06T02:26:53Z,1591612026-10-05,15916,2026-10-05,CANCELED,,
2026-10-06T02:26:53Z,3091612026-10-05,30916,2026-10-05,CANCELED,,
2026-10-06T02:26:53Z,1591812026-10-05,15918,2026-10-05,CANCELED,,
2026-10-06T02:26:53Z,3091812026-10-05,30918,2026-10-05,CANCELED,,
2026-10-06T02:26:53Z,1562412026-10-05,15624,2026-10-05,CANCELED,,
2026-10-06T02:32:09Z,0043812026-10-06,00438,2026-10-06,CANCELED,,
2026-10-06T02:32:09Z,0043822026-10-06,00438,2026-10-06,CANCELED,,
2026-10-06T02:32:09Z,0043832026-10-06,00438,2026-10-06,CANCELED,,
2026-10-06T02:32:09Z,3743812026-10-05,37438,2026-10-05,CANCELED,,
2026-10-06T02:32:09Z,0238412026-10-06,02384,2026-10-06,CANCELED,,
2026-10-06T02:32:09Z,1304912026-10-05,13049,2026-10-05,CANCELED,,
2026-10-06T02:32:09Z,1309512026-10-05,13095,2026-10-05,CANCELED,,
2026-10-06T02:32:09Z,1391112026-10-05,13911,2026-10-05,CANCELED,,
2026-10-06T02:32:09Z,1502012026-10-05,15020,2026-10-05,CANCELED,,
2026-10-06T02:32:09Z,1504112026-10-05,15041,2026-10-05,CANCELED,,
2026-10-06T02:32:09Z,1504512026-10-05,15045,2026-10-05,CANCELED,,
2026-10-06T02:32:09Z,1504712026-10-05,15047,2026-10-05,CANCELED,,
2026-10-06T02:32:09Z,1505312026-10-05,15053,2026-10-05,CANCELED,,
2026-10-06T02:32:09Z,1505412026-10-05,15054,2026-10-05,CANCELED,,
2026-10-06T02:32:09Z,1505512026-10-05,15055,2026-10-05,CANCELED,,
2026-10-06T02:32:09Z,1521412026-10-05,15214,2026-10-05,CANCELED,,
2026-10-06T02:32:09Z,1521512026-10-05,15215,2026-10-05,CANCELED,,
2026-10-06T02:32:09Z,1521612026-10-05,15216,2026-10-05,CANCELED,,
2026-10-06T02:32:09Z,1521712026-10-05,15217,2026-10-05,CANCELED,,
2026-10-06T02:32:09Z,1521812026-10-05,15218,2026-10-05,CANCELED,,
2026-10-06T02:32:09Z,1521912026-10-05,15219,2026-10-05,CANCELED,,
2026-10-06T02:32:09Z,1522012026-10-05,15220,2026-10-05,CANCELED,,
2026-10-06T02:32:09Z,1522112026-10-05,15221,2026-10-05,CANCELED,,
2026-10-06T02:32:09Z,1522212026-10-05,15222,2026-10-05,CANCELED,,
2026-10-06T02:32:09Z,1522312026-10-05,15223,2026-10-05,CANCELED,,
2026-10-06T02:32:09Z,1522412026-10-05,15224,2026-10-05,CANCELED,,
2026-10-06T02:32:09Z,1522512026-10-05,15225,2026-10-05,CANCELED,,
2026-10-06T02:32:09Z,1570012026-10-05,15700,2026-10-05,CANCELED,,
2026-10-06T02:32:09Z,1570212026-10-05,15702,2026-10-05,CANCELED,,
2026-10-06T02:32:09Z,1572412026-10-05,15724,2026-10-05,CANCELED,,
2026-10-06T02:32:09Z,1572612026-10-05,15726,2026-10-05,CANCELED,,
2026-10-06T02:32:09Z,1572812026-10-05,15728,2026-10-05,CANCELED,,
2026-10-06T02:32:09Z,1573212026-10-05,15732,2026-10-05,CANCELED,,
2026-10-06T02:32:09Z,1573412026-10-05,15734,2026-10-05,CANCELED,,
2026-10-06T02:32:09Z,1573812026-10-05,15738,2026-10-05,CANCELED,,
2026-10-06T02:32:09Z,1578212026-10-05,15782,2026-10-05,CANCELED,,
2026-10-06T02:32:09Z,1578412026-10-05,15784,2026-10-05,CANCELED,,
2026-10-06T02:32:09Z,1578612026-10-05,15786,2026-10-05,CANCELED,,
2026-10-06T02:32:09Z,1578812026-10-05,15788,2026-10-05,CANCELED,,
2026-10-06T02:32:09Z,1580612026-10-05,15806,2026-10-05,CANCELED,,
2026-10-06T02:32:09Z,1580822026-10-05,15808,2026-10-05,CANCELED,,
2026-10-06T02:32:09Z,1581222026-10-05,15812,2026-10-05,CANCELED,,
2026-10-06T02:32:09Z,1581612026-10-05,15816,2026-10-05,CANCELED,,
2026-10-06T02:32:09Z,1581812026-10-05,15818,2026-10-05,CANCELED,,
2026-10-06T02:32:09Z,1582012026-10-05,15820,2026-10-05,CANCELED,,
2026-10-06T02:32:09Z,1586212026-10-05,15862,2026-10-05,CANCELED,,
2026-10-06T02:32:09Z,1586422026-10-05,15864,2026-10-05,CANCELED,,
2026-10-06T02:32:09Z,1586612026-10-05,15866,2026-10-05,CANCELED,,
2026-10-06T02:32:09Z,1586822026-10-05,15868,2026-10-05,CANCELED,,
2026-10-06T02:32:09Z,1587412026-10-05,15874,2026-10-05,CANCELED,,
2026-10-06T02:32:09Z,1587612026-10-05,15876,2026-10-05,CANCELED,,
2026-10-06T02:32:09Z,1588212026-10-05,15882,2026-10-05,CANCELED,,
2026-10-06T02:32:09Z,1588612026-10-05,15886,2026-10-05,CANCELED,,
2026-10-06T02:32:09Z,1591212026-10-05,15912,2026-10-05,CANCELED,,
2026-10-06T02:32:09Z,3091212026-10-05,30912,2026-10-05,CANCELED,,
2026-10-06T02:32:09Z,1591612026-10-05,15916,2026-10-05,CANCELED,,
2026-10-06T02:32:09Z,3091612026-10-05,30916,2026-10-05,CANCELED,,
2026-10-06T02:32:09Z,1591812026-10-05,15918,2026-10-05,CANCELED,,
2026-10-06T02:32:09Z,3091812026-10-05,30918,2026-10-05,CANCELED,,
2026-10-06T02:32:09Z,1562412026-10-05,15624,2026-10-05,CANCELED,,
2026-10-06T02:36:51Z,0043812026-10-06,00438,2026-10-06,CANCELED,,
2026-10-06T02:36:51Z,0043822026-10-06,00438,2026-10-06,CANCELED,,
2026-10-06T02:36:51Z,0043832026-10-06,00438,2026-10-06,CANCELED,,
2026-10-06T02:36:51Z,3743812026-10-05,37438,2026-10-05,CANCELED,,
2026-10-06T02:36:51Z,0238412026-10-06,02384,2026-10-06,CANCELED,,
2026-10-06T02:36:51Z,1304912026-10-05,13049,2026-10-05,CANCELED,,
2026-10-06T02:36:51Z,1309512026-10-05,13095,2026-10-05,CANCELED,,
2026-10-06T02:36:51Z,1391112026-10-05,13911,2026-10-05,CANCELED,,
2026-10-06T02:36:51Z,1502012026-10-05,15020,2026-10-05,CANCELED,,
2026-10-06T02:36:51Z,1504112026-10-05,15041,2026-10-05,CANCELED,,
2026-10-06T02:36:51Z,1504512026-10-05,15045,2026-10-05,CANCELED,,
2026-10-06T02:36:51Z,1504712026-10-05,15047,2026-10-05,CANCELED,,
2026-10-06T02:36:51Z,1505312026-10-05,15053,2026-10-05,CANCELED,,
2026-10-06T02:36:51Z,1505412026-10-05,15054,2026-10-05,CANCELED,,
2026-10-06T02:36:51Z,1505512026-10-05,15055,2026-10-05,CANCELED,,
2026-10-06T02:36:51Z,1521412026-10-05,15214,2026-10-05,CANCELED,,
2026-10-06T02:36:51Z,1521512026-10-05,15215,2026-10-05,CANCELED,,
2026-10-06T02:36:51Z,1521612026-10-05,15216,2026-10-05,CANCELED,,
2026-10-06T02:36:51Z,1521712026-10-05,15217,2026-10-05,CANCELED,,
2026-10-06T02:36:51Z,1521812026-10-05,15218,2026-10-05,CANCELED,,
2026-10-06T02:36:51Z,1521912026-10-05,15219,2026-10-05,CANCELED,,
2026-10-06T02:36:51Z,1522012026-10-05,15220,2026-10-05,CANCELED,,
2026-10-06T02:36:51Z,1522112026-10-05,15221,2026-10-05,CANCELED,,
2026-10-06T02:36:51Z,1522212026-10-05,15222,2026-10-05,CANCELED,,
2026-10-06T02:36:51Z,1522312026-10-05,15223,2026-10-05,CANCELED,,
2026-10-06T02:36:51Z,1522412026-10-05,15224,2026-10-05,CANCELED,,
2026-10-06T02:36:51Z,1522512026-10-05,15225,2026-10-05,CANCELED,,
2026-10-06T02:36:51Z,1570012026-10-05,15700,2026-10-05,CANCELED,,
2026-10-06T02:36:51Z,1570212026-10-05,15702,2026-10-05,CANCELED,,
2026-10-06T02:36:51Z,1572412026-10-05,15724,2026-10-05,CANCELED,,
2026-10-06T02:36:51Z,1572612026-10-05,15726,2026-10-05,CANCELED,,
2026-10-06T02:36:51Z,1572812026-10-05,15728,2026-10-05,CANCELED,,
2026-10-06T02:36:51Z,1573212026-10-05,15732,2026-10-05,CANCELED,,
2026-10-06T02:36:51Z,1573412026-10-05,15734,2026-10-05,CANCELED,,
2026-10-06T02:36:51Z,1573812026-10-05,15738,2026-10-05,CANCELED,,
2026-10-06T02:36:51Z,1578212026-10-05,15782,2026-10-05,CANCELED,,
2026-10-06T02:36:51Z,1578412026-10-05,15784,2026-10-05,CANCELED,,
2026-10-06T02:36:51Z,1578612026-10-05,15786,2026-10-05,CANCELED,,
2026-10-06T02:36:51Z,1578812026-10-05,15788,2026-10-05,CANCELED,,
2026-10-06T02:36:51Z,1580612026-10-05,15806,2026-10-05,CANCELED,,
2026-10-06T02:36:51Z,1580822026-10-05,15808,2026-10-05,CANCELED,,
2026-10-06T02:36:51Z,1581222026-10-05,15812,2026-10-05,CANCELED,,
2026-10-06T02:36:51Z,1581612026-10-05,15816,2026-10-05,CANCELED,,
2026-10-06T02:36:51Z,1581812026-10-05,15818,2026-10-05,CANCELED,,
2026-10-06T02:36:51Z,1582012026-10-05,15820,2026-10-05,CANCELED,,
2026-10-06T02:36:51Z,1586212026-10-05,15862,2026-10-05,CANCELED,,
2026-10-06T02:36:51Z,1586422026-10-05,15864,2026-10-05,CANCELED,,
2026-10-06T02:36:51Z,1586612026-10-05,15866,2026-10-05,CANCELED,,
2026-10-06T02:36:51Z,1586822026-10-05,15868,2026-10-05,CANCELED,,
2026-10-06T02:36:51Z,1587412026-10-05,15874,2026-10-05,CANCELED,,
2026-10-06T02:36:51Z,1587612026-10-05,15876,2026-10-05,CANCELED,,
2026-10-06T02:36:51Z,1588212026-10-05,15882,2026-10-05,CANCELED,,
2026-10-06T02:36:51Z,1588612026-10-05,15886,2026-10-05,CANCELED,,
2026-10-06T02:36:51Z,1591212026-10-05,15912,2026-10-05,CANCELED,,
2026-10-06T02:36:51Z,3091212026-10-05,30912,2026-10-05,CANCELED,,
2026-10-06T02:36:51Z,1591612026-10-05,15916,2026-10-05,CANCELED,,
2026-10-06T02:36:51Z,3091612026-10-05,30916,2026-10-05,CANCELED,,
2026-10-06T02:36:51Z,1591812026-10-05,15918,2026-10-05,CANCELED,,
2026-10-06T02:36:51Z,3091812026-10-05,30918,2026-10-05,CANCELED,,
2026-10-06T02:36:51Z,1562412026-10-05,15624,2026-10-05,CANCELED,,
2026-10-06T02:41:57Z,0043812026-10-06,00438,2026-10-06,CANCELED,,
2026-10-06T02:41:57Z,0043822026-10-06,00438,2026-10-06,CANCELED,,
2026-10-06T02:41:57Z,0043832026-10-06,00438,2026-10-06,CANCELED,,
2026-10-06T02:41:57Z,3743812026-10-05,37438,2026-10-05,CANCELED,,
2026-10-06T02:41:57Z,0238412026-10-06,02384,2026-10-06,CANCELED,,
2026-10-06T02:41:57Z,1304912026-10-05,13049,2026-10-05,CANCELED,,
2026-10-06T02:41:57Z,1309512026-10-05,13095,2026-10-05,CANCELED,,
2026-10-06T02:41:57Z,1391112026-10-05,13911,2026-10-05,CANCELED,,
2026-10-06T02:41:57Z,1502012026-10-05,15020,2026-10-05,CANCELED,,
2026-10-06T02:41:57Z,1504112026-10-05,15041,2026-10-05,CANCELED,,
2026-10-06T02:41:57Z,1504512026-10-05,15045,2026-10-05,CANCELED,,
2026-10-06T02:41:57Z,1504712026-10-05,15047,2026-10-05,CANCELED,,
2026-10-06T02:41:57Z,1505312026-10-05,15053,2026-10-05,CANCELED,,
2026-10-06T02:41:57Z,1505412026-10-05,15054,2026-10-05,CANCELED,,
2026-10-06T02:41:57Z,1505512026-10-05,15055,2026-10-05,CANCELED,,
2026-10-06T02:41:57Z,1521412026-10-05,15214,2026-10-05,CANCELED,,
2026-10-06T02:41:57Z,1521512026-10-05,15215,2026-10-05,CANCELED,,
2026-10-06T02:41:57Z,1521612026-10-05,15216,2026-10-05,CANCELED,,
2026-10-06T02:41:57Z,1521712026-10-05,15217,2026-10-05,CANCELED,,
2026-10-06T02:41:57Z,1521812026-10-05,15218,2026-10-05,CANCELED,,
2026-10-06T02:41:57Z,1521912026-10-05,15219,2026-10-05,CANCELED,,
2026-10-06T02:41:57Z,1522012026-10-05,15220,2026-10-05,CANCELED,,
2026-10-06T02:41:57Z,1522112026-10-05,15221,2026-10-05,CANCELED,,
2026-10-06T02:41:57Z,1522212026-10-05,15222,2026-10-05,CANCELED,,
2026-10-06T02:41:57Z,1522312026-10-05,15223,2026-10-05,CANCELED,,
2026-10-06T02:41:57Z,1522412026-10-05,15224,2026-10-05,CANCELED,,
2026-10-06T02:41:57Z,1522512026-10-05,15225,2026-10-05,CANCELED,,
2026-10-06T02:41:57Z,1570012026-10-05,15700,2026-10-05,CANCELED,,
2026-10-06T02:41:57Z,1570212026-10-05,15702,2026-10-05,CANCELED,,
2026-10-06T02:41:57Z,1572412026-10-05,15724,2026-10-05,CANCELED,,
2026-10-06T02:41:57Z,1572612026-10-05,15726,2026-10-05,CANCELED,,
2026-10-06T02:41:57Z,1572812026-10-05,15728,2026-10-05,CANCELED,,
2026-10-06T02:41:57Z,1573212026-10-05,15732,2026-10-05,CANCELED,,
2026-10-06T02:41:57Z,1573412026-10-05,15734,2026-10-05,CANCELED,,
2026-10-06T02:41:57Z,1573812026-10-05,15738,2026-10-05,CANCELED,,
2026-10-06T02:41:57Z,1578212026-10-05,15782,2026-10-05,CANCELED,,
2026-10-06T02:41:57Z,1578412026-10-05,15784,2026-10-05,CANCELED,,
2026-10-06T02:41:57Z,1578612026-10-05,15786,2026-10-05,CANCELED,,
2026-10-06T02:41:57Z,1578812026-10-05,15788,2026-10-05,CANCELED,,
2026-10-06T02:41:57Z,1580612026-10-05,15806,2026-10-05,CANCELED,,
2026-10-06T02:41:57Z,1580822026-10-05,15808,2026-10-05,CANCELED,,
2026-10-06T02:41:57Z,1581222026-10-05,15812,2026-10-05,CANCELED,,
2026-10-06T02:41:57Z,1581612026-10-05,15816,2026-10-05,CANCELED,,
2026-10-06T02:41:57Z,1581812026-10-05,15818,2026-10-05,CANCELED,,
2026-10-06T02:41:57Z,1582012026-10-05,15820,2026-10-05,CANCELED,,
2026-10-06T02:41:57Z,1586212026-10-05,15862,2026-10-05,CANCELED,,
2026-10-06T02:41:57Z,1586422026-10-05,15864,2026-10-05,CANCELED,,
2026-10-06T02:41:57Z,1586612026-10-05,15866,2026-10-05,CANCELED,,
2026-10-06T02:41:57Z,1586822026-10-05,15868,2026-10-05,CANCELED,,
2026-10-06T02:41:57Z,1587412026-10-05,15874,2026-10-05,CANCELED,,
2026-10-06T02:41:57Z,1587612026-10-05,15876,2026-10-05,CANCELED,,
2026-10-06T02:41:57Z,1588212026-10-05,15882,2026-10-05,CANCELED,,
2026-10-06T02:41:57Z,1588612026-10-05,15886,2026-10-05,CANCELED,,
2026-10-06T02:41:57Z,1591212026-10-05,15912,2026-10-05,CANCELED,,
2026-10-06T02:41:57Z,3091212026-10-05,30912,2026-10-05,CANCELED,,
2026-10-06T02:41:57Z,1591612026-10-05,15916,2026-10-05,CANCELED,,
2026-10-06T02:41:57Z,3091612026-10-05,30916,2026-10-05,CANCELED,,
2026-10-06T02:41:57Z,1591812026-10-05,15918,2026-10-05,CANCELED,,
2026-10-06T02:41:57Z,3091812026-10-05,30918,2026-10-05,CANCELED,,
2026-10-06T02:41:57Z,1562412026-10-05,15624,2026-10-05,CANCELED,,
2026-10-06T02:47:04Z,0043812026-10-06,00438,2026-10-06,CANCELED,,
2026-10-06T02:47:04Z,0043822026-10-06,00438,2026-10-06,CANCELED,,
2026-10-06T02:47:04Z,0043832026-10-06,00438,2026-10-06,CANCELED,,
2026-10-06T02:47:04Z,3743812026-10-05,37438,2026-10-05,CANCELED,,
2026-10-06T02:47:04Z,0238412026-10-06,02384,2026-10-06,CANCELED,,
2026-10-06T02:47:04Z,1304912026-10-05,13049,2026-10-05,CANCELED,,
2026-10-06T02:47:04Z,1309512026-10-05,13095,2026-10-05,CANCELED,,
2026-10-06T02:47:04Z,1391112026-10-05,13911,2026-10-05,CANCELED,,
2026-10-06T02:47:04Z,1502012026-10-05,15020,2026-10-05,CANCELED,,
2026-10-06T02:47:04Z,1504112026-10-05,15041,2026-10-05,CANCELED,,
2026-10-06T02:47:04Z,1504512026-10-05,15045,2026-10-05,CANCELED,,
2026-10-06T02:47:04Z,1504712026-10-05,15047,2026-10-05,CANCELED,,
2026-10-06T02:47:04Z,1505312026-10-05,15053,2026-10-05,CANCELED,,
2026-10-06T02:47:04Z,1505412026-10-05,15054,2026-10-05,CANCELED,,
2026-10-06T02:47:04Z,1505512026-10-05,15055,2026-10-05,CANCELED,,
2026-10-06T02:47:04Z,1521412026-10-05,15214,2026-10-05,CANCELED,,
2026-10-06T02:47:04Z,1521512026-10-05,15215,2026-10-05,CANCELED,,
2026-10-06T02:47:04Z,1521612026-10-05,15216,2026-10-05,CANCELED,,
2026-10-06T02:47:04Z,1521712026-10-05,15217,2026-10-05,CANCELED,,
2026-10-06T02:47:04Z,1521812026-10-05,15218,2026-10-05,CANCELED,,
2026-10-06T02:47:04Z,1521912026-10-05,15219,2026-10-05,CANCELED,,
2026-10-06T02:47:04Z,1522012026-10-05,15220,2026-10-05,CANCELED,,
2026-10-06T02:47:04Z,1522112026-10-05,15221,2026-10-05,CANCELED,,
2026-10-06T02:47:04Z,1522212026-10-05,15222,2026-10-05,CANCELED,,
2026-10-06T02:47:04Z,1522312026-10-05,15223,2026-10-05,CANCELED,,
2026-10-06T02:47:04Z,1522412026-10-05,15224,2026-10-05,CANCELED,,
2026-10-06T02:47:04Z,1522512026-10-05,15225,2026-10-05,CANCELED,,
2026-10-06T02:47:04Z,1570012026-10-05,15700,2026-10-05,CANCELED,,
2026-10-06T02:47:04Z,1570212026-10-05,15702,2026-10-05,CANCELED,,
2026-10-06T02:47:04Z,1572412026-10-05,15724,2026-10-05,CANCELED,,
2026-10-06T02:47:04Z,1572612026-10-05,15726,2026-10-05,CANCELED,,
2026-10-06T02:47:04Z,1572812026-10-05,15728,2026-10-05,CANCELED,,
2026-10-06T02:47:04Z,1573212026-10-05,15732,2026-10-05,CANCELED,,
2026-10-06T02:47:04Z,1573412026-10-05,15734,2026-10-05,CANCELED,,
2026-10-06T02:47:04Z,1573812026-10-05,15738,2026-10-05,CANCELED,,
2026-10-06T02:47:04Z,1578212026-10-05,15782,2026-10-05,CANCELED,,
2026-10-06T02:47:04Z,1578412026-10-05,15784,2026-10-05,CANCELED,,
2026-10-06T02:47:04Z,1578612026-10-05,15786,2026-10-05,CANCELED,,
2026-10-06T02:47:04Z,1578812026-10-05,15788,2026-10-05,CANCELED,,
2026-10-06T02:47:04Z,1580612026-10-05,15806,2026-10-05,CANCELED,,
2026-10-06T02:47:04Z,1580822026-10-05,15808,2026-10-05,CANCELED,,
2026-10-06T02:47:04Z,1581222026-10-05,15812,2026-10-05,CANCELED,,
2026-10-06T02:47:04Z,1581612026-10-05,15816,2026-10-05,CANCELED,,
2026-10-06T02:47:04Z,1581812026-10-05,15818,2026-10-05,CANCELED,,
2026-10-06T02:47:04Z,1582012026-10-05,15820,2026-10-05,CANCELED,,
2026-10-06T02:47:04Z,1586212026-10-05,15862,2026-10-05,CANCELED,,
2026-10-06T02:47:04Z,1586422026-10-05,15864,2026-10-05,CANCELED,,
2026-10-06T02:47:04Z,1586612026-10-05,15866,2026-10-05,CANCELED,,
2026-10-06T02:47:04Z,1586822026-10-05,15868,2026-10-05,CANCELED,,
2026-10-06T02:47:04Z,1587412026-10-05,15874,2026-10-05,CANCELED,,
2026-10-06T02:47:04Z,1587612026-10-05,15876,2026-10-05,CANCELED,,
2026-10-06T02:47:04Z,1588212026-10-05,15882,2026-10-05,CANCELED,,
2026-10-06T02:47:04Z,1588612026-10-05,15886,2026-10-05,CANCELED,,
2026-10-06T02:47:04Z,1591212026-10-05,15912,2026-10-05,CANCELED,,
2026-10-06T02:47:04Z,3091212026-10-05,30912,2026-10-05,CANCELED,,
2026-10-06T02:47:04Z,1591612026-10-05,15916,2026-10-05,CANCELED,,
2026-10-06T02:47:04Z,3091612026-10-05,30916,2026-10-05,CANCELED,,
2026-10-06T02:47:04Z,1591812026-10-05,15918,2026-10-05,CANCELED,,
2026-10-06T02:47:04Z,3091812026-10-05,30918,2026-10-05,CANCELED,,
2026-10-06T02:47:04Z,1562412026-10-05,15624,2026-10-05,CANCELED,,
2026-10-06T02:52:03Z,0043812026-10-06,00438,2026-10-06,CANCELED,,
2026-10-06T02:52:03Z,0043822026-10-06,00438,2026-10-06,CANCELED,,
2026-10-06T02:52:03Z,0043832026-10-06,00438,2026-10-06,CANCELED,,
2026-10-06T02:52:03Z,3743812026-10-05,37438,2026-10-05,CANCELED,,
2026-10-06T02:52:03Z,0238412026-10-06,02384,2026-10-06,CANCELED,,
2026-10-06T02:52:03Z,1304912026-10-05,13049,2026-10-05,CANCELED,,
2026-10-06T02:52:03Z,1309512026-10-05,13095,2026-10-05,CANCELED,,
2026-10-06T02:52:03Z,1391112026-10-05,13911,2026-10-05,CANCELED,,
2026-10-06T02:52:03Z,1502012026-10-05,15020,2026-10-05,CANCELED,,
2026-10-06T02:52:03Z,1504112026-10-05,15041,2026-10-05,CANCELED,,
2026-10-06T02:52:03Z,1504512026-10-05,15045,2026-10-05,CANCELED,,
2026-10-06T02:52:03Z,1504712026-10-05,15047,2026-10-05,CANCELED,,
2026-10-06T02:52:03Z,1505312026-10-05,15053,2026-10-05,CANCELED,,
2026-10-06T02:52:03Z,1505412026-10-05,15054,2026-10-05,CANCELED,,
2026-10-06T02:52:03Z,1505512026-10-05,15055,2026-10-05,CANCELED,,
2026-10-06T02:52:03Z,1521412026-10-05,15214,2026-10-05,CANCELED,,
2026-10-06T02:52:03Z,1521512026-10-05,15215,2026-10-05,CANCELED,,
2026-10-06T02:52:03Z,1521612026-10-05,15216,2026-10-05,CANCELED,,
2026-10-06T02:52:03Z,1521712026-10-05,15217,2026-10-05,CANCELED,,
2026-10-06T02:52:03Z,1521812026-10-05,15218,2026-10-05,CANCELED,,
2026-10-06T02:52:03Z,1521912026-10-05,15219,2026-10-05,CANCELED,,
2026-10-06T02:52:03Z,1522012026-10-05,15220,2026-10-05,CANCELED,,
2026-10-06T02:52:03Z,1522112026-10-05,15221,2026-10-05,CANCELED,,
2026-10-06T02:52:03Z,1522212026-10-05,15222,2026-10-05,CANCELED,,
2026-10-06T02:52:03Z,1522312026-10-05,15223,2026-10-05,CANCELED,,
2026-10-06T02:52:03Z,1522412026-10-05,15224,2026-10-05,CANCELED,,
2026-10-06T02:52:03Z,1522512026-10-05,15225,2026-10-05,CANCELED,,
2026-10-06T02:52:03Z,1570012026-10-05,15700,2026-10-05,CANCELED,,
2026-10-06T02:52:03Z,1570212026-10-05,15702,2026-10-05,CANCELED,,
2026-10-06T02:52:03Z,1572412026-10-05,15724,2026-10-05,CANCELED,,
2026-10-06T02:52:03Z,1572612026-10-05,15726,2026-10-05,CANCELED,,
2026-10-06T02:52:03Z,1572812026-10-05,15728,2026-10-05,CANCELED,,
2026-10-06T02:52:03Z,1573212026-10-05,15732,2026-10-05,CANCELED,,
2026-10-06T02:52:03Z,1573412026-10-05,15734,2026-10-05,CANCELED,,
2026-10-06T02:52:03Z,1573812026-10-05,15738,2026-10-05,CANCELED,,
2026-10-06T02:52:03Z,1578212026-10-05,15782,2026-10-05,CANCELED,,
2026-10-06T02:52:03Z,1578412026-10-05,15784,2026-10-05,CANCELED,,
2026-10-06T02:52:03Z,1578612026-10-05,15786,2026-10-05,CANCELED,,
2026-10-06T02:52:03Z,1578812026-10-05,15788,2026-10-05,CANCELED,,
2026-10-06T02:52:03Z,1580612026-10-05,15806,2026-10-05,CANCELED,,
2026-10-06T02:52:03Z,1580822026-10-05,15808,2026-10-05,CANCELED,,
2026-10-06T02:52:03Z,1581222026-10-05,15812,2026-10-05,CANCELED,,
2026-10-06T02:52:03Z,1581612026-10-05,15816,2026-10-05,CANCELED,,
2026-10-06T02:52:03Z,1581812026-10-05,15818,2026-10-05,CANCELED,,
2026-10-06T02:52:03Z,1582012026-10-05,15820,2026-10-05,CANCELED,,
2026-10-06T02:52:03Z,1586212026-10-05,15862,2026-10-05,CANCELED,,
2026-10-06T02:52:03Z,1586422026-10-05,15864,2026-10-05,CANCELED,,
2026-10-06T02:52:03Z,1586612026-10-05,15866,2026-10-05,CANCELED,,
2026-10-06T02:52:03Z,1586822026-10-05,15868,2026-10-05,CANCELED,,
2026-10-06T02:52:03Z,1587412026-10-05,15874,2026-10-05,CANCELED,,
2026-10-06T02:52:03Z,1587612026-10-05,15876,2026-10-05,CANCELED,,
2026-10-06T02:52:03Z,1588212026-10-05,15882,2026-10-05,CANCELED,,
2026-10-06T02:52:03Z,1588612026-10-05,15886,2026-10-05,CANCELED,,
2026-10-06T02:52:03Z,1591212026-10-05,15912,2026-10-05,CANCELED,,
2026-10-06T02:52:03Z,3091212026-10-05,30912,2026-10-05,CANCELED,,
2026-10-06T02:52:03Z,1591612026-10-05,15916,2026-10-05,CANCELED,,
2026-10-06T02:52:03Z,3091612026-10-05,30916,2026-10-05,CANCELED,,
2026-10-06T02:52:03Z,1591812026-10-05,15918,2026-10-05,CANCELED,,
2026-10-06T02:52:03Z,3091812026-10-05,30918,2026-10-05,CANCELED,,
2026-10-06T02:52:03Z,1562412026-10-05,15624,2026-10-05,CANCELED,,
2026-10-06T02:56:55Z,0043812026-10-06,00438,2026-10-06,CANCELED,,
2026-10-06T02:56:55Z,0043822026-10-06,00438,2026-10-06,CANCELED,,
2026-10-06T02:56:55Z,0043832026-10-06,00438,2026-10-06,CANCELED,,
2026-10-06T02:56:55Z,3743812026-10-05,37438,2026-10-05,CANCELED,,
2026-10-06T02:56:55Z,0238412026-10-06,02384,2026-10-06,CANCELED,,
2026-10-06T02:56:55Z,1304912026-10-05,13049,2026-10-05,CANCELED,,
2026-10-06T02:56:55Z,1309512026-10-05,13095,2026-10-05,CANCELED,,
2026-10-06T02:56:55Z,1391112026-10-05,13911,2026-10-05,CANCELED,,
2026-10-06T02:56:55Z,1502012026-10-05,15020,2026-10-05,CANCELED,,
2026-10-06T02:56:55Z,1504112026-10-05,15041,2026-10-05,CANCELED,,
2026-10-06T02:56:55Z,1504512026-10-05,15045,2026-10-05,CANCELED,,
2026-10-06T02:56:55Z,1504712026-10-05,15047,2026-10-05,CANCELED,,
2026-10-06T02:56:55Z,1505312026-10-05,15053,2026-10-05,CANCELED,,
2026-10-06T02:56:55Z,1505412026-10-05,15054,2026-10-05,CANCELED,,
2026-10-06T02:56:55Z,1505512026-10-05,15055,2026-10-05,CANCELED,,
2026-10-06T02:56:55Z,1521412026-10-05,15214,2026-10-05,CANCELED,,
2026-10-06T02:56:55Z,1521512026-10-05,15215,2026-10-05,CANCELED,,
2026-10-06T02:56:55Z,1521612026-10-05,15216,2026-10-05,CANCELED,,
2026-10-06T02:56:55Z,1521712026-10-05,15217,2026-10-05,CANCELED,,
2026-10-06T02:56:55Z,1521812026-10-05,15218,2026-10-05,CANCELED,,
2026-10-06T02:56:55Z,1521912026-10-05,15219,2026-10-05,CANCELED,,
2026-10-06T02:56:55Z,1522012026-10-05,15220,2026-10-05,CANCELED,,
2026-10-06T02:56:55Z,1522112026-10-05,15221,2026-10-05,CANCELED,,
2026-10-06T02:56:55Z,1522212026-10-05,15222,2026-10-05,CANCELED,,
2026-10-06T02:56:55Z,1522312026-10-05,15223,2026-10-05,CANCELED,,
2026-10-06T02:56:55Z,1522412026-10-05,15224,2026-10-05,CANCELED,,
2026-10-06T02:56:55Z,1522512026-10-05,15225,2026-10-05,CANCELED,,
2026-10-06T02:56:55Z,1570012026-10-05,15700,2026-10-05,CANCELED,,
2026-10-06T02:56:55Z,1570212026-10-05,15702,2026-10-05,CANCELED,,
2026-10-06T02:56:55Z,1572412026-10-05,15724,2026-10-05,CANCELED,,
2026-10-06T02:56:55Z,1572612026-10-05,15726,2026-10-05,CANCELED,,
2026-10-06T02:56:55Z,1572812026-10-05,15728,2026-10-05,CANCELED,,
2026-10-06T02:56:55Z,1573212026-10-05,15732,2026-10-05,CANCELED,,
2026-10-06T02:56:55Z,1573412026-10-05,15734,2026-10-05,CANCELED,,
2026-10-06T02:56:55Z,1573812026-10-05,15738,2026-10-05,CANCELED,,
2026-10-06T02:56:55Z,1578212026-10-05,15782,2026-10-05,CANCELED,,
2026-10-06T02:56:55Z,1578412026-10-05,15784,2026-10-05,CANCELED,,
2026-10-06T02:56:55Z,1578612026-10-05,15786,2026-10-05,CANCELED,,
2026-10-06T02:56:55Z,1578812026-10-05,15788,2026-10-05,CANCELED,,
2026-10-06T02:56:55Z,1580612026-10-05,15806,2026-10-05,CANCELED,,
2026-10-06T02:56:55Z,1580822026-10-05,15808,2026-10-05,CANCELED,,
2026-10-06T02:56:55Z,1581222026-10-05,15812,2026-10-05,CANCELED,,
2026-10-06T02:56:55Z,1581612026-10-05,15816,2026-10-05,CANCELED,,
2026-10-06T02:56:55Z,1581812026-10-05,15818,2026-10-05,CANCELED,,
2026-10-06T02:56:55Z,1582012026-10-05,15820,2026-10-05,CANCELED,,
2026-10-06T02:56:55Z,1586212026-10-05,15862,2026-10-05,CANCELED,,
2026-10-06T02:56:55Z,1586422026-10-05,15864,2026-10-05,CANCELED,,
2026-10-06T02:56:55Z,1586612026-10-05,15866,2026-10-05,CANCELED,,
2026-10-06T02:56:55Z,1586822026-10-05,15868,2026-10-05,CANCELED,,
2026-10-06T02:56:55Z,1587412026-10-05,15874,2026-10-05,CANCELED,,
2026-10-06T02:56:55Z,1587612026-10-05,15876,2026-10-05,CANCELED,,
2026-10-06T02:56:55Z,1588212026-10-05,15882,2026-10-05,CANCELED,,
2026-10-06T02:56:55Z,1588612026-10-05,15886,2026-10-05,CANCELED,,
2026-10-06T02:56:55Z,1591212026-10-05,15912,2026-10-05,CANCELED,,
2026-10-06T02:56:55Z,3091212026-10-05,30912,2026-10-05,CANCELED,,
2026-10-06T02:56:55Z,1591612026-10-05,15916,2026-10-05,CANCELED,,
2026-10-06T02:56:55Z,3091612026-10-05,30916,2026-10-05,CANCELED,,
2026-10-06T02:56:55Z,1591812026-10-05,15918,2026-10-05,CANCELED,,
2026-10-06T02:56:55Z,3091812026-10-05,30918,2026-10-05,CANCELED,,
2026-10-06T02:56:55Z,1562412026-10-05,15624,2026-10-05,CANCELED,,
2026-10-06T03:02:23Z,0043812026-10-06,00438,2026-10-06,CANCELED,,
2026-10-06T03:02:23Z,0043822026-10-06,00438,2026-10-06,CANCELED,,
2026-10-06T03:02:23Z,0043832026-10-06,00438,2026-10-06,CANCELED,,
2026-10-06T03:02:23Z,3743812026-10-05,37438,2026-10-05,CANCELED,,
2026-10-06T03:02:23Z,0238412026-10-06,02384,2026-10-06,CANCELED,,
2026-10-06T03:02:23Z,1304912026-10-05,13049,2026-10-05,CANCELED,,
2026-10-06T03:02:23Z,1309512026-10-05,13095,2026-10-05,CANCELED,,
2026-10-06T03:02:23Z,1391112026-10-05,13911,2026-10-05,CANCELED,,
2026-10-06T03:02:23Z,1502012026-10-05,15020,2026-10-05,CANCELED,,
2026-10-06T03:02:23Z,1504112026-10-05,15041,2026-10-05,CANCELED,,
2026-10-06T03:02:23Z,1504512026-10-05,15045,2026-10-05,CANCELED,,
2026-10-06T03:02:23Z,1504712026-10-05,15047,2026-10-05,CANCELED,,
2026-10-06T03:02:23Z,1505312026-10-05,15053,2026-10-05,CANCELED,,
2026-10-06T03:02:23Z,1505412026-10-05,15054,2026-10-05,CANCELED,,
2026-10-06T03:02:23Z,1505512026-10-05,15055,2026-10-05,CANCELED,,
2026-10-06T03:02:23Z,1521412026-10-05,15214,2026-10-05,CANCELED,,
2026-10-06T03:02:23Z,1521512026-10-05,15215,2026-10-05,CANCELED,,
2026-10-06T03:02:23Z,1521612026-10-05,15216,2026-10-05,CANCELED,,
2026-10-06T03:02:23Z,1521712026-10-05,15217,2026-10-05,CANCELED,,
2026-10-06T03:02:23Z,1521812026-10-05,15218,2026-10-05,CANCELED,,
2026-10-06T03:02:23Z,1521912026-10-05,15219,2026-10-05,CANCELED,,
2026-10-06T03:02:23Z,1522012026-10-05,15220,2026-10-05,CANCELED,,
2026-10-06T03:02:23Z,1522112026-10-05,15221,2026-10-05,CANCELED,,
2026-10-06T03:02:23Z,1522212026-10-05,15222,2026-10-05,CANCELED,,
2026-10-06T03:02:23Z,1522312026-10-05,15223,2026-10-05,CANCELED,,
2026-10-06T03:02:23Z,1522412026-10-05,15224,2026-10-05,CANCELED,,
2026-10-06T03:02:23Z,1522512026-10-05,15225,2026-10-05,CANCELED,,
2026-10-06T03:02:23Z,1570012026-10-05,15700,2026-10-05,CANCELED,,
2026-10-06T03:02:23Z,1570212026-10-05,15702,2026-10-05,CANCELED,,
2026-10-06T03:02:23Z,1572412026-10-05,15724,2026-10-05,CANCELED,,
2026-10-06T03:02:23Z,1572612026-10-05,15726,2026-10-05,CANCELED,,
2026-10-06T03:02:23Z,1572812026-10-05,15728,2026-10-05,CANCELED,,
2026-10-06T03:02:23Z,1573212026-10-05,15732,2026-10-05,CANCELED,,
2026-10-06T03:02:23Z,1573412026-10-05,15734,2026-10-05,CANCELED,,
2026-10-06T03:02:23Z,1573812026-10-05,15738,2026-10-05,CANCELED,,
2026-10-06T03:02:23Z,1578212026-10-05,15782,2026-10-05,CANCELED,,
2026-10-06T03:02:23Z,1578412026-10-05,15784,2026-10-05,CANCELED,,
2026-10-06T03:02:23Z,1578612026-10-05,15786,2026-10-05,CANCELED,,
2026-10-06T03:02:23Z,1578812026-10-05,15788,2026-10-05,CANCELED,,
2026-10-06T03:02:23Z,1580612026-10-05,15806,2026-10-05,CANCELED,,
2026-10-06T03:02:23Z,1580822026-10-05,15808,2026-10-05,CANCELED,,
2026-10-06T03:02:23Z,1581222026-10-05,15812,2026-10-05,CANCELED,,
2026-10-06T03:02:23Z,1581612026-10-05,15816,2026-10-05,CANCELED,,
2026-10-06T03:02:23Z,1581812026-10-05,15818,2026-10-05,CANCELED,,
2026-10-06T03:02:23Z,1582012026-10-05,15820,2026-10-05,CANCELED,,
2026-10-06T03:02:23Z,1586212026-10-05,15862,2026-10-05,CANCELED,,
2026-10-06T03:02:23Z,1586422026-10-05,15864,2026-10-05,CANCELED,,
2026-10-06T03:02:23Z,1586612026-10-05,15866,2026-10-05,CANCELED,,
2026-10-06T03:02:23Z,1586822026-10-05,15868,2026-10-05,CANCELED,,
2026-10-06T03:02:23Z,1587412026-10-05,15874,2026-10-05,CANCELED,,
2026-10-06T03:02:23Z,1587612026-10-05,15876,2026-10-05,CANCELED,,
2026-10-06T03:02:23Z,1588212026-10-05,15882,2026-10-05,CANCELED,,
2026-10-06T03:02:23Z,1588612026-10-05,15886,2026-10-05,CANCELED,,
2026-10-06T03:02:23Z,1591212026-10-05,15912,2026-10-05,CANCELED,,
2026-10-06T03:02:23Z,3091212026-10-05,30912,2026-10-05,CANCELED,,
2026-10-06T03:02:23Z,1591612026-10-05,15916,2026-10-05,CANCELED,,
2026-10-06T03:02:23Z,3091612026-10-05,30916,2026-10-05,CANCELED,,
2026-10-06T03:02:23Z,1591812026-10-05,15918,2026-10-05,CANCELED,,
2026-10-06T03:02:23Z,3091812026-10-05,30918,2026-10-05,CANCELED,,
2026-10-06T03:02:23Z,1562412026-10-05,15624,2026-10-05,CANCELED,,
2026-10-06T03:06:53Z,0043812026-10-06,00438,2026-10-06,CANCELED,,
2026-10-06T03:06:53Z,0043822026-10-06,00438,2026-10-06,CANCELED,,
2026-10-06T03:06:53Z,0043832026-10-06,00438,2026-10-06,CANCELED,,
2026-10-06T03:06:53Z,3743812026-10-05,37438,2026-10-05,CANCELED,,
2026-10-06T03:06:53Z,0238412026-10-06,02384,2026-10-06,CANCELED,,
2026-10-06T03:06:53Z,1304912026-10-05,13049,2026-10-05,CANCELED,,
2026-10-06T03:06:53Z,1309512026-10-05,13095,2026-10-05,CANCELED,,
2026-10-06T03:06:53Z,1391112026-10-05,13911,2026-10-05,CANCELED,,
2026-10-06T03:06:53Z,1502012026-10-05,15020,2026-10-05,CANCELED,,
2026-10-06T03:06:53Z,1504112026-10-05,15041,2026-10-05,CANCELED,,
2026-10-06T03:06:53Z,1504512026-10-05,15045,2026-10-05,CANCELED,,
2026-10-06T03:06:53Z,1504712026-10-05,15047,2026-10-05,CANCELED,,
2026-10-06T03:06:53Z,1505312026-10-05,15053,2026-10-05,CANCELED,,
2026-10-06T03:06:53Z,1505412026-10-05,15054,2026-10-05,CANCELED,,
2026-10-06T03:06:53Z,1505512026-10-05,15055,2026-10-05,CANCELED,,
2026-10-06T03:06:53Z,1521412026-10-05,15214,2026-10-05,CANCELED,,
2026-10-06T03:06:53Z,1521512026-10-05,15215,2026-10-05,CANCELED,,
2026-10-06T03:06:53Z,1521612026-10-05,15216,2026-10-05,CANCELED,,
2026-10-06T03:06:53Z,1521712026-10-05,15217,2026-10-05,CANCELED,,
2026-10-06T03:06:53Z,1521812026-10-05,15218,2026-10-05,CANCELED,,
2026-10-06T03:06:53Z,1521912026-10-05,15219,2026-10-05,CANCELED,,
2026-10-06T03:06:53Z,1522012026-10-05,15220,2026-10-05,CANCELED,,
2026-10-06T03:06:53Z,1522112026-10-05,15221,2026-10-05,CANCELED,,
2026-10-06T03:06:53Z,1522212026-10-05,15222,2026-10-05,CANCELED,,
2026-10-06T03:06:53Z,1522312026-10-05,15223,2026-10-05,CANCELED,,
2026-10-06T03:06:53Z,1522412026-10-05,15224,2026-10-05,CANCELED,,
2026-10-06T03:06:53Z,1522512026-10-05,15225,2026-10-05,CANCELED,,
2026-10-06T03:06:53Z,1570012026-10-05,15700,2026-10-05,CANCELED,,
2026-10-06T03:06:53Z,1570212026-10-05,15702,2026-10-05,CANCELED,,
2026-10-06T03:06:53Z,1572412026-10-05,15724,2026-10-05,CANCELED,,
2026-10-06T03:06:53Z,1572612026-10-05,15726,2026-10-05,CANCELED,,
2026-10-06T03:06:53Z,1572812026-10-05,15728,2026-10-05,CANCELED,,
2026-10-06T03:06:53Z,1573212026-10-05,15732,2026-10-05,CANCELED,,
2026-10-06T03:06:53Z,1573412026-10-05,15734,2026-10-05,CANCELED,,
2026-10-06T03:06:53Z,1573812026-10-05,15738,2026-10-05,CANCELED,,
2026-10-06T03:06:53Z,1578212026-10-05,15782,2026-10-05,CANCELED,,
2026-10-06T03:06:53Z,1578412026-10-05,15784,2026-10-05,CANCELED,,
2026-10-06T03:06:53Z,1578612026-10-05,15786,2026-10-05,CANCELED,,
2026-10-06T03:06:53Z,1578812026-10-05,15788,2026-10-05,CANCELED,,
2026-10-06T03:06:53Z,1580612026-10-05,15806,2026-10-05,CANCELED,,
2026-10-06T03:06:53Z,1580822026-10-05,15808,2026-10-05,CANCELED,,
2026-10-06T03:06:53Z,1581222026-10-05,15812,2026-10-05,CANCELED,,
2026-10-06T03:06:53Z,1581612026-10-05,15816,2026-10-05,CANCELED,,
2026-10-06T03:06:53Z,1581812026-10-05,15818,2026-10-05,CANCELED,,
2026-10-06T03:06:53Z,1582012026-10-05,15820,2026-10-05,CANCELED,,
2026-10-06T03:06:53Z,1586212026-10-05,15862,2026-10-05,CANCELED,,
2026-10-06T03:06:53Z,1586422026-10-05,15864,2026-10-05,CANCELED,,
2026-10-06T03:06:53Z,1586612026-10-05,15866,2026-10-05,CANCELED,,
2026-10-06T03:06:53Z,1586822026-10-05,15868,2026-10-05,CANCELED,,
2026-10-06T03:06:53Z,1587412026-10-05,15874,2026-10-05,CANCELED,,
2026-10-06T03:06:53Z,1587612026-10-05,15876,2026-10-05,CANCELED,,
2026-10-06T03:06:53Z,1588212026-10-05,15882,2026-10-05,CANCELED,,
2026-10-06T03:06:53Z,1588612026-10-05,15886,2026-10-05,CANCELED,,
2026-10-06T03:06:53Z,1591212026-10-05,15912,2026-10-05,CANCELED,,
2026-10-06T03:06:53Z,3091212026-10-05,30912,2026-10-05,CANCELED,,
2026-10-06T03:06:53Z,1591612026-10-05,15916,2026-10-05,CANCELED,,
2026-10-06T03:06:53Z,3091612026-10-05,30916,2026-10-05,CANCELED,,
2026-10-06T03:06:53Z,1591812026-10-05,15918,2026-10-05,CANCELED,,
2026-10-06T03:06:53Z,3091812026-10-05,30918,2026-10-05,CANCELED,,
2026-10-06T03:06:53Z,1562412026-10-05,15624,2026-10-05,CANCELED,,
2026-10-06T03:11:54Z,1454112026-10-05,14541,2026-10-05,SCHEDULED,0,0.0
2026-10-06T03:11:54Z,1251212026-10-05,12512,2026-10-05,SCHEDULED,-60,-1.0
2026-10-06T03:11:54Z,0043812026-10-06,00438,2026-10-06,CANCELED,,
2026-10-06T03:11:54Z,0043822026-10-06,00438,2026-10-06,CANCELED,,
2026-10-06T03:11:54Z,0043832026-10-06,00438,2026-10-06,CANCELED,,
2026-10-06T03:11:54Z,3743812026-10-05,37438,2026-10-05,CANCELED,,
2026-10-06T03:11:54Z,0238412026-10-06,02384,2026-10-06,CANCELED,,
2026-10-06T03:11:54Z,1304912026-10-05,13049,2026-10-05,CANCELED,,
2026-10-06T03:11:54Z,1309512026-10-05,13095,2026-10-05,CANCELED,,
2026-10-06T03:11:54Z,1391112026-10-05,13911,2026-10-05,CANCELED,,
2026-10-06T03:11:54Z,1502012026-10-05,15020,2026-10-05,CANCELED,,
2026-10-06T03:11:54Z,1504112026-10-05,15041,2026-10-05,CANCELED,,
2026-10-06T03:11:54Z,1504512026-10-05,15045,2026-10-05,CANCELED,,
2026-10-06T03:11:54Z,1504712026-10-05,15047,2026-10-05,CANCELED,,
2026-10-06T03:11:54Z,1505312026-10-05,15053,2026-10-05,CANCELED,,
2026-10-06T03:11:54Z,1505412026-10-05,15054,2026-10-05,CANCELED,,
2026-10-06T03:11:54Z,1505512026-10-05,15055,2026-10-05,CANCELED,,
2026-10-06T03:11:54Z,1521412026-10-05,15214,2026-10-05,CANCELED,,
2026-10-06T03:11:54Z,1521512026-10-05,15215,2026-10-05,CANCELED,,
2026-10-06T03:11:54Z,1521612026-10-05,15216,2026-10-05,CANCELED,,
2026-10-06T03:11:54Z,1521712026-10-05,15217,2026-10-05,CANCELED,,
2026-10-06T03:11:54Z,1521812026-10-05,15218,2026-10-05,CANCELED,,
2026-10-06T03:11:54Z,1521912026-10-05,15219,2026-10-05,CANCELED,,
2026-10-06T03:11:54Z,1522012026-10-05,15220,2026-10-05,CANCELED,,
2026-10-06T03:11:54Z,1522112026-10-05,15221,2026-10-05,CANCELED,,
2026-10-06T03:11:54Z,1522212026-10-05,15222,2026-10-05,CANCELED,,
2026-10-06T03:11:54Z,1522312026-10-05,15223,2026-10-05,CANCELED,,
2026-10-06T03:11:54Z,1522412026-10-05,15224,2026-10-05,CANCELED,,
2026-10-06T03:11:54Z,1522512026-10-05,15225,2026-10-05,CANCELED,,
2026-10-06T03:11:54Z,1570012026-10-05,15700,2026-10-05,CANCELED,,
2026-10-06T03:11:54Z,1570212026-10-05,15702,2026-10-05,CANCELED,,
2026-10-06T03:11:54Z,1572412026-10-05,15724,2026-10-05,CANCELED,,
2026-10-06T03:11:54Z,1572612026-10-05,15726,2026-10-05,CANCELED,,
2026-10-06T03:11:54Z,1572812026-10-05,15728,2026-10-05,CANCELED,,
2026-10-06T03:11:54Z,1573212026-10-05,15732,2026-10-05,CANCELED,,
2026-10-06T03:11:54Z,1573412026-10-05,15734,2026-10-05,CANCELED,,
2026-10-06T03:11:54Z,1573812026-10-05,15738,2026-10-05,CANCELED,,
2026-10-06T03:11:54Z,1578212026-10-05,15782,2026-10-05,CANCELED,,
2026-10-06T03:11:54Z,1578412026-10-05,15784,2026-10-05,CANCELED,,
2026-10-06T03:11:54Z,1578612026-10-05,15786,2026-10-05,CANCELED,,
2026-10-06T03:11:54Z,1578812026-10-05,15788,2026-10-05,CANCELED,,
2026-10-06T03:11:54Z,1580612026-10-05,15806,2026-10-05,CANCELED,,
2026-10-06T03:11:54Z,1580822026-10-05,15808,2026-10-05,CANCELED,,
2026-10-06T03:11:54Z,1581222026-10-05,15812,2026-10-05,CANCELED,,
2026-10-06T03:11:54Z,1581612026-10-05,15816,2026-10-05,CANCELED,,
2026-10-06T03:11:54Z,1581812026-10-05,15818,2026-10-05,CANCELED,,
2026-10-06T03:11:54Z,1582012026-10-05,15820,2026-10-05,CANCELED,,
2026-10-06T03:11:54Z,1586212026-10-05,15862,2026-10-05,CANCELED,,
2026-10-06T03:11:54Z,1586422026-10-05,15864,2026-10-05,CANCELED,,
2026-10-06T03:11:54Z,1586612026-10-05,15866,2026-10-05,CANCELED,,
2026-10-06T03:11:54Z,1586822026-10-05,15868,2026-10-05,CANCELED,,
2026-10-06T03:11:54Z,1587412026-10-05,15874,2026-10-05,CANCELED,,
2026-10-06T03:11:54Z,1587612026-10-05,15876,2026-10-05,CANCELED,,
2026-10-06T03:11:54Z,1588212026-10-05,15882,2026-10-05,CANCELED,,
2026-10-06T03:11:54Z,1588612026-10-05,15886,2026-10-05,CANCELED,,
2026-10-06T03:11:54Z,1591212026-10-05,15912,2026-10-05,CANCELED,,
2026-10-06T03:11:54Z,3091212026-10-05,30912,2026-10-05,CANCELED,,
2026-10-06T03:11:54Z,1591612026-10-05,15916,2026-10-05,CANCELED,,
2026-10-06T03:11:54Z,3091612026-10-05,30916,2026-10-05,CANCELED,,
2026-10-06T03:11:54Z,1591812026-10-05,15918,2026-10-05,CANCELED,,
2026-10-06T03:11:54Z,3091812026-10-05,30918,2026-10-05,CANCELED,,
2026-10-06T03:11:54Z,1562412026-10-05,15624,2026-10-05,CANCELED,,
2026-10-06T03:16:58Z,1454112026-10-05,14541,2026-10-05,SCHEDULED,0,0.0
2026-10-06T03:16:58Z,1562012026-10-05,15620,2026-10-05,SCHEDULED,0,0.0
2026-10-06T03:16:58Z,1251212026-10-05,12512,2026-10-05,SCHEDULED,60,1.0
2026-10-06T03:16:58Z,0043812026-10-06,00438,2026-10-06,CANCELED,,
2026-10-06T03:16:58Z,0043822026-10-06,00438,2026-10-06,CANCELED,,
2026-10-06T03:16:58Z,0043832026-10-06,00438,2026-10-06,CANCELED,,
2026-10-06T03:16:58Z,3743812026-10-05,37438,2026-10-05,CANCELED,,
2026-10-06T03:16:58Z,0238412026-10-06,02384,2026-10-06,CANCELED,,
2026-10-06T03:16:58Z,1304912026-10-05,13049,2026-10-05,CANCELED,,
2026-10-06T03:16:58Z,1309512026-10-05,13095,2026-10-05,CANCELED,,
2026-10-06T03:16:58Z,1391112026-10-05,13911,2026-10-05,CANCELED,,
2026-10-06T03:16:58Z,1502012026-10-05,15020,2026-10-05,CANCELED,,
2026-10-06T03:16:58Z,1504112026-10-05,15041,2026-10-05,CANCELED,,
2026-10-06T03:16:58Z,1504512026-10-05,15045,2026-10-05,CANCELED,,
2026-10-06T03:16:58Z,1504712026-10-05,15047,2026-10-05,CANCELED,,
2026-10-06T03:16:58Z,1505312026-10-05,15053,2026-10-05,CANCELED,,
2026-10-06T03:16:58Z,1505412026-10-05,15054,2026-10-05,CANCELED,,
2026-10-06T03:16:58Z,1505512026-10-05,15055,2026-10-05,CANCELED,,
2026-10-06T03:16:58Z,1521412026-10-05,15214,2026-10-05,CANCELED,,
2026-10-06T03:16:58Z,1521512026-10-05,15215,2026-10-05,CANCELED,,
2026-10-06T03:16:58Z,1521612026-10-05,15216,2026-10-05,CANCELED,,
2026-10-06T03:16:58Z,1521712026-10-05,15217,2026-10-05,CANCELED,,
2026-10-06T03:16:58Z,1521812026-10-05,15218,2026-10-05,CANCELED,,
2026-10-06T03:16:58Z,1521912026-10-05,15219,2026-10-05,CANCELED,,
2026-10-06T03:16:58Z,1522012026-10-05,15220,2026-10-05,CANCELED,,
2026-10-06T03:16:58Z,1522112026-10-05,15221,2026-10-05,CANCELED,,
2026-10-06T03:16:58Z,1522212026-10-05,15222,2026-10-05,CANCELED,,
2026-10-06T03:16:58Z,1522312026-10-05,15223,2026-10-05,CANCELED,,
2026-10-06T03:16:58Z,1522412026-10-05,15224,2026-10-05,CANCELED,,
2026-10-06T03:16:58Z,1522512026-10-05,15225,2026-10-05,CANCELED,,
2026-10-06T03:16:58Z,1570012026-10-05,15700,2026-10-05,CANCELED,,
2026-10-06T03:16:58Z,1570212026-10-05,15702,2026-10-05,CANCELED,,
2026-10-06T03:16:58Z,1572412026-10-05,15724,2026-10-05,CANCELED,,
2026-10-06T03:16:58Z,1572612026-10-05,15726,2026-10-05,CANCELED,,
2026-10-06T03:16:58Z,1572812026-10-05,15728,2026-10-05,CANCELED,,
2026-10-06T03:16:58Z,1573212026-10-05,15732,2026-10-05,CANCELED,,
2026-10-06T03:16:58Z,1573412026-10-05,15734,2026-10-05,CANCELED,,
2026-10-06T03:16:58Z,1573812026-10-05,15738,2026-10-05,CANCELED,,
2026-10-06T03:16:58Z,1578212026-10-05,15782,2026-10-05,CANCELED,,
2026-10-06T03:16:58Z,1578412026-10-05,15784,2026-10-05,CANCELED,,
2026-10-06T03:16:58Z,1578612026-10-05,15786,2026-10-05,CANCELED,,
2026-10-06T03:16:58Z,1578812026-10-05,15788,2026-10-05,CANCELED,,
2026-10-06T03:16:58Z,1580612026-10-05,15806,2026-10-05,CANCELED,,
2026-10-06T03:16:58Z,1580822026-10-05,15808,2026-10-05,CANCELED,,
2026-10-06T03:16:58Z,1581222026-10-05,15812,2026-10-05,CANCELED,,
2026-10-06T03:16:58Z,1581612026-10-05,15816,2026-10-05,CANCELED,,
2026-10-06T03:16:58Z,1581812026-10-05,15818,2026-10-05,CANCELED,,
2026-10-06T03:16:58Z,1582012026-10-05,15820,2026-10-05,CANCELED,,
2026-10-06T03:16:58Z,1586212026-10-05,15862,2026-10-05,CANCELED,,
2026-10-06T03:16:58Z,1586422026-10-05,15864,2026-10-05,CANCELED,,
2026-10-06T03:16:58Z,1586612026-10-05,15866,2026-10-05,CANCELED,,
2026-10-06T03:16:58Z,1586822026-10-05,15868,2026-10-05,CANCELED,,
2026-10-06T03:16:58Z,1587412026-10-05,15874,2026-10-05,CANCELED,,
2026-10-06T03:16:58Z,1587612026-10-05,15876,2026-10-05,CANCELED,,
2026-10-06T03:16:58Z,1588212026-10-05,15882,2026-10-05,CANCELED,,
2026-10-06T03:16:58Z,1588612026-10-05,15886,2026-10-05,CANCELED,,
2026-10-06T03:16:58Z,1591212026-10-05,15912,2026-10-05,CANCELED,,
2026-10-06T03:16:58Z,3091212026-10-05,30912,2026-10-05,CANCELED,,
2026-10-06T03:16:58Z,1591612026-10-05,15916,2026-10-05,CANCELED,,
2026-10-06T03:16:58Z,3091612026-10-05,30916,2026-10-05,CANCELED,,
2026-10-06T03:16:58Z,1591812026-10-05,15918,2026-10-05,CANCELED,,
2026-10-06T03:16:58Z,3091812026-10-05,30918,2026-10-05,CANCELED,,
2026-10-06T03:16:58Z,1562412026-10-05,15624,2026-10-05,CANCELED,,
2026-10-06T03:21:57Z,0411412026-10-06,04114,2026-10-06,SCHEDULED,0,0.0
2026-10-06T03:21:57Z,0411422026-10-06,04114,2026-10-06,SCHEDULED,0,0.0
2026-10-06T03:21:57Z,1454112026-10-05,14541,2026-10-05,SCHEDULED,-120,-2.0
2026-10-06T03:21:57Z,1562012026-10-05,15620,2026-10-05,SCHEDULED,0,0.0
2026-10-06T03:21:57Z,1251212026-10-05,12512,2026-10-05,SCHEDULED,60,1.0
2026-10-06T03:21:57Z,0043812026-10-06,00438,2026-10-06,CANCELED,,
2026-10-06T03:21:57Z,0043822026-10-06,00438,2026-10-06,CANCELED,,
2026-10-06T03:21:57Z,0043832026-10-06,00438,2026-10-06,CANCELED,,
2026-10-06T03:21:57Z,3743812026-10-05,37438,2026-10-05,CANCELED,,
2026-10-06T03:21:57Z,0238412026-10-06,02384,2026-10-06,CANCELED,,
2026-10-06T03:21:57Z,1304912026-10-05,13049,2026-10-05,CANCELED,,
2026-10-06T03:21:57Z,1309512026-10-05,13095,2026-10-05,CANCELED,,
2026-10-06T03:21:57Z,1391112026-10-05,13911,2026-10-05,CANCELED,,
2026-10-06T03:21:57Z,1502012026-10-05,15020,2026-10-05,CANCELED,,
2026-10-06T03:21:57Z,1504112026-10-05,15041,2026-10-05,CANCELED,,
2026-10-06T03:21:57Z,1504512026-10-05,15045,2026-10-05,CANCELED,,
2026-10-06T03:21:57Z,1504712026-10-05,15047,2026-10-05,CANCELED,,
2026-10-06T03:21:57Z,1505312026-10-05,15053,2026-10-05,CANCELED,,
2026-10-06T03:21:57Z,1505412026-10-05,15054,2026-10-05,CANCELED,,
2026-10-06T03:21:57Z,1505512026-10-05,15055,2026-10-05,CANCELED,,
2026-10-06T03:21:57Z,1521412026-10-05,15214,2026-10-05,CANCELED,,
2026-10-06T03:21:57Z,1521512026-10-05,15215,2026-10-05,CANCELED,,
2026-10-06T03:21:57Z,1521612026-10-05,15216,2026-10-05,CANCELED,,
2026-10-06T03:21:57Z,1521712026-10-05,15217,2026-10-05,CANCELED,,
2026-10-06T03:21:57Z,1521812026-10-05,15218,2026-10-05,CANCELED,,
2026-10-06T03:21:57Z,1521912026-10-05,15219,2026-10-05,CANCELED,,
2026-10-06T03:21:57Z,1522012026-10-05,15220,2026-10-05,CANCELED,,
2026-10-06T03:21:57Z,1522112026-10-05,15221,2026-10-05,CANCELED,,
2026-10-06T03:21:57Z,1522212026-10-05,15222,2026-10-05,CANCELED,,
2026-10-06T03:21:57Z,1522312026-10-05,15223,2026-10-05,CANCELED,,
2026-10-06T03:21:57Z,1522412026-10-05,15224,2026-10-05,CANCELED,,
2026-10-06T03:21:57Z,1522512026-10-05,15225,2026-10-05,CANCELED,,
2026-10-06T03:21:57Z,1570012026-10-05,15700,2026-10-05,CANCELED,,
2026-10-06T03:21:57Z,1570212026-10-05,15702,2026-10-05,CANCELED,,
2026-10-06T03:21:57Z,1572412026-10-05,15724,2026-10-05,CANCELED,,
2026-10-06T03:21:57Z,1572612026-10-05,15726,2026-10-05,CANCELED,,
2026-10-06T03:21:57Z,1572812026-10-05,15728,2026-10-05,CANCELED,,
2026-10-06T03:21:57Z,1573212026-10-05,15732,2026-10-05,CANCELED,,
2026-10-06T03:21:57Z,1573412026-10-05,15734,2026-10-05,CANCELED,,
2026-10-06T03:21:57Z,1573812026-10-05,15738,2026-10-05,CANCELED,,
2026-10-06T03:21:57Z,1578212026-10-05,15782,2026-10-05,CANCELED,,
2026-10-06T03:21:57Z,1578412026-10-05,15784,2026-10-05,CANCELED,,
2026-10-06T03:21:57Z,1578612026-10-05,15786,2026-10-05,CANCELED,,
2026-10-06T03:21:57Z,1578812026-10-05,15788,2026-10-05,CANCELED,,
2026-10-06T03:21:57Z,1580612026-10-05,15806,2026-10-05,CANCELED,,
2026-10-06T03:21:57Z,1580822026-10-05,15808,2026-10-05,CANCELED,,
2026-10-06T03:21:57Z,1581222026-10-05,15812,2026-10-05,CANCELED,,
2026-10-06T03:21:57Z,1581612026-10-05,15816,2026-10-05,CANCELED,,
2026-10-06T03:21:57Z,1581812026-10-05,15818,2026-10-05,CANCELED,,
2026-10-06T03:21:57Z,1582012026-10-05,15820,2026-10-05,CANCELED,,
2026-10-06T03:21:57Z,1586212026-10-05,15862,2026-10-05,CANCELED,,
2026-10-06T03:21:57Z,1586422026-10-05,15864,2026-10-05,CANCELED,,
2026-10-06T03:21:57Z,1586612026-10-05,15866,2026-10-05,CANCELED,,
2026-10-06T03:21:57Z,1586822026-10-05,15868,2026-10-05,CANCELED,,
2026-10-06T03:21:57Z,1587412026-10-05,15874,2026-10-05,CANCELED,,
2026-10-06T03:21:57Z,1587612026-10-05,15876,2026-10-05,CANCELED,,
2026-10-06T03:21:57Z,1588212026-10-05,15882,2026-10-05,CANCELED,,
2026-10-06T03:21:57Z,1588612026-10-05,15886,2026-10-05,CANCELED,,
2026-10-06T03:21:57Z,1591212026-10-05,15912,2026-10-05,CANCELED,,
2026-10-06T03:21:57Z,3091212026-10-05,30912,2026-10-05,CANCELED,,
2026-10-06T03:21:57Z,1591612026-10-05,15916,2026-10-05,CANCELED,,
2026-10-06T03:21:57Z,3091612026-10-05,30916,2026-10-05,CANCELED,,
2026-10-06T03:21:57Z,1591812026-10-05,15918,2026-10-05,CANCELED,,
2026-10-06T03:21:57Z,3091812026-10-05,30918,2026-10-05,CANCELED,,
2026-10-06T03:21:57Z,1562412026-10-05,15624,2026-10-05,CANCELED,,
2026-10-06T03:26:51Z,0411412026-10-06,04114,2026-10-06,SCHEDULED,0,0.0
2026-10-06T03:26:51Z,0411422026-10-06,04114,2026-10-06,SCHEDULED,0,0.0
2026-10-06T03:26:51Z,0415412026-10-05,04154,2026-10-05,SCHEDULED,0,0.0
2026-10-06T03:26:51Z,0415422026-10-05,04154,2026-10-05,SCHEDULED,0,0.0
2026-10-06T03:26:51Z,1454112026-10-05,14541,2026-10-05,SCHEDULED,-120,-2.0
2026-10-06T03:26:51Z,1704312026-10-05,17043,2026-10-05,SCHEDULED,0,0.0
2026-10-06T03:26:51Z,1562012026-10-05,15620,2026-10-05,SCHEDULED,0,0.0
2026-10-06T03:26:51Z,1251212026-10-05,12512,2026-10-05,SCHEDULED,120,2.0
2026-10-06T03:26:51Z,0043812026-10-06,00438,2026-10-06,CANCELED,,
2026-10-06T03:26:51Z,0043822026-10-06,00438,2026-10-06,CANCELED,,
2026-10-06T03:26:51Z,0043832026-10-06,00438,2026-10-06,CANCELED,,
2026-10-06T03:26:51Z,3743812026-10-05,37438,2026-10-05,CANCELED,,
2026-10-06T03:26:51Z,0238412026-10-06,02384,2026-10-06,CANCELED,,
2026-10-06T03:26:51Z,1304912026-10-05,13049,2026-10-05,CANCELED,,
2026-10-06T03:26:51Z,1309512026-10-05,13095,2026-10-05,CANCELED,,
2026-10-06T03:26:51Z,1391112026-10-05,13911,2026-10-05,CANCELED,,
2026-10-06T03:26:51Z,1502012026-10-05,15020,2026-10-05,CANCELED,,
2026-10-06T03:26:51Z,1504112026-10-05,15041,2026-10-05,CANCELED,,
2026-10-06T03:26:51Z,1504512026-10-05,15045,2026-10-05,CANCELED,,
2026-10-06T03:26:51Z,1504712026-10-05,15047,2026-10-05,CANCELED,,
2026-10-06T03:26:51Z,1505312026-10-05,15053,2026-10-05,CANCELED,,
2026-10-06T03:26:51Z,1505412026-10-05,15054,2026-10-05,CANCELED,,
2026-10-06T03:26:51Z,1505512026-10-05,15055,2026-10-05,CANCELED,,
2026-10-06T03:26:51Z,1521412026-10-05,15214,2026-10-05,CANCELED,,
2026-10-06T03:26:51Z,1521512026-10-05,15215,2026-10-05,CANCELED,,
2026-10-06T03:26:51Z,1521612026-10-05,15216,2026-10-05,CANCELED,,
2026-10-06T03:26:51Z,1521712026-10-05,15217,2026-10-05,CANCELED,,
2026-10-06T03:26:51Z,1521812026-10-05,15218,2026-10-05,CANCELED,,
2026-10-06T03:26:51Z,1521912026-10-05,15219,2026-10-05,CANCELED,,
2026-10-06T03:26:51Z,1522012026-10-05,15220,2026-10-05,CANCELED,,
2026-10-06T03:26:51Z,1522112026-10-05,15221,2026-10-05,CANCELED,,
2026-10-06T03:26:51Z,1522212026-10-05,15222,2026-10-05,CANCELED,,
2026-10-06T03:26:51Z,1522312026-10-05,15223,2026-10-05,CANCELED,,
2026-10-06T03:26:51Z,1522412026-10-05,15224,2026-10-05,CANCELED,,
2026-10-06T03:26:51Z,1522512026-10-05,15225,2026-10-05,CANCELED,,
2026-10-06T03:26:51Z,1570012026-10-05,15700,2026-10-05,CANCELED,,
2026-10-06T03:26:51Z,1570212026-10-05,15702,2026-10-05,CANCELED,,
2026-10-06T03:26:51Z,1572412026-10-05,15724,2026-10-05,CANCELED,,
2026-10-06T03:26:51Z,1572612026-10-05,15726,2026-10-05,CANCELED,,
2026-10-06T03:26:51Z,1572812026-10-05,15728,2026-10-05,CANCELED,,
2026-10-06T03:26:51Z,1573212026-10-05,15732,2026-10-05,CANCELED,,
2026-10-06T03:26:51Z,1573412026-10-05,15734,2026-10-05,CANCELED,,
2026-10-06T03:26:51Z,1573812026-10-05,15738,2026-10-05,CANCELED,,
2026-10-06T03:26:51Z,1578212026-10-05,15782,2026-10-05,CANCELED,,
2026-10-06T03:26:51Z,1578412026-10-05,15784,2026-10-05,CANCELED,,
2026-10-06T03:26:51Z,1578612026-10-05,15786,2026-10-05,CANCELED,,
2026-10-06T03:26:51Z,1578812026-10-05,15788,2026-10-05,CANCELED,,
2026-10-06T03:26:51Z,1580612026-10-05,15806,2026-10-05,CANCELED,,
2026-10-06T03:26:51Z,1580822026-10-05,15808,2026-10-05,CANCELED,,
2026-10-06T03:26:51Z,1581222026-10-05,15812,2026-10-05,CANCELED,,
2026-10-06T03:26:51Z,1581612026-10-05,15816,2026-10-05,CANCELED,,
2026-10-06T03:26:51Z,1581812026-10-05,15818,2026-10-05,CANCELED,,
2026-10-06T03:26:51Z,1582012026-10-05,15820,2026-10-05,CANCELED,,
2026-10-06T03:26:51Z,1586212026-10-05,15862,2026-10-05,CANCELED,,
2026-10-06T03:26:51Z,1586422026-10-05,15864,2026-10-05,CANCELED,,
2026-10-06T03:26:51Z,1586612026-10-05,15866,2026-10-05,CANCELED,,
2026-10-06T03:26:51Z,1586822026-10-05,15868,2026-10-05,CANCELED,,
2026-10-06T03:26:51Z,1587412026-10-05,15874,2026-10-05,CANCELED,,
2026-10-06T03:26:51Z,1587612026-10-05,15876,2026-10-05,CANCELED,,
2026-10-06T03:26:51Z,1588212026-10-05,15882,2026-10-05,CANCELED,,
2026-10-06T03:26:51Z,1588612026-10-05,15886,2026-10-05,CANCELED,,
2026-10-06T03:26:51Z,1591212026-10-05,15912,2026-10-05,CANCELED,,
2026-10-06T03:26:51Z,3091212026-10-05,30912,2026-10-05,CANCELED,,
2026-10-06T03:26:51Z,1591612026-10-05,15916,2026-10-05,CANCELED,,
2026-10-06T03:26:51Z,3091612026-10-05,30916,2026-10-05,CANCELED,,
2026-10-06T03:26:51Z,1591812026-10-05,15918,2026-10-05,CANCELED,,
2026-10-06T03:26:51Z,3091812026-10-05,30918,2026-10-05,CANCELED,,
2026-10-06T03:26:51Z,1562412026-10-05,15624,2026-10-05,CANCELED,,
2026-10-06T03:32:09Z,0411412026-10-06,04114,2026-10-06,SCHEDULED,0,0.0
2026-10-06T03:32:09Z,0411422026-10-06,04114,2026-10-06,SCHEDULED,0,0.0
2026-10-06T03:32:09Z,0415412026-10-05,04154,2026-10-05,SCHEDULED,-60,-1.0
2026-10-06T03:32:09Z,0415422026-10-05,04154,2026-10-05,SCHEDULED,-60,-1.0
2026-10-06T03:32:09Z,1454112026-10-05,14541,2026-10-05,SCHEDULED,-120,-2.0
2026-10-06T03:32:09Z,1704312026-10-05,17043,2026-10-05,SCHEDULED,-60,-1.0
2026-10-06T03:32:09Z,1562012026-10-05,15620,2026-10-05,SCHEDULED,0,0.0
2026-10-06T03:32:09Z,1251212026-10-05,12512,2026-10-05,SCHEDULED,60,1.0
2026-10-06T03:32:09Z,0043812026-10-06,00438,2026-10-06,CANCELED,,
2026-10-06T03:32:09Z,0043822026-10-06,00438,2026-10-06,CANCELED,,
2026-10-06T03:32:09Z,0043832026-10-06,00438,2026-10-06,CANCELED,,
2026-10-06T03:32:09Z,3743812026-10-05,37438,2026-10-05,CANCELED,,
2026-10-06T03:32:09Z,0238412026-10-06,02384,2026-10-06,CANCELED,,
2026-10-06T03:32:09Z,1304912026-10-05,13049,2026-10-05,CANCELED,,
2026-10-06T03:32:09Z,1309512026-10-05,13095,2026-10-05,CANCELED,,
2026-10-06T03:32:09Z,1391112026-10-05,13911,2026-10-05,CANCELED,,
2026-10-06T03:32:09Z,1502012026-10-05,15020,2026-10-05,CANCELED,,
2026-10-06T03:32:09Z,1504112026-10-05,15041,2026-10-05,CANCELED,,
2026-10-06T03:32:09Z,1504512026-10-05,15045,2026-10-05,CANCELED,,
2026-10-06T03:32:09Z,1504712026-10-05,15047,2026-10-05,CANCELED,,
2026-10-06T03:32:09Z,1505312026-10-05,15053,2026-10-05,CANCELED,,
2026-10-06T03:32:09Z,1505412026-10-05,15054,2026-10-05,CANCELED,,
2026-10-06T03:32:09Z,1505512026-10-05,15055,2026-10-05,CANCELED,,
2026-10-06T03:32:09Z,1521412026-10-05,15214,2026-10-05,CANCELED,,
2026-10-06T03:32:09Z,1521512026-10-05,15215,2026-10-05,CANCELED,,
2026-10-06T03:32:09Z,1521612026-10-05,15216,2026-10-05,CANCELED,,
2026-10-06T03:32:09Z,1521712026-10-05,15217,2026-10-05,CANCELED,,
2026-10-06T03:32:09Z,1521812026-10-05,15218,2026-10-05,CANCELED,,
2026-10-06T03:32:09Z,1521912026-10-05,15219,2026-10-05,CANCELED,,
2026-10-06T03:32:09Z,1522012026-10-05,15220,2026-10-05,CANCELED,,
2026-10-06T03:32:09Z,1522112026-10-05,15221,2026-10-05,CANCELED,,
2026-10-06T03:32:09Z,1522212026-10-05,15222,2026-10-05,CANCELED,,
2026-10-06T03:32:09Z,1522312026-10-05,15223,2026-10-05,CANCELED,,
2026-10-06T03:32:09Z,1522412026-10-05,15224,2026-10-05,CANCELED,,
2026-10-06T03:32:09Z,1522512026-10-05,15225,2026-10-05,CANCELED,,
2026-10-06T03:32:09Z,1570012026-10-05,15700,2026-10-05,CANCELED,,
2026-10-06T03:32:09Z,1570212026-10-05,15702,2026-10-05,CANCELED,,
2026-10-06T03:32:09Z,1572412026-10-05,15724,2026-10-05,CANCELED,,
2026-10-06T03:32:09Z,1572612026-10-05,15726,2026-10-05,CANCELED,,
2026-10-06T03:32:09Z,1572812026-10-05,15728,2026-10-05,CANCELED,,
2026-10-06T03:32:09Z,1573212026-10-05,15732,2026-10-05,CANCELED,,
2026-10-06T03:32:09Z,1573412026-10-05,15734,2026-10-05,CANCELED,,
2026-10-06T03:32:09Z,1573812026-10-05,15738,2026-10-05,CANCELED,,
2026-10-06T03:32:09Z,1578212026-10-05,15782,2026-10-05,CANCELED,,
2026-10-06T03:32:09Z,1578412026-10-05,15784,2026-10-05,CANCELED,,
2026-10-06T03:32:09Z,1578612026-10-05,15786,2026-10-05,CANCELED,,
2026-10-06T03:32:09Z,1578812026-10-05,15788,2026-10-05,CANCELED,,
2026-10-06T03:32:09Z,1580612026-10-05,15806,2026-10-05,CANCELED,,
2026-10-06T03:32:09Z,1580822026-10-05,15808,2026-10-05,CANCELED,,
2026-10-06T03:32:09Z,1581222026-10-05,15812,2026-10-05,CANCELED,,
2026-10-06T03:32:09Z,1581612026-10-05,15816,2026-10-05,CANCELED,,
2026-10-06T03:32:09Z,1581812026-10-05,15818,2026-10-05,CANCELED,,
2026-10-06T03:32:09Z,1582012026-10-05,15820,2026-10-05,CANCELED,,
2026-10-06T03:32:09Z,1586212026-10-05,15862,2026-10-05,CANCELED,,
2026-10-06T03:32:09Z,1586422026-10-05,15864,2026-10-05,CANCELED,,
2026-10-06T03:32:09Z,1586612026-10-05,15866,2026-10-05,CANCELED,,
2026-10-06T03:32:09Z,1586822026-10-05,15868,2026-10-05,CANCELED,,
2026-10-06T03:32:09Z,1587412026-10-05,15874,2026-10-05,CANCELED,,
2026-10-06T03:32:09Z,1587612026-10-05,15876,2026-10-05,CANCELED,,
2026-10-06T03:32:09Z,1588212026-10-05,15882,2026-10-05,CANCELED,,
2026-10-06T03:32:09Z,1588612026-10-05,15886,2026-10-05,CANCELED,,
2026-10-06T03:32:09Z,1591212026-10-05,15912,2026-10-05,CANCELED,,
2026-10-06T03:32:09Z,3091212026-10-05,30912,2026-10-05,CANCELED,,
2026-10-06T03:32:09Z,1591612026-10-05,15916,2026-10-05,CANCELED,,
2026-10-06T03:32:09Z,3091612026-10-05,30916,2026-10-05,CANCELED,,
2026-10-06T03:32:09Z,1591812026-10-05,15918,2026-10-05,CANCELED,,
2026-10-06T03:32:09Z,3091812026-10-05,30918,2026-10-05,CANCELED,,
2026-10-06T03:32:09Z,1562412026-10-05,15624,2026-10-05,CANCELED,,
2026-10-06T03:36:54Z,0411412026-10-06,04114,2026-10-06,SCHEDULED,0,0.0
2026-10-06T03:36:54Z,0411422026-10-06,04114,2026-10-06,SCHEDULED,0,0.0
2026-10-06T03:36:54Z,0306212026-10-05,03062,2026-10-05,SCHEDULED,60,1.0
2026-10-06T03:36:54Z,0306222026-10-05,03062,2026-10-05,SCHEDULED,60,1.0
2026-10-06T03:36:54Z,0306232026-10-05,03062,2026-10-05,SCHEDULED,60,1.0
2026-10-06T03:36:54Z,0306242026-10-05,03062,2026-10-05,SCHEDULED,60,1.0
2026-10-06T03:36:54Z,0415412026-10-05,04154,2026-10-05,SCHEDULED,-60,-1.0
2026-10-06T03:36:54Z,0415422026-10-05,04154,2026-10-05,SCHEDULED,-60,-1.0
2026-10-06T03:36:54Z,0807212026-10-05,08072,2026-10-05,SCHEDULED,60,1.0
2026-10-06T03:36:54Z,1454112026-10-05,14541,2026-10-05,SCHEDULED,60,1.0
2026-10-06T03:36:54Z,1704312026-10-05,17043,2026-10-05,SCHEDULED,0,0.0
2026-10-06T03:36:54Z,1530912026-10-05,15309,2026-10-05,SCHEDULED,0,0.0
2026-10-06T03:36:54Z,1562012026-10-05,15620,2026-10-05,SCHEDULED,0,0.0
2026-10-06T03:36:54Z,1251212026-10-05,12512,2026-10-05,SCHEDULED,0,0.0
2026-10-06T03:36:54Z,0043812026-10-06,00438,2026-10-06,CANCELED,,
2026-10-06T03:36:54Z,0043822026-10-06,00438,2026-10-06,CANCELED,,
2026-10-06T03:36:54Z,0043832026-10-06,00438,2026-10-06,CANCELED,,
2026-10-06T03:36:54Z,3743812026-10-05,37438,2026-10-05,CANCELED,,
2026-10-06T03:36:54Z,0238412026-10-06,02384,2026-10-06,CANCELED,,
2026-10-06T03:36:54Z,1304912026-10-05,13049,2026-10-05,CANCELED,,
2026-10-06T03:36:54Z,1309512026-10-05,13095,2026-10-05,CANCELED,,
2026-10-06T03:36:54Z,1391112026-10-05,13911,2026-10-05,CANCELED,,
2026-10-06T03:36:54Z,1502012026-10-05,15020,2026-10-05,CANCELED,,
2026-10-06T03:36:54Z,1504112026-10-05,15041,2026-10-05,CANCELED,,
2026-10-06T03:36:54Z,1504512026-10-05,15045,2026-10-05,CANCELED,,
2026-10-06T03:36:54Z,1504712026-10-05,15047,2026-10-05,CANCELED,,
2026-10-06T03:36:54Z,1505312026-10-05,15053,2026-10-05,CANCELED,,
2026-10-06T03:36:54Z,1505412026-10-05,15054,2026-10-05,CANCELED,,
2026-10-06T03:36:54Z,1505512026-10-05,15055,2026-10-05,CANCELED,,
2026-10-06T03:36:54Z,1521412026-10-05,15214,2026-10-05,CANCELED,,
2026-10-06T03:36:54Z,1521512026-10-05,15215,2026-10-05,CANCELED,,
2026-10-06T03:36:54Z,1521612026-10-05,15216,2026-10-05,CANCELED,,
2026-10-06T03:36:54Z,1521712026-10-05,15217,2026-10-05,CANCELED,,
2026-10-06T03:36:54Z,1521812026-10-05,15218,2026-10-05,CANCELED,,
2026-10-06T03:36:54Z,1521912026-10-05,15219,2026-10-05,CANCELED,,
2026-10-06T03:36:54Z,1522012026-10-05,15220,2026-10-05,CANCELED,,
2026-10-06T03:36:54Z,1522112026-10-05,15221,2026-10-05,CANCELED,,
2026-10-06T03:36:54Z,1522212026-10-05,15222,2026-10-05,CANCELED,,
2026-10-06T03:36:54Z,1522312026-10-05,15223,2026-10-05,CANCELED,,
2026-10-06T03:36:54Z,1522412026-10-05,15224,2026-10-05,CANCELED,,
2026-10-06T03:36:54Z,1522512026-10-05,15225,2026-10-05,CANCELED,,
2026-10-06T03:36:54Z,1570012026-10-05,15700,2026-10-05,CANCELED,,
2026-10-06T03:36:54Z,1570212026-10-05,15702,2026-10-05,CANCELED,,
2026-10-06T03:36:54Z,1572412026-10-05,15724,2026-10-05,CANCELED,,
2026-10-06T03:36:54Z,1572612026-10-05,15726,2026-10-05,CANCELED,,
2026-10-06T03:36:54Z,1572812026-10-05,15728,2026-10-05,CANCELED,,
2026-10-06T03:36:54Z,1573212026-10-05,15732,2026-10-05,CANCELED,,
2026-10-06T03:36:54Z,1573412026-10-05,15734,2026-10-05,CANCELED,,
2026-10-06T03:36:54Z,1573812026-10-05,15738,2026-10-05,CANCELED,,
2026-10-06T03:36:54Z,1578212026-10-05,15782,2026-10-05,CANCELED,,
2026-10-06T03:36:54Z,1578412026-10-05,15784,2026-10-05,CANCELED,,
2026-10-06T03:36:54Z,1578612026-10-05,15786,2026-10-05,CANCELED,,
2026-10-06T03:36:54Z,1578812026-10-05,15788,2026-10-05,CANCELED,,
2026-10-06T03:36:54Z,1580612026-10-05,15806,2026-10-05,CANCELED,,
2026-10-06T03:36:54Z,1580822026-10-05,15808,2026-10-05,CANCELED,,
2026-10-06T03:36:54Z,1581222026-10-05,15812,2026-10-05,CANCELED,,
2026-10-06T03:36:54Z,1581612026-10-05,15816,2026-10-05,CANCELED,,
2026-10-06T03:36:54Z,1581812026-10-05,15818,2026-10-05,CANCELED,,
2026-10-06T03:36:54Z,1582012026-10-05,15820,2026-10-05,CANCELED,,
2026-10-06T03:36:54Z,1586212026-10-05,15862,2026-10-05,CANCELED,,
2026-10-06T03:36:54Z,1586422026-10-05,15864,2026-10-05,CANCELED,,
2026-10-06T03:36:54Z,1586612026-10-05,15866,2026-10-05,CANCELED,,
2026-10-06T03:36:54Z,1586822026-10-05,15868,2026-10-05,CANCELED,,
2026-10-06T03:36:54Z,1587412026-10-05,15874,2026-10-05,CANCELED,,
2026-10-06T03:36:54Z,1587612026-10-05,15876,2026-10-05,CANCELED,,
2026-10-06T03:36:54Z,1588212026-10-05,15882,2026-10-05,CANCELED,,
2026-10-06T03:36:54Z,1588612026-10-05,15886,2026-10-05,CANCELED,,
2026-10-06T03:36:54Z,1591212026-10-05,15912,2026-10-05,CANCELED,,
2026-10-06T03:36:54Z,3091212026-10-05,30912,2026-10-05,CANCELED,,
2026-10-06T03:36:54Z,1591612026-10-05,15916,2026-10-05,CANCELED,,
2026-10-06T03:36:54Z,3091612026-10-05,30916,2026-10-05,CANCELED,,
2026-10-06T03:36:54Z,1591812026-10-05,15918,2026-10-05,CANCELED,,
2026-10-06T03:36:54Z,3091812026-10-05,30918,2026-10-05,CANCELED,,
2026-10-06T03:36:54Z,1562412026-10-05,15624,2026-10-05,CANCELED,,
2026-10-06T03:42:00Z,0411412026-10-06,04114,2026-10-06,SCHEDULED,-60,-1.0
2026-10-06T03:42:00Z,0411422026-10-06,04114,2026-10-06,SCHEDULED,-60,-1.0
2026-10-06T03:42:00Z,0306212026-10-05,03062,2026-10-05,SCHEDULED,60,1.0
2026-10-06T03:42:00Z,0306222026-10-05,03062,2026-10-05,SCHEDULED,60,1.0
2026-10-06T03:42:00Z,0306232026-10-05,03062,2026-10-05,SCHEDULED,60,1.0
2026-10-06T03:42:00Z,0306242026-10-05,03062,2026-10-05,SCHEDULED,60,1.0
2026-10-06T03:42:00Z,0415412026-10-05,04154,2026-10-05,SCHEDULED,-60,-1.0
2026-10-06T03:42:00Z,0415422026-10-05,04154,2026-10-05,SCHEDULED,-60,-1.0
2026-10-06T03:42:00Z,0807212026-10-05,08072,2026-10-05,SCHEDULED,60,1.0
2026-10-06T03:42:00Z,1241112026-10-05,12411,2026-10-05,SCHEDULED,-60,-1.0
2026-10-06T03:42:00Z,1268912026-10-05,12689,2026-10-05,SCHEDULED,60,1.0
2026-10-06T03:42:00Z,1454112026-10-05,14541,2026-10-05,SCHEDULED,60,1.0
2026-10-06T03:42:00Z,1704312026-10-05,17043,2026-10-05,SCHEDULED,-60,-1.0
2026-10-06T03:42:00Z,1530912026-10-05,15309,2026-10-05,SCHEDULED,0,0.0
2026-10-06T03:42:00Z,1562012026-10-05,15620,2026-10-05,SCHEDULED,0,0.0
2026-10-06T03:42:00Z,1251212026-10-05,12512,2026-10-05,SCHEDULED,-60,-1.0
2026-10-06T03:42:00Z,0043812026-10-06,00438,2026-10-06,CANCELED,,
2026-10-06T03:42:00Z,0043822026-10-06,00438,2026-10-06,CANCELED,,
2026-10-06T03:42:00Z,0043832026-10-06,00438,2026-10-06,CANCELED,,
2026-10-06T03:42:00Z,3743812026-10-05,37438,2026-10-05,CANCELED,,
2026-10-06T03:42:00Z,0238412026-10-06,02384,2026-10-06,CANCELED,,
2026-10-06T03:42:00Z,1304912026-10-05,13049,2026-10-05,CANCELED,,
2026-10-06T03:42:00Z,1309512026-10-05,13095,2026-10-05,CANCELED,,
2026-10-06T03:42:00Z,1391112026-10-05,13911,2026-10-05,CANCELED,,
2026-10-06T03:42:00Z,1502012026-10-05,15020,2026-10-05,CANCELED,,
2026-10-06T03:42:00Z,1504112026-10-05,15041,2026-10-05,CANCELED,,
2026-10-06T03:42:00Z,1504512026-10-05,15045,2026-10-05,CANCELED,,
2026-10-06T03:42:00Z,1504712026-10-05,15047,2026-10-05,CANCELED,,
2026-10-06T03:42:00Z,1505312026-10-05,15053,2026-10-05,CANCELED,,
2026-10-06T03:42:00Z,1505412026-10-05,15054,2026-10-05,CANCELED,,
2026-10-06T03:42:00Z,1505512026-10-05,15055,2026-10-05,CANCELED,,
2026-10-06T03:42:00Z,1521412026-10-05,15214,2026-10-05,CANCELED,,
2026-10-06T03:42:00Z,1521512026-10-05,15215,2026-10-05,CANCELED,,
2026-10-06T03:42:00Z,1521612026-10-05,15216,2026-10-05,CANCELED,,
2026-10-06T03:42:00Z,1521712026-10-05,15217,2026-10-05,CANCELED,,
2026-10-06T03:42:00Z,1521812026-10-05,15218,2026-10-05,CANCELED,,
2026-10-06T03:42:00Z,1521912026-10-05,15219,2026-10-05,CANCELED,,
2026-10-06T03:42:00Z,1522012026-10-05,15220,2026-10-05,CANCELED,,
2026-10-06T03:42:00Z,1522112026-10-05,15221,2026-10-05,CANCELED,,
2026-10-06T03:42:00Z,1522212026-10-05,15222,2026-10-05,CANCELED,,
2026-10-06T03:42:00Z,1522312026-10-05,15223,2026-10-05,CANCELED,,
2026-10-06T03:42:00Z,1522412026-10-05,15224,2026-10-05,CANCELED,,
2026-10-06T03:42:00Z,1522512026-10-05,15225,2026-10-05,CANCELED,,
2026-10-06T03:42:00Z,1570012026-10-05,15700,2026-10-05,CANCELED,,
2026-10-06T03:42:00Z,1570212026-10-05,15702,2026-10-05,CANCELED,,
2026-10-06T03:42:00Z,1572412026-10-05,15724,2026-10-05,CANCELED,,
2026-10-06T03:42:00Z,1572612026-10-05,15726,2026-10-05,CANCELED,,
2026-10-06T03:42:00Z,1572812026-10-05,15728,2026-10-05,CANCELED,,
2026-10-06T03:42:00Z,1573212026-10-05,15732,2026-10-05,CANCELED,,
2026-10-06T03:42:00Z,1573412026-10-05,15734,2026-10-05,CANCELED,,
2026-10-06T03:42:00Z,1573812026-10-05,15738,2026-10-05,CANCELED,,
2026-10-06T03:42:00Z,1578212026-10-05,15782,2026-10-05,CANCELED,,
2026-10-06T03:42:00Z,1578412026-10-05,15784,2026-10-05,CANCELED,,
2026-10-06T03:42:00Z,1578612026-10-05,15786,2026-10-05,CANCELED,,
2026-10-06T03:42:00Z,1578812026-10-05,15788,2026-10-05,CANCELED,,
2026-10-06T03:42:00Z,1580612026-10-05,15806,2026-10-05,CANCELED,,
2026-10-06T03:42:00Z,1580822026-10-05,15808,2026-10-05,CANCELED,,
2026-10-06T03:42:00Z,1581222026-10-05,15812,2026-10-05,CANCELED,,
2026-10-06T03:42:00Z,1581612026-10-05,15816,2026-10-05,CANCELED,,
2026-10-06T03:42:00Z,1581812026-10-05,15818,2026-10-05,CANCELED,,
2026-10-06T03:42:00Z,1582012026-10-05,15820,2026-10-05,CANCELED,,
2026-10-06T03:42:00Z,1586212026-10-05,15862,2026-10-05,CANCELED,,
2026-10-06T03:42:00Z,1586422026-10-05,15864,2026-10-05,CANCELED,,
2026-10-06T03:42:00Z,1586612026-10-05,15866,2026-10-05,CANCELED,,
2026-10-06T03:42:00Z,1586822026-10-05,15868,2026-10-05,CANCELED,,
2026-10-06T03:42:00Z,1587412026-10-05,15874,2026-10-05,CANCELED,,
2026-10-06T03:42:00Z,1587612026-10-05,15876,2026-10-05,CANCELED,,
2026-10-06T03:42:00Z,1588212026-10-05,15882,2026-10-05,CANCELED,,
2026-10-06T03:42:00Z,1588612026-10-05,15886,2026-10-05,CANCELED,,
2026-10-06T03:42:00Z,1591212026-10-05,15912,2026-10-05,CANCELED,,
2026-10-06T03:42:00Z,3091212026-10-05,30912,2026-10-05,CANCELED,,
2026-10-06T03:42:00Z,1591612026-10-05,15916,2026-10-05,CANCELED,,
2026-10-06T03:42:00Z,3091612026-10-05,30916,2026-10-05,CANCELED,,
2026-10-06T03:42:00Z,1591812026-10-05,15918,2026-10-05,CANCELED,,
2026-10-06T03:42:00Z,3091812026-10-05,30918,2026-10-05,CANCELED,,
2026-10-06T03:42:00Z,1562412026-10-05,15624,2026-10-05,CANCELED,,
2026-10-06T03:46:59Z,0411412026-10-06,04114,2026-10-06,SCHEDULED,0,0.0
2026-10-06T03:46:59Z,0411422026-10-06,04114,2026-10-06,SCHEDULED,0,0.0
2026-10-06T03:46:59Z,0305212026-10-05,03052,2026-10-05,SCHEDULED,0,0.0
2026-10-06T03:46:59Z,0306212026-10-05,03062,2026-10-05,SCHEDULED,60,1.0
2026-10-06T03:46:59Z,0306222026-10-05,03062,2026-10-05,SCHEDULED,60,1.0
2026-10-06T03:46:59Z,0306232026-10-05,03062,2026-10-05,SCHEDULED,60,1.0
2026-10-06T03:46:59Z,0306242026-10-05,03062,2026-10-05,SCHEDULED,60,1.0
2026-10-06T03:46:59Z,0415412026-10-05,04154,2026-10-05,SCHEDULED,-120,-2.0
2026-10-06T03:46:59Z,0415422026-10-05,04154,2026-10-05,SCHEDULED,-120,-2.0
2026-10-06T03:46:59Z,0807212026-10-05,08072,2026-10-05,SCHEDULED,60,1.0
2026-10-06T03:46:59Z,1241112026-10-05,12411,2026-10-05,SCHEDULED,0,0.0
2026-10-06T03:46:59Z,1268912026-10-05,12689,2026-10-05,SCHEDULED,60,1.0
2026-10-06T03:46:59Z,1300112026-10-05,13001,2026-10-05,SCHEDULED,180,3.0
2026-10-06T03:46:59Z,1454112026-10-05,14541,2026-10-05,SCHEDULED,120,2.0
2026-10-06T03:46:59Z,1500012026-10-05,15000,2026-10-05,SCHEDULED,180,3.0
2026-10-06T03:46:59Z,1704312026-10-05,17043,2026-10-05,SCHEDULED,0,0.0
2026-10-06T03:46:59Z,1812012026-10-05,18120,2026-10-05,SCHEDULED,60,1.0
2026-10-06T03:46:59Z,1530912026-10-05,15309,2026-10-05,SCHEDULED,-60,-1.0
2026-10-06T03:46:59Z,1562012026-10-05,15620,2026-10-05,SCHEDULED,0,0.0
2026-10-06T03:46:59Z,1251212026-10-05,12512,2026-10-05,SCHEDULED,-60,-1.0
2026-10-06T03:46:59Z,0043812026-10-06,00438,2026-10-06,CANCELED,,
2026-10-06T03:46:59Z,0043822026-10-06,00438,2026-10-06,CANCELED,,
2026-10-06T03:46:59Z,0043832026-10-06,00438,2026-10-06,CANCELED,,
2026-10-06T03:46:59Z,3743812026-10-05,37438,2026-10-05,CANCELED,,
2026-10-06T03:46:59Z,0238412026-10-06,02384,2026-10-06,CANCELED,,
2026-10-06T03:46:59Z,1304912026-10-05,13049,2026-10-05,CANCELED,,
2026-10-06T03:46:59Z,1309512026-10-05,13095,2026-10-05,CANCELED,,
2026-10-06T03:46:59Z,1391112026-10-05,13911,2026-10-05,CANCELED,,
2026-10-06T03:46:59Z,1502012026-10-05,15020,2026-10-05,CANCELED,,
2026-10-06T03:46:59Z,1504112026-10-05,15041,2026-10-05,CANCELED,,
2026-10-06T03:46:59Z,1504512026-10-05,15045,2026-10-05,CANCELED,,
2026-10-06T03:46:59Z,1504712026-10-05,15047,2026-10-05,CANCELED,,
2026-10-06T03:46:59Z,1505312026-10-05,15053,2026-10-05,CANCELED,,
2026-10-06T03:46:59Z,1505412026-10-05,15054,2026-10-05,CANCELED,,
2026-10-06T03:46:59Z,1505512026-10-05,15055,2026-10-05,CANCELED,,
2026-10-06T03:46:59Z,1521412026-10-05,15214,2026-10-05,CANCELED,,
2026-10-06T03:46:59Z,1521512026-10-05,15215,2026-10-05,CANCELED,,
2026-10-06T03:46:59Z,1521612026-10-05,15216,2026-10-05,CANCELED,,
2026-10-06T03:46:59Z,1521712026-10-05,15217,2026-10-05,CANCELED,,
2026-10-06T03:46:59Z,1521812026-10-05,15218,2026-10-05,CANCELED,,
2026-10-06T03:46:59Z,1521912026-10-05,15219,2026-10-05,CANCELED,,
2026-10-06T03:46:59Z,1522012026-10-05,15220,2026-10-05,CANCELED,,
2026-10-06T03:46:59Z,1522112026-10-05,15221,2026-10-05,CANCELED,,
2026-10-06T03:46:59Z,1522212026-10-05,15222,2026-10-05,CANCELED,,
2026-10-06T03:46:59Z,1522312026-10-05,15223,2026-10-05,CANCELED,,
2026-10-06T03:46:59Z,1522412026-10-05,15224,2026-10-05,CANCELED,,
2026-10-06T03:46:59Z,1522512026-10-05,15225,2026-10-05,CANCELED,,
2026-10-06T03:46:59Z,1570012026-10-05,15700,2026-10-05,CANCELED,,
2026-10-06T03:46:59Z,1570212026-10-05,15702,2026-10-05,CANCELED,,
2026-10-06T03:46:59Z,1572412026-10-05,15724,2026-10-05,CANCELED,,
2026-10-06T03:46:59Z,1572612026-10-05,15726,2026-10-05,CANCELED,,
2026-10-06T03:46:59Z,1572812026-10-05,15728,2026-10-05,CANCELED,,
2026-10-06T03:46:59Z,1573212026-10-05,15732,2026-10-05,CANCELED,,
2026-10-06T03:46:59Z,1573412026-10-05,15734,2026-10-05,CANCELED,,
2026-10-06T03:46:59Z,1573812026-10-05,15738,2026-10-05,CANCELED,,
2026-10-06T03:46:59Z,1578212026-10-05,15782,2026-10-05,CANCELED,,
2026-10-06T03:46:59Z,1578412026-10-05,15784,2026-10-05,CANCELED,,
2026-10-06T03:46:59Z,1578612026-10-05,15786,2026-10-05,CANCELED,,
2026-10-06T03:46:59Z,1578812026-10-05,15788,2026-10-05,CANCELED,,
2026-10-06T03:46:59Z,1580612026-10-05,15806,2026-10-05,CANCELED,,
2026-10-06T03:46:59Z,1580822026-10-05,15808,2026-10-05,CANCELED,,
2026-10-06T03:46:59Z,1581222026-10-05,15812,2026-10-05,CANCELED,,
2026-10-06T03:46:59Z,1581612026-10-05,15816,2026-10-05,CANCELED,,
2026-10-06T03:46:59Z,1581812026-10-05,15818,2026-10-05,CANCELED,,
2026-10-06T03:46:59Z,1582012026-10-05,15820,2026-10-05,CANCELED,,
2026-10-06T03:46:59Z,1586212026-10-05,15862,2026-10-05,CANCELED,,
2026-10-06T03:46:59Z,1586422026-10-05,15864,2026-10-05,CANCELED,,
2026-10-06T03:46:59Z,1586612026-10-05,15866,2026-10-05,CANCELED,,
2026-10-06T03:46:59Z,1586822026-10-05,15868,2026-10-05,CANCELED,,
2026-10-06T03:46:59Z,1587412026-10-05,15874,2026-10-05,CANCELED,,
2026-10-06T03:46:59Z,1587612026-10-05,15876,2026-10-05,CANCELED,,
2026-10-06T03:46:59Z,1588212026-10-05,15882,2026-10-05,CANCELED,,
2026-10-06T03:46:59Z,1588612026-10-05,15886,2026-10-05,CANCELED,,
2026-10-06T03:46:59Z,1591212026-10-05,15912,2026-10-05,CANCELED,,
2026-10-06T03:46:59Z,3091212026-10-05,30912,2026-10-05,CANCELED,,
2026-10-06T03:46:59Z,1591612026-10-05,15916,2026-10-05,CANCELED,,
2026-10-06T03:46:59Z,3091612026-10-05,30916,2026-10-05,CANCELED,,
2026-10-06T03:46:59Z,1591812026-10-05,15918,2026-10-05,CANCELED,,
2026-10-06T03:46:59Z,3091812026-10-05,30918,2026-10-05,CANCELED,,
2026-10-06T03:46:59Z,1562412026-10-05,15624,2026-10-05,CANCELED,,
2026-10-06T03:51:54Z,0411412026-10-06,04114,2026-10-06,SCHEDULED,0,0.0
2026-10-06T03:51:54Z,0411422026-10-06,04114,2026-10-06,SCHEDULED,0,0.0
2026-10-06T03:51:54Z,0206312026-10-05,02063,2026-10-05,SCHEDULED,60,1.0
2026-10-06T03:51:54Z,0305212026-10-05,03052,2026-10-05,SCHEDULED,0,0.0
2026-10-06T03:51:54Z,0306212026-10-05,03062,2026-10-05,SCHEDULED,180,3.0
2026-10-06T03:51:54Z,0306222026-10-05,03062,2026-10-05,SCHEDULED,180,3.0
2026-10-06T03:51:54Z,0306232026-10-05,03062,2026-10-05,SCHEDULED,180,3.0
2026-10-06T03:51:54Z,0306242026-10-05,03062,2026-10-05,SCHEDULED,180,3.0
2026-10-06T03:51:54Z,0446412026-10-05,04464,2026-10-05,SCHEDULED,0,0.0
2026-10-06T03:51:54Z,0415412026-10-05,04154,2026-10-05,SCHEDULED,-60,-1.0
2026-10-06T03:51:54Z,0415422026-10-05,04154,2026-10-05,SCHEDULED,-60,-1.0
2026-10-06T03:51:54Z,0807212026-10-05,08072,2026-10-05,SCHEDULED,0,0.0
2026-10-06T03:51:54Z,1241112026-10-05,12411,2026-10-05,SCHEDULED,0,0.0
2026-10-06T03:51:54Z,1268912026-10-05,12689,2026-10-05,SCHEDULED,60,1.0
2026-10-06T03:51:54Z,1300112026-10-05,13001,2026-10-05,SCHEDULED,180,3.0
2026-10-06T03:51:54Z,1454112026-10-05,14541,2026-10-05,SCHEDULED,120,2.0
2026-10-06T03:51:54Z,1500012026-10-05,15000,2026-10-05,SCHEDULED,180,3.0
2026-10-06T03:51:54Z,1704312026-10-05,17043,2026-10-05,SCHEDULED,120,2.0
2026-10-06T03:51:54Z,1806612026-10-05,18066,2026-10-05,SCHEDULED,0,0.0
2026-10-06T03:51:54Z,1812012026-10-05,18120,2026-10-05,SCHEDULED,0,0.0
2026-10-06T03:51:54Z,1812112026-10-05,18121,2026-10-05,SCHEDULED,-60,-1.0
2026-10-06T03:51:54Z,1891012026-10-05,18910,2026-10-05,SCHEDULED,0,0.0
2026-10-06T03:51:54Z,1530912026-10-05,15309,2026-10-05,SCHEDULED,0,0.0
2026-10-06T03:51:54Z,1562012026-10-05,15620,2026-10-05,SCHEDULED,0,0.0
2026-10-06T03:51:54Z,1251212026-10-05,12512,2026-10-05,SCHEDULED,0,0.0
2026-10-06T03:51:54Z,0043812026-10-06,00438,2026-10-06,CANCELED,,
2026-10-06T03:51:54Z,0043822026-10-06,00438,2026-10-06,CANCELED,,
2026-10-06T03:51:54Z,0043832026-10-06,00438,2026-10-06,CANCELED,,
2026-10-06T03:51:54Z,3743812026-10-05,37438,2026-10-05,CANCELED,,
2026-10-06T03:51:54Z,0238412026-10-06,02384,2026-10-06,CANCELED,,
2026-10-06T03:51:54Z,1304912026-10-05,13049,2026-10-05,CANCELED,,
2026-10-06T03:51:54Z,1309512026-10-05,13095,2026-10-05,CANCELED,,
2026-10-06T03:51:54Z,1391112026-10-05,13911,2026-10-05,CANCELED,,
2026-10-06T03:51:54Z,1502012026-10-05,15020,2026-10-05,CANCELED,,
2026-10-06T03:51:54Z,1504112026-10-05,15041,2026-10-05,CANCELED,,
2026-10-06T03:51:54Z,1504512026-10-05,15045,2026-10-05,CANCELED,,
2026-10-06T03:51:54Z,1504712026-10-05,15047,2026-10-05,CANCELED,,
2026-10-06T03:51:54Z,1505312026-10-05,15053,2026-10-05,CANCELED,,
2026-10-06T03:51:54Z,1505412026-10-05,15054,2026-10-05,CANCELED,,
2026-10-06T03:51:54Z,1505512026-10-05,15055,2026-10-05,CANCELED,,
2026-10-06T03:51:54Z,1521412026-10-05,15214,2026-10-05,CANCELED,,
2026-10-06T03:51:54Z,1521512026-10-05,15215,2026-10-05,CANCELED,,
2026-10-06T03:51:54Z,1521612026-10-05,15216,2026-10-05,CANCELED,,
2026-10-06T03:51:54Z,1521712026-10-05,15217,2026-10-05,CANCELED,,
2026-10-06T03:51:54Z,1521812026-10-05,15218,2026-10-05,CANCELED,,
2026-10-06T03:51:54Z,1521912026-10-05,15219,2026-10-05,CANCELED,,
2026-10-06T03:51:54Z,1522012026-10-05,15220,2026-10-05,CANCELED,,
2026-10-06T03:51:54Z,1522112026-10-05,15221,2026-10-05,CANCELED,,
2026-10-06T03:51:54Z,1522212026-10-05,15222,2026-10-05,CANCELED,,
2026-10-06T03:51:54Z,1522312026-10-05,15223,2026-10-05,CANCELED,,
2026-10-06T03:51:54Z,1522412026-10-05,15224,2026-10-05,CANCELED,,
2026-10-06T03:51:54Z,1522512026-10-05,15225,2026-10-05,CANCELED,,
2026-10-06T03:51:54Z,1570012026-10-05,15700,2026-10-05,CANCELED,,
2026-10-06T03:51:54Z,1570212026-10-05,15702,2026-10-05,CANCELED,,
2026-10-06T03:51:54Z,1572412026-10-05,15724,2026-10-05,CANCELED,,
2026-10-06T03:51:54Z,1572612026-10-05,15726,2026-10-05,CANCELED,,
2026-10-06T03:51:54Z,1572812026-10-05,15728,2026-10-05,CANCELED,,
2026-10-06T03:51:54Z,1573212026-10-05,15732,2026-10-05,CANCELED,,
2026-10-06T03:51:54Z,1573412026-10-05,15734,2026-10-05,CANCELED,,
2026-10-06T03:51:54Z,1573812026-10-05,15738,2026-10-05,CANCELED,,
2026-10-06T03:51:54Z,1577012026-10-05,15770,2026-10-05,CANCELED,,
2026-10-06T03:51:54Z,1577212026-10-05,15772,2026-10-05,CANCELED,,
2026-10-06T03:51:54Z,1578212026-10-05,15782,2026-10-05,CANCELED,,
2026-10-06T03:51:54Z,1578412026-10-05,15784,2026-10-05,CANCELED,,
2026-10-06T03:51:54Z,1578612026-10-05,15786,2026-10-05,CANCELED,,
2026-10-06T03:51:54Z,1578812026-10-05,15788,2026-10-05,CANCELED,,
2026-10-06T03:51:54Z,1580612026-10-05,15806,2026-10-05,CANCELED,,
2026-10-06T03:51:54Z,1580822026-10-05,15808,2026-10-05,CANCELED,,
2026-10-06T03:51:54Z,1581222026-10-05,15812,2026-10-05,CANCELED,,
2026-10-06T03:51:54Z,1581612026-10-05,15816,2026-10-05,CANCELED,,
2026-10-06T03:51:54Z,1581812026-10-05,15818,2026-10-05,CANCELED,,
2026-10-06T03:51:54Z,1582012026-10-05,15820,2026-10-05,CANCELED,,
2026-10-06T03:51:54Z,1586212026-10-05,15862,2026-10-05,CANCELED,,
2026-10-06T03:51:54Z,1586422026-10-05,15864,2026-10-05,CANCELED,,
2026-10-06T03:51:54Z,1586612026-10-05,15866,2026-10-05,CANCELED,,
2026-10-06T03:51:54Z,1586822026-10-05,15868,2026-10-05,CANCELED,,
2026-10-06T03:51:54Z,1587412026-10-05,15874,2026-10-05,CANCELED,,
2026-10-06T03:51:54Z,1587612026-10-05,15876,2026-10-05,CANCELED,,
2026-10-06T03:51:54Z,1588212026-10-05,15882,2026-10-05,CANCELED,,
2026-10-06T03:51:54Z,1588612026-10-05,15886,2026-10-05,CANCELED,,
2026-10-06T03:51:54Z,1591212026-10-05,15912,2026-10-05,CANCELED,,
2026-10-06T03:51:54Z,3091212026-10-05,30912,2026-10-05,CANCELED,,
2026-10-06T03:51:54Z,1591612026-10-05,15916,2026-10-05,CANCELED,,
2026-10-06T03:51:54Z,3091612026-10-05,30916,2026-10-05,CANCELED,,
2026-10-06T03:51:54Z,1591812026-10-05,15918,2026-10-05,CANCELED,,
2026-10-06T03:51:54Z,3091812026-10-05,30918,2026-10-05,CANCELED,,
2026-10-06T03:51:54Z,1562412026-10-05,15624,2026-10-05,CANCELED,,
2026-10-06T03:56:55Z,0411412026-10-06,04114,2026-10-06,SCHEDULED,0,0.0
2026-10-06T03:56:55Z,0411422026-10-06,04114,2026-10-06,SCHEDULED,0,0.0
2026-10-06T03:56:55Z,0206312026-10-05,02063,2026-10-05,SCHEDULED,60,1.0
2026-10-06T03:56:55Z,0305212026-10-05,03052,2026-10-05,SCHEDULED,0,0.0
2026-10-06T03:56:55Z,0306212026-10-05,03062,2026-10-05,SCHEDULED,180,3.0
2026-10-06T03:56:55Z,0306222026-10-05,03062,2026-10-05,SCHEDULED,180,3.0
2026-10-06T03:56:55Z,0306232026-10-05,03062,2026-10-05,SCHEDULED,180,3.0
2026-10-06T03:56:55Z,0306242026-10-05,03062,2026-10-05,SCHEDULED,180,3.0
2026-10-06T03:56:55Z,0306212026-10-05,03062,2026-10-05,SCHEDULED,0,0.0
2026-10-06T03:56:55Z,0306222026-10-05,03062,2026-10-05,SCHEDULED,0,0.0
2026-10-06T03:56:55Z,0306232026-10-05,03062,2026-10-05,SCHEDULED,0,0.0
2026-10-06T03:56:55Z,0306242026-10-05,03062,2026-10-05,SCHEDULED,0,0.0
2026-10-06T03:56:55Z,0446412026-10-05,04464,2026-10-05,SCHEDULED,0,0.0
2026-10-06T03:56:55Z,0415412026-10-05,04154,2026-10-05,SCHEDULED,-60,-1.0
2026-10-06T03:56:55Z,0415422026-10-05,04154,2026-10-05,SCHEDULED,-60,-1.0
2026-10-06T03:56:55Z,0506312026-10-05,05063,2026-10-05,SCHEDULED,120,2.0
2026-10-06T03:56:55Z,0807212026-10-05,08072,2026-10-05,SCHEDULED,0,0.0
2026-10-06T03:56:55Z,1241112026-10-05,12411,2026-10-05,SCHEDULED,0,0.0
2026-10-06T03:56:55Z,1268912026-10-05,12689,2026-10-05,SCHEDULED,0,0.0
2026-10-06T03:56:55Z,1300112026-10-05,13001,2026-10-05,SCHEDULED,240,4.0
2026-10-06T03:56:55Z,1454112026-10-05,14541,2026-10-05,SCHEDULED,120,2.0
2026-10-06T03:56:55Z,1500012026-10-05,15000,2026-10-05,SCHEDULED,60,1.0
2026-10-06T03:56:55Z,1505112026-10-05,15051,2026-10-05,SCHEDULED,0,0.0
2026-10-06T03:56:55Z,1704312026-10-05,17043,2026-10-05,SCHEDULED,120,2.0
2026-10-06T03:56:55Z,1806612026-10-05,18066,2026-10-05,SCHEDULED,-60,-1.0
2026-10-06T03:56:55Z,1812012026-10-05,18120,2026-10-05,SCHEDULED,0,0.0
2026-10-06T03:56:55Z,1812112026-10-05,18121,2026-10-05,SCHEDULED,60,1.0
2026-10-06T03:56:55Z,1891012026-10-05,18910,2026-10-05,SCHEDULED,0,0.0
2026-10-06T03:56:55Z,1530912026-10-05,15309,2026-10-05,SCHEDULED,-60,-1.0
2026-10-06T03:56:55Z,1562012026-10-05,15620,2026-10-05,SCHEDULED,0,0.0
2026-10-06T03:56:55Z,1251212026-10-05,12512,2026-10-05,SCHEDULED,0,0.0
2026-10-06T03:56:55Z,0043812026-10-06,00438,2026-10-06,CANCELED,,
2026-10-06T03:56:55Z,0043822026-10-06,00438,2026-10-06,CANCELED,,
2026-10-06T03:56:55Z,0043832026-10-06,00438,2026-10-06,CANCELED,,
2026-10-06T03:56:55Z,3743812026-10-05,37438,2026-10-05,CANCELED,,
2026-10-06T03:56:55Z,0238412026-10-06,02384,2026-10-06,CANCELED,,
2026-10-06T03:56:55Z,1304912026-10-05,13049,2026-10-05,CANCELED,,
2026-10-06T03:56:55Z,1309512026-10-05,13095,2026-10-05,CANCELED,,
2026-10-06T03:56:55Z,1391112026-10-05,13911,2026-10-05,CANCELED,,
2026-10-06T03:56:55Z,1502012026-10-05,15020,2026-10-05,CANCELED,,
2026-10-06T03:56:55Z,1504112026-10-05,15041,2026-10-05,CANCELED,,
2026-10-06T03:56:55Z,1504512026-10-05,15045,2026-10-05,CANCELED,,
2026-10-06T03:56:55Z,1504712026-10-05,15047,2026-10-05,CANCELED,,
2026-10-06T03:56:55Z,1505312026-10-05,15053,2026-10-05,CANCELED,,
2026-10-06T03:56:55Z,1505412026-10-05,15054,2026-10-05,CANCELED,,
2026-10-06T03:56:55Z,1505512026-10-05,15055,2026-10-05,CANCELED,,
2026-10-06T03:56:55Z,1521412026-10-05,15214,2026-10-05,CANCELED,,
2026-10-06T03:56:55Z,1521512026-10-05,15215,2026-10-05,CANCELED,,
2026-10-06T03:56:55Z,1521612026-10-05,15216,2026-10-05,CANCELED,,
2026-10-06T03:56:55Z,1521712026-10-05,15217,2026-10-05,CANCELED,,
2026-10-06T03:56:55Z,1521812026-10-05,15218,2026-10-05,CANCELED,,
2026-10-06T03:56:55Z,1521912026-10-05,15219,2026-10-05,CANCELED,,
2026-10-06T03:56:55Z,1522012026-10-05,15220,2026-10-05,CANCELED,,
2026-10-06T03:56:55Z,1522112026-10-05,15221,2026-10-05,CANCELED,,
2026-10-06T03:56:55Z,1522212026-10-05,15222,2026-10-05,CANCELED,,
2026-10-06T03:56:55Z,1522312026-10-05,15223,2026-10-05,CANCELED,,
2026-10-06T03:56:55Z,1522412026-10-05,15224,2026-10-05,CANCELED,,
2026-10-06T03:56:55Z,1522512026-10-05,15225,2026-10-05,CANCELED,,
2026-10-06T03:56:55Z,1570012026-10-05,15700,2026-10-05,CANCELED,,
2026-10-06T03:56:55Z,1570212026-10-05,15702,2026-10-05,CANCELED,,
2026-10-06T03:56:55Z,1572412026-10-05,15724,2026-10-05,CANCELED,,
2026-10-06T03:56:55Z,1572612026-10-05,15726,2026-10-05,CANCELED,,
2026-10-06T03:56:55Z,1572812026-10-05,15728,2026-10-05,CANCELED,,
2026-10-06T03:56:55Z,1573212026-10-05,15732,2026-10-05,CANCELED,,
2026-10-06T03:56:55Z,1573412026-10-05,15734,2026-10-05,CANCELED,,
2026-10-06T03:56:55Z,1573812026-10-05,15738,2026-10-05,CANCELED,,
2026-10-06T03:56:55Z,1577012026-10-05,15770,2026-10-05,CANCELED,,
2026-10-06T03:56:55Z,1577212026-10-05,15772,2026-10-05,CANCELED,,
2026-10-06T03:56:55Z,1578212026-10-05,15782,2026-10-05,CANCELED,,
2026-10-06T03:56:55Z,1578412026-10-05,15784,2026-10-05,CANCELED,,
2026-10-06T03:56:55Z,1578612026-10-05,15786,2026-10-05,CANCELED,,
2026-10-06T03:56:55Z,1578812026-10-05,15788,2026-10-05,CANCELED,,
2026-10-06T03:56:55Z,1580612026-10-05,15806,2026-10-05,CANCELED,,
2026-10-06T03:56:55Z,1580822026-10-05,15808,2026-10-05,CANCELED,,
2026-10-06T03:56:55Z,1581222026-10-05,15812,2026-10-05,CANCELED,,
2026-10-06T03:56:55Z,1581612026-10-05,15816,2026-10-05,CANCELED,,
2026-10-06T03:56:55Z,1581812026-10-05,15818,2026-10-05,CANCELED,,
2026-10-06T03:56:55Z,1582012026-10-05,15820,2026-10-05,CANCELED,,
2026-10-06T03:56:55Z,1586212026-10-05,15862,2026-10-05,CANCELED,,
2026-10-06T03:56:55Z,1586422026-10-05,15864,2026-10-05,CANCELED,,
2026-10-06T03:56:55Z,1586612026-10-05,15866,2026-10-05,CANCELED,,
2026-10-06T03:56:55Z,1586822026-10-05,15868,2026-10-05,CANCELED,,
2026-10-06T03:56:55Z,1587412026-10-05,15874,2026-10-05,CANCELED,,
2026-10-06T03:56:55Z,1587612026-10-05,15876,2026-10-05,CANCELED,,
2026-10-06T03:56:55Z,1588212026-10-05,15882,2026-10-05,CANCELED,,
2026-10-06T03:56:55Z,1588612026-10-05,15886,2026-10-05,CANCELED,,
2026-10-06T03:56:55Z,1591212026-10-05,15912,2026-10-05,CANCELED,,
2026-10-06T03:56:55Z,3091212026-10-05,30912,2026-10-05,CANCELED,,
2026-10-06T03:56:55Z,1591612026-10-05,15916,2026-10-05,CANCELED,,
2026-10-06T03:56:55Z,3091612026-10-05,30916,2026-10-05,CANCELED,,
2026-10-06T03:56:55Z,1591812026-10-05,15918,2026-10-05,CANCELED,,
2026-10-06T03:56:55Z,3091812026-10-05,30918,2026-10-05,CANCELED,,
2026-10-06T03:56:55Z,1562412026-10-05,15624,2026-10-05,CANCELED,,
2026-10-06T04:02:21Z,0411412026-10-06,04114,2026-10-06,SCHEDULED,-60,-1.0
2026-10-06T04:02:21Z,0411422026-10-06,04114,2026-10-06,SCHEDULED,-60,-1.0
2026-10-06T04:02:21Z,0206312026-10-05,02063,2026-10-05,SCHEDULED,120,2.0
2026-10-06T04:02:21Z,0305212026-10-05,03052,2026-10-05,SCHEDULED,60,1.0
2026-10-06T04:02:21Z,0306212026-10-05,03062,2026-10-05,SCHEDULED,180,3.0
2026-10-06T04:02:21Z,0306222026-10-05,03062,2026-10-05,SCHEDULED,180,3.0
2026-10-06T04:02:21Z,0306232026-10-05,03062,2026-10-05,SCHEDULED,180,3.0
2026-10-06T04:02:21Z,0306242026-10-05,03062,2026-10-05,SCHEDULED,180,3.0
2026-10-06T04:02:21Z,0306212026-10-05,03062,2026-10-05,SCHEDULED,0,0.0
2026-10-06T04:02:21Z,0306222026-10-05,03062,2026-10-05,SCHEDULED,0,0.0
2026-10-06T04:02:21Z,0306232026-10-05,03062,2026-10-05,SCHEDULED,0,0.0
2026-10-06T04:02:21Z,0306242026-10-05,03062,2026-10-05,SCHEDULED,0,0.0
2026-10-06T04:02:21Z,0406012026-10-05,04060,2026-10-05,SCHEDULED,60,1.0
2026-10-06T04:02:21Z,0446412026-10-05,04464,2026-10-05,SCHEDULED,60,1.0
2026-10-06T04:02:21Z,0415412026-10-05,04154,2026-10-05,SCHEDULED,-60,-1.0
2026-10-06T04:02:21Z,0415422026-10-05,04154,2026-10-05,SCHEDULED,-60,-1.0
2026-10-06T04:02:21Z,0506312026-10-05,05063,2026-10-05,SCHEDULED,120,2.0
2026-10-06T04:02:21Z,0807212026-10-05,08072,2026-10-05,SCHEDULED,60,1.0
2026-10-06T04:02:21Z,0405612026-10-06,04056,2026-10-06,SCHEDULED,-60,-1.0
2026-10-06T04:02:21Z,1241112026-10-05,12411,2026-10-05,SCHEDULED,60,1.0
2026-10-06T04:02:21Z,1268912026-10-05,12689,2026-10-05,SCHEDULED,0,0.0
2026-10-06T04:02:21Z,1300112026-10-05,13001,2026-10-05,SCHEDULED,240,4.0
2026-10-06T04:02:21Z,1304112026-10-05,13041,2026-10-05,SCHEDULED,0,0.0
2026-10-06T04:02:21Z,1454112026-10-05,14541,2026-10-05,SCHEDULED,120,2.0
2026-10-06T04:02:21Z,1500012026-10-05,15000,2026-10-05,SCHEDULED,0,0.0
2026-10-06T04:02:21Z,1505112026-10-05,15051,2026-10-05,SCHEDULED,0,0.0
2026-10-06T04:02:21Z,1710612026-10-05,17106,2026-10-05,SCHEDULED,120,2.0
2026-10-06T04:02:21Z,1704312026-10-05,17043,2026-10-05,SCHEDULED,240,4.0
2026-10-06T04:02:21Z,1807112026-10-05,18071,2026-10-05,SCHEDULED,60,1.0
2026-10-06T04:02:21Z,1806612026-10-05,18066,2026-10-05,SCHEDULED,-120,-2.0
2026-10-06T04:02:21Z,1812012026-10-05,18120,2026-10-05,SCHEDULED,120,2.0
2026-10-06T04:02:21Z,1812112026-10-05,18121,2026-10-05,SCHEDULED,0,0.0
2026-10-06T04:02:21Z,1831012026-10-05,18310,2026-10-05,SCHEDULED,0,0.0
2026-10-06T04:02:21Z,1891012026-10-05,18910,2026-10-05,SCHEDULED,180,3.0
2026-10-06T04:02:21Z,1530912026-10-05,15309,2026-10-05,SCHEDULED,60,1.0
2026-10-06T04:02:21Z,1562012026-10-05,15620,2026-10-05,SCHEDULED,0,0.0
2026-10-06T04:02:21Z,1562112026-10-05,15621,2026-10-05,SCHEDULED,60,1.0
2026-10-06T04:02:21Z,1251212026-10-05,12512,2026-10-05,SCHEDULED,0,0.0
2026-10-06T04:02:21Z,0043812026-10-06,00438,2026-10-06,CANCELED,,
2026-10-06T04:02:21Z,0043822026-10-06,00438,2026-10-06,CANCELED,,
2026-10-06T04:02:21Z,0043832026-10-06,00438,2026-10-06,CANCELED,,
2026-10-06T04:02:21Z,3743812026-10-05,37438,2026-10-05,CANCELED,,
2026-10-06T04:02:21Z,0238412026-10-06,02384,2026-10-06,CANCELED,,
2026-10-06T04:02:21Z,1304912026-10-05,13049,2026-10-05,CANCELED,,
2026-10-06T04:02:21Z,1309512026-10-05,13095,2026-10-05,CANCELED,,
2026-10-06T04:02:21Z,1391112026-10-05,13911,2026-10-05,CANCELED,,
2026-10-06T04:02:21Z,1502012026-10-05,15020,2026-10-05,CANCELED,,
2026-10-06T04:02:21Z,1504112026-10-05,15041,2026-10-05,CANCELED,,
2026-10-06T04:02:21Z,1504512026-10-05,15045,2026-10-05,CANCELED,,
2026-10-06T04:02:21Z,1504712026-10-05,15047,2026-10-05,CANCELED,,
2026-10-06T04:02:21Z,1505312026-10-05,15053,2026-10-05,CANCELED,,
2026-10-06T04:02:21Z,1505412026-10-05,15054,2026-10-05,CANCELED,,
2026-10-06T04:02:21Z,1505512026-10-05,15055,2026-10-05,CANCELED,,
2026-10-06T04:02:21Z,1521412026-10-05,15214,2026-10-05,CANCELED,,
2026-10-06T04:02:21Z,1521512026-10-05,15215,2026-10-05,CANCELED,,
2026-10-06T04:02:21Z,1521612026-10-05,15216,2026-10-05,CANCELED,,
2026-10-06T04:02:21Z,1521712026-10-05,15217,2026-10-05,CANCELED,,
2026-10-06T04:02:21Z,1521812026-10-05,15218,2026-10-05,CANCELED,,
2026-10-06T04:02:21Z,1521912026-10-05,15219,2026-10-05,CANCELED,,
2026-10-06T04:02:21Z,1522012026-10-05,15220,2026-10-05,CANCELED,,
2026-10-06T04:02:21Z,1522112026-10-05,15221,2026-10-05,CANCELED,,
2026-10-06T04:02:21Z,1522212026-10-05,15222,2026-10-05,CANCELED,,
2026-10-06T04:02:21Z,1522312026-10-05,15223,2026-10-05,CANCELED,,
2026-10-06T04:02:21Z,1522412026-10-05,15224,2026-10-05,CANCELED,,
2026-10-06T04:02:21Z,1522512026-10-05,15225,2026-10-05,CANCELED,,
2026-10-06T04:02:21Z,1570012026-10-05,15700,2026-10-05,CANCELED,,
2026-10-06T04:02:21Z,1570212026-10-05,15702,2026-10-05,CANCELED,,
2026-10-06T04:02:21Z,1572412026-10-05,15724,2026-10-05,CANCELED,,
2026-10-06T04:02:21Z,1572612026-10-05,15726,2026-10-05,CANCELED,,
2026-10-06T04:02:21Z,1572812026-10-05,15728,2026-10-05,CANCELED,,
2026-10-06T04:02:21Z,1573212026-10-05,15732,2026-10-05,CANCELED,,
2026-10-06T04:02:21Z,1573412026-10-05,15734,2026-10-05,CANCELED,,
2026-10-06T04:02:21Z,1573812026-10-05,15738,2026-10-05,CANCELED,,
2026-10-06T04:02:21Z,1577012026-10-05,15770,2026-10-05,CANCELED,,
2026-10-06T04:02:21Z,1577212026-10-05,15772,2026-10-05,CANCELED,,
2026-10-06T04:02:21Z,1578212026-10-05,15782,2026-10-05,CANCELED,,
2026-10-06T04:02:21Z,1578412026-10-05,15784,2026-10-05,CANCELED,,
2026-10-06T04:02:21Z,1578612026-10-05,15786,2026-10-05,CANCELED,,
2026-10-06T04:02:21Z,1578812026-10-05,15788,2026-10-05,CANCELED,,
2026-10-06T04:02:21Z,1580612026-10-05,15806,2026-10-05,CANCELED,,
2026-10-06T04:02:21Z,1580822026-10-05,15808,2026-10-05,CANCELED,,
2026-10-06T04:02:21Z,1581222026-10-05,15812,2026-10-05,CANCELED,,
2026-10-06T04:02:21Z,1581612026-10-05,15816,2026-10-05,CANCELED,,
2026-10-06T04:02:21Z,1581812026-10-05,15818,2026-10-05,CANCELED,,
2026-10-06T04:02:21Z,1582012026-10-05,15820,2026-10-05,CANCELED,,
2026-10-06T04:02:21Z,1586212026-10-05,15862,2026-10-05,CANCELED,,
2026-10-06T04:02:21Z,1586422026-10-05,15864,2026-10-05,CANCELED,,
2026-10-06T04:02:21Z,1586612026-10-05,15866,2026-10-05,CANCELED,,
2026-10-06T04:02:21Z,1586822026-10-05,15868,2026-10-05,CANCELED,,
2026-10-06T04:02:21Z,1587412026-10-05,15874,2026-10-05,CANCELED,,
2026-10-06T04:02:21Z,1587612026-10-05,15876,2026-10-05,CANCELED,,
2026-10-06T04:02:21Z,1588212026-10-05,15882,2026-10-05,CANCELED,,
2026-10-06T04:02:21Z,1588612026-10-05,15886,2026-10-05,CANCELED,,
2026-10-06T04:02:21Z,1591212026-10-05,15912,2026-10-05,CANCELED,,
2026-10-06T04:02:21Z,3091212026-10-05,30912,2026-10-05,CANCELED,,
2026-10-06T04:02:21Z,1591612026-10-05,15916,2026-10-05,CANCELED,,
2026-10-06T04:02:21Z,3091612026-10-05,30916,2026-10-05,CANCELED,,
2026-10-06T04:02:21Z,1591812026-10-05,15918,2026-10-05,CANCELED,,
2026-10-06T04:02:21Z,3091812026-10-05,30918,2026-10-05,CANCELED,,
2026-10-06T04:02:21Z,1562412026-10-05,15624,2026-10-05,CANCELED,,
2026-10-06T04:06:59Z,0411412026-10-06,04114,2026-10-06,SCHEDULED,-60,-1.0
2026-10-06T04:06:59Z,0411422026-10-06,04114,2026-10-06,SCHEDULED,-60,-1.0
2026-10-06T04:06:59Z,0206312026-10-05,02063,2026-10-05,SCHEDULED,60,1.0
2026-10-06T04:06:59Z,0305212026-10-05,03052,2026-10-05,SCHEDULED,60,1.0
2026-10-06T04:06:59Z,0306212026-10-05,03062,2026-10-05,SCHEDULED,180,3.0
2026-10-06T04:06:59Z,0306222026-10-05,03062,2026-10-05,SCHEDULED,180,3.0
2026-10-06T04:06:59Z,0306232026-10-05,03062,2026-10-05,SCHEDULED,180,3.0
2026-10-06T04:06:59Z,0306242026-10-05,03062,2026-10-05,SCHEDULED,180,3.0
2026-10-06T04:06:59Z,0306212026-10-05,03062,2026-10-05,SCHEDULED,180,3.0
2026-10-06T04:06:59Z,0306222026-10-05,03062,2026-10-05,SCHEDULED,180,3.0
2026-10-06T04:06:59Z,0306232026-10-05,03062,2026-10-05,SCHEDULED,180,3.0
2026-10-06T04:06:59Z,0306242026-10-05,03062,2026-10-05,SCHEDULED,180,3.0
2026-10-06T04:06:59Z,0406012026-10-05,04060,2026-10-05,SCHEDULED,60,1.0
2026-10-06T04:06:59Z,0446412026-10-05,04464,2026-10-05,SCHEDULED,0,0.0
2026-10-06T04:06:59Z,0415412026-10-05,04154,2026-10-05,SCHEDULED,-60,-1.0
2026-10-06T04:06:59Z,0415422026-10-05,04154,2026-10-05,SCHEDULED,-60,-1.0
2026-10-06T04:06:59Z,0506312026-10-05,05063,2026-10-05,SCHEDULED,120,2.0
2026-10-06T04:06:59Z,0587112026-10-05,05871,2026-10-05,SCHEDULED,60,1.0
2026-10-06T04:06:59Z,0807212026-10-05,08072,2026-10-05,SCHEDULED,0,0.0
2026-10-06T04:06:59Z,0405612026-10-06,04056,2026-10-06,SCHEDULED,-60,-1.0
2026-10-06T04:06:59Z,1241112026-10-05,12411,2026-10-05,SCHEDULED,60,1.0
2026-10-06T04:06:59Z,1268912026-10-05,12689,2026-10-05,SCHEDULED,0,0.0
2026-10-06T04:06:59Z,1300112026-10-05,13001,2026-10-05,SCHEDULED,240,4.0
2026-10-06T04:06:59Z,1304112026-10-05,13041,2026-10-05,SCHEDULED,-60,-1.0
2026-10-06T04:06:59Z,1320112026-10-05,13201,2026-10-05,SCHEDULED,0,0.0
2026-10-06T04:06:59Z,1320212026-10-05,13202,2026-10-05,SCHEDULED,60,1.0
2026-10-06T04:06:59Z,1454112026-10-05,14541,2026-10-05,SCHEDULED,360,6.0
2026-10-06T04:06:59Z,1500012026-10-05,15000,2026-10-05,SCHEDULED,0,0.0
2026-10-06T04:06:59Z,1505112026-10-05,15051,2026-10-05,SCHEDULED,0,0.0
2026-10-06T04:06:59Z,1710612026-10-05,17106,2026-10-05,SCHEDULED,120,2.0
2026-10-06T04:06:59Z,1770712026-10-05,17707,2026-10-05,SCHEDULED,0,0.0
2026-10-06T04:06:59Z,1804112026-10-05,18041,2026-10-05,SCHEDULED,0,0.0
2026-10-06T04:06:59Z,1704312026-10-05,17043,2026-10-05,SCHEDULED,300,5.0
2026-10-06T04:06:59Z,1806812026-10-05,18068,2026-10-05,SCHEDULED,0,0.0
2026-10-06T04:06:59Z,1807112026-10-05,18071,2026-10-05,SCHEDULED,0,0.0
2026-10-06T04:06:59Z,1806612026-10-05,18066,2026-10-05,SCHEDULED,-120,-2.0
2026-10-06T04:06:59Z,1812012026-10-05,18120,2026-10-05,SCHEDULED,120,2.0
2026-10-06T04:06:59Z,1812112026-10-05,18121,2026-10-05,SCHEDULED,240,4.0
2026-10-06T04:06:59Z,1831012026-10-05,18310,2026-10-05,SCHEDULED,0,0.0
2026-10-06T04:06:59Z,3586912026-10-05,35869,2026-10-05,SCHEDULED,300,5.0
2026-10-06T04:06:59Z,1891012026-10-05,18910,2026-10-05,SCHEDULED,180,3.0
2026-10-06T04:06:59Z,1530912026-10-05,15309,2026-10-05,SCHEDULED,-60,-1.0
2026-10-06T04:06:59Z,1562012026-10-05,15620,2026-10-05,SCHEDULED,0,0.0
2026-10-06T04:06:59Z,1562112026-10-05,15621,2026-10-05,SCHEDULED,60,1.0
2026-10-06T04:06:59Z,1251212026-10-05,12512,2026-10-05,SCHEDULED,0,0.0
2026-10-06T04:06:59Z,0043812026-10-06,00438,2026-10-06,CANCELED,,
2026-10-06T04:06:59Z,0043822026-10-06,00438,2026-10-06,CANCELED,,
2026-10-06T04:06:59Z,0043832026-10-06,00438,2026-10-06,CANCELED,,
2026-10-06T04:06:59Z,3743812026-10-05,37438,2026-10-05,CANCELED,,
2026-10-06T04:06:59Z,0238412026-10-06,02384,2026-10-06,CANCELED,,
2026-10-06T04:06:59Z,1304912026-10-05,13049,2026-10-05,CANCELED,,
2026-10-06T04:06:59Z,1309512026-10-05,13095,2026-10-05,CANCELED,,
2026-10-06T04:06:59Z,1391112026-10-05,13911,2026-10-05,CANCELED,,
2026-10-06T04:06:59Z,1502012026-10-05,15020,2026-10-05,CANCELED,,
2026-10-06T04:06:59Z,1504112026-10-05,15041,2026-10-05,CANCELED,,
2026-10-06T04:06:59Z,1504512026-10-05,15045,2026-10-05,CANCELED,,
2026-10-06T04:06:59Z,1504712026-10-05,15047,2026-10-05,CANCELED,,
2026-10-06T04:06:59Z,1505312026-10-05,15053,2026-10-05,CANCELED,,
2026-10-06T04:06:59Z,1505412026-10-05,15054,2026-10-05,CANCELED,,
2026-10-06T04:06:59Z,1505512026-10-05,15055,2026-10-05,CANCELED,,
2026-10-06T04:06:59Z,1521412026-10-05,15214,2026-10-05,CANCELED,,
2026-10-06T04:06:59Z,1521512026-10-05,15215,2026-10-05,CANCELED,,
2026-10-06T04:06:59Z,1521612026-10-05,15216,2026-10-05,CANCELED,,
2026-10-06T04:06:59Z,1521712026-10-05,15217,2026-10-05,CANCELED,,
2026-10-06T04:06:59Z,1521812026-10-05,15218,2026-10-05,CANCELED,,
2026-10-06T04:06:59Z,1521912026-10-05,15219,2026-10-05,CANCELED,,
2026-10-06T04:06:59Z,1522012026-10-05,15220,2026-10-05,CANCELED,,
2026-10-06T04:06:59Z,1522112026-10-05,15221,2026-10-05,CANCELED,,
2026-10-06T04:06:59Z,1522212026-10-05,15222,2026-10-05,CANCELED,,
2026-10-06T04:06:59Z,1522312026-10-05,15223,2026-10-05,CANCELED,,
2026-10-06T04:06:59Z,1522412026-10-05,15224,2026-10-05,CANCELED,,
2026-10-06T04:06:59Z,1522512026-10-05,15225,2026-10-05,CANCELED,,
2026-10-06T04:06:59Z,1570012026-10-05,15700,2026-10-05,CANCELED,,
2026-10-06T04:06:59Z,1570212026-10-05,15702,2026-10-05,CANCELED,,
2026-10-06T04:06:59Z,1572412026-10-05,15724,2026-10-05,CANCELED,,
2026-10-06T04:06:59Z,1572612026-10-05,15726,2026-10-05,CANCELED,,
2026-10-06T04:06:59Z,1572812026-10-05,15728,2026-10-05,CANCELED,,
2026-10-06T04:06:59Z,1573212026-10-05,15732,2026-10-05,CANCELED,,
2026-10-06T04:06:59Z,1573412026-10-05,15734,2026-10-05,CANCELED,,
2026-10-06T04:06:59Z,1573812026-10-05,15738,2026-10-05,CANCELED,,
2026-10-06T04:06:59Z,1577012026-10-05,15770,2026-10-05,CANCELED,,
2026-10-06T04:06:59Z,1577212026-10-05,15772,2026-10-05,CANCELED,,
2026-10-06T04:06:59Z,1578212026-10-05,15782,2026-10-05,CANCELED,,
2026-10-06T04:06:59Z,1578412026-10-05,15784,2026-10-05,CANCELED,,
2026-10-06T04:06:59Z,1578612026-10-05,15786,2026-10-05,CANCELED,,
2026-10-06T04:06:59Z,1578812026-10-05,15788,2026-10-05,CANCELED,,
2026-10-06T04:06:59Z,1580612026-10-05,15806,2026-10-05,CANCELED,,
2026-10-06T04:06:59Z,1580822026-10-05,15808,2026-10-05,CANCELED,,
2026-10-06T04:06:59Z,1581222026-10-05,15812,2026-10-05,CANCELED,,
2026-10-06T04:06:59Z,1581612026-10-05,15816,2026-10-05,CANCELED,,
2026-10-06T04:06:59Z,1581812026-10-05,15818,2026-10-05,CANCELED,,
2026-10-06T04:06:59Z,1582012026-10-05,15820,2026-10-05,CANCELED,,
2026-10-06T04:06:59Z,1586212026-10-05,15862,2026-10-05,CANCELED,,
2026-10-06T04:06:59Z,1586422026-10-05,15864,2026-10-05,CANCELED,,
2026-10-06T04:06:59Z,1586612026-10-05,15866,2026-10-05,CANCELED,,
2026-10-06T04:06:59Z,1586822026-10-05,15868,2026-10-05,CANCELED,,
2026-10-06T04:06:59Z,1587412026-10-05,15874,2026-10-05,CANCELED,,
2026-10-06T04:06:59Z,1587612026-10-05,15876,2026-10-05,CANCELED,,
2026-10-06T04:06:59Z,1588212026-10-05,15882,2026-10-05,CANCELED,,
2026-10-06T04:06:59Z,1588612026-10-05,15886,2026-10-05,CANCELED,,
2026-10-06T04:06:59Z,1591212026-10-05,15912,2026-10-05,CANCELED,,
2026-10-06T04:06:59Z,3091212026-10-05,30912,2026-10-05,CANCELED,,
2026-10-06T04:06:59Z,1591612026-10-05,15916,2026-10-05,CANCELED,,
2026-10-06T04:06:59Z,3091612026-10-05,30916,2026-10-05,CANCELED,,
2026-10-06T04:06:59Z,1591812026-10-05,15918,2026-10-05,CANCELED,,
2026-10-06T04:06:59Z,3091812026-10-05,30918,2026-10-05,CANCELED,,
2026-10-06T04:06:59Z,1562412026-10-05,15624,2026-10-05,CANCELED,,
2026-10-06T04:11:56Z,0411412026-10-06,04114,2026-10-06,SCHEDULED,0,0.0
2026-10-06T04:11:56Z,0411422026-10-06,04114,2026-10-06,SCHEDULED,0,0.0
2026-10-06T04:11:56Z,0206112026-10-05,02061,2026-10-05,SCHEDULED,120,2.0
2026-10-06T04:11:56Z,0206312026-10-05,02063,2026-10-05,SCHEDULED,120,2.0
2026-10-06T04:11:56Z,0206712026-10-05,02067,2026-10-05,SCHEDULED,0,0.0
2026-10-06T04:11:56Z,0305212026-10-05,03052,2026-10-05,SCHEDULED,0,0.0
2026-10-06T04:11:56Z,0306212026-10-05,03062,2026-10-05,SCHEDULED,180,3.0
2026-10-06T04:11:56Z,0306222026-10-05,03062,2026-10-05,SCHEDULED,180,3.0
2026-10-06T04:11:56Z,0306232026-10-05,03062,2026-10-05,SCHEDULED,180,3.0
2026-10-06T04:11:56Z,0306242026-10-05,03062,2026-10-05,SCHEDULED,180,3.0
2026-10-06T04:11:56Z,0306212026-10-05,03062,2026-10-05,SCHEDULED,240,4.0
2026-10-06T04:11:56Z,0306222026-10-05,03062,2026-10-05,SCHEDULED,240,4.0
2026-10-06T04:11:56Z,0306232026-10-05,03062,2026-10-05,SCHEDULED,240,4.0
2026-10-06T04:11:56Z,0306242026-10-05,03062,2026-10-05,SCHEDULED,240,4.0
2026-10-06T04:11:56Z,0406012026-10-05,04060,2026-10-05,SCHEDULED,60,1.0
2026-10-06T04:11:56Z,0446412026-10-05,04464,2026-10-05,SCHEDULED,60,1.0
2026-10-06T04:11:56Z,0415412026-10-05,04154,2026-10-05,SCHEDULED,-60,-1.0
2026-10-06T04:11:56Z,0415422026-10-05,04154,2026-10-05,SCHEDULED,-60,-1.0
2026-10-06T04:11:56Z,0506312026-10-05,05063,2026-10-05,SCHEDULED,60,1.0
2026-10-06T04:11:56Z,0587112026-10-05,05871,2026-10-05,SCHEDULED,240,4.0
2026-10-06T04:11:56Z,0826112026-10-05,08261,2026-10-05,SCHEDULED,180,3.0
2026-10-06T04:11:56Z,0807212026-10-05,08072,2026-10-05,SCHEDULED,0,0.0
2026-10-06T04:11:56Z,0906112026-10-05,09061,2026-10-05,SCHEDULED,0,0.0
2026-10-06T04:11:56Z,0405612026-10-06,04056,2026-10-06,SCHEDULED,240,4.0
2026-10-06T04:11:56Z,1241112026-10-05,12411,2026-10-05,SCHEDULED,0,0.0
2026-10-06T04:11:56Z,1268912026-10-05,12689,2026-10-05,SCHEDULED,0,0.0
2026-10-06T04:11:56Z,1300112026-10-05,13001,2026-10-05,SCHEDULED,300,5.0
2026-10-06T04:11:56Z,1304112026-10-05,13041,2026-10-05,SCHEDULED,0,0.0
2026-10-06T04:11:56Z,1320112026-10-05,13201,2026-10-05,SCHEDULED,0,0.0
2026-10-06T04:11:56Z,1320212026-10-05,13202,2026-10-05,SCHEDULED,120,2.0
2026-10-06T04:11:56Z,1500012026-10-05,15000,2026-10-05,SCHEDULED,60,1.0
2026-10-06T04:11:56Z,1710612026-10-05,17106,2026-10-05,SCHEDULED,120,2.0
2026-10-06T04:11:56Z,1770712026-10-05,17707,2026-10-05,SCHEDULED,0,0.0
2026-10-06T04:11:56Z,1804112026-10-05,18041,2026-10-05,SCHEDULED,0,0.0
2026-10-06T04:11:56Z,1804612026-10-05,18046,2026-10-05,SCHEDULED,0,0.0
2026-10-06T04:11:56Z,1704312026-10-05,17043,2026-10-05,SCHEDULED,360,6.0
2026-10-06T04:11:56Z,1806812026-10-05,18068,2026-10-05,SCHEDULED,0,0.0
2026-10-06T04:11:56Z,1807112026-10-05,18071,2026-10-05,SCHEDULED,-120,-2.0
2026-10-06T04:11:56Z,1806612026-10-05,18066,2026-10-05,SCHEDULED,-180,-3.0
2026-10-06T04:11:56Z,1812012026-10-05,18120,2026-10-05,SCHEDULED,120,2.0
2026-10-06T04:11:56Z,1812112026-10-05,18121,2026-10-05,SCHEDULED,180,3.0
2026-10-06T04:11:56Z,1831012026-10-05,18310,2026-10-05,SCHEDULED,60,1.0
2026-10-06T04:11:56Z,3586912026-10-05,35869,2026-10-05,SCHEDULED,480,8.0
2026-10-06T04:11:56Z,1891012026-10-05,18910,2026-10-05,SCHEDULED,300,5.0
2026-10-06T04:11:56Z,1530912026-10-05,15309,2026-10-05,SCHEDULED,-60,-1.0
2026-10-06T04:11:56Z,1562012026-10-05,15620,2026-10-05,SCHEDULED,0,0.0
2026-10-06T04:11:56Z,1562112026-10-05,15621,2026-10-05,SCHEDULED,60,1.0
2026-10-06T04:11:56Z,1251212026-10-05,12512,2026-10-05,SCHEDULED,0,0.0
2026-10-06T04:11:56Z,0043812026-10-06,00438,2026-10-06,CANCELED,,
2026-10-06T04:11:56Z,0043822026-10-06,00438,2026-10-06,CANCELED,,
2026-10-06T04:11:56Z,0043832026-10-06,00438,2026-10-06,CANCELED,,
2026-10-06T04:11:56Z,3743812026-10-05,37438,2026-10-05,CANCELED,,
2026-10-06T04:11:56Z,0238412026-10-06,02384,2026-10-06,CANCELED,,
2026-10-06T04:11:56Z,1304912026-10-05,13049,2026-10-05,CANCELED,,
2026-10-06T04:11:56Z,1309512026-10-05,13095,2026-10-05,CANCELED,,
2026-10-06T04:11:56Z,1391112026-10-05,13911,2026-10-05,CANCELED,,
2026-10-06T04:11:56Z,1502012026-10-05,15020,2026-10-05,CANCELED,,
2026-10-06T04:11:56Z,1504112026-10-05,15041,2026-10-05,CANCELED,,
2026-10-06T04:11:56Z,1504512026-10-05,15045,2026-10-05,CANCELED,,
2026-10-06T04:11:56Z,1504712026-10-05,15047,2026-10-05,CANCELED,,
2026-10-06T04:11:56Z,1505112026-10-05,15051,2026-10-05,CANCELED,,
2026-10-06T04:11:56Z,1505312026-10-05,15053,2026-10-05,CANCELED,,
2026-10-06T04:11:56Z,1505412026-10-05,15054,2026-10-05,CANCELED,,
2026-10-06T04:11:56Z,1505512026-10-05,15055,2026-10-05,CANCELED,,
2026-10-06T04:11:56Z,1521412026-10-05,15214,2026-10-05,CANCELED,,
2026-10-06T04:11:56Z,1521512026-10-05,15215,2026-10-05,CANCELED,,
2026-10-06T04:11:56Z,1521612026-10-05,15216,2026-10-05,CANCELED,,
2026-10-06T04:11:56Z,1521712026-10-05,15217,2026-10-05,CANCELED,,
2026-10-06T04:11:56Z,1521812026-10-05,15218,2026-10-05,CANCELED,,
2026-10-06T04:11:56Z,1521912026-10-05,15219,2026-10-05,CANCELED,,
2026-10-06T04:11:56Z,1522012026-10-05,15220,2026-10-05,CANCELED,,
2026-10-06T04:11:56Z,1522112026-10-05,15221,2026-10-05,CANCELED,,
2026-10-06T04:11:56Z,1522212026-10-05,15222,2026-10-05,CANCELED,,
2026-10-06T04:11:56Z,1522312026-10-05,15223,2026-10-05,CANCELED,,
2026-10-06T04:11:56Z,1522412026-10-05,15224,2026-10-05,CANCELED,,
2026-10-06T04:11:56Z,1522512026-10-05,15225,2026-10-05,CANCELED,,
2026-10-06T04:11:56Z,1570012026-10-05,15700,2026-10-05,CANCELED,,
2026-10-06T04:11:56Z,1570212026-10-05,15702,2026-10-05,CANCELED,,
2026-10-06T04:11:56Z,1572412026-10-05,15724,2026-10-05,CANCELED,,
2026-10-06T04:11:56Z,1572612026-10-05,15726,2026-10-05,CANCELED,,
2026-10-06T04:11:56Z,1572812026-10-05,15728,2026-10-05,CANCELED,,
2026-10-06T04:11:56Z,1573212026-10-05,15732,2026-10-05,CANCELED,,
2026-10-06T04:11:56Z,1573412026-10-05,15734,2026-10-05,CANCELED,,
2026-10-06T04:11:56Z,1573812026-10-05,15738,2026-10-05,CANCELED,,
2026-10-06T04:11:56Z,1577012026-10-05,15770,2026-10-05,CANCELED,,
2026-10-06T04:11:56Z,1577212026-10-05,15772,2026-10-05,CANCELED,,
2026-10-06T04:11:56Z,1578212026-10-05,15782,2026-10-05,CANCELED,,
2026-10-06T04:11:56Z,1578412026-10-05,15784,2026-10-05,CANCELED,,
2026-10-06T04:11:56Z,1578612026-10-05,15786,2026-10-05,CANCELED,,
2026-10-06T04:11:56Z,1578812026-10-05,15788,2026-10-05,CANCELED,,
2026-10-06T04:11:56Z,1580612026-10-05,15806,2026-10-05,CANCELED,,
2026-10-06T04:11:56Z,1580822026-10-05,15808,2026-10-05,CANCELED,,
2026-10-06T04:11:56Z,1581222026-10-05,15812,2026-10-05,CANCELED,,
2026-10-06T04:11:56Z,1581612026-10-05,15816,2026-10-05,CANCELED,,
2026-10-06T04:11:56Z,1581812026-10-05,15818,2026-10-05,CANCELED,,
2026-10-06T04:11:56Z,1582012026-10-05,15820,2026-10-05,CANCELED,,
2026-10-06T04:11:56Z,1586212026-10-05,15862,2026-10-05,CANCELED,,
2026-10-06T04:11:56Z,1586422026-10-05,15864,2026-10-05,CANCELED,,
2026-10-06T04:11:56Z,1586612026-10-05,15866,2026-10-05,CANCELED,,
2026-10-06T04:11:56Z,1586822026-10-05,15868,2026-10-05,CANCELED,,
2026-10-06T04:11:56Z,1587412026-10-05,15874,2026-10-05,CANCELED,,
2026-10-06T04:11:56Z,1587612026-10-05,15876,2026-10-05,CANCELED,,
2026-10-06T04:11:56Z,1588212026-10-05,15882,2026-10-05,CANCELED,,
2026-10-06T04:11:56Z,1588612026-10-05,15886,2026-10-05,CANCELED,,
2026-10-06T04:11:56Z,1591212026-10-05,15912,2026-10-05,CANCELED,,
2026-10-06T04:11:56Z,3091212026-10-05,30912,2026-10-05,CANCELED,,
2026-10-06T04:11:56Z,1591612026-10-05,15916,2026-10-05,CANCELED,,
2026-10-06T04:11:56Z,3091612026-10-05,30916,2026-10-05,CANCELED,,
2026-10-06T04:11:56Z,1591812026-10-05,15918,2026-10-05,CANCELED,,
2026-10-06T04:11:56Z,3091812026-10-05,30918,2026-10-05,CANCELED,,
2026-10-06T04:11:56Z,1562412026-10-05,15624,2026-10-05,CANCELED,,
2026-10-06T04:17:07Z,0411412026-10-06,04114,2026-10-06,SCHEDULED,60,1.0
2026-10-06T04:17:07Z,0411422026-10-06,04114,2026-10-06,SCHEDULED,60,1.0
2026-10-06T04:17:07Z,0206112026-10-05,02061,2026-10-05,SCHEDULED,120,2.0
2026-10-06T04:17:07Z,0206312026-10-05,02063,2026-10-05,SCHEDULED,120,2.0
2026-10-06T04:17:07Z,0206712026-10-05,02067,2026-10-05,SCHEDULED,0,0.0
2026-10-06T04:17:07Z,0305212026-10-05,03052,2026-10-05,SCHEDULED,60,1.0
2026-10-06T04:17:07Z,0306212026-10-05,03062,2026-10-05,SCHEDULED,120,2.0
2026-10-06T04:17:07Z,0306222026-10-05,03062,2026-10-05,SCHEDULED,120,2.0
2026-10-06T04:17:07Z,0306232026-10-05,03062,2026-10-05,SCHEDULED,120,2.0
2026-10-06T04:17:07Z,0306242026-10-05,03062,2026-10-05,SCHEDULED,120,2.0
2026-10-06T04:17:07Z,0306212026-10-05,03062,2026-10-05,SCHEDULED,180,3.0
2026-10-06T04:17:07Z,0306222026-10-05,03062,2026-10-05,SCHEDULED,180,3.0
2026-10-06T04:17:07Z,0306232026-10-05,03062,2026-10-05,SCHEDULED,180,3.0
2026-10-06T04:17:07Z,0306242026-10-05,03062,2026-10-05,SCHEDULED,180,3.0
2026-10-06T04:17:07Z,0406012026-10-05,04060,2026-10-05,SCHEDULED,-60,-1.0
2026-10-06T04:17:07Z,0446412026-10-05,04464,2026-10-05,SCHEDULED,0,0.0
2026-10-06T04:17:07Z,0415412026-10-05,04154,2026-10-05,SCHEDULED,-60,-1.0
2026-10-06T04:17:07Z,0415422026-10-05,04154,2026-10-05,SCHEDULED,-60,-1.0
2026-10-06T04:17:07Z,0506312026-10-05,05063,2026-10-05,SCHEDULED,120,2.0
2026-10-06T04:17:07Z,0587112026-10-05,05871,2026-10-05,SCHEDULED,300,5.0
2026-10-06T04:17:07Z,0826112026-10-05,08261,2026-10-05,SCHEDULED,360,6.0
2026-10-06T04:17:07Z,0807212026-10-05,08072,2026-10-05,SCHEDULED,60,1.0
2026-10-06T04:17:07Z,0906112026-10-05,09061,2026-10-05,SCHEDULED,0,0.0
2026-10-06T04:17:07Z,0405612026-10-06,04056,2026-10-06,SCHEDULED,120,2.0
2026-10-06T04:17:07Z,1241112026-10-05,12411,2026-10-05,SCHEDULED,-60,-1.0
2026-10-06T04:17:07Z,1261112026-10-05,12611,2026-10-05,SCHEDULED,60,1.0
2026-10-06T04:17:07Z,1268912026-10-05,12689,2026-10-05,SCHEDULED,180,3.0
2026-10-06T04:17:07Z,1300112026-10-05,13001,2026-10-05,SCHEDULED,420,7.0
2026-10-06T04:17:07Z,1304112026-10-05,13041,2026-10-05,SCHEDULED,0,0.0
2026-10-06T04:17:07Z,1308412026-10-05,13084,2026-10-05,SCHEDULED,0,0.0
2026-10-06T04:17:07Z,1320112026-10-05,13201,2026-10-05,SCHEDULED,0,0.0
2026-10-06T04:17:07Z,1320212026-10-05,13202,2026-10-05,SCHEDULED,60,1.0
2026-10-06T04:17:07Z,1500012026-10-05,15000,2026-10-05,SCHEDULED,60,1.0
2026-10-06T04:17:07Z,1500212026-10-05,15002,2026-10-05,SCHEDULED,60,1.0
2026-10-06T04:17:07Z,1565012026-10-05,15650,2026-10-05,SCHEDULED,60,1.0
2026-10-06T04:17:07Z,1702112026-10-05,17021,2026-10-05,SCHEDULED,60,1.0
2026-10-06T04:17:07Z,1710612026-10-05,17106,2026-10-05,SCHEDULED,60,1.0
2026-10-06T04:17:07Z,1770712026-10-05,17707,2026-10-05,SCHEDULED,60,1.0
2026-10-06T04:17:07Z,1804112026-10-05,18041,2026-10-05,SCHEDULED,180,3.0
2026-10-06T04:17:07Z,1804612026-10-05,18046,2026-10-05,SCHEDULED,60,1.0
2026-10-06T04:17:07Z,1704312026-10-05,17043,2026-10-05,SCHEDULED,360,6.0
2026-10-06T04:17:07Z,1808412026-10-05,18084,2026-10-05,SCHEDULED,-60,-1.0
2026-10-06T04:17:07Z,1806812026-10-05,18068,2026-10-05,SCHEDULED,0,0.0
2026-10-06T04:17:07Z,1807112026-10-05,18071,2026-10-05,SCHEDULED,-120,-2.0
2026-10-06T04:17:07Z,1806612026-10-05,18066,2026-10-05,SCHEDULED,-120,-2.0
2026-10-06T04:17:07Z,1812012026-10-05,18120,2026-10-05,SCHEDULED,60,1.0
2026-10-06T04:17:07Z,1812112026-10-05,18121,2026-10-05,SCHEDULED,180,3.0
2026-10-06T04:17:07Z,1831012026-10-05,18310,2026-10-05,SCHEDULED,-60,-1.0
2026-10-06T04:17:07Z,3586912026-10-05,35869,2026-10-05,SCHEDULED,480,8.0
2026-10-06T04:17:07Z,1891012026-10-05,18910,2026-10-05,SCHEDULED,240,4.0
2026-10-06T04:17:07Z,1530912026-10-05,15309,2026-10-05,SCHEDULED,0,0.0
2026-10-06T04:17:07Z,1562012026-10-05,15620,2026-10-05,SCHEDULED,0,0.0
2026-10-06T04:17:07Z,1562112026-10-05,15621,2026-10-05,SCHEDULED,60,1.0
2026-10-06T04:17:07Z,1251212026-10-05,12512,2026-10-05,SCHEDULED,0,0.0
2026-10-06T04:17:07Z,0043812026-10-06,00438,2026-10-06,CANCELED,,
2026-10-06T04:17:07Z,0043822026-10-06,00438,2026-10-06,CANCELED,,
2026-10-06T04:17:07Z,0043832026-10-06,00438,2026-10-06,CANCELED,,
2026-10-06T04:17:07Z,3743812026-10-05,37438,2026-10-05,CANCELED,,
2026-10-06T04:17:07Z,0238412026-10-06,02384,2026-10-06,CANCELED,,
2026-10-06T04:17:07Z,1304912026-10-05,13049,2026-10-05,CANCELED,,
2026-10-06T04:17:07Z,1309512026-10-05,13095,2026-10-05,CANCELED,,
2026-10-06T04:17:07Z,1391112026-10-05,13911,2026-10-05,CANCELED,,
2026-10-06T04:17:07Z,1502012026-10-05,15020,2026-10-05,CANCELED,,
2026-10-06T04:17:07Z,1504112026-10-05,15041,2026-10-05,CANCELED,,
2026-10-06T04:17:07Z,1504512026-10-05,15045,2026-10-05,CANCELED,,
2026-10-06T04:17:07Z,1504712026-10-05,15047,2026-10-05,CANCELED,,
2026-10-06T04:17:07Z,1505112026-10-05,15051,2026-10-05,CANCELED,,
2026-10-06T04:17:07Z,1505312026-10-05,15053,2026-10-05,CANCELED,,
2026-10-06T04:17:07Z,1505412026-10-05,15054,2026-10-05,CANCELED,,
2026-10-06T04:17:07Z,1505512026-10-05,15055,2026-10-05,CANCELED,,
2026-10-06T04:17:07Z,1521012026-10-05,15210,2026-10-05,CANCELED,,
2026-10-06T04:17:07Z,1521112026-10-05,15211,2026-10-05,CANCELED,,
2026-10-06T04:17:07Z,1521312026-10-05,15213,2026-10-05,CANCELED,,
2026-10-06T04:17:07Z,1521412026-10-05,15214,2026-10-05,CANCELED,,
2026-10-06T04:17:07Z,1521512026-10-05,15215,2026-10-05,CANCELED,,
2026-10-06T04:17:07Z,1521612026-10-05,15216,2026-10-05,CANCELED,,
2026-10-06T04:17:07Z,1521712026-10-05,15217,2026-10-05,CANCELED,,
2026-10-06T04:17:07Z,1521812026-10-05,15218,2026-10-05,CANCELED,,
2026-10-06T04:17:07Z,1521912026-10-05,15219,2026-10-05,CANCELED,,
2026-10-06T04:17:07Z,1522012026-10-05,15220,2026-10-05,CANCELED,,
2026-10-06T04:17:07Z,1522112026-10-05,15221,2026-10-05,CANCELED,,
2026-10-06T04:17:07Z,1522212026-10-05,15222,2026-10-05,CANCELED,,
2026-10-06T04:17:07Z,1522312026-10-05,15223,2026-10-05,CANCELED,,
2026-10-06T04:17:07Z,1522412026-10-05,15224,2026-10-05,CANCELED,,
2026-10-06T04:17:07Z,1522512026-10-05,15225,2026-10-05,CANCELED,,
2026-10-06T04:17:07Z,1570012026-10-05,15700,2026-10-05,CANCELED,,
2026-10-06T04:17:07Z,1570212026-10-05,15702,2026-10-05,CANCELED,,
2026-10-06T04:17:07Z,1572412026-10-05,15724,2026-10-05,CANCELED,,
2026-10-06T04:17:07Z,1572612026-10-05,15726,2026-10-05,CANCELED,,
2026-10-06T04:17:07Z,1572812026-10-05,15728,2026-10-05,CANCELED,,
2026-10-06T04:17:07Z,1573212026-10-05,15732,2026-10-05,CANCELED,,
2026-10-06T04:17:07Z,1573412026-10-05,15734,2026-10-05,CANCELED,,
2026-10-06T04:17:07Z,1573812026-10-05,15738,2026-10-05,CANCELED,,
2026-10-06T04:17:07Z,1577012026-10-05,15770,2026-10-05,CANCELED,,
2026-10-06T04:17:07Z,1577212026-10-05,15772,2026-10-05,CANCELED,,
2026-10-06T04:17:07Z,1578212026-10-05,15782,2026-10-05,CANCELED,,
2026-10-06T04:17:07Z,1578412026-10-05,15784,2026-10-05,CANCELED,,
2026-10-06T04:17:07Z,1578612026-10-05,15786,2026-10-05,CANCELED,,
2026-10-06T04:17:07Z,1578812026-10-05,15788,2026-10-05,CANCELED,,
2026-10-06T04:17:07Z,1580612026-10-05,15806,2026-10-05,CANCELED,,
2026-10-06T04:17:07Z,1580822026-10-05,15808,2026-10-05,CANCELED,,
2026-10-06T04:17:07Z,1581222026-10-05,15812,2026-10-05,CANCELED,,
2026-10-06T04:17:07Z,1581612026-10-05,15816,2026-10-05,CANCELED,,
2026-10-06T04:17:07Z,1581812026-10-05,15818,2026-10-05,CANCELED,,
2026-10-06T04:17:07Z,1582012026-10-05,15820,2026-10-05,CANCELED,,
2026-10-06T04:17:07Z,1586212026-10-05,15862,2026-10-05,CANCELED,,
2026-10-06T04:17:07Z,1586422026-10-05,15864,2026-10-05,CANCELED,,
2026-10-06T04:17:07Z,1586612026-10-05,15866,2026-10-05,CANCELED,,
2026-10-06T04:17:07Z,1586822026-10-05,15868,2026-10-05,CANCELED,,
2026-10-06T04:17:07Z,1587412026-10-05,15874,2026-10-05,CANCELED,,
2026-10-06T04:17:07Z,1587612026-10-05,15876,2026-10-05,CANCELED,,
2026-10-06T04:17:07Z,1588212026-10-05,15882,2026-10-05,CANCELED,,
2026-10-06T04:17:07Z,1588612026-10-05,15886,2026-10-05,CANCELED,,
2026-10-06T04:17:07Z,1591212026-10-05,15912,2026-10-05,CANCELED,,
2026-10-06T04:17:07Z,3091212026-10-05,30912,2026-10-05,CANCELED,,
2026-10-06T04:17:07Z,1591612026-10-05,15916,2026-10-05,CANCELED,,
2026-10-06T04:17:07Z,3091612026-10-05,30916,2026-10-05,CANCELED,,
2026-10-06T04:17:07Z,1591812026-10-05,15918,2026-10-05,CANCELED,,
2026-10-06T04:17:07Z,3091812026-10-05,30918,2026-10-05,CANCELED,,
2026-10-06T04:17:07Z,1562412026-10-05,15624,2026-10-05,CANCELED,,
2026-10-06T04:21:55Z,0411412026-10-06,04114,2026-10-06,SCHEDULED,60,1.0
2026-10-06T04:21:55Z,0411422026-10-06,04114,2026-10-06,SCHEDULED,60,1.0
2026-10-06T04:21:55Z,0206112026-10-05,02061,2026-10-05,SCHEDULED,120,2.0
2026-10-06T04:21:55Z,0206312026-10-05,02063,2026-10-05,SCHEDULED,60,1.0
2026-10-06T04:21:55Z,0206712026-10-05,02067,2026-10-05,SCHEDULED,0,0.0
2026-10-06T04:21:55Z,0207512026-10-06,02075,2026-10-06,SCHEDULED,180,3.0
2026-10-06T04:21:55Z,0305212026-10-05,03052,2026-10-05,SCHEDULED,120,2.0
2026-10-06T04:21:55Z,0330112026-10-05,03301,2026-10-05,SCHEDULED,60,1.0
2026-10-06T04:21:55Z,0306212026-10-05,03062,2026-10-05,SCHEDULED,120,2.0
2026-10-06T04:21:55Z,0306222026-10-05,03062,2026-10-05,SCHEDULED,120,2.0
2026-10-06T04:21:55Z,0306232026-10-05,03062,2026-10-05,SCHEDULED,120,2.0
2026-10-06T04:21:55Z,0306242026-10-05,03062,2026-10-05,SCHEDULED,120,2.0
2026-10-06T04:21:55Z,0306212026-10-05,03062,2026-10-05,SCHEDULED,240,4.0
2026-10-06T04:21:55Z,0306222026-10-05,03062,2026-10-05,SCHEDULED,240,4.0
2026-10-06T04:21:55Z,0306232026-10-05,03062,2026-10-05,SCHEDULED,240,4.0
2026-10-06T04:21:55Z,0306242026-10-05,03062,2026-10-05,SCHEDULED,240,4.0
2026-10-06T04:21:55Z,0366212026-10-05,03662,2026-10-05,SCHEDULED,0,0.0
2026-10-06T04:21:55Z,0366222026-10-05,03662,2026-10-05,SCHEDULED,0,0.0
2026-10-06T04:21:55Z,0406012026-10-05,04060,2026-10-05,SCHEDULED,60,1.0
2026-10-06T04:21:55Z,0446412026-10-05,04464,2026-10-05,SCHEDULED,0,0.0
2026-10-06T04:21:55Z,0415412026-10-05,04154,2026-10-05,SCHEDULED,-240,-4.0
2026-10-06T04:21:55Z,0415422026-10-05,04154,2026-10-05,SCHEDULED,-240,-4.0
2026-10-06T04:21:55Z,0506312026-10-05,05063,2026-10-05,SCHEDULED,120,2.0
2026-10-06T04:21:55Z,0566812026-10-05,05668,2026-10-05,SCHEDULED,180,3.0
2026-10-06T04:21:55Z,0587112026-10-05,05871,2026-10-05,SCHEDULED,300,5.0
2026-10-06T04:21:55Z,0826112026-10-05,08261,2026-10-05,SCHEDULED,540,9.0
2026-10-06T04:21:55Z,0807212026-10-05,08072,2026-10-05,SCHEDULED,180,3.0
2026-10-06T04:21:55Z,0906112026-10-05,09061,2026-10-05,SCHEDULED,-120,-2.0
2026-10-06T04:21:55Z,0405612026-10-06,04056,2026-10-06,SCHEDULED,120,2.0
2026-10-06T04:21:55Z,1241112026-10-05,12411,2026-10-05,SCHEDULED,-60,-1.0
2026-10-06T04:21:55Z,1261112026-10-05,12611,2026-10-05,SCHEDULED,60,1.0
2026-10-06T04:21:55Z,1268912026-10-05,12689,2026-10-05,SCHEDULED,180,3.0
2026-10-06T04:21:55Z,1300112026-10-05,13001,2026-10-05,SCHEDULED,420,7.0
2026-10-06T04:21:55Z,1304112026-10-05,13041,2026-10-05,SCHEDULED,0,0.0
2026-10-06T04:21:55Z,1308412026-10-05,13084,2026-10-05,SCHEDULED,0,0.0
2026-10-06T04:21:55Z,1320112026-10-05,13201,2026-10-05,SCHEDULED,-60,-1.0
2026-10-06T04:21:55Z,1320212026-10-05,13202,2026-10-05,SCHEDULED,60,1.0
2026-10-06T04:21:55Z,1500012026-10-05,15000,2026-10-05,SCHEDULED,60,1.0
2026-10-06T04:21:55Z,1500212026-10-05,15002,2026-10-05,SCHEDULED,60,1.0
2026-10-06T04:21:55Z,1565012026-10-05,15650,2026-10-05,SCHEDULED,0,0.0
2026-10-06T04:21:55Z,1702112026-10-05,17021,2026-10-05,SCHEDULED,180,3.0
2026-10-06T04:21:55Z,1710612026-10-05,17106,2026-10-05,SCHEDULED,60,1.0
2026-10-06T04:21:55Z,1770712026-10-05,17707,2026-10-05,SCHEDULED,60,1.0
2026-10-06T04:21:55Z,1804112026-10-05,18041,2026-10-05,SCHEDULED,180,3.0
2026-10-06T04:21:55Z,1804612026-10-05,18046,2026-10-05,SCHEDULED,180,3.0
2026-10-06T04:21:55Z,1704312026-10-05,17043,2026-10-05,SCHEDULED,300,5.0
2026-10-06T04:21:55Z,1808412026-10-05,18084,2026-10-05,SCHEDULED,-60,-1.0
2026-10-06T04:21:55Z,1806812026-10-05,18068,2026-10-05,SCHEDULED,0,0.0
2026-10-06T04:21:55Z,1807112026-10-05,18071,2026-10-05,SCHEDULED,0,0.0
2026-10-06T04:21:55Z,1807212026-10-05,18072,2026-10-05,SCHEDULED,-60,-1.0
2026-10-06T04:21:55Z,1806612026-10-05,18066,2026-10-05,SCHEDULED,-240,-4.0
2026-10-06T04:21:55Z,1812012026-10-05,18120,2026-10-05,SCHEDULED,60,1.0
2026-10-06T04:21:55Z,1812112026-10-05,18121,2026-10-05,SCHEDULED,300,5.0
2026-10-06T04:21:55Z,1831012026-10-05,18310,2026-10-05,SCHEDULED,-120,-2.0
2026-10-06T04:21:55Z,1877312026-10-05,18773,2026-10-05,SCHEDULED,60,1.0
2026-10-06T04:21:55Z,3586912026-10-05,35869,2026-10-05,SCHEDULED,480,8.0
2026-10-06T04:21:55Z,1891012026-10-05,18910,2026-10-05,SCHEDULED,240,4.0
2026-10-06T04:21:55Z,1443312026-10-05,14433,2026-10-05,SCHEDULED,60,1.0
2026-10-06T04:21:55Z,1530912026-10-05,15309,2026-10-05,SCHEDULED,0,0.0
2026-10-06T04:21:55Z,1503112026-10-05,15031,2026-10-05,SCHEDULED,-60,-1.0
2026-10-06T04:21:55Z,1447012026-10-05,14470,2026-10-05,SCHEDULED,0,0.0
2026-10-06T04:21:55Z,0947012026-10-05,09470,2026-10-05,SCHEDULED,-720,-12.0
2026-10-06T04:21:55Z,1562012026-10-05,15620,2026-10-05,SCHEDULED,0,0.0
2026-10-06T04:21:55Z,1562112026-10-05,15621,2026-10-05,SCHEDULED,60,1.0
2026-10-06T04:21:55Z,1251212026-10-05,12512,2026-10-05,SCHEDULED,60,1.0
2026-10-06T04:21:55Z,0043812026-10-06,00438,2026-10-06,CANCELED,,
2026-10-06T04:21:55Z,0043822026-10-06,00438,2026-10-06,CANCELED,,
2026-10-06T04:21:55Z,0043832026-10-06,00438,2026-10-06,CANCELED,,
2026-10-06T04:21:55Z,3743812026-10-05,37438,2026-10-05,CANCELED,,
2026-10-06T04:21:55Z,0238412026-10-06,02384,2026-10-06,CANCELED,,
2026-10-06T04:21:55Z,1304912026-10-05,13049,2026-10-05,CANCELED,,
2026-10-06T04:21:55Z,1309512026-10-05,13095,2026-10-05,CANCELED,,
2026-10-06T04:21:55Z,1391112026-10-05,13911,2026-10-05,CANCELED,,
2026-10-06T04:21:55Z,1502012026-10-05,15020,2026-10-05,CANCELED,,
2026-10-06T04:21:55Z,1504112026-10-05,15041,2026-10-05,CANCELED,,
2026-10-06T04:21:55Z,1504512026-10-05,15045,2026-10-05,CANCELED,,
2026-10-06T04:21:55Z,1504712026-10-05,15047,2026-10-05,CANCELED,,
2026-10-06T04:21:55Z,1505112026-10-05,15051,2026-10-05,CANCELED,,
2026-10-06T04:21:55Z,1505312026-10-05,15053,2026-10-05,CANCELED,,
2026-10-06T04:21:55Z,1505412026-10-05,15054,2026-10-05,CANCELED,,
2026-10-06T04:21:55Z,1505512026-10-05,15055,2026-10-05,CANCELED,,
2026-10-06T04:21:55Z,1521012026-10-05,15210,2026-10-05,CANCELED,,
2026-10-06T04:21:55Z,1521112026-10-05,15211,2026-10-05,CANCELED,,
2026-10-06T04:21:55Z,1521312026-10-05,15213,2026-10-05,CANCELED,,
2026-10-06T04:21:55Z,1521412026-10-05,15214,2026-10-05,CANCELED,,
2026-10-06T04:21:55Z,1521512026-10-05,15215,2026-10-05,CANCELED,,
2026-10-06T04:21:55Z,1521612026-10-05,15216,2026-10-05,CANCELED,,
2026-10-06T04:21:55Z,1521712026-10-05,15217,2026-10-05,CANCELED,,
2026-10-06T04:21:55Z,1521812026-10-05,15218,2026-10-05,CANCELED,,
2026-10-06T04:21:55Z,1521912026-10-05,15219,2026-10-05,CANCELED,,
2026-10-06T04:21:55Z,1522012026-10-05,15220,2026-10-05,CANCELED,,
2026-10-06T04:21:55Z,1522112026-10-05,15221,2026-10-05,CANCELED,,
2026-10-06T04:21:55Z,1522212026-10-05,15222,2026-10-05,CANCELED,,
2026-10-06T04:21:55Z,1522312026-10-05,15223,2026-10-05,CANCELED,,
2026-10-06T04:21:55Z,1522412026-10-05,15224,2026-10-05,CANCELED,,
2026-10-06T04:21:55Z,1522512026-10-05,15225,2026-10-05,CANCELED,,
2026-10-06T04:21:55Z,1570012026-10-05,15700,2026-10-05,CANCELED,,
2026-10-06T04:21:55Z,1570212026-10-05,15702,2026-10-05,CANCELED,,
2026-10-06T04:21:55Z,1572012026-10-05,15720,2026-10-05,CANCELED,,
2026-10-06T04:21:55Z,1572412026-10-05,15724,2026-10-05,CANCELED,,
2026-10-06T04:21:55Z,1572612026-10-05,15726,2026-10-05,CANCELED,,
2026-10-06T04:21:55Z,1572812026-10-05,15728,2026-10-05,CANCELED,,
2026-10-06T04:21:55Z,1573212026-10-05,15732,2026-10-05,CANCELED,,
2026-10-06T04:21:55Z,1573412026-10-05,15734,2026-10-05,CANCELED,,
2026-10-06T04:21:55Z,1573812026-10-05,15738,2026-10-05,CANCELED,,
2026-10-06T04:21:55Z,1577012026-10-05,15770,2026-10-05,CANCELED,,
2026-10-06T04:21:55Z,1577212026-10-05,15772,2026-10-05,CANCELED,,
2026-10-06T04:21:55Z,1577412026-10-05,15774,2026-10-05,CANCELED,,
2026-10-06T04:21:55Z,1578212026-10-05,15782,2026-10-05,CANCELED,,
2026-10-06T04:21:55Z,1578412026-10-05,15784,2026-10-05,CANCELED,,
2026-10-06T04:21:55Z,1578612026-10-05,15786,2026-10-05,CANCELED,,
2026-10-06T04:21:55Z,1578812026-10-05,15788,2026-10-05,CANCELED,,
2026-10-06T04:21:55Z,1580612026-10-05,15806,2026-10-05,CANCELED,,
2026-10-06T04:21:55Z,1580822026-10-05,15808,2026-10-05,CANCELED,,
2026-10-06T04:21:55Z,1581222026-10-05,15812,2026-10-05,CANCELED,,
2026-10-06T04:21:55Z,1581612026-10-05,15816,2026-10-05,CANCELED,,
2026-10-06T04:21:55Z,1581812026-10-05,15818,2026-10-05,CANCELED,,
2026-10-06T04:21:55Z,1582012026-10-05,15820,2026-10-05,CANCELED,,
2026-10-06T04:21:55Z,1585012026-10-05,15850,2026-10-05,CANCELED,,
2026-10-06T04:21:55Z,1586212026-10-05,15862,2026-10-05,CANCELED,,
2026-10-06T04:21:55Z,1586422026-10-05,15864,2026-10-05,CANCELED,,
2026-10-06T04:21:55Z,1586612026-10-05,15866,2026-10-05,CANCELED,,
2026-10-06T04:21:55Z,1586822026-10-05,15868,2026-10-05,CANCELED,,
2026-10-06T04:21:55Z,1587412026-10-05,15874,2026-10-05,CANCELED,,
2026-10-06T04:21:55Z,1587612026-10-05,15876,2026-10-05,CANCELED,,
2026-10-06T04:21:55Z,1588212026-10-05,15882,2026-10-05,CANCELED,,
2026-10-06T04:21:55Z,1588612026-10-05,15886,2026-10-05,CANCELED,,
2026-10-06T04:21:55Z,1591212026-10-05,15912,2026-10-05,CANCELED,,
2026-10-06T04:21:55Z,3091212026-10-05,30912,2026-10-05,CANCELED,,
2026-10-06T04:21:55Z,1591612026-10-05,15916,2026-10-05,CANCELED,,
2026-10-06T04:21:55Z,3091612026-10-05,30916,2026-10-05,CANCELED,,
2026-10-06T04:21:55Z,1591812026-10-05,15918,2026-10-05,CANCELED,,
2026-10-06T04:21:55Z,3091812026-10-05,30918,2026-10-05,CANCELED,,
2026-10-06T04:21:55Z,1562412026-10-05,15624,2026-10-05,CANCELED,,
2026-10-06T04:26:51Z,0411412026-10-06,04114,2026-10-06,SCHEDULED,-60,-1.0
2026-10-06T04:26:51Z,0411422026-10-06,04114,2026-10-06,SCHEDULED,-60,-1.0
2026-10-06T04:26:51Z,0206112026-10-05,02061,2026-10-05,SCHEDULED,120,2.0
2026-10-06T04:26:51Z,0206312026-10-05,02063,2026-10-05,SCHEDULED,60,1.0
2026-10-06T04:26:51Z,0206712026-10-05,02067,2026-10-05,SCHEDULED,60,1.0
2026-10-06T04:26:51Z,0207512026-10-06,02075,2026-10-06,SCHEDULED,300,5.0
2026-10-06T04:26:51Z,0305212026-10-05,03052,2026-10-05,SCHEDULED,120,2.0
2026-10-06T04:26:51Z,0306012026-10-05,03060,2026-10-05,SCHEDULED,-60,-1.0
2026-10-06T04:26:51Z,0330112026-10-05,03301,2026-10-05,SCHEDULED,60,1.0
2026-10-06T04:26:51Z,0306212026-10-05,03062,2026-10-05,SCHEDULED,120,2.0
2026-10-06T04:26:51Z,0306222026-10-05,03062,2026-10-05,SCHEDULED,120,2.0
2026-10-06T04:26:51Z,0306232026-10-05,03062,2026-10-05,SCHEDULED,120,2.0
2026-10-06T04:26:51Z,0306242026-10-05,03062,2026-10-05,SCHEDULED,120,2.0
2026-10-06T04:26:51Z,0306212026-10-05,03062,2026-10-05,SCHEDULED,240,4.0
2026-10-06T04:26:51Z,0306222026-10-05,03062,2026-10-05,SCHEDULED,240,4.0
2026-10-06T04:26:51Z,0306232026-10-05,03062,2026-10-05,SCHEDULED,240,4.0
2026-10-06T04:26:51Z,0306242026-10-05,03062,2026-10-05,SCHEDULED,240,4.0
2026-10-06T04:26:51Z,0366212026-10-05,03662,2026-10-05,SCHEDULED,0,0.0
2026-10-06T04:26:51Z,0366222026-10-05,03662,2026-10-05,SCHEDULED,0,0.0
2026-10-06T04:26:51Z,0406012026-10-05,04060,2026-10-05,SCHEDULED,0,0.0
2026-10-06T04:26:51Z,0408822026-10-06,04088,2026-10-06,SCHEDULED,60,1.0
2026-10-06T04:26:51Z,0446412026-10-05,04464,2026-10-05,SCHEDULED,0,0.0
2026-10-06T04:26:51Z,0415412026-10-05,04154,2026-10-05,SCHEDULED,60,1.0
2026-10-06T04:26:51Z,0415422026-10-05,04154,2026-10-05,SCHEDULED,60,1.0
2026-10-06T04:26:51Z,0506312026-10-05,05063,2026-10-05,SCHEDULED,120,2.0
2026-10-06T04:26:51Z,0566812026-10-05,05668,2026-10-05,SCHEDULED,300,5.0
2026-10-06T04:26:51Z,0587112026-10-05,05871,2026-10-05,SCHEDULED,480,8.0
2026-10-06T04:26:51Z,0805812026-10-05,08058,2026-10-05,SCHEDULED,60,1.0
2026-10-06T04:26:51Z,0807512026-10-05,08075,2026-10-05,SCHEDULED,240,4.0
2026-10-06T04:26:51Z,0826112026-10-05,08261,2026-10-05,SCHEDULED,540,9.0
2026-10-06T04:26:51Z,0847512026-10-05,08475,2026-10-05,SCHEDULED,60,1.0
2026-10-06T04:26:51Z,0807212026-10-05,08072,2026-10-05,SCHEDULED,180,3.0
2026-10-06T04:26:51Z,0906112026-10-05,09061,2026-10-05,SCHEDULED,-120,-2.0
2026-10-06T04:26:51Z,0405612026-10-06,04056,2026-10-06,SCHEDULED,60,1.0
2026-10-06T04:26:51Z,1241112026-10-05,12411,2026-10-05,SCHEDULED,120,2.0
2026-10-06T04:26:51Z,1261112026-10-05,12611,2026-10-05,SCHEDULED,180,3.0
2026-10-06T04:26:51Z,1268912026-10-05,12689,2026-10-05,SCHEDULED,60,1.0
2026-10-06T04:26:51Z,1300112026-10-05,13001,2026-10-05,SCHEDULED,420,7.0
2026-10-06T04:26:51Z,1304112026-10-05,13041,2026-10-05,SCHEDULED,-120,-2.0
2026-10-06T04:26:51Z,1305112026-10-05,13051,2026-10-05,SCHEDULED,0,0.0
2026-10-06T04:26:51Z,1308412026-10-05,13084,2026-10-05,SCHEDULED,0,0.0
2026-10-06T04:26:51Z,1395112026-10-05,13951,2026-10-05,SCHEDULED,60,1.0
2026-10-06T04:26:51Z,1320112026-10-05,13201,2026-10-05,SCHEDULED,0,0.0
2026-10-06T04:26:51Z,1320212026-10-05,13202,2026-10-05,SCHEDULED,180,3.0
2026-10-06T04:26:51Z,1500012026-10-05,15000,2026-10-05,SCHEDULED,120,2.0
2026-10-06T04:26:51Z,1500212026-10-05,15002,2026-10-05,SCHEDULED,60,1.0
2026-10-06T04:26:51Z,1565012026-10-05,15650,2026-10-05,SCHEDULED,0,0.0
2026-10-06T04:26:51Z,1575112026-10-05,15751,2026-10-05,SCHEDULED,0,0.0
2026-10-06T04:26:51Z,1702112026-10-05,17021,2026-10-05,SCHEDULED,240,4.0
2026-10-06T04:26:51Z,1703012026-10-05,17030,2026-10-05,SCHEDULED,60,1.0
2026-10-06T04:26:51Z,1710612026-10-05,17106,2026-10-05,SCHEDULED,60,1.0
2026-10-06T04:26:51Z,1770312026-10-05,17703,2026-10-05,SCHEDULED,0,0.0
2026-10-06T04:26:51Z,1770712026-10-05,17707,2026-10-05,SCHEDULED,60,1.0
2026-10-06T04:26:51Z,1780612026-10-05,17806,2026-10-05,SCHEDULED,0,0.0
2026-10-06T04:26:51Z,1804112026-10-05,18041,2026-10-05,SCHEDULED,180,3.0
2026-10-06T04:26:51Z,1804612026-10-05,18046,2026-10-05,SCHEDULED,180,3.0
2026-10-06T04:26:51Z,1704312026-10-05,17043,2026-10-05,SCHEDULED,360,6.0
2026-10-06T04:26:51Z,1806812026-10-05,18068,2026-10-05,SCHEDULED,-60,-1.0
2026-10-06T04:26:51Z,1807112026-10-05,18071,2026-10-05,SCHEDULED,60,1.0
2026-10-06T04:26:51Z,1807212026-10-05,18072,2026-10-05,SCHEDULED,60,1.0
2026-10-06T04:26:51Z,1806612026-10-05,18066,2026-10-05,SCHEDULED,-240,-4.0
2026-10-06T04:26:51Z,1812012026-10-05,18120,2026-10-05,SCHEDULED,0,0.0
2026-10-06T04:26:51Z,1812112026-10-05,18121,2026-10-05,SCHEDULED,300,5.0
2026-10-06T04:26:51Z,1831012026-10-05,18310,2026-10-05,SCHEDULED,-120,-2.0
2026-10-06T04:26:51Z,1877312026-10-05,18773,2026-10-05,SCHEDULED,60,1.0
2026-10-06T04:26:51Z,3586912026-10-05,35869,2026-10-05,SCHEDULED,480,8.0
2026-10-06T04:26:51Z,1891012026-10-05,18910,2026-10-05,SCHEDULED,240,4.0
2026-10-06T04:26:51Z,1443312026-10-05,14433,2026-10-05,SCHEDULED,120,2.0
2026-10-06T04:26:51Z,1530912026-10-05,15309,2026-10-05,SCHEDULED,0,0.0
2026-10-06T04:26:51Z,1503112026-10-05,15031,2026-10-05,SCHEDULED,-120,-2.0
2026-10-06T04:26:51Z,1447012026-10-05,14470,2026-10-05,SCHEDULED,0,0.0
2026-10-06T04:26:51Z,0947012026-10-05,09470,2026-10-05,SCHEDULED,-720,-12.0
2026-10-06T04:26:51Z,1562012026-10-05,15620,2026-10-05,SCHEDULED,0,0.0
2026-10-06T04:26:51Z,1562112026-10-05,15621,2026-10-05,SCHEDULED,60,1.0
2026-10-06T04:26:51Z,1251212026-10-05,12512,2026-10-05,SCHEDULED,60,1.0
2026-10-06T04:26:51Z,0043812026-10-06,00438,2026-10-06,CANCELED,,
2026-10-06T04:26:51Z,0043822026-10-06,00438,2026-10-06,CANCELED,,
2026-10-06T04:26:51Z,0043832026-10-06,00438,2026-10-06,CANCELED,,
2026-10-06T04:26:51Z,3743812026-10-05,37438,2026-10-05,CANCELED,,
2026-10-06T04:26:51Z,0238412026-10-06,02384,2026-10-06,CANCELED,,
2026-10-06T04:26:51Z,1304912026-10-05,13049,2026-10-05,CANCELED,,
2026-10-06T04:26:51Z,1309512026-10-05,13095,2026-10-05,CANCELED,,
2026-10-06T04:26:51Z,1391112026-10-05,13911,2026-10-05,CANCELED,,
2026-10-06T04:26:51Z,1502012026-10-05,15020,2026-10-05,CANCELED,,
2026-10-06T04:26:51Z,1504112026-10-05,15041,2026-10-05,CANCELED,,
2026-10-06T04:26:51Z,1504512026-10-05,15045,2026-10-05,CANCELED,,
2026-10-06T04:26:51Z,1504712026-10-05,15047,2026-10-05,CANCELED,,
2026-10-06T04:26:51Z,1505112026-10-05,15051,2026-10-05,CANCELED,,
2026-10-06T04:26:51Z,1505312026-10-05,15053,2026-10-05,CANCELED,,
2026-10-06T04:26:51Z,1505412026-10-05,15054,2026-10-05,CANCELED,,
2026-10-06T04:26:51Z,1505512026-10-05,15055,2026-10-05,CANCELED,,
2026-10-06T04:26:51Z,1521012026-10-05,15210,2026-10-05,CANCELED,,
2026-10-06T04:26:51Z,1521112026-10-05,15211,2026-10-05,CANCELED,,
2026-10-06T04:26:51Z,1521312026-10-05,15213,2026-10-05,CANCELED,,
2026-10-06T04:26:51Z,1521412026-10-05,15214,2026-10-05,CANCELED,,
2026-10-06T04:26:51Z,1521512026-10-05,15215,2026-10-05,CANCELED,,
2026-10-06T04:26:51Z,1521612026-10-05,15216,2026-10-05,CANCELED,,
2026-10-06T04:26:51Z,1521712026-10-05,15217,2026-10-05,CANCELED,,
2026-10-06T04:26:51Z,1521812026-10-05,15218,2026-10-05,CANCELED,,
2026-10-06T04:26:51Z,1521912026-10-05,15219,2026-10-05,CANCELED,,
2026-10-06T04:26:51Z,1522012026-10-05,15220,2026-10-05,CANCELED,,
2026-10-06T04:26:51Z,1522112026-10-05,15221,2026-10-05,CANCELED,,
2026-10-06T04:26:51Z,1522212026-10-05,15222,2026-10-05,CANCELED,,
2026-10-06T04:26:51Z,1522312026-10-05,15223,2026-10-05,CANCELED,,
2026-10-06T04:26:51Z,1522412026-10-05,15224,2026-10-05,CANCELED,,
2026-10-06T04:26:51Z,1522512026-10-05,15225,2026-10-05,CANCELED,,
2026-10-06T04:26:51Z,1570012026-10-05,15700,2026-10-05,CANCELED,,
2026-10-06T04:26:51Z,1570212026-10-05,15702,2026-10-05,CANCELED,,
2026-10-06T04:26:51Z,1572012026-10-05,15720,2026-10-05,CANCELED,,
2026-10-06T04:26:51Z,1572412026-10-05,15724,2026-10-05,CANCELED,,
2026-10-06T04:26:51Z,1572612026-10-05,15726,2026-10-05,CANCELED,,
2026-10-06T04:26:51Z,1572812026-10-05,15728,2026-10-05,CANCELED,,
2026-10-06T04:26:51Z,1573212026-10-05,15732,2026-10-05,CANCELED,,
2026-10-06T04:26:51Z,1573412026-10-05,15734,2026-10-05,CANCELED,,
2026-10-06T04:26:51Z,1573812026-10-05,15738,2026-10-05,CANCELED,,
2026-10-06T04:26:51Z,1577012026-10-05,15770,2026-10-05,CANCELED,,
2026-10-06T04:26:51Z,1577212026-10-05,15772,2026-10-05,CANCELED,,
2026-10-06T04:26:51Z,1577412026-10-05,15774,2026-10-05,CANCELED,,
2026-10-06T04:26:51Z,1578212026-10-05,15782,2026-10-05,CANCELED,,
2026-10-06T04:26:51Z,1578412026-10-05,15784,2026-10-05,CANCELED,,
2026-10-06T04:26:51Z,1578612026-10-05,15786,2026-10-05,CANCELED,,
2026-10-06T04:26:51Z,1578812026-10-05,15788,2026-10-05,CANCELED,,
2026-10-06T04:26:51Z,1580612026-10-05,15806,2026-10-05,CANCELED,,
2026-10-06T04:26:51Z,1580822026-10-05,15808,2026-10-05,CANCELED,,
2026-10-06T04:26:51Z,1581222026-10-05,15812,2026-10-05,CANCELED,,
2026-10-06T04:26:51Z,1581612026-10-05,15816,2026-10-05,CANCELED,,
2026-10-06T04:26:51Z,1581812026-10-05,15818,2026-10-05,CANCELED,,
2026-10-06T04:26:51Z,1582012026-10-05,15820,2026-10-05,CANCELED,,
2026-10-06T04:26:51Z,1585012026-10-05,15850,2026-10-05,CANCELED,,
2026-10-06T04:26:51Z,1586212026-10-05,15862,2026-10-05,CANCELED,,
2026-10-06T04:26:51Z,1586422026-10-05,15864,2026-10-05,CANCELED,,
2026-10-06T04:26:51Z,1586612026-10-05,15866,2026-10-05,CANCELED,,
2026-10-06T04:26:51Z,1586822026-10-05,15868,2026-10-05,CANCELED,,
2026-10-06T04:26:51Z,1587412026-10-05,15874,2026-10-05,CANCELED,,
2026-10-06T04:26:51Z,1587612026-10-05,15876,2026-10-05,CANCELED,,
2026-10-06T04:26:51Z,1588212026-10-05,15882,2026-10-05,CANCELED,,
2026-10-06T04:26:51Z,1588612026-10-05,15886,2026-10-05,CANCELED,,
2026-10-06T04:26:51Z,1591212026-10-05,15912,2026-10-05,CANCELED,,
2026-10-06T04:26:51Z,3091212026-10-05,30912,2026-10-05,CANCELED,,
2026-10-06T04:26:51Z,1591612026-10-05,15916,2026-10-05,CANCELED,,
2026-10-06T04:26:51Z,3091612026-10-05,30916,2026-10-05,CANCELED,,
2026-10-06T04:26:51Z,1591812026-10-05,15918,2026-10-05,CANCELED,,
2026-10-06T04:26:51Z,3091812026-10-05,30918,2026-10-05,CANCELED,,
2026-10-06T04:26:51Z,1562412026-10-05,15624,2026-10-05,CANCELED,,
2026-10-06T04:32:08Z,0411412026-10-06,04114,2026-10-06,SCHEDULED,-300,-5.0
2026-10-06T04:32:08Z,0411422026-10-06,04114,2026-10-06,SCHEDULED,-300,-5.0
2026-10-06T04:32:08Z,0075212026-10-06,00752,2026-10-06,SCHEDULED,0,0.0
2026-10-06T04:32:08Z,0075222026-10-06,00752,2026-10-06,SCHEDULED,0,0.0
2026-10-06T04:32:08Z,0107212026-10-05,01072,2026-10-05,SCHEDULED,0,0.0
2026-10-06T04:32:08Z,0206112026-10-05,02061,2026-10-05,SCHEDULED,120,2.0
2026-10-06T04:32:08Z,0206312026-10-05,02063,2026-10-05,SCHEDULED,-60,-1.0
2026-10-06T04:32:08Z,0206712026-10-05,02067,2026-10-05,SCHEDULED,60,1.0
2026-10-06T04:32:08Z,0207512026-10-06,02075,2026-10-06,SCHEDULED,240,4.0
2026-10-06T04:32:08Z,0305212026-10-05,03052,2026-10-05,SCHEDULED,180,3.0
2026-10-06T04:32:08Z,0306012026-10-05,03060,2026-10-05,SCHEDULED,-60,-1.0
2026-10-06T04:32:08Z,0330112026-10-05,03301,2026-10-05,SCHEDULED,0,0.0
2026-10-06T04:32:08Z,0306212026-10-05,03062,2026-10-05,SCHEDULED,120,2.0
2026-10-06T04:32:08Z,0306222026-10-05,03062,2026-10-05,SCHEDULED,120,2.0
2026-10-06T04:32:08Z,0306232026-10-05,03062,2026-10-05,SCHEDULED,120,2.0
2026-10-06T04:32:08Z,0306242026-10-05,03062,2026-10-05,SCHEDULED,120,2.0
2026-10-06T04:32:08Z,0306312026-10-05,03063,2026-10-05,SCHEDULED,60,1.0
2026-10-06T04:32:08Z,0306322026-10-05,03063,2026-10-05,SCHEDULED,60,1.0
2026-10-06T04:32:08Z,0306332026-10-05,03063,2026-10-05,SCHEDULED,60,1.0
2026-10-06T04:32:08Z,0306212026-10-05,03062,2026-10-05,SCHEDULED,240,4.0
2026-10-06T04:32:08Z,0306222026-10-05,03062,2026-10-05,SCHEDULED,240,4.0
2026-10-06T04:32:08Z,0306232026-10-05,03062,2026-10-05,SCHEDULED,240,4.0
2026-10-06T04:32:08Z,0306242026-10-05,03062,2026-10-05,SCHEDULED,240,4.0
2026-10-06T04:32:08Z,0366212026-10-05,03662,2026-10-05,SCHEDULED,0,0.0
2026-10-06T04:32:08Z,0366222026-10-05,03662,2026-10-05,SCHEDULED,0,0.0
2026-10-06T04:32:08Z,0406012026-10-05,04060,2026-10-05,SCHEDULED,60,1.0
2026-10-06T04:32:08Z,0408822026-10-06,04088,2026-10-06,SCHEDULED,60,1.0
2026-10-06T04:32:08Z,0446412026-10-05,04464,2026-10-05,SCHEDULED,-120,-2.0
2026-10-06T04:32:08Z,0415412026-10-05,04154,2026-10-05,SCHEDULED,60,1.0
2026-10-06T04:32:08Z,0415422026-10-05,04154,2026-10-05,SCHEDULED,60,1.0
2026-10-06T04:32:08Z,0486812026-10-06,04868,2026-10-06,SCHEDULED,300,5.0
2026-10-06T04:32:08Z,0486822026-10-06,04868,2026-10-06,SCHEDULED,300,5.0
2026-10-06T04:32:08Z,0506312026-10-05,05063,2026-10-05,SCHEDULED,60,1.0
2026-10-06T04:32:08Z,0566812026-10-05,05668,2026-10-05,SCHEDULED,180,3.0
2026-10-06T04:32:08Z,0576312026-10-05,05763,2026-10-05,SCHEDULED,60,1.0
2026-10-06T04:32:08Z,0576322026-10-05,05763,2026-10-05,SCHEDULED,60,1.0
2026-10-06T04:32:08Z,0576332026-10-05,05763,2026-10-05,SCHEDULED,60,1.0
2026-10-06T04:32:08Z,0587112026-10-05,05871,2026-10-05,SCHEDULED,840,14.0
2026-10-06T04:32:08Z,0805812026-10-05,08058,2026-10-05,SCHEDULED,0,0.0
2026-10-06T04:32:08Z,0806312026-10-05,08063,2026-10-05,SCHEDULED,120,2.0
2026-10-06T04:32:08Z,0807512026-10-05,08075,2026-10-05,SCHEDULED,180,3.0
2026-10-06T04:32:08Z,0826012026-10-05,08260,2026-10-05,SCHEDULED,180,3.0
2026-10-06T04:32:08Z,0826112026-10-05,08261,2026-10-05,SCHEDULED,780,13.0
2026-10-06T04:32:08Z,0847512026-10-05,08475,2026-10-05,SCHEDULED,60,1.0
2026-10-06T04:32:08Z,0865412026-10-05,08654,2026-10-05,SCHEDULED,300,5.0
2026-10-06T04:32:08Z,0807212026-10-05,08072,2026-10-05,SCHEDULED,60,1.0
2026-10-06T04:32:08Z,0906112026-10-05,09061,2026-10-05,SCHEDULED,-60,-1.0
2026-10-06T04:32:08Z,0405612026-10-06,04056,2026-10-06,SCHEDULED,60,1.0
2026-10-06T04:32:08Z,0029112026-10-06,00291,2026-10-06,SCHEDULED,0,0.0
2026-10-06T04:32:08Z,0029122026-10-06,00291,2026-10-06,SCHEDULED,0,0.0
2026-10-06T04:32:08Z,1241112026-10-05,12411,2026-10-05,SCHEDULED,120,2.0
2026-10-06T04:32:08Z,1261112026-10-05,12611,2026-10-05,SCHEDULED,120,2.0
2026-10-06T04:32:08Z,1268912026-10-05,12689,2026-10-05,SCHEDULED,60,1.0
2026-10-06T04:32:08Z,1300112026-10-05,13001,2026-10-05,SCHEDULED,420,7.0
2026-10-06T04:32:08Z,1304112026-10-05,13041,2026-10-05,SCHEDULED,-120,-2.0
2026-10-06T04:32:08Z,1305112026-10-05,13051,2026-10-05,SCHEDULED,0,0.0
2026-10-06T04:32:08Z,1308412026-10-05,13084,2026-10-05,SCHEDULED,0,0.0
2026-10-06T04:32:08Z,1395112026-10-05,13951,2026-10-05,SCHEDULED,60,1.0
2026-10-06T04:32:08Z,1320112026-10-05,13201,2026-10-05,SCHEDULED,0,0.0
2026-10-06T04:32:08Z,1320212026-10-05,13202,2026-10-05,SCHEDULED,240,4.0
2026-10-06T04:32:08Z,1500012026-10-05,15000,2026-10-05,SCHEDULED,120,2.0
2026-10-06T04:32:08Z,1500212026-10-05,15002,2026-10-05,SCHEDULED,0,0.0
2026-10-06T04:32:08Z,1564612026-10-05,15646,2026-10-05,SCHEDULED,0,0.0
2026-10-06T04:32:08Z,1565012026-10-05,15650,2026-10-05,SCHEDULED,120,2.0
2026-10-06T04:32:08Z,1575112026-10-05,15751,2026-10-05,SCHEDULED,0,0.0
2026-10-06T04:32:08Z,1702112026-10-05,17021,2026-10-05,SCHEDULED,240,4.0
2026-10-06T04:32:08Z,1703012026-10-05,17030,2026-10-05,SCHEDULED,180,3.0
2026-10-06T04:32:08Z,1710612026-10-05,17106,2026-10-05,SCHEDULED,60,1.0
2026-10-06T04:32:08Z,1750312026-10-05,17503,2026-10-05,SCHEDULED,0,0.0
2026-10-06T04:32:08Z,1770312026-10-05,17703,2026-10-05,SCHEDULED,0,0.0
2026-10-06T04:32:08Z,1770712026-10-05,17707,2026-10-05,SCHEDULED,60,1.0
2026-10-06T04:32:08Z,1780612026-10-05,17806,2026-10-05,SCHEDULED,0,0.0
2026-10-06T04:32:08Z,1804112026-10-05,18041,2026-10-05,SCHEDULED,180,3.0
2026-10-06T04:32:08Z,1804612026-10-05,18046,2026-10-05,SCHEDULED,300,5.0
2026-10-06T04:32:08Z,1704312026-10-05,17043,2026-10-05,SCHEDULED,240,4.0
2026-10-06T04:32:08Z,1805412026-10-05,18054,2026-10-05,SCHEDULED,0,0.0
2026-10-06T04:32:08Z,1806812026-10-05,18068,2026-10-05,SCHEDULED,-60,-1.0
2026-10-06T04:32:08Z,1807112026-10-05,18071,2026-10-05,SCHEDULED,180,3.0
2026-10-06T04:32:08Z,1807212026-10-05,18072,2026-10-05,SCHEDULED,0,0.0
2026-10-06T04:32:08Z,1806612026-10-05,18066,2026-10-05,SCHEDULED,0,0.0
2026-10-06T04:32:08Z,1812012026-10-05,18120,2026-10-05,SCHEDULED,-120,-2.0
2026-10-06T04:32:08Z,1812112026-10-05,18121,2026-10-05,SCHEDULED,420,7.0
2026-10-06T04:32:08Z,1831012026-10-05,18310,2026-10-05,SCHEDULED,-60,-1.0
2026-10-06T04:32:08Z,1877312026-10-05,18773,2026-10-05,SCHEDULED,180,3.0
2026-10-06T04:32:08Z,3586912026-10-05,35869,2026-10-05,SCHEDULED,480,8.0
2026-10-06T04:32:08Z,1891012026-10-05,18910,2026-10-05,SCHEDULED,240,4.0
2026-10-06T04:32:08Z,1443312026-10-05,14433,2026-10-05,SCHEDULED,180,3.0
2026-10-06T04:32:08Z,1530912026-10-05,15309,2026-10-05,SCHEDULED,60,1.0
2026-10-06T04:32:08Z,1503112026-10-05,15031,2026-10-05,SCHEDULED,-120,-2.0
2026-10-06T04:32:08Z,1447012026-10-05,14470,2026-10-05,SCHEDULED,60,1.0
2026-10-06T04:32:08Z,0947012026-10-05,09470,2026-10-05,SCHEDULED,0,0.0
2026-10-06T04:32:08Z,1562012026-10-05,15620,2026-10-05,SCHEDULED,0,0.0
2026-10-06T04:32:08Z,1562112026-10-05,15621,2026-10-05,SCHEDULED,120,2.0
2026-10-06T04:32:08Z,1563012026-10-05,15630,2026-10-05,SCHEDULED,0,0.0
2026-10-06T04:32:08Z,1251212026-10-05,12512,2026-10-05,SCHEDULED,60,1.0
2026-10-06T04:32:08Z,0043812026-10-06,00438,2026-10-06,CANCELED,,
2026-10-06T04:32:08Z,0043822026-10-06,00438,2026-10-06,CANCELED,,
2026-10-06T04:32:08Z,0043832026-10-06,00438,2026-10-06,CANCELED,,
2026-10-06T04:32:08Z,3743812026-10-05,37438,2026-10-05,CANCELED,,
2026-10-06T04:32:08Z,0238412026-10-06,02384,2026-10-06,CANCELED,,
2026-10-06T04:32:08Z,1304912026-10-05,13049,2026-10-05,CANCELED,,
2026-10-06T04:32:08Z,1309512026-10-05,13095,2026-10-05,CANCELED,,
2026-10-06T04:32:08Z,1391112026-10-05,13911,2026-10-05,CANCELED,,
2026-10-06T04:32:08Z,1502012026-10-05,15020,2026-10-05,CANCELED,,
2026-10-06T04:32:08Z,1504112026-10-05,15041,2026-10-05,CANCELED,,
2026-10-06T04:32:08Z,1504512026-10-05,15045,2026-10-05,CANCELED,,
2026-10-06T04:32:08Z,1504712026-10-05,15047,2026-10-05,CANCELED,,
2026-10-06T04:32:08Z,1505112026-10-05,15051,2026-10-05,CANCELED,,
2026-10-06T04:32:08Z,1505312026-10-05,15053,2026-10-05,CANCELED,,
2026-10-06T04:32:08Z,1505412026-10-05,15054,2026-10-05,CANCELED,,
2026-10-06T04:32:08Z,1505512026-10-05,15055,2026-10-05,CANCELED,,
2026-10-06T04:32:08Z,1521012026-10-05,15210,2026-10-05,CANCELED,,
2026-10-06T04:32:08Z,1521112026-10-05,15211,2026-10-05,CANCELED,,
2026-10-06T04:32:08Z,1521312026-10-05,15213,2026-10-05,CANCELED,,
2026-10-06T04:32:08Z,1521412026-10-05,15214,2026-10-05,CANCELED,,
2026-10-06T04:32:08Z,1521512026-10-05,15215,2026-10-05,CANCELED,,
2026-10-06T04:32:08Z,1521612026-10-05,15216,2026-10-05,CANCELED,,
2026-10-06T04:32:08Z,1521712026-10-05,15217,2026-10-05,CANCELED,,
2026-10-06T04:32:08Z,1521812026-10-05,15218,2026-10-05,CANCELED,,
2026-10-06T04:32:08Z,1521912026-10-05,15219,2026-10-05,CANCELED,,
2026-10-06T04:32:08Z,1522012026-10-05,15220,2026-10-05,CANCELED,,
2026-10-06T04:32:08Z,1522112026-10-05,15221,2026-10-05,CANCELED,,
2026-10-06T04:32:08Z,1522212026-10-05,15222,2026-10-05,CANCELED,,
2026-10-06T04:32:08Z,1522312026-10-05,15223,2026-10-05,CANCELED,,
2026-10-06T04:32:08Z,1522412026-10-05,15224,2026-10-05,CANCELED,,
2026-10-06T04:32:08Z,1522512026-10-05,15225,2026-10-05,CANCELED,,
2026-10-06T04:32:08Z,1570012026-10-05,15700,2026-10-05,CANCELED,,
2026-10-06T04:32:08Z,1570212026-10-05,15702,2026-10-05,CANCELED,,
2026-10-06T04:32:08Z,1572012026-10-05,15720,2026-10-05,CANCELED,,
2026-10-06T04:32:08Z,1572412026-10-05,15724,2026-10-05,CANCELED,,
2026-10-06T04:32:08Z,1572612026-10-05,15726,2026-10-05,CANCELED,,
2026-10-06T04:32:08Z,1572812026-10-05,15728,2026-10-05,CANCELED,,
2026-10-06T04:32:08Z,1573212026-10-05,15732,2026-10-05,CANCELED,,
2026-10-06T04:32:08Z,1573412026-10-05,15734,2026-10-05,CANCELED,,
2026-10-06T04:32:08Z,1573812026-10-05,15738,2026-10-05,CANCELED,,
2026-10-06T04:32:08Z,1577012026-10-05,15770,2026-10-05,CANCELED,,
2026-10-06T04:32:08Z,1577212026-10-05,15772,2026-10-05,CANCELED,,
2026-10-06T04:32:08Z,1577412026-10-05,15774,2026-10-05,CANCELED,,
2026-10-06T04:32:08Z,1578212026-10-05,15782,2026-10-05,CANCELED,,
2026-10-06T04:32:08Z,1578412026-10-05,15784,2026-10-05,CANCELED,,
2026-10-06T04:32:08Z,1578612026-10-05,15786,2026-10-05,CANCELED,,
2026-10-06T04:32:08Z,1578812026-10-05,15788,2026-10-05,CANCELED,,
2026-10-06T04:32:08Z,1580612026-10-05,15806,2026-10-05,CANCELED,,
2026-10-06T04:32:08Z,1580822026-10-05,15808,2026-10-05,CANCELED,,
2026-10-06T04:32:08Z,1581222026-10-05,15812,2026-10-05,CANCELED,,
2026-10-06T04:32:08Z,1581612026-10-05,15816,2026-10-05,CANCELED,,
2026-10-06T04:32:08Z,1581812026-10-05,15818,2026-10-05,CANCELED,,
2026-10-06T04:32:08Z,1582012026-10-05,15820,2026-10-05,CANCELED,,
2026-10-06T04:32:08Z,1585012026-10-05,15850,2026-10-05,CANCELED,,
2026-10-06T04:32:08Z,1586212026-10-05,15862,2026-10-05,CANCELED,,
2026-10-06T04:32:08Z,1586422026-10-05,15864,2026-10-05,CANCELED,,
2026-10-06T04:32:08Z,1586612026-10-05,15866,2026-10-05,CANCELED,,
2026-10-06T04:32:08Z,1586822026-10-05,15868,2026-10-05,CANCELED,,
2026-10-06T04:32:08Z,1587412026-10-05,15874,2026-10-05,CANCELED,,
2026-10-06T04:32:08Z,1587612026-10-05,15876,2026-10-05,CANCELED,,
2026-10-06T04:32:08Z,1588212026-10-05,15882,2026-10-05,CANCELED,,
2026-10-06T04:32:08Z,1588612026-10-05,15886,2026-10-05,CANCELED,,
2026-10-06T04:32:08Z,1591212026-10-05,15912,2026-10-05,CANCELED,,
2026-10-06T04:32:08Z,3091212026-10-05,30912,2026-10-05,CANCELED,,
2026-10-06T04:32:08Z,1591612026-10-05,15916,2026-10-05,CANCELED,,
2026-10-06T04:32:08Z,3091612026-10-05,30916,2026-10-05,CANCELED,,
2026-10-06T04:32:08Z,1591812026-10-05,15918,2026-10-05,CANCELED,,
2026-10-06T04:32:08Z,3091812026-10-05,30918,2026-10-05,CANCELED,,
2026-10-06T04:32:08Z,1562412026-10-05,15624,2026-10-05,CANCELED,,
2026-10-06T04:36:52Z,0411412026-10-06,04114,2026-10-06,SCHEDULED,-300,-5.0
2026-10-06T04:36:52Z,0411422026-10-06,04114,2026-10-06,SCHEDULED,-300,-5.0
2026-10-06T04:36:52Z,0075212026-10-06,00752,2026-10-06,SCHEDULED,120,2.0
2026-10-06T04:36:52Z,0075222026-10-06,00752,2026-10-06,SCHEDULED,120,2.0
2026-10-06T04:36:52Z,0107212026-10-05,01072,2026-10-05,SCHEDULED,0,0.0
2026-10-06T04:36:52Z,0206112026-10-05,02061,2026-10-05,SCHEDULED,120,2.0
2026-10-06T04:36:52Z,0206312026-10-05,02063,2026-10-05,SCHEDULED,-60,-1.0
2026-10-06T04:36:52Z,0206712026-10-05,02067,2026-10-05,SCHEDULED,60,1.0
2026-10-06T04:36:52Z,0207512026-10-06,02075,2026-10-06,SCHEDULED,180,3.0
2026-10-06T04:36:52Z,0226112026-10-05,02261,2026-10-05,SCHEDULED,360,6.0
2026-10-06T04:36:52Z,0305212026-10-05,03052,2026-10-05,SCHEDULED,180,3.0
2026-10-06T04:36:52Z,0306012026-10-05,03060,2026-10-05,SCHEDULED,-60,-1.0
2026-10-06T04:36:52Z,0330112026-10-05,03301,2026-10-05,SCHEDULED,120,2.0
2026-10-06T04:36:52Z,0306212026-10-05,03062,2026-10-05,SCHEDULED,120,2.0
2026-10-06T04:36:52Z,0306222026-10-05,03062,2026-10-05,SCHEDULED,120,2.0
2026-10-06T04:36:52Z,0306232026-10-05,03062,2026-10-05,SCHEDULED,120,2.0
2026-10-06T04:36:52Z,0306242026-10-05,03062,2026-10-05,SCHEDULED,120,2.0
2026-10-06T04:36:52Z,0306312026-10-05,03063,2026-10-05,SCHEDULED,60,1.0
2026-10-06T04:36:52Z,0306322026-10-05,03063,2026-10-05,SCHEDULED,60,1.0
2026-10-06T04:36:52Z,0306332026-10-05,03063,2026-10-05,SCHEDULED,60,1.0
2026-10-06T04:36:52Z,0306212026-10-05,03062,2026-10-05,SCHEDULED,300,5.0
2026-10-06T04:36:52Z,0306222026-10-05,03062,2026-10-05,SCHEDULED,300,5.0
2026-10-06T04:36:52Z,0306232026-10-05,03062,2026-10-05,SCHEDULED,300,5.0
2026-10-06T04:36:52Z,0306242026-10-05,03062,2026-10-05,SCHEDULED,300,5.0
2026-10-06T04:36:52Z,0366212026-10-05,03662,2026-10-05,SCHEDULED,60,1.0
2026-10-06T04:36:52Z,0366222026-10-05,03662,2026-10-05,SCHEDULED,60,1.0
2026-10-06T04:36:52Z,0406012026-10-05,04060,2026-10-05,SCHEDULED,120,2.0
2026-10-06T04:36:52Z,0408822026-10-06,04088,2026-10-06,SCHEDULED,60,1.0
2026-10-06T04:36:52Z,0446412026-10-05,04464,2026-10-05,SCHEDULED,-120,-2.0
2026-10-06T04:36:52Z,0415412026-10-05,04154,2026-10-05,SCHEDULED,60,1.0
2026-10-06T04:36:52Z,0415422026-10-05,04154,2026-10-05,SCHEDULED,60,1.0
2026-10-06T04:36:52Z,0486812026-10-06,04868,2026-10-06,SCHEDULED,300,5.0
2026-10-06T04:36:52Z,0486822026-10-06,04868,2026-10-06,SCHEDULED,300,5.0
2026-10-06T04:36:52Z,0506112026-10-05,05061,2026-10-05,SCHEDULED,180,3.0
2026-10-06T04:36:52Z,0506122026-10-05,05061,2026-10-05,SCHEDULED,180,3.0
2026-10-06T04:36:52Z,0506312026-10-05,05063,2026-10-05,SCHEDULED,60,1.0
2026-10-06T04:36:52Z,0506412026-10-05,05064,2026-10-05,SCHEDULED,180,3.0
2026-10-06T04:36:52Z,0506422026-10-05,05064,2026-10-05,SCHEDULED,180,3.0
2026-10-06T04:36:52Z,0566812026-10-05,05668,2026-10-05,SCHEDULED,180,3.0
2026-10-06T04:36:52Z,0576312026-10-05,05763,2026-10-05,SCHEDULED,180,3.0
2026-10-06T04:36:52Z,0576322026-10-05,05763,2026-10-05,SCHEDULED,180,3.0
2026-10-06T04:36:52Z,0576332026-10-05,05763,2026-10-05,SCHEDULED,180,3.0
2026-10-06T04:36:52Z,0587112026-10-05,05871,2026-10-05,SCHEDULED,840,14.0
2026-10-06T04:36:52Z,0805812026-10-05,08058,2026-10-05,SCHEDULED,0,0.0
2026-10-06T04:36:52Z,0806312026-10-05,08063,2026-10-05,SCHEDULED,300,5.0
2026-10-06T04:36:52Z,0807512026-10-05,08075,2026-10-05,SCHEDULED,480,8.0
2026-10-06T04:36:52Z,0826012026-10-05,08260,2026-10-05,SCHEDULED,180,3.0
2026-10-06T04:36:52Z,0826112026-10-05,08261,2026-10-05,SCHEDULED,780,13.0
2026-10-06T04:36:52Z,0847512026-10-05,08475,2026-10-05,SCHEDULED,-60,-1.0
2026-10-06T04:36:52Z,0865412026-10-05,08654,2026-10-05,SCHEDULED,300,5.0
2026-10-06T04:36:52Z,0807212026-10-05,08072,2026-10-05,SCHEDULED,60,1.0
2026-10-06T04:36:52Z,0906112026-10-05,09061,2026-10-05,SCHEDULED,0,0.0
2026-10-06T04:36:52Z,0405612026-10-06,04056,2026-10-06,SCHEDULED,180,3.0
2026-10-06T04:36:52Z,0029112026-10-06,00291,2026-10-06,SCHEDULED,60,1.0
2026-10-06T04:36:52Z,0029122026-10-06,00291,2026-10-06,SCHEDULED,60,1.0
2026-10-06T04:36:52Z,1241112026-10-05,12411,2026-10-05,SCHEDULED,120,2.0
2026-10-06T04:36:52Z,1261112026-10-05,12611,2026-10-05,SCHEDULED,120,2.0
2026-10-06T04:36:52Z,1268912026-10-05,12689,2026-10-05,SCHEDULED,0,0.0
2026-10-06T04:36:52Z,1300112026-10-05,13001,2026-10-05,SCHEDULED,480,8.0
2026-10-06T04:36:52Z,1304112026-10-05,13041,2026-10-05,SCHEDULED,-120,-2.0
2026-10-06T04:36:52Z,1305112026-10-05,13051,2026-10-05,SCHEDULED,0,0.0
2026-10-06T04:36:52Z,1308412026-10-05,13084,2026-10-05,SCHEDULED,0,0.0
2026-10-06T04:36:52Z,1395112026-10-05,13951,2026-10-05,SCHEDULED,60,1.0
2026-10-06T04:36:52Z,1320112026-10-05,13201,2026-10-05,SCHEDULED,60,1.0
2026-10-06T04:36:52Z,1320212026-10-05,13202,2026-10-05,SCHEDULED,300,5.0
2026-10-06T04:36:52Z,1500012026-10-05,15000,2026-10-05,SCHEDULED,240,4.0
2026-10-06T04:36:52Z,1500212026-10-05,15002,2026-10-05,SCHEDULED,0,0.0
2026-10-06T04:36:52Z,1564612026-10-05,15646,2026-10-05,SCHEDULED,0,0.0
2026-10-06T04:36:52Z,1565012026-10-05,15650,2026-10-05,SCHEDULED,120,2.0
2026-10-06T04:36:52Z,1575112026-10-05,15751,2026-10-05,SCHEDULED,-60,-1.0
2026-10-06T04:36:52Z,1702112026-10-05,17021,2026-10-05,SCHEDULED,240,4.0
2026-10-06T04:36:52Z,1703012026-10-05,17030,2026-10-05,SCHEDULED,120,2.0
2026-10-06T04:36:52Z,1710612026-10-05,17106,2026-10-05,SCHEDULED,-60,-1.0
2026-10-06T04:36:52Z,1710012026-10-05,17100,2026-10-05,SCHEDULED,60,1.0
2026-10-06T04:36:52Z,1750312026-10-05,17503,2026-10-05,SCHEDULED,0,0.0
2026-10-06T04:36:52Z,1770312026-10-05,17703,2026-10-05,SCHEDULED,0,0.0
2026-10-06T04:36:52Z,1770712026-10-05,17707,2026-10-05,SCHEDULED,60,1.0
2026-10-06T04:36:52Z,1780612026-10-05,17806,2026-10-05,SCHEDULED,0,0.0
2026-10-06T04:36:52Z,1804112026-10-05,18041,2026-10-05,SCHEDULED,180,3.0
2026-10-06T04:36:52Z,1804612026-10-05,18046,2026-10-05,SCHEDULED,240,4.0
2026-10-06T04:36:52Z,1704312026-10-05,17043,2026-10-05,SCHEDULED,60,1.0
2026-10-06T04:36:52Z,1805412026-10-05,18054,2026-10-05,SCHEDULED,0,0.0
2026-10-06T04:36:52Z,1806812026-10-05,18068,2026-10-05,SCHEDULED,-60,-1.0
2026-10-06T04:36:52Z,1807112026-10-05,18071,2026-10-05,SCHEDULED,120,2.0
2026-10-06T04:36:52Z,1807212026-10-05,18072,2026-10-05,SCHEDULED,0,0.0
2026-10-06T04:36:52Z,1806612026-10-05,18066,2026-10-05,SCHEDULED,0,0.0
2026-10-06T04:36:52Z,1812012026-10-05,18120,2026-10-05,SCHEDULED,-120,-2.0
2026-10-06T04:36:52Z,1812112026-10-05,18121,2026-10-05,SCHEDULED,420,7.0
2026-10-06T04:36:52Z,1831012026-10-05,18310,2026-10-05,SCHEDULED,0,0.0
2026-10-06T04:36:52Z,1877312026-10-05,18773,2026-10-05,SCHEDULED,180,3.0
2026-10-06T04:36:52Z,3586912026-10-05,35869,2026-10-05,SCHEDULED,420,7.0
2026-10-06T04:36:52Z,1891012026-10-05,18910,2026-10-05,SCHEDULED,360,6.0
2026-10-06T04:36:52Z,1443312026-10-05,14433,2026-10-05,SCHEDULED,0,0.0
2026-10-06T04:36:52Z,1530912026-10-05,15309,2026-10-05,SCHEDULED,0,0.0
2026-10-06T04:36:52Z,1503112026-10-05,15031,2026-10-05,SCHEDULED,0,0.0
2026-10-06T04:36:52Z,1447012026-10-05,14470,2026-10-05,SCHEDULED,120,2.0
2026-10-06T04:36:52Z,0947012026-10-05,09470,2026-10-05,SCHEDULED,0,0.0
2026-10-06T04:36:52Z,1562012026-10-05,15620,2026-10-05,SCHEDULED,120,2.0
2026-10-06T04:36:52Z,1562112026-10-05,15621,2026-10-05,SCHEDULED,0,0.0
2026-10-06T04:36:52Z,1563012026-10-05,15630,2026-10-05,SCHEDULED,0,0.0
2026-10-06T04:36:52Z,1251212026-10-05,12512,2026-10-05,SCHEDULED,60,1.0
2026-10-06T04:36:52Z,0043812026-10-06,00438,2026-10-06,CANCELED,,
2026-10-06T04:36:52Z,0043822026-10-06,00438,2026-10-06,CANCELED,,
2026-10-06T04:36:52Z,0043832026-10-06,00438,2026-10-06,CANCELED,,
2026-10-06T04:36:52Z,3743812026-10-05,37438,2026-10-05,CANCELED,,
2026-10-06T04:36:52Z,0238412026-10-06,02384,2026-10-06,CANCELED,,
2026-10-06T04:36:52Z,1304912026-10-05,13049,2026-10-05,CANCELED,,
2026-10-06T04:36:52Z,1309512026-10-05,13095,2026-10-05,CANCELED,,
2026-10-06T04:36:52Z,1391112026-10-05,13911,2026-10-05,CANCELED,,
2026-10-06T04:36:52Z,1502012026-10-05,15020,2026-10-05,CANCELED,,
2026-10-06T04:36:52Z,1504112026-10-05,15041,2026-10-05,CANCELED,,
2026-10-06T04:36:52Z,1504512026-10-05,15045,2026-10-05,CANCELED,,
2026-10-06T04:36:52Z,1504712026-10-05,15047,2026-10-05,CANCELED,,
2026-10-06T04:36:52Z,1505112026-10-05,15051,2026-10-05,CANCELED,,
2026-10-06T04:36:52Z,1505312026-10-05,15053,2026-10-05,CANCELED,,
2026-10-06T04:36:52Z,1505412026-10-05,15054,2026-10-05,CANCELED,,
2026-10-06T04:36:52Z,1505512026-10-05,15055,2026-10-05,CANCELED,,
2026-10-06T04:36:52Z,1521012026-10-05,15210,2026-10-05,CANCELED,,
2026-10-06T04:36:52Z,1521112026-10-05,15211,2026-10-05,CANCELED,,
2026-10-06T04:36:52Z,1521312026-10-05,15213,2026-10-05,CANCELED,,
2026-10-06T04:36:52Z,1521412026-10-05,15214,2026-10-05,CANCELED,,
2026-10-06T04:36:52Z,1521512026-10-05,15215,2026-10-05,CANCELED,,
2026-10-06T04:36:52Z,1521612026-10-05,15216,2026-10-05,CANCELED,,
2026-10-06T04:36:52Z,1521712026-10-05,15217,2026-10-05,CANCELED,,
2026-10-06T04:36:52Z,1521812026-10-05,15218,2026-10-05,CANCELED,,
2026-10-06T04:36:52Z,1521912026-10-05,15219,2026-10-05,CANCELED,,
2026-10-06T04:36:52Z,1522012026-10-05,15220,2026-10-05,CANCELED,,
2026-10-06T04:36:52Z,1522112026-10-05,15221,2026-10-05,CANCELED,,
2026-10-06T04:36:52Z,1522212026-10-05,15222,2026-10-05,CANCELED,,
2026-10-06T04:36:52Z,1522312026-10-05,15223,2026-10-05,CANCELED,,
2026-10-06T04:36:52Z,1522412026-10-05,15224,2026-10-05,CANCELED,,
2026-10-06T04:36:52Z,1522512026-10-05,15225,2026-10-05,CANCELED,,
2026-10-06T04:36:52Z,1570012026-10-05,15700,2026-10-05,CANCELED,,
2026-10-06T04:36:52Z,1570212026-10-05,15702,2026-10-05,CANCELED,,
2026-10-06T04:36:52Z,1572012026-10-05,15720,2026-10-05,CANCELED,,
2026-10-06T04:36:52Z,1572412026-10-05,15724,2026-10-05,CANCELED,,
2026-10-06T04:36:52Z,1572612026-10-05,15726,2026-10-05,CANCELED,,
2026-10-06T04:36:52Z,1572812026-10-05,15728,2026-10-05,CANCELED,,
2026-10-06T04:36:52Z,1573212026-10-05,15732,2026-10-05,CANCELED,,
2026-10-06T04:36:52Z,1573412026-10-05,15734,2026-10-05,CANCELED,,
2026-10-06T04:36:52Z,1573812026-10-05,15738,2026-10-05,CANCELED,,
2026-10-06T04:36:52Z,1577012026-10-05,15770,2026-10-05,CANCELED,,
2026-10-06T04:36:52Z,1577212026-10-05,15772,2026-10-05,CANCELED,,
2026-10-06T04:36:52Z,1577412026-10-05,15774,2026-10-05,CANCELED,,
2026-10-06T04:36:52Z,1578212026-10-05,15782,2026-10-05,CANCELED,,
2026-10-06T04:36:52Z,1578412026-10-05,15784,2026-10-05,CANCELED,,
2026-10-06T04:36:52Z,1578612026-10-05,15786,2026-10-05,CANCELED,,
2026-10-06T04:36:52Z,1578812026-10-05,15788,2026-10-05,CANCELED,,
2026-10-06T04:36:52Z,1580612026-10-05,15806,2026-10-05,CANCELED,,
2026-10-06T04:36:52Z,1580822026-10-05,15808,2026-10-05,CANCELED,,
2026-10-06T04:36:52Z,1581222026-10-05,15812,2026-10-05,CANCELED,,
2026-10-06T04:36:52Z,1581612026-10-05,15816,2026-10-05,CANCELED,,
2026-10-06T04:36:52Z,1581812026-10-05,15818,2026-10-05,CANCELED,,
2026-10-06T04:36:52Z,1582012026-10-05,15820,2026-10-05,CANCELED,,
2026-10-06T04:36:52Z,1585012026-10-05,15850,2026-10-05,CANCELED,,
2026-10-06T04:36:52Z,1586212026-10-05,15862,2026-10-05,CANCELED,,
2026-10-06T04:36:52Z,1586422026-10-05,15864,2026-10-05,CANCELED,,
2026-10-06T04:36:52Z,1586612026-10-05,15866,2026-10-05,CANCELED,,
2026-10-06T04:36:52Z,1586822026-10-05,15868,2026-10-05,CANCELED,,
2026-10-06T04:36:52Z,1587412026-10-05,15874,2026-10-05,CANCELED,,
2026-10-06T04:36:52Z,1587612026-10-05,15876,2026-10-05,CANCELED,,
2026-10-06T04:36:52Z,1588212026-10-05,15882,2026-10-05,CANCELED,,
2026-10-06T04:36:52Z,1588612026-10-05,15886,2026-10-05,CANCELED,,
2026-10-06T04:36:52Z,1590012026-10-05,15900,2026-10-05,CANCELED,,
2026-10-06T04:36:52Z,3090012026-10-05,30900,2026-10-05,CANCELED,,
2026-10-06T04:36:52Z,1591212026-10-05,15912,2026-10-05,CANCELED,,
2026-10-06T04:36:52Z,3091212026-10-05,30912,2026-10-05,CANCELED,,
2026-10-06T04:36:52Z,1591612026-10-05,15916,2026-10-05,CANCELED,,
2026-10-06T04:36:52Z,3091612026-10-05,30916,2026-10-05,CANCELED,,
2026-10-06T04:36:52Z,1591812026-10-05,15918,2026-10-05,CANCELED,,
2026-10-06T04:36:52Z,3091812026-10-05,30918,2026-10-05,CANCELED,,
2026-10-06T04:36:52Z,1562412026-10-05,15624,2026-10-05,CANCELED,,
2026-10-06T04:41:57Z,0411412026-10-06,04114,2026-10-06,SCHEDULED,-300,-5.0
2026-10-06T04:41:57Z,0411422026-10-06,04114,2026-10-06,SCHEDULED,-300,-5.0
2026-10-06T04:41:57Z,0075212026-10-06,00752,2026-10-06,SCHEDULED,0,0.0
2026-10-06T04:41:57Z,0075222026-10-06,00752,2026-10-06,SCHEDULED,0,0.0
2026-10-06T04:41:57Z,0075212026-10-06,00752,2026-10-06,SCHEDULED,180,3.0
2026-10-06T04:41:57Z,0075222026-10-06,00752,2026-10-06,SCHEDULED,180,3.0
2026-10-06T04:41:57Z,0107212026-10-05,01072,2026-10-05,SCHEDULED,120,2.0
2026-10-06T04:41:57Z,0206112026-10-05,02061,2026-10-05,SCHEDULED,1080,18.0
2026-10-06T04:41:57Z,0206312026-10-05,02063,2026-10-05,SCHEDULED,-240,-4.0
2026-10-06T04:41:57Z,0206712026-10-05,02067,2026-10-05,SCHEDULED,120,2.0
2026-10-06T04:41:57Z,0207512026-10-06,02075,2026-10-06,SCHEDULED,180,3.0
2026-10-06T04:41:57Z,0226112026-10-05,02261,2026-10-05,SCHEDULED,360,6.0
2026-10-06T04:41:57Z,0305212026-10-05,03052,2026-10-05,SCHEDULED,120,2.0
2026-10-06T04:41:57Z,0306012026-10-05,03060,2026-10-05,SCHEDULED,0,0.0
2026-10-06T04:41:57Z,0330112026-10-05,03301,2026-10-05,SCHEDULED,180,3.0
2026-10-06T04:41:57Z,0306212026-10-05,03062,2026-10-05,SCHEDULED,0,0.0
2026-10-06T04:41:57Z,0306222026-10-05,03062,2026-10-05,SCHEDULED,0,0.0
2026-10-06T04:41:57Z,0306232026-10-05,03062,2026-10-05,SCHEDULED,0,0.0
2026-10-06T04:41:57Z,0306242026-10-05,03062,2026-10-05,SCHEDULED,0,0.0
2026-10-06T04:41:57Z,0306312026-10-05,03063,2026-10-05,SCHEDULED,60,1.0
2026-10-06T04:41:57Z,0306322026-10-05,03063,2026-10-05,SCHEDULED,60,1.0
2026-10-06T04:41:57Z,0306332026-10-05,03063,2026-10-05,SCHEDULED,60,1.0
2026-10-06T04:41:57Z,0306212026-10-05,03062,2026-10-05,SCHEDULED,420,7.0
2026-10-06T04:41:57Z,0306222026-10-05,03062,2026-10-05,SCHEDULED,420,7.0
2026-10-06T04:41:57Z,0306232026-10-05,03062,2026-10-05,SCHEDULED,420,7.0
2026-10-06T04:41:57Z,0306242026-10-05,03062,2026-10-05,SCHEDULED,420,7.0
2026-10-06T04:41:57Z,0366212026-10-05,03662,2026-10-05,SCHEDULED,180,3.0
2026-10-06T04:41:57Z,0366222026-10-05,03662,2026-10-05,SCHEDULED,180,3.0
2026-10-06T04:41:57Z,0406012026-10-05,04060,2026-10-05,SCHEDULED,180,3.0
2026-10-06T04:41:57Z,0408822026-10-06,04088,2026-10-06,SCHEDULED,120,2.0
2026-10-06T04:41:57Z,0429512026-10-05,04295,2026-10-05,SCHEDULED,540,9.0
2026-10-06T04:41:57Z,0429522026-10-05,04295,2026-10-05,SCHEDULED,540,9.0
2026-10-06T04:41:57Z,0446412026-10-05,04464,2026-10-05,SCHEDULED,-120,-2.0
2026-10-06T04:41:57Z,0415412026-10-05,04154,2026-10-05,SCHEDULED,-60,-1.0
2026-10-06T04:41:57Z,0415422026-10-05,04154,2026-10-05,SCHEDULED,-60,-1.0
2026-10-06T04:41:57Z,0486812026-10-06,04868,2026-10-06,SCHEDULED,300,5.0
2026-10-06T04:41:57Z,0486822026-10-06,04868,2026-10-06,SCHEDULED,300,5.0
2026-10-06T04:41:57Z,0506112026-10-05,05061,2026-10-05,SCHEDULED,0,0.0
2026-10-06T04:41:57Z,0506122026-10-05,05061,2026-10-05,SCHEDULED,0,0.0
2026-10-06T04:41:57Z,0506312026-10-05,05063,2026-10-05,SCHEDULED,60,1.0
2026-10-06T04:41:57Z,0506412026-10-05,05064,2026-10-05,SCHEDULED,240,4.0
2026-10-06T04:41:57Z,0506422026-10-05,05064,2026-10-05,SCHEDULED,240,4.0
2026-10-06T04:41:57Z,0566812026-10-05,05668,2026-10-05,SCHEDULED,360,6.0
2026-10-06T04:41:57Z,0576312026-10-05,05763,2026-10-05,SCHEDULED,120,2.0
2026-10-06T04:41:57Z,0576322026-10-05,05763,2026-10-05,SCHEDULED,120,2.0
2026-10-06T04:41:57Z,0576332026-10-05,05763,2026-10-05,SCHEDULED,120,2.0
2026-10-06T04:41:57Z,0587112026-10-05,05871,2026-10-05,SCHEDULED,840,14.0
2026-10-06T04:41:57Z,0805812026-10-05,08058,2026-10-05,SCHEDULED,60,1.0
2026-10-06T04:41:57Z,0806312026-10-05,08063,2026-10-05,SCHEDULED,300,5.0
2026-10-06T04:41:57Z,0807112026-10-05,08071,2026-10-05,SCHEDULED,240,4.0
2026-10-06T04:41:57Z,0807512026-10-05,08075,2026-10-05,SCHEDULED,480,8.0
2026-10-06T04:41:57Z,0826012026-10-05,08260,2026-10-05,SCHEDULED,240,4.0
2026-10-06T04:41:57Z,0826112026-10-05,08261,2026-10-05,SCHEDULED,720,12.0
2026-10-06T04:41:57Z,0847512026-10-05,08475,2026-10-05,SCHEDULED,-60,-1.0
2026-10-06T04:41:57Z,0865412026-10-05,08654,2026-10-05,SCHEDULED,60,1.0
2026-10-06T04:41:57Z,0866412026-10-05,08664,2026-10-05,SCHEDULED,120,2.0
2026-10-06T04:41:57Z,0807212026-10-05,08072,2026-10-05,SCHEDULED,60,1.0
2026-10-06T04:41:57Z,0906112026-10-05,09061,2026-10-05,SCHEDULED,0,0.0
2026-10-06T04:41:57Z,0906712026-10-05,09067,2026-10-05,SCHEDULED,60,1.0
2026-10-06T04:41:57Z,0907212026-10-05,09072,2026-10-05,SCHEDULED,0,0.0
2026-10-06T04:41:57Z,0907222026-10-05,09072,2026-10-05,SCHEDULED,0,0.0
2026-10-06T04:41:57Z,0405612026-10-06,04056,2026-10-06,SCHEDULED,180,3.0
2026-10-06T04:41:57Z,0029112026-10-06,00291,2026-10-06,SCHEDULED,120,2.0
2026-10-06T04:41:57Z,0029122026-10-06,00291,2026-10-06,SCHEDULED,120,2.0
2026-10-06T04:41:57Z,1241112026-10-05,12411,2026-10-05,SCHEDULED,120,2.0
2026-10-06T04:41:57Z,1261112026-10-05,12611,2026-10-05,SCHEDULED,240,4.0
2026-10-06T04:41:57Z,1268912026-10-05,12689,2026-10-05,SCHEDULED,0,0.0
2026-10-06T04:41:57Z,1300112026-10-05,13001,2026-10-05,SCHEDULED,480,8.0
2026-10-06T04:41:57Z,1303012026-10-05,13030,2026-10-05,SCHEDULED,0,0.0
2026-10-06T04:41:57Z,1304112026-10-05,13041,2026-10-05,SCHEDULED,120,2.0
2026-10-06T04:41:57Z,1305112026-10-05,13051,2026-10-05,SCHEDULED,0,0.0
2026-10-06T04:41:57Z,1308412026-10-05,13084,2026-10-05,SCHEDULED,0,0.0
2026-10-06T04:41:57Z,1395112026-10-05,13951,2026-10-05,SCHEDULED,120,2.0
2026-10-06T04:41:57Z,1320112026-10-05,13201,2026-10-05,SCHEDULED,60,1.0
2026-10-06T04:41:57Z,1320212026-10-05,13202,2026-10-05,SCHEDULED,300,5.0
2026-10-06T04:41:57Z,1500012026-10-05,15000,2026-10-05,SCHEDULED,240,4.0
2026-10-06T04:41:57Z,1500212026-10-05,15002,2026-10-05,SCHEDULED,60,1.0
2026-10-06T04:41:57Z,1564512026-10-05,15645,2026-10-05,SCHEDULED,0,0.0
2026-10-06T04:41:57Z,1564612026-10-05,15646,2026-10-05,SCHEDULED,60,1.0
2026-10-06T04:41:57Z,1565012026-10-05,15650,2026-10-05,SCHEDULED,180,3.0
2026-10-06T04:41:57Z,1575112026-10-05,15751,2026-10-05,SCHEDULED,60,1.0
2026-10-06T04:41:57Z,1702112026-10-05,17021,2026-10-05,SCHEDULED,240,4.0
2026-10-06T04:41:57Z,1703012026-10-05,17030,2026-10-05,SCHEDULED,60,1.0
2026-10-06T04:41:57Z,1710612026-10-05,17106,2026-10-05,SCHEDULED,0,0.0
2026-10-06T04:41:57Z,1710012026-10-05,17100,2026-10-05,SCHEDULED,180,3.0
2026-10-06T04:41:57Z,1750312026-10-05,17503,2026-10-05,SCHEDULED,-60,-1.0
2026-10-06T04:41:57Z,1770312026-10-05,17703,2026-10-05,SCHEDULED,-60,-1.0
2026-10-06T04:41:57Z,1770712026-10-05,17707,2026-10-05,SCHEDULED,240,4.0
2026-10-06T04:41:57Z,1780612026-10-05,17806,2026-10-05,SCHEDULED,0,0.0
2026-10-06T04:41:57Z,1804112026-10-05,18041,2026-10-05,SCHEDULED,180,3.0
2026-10-06T04:41:57Z,1804612026-10-05,18046,2026-10-05,SCHEDULED,360,6.0
2026-10-06T04:41:57Z,1704312026-10-05,17043,2026-10-05,SCHEDULED,120,2.0
2026-10-06T04:41:57Z,1805412026-10-05,18054,2026-10-05,SCHEDULED,0,0.0
2026-10-06T04:41:57Z,1806812026-10-05,18068,2026-10-05,SCHEDULED,120,2.0
2026-10-06T04:41:57Z,1807112026-10-05,18071,2026-10-05,SCHEDULED,120,2.0
2026-10-06T04:41:57Z,1807212026-10-05,18072,2026-10-05,SCHEDULED,60,1.0
2026-10-06T04:41:57Z,1800212026-10-05,18002,2026-10-05,SCHEDULED,60,1.0
2026-10-06T04:41:57Z,1806612026-10-05,18066,2026-10-05,SCHEDULED,60,1.0
2026-10-06T04:41:57Z,1812012026-10-05,18120,2026-10-05,SCHEDULED,0,0.0
2026-10-06T04:41:57Z,1812112026-10-05,18121,2026-10-05,SCHEDULED,480,8.0
2026-10-06T04:41:57Z,1831012026-10-05,18310,2026-10-05,SCHEDULED,0,0.0
2026-10-06T04:41:57Z,1877312026-10-05,18773,2026-10-05,SCHEDULED,180,3.0
2026-10-06T04:41:57Z,3586912026-10-05,35869,2026-10-05,SCHEDULED,480,8.0
2026-10-06T04:41:57Z,1891012026-10-05,18910,2026-10-05,SCHEDULED,360,6.0
2026-10-06T04:41:57Z,1443312026-10-05,14433,2026-10-05,SCHEDULED,60,1.0
2026-10-06T04:41:57Z,1530912026-10-05,15309,2026-10-05,SCHEDULED,60,1.0
2026-10-06T04:41:57Z,1503022026-10-05,15030,2026-10-05,SCHEDULED,360,6.0
2026-10-06T04:41:57Z,1503112026-10-05,15031,2026-10-05,SCHEDULED,0,0.0
2026-10-06T04:41:57Z,1600012026-10-05,16000,2026-10-05,SCHEDULED,0,0.0
2026-10-06T04:41:57Z,1447012026-10-05,14470,2026-10-05,SCHEDULED,180,3.0
2026-10-06T04:41:57Z,0947012026-10-05,09470,2026-10-05,SCHEDULED,0,0.0
2026-10-06T04:41:57Z,1562012026-10-05,15620,2026-10-05,SCHEDULED,120,2.0
2026-10-06T04:41:57Z,1562112026-10-05,15621,2026-10-05,SCHEDULED,0,0.0
2026-10-06T04:41:57Z,1563012026-10-05,15630,2026-10-05,SCHEDULED,0,0.0
2026-10-06T04:41:57Z,1251212026-10-05,12512,2026-10-05,SCHEDULED,0,0.0
2026-10-06T04:41:57Z,0043812026-10-06,00438,2026-10-06,CANCELED,,
2026-10-06T04:41:57Z,0043822026-10-06,00438,2026-10-06,CANCELED,,
2026-10-06T04:41:57Z,0043832026-10-06,00438,2026-10-06,CANCELED,,
2026-10-06T04:41:57Z,3743812026-10-05,37438,2026-10-05,CANCELED,,
2026-10-06T04:41:57Z,0238412026-10-06,02384,2026-10-06,CANCELED,,
2026-10-06T04:41:57Z,1304912026-10-05,13049,2026-10-05,CANCELED,,
2026-10-06T04:41:57Z,1309512026-10-05,13095,2026-10-05,CANCELED,,
2026-10-06T04:41:57Z,1391112026-10-05,13911,2026-10-05,CANCELED,,
2026-10-06T04:41:57Z,1502012026-10-05,15020,2026-10-05,CANCELED,,
2026-10-06T04:41:57Z,1504112026-10-05,15041,2026-10-05,CANCELED,,
2026-10-06T04:41:57Z,1504512026-10-05,15045,2026-10-05,CANCELED,,
2026-10-06T04:41:57Z,1504712026-10-05,15047,2026-10-05,CANCELED,,
2026-10-06T04:41:57Z,1505112026-10-05,15051,2026-10-05,CANCELED,,
2026-10-06T04:41:57Z,1505312026-10-05,15053,2026-10-05,CANCELED,,
2026-10-06T04:41:57Z,1505412026-10-05,15054,2026-10-05,CANCELED,,
2026-10-06T04:41:57Z,1505512026-10-05,15055,2026-10-05,CANCELED,,
2026-10-06T04:41:57Z,1521012026-10-05,15210,2026-10-05,CANCELED,,
2026-10-06T04:41:57Z,1521112026-10-05,15211,2026-10-05,CANCELED,,
2026-10-06T04:41:57Z,1521312026-10-05,15213,2026-10-05,CANCELED,,
2026-10-06T04:41:57Z,1521412026-10-05,15214,2026-10-05,CANCELED,,
2026-10-06T04:41:57Z,1521512026-10-05,15215,2026-10-05,CANCELED,,
2026-10-06T04:41:57Z,1521612026-10-05,15216,2026-10-05,CANCELED,,
2026-10-06T04:41:57Z,1521712026-10-05,15217,2026-10-05,CANCELED,,
2026-10-06T04:41:57Z,1521812026-10-05,15218,2026-10-05,CANCELED,,
2026-10-06T04:41:57Z,1521912026-10-05,15219,2026-10-05,CANCELED,,
2026-10-06T04:41:57Z,1522012026-10-05,15220,2026-10-05,CANCELED,,
2026-10-06T04:41:57Z,1522112026-10-05,15221,2026-10-05,CANCELED,,
2026-10-06T04:41:57Z,1522212026-10-05,15222,2026-10-05,CANCELED,,
2026-10-06T04:41:57Z,1522312026-10-05,15223,2026-10-05,CANCELED,,
2026-10-06T04:41:57Z,1522412026-10-05,15224,2026-10-05,CANCELED,,
2026-10-06T04:41:57Z,1522512026-10-05,15225,2026-10-05,CANCELED,,
2026-10-06T04:41:57Z,1570012026-10-05,15700,2026-10-05,CANCELED,,
2026-10-06T04:41:57Z,1570212026-10-05,15702,2026-10-05,CANCELED,,
2026-10-06T04:41:57Z,1572012026-10-05,15720,2026-10-05,CANCELED,,
2026-10-06T04:41:57Z,1572212026-10-05,15722,2026-10-05,CANCELED,,
2026-10-06T04:41:57Z,1572412026-10-05,15724,2026-10-05,CANCELED,,
2026-10-06T04:41:57Z,1572612026-10-05,15726,2026-10-05,CANCELED,,
2026-10-06T04:41:57Z,1572812026-10-05,15728,2026-10-05,CANCELED,,
2026-10-06T04:41:57Z,1573212026-10-05,15732,2026-10-05,CANCELED,,
2026-10-06T04:41:57Z,1573412026-10-05,15734,2026-10-05,CANCELED,,
2026-10-06T04:41:57Z,1573812026-10-05,15738,2026-10-05,CANCELED,,
2026-10-06T04:41:57Z,1577012026-10-05,15770,2026-10-05,CANCELED,,
2026-10-06T04:41:57Z,1577212026-10-05,15772,2026-10-05,CANCELED,,
2026-10-06T04:41:57Z,1577412026-10-05,15774,2026-10-05,CANCELED,,
2026-10-06T04:41:57Z,1578212026-10-05,15782,2026-10-05,CANCELED,,
2026-10-06T04:41:57Z,1578412026-10-05,15784,2026-10-05,CANCELED,,
2026-10-06T04:41:57Z,1578612026-10-05,15786,2026-10-05,CANCELED,,
2026-10-06T04:41:57Z,1578812026-10-05,15788,2026-10-05,CANCELED,,
2026-10-06T04:41:57Z,1580612026-10-05,15806,2026-10-05,CANCELED,,
2026-10-06T04:41:57Z,1580822026-10-05,15808,2026-10-05,CANCELED,,
2026-10-06T04:41:57Z,1581222026-10-05,15812,2026-10-05,CANCELED,,
2026-10-06T04:41:57Z,1581612026-10-05,15816,2026-10-05,CANCELED,,
2026-10-06T04:41:57Z,1581812026-10-05,15818,2026-10-05,CANCELED,,
2026-10-06T04:41:57Z,1582012026-10-05,15820,2026-10-05,CANCELED,,
2026-10-06T04:41:57Z,1585012026-10-05,15850,2026-10-05,CANCELED,,
2026-10-06T04:41:57Z,1586212026-10-05,15862,2026-10-05,CANCELED,,
2026-10-06T04:41:57Z,1586422026-10-05,15864,2026-10-05,CANCELED,,
2026-10-06T04:41:57Z,1586612026-10-05,15866,2026-10-05,CANCELED,,
2026-10-06T04:41:57Z,1586822026-10-05,15868,2026-10-05,CANCELED,,
2026-10-06T04:41:57Z,1587412026-10-05,15874,2026-10-05,CANCELED,,
2026-10-06T04:41:57Z,1587612026-10-05,15876,2026-10-05,CANCELED,,
2026-10-06T04:41:57Z,1588212026-10-05,15882,2026-10-05,CANCELED,,
2026-10-06T04:41:57Z,1588612026-10-05,15886,2026-10-05,CANCELED,,
2026-10-06T04:41:57Z,1590012026-10-05,15900,2026-10-05,CANCELED,,
2026-10-06T04:41:57Z,3090012026-10-05,30900,2026-10-05,CANCELED,,
2026-10-06T04:41:57Z,1591212026-10-05,15912,2026-10-05,CANCELED,,
2026-10-06T04:41:57Z,3091212026-10-05,30912,2026-10-05,CANCELED,,
2026-10-06T04:41:57Z,1591612026-10-05,15916,2026-10-05,CANCELED,,
2026-10-06T04:41:57Z,3091612026-10-05,30916,2026-10-05,CANCELED,,
2026-10-06T04:41:57Z,1591812026-10-05,15918,2026-10-05,CANCELED,,
2026-10-06T04:41:57Z,3091812026-10-05,30918,2026-10-05,CANCELED,,
2026-10-06T04:41:57Z,1562412026-10-05,15624,2026-10-05,CANCELED,,
2026-10-06T04:46:59Z,0411412026-10-06,04114,2026-10-06,SCHEDULED,-300,-5.0
2026-10-06T04:46:59Z,0411422026-10-06,04114,2026-10-06,SCHEDULED,-300,-5.0
2026-10-06T04:46:59Z,0075212026-10-06,00752,2026-10-06,SCHEDULED,-120,-2.0
2026-10-06T04:46:59Z,0075222026-10-06,00752,2026-10-06,SCHEDULED,-120,-2.0
2026-10-06T04:46:59Z,0075212026-10-06,00752,2026-10-06,SCHEDULED,300,5.0
2026-10-06T04:46:59Z,0075222026-10-06,00752,2026-10-06,SCHEDULED,300,5.0
2026-10-06T04:46:59Z,0107212026-10-05,01072,2026-10-05,SCHEDULED,60,1.0
2026-10-06T04:46:59Z,0206112026-10-05,02061,2026-10-05,SCHEDULED,1080,18.0
2026-10-06T04:46:59Z,0206312026-10-05,02063,2026-10-05,SCHEDULED,-240,-4.0
2026-10-06T04:46:59Z,0206712026-10-05,02067,2026-10-05,SCHEDULED,0,0.0
2026-10-06T04:46:59Z,0207512026-10-06,02075,2026-10-06,SCHEDULED,240,4.0
2026-10-06T04:46:59Z,0226112026-10-05,02261,2026-10-05,SCHEDULED,360,6.0
2026-10-06T04:46:59Z,0305212026-10-05,03052,2026-10-05,SCHEDULED,120,2.0
2026-10-06T04:46:59Z,0306012026-10-05,03060,2026-10-05,SCHEDULED,0,0.0
2026-10-06T04:46:59Z,0330112026-10-05,03301,2026-10-05,SCHEDULED,180,3.0
2026-10-06T04:46:59Z,0306212026-10-05,03062,2026-10-05,SCHEDULED,0,0.0
2026-10-06T04:46:59Z,0306222026-10-05,03062,2026-10-05,SCHEDULED,0,0.0
2026-10-06T04:46:59Z,0306232026-10-05,03062,2026-10-05,SCHEDULED,0,0.0
2026-10-06T04:46:59Z,0306242026-10-05,03062,2026-10-05,SCHEDULED,0,0.0
2026-10-06T04:46:59Z,0306312026-10-05,03063,2026-10-05,SCHEDULED,60,1.0
2026-10-06T04:46:59Z,0306322026-10-05,03063,2026-10-05,SCHEDULED,60,1.0
2026-10-06T04:46:59Z,0306332026-10-05,03063,2026-10-05,SCHEDULED,60,1.0
2026-10-06T04:46:59Z,0306212026-10-05,03062,2026-10-05,SCHEDULED,420,7.0
2026-10-06T04:46:59Z,0306222026-10-05,03062,2026-10-05,SCHEDULED,420,7.0
2026-10-06T04:46:59Z,0306232026-10-05,03062,2026-10-05,SCHEDULED,420,7.0
2026-10-06T04:46:59Z,0306242026-10-05,03062,2026-10-05,SCHEDULED,420,7.0
2026-10-06T04:46:59Z,0366212026-10-05,03662,2026-10-05,SCHEDULED,180,3.0
2026-10-06T04:46:59Z,0366222026-10-05,03662,2026-10-05,SCHEDULED,180,3.0
2026-10-06T04:46:59Z,0406012026-10-05,04060,2026-10-05,SCHEDULED,300,5.0
2026-10-06T04:46:59Z,0408822026-10-06,04088,2026-10-06,SCHEDULED,60,1.0
2026-10-06T04:46:59Z,0429512026-10-05,04295,2026-10-05,SCHEDULED,360,6.0
2026-10-06T04:46:59Z,0429522026-10-05,04295,2026-10-05,SCHEDULED,360,6.0
2026-10-06T04:46:59Z,0446412026-10-05,04464,2026-10-05,SCHEDULED,-240,-4.0
2026-10-06T04:46:59Z,0415412026-10-05,04154,2026-10-05,SCHEDULED,-60,-1.0
2026-10-06T04:46:59Z,0415422026-10-05,04154,2026-10-05,SCHEDULED,-60,-1.0
2026-10-06T04:46:59Z,0486812026-10-06,04868,2026-10-06,SCHEDULED,300,5.0
2026-10-06T04:46:59Z,0486822026-10-06,04868,2026-10-06,SCHEDULED,300,5.0
2026-10-06T04:46:59Z,0506112026-10-05,05061,2026-10-05,SCHEDULED,0,0.0
2026-10-06T04:46:59Z,0506122026-10-05,05061,2026-10-05,SCHEDULED,0,0.0
2026-10-06T04:46:59Z,0506312026-10-05,05063,2026-10-05,SCHEDULED,0,0.0
2026-10-06T04:46:59Z,0506412026-10-05,05064,2026-10-05,SCHEDULED,120,2.0
2026-10-06T04:46:59Z,0506422026-10-05,05064,2026-10-05,SCHEDULED,120,2.0
2026-10-06T04:46:59Z,0509212026-10-05,05092,2026-10-05,SCHEDULED,0,0.0
2026-10-06T04:46:59Z,0509222026-10-05,05092,2026-10-05,SCHEDULED,0,0.0
2026-10-06T04:46:59Z,0566812026-10-05,05668,2026-10-05,SCHEDULED,240,4.0
2026-10-06T04:46:59Z,0576312026-10-05,05763,2026-10-05,SCHEDULED,180,3.0
2026-10-06T04:46:59Z,0576322026-10-05,05763,2026-10-05,SCHEDULED,180,3.0
2026-10-06T04:46:59Z,0576332026-10-05,05763,2026-10-05,SCHEDULED,180,3.0
2026-10-06T04:46:59Z,0587112026-10-05,05871,2026-10-05,SCHEDULED,840,14.0
2026-10-06T04:46:59Z,0805812026-10-05,08058,2026-10-05,SCHEDULED,60,1.0
2026-10-06T04:46:59Z,0806312026-10-05,08063,2026-10-05,SCHEDULED,180,3.0
2026-10-06T04:46:59Z,0806912026-10-05,08069,2026-10-05,SCHEDULED,300,5.0
2026-10-06T04:46:59Z,0807112026-10-05,08071,2026-10-05,SCHEDULED,360,6.0
2026-10-06T04:46:59Z,0807512026-10-05,08075,2026-10-05,SCHEDULED,540,9.0
2026-10-06T04:46:59Z,0826012026-10-05,08260,2026-10-05,SCHEDULED,180,3.0
2026-10-06T04:46:59Z,0826112026-10-05,08261,2026-10-05,SCHEDULED,720,12.0
2026-10-06T04:46:59Z,0847512026-10-05,08475,2026-10-05,SCHEDULED,60,1.0
2026-10-06T04:46:59Z,0865412026-10-05,08654,2026-10-05,SCHEDULED,60,1.0
2026-10-06T04:46:59Z,0866412026-10-05,08664,2026-10-05,SCHEDULED,120,2.0
2026-10-06T04:46:59Z,0807212026-10-05,08072,2026-10-05,SCHEDULED,0,0.0
2026-10-06T04:46:59Z,0906112026-10-05,09061,2026-10-05,SCHEDULED,0,0.0
2026-10-06T04:46:59Z,0906712026-10-05,09067,2026-10-05,SCHEDULED,0,0.0
2026-10-06T04:46:59Z,0907212026-10-05,09072,2026-10-05,SCHEDULED,0,0.0
2026-10-06T04:46:59Z,0907222026-10-05,09072,2026-10-05,SCHEDULED,0,0.0
2026-10-06T04:46:59Z,0405612026-10-06,04056,2026-10-06,SCHEDULED,180,3.0
2026-10-06T04:46:59Z,0029112026-10-06,00291,2026-10-06,SCHEDULED,0,0.0
2026-10-06T04:46:59Z,0029122026-10-06,00291,2026-10-06,SCHEDULED,0,0.0
2026-10-06T04:46:59Z,1241112026-10-05,12411,2026-10-05,SCHEDULED,360,6.0
2026-10-06T04:46:59Z,1261112026-10-05,12611,2026-10-05,SCHEDULED,240,4.0
2026-10-06T04:46:59Z,1268912026-10-05,12689,2026-10-05,SCHEDULED,0,0.0
2026-10-06T04:46:59Z,1300012026-10-05,13000,2026-10-05,SCHEDULED,60,1.0
2026-10-06T04:46:59Z,1300112026-10-05,13001,2026-10-05,SCHEDULED,480,8.0
2026-10-06T04:46:59Z,1300312026-10-05,13003,2026-10-05,SCHEDULED,60,1.0
2026-10-06T04:46:59Z,1303012026-10-05,13030,2026-10-05,SCHEDULED,120,2.0
2026-10-06T04:46:59Z,1304112026-10-05,13041,2026-10-05,SCHEDULED,0,0.0
2026-10-06T04:46:59Z,1305112026-10-05,13051,2026-10-05,SCHEDULED,0,0.0
2026-10-06T04:46:59Z,1308412026-10-05,13084,2026-10-05,SCHEDULED,480,8.0
2026-10-06T04:46:59Z,1395112026-10-05,13951,2026-10-05,SCHEDULED,120,2.0
2026-10-06T04:46:59Z,1320112026-10-05,13201,2026-10-05,SCHEDULED,240,4.0
2026-10-06T04:46:59Z,1320212026-10-05,13202,2026-10-05,SCHEDULED,300,5.0
2026-10-06T04:46:59Z,1500012026-10-05,15000,2026-10-05,SCHEDULED,240,4.0
2026-10-06T04:46:59Z,1500212026-10-05,15002,2026-10-05,SCHEDULED,120,2.0
2026-10-06T04:46:59Z,1564512026-10-05,15645,2026-10-05,SCHEDULED,0,0.0
2026-10-06T04:46:59Z,1564612026-10-05,15646,2026-10-05,SCHEDULED,180,3.0
2026-10-06T04:46:59Z,1565012026-10-05,15650,2026-10-05,SCHEDULED,180,3.0
2026-10-06T04:46:59Z,1575112026-10-05,15751,2026-10-05,SCHEDULED,-60,-1.0
2026-10-06T04:46:59Z,1601812026-10-05,16018,2026-10-05,SCHEDULED,0,0.0
2026-10-06T04:46:59Z,1702112026-10-05,17021,2026-10-05,SCHEDULED,180,3.0
2026-10-06T04:46:59Z,1703012026-10-05,17030,2026-10-05,SCHEDULED,-120,-2.0
2026-10-06T04:46:59Z,1710612026-10-05,17106,2026-10-05,SCHEDULED,60,1.0
2026-10-06T04:46:59Z,1710012026-10-05,17100,2026-10-05,SCHEDULED,180,3.0
2026-10-06T04:46:59Z,1750312026-10-05,17503,2026-10-05,SCHEDULED,-60,-1.0
2026-10-06T04:46:59Z,1770312026-10-05,17703,2026-10-05,SCHEDULED,-60,-1.0
2026-10-06T04:46:59Z,1770712026-10-05,17707,2026-10-05,SCHEDULED,240,4.0
2026-10-06T04:46:59Z,1780612026-10-05,17806,2026-10-05,SCHEDULED,0,0.0
2026-10-06T04:46:59Z,1800112026-10-05,18001,2026-10-05,SCHEDULED,0,0.0
2026-10-06T04:46:59Z,1804112026-10-05,18041,2026-10-05,SCHEDULED,180,3.0
2026-10-06T04:46:59Z,1804612026-10-05,18046,2026-10-05,SCHEDULED,360,6.0
2026-10-06T04:46:59Z,1704312026-10-05,17043,2026-10-05,SCHEDULED,120,2.0
2026-10-06T04:46:59Z,1805412026-10-05,18054,2026-10-05,SCHEDULED,60,1.0
2026-10-06T04:46:59Z,1806812026-10-05,18068,2026-10-05,SCHEDULED,0,0.0
2026-10-06T04:46:59Z,1807112026-10-05,18071,2026-10-05,SCHEDULED,120,2.0
2026-10-06T04:46:59Z,1807212026-10-05,18072,2026-10-05,SCHEDULED,60,1.0
2026-10-06T04:46:59Z,1800212026-10-05,18002,2026-10-05,SCHEDULED,60,1.0
2026-10-06T04:46:59Z,1806612026-10-05,18066,2026-10-05,SCHEDULED,60,1.0
2026-10-06T04:46:59Z,1812012026-10-05,18120,2026-10-05,SCHEDULED,60,1.0
2026-10-06T04:46:59Z,1812112026-10-05,18121,2026-10-05,SCHEDULED,540,9.0
2026-10-06T04:46:59Z,1831012026-10-05,18310,2026-10-05,SCHEDULED,60,1.0
2026-10-06T04:46:59Z,1877312026-10-05,18773,2026-10-05,SCHEDULED,120,2.0
2026-10-06T04:46:59Z,3586912026-10-05,35869,2026-10-05,SCHEDULED,420,7.0
2026-10-06T04:46:59Z,1891012026-10-05,18910,2026-10-05,SCHEDULED,360,6.0
2026-10-06T04:46:59Z,1443312026-10-05,14433,2026-10-05,SCHEDULED,60,1.0
2026-10-06T04:46:59Z,1530912026-10-05,15309,2026-10-05,SCHEDULED,60,1.0
2026-10-06T04:46:59Z,1503022026-10-05,15030,2026-10-05,SCHEDULED,240,4.0
2026-10-06T04:46:59Z,1503112026-10-05,15031,2026-10-05,SCHEDULED,-120,-2.0
2026-10-06T04:46:59Z,1600012026-10-05,16000,2026-10-05,SCHEDULED,0,0.0
2026-10-06T04:46:59Z,1447012026-10-05,14470,2026-10-05,SCHEDULED,180,3.0
2026-10-06T04:46:59Z,0947012026-10-05,09470,2026-10-05,SCHEDULED,0,0.0
2026-10-06T04:46:59Z,1562012026-10-05,15620,2026-10-05,SCHEDULED,120,2.0
2026-10-06T04:46:59Z,1562112026-10-05,15621,2026-10-05,SCHEDULED,0,0.0
2026-10-06T04:46:59Z,1563012026-10-05,15630,2026-10-05,SCHEDULED,0,0.0
2026-10-06T04:46:59Z,1251212026-10-05,12512,2026-10-05,SCHEDULED,0,0.0
2026-10-06T04:46:59Z,0043812026-10-06,00438,2026-10-06,CANCELED,,
2026-10-06T04:46:59Z,0043822026-10-06,00438,2026-10-06,CANCELED,,
2026-10-06T04:46:59Z,0043832026-10-06,00438,2026-10-06,CANCELED,,
2026-10-06T04:46:59Z,3743812026-10-05,37438,2026-10-05,CANCELED,,
2026-10-06T04:46:59Z,0238412026-10-06,02384,2026-10-06,CANCELED,,
2026-10-06T04:46:59Z,1304912026-10-05,13049,2026-10-05,CANCELED,,
2026-10-06T04:46:59Z,1309512026-10-05,13095,2026-10-05,CANCELED,,
2026-10-06T04:46:59Z,1391112026-10-05,13911,2026-10-05,CANCELED,,
2026-10-06T04:46:59Z,1502012026-10-05,15020,2026-10-05,CANCELED,,
2026-10-06T04:46:59Z,1504012026-10-05,15040,2026-10-05,CANCELED,,
2026-10-06T04:46:59Z,1504112026-10-05,15041,2026-10-05,CANCELED,,
2026-10-06T04:46:59Z,1504512026-10-05,15045,2026-10-05,CANCELED,,
2026-10-06T04:46:59Z,1504712026-10-05,15047,2026-10-05,CANCELED,,
2026-10-06T04:46:59Z,1505112026-10-05,15051,2026-10-05,CANCELED,,
2026-10-06T04:46:59Z,1505312026-10-05,15053,2026-10-05,CANCELED,,
2026-10-06T04:46:59Z,1505412026-10-05,15054,2026-10-05,CANCELED,,
2026-10-06T04:46:59Z,1505512026-10-05,15055,2026-10-05,CANCELED,,
2026-10-06T04:46:59Z,1521012026-10-05,15210,2026-10-05,CANCELED,,
2026-10-06T04:46:59Z,1521112026-10-05,15211,2026-10-05,CANCELED,,
2026-10-06T04:46:59Z,1521212026-10-05,15212,2026-10-05,CANCELED,,
2026-10-06T04:46:59Z,1521312026-10-05,15213,2026-10-05,CANCELED,,
2026-10-06T04:46:59Z,1521412026-10-05,15214,2026-10-05,CANCELED,,
2026-10-06T04:46:59Z,1521512026-10-05,15215,2026-10-05,CANCELED,,
2026-10-06T04:46:59Z,1521612026-10-05,15216,2026-10-05,CANCELED,,
2026-10-06T04:46:59Z,1521712026-10-05,15217,2026-10-05,CANCELED,,
2026-10-06T04:46:59Z,1521812026-10-05,15218,2026-10-05,CANCELED,,
2026-10-06T04:46:59Z,1521912026-10-05,15219,2026-10-05,CANCELED,,
2026-10-06T04:46:59Z,1522012026-10-05,15220,2026-10-05,CANCELED,,
2026-10-06T04:46:59Z,1522112026-10-05,15221,2026-10-05,CANCELED,,
2026-10-06T04:46:59Z,1522212026-10-05,15222,2026-10-05,CANCELED,,
2026-10-06T04:46:59Z,1522312026-10-05,15223,2026-10-05,CANCELED,,
2026-10-06T04:46:59Z,1522412026-10-05,15224,2026-10-05,CANCELED,,
2026-10-06T04:46:59Z,1522512026-10-05,15225,2026-10-05,CANCELED,,
2026-10-06T04:46:59Z,1570012026-10-05,15700,2026-10-05,CANCELED,,
2026-10-06T04:46:59Z,1570212026-10-05,15702,2026-10-05,CANCELED,,
2026-10-06T04:46:59Z,1572012026-10-05,15720,2026-10-05,CANCELED,,
2026-10-06T04:46:59Z,1572212026-10-05,15722,2026-10-05,CANCELED,,
2026-10-06T04:46:59Z,1572412026-10-05,15724,2026-10-05,CANCELED,,
2026-10-06T04:46:59Z,1572612026-10-05,15726,2026-10-05,CANCELED,,
2026-10-06T04:46:59Z,1572812026-10-05,15728,2026-10-05,CANCELED,,
2026-10-06T04:46:59Z,1573212026-10-05,15732,2026-10-05,CANCELED,,
2026-10-06T04:46:59Z,1573412026-10-05,15734,2026-10-05,CANCELED,,
2026-10-06T04:46:59Z,1573812026-10-05,15738,2026-10-05,CANCELED,,
2026-10-06T04:46:59Z,1577012026-10-05,15770,2026-10-05,CANCELED,,
2026-10-06T04:46:59Z,1577212026-10-05,15772,2026-10-05,CANCELED,,
2026-10-06T04:46:59Z,1577412026-10-05,15774,2026-10-05,CANCELED,,
2026-10-06T04:46:59Z,1578212026-10-05,15782,2026-10-05,CANCELED,,
2026-10-06T04:46:59Z,1578412026-10-05,15784,2026-10-05,CANCELED,,
2026-10-06T04:46:59Z,1578612026-10-05,15786,2026-10-05,CANCELED,,
2026-10-06T04:46:59Z,1578812026-10-05,15788,2026-10-05,CANCELED,,
2026-10-06T04:46:59Z,1580612026-10-05,15806,2026-10-05,CANCELED,,
2026-10-06T04:46:59Z,1580822026-10-05,15808,2026-10-05,CANCELED,,
2026-10-06T04:46:59Z,1581222026-10-05,15812,2026-10-05,CANCELED,,
2026-10-06T04:46:59Z,1581612026-10-05,15816,2026-10-05,CANCELED,,
2026-10-06T04:46:59Z,1581812026-10-05,15818,2026-10-05,CANCELED,,
2026-10-06T04:46:59Z,1582012026-10-05,15820,2026-10-05,CANCELED,,
2026-10-06T04:46:59Z,1585012026-10-05,15850,2026-10-05,CANCELED,,
2026-10-06T04:46:59Z,1586212026-10-05,15862,2026-10-05,CANCELED,,
2026-10-06T04:46:59Z,1586422026-10-05,15864,2026-10-05,CANCELED,,
2026-10-06T04:46:59Z,1586612026-10-05,15866,2026-10-05,CANCELED,,
2026-10-06T04:46:59Z,1586822026-10-05,15868,2026-10-05,CANCELED,,
2026-10-06T04:46:59Z,1587412026-10-05,15874,2026-10-05,CANCELED,,
2026-10-06T04:46:59Z,1587612026-10-05,15876,2026-10-05,CANCELED,,
2026-10-06T04:46:59Z,1588212026-10-05,15882,2026-10-05,CANCELED,,
2026-10-06T04:46:59Z,1588612026-10-05,15886,2026-10-05,CANCELED,,
2026-10-06T04:46:59Z,1590012026-10-05,15900,2026-10-05,CANCELED,,
2026-10-06T04:46:59Z,3090012026-10-05,30900,2026-10-05,CANCELED,,
2026-10-06T04:46:59Z,1591212026-10-05,15912,2026-10-05,CANCELED,,
2026-10-06T04:46:59Z,3091212026-10-05,30912,2026-10-05,CANCELED,,
2026-10-06T04:46:59Z,1591612026-10-05,15916,2026-10-05,CANCELED,,
2026-10-06T04:46:59Z,3091612026-10-05,30916,2026-10-05,CANCELED,,
2026-10-06T04:46:59Z,1591812026-10-05,15918,2026-10-05,CANCELED,,
2026-10-06T04:46:59Z,3091812026-10-05,30918,2026-10-05,CANCELED,,
2026-10-06T04:46:59Z,1562412026-10-05,15624,2026-10-05,CANCELED,,
2026-10-06T04:51:55Z,0411412026-10-06,04114,2026-10-06,SCHEDULED,-660,-11.0
2026-10-06T04:51:55Z,0411422026-10-06,04114,2026-10-06,SCHEDULED,-660,-11.0
2026-10-06T04:51:55Z,0075212026-10-06,00752,2026-10-06,SCHEDULED,-120,-2.0
2026-10-06T04:51:55Z,0075222026-10-06,00752,2026-10-06,SCHEDULED,-120,-2.0
2026-10-06T04:51:55Z,0075212026-10-06,00752,2026-10-06,SCHEDULED,300,5.0
2026-10-06T04:51:55Z,0075222026-10-06,00752,2026-10-06,SCHEDULED,300,5.0
2026-10-06T04:51:55Z,3460912026-10-05,34609,2026-10-05,SCHEDULED,300,5.0
2026-10-06T04:51:55Z,0107212026-10-05,01072,2026-10-05,SCHEDULED,180,3.0
2026-10-06T04:51:55Z,0206112026-10-05,02061,2026-10-05,SCHEDULED,1080,18.0
2026-10-06T04:51:55Z,0206312026-10-05,02063,2026-10-05,SCHEDULED,-120,-2.0
2026-10-06T04:51:55Z,0206712026-10-05,02067,2026-10-05,SCHEDULED,0,0.0
2026-10-06T04:51:55Z,0207512026-10-06,02075,2026-10-06,SCHEDULED,300,5.0
2026-10-06T04:51:55Z,0226112026-10-05,02261,2026-10-05,SCHEDULED,300,5.0
2026-10-06T04:51:55Z,0305212026-10-05,03052,2026-10-05,SCHEDULED,240,4.0
2026-10-06T04:51:55Z,0306012026-10-05,03060,2026-10-05,SCHEDULED,0,0.0
2026-10-06T04:51:55Z,0330112026-10-05,03301,2026-10-05,SCHEDULED,180,3.0
2026-10-06T04:51:55Z,0306212026-10-05,03062,2026-10-05,SCHEDULED,0,0.0
2026-10-06T04:51:55Z,0306222026-10-05,03062,2026-10-05,SCHEDULED,0,0.0
2026-10-06T04:51:55Z,0306232026-10-05,03062,2026-10-05,SCHEDULED,0,0.0
2026-10-06T04:51:55Z,0306242026-10-05,03062,2026-10-05,SCHEDULED,0,0.0
2026-10-06T04:51:55Z,0306312026-10-05,03063,2026-10-05,SCHEDULED,120,2.0
2026-10-06T04:51:55Z,0306322026-10-05,03063,2026-10-05,SCHEDULED,120,2.0
2026-10-06T04:51:55Z,0306332026-10-05,03063,2026-10-05,SCHEDULED,120,2.0
2026-10-06T04:51:55Z,0306212026-10-05,03062,2026-10-05,SCHEDULED,420,7.0
2026-10-06T04:51:55Z,0306222026-10-05,03062,2026-10-05,SCHEDULED,420,7.0
2026-10-06T04:51:55Z,0306232026-10-05,03062,2026-10-05,SCHEDULED,420,7.0
2026-10-06T04:51:55Z,0306242026-10-05,03062,2026-10-05,SCHEDULED,420,7.0
2026-10-06T04:51:55Z,0366212026-10-05,03662,2026-10-05,SCHEDULED,180,3.0
2026-10-06T04:51:55Z,0366222026-10-05,03662,2026-10-05,SCHEDULED,180,3.0
2026-10-06T04:51:55Z,0406012026-10-05,04060,2026-10-05,SCHEDULED,240,4.0
2026-10-06T04:51:55Z,0408822026-10-06,04088,2026-10-06,SCHEDULED,60,1.0
2026-10-06T04:51:55Z,0429512026-10-05,04295,2026-10-05,SCHEDULED,540,9.0
2026-10-06T04:51:55Z,0429522026-10-05,04295,2026-10-05,SCHEDULED,540,9.0
2026-10-06T04:51:55Z,0446412026-10-05,04464,2026-10-05,SCHEDULED,-240,-4.0
2026-10-06T04:51:55Z,0415412026-10-05,04154,2026-10-05,SCHEDULED,-60,-1.0
2026-10-06T04:51:55Z,0415422026-10-05,04154,2026-10-05,SCHEDULED,-60,-1.0
2026-10-06T04:51:55Z,0486812026-10-06,04868,2026-10-06,SCHEDULED,240,4.0
2026-10-06T04:51:55Z,0486822026-10-06,04868,2026-10-06,SCHEDULED,240,4.0
2026-10-06T04:51:55Z,0506112026-10-05,05061,2026-10-05,SCHEDULED,0,0.0
2026-10-06T04:51:55Z,0506122026-10-05,05061,2026-10-05,SCHEDULED,0,0.0
2026-10-06T04:51:55Z,0506312026-10-05,05063,2026-10-05,SCHEDULED,180,3.0
2026-10-06T04:51:55Z,0506412026-10-05,05064,2026-10-05,SCHEDULED,120,2.0
2026-10-06T04:51:55Z,0506422026-10-05,05064,2026-10-05,SCHEDULED,120,2.0
2026-10-06T04:51:55Z,0509212026-10-05,05092,2026-10-05,SCHEDULED,0,0.0
2026-10-06T04:51:55Z,0509222026-10-05,05092,2026-10-05,SCHEDULED,0,0.0
2026-10-06T04:51:55Z,0566812026-10-05,05668,2026-10-05,SCHEDULED,240,4.0
2026-10-06T04:51:55Z,0576312026-10-05,05763,2026-10-05,SCHEDULED,60,1.0
2026-10-06T04:51:55Z,0576322026-10-05,05763,2026-10-05,SCHEDULED,60,1.0
2026-10-06T04:51:55Z,0576332026-10-05,05763,2026-10-05,SCHEDULED,60,1.0
2026-10-06T04:51:55Z,0587112026-10-05,05871,2026-10-05,SCHEDULED,1680,28.0
2026-10-06T04:51:55Z,0805812026-10-05,08058,2026-10-05,SCHEDULED,60,1.0
2026-10-06T04:51:55Z,0806212026-10-05,08062,2026-10-05,SCHEDULED,120,2.0
2026-10-06T04:51:55Z,0806312026-10-05,08063,2026-10-05,SCHEDULED,180,3.0
2026-10-06T04:51:55Z,0806812026-10-05,08068,2026-10-05,SCHEDULED,120,2.0
2026-10-06T04:51:55Z,0806912026-10-05,08069,2026-10-05,SCHEDULED,300,5.0
2026-10-06T04:51:55Z,0807112026-10-05,08071,2026-10-05,SCHEDULED,360,6.0
2026-10-06T04:51:55Z,0807512026-10-05,08075,2026-10-05,SCHEDULED,540,9.0
2026-10-06T04:51:55Z,0826012026-10-05,08260,2026-10-05,SCHEDULED,180,3.0
2026-10-06T04:51:55Z,0826112026-10-05,08261,2026-10-05,SCHEDULED,780,13.0
2026-10-06T04:51:55Z,0827312026-10-05,08273,2026-10-05,SCHEDULED,180,3.0
2026-10-06T04:51:55Z,0847512026-10-05,08475,2026-10-05,SCHEDULED,120,2.0
2026-10-06T04:51:55Z,0865412026-10-05,08654,2026-10-05,SCHEDULED,-60,-1.0
2026-10-06T04:51:55Z,0866412026-10-05,08664,2026-10-05,SCHEDULED,180,3.0
2026-10-06T04:51:55Z,0807212026-10-05,08072,2026-10-05,SCHEDULED,0,0.0
2026-10-06T04:51:55Z,0906112026-10-05,09061,2026-10-05,SCHEDULED,0,0.0
2026-10-06T04:51:55Z,0906712026-10-05,09067,2026-10-05,SCHEDULED,0,0.0
2026-10-06T04:51:55Z,0907212026-10-05,09072,2026-10-05,SCHEDULED,-60,-1.0
2026-10-06T04:51:55Z,0907222026-10-05,09072,2026-10-05,SCHEDULED,-60,-1.0
2026-10-06T04:51:55Z,0405612026-10-06,04056,2026-10-06,SCHEDULED,180,3.0
2026-10-06T04:51:55Z,0029112026-10-06,00291,2026-10-06,SCHEDULED,0,0.0
2026-10-06T04:51:55Z,0029122026-10-06,00291,2026-10-06,SCHEDULED,0,0.0
2026-10-06T04:51:55Z,1241112026-10-05,12411,2026-10-05,SCHEDULED,360,6.0
2026-10-06T04:51:55Z,1261112026-10-05,12611,2026-10-05,SCHEDULED,360,6.0
2026-10-06T04:51:55Z,1268912026-10-05,12689,2026-10-05,SCHEDULED,0,0.0
2026-10-06T04:51:55Z,1300012026-10-05,13000,2026-10-05,SCHEDULED,240,4.0
2026-10-06T04:51:55Z,1300112026-10-05,13001,2026-10-05,SCHEDULED,540,9.0
2026-10-06T04:51:55Z,1300312026-10-05,13003,2026-10-05,SCHEDULED,60,1.0
2026-10-06T04:51:55Z,1303012026-10-05,13030,2026-10-05,SCHEDULED,60,1.0
2026-10-06T04:51:55Z,1304112026-10-05,13041,2026-10-05,SCHEDULED,60,1.0
2026-10-06T04:51:55Z,1305112026-10-05,13051,2026-10-05,SCHEDULED,0,0.0
2026-10-06T04:51:55Z,1308412026-10-05,13084,2026-10-05,SCHEDULED,480,8.0
2026-10-06T04:51:55Z,1395112026-10-05,13951,2026-10-05,SCHEDULED,240,4.0
2026-10-06T04:51:55Z,1320112026-10-05,13201,2026-10-05,SCHEDULED,240,4.0
2026-10-06T04:51:55Z,1320212026-10-05,13202,2026-10-05,SCHEDULED,300,5.0
2026-10-06T04:51:55Z,1412312026-10-05,14123,2026-10-05,SCHEDULED,120,2.0
2026-10-06T04:51:55Z,1412322026-10-05,14123,2026-10-05,SCHEDULED,120,2.0
2026-10-06T04:51:55Z,1412342026-10-05,14123,2026-10-05,SCHEDULED,120,2.0
2026-10-06T04:51:55Z,1500012026-10-05,15000,2026-10-05,SCHEDULED,60,1.0
2026-10-06T04:51:55Z,1500212026-10-05,15002,2026-10-05,SCHEDULED,120,2.0
2026-10-06T04:51:55Z,1564512026-10-05,15645,2026-10-05,SCHEDULED,0,0.0
2026-10-06T04:51:55Z,1564612026-10-05,15646,2026-10-05,SCHEDULED,120,2.0
2026-10-06T04:51:55Z,1565012026-10-05,15650,2026-10-05,SCHEDULED,360,6.0
2026-10-06T04:51:55Z,1575112026-10-05,15751,2026-10-05,SCHEDULED,-60,-1.0
2026-10-06T04:51:55Z,1601812026-10-05,16018,2026-10-05,SCHEDULED,0,0.0
2026-10-06T04:51:55Z,1702112026-10-05,17021,2026-10-05,SCHEDULED,180,3.0
2026-10-06T04:51:55Z,1703012026-10-05,17030,2026-10-05,SCHEDULED,-180,-3.0
2026-10-06T04:51:55Z,1710612026-10-05,17106,2026-10-05,SCHEDULED,120,2.0
2026-10-06T04:51:55Z,1710012026-10-05,17100,2026-10-05,SCHEDULED,180,3.0
2026-10-06T04:51:55Z,1720112026-10-05,17201,2026-10-05,SCHEDULED,0,0.0
2026-10-06T04:51:55Z,1750312026-10-05,17503,2026-10-05,SCHEDULED,60,1.0
2026-10-06T04:51:55Z,1770312026-10-05,17703,2026-10-05,SCHEDULED,60,1.0
2026-10-06T04:51:55Z,1780612026-10-05,17806,2026-10-05,SCHEDULED,0,0.0
2026-10-06T04:51:55Z,1781512026-10-05,17815,2026-10-05,SCHEDULED,0,0.0
2026-10-06T04:51:55Z,1800112026-10-05,18001,2026-10-05,SCHEDULED,120,2.0
2026-10-06T04:51:55Z,1804112026-10-05,18041,2026-10-05,SCHEDULED,300,5.0
2026-10-06T04:51:55Z,1804612026-10-05,18046,2026-10-05,SCHEDULED,360,6.0
2026-10-06T04:51:55Z,1704312026-10-05,17043,2026-10-05,SCHEDULED,60,1.0
2026-10-06T04:51:55Z,1805412026-10-05,18054,2026-10-05,SCHEDULED,0,0.0
2026-10-06T04:51:55Z,1806812026-10-05,18068,2026-10-05,SCHEDULED,0,0.0
2026-10-06T04:51:55Z,1807112026-10-05,18071,2026-10-05,SCHEDULED,120,2.0
2026-10-06T04:51:55Z,1807212026-10-05,18072,2026-10-05,SCHEDULED,60,1.0
2026-10-06T04:51:55Z,1800212026-10-05,18002,2026-10-05,SCHEDULED,60,1.0
2026-10-06T04:51:55Z,1806612026-10-05,18066,2026-10-05,SCHEDULED,60,1.0
2026-10-06T04:51:55Z,1812012026-10-05,18120,2026-10-05,SCHEDULED,60,1.0
2026-10-06T04:51:55Z,1812112026-10-05,18121,2026-10-05,SCHEDULED,540,9.0
2026-10-06T04:51:55Z,1831012026-10-05,18310,2026-10-05,SCHEDULED,180,3.0
2026-10-06T04:51:55Z,1877312026-10-05,18773,2026-10-05,SCHEDULED,120,2.0
2026-10-06T04:51:55Z,3586912026-10-05,35869,2026-10-05,SCHEDULED,420,7.0
2026-10-06T04:51:55Z,1891012026-10-05,18910,2026-10-05,SCHEDULED,360,6.0
2026-10-06T04:51:55Z,1443312026-10-05,14433,2026-10-05,SCHEDULED,240,4.0
2026-10-06T04:51:55Z,1530912026-10-05,15309,2026-10-05,SCHEDULED,-180,-3.0
2026-10-06T04:51:55Z,1503022026-10-05,15030,2026-10-05,SCHEDULED,240,4.0
2026-10-06T04:51:55Z,1503112026-10-05,15031,2026-10-05,SCHEDULED,-120,-2.0
2026-10-06T04:51:55Z,1600012026-10-05,16000,2026-10-05,SCHEDULED,120,2.0
2026-10-06T04:51:55Z,1447012026-10-05,14470,2026-10-05,SCHEDULED,180,3.0
2026-10-06T04:51:55Z,0947012026-10-05,09470,2026-10-05,SCHEDULED,0,0.0
2026-10-06T04:51:55Z,1562012026-10-05,15620,2026-10-05,SCHEDULED,120,2.0
2026-10-06T04:51:55Z,1562112026-10-05,15621,2026-10-05,SCHEDULED,0,0.0
2026-10-06T04:51:55Z,1563012026-10-05,15630,2026-10-05,SCHEDULED,0,0.0
2026-10-06T04:51:55Z,1401812026-10-05,14018,2026-10-05,SCHEDULED,120,2.0
2026-10-06T04:51:55Z,1251212026-10-05,12512,2026-10-05,SCHEDULED,0,0.0
2026-10-06T04:51:55Z,0043812026-10-06,00438,2026-10-06,CANCELED,,
2026-10-06T04:51:55Z,0043822026-10-06,00438,2026-10-06,CANCELED,,
2026-10-06T04:51:55Z,0043832026-10-06,00438,2026-10-06,CANCELED,,
2026-10-06T04:51:55Z,3743812026-10-05,37438,2026-10-05,CANCELED,,
2026-10-06T04:51:55Z,0238412026-10-06,02384,2026-10-06,CANCELED,,
2026-10-06T04:51:55Z,1304912026-10-05,13049,2026-10-05,CANCELED,,
2026-10-06T04:51:55Z,1309512026-10-05,13095,2026-10-05,CANCELED,,
2026-10-06T04:51:55Z,1391112026-10-05,13911,2026-10-05,CANCELED,,
2026-10-06T04:51:55Z,1502012026-10-05,15020,2026-10-05,CANCELED,,
2026-10-06T04:51:55Z,1504012026-10-05,15040,2026-10-05,CANCELED,,
2026-10-06T04:51:55Z,1504112026-10-05,15041,2026-10-05,CANCELED,,
2026-10-06T04:51:55Z,1504512026-10-05,15045,2026-10-05,CANCELED,,
2026-10-06T04:51:55Z,1504712026-10-05,15047,2026-10-05,CANCELED,,
2026-10-06T04:51:55Z,1505012026-10-05,15050,2026-10-05,CANCELED,,
2026-10-06T04:51:55Z,1505112026-10-05,15051,2026-10-05,CANCELED,,
2026-10-06T04:51:55Z,1505312026-10-05,15053,2026-10-05,CANCELED,,
2026-10-06T04:51:55Z,1505412026-10-05,15054,2026-10-05,CANCELED,,
2026-10-06T04:51:55Z,1505512026-10-05,15055,2026-10-05,CANCELED,,
2026-10-06T04:51:55Z,1521012026-10-05,15210,2026-10-05,CANCELED,,
2026-10-06T04:51:55Z,1521112026-10-05,15211,2026-10-05,CANCELED,,
2026-10-06T04:51:55Z,1521212026-10-05,15212,2026-10-05,CANCELED,,
2026-10-06T04:51:55Z,1521312026-10-05,15213,2026-10-05,CANCELED,,
2026-10-06T04:51:55Z,1521412026-10-05,15214,2026-10-05,CANCELED,,
2026-10-06T04:51:55Z,1521512026-10-05,15215,2026-10-05,CANCELED,,
2026-10-06T04:51:55Z,1521612026-10-05,15216,2026-10-05,CANCELED,,
2026-10-06T04:51:55Z,1521712026-10-05,15217,2026-10-05,CANCELED,,
2026-10-06T04:51:55Z,1521812026-10-05,15218,2026-10-05,CANCELED,,
2026-10-06T04:51:55Z,1521912026-10-05,15219,2026-10-05,CANCELED,,
2026-10-06T04:51:55Z,1522012026-10-05,15220,2026-10-05,CANCELED,,
2026-10-06T04:51:55Z,1522112026-10-05,15221,2026-10-05,CANCELED,,
2026-10-06T04:51:55Z,1522212026-10-05,15222,2026-10-05,CANCELED,,
2026-10-06T04:51:55Z,1522312026-10-05,15223,2026-10-05,CANCELED,,
2026-10-06T04:51:55Z,1522412026-10-05,15224,2026-10-05,CANCELED,,
2026-10-06T04:51:55Z,1522512026-10-05,15225,2026-10-05,CANCELED,,
2026-10-06T04:51:55Z,1570012026-10-05,15700,2026-10-05,CANCELED,,
2026-10-06T04:51:55Z,1570212026-10-05,15702,2026-10-05,CANCELED,,
2026-10-06T04:51:55Z,1572012026-10-05,15720,2026-10-05,CANCELED,,
2026-10-06T04:51:55Z,1572212026-10-05,15722,2026-10-05,CANCELED,,
2026-10-06T04:51:55Z,1572412026-10-05,15724,2026-10-05,CANCELED,,
2026-10-06T04:51:55Z,1572612026-10-05,15726,2026-10-05,CANCELED,,
2026-10-06T04:51:55Z,1572812026-10-05,15728,2026-10-05,CANCELED,,
2026-10-06T04:51:55Z,1573212026-10-05,15732,2026-10-05,CANCELED,,
2026-10-06T04:51:55Z,1573412026-10-05,15734,2026-10-05,CANCELED,,
2026-10-06T04:51:55Z,1573812026-10-05,15738,2026-10-05,CANCELED,,
2026-10-06T04:51:55Z,1577012026-10-05,15770,2026-10-05,CANCELED,,
2026-10-06T04:51:55Z,1577212026-10-05,15772,2026-10-05,CANCELED,,
2026-10-06T04:51:55Z,1577412026-10-05,15774,2026-10-05,CANCELED,,
2026-10-06T04:51:55Z,1578212026-10-05,15782,2026-10-05,CANCELED,,
2026-10-06T04:51:55Z,1578412026-10-05,15784,2026-10-05,CANCELED,,
2026-10-06T04:51:55Z,1578612026-10-05,15786,2026-10-05,CANCELED,,
2026-10-06T04:51:55Z,1578812026-10-05,15788,2026-10-05,CANCELED,,
2026-10-06T04:51:55Z,1580612026-10-05,15806,2026-10-05,CANCELED,,
2026-10-06T04:51:55Z,1580822026-10-05,15808,2026-10-05,CANCELED,,
2026-10-06T04:51:55Z,1581222026-10-05,15812,2026-10-05,CANCELED,,
2026-10-06T04:51:55Z,1581612026-10-05,15816,2026-10-05,CANCELED,,
2026-10-06T04:51:55Z,1581812026-10-05,15818,2026-10-05,CANCELED,,
2026-10-06T04:51:55Z,1582012026-10-05,15820,2026-10-05,CANCELED,,
2026-10-06T04:51:55Z,1585012026-10-05,15850,2026-10-05,CANCELED,,
2026-10-06T04:51:55Z,1586212026-10-05,15862,2026-10-05,CANCELED,,
2026-10-06T04:51:55Z,1586422026-10-05,15864,2026-10-05,CANCELED,,
2026-10-06T04:51:55Z,1586612026-10-05,15866,2026-10-05,CANCELED,,
2026-10-06T04:51:55Z,1586822026-10-05,15868,2026-10-05,CANCELED,,
2026-10-06T04:51:55Z,1587412026-10-05,15874,2026-10-05,CANCELED,,
2026-10-06T04:51:55Z,1587612026-10-05,15876,2026-10-05,CANCELED,,
2026-10-06T04:51:55Z,1588212026-10-05,15882,2026-10-05,CANCELED,,
2026-10-06T04:51:55Z,1588612026-10-05,15886,2026-10-05,CANCELED,,
2026-10-06T04:51:55Z,1590012026-10-05,15900,2026-10-05,CANCELED,,
2026-10-06T04:51:55Z,3090012026-10-05,30900,2026-10-05,CANCELED,,
2026-10-06T04:51:55Z,1591212026-10-05,15912,2026-10-05,CANCELED,,
2026-10-06T04:51:55Z,3091212026-10-05,30912,2026-10-05,CANCELED,,
2026-10-06T04:51:55Z,1591612026-10-05,15916,2026-10-05,CANCELED,,
2026-10-06T04:51:55Z,3091612026-10-05,30916,2026-10-05,CANCELED,,
2026-10-06T04:51:55Z,1591812026-10-05,15918,2026-10-05,CANCELED,,
2026-10-06T04:51:55Z,3091812026-10-05,30918,2026-10-05,CANCELED,,
2026-10-06T04:51:55Z,1562412026-10-05,15624,2026-10-05,CANCELED,,
2026-10-06T04:56:52Z,0411412026-10-06,04114,2026-10-06,SCHEDULED,-660,-11.0
2026-10-06T04:56:52Z,0411422026-10-06,04114,2026-10-06,SCHEDULED,-660,-11.0
2026-10-06T04:56:52Z,0075212026-10-06,00752,2026-10-06,SCHEDULED,-120,-2.0
2026-10-06T04:56:52Z,0075222026-10-06,00752,2026-10-06,SCHEDULED,-120,-2.0
2026-10-06T04:56:52Z,0075212026-10-06,00752,2026-10-06,SCHEDULED,540,9.0
2026-10-06T04:56:52Z,0075222026-10-06,00752,2026-10-06,SCHEDULED,540,9.0
2026-10-06T04:56:52Z,3460912026-10-05,34609,2026-10-05,SCHEDULED,300,5.0
2026-10-06T04:56:52Z,0107212026-10-05,01072,2026-10-05,SCHEDULED,180,3.0
2026-10-06T04:56:52Z,0206112026-10-05,02061,2026-10-05,SCHEDULED,1500,25.0
2026-10-06T04:56:52Z,0206312026-10-05,02063,2026-10-05,SCHEDULED,60,1.0
2026-10-06T04:56:52Z,0206712026-10-05,02067,2026-10-05,SCHEDULED,60,1.0
2026-10-06T04:56:52Z,0207512026-10-06,02075,2026-10-06,SCHEDULED,300,5.0
2026-10-06T04:56:52Z,0226112026-10-05,02261,2026-10-05,SCHEDULED,300,5.0
2026-10-06T04:56:52Z,0305212026-10-05,03052,2026-10-05,SCHEDULED,360,6.0
2026-10-06T04:56:52Z,0306012026-10-05,03060,2026-10-05,SCHEDULED,0,0.0
2026-10-06T04:56:52Z,0330112026-10-05,03301,2026-10-05,SCHEDULED,240,4.0
2026-10-06T04:56:52Z,0306212026-10-05,03062,2026-10-05,SCHEDULED,60,1.0
2026-10-06T04:56:52Z,0306222026-10-05,03062,2026-10-05,SCHEDULED,60,1.0
2026-10-06T04:56:52Z,0306232026-10-05,03062,2026-10-05,SCHEDULED,60,1.0
2026-10-06T04:56:52Z,0306242026-10-05,03062,2026-10-05,SCHEDULED,60,1.0
2026-10-06T04:56:52Z,0306312026-10-05,03063,2026-10-05,SCHEDULED,180,3.0
2026-10-06T04:56:52Z,0306322026-10-05,03063,2026-10-05,SCHEDULED,180,3.0
2026-10-06T04:56:52Z,0306332026-10-05,03063,2026-10-05,SCHEDULED,180,3.0
2026-10-06T04:56:52Z,0306212026-10-05,03062,2026-10-05,SCHEDULED,480,8.0
2026-10-06T04:56:52Z,0306222026-10-05,03062,2026-10-05,SCHEDULED,480,8.0
2026-10-06T04:56:52Z,0306232026-10-05,03062,2026-10-05,SCHEDULED,480,8.0
2026-10-06T04:56:52Z,0306242026-10-05,03062,2026-10-05,SCHEDULED,480,8.0
2026-10-06T04:56:52Z,0366212026-10-05,03662,2026-10-05,SCHEDULED,180,3.0
2026-10-06T04:56:52Z,0366222026-10-05,03662,2026-10-05,SCHEDULED,180,3.0
2026-10-06T04:56:52Z,0406012026-10-05,04060,2026-10-05,SCHEDULED,60,1.0
2026-10-06T04:56:52Z,0408822026-10-06,04088,2026-10-06,SCHEDULED,180,3.0
2026-10-06T04:56:52Z,0429512026-10-05,04295,2026-10-05,SCHEDULED,540,9.0
2026-10-06T04:56:52Z,0429522026-10-05,04295,2026-10-05,SCHEDULED,540,9.0
2026-10-06T04:56:52Z,0446412026-10-05,04464,2026-10-05,SCHEDULED,-240,-4.0
2026-10-06T04:56:52Z,0415412026-10-05,04154,2026-10-05,SCHEDULED,-60,-1.0
2026-10-06T04:56:52Z,0415422026-10-05,04154,2026-10-05,SCHEDULED,-60,-1.0
2026-10-06T04:56:52Z,0486812026-10-06,04868,2026-10-06,SCHEDULED,240,4.0
2026-10-06T04:56:52Z,0486822026-10-06,04868,2026-10-06,SCHEDULED,240,4.0
2026-10-06T04:56:52Z,0506112026-10-05,05061,2026-10-05,SCHEDULED,60,1.0
2026-10-06T04:56:52Z,0506122026-10-05,05061,2026-10-05,SCHEDULED,60,1.0
2026-10-06T04:56:52Z,0506312026-10-05,05063,2026-10-05,SCHEDULED,120,2.0
2026-10-06T04:56:52Z,0506412026-10-05,05064,2026-10-05,SCHEDULED,360,6.0
2026-10-06T04:56:52Z,0506422026-10-05,05064,2026-10-05,SCHEDULED,360,6.0
2026-10-06T04:56:52Z,0509212026-10-05,05092,2026-10-05,SCHEDULED,0,0.0
2026-10-06T04:56:52Z,0509222026-10-05,05092,2026-10-05,SCHEDULED,0,0.0
2026-10-06T04:56:52Z,0508012026-10-05,05080,2026-10-05,SCHEDULED,60,1.0
2026-10-06T04:56:52Z,0508022026-10-05,05080,2026-10-05,SCHEDULED,60,1.0
2026-10-06T04:56:52Z,0508032026-10-05,05080,2026-10-05,SCHEDULED,60,1.0
2026-10-06T04:56:52Z,0566812026-10-05,05668,2026-10-05,SCHEDULED,60,1.0
2026-10-06T04:56:52Z,0576312026-10-05,05763,2026-10-05,SCHEDULED,60,1.0
2026-10-06T04:56:52Z,0576322026-10-05,05763,2026-10-05,SCHEDULED,60,1.0
2026-10-06T04:56:52Z,0576332026-10-05,05763,2026-10-05,SCHEDULED,60,1.0
2026-10-06T04:56:52Z,0587112026-10-05,05871,2026-10-05,SCHEDULED,1920,32.0
2026-10-06T04:56:52Z,0805812026-10-05,08058,2026-10-05,SCHEDULED,60,1.0
2026-10-06T04:56:52Z,0806212026-10-05,08062,2026-10-05,SCHEDULED,120,2.0
2026-10-06T04:56:52Z,0806812026-10-05,08068,2026-10-05,SCHEDULED,60,1.0
2026-10-06T04:56:52Z,0806912026-10-05,08069,2026-10-05,SCHEDULED,300,5.0
2026-10-06T04:56:52Z,0807112026-10-05,08071,2026-10-05,SCHEDULED,480,8.0
2026-10-06T04:56:52Z,0807512026-10-05,08075,2026-10-05,SCHEDULED,540,9.0
2026-10-06T04:56:52Z,0826012026-10-05,08260,2026-10-05,SCHEDULED,180,3.0
2026-10-06T04:56:52Z,0826112026-10-05,08261,2026-10-05,SCHEDULED,720,12.0
2026-10-06T04:56:52Z,0835812026-10-05,08358,2026-10-05,SCHEDULED,360,6.0
2026-10-06T04:56:52Z,0827312026-10-05,08273,2026-10-05,SCHEDULED,300,5.0
2026-10-06T04:56:52Z,0847512026-10-05,08475,2026-10-05,SCHEDULED,60,1.0
2026-10-06T04:56:52Z,0865412026-10-05,08654,2026-10-05,SCHEDULED,-60,-1.0
2026-10-06T04:56:52Z,0866412026-10-05,08664,2026-10-05,SCHEDULED,240,4.0
2026-10-06T04:56:52Z,0807212026-10-05,08072,2026-10-05,SCHEDULED,0,0.0
2026-10-06T04:56:52Z,0906112026-10-05,09061,2026-10-05,SCHEDULED,-60,-1.0
2026-10-06T04:56:52Z,0906712026-10-05,09067,2026-10-05,SCHEDULED,0,0.0
2026-10-06T04:56:52Z,0907212026-10-05,09072,2026-10-05,SCHEDULED,-60,-1.0
2026-10-06T04:56:52Z,0907222026-10-05,09072,2026-10-05,SCHEDULED,-60,-1.0
2026-10-06T04:56:52Z,0405612026-10-06,04056,2026-10-06,SCHEDULED,180,3.0
2026-10-06T04:56:52Z,0029112026-10-06,00291,2026-10-06,SCHEDULED,-180,-3.0
2026-10-06T04:56:52Z,0029122026-10-06,00291,2026-10-06,SCHEDULED,-180,-3.0
2026-10-06T04:56:52Z,1241112026-10-05,12411,2026-10-05,SCHEDULED,360,6.0
2026-10-06T04:56:52Z,1261112026-10-05,12611,2026-10-05,SCHEDULED,420,7.0
2026-10-06T04:56:52Z,1300012026-10-05,13000,2026-10-05,SCHEDULED,240,4.0
2026-10-06T04:56:52Z,1300112026-10-05,13001,2026-10-05,SCHEDULED,540,9.0
2026-10-06T04:56:52Z,1300312026-10-05,13003,2026-10-05,SCHEDULED,60,1.0
2026-10-06T04:56:52Z,1303012026-10-05,13030,2026-10-05,SCHEDULED,120,2.0
2026-10-06T04:56:52Z,1304112026-10-05,13041,2026-10-05,SCHEDULED,0,0.0
2026-10-06T04:56:52Z,1305112026-10-05,13051,2026-10-05,SCHEDULED,60,1.0
2026-10-06T04:56:52Z,1308412026-10-05,13084,2026-10-05,SCHEDULED,480,8.0
2026-10-06T04:56:52Z,1395112026-10-05,13951,2026-10-05,SCHEDULED,240,4.0
2026-10-06T04:56:52Z,1320112026-10-05,13201,2026-10-05,SCHEDULED,60,1.0
2026-10-06T04:56:52Z,1320212026-10-05,13202,2026-10-05,SCHEDULED,300,5.0
2026-10-06T04:56:52Z,1412312026-10-05,14123,2026-10-05,SCHEDULED,60,1.0
2026-10-06T04:56:52Z,1412322026-10-05,14123,2026-10-05,SCHEDULED,60,1.0
2026-10-06T04:56:52Z,1412342026-10-05,14123,2026-10-05,SCHEDULED,60,1.0
2026-10-06T04:56:52Z,1500012026-10-05,15000,2026-10-05,SCHEDULED,240,4.0
2026-10-06T04:56:52Z,1500112026-10-05,15001,2026-10-05,SCHEDULED,0,0.0
2026-10-06T04:56:52Z,1500212026-10-05,15002,2026-10-05,SCHEDULED,120,2.0
2026-10-06T04:56:52Z,1564512026-10-05,15645,2026-10-05,SCHEDULED,0,0.0
2026-10-06T04:56:52Z,1564612026-10-05,15646,2026-10-05,SCHEDULED,60,1.0
2026-10-06T04:56:52Z,1565012026-10-05,15650,2026-10-05,SCHEDULED,300,5.0
2026-10-06T04:56:52Z,1575112026-10-05,15751,2026-10-05,SCHEDULED,300,5.0
2026-10-06T04:56:52Z,1601812026-10-05,16018,2026-10-05,SCHEDULED,0,0.0
2026-10-06T04:56:52Z,1702112026-10-05,17021,2026-10-05,SCHEDULED,180,3.0
2026-10-06T04:56:52Z,1703012026-10-05,17030,2026-10-05,SCHEDULED,-120,-2.0
2026-10-06T04:56:52Z,1710012026-10-05,17100,2026-10-05,SCHEDULED,240,4.0
2026-10-06T04:56:52Z,1720112026-10-05,17201,2026-10-05,SCHEDULED,120,2.0
2026-10-06T04:56:52Z,1750312026-10-05,17503,2026-10-05,SCHEDULED,240,4.0
2026-10-06T04:56:52Z,1770312026-10-05,17703,2026-10-05,SCHEDULED,60,1.0
2026-10-06T04:56:52Z,1780612026-10-05,17806,2026-10-05,SCHEDULED,0,0.0
2026-10-06T04:56:52Z,1781512026-10-05,17815,2026-10-05,SCHEDULED,0,0.0
2026-10-06T04:56:52Z,1800112026-10-05,18001,2026-10-05,SCHEDULED,60,1.0
2026-10-06T04:56:52Z,1804112026-10-05,18041,2026-10-05,SCHEDULED,300,5.0
2026-10-06T04:56:52Z,1804612026-10-05,18046,2026-10-05,SCHEDULED,300,5.0
2026-10-06T04:56:52Z,1704312026-10-05,17043,2026-10-05,SCHEDULED,60,1.0
2026-10-06T04:56:52Z,1805412026-10-05,18054,2026-10-05,SCHEDULED,0,0.0
2026-10-06T04:56:52Z,1806812026-10-05,18068,2026-10-05,SCHEDULED,60,1.0
2026-10-06T04:56:52Z,1807112026-10-05,18071,2026-10-05,SCHEDULED,180,3.0
2026-10-06T04:56:52Z,1807212026-10-05,18072,2026-10-05,SCHEDULED,120,2.0
2026-10-06T04:56:52Z,1800212026-10-05,18002,2026-10-05,SCHEDULED,60,1.0
2026-10-06T04:56:52Z,1806612026-10-05,18066,2026-10-05,SCHEDULED,60,1.0
2026-10-06T04:56:52Z,1812012026-10-05,18120,2026-10-05,SCHEDULED,-60,-1.0
2026-10-06T04:56:52Z,1812112026-10-05,18121,2026-10-05,SCHEDULED,540,9.0
2026-10-06T04:56:52Z,1831012026-10-05,18310,2026-10-05,SCHEDULED,120,2.0
2026-10-06T04:56:52Z,1833112026-10-05,18331,2026-10-05,SCHEDULED,0,0.0
2026-10-06T04:56:52Z,1877312026-10-05,18773,2026-10-05,SCHEDULED,240,4.0
2026-10-06T04:56:52Z,3586912026-10-05,35869,2026-10-05,SCHEDULED,420,7.0
2026-10-06T04:56:52Z,1891012026-10-05,18910,2026-10-05,SCHEDULED,360,6.0
2026-10-06T04:56:52Z,1443312026-10-05,14433,2026-10-05,SCHEDULED,240,4.0
2026-10-06T04:56:52Z,1530912026-10-05,15309,2026-10-05,SCHEDULED,-60,-1.0
2026-10-06T04:56:52Z,1503022026-10-05,15030,2026-10-05,SCHEDULED,240,4.0
2026-10-06T04:56:52Z,1503112026-10-05,15031,2026-10-05,SCHEDULED,0,0.0
2026-10-06T04:56:52Z,1600012026-10-05,16000,2026-10-05,SCHEDULED,120,2.0
2026-10-06T04:56:52Z,1447012026-10-05,14470,2026-10-05,SCHEDULED,180,3.0
2026-10-06T04:56:52Z,0947012026-10-05,09470,2026-10-05,SCHEDULED,0,0.0
2026-10-06T04:56:52Z,1562012026-10-05,15620,2026-10-05,SCHEDULED,120,2.0
2026-10-06T04:56:52Z,1562112026-10-05,15621,2026-10-05,SCHEDULED,0,0.0
2026-10-06T04:56:52Z,1563012026-10-05,15630,2026-10-05,SCHEDULED,0,0.0
2026-10-06T04:56:52Z,1401812026-10-05,14018,2026-10-05,SCHEDULED,0,0.0
2026-10-06T04:56:52Z,1251212026-10-05,12512,2026-10-05,SCHEDULED,0,0.0
2026-10-06T04:56:52Z,0043812026-10-06,00438,2026-10-06,CANCELED,,
2026-10-06T04:56:52Z,0043822026-10-06,00438,2026-10-06,CANCELED,,
2026-10-06T04:56:52Z,0043832026-10-06,00438,2026-10-06,CANCELED,,
2026-10-06T04:56:52Z,3743812026-10-05,37438,2026-10-05,CANCELED,,
2026-10-06T04:56:52Z,0238412026-10-06,02384,2026-10-06,CANCELED,,
2026-10-06T04:56:52Z,1304912026-10-05,13049,2026-10-05,CANCELED,,
2026-10-06T04:56:52Z,1309512026-10-05,13095,2026-10-05,CANCELED,,
2026-10-06T04:56:52Z,1391112026-10-05,13911,2026-10-05,CANCELED,,
2026-10-06T04:56:52Z,1502012026-10-05,15020,2026-10-05,CANCELED,,
2026-10-06T04:56:52Z,1504012026-10-05,15040,2026-10-05,CANCELED,,
2026-10-06T04:56:52Z,1504112026-10-05,15041,2026-10-05,CANCELED,,
2026-10-06T04:56:52Z,1504512026-10-05,15045,2026-10-05,CANCELED,,
2026-10-06T04:56:52Z,1504712026-10-05,15047,2026-10-05,CANCELED,,
2026-10-06T04:56:52Z,1505012026-10-05,15050,2026-10-05,CANCELED,,
2026-10-06T04:56:52Z,1505112026-10-05,15051,2026-10-05,CANCELED,,
2026-10-06T04:56:52Z,1505312026-10-05,15053,2026-10-05,CANCELED,,
2026-10-06T04:56:52Z,1505412026-10-05,15054,2026-10-05,CANCELED,,
2026-10-06T04:56:52Z,1505512026-10-05,15055,2026-10-05,CANCELED,,
2026-10-06T04:56:52Z,1521012026-10-05,15210,2026-10-05,CANCELED,,
2026-10-06T04:56:52Z,1521112026-10-05,15211,2026-10-05,CANCELED,,
2026-10-06T04:56:52Z,1521212026-10-05,15212,2026-10-05,CANCELED,,
2026-10-06T04:56:52Z,1521312026-10-05,15213,2026-10-05,CANCELED,,
2026-10-06T04:56:52Z,1521412026-10-05,15214,2026-10-05,CANCELED,,
2026-10-06T04:56:52Z,1521512026-10-05,15215,2026-10-05,CANCELED,,
2026-10-06T04:56:52Z,1521612026-10-05,15216,2026-10-05,CANCELED,,
2026-10-06T04:56:52Z,1521712026-10-05,15217,2026-10-05,CANCELED,,
2026-10-06T04:56:52Z,1521812026-10-05,15218,2026-10-05,CANCELED,,
2026-10-06T04:56:52Z,1521912026-10-05,15219,2026-10-05,CANCELED,,
2026-10-06T04:56:52Z,1522012026-10-05,15220,2026-10-05,CANCELED,,
2026-10-06T04:56:52Z,1522112026-10-05,15221,2026-10-05,CANCELED,,
2026-10-06T04:56:52Z,1522212026-10-05,15222,2026-10-05,CANCELED,,
2026-10-06T04:56:52Z,1522312026-10-05,15223,2026-10-05,CANCELED,,
2026-10-06T04:56:52Z,1522412026-10-05,15224,2026-10-05,CANCELED,,
2026-10-06T04:56:52Z,1522512026-10-05,15225,2026-10-05,CANCELED,,
2026-10-06T04:56:52Z,1570012026-10-05,15700,2026-10-05,CANCELED,,
2026-10-06T04:56:52Z,1570212026-10-05,15702,2026-10-05,CANCELED,,
2026-10-06T04:56:52Z,1572012026-10-05,15720,2026-10-05,CANCELED,,
2026-10-06T04:56:52Z,1572212026-10-05,15722,2026-10-05,CANCELED,,
2026-10-06T04:56:52Z,1572412026-10-05,15724,2026-10-05,CANCELED,,
2026-10-06T04:56:52Z,1572612026-10-05,15726,2026-10-05,CANCELED,,
2026-10-06T04:56:52Z,1572812026-10-05,15728,2026-10-05,CANCELED,,
2026-10-06T04:56:52Z,1573212026-10-05,15732,2026-10-05,CANCELED,,
2026-10-06T04:56:52Z,1573412026-10-05,15734,2026-10-05,CANCELED,,
2026-10-06T04:56:52Z,1573812026-10-05,15738,2026-10-05,CANCELED,,
2026-10-06T04:56:52Z,1577012026-10-05,15770,2026-10-05,CANCELED,,
2026-10-06T04:56:52Z,1577212026-10-05,15772,2026-10-05,CANCELED,,
2026-10-06T04:56:52Z,1577412026-10-05,15774,2026-10-05,CANCELED,,
2026-10-06T04:56:52Z,1578212026-10-05,15782,2026-10-05,CANCELED,,
2026-10-06T04:56:52Z,1578412026-10-05,15784,2026-10-05,CANCELED,,
2026-10-06T04:56:52Z,1578612026-10-05,15786,2026-10-05,CANCELED,,
2026-10-06T04:56:52Z,1578812026-10-05,15788,2026-10-05,CANCELED,,
2026-10-06T04:56:52Z,1580612026-10-05,15806,2026-10-05,CANCELED,,
2026-10-06T04:56:52Z,1580822026-10-05,15808,2026-10-05,CANCELED,,
2026-10-06T04:56:52Z,1581222026-10-05,15812,2026-10-05,CANCELED,,
2026-10-06T04:56:52Z,1581612026-10-05,15816,2026-10-05,CANCELED,,
2026-10-06T04:56:52Z,1581812026-10-05,15818,2026-10-05,CANCELED,,
2026-10-06T04:56:52Z,1582012026-10-05,15820,2026-10-05,CANCELED,,
2026-10-06T04:56:52Z,1585012026-10-05,15850,2026-10-05,CANCELED,,
2026-10-06T04:56:52Z,1586212026-10-05,15862,2026-10-05,CANCELED,,
2026-10-06T04:56:52Z,1586422026-10-05,15864,2026-10-05,CANCELED,,
2026-10-06T04:56:52Z,1586612026-10-05,15866,2026-10-05,CANCELED,,
2026-10-06T04:56:52Z,1586822026-10-05,15868,2026-10-05,CANCELED,,
2026-10-06T04:56:52Z,1587412026-10-05,15874,2026-10-05,CANCELED,,
2026-10-06T04:56:52Z,1587612026-10-05,15876,2026-10-05,CANCELED,,
2026-10-06T04:56:52Z,1588212026-10-05,15882,2026-10-05,CANCELED,,
2026-10-06T04:56:52Z,1588612026-10-05,15886,2026-10-05,CANCELED,,
2026-10-06T04:56:52Z,1590012026-10-05,15900,2026-10-05,CANCELED,,
2026-10-06T04:56:52Z,3090012026-10-05,30900,2026-10-05,CANCELED,,
2026-10-06T04:56:52Z,1591212026-10-05,15912,2026-10-05,CANCELED,,
2026-10-06T04:56:52Z,3091212026-10-05,30912,2026-10-05,CANCELED,,
2026-10-06T04:56:52Z,1591612026-10-05,15916,2026-10-05,CANCELED,,
2026-10-06T04:56:52Z,3091612026-10-05,30916,2026-10-05,CANCELED,,
2026-10-06T04:56:52Z,1591812026-10-05,15918,2026-10-05,CANCELED,,
2026-10-06T04:56:52Z,3091812026-10-05,30918,2026-10-05,CANCELED,,
2026-10-06T04:56:52Z,1562412026-10-05,15624,2026-10-05,CANCELED,,
