timestamp_utc,trip_id,tren,fecha_tren,estado,retraso_seg,retraso_min
2026-06-21T00:01:31Z,3890612026-06-19,38906,2026-06-19,CANCELED,,
2026-06-21T00:01:31Z,3890512026-06-19,38905,2026-06-19,CANCELED,,
2026-06-21T00:01:31Z,1390812026-06-19,13908,2026-06-19,CANCELED,,
2026-06-21T00:01:31Z,1390712026-06-19,13907,2026-06-19,CANCELED,,
2026-06-21T00:01:31Z,3890812026-06-19,38908,2026-06-19,CANCELED,,
2026-06-21T00:01:31Z,3890712026-06-19,38907,2026-06-19,CANCELED,,
2026-06-21T00:01:31Z,1391012026-06-19,13910,2026-06-19,CANCELED,,
2026-06-21T00:01:31Z,1390912026-06-19,13909,2026-06-19,CANCELED,,
2026-06-21T00:01:31Z,1390512026-06-19,13905,2026-06-19,CANCELED,,
2026-06-21T00:01:31Z,3890912026-06-19,38909,2026-06-19,CANCELED,,
2026-06-21T00:01:31Z,1261112026-06-19,12611,2026-06-19,CANCELED,,
2026-06-21T00:01:31Z,1391112026-06-19,13911,2026-06-19,CANCELED,,
2026-06-21T00:01:31Z,1301512026-06-19,13015,2026-06-19,CANCELED,,
2026-06-21T00:01:31Z,1821422026-06-20,18214,2026-06-20,CANCELED,,
2026-06-21T00:01:31Z,1390212026-06-19,13902,2026-06-19,CANCELED,,
2026-06-21T00:01:31Z,3890212026-06-19,38902,2026-06-19,CANCELED,,
2026-06-21T00:01:31Z,1821522026-06-20,18215,2026-06-20,CANCELED,,
2026-06-21T00:01:31Z,1390612026-06-19,13906,2026-06-19,CANCELED,,
2026-06-21T00:01:31Z,1302032026-06-19,13020,2026-06-19,CANCELED,,
2026-06-21T00:05:58Z,3890512026-06-20,38905,2026-06-20,CANCELED,,
2026-06-21T00:05:58Z,3890612026-06-20,38906,2026-06-20,CANCELED,,
2026-06-21T00:05:58Z,1390812026-06-20,13908,2026-06-20,CANCELED,,
2026-06-21T00:05:58Z,1390712026-06-20,13907,2026-06-20,CANCELED,,
2026-06-21T00:05:58Z,3890812026-06-20,38908,2026-06-20,CANCELED,,
2026-06-21T00:05:58Z,3890712026-06-20,38907,2026-06-20,CANCELED,,
2026-06-21T00:05:58Z,1391012026-06-20,13910,2026-06-20,CANCELED,,
2026-06-21T00:05:58Z,1390912026-06-20,13909,2026-06-20,CANCELED,,
2026-06-21T00:05:58Z,1390512026-06-20,13905,2026-06-20,CANCELED,,
2026-06-21T00:05:58Z,3890912026-06-20,38909,2026-06-20,CANCELED,,
2026-06-21T00:05:58Z,1261112026-06-20,12611,2026-06-20,CANCELED,,
2026-06-21T00:05:58Z,1391112026-06-20,13911,2026-06-20,CANCELED,,
2026-06-21T00:05:58Z,1301512026-06-20,13015,2026-06-20,CANCELED,,
2026-06-21T00:05:58Z,1821422026-06-20,18214,2026-06-20,CANCELED,,
2026-06-21T00:05:58Z,1390212026-06-20,13902,2026-06-20,CANCELED,,
2026-06-21T00:05:58Z,3890212026-06-20,38902,2026-06-20,CANCELED,,
2026-06-21T00:05:58Z,1821522026-06-20,18215,2026-06-20,CANCELED,,
2026-06-21T00:05:58Z,1390612026-06-20,13906,2026-06-20,CANCELED,,
2026-06-21T00:05:58Z,1302032026-06-20,13020,2026-06-20,CANCELED,,
2026-06-21T00:11:07Z,3890512026-06-20,38905,2026-06-20,CANCELED,,
2026-06-21T00:11:07Z,3890612026-06-20,38906,2026-06-20,CANCELED,,
2026-06-21T00:11:07Z,1390712026-06-20,13907,2026-06-20,CANCELED,,
2026-06-21T00:11:07Z,1390812026-06-20,13908,2026-06-20,CANCELED,,
2026-06-21T00:11:07Z,3890712026-06-20,38907,2026-06-20,CANCELED,,
2026-06-21T00:11:07Z,3890812026-06-20,38908,2026-06-20,CANCELED,,
2026-06-21T00:11:07Z,1390912026-06-20,13909,2026-06-20,CANCELED,,
2026-06-21T00:11:07Z,1391012026-06-20,13910,2026-06-20,CANCELED,,
2026-06-21T00:11:07Z,1390512026-06-20,13905,2026-06-20,CANCELED,,
2026-06-21T00:11:07Z,3890912026-06-20,38909,2026-06-20,CANCELED,,
2026-06-21T00:11:07Z,1261112026-06-20,12611,2026-06-20,CANCELED,,
2026-06-21T00:11:07Z,1391112026-06-20,13911,2026-06-20,CANCELED,,
2026-06-21T00:11:07Z,1301512026-06-20,13015,2026-06-20,CANCELED,,
2026-06-21T00:11:07Z,1390212026-06-20,13902,2026-06-20,CANCELED,,
2026-06-21T00:11:07Z,1821422026-06-20,18214,2026-06-20,CANCELED,,
2026-06-21T00:11:07Z,3890212026-06-20,38902,2026-06-20,CANCELED,,
2026-06-21T00:11:07Z,1821522026-06-20,18215,2026-06-20,CANCELED,,
2026-06-21T00:11:07Z,1390612026-06-20,13906,2026-06-20,CANCELED,,
2026-06-21T00:11:07Z,1302032026-06-20,13020,2026-06-20,CANCELED,,
2026-06-21T00:16:07Z,3890612026-06-20,38906,2026-06-20,CANCELED,,
2026-06-21T00:16:07Z,3890512026-06-20,38905,2026-06-20,CANCELED,,
2026-06-21T00:16:07Z,1390812026-06-20,13908,2026-06-20,CANCELED,,
2026-06-21T00:16:07Z,1390712026-06-20,13907,2026-06-20,CANCELED,,
2026-06-21T00:16:07Z,3890812026-06-20,38908,2026-06-20,CANCELED,,
2026-06-21T00:16:07Z,3890712026-06-20,38907,2026-06-20,CANCELED,,
2026-06-21T00:16:07Z,1391012026-06-20,13910,2026-06-20,CANCELED,,
2026-06-21T00:16:07Z,1390912026-06-20,13909,2026-06-20,CANCELED,,
2026-06-21T00:16:07Z,1390512026-06-20,13905,2026-06-20,CANCELED,,
2026-06-21T00:16:07Z,3890912026-06-20,38909,2026-06-20,CANCELED,,
2026-06-21T00:16:07Z,1261112026-06-20,12611,2026-06-20,CANCELED,,
2026-06-21T00:16:07Z,1391112026-06-20,13911,2026-06-20,CANCELED,,
2026-06-21T00:16:07Z,1301512026-06-20,13015,2026-06-20,CANCELED,,
2026-06-21T00:16:07Z,1390212026-06-20,13902,2026-06-20,CANCELED,,
2026-06-21T00:16:07Z,3890212026-06-20,38902,2026-06-20,CANCELED,,
2026-06-21T00:16:07Z,1821422026-06-20,18214,2026-06-20,CANCELED,,
2026-06-21T00:16:07Z,1390612026-06-20,13906,2026-06-20,CANCELED,,
2026-06-21T00:16:07Z,1821522026-06-20,18215,2026-06-20,CANCELED,,
2026-06-21T00:16:07Z,1302032026-06-20,13020,2026-06-20,CANCELED,,
2026-06-21T00:21:06Z,3890512026-06-20,38905,2026-06-20,CANCELED,,
2026-06-21T00:21:06Z,3890612026-06-20,38906,2026-06-20,CANCELED,,
2026-06-21T00:21:06Z,1390712026-06-20,13907,2026-06-20,CANCELED,,
2026-06-21T00:21:06Z,1390812026-06-20,13908,2026-06-20,CANCELED,,
2026-06-21T00:21:06Z,3890712026-06-20,38907,2026-06-20,CANCELED,,
2026-06-21T00:21:06Z,3890812026-06-20,38908,2026-06-20,CANCELED,,
2026-06-21T00:21:06Z,1390912026-06-20,13909,2026-06-20,CANCELED,,
2026-06-21T00:21:06Z,1391012026-06-20,13910,2026-06-20,CANCELED,,
2026-06-21T00:21:06Z,3890912026-06-20,38909,2026-06-20,CANCELED,,
2026-06-21T00:21:06Z,1390512026-06-20,13905,2026-06-20,CANCELED,,
2026-06-21T00:21:06Z,1391112026-06-20,13911,2026-06-20,CANCELED,,
2026-06-21T00:21:06Z,1261112026-06-20,12611,2026-06-20,CANCELED,,
2026-06-21T00:21:06Z,1301512026-06-20,13015,2026-06-20,CANCELED,,
2026-06-21T00:21:06Z,1821422026-06-20,18214,2026-06-20,CANCELED,,
2026-06-21T00:21:06Z,1390212026-06-20,13902,2026-06-20,CANCELED,,
2026-06-21T00:21:06Z,3890212026-06-20,38902,2026-06-20,CANCELED,,
2026-06-21T00:21:06Z,1821522026-06-20,18215,2026-06-20,CANCELED,,
2026-06-21T00:21:06Z,1390612026-06-20,13906,2026-06-20,CANCELED,,
2026-06-21T00:21:06Z,1302032026-06-20,13020,2026-06-20,CANCELED,,
2026-06-21T00:26:03Z,3890512026-06-20,38905,2026-06-20,CANCELED,,
2026-06-21T00:26:03Z,3890612026-06-20,38906,2026-06-20,CANCELED,,
2026-06-21T00:26:03Z,1390812026-06-20,13908,2026-06-20,CANCELED,,
2026-06-21T00:26:03Z,1390712026-06-20,13907,2026-06-20,CANCELED,,
2026-06-21T00:26:03Z,3890812026-06-20,38908,2026-06-20,CANCELED,,
2026-06-21T00:26:03Z,3890712026-06-20,38907,2026-06-20,CANCELED,,
2026-06-21T00:26:03Z,1391012026-06-20,13910,2026-06-20,CANCELED,,
2026-06-21T00:26:03Z,1390912026-06-20,13909,2026-06-20,CANCELED,,
2026-06-21T00:26:03Z,3890912026-06-20,38909,2026-06-20,CANCELED,,
2026-06-21T00:26:03Z,1390512026-06-20,13905,2026-06-20,CANCELED,,
2026-06-21T00:26:03Z,1261112026-06-20,12611,2026-06-20,CANCELED,,
2026-06-21T00:26:03Z,1391112026-06-20,13911,2026-06-20,CANCELED,,
2026-06-21T00:26:03Z,1301512026-06-20,13015,2026-06-20,CANCELED,,
2026-06-21T00:26:03Z,1821422026-06-20,18214,2026-06-20,CANCELED,,
2026-06-21T00:26:03Z,1390212026-06-20,13902,2026-06-20,CANCELED,,
2026-06-21T00:26:03Z,3890212026-06-20,38902,2026-06-20,CANCELED,,
2026-06-21T00:26:03Z,1821522026-06-20,18215,2026-06-20,CANCELED,,
2026-06-21T00:26:03Z,1390612026-06-20,13906,2026-06-20,CANCELED,,
2026-06-21T00:26:03Z,1302032026-06-20,13020,2026-06-20,CANCELED,,
2026-06-21T00:31:17Z,3890612026-06-20,38906,2026-06-20,CANCELED,,
2026-06-21T00:31:17Z,3890512026-06-20,38905,2026-06-20,CANCELED,,
2026-06-21T00:31:17Z,1390712026-06-20,13907,2026-06-20,CANCELED,,
2026-06-21T00:31:17Z,1390812026-06-20,13908,2026-06-20,CANCELED,,
2026-06-21T00:31:17Z,3890812026-06-20,38908,2026-06-20,CANCELED,,
2026-06-21T00:31:17Z,3890712026-06-20,38907,2026-06-20,CANCELED,,
2026-06-21T00:31:17Z,1391012026-06-20,13910,2026-06-20,CANCELED,,
2026-06-21T00:31:17Z,1390912026-06-20,13909,2026-06-20,CANCELED,,
2026-06-21T00:31:17Z,1390512026-06-20,13905,2026-06-20,CANCELED,,
2026-06-21T00:31:17Z,3890912026-06-20,38909,2026-06-20,CANCELED,,
2026-06-21T00:31:17Z,1261112026-06-20,12611,2026-06-20,CANCELED,,
2026-06-21T00:31:17Z,1391112026-06-20,13911,2026-06-20,CANCELED,,
2026-06-21T00:31:17Z,1301512026-06-20,13015,2026-06-20,CANCELED,,
2026-06-21T00:31:17Z,1821422026-06-20,18214,2026-06-20,CANCELED,,
2026-06-21T00:31:17Z,1390212026-06-20,13902,2026-06-20,CANCELED,,
2026-06-21T00:31:17Z,3890212026-06-20,38902,2026-06-20,CANCELED,,
2026-06-21T00:31:17Z,1821522026-06-20,18215,2026-06-20,CANCELED,,
2026-06-21T00:31:17Z,1390612026-06-20,13906,2026-06-20,CANCELED,,
2026-06-21T00:31:17Z,1302032026-06-20,13020,2026-06-20,CANCELED,,
2026-06-21T00:35:59Z,3890512026-06-20,38905,2026-06-20,CANCELED,,
2026-06-21T00:35:59Z,3890612026-06-20,38906,2026-06-20,CANCELED,,
2026-06-21T00:35:59Z,1390712026-06-20,13907,2026-06-20,CANCELED,,
2026-06-21T00:35:59Z,1390812026-06-20,13908,2026-06-20,CANCELED,,
2026-06-21T00:35:59Z,3890812026-06-20,38908,2026-06-20,CANCELED,,
2026-06-21T00:35:59Z,3890712026-06-20,38907,2026-06-20,CANCELED,,
2026-06-21T00:35:59Z,1391012026-06-20,13910,2026-06-20,CANCELED,,
2026-06-21T00:35:59Z,1390912026-06-20,13909,2026-06-20,CANCELED,,
2026-06-21T00:35:59Z,3890912026-06-20,38909,2026-06-20,CANCELED,,
2026-06-21T00:35:59Z,1390512026-06-20,13905,2026-06-20,CANCELED,,
2026-06-21T00:35:59Z,1261112026-06-20,12611,2026-06-20,CANCELED,,
2026-06-21T00:35:59Z,1391112026-06-20,13911,2026-06-20,CANCELED,,
2026-06-21T00:35:59Z,1301512026-06-20,13015,2026-06-20,CANCELED,,
2026-06-21T00:35:59Z,1821422026-06-20,18214,2026-06-20,CANCELED,,
2026-06-21T00:35:59Z,1390212026-06-20,13902,2026-06-20,CANCELED,,
2026-06-21T00:35:59Z,3890212026-06-20,38902,2026-06-20,CANCELED,,
2026-06-21T00:35:59Z,1821522026-06-20,18215,2026-06-20,CANCELED,,
2026-06-21T00:35:59Z,1390612026-06-20,13906,2026-06-20,CANCELED,,
2026-06-21T00:35:59Z,1302032026-06-20,13020,2026-06-20,CANCELED,,
2026-06-21T00:41:06Z,3890612026-06-20,38906,2026-06-20,CANCELED,,
2026-06-21T00:41:06Z,3890512026-06-20,38905,2026-06-20,CANCELED,,
2026-06-21T00:41:06Z,1390812026-06-20,13908,2026-06-20,CANCELED,,
2026-06-21T00:41:06Z,1390712026-06-20,13907,2026-06-20,CANCELED,,
2026-06-21T00:41:06Z,3890812026-06-20,38908,2026-06-20,CANCELED,,
2026-06-21T00:41:06Z,3890712026-06-20,38907,2026-06-20,CANCELED,,
2026-06-21T00:41:06Z,1391012026-06-20,13910,2026-06-20,CANCELED,,
2026-06-21T00:41:06Z,1390912026-06-20,13909,2026-06-20,CANCELED,,
2026-06-21T00:41:06Z,1390512026-06-20,13905,2026-06-20,CANCELED,,
2026-06-21T00:41:06Z,3890912026-06-20,38909,2026-06-20,CANCELED,,
2026-06-21T00:41:06Z,1261112026-06-20,12611,2026-06-20,CANCELED,,
2026-06-21T00:41:06Z,1391112026-06-20,13911,2026-06-20,CANCELED,,
2026-06-21T00:41:06Z,1301512026-06-20,13015,2026-06-20,CANCELED,,
2026-06-21T00:41:06Z,1821422026-06-20,18214,2026-06-20,CANCELED,,
2026-06-21T00:41:06Z,1390212026-06-20,13902,2026-06-20,CANCELED,,
2026-06-21T00:41:06Z,3890212026-06-20,38902,2026-06-20,CANCELED,,
2026-06-21T00:41:06Z,1821522026-06-20,18215,2026-06-20,CANCELED,,
2026-06-21T00:41:06Z,1390612026-06-20,13906,2026-06-20,CANCELED,,
2026-06-21T00:41:06Z,1302032026-06-20,13020,2026-06-20,CANCELED,,
2026-06-21T00:46:04Z,3890612026-06-20,38906,2026-06-20,CANCELED,,
2026-06-21T00:46:04Z,3890512026-06-20,38905,2026-06-20,CANCELED,,
2026-06-21T00:46:04Z,1390812026-06-20,13908,2026-06-20,CANCELED,,
2026-06-21T00:46:04Z,1390712026-06-20,13907,2026-06-20,CANCELED,,
2026-06-21T00:46:04Z,3890812026-06-20,38908,2026-06-20,CANCELED,,
2026-06-21T00:46:04Z,3890712026-06-20,38907,2026-06-20,CANCELED,,
2026-06-21T00:46:04Z,1391012026-06-20,13910,2026-06-20,CANCELED,,
2026-06-21T00:46:04Z,1390912026-06-20,13909,2026-06-20,CANCELED,,
2026-06-21T00:46:04Z,1390512026-06-20,13905,2026-06-20,CANCELED,,
2026-06-21T00:46:04Z,3890912026-06-20,38909,2026-06-20,CANCELED,,
2026-06-21T00:46:04Z,1261112026-06-20,12611,2026-06-20,CANCELED,,
2026-06-21T00:46:04Z,1391112026-06-20,13911,2026-06-20,CANCELED,,
2026-06-21T00:46:04Z,1301512026-06-20,13015,2026-06-20,CANCELED,,
2026-06-21T00:46:04Z,1390212026-06-20,13902,2026-06-20,CANCELED,,
2026-06-21T00:46:04Z,1821422026-06-20,18214,2026-06-20,CANCELED,,
2026-06-21T00:46:04Z,3890212026-06-20,38902,2026-06-20,CANCELED,,
2026-06-21T00:46:04Z,1390612026-06-20,13906,2026-06-20,CANCELED,,
2026-06-21T00:46:04Z,1821522026-06-20,18215,2026-06-20,CANCELED,,
2026-06-21T00:46:04Z,1302032026-06-20,13020,2026-06-20,CANCELED,,
2026-06-21T00:51:06Z,3890512026-06-20,38905,2026-06-20,CANCELED,,
2026-06-21T00:51:06Z,3890612026-06-20,38906,2026-06-20,CANCELED,,
2026-06-21T00:51:06Z,1390712026-06-20,13907,2026-06-20,CANCELED,,
2026-06-21T00:51:06Z,1390812026-06-20,13908,2026-06-20,CANCELED,,
2026-06-21T00:51:06Z,3890712026-06-20,38907,2026-06-20,CANCELED,,
2026-06-21T00:51:06Z,3890812026-06-20,38908,2026-06-20,CANCELED,,
2026-06-21T00:51:06Z,1390912026-06-20,13909,2026-06-20,CANCELED,,
2026-06-21T00:51:06Z,1391012026-06-20,13910,2026-06-20,CANCELED,,
2026-06-21T00:51:06Z,3890912026-06-20,38909,2026-06-20,CANCELED,,
2026-06-21T00:51:06Z,1390512026-06-20,13905,2026-06-20,CANCELED,,
2026-06-21T00:51:06Z,1391112026-06-20,13911,2026-06-20,CANCELED,,
2026-06-21T00:51:06Z,1261112026-06-20,12611,2026-06-20,CANCELED,,
2026-06-21T00:51:06Z,1301512026-06-20,13015,2026-06-20,CANCELED,,
2026-06-21T00:51:06Z,1821422026-06-20,18214,2026-06-20,CANCELED,,
2026-06-21T00:51:06Z,1390212026-06-20,13902,2026-06-20,CANCELED,,
2026-06-21T00:51:06Z,3890212026-06-20,38902,2026-06-20,CANCELED,,
2026-06-21T00:51:06Z,1821522026-06-20,18215,2026-06-20,CANCELED,,
2026-06-21T00:51:06Z,1390612026-06-20,13906,2026-06-20,CANCELED,,
2026-06-21T00:51:06Z,1302032026-06-20,13020,2026-06-20,CANCELED,,
2026-06-21T00:56:05Z,3890612026-06-20,38906,2026-06-20,CANCELED,,
2026-06-21T00:56:05Z,3890512026-06-20,38905,2026-06-20,CANCELED,,
2026-06-21T00:56:05Z,1390812026-06-20,13908,2026-06-20,CANCELED,,
2026-06-21T00:56:05Z,1390712026-06-20,13907,2026-06-20,CANCELED,,
2026-06-21T00:56:05Z,3890812026-06-20,38908,2026-06-20,CANCELED,,
2026-06-21T00:56:05Z,3890712026-06-20,38907,2026-06-20,CANCELED,,
2026-06-21T00:56:05Z,1391012026-06-20,13910,2026-06-20,CANCELED,,
2026-06-21T00:56:05Z,1390912026-06-20,13909,2026-06-20,CANCELED,,
2026-06-21T00:56:05Z,1390512026-06-20,13905,2026-06-20,CANCELED,,
2026-06-21T00:56:05Z,3890912026-06-20,38909,2026-06-20,CANCELED,,
2026-06-21T00:56:05Z,1261112026-06-20,12611,2026-06-20,CANCELED,,
2026-06-21T00:56:05Z,1391112026-06-20,13911,2026-06-20,CANCELED,,
2026-06-21T00:56:05Z,1301512026-06-20,13015,2026-06-20,CANCELED,,
2026-06-21T00:56:05Z,1821422026-06-20,18214,2026-06-20,CANCELED,,
2026-06-21T00:56:05Z,1390212026-06-20,13902,2026-06-20,CANCELED,,
2026-06-21T00:56:05Z,3890212026-06-20,38902,2026-06-20,CANCELED,,
2026-06-21T00:56:05Z,1821522026-06-20,18215,2026-06-20,CANCELED,,
2026-06-21T00:56:05Z,1390612026-06-20,13906,2026-06-20,CANCELED,,
2026-06-21T00:56:05Z,1302032026-06-20,13020,2026-06-20,CANCELED,,
2026-06-21T01:01:27Z,3890512026-06-20,38905,2026-06-20,CANCELED,,
2026-06-21T01:01:27Z,3890612026-06-20,38906,2026-06-20,CANCELED,,
2026-06-21T01:01:27Z,1390712026-06-20,13907,2026-06-20,CANCELED,,
2026-06-21T01:01:27Z,1390812026-06-20,13908,2026-06-20,CANCELED,,
2026-06-21T01:01:27Z,3890812026-06-20,38908,2026-06-20,CANCELED,,
2026-06-21T01:01:27Z,3890712026-06-20,38907,2026-06-20,CANCELED,,
2026-06-21T01:01:27Z,1391012026-06-20,13910,2026-06-20,CANCELED,,
2026-06-21T01:01:27Z,1390912026-06-20,13909,2026-06-20,CANCELED,,
2026-06-21T01:01:27Z,1390512026-06-20,13905,2026-06-20,CANCELED,,
2026-06-21T01:01:27Z,3890912026-06-20,38909,2026-06-20,CANCELED,,
2026-06-21T01:01:27Z,1391112026-06-20,13911,2026-06-20,CANCELED,,
2026-06-21T01:01:27Z,1261112026-06-20,12611,2026-06-20,CANCELED,,
2026-06-21T01:01:27Z,1301512026-06-20,13015,2026-06-20,CANCELED,,
2026-06-21T01:01:27Z,1821422026-06-20,18214,2026-06-20,CANCELED,,
2026-06-21T01:01:27Z,1390212026-06-20,13902,2026-06-20,CANCELED,,
2026-06-21T01:01:27Z,3890212026-06-20,38902,2026-06-20,CANCELED,,
2026-06-21T01:01:27Z,1821522026-06-20,18215,2026-06-20,CANCELED,,
2026-06-21T01:01:27Z,1390612026-06-20,13906,2026-06-20,CANCELED,,
2026-06-21T01:01:27Z,1302032026-06-20,13020,2026-06-20,CANCELED,,
2026-06-21T01:06:00Z,3890512026-06-20,38905,2026-06-20,CANCELED,,
2026-06-21T01:06:00Z,3890612026-06-20,38906,2026-06-20,CANCELED,,
2026-06-21T01:06:00Z,1390812026-06-20,13908,2026-06-20,CANCELED,,
2026-06-21T01:06:00Z,1390712026-06-20,13907,2026-06-20,CANCELED,,
2026-06-21T01:06:00Z,3890812026-06-20,38908,2026-06-20,CANCELED,,
2026-06-21T01:06:00Z,3890712026-06-20,38907,2026-06-20,CANCELED,,
2026-06-21T01:06:00Z,1391012026-06-20,13910,2026-06-20,CANCELED,,
2026-06-21T01:06:00Z,1390912026-06-20,13909,2026-06-20,CANCELED,,
2026-06-21T01:06:00Z,1390512026-06-20,13905,2026-06-20,CANCELED,,
2026-06-21T01:06:00Z,3890912026-06-20,38909,2026-06-20,CANCELED,,
2026-06-21T01:06:00Z,1261112026-06-20,12611,2026-06-20,CANCELED,,
2026-06-21T01:06:00Z,1391112026-06-20,13911,2026-06-20,CANCELED,,
2026-06-21T01:06:00Z,1301512026-06-20,13015,2026-06-20,CANCELED,,
2026-06-21T01:06:00Z,1390212026-06-20,13902,2026-06-20,CANCELED,,
2026-06-21T01:06:00Z,1821422026-06-20,18214,2026-06-20,CANCELED,,
2026-06-21T01:06:00Z,3890212026-06-20,38902,2026-06-20,CANCELED,,
2026-06-21T01:06:00Z,1821522026-06-20,18215,2026-06-20,CANCELED,,
2026-06-21T01:06:00Z,1390612026-06-20,13906,2026-06-20,CANCELED,,
2026-06-21T01:06:00Z,1302032026-06-20,13020,2026-06-20,CANCELED,,
2026-06-21T01:11:09Z,3890612026-06-20,38906,2026-06-20,CANCELED,,
2026-06-21T01:11:09Z,3890512026-06-20,38905,2026-06-20,CANCELED,,
2026-06-21T01:11:09Z,1390712026-06-20,13907,2026-06-20,CANCELED,,
2026-06-21T01:11:09Z,1390812026-06-20,13908,2026-06-20,CANCELED,,
2026-06-21T01:11:09Z,3890812026-06-20,38908,2026-06-20,CANCELED,,
2026-06-21T01:11:09Z,3890712026-06-20,38907,2026-06-20,CANCELED,,
2026-06-21T01:11:09Z,1391012026-06-20,13910,2026-06-20,CANCELED,,
2026-06-21T01:11:09Z,1390912026-06-20,13909,2026-06-20,CANCELED,,
2026-06-21T01:11:09Z,1390512026-06-20,13905,2026-06-20,CANCELED,,
2026-06-21T01:11:09Z,3890912026-06-20,38909,2026-06-20,CANCELED,,
2026-06-21T01:11:09Z,1261112026-06-20,12611,2026-06-20,CANCELED,,
2026-06-21T01:11:09Z,1391112026-06-20,13911,2026-06-20,CANCELED,,
2026-06-21T01:11:09Z,1301512026-06-20,13015,2026-06-20,CANCELED,,
2026-06-21T01:11:09Z,1821422026-06-20,18214,2026-06-20,CANCELED,,
2026-06-21T01:11:09Z,1390212026-06-20,13902,2026-06-20,CANCELED,,
2026-06-21T01:11:09Z,3890212026-06-20,38902,2026-06-20,CANCELED,,
2026-06-21T01:11:09Z,1821522026-06-20,18215,2026-06-20,CANCELED,,
2026-06-21T01:11:09Z,1390612026-06-20,13906,2026-06-20,CANCELED,,
2026-06-21T01:11:09Z,1302032026-06-20,13020,2026-06-20,CANCELED,,
2026-06-21T01:16:06Z,3890612026-06-20,38906,2026-06-20,CANCELED,,
2026-06-21T01:16:06Z,3890512026-06-20,38905,2026-06-20,CANCELED,,
2026-06-21T01:16:06Z,1390812026-06-20,13908,2026-06-20,CANCELED,,
2026-06-21T01:16:06Z,1390712026-06-20,13907,2026-06-20,CANCELED,,
2026-06-21T01:16:06Z,3890812026-06-20,38908,2026-06-20,CANCELED,,
2026-06-21T01:16:06Z,3890712026-06-20,38907,2026-06-20,CANCELED,,
2026-06-21T01:16:06Z,1391012026-06-20,13910,2026-06-20,CANCELED,,
2026-06-21T01:16:06Z,1390912026-06-20,13909,2026-06-20,CANCELED,,
2026-06-21T01:16:06Z,1390512026-06-20,13905,2026-06-20,CANCELED,,
2026-06-21T01:16:06Z,3890912026-06-20,38909,2026-06-20,CANCELED,,
2026-06-21T01:16:06Z,1261112026-06-20,12611,2026-06-20,CANCELED,,
2026-06-21T01:16:06Z,1391112026-06-20,13911,2026-06-20,CANCELED,,
2026-06-21T01:16:06Z,1301512026-06-20,13015,2026-06-20,CANCELED,,
2026-06-21T01:16:06Z,1390212026-06-20,13902,2026-06-20,CANCELED,,
2026-06-21T01:16:06Z,1821422026-06-20,18214,2026-06-20,CANCELED,,
2026-06-21T01:16:06Z,3890212026-06-20,38902,2026-06-20,CANCELED,,
2026-06-21T01:16:06Z,1821522026-06-20,18215,2026-06-20,CANCELED,,
2026-06-21T01:16:06Z,1390612026-06-20,13906,2026-06-20,CANCELED,,
2026-06-21T01:16:06Z,1302032026-06-20,13020,2026-06-20,CANCELED,,
2026-06-21T01:21:03Z,3890612026-06-20,38906,2026-06-20,CANCELED,,
2026-06-21T01:21:03Z,3890512026-06-20,38905,2026-06-20,CANCELED,,
2026-06-21T01:21:03Z,1390812026-06-20,13908,2026-06-20,CANCELED,,
2026-06-21T01:21:03Z,1390712026-06-20,13907,2026-06-20,CANCELED,,
2026-06-21T01:21:03Z,3890812026-06-20,38908,2026-06-20,CANCELED,,
2026-06-21T01:21:03Z,3890712026-06-20,38907,2026-06-20,CANCELED,,
2026-06-21T01:21:03Z,1391012026-06-20,13910,2026-06-20,CANCELED,,
2026-06-21T01:21:03Z,1390912026-06-20,13909,2026-06-20,CANCELED,,
2026-06-21T01:21:03Z,1390512026-06-20,13905,2026-06-20,CANCELED,,
2026-06-21T01:21:03Z,3890912026-06-20,38909,2026-06-20,CANCELED,,
2026-06-21T01:21:03Z,1261112026-06-20,12611,2026-06-20,CANCELED,,
2026-06-21T01:21:03Z,1391112026-06-20,13911,2026-06-20,CANCELED,,
2026-06-21T01:21:03Z,1301512026-06-20,13015,2026-06-20,CANCELED,,
2026-06-21T01:21:03Z,1821422026-06-20,18214,2026-06-20,CANCELED,,
2026-06-21T01:21:03Z,1390212026-06-20,13902,2026-06-20,CANCELED,,
2026-06-21T01:21:03Z,3890212026-06-20,38902,2026-06-20,CANCELED,,
2026-06-21T01:21:03Z,1821522026-06-20,18215,2026-06-20,CANCELED,,
2026-06-21T01:21:03Z,1390612026-06-20,13906,2026-06-20,CANCELED,,
2026-06-21T01:21:03Z,1302032026-06-20,13020,2026-06-20,CANCELED,,
2026-06-21T01:25:58Z,3890512026-06-20,38905,2026-06-20,CANCELED,,
2026-06-21T01:25:58Z,3890612026-06-20,38906,2026-06-20,CANCELED,,
2026-06-21T01:25:58Z,1390712026-06-20,13907,2026-06-20,CANCELED,,
2026-06-21T01:25:58Z,1390812026-06-20,13908,2026-06-20,CANCELED,,
2026-06-21T01:25:58Z,3890712026-06-20,38907,2026-06-20,CANCELED,,
2026-06-21T01:25:58Z,3890812026-06-20,38908,2026-06-20,CANCELED,,
2026-06-21T01:25:58Z,1390912026-06-20,13909,2026-06-20,CANCELED,,
2026-06-21T01:25:58Z,1391012026-06-20,13910,2026-06-20,CANCELED,,
2026-06-21T01:25:58Z,1390512026-06-20,13905,2026-06-20,CANCELED,,
2026-06-21T01:25:58Z,3890912026-06-20,38909,2026-06-20,CANCELED,,
2026-06-21T01:25:58Z,1391112026-06-20,13911,2026-06-20,CANCELED,,
2026-06-21T01:25:58Z,1261112026-06-20,12611,2026-06-20,CANCELED,,
2026-06-21T01:25:58Z,1301512026-06-20,13015,2026-06-20,CANCELED,,
2026-06-21T01:25:58Z,1821422026-06-20,18214,2026-06-20,CANCELED,,
2026-06-21T01:25:58Z,1390212026-06-20,13902,2026-06-20,CANCELED,,
2026-06-21T01:25:58Z,3890212026-06-20,38902,2026-06-20,CANCELED,,
2026-06-21T01:25:58Z,1821522026-06-20,18215,2026-06-20,CANCELED,,
2026-06-21T01:25:58Z,1390612026-06-20,13906,2026-06-20,CANCELED,,
2026-06-21T01:25:58Z,1302032026-06-20,13020,2026-06-20,CANCELED,,
2026-06-21T01:31:15Z,3890612026-06-20,38906,2026-06-20,CANCELED,,
2026-06-21T01:31:15Z,3890512026-06-20,38905,2026-06-20,CANCELED,,
2026-06-21T01:31:15Z,1390812026-06-20,13908,2026-06-20,CANCELED,,
2026-06-21T01:31:15Z,1390712026-06-20,13907,2026-06-20,CANCELED,,
2026-06-21T01:31:15Z,3890712026-06-20,38907,2026-06-20,CANCELED,,
2026-06-21T01:31:15Z,3890812026-06-20,38908,2026-06-20,CANCELED,,
2026-06-21T01:31:15Z,1390912026-06-20,13909,2026-06-20,CANCELED,,
2026-06-21T01:31:15Z,1391012026-06-20,13910,2026-06-20,CANCELED,,
2026-06-21T01:31:15Z,3890912026-06-20,38909,2026-06-20,CANCELED,,
2026-06-21T01:31:15Z,1390512026-06-20,13905,2026-06-20,CANCELED,,
2026-06-21T01:31:15Z,1391112026-06-20,13911,2026-06-20,CANCELED,,
2026-06-21T01:31:15Z,1261112026-06-20,12611,2026-06-20,CANCELED,,
2026-06-21T01:31:15Z,1821422026-06-20,18214,2026-06-20,CANCELED,,
2026-06-21T01:31:15Z,1301512026-06-20,13015,2026-06-20,CANCELED,,
2026-06-21T01:31:15Z,1821522026-06-20,18215,2026-06-20,CANCELED,,
2026-06-21T01:31:15Z,1390212026-06-20,13902,2026-06-20,CANCELED,,
2026-06-21T01:31:15Z,1302032026-06-20,13020,2026-06-20,CANCELED,,
2026-06-21T01:31:15Z,3890212026-06-20,38902,2026-06-20,CANCELED,,
2026-06-21T01:31:15Z,1390612026-06-20,13906,2026-06-20,CANCELED,,
2026-06-21T01:35:59Z,3890512026-06-20,38905,2026-06-20,CANCELED,,
2026-06-21T01:35:59Z,3890612026-06-20,38906,2026-06-20,CANCELED,,
2026-06-21T01:35:59Z,1390712026-06-20,13907,2026-06-20,CANCELED,,
2026-06-21T01:35:59Z,1390812026-06-20,13908,2026-06-20,CANCELED,,
2026-06-21T01:35:59Z,3890712026-06-20,38907,2026-06-20,CANCELED,,
2026-06-21T01:35:59Z,3890812026-06-20,38908,2026-06-20,CANCELED,,
2026-06-21T01:35:59Z,1390912026-06-20,13909,2026-06-20,CANCELED,,
2026-06-21T01:35:59Z,1391012026-06-20,13910,2026-06-20,CANCELED,,
2026-06-21T01:35:59Z,1390512026-06-20,13905,2026-06-20,CANCELED,,
2026-06-21T01:35:59Z,3890912026-06-20,38909,2026-06-20,CANCELED,,
2026-06-21T01:35:59Z,1261112026-06-20,12611,2026-06-20,CANCELED,,
2026-06-21T01:35:59Z,1391112026-06-20,13911,2026-06-20,CANCELED,,
2026-06-21T01:35:59Z,1301512026-06-20,13015,2026-06-20,CANCELED,,
2026-06-21T01:35:59Z,1821422026-06-20,18214,2026-06-20,CANCELED,,
2026-06-21T01:35:59Z,1390212026-06-20,13902,2026-06-20,CANCELED,,
2026-06-21T01:35:59Z,3890212026-06-20,38902,2026-06-20,CANCELED,,
2026-06-21T01:35:59Z,1821522026-06-20,18215,2026-06-20,CANCELED,,
2026-06-21T01:35:59Z,1390612026-06-20,13906,2026-06-20,CANCELED,,
2026-06-21T01:35:59Z,1302032026-06-20,13020,2026-06-20,CANCELED,,
2026-06-21T01:41:05Z,3890612026-06-20,38906,2026-06-20,CANCELED,,
2026-06-21T01:41:05Z,3890512026-06-20,38905,2026-06-20,CANCELED,,
2026-06-21T01:41:05Z,1390812026-06-20,13908,2026-06-20,CANCELED,,
2026-06-21T01:41:05Z,1390712026-06-20,13907,2026-06-20,CANCELED,,
2026-06-21T01:41:05Z,3890812026-06-20,38908,2026-06-20,CANCELED,,
2026-06-21T01:41:05Z,3890712026-06-20,38907,2026-06-20,CANCELED,,
2026-06-21T01:41:05Z,1391012026-06-20,13910,2026-06-20,CANCELED,,
2026-06-21T01:41:05Z,1390912026-06-20,13909,2026-06-20,CANCELED,,
2026-06-21T01:41:05Z,1390512026-06-20,13905,2026-06-20,CANCELED,,
2026-06-21T01:41:05Z,3890912026-06-20,38909,2026-06-20,CANCELED,,
2026-06-21T01:41:05Z,1261112026-06-20,12611,2026-06-20,CANCELED,,
2026-06-21T01:41:05Z,1391112026-06-20,13911,2026-06-20,CANCELED,,
2026-06-21T01:41:05Z,1301512026-06-20,13015,2026-06-20,CANCELED,,
2026-06-21T01:41:05Z,1390212026-06-20,13902,2026-06-20,CANCELED,,
2026-06-21T01:41:05Z,1821422026-06-20,18214,2026-06-20,CANCELED,,
2026-06-21T01:41:05Z,3890212026-06-20,38902,2026-06-20,CANCELED,,
2026-06-21T01:41:05Z,1821522026-06-20,18215,2026-06-20,CANCELED,,
2026-06-21T01:41:05Z,1390612026-06-20,13906,2026-06-20,CANCELED,,
2026-06-21T01:41:05Z,1302032026-06-20,13020,2026-06-20,CANCELED,,
2026-06-21T01:46:07Z,3890612026-06-20,38906,2026-06-20,CANCELED,,
2026-06-21T01:46:07Z,3890512026-06-20,38905,2026-06-20,CANCELED,,
2026-06-21T01:46:07Z,1390812026-06-20,13908,2026-06-20,CANCELED,,
2026-06-21T01:46:07Z,1390712026-06-20,13907,2026-06-20,CANCELED,,
2026-06-21T01:46:07Z,3890812026-06-20,38908,2026-06-20,CANCELED,,
2026-06-21T01:46:07Z,3890712026-06-20,38907,2026-06-20,CANCELED,,
2026-06-21T01:46:07Z,1391012026-06-20,13910,2026-06-20,CANCELED,,
2026-06-21T01:46:07Z,1390912026-06-20,13909,2026-06-20,CANCELED,,
2026-06-21T01:46:07Z,1390512026-06-20,13905,2026-06-20,CANCELED,,
2026-06-21T01:46:07Z,3890912026-06-20,38909,2026-06-20,CANCELED,,
2026-06-21T01:46:07Z,1261112026-06-20,12611,2026-06-20,CANCELED,,
2026-06-21T01:46:07Z,1391112026-06-20,13911,2026-06-20,CANCELED,,
2026-06-21T01:46:07Z,1301512026-06-20,13015,2026-06-20,CANCELED,,
2026-06-21T01:46:07Z,1390212026-06-20,13902,2026-06-20,CANCELED,,
2026-06-21T01:46:07Z,1821422026-06-20,18214,2026-06-20,CANCELED,,
2026-06-21T01:46:07Z,3890212026-06-20,38902,2026-06-20,CANCELED,,
2026-06-21T01:46:07Z,1821522026-06-20,18215,2026-06-20,CANCELED,,
2026-06-21T01:46:07Z,1390612026-06-20,13906,2026-06-20,CANCELED,,
2026-06-21T01:46:07Z,1302032026-06-20,13020,2026-06-20,CANCELED,,
2026-06-21T01:51:06Z,3890612026-06-20,38906,2026-06-20,CANCELED,,
2026-06-21T01:51:06Z,3890512026-06-20,38905,2026-06-20,CANCELED,,
2026-06-21T01:51:06Z,1390812026-06-20,13908,2026-06-20,CANCELED,,
2026-06-21T01:51:06Z,1390712026-06-20,13907,2026-06-20,CANCELED,,
2026-06-21T01:51:06Z,3890812026-06-20,38908,2026-06-20,CANCELED,,
2026-06-21T01:51:06Z,3890712026-06-20,38907,2026-06-20,CANCELED,,
2026-06-21T01:51:06Z,1391012026-06-20,13910,2026-06-20,CANCELED,,
2026-06-21T01:51:06Z,1390912026-06-20,13909,2026-06-20,CANCELED,,
2026-06-21T01:51:06Z,1390512026-06-20,13905,2026-06-20,CANCELED,,
2026-06-21T01:51:06Z,3890912026-06-20,38909,2026-06-20,CANCELED,,
2026-06-21T01:51:06Z,1261112026-06-20,12611,2026-06-20,CANCELED,,
2026-06-21T01:51:06Z,1391112026-06-20,13911,2026-06-20,CANCELED,,
2026-06-21T01:51:06Z,1301512026-06-20,13015,2026-06-20,CANCELED,,
2026-06-21T01:51:06Z,1390212026-06-20,13902,2026-06-20,CANCELED,,
2026-06-21T01:51:06Z,1821422026-06-20,18214,2026-06-20,CANCELED,,
2026-06-21T01:51:06Z,3890212026-06-20,38902,2026-06-20,CANCELED,,
2026-06-21T01:51:06Z,1390612026-06-20,13906,2026-06-20,CANCELED,,
2026-06-21T01:51:06Z,1821522026-06-20,18215,2026-06-20,CANCELED,,
2026-06-21T01:51:06Z,1302032026-06-20,13020,2026-06-20,CANCELED,,
2026-06-21T01:56:02Z,3890612026-06-20,38906,2026-06-20,CANCELED,,
2026-06-21T01:56:02Z,3890512026-06-20,38905,2026-06-20,CANCELED,,
2026-06-21T01:56:02Z,1390812026-06-20,13908,2026-06-20,CANCELED,,
2026-06-21T01:56:02Z,1390712026-06-20,13907,2026-06-20,CANCELED,,
2026-06-21T01:56:02Z,3890812026-06-20,38908,2026-06-20,CANCELED,,
2026-06-21T01:56:02Z,3890712026-06-20,38907,2026-06-20,CANCELED,,
2026-06-21T01:56:02Z,1391012026-06-20,13910,2026-06-20,CANCELED,,
2026-06-21T01:56:02Z,1390912026-06-20,13909,2026-06-20,CANCELED,,
2026-06-21T01:56:02Z,1390512026-06-20,13905,2026-06-20,CANCELED,,
2026-06-21T01:56:02Z,3890912026-06-20,38909,2026-06-20,CANCELED,,
2026-06-21T01:56:02Z,1261112026-06-20,12611,2026-06-20,CANCELED,,
2026-06-21T01:56:02Z,1391112026-06-20,13911,2026-06-20,CANCELED,,
2026-06-21T01:56:02Z,1301512026-06-20,13015,2026-06-20,CANCELED,,
2026-06-21T01:56:02Z,1821422026-06-20,18214,2026-06-20,CANCELED,,
2026-06-21T01:56:02Z,1390212026-06-20,13902,2026-06-20,CANCELED,,
2026-06-21T01:56:02Z,3890212026-06-20,38902,2026-06-20,CANCELED,,
2026-06-21T01:56:02Z,1821522026-06-20,18215,2026-06-20,CANCELED,,
2026-06-21T01:56:02Z,1390612026-06-20,13906,2026-06-20,CANCELED,,
2026-06-21T01:56:02Z,1302032026-06-20,13020,2026-06-20,CANCELED,,
2026-06-21T02:01:27Z,3890612026-06-20,38906,2026-06-20,CANCELED,,
2026-06-21T02:01:27Z,3890512026-06-20,38905,2026-06-20,CANCELED,,
2026-06-21T02:01:27Z,1390712026-06-20,13907,2026-06-20,CANCELED,,
2026-06-21T02:01:27Z,1390812026-06-20,13908,2026-06-20,CANCELED,,
2026-06-21T02:01:27Z,3890712026-06-20,38907,2026-06-20,CANCELED,,
2026-06-21T02:01:27Z,3890812026-06-20,38908,2026-06-20,CANCELED,,
2026-06-21T02:01:27Z,1390912026-06-20,13909,2026-06-20,CANCELED,,
2026-06-21T02:01:27Z,1391012026-06-20,13910,2026-06-20,CANCELED,,
2026-06-21T02:01:27Z,1390512026-06-20,13905,2026-06-20,CANCELED,,
2026-06-21T02:01:27Z,3890912026-06-20,38909,2026-06-20,CANCELED,,
2026-06-21T02:01:27Z,1261112026-06-20,12611,2026-06-20,CANCELED,,
2026-06-21T02:01:27Z,1391112026-06-20,13911,2026-06-20,CANCELED,,
2026-06-21T02:01:27Z,1301512026-06-20,13015,2026-06-20,CANCELED,,
2026-06-21T02:01:27Z,1821422026-06-20,18214,2026-06-20,CANCELED,,
2026-06-21T02:01:27Z,1390212026-06-20,13902,2026-06-20,CANCELED,,
2026-06-21T02:01:27Z,3890212026-06-20,38902,2026-06-20,CANCELED,,
2026-06-21T02:01:27Z,1821522026-06-20,18215,2026-06-20,CANCELED,,
2026-06-21T02:01:27Z,1390612026-06-20,13906,2026-06-20,CANCELED,,
2026-06-21T02:01:27Z,1302032026-06-20,13020,2026-06-20,CANCELED,,
2026-06-21T02:06:01Z,3890612026-06-20,38906,2026-06-20,CANCELED,,
2026-06-21T02:06:01Z,3890512026-06-20,38905,2026-06-20,CANCELED,,
2026-06-21T02:06:01Z,1390812026-06-20,13908,2026-06-20,CANCELED,,
2026-06-21T02:06:01Z,1390712026-06-20,13907,2026-06-20,CANCELED,,
2026-06-21T02:06:01Z,3890812026-06-20,38908,2026-06-20,CANCELED,,
2026-06-21T02:06:01Z,3890712026-06-20,38907,2026-06-20,CANCELED,,
2026-06-21T02:06:01Z,1391012026-06-20,13910,2026-06-20,CANCELED,,
2026-06-21T02:06:01Z,1390912026-06-20,13909,2026-06-20,CANCELED,,
2026-06-21T02:06:01Z,1390512026-06-20,13905,2026-06-20,CANCELED,,
2026-06-21T02:06:01Z,3890912026-06-20,38909,2026-06-20,CANCELED,,
2026-06-21T02:06:01Z,1261112026-06-20,12611,2026-06-20,CANCELED,,
2026-06-21T02:06:01Z,1391112026-06-20,13911,2026-06-20,CANCELED,,
2026-06-21T02:06:01Z,1301512026-06-20,13015,2026-06-20,CANCELED,,
2026-06-21T02:06:01Z,1821422026-06-20,18214,2026-06-20,CANCELED,,
2026-06-21T02:06:01Z,1390212026-06-20,13902,2026-06-20,CANCELED,,
2026-06-21T02:06:01Z,3890212026-06-20,38902,2026-06-20,CANCELED,,
2026-06-21T02:06:01Z,1821522026-06-20,18215,2026-06-20,CANCELED,,
2026-06-21T02:06:01Z,1390612026-06-20,13906,2026-06-20,CANCELED,,
2026-06-21T02:06:01Z,1302032026-06-20,13020,2026-06-20,CANCELED,,
2026-06-21T02:07:39Z,3890512026-06-20,38905,2026-06-20,CANCELED,,
2026-06-21T02:07:39Z,3890612026-06-20,38906,2026-06-20,CANCELED,,
2026-06-21T02:07:39Z,1390712026-06-20,13907,2026-06-20,CANCELED,,
2026-06-21T02:07:39Z,1390812026-06-20,13908,2026-06-20,CANCELED,,
2026-06-21T02:07:39Z,3890712026-06-20,38907,2026-06-20,CANCELED,,
2026-06-21T02:07:39Z,3890812026-06-20,38908,2026-06-20,CANCELED,,
2026-06-21T02:07:39Z,1390912026-06-20,13909,2026-06-20,CANCELED,,
2026-06-21T02:07:39Z,1391012026-06-20,13910,2026-06-20,CANCELED,,
2026-06-21T02:07:39Z,3890912026-06-20,38909,2026-06-20,CANCELED,,
2026-06-21T02:07:39Z,1390512026-06-20,13905,2026-06-20,CANCELED,,
2026-06-21T02:07:39Z,1261112026-06-20,12611,2026-06-20,CANCELED,,
2026-06-21T02:07:39Z,1391112026-06-20,13911,2026-06-20,CANCELED,,
2026-06-21T02:07:39Z,1301512026-06-20,13015,2026-06-20,CANCELED,,
2026-06-21T02:07:39Z,1821422026-06-20,18214,2026-06-20,CANCELED,,
2026-06-21T02:07:39Z,1390212026-06-20,13902,2026-06-20,CANCELED,,
2026-06-21T02:07:39Z,3890212026-06-20,38902,2026-06-20,CANCELED,,
2026-06-21T02:07:39Z,1821522026-06-20,18215,2026-06-20,CANCELED,,
2026-06-21T02:07:39Z,1390612026-06-20,13906,2026-06-20,CANCELED,,
2026-06-21T02:07:39Z,1302032026-06-20,13020,2026-06-20,CANCELED,,
2026-06-21T02:11:05Z,3890512026-06-20,38905,2026-06-20,CANCELED,,
2026-06-21T02:11:05Z,3890612026-06-20,38906,2026-06-20,CANCELED,,
2026-06-21T02:11:05Z,1390712026-06-20,13907,2026-06-20,CANCELED,,
2026-06-21T02:11:05Z,1390812026-06-20,13908,2026-06-20,CANCELED,,
2026-06-21T02:11:05Z,3890712026-06-20,38907,2026-06-20,CANCELED,,
2026-06-21T02:11:05Z,3890812026-06-20,38908,2026-06-20,CANCELED,,
2026-06-21T02:11:05Z,1390912026-06-20,13909,2026-06-20,CANCELED,,
2026-06-21T02:11:05Z,1391012026-06-20,13910,2026-06-20,CANCELED,,
2026-06-21T02:11:05Z,3890912026-06-20,38909,2026-06-20,CANCELED,,
2026-06-21T02:11:05Z,1390512026-06-20,13905,2026-06-20,CANCELED,,
2026-06-21T02:11:05Z,1391112026-06-20,13911,2026-06-20,CANCELED,,
2026-06-21T02:11:05Z,1261112026-06-20,12611,2026-06-20,CANCELED,,
2026-06-21T02:11:05Z,1301512026-06-20,13015,2026-06-20,CANCELED,,
2026-06-21T02:11:05Z,1821422026-06-20,18214,2026-06-20,CANCELED,,
2026-06-21T02:11:05Z,1390212026-06-20,13902,2026-06-20,CANCELED,,
2026-06-21T02:11:05Z,3890212026-06-20,38902,2026-06-20,CANCELED,,
2026-06-21T02:11:05Z,1821522026-06-20,18215,2026-06-20,CANCELED,,
2026-06-21T02:11:05Z,1390612026-06-20,13906,2026-06-20,CANCELED,,
2026-06-21T02:11:05Z,1302032026-06-20,13020,2026-06-20,CANCELED,,
2026-06-21T02:16:07Z,3890512026-06-20,38905,2026-06-20,CANCELED,,
2026-06-21T02:16:07Z,3890612026-06-20,38906,2026-06-20,CANCELED,,
2026-06-21T02:16:07Z,1390712026-06-20,13907,2026-06-20,CANCELED,,
2026-06-21T02:16:07Z,1390812026-06-20,13908,2026-06-20,CANCELED,,
2026-06-21T02:16:07Z,3890812026-06-20,38908,2026-06-20,CANCELED,,
2026-06-21T02:16:07Z,3890712026-06-20,38907,2026-06-20,CANCELED,,
2026-06-21T02:16:07Z,1391012026-06-20,13910,2026-06-20,CANCELED,,
2026-06-21T02:16:07Z,1390912026-06-20,13909,2026-06-20,CANCELED,,
2026-06-21T02:16:07Z,1390512026-06-20,13905,2026-06-20,CANCELED,,
2026-06-21T02:16:07Z,3890912026-06-20,38909,2026-06-20,CANCELED,,
2026-06-21T02:16:07Z,1261112026-06-20,12611,2026-06-20,CANCELED,,
2026-06-21T02:16:07Z,1391112026-06-20,13911,2026-06-20,CANCELED,,
2026-06-21T02:16:07Z,1301512026-06-20,13015,2026-06-20,CANCELED,,
2026-06-21T02:16:07Z,1821422026-06-20,18214,2026-06-20,CANCELED,,
2026-06-21T02:16:07Z,1390212026-06-20,13902,2026-06-20,CANCELED,,
2026-06-21T02:16:07Z,3890212026-06-20,38902,2026-06-20,CANCELED,,
2026-06-21T02:16:07Z,1821522026-06-20,18215,2026-06-20,CANCELED,,
2026-06-21T02:16:07Z,1390612026-06-20,13906,2026-06-20,CANCELED,,
2026-06-21T02:16:07Z,1302032026-06-20,13020,2026-06-20,CANCELED,,
2026-06-21T02:21:04Z,3890512026-06-20,38905,2026-06-20,CANCELED,,
2026-06-21T02:21:04Z,3890612026-06-20,38906,2026-06-20,CANCELED,,
2026-06-21T02:21:04Z,1390712026-06-20,13907,2026-06-20,CANCELED,,
2026-06-21T02:21:04Z,1390812026-06-20,13908,2026-06-20,CANCELED,,
2026-06-21T02:21:04Z,3890712026-06-20,38907,2026-06-20,CANCELED,,
2026-06-21T02:21:04Z,3890812026-06-20,38908,2026-06-20,CANCELED,,
2026-06-21T02:21:04Z,1390912026-06-20,13909,2026-06-20,CANCELED,,
2026-06-21T02:21:04Z,1391012026-06-20,13910,2026-06-20,CANCELED,,
2026-06-21T02:21:04Z,3890912026-06-20,38909,2026-06-20,CANCELED,,
2026-06-21T02:21:04Z,1390512026-06-20,13905,2026-06-20,CANCELED,,
2026-06-21T02:21:04Z,1391112026-06-20,13911,2026-06-20,CANCELED,,
2026-06-21T02:21:04Z,1261112026-06-20,12611,2026-06-20,CANCELED,,
2026-06-21T02:21:04Z,1821422026-06-20,18214,2026-06-20,CANCELED,,
2026-06-21T02:21:04Z,1301512026-06-20,13015,2026-06-20,CANCELED,,
2026-06-21T02:21:04Z,1390212026-06-20,13902,2026-06-20,CANCELED,,
2026-06-21T02:21:04Z,1821522026-06-20,18215,2026-06-20,CANCELED,,
2026-06-21T02:21:04Z,3890212026-06-20,38902,2026-06-20,CANCELED,,
2026-06-21T02:21:04Z,1302032026-06-20,13020,2026-06-20,CANCELED,,
2026-06-21T02:21:04Z,1390612026-06-20,13906,2026-06-20,CANCELED,,
2026-06-21T02:26:02Z,3890612026-06-20,38906,2026-06-20,CANCELED,,
2026-06-21T02:26:02Z,3890512026-06-20,38905,2026-06-20,CANCELED,,
2026-06-21T02:26:02Z,1390812026-06-20,13908,2026-06-20,CANCELED,,
2026-06-21T02:26:02Z,1390712026-06-20,13907,2026-06-20,CANCELED,,
2026-06-21T02:26:02Z,3890812026-06-20,38908,2026-06-20,CANCELED,,
2026-06-21T02:26:02Z,3890712026-06-20,38907,2026-06-20,CANCELED,,
2026-06-21T02:26:02Z,1391012026-06-20,13910,2026-06-20,CANCELED,,
2026-06-21T02:26:02Z,1390912026-06-20,13909,2026-06-20,CANCELED,,
2026-06-21T02:26:02Z,1390512026-06-20,13905,2026-06-20,CANCELED,,
2026-06-21T02:26:02Z,3890912026-06-20,38909,2026-06-20,CANCELED,,
2026-06-21T02:26:02Z,1261112026-06-20,12611,2026-06-20,CANCELED,,
2026-06-21T02:26:02Z,1391112026-06-20,13911,2026-06-20,CANCELED,,
2026-06-21T02:26:02Z,1301512026-06-20,13015,2026-06-20,CANCELED,,
2026-06-21T02:26:02Z,1390212026-06-20,13902,2026-06-20,CANCELED,,
2026-06-21T02:26:02Z,1821422026-06-20,18214,2026-06-20,CANCELED,,
2026-06-21T02:26:02Z,3890212026-06-20,38902,2026-06-20,CANCELED,,
2026-06-21T02:26:02Z,1821522026-06-20,18215,2026-06-20,CANCELED,,
2026-06-21T02:26:02Z,1390612026-06-20,13906,2026-06-20,CANCELED,,
2026-06-21T02:26:02Z,1302032026-06-20,13020,2026-06-20,CANCELED,,
2026-06-21T02:31:12Z,3890612026-06-20,38906,2026-06-20,CANCELED,,
2026-06-21T02:31:12Z,3890512026-06-20,38905,2026-06-20,CANCELED,,
2026-06-21T02:31:12Z,1390812026-06-20,13908,2026-06-20,CANCELED,,
2026-06-21T02:31:12Z,1390712026-06-20,13907,2026-06-20,CANCELED,,
2026-06-21T02:31:12Z,3890812026-06-20,38908,2026-06-20,CANCELED,,
2026-06-21T02:31:12Z,3890712026-06-20,38907,2026-06-20,CANCELED,,
2026-06-21T02:31:12Z,1391012026-06-20,13910,2026-06-20,CANCELED,,
2026-06-21T02:31:12Z,1390912026-06-20,13909,2026-06-20,CANCELED,,
2026-06-21T02:31:12Z,1390512026-06-20,13905,2026-06-20,CANCELED,,
2026-06-21T02:31:12Z,3890912026-06-20,38909,2026-06-20,CANCELED,,
2026-06-21T02:31:12Z,1261112026-06-20,12611,2026-06-20,CANCELED,,
2026-06-21T02:31:12Z,1391112026-06-20,13911,2026-06-20,CANCELED,,
2026-06-21T02:31:12Z,1301512026-06-20,13015,2026-06-20,CANCELED,,
2026-06-21T02:31:12Z,1390212026-06-20,13902,2026-06-20,CANCELED,,
2026-06-21T02:31:12Z,1821422026-06-20,18214,2026-06-20,CANCELED,,
2026-06-21T02:31:12Z,3890212026-06-20,38902,2026-06-20,CANCELED,,
2026-06-21T02:31:12Z,1821522026-06-20,18215,2026-06-20,CANCELED,,
2026-06-21T02:31:12Z,1390612026-06-20,13906,2026-06-20,CANCELED,,
2026-06-21T02:31:12Z,1302032026-06-20,13020,2026-06-20,CANCELED,,
2026-06-21T02:35:59Z,3890512026-06-20,38905,2026-06-20,CANCELED,,
2026-06-21T02:35:59Z,3890612026-06-20,38906,2026-06-20,CANCELED,,
2026-06-21T02:35:59Z,1390712026-06-20,13907,2026-06-20,CANCELED,,
2026-06-21T02:35:59Z,1390812026-06-20,13908,2026-06-20,CANCELED,,
2026-06-21T02:35:59Z,3890712026-06-20,38907,2026-06-20,CANCELED,,
2026-06-21T02:35:59Z,3890812026-06-20,38908,2026-06-20,CANCELED,,
2026-06-21T02:35:59Z,1390912026-06-20,13909,2026-06-20,CANCELED,,
2026-06-21T02:35:59Z,1391012026-06-20,13910,2026-06-20,CANCELED,,
2026-06-21T02:35:59Z,3890912026-06-20,38909,2026-06-20,CANCELED,,
2026-06-21T02:35:59Z,1390512026-06-20,13905,2026-06-20,CANCELED,,
2026-06-21T02:35:59Z,1391112026-06-20,13911,2026-06-20,CANCELED,,
2026-06-21T02:35:59Z,1261112026-06-20,12611,2026-06-20,CANCELED,,
2026-06-21T02:35:59Z,1301512026-06-20,13015,2026-06-20,CANCELED,,
2026-06-21T02:35:59Z,1821422026-06-20,18214,2026-06-20,CANCELED,,
2026-06-21T02:35:59Z,1390212026-06-20,13902,2026-06-20,CANCELED,,
2026-06-21T02:35:59Z,3890212026-06-20,38902,2026-06-20,CANCELED,,
2026-06-21T02:35:59Z,1821522026-06-20,18215,2026-06-20,CANCELED,,
2026-06-21T02:35:59Z,1390612026-06-20,13906,2026-06-20,CANCELED,,
2026-06-21T02:35:59Z,1302032026-06-20,13020,2026-06-20,CANCELED,,
2026-06-21T02:41:03Z,3890512026-06-20,38905,2026-06-20,CANCELED,,
2026-06-21T02:41:03Z,3890612026-06-20,38906,2026-06-20,CANCELED,,
2026-06-21T02:41:03Z,1390712026-06-20,13907,2026-06-20,CANCELED,,
2026-06-21T02:41:03Z,1390812026-06-20,13908,2026-06-20,CANCELED,,
2026-06-21T02:41:03Z,3890712026-06-20,38907,2026-06-20,CANCELED,,
2026-06-21T02:41:03Z,3890812026-06-20,38908,2026-06-20,CANCELED,,
2026-06-21T02:41:03Z,1390912026-06-20,13909,2026-06-20,CANCELED,,
2026-06-21T02:41:03Z,1391012026-06-20,13910,2026-06-20,CANCELED,,
2026-06-21T02:41:03Z,3890912026-06-20,38909,2026-06-20,CANCELED,,
2026-06-21T02:41:03Z,1390512026-06-20,13905,2026-06-20,CANCELED,,
2026-06-21T02:41:03Z,1391112026-06-20,13911,2026-06-20,CANCELED,,
2026-06-21T02:41:03Z,1261112026-06-20,12611,2026-06-20,CANCELED,,
2026-06-21T02:41:03Z,1301512026-06-20,13015,2026-06-20,CANCELED,,
2026-06-21T02:41:03Z,1821422026-06-20,18214,2026-06-20,CANCELED,,
2026-06-21T02:41:03Z,1390212026-06-20,13902,2026-06-20,CANCELED,,
2026-06-21T02:41:03Z,3890212026-06-20,38902,2026-06-20,CANCELED,,
2026-06-21T02:41:03Z,1821522026-06-20,18215,2026-06-20,CANCELED,,
2026-06-21T02:41:03Z,1390612026-06-20,13906,2026-06-20,CANCELED,,
2026-06-21T02:41:03Z,1302032026-06-20,13020,2026-06-20,CANCELED,,
2026-06-21T02:46:05Z,3890512026-06-20,38905,2026-06-20,CANCELED,,
2026-06-21T02:46:05Z,3890612026-06-20,38906,2026-06-20,CANCELED,,
2026-06-21T02:46:05Z,1390712026-06-20,13907,2026-06-20,CANCELED,,
2026-06-21T02:46:05Z,1390812026-06-20,13908,2026-06-20,CANCELED,,
2026-06-21T02:46:05Z,3890712026-06-20,38907,2026-06-20,CANCELED,,
2026-06-21T02:46:05Z,3890812026-06-20,38908,2026-06-20,CANCELED,,
2026-06-21T02:46:05Z,1390912026-06-20,13909,2026-06-20,CANCELED,,
2026-06-21T02:46:05Z,1391012026-06-20,13910,2026-06-20,CANCELED,,
2026-06-21T02:46:05Z,1390512026-06-20,13905,2026-06-20,CANCELED,,
2026-06-21T02:46:05Z,3890912026-06-20,38909,2026-06-20,CANCELED,,
2026-06-21T02:46:05Z,1261112026-06-20,12611,2026-06-20,CANCELED,,
2026-06-21T02:46:05Z,1391112026-06-20,13911,2026-06-20,CANCELED,,
2026-06-21T02:46:05Z,1301512026-06-20,13015,2026-06-20,CANCELED,,
2026-06-21T02:46:05Z,1821422026-06-20,18214,2026-06-20,CANCELED,,
2026-06-21T02:46:05Z,1390212026-06-20,13902,2026-06-20,CANCELED,,
2026-06-21T02:46:05Z,3890212026-06-20,38902,2026-06-20,CANCELED,,
2026-06-21T02:46:05Z,1821522026-06-20,18215,2026-06-20,CANCELED,,
2026-06-21T02:46:05Z,1390612026-06-20,13906,2026-06-20,CANCELED,,
2026-06-21T02:46:05Z,1302032026-06-20,13020,2026-06-20,CANCELED,,
2026-06-21T02:51:05Z,3890512026-06-20,38905,2026-06-20,CANCELED,,
2026-06-21T02:51:05Z,3890612026-06-20,38906,2026-06-20,CANCELED,,
2026-06-21T02:51:05Z,1390712026-06-20,13907,2026-06-20,CANCELED,,
2026-06-21T02:51:05Z,1390812026-06-20,13908,2026-06-20,CANCELED,,
2026-06-21T02:51:05Z,3890712026-06-20,38907,2026-06-20,CANCELED,,
2026-06-21T02:51:05Z,3890812026-06-20,38908,2026-06-20,CANCELED,,
2026-06-21T02:51:05Z,1390912026-06-20,13909,2026-06-20,CANCELED,,
2026-06-21T02:51:05Z,1391012026-06-20,13910,2026-06-20,CANCELED,,
2026-06-21T02:51:05Z,3890912026-06-20,38909,2026-06-20,CANCELED,,
2026-06-21T02:51:05Z,1390512026-06-20,13905,2026-06-20,CANCELED,,
2026-06-21T02:51:05Z,1391112026-06-20,13911,2026-06-20,CANCELED,,
2026-06-21T02:51:05Z,1261112026-06-20,12611,2026-06-20,CANCELED,,
2026-06-21T02:51:05Z,1301512026-06-20,13015,2026-06-20,CANCELED,,
2026-06-21T02:51:05Z,1821422026-06-20,18214,2026-06-20,CANCELED,,
2026-06-21T02:51:05Z,1390212026-06-20,13902,2026-06-20,CANCELED,,
2026-06-21T02:51:05Z,1821522026-06-20,18215,2026-06-20,CANCELED,,
2026-06-21T02:51:05Z,3890212026-06-20,38902,2026-06-20,CANCELED,,
2026-06-21T02:51:05Z,1390612026-06-20,13906,2026-06-20,CANCELED,,
2026-06-21T02:51:05Z,1302032026-06-20,13020,2026-06-20,CANCELED,,
2026-06-21T02:55:59Z,3890512026-06-20,38905,2026-06-20,CANCELED,,
2026-06-21T02:55:59Z,3890612026-06-20,38906,2026-06-20,CANCELED,,
2026-06-21T02:55:59Z,1390712026-06-20,13907,2026-06-20,CANCELED,,
2026-06-21T02:55:59Z,1390812026-06-20,13908,2026-06-20,CANCELED,,
2026-06-21T02:55:59Z,3890712026-06-20,38907,2026-06-20,CANCELED,,
2026-06-21T02:55:59Z,3890812026-06-20,38908,2026-06-20,CANCELED,,
2026-06-21T02:55:59Z,1390912026-06-20,13909,2026-06-20,CANCELED,,
2026-06-21T02:55:59Z,3890912026-06-20,38909,2026-06-20,CANCELED,,
2026-06-21T02:55:59Z,1391012026-06-20,13910,2026-06-20,CANCELED,,
2026-06-21T02:55:59Z,1391112026-06-20,13911,2026-06-20,CANCELED,,
2026-06-21T02:55:59Z,1390512026-06-20,13905,2026-06-20,CANCELED,,
2026-06-21T02:55:59Z,1261112026-06-20,12611,2026-06-20,CANCELED,,
2026-06-21T02:55:59Z,1821422026-06-20,18214,2026-06-20,CANCELED,,
2026-06-21T02:55:59Z,1301512026-06-20,13015,2026-06-20,CANCELED,,
2026-06-21T02:55:59Z,1390212026-06-20,13902,2026-06-20,CANCELED,,
2026-06-21T02:55:59Z,1821522026-06-20,18215,2026-06-20,CANCELED,,
2026-06-21T02:55:59Z,3890212026-06-20,38902,2026-06-20,CANCELED,,
2026-06-21T02:55:59Z,1302032026-06-20,13020,2026-06-20,CANCELED,,
2026-06-21T02:55:59Z,1390612026-06-20,13906,2026-06-20,CANCELED,,
2026-06-21T03:01:30Z,3890612026-06-20,38906,2026-06-20,CANCELED,,
2026-06-21T03:01:30Z,3890512026-06-20,38905,2026-06-20,CANCELED,,
2026-06-21T03:01:30Z,1390812026-06-20,13908,2026-06-20,CANCELED,,
2026-06-21T03:01:30Z,1390712026-06-20,13907,2026-06-20,CANCELED,,
2026-06-21T03:01:30Z,3890812026-06-20,38908,2026-06-20,CANCELED,,
2026-06-21T03:01:30Z,3890712026-06-20,38907,2026-06-20,CANCELED,,
2026-06-21T03:01:30Z,1391012026-06-20,13910,2026-06-20,CANCELED,,
2026-06-21T03:01:30Z,1390912026-06-20,13909,2026-06-20,CANCELED,,
2026-06-21T03:01:30Z,1390512026-06-20,13905,2026-06-20,CANCELED,,
2026-06-21T03:01:30Z,3890912026-06-20,38909,2026-06-20,CANCELED,,
2026-06-21T03:01:30Z,1261112026-06-20,12611,2026-06-20,CANCELED,,
2026-06-21T03:01:30Z,1391112026-06-20,13911,2026-06-20,CANCELED,,
2026-06-21T03:01:30Z,1301512026-06-20,13015,2026-06-20,CANCELED,,
2026-06-21T03:01:30Z,1390212026-06-20,13902,2026-06-20,CANCELED,,
2026-06-21T03:01:30Z,1821422026-06-20,18214,2026-06-20,CANCELED,,
2026-06-21T03:01:30Z,3890212026-06-20,38902,2026-06-20,CANCELED,,
2026-06-21T03:01:30Z,1821522026-06-20,18215,2026-06-20,CANCELED,,
2026-06-21T03:01:30Z,1390612026-06-20,13906,2026-06-20,CANCELED,,
2026-06-21T03:01:30Z,1302032026-06-20,13020,2026-06-20,CANCELED,,
2026-06-21T03:05:59Z,3890612026-06-20,38906,2026-06-20,CANCELED,,
2026-06-21T03:05:59Z,3890512026-06-20,38905,2026-06-20,CANCELED,,
2026-06-21T03:05:59Z,1390812026-06-20,13908,2026-06-20,CANCELED,,
2026-06-21T03:05:59Z,1390712026-06-20,13907,2026-06-20,CANCELED,,
2026-06-21T03:05:59Z,3890712026-06-20,38907,2026-06-20,CANCELED,,
2026-06-21T03:05:59Z,3890812026-06-20,38908,2026-06-20,CANCELED,,
2026-06-21T03:05:59Z,1391012026-06-20,13910,2026-06-20,CANCELED,,
2026-06-21T03:05:59Z,1390912026-06-20,13909,2026-06-20,CANCELED,,
2026-06-21T03:05:59Z,3890912026-06-20,38909,2026-06-20,CANCELED,,
2026-06-21T03:05:59Z,1390512026-06-20,13905,2026-06-20,CANCELED,,
2026-06-21T03:05:59Z,1261112026-06-20,12611,2026-06-20,CANCELED,,
2026-06-21T03:05:59Z,1391112026-06-20,13911,2026-06-20,CANCELED,,
2026-06-21T03:05:59Z,1301512026-06-20,13015,2026-06-20,CANCELED,,
2026-06-21T03:05:59Z,1821422026-06-20,18214,2026-06-20,CANCELED,,
2026-06-21T03:05:59Z,1390212026-06-20,13902,2026-06-20,CANCELED,,
2026-06-21T03:05:59Z,3890212026-06-20,38902,2026-06-20,CANCELED,,
2026-06-21T03:05:59Z,1821522026-06-20,18215,2026-06-20,CANCELED,,
2026-06-21T03:05:59Z,1390612026-06-20,13906,2026-06-20,CANCELED,,
2026-06-21T03:05:59Z,1302032026-06-20,13020,2026-06-20,CANCELED,,
2026-06-21T03:11:05Z,3890612026-06-20,38906,2026-06-20,CANCELED,,
2026-06-21T03:11:05Z,3890512026-06-20,38905,2026-06-20,CANCELED,,
2026-06-21T03:11:05Z,1390812026-06-20,13908,2026-06-20,CANCELED,,
2026-06-21T03:11:05Z,1390712026-06-20,13907,2026-06-20,CANCELED,,
2026-06-21T03:11:05Z,3890812026-06-20,38908,2026-06-20,CANCELED,,
2026-06-21T03:11:05Z,3890712026-06-20,38907,2026-06-20,CANCELED,,
2026-06-21T03:11:05Z,1391012026-06-20,13910,2026-06-20,CANCELED,,
2026-06-21T03:11:05Z,1390912026-06-20,13909,2026-06-20,CANCELED,,
2026-06-21T03:11:05Z,1390512026-06-20,13905,2026-06-20,CANCELED,,
2026-06-21T03:11:05Z,3890912026-06-20,38909,2026-06-20,CANCELED,,
2026-06-21T03:11:05Z,1261112026-06-20,12611,2026-06-20,CANCELED,,
2026-06-21T03:11:05Z,1391112026-06-20,13911,2026-06-20,CANCELED,,
2026-06-21T03:11:05Z,1301512026-06-20,13015,2026-06-20,CANCELED,,
2026-06-21T03:11:05Z,1821422026-06-20,18214,2026-06-20,CANCELED,,
2026-06-21T03:11:05Z,1390212026-06-20,13902,2026-06-20,CANCELED,,
2026-06-21T03:11:05Z,3890212026-06-20,38902,2026-06-20,CANCELED,,
2026-06-21T03:11:05Z,1821522026-06-20,18215,2026-06-20,CANCELED,,
2026-06-21T03:11:05Z,1390612026-06-20,13906,2026-06-20,CANCELED,,
2026-06-21T03:11:05Z,1302032026-06-20,13020,2026-06-20,CANCELED,,
2026-06-21T03:16:06Z,3890512026-06-20,38905,2026-06-20,CANCELED,,
2026-06-21T03:16:06Z,3890612026-06-20,38906,2026-06-20,CANCELED,,
2026-06-21T03:16:06Z,1390712026-06-20,13907,2026-06-20,CANCELED,,
2026-06-21T03:16:06Z,1390812026-06-20,13908,2026-06-20,CANCELED,,
2026-06-21T03:16:06Z,3890712026-06-20,38907,2026-06-20,CANCELED,,
2026-06-21T03:16:06Z,3890812026-06-20,38908,2026-06-20,CANCELED,,
2026-06-21T03:16:06Z,1390912026-06-20,13909,2026-06-20,CANCELED,,
2026-06-21T03:16:06Z,1391012026-06-20,13910,2026-06-20,CANCELED,,
2026-06-21T03:16:06Z,3890912026-06-20,38909,2026-06-20,CANCELED,,
2026-06-21T03:16:06Z,1390512026-06-20,13905,2026-06-20,CANCELED,,
2026-06-21T03:16:06Z,1391112026-06-20,13911,2026-06-20,CANCELED,,
2026-06-21T03:16:06Z,1261112026-06-20,12611,2026-06-20,CANCELED,,
2026-06-21T03:16:06Z,1301512026-06-20,13015,2026-06-20,CANCELED,,
2026-06-21T03:16:06Z,1821422026-06-20,18214,2026-06-20,CANCELED,,
2026-06-21T03:16:06Z,1390212026-06-20,13902,2026-06-20,CANCELED,,
2026-06-21T03:16:06Z,3890212026-06-20,38902,2026-06-20,CANCELED,,
2026-06-21T03:16:06Z,1821522026-06-20,18215,2026-06-20,CANCELED,,
2026-06-21T03:16:06Z,1390612026-06-20,13906,2026-06-20,CANCELED,,
2026-06-21T03:16:06Z,1302032026-06-20,13020,2026-06-20,CANCELED,,
2026-06-21T03:21:04Z,0411412026-06-21,04114,2026-06-21,SCHEDULED,-60,-1.0
2026-06-21T03:21:04Z,0411422026-06-21,04114,2026-06-21,SCHEDULED,-60,-1.0
2026-06-21T03:21:04Z,3890512026-06-20,38905,2026-06-20,CANCELED,,
2026-06-21T03:21:04Z,3890612026-06-20,38906,2026-06-20,CANCELED,,
2026-06-21T03:21:04Z,1390812026-06-20,13908,2026-06-20,CANCELED,,
2026-06-21T03:21:04Z,1390712026-06-20,13907,2026-06-20,CANCELED,,
2026-06-21T03:21:04Z,3890712026-06-20,38907,2026-06-20,CANCELED,,
2026-06-21T03:21:04Z,3890812026-06-20,38908,2026-06-20,CANCELED,,
2026-06-21T03:21:04Z,1391012026-06-20,13910,2026-06-20,CANCELED,,
2026-06-21T03:21:04Z,1390912026-06-20,13909,2026-06-20,CANCELED,,
2026-06-21T03:21:04Z,1390512026-06-20,13905,2026-06-20,CANCELED,,
2026-06-21T03:21:04Z,3890912026-06-20,38909,2026-06-20,CANCELED,,
2026-06-21T03:21:04Z,1261112026-06-20,12611,2026-06-20,CANCELED,,
2026-06-21T03:21:04Z,1391112026-06-20,13911,2026-06-20,CANCELED,,
2026-06-21T03:21:04Z,1301512026-06-20,13015,2026-06-20,CANCELED,,
2026-06-21T03:21:04Z,1821422026-06-20,18214,2026-06-20,CANCELED,,
2026-06-21T03:21:04Z,1390212026-06-20,13902,2026-06-20,CANCELED,,
2026-06-21T03:21:04Z,3890212026-06-20,38902,2026-06-20,CANCELED,,
2026-06-21T03:21:04Z,1821522026-06-20,18215,2026-06-20,CANCELED,,
2026-06-21T03:21:04Z,1390612026-06-20,13906,2026-06-20,CANCELED,,
2026-06-21T03:21:04Z,1302032026-06-20,13020,2026-06-20,CANCELED,,
2026-06-21T03:25:58Z,0411412026-06-21,04114,2026-06-21,SCHEDULED,-60,-1.0
2026-06-21T03:25:58Z,0411422026-06-21,04114,2026-06-21,SCHEDULED,-60,-1.0
2026-06-21T03:25:58Z,3890612026-06-20,38906,2026-06-20,CANCELED,,
2026-06-21T03:25:58Z,3890512026-06-20,38905,2026-06-20,CANCELED,,
2026-06-21T03:25:58Z,1390812026-06-20,13908,2026-06-20,CANCELED,,
2026-06-21T03:25:58Z,1390712026-06-20,13907,2026-06-20,CANCELED,,
2026-06-21T03:25:58Z,3890812026-06-20,38908,2026-06-20,CANCELED,,
2026-06-21T03:25:58Z,3890712026-06-20,38907,2026-06-20,CANCELED,,
2026-06-21T03:25:58Z,1391012026-06-20,13910,2026-06-20,CANCELED,,
2026-06-21T03:25:58Z,1390912026-06-20,13909,2026-06-20,CANCELED,,
2026-06-21T03:25:58Z,1390512026-06-20,13905,2026-06-20,CANCELED,,
2026-06-21T03:25:58Z,3890912026-06-20,38909,2026-06-20,CANCELED,,
2026-06-21T03:25:58Z,1261112026-06-20,12611,2026-06-20,CANCELED,,
2026-06-21T03:25:58Z,1391112026-06-20,13911,2026-06-20,CANCELED,,
2026-06-21T03:25:58Z,1301512026-06-20,13015,2026-06-20,CANCELED,,
2026-06-21T03:25:58Z,1390212026-06-20,13902,2026-06-20,CANCELED,,
2026-06-21T03:25:58Z,1821422026-06-20,18214,2026-06-20,CANCELED,,
2026-06-21T03:25:58Z,3890212026-06-20,38902,2026-06-20,CANCELED,,
2026-06-21T03:25:58Z,1390612026-06-20,13906,2026-06-20,CANCELED,,
2026-06-21T03:25:58Z,1821522026-06-20,18215,2026-06-20,CANCELED,,
2026-06-21T03:25:58Z,1302032026-06-20,13020,2026-06-20,CANCELED,,
2026-06-21T03:31:16Z,0411422026-06-21,04114,2026-06-21,SCHEDULED,-60,-1.0
2026-06-21T03:31:16Z,0411412026-06-21,04114,2026-06-21,SCHEDULED,-60,-1.0
2026-06-21T03:31:16Z,3890612026-06-20,38906,2026-06-20,CANCELED,,
2026-06-21T03:31:16Z,3890512026-06-20,38905,2026-06-20,CANCELED,,
2026-06-21T03:31:16Z,1390812026-06-20,13908,2026-06-20,CANCELED,,
2026-06-21T03:31:16Z,1390712026-06-20,13907,2026-06-20,CANCELED,,
2026-06-21T03:31:16Z,3890812026-06-20,38908,2026-06-20,CANCELED,,
2026-06-21T03:31:16Z,3890712026-06-20,38907,2026-06-20,CANCELED,,
2026-06-21T03:31:16Z,1390912026-06-20,13909,2026-06-20,CANCELED,,
2026-06-21T03:31:16Z,1391012026-06-20,13910,2026-06-20,CANCELED,,
2026-06-21T03:31:16Z,1390512026-06-20,13905,2026-06-20,CANCELED,,
2026-06-21T03:31:16Z,3890912026-06-20,38909,2026-06-20,CANCELED,,
2026-06-21T03:31:16Z,1261112026-06-20,12611,2026-06-20,CANCELED,,
2026-06-21T03:31:16Z,1391112026-06-20,13911,2026-06-20,CANCELED,,
2026-06-21T03:31:16Z,1301512026-06-20,13015,2026-06-20,CANCELED,,
2026-06-21T03:31:16Z,1821422026-06-20,18214,2026-06-20,CANCELED,,
2026-06-21T03:31:16Z,1390212026-06-20,13902,2026-06-20,CANCELED,,
2026-06-21T03:31:16Z,3890212026-06-20,38902,2026-06-20,CANCELED,,
2026-06-21T03:31:16Z,1821522026-06-20,18215,2026-06-20,CANCELED,,
2026-06-21T03:31:16Z,1390612026-06-20,13906,2026-06-20,CANCELED,,
2026-06-21T03:31:16Z,1302032026-06-20,13020,2026-06-20,CANCELED,,
2026-06-21T03:36:00Z,0411412026-06-21,04114,2026-06-21,SCHEDULED,-60,-1.0
2026-06-21T03:36:00Z,0411422026-06-21,04114,2026-06-21,SCHEDULED,-60,-1.0
2026-06-21T03:36:00Z,3890512026-06-20,38905,2026-06-20,CANCELED,,
2026-06-21T03:36:00Z,3890612026-06-20,38906,2026-06-20,CANCELED,,
2026-06-21T03:36:00Z,1390712026-06-20,13907,2026-06-20,CANCELED,,
2026-06-21T03:36:00Z,1390812026-06-20,13908,2026-06-20,CANCELED,,
2026-06-21T03:36:00Z,3890712026-06-20,38907,2026-06-20,CANCELED,,
2026-06-21T03:36:00Z,3890812026-06-20,38908,2026-06-20,CANCELED,,
2026-06-21T03:36:00Z,1390912026-06-20,13909,2026-06-20,CANCELED,,
2026-06-21T03:36:00Z,1391012026-06-20,13910,2026-06-20,CANCELED,,
2026-06-21T03:36:00Z,3890912026-06-20,38909,2026-06-20,CANCELED,,
2026-06-21T03:36:00Z,1390512026-06-20,13905,2026-06-20,CANCELED,,
2026-06-21T03:36:00Z,1391112026-06-20,13911,2026-06-20,CANCELED,,
2026-06-21T03:36:00Z,1261112026-06-20,12611,2026-06-20,CANCELED,,
2026-06-21T03:36:00Z,1301512026-06-20,13015,2026-06-20,CANCELED,,
2026-06-21T03:36:00Z,1821422026-06-20,18214,2026-06-20,CANCELED,,
2026-06-21T03:36:00Z,1390212026-06-20,13902,2026-06-20,CANCELED,,
2026-06-21T03:36:00Z,1821522026-06-20,18215,2026-06-20,CANCELED,,
2026-06-21T03:36:00Z,3890212026-06-20,38902,2026-06-20,CANCELED,,
2026-06-21T03:36:00Z,1302032026-06-20,13020,2026-06-20,CANCELED,,
2026-06-21T03:36:00Z,1390612026-06-20,13906,2026-06-20,CANCELED,,
2026-06-21T03:41:03Z,0411422026-06-21,04114,2026-06-21,SCHEDULED,-60,-1.0
2026-06-21T03:41:03Z,0411412026-06-21,04114,2026-06-21,SCHEDULED,-60,-1.0
2026-06-21T03:41:03Z,3890512026-06-20,38905,2026-06-20,CANCELED,,
2026-06-21T03:41:03Z,3890612026-06-20,38906,2026-06-20,CANCELED,,
2026-06-21T03:41:03Z,1390712026-06-20,13907,2026-06-20,CANCELED,,
2026-06-21T03:41:03Z,1390812026-06-20,13908,2026-06-20,CANCELED,,
2026-06-21T03:41:03Z,3890712026-06-20,38907,2026-06-20,CANCELED,,
2026-06-21T03:41:03Z,3890812026-06-20,38908,2026-06-20,CANCELED,,
2026-06-21T03:41:03Z,1390912026-06-20,13909,2026-06-20,CANCELED,,
2026-06-21T03:41:03Z,1391012026-06-20,13910,2026-06-20,CANCELED,,
2026-06-21T03:41:03Z,3890912026-06-20,38909,2026-06-20,CANCELED,,
2026-06-21T03:41:03Z,1390512026-06-20,13905,2026-06-20,CANCELED,,
2026-06-21T03:41:03Z,1391112026-06-20,13911,2026-06-20,CANCELED,,
2026-06-21T03:41:03Z,1261112026-06-20,12611,2026-06-20,CANCELED,,
2026-06-21T03:41:03Z,1301512026-06-20,13015,2026-06-20,CANCELED,,
2026-06-21T03:41:03Z,1821422026-06-20,18214,2026-06-20,CANCELED,,
2026-06-21T03:41:03Z,1390212026-06-20,13902,2026-06-20,CANCELED,,
2026-06-21T03:41:03Z,1821522026-06-20,18215,2026-06-20,CANCELED,,
2026-06-21T03:41:03Z,3890212026-06-20,38902,2026-06-20,CANCELED,,
2026-06-21T03:41:03Z,1390612026-06-20,13906,2026-06-20,CANCELED,,
2026-06-21T03:41:03Z,1302032026-06-20,13020,2026-06-20,CANCELED,,
2026-06-21T03:46:07Z,1500012026-06-20,15000,2026-06-20,SCHEDULED,60,1.0
2026-06-21T03:46:07Z,1503022026-06-20,15030,2026-06-20,SCHEDULED,0,0.0
2026-06-21T03:46:07Z,0411422026-06-21,04114,2026-06-21,SCHEDULED,180,3.0
2026-06-21T03:46:07Z,0411412026-06-21,04114,2026-06-21,SCHEDULED,180,3.0
2026-06-21T03:46:07Z,1812012026-06-20,18120,2026-06-20,SCHEDULED,60,1.0
2026-06-21T03:46:07Z,3890612026-06-20,38906,2026-06-20,CANCELED,,
2026-06-21T03:46:07Z,3890512026-06-20,38905,2026-06-20,CANCELED,,
2026-06-21T03:46:07Z,1390812026-06-20,13908,2026-06-20,CANCELED,,
2026-06-21T03:46:07Z,1390712026-06-20,13907,2026-06-20,CANCELED,,
2026-06-21T03:46:07Z,3890812026-06-20,38908,2026-06-20,CANCELED,,
2026-06-21T03:46:07Z,3890712026-06-20,38907,2026-06-20,CANCELED,,
2026-06-21T03:46:07Z,1390912026-06-20,13909,2026-06-20,CANCELED,,
2026-06-21T03:46:07Z,1391012026-06-20,13910,2026-06-20,CANCELED,,
2026-06-21T03:46:07Z,3890912026-06-20,38909,2026-06-20,CANCELED,,
2026-06-21T03:46:07Z,1390512026-06-20,13905,2026-06-20,CANCELED,,
2026-06-21T03:46:07Z,1391112026-06-20,13911,2026-06-20,CANCELED,,
2026-06-21T03:46:07Z,1261112026-06-20,12611,2026-06-20,CANCELED,,
2026-06-21T03:46:07Z,1301512026-06-20,13015,2026-06-20,CANCELED,,
2026-06-21T03:46:07Z,1821422026-06-20,18214,2026-06-20,CANCELED,,
2026-06-21T03:46:07Z,1390212026-06-20,13902,2026-06-20,CANCELED,,
2026-06-21T03:46:07Z,3890212026-06-20,38902,2026-06-20,CANCELED,,
2026-06-21T03:46:07Z,1821522026-06-20,18215,2026-06-20,CANCELED,,
2026-06-21T03:46:07Z,1390612026-06-20,13906,2026-06-20,CANCELED,,
2026-06-21T03:46:07Z,1302032026-06-20,13020,2026-06-20,CANCELED,,
2026-06-21T03:51:07Z,1812012026-06-20,18120,2026-06-20,SCHEDULED,60,1.0
2026-06-21T03:51:07Z,0411422026-06-21,04114,2026-06-21,SCHEDULED,180,3.0
2026-06-21T03:51:07Z,0411412026-06-21,04114,2026-06-21,SCHEDULED,180,3.0
2026-06-21T03:51:07Z,1503022026-06-20,15030,2026-06-20,SCHEDULED,60,1.0
2026-06-21T03:51:07Z,1812112026-06-20,18121,2026-06-20,SCHEDULED,-60,-1.0
2026-06-21T03:51:07Z,1500012026-06-20,15000,2026-06-20,SCHEDULED,60,1.0
2026-06-21T03:51:07Z,3890612026-06-20,38906,2026-06-20,CANCELED,,
2026-06-21T03:51:07Z,3890512026-06-20,38905,2026-06-20,CANCELED,,
2026-06-21T03:51:07Z,1390712026-06-20,13907,2026-06-20,CANCELED,,
2026-06-21T03:51:07Z,1390812026-06-20,13908,2026-06-20,CANCELED,,
2026-06-21T03:51:07Z,3890812026-06-20,38908,2026-06-20,CANCELED,,
2026-06-21T03:51:07Z,3890712026-06-20,38907,2026-06-20,CANCELED,,
2026-06-21T03:51:07Z,1391012026-06-20,13910,2026-06-20,CANCELED,,
2026-06-21T03:51:07Z,1390912026-06-20,13909,2026-06-20,CANCELED,,
2026-06-21T03:51:07Z,1390512026-06-20,13905,2026-06-20,CANCELED,,
2026-06-21T03:51:07Z,3890912026-06-20,38909,2026-06-20,CANCELED,,
2026-06-21T03:51:07Z,1261112026-06-20,12611,2026-06-20,CANCELED,,
2026-06-21T03:51:07Z,1391112026-06-20,13911,2026-06-20,CANCELED,,
2026-06-21T03:51:07Z,1301512026-06-20,13015,2026-06-20,CANCELED,,
2026-06-21T03:51:07Z,1390212026-06-20,13902,2026-06-20,CANCELED,,
2026-06-21T03:51:07Z,1821422026-06-20,18214,2026-06-20,CANCELED,,
2026-06-21T03:51:07Z,3890212026-06-20,38902,2026-06-20,CANCELED,,
2026-06-21T03:51:07Z,1821522026-06-20,18215,2026-06-20,CANCELED,,
2026-06-21T03:51:07Z,1390612026-06-20,13906,2026-06-20,CANCELED,,
2026-06-21T03:51:07Z,1302032026-06-20,13020,2026-06-20,CANCELED,,
2026-06-21T03:55:59Z,1812012026-06-20,18120,2026-06-20,SCHEDULED,120,2.0
2026-06-21T03:55:59Z,1505112026-06-20,15051,2026-06-20,SCHEDULED,0,0.0
2026-06-21T03:55:59Z,0411422026-06-21,04114,2026-06-21,SCHEDULED,180,3.0
2026-06-21T03:55:59Z,0411412026-06-21,04114,2026-06-21,SCHEDULED,180,3.0
2026-06-21T03:55:59Z,1503022026-06-20,15030,2026-06-20,SCHEDULED,60,1.0
2026-06-21T03:55:59Z,1500012026-06-20,15000,2026-06-20,SCHEDULED,-60,-1.0
2026-06-21T03:55:59Z,1812112026-06-20,18121,2026-06-20,SCHEDULED,-60,-1.0
2026-06-21T03:55:59Z,3890512026-06-20,38905,2026-06-20,CANCELED,,
2026-06-21T03:55:59Z,3890612026-06-20,38906,2026-06-20,CANCELED,,
2026-06-21T03:55:59Z,1390712026-06-20,13907,2026-06-20,CANCELED,,
2026-06-21T03:55:59Z,1390812026-06-20,13908,2026-06-20,CANCELED,,
2026-06-21T03:55:59Z,3890812026-06-20,38908,2026-06-20,CANCELED,,
2026-06-21T03:55:59Z,3890712026-06-20,38907,2026-06-20,CANCELED,,
2026-06-21T03:55:59Z,1391012026-06-20,13910,2026-06-20,CANCELED,,
2026-06-21T03:55:59Z,1390912026-06-20,13909,2026-06-20,CANCELED,,
2026-06-21T03:55:59Z,1390512026-06-20,13905,2026-06-20,CANCELED,,
2026-06-21T03:55:59Z,3890912026-06-20,38909,2026-06-20,CANCELED,,
2026-06-21T03:55:59Z,1261112026-06-20,12611,2026-06-20,CANCELED,,
2026-06-21T03:55:59Z,1391112026-06-20,13911,2026-06-20,CANCELED,,
2026-06-21T03:55:59Z,1301512026-06-20,13015,2026-06-20,CANCELED,,
2026-06-21T03:55:59Z,1821422026-06-20,18214,2026-06-20,CANCELED,,
2026-06-21T03:55:59Z,1390212026-06-20,13902,2026-06-20,CANCELED,,
2026-06-21T03:55:59Z,3890212026-06-20,38902,2026-06-20,CANCELED,,
2026-06-21T03:55:59Z,1821522026-06-20,18215,2026-06-20,CANCELED,,
2026-06-21T03:55:59Z,1390612026-06-20,13906,2026-06-20,CANCELED,,
2026-06-21T03:55:59Z,1302032026-06-20,13020,2026-06-20,CANCELED,,
2026-06-21T04:01:26Z,1812012026-06-20,18120,2026-06-20,SCHEDULED,120,2.0
2026-06-21T04:01:26Z,1500012026-06-20,15000,2026-06-20,SCHEDULED,0,0.0
2026-06-21T04:01:26Z,1505112026-06-20,15051,2026-06-20,SCHEDULED,0,0.0
2026-06-21T04:01:26Z,1812112026-06-20,18121,2026-06-20,SCHEDULED,0,0.0
2026-06-21T04:01:26Z,3586912026-06-20,35869,2026-06-20,SCHEDULED,-60,-1.0
2026-06-21T04:01:26Z,1503022026-06-20,15030,2026-06-20,SCHEDULED,60,1.0
2026-06-21T04:01:26Z,0411422026-06-21,04114,2026-06-21,SCHEDULED,120,2.0
2026-06-21T04:01:26Z,0411412026-06-21,04114,2026-06-21,SCHEDULED,120,2.0
2026-06-21T04:01:26Z,3890612026-06-20,38906,2026-06-20,CANCELED,,
2026-06-21T04:01:26Z,3890512026-06-20,38905,2026-06-20,CANCELED,,
2026-06-21T04:01:26Z,1390812026-06-20,13908,2026-06-20,CANCELED,,
2026-06-21T04:01:26Z,1390712026-06-20,13907,2026-06-20,CANCELED,,
2026-06-21T04:01:26Z,3890812026-06-20,38908,2026-06-20,CANCELED,,
2026-06-21T04:01:26Z,3890712026-06-20,38907,2026-06-20,CANCELED,,
2026-06-21T04:01:26Z,1391012026-06-20,13910,2026-06-20,CANCELED,,
2026-06-21T04:01:26Z,1390912026-06-20,13909,2026-06-20,CANCELED,,
2026-06-21T04:01:26Z,1390512026-06-20,13905,2026-06-20,CANCELED,,
2026-06-21T04:01:26Z,3890912026-06-20,38909,2026-06-20,CANCELED,,
2026-06-21T04:01:26Z,1261112026-06-20,12611,2026-06-20,CANCELED,,
2026-06-21T04:01:26Z,1391112026-06-20,13911,2026-06-20,CANCELED,,
2026-06-21T04:01:26Z,1301512026-06-20,13015,2026-06-20,CANCELED,,
2026-06-21T04:01:26Z,1390212026-06-20,13902,2026-06-20,CANCELED,,
2026-06-21T04:01:26Z,1821422026-06-20,18214,2026-06-20,CANCELED,,
2026-06-21T04:01:26Z,3890212026-06-20,38902,2026-06-20,CANCELED,,
2026-06-21T04:01:26Z,1821522026-06-20,18215,2026-06-20,CANCELED,,
2026-06-21T04:01:26Z,1390612026-06-20,13906,2026-06-20,CANCELED,,
2026-06-21T04:01:26Z,1302032026-06-20,13020,2026-06-20,CANCELED,,
2026-06-21T04:06:00Z,1505112026-06-20,15051,2026-06-20,SCHEDULED,-60,-1.0
2026-06-21T04:06:00Z,1812012026-06-20,18120,2026-06-20,SCHEDULED,120,2.0
2026-06-21T04:06:00Z,0411422026-06-21,04114,2026-06-21,SCHEDULED,120,2.0
2026-06-21T04:06:00Z,0411412026-06-21,04114,2026-06-21,SCHEDULED,120,2.0
2026-06-21T04:06:00Z,3586912026-06-20,35869,2026-06-20,SCHEDULED,120,2.0
2026-06-21T04:06:00Z,1500012026-06-20,15000,2026-06-20,SCHEDULED,0,0.0
2026-06-21T04:06:00Z,1503022026-06-20,15030,2026-06-20,SCHEDULED,240,4.0
2026-06-21T04:06:00Z,1812112026-06-20,18121,2026-06-20,SCHEDULED,0,0.0
2026-06-21T04:06:00Z,0587112026-06-20,05871,2026-06-20,SCHEDULED,60,1.0
2026-06-21T04:06:00Z,3890612026-06-20,38906,2026-06-20,CANCELED,,
2026-06-21T04:06:00Z,3890512026-06-20,38905,2026-06-20,CANCELED,,
2026-06-21T04:06:00Z,1390812026-06-20,13908,2026-06-20,CANCELED,,
2026-06-21T04:06:00Z,1390712026-06-20,13907,2026-06-20,CANCELED,,
2026-06-21T04:06:00Z,3890812026-06-20,38908,2026-06-20,CANCELED,,
2026-06-21T04:06:00Z,3890712026-06-20,38907,2026-06-20,CANCELED,,
2026-06-21T04:06:00Z,1391012026-06-20,13910,2026-06-20,CANCELED,,
2026-06-21T04:06:00Z,1390912026-06-20,13909,2026-06-20,CANCELED,,
2026-06-21T04:06:00Z,1390512026-06-20,13905,2026-06-20,CANCELED,,
2026-06-21T04:06:00Z,3890912026-06-20,38909,2026-06-20,CANCELED,,
2026-06-21T04:06:00Z,1261112026-06-20,12611,2026-06-20,CANCELED,,
2026-06-21T04:06:00Z,1391112026-06-20,13911,2026-06-20,CANCELED,,
2026-06-21T04:06:00Z,1301512026-06-20,13015,2026-06-20,CANCELED,,
2026-06-21T04:06:00Z,1390212026-06-20,13902,2026-06-20,CANCELED,,
2026-06-21T04:06:00Z,1821422026-06-20,18214,2026-06-20,CANCELED,,
2026-06-21T04:06:00Z,3890212026-06-20,38902,2026-06-20,CANCELED,,
2026-06-21T04:06:00Z,1821522026-06-20,18215,2026-06-20,CANCELED,,
2026-06-21T04:06:00Z,1390612026-06-20,13906,2026-06-20,CANCELED,,
2026-06-21T04:06:00Z,1302032026-06-20,13020,2026-06-20,CANCELED,,
2026-06-21T04:11:03Z,1505112026-06-20,15051,2026-06-20,SCHEDULED,-180,-3.0
2026-06-21T04:11:03Z,0587112026-06-20,05871,2026-06-20,SCHEDULED,180,3.0
2026-06-21T04:11:03Z,1812012026-06-20,18120,2026-06-20,SCHEDULED,120,2.0
2026-06-21T04:11:03Z,3586912026-06-20,35869,2026-06-20,SCHEDULED,0,0.0
2026-06-21T04:11:03Z,0411422026-06-21,04114,2026-06-21,SCHEDULED,120,2.0
2026-06-21T04:11:03Z,0411412026-06-21,04114,2026-06-21,SCHEDULED,120,2.0
2026-06-21T04:11:03Z,1503022026-06-20,15030,2026-06-20,SCHEDULED,240,4.0
2026-06-21T04:11:03Z,1500012026-06-20,15000,2026-06-20,SCHEDULED,0,0.0
2026-06-21T04:11:03Z,1812112026-06-20,18121,2026-06-20,SCHEDULED,120,2.0
2026-06-21T04:11:03Z,0206112026-06-20,02061,2026-06-20,SCHEDULED,60,1.0
2026-06-21T04:11:03Z,3890612026-06-20,38906,2026-06-20,CANCELED,,
2026-06-21T04:11:03Z,3890512026-06-20,38905,2026-06-20,CANCELED,,
2026-06-21T04:11:03Z,1390712026-06-20,13907,2026-06-20,CANCELED,,
2026-06-21T04:11:03Z,1390812026-06-20,13908,2026-06-20,CANCELED,,
2026-06-21T04:11:03Z,3890712026-06-20,38907,2026-06-20,CANCELED,,
2026-06-21T04:11:03Z,3890812026-06-20,38908,2026-06-20,CANCELED,,
2026-06-21T04:11:03Z,1390912026-06-20,13909,2026-06-20,CANCELED,,
2026-06-21T04:11:03Z,1391012026-06-20,13910,2026-06-20,CANCELED,,
2026-06-21T04:11:03Z,3890912026-06-20,38909,2026-06-20,CANCELED,,
2026-06-21T04:11:03Z,1390512026-06-20,13905,2026-06-20,CANCELED,,
2026-06-21T04:11:03Z,1391112026-06-20,13911,2026-06-20,CANCELED,,
2026-06-21T04:11:03Z,1261112026-06-20,12611,2026-06-20,CANCELED,,
2026-06-21T04:11:03Z,1301512026-06-20,13015,2026-06-20,CANCELED,,
2026-06-21T04:11:03Z,1821422026-06-20,18214,2026-06-20,CANCELED,,
2026-06-21T04:11:03Z,1390212026-06-20,13902,2026-06-20,CANCELED,,
2026-06-21T04:11:03Z,1821522026-06-20,18215,2026-06-20,CANCELED,,
2026-06-21T04:11:03Z,3890212026-06-20,38902,2026-06-20,CANCELED,,
2026-06-21T04:11:03Z,1390612026-06-20,13906,2026-06-20,CANCELED,,
2026-06-21T04:11:03Z,1302032026-06-20,13020,2026-06-20,CANCELED,,
2026-06-21T04:16:05Z,1808412026-06-20,18084,2026-06-20,SCHEDULED,0,0.0
2026-06-21T04:16:05Z,0587112026-06-20,05871,2026-06-20,SCHEDULED,120,2.0
2026-06-21T04:16:05Z,1812012026-06-20,18120,2026-06-20,SCHEDULED,-60,-1.0
2026-06-21T04:16:05Z,1505112026-06-20,15051,2026-06-20,SCHEDULED,-180,-3.0
2026-06-21T04:16:05Z,0411422026-06-21,04114,2026-06-21,SCHEDULED,180,3.0
2026-06-21T04:16:05Z,0411412026-06-21,04114,2026-06-21,SCHEDULED,180,3.0
2026-06-21T04:16:05Z,3586912026-06-20,35869,2026-06-20,SCHEDULED,0,0.0
2026-06-21T04:16:05Z,1500012026-06-20,15000,2026-06-20,SCHEDULED,180,3.0
2026-06-21T04:16:05Z,0206112026-06-20,02061,2026-06-20,SCHEDULED,60,1.0
2026-06-21T04:16:05Z,1503022026-06-20,15030,2026-06-20,SCHEDULED,240,4.0
2026-06-21T04:16:05Z,1812112026-06-20,18121,2026-06-20,SCHEDULED,120,2.0
2026-06-21T04:16:05Z,3890612026-06-20,38906,2026-06-20,CANCELED,,
2026-06-21T04:16:05Z,3890712026-06-20,38907,2026-06-20,CANCELED,,
2026-06-21T04:16:05Z,1390812026-06-20,13908,2026-06-20,CANCELED,,
2026-06-21T04:16:05Z,1390912026-06-20,13909,2026-06-20,CANCELED,,
2026-06-21T04:16:05Z,3890812026-06-20,38908,2026-06-20,CANCELED,,
2026-06-21T04:16:05Z,3890912026-06-20,38909,2026-06-20,CANCELED,,
2026-06-21T04:16:05Z,3890512026-06-20,38905,2026-06-20,CANCELED,,
2026-06-21T04:16:05Z,1391012026-06-20,13910,2026-06-20,CANCELED,,
2026-06-21T04:16:05Z,1390512026-06-20,13905,2026-06-20,CANCELED,,
2026-06-21T04:16:05Z,1390712026-06-20,13907,2026-06-20,CANCELED,,
2026-06-21T04:16:05Z,1301512026-06-20,13015,2026-06-20,CANCELED,,
2026-06-21T04:16:05Z,1821522026-06-20,18215,2026-06-20,CANCELED,,
2026-06-21T04:16:05Z,1390212026-06-20,13902,2026-06-20,CANCELED,,
2026-06-21T04:16:05Z,3890212026-06-20,38902,2026-06-20,CANCELED,,
2026-06-21T04:16:05Z,1302032026-06-20,13020,2026-06-20,CANCELED,,
2026-06-21T04:16:05Z,1390612026-06-20,13906,2026-06-20,CANCELED,,
2026-06-21T04:16:05Z,1391112026-06-20,13911,2026-06-20,CANCELED,,
2026-06-21T04:16:05Z,1821422026-06-20,18214,2026-06-20,CANCELED,,
2026-06-21T04:21:07Z,1808412026-06-20,18084,2026-06-20,SCHEDULED,0,0.0
2026-06-21T04:21:07Z,0587112026-06-20,05871,2026-06-20,SCHEDULED,180,3.0
2026-06-21T04:21:07Z,1812012026-06-20,18120,2026-06-20,SCHEDULED,60,1.0
2026-06-21T04:21:07Z,0411422026-06-21,04114,2026-06-21,SCHEDULED,240,4.0
2026-06-21T04:21:07Z,0411412026-06-21,04114,2026-06-21,SCHEDULED,240,4.0
2026-06-21T04:21:07Z,1812112026-06-20,18121,2026-06-20,SCHEDULED,60,1.0
2026-06-21T04:21:07Z,1503022026-06-20,15030,2026-06-20,SCHEDULED,300,5.0
2026-06-21T04:21:07Z,1500012026-06-20,15000,2026-06-20,SCHEDULED,180,3.0
2026-06-21T04:21:07Z,1505112026-06-20,15051,2026-06-20,SCHEDULED,0,0.0
2026-06-21T04:21:07Z,1590012026-06-20,15900,2026-06-20,SCHEDULED,240,4.0
2026-06-21T04:21:07Z,0206112026-06-20,02061,2026-06-20,SCHEDULED,60,1.0
2026-06-21T04:21:07Z,3586912026-06-20,35869,2026-06-20,SCHEDULED,0,0.0
2026-06-21T04:21:07Z,1503112026-06-20,15031,2026-06-20,SCHEDULED,-60,-1.0
2026-06-21T04:21:07Z,0566812026-06-20,05668,2026-06-20,SCHEDULED,120,2.0
2026-06-21T04:21:07Z,3890612026-06-20,38906,2026-06-20,CANCELED,,
2026-06-21T04:21:07Z,3890712026-06-20,38907,2026-06-20,CANCELED,,
2026-06-21T04:21:07Z,1390812026-06-20,13908,2026-06-20,CANCELED,,
2026-06-21T04:21:07Z,1390912026-06-20,13909,2026-06-20,CANCELED,,
2026-06-21T04:21:07Z,3890812026-06-20,38908,2026-06-20,CANCELED,,
2026-06-21T04:21:07Z,3890912026-06-20,38909,2026-06-20,CANCELED,,
2026-06-21T04:21:07Z,1391012026-06-20,13910,2026-06-20,CANCELED,,
2026-06-21T04:21:07Z,3890512026-06-20,38905,2026-06-20,CANCELED,,
2026-06-21T04:21:07Z,1390512026-06-20,13905,2026-06-20,CANCELED,,
2026-06-21T04:21:07Z,1390712026-06-20,13907,2026-06-20,CANCELED,,
2026-06-21T04:21:07Z,1301512026-06-20,13015,2026-06-20,CANCELED,,
2026-06-21T04:21:07Z,1821522026-06-20,18215,2026-06-20,CANCELED,,
2026-06-21T04:21:07Z,1390212026-06-20,13902,2026-06-20,CANCELED,,
2026-06-21T04:21:07Z,3890212026-06-20,38902,2026-06-20,CANCELED,,
2026-06-21T04:21:07Z,1302032026-06-20,13020,2026-06-20,CANCELED,,
2026-06-21T04:21:07Z,1390612026-06-20,13906,2026-06-20,CANCELED,,
2026-06-21T04:21:07Z,1391112026-06-20,13911,2026-06-20,CANCELED,,
2026-06-21T04:21:07Z,1821422026-06-20,18214,2026-06-20,CANCELED,,
2026-06-21T04:26:05Z,0847512026-06-20,08475,2026-06-20,SCHEDULED,60,1.0
2026-06-21T04:26:05Z,1505112026-06-20,15051,2026-06-20,SCHEDULED,0,0.0
2026-06-21T04:26:05Z,1808412026-06-20,18084,2026-06-20,SCHEDULED,0,0.0
2026-06-21T04:26:05Z,1812012026-06-20,18120,2026-06-20,SCHEDULED,0,0.0
2026-06-21T04:26:05Z,0411422026-06-21,04114,2026-06-21,SCHEDULED,240,4.0
2026-06-21T04:26:05Z,0411412026-06-21,04114,2026-06-21,SCHEDULED,240,4.0
2026-06-21T04:26:05Z,1812112026-06-20,18121,2026-06-20,SCHEDULED,60,1.0
2026-06-21T04:26:05Z,1395112026-06-20,13951,2026-06-20,SCHEDULED,60,1.0
2026-06-21T04:26:05Z,1500012026-06-20,15000,2026-06-20,SCHEDULED,240,4.0
2026-06-21T04:26:05Z,3586912026-06-20,35869,2026-06-20,SCHEDULED,-120,-2.0
2026-06-21T04:26:05Z,0206112026-06-20,02061,2026-06-20,SCHEDULED,60,1.0
2026-06-21T04:26:05Z,1503112026-06-20,15031,2026-06-20,SCHEDULED,0,0.0
2026-06-21T04:26:05Z,1503022026-06-20,15030,2026-06-20,SCHEDULED,300,5.0
2026-06-21T04:26:05Z,0566812026-06-20,05668,2026-06-20,SCHEDULED,240,4.0
2026-06-21T04:26:05Z,1590012026-06-20,15900,2026-06-20,SCHEDULED,300,5.0
2026-06-21T04:26:05Z,0587112026-06-20,05871,2026-06-20,SCHEDULED,180,3.0
2026-06-21T04:26:05Z,3890612026-06-20,38906,2026-06-20,CANCELED,,
2026-06-21T04:26:05Z,3890712026-06-20,38907,2026-06-20,CANCELED,,
2026-06-21T04:26:05Z,1390812026-06-20,13908,2026-06-20,CANCELED,,
2026-06-21T04:26:05Z,1390912026-06-20,13909,2026-06-20,CANCELED,,
2026-06-21T04:26:05Z,3890812026-06-20,38908,2026-06-20,CANCELED,,
2026-06-21T04:26:05Z,3890912026-06-20,38909,2026-06-20,CANCELED,,
2026-06-21T04:26:05Z,1391012026-06-20,13910,2026-06-20,CANCELED,,
2026-06-21T04:26:05Z,3890512026-06-20,38905,2026-06-20,CANCELED,,
2026-06-21T04:26:05Z,1390512026-06-20,13905,2026-06-20,CANCELED,,
2026-06-21T04:26:05Z,1390712026-06-20,13907,2026-06-20,CANCELED,,
2026-06-21T04:26:05Z,1301512026-06-20,13015,2026-06-20,CANCELED,,
2026-06-21T04:26:05Z,1390212026-06-20,13902,2026-06-20,CANCELED,,
2026-06-21T04:26:05Z,1821522026-06-20,18215,2026-06-20,CANCELED,,
2026-06-21T04:26:05Z,3890212026-06-20,38902,2026-06-20,CANCELED,,
2026-06-21T04:26:05Z,1302032026-06-20,13020,2026-06-20,CANCELED,,
2026-06-21T04:26:05Z,1390612026-06-20,13906,2026-06-20,CANCELED,,
2026-06-21T04:26:05Z,1391112026-06-20,13911,2026-06-20,CANCELED,,
2026-06-21T04:26:05Z,1821422026-06-20,18214,2026-06-20,CANCELED,,
2026-06-21T04:31:15Z,0587112026-06-20,05871,2026-06-20,SCHEDULED,240,4.0
2026-06-21T04:31:15Z,1602112026-06-20,16021,2026-06-20,SCHEDULED,0,0.0
2026-06-21T04:31:15Z,1808412026-06-20,18084,2026-06-20,SCHEDULED,0,0.0
2026-06-21T04:31:15Z,0847512026-06-20,08475,2026-06-20,SCHEDULED,60,1.0
2026-06-21T04:31:15Z,1812012026-06-20,18120,2026-06-20,SCHEDULED,60,1.0
2026-06-21T04:31:15Z,1500012026-06-20,15000,2026-06-20,SCHEDULED,240,4.0
2026-06-21T04:31:15Z,0411422026-06-21,04114,2026-06-21,SCHEDULED,60,1.0
2026-06-21T04:31:15Z,0411412026-06-21,04114,2026-06-21,SCHEDULED,60,1.0
2026-06-21T04:31:15Z,1505112026-06-20,15051,2026-06-20,SCHEDULED,-60,-1.0
2026-06-21T04:31:15Z,1395112026-06-20,13951,2026-06-20,SCHEDULED,60,1.0
2026-06-21T04:31:15Z,1503112026-06-20,15031,2026-06-20,SCHEDULED,0,0.0
2026-06-21T04:31:15Z,1503022026-06-20,15030,2026-06-20,SCHEDULED,300,5.0
2026-06-21T04:31:15Z,1590012026-06-20,15900,2026-06-20,SCHEDULED,300,5.0
2026-06-21T04:31:15Z,1812112026-06-20,18121,2026-06-20,SCHEDULED,120,2.0
2026-06-21T04:31:15Z,1412322026-06-21,14123,2026-06-21,SCHEDULED,0,0.0
2026-06-21T04:31:15Z,1412362026-06-20,14123,2026-06-20,SCHEDULED,0,0.0
2026-06-21T04:31:15Z,1412352026-06-20,14123,2026-06-20,SCHEDULED,0,0.0
2026-06-21T04:31:15Z,3586912026-06-20,35869,2026-06-20,SCHEDULED,-60,-1.0
2026-06-21T04:31:15Z,0206112026-06-20,02061,2026-06-20,SCHEDULED,60,1.0
2026-06-21T04:31:15Z,0331112026-06-20,03311,2026-06-20,SCHEDULED,0,0.0
2026-06-21T04:31:15Z,0566812026-06-20,05668,2026-06-20,SCHEDULED,60,1.0
2026-06-21T04:31:15Z,3890712026-06-20,38907,2026-06-20,CANCELED,,
2026-06-21T04:31:15Z,3890612026-06-20,38906,2026-06-20,CANCELED,,
2026-06-21T04:31:15Z,1390912026-06-20,13909,2026-06-20,CANCELED,,
2026-06-21T04:31:15Z,1390812026-06-20,13908,2026-06-20,CANCELED,,
2026-06-21T04:31:15Z,3890912026-06-20,38909,2026-06-20,CANCELED,,
2026-06-21T04:31:15Z,3890812026-06-20,38908,2026-06-20,CANCELED,,
2026-06-21T04:31:15Z,3890512026-06-20,38905,2026-06-20,CANCELED,,
2026-06-21T04:31:15Z,1391012026-06-20,13910,2026-06-20,CANCELED,,
2026-06-21T04:31:15Z,1390712026-06-20,13907,2026-06-20,CANCELED,,
2026-06-21T04:31:15Z,1390512026-06-20,13905,2026-06-20,CANCELED,,
2026-06-21T04:31:15Z,1301512026-06-20,13015,2026-06-20,CANCELED,,
2026-06-21T04:31:15Z,1821522026-06-20,18215,2026-06-20,CANCELED,,
2026-06-21T04:31:15Z,1390212026-06-20,13902,2026-06-20,CANCELED,,
2026-06-21T04:31:15Z,3890212026-06-20,38902,2026-06-20,CANCELED,,
2026-06-21T04:31:15Z,1302032026-06-20,13020,2026-06-20,CANCELED,,
2026-06-21T04:31:15Z,1390612026-06-20,13906,2026-06-20,CANCELED,,
2026-06-21T04:31:15Z,1391112026-06-20,13911,2026-06-20,CANCELED,,
2026-06-21T04:31:15Z,1821422026-06-20,18214,2026-06-20,CANCELED,,
2026-06-21T04:36:03Z,1500012026-06-20,15000,2026-06-20,SCHEDULED,240,4.0
2026-06-21T04:36:03Z,0847512026-06-20,08475,2026-06-20,SCHEDULED,-60,-1.0
2026-06-21T04:36:03Z,1505112026-06-20,15051,2026-06-20,SCHEDULED,0,0.0
2026-06-21T04:36:03Z,0907212026-06-20,09072,2026-06-20,SCHEDULED,0,0.0
2026-06-21T04:36:03Z,1563022026-06-20,15630,2026-06-20,SCHEDULED,0,0.0
2026-06-21T04:36:03Z,1602112026-06-20,16021,2026-06-20,SCHEDULED,0,0.0
2026-06-21T04:36:03Z,0411422026-06-21,04114,2026-06-21,SCHEDULED,-180,-3.0
2026-06-21T04:36:03Z,0411412026-06-21,04114,2026-06-21,SCHEDULED,-180,-3.0
2026-06-21T04:36:03Z,1805412026-06-20,18054,2026-06-20,SCHEDULED,240,4.0
2026-06-21T04:36:03Z,1304112026-06-20,13041,2026-06-20,SCHEDULED,0,0.0
2026-06-21T04:36:03Z,1812012026-06-20,18120,2026-06-20,SCHEDULED,-120,-2.0
2026-06-21T04:36:03Z,1395112026-06-20,13951,2026-06-20,SCHEDULED,0,0.0
2026-06-21T04:36:03Z,1503112026-06-20,15031,2026-06-20,SCHEDULED,0,0.0
2026-06-21T04:36:03Z,1503022026-06-20,15030,2026-06-20,SCHEDULED,300,5.0
2026-06-21T04:36:03Z,1412322026-06-21,14123,2026-06-21,SCHEDULED,0,0.0
2026-06-21T04:36:03Z,1412362026-06-20,14123,2026-06-20,SCHEDULED,0,0.0
2026-06-21T04:36:03Z,1412352026-06-20,14123,2026-06-20,SCHEDULED,0,0.0
2026-06-21T04:36:03Z,1800242026-06-21,18002,2026-06-21,SCHEDULED,180,3.0
2026-06-21T04:36:03Z,0206112026-06-20,02061,2026-06-20,SCHEDULED,60,1.0
2026-06-21T04:36:03Z,1590012026-06-20,15900,2026-06-20,SCHEDULED,300,5.0
2026-06-21T04:36:03Z,1812112026-06-20,18121,2026-06-20,SCHEDULED,180,3.0
2026-06-21T04:36:03Z,0331112026-06-20,03311,2026-06-20,SCHEDULED,-60,-1.0
2026-06-21T04:36:03Z,3586912026-06-20,35869,2026-06-20,SCHEDULED,-180,-3.0
2026-06-21T04:36:03Z,1503022026-06-20,15030,2026-06-20,SCHEDULED,-60,-1.0
2026-06-21T04:36:03Z,0506422026-06-20,05064,2026-06-20,SCHEDULED,120,2.0
2026-06-21T04:36:03Z,0506412026-06-20,05064,2026-06-20,SCHEDULED,120,2.0
2026-06-21T04:36:03Z,0566812026-06-20,05668,2026-06-20,SCHEDULED,120,2.0
2026-06-21T04:36:03Z,0587112026-06-20,05871,2026-06-20,SCHEDULED,300,5.0
2026-06-21T04:36:03Z,3890612026-06-20,38906,2026-06-20,CANCELED,,
2026-06-21T04:36:03Z,3890712026-06-20,38907,2026-06-20,CANCELED,,
2026-06-21T04:36:03Z,1390812026-06-20,13908,2026-06-20,CANCELED,,
2026-06-21T04:36:03Z,1390912026-06-20,13909,2026-06-20,CANCELED,,
2026-06-21T04:36:03Z,3890812026-06-20,38908,2026-06-20,CANCELED,,
2026-06-21T04:36:03Z,3890912026-06-20,38909,2026-06-20,CANCELED,,
2026-06-21T04:36:03Z,1391012026-06-20,13910,2026-06-20,CANCELED,,
2026-06-21T04:36:03Z,3890512026-06-20,38905,2026-06-20,CANCELED,,
2026-06-21T04:36:03Z,1390512026-06-20,13905,2026-06-20,CANCELED,,
2026-06-21T04:36:03Z,1390712026-06-20,13907,2026-06-20,CANCELED,,
2026-06-21T04:36:03Z,1301512026-06-20,13015,2026-06-20,CANCELED,,
2026-06-21T04:36:03Z,1821522026-06-20,18215,2026-06-20,CANCELED,,
2026-06-21T04:36:03Z,1390212026-06-20,13902,2026-06-20,CANCELED,,
2026-06-21T04:36:03Z,3890212026-06-20,38902,2026-06-20,CANCELED,,
2026-06-21T04:36:03Z,1302032026-06-20,13020,2026-06-20,CANCELED,,
2026-06-21T04:36:03Z,1390612026-06-20,13906,2026-06-20,CANCELED,,
2026-06-21T04:36:03Z,1391112026-06-20,13911,2026-06-20,CANCELED,,
2026-06-21T04:36:03Z,1821422026-06-20,18214,2026-06-20,CANCELED,,
2026-06-21T04:41:06Z,0587112026-06-20,05871,2026-06-20,SCHEDULED,360,6.0
2026-06-21T04:41:06Z,1500012026-06-20,15000,2026-06-20,SCHEDULED,420,7.0
2026-06-21T04:41:06Z,1505112026-06-20,15051,2026-06-20,SCHEDULED,0,0.0
2026-06-21T04:41:06Z,0847512026-06-20,08475,2026-06-20,SCHEDULED,-60,-1.0
2026-06-21T04:41:06Z,0907212026-06-20,09072,2026-06-20,SCHEDULED,0,0.0
2026-06-21T04:41:06Z,1563022026-06-20,15630,2026-06-20,SCHEDULED,0,0.0
2026-06-21T04:41:06Z,1602112026-06-20,16021,2026-06-20,SCHEDULED,0,0.0
2026-06-21T04:41:06Z,0411422026-06-21,04114,2026-06-21,SCHEDULED,-180,-3.0
2026-06-21T04:41:06Z,0411412026-06-21,04114,2026-06-21,SCHEDULED,-180,-3.0
2026-06-21T04:41:06Z,1805412026-06-20,18054,2026-06-20,SCHEDULED,120,2.0
2026-06-21T04:41:06Z,1812012026-06-20,18120,2026-06-20,SCHEDULED,0,0.0
2026-06-21T04:41:06Z,1304112026-06-20,13041,2026-06-20,SCHEDULED,-60,-1.0
2026-06-21T04:41:06Z,1503112026-06-20,15031,2026-06-20,SCHEDULED,-60,-1.0
2026-06-21T04:41:06Z,1395112026-06-20,13951,2026-06-20,SCHEDULED,60,1.0
2026-06-21T04:41:06Z,1503022026-06-20,15030,2026-06-20,SCHEDULED,300,5.0
2026-06-21T04:41:06Z,1800242026-06-21,18002,2026-06-21,SCHEDULED,240,4.0
2026-06-21T04:41:06Z,1412322026-06-21,14123,2026-06-21,SCHEDULED,-60,-1.0
2026-06-21T04:41:06Z,1412362026-06-20,14123,2026-06-20,SCHEDULED,-60,-1.0
2026-06-21T04:41:06Z,1412352026-06-20,14123,2026-06-20,SCHEDULED,-60,-1.0
2026-06-21T04:41:06Z,1590012026-06-20,15900,2026-06-20,SCHEDULED,300,5.0
2026-06-21T04:41:06Z,0206112026-06-20,02061,2026-06-20,SCHEDULED,420,7.0
2026-06-21T04:41:06Z,1812112026-06-20,18121,2026-06-20,SCHEDULED,240,4.0
2026-06-21T04:41:06Z,0207512026-06-21,02075,2026-06-21,SCHEDULED,0,0.0
2026-06-21T04:41:06Z,3586912026-06-20,35869,2026-06-20,SCHEDULED,-60,-1.0
2026-06-21T04:41:06Z,0331112026-06-20,03311,2026-06-20,SCHEDULED,-120,-2.0
2026-06-21T04:41:06Z,1503022026-06-20,15030,2026-06-20,SCHEDULED,-60,-1.0
2026-06-21T04:41:06Z,0506422026-06-20,05064,2026-06-20,SCHEDULED,180,3.0
2026-06-21T04:41:06Z,0506412026-06-20,05064,2026-06-20,SCHEDULED,180,3.0
2026-06-21T04:41:06Z,0566812026-06-20,05668,2026-06-20,SCHEDULED,240,4.0
2026-06-21T04:41:06Z,3890612026-06-20,38906,2026-06-20,CANCELED,,
2026-06-21T04:41:06Z,3890712026-06-20,38907,2026-06-20,CANCELED,,
2026-06-21T04:41:06Z,1390812026-06-20,13908,2026-06-20,CANCELED,,
2026-06-21T04:41:06Z,1390912026-06-20,13909,2026-06-20,CANCELED,,
2026-06-21T04:41:06Z,3890812026-06-20,38908,2026-06-20,CANCELED,,
2026-06-21T04:41:06Z,3890912026-06-20,38909,2026-06-20,CANCELED,,
2026-06-21T04:41:06Z,1391012026-06-20,13910,2026-06-20,CANCELED,,
2026-06-21T04:41:06Z,3890512026-06-20,38905,2026-06-20,CANCELED,,
2026-06-21T04:41:06Z,1390512026-06-20,13905,2026-06-20,CANCELED,,
2026-06-21T04:41:06Z,1390712026-06-20,13907,2026-06-20,CANCELED,,
2026-06-21T04:41:06Z,1301512026-06-20,13015,2026-06-20,CANCELED,,
2026-06-21T04:41:06Z,1821522026-06-20,18215,2026-06-20,CANCELED,,
2026-06-21T04:41:06Z,1390212026-06-20,13902,2026-06-20,CANCELED,,
2026-06-21T04:41:06Z,3890212026-06-20,38902,2026-06-20,CANCELED,,
2026-06-21T04:41:06Z,1302032026-06-20,13020,2026-06-20,CANCELED,,
2026-06-21T04:41:06Z,1390612026-06-20,13906,2026-06-20,CANCELED,,
2026-06-21T04:41:06Z,1391112026-06-20,13911,2026-06-20,CANCELED,,
2026-06-21T04:41:06Z,1821422026-06-20,18214,2026-06-20,CANCELED,,
2026-06-21T04:46:09Z,0587112026-06-20,05871,2026-06-20,SCHEDULED,120,2.0
2026-06-21T04:46:09Z,1500012026-06-20,15000,2026-06-20,SCHEDULED,480,8.0
2026-06-21T04:46:09Z,0847512026-06-20,08475,2026-06-20,SCHEDULED,60,1.0
2026-06-21T04:46:09Z,1505112026-06-20,15051,2026-06-20,SCHEDULED,0,0.0
2026-06-21T04:46:09Z,1521112026-06-20,15211,2026-06-20,SCHEDULED,-120,-2.0
2026-06-21T04:46:09Z,0907212026-06-20,09072,2026-06-20,SCHEDULED,60,1.0
2026-06-21T04:46:09Z,1563022026-06-20,15630,2026-06-20,SCHEDULED,0,0.0
2026-06-21T04:46:09Z,0411422026-06-21,04114,2026-06-21,SCHEDULED,-180,-3.0
2026-06-21T04:46:09Z,0411412026-06-21,04114,2026-06-21,SCHEDULED,-180,-3.0
2026-06-21T04:46:09Z,1602112026-06-20,16021,2026-06-20,SCHEDULED,0,0.0
2026-06-21T04:46:09Z,1304112026-06-20,13041,2026-06-20,SCHEDULED,-60,-1.0
2026-06-21T04:46:09Z,1805412026-06-20,18054,2026-06-20,SCHEDULED,120,2.0
2026-06-21T04:46:09Z,1395112026-06-20,13951,2026-06-20,SCHEDULED,60,1.0
2026-06-21T04:46:09Z,1812012026-06-20,18120,2026-06-20,SCHEDULED,0,0.0
2026-06-21T04:46:09Z,1503022026-06-20,15030,2026-06-20,SCHEDULED,300,5.0
2026-06-21T04:46:09Z,1412322026-06-21,14123,2026-06-21,SCHEDULED,0,0.0
2026-06-21T04:46:09Z,1412362026-06-20,14123,2026-06-20,SCHEDULED,0,0.0
2026-06-21T04:46:09Z,1412352026-06-20,14123,2026-06-20,SCHEDULED,0,0.0
2026-06-21T04:46:09Z,1800242026-06-21,18002,2026-06-21,SCHEDULED,240,4.0
2026-06-21T04:46:09Z,3460912026-06-20,34609,2026-06-20,SCHEDULED,0,0.0
2026-06-21T04:46:09Z,1585012026-06-20,15850,2026-06-20,SCHEDULED,0,0.0
2026-06-21T04:46:09Z,0206112026-06-20,02061,2026-06-20,SCHEDULED,420,7.0
2026-06-21T04:46:09Z,1590012026-06-20,15900,2026-06-20,SCHEDULED,540,9.0
2026-06-21T04:46:09Z,0207512026-06-21,02075,2026-06-21,SCHEDULED,60,1.0
2026-06-21T04:46:09Z,1812112026-06-20,18121,2026-06-20,SCHEDULED,180,3.0
2026-06-21T04:46:09Z,3586912026-06-20,35869,2026-06-20,SCHEDULED,-120,-2.0
2026-06-21T04:46:09Z,0331112026-06-20,03311,2026-06-20,SCHEDULED,0,0.0
2026-06-21T04:46:09Z,1503022026-06-20,15030,2026-06-20,SCHEDULED,0,0.0
2026-06-21T04:46:09Z,0506422026-06-20,05064,2026-06-20,SCHEDULED,60,1.0
2026-06-21T04:46:09Z,0506412026-06-20,05064,2026-06-20,SCHEDULED,60,1.0
2026-06-21T04:46:09Z,1503112026-06-20,15031,2026-06-20,SCHEDULED,-180,-3.0
2026-06-21T04:46:09Z,0566812026-06-20,05668,2026-06-20,SCHEDULED,120,2.0
2026-06-21T04:46:09Z,3890612026-06-20,38906,2026-06-20,CANCELED,,
2026-06-21T04:46:09Z,3890712026-06-20,38907,2026-06-20,CANCELED,,
2026-06-21T04:46:09Z,1390812026-06-20,13908,2026-06-20,CANCELED,,
2026-06-21T04:46:09Z,1390912026-06-20,13909,2026-06-20,CANCELED,,
2026-06-21T04:46:09Z,3890812026-06-20,38908,2026-06-20,CANCELED,,
2026-06-21T04:46:09Z,3890912026-06-20,38909,2026-06-20,CANCELED,,
2026-06-21T04:46:09Z,1391012026-06-20,13910,2026-06-20,CANCELED,,
2026-06-21T04:46:09Z,3890512026-06-20,38905,2026-06-20,CANCELED,,
2026-06-21T04:46:09Z,1390512026-06-20,13905,2026-06-20,CANCELED,,
2026-06-21T04:46:09Z,1390712026-06-20,13907,2026-06-20,CANCELED,,
2026-06-21T04:46:09Z,1301512026-06-20,13015,2026-06-20,CANCELED,,
2026-06-21T04:46:09Z,1821522026-06-20,18215,2026-06-20,CANCELED,,
2026-06-21T04:46:09Z,1390212026-06-20,13902,2026-06-20,CANCELED,,
2026-06-21T04:46:09Z,3890212026-06-20,38902,2026-06-20,CANCELED,,
2026-06-21T04:46:09Z,1302032026-06-20,13020,2026-06-20,CANCELED,,
2026-06-21T04:46:09Z,1390612026-06-20,13906,2026-06-20,CANCELED,,
2026-06-21T04:46:09Z,1391112026-06-20,13911,2026-06-20,CANCELED,,
2026-06-21T04:46:09Z,1821422026-06-20,18214,2026-06-20,CANCELED,,
2026-06-21T04:51:04Z,0566812026-06-20,05668,2026-06-20,SCHEDULED,0,0.0
2026-06-21T04:51:04Z,1564812026-06-20,15648,2026-06-20,SCHEDULED,-60,-1.0
2026-06-21T04:51:04Z,0587112026-06-20,05871,2026-06-20,SCHEDULED,180,3.0
2026-06-21T04:51:04Z,1602112026-06-20,16021,2026-06-20,SCHEDULED,-60,-1.0
2026-06-21T04:51:04Z,0847512026-06-20,08475,2026-06-20,SCHEDULED,120,2.0
2026-06-21T04:51:04Z,1805412026-06-20,18054,2026-06-20,SCHEDULED,180,3.0
2026-06-21T04:51:04Z,1812012026-06-20,18120,2026-06-20,SCHEDULED,0,0.0
2026-06-21T04:51:04Z,0907212026-06-20,09072,2026-06-20,SCHEDULED,60,1.0
2026-06-21T04:51:04Z,0411422026-06-21,04114,2026-06-21,SCHEDULED,-540,-9.0
2026-06-21T04:51:04Z,0411412026-06-21,04114,2026-06-21,SCHEDULED,-540,-9.0
2026-06-21T04:51:04Z,1300322026-06-20,13003,2026-06-20,SCHEDULED,0,0.0
2026-06-21T04:51:04Z,1412322026-06-21,14123,2026-06-21,SCHEDULED,0,0.0
2026-06-21T04:51:04Z,1412362026-06-20,14123,2026-06-20,SCHEDULED,0,0.0
2026-06-21T04:51:04Z,1412352026-06-20,14123,2026-06-20,SCHEDULED,0,0.0
2026-06-21T04:51:04Z,1304112026-06-20,13041,2026-06-20,SCHEDULED,0,0.0
2026-06-21T04:51:04Z,1500012026-06-20,15000,2026-06-20,SCHEDULED,240,4.0
2026-06-21T04:51:04Z,1395112026-06-20,13951,2026-06-20,SCHEDULED,60,1.0
2026-06-21T04:51:04Z,1505112026-06-20,15051,2026-06-20,SCHEDULED,0,0.0
2026-06-21T04:51:04Z,3460912026-06-20,34609,2026-06-20,SCHEDULED,120,2.0
2026-06-21T04:51:04Z,1563022026-06-20,15630,2026-06-20,SCHEDULED,0,0.0
2026-06-21T04:51:04Z,0206112026-06-20,02061,2026-06-20,SCHEDULED,360,6.0
2026-06-21T04:51:04Z,1503022026-06-20,15030,2026-06-20,SCHEDULED,-60,-1.0
2026-06-21T04:51:04Z,0207512026-06-21,02075,2026-06-21,SCHEDULED,120,2.0
2026-06-21T04:51:04Z,0207712026-06-20,02077,2026-06-20,SCHEDULED,-60,-1.0
2026-06-21T04:51:04Z,1800242026-06-21,18002,2026-06-21,SCHEDULED,240,4.0
2026-06-21T04:51:04Z,0331112026-06-20,03311,2026-06-20,SCHEDULED,60,1.0
2026-06-21T04:51:04Z,1585012026-06-20,15850,2026-06-20,SCHEDULED,60,1.0
2026-06-21T04:51:04Z,1590012026-06-20,15900,2026-06-20,SCHEDULED,600,10.0
2026-06-21T04:51:04Z,0506422026-06-20,05064,2026-06-20,SCHEDULED,60,1.0
2026-06-21T04:51:04Z,0506412026-06-20,05064,2026-06-20,SCHEDULED,60,1.0
2026-06-21T04:51:04Z,1812112026-06-20,18121,2026-06-20,SCHEDULED,180,3.0
2026-06-21T04:51:04Z,3586912026-06-20,35869,2026-06-20,SCHEDULED,-60,-1.0
2026-06-21T04:51:04Z,1503022026-06-20,15030,2026-06-20,SCHEDULED,0,0.0
2026-06-21T04:51:04Z,1503112026-06-20,15031,2026-06-20,SCHEDULED,-180,-3.0
2026-06-21T04:51:04Z,3890712026-06-20,38907,2026-06-20,CANCELED,,
2026-06-21T04:51:04Z,3890612026-06-20,38906,2026-06-20,CANCELED,,
2026-06-21T04:51:04Z,1390912026-06-20,13909,2026-06-20,CANCELED,,
2026-06-21T04:51:04Z,1390812026-06-20,13908,2026-06-20,CANCELED,,
2026-06-21T04:51:04Z,3890912026-06-20,38909,2026-06-20,CANCELED,,
2026-06-21T04:51:04Z,3890812026-06-20,38908,2026-06-20,CANCELED,,
2026-06-21T04:51:04Z,3890512026-06-20,38905,2026-06-20,CANCELED,,
2026-06-21T04:51:04Z,1391012026-06-20,13910,2026-06-20,CANCELED,,
2026-06-21T04:51:04Z,1390712026-06-20,13907,2026-06-20,CANCELED,,
2026-06-21T04:51:04Z,1390512026-06-20,13905,2026-06-20,CANCELED,,
2026-06-21T04:51:04Z,1301512026-06-20,13015,2026-06-20,CANCELED,,
2026-06-21T04:51:04Z,1821522026-06-20,18215,2026-06-20,CANCELED,,
2026-06-21T04:51:04Z,1390212026-06-20,13902,2026-06-20,CANCELED,,
2026-06-21T04:51:04Z,1302032026-06-20,13020,2026-06-20,CANCELED,,
2026-06-21T04:51:04Z,3890212026-06-20,38902,2026-06-20,CANCELED,,
2026-06-21T04:51:04Z,1391112026-06-20,13911,2026-06-20,CANCELED,,
2026-06-21T04:51:04Z,1390612026-06-20,13906,2026-06-20,CANCELED,,
2026-06-21T04:51:04Z,1821422026-06-20,18214,2026-06-20,CANCELED,,
2026-06-21T04:56:01Z,0587112026-06-20,05871,2026-06-20,SCHEDULED,180,3.0
2026-06-21T04:56:01Z,0847512026-06-20,08475,2026-06-20,SCHEDULED,60,1.0
2026-06-21T04:56:01Z,1412322026-06-21,14123,2026-06-21,SCHEDULED,0,0.0
2026-06-21T04:56:01Z,1412362026-06-20,14123,2026-06-20,SCHEDULED,0,0.0
2026-06-21T04:56:01Z,1412352026-06-20,14123,2026-06-20,SCHEDULED,0,0.0
2026-06-21T04:56:01Z,0907212026-06-20,09072,2026-06-20,SCHEDULED,0,0.0
2026-06-21T04:56:01Z,1500012026-06-20,15000,2026-06-20,SCHEDULED,240,4.0
2026-06-21T04:56:01Z,1505112026-06-20,15051,2026-06-20,SCHEDULED,0,0.0
2026-06-21T04:56:01Z,0411422026-06-21,04114,2026-06-21,SCHEDULED,-540,-9.0
2026-06-21T04:56:01Z,0411412026-06-21,04114,2026-06-21,SCHEDULED,-540,-9.0
2026-06-21T04:56:01Z,1248012026-06-20,12480,2026-06-20,SCHEDULED,0,0.0
2026-06-21T04:56:01Z,1563022026-06-20,15630,2026-06-20,SCHEDULED,0,0.0
2026-06-21T04:56:01Z,1564812026-06-20,15648,2026-06-20,SCHEDULED,-60,-1.0
2026-06-21T04:56:01Z,1300322026-06-20,13003,2026-06-20,SCHEDULED,0,0.0
2026-06-21T04:56:01Z,1602112026-06-20,16021,2026-06-20,SCHEDULED,0,0.0
2026-06-21T04:56:01Z,1304112026-06-20,13041,2026-06-20,SCHEDULED,0,0.0
2026-06-21T04:56:01Z,1805412026-06-20,18054,2026-06-20,SCHEDULED,300,5.0
2026-06-21T04:56:01Z,1395112026-06-20,13951,2026-06-20,SCHEDULED,60,1.0
2026-06-21T04:56:01Z,1812012026-06-20,18120,2026-06-20,SCHEDULED,-60,-1.0
2026-06-21T04:56:01Z,3460912026-06-20,34609,2026-06-20,SCHEDULED,120,2.0
2026-06-21T04:56:01Z,1503112026-06-20,15031,2026-06-20,SCHEDULED,-120,-2.0
2026-06-21T04:56:01Z,0206112026-06-20,02061,2026-06-20,SCHEDULED,360,6.0
2026-06-21T04:56:01Z,1503022026-06-20,15030,2026-06-20,SCHEDULED,0,0.0
2026-06-21T04:56:01Z,0207512026-06-21,02075,2026-06-21,SCHEDULED,120,2.0
2026-06-21T04:56:01Z,0207712026-06-20,02077,2026-06-20,SCHEDULED,-60,-1.0
2026-06-21T04:56:01Z,1800242026-06-21,18002,2026-06-21,SCHEDULED,240,4.0
2026-06-21T04:56:01Z,0331112026-06-20,03311,2026-06-20,SCHEDULED,60,1.0
2026-06-21T04:56:01Z,1585012026-06-20,15850,2026-06-20,SCHEDULED,60,1.0
2026-06-21T04:56:01Z,1590012026-06-20,15900,2026-06-20,SCHEDULED,300,5.0
2026-06-21T04:56:01Z,0506422026-06-20,05064,2026-06-20,SCHEDULED,240,4.0
2026-06-21T04:56:01Z,0506412026-06-20,05064,2026-06-20,SCHEDULED,240,4.0
2026-06-21T04:56:01Z,1812112026-06-20,18121,2026-06-20,SCHEDULED,180,3.0
2026-06-21T04:56:01Z,0566812026-06-20,05668,2026-06-20,SCHEDULED,0,0.0
2026-06-21T04:56:01Z,1833122026-06-20,18331,2026-06-20,SCHEDULED,0,0.0
2026-06-21T04:56:01Z,3586912026-06-20,35869,2026-06-20,SCHEDULED,-60,-1.0
2026-06-21T04:56:01Z,1503022026-06-20,15030,2026-06-20,SCHEDULED,0,0.0
2026-06-21T04:56:01Z,3890712026-06-20,38907,2026-06-20,CANCELED,,
2026-06-21T04:56:01Z,3890612026-06-20,38906,2026-06-20,CANCELED,,
2026-06-21T04:56:01Z,1390912026-06-20,13909,2026-06-20,CANCELED,,
2026-06-21T04:56:01Z,1390812026-06-20,13908,2026-06-20,CANCELED,,
2026-06-21T04:56:01Z,3890912026-06-20,38909,2026-06-20,CANCELED,,
2026-06-21T04:56:01Z,3890812026-06-20,38908,2026-06-20,CANCELED,,
2026-06-21T04:56:01Z,3890512026-06-20,38905,2026-06-20,CANCELED,,
2026-06-21T04:56:01Z,1391012026-06-20,13910,2026-06-20,CANCELED,,
2026-06-21T04:56:01Z,1390712026-06-20,13907,2026-06-20,CANCELED,,
2026-06-21T04:56:01Z,1390512026-06-20,13905,2026-06-20,CANCELED,,
2026-06-21T04:56:01Z,1301512026-06-20,13015,2026-06-20,CANCELED,,
2026-06-21T04:56:01Z,1821522026-06-20,18215,2026-06-20,CANCELED,,
2026-06-21T04:56:01Z,1390212026-06-20,13902,2026-06-20,CANCELED,,
2026-06-21T04:56:01Z,1302032026-06-20,13020,2026-06-20,CANCELED,,
2026-06-21T04:56:01Z,3890212026-06-20,38902,2026-06-20,CANCELED,,
2026-06-21T04:56:01Z,1390612026-06-20,13906,2026-06-20,CANCELED,,
2026-06-21T04:56:01Z,1391112026-06-20,13911,2026-06-20,CANCELED,,
2026-06-21T04:56:01Z,1821422026-06-20,18214,2026-06-20,CANCELED,,
2026-06-21T05:01:22Z,0847512026-06-20,08475,2026-06-20,SCHEDULED,120,2.0
2026-06-21T05:01:22Z,0907212026-06-20,09072,2026-06-20,SCHEDULED,0,0.0
2026-06-21T05:01:22Z,1412322026-06-21,14123,2026-06-21,SCHEDULED,0,0.0
2026-06-21T05:01:22Z,1412362026-06-20,14123,2026-06-20,SCHEDULED,0,0.0
2026-06-21T05:01:22Z,1412352026-06-20,14123,2026-06-20,SCHEDULED,0,0.0
2026-06-21T05:01:22Z,0411422026-06-21,04114,2026-06-21,SCHEDULED,0,0.0
2026-06-21T05:01:22Z,0411412026-06-21,04114,2026-06-21,SCHEDULED,0,0.0
2026-06-21T05:01:22Z,1500012026-06-20,15000,2026-06-20,SCHEDULED,480,8.0
2026-06-21T05:01:22Z,1505112026-06-20,15051,2026-06-20,SCHEDULED,300,5.0
2026-06-21T05:01:22Z,0418612026-06-21,04186,2026-06-21,SCHEDULED,120,2.0
2026-06-21T05:01:22Z,0418632026-06-21,04186,2026-06-21,SCHEDULED,120,2.0
2026-06-21T05:01:22Z,0418622026-06-21,04186,2026-06-21,SCHEDULED,120,2.0
2026-06-21T05:01:22Z,1563022026-06-20,15630,2026-06-20,SCHEDULED,-120,-2.0
2026-06-21T05:01:22Z,0109212026-06-20,01092,2026-06-20,SCHEDULED,120,2.0
2026-06-21T05:01:22Z,1248012026-06-20,12480,2026-06-20,SCHEDULED,0,0.0
2026-06-21T05:01:22Z,1564812026-06-20,15648,2026-06-20,SCHEDULED,0,0.0
2026-06-21T05:01:22Z,1602112026-06-20,16021,2026-06-20,SCHEDULED,0,0.0
2026-06-21T05:01:22Z,1300322026-06-20,13003,2026-06-20,SCHEDULED,60,1.0
2026-06-21T05:01:22Z,1722712026-06-20,17227,2026-06-20,SCHEDULED,0,0.0
2026-06-21T05:01:22Z,1304112026-06-20,13041,2026-06-20,SCHEDULED,-60,-1.0
2026-06-21T05:01:22Z,1805412026-06-20,18054,2026-06-20,SCHEDULED,240,4.0
2026-06-21T05:01:22Z,1395112026-06-20,13951,2026-06-20,SCHEDULED,120,2.0
2026-06-21T05:01:22Z,3460912026-06-20,34609,2026-06-20,SCHEDULED,240,4.0
2026-06-21T05:01:22Z,1812012026-06-20,18120,2026-06-20,SCHEDULED,0,0.0
2026-06-21T05:01:22Z,1503022026-06-20,15030,2026-06-20,SCHEDULED,0,0.0
2026-06-21T05:01:22Z,0206112026-06-20,02061,2026-06-20,SCHEDULED,480,8.0
2026-06-21T05:01:22Z,0207512026-06-21,02075,2026-06-21,SCHEDULED,300,5.0
2026-06-21T05:01:22Z,0207712026-06-20,02077,2026-06-20,SCHEDULED,-120,-2.0
2026-06-21T05:01:22Z,1800242026-06-21,18002,2026-06-21,SCHEDULED,240,4.0
2026-06-21T05:01:22Z,0331112026-06-20,03311,2026-06-20,SCHEDULED,0,0.0
2026-06-21T05:01:22Z,7180012026-06-20,71800,2026-06-20,SCHEDULED,0,0.0
2026-06-21T05:01:22Z,1585012026-06-20,15850,2026-06-20,SCHEDULED,0,0.0
2026-06-21T05:01:22Z,0506422026-06-20,05064,2026-06-20,SCHEDULED,120,2.0
2026-06-21T05:01:22Z,0506412026-06-20,05064,2026-06-20,SCHEDULED,120,2.0
2026-06-21T05:01:22Z,1590012026-06-20,15900,2026-06-20,SCHEDULED,360,6.0
2026-06-21T05:01:22Z,0566812026-06-20,05668,2026-06-20,SCHEDULED,0,0.0
2026-06-21T05:01:22Z,1812112026-06-20,18121,2026-06-20,SCHEDULED,180,3.0
2026-06-21T05:01:22Z,0587112026-06-20,05871,2026-06-20,SCHEDULED,180,3.0
2026-06-21T05:01:22Z,1833122026-06-20,18331,2026-06-20,SCHEDULED,60,1.0
2026-06-21T05:01:22Z,3586912026-06-20,35869,2026-06-20,SCHEDULED,0,0.0
2026-06-21T05:01:22Z,1503022026-06-20,15030,2026-06-20,SCHEDULED,0,0.0
2026-06-21T05:01:22Z,1503112026-06-20,15031,2026-06-20,SCHEDULED,-120,-2.0
2026-06-21T05:01:22Z,3890612026-06-20,38906,2026-06-20,CANCELED,,
2026-06-21T05:01:22Z,3890712026-06-20,38907,2026-06-20,CANCELED,,
2026-06-21T05:01:22Z,1390812026-06-20,13908,2026-06-20,CANCELED,,
2026-06-21T05:01:22Z,1390912026-06-20,13909,2026-06-20,CANCELED,,
2026-06-21T05:01:22Z,3890812026-06-20,38908,2026-06-20,CANCELED,,
2026-06-21T05:01:22Z,1391012026-06-20,13910,2026-06-20,CANCELED,,
2026-06-21T05:01:22Z,3890912026-06-20,38909,2026-06-20,CANCELED,,
2026-06-21T05:01:22Z,1390512026-06-20,13905,2026-06-20,CANCELED,,
2026-06-21T05:01:22Z,3890512026-06-20,38905,2026-06-20,CANCELED,,
2026-06-21T05:01:22Z,1301512026-06-20,13015,2026-06-20,CANCELED,,
2026-06-21T05:01:22Z,1390712026-06-20,13907,2026-06-20,CANCELED,,
2026-06-21T05:01:22Z,1390212026-06-20,13902,2026-06-20,CANCELED,,
2026-06-21T05:01:22Z,3890212026-06-20,38902,2026-06-20,CANCELED,,
2026-06-21T05:01:22Z,1821522026-06-20,18215,2026-06-20,CANCELED,,
2026-06-21T05:01:22Z,1390612026-06-20,13906,2026-06-20,CANCELED,,
2026-06-21T05:01:22Z,1302032026-06-20,13020,2026-06-20,CANCELED,,
2026-06-21T05:01:22Z,1391112026-06-20,13911,2026-06-20,CANCELED,,
2026-06-21T05:01:22Z,1821422026-06-20,18214,2026-06-20,CANCELED,,
2026-06-21T05:06:03Z,0847512026-06-20,08475,2026-06-20,SCHEDULED,60,1.0
2026-06-21T05:06:03Z,1563022026-06-20,15630,2026-06-20,SCHEDULED,-120,-2.0
2026-06-21T05:06:03Z,1564812026-06-20,15648,2026-06-20,SCHEDULED,-60,-1.0
2026-06-21T05:06:03Z,0907212026-06-20,09072,2026-06-20,SCHEDULED,0,0.0
2026-06-21T05:06:03Z,1602112026-06-20,16021,2026-06-20,SCHEDULED,0,0.0
2026-06-21T05:06:03Z,1722712026-06-20,17227,2026-06-20,SCHEDULED,60,1.0
2026-06-21T05:06:03Z,0411422026-06-21,04114,2026-06-21,SCHEDULED,0,0.0
2026-06-21T05:06:03Z,0411412026-06-21,04114,2026-06-21,SCHEDULED,0,0.0
2026-06-21T05:06:03Z,1812012026-06-20,18120,2026-06-20,SCHEDULED,0,0.0
2026-06-21T05:06:03Z,1390112026-06-20,13901,2026-06-20,SCHEDULED,0,0.0
2026-06-21T05:06:03Z,0418612026-06-21,04186,2026-06-21,SCHEDULED,240,4.0
2026-06-21T05:06:03Z,0418632026-06-21,04186,2026-06-21,SCHEDULED,240,4.0
2026-06-21T05:06:03Z,0418622026-06-21,04186,2026-06-21,SCHEDULED,240,4.0
2026-06-21T05:06:03Z,0109212026-06-20,01092,2026-06-20,SCHEDULED,0,0.0
2026-06-21T05:06:03Z,1248012026-06-20,12480,2026-06-20,SCHEDULED,60,1.0
2026-06-21T05:06:03Z,1412322026-06-21,14123,2026-06-21,SCHEDULED,-120,-2.0
2026-06-21T05:06:03Z,1412362026-06-20,14123,2026-06-20,SCHEDULED,-120,-2.0
2026-06-21T05:06:03Z,1412352026-06-20,14123,2026-06-20,SCHEDULED,-120,-2.0
2026-06-21T05:06:03Z,1261312026-06-20,12613,2026-06-20,SCHEDULED,0,0.0
2026-06-21T05:06:03Z,1500012026-06-20,15000,2026-06-20,SCHEDULED,480,8.0
2026-06-21T05:06:03Z,1300322026-06-20,13003,2026-06-20,SCHEDULED,60,1.0
2026-06-21T05:06:03Z,1505112026-06-20,15051,2026-06-20,SCHEDULED,120,2.0
2026-06-21T05:06:03Z,1304112026-06-20,13041,2026-06-20,SCHEDULED,-60,-1.0
2026-06-21T05:06:03Z,1521012026-06-20,15210,2026-06-20,SCHEDULED,60,1.0
2026-06-21T05:06:03Z,1395112026-06-20,13951,2026-06-20,SCHEDULED,120,2.0
2026-06-21T05:06:03Z,1503022026-06-20,15030,2026-06-20,SCHEDULED,0,0.0
2026-06-21T05:06:03Z,3460912026-06-20,34609,2026-06-20,SCHEDULED,240,4.0
2026-06-21T05:06:03Z,0206112026-06-20,02061,2026-06-20,SCHEDULED,600,10.0
2026-06-21T05:06:03Z,1800242026-06-21,18002,2026-06-21,SCHEDULED,300,5.0
2026-06-21T05:06:03Z,0207512026-06-21,02075,2026-06-21,SCHEDULED,360,6.0
2026-06-21T05:06:03Z,7180012026-06-20,71800,2026-06-20,SCHEDULED,0,0.0
2026-06-21T05:06:03Z,0207712026-06-20,02077,2026-06-20,SCHEDULED,-60,-1.0
2026-06-21T05:06:03Z,1585012026-06-20,15850,2026-06-20,SCHEDULED,0,0.0
2026-06-21T05:06:03Z,1590012026-06-20,15900,2026-06-20,SCHEDULED,360,6.0
2026-06-21T05:06:03Z,0331112026-06-20,03311,2026-06-20,SCHEDULED,60,1.0
2026-06-21T05:06:03Z,1812112026-06-20,18121,2026-06-20,SCHEDULED,240,4.0
2026-06-21T05:06:03Z,0506422026-06-20,05064,2026-06-20,SCHEDULED,120,2.0
2026-06-21T05:06:03Z,0506412026-06-20,05064,2026-06-20,SCHEDULED,120,2.0
2026-06-21T05:06:03Z,1833122026-06-20,18331,2026-06-20,SCHEDULED,60,1.0
2026-06-21T05:06:03Z,0566812026-06-20,05668,2026-06-20,SCHEDULED,0,0.0
2026-06-21T05:06:03Z,3586912026-06-20,35869,2026-06-20,SCHEDULED,-60,-1.0
2026-06-21T05:06:03Z,0587112026-06-20,05871,2026-06-20,SCHEDULED,180,3.0
2026-06-21T05:06:03Z,1503022026-06-20,15030,2026-06-20,SCHEDULED,240,4.0
2026-06-21T05:06:03Z,1503112026-06-20,15031,2026-06-20,SCHEDULED,-120,-2.0
2026-06-21T05:06:03Z,3890712026-06-20,38907,2026-06-20,CANCELED,,
2026-06-21T05:06:03Z,1390912026-06-20,13909,2026-06-20,CANCELED,,
2026-06-21T05:06:03Z,3890912026-06-20,38909,2026-06-20,CANCELED,,
2026-06-21T05:06:03Z,3890512026-06-20,38905,2026-06-20,CANCELED,,
2026-06-21T05:06:03Z,1390712026-06-20,13907,2026-06-20,CANCELED,,
2026-06-21T05:06:03Z,1821522026-06-20,18215,2026-06-20,CANCELED,,
2026-06-21T05:06:03Z,1302032026-06-20,13020,2026-06-20,CANCELED,,
2026-06-21T05:06:03Z,3890612026-06-20,38906,2026-06-20,CANCELED,,
2026-06-21T05:06:03Z,1390812026-06-20,13908,2026-06-20,CANCELED,,
2026-06-21T05:06:03Z,3890812026-06-20,38908,2026-06-20,CANCELED,,
2026-06-21T05:06:03Z,1391012026-06-20,13910,2026-06-20,CANCELED,,
2026-06-21T05:06:03Z,1390512026-06-20,13905,2026-06-20,CANCELED,,
2026-06-21T05:06:03Z,1301512026-06-20,13015,2026-06-20,CANCELED,,
2026-06-21T05:06:03Z,1390212026-06-20,13902,2026-06-20,CANCELED,,
2026-06-21T05:06:03Z,3890212026-06-20,38902,2026-06-20,CANCELED,,
2026-06-21T05:06:03Z,1390612026-06-20,13906,2026-06-20,CANCELED,,
2026-06-21T05:06:03Z,1391112026-06-20,13911,2026-06-20,CANCELED,,
2026-06-21T05:06:03Z,1821422026-06-20,18214,2026-06-20,CANCELED,,
2026-06-21T05:11:04Z,1395112026-06-20,13951,2026-06-20,SCHEDULED,180,3.0
2026-06-21T05:11:04Z,0907212026-06-20,09072,2026-06-20,SCHEDULED,420,7.0
2026-06-21T05:11:04Z,1390112026-06-20,13901,2026-06-20,SCHEDULED,60,1.0
2026-06-21T05:11:04Z,0907312026-06-20,09073,2026-06-20,SCHEDULED,120,2.0
2026-06-21T05:11:04Z,0411422026-06-21,04114,2026-06-21,SCHEDULED,0,0.0
2026-06-21T05:11:04Z,0411412026-06-21,04114,2026-06-21,SCHEDULED,0,0.0
2026-06-21T05:11:04Z,0207412026-06-21,02074,2026-06-21,SCHEDULED,60,1.0
2026-06-21T05:11:04Z,1412322026-06-21,14123,2026-06-21,SCHEDULED,-120,-2.0
2026-06-21T05:11:04Z,1412362026-06-20,14123,2026-06-20,SCHEDULED,-120,-2.0
2026-06-21T05:11:04Z,1412352026-06-20,14123,2026-06-20,SCHEDULED,-120,-2.0
2026-06-21T05:11:04Z,1500012026-06-20,15000,2026-06-20,SCHEDULED,480,8.0
2026-06-21T05:11:04Z,0418612026-06-21,04186,2026-06-21,SCHEDULED,240,4.0
2026-06-21T05:11:04Z,0418632026-06-21,04186,2026-06-21,SCHEDULED,240,4.0
2026-06-21T05:11:04Z,0418622026-06-21,04186,2026-06-21,SCHEDULED,240,4.0
2026-06-21T05:11:04Z,1505112026-06-20,15051,2026-06-20,SCHEDULED,60,1.0
2026-06-21T05:11:04Z,0109212026-06-20,01092,2026-06-20,SCHEDULED,-60,-1.0
2026-06-21T05:11:04Z,0053312026-06-21,00533,2026-06-21,SCHEDULED,180,3.0
2026-06-21T05:11:04Z,1563022026-06-20,15630,2026-06-20,SCHEDULED,-120,-2.0
2026-06-21T05:11:04Z,1248012026-06-20,12480,2026-06-20,SCHEDULED,60,1.0
2026-06-21T05:11:04Z,1564812026-06-20,15648,2026-06-20,SCHEDULED,-180,-3.0
2026-06-21T05:11:04Z,1261312026-06-20,12613,2026-06-20,SCHEDULED,0,0.0
2026-06-21T05:11:04Z,1602112026-06-20,16021,2026-06-20,SCHEDULED,-60,-1.0
2026-06-21T05:11:04Z,1300322026-06-20,13003,2026-06-20,SCHEDULED,0,0.0
2026-06-21T05:11:04Z,1722712026-06-20,17227,2026-06-20,SCHEDULED,60,1.0
2026-06-21T05:11:04Z,1304112026-06-20,13041,2026-06-20,SCHEDULED,-60,-1.0
2026-06-21T05:11:04Z,1805412026-06-20,18054,2026-06-20,SCHEDULED,240,4.0
2026-06-21T05:11:04Z,1503022026-06-20,15030,2026-06-20,SCHEDULED,0,0.0
2026-06-21T05:11:04Z,3460912026-06-20,34609,2026-06-20,SCHEDULED,240,4.0
2026-06-21T05:11:04Z,0206112026-06-20,02061,2026-06-20,SCHEDULED,600,10.0
2026-06-21T05:11:04Z,0207512026-06-21,02075,2026-06-21,SCHEDULED,360,6.0
2026-06-21T05:11:04Z,1800242026-06-21,18002,2026-06-21,SCHEDULED,300,5.0
2026-06-21T05:11:04Z,0207712026-06-20,02077,2026-06-20,SCHEDULED,-60,-1.0
2026-06-21T05:11:04Z,7180012026-06-20,71800,2026-06-20,SCHEDULED,0,0.0
2026-06-21T05:11:04Z,1585012026-06-20,15850,2026-06-20,SCHEDULED,300,5.0
2026-06-21T05:11:04Z,0331112026-06-20,03311,2026-06-20,SCHEDULED,60,1.0
2026-06-21T05:11:04Z,1577612026-06-20,15776,2026-06-20,SCHEDULED,0,0.0
2026-06-21T05:11:04Z,1590012026-06-20,15900,2026-06-20,SCHEDULED,240,4.0
2026-06-21T05:11:04Z,0506422026-06-20,05064,2026-06-20,SCHEDULED,0,0.0
2026-06-21T05:11:04Z,0506412026-06-20,05064,2026-06-20,SCHEDULED,0,0.0
2026-06-21T05:11:04Z,1812012026-06-20,18120,2026-06-20,SCHEDULED,0,0.0
2026-06-21T05:11:04Z,0566812026-06-20,05668,2026-06-20,SCHEDULED,-60,-1.0
2026-06-21T05:11:04Z,1812112026-06-20,18121,2026-06-20,SCHEDULED,240,4.0
2026-06-21T05:11:04Z,0587112026-06-20,05871,2026-06-20,SCHEDULED,60,1.0
2026-06-21T05:11:04Z,1833122026-06-20,18331,2026-06-20,SCHEDULED,-120,-2.0
2026-06-21T05:11:04Z,0847512026-06-20,08475,2026-06-20,SCHEDULED,-60,-1.0
2026-06-21T05:11:04Z,1503022026-06-20,15030,2026-06-20,SCHEDULED,60,1.0
2026-06-21T05:11:04Z,1503112026-06-20,15031,2026-06-20,SCHEDULED,0,0.0
2026-06-21T05:11:04Z,3890712026-06-20,38907,2026-06-20,CANCELED,,
2026-06-21T05:11:04Z,3890612026-06-20,38906,2026-06-20,CANCELED,,
2026-06-21T05:11:04Z,1390912026-06-20,13909,2026-06-20,CANCELED,,
2026-06-21T05:11:04Z,1390812026-06-20,13908,2026-06-20,CANCELED,,
2026-06-21T05:11:04Z,3890812026-06-20,38908,2026-06-20,CANCELED,,
2026-06-21T05:11:04Z,3890912026-06-20,38909,2026-06-20,CANCELED,,
2026-06-21T05:11:04Z,1391012026-06-20,13910,2026-06-20,CANCELED,,
2026-06-21T05:11:04Z,3890512026-06-20,38905,2026-06-20,CANCELED,,
2026-06-21T05:11:04Z,1390512026-06-20,13905,2026-06-20,CANCELED,,
2026-06-21T05:11:04Z,1390712026-06-20,13907,2026-06-20,CANCELED,,
2026-06-21T05:11:04Z,1301512026-06-20,13015,2026-06-20,CANCELED,,
2026-06-21T05:11:04Z,1821522026-06-20,18215,2026-06-20,CANCELED,,
2026-06-21T05:11:04Z,1390212026-06-20,13902,2026-06-20,CANCELED,,
2026-06-21T05:11:04Z,3890212026-06-20,38902,2026-06-20,CANCELED,,
2026-06-21T05:11:04Z,1302032026-06-20,13020,2026-06-20,CANCELED,,
2026-06-21T05:11:04Z,1390612026-06-20,13906,2026-06-20,CANCELED,,
2026-06-21T05:11:04Z,1391112026-06-20,13911,2026-06-20,CANCELED,,
2026-06-21T05:11:04Z,1821422026-06-20,18214,2026-06-20,CANCELED,,
2026-06-21T05:16:08Z,3586912026-06-20,35869,2026-06-20,SCHEDULED,-60,-1.0
2026-06-21T05:16:08Z,1500012026-06-20,15000,2026-06-20,SCHEDULED,300,5.0
2026-06-21T05:16:08Z,1505112026-06-20,15051,2026-06-20,SCHEDULED,0,0.0
2026-06-21T05:16:08Z,0907212026-06-20,09072,2026-06-20,SCHEDULED,0,0.0
2026-06-21T05:16:08Z,1564812026-06-20,15648,2026-06-20,SCHEDULED,-60,-1.0
2026-06-21T05:16:08Z,0907312026-06-20,09073,2026-06-20,SCHEDULED,120,2.0
2026-06-21T05:16:08Z,1602112026-06-20,16021,2026-06-20,SCHEDULED,-60,-1.0
2026-06-21T05:16:08Z,1722712026-06-20,17227,2026-06-20,SCHEDULED,60,1.0
2026-06-21T05:16:08Z,0411422026-06-21,04114,2026-06-21,SCHEDULED,120,2.0
2026-06-21T05:16:08Z,0411412026-06-21,04114,2026-06-21,SCHEDULED,120,2.0
2026-06-21T05:16:08Z,1805412026-06-20,18054,2026-06-20,SCHEDULED,240,4.0
2026-06-21T05:16:08Z,0207412026-06-21,02074,2026-06-21,SCHEDULED,60,1.0
2026-06-21T05:16:08Z,1304112026-06-20,13041,2026-06-20,SCHEDULED,-60,-1.0
2026-06-21T05:16:08Z,1395112026-06-20,13951,2026-06-20,SCHEDULED,180,3.0
2026-06-21T05:16:08Z,1390012026-06-20,13900,2026-06-20,SCHEDULED,600,10.0
2026-06-21T05:16:08Z,1390112026-06-20,13901,2026-06-20,SCHEDULED,-360,-6.0
2026-06-21T05:16:08Z,0418612026-06-21,04186,2026-06-21,SCHEDULED,360,6.0
2026-06-21T05:16:08Z,0418632026-06-21,04186,2026-06-21,SCHEDULED,360,6.0
2026-06-21T05:16:08Z,0418622026-06-21,04186,2026-06-21,SCHEDULED,360,6.0
2026-06-21T05:16:08Z,0109212026-06-20,01092,2026-06-20,SCHEDULED,-120,-2.0
2026-06-21T05:16:08Z,0053312026-06-21,00533,2026-06-21,SCHEDULED,180,3.0
2026-06-21T05:16:08Z,1248012026-06-20,12480,2026-06-20,SCHEDULED,60,1.0
2026-06-21T05:16:08Z,1261312026-06-20,12613,2026-06-20,SCHEDULED,0,0.0
2026-06-21T05:16:08Z,1412322026-06-21,14123,2026-06-21,SCHEDULED,-120,-2.0
2026-06-21T05:16:08Z,1412362026-06-20,14123,2026-06-20,SCHEDULED,-120,-2.0
2026-06-21T05:16:08Z,1412352026-06-20,14123,2026-06-20,SCHEDULED,-120,-2.0
2026-06-21T05:16:08Z,1503022026-06-20,15030,2026-06-20,SCHEDULED,-60,-1.0
2026-06-21T05:16:08Z,1300322026-06-20,13003,2026-06-20,SCHEDULED,180,3.0
2026-06-21T05:16:08Z,3460912026-06-20,34609,2026-06-20,SCHEDULED,240,4.0
2026-06-21T05:16:08Z,1800242026-06-21,18002,2026-06-21,SCHEDULED,300,5.0
2026-06-21T05:16:08Z,0206112026-06-20,02061,2026-06-20,SCHEDULED,600,10.0
2026-06-21T05:16:08Z,7180012026-06-20,71800,2026-06-20,SCHEDULED,0,0.0
2026-06-21T05:16:08Z,0207512026-06-21,02075,2026-06-21,SCHEDULED,660,11.0
2026-06-21T05:16:08Z,1585012026-06-20,15850,2026-06-20,SCHEDULED,300,5.0
2026-06-21T05:16:08Z,0207712026-06-20,02077,2026-06-20,SCHEDULED,-60,-1.0
2026-06-21T05:16:08Z,1577612026-06-20,15776,2026-06-20,SCHEDULED,0,0.0
2026-06-21T05:16:08Z,1590012026-06-20,15900,2026-06-20,SCHEDULED,240,4.0
2026-06-21T05:16:08Z,0331112026-06-20,03311,2026-06-20,SCHEDULED,120,2.0
2026-06-21T05:16:08Z,1812012026-06-20,18120,2026-06-20,SCHEDULED,120,2.0
2026-06-21T05:16:08Z,1812112026-06-20,18121,2026-06-20,SCHEDULED,240,4.0
2026-06-21T05:16:08Z,0506422026-06-20,05064,2026-06-20,SCHEDULED,0,0.0
2026-06-21T05:16:08Z,0506412026-06-20,05064,2026-06-20,SCHEDULED,0,0.0
2026-06-21T05:16:08Z,0566812026-06-20,05668,2026-06-20,SCHEDULED,-120,-2.0
2026-06-21T05:16:08Z,1833122026-06-20,18331,2026-06-20,SCHEDULED,60,1.0
2026-06-21T05:16:08Z,0587112026-06-20,05871,2026-06-20,SCHEDULED,60,1.0
2026-06-21T05:16:08Z,1503022026-06-20,15030,2026-06-20,SCHEDULED,60,1.0
2026-06-21T05:16:08Z,0847512026-06-20,08475,2026-06-20,SCHEDULED,-60,-1.0
2026-06-21T05:16:08Z,1503112026-06-20,15031,2026-06-20,SCHEDULED,60,1.0
2026-06-21T05:16:08Z,3890712026-06-20,38907,2026-06-20,CANCELED,,
2026-06-21T05:16:08Z,3890612026-06-20,38906,2026-06-20,CANCELED,,
2026-06-21T05:16:08Z,1390912026-06-20,13909,2026-06-20,CANCELED,,
2026-06-21T05:16:08Z,1390812026-06-20,13908,2026-06-20,CANCELED,,
2026-06-21T05:16:08Z,3890912026-06-20,38909,2026-06-20,CANCELED,,
2026-06-21T05:16:08Z,3890812026-06-20,38908,2026-06-20,CANCELED,,
2026-06-21T05:16:08Z,3890512026-06-20,38905,2026-06-20,CANCELED,,
2026-06-21T05:16:08Z,1391012026-06-20,13910,2026-06-20,CANCELED,,
2026-06-21T05:16:08Z,1390712026-06-20,13907,2026-06-20,CANCELED,,
2026-06-21T05:16:08Z,1390512026-06-20,13905,2026-06-20,CANCELED,,
2026-06-21T05:16:08Z,1301512026-06-20,13015,2026-06-20,CANCELED,,
2026-06-21T05:16:08Z,1821522026-06-20,18215,2026-06-20,CANCELED,,
2026-06-21T05:16:08Z,1390212026-06-20,13902,2026-06-20,CANCELED,,
2026-06-21T05:16:08Z,1302032026-06-20,13020,2026-06-20,CANCELED,,
2026-06-21T05:16:08Z,3890212026-06-20,38902,2026-06-20,CANCELED,,
2026-06-21T05:16:08Z,1391112026-06-20,13911,2026-06-20,CANCELED,,
2026-06-21T05:16:08Z,1390612026-06-20,13906,2026-06-20,CANCELED,,
2026-06-21T05:16:08Z,1821422026-06-20,18214,2026-06-20,CANCELED,,
2026-06-21T05:21:06Z,1395112026-06-20,13951,2026-06-20,SCHEDULED,120,2.0
2026-06-21T05:21:06Z,0907212026-06-20,09072,2026-06-20,SCHEDULED,0,0.0
2026-06-21T05:21:06Z,1320312026-06-20,13203,2026-06-20,SCHEDULED,0,0.0
2026-06-21T05:21:06Z,0907312026-06-20,09073,2026-06-20,SCHEDULED,60,1.0
2026-06-21T05:21:06Z,1390012026-06-20,13900,2026-06-20,SCHEDULED,540,9.0
2026-06-21T05:21:06Z,1390112026-06-20,13901,2026-06-20,SCHEDULED,-420,-7.0
2026-06-21T05:21:06Z,0411422026-06-21,04114,2026-06-21,SCHEDULED,120,2.0
2026-06-21T05:21:06Z,0411412026-06-21,04114,2026-06-21,SCHEDULED,120,2.0
2026-06-21T05:21:06Z,0207412026-06-21,02074,2026-06-21,SCHEDULED,120,2.0
2026-06-21T05:21:06Z,0436412026-06-20,04364,2026-06-20,SCHEDULED,60,1.0
2026-06-21T05:21:06Z,1412322026-06-21,14123,2026-06-21,SCHEDULED,0,0.0
2026-06-21T05:21:06Z,1412362026-06-20,14123,2026-06-20,SCHEDULED,0,0.0
2026-06-21T05:21:06Z,1412352026-06-20,14123,2026-06-20,SCHEDULED,0,0.0
2026-06-21T05:21:06Z,1500012026-06-20,15000,2026-06-20,SCHEDULED,300,5.0
2026-06-21T05:21:06Z,1505112026-06-20,15051,2026-06-20,SCHEDULED,-60,-1.0
2026-06-21T05:21:06Z,0418612026-06-21,04186,2026-06-21,SCHEDULED,360,6.0
2026-06-21T05:21:06Z,0418632026-06-21,04186,2026-06-21,SCHEDULED,360,6.0
2026-06-21T05:21:06Z,0418622026-06-21,04186,2026-06-21,SCHEDULED,360,6.0
2026-06-21T05:21:06Z,1564812026-06-20,15648,2026-06-20,SCHEDULED,-120,-2.0
2026-06-21T05:21:06Z,0109212026-06-20,01092,2026-06-20,SCHEDULED,-60,-1.0
2026-06-21T05:21:06Z,1602112026-06-20,16021,2026-06-20,SCHEDULED,-60,-1.0
2026-06-21T05:21:06Z,0053312026-06-21,00533,2026-06-21,SCHEDULED,60,1.0
2026-06-21T05:21:06Z,1722712026-06-20,17227,2026-06-20,SCHEDULED,60,1.0
2026-06-21T05:21:06Z,1248012026-06-20,12480,2026-06-20,SCHEDULED,60,1.0
2026-06-21T05:21:06Z,1805412026-06-20,18054,2026-06-20,SCHEDULED,360,6.0
2026-06-21T05:21:06Z,1261312026-06-20,12613,2026-06-20,SCHEDULED,60,1.0
2026-06-21T05:21:06Z,1300322026-06-20,13003,2026-06-20,SCHEDULED,300,5.0
2026-06-21T05:21:06Z,1304112026-06-20,13041,2026-06-20,SCHEDULED,60,1.0
2026-06-21T05:21:06Z,1810022026-06-20,18100,2026-06-20,SCHEDULED,0,0.0
2026-06-21T05:21:06Z,1810032026-06-20,18100,2026-06-20,SCHEDULED,0,0.0
2026-06-21T05:21:06Z,1810042026-06-20,18100,2026-06-20,SCHEDULED,0,0.0
2026-06-21T05:21:06Z,3460912026-06-20,34609,2026-06-20,SCHEDULED,240,4.0
2026-06-21T05:21:06Z,1812012026-06-20,18120,2026-06-20,SCHEDULED,180,3.0
2026-06-21T05:21:06Z,0206112026-06-20,02061,2026-06-20,SCHEDULED,720,12.0
2026-06-21T05:21:06Z,1812112026-06-20,18121,2026-06-20,SCHEDULED,180,3.0
2026-06-21T05:21:06Z,0207512026-06-21,02075,2026-06-21,SCHEDULED,540,9.0
2026-06-21T05:21:06Z,0207712026-06-20,02077,2026-06-20,SCHEDULED,-120,-2.0
2026-06-21T05:21:06Z,1833122026-06-20,18331,2026-06-20,SCHEDULED,60,1.0
2026-06-21T05:21:06Z,0207322026-06-20,02073,2026-06-20,SCHEDULED,60,1.0
2026-06-21T05:21:06Z,1503022026-06-20,15030,2026-06-20,SCHEDULED,120,2.0
2026-06-21T05:21:06Z,0331112026-06-20,03311,2026-06-20,SCHEDULED,120,2.0
2026-06-21T05:21:06Z,1503112026-06-20,15031,2026-06-20,SCHEDULED,60,1.0
2026-06-21T05:21:06Z,1503022026-06-20,15030,2026-06-20,SCHEDULED,-60,-1.0
2026-06-21T05:21:06Z,0506422026-06-20,05064,2026-06-20,SCHEDULED,0,0.0
2026-06-21T05:21:06Z,0506412026-06-20,05064,2026-06-20,SCHEDULED,0,0.0
2026-06-21T05:21:06Z,0566812026-06-20,05668,2026-06-20,SCHEDULED,0,0.0
2026-06-21T05:21:06Z,1800242026-06-21,18002,2026-06-21,SCHEDULED,300,5.0
2026-06-21T05:21:06Z,0587112026-06-20,05871,2026-06-20,SCHEDULED,60,1.0
2026-06-21T05:21:06Z,7180012026-06-20,71800,2026-06-20,SCHEDULED,0,0.0
2026-06-21T05:21:06Z,0847512026-06-20,08475,2026-06-20,SCHEDULED,-180,-3.0
2026-06-21T05:21:06Z,7183012026-06-20,71830,2026-06-20,SCHEDULED,0,0.0
2026-06-21T05:21:06Z,3586912026-06-20,35869,2026-06-20,SCHEDULED,0,0.0
2026-06-21T05:21:06Z,1585012026-06-20,15850,2026-06-20,SCHEDULED,300,5.0
2026-06-21T05:21:06Z,1577612026-06-20,15776,2026-06-20,SCHEDULED,0,0.0
2026-06-21T05:21:06Z,1590012026-06-20,15900,2026-06-20,SCHEDULED,240,4.0
2026-06-21T05:21:06Z,3890612026-06-20,38906,2026-06-20,CANCELED,,
2026-06-21T05:21:06Z,3890712026-06-20,38907,2026-06-20,CANCELED,,
2026-06-21T05:21:06Z,1390912026-06-20,13909,2026-06-20,CANCELED,,
2026-06-21T05:21:06Z,1390812026-06-20,13908,2026-06-20,CANCELED,,
2026-06-21T05:21:06Z,3890812026-06-20,38908,2026-06-20,CANCELED,,
2026-06-21T05:21:06Z,3890912026-06-20,38909,2026-06-20,CANCELED,,
2026-06-21T05:21:06Z,1391012026-06-20,13910,2026-06-20,CANCELED,,
2026-06-21T05:21:06Z,3890512026-06-20,38905,2026-06-20,CANCELED,,
2026-06-21T05:21:06Z,1390512026-06-20,13905,2026-06-20,CANCELED,,
2026-06-21T05:21:06Z,1390712026-06-20,13907,2026-06-20,CANCELED,,
2026-06-21T05:21:06Z,1301512026-06-20,13015,2026-06-20,CANCELED,,
2026-06-21T05:21:06Z,1821522026-06-20,18215,2026-06-20,CANCELED,,
2026-06-21T05:21:06Z,1390212026-06-20,13902,2026-06-20,CANCELED,,
2026-06-21T05:21:06Z,3890212026-06-20,38902,2026-06-20,CANCELED,,
2026-06-21T05:21:06Z,1302032026-06-20,13020,2026-06-20,CANCELED,,
2026-06-21T05:21:06Z,1390612026-06-20,13906,2026-06-20,CANCELED,,
2026-06-21T05:21:06Z,1391112026-06-20,13911,2026-06-20,CANCELED,,
2026-06-21T05:21:06Z,1821422026-06-20,18214,2026-06-20,CANCELED,,
2026-06-21T05:25:59Z,1505112026-06-20,15051,2026-06-20,SCHEDULED,-120,-2.0
2026-06-21T05:25:59Z,0587112026-06-20,05871,2026-06-20,SCHEDULED,0,0.0
2026-06-21T05:25:59Z,1564812026-06-20,15648,2026-06-20,SCHEDULED,-120,-2.0
2026-06-21T05:25:59Z,0847512026-06-20,08475,2026-06-20,SCHEDULED,-180,-3.0
2026-06-21T05:25:59Z,1602112026-06-20,16021,2026-06-20,SCHEDULED,0,0.0
2026-06-21T05:25:59Z,3586912026-06-20,35869,2026-06-20,SCHEDULED,-60,-1.0
2026-06-21T05:25:59Z,1722712026-06-20,17227,2026-06-20,SCHEDULED,0,0.0
2026-06-21T05:25:59Z,0907212026-06-20,09072,2026-06-20,SCHEDULED,60,1.0
2026-06-21T05:25:59Z,1805412026-06-20,18054,2026-06-20,SCHEDULED,300,5.0
2026-06-21T05:25:59Z,0907312026-06-20,09073,2026-06-20,SCHEDULED,60,1.0
2026-06-21T05:25:59Z,0411422026-06-21,04114,2026-06-21,SCHEDULED,300,5.0
2026-06-21T05:25:59Z,0411412026-06-21,04114,2026-06-21,SCHEDULED,300,5.0
2026-06-21T05:25:59Z,1810022026-06-20,18100,2026-06-20,SCHEDULED,-60,-1.0
2026-06-21T05:25:59Z,1810032026-06-20,18100,2026-06-20,SCHEDULED,-60,-1.0
2026-06-21T05:25:59Z,1810042026-06-20,18100,2026-06-20,SCHEDULED,-60,-1.0
2026-06-21T05:25:59Z,0207412026-06-21,02074,2026-06-21,SCHEDULED,120,2.0
2026-06-21T05:25:59Z,1812012026-06-20,18120,2026-06-20,SCHEDULED,240,4.0
2026-06-21T05:25:59Z,0436412026-06-20,04364,2026-06-20,SCHEDULED,60,1.0
2026-06-21T05:25:59Z,1304112026-06-20,13041,2026-06-20,SCHEDULED,60,1.0
2026-06-21T05:25:59Z,1395112026-06-20,13951,2026-06-20,SCHEDULED,180,3.0
2026-06-21T05:25:59Z,1320312026-06-20,13203,2026-06-20,SCHEDULED,-60,-1.0
2026-06-21T05:25:59Z,0418612026-06-21,04186,2026-06-21,SCHEDULED,360,6.0
2026-06-21T05:25:59Z,0418632026-06-21,04186,2026-06-21,SCHEDULED,360,6.0
2026-06-21T05:25:59Z,0418622026-06-21,04186,2026-06-21,SCHEDULED,360,6.0
2026-06-21T05:25:59Z,1390012026-06-20,13900,2026-06-20,SCHEDULED,480,8.0
2026-06-21T05:25:59Z,0109212026-06-20,01092,2026-06-20,SCHEDULED,0,0.0
2026-06-21T05:25:59Z,1390112026-06-20,13901,2026-06-20,SCHEDULED,-480,-8.0
2026-06-21T05:25:59Z,0053312026-06-21,00533,2026-06-21,SCHEDULED,60,1.0
2026-06-21T05:25:59Z,1248012026-06-20,12480,2026-06-20,SCHEDULED,0,0.0
2026-06-21T05:25:59Z,1261312026-06-20,12613,2026-06-20,SCHEDULED,-60,-1.0
2026-06-21T05:25:59Z,1412322026-06-21,14123,2026-06-21,SCHEDULED,120,2.0
2026-06-21T05:25:59Z,1412362026-06-20,14123,2026-06-20,SCHEDULED,120,2.0
2026-06-21T05:25:59Z,1412352026-06-20,14123,2026-06-20,SCHEDULED,120,2.0
2026-06-21T05:25:59Z,1300322026-06-20,13003,2026-06-20,SCHEDULED,300,5.0
2026-06-21T05:25:59Z,1500012026-06-20,15000,2026-06-20,SCHEDULED,240,4.0
2026-06-21T05:25:59Z,1800242026-06-21,18002,2026-06-21,SCHEDULED,300,5.0
2026-06-21T05:25:59Z,0063142026-06-21,00631,2026-06-21,SCHEDULED,0,0.0
2026-06-21T05:25:59Z,0063132026-06-21,00631,2026-06-21,SCHEDULED,0,0.0
2026-06-21T05:25:59Z,0063112026-06-21,00631,2026-06-21,SCHEDULED,0,0.0
2026-06-21T05:25:59Z,0063122026-06-21,00631,2026-06-21,SCHEDULED,0,0.0
2026-06-21T05:25:59Z,7180012026-06-20,71800,2026-06-20,SCHEDULED,0,0.0
2026-06-21T05:25:59Z,3460912026-06-20,34609,2026-06-20,SCHEDULED,180,3.0
2026-06-21T05:25:59Z,7183012026-06-20,71830,2026-06-20,SCHEDULED,0,0.0
2026-06-21T05:25:59Z,0206112026-06-20,02061,2026-06-20,SCHEDULED,780,13.0
2026-06-21T05:25:59Z,1580012026-06-20,15800,2026-06-20,SCHEDULED,240,4.0
2026-06-21T05:25:59Z,0207112026-06-20,02071,2026-06-20,SCHEDULED,180,3.0
2026-06-21T05:25:59Z,1585012026-06-20,15850,2026-06-20,SCHEDULED,300,5.0
2026-06-21T05:25:59Z,0207212026-06-20,02072,2026-06-20,SCHEDULED,120,2.0
2026-06-21T05:25:59Z,1577612026-06-20,15776,2026-06-20,SCHEDULED,0,0.0
2026-06-21T05:25:59Z,0207512026-06-21,02075,2026-06-21,SCHEDULED,540,9.0
2026-06-21T05:25:59Z,1590012026-06-20,15900,2026-06-20,SCHEDULED,120,2.0
2026-06-21T05:25:59Z,0207712026-06-20,02077,2026-06-20,SCHEDULED,-180,-3.0
2026-06-21T05:25:59Z,1812112026-06-20,18121,2026-06-20,SCHEDULED,180,3.0
2026-06-21T05:25:59Z,1812312026-06-20,18123,2026-06-20,SCHEDULED,360,6.0
2026-06-21T05:25:59Z,0207322026-06-20,02073,2026-06-20,SCHEDULED,60,1.0
2026-06-21T05:25:59Z,1833122026-06-20,18331,2026-06-20,SCHEDULED,60,1.0
2026-06-21T05:25:59Z,0331112026-06-20,03311,2026-06-20,SCHEDULED,120,2.0
2026-06-21T05:25:59Z,1781212026-06-20,17812,2026-06-20,SCHEDULED,0,0.0
2026-06-21T05:25:59Z,0408712026-06-21,04087,2026-06-21,SCHEDULED,240,4.0
2026-06-21T05:25:59Z,1503022026-06-20,15030,2026-06-20,SCHEDULED,120,2.0
2026-06-21T05:25:59Z,0506422026-06-20,05064,2026-06-20,SCHEDULED,0,0.0
2026-06-21T05:25:59Z,0506412026-06-20,05064,2026-06-20,SCHEDULED,0,0.0
2026-06-21T05:25:59Z,1503112026-06-20,15031,2026-06-20,SCHEDULED,240,4.0
2026-06-21T05:25:59Z,0566812026-06-20,05668,2026-06-20,SCHEDULED,0,0.0
2026-06-21T05:25:59Z,1503022026-06-20,15030,2026-06-20,SCHEDULED,-180,-3.0
2026-06-21T05:25:59Z,3890712026-06-20,38907,2026-06-20,CANCELED,,
2026-06-21T05:25:59Z,3890612026-06-20,38906,2026-06-20,CANCELED,,
2026-06-21T05:25:59Z,1390912026-06-20,13909,2026-06-20,CANCELED,,
2026-06-21T05:25:59Z,1390812026-06-20,13908,2026-06-20,CANCELED,,
2026-06-21T05:25:59Z,3890912026-06-20,38909,2026-06-20,CANCELED,,
2026-06-21T05:25:59Z,3890812026-06-20,38908,2026-06-20,CANCELED,,
2026-06-21T05:25:59Z,3890512026-06-20,38905,2026-06-20,CANCELED,,
2026-06-21T05:25:59Z,1391012026-06-20,13910,2026-06-20,CANCELED,,
2026-06-21T05:25:59Z,1390712026-06-20,13907,2026-06-20,CANCELED,,
2026-06-21T05:25:59Z,1390512026-06-20,13905,2026-06-20,CANCELED,,
2026-06-21T05:25:59Z,1301512026-06-20,13015,2026-06-20,CANCELED,,
2026-06-21T05:25:59Z,1821522026-06-20,18215,2026-06-20,CANCELED,,
2026-06-21T05:25:59Z,1390212026-06-20,13902,2026-06-20,CANCELED,,
2026-06-21T05:25:59Z,1302032026-06-20,13020,2026-06-20,CANCELED,,
2026-06-21T05:25:59Z,3890212026-06-20,38902,2026-06-20,CANCELED,,
2026-06-21T05:25:59Z,1391112026-06-20,13911,2026-06-20,CANCELED,,
2026-06-21T05:25:59Z,1390612026-06-20,13906,2026-06-20,CANCELED,,
2026-06-21T05:25:59Z,1821422026-06-20,18214,2026-06-20,CANCELED,,
2026-06-21T05:31:13Z,0527322026-06-20,05273,2026-06-20,SCHEDULED,120,2.0
2026-06-21T05:31:13Z,0566812026-06-20,05668,2026-06-20,SCHEDULED,0,0.0
2026-06-21T05:31:13Z,0587112026-06-20,05871,2026-06-20,SCHEDULED,120,2.0
2026-06-21T05:31:13Z,1412322026-06-21,14123,2026-06-21,SCHEDULED,120,2.0
2026-06-21T05:31:13Z,1412362026-06-20,14123,2026-06-20,SCHEDULED,120,2.0
2026-06-21T05:31:13Z,1412352026-06-20,14123,2026-06-20,SCHEDULED,120,2.0
2026-06-21T05:31:13Z,0847512026-06-20,08475,2026-06-20,SCHEDULED,-180,-3.0
2026-06-21T05:31:13Z,1505112026-06-20,15051,2026-06-20,SCHEDULED,-60,-1.0
2026-06-21T05:31:13Z,3586912026-06-20,35869,2026-06-20,SCHEDULED,-60,-1.0
2026-06-21T05:31:13Z,1521312026-06-20,15213,2026-06-20,SCHEDULED,60,1.0
2026-06-21T05:31:13Z,0907212026-06-20,09072,2026-06-20,SCHEDULED,60,1.0
2026-06-21T05:31:13Z,1562122026-06-20,15621,2026-06-20,SCHEDULED,-60,-1.0
2026-06-21T05:31:13Z,0907312026-06-20,09073,2026-06-20,SCHEDULED,60,1.0
2026-06-21T05:31:13Z,1564812026-06-20,15648,2026-06-20,SCHEDULED,-60,-1.0
2026-06-21T05:31:13Z,0411422026-06-21,04114,2026-06-21,SCHEDULED,300,5.0
2026-06-21T05:31:13Z,0411412026-06-21,04114,2026-06-21,SCHEDULED,300,5.0
2026-06-21T05:31:13Z,1805412026-06-20,18054,2026-06-20,SCHEDULED,300,5.0
2026-06-21T05:31:13Z,0207412026-06-21,02074,2026-06-21,SCHEDULED,120,2.0
2026-06-21T05:31:13Z,0436412026-06-20,04364,2026-06-20,SCHEDULED,0,0.0
2026-06-21T05:31:13Z,1810022026-06-20,18100,2026-06-20,SCHEDULED,-180,-3.0
2026-06-21T05:31:13Z,1810032026-06-20,18100,2026-06-20,SCHEDULED,-180,-3.0
2026-06-21T05:31:13Z,1810042026-06-20,18100,2026-06-20,SCHEDULED,-180,-3.0
2026-06-21T05:31:13Z,1261312026-06-20,12613,2026-06-20,SCHEDULED,-60,-1.0
2026-06-21T05:31:13Z,0418612026-06-21,04186,2026-06-21,SCHEDULED,540,9.0
2026-06-21T05:31:13Z,0418632026-06-21,04186,2026-06-21,SCHEDULED,540,9.0
2026-06-21T05:31:13Z,0418622026-06-21,04186,2026-06-21,SCHEDULED,540,9.0
2026-06-21T05:31:13Z,1300322026-06-20,13003,2026-06-20,SCHEDULED,360,6.0
2026-06-21T05:31:13Z,0109212026-06-20,01092,2026-06-20,SCHEDULED,0,0.0
2026-06-21T05:31:13Z,1304112026-06-20,13041,2026-06-20,SCHEDULED,-60,-1.0
2026-06-21T05:31:13Z,0053312026-06-21,00533,2026-06-21,SCHEDULED,60,1.0
2026-06-21T05:31:13Z,1395112026-06-20,13951,2026-06-20,SCHEDULED,180,3.0
2026-06-21T05:31:13Z,1248012026-06-20,12480,2026-06-20,SCHEDULED,-60,-1.0
2026-06-21T05:31:13Z,1320312026-06-20,13203,2026-06-20,SCHEDULED,-60,-1.0
2026-06-21T05:31:13Z,1390012026-06-20,13900,2026-06-20,SCHEDULED,360,6.0
2026-06-21T05:31:13Z,1390112026-06-20,13901,2026-06-20,SCHEDULED,-480,-8.0
2026-06-21T05:31:13Z,1503022026-06-20,15030,2026-06-20,SCHEDULED,0,0.0
2026-06-21T05:31:13Z,0063142026-06-21,00631,2026-06-21,SCHEDULED,60,1.0
2026-06-21T05:31:13Z,0063132026-06-21,00631,2026-06-21,SCHEDULED,60,1.0
2026-06-21T05:31:13Z,0063112026-06-21,00631,2026-06-21,SCHEDULED,60,1.0
2026-06-21T05:31:13Z,0063122026-06-21,00631,2026-06-21,SCHEDULED,60,1.0
2026-06-21T05:31:13Z,7180012026-06-20,71800,2026-06-20,SCHEDULED,0,0.0
2026-06-21T05:31:13Z,3460912026-06-20,34609,2026-06-20,SCHEDULED,300,5.0
2026-06-21T05:31:13Z,7183012026-06-20,71830,2026-06-20,SCHEDULED,-60,-1.0
2026-06-21T05:31:13Z,0206112026-06-20,02061,2026-06-20,SCHEDULED,720,12.0
2026-06-21T05:31:13Z,1580012026-06-20,15800,2026-06-20,SCHEDULED,180,3.0
2026-06-21T05:31:13Z,0207112026-06-20,02071,2026-06-20,SCHEDULED,240,4.0
2026-06-21T05:31:13Z,1585012026-06-20,15850,2026-06-20,SCHEDULED,240,4.0
2026-06-21T05:31:13Z,0207212026-06-20,02072,2026-06-20,SCHEDULED,120,2.0
2026-06-21T05:31:13Z,1577612026-06-20,15776,2026-06-20,SCHEDULED,0,0.0
2026-06-21T05:31:13Z,0207512026-06-21,02075,2026-06-21,SCHEDULED,600,10.0
2026-06-21T05:31:13Z,1590012026-06-20,15900,2026-06-20,SCHEDULED,180,3.0
2026-06-21T05:31:13Z,0207712026-06-20,02077,2026-06-20,SCHEDULED,-180,-3.0
2026-06-21T05:31:13Z,0207322026-06-20,02073,2026-06-20,SCHEDULED,60,1.0
2026-06-21T05:31:13Z,1812012026-06-20,18120,2026-06-20,SCHEDULED,180,3.0
2026-06-21T05:31:13Z,1812112026-06-20,18121,2026-06-20,SCHEDULED,120,2.0
2026-06-21T05:31:13Z,1812312026-06-20,18123,2026-06-20,SCHEDULED,360,6.0
2026-06-21T05:31:13Z,0307322026-06-20,03073,2026-06-20,SCHEDULED,0,0.0
2026-06-21T05:31:13Z,0307312026-06-20,03073,2026-06-20,SCHEDULED,0,0.0
2026-06-21T05:31:13Z,0331112026-06-20,03311,2026-06-20,SCHEDULED,120,2.0
2026-06-21T05:31:13Z,1833122026-06-20,18331,2026-06-20,SCHEDULED,0,0.0
2026-06-21T05:31:13Z,0408712026-06-21,04087,2026-06-21,SCHEDULED,240,4.0
2026-06-21T05:31:13Z,1781212026-06-20,17812,2026-06-20,SCHEDULED,0,0.0
2026-06-21T05:31:13Z,1503022026-06-20,15030,2026-06-20,SCHEDULED,120,2.0
2026-06-21T05:31:13Z,0506422026-06-20,05064,2026-06-20,SCHEDULED,-60,-1.0
2026-06-21T05:31:13Z,0506412026-06-20,05064,2026-06-20,SCHEDULED,-60,-1.0
2026-06-21T05:31:13Z,1503112026-06-20,15031,2026-06-20,SCHEDULED,180,3.0
2026-06-21T05:31:13Z,3890712026-06-20,38907,2026-06-20,CANCELED,,
2026-06-21T05:31:13Z,1390912026-06-20,13909,2026-06-20,CANCELED,,
2026-06-21T05:31:13Z,3890912026-06-20,38909,2026-06-20,CANCELED,,
2026-06-21T05:31:13Z,3890512026-06-20,38905,2026-06-20,CANCELED,,
2026-06-21T05:31:13Z,1390712026-06-20,13907,2026-06-20,CANCELED,,
2026-06-21T05:31:13Z,1821522026-06-20,18215,2026-06-20,CANCELED,,
2026-06-21T05:31:13Z,1302032026-06-20,13020,2026-06-20,CANCELED,,
2026-06-21T05:31:13Z,3890612026-06-20,38906,2026-06-20,CANCELED,,
2026-06-21T05:31:13Z,1390812026-06-20,13908,2026-06-20,CANCELED,,
2026-06-21T05:31:13Z,3890812026-06-20,38908,2026-06-20,CANCELED,,
2026-06-21T05:31:13Z,1391012026-06-20,13910,2026-06-20,CANCELED,,
2026-06-21T05:31:13Z,1390512026-06-20,13905,2026-06-20,CANCELED,,
2026-06-21T05:31:13Z,1301512026-06-20,13015,2026-06-20,CANCELED,,
2026-06-21T05:31:13Z,1390212026-06-20,13902,2026-06-20,CANCELED,,
2026-06-21T05:31:13Z,3890212026-06-20,38902,2026-06-20,CANCELED,,
2026-06-21T05:31:13Z,1390612026-06-20,13906,2026-06-20,CANCELED,,
2026-06-21T05:31:13Z,1391112026-06-20,13911,2026-06-20,CANCELED,,
2026-06-21T05:31:13Z,1821422026-06-20,18214,2026-06-20,CANCELED,,
2026-06-21T05:36:00Z,0507512026-06-20,05075,2026-06-20,SCHEDULED,120,2.0
2026-06-21T05:36:00Z,1261312026-06-20,12613,2026-06-20,SCHEDULED,-120,-2.0
2026-06-21T05:36:00Z,0527322026-06-20,05273,2026-06-20,SCHEDULED,0,0.0
2026-06-21T05:36:00Z,1300322026-06-20,13003,2026-06-20,SCHEDULED,360,6.0
2026-06-21T05:36:00Z,0566812026-06-20,05668,2026-06-20,SCHEDULED,0,0.0
2026-06-21T05:36:00Z,1304112026-06-20,13041,2026-06-20,SCHEDULED,-360,-6.0
2026-06-21T05:36:00Z,0587112026-06-20,05871,2026-06-20,SCHEDULED,60,1.0
2026-06-21T05:36:00Z,1395112026-06-20,13951,2026-06-20,SCHEDULED,180,3.0
2026-06-21T05:36:00Z,0847512026-06-20,08475,2026-06-20,SCHEDULED,-180,-3.0
2026-06-21T05:36:00Z,1320312026-06-20,13203,2026-06-20,SCHEDULED,-60,-1.0
2026-06-21T05:36:00Z,3586912026-06-20,35869,2026-06-20,SCHEDULED,-60,-1.0
2026-06-21T05:36:00Z,1390012026-06-20,13900,2026-06-20,SCHEDULED,360,6.0
2026-06-21T05:36:00Z,1390112026-06-20,13901,2026-06-20,SCHEDULED,-420,-7.0
2026-06-21T05:36:00Z,0907212026-06-20,09072,2026-06-20,SCHEDULED,60,1.0
2026-06-21T05:36:00Z,0907312026-06-20,09073,2026-06-20,SCHEDULED,0,0.0
2026-06-21T05:36:00Z,0411422026-06-21,04114,2026-06-21,SCHEDULED,360,6.0
2026-06-21T05:36:00Z,0411412026-06-21,04114,2026-06-21,SCHEDULED,360,6.0
2026-06-21T05:36:00Z,1412322026-06-21,14123,2026-06-21,SCHEDULED,60,1.0
2026-06-21T05:36:00Z,1412362026-06-20,14123,2026-06-20,SCHEDULED,60,1.0
2026-06-21T05:36:00Z,1412352026-06-20,14123,2026-06-20,SCHEDULED,60,1.0
2026-06-21T05:36:00Z,0207412026-06-21,02074,2026-06-21,SCHEDULED,120,2.0
2026-06-21T05:36:00Z,1505112026-06-20,15051,2026-06-20,SCHEDULED,-60,-1.0
2026-06-21T05:36:00Z,0436412026-06-20,04364,2026-06-20,SCHEDULED,0,0.0
2026-06-21T05:36:00Z,1521312026-06-20,15213,2026-06-20,SCHEDULED,0,0.0
2026-06-21T05:36:00Z,1562122026-06-20,15621,2026-06-20,SCHEDULED,-60,-1.0
2026-06-21T05:36:00Z,1564812026-06-20,15648,2026-06-20,SCHEDULED,60,1.0
2026-06-21T05:36:00Z,0418612026-06-21,04186,2026-06-21,SCHEDULED,540,9.0
2026-06-21T05:36:00Z,0418632026-06-21,04186,2026-06-21,SCHEDULED,540,9.0
2026-06-21T05:36:00Z,0418622026-06-21,04186,2026-06-21,SCHEDULED,540,9.0
2026-06-21T05:36:00Z,1805412026-06-20,18054,2026-06-20,SCHEDULED,300,5.0
2026-06-21T05:36:00Z,0109212026-06-20,01092,2026-06-20,SCHEDULED,60,1.0
2026-06-21T05:36:00Z,0053312026-06-21,00533,2026-06-21,SCHEDULED,300,5.0
2026-06-21T05:36:00Z,1248012026-06-20,12480,2026-06-20,SCHEDULED,-60,-1.0
2026-06-21T05:36:00Z,1810022026-06-20,18100,2026-06-20,SCHEDULED,-120,-2.0
2026-06-21T05:36:00Z,1810032026-06-20,18100,2026-06-20,SCHEDULED,-120,-2.0
2026-06-21T05:36:00Z,1810042026-06-20,18100,2026-06-20,SCHEDULED,-120,-2.0
2026-06-21T05:36:00Z,1503112026-06-20,15031,2026-06-20,SCHEDULED,240,4.0
2026-06-21T05:36:00Z,1503022026-06-20,15030,2026-06-20,SCHEDULED,0,0.0
2026-06-21T05:36:00Z,0063142026-06-21,00631,2026-06-21,SCHEDULED,-120,-2.0
2026-06-21T05:36:00Z,0063132026-06-21,00631,2026-06-21,SCHEDULED,-120,-2.0
2026-06-21T05:36:00Z,0063112026-06-21,00631,2026-06-21,SCHEDULED,-120,-2.0
2026-06-21T05:36:00Z,0063122026-06-21,00631,2026-06-21,SCHEDULED,-120,-2.0
2026-06-21T05:36:00Z,7180012026-06-20,71800,2026-06-20,SCHEDULED,0,0.0
2026-06-21T05:36:00Z,3460912026-06-20,34609,2026-06-20,SCHEDULED,300,5.0
2026-06-21T05:36:00Z,7183012026-06-20,71830,2026-06-20,SCHEDULED,-60,-1.0
2026-06-21T05:36:00Z,0206112026-06-20,02061,2026-06-20,SCHEDULED,720,12.0
2026-06-21T05:36:00Z,1580012026-06-20,15800,2026-06-20,SCHEDULED,60,1.0
2026-06-21T05:36:00Z,0207112026-06-20,02071,2026-06-20,SCHEDULED,240,4.0
2026-06-21T05:36:00Z,1585012026-06-20,15850,2026-06-20,SCHEDULED,240,4.0
2026-06-21T05:36:00Z,0207212026-06-20,02072,2026-06-20,SCHEDULED,180,3.0
2026-06-21T05:36:00Z,1577612026-06-20,15776,2026-06-20,SCHEDULED,60,1.0
2026-06-21T05:36:00Z,0207512026-06-21,02075,2026-06-21,SCHEDULED,600,10.0
2026-06-21T05:36:00Z,1590012026-06-20,15900,2026-06-20,SCHEDULED,120,2.0
2026-06-21T05:36:00Z,0207712026-06-20,02077,2026-06-20,SCHEDULED,-180,-3.0
2026-06-21T05:36:00Z,1812012026-06-20,18120,2026-06-20,SCHEDULED,180,3.0
2026-06-21T05:36:00Z,0227012026-06-20,02270,2026-06-20,SCHEDULED,60,1.0
2026-06-21T05:36:00Z,1812112026-06-20,18121,2026-06-20,SCHEDULED,0,0.0
2026-06-21T05:36:00Z,0207322026-06-20,02073,2026-06-20,SCHEDULED,0,0.0
2026-06-21T05:36:00Z,1812312026-06-20,18123,2026-06-20,SCHEDULED,480,8.0
2026-06-21T05:36:00Z,0307322026-06-20,03073,2026-06-20,SCHEDULED,-120,-2.0
2026-06-21T05:36:00Z,0307312026-06-20,03073,2026-06-20,SCHEDULED,-120,-2.0
2026-06-21T05:36:00Z,1832122026-06-20,18321,2026-06-20,SCHEDULED,0,0.0
2026-06-21T05:36:00Z,0331112026-06-20,03311,2026-06-20,SCHEDULED,180,3.0
2026-06-21T05:36:00Z,1833122026-06-20,18331,2026-06-20,SCHEDULED,0,0.0
2026-06-21T05:36:00Z,0408712026-06-21,04087,2026-06-21,SCHEDULED,180,3.0
2026-06-21T05:36:00Z,1781212026-06-20,17812,2026-06-20,SCHEDULED,0,0.0
2026-06-21T05:36:00Z,1503022026-06-20,15030,2026-06-20,SCHEDULED,120,2.0
2026-06-21T05:36:00Z,0506422026-06-20,05064,2026-06-20,SCHEDULED,0,0.0
2026-06-21T05:36:00Z,0506412026-06-20,05064,2026-06-20,SCHEDULED,0,0.0
2026-06-21T05:36:00Z,3890712026-06-20,38907,2026-06-20,CANCELED,,
2026-06-21T05:36:00Z,3890612026-06-20,38906,2026-06-20,CANCELED,,
2026-06-21T05:36:00Z,1390912026-06-20,13909,2026-06-20,CANCELED,,
2026-06-21T05:36:00Z,1390812026-06-20,13908,2026-06-20,CANCELED,,
2026-06-21T05:36:00Z,3890812026-06-20,38908,2026-06-20,CANCELED,,
2026-06-21T05:36:00Z,3890912026-06-20,38909,2026-06-20,CANCELED,,
2026-06-21T05:36:00Z,1391012026-06-20,13910,2026-06-20,CANCELED,,
2026-06-21T05:36:00Z,3890512026-06-20,38905,2026-06-20,CANCELED,,
2026-06-21T05:36:00Z,1390512026-06-20,13905,2026-06-20,CANCELED,,
2026-06-21T05:36:00Z,1390712026-06-20,13907,2026-06-20,CANCELED,,
2026-06-21T05:36:00Z,1301512026-06-20,13015,2026-06-20,CANCELED,,
2026-06-21T05:36:00Z,1821522026-06-20,18215,2026-06-20,CANCELED,,
2026-06-21T05:36:00Z,1390212026-06-20,13902,2026-06-20,CANCELED,,
2026-06-21T05:36:00Z,3890212026-06-20,38902,2026-06-20,CANCELED,,
2026-06-21T05:36:00Z,1302032026-06-20,13020,2026-06-20,CANCELED,,
2026-06-21T05:36:00Z,1390612026-06-20,13906,2026-06-20,CANCELED,,
2026-06-21T05:36:00Z,1391112026-06-20,13911,2026-06-20,CANCELED,,
2026-06-21T05:36:00Z,1821422026-06-20,18214,2026-06-20,CANCELED,,
2026-06-21T05:41:06Z,1261312026-06-20,12613,2026-06-20,SCHEDULED,0,0.0
2026-06-21T05:41:06Z,0527322026-06-20,05273,2026-06-20,SCHEDULED,0,0.0
2026-06-21T05:41:06Z,1264112026-06-20,12641,2026-06-20,SCHEDULED,60,1.0
2026-06-21T05:41:06Z,0566812026-06-20,05668,2026-06-20,SCHEDULED,0,0.0
2026-06-21T05:41:06Z,1264412026-06-20,12644,2026-06-20,SCHEDULED,0,0.0
2026-06-21T05:41:06Z,0587112026-06-20,05871,2026-06-20,SCHEDULED,60,1.0
2026-06-21T05:41:06Z,0847512026-06-20,08475,2026-06-20,SCHEDULED,-60,-1.0
2026-06-21T05:41:06Z,1300322026-06-20,13003,2026-06-20,SCHEDULED,360,6.0
2026-06-21T05:41:06Z,3586912026-06-20,35869,2026-06-20,SCHEDULED,-120,-2.0
2026-06-21T05:41:06Z,1304112026-06-20,13041,2026-06-20,SCHEDULED,-360,-6.0
2026-06-21T05:41:06Z,0891512026-06-20,08915,2026-06-20,SCHEDULED,120,2.0
2026-06-21T05:41:06Z,1395112026-06-20,13951,2026-06-20,SCHEDULED,60,1.0
2026-06-21T05:41:06Z,1320312026-06-20,13203,2026-06-20,SCHEDULED,60,1.0
2026-06-21T05:41:06Z,0907212026-06-20,09072,2026-06-20,SCHEDULED,60,1.0
2026-06-21T05:41:06Z,1390012026-06-20,13900,2026-06-20,SCHEDULED,540,9.0
2026-06-21T05:41:06Z,0907312026-06-20,09073,2026-06-20,SCHEDULED,0,0.0
2026-06-21T05:41:06Z,1390112026-06-20,13901,2026-06-20,SCHEDULED,-360,-6.0
2026-06-21T05:41:06Z,0411422026-06-21,04114,2026-06-21,SCHEDULED,360,6.0
2026-06-21T05:41:06Z,0411412026-06-21,04114,2026-06-21,SCHEDULED,360,6.0
2026-06-21T05:41:06Z,0207412026-06-21,02074,2026-06-21,SCHEDULED,0,0.0
2026-06-21T05:41:06Z,0436412026-06-20,04364,2026-06-20,SCHEDULED,0,0.0
2026-06-21T05:41:06Z,1412322026-06-21,14123,2026-06-21,SCHEDULED,60,1.0
2026-06-21T05:41:06Z,1412362026-06-20,14123,2026-06-20,SCHEDULED,60,1.0
2026-06-21T05:41:06Z,1412352026-06-20,14123,2026-06-20,SCHEDULED,60,1.0
2026-06-21T05:41:06Z,1505112026-06-20,15051,2026-06-20,SCHEDULED,0,0.0
2026-06-21T05:41:06Z,1562122026-06-20,15621,2026-06-20,SCHEDULED,0,0.0
2026-06-21T05:41:06Z,0418612026-06-21,04186,2026-06-21,SCHEDULED,660,11.0
2026-06-21T05:41:06Z,0418632026-06-21,04186,2026-06-21,SCHEDULED,660,11.0
2026-06-21T05:41:06Z,0418622026-06-21,04186,2026-06-21,SCHEDULED,660,11.0
2026-06-21T05:41:06Z,1564812026-06-20,15648,2026-06-20,SCHEDULED,60,1.0
2026-06-21T05:41:06Z,0109212026-06-20,01092,2026-06-20,SCHEDULED,180,3.0
2026-06-21T05:41:06Z,1805412026-06-20,18054,2026-06-20,SCHEDULED,300,5.0
2026-06-21T05:41:06Z,0053312026-06-21,00533,2026-06-21,SCHEDULED,120,2.0
2026-06-21T05:41:06Z,1810022026-06-20,18100,2026-06-20,SCHEDULED,-60,-1.0
2026-06-21T05:41:06Z,1810032026-06-20,18100,2026-06-20,SCHEDULED,-60,-1.0
2026-06-21T05:41:06Z,1810042026-06-20,18100,2026-06-20,SCHEDULED,-60,-1.0
2026-06-21T05:41:06Z,1503112026-06-20,15031,2026-06-20,SCHEDULED,240,4.0
2026-06-21T05:41:06Z,0062122026-06-21,00621,2026-06-21,SCHEDULED,60,1.0
2026-06-21T05:41:06Z,0062132026-06-21,00621,2026-06-21,SCHEDULED,60,1.0
2026-06-21T05:41:06Z,0062152026-06-21,00621,2026-06-21,SCHEDULED,60,1.0
2026-06-21T05:41:06Z,0062112026-06-21,00621,2026-06-21,SCHEDULED,60,1.0
2026-06-21T05:41:06Z,0062142026-06-21,00621,2026-06-21,SCHEDULED,60,1.0
2026-06-21T05:41:06Z,1503022026-06-20,15030,2026-06-20,SCHEDULED,60,1.0
2026-06-21T05:41:06Z,1248012026-06-20,12480,2026-06-20,SCHEDULED,-120,-2.0
2026-06-21T05:41:06Z,7180012026-06-20,71800,2026-06-20,SCHEDULED,0,0.0
2026-06-21T05:41:06Z,7183012026-06-20,71830,2026-06-20,SCHEDULED,-300,-5.0
2026-06-21T05:41:06Z,1580012026-06-20,15800,2026-06-20,SCHEDULED,300,5.0
2026-06-21T05:41:06Z,1585012026-06-20,15850,2026-06-20,SCHEDULED,240,4.0
2026-06-21T05:41:06Z,0063142026-06-21,00631,2026-06-21,SCHEDULED,-120,-2.0
2026-06-21T05:41:06Z,0063132026-06-21,00631,2026-06-21,SCHEDULED,-120,-2.0
2026-06-21T05:41:06Z,0063112026-06-21,00631,2026-06-21,SCHEDULED,-120,-2.0
2026-06-21T05:41:06Z,0063122026-06-21,00631,2026-06-21,SCHEDULED,-120,-2.0
2026-06-21T05:41:06Z,1577612026-06-20,15776,2026-06-20,SCHEDULED,120,2.0
2026-06-21T05:41:06Z,3460912026-06-20,34609,2026-06-20,SCHEDULED,300,5.0
2026-06-21T05:41:06Z,1590012026-06-20,15900,2026-06-20,SCHEDULED,120,2.0
2026-06-21T05:41:06Z,0206112026-06-20,02061,2026-06-20,SCHEDULED,660,11.0
2026-06-21T05:41:06Z,0207112026-06-20,02071,2026-06-20,SCHEDULED,240,4.0
2026-06-21T05:41:06Z,1812012026-06-20,18120,2026-06-20,SCHEDULED,300,5.0
2026-06-21T05:41:06Z,0207212026-06-20,02072,2026-06-20,SCHEDULED,120,2.0
2026-06-21T05:41:06Z,1812112026-06-20,18121,2026-06-20,SCHEDULED,-60,-1.0
2026-06-21T05:41:06Z,0207512026-06-21,02075,2026-06-21,SCHEDULED,720,12.0
2026-06-21T05:41:06Z,1812312026-06-20,18123,2026-06-20,SCHEDULED,420,7.0
2026-06-21T05:41:06Z,0207712026-06-20,02077,2026-06-20,SCHEDULED,0,0.0
2026-06-21T05:41:06Z,1832122026-06-20,18321,2026-06-20,SCHEDULED,0,0.0
2026-06-21T05:41:06Z,0227012026-06-20,02270,2026-06-20,SCHEDULED,60,1.0
2026-06-21T05:41:06Z,0207322026-06-20,02073,2026-06-20,SCHEDULED,-60,-1.0
2026-06-21T05:41:06Z,1833122026-06-20,18331,2026-06-20,SCHEDULED,0,0.0
2026-06-21T05:41:06Z,1781212026-06-20,17812,2026-06-20,SCHEDULED,0,0.0
2026-06-21T05:41:06Z,1890012026-06-20,18900,2026-06-20,SCHEDULED,0,0.0
2026-06-21T05:41:06Z,0307322026-06-20,03073,2026-06-20,SCHEDULED,-180,-3.0
2026-06-21T05:41:06Z,0307312026-06-20,03073,2026-06-20,SCHEDULED,-180,-3.0
2026-06-21T05:41:06Z,1503022026-06-20,15030,2026-06-20,SCHEDULED,120,2.0
2026-06-21T05:41:06Z,0331112026-06-20,03311,2026-06-20,SCHEDULED,180,3.0
2026-06-21T05:41:06Z,0408712026-06-21,04087,2026-06-21,SCHEDULED,120,2.0
2026-06-21T05:41:06Z,0506422026-06-20,05064,2026-06-20,SCHEDULED,0,0.0
2026-06-21T05:41:06Z,0506412026-06-20,05064,2026-06-20,SCHEDULED,0,0.0
2026-06-21T05:41:06Z,0507512026-06-20,05075,2026-06-20,SCHEDULED,0,0.0
2026-06-21T05:41:06Z,3890612026-06-20,38906,2026-06-20,CANCELED,,
2026-06-21T05:41:06Z,3890712026-06-20,38907,2026-06-20,CANCELED,,
2026-06-21T05:41:06Z,1390812026-06-20,13908,2026-06-20,CANCELED,,
2026-06-21T05:41:06Z,1390912026-06-20,13909,2026-06-20,CANCELED,,
2026-06-21T05:41:06Z,3890812026-06-20,38908,2026-06-20,CANCELED,,
2026-06-21T05:41:06Z,3890912026-06-20,38909,2026-06-20,CANCELED,,
2026-06-21T05:41:06Z,1391012026-06-20,13910,2026-06-20,CANCELED,,
2026-06-21T05:41:06Z,3890512026-06-20,38905,2026-06-20,CANCELED,,
2026-06-21T05:41:06Z,1390512026-06-20,13905,2026-06-20,CANCELED,,
2026-06-21T05:41:06Z,1390712026-06-20,13907,2026-06-20,CANCELED,,
2026-06-21T05:41:06Z,1301512026-06-20,13015,2026-06-20,CANCELED,,
2026-06-21T05:41:06Z,1821522026-06-20,18215,2026-06-20,CANCELED,,
2026-06-21T05:41:06Z,1390212026-06-20,13902,2026-06-20,CANCELED,,
2026-06-21T05:41:06Z,3890212026-06-20,38902,2026-06-20,CANCELED,,
2026-06-21T05:41:06Z,1302032026-06-20,13020,2026-06-20,CANCELED,,
2026-06-21T05:41:06Z,1390612026-06-20,13906,2026-06-20,CANCELED,,
2026-06-21T05:41:06Z,1391112026-06-20,13911,2026-06-20,CANCELED,,
2026-06-21T05:41:06Z,1821422026-06-20,18214,2026-06-20,CANCELED,,
2026-06-21T05:46:07Z,0587112026-06-20,05871,2026-06-20,SCHEDULED,60,1.0
2026-06-21T05:46:07Z,1261312026-06-20,12613,2026-06-20,SCHEDULED,-60,-1.0
2026-06-21T05:46:07Z,0827512026-06-20,08275,2026-06-20,SCHEDULED,300,5.0
2026-06-21T05:46:07Z,1264112026-06-20,12641,2026-06-20,SCHEDULED,60,1.0
2026-06-21T05:46:07Z,1264412026-06-20,12644,2026-06-20,SCHEDULED,60,1.0
2026-06-21T05:46:07Z,0847512026-06-20,08475,2026-06-20,SCHEDULED,60,1.0
2026-06-21T05:46:07Z,3586912026-06-20,35869,2026-06-20,SCHEDULED,-120,-2.0
2026-06-21T05:46:07Z,1300322026-06-20,13003,2026-06-20,SCHEDULED,360,6.0
2026-06-21T05:46:07Z,0891512026-06-20,08915,2026-06-20,SCHEDULED,120,2.0
2026-06-21T05:46:07Z,1304112026-06-20,13041,2026-06-20,SCHEDULED,-180,-3.0
2026-06-21T05:46:07Z,1395112026-06-20,13951,2026-06-20,SCHEDULED,60,1.0
2026-06-21T05:46:07Z,0907212026-06-20,09072,2026-06-20,SCHEDULED,-180,-3.0
2026-06-21T05:46:07Z,0907312026-06-20,09073,2026-06-20,SCHEDULED,0,0.0
2026-06-21T05:46:07Z,1320312026-06-20,13203,2026-06-20,SCHEDULED,60,1.0
2026-06-21T05:46:07Z,1390012026-06-20,13900,2026-06-20,SCHEDULED,540,9.0
2026-06-21T05:46:07Z,1390112026-06-20,13901,2026-06-20,SCHEDULED,-300,-5.0
2026-06-21T05:46:07Z,0411422026-06-21,04114,2026-06-21,SCHEDULED,360,6.0
2026-06-21T05:46:07Z,0411412026-06-21,04114,2026-06-21,SCHEDULED,360,6.0
2026-06-21T05:46:07Z,0207412026-06-21,02074,2026-06-21,SCHEDULED,-120,-2.0
2026-06-21T05:46:07Z,0436412026-06-20,04364,2026-06-20,SCHEDULED,0,0.0
2026-06-21T05:46:07Z,1412322026-06-21,14123,2026-06-21,SCHEDULED,60,1.0
2026-06-21T05:46:07Z,1412362026-06-20,14123,2026-06-20,SCHEDULED,60,1.0
2026-06-21T05:46:07Z,1412352026-06-20,14123,2026-06-20,SCHEDULED,60,1.0
2026-06-21T05:46:07Z,0418612026-06-21,04186,2026-06-21,SCHEDULED,660,11.0
2026-06-21T05:46:07Z,0418632026-06-21,04186,2026-06-21,SCHEDULED,660,11.0
2026-06-21T05:46:07Z,0418622026-06-21,04186,2026-06-21,SCHEDULED,660,11.0
2026-06-21T05:46:07Z,1562122026-06-20,15621,2026-06-20,SCHEDULED,0,0.0
2026-06-21T05:46:07Z,0109212026-06-20,01092,2026-06-20,SCHEDULED,180,3.0
2026-06-21T05:46:07Z,1564812026-06-20,15648,2026-06-20,SCHEDULED,60,1.0
2026-06-21T05:46:07Z,0053312026-06-21,00533,2026-06-21,SCHEDULED,120,2.0
2026-06-21T05:46:07Z,1805412026-06-20,18054,2026-06-20,SCHEDULED,120,2.0
2026-06-21T05:46:07Z,1810022026-06-20,18100,2026-06-20,SCHEDULED,0,0.0
2026-06-21T05:46:07Z,1810032026-06-20,18100,2026-06-20,SCHEDULED,0,0.0
2026-06-21T05:46:07Z,1810042026-06-20,18100,2026-06-20,SCHEDULED,0,0.0
2026-06-21T05:46:07Z,1812012026-06-20,18120,2026-06-20,SCHEDULED,300,5.0
2026-06-21T05:46:07Z,0062122026-06-21,00621,2026-06-21,SCHEDULED,60,1.0
2026-06-21T05:46:07Z,0062132026-06-21,00621,2026-06-21,SCHEDULED,60,1.0
2026-06-21T05:46:07Z,0062152026-06-21,00621,2026-06-21,SCHEDULED,60,1.0
2026-06-21T05:46:07Z,0062112026-06-21,00621,2026-06-21,SCHEDULED,60,1.0
2026-06-21T05:46:07Z,0062142026-06-21,00621,2026-06-21,SCHEDULED,60,1.0
2026-06-21T05:46:07Z,1503022026-06-20,15030,2026-06-20,SCHEDULED,60,1.0
2026-06-21T05:46:07Z,1248012026-06-20,12480,2026-06-20,SCHEDULED,-60,-1.0
2026-06-21T05:46:07Z,1563222026-06-20,15632,2026-06-20,SCHEDULED,0,0.0
2026-06-21T05:46:07Z,7180012026-06-20,71800,2026-06-20,SCHEDULED,0,0.0
2026-06-21T05:46:07Z,7183012026-06-20,71830,2026-06-20,SCHEDULED,-300,-5.0
2026-06-21T05:46:07Z,0063142026-06-21,00631,2026-06-21,SCHEDULED,0,0.0
2026-06-21T05:46:07Z,0063132026-06-21,00631,2026-06-21,SCHEDULED,0,0.0
2026-06-21T05:46:07Z,0063112026-06-21,00631,2026-06-21,SCHEDULED,0,0.0
2026-06-21T05:46:07Z,0063122026-06-21,00631,2026-06-21,SCHEDULED,0,0.0
2026-06-21T05:46:07Z,1580012026-06-20,15800,2026-06-20,SCHEDULED,360,6.0
2026-06-21T05:46:07Z,0206112026-06-20,02061,2026-06-20,SCHEDULED,720,12.0
2026-06-21T05:46:07Z,1585012026-06-20,15850,2026-06-20,SCHEDULED,240,4.0
2026-06-21T05:46:07Z,0207112026-06-20,02071,2026-06-20,SCHEDULED,240,4.0
2026-06-21T05:46:07Z,1577612026-06-20,15776,2026-06-20,SCHEDULED,60,1.0
2026-06-21T05:46:07Z,0207212026-06-20,02072,2026-06-20,SCHEDULED,0,0.0
2026-06-21T05:46:07Z,1590012026-06-20,15900,2026-06-20,SCHEDULED,120,2.0
2026-06-21T05:46:07Z,0207512026-06-21,02075,2026-06-21,SCHEDULED,720,12.0
2026-06-21T05:46:07Z,1812112026-06-20,18121,2026-06-20,SCHEDULED,-120,-2.0
2026-06-21T05:46:07Z,0227012026-06-20,02270,2026-06-20,SCHEDULED,240,4.0
2026-06-21T05:46:07Z,1812312026-06-20,18123,2026-06-20,SCHEDULED,480,8.0
2026-06-21T05:46:07Z,0207322026-06-20,02073,2026-06-20,SCHEDULED,-60,-1.0
2026-06-21T05:46:07Z,1832122026-06-20,18321,2026-06-20,SCHEDULED,0,0.0
2026-06-21T05:46:07Z,0307322026-06-20,03073,2026-06-20,SCHEDULED,-120,-2.0
2026-06-21T05:46:07Z,0307312026-06-20,03073,2026-06-20,SCHEDULED,-120,-2.0
2026-06-21T05:46:07Z,1833122026-06-20,18331,2026-06-20,SCHEDULED,0,0.0
2026-06-21T05:46:07Z,0331112026-06-20,03311,2026-06-20,SCHEDULED,0,0.0
2026-06-21T05:46:07Z,1781212026-06-20,17812,2026-06-20,SCHEDULED,0,0.0
2026-06-21T05:46:07Z,0408712026-06-21,04087,2026-06-21,SCHEDULED,120,2.0
2026-06-21T05:46:07Z,1890012026-06-20,18900,2026-06-20,SCHEDULED,0,0.0
2026-06-21T05:46:07Z,1503022026-06-20,15030,2026-06-20,SCHEDULED,0,0.0
2026-06-21T05:46:07Z,0506422026-06-20,05064,2026-06-20,SCHEDULED,0,0.0
2026-06-21T05:46:07Z,0506412026-06-20,05064,2026-06-20,SCHEDULED,0,0.0
2026-06-21T05:46:07Z,1503112026-06-20,15031,2026-06-20,SCHEDULED,180,3.0
2026-06-21T05:46:07Z,0507512026-06-20,05075,2026-06-20,SCHEDULED,0,0.0
2026-06-21T05:46:07Z,0527322026-06-20,05273,2026-06-20,SCHEDULED,0,0.0
2026-06-21T05:46:07Z,0566812026-06-20,05668,2026-06-20,SCHEDULED,-60,-1.0
2026-06-21T05:46:07Z,3890612026-06-20,38906,2026-06-20,CANCELED,,
2026-06-21T05:46:07Z,3890712026-06-20,38907,2026-06-20,CANCELED,,
2026-06-21T05:46:07Z,1390912026-06-20,13909,2026-06-20,CANCELED,,
2026-06-21T05:46:07Z,1390812026-06-20,13908,2026-06-20,CANCELED,,
2026-06-21T05:46:07Z,3890812026-06-20,38908,2026-06-20,CANCELED,,
2026-06-21T05:46:07Z,3890912026-06-20,38909,2026-06-20,CANCELED,,
2026-06-21T05:46:07Z,1391012026-06-20,13910,2026-06-20,CANCELED,,
2026-06-21T05:46:07Z,3890512026-06-20,38905,2026-06-20,CANCELED,,
2026-06-21T05:46:07Z,1390712026-06-20,13907,2026-06-20,CANCELED,,
2026-06-21T05:46:07Z,1390512026-06-20,13905,2026-06-20,CANCELED,,
2026-06-21T05:46:07Z,1301512026-06-20,13015,2026-06-20,CANCELED,,
2026-06-21T05:46:07Z,1821522026-06-20,18215,2026-06-20,CANCELED,,
2026-06-21T05:46:07Z,1390212026-06-20,13902,2026-06-20,CANCELED,,
2026-06-21T05:46:07Z,3890212026-06-20,38902,2026-06-20,CANCELED,,
2026-06-21T05:46:07Z,1302032026-06-20,13020,2026-06-20,CANCELED,,
2026-06-21T05:46:07Z,1390612026-06-20,13906,2026-06-20,CANCELED,,
2026-06-21T05:46:07Z,1391112026-06-20,13911,2026-06-20,CANCELED,,
2026-06-21T05:46:07Z,1821422026-06-20,18214,2026-06-20,CANCELED,,
2026-06-21T05:51:09Z,1264412026-06-20,12644,2026-06-20,SCHEDULED,60,1.0
2026-06-21T05:51:09Z,0827512026-06-20,08275,2026-06-20,SCHEDULED,300,5.0
2026-06-21T05:51:09Z,0847512026-06-20,08475,2026-06-20,SCHEDULED,-60,-1.0
2026-06-21T05:51:09Z,1300322026-06-20,13003,2026-06-20,SCHEDULED,420,7.0
2026-06-21T05:51:09Z,0891512026-06-20,08915,2026-06-20,SCHEDULED,60,1.0
2026-06-21T05:51:09Z,1304112026-06-20,13041,2026-06-20,SCHEDULED,-360,-6.0
2026-06-21T05:51:09Z,0907212026-06-20,09072,2026-06-20,SCHEDULED,-180,-3.0
2026-06-21T05:51:09Z,1395112026-06-20,13951,2026-06-20,SCHEDULED,0,0.0
2026-06-21T05:51:09Z,0907312026-06-20,09073,2026-06-20,SCHEDULED,0,0.0
2026-06-21T05:51:09Z,1320312026-06-20,13203,2026-06-20,SCHEDULED,60,1.0
2026-06-21T05:51:09Z,1390012026-06-20,13900,2026-06-20,SCHEDULED,540,9.0
2026-06-21T05:51:09Z,0411422026-06-21,04114,2026-06-21,SCHEDULED,300,5.0
2026-06-21T05:51:09Z,0411412026-06-21,04114,2026-06-21,SCHEDULED,300,5.0
2026-06-21T05:51:09Z,1390112026-06-20,13901,2026-06-20,SCHEDULED,-300,-5.0
2026-06-21T05:51:09Z,0207412026-06-21,02074,2026-06-21,SCHEDULED,-120,-2.0
2026-06-21T05:51:09Z,0436412026-06-20,04364,2026-06-20,SCHEDULED,240,4.0
2026-06-21T05:51:09Z,1412322026-06-21,14123,2026-06-21,SCHEDULED,120,2.0
2026-06-21T05:51:09Z,1412362026-06-20,14123,2026-06-20,SCHEDULED,120,2.0
2026-06-21T05:51:09Z,1412352026-06-20,14123,2026-06-20,SCHEDULED,120,2.0
2026-06-21T05:51:09Z,0418612026-06-21,04186,2026-06-21,SCHEDULED,780,13.0
2026-06-21T05:51:09Z,0418632026-06-21,04186,2026-06-21,SCHEDULED,780,13.0
2026-06-21T05:51:09Z,0418622026-06-21,04186,2026-06-21,SCHEDULED,780,13.0
2026-06-21T05:51:09Z,1521212026-06-20,15212,2026-06-20,SCHEDULED,60,1.0
2026-06-21T05:51:09Z,0109212026-06-20,01092,2026-06-20,SCHEDULED,120,2.0
2026-06-21T05:51:09Z,1562122026-06-20,15621,2026-06-20,SCHEDULED,0,0.0
2026-06-21T05:51:09Z,0053312026-06-21,00533,2026-06-21,SCHEDULED,-120,-2.0
2026-06-21T05:51:09Z,1564812026-06-20,15648,2026-06-20,SCHEDULED,0,0.0
2026-06-21T05:51:09Z,0069712026-06-21,00697,2026-06-21,SCHEDULED,120,2.0
2026-06-21T05:51:09Z,1805412026-06-20,18054,2026-06-20,SCHEDULED,120,2.0
2026-06-21T05:51:09Z,1810022026-06-20,18100,2026-06-20,SCHEDULED,0,0.0
2026-06-21T05:51:09Z,1810032026-06-20,18100,2026-06-20,SCHEDULED,0,0.0
2026-06-21T05:51:09Z,1810042026-06-20,18100,2026-06-20,SCHEDULED,0,0.0
2026-06-21T05:51:09Z,0062122026-06-21,00621,2026-06-21,SCHEDULED,60,1.0
2026-06-21T05:51:09Z,0062132026-06-21,00621,2026-06-21,SCHEDULED,60,1.0
2026-06-21T05:51:09Z,0062152026-06-21,00621,2026-06-21,SCHEDULED,60,1.0
2026-06-21T05:51:09Z,0062112026-06-21,00621,2026-06-21,SCHEDULED,60,1.0
2026-06-21T05:51:09Z,0062142026-06-21,00621,2026-06-21,SCHEDULED,60,1.0
2026-06-21T05:51:09Z,1812012026-06-20,18120,2026-06-20,SCHEDULED,300,5.0
2026-06-21T05:51:09Z,1248012026-06-20,12480,2026-06-20,SCHEDULED,0,0.0
2026-06-21T05:51:09Z,1812112026-06-20,18121,2026-06-20,SCHEDULED,0,0.0
2026-06-21T05:51:09Z,1261312026-06-20,12613,2026-06-20,SCHEDULED,0,0.0
2026-06-21T05:51:09Z,1812312026-06-20,18123,2026-06-20,SCHEDULED,600,10.0
2026-06-21T05:51:09Z,1264112026-06-20,12641,2026-06-20,SCHEDULED,120,2.0
2026-06-21T05:51:09Z,1832122026-06-20,18321,2026-06-20,SCHEDULED,360,6.0
2026-06-21T05:51:09Z,1833122026-06-20,18331,2026-06-20,SCHEDULED,0,0.0
2026-06-21T05:51:09Z,0063142026-06-21,00631,2026-06-21,SCHEDULED,0,0.0
2026-06-21T05:51:09Z,0063132026-06-21,00631,2026-06-21,SCHEDULED,0,0.0
2026-06-21T05:51:09Z,0063112026-06-21,00631,2026-06-21,SCHEDULED,0,0.0
2026-06-21T05:51:09Z,0063122026-06-21,00631,2026-06-21,SCHEDULED,0,0.0
2026-06-21T05:51:09Z,1781212026-06-20,17812,2026-06-20,SCHEDULED,0,0.0
2026-06-21T05:51:09Z,0206112026-06-20,02061,2026-06-20,SCHEDULED,900,15.0
2026-06-21T05:51:09Z,1890012026-06-20,18900,2026-06-20,SCHEDULED,120,2.0
2026-06-21T05:51:09Z,0207112026-06-20,02071,2026-06-20,SCHEDULED,240,4.0
2026-06-21T05:51:09Z,1443522026-06-20,14435,2026-06-20,SCHEDULED,60,1.0
2026-06-21T05:51:09Z,0207212026-06-20,02072,2026-06-20,SCHEDULED,0,0.0
2026-06-21T05:51:09Z,1503022026-06-20,15030,2026-06-20,SCHEDULED,0,0.0
2026-06-21T05:51:09Z,0207512026-06-21,02075,2026-06-21,SCHEDULED,720,12.0
2026-06-21T05:51:09Z,1503112026-06-20,15031,2026-06-20,SCHEDULED,120,2.0
2026-06-21T05:51:09Z,1503022026-06-20,15030,2026-06-20,SCHEDULED,60,1.0
2026-06-21T05:51:09Z,0227012026-06-20,02270,2026-06-20,SCHEDULED,180,3.0
2026-06-21T05:51:09Z,0207322026-06-20,02073,2026-06-20,SCHEDULED,-60,-1.0
2026-06-21T05:51:09Z,1563222026-06-20,15632,2026-06-20,SCHEDULED,0,0.0
2026-06-21T05:51:09Z,7180012026-06-20,71800,2026-06-20,SCHEDULED,0,0.0
2026-06-21T05:51:09Z,7183012026-06-20,71830,2026-06-20,SCHEDULED,180,3.0
2026-06-21T05:51:09Z,0307322026-06-20,03073,2026-06-20,SCHEDULED,-60,-1.0
2026-06-21T05:51:09Z,0307312026-06-20,03073,2026-06-20,SCHEDULED,-60,-1.0
2026-06-21T05:51:09Z,1580012026-06-20,15800,2026-06-20,SCHEDULED,420,7.0
2026-06-21T05:51:09Z,0331112026-06-20,03311,2026-06-20,SCHEDULED,180,3.0
2026-06-21T05:51:09Z,1585012026-06-20,15850,2026-06-20,SCHEDULED,300,5.0
2026-06-21T05:51:09Z,0408712026-06-21,04087,2026-06-21,SCHEDULED,0,0.0
2026-06-21T05:51:09Z,1577612026-06-20,15776,2026-06-20,SCHEDULED,60,1.0
2026-06-21T05:51:09Z,1590012026-06-20,15900,2026-06-20,SCHEDULED,300,5.0
2026-06-21T05:51:09Z,0506422026-06-20,05064,2026-06-20,SCHEDULED,0,0.0
2026-06-21T05:51:09Z,0506412026-06-20,05064,2026-06-20,SCHEDULED,0,0.0
2026-06-21T05:51:09Z,1580012026-06-20,15800,2026-06-20,SCHEDULED,60,1.0
2026-06-21T05:51:09Z,0507512026-06-20,05075,2026-06-20,SCHEDULED,0,0.0
2026-06-21T05:51:09Z,0527322026-06-20,05273,2026-06-20,SCHEDULED,0,0.0
2026-06-21T05:51:09Z,0566812026-06-20,05668,2026-06-20,SCHEDULED,-60,-1.0
2026-06-21T05:51:09Z,0587112026-06-20,05871,2026-06-20,SCHEDULED,60,1.0
2026-06-21T05:51:09Z,3890612026-06-20,38906,2026-06-20,CANCELED,,
2026-06-21T05:51:09Z,3890712026-06-20,38907,2026-06-20,CANCELED,,
2026-06-21T05:51:09Z,1390812026-06-20,13908,2026-06-20,CANCELED,,
2026-06-21T05:51:09Z,1390912026-06-20,13909,2026-06-20,CANCELED,,
2026-06-21T05:51:09Z,3890812026-06-20,38908,2026-06-20,CANCELED,,
2026-06-21T05:51:09Z,3890912026-06-20,38909,2026-06-20,CANCELED,,
2026-06-21T05:51:09Z,1391012026-06-20,13910,2026-06-20,CANCELED,,
2026-06-21T05:51:09Z,3890512026-06-20,38905,2026-06-20,CANCELED,,
2026-06-21T05:51:09Z,1390512026-06-20,13905,2026-06-20,CANCELED,,
2026-06-21T05:51:09Z,1390712026-06-20,13907,2026-06-20,CANCELED,,
2026-06-21T05:51:09Z,1301512026-06-20,13015,2026-06-20,CANCELED,,
2026-06-21T05:51:09Z,1390212026-06-20,13902,2026-06-20,CANCELED,,
2026-06-21T05:51:09Z,1821522026-06-20,18215,2026-06-20,CANCELED,,
2026-06-21T05:51:09Z,3890212026-06-20,38902,2026-06-20,CANCELED,,
2026-06-21T05:51:09Z,1302032026-06-20,13020,2026-06-20,CANCELED,,
2026-06-21T05:51:09Z,1390612026-06-20,13906,2026-06-20,CANCELED,,
2026-06-21T05:51:09Z,1391112026-06-20,13911,2026-06-20,CANCELED,,
2026-06-21T05:51:09Z,1821422026-06-20,18214,2026-06-20,CANCELED,,
2026-06-21T05:56:02Z,0847512026-06-20,08475,2026-06-20,SCHEDULED,-60,-1.0
2026-06-21T05:56:02Z,1562122026-06-20,15621,2026-06-20,SCHEDULED,0,0.0
2026-06-21T05:56:02Z,0891512026-06-20,08915,2026-06-20,SCHEDULED,60,1.0
2026-06-21T05:56:02Z,1564812026-06-20,15648,2026-06-20,SCHEDULED,0,0.0
2026-06-21T05:56:02Z,0907212026-06-20,09072,2026-06-20,SCHEDULED,-120,-2.0
2026-06-21T05:56:02Z,1602612026-06-20,16026,2026-06-20,SCHEDULED,0,0.0
2026-06-21T05:56:02Z,0907312026-06-20,09073,2026-06-20,SCHEDULED,0,0.0
2026-06-21T05:56:02Z,1801812026-06-20,18018,2026-06-20,SCHEDULED,0,0.0
2026-06-21T05:56:02Z,0948012026-06-20,09480,2026-06-20,SCHEDULED,60,1.0
2026-06-21T05:56:02Z,1805412026-06-20,18054,2026-06-20,SCHEDULED,120,2.0
2026-06-21T05:56:02Z,0411422026-06-21,04114,2026-06-21,SCHEDULED,360,6.0
2026-06-21T05:56:02Z,0411412026-06-21,04114,2026-06-21,SCHEDULED,360,6.0
2026-06-21T05:56:02Z,0207412026-06-21,02074,2026-06-21,SCHEDULED,-120,-2.0
2026-06-21T05:56:02Z,1810022026-06-20,18100,2026-06-20,SCHEDULED,60,1.0
2026-06-21T05:56:02Z,1810032026-06-20,18100,2026-06-20,SCHEDULED,60,1.0
2026-06-21T05:56:02Z,1810042026-06-20,18100,2026-06-20,SCHEDULED,60,1.0
2026-06-21T05:56:02Z,0436412026-06-20,04364,2026-06-20,SCHEDULED,240,4.0
2026-06-21T05:56:02Z,1812012026-06-20,18120,2026-06-20,SCHEDULED,180,3.0
2026-06-21T05:56:02Z,1812112026-06-20,18121,2026-06-20,SCHEDULED,0,0.0
2026-06-21T05:56:02Z,1812312026-06-20,18123,2026-06-20,SCHEDULED,660,11.0
2026-06-21T05:56:02Z,0418612026-06-21,04186,2026-06-21,SCHEDULED,780,13.0
2026-06-21T05:56:02Z,0418632026-06-21,04186,2026-06-21,SCHEDULED,780,13.0
2026-06-21T05:56:02Z,0418622026-06-21,04186,2026-06-21,SCHEDULED,780,13.0
2026-06-21T05:56:02Z,1300322026-06-20,13003,2026-06-20,SCHEDULED,360,6.0
2026-06-21T05:56:02Z,0109212026-06-20,01092,2026-06-20,SCHEDULED,0,0.0
2026-06-21T05:56:02Z,1304112026-06-20,13041,2026-06-20,SCHEDULED,-480,-8.0
2026-06-21T05:56:02Z,0053312026-06-21,00533,2026-06-21,SCHEDULED,-60,-1.0
2026-06-21T05:56:02Z,1395112026-06-20,13951,2026-06-20,SCHEDULED,-120,-2.0
2026-06-21T05:56:02Z,0069712026-06-21,00697,2026-06-21,SCHEDULED,180,3.0
2026-06-21T05:56:02Z,1320312026-06-20,13203,2026-06-20,SCHEDULED,0,0.0
2026-06-21T05:56:02Z,1390012026-06-20,13900,2026-06-20,SCHEDULED,1020,17.0
2026-06-21T05:56:02Z,1390112026-06-20,13901,2026-06-20,SCHEDULED,-300,-5.0
2026-06-21T05:56:02Z,0062122026-06-21,00621,2026-06-21,SCHEDULED,60,1.0
2026-06-21T05:56:02Z,0062132026-06-21,00621,2026-06-21,SCHEDULED,60,1.0
2026-06-21T05:56:02Z,0062152026-06-21,00621,2026-06-21,SCHEDULED,60,1.0
2026-06-21T05:56:02Z,0062112026-06-21,00621,2026-06-21,SCHEDULED,60,1.0
2026-06-21T05:56:02Z,0062142026-06-21,00621,2026-06-21,SCHEDULED,60,1.0
2026-06-21T05:56:02Z,1248012026-06-20,12480,2026-06-20,SCHEDULED,-60,-1.0
2026-06-21T05:56:02Z,1412322026-06-21,14123,2026-06-21,SCHEDULED,60,1.0
2026-06-21T05:56:02Z,1412362026-06-20,14123,2026-06-20,SCHEDULED,60,1.0
2026-06-21T05:56:02Z,1412352026-06-20,14123,2026-06-20,SCHEDULED,60,1.0
2026-06-21T05:56:02Z,1261312026-06-20,12613,2026-06-20,SCHEDULED,0,0.0
2026-06-21T05:56:02Z,1264112026-06-20,12641,2026-06-20,SCHEDULED,120,2.0
2026-06-21T05:56:02Z,1500312026-06-20,15003,2026-06-20,SCHEDULED,300,5.0
2026-06-21T05:56:02Z,1264412026-06-20,12644,2026-06-20,SCHEDULED,60,1.0
2026-06-21T05:56:02Z,1521212026-06-20,15212,2026-06-20,SCHEDULED,60,1.0
2026-06-21T05:56:02Z,1296112026-06-20,12961,2026-06-20,SCHEDULED,60,1.0
2026-06-21T05:56:02Z,1563222026-06-20,15632,2026-06-20,SCHEDULED,0,0.0
2026-06-21T05:56:02Z,7180012026-06-20,71800,2026-06-20,SCHEDULED,0,0.0
2026-06-21T05:56:02Z,7183012026-06-20,71830,2026-06-20,SCHEDULED,0,0.0
2026-06-21T05:56:02Z,1580012026-06-20,15800,2026-06-20,SCHEDULED,300,5.0
2026-06-21T05:56:02Z,0063142026-06-21,00631,2026-06-21,SCHEDULED,60,1.0
2026-06-21T05:56:02Z,0063132026-06-21,00631,2026-06-21,SCHEDULED,60,1.0
2026-06-21T05:56:02Z,0063112026-06-21,00631,2026-06-21,SCHEDULED,60,1.0
2026-06-21T05:56:02Z,0063122026-06-21,00631,2026-06-21,SCHEDULED,60,1.0
2026-06-21T05:56:02Z,1585012026-06-20,15850,2026-06-20,SCHEDULED,180,3.0
2026-06-21T05:56:02Z,0206112026-06-20,02061,2026-06-20,SCHEDULED,900,15.0
2026-06-21T05:56:02Z,1577612026-06-20,15776,2026-06-20,SCHEDULED,-60,-1.0
2026-06-21T05:56:02Z,0207112026-06-20,02071,2026-06-20,SCHEDULED,240,4.0
2026-06-21T05:56:02Z,1590012026-06-20,15900,2026-06-20,SCHEDULED,180,3.0
2026-06-21T05:56:02Z,0207212026-06-20,02072,2026-06-20,SCHEDULED,0,0.0
2026-06-21T05:56:02Z,1580012026-06-20,15800,2026-06-20,SCHEDULED,60,1.0
2026-06-21T05:56:02Z,0207512026-06-21,02075,2026-06-21,SCHEDULED,720,12.0
2026-06-21T05:56:02Z,1571812026-06-20,15718,2026-06-20,SCHEDULED,0,0.0
2026-06-21T05:56:02Z,0227012026-06-20,02270,2026-06-20,SCHEDULED,120,2.0
2026-06-21T05:56:02Z,0207322026-06-20,02073,2026-06-20,SCHEDULED,240,4.0
2026-06-21T05:56:02Z,1832122026-06-20,18321,2026-06-20,SCHEDULED,0,0.0
2026-06-21T05:56:02Z,1833122026-06-20,18331,2026-06-20,SCHEDULED,0,0.0
2026-06-21T05:56:02Z,0307322026-06-20,03073,2026-06-20,SCHEDULED,-120,-2.0
2026-06-21T05:56:02Z,0307312026-06-20,03073,2026-06-20,SCHEDULED,-120,-2.0
2026-06-21T05:56:02Z,1781212026-06-20,17812,2026-06-20,SCHEDULED,0,0.0
2026-06-21T05:56:02Z,0331112026-06-20,03311,2026-06-20,SCHEDULED,0,0.0
2026-06-21T05:56:02Z,1890012026-06-20,18900,2026-06-20,SCHEDULED,120,2.0
2026-06-21T05:56:02Z,0408712026-06-21,04087,2026-06-21,SCHEDULED,60,1.0
2026-06-21T05:56:02Z,1443522026-06-20,14435,2026-06-20,SCHEDULED,60,1.0
2026-06-21T05:56:02Z,1503022026-06-20,15030,2026-06-20,SCHEDULED,-60,-1.0
2026-06-21T05:56:02Z,0506422026-06-20,05064,2026-06-20,SCHEDULED,0,0.0
2026-06-21T05:56:02Z,0506412026-06-20,05064,2026-06-20,SCHEDULED,0,0.0
2026-06-21T05:56:02Z,1503112026-06-20,15031,2026-06-20,SCHEDULED,120,2.0
2026-06-21T05:56:02Z,0507512026-06-20,05075,2026-06-20,SCHEDULED,0,0.0
2026-06-21T05:56:02Z,1503022026-06-20,15030,2026-06-20,SCHEDULED,60,1.0
2026-06-21T05:56:02Z,0527322026-06-20,05273,2026-06-20,SCHEDULED,-120,-2.0
2026-06-21T05:56:02Z,0827812026-06-20,08278,2026-06-20,SCHEDULED,0,0.0
2026-06-21T05:56:02Z,0566812026-06-20,05668,2026-06-20,SCHEDULED,60,1.0
2026-06-21T05:56:02Z,0587112026-06-20,05871,2026-06-20,SCHEDULED,0,0.0
2026-06-21T05:56:02Z,0827512026-06-20,08275,2026-06-20,SCHEDULED,300,5.0
2026-06-21T05:56:02Z,3890612026-06-20,38906,2026-06-20,CANCELED,,
2026-06-21T05:56:02Z,3890712026-06-20,38907,2026-06-20,CANCELED,,
2026-06-21T05:56:02Z,1390812026-06-20,13908,2026-06-20,CANCELED,,
2026-06-21T05:56:02Z,1390912026-06-20,13909,2026-06-20,CANCELED,,
2026-06-21T05:56:02Z,3890912026-06-20,38909,2026-06-20,CANCELED,,
2026-06-21T05:56:02Z,3890812026-06-20,38908,2026-06-20,CANCELED,,
2026-06-21T05:56:02Z,3890512026-06-20,38905,2026-06-20,CANCELED,,
2026-06-21T05:56:02Z,1391012026-06-20,13910,2026-06-20,CANCELED,,
2026-06-21T05:56:02Z,1390712026-06-20,13907,2026-06-20,CANCELED,,
2026-06-21T05:56:02Z,1390512026-06-20,13905,2026-06-20,CANCELED,,
2026-06-21T05:56:02Z,1301512026-06-20,13015,2026-06-20,CANCELED,,
2026-06-21T05:56:02Z,1821522026-06-20,18215,2026-06-20,CANCELED,,
2026-06-21T05:56:02Z,1390212026-06-20,13902,2026-06-20,CANCELED,,
2026-06-21T05:56:02Z,1302032026-06-20,13020,2026-06-20,CANCELED,,
2026-06-21T05:56:02Z,3890212026-06-20,38902,2026-06-20,CANCELED,,
2026-06-21T05:56:02Z,1390612026-06-20,13906,2026-06-20,CANCELED,,
2026-06-21T05:56:02Z,1391112026-06-20,13911,2026-06-20,CANCELED,,
2026-06-21T05:56:02Z,1821422026-06-20,18214,2026-06-20,CANCELED,,
2026-06-21T06:01:33Z,0847512026-06-20,08475,2026-06-20,SCHEDULED,-240,-4.0
2026-06-21T06:01:33Z,1300322026-06-20,13003,2026-06-20,SCHEDULED,360,6.0
2026-06-21T06:01:33Z,0891512026-06-20,08915,2026-06-20,SCHEDULED,120,2.0
2026-06-21T06:01:33Z,0907212026-06-20,09072,2026-06-20,SCHEDULED,-120,-2.0
2026-06-21T06:01:33Z,1395112026-06-20,13951,2026-06-20,SCHEDULED,-120,-2.0
2026-06-21T06:01:33Z,0907312026-06-20,09073,2026-06-20,SCHEDULED,0,0.0
2026-06-21T06:01:33Z,1320312026-06-20,13203,2026-06-20,SCHEDULED,0,0.0
2026-06-21T06:01:33Z,0948012026-06-20,09480,2026-06-20,SCHEDULED,60,1.0
2026-06-21T06:01:33Z,1390012026-06-20,13900,2026-06-20,SCHEDULED,1020,17.0
2026-06-21T06:01:33Z,1390112026-06-20,13901,2026-06-20,SCHEDULED,-120,-2.0
2026-06-21T06:01:33Z,0411422026-06-21,04114,2026-06-21,SCHEDULED,420,7.0
2026-06-21T06:01:33Z,0411412026-06-21,04114,2026-06-21,SCHEDULED,420,7.0
2026-06-21T06:01:33Z,0207412026-06-21,02074,2026-06-21,SCHEDULED,-240,-4.0
2026-06-21T06:01:33Z,0436412026-06-20,04364,2026-06-20,SCHEDULED,240,4.0
2026-06-21T06:01:33Z,1412322026-06-21,14123,2026-06-21,SCHEDULED,180,3.0
2026-06-21T06:01:33Z,1412362026-06-20,14123,2026-06-20,SCHEDULED,180,3.0
2026-06-21T06:01:33Z,1412352026-06-20,14123,2026-06-20,SCHEDULED,180,3.0
2026-06-21T06:01:33Z,1500312026-06-20,15003,2026-06-20,SCHEDULED,300,5.0
2026-06-21T06:01:33Z,0418612026-06-21,04186,2026-06-21,SCHEDULED,840,14.0
2026-06-21T06:01:33Z,0418632026-06-21,04186,2026-06-21,SCHEDULED,840,14.0
2026-06-21T06:01:33Z,0418622026-06-21,04186,2026-06-21,SCHEDULED,840,14.0
2026-06-21T06:01:33Z,1562122026-06-20,15621,2026-06-20,SCHEDULED,-120,-2.0
2026-06-21T06:01:33Z,0109212026-06-20,01092,2026-06-20,SCHEDULED,-60,-1.0
2026-06-21T06:01:33Z,1564812026-06-20,15648,2026-06-20,SCHEDULED,0,0.0
2026-06-21T06:01:33Z,0053312026-06-21,00533,2026-06-21,SCHEDULED,-60,-1.0
2026-06-21T06:01:33Z,1602612026-06-20,16026,2026-06-20,SCHEDULED,-60,-1.0
2026-06-21T06:01:33Z,0069712026-06-21,00697,2026-06-21,SCHEDULED,180,3.0
2026-06-21T06:01:33Z,1801812026-06-20,18018,2026-06-20,SCHEDULED,0,0.0
2026-06-21T06:01:33Z,1805412026-06-20,18054,2026-06-20,SCHEDULED,60,1.0
2026-06-21T06:01:33Z,0062122026-06-21,00621,2026-06-21,SCHEDULED,60,1.0
2026-06-21T06:01:33Z,0062132026-06-21,00621,2026-06-21,SCHEDULED,60,1.0
2026-06-21T06:01:33Z,0062152026-06-21,00621,2026-06-21,SCHEDULED,60,1.0
2026-06-21T06:01:33Z,0062112026-06-21,00621,2026-06-21,SCHEDULED,60,1.0
2026-06-21T06:01:33Z,0062142026-06-21,00621,2026-06-21,SCHEDULED,60,1.0
2026-06-21T06:01:33Z,1810022026-06-20,18100,2026-06-20,SCHEDULED,0,0.0
2026-06-21T06:01:33Z,1810032026-06-20,18100,2026-06-20,SCHEDULED,0,0.0
2026-06-21T06:01:33Z,1810042026-06-20,18100,2026-06-20,SCHEDULED,0,0.0
2026-06-21T06:01:33Z,1248012026-06-20,12480,2026-06-20,SCHEDULED,0,0.0
2026-06-21T06:01:33Z,1812012026-06-20,18120,2026-06-20,SCHEDULED,420,7.0
2026-06-21T06:01:33Z,1261312026-06-20,12613,2026-06-20,SCHEDULED,0,0.0
2026-06-21T06:01:33Z,1812112026-06-20,18121,2026-06-20,SCHEDULED,0,0.0
2026-06-21T06:01:33Z,1264112026-06-20,12641,2026-06-20,SCHEDULED,120,2.0
2026-06-21T06:01:33Z,1812312026-06-20,18123,2026-06-20,SCHEDULED,480,8.0
2026-06-21T06:01:33Z,1264412026-06-20,12644,2026-06-20,SCHEDULED,60,1.0
2026-06-21T06:01:33Z,1832122026-06-20,18321,2026-06-20,SCHEDULED,420,7.0
2026-06-21T06:01:33Z,1296112026-06-20,12961,2026-06-20,SCHEDULED,60,1.0
2026-06-21T06:01:33Z,1833122026-06-20,18331,2026-06-20,SCHEDULED,-60,-1.0
2026-06-21T06:01:33Z,1781212026-06-20,17812,2026-06-20,SCHEDULED,0,0.0
2026-06-21T06:01:33Z,1890012026-06-20,18900,2026-06-20,SCHEDULED,180,3.0
2026-06-21T06:01:33Z,0063142026-06-21,00631,2026-06-21,SCHEDULED,0,0.0
2026-06-21T06:01:33Z,0063132026-06-21,00631,2026-06-21,SCHEDULED,0,0.0
2026-06-21T06:01:33Z,0063112026-06-21,00631,2026-06-21,SCHEDULED,0,0.0
2026-06-21T06:01:33Z,0063122026-06-21,00631,2026-06-21,SCHEDULED,0,0.0
2026-06-21T06:01:33Z,1443522026-06-20,14435,2026-06-20,SCHEDULED,60,1.0
2026-06-21T06:01:33Z,0206112026-06-20,02061,2026-06-20,SCHEDULED,960,16.0
2026-06-21T06:01:33Z,1503022026-06-20,15030,2026-06-20,SCHEDULED,60,1.0
2026-06-21T06:01:33Z,0207112026-06-20,02071,2026-06-20,SCHEDULED,360,6.0
2026-06-21T06:01:33Z,0207212026-06-20,02072,2026-06-20,SCHEDULED,-60,-1.0
2026-06-21T06:01:33Z,1503112026-06-20,15031,2026-06-20,SCHEDULED,120,2.0
2026-06-21T06:01:33Z,1503022026-06-20,15030,2026-06-20,SCHEDULED,60,1.0
2026-06-21T06:01:33Z,0207512026-06-21,02075,2026-06-21,SCHEDULED,720,12.0
2026-06-21T06:01:33Z,0827812026-06-20,08278,2026-06-20,SCHEDULED,0,0.0
2026-06-21T06:01:33Z,0227012026-06-20,02270,2026-06-20,SCHEDULED,60,1.0
2026-06-21T06:01:33Z,0207322026-06-20,02073,2026-06-20,SCHEDULED,240,4.0
2026-06-21T06:01:33Z,1443222026-06-20,14432,2026-06-20,SCHEDULED,0,0.0
2026-06-21T06:01:33Z,1563222026-06-20,15632,2026-06-20,SCHEDULED,0,0.0
2026-06-21T06:01:33Z,0307322026-06-20,03073,2026-06-20,SCHEDULED,0,0.0
2026-06-21T06:01:33Z,0307312026-06-20,03073,2026-06-20,SCHEDULED,0,0.0
2026-06-21T06:01:33Z,7180012026-06-20,71800,2026-06-20,SCHEDULED,0,0.0
2026-06-21T06:01:33Z,0331112026-06-20,03311,2026-06-20,SCHEDULED,0,0.0
2026-06-21T06:01:33Z,7183012026-06-20,71830,2026-06-20,SCHEDULED,60,1.0
2026-06-21T06:01:33Z,0408712026-06-21,04087,2026-06-21,SCHEDULED,0,0.0
2026-06-21T06:01:33Z,7183112026-06-20,71831,2026-06-20,SCHEDULED,0,0.0
2026-06-21T06:01:33Z,1580012026-06-20,15800,2026-06-20,SCHEDULED,420,7.0
2026-06-21T06:01:33Z,0506422026-06-20,05064,2026-06-20,SCHEDULED,0,0.0
2026-06-21T06:01:33Z,0506412026-06-20,05064,2026-06-20,SCHEDULED,0,0.0
2026-06-21T06:01:33Z,1585012026-06-20,15850,2026-06-20,SCHEDULED,120,2.0
2026-06-21T06:01:33Z,0507512026-06-20,05075,2026-06-20,SCHEDULED,0,0.0
2026-06-21T06:01:33Z,1577612026-06-20,15776,2026-06-20,SCHEDULED,0,0.0
2026-06-21T06:01:33Z,1590012026-06-20,15900,2026-06-20,SCHEDULED,180,3.0
2026-06-21T06:01:33Z,0527322026-06-20,05273,2026-06-20,SCHEDULED,-120,-2.0
2026-06-21T06:01:33Z,1580012026-06-20,15800,2026-06-20,SCHEDULED,0,0.0
2026-06-21T06:01:33Z,0566812026-06-20,05668,2026-06-20,SCHEDULED,0,0.0
2026-06-21T06:01:33Z,0587112026-06-20,05871,2026-06-20,SCHEDULED,0,0.0
2026-06-21T06:01:33Z,1571812026-06-20,15718,2026-06-20,SCHEDULED,0,0.0
2026-06-21T06:01:33Z,0827512026-06-20,08275,2026-06-20,SCHEDULED,240,4.0
2026-06-21T06:01:33Z,3890712026-06-20,38907,2026-06-20,CANCELED,,
2026-06-21T06:01:33Z,1390912026-06-20,13909,2026-06-20,CANCELED,,
2026-06-21T06:01:33Z,3890912026-06-20,38909,2026-06-20,CANCELED,,
2026-06-21T06:01:33Z,3890512026-06-20,38905,2026-06-20,CANCELED,,
2026-06-21T06:01:33Z,1390712026-06-20,13907,2026-06-20,CANCELED,,
2026-06-21T06:01:33Z,1821522026-06-20,18215,2026-06-20,CANCELED,,
2026-06-21T06:01:33Z,1302032026-06-20,13020,2026-06-20,CANCELED,,
2026-06-21T06:01:33Z,3890612026-06-20,38906,2026-06-20,CANCELED,,
2026-06-21T06:01:33Z,1390812026-06-20,13908,2026-06-20,CANCELED,,
2026-06-21T06:01:33Z,3890812026-06-20,38908,2026-06-20,CANCELED,,
2026-06-21T06:01:33Z,1391012026-06-20,13910,2026-06-20,CANCELED,,
2026-06-21T06:01:33Z,1390512026-06-20,13905,2026-06-20,CANCELED,,
2026-06-21T06:01:33Z,1301512026-06-20,13015,2026-06-20,CANCELED,,
2026-06-21T06:01:33Z,1390212026-06-20,13902,2026-06-20,CANCELED,,
2026-06-21T06:01:33Z,3890212026-06-20,38902,2026-06-20,CANCELED,,
2026-06-21T06:01:33Z,1390612026-06-20,13906,2026-06-20,CANCELED,,
2026-06-21T06:01:33Z,1391112026-06-20,13911,2026-06-20,CANCELED,,
2026-06-21T06:01:33Z,1821422026-06-20,18214,2026-06-20,CANCELED,,
2026-06-21T06:06:02Z,0847512026-06-20,08475,2026-06-20,SCHEDULED,-180,-3.0
2026-06-21T06:06:02Z,1300322026-06-20,13003,2026-06-20,SCHEDULED,360,6.0
2026-06-21T06:06:02Z,0891512026-06-20,08915,2026-06-20,SCHEDULED,120,2.0
2026-06-21T06:06:02Z,1395112026-06-20,13951,2026-06-20,SCHEDULED,-120,-2.0
2026-06-21T06:06:02Z,0907212026-06-20,09072,2026-06-20,SCHEDULED,0,0.0
2026-06-21T06:06:02Z,1320312026-06-20,13203,2026-06-20,SCHEDULED,0,0.0
2026-06-21T06:06:02Z,0907312026-06-20,09073,2026-06-20,SCHEDULED,0,0.0
2026-06-21T06:06:02Z,1390012026-06-20,13900,2026-06-20,SCHEDULED,1020,17.0
2026-06-21T06:06:02Z,0948012026-06-20,09480,2026-06-20,SCHEDULED,0,0.0
2026-06-21T06:06:02Z,1390112026-06-20,13901,2026-06-20,SCHEDULED,-120,-2.0
2026-06-21T06:06:02Z,0411422026-06-21,04114,2026-06-21,SCHEDULED,420,7.0
2026-06-21T06:06:02Z,0411412026-06-21,04114,2026-06-21,SCHEDULED,420,7.0
2026-06-21T06:06:02Z,0207412026-06-21,02074,2026-06-21,SCHEDULED,-60,-1.0
2026-06-21T06:06:02Z,1412322026-06-21,14123,2026-06-21,SCHEDULED,180,3.0
2026-06-21T06:06:02Z,1412362026-06-20,14123,2026-06-20,SCHEDULED,180,3.0
2026-06-21T06:06:02Z,1412352026-06-20,14123,2026-06-20,SCHEDULED,180,3.0
2026-06-21T06:06:02Z,0436412026-06-20,04364,2026-06-20,SCHEDULED,240,4.0
2026-06-21T06:06:02Z,1500312026-06-20,15003,2026-06-20,SCHEDULED,240,4.0
2026-06-21T06:06:02Z,1562122026-06-20,15621,2026-06-20,SCHEDULED,0,0.0
2026-06-21T06:06:02Z,1564812026-06-20,15648,2026-06-20,SCHEDULED,0,0.0
2026-06-21T06:06:02Z,0418612026-06-21,04186,2026-06-21,SCHEDULED,840,14.0
2026-06-21T06:06:02Z,0418632026-06-21,04186,2026-06-21,SCHEDULED,840,14.0
2026-06-21T06:06:02Z,0418622026-06-21,04186,2026-06-21,SCHEDULED,840,14.0
2026-06-21T06:06:02Z,1602612026-06-20,16026,2026-06-20,SCHEDULED,0,0.0
2026-06-21T06:06:02Z,0109212026-06-20,01092,2026-06-20,SCHEDULED,-60,-1.0
2026-06-21T06:06:02Z,1801812026-06-20,18018,2026-06-20,SCHEDULED,-60,-1.0
2026-06-21T06:06:02Z,0053312026-06-21,00533,2026-06-21,SCHEDULED,360,6.0
2026-06-21T06:06:02Z,1805412026-06-20,18054,2026-06-20,SCHEDULED,0,0.0
2026-06-21T06:06:02Z,0027622026-06-21,00276,2026-06-21,SCHEDULED,0,0.0
2026-06-21T06:06:02Z,0027612026-06-21,00276,2026-06-21,SCHEDULED,0,0.0
2026-06-21T06:06:02Z,0069712026-06-21,00697,2026-06-21,SCHEDULED,240,4.0
2026-06-21T06:06:02Z,1810022026-06-20,18100,2026-06-20,SCHEDULED,120,2.0
2026-06-21T06:06:02Z,1810032026-06-20,18100,2026-06-20,SCHEDULED,120,2.0
2026-06-21T06:06:02Z,1810042026-06-20,18100,2026-06-20,SCHEDULED,120,2.0
2026-06-21T06:06:02Z,1812012026-06-20,18120,2026-06-20,SCHEDULED,540,9.0
2026-06-21T06:06:02Z,1812112026-06-20,18121,2026-06-20,SCHEDULED,0,0.0
2026-06-21T06:06:02Z,1812312026-06-20,18123,2026-06-20,SCHEDULED,540,9.0
2026-06-21T06:06:02Z,0062122026-06-21,00621,2026-06-21,SCHEDULED,60,1.0
2026-06-21T06:06:02Z,0062132026-06-21,00621,2026-06-21,SCHEDULED,60,1.0
2026-06-21T06:06:02Z,0062152026-06-21,00621,2026-06-21,SCHEDULED,60,1.0
2026-06-21T06:06:02Z,0062112026-06-21,00621,2026-06-21,SCHEDULED,60,1.0
2026-06-21T06:06:02Z,0062142026-06-21,00621,2026-06-21,SCHEDULED,60,1.0
2026-06-21T06:06:02Z,1832122026-06-20,18321,2026-06-20,SCHEDULED,420,7.0
2026-06-21T06:06:02Z,1248012026-06-20,12480,2026-06-20,SCHEDULED,0,0.0
2026-06-21T06:06:02Z,1261312026-06-20,12613,2026-06-20,SCHEDULED,120,2.0
2026-06-21T06:06:02Z,1833122026-06-20,18331,2026-06-20,SCHEDULED,-60,-1.0
2026-06-21T06:06:02Z,1264112026-06-20,12641,2026-06-20,SCHEDULED,120,2.0
2026-06-21T06:06:02Z,1781212026-06-20,17812,2026-06-20,SCHEDULED,0,0.0
2026-06-21T06:06:02Z,1264412026-06-20,12644,2026-06-20,SCHEDULED,60,1.0
2026-06-21T06:06:02Z,1890012026-06-20,18900,2026-06-20,SCHEDULED,180,3.0
2026-06-21T06:06:02Z,1296112026-06-20,12961,2026-06-20,SCHEDULED,0,0.0
2026-06-21T06:06:02Z,1443522026-06-20,14435,2026-06-20,SCHEDULED,360,6.0
2026-06-21T06:06:02Z,1503022026-06-20,15030,2026-06-20,SCHEDULED,60,1.0
2026-06-21T06:06:02Z,1503112026-06-20,15031,2026-06-20,SCHEDULED,0,0.0
2026-06-21T06:06:02Z,1503212026-06-20,15032,2026-06-20,SCHEDULED,0,0.0
2026-06-21T06:06:02Z,0063142026-06-21,00631,2026-06-21,SCHEDULED,120,2.0
2026-06-21T06:06:02Z,0063132026-06-21,00631,2026-06-21,SCHEDULED,120,2.0
2026-06-21T06:06:02Z,0063112026-06-21,00631,2026-06-21,SCHEDULED,120,2.0
2026-06-21T06:06:02Z,0063122026-06-21,00631,2026-06-21,SCHEDULED,120,2.0
2026-06-21T06:06:02Z,1503022026-06-20,15030,2026-06-20,SCHEDULED,60,1.0
2026-06-21T06:06:02Z,0206112026-06-20,02061,2026-06-20,SCHEDULED,1020,17.0
2026-06-21T06:06:02Z,0827812026-06-20,08278,2026-06-20,SCHEDULED,0,0.0
2026-06-21T06:06:02Z,0207112026-06-20,02071,2026-06-20,SCHEDULED,420,7.0
2026-06-21T06:06:02Z,0207212026-06-20,02072,2026-06-20,SCHEDULED,-120,-2.0
2026-06-21T06:06:02Z,1443222026-06-20,14432,2026-06-20,SCHEDULED,0,0.0
2026-06-21T06:06:02Z,0207512026-06-21,02075,2026-06-21,SCHEDULED,720,12.0
2026-06-21T06:06:02Z,0227012026-06-20,02270,2026-06-20,SCHEDULED,60,1.0
2026-06-21T06:06:02Z,1563222026-06-20,15632,2026-06-20,SCHEDULED,60,1.0
2026-06-21T06:06:02Z,0207322026-06-20,02073,2026-06-20,SCHEDULED,360,6.0
2026-06-21T06:06:02Z,1402012026-06-20,14020,2026-06-20,SCHEDULED,60,1.0
2026-06-21T06:06:02Z,7180012026-06-20,71800,2026-06-20,SCHEDULED,0,0.0
2026-06-21T06:06:02Z,7183012026-06-20,71830,2026-06-20,SCHEDULED,120,2.0
2026-06-21T06:06:02Z,0307322026-06-20,03073,2026-06-20,SCHEDULED,0,0.0
2026-06-21T06:06:02Z,0307312026-06-20,03073,2026-06-20,SCHEDULED,0,0.0
2026-06-21T06:06:02Z,7183112026-06-20,71831,2026-06-20,SCHEDULED,0,0.0
2026-06-21T06:06:02Z,0308212026-06-20,03082,2026-06-20,SCHEDULED,-60,-1.0
2026-06-21T06:06:02Z,1580012026-06-20,15800,2026-06-20,SCHEDULED,600,10.0
2026-06-21T06:06:02Z,0331112026-06-20,03311,2026-06-20,SCHEDULED,0,0.0
2026-06-21T06:06:02Z,1585012026-06-20,15850,2026-06-20,SCHEDULED,120,2.0
2026-06-21T06:06:02Z,0408712026-06-21,04087,2026-06-21,SCHEDULED,0,0.0
2026-06-21T06:06:02Z,1577612026-06-20,15776,2026-06-20,SCHEDULED,240,4.0
2026-06-21T06:06:02Z,0506422026-06-20,05064,2026-06-20,SCHEDULED,0,0.0
2026-06-21T06:06:02Z,0506412026-06-20,05064,2026-06-20,SCHEDULED,0,0.0
2026-06-21T06:06:02Z,1590012026-06-20,15900,2026-06-20,SCHEDULED,300,5.0
2026-06-21T06:06:02Z,0507512026-06-20,05075,2026-06-20,SCHEDULED,0,0.0
2026-06-21T06:06:02Z,1580012026-06-20,15800,2026-06-20,SCHEDULED,0,0.0
2026-06-21T06:06:02Z,0527322026-06-20,05273,2026-06-20,SCHEDULED,-120,-2.0
2026-06-21T06:06:02Z,1571812026-06-20,15718,2026-06-20,SCHEDULED,0,0.0
2026-06-21T06:06:02Z,0566812026-06-20,05668,2026-06-20,SCHEDULED,0,0.0
2026-06-21T06:06:02Z,0587112026-06-20,05871,2026-06-20,SCHEDULED,60,1.0
2026-06-21T06:06:02Z,0827512026-06-20,08275,2026-06-20,SCHEDULED,240,4.0
2026-06-21T06:06:02Z,3890612026-06-20,38906,2026-06-20,CANCELED,,
2026-06-21T06:06:02Z,3890712026-06-20,38907,2026-06-20,CANCELED,,
2026-06-21T06:06:02Z,1390812026-06-20,13908,2026-06-20,CANCELED,,
2026-06-21T06:06:02Z,1390912026-06-20,13909,2026-06-20,CANCELED,,
2026-06-21T06:06:02Z,3890812026-06-20,38908,2026-06-20,CANCELED,,
2026-06-21T06:06:02Z,3890912026-06-20,38909,2026-06-20,CANCELED,,
2026-06-21T06:06:02Z,1391012026-06-20,13910,2026-06-20,CANCELED,,
2026-06-21T06:06:02Z,3890512026-06-20,38905,2026-06-20,CANCELED,,
2026-06-21T06:06:02Z,1390512026-06-20,13905,2026-06-20,CANCELED,,
2026-06-21T06:06:02Z,1390712026-06-20,13907,2026-06-20,CANCELED,,
2026-06-21T06:06:02Z,1301512026-06-20,13015,2026-06-20,CANCELED,,
2026-06-21T06:06:02Z,1390212026-06-20,13902,2026-06-20,CANCELED,,
2026-06-21T06:06:02Z,1821522026-06-20,18215,2026-06-20,CANCELED,,
2026-06-21T06:06:02Z,3890212026-06-20,38902,2026-06-20,CANCELED,,
2026-06-21T06:06:02Z,1302032026-06-20,13020,2026-06-20,CANCELED,,
2026-06-21T06:06:02Z,1390612026-06-20,13906,2026-06-20,CANCELED,,
2026-06-21T06:06:02Z,1391112026-06-20,13911,2026-06-20,CANCELED,,
2026-06-21T06:06:02Z,1821422026-06-20,18214,2026-06-20,CANCELED,,
