timestamp_utc,trip_id,tren,fecha_tren,estado,retraso_seg,retraso_min
2026-06-22T00:01:28Z,3890912026-06-20,38909,2026-06-20,CANCELED,,
2026-06-22T00:01:28Z,1390812026-06-20,13908,2026-06-20,CANCELED,,
2026-06-22T00:01:28Z,3890912026-06-20,38909,2026-06-20,CANCELED,,
2026-06-22T00:01:28Z,1390812026-06-20,13908,2026-06-20,CANCELED,,
2026-06-22T00:01:28Z,1720112026-06-20,17201,2026-06-20,CANCELED,,
2026-06-22T00:01:28Z,3890812026-06-20,38908,2026-06-20,CANCELED,,
2026-06-22T00:01:28Z,3830112026-06-20,38301,2026-06-20,CANCELED,,
2026-06-22T00:01:28Z,3890812026-06-20,38908,2026-06-20,CANCELED,,
2026-06-22T00:01:28Z,1390512026-06-20,13905,2026-06-20,CANCELED,,
2026-06-22T00:01:28Z,1390912026-06-20,13909,2026-06-20,CANCELED,,
2026-06-22T00:01:28Z,3890512026-06-20,38905,2026-06-20,CANCELED,,
2026-06-22T00:01:28Z,1390912026-06-20,13909,2026-06-20,CANCELED,,
2026-06-22T00:01:28Z,0478612026-06-22,04786,2026-06-22,CANCELED,,
2026-06-22T00:01:28Z,1821812026-06-20,18218,2026-06-20,CANCELED,,
2026-06-22T00:01:28Z,1305112026-06-20,13051,2026-06-20,CANCELED,,
2026-06-22T00:01:28Z,1877012026-06-20,18770,2026-06-20,CANCELED,,
2026-06-22T00:01:28Z,1390212026-06-20,13902,2026-06-20,CANCELED,,
2026-06-22T00:01:28Z,3890212026-06-20,38902,2026-06-20,CANCELED,,
2026-06-22T00:01:28Z,1302012026-06-20,13020,2026-06-20,CANCELED,,
2026-06-22T00:01:28Z,7185512026-06-20,71855,2026-06-20,CANCELED,,
2026-06-22T00:01:28Z,1802712026-06-20,18027,2026-06-20,CANCELED,,
2026-06-22T00:01:28Z,1821412026-06-20,18214,2026-06-20,CANCELED,,
2026-06-22T00:01:28Z,1821512026-06-20,18215,2026-06-20,CANCELED,,
2026-06-22T00:06:02Z,3890912026-06-21,38909,2026-06-21,CANCELED,,
2026-06-22T00:06:02Z,1390812026-06-21,13908,2026-06-21,CANCELED,,
2026-06-22T00:06:02Z,3890912026-06-21,38909,2026-06-21,CANCELED,,
2026-06-22T00:06:02Z,1390812026-06-21,13908,2026-06-21,CANCELED,,
2026-06-22T00:06:02Z,1720112026-06-21,17201,2026-06-21,CANCELED,,
2026-06-22T00:06:02Z,3890812026-06-21,38908,2026-06-21,CANCELED,,
2026-06-22T00:06:02Z,3830112026-06-21,38301,2026-06-21,CANCELED,,
2026-06-22T00:06:02Z,3890812026-06-21,38908,2026-06-21,CANCELED,,
2026-06-22T00:06:02Z,1390512026-06-21,13905,2026-06-21,CANCELED,,
2026-06-22T00:06:02Z,1390912026-06-21,13909,2026-06-21,CANCELED,,
2026-06-22T00:06:02Z,3890512026-06-21,38905,2026-06-21,CANCELED,,
2026-06-22T00:06:02Z,1390912026-06-21,13909,2026-06-21,CANCELED,,
2026-06-22T00:06:02Z,0478612026-06-22,04786,2026-06-22,CANCELED,,
2026-06-22T00:06:02Z,1821812026-06-21,18218,2026-06-21,CANCELED,,
2026-06-22T00:06:02Z,1305112026-06-21,13051,2026-06-21,CANCELED,,
2026-06-22T00:06:02Z,1877012026-06-21,18770,2026-06-21,CANCELED,,
2026-06-22T00:06:02Z,1390212026-06-21,13902,2026-06-21,CANCELED,,
2026-06-22T00:06:02Z,1302012026-06-21,13020,2026-06-21,CANCELED,,
2026-06-22T00:06:02Z,3890212026-06-21,38902,2026-06-21,CANCELED,,
2026-06-22T00:06:02Z,7185512026-06-21,71855,2026-06-21,CANCELED,,
2026-06-22T00:06:02Z,1802712026-06-21,18027,2026-06-21,CANCELED,,
2026-06-22T00:06:02Z,1821412026-06-21,18214,2026-06-21,CANCELED,,
2026-06-22T00:06:02Z,1821512026-06-21,18215,2026-06-21,CANCELED,,
2026-06-22T00:11:07Z,1390812026-06-21,13908,2026-06-21,CANCELED,,
2026-06-22T00:11:07Z,3890912026-06-21,38909,2026-06-21,CANCELED,,
2026-06-22T00:11:07Z,1390812026-06-21,13908,2026-06-21,CANCELED,,
2026-06-22T00:11:07Z,3890912026-06-21,38909,2026-06-21,CANCELED,,
2026-06-22T00:11:07Z,3890812026-06-21,38908,2026-06-21,CANCELED,,
2026-06-22T00:11:07Z,1720112026-06-21,17201,2026-06-21,CANCELED,,
2026-06-22T00:11:07Z,3890812026-06-21,38908,2026-06-21,CANCELED,,
2026-06-22T00:11:07Z,3830112026-06-21,38301,2026-06-21,CANCELED,,
2026-06-22T00:11:07Z,1390512026-06-21,13905,2026-06-21,CANCELED,,
2026-06-22T00:11:07Z,3890512026-06-21,38905,2026-06-21,CANCELED,,
2026-06-22T00:11:07Z,1390912026-06-21,13909,2026-06-21,CANCELED,,
2026-06-22T00:11:07Z,1390912026-06-21,13909,2026-06-21,CANCELED,,
2026-06-22T00:11:07Z,0478612026-06-22,04786,2026-06-22,CANCELED,,
2026-06-22T00:11:07Z,1821812026-06-21,18218,2026-06-21,CANCELED,,
2026-06-22T00:11:07Z,1305112026-06-21,13051,2026-06-21,CANCELED,,
2026-06-22T00:11:07Z,1877012026-06-21,18770,2026-06-21,CANCELED,,
2026-06-22T00:11:07Z,1390212026-06-21,13902,2026-06-21,CANCELED,,
2026-06-22T00:11:07Z,3890212026-06-21,38902,2026-06-21,CANCELED,,
2026-06-22T00:11:07Z,1302012026-06-21,13020,2026-06-21,CANCELED,,
2026-06-22T00:11:07Z,7185512026-06-21,71855,2026-06-21,CANCELED,,
2026-06-22T00:11:07Z,1802712026-06-21,18027,2026-06-21,CANCELED,,
2026-06-22T00:11:07Z,1821412026-06-21,18214,2026-06-21,CANCELED,,
2026-06-22T00:11:07Z,1821512026-06-21,18215,2026-06-21,CANCELED,,
2026-06-22T00:16:06Z,3890912026-06-21,38909,2026-06-21,CANCELED,,
2026-06-22T00:16:06Z,1390812026-06-21,13908,2026-06-21,CANCELED,,
2026-06-22T00:16:06Z,1390812026-06-21,13908,2026-06-21,CANCELED,,
2026-06-22T00:16:06Z,3890912026-06-21,38909,2026-06-21,CANCELED,,
2026-06-22T00:16:06Z,3890812026-06-21,38908,2026-06-21,CANCELED,,
2026-06-22T00:16:06Z,3890812026-06-21,38908,2026-06-21,CANCELED,,
2026-06-22T00:16:06Z,1720112026-06-21,17201,2026-06-21,CANCELED,,
2026-06-22T00:16:06Z,1390512026-06-21,13905,2026-06-21,CANCELED,,
2026-06-22T00:16:06Z,3830112026-06-21,38301,2026-06-21,CANCELED,,
2026-06-22T00:16:06Z,3890512026-06-21,38905,2026-06-21,CANCELED,,
2026-06-22T00:16:06Z,1390912026-06-21,13909,2026-06-21,CANCELED,,
2026-06-22T00:16:06Z,0478612026-06-22,04786,2026-06-22,CANCELED,,
2026-06-22T00:16:06Z,1390912026-06-21,13909,2026-06-21,CANCELED,,
2026-06-22T00:16:06Z,1305112026-06-21,13051,2026-06-21,CANCELED,,
2026-06-22T00:16:06Z,1390212026-06-21,13902,2026-06-21,CANCELED,,
2026-06-22T00:16:06Z,1821812026-06-21,18218,2026-06-21,CANCELED,,
2026-06-22T00:16:06Z,3890212026-06-21,38902,2026-06-21,CANCELED,,
2026-06-22T00:16:06Z,1877012026-06-21,18770,2026-06-21,CANCELED,,
2026-06-22T00:16:06Z,1802712026-06-21,18027,2026-06-21,CANCELED,,
2026-06-22T00:16:06Z,1302012026-06-21,13020,2026-06-21,CANCELED,,
2026-06-22T00:16:06Z,7185512026-06-21,71855,2026-06-21,CANCELED,,
2026-06-22T00:16:06Z,1821412026-06-21,18214,2026-06-21,CANCELED,,
2026-06-22T00:16:06Z,1821512026-06-21,18215,2026-06-21,CANCELED,,
2026-06-22T00:21:09Z,3890912026-06-21,38909,2026-06-21,CANCELED,,
2026-06-22T00:21:09Z,1390812026-06-21,13908,2026-06-21,CANCELED,,
2026-06-22T00:21:09Z,3890912026-06-21,38909,2026-06-21,CANCELED,,
2026-06-22T00:21:09Z,1390812026-06-21,13908,2026-06-21,CANCELED,,
2026-06-22T00:21:09Z,1720112026-06-21,17201,2026-06-21,CANCELED,,
2026-06-22T00:21:09Z,3890812026-06-21,38908,2026-06-21,CANCELED,,
2026-06-22T00:21:09Z,3830112026-06-21,38301,2026-06-21,CANCELED,,
2026-06-22T00:21:09Z,3890812026-06-21,38908,2026-06-21,CANCELED,,
2026-06-22T00:21:09Z,1390512026-06-21,13905,2026-06-21,CANCELED,,
2026-06-22T00:21:09Z,1390912026-06-21,13909,2026-06-21,CANCELED,,
2026-06-22T00:21:09Z,1390912026-06-21,13909,2026-06-21,CANCELED,,
2026-06-22T00:21:09Z,3890512026-06-21,38905,2026-06-21,CANCELED,,
2026-06-22T00:21:09Z,1821812026-06-21,18218,2026-06-21,CANCELED,,
2026-06-22T00:21:09Z,0478612026-06-22,04786,2026-06-22,CANCELED,,
2026-06-22T00:21:09Z,1877012026-06-21,18770,2026-06-21,CANCELED,,
2026-06-22T00:21:09Z,1305112026-06-21,13051,2026-06-21,CANCELED,,
2026-06-22T00:21:09Z,1390212026-06-21,13902,2026-06-21,CANCELED,,
2026-06-22T00:21:09Z,1302012026-06-21,13020,2026-06-21,CANCELED,,
2026-06-22T00:21:09Z,3890212026-06-21,38902,2026-06-21,CANCELED,,
2026-06-22T00:21:09Z,7185512026-06-21,71855,2026-06-21,CANCELED,,
2026-06-22T00:21:09Z,1802712026-06-21,18027,2026-06-21,CANCELED,,
2026-06-22T00:21:09Z,1821412026-06-21,18214,2026-06-21,CANCELED,,
2026-06-22T00:21:09Z,1821512026-06-21,18215,2026-06-21,CANCELED,,
2026-06-22T00:26:06Z,1390812026-06-21,13908,2026-06-21,CANCELED,,
2026-06-22T00:26:06Z,3890912026-06-21,38909,2026-06-21,CANCELED,,
2026-06-22T00:26:06Z,1390812026-06-21,13908,2026-06-21,CANCELED,,
2026-06-22T00:26:06Z,3890912026-06-21,38909,2026-06-21,CANCELED,,
2026-06-22T00:26:06Z,3890812026-06-21,38908,2026-06-21,CANCELED,,
2026-06-22T00:26:06Z,1720112026-06-21,17201,2026-06-21,CANCELED,,
2026-06-22T00:26:06Z,3890812026-06-21,38908,2026-06-21,CANCELED,,
2026-06-22T00:26:06Z,3830112026-06-21,38301,2026-06-21,CANCELED,,
2026-06-22T00:26:06Z,1390512026-06-21,13905,2026-06-21,CANCELED,,
2026-06-22T00:26:06Z,3890512026-06-21,38905,2026-06-21,CANCELED,,
2026-06-22T00:26:06Z,1390912026-06-21,13909,2026-06-21,CANCELED,,
2026-06-22T00:26:06Z,0478612026-06-22,04786,2026-06-22,CANCELED,,
2026-06-22T00:26:06Z,1390912026-06-21,13909,2026-06-21,CANCELED,,
2026-06-22T00:26:06Z,1305112026-06-21,13051,2026-06-21,CANCELED,,
2026-06-22T00:26:06Z,1821812026-06-21,18218,2026-06-21,CANCELED,,
2026-06-22T00:26:06Z,1390212026-06-21,13902,2026-06-21,CANCELED,,
2026-06-22T00:26:06Z,1877012026-06-21,18770,2026-06-21,CANCELED,,
2026-06-22T00:26:06Z,3890212026-06-21,38902,2026-06-21,CANCELED,,
2026-06-22T00:26:06Z,1302012026-06-21,13020,2026-06-21,CANCELED,,
2026-06-22T00:26:06Z,7185512026-06-21,71855,2026-06-21,CANCELED,,
2026-06-22T00:26:06Z,1802712026-06-21,18027,2026-06-21,CANCELED,,
2026-06-22T00:26:06Z,1821412026-06-21,18214,2026-06-21,CANCELED,,
2026-06-22T00:26:06Z,1821512026-06-21,18215,2026-06-21,CANCELED,,
2026-06-22T00:31:18Z,1390812026-06-21,13908,2026-06-21,CANCELED,,
2026-06-22T00:31:18Z,3890912026-06-21,38909,2026-06-21,CANCELED,,
2026-06-22T00:31:18Z,1390812026-06-21,13908,2026-06-21,CANCELED,,
2026-06-22T00:31:18Z,3890912026-06-21,38909,2026-06-21,CANCELED,,
2026-06-22T00:31:18Z,3890812026-06-21,38908,2026-06-21,CANCELED,,
2026-06-22T00:31:18Z,1720112026-06-21,17201,2026-06-21,CANCELED,,
2026-06-22T00:31:18Z,3890812026-06-21,38908,2026-06-21,CANCELED,,
2026-06-22T00:31:18Z,3830112026-06-21,38301,2026-06-21,CANCELED,,
2026-06-22T00:31:18Z,1390512026-06-21,13905,2026-06-21,CANCELED,,
2026-06-22T00:31:18Z,1390912026-06-21,13909,2026-06-21,CANCELED,,
2026-06-22T00:31:18Z,3890512026-06-21,38905,2026-06-21,CANCELED,,
2026-06-22T00:31:18Z,1390912026-06-21,13909,2026-06-21,CANCELED,,
2026-06-22T00:31:18Z,0478612026-06-22,04786,2026-06-22,CANCELED,,
2026-06-22T00:31:18Z,1305112026-06-21,13051,2026-06-21,CANCELED,,
2026-06-22T00:31:18Z,1821812026-06-21,18218,2026-06-21,CANCELED,,
2026-06-22T00:31:18Z,1390212026-06-21,13902,2026-06-21,CANCELED,,
2026-06-22T00:31:18Z,1877012026-06-21,18770,2026-06-21,CANCELED,,
2026-06-22T00:31:18Z,3890212026-06-21,38902,2026-06-21,CANCELED,,
2026-06-22T00:31:18Z,1302012026-06-21,13020,2026-06-21,CANCELED,,
2026-06-22T00:31:18Z,7185512026-06-21,71855,2026-06-21,CANCELED,,
2026-06-22T00:31:18Z,1802712026-06-21,18027,2026-06-21,CANCELED,,
2026-06-22T00:31:18Z,1821412026-06-21,18214,2026-06-21,CANCELED,,
2026-06-22T00:31:18Z,1821512026-06-21,18215,2026-06-21,CANCELED,,
2026-06-22T00:36:05Z,3890912026-06-21,38909,2026-06-21,CANCELED,,
2026-06-22T00:36:05Z,1390812026-06-21,13908,2026-06-21,CANCELED,,
2026-06-22T00:36:05Z,3890912026-06-21,38909,2026-06-21,CANCELED,,
2026-06-22T00:36:05Z,1390812026-06-21,13908,2026-06-21,CANCELED,,
2026-06-22T00:36:05Z,1720112026-06-21,17201,2026-06-21,CANCELED,,
2026-06-22T00:36:05Z,3890812026-06-21,38908,2026-06-21,CANCELED,,
2026-06-22T00:36:05Z,3830112026-06-21,38301,2026-06-21,CANCELED,,
2026-06-22T00:36:05Z,3890812026-06-21,38908,2026-06-21,CANCELED,,
2026-06-22T00:36:05Z,1390512026-06-21,13905,2026-06-21,CANCELED,,
2026-06-22T00:36:05Z,1390912026-06-21,13909,2026-06-21,CANCELED,,
2026-06-22T00:36:05Z,3890512026-06-21,38905,2026-06-21,CANCELED,,
2026-06-22T00:36:05Z,1390912026-06-21,13909,2026-06-21,CANCELED,,
2026-06-22T00:36:05Z,0478612026-06-22,04786,2026-06-22,CANCELED,,
2026-06-22T00:36:05Z,1305112026-06-21,13051,2026-06-21,CANCELED,,
2026-06-22T00:36:05Z,1821812026-06-21,18218,2026-06-21,CANCELED,,
2026-06-22T00:36:05Z,1390212026-06-21,13902,2026-06-21,CANCELED,,
2026-06-22T00:36:05Z,1877012026-06-21,18770,2026-06-21,CANCELED,,
2026-06-22T00:36:05Z,3890212026-06-21,38902,2026-06-21,CANCELED,,
2026-06-22T00:36:05Z,1302012026-06-21,13020,2026-06-21,CANCELED,,
2026-06-22T00:36:05Z,7185512026-06-21,71855,2026-06-21,CANCELED,,
2026-06-22T00:36:05Z,1802712026-06-21,18027,2026-06-21,CANCELED,,
2026-06-22T00:36:05Z,1821412026-06-21,18214,2026-06-21,CANCELED,,
2026-06-22T00:36:05Z,1821512026-06-21,18215,2026-06-21,CANCELED,,
2026-06-22T00:41:07Z,1390812026-06-21,13908,2026-06-21,CANCELED,,
2026-06-22T00:41:07Z,3890912026-06-21,38909,2026-06-21,CANCELED,,
2026-06-22T00:41:07Z,1390812026-06-21,13908,2026-06-21,CANCELED,,
2026-06-22T00:41:07Z,3890912026-06-21,38909,2026-06-21,CANCELED,,
2026-06-22T00:41:07Z,3890812026-06-21,38908,2026-06-21,CANCELED,,
2026-06-22T00:41:07Z,1720112026-06-21,17201,2026-06-21,CANCELED,,
2026-06-22T00:41:07Z,3890812026-06-21,38908,2026-06-21,CANCELED,,
2026-06-22T00:41:07Z,3830112026-06-21,38301,2026-06-21,CANCELED,,
2026-06-22T00:41:07Z,1390512026-06-21,13905,2026-06-21,CANCELED,,
2026-06-22T00:41:07Z,3890512026-06-21,38905,2026-06-21,CANCELED,,
2026-06-22T00:41:07Z,1390912026-06-21,13909,2026-06-21,CANCELED,,
2026-06-22T00:41:07Z,1390912026-06-21,13909,2026-06-21,CANCELED,,
2026-06-22T00:41:07Z,0478612026-06-22,04786,2026-06-22,CANCELED,,
2026-06-22T00:41:07Z,1305112026-06-21,13051,2026-06-21,CANCELED,,
2026-06-22T00:41:07Z,1821812026-06-21,18218,2026-06-21,CANCELED,,
2026-06-22T00:41:07Z,1390212026-06-21,13902,2026-06-21,CANCELED,,
2026-06-22T00:41:07Z,1877012026-06-21,18770,2026-06-21,CANCELED,,
2026-06-22T00:41:07Z,3890212026-06-21,38902,2026-06-21,CANCELED,,
2026-06-22T00:41:07Z,1302012026-06-21,13020,2026-06-21,CANCELED,,
2026-06-22T00:41:07Z,7185512026-06-21,71855,2026-06-21,CANCELED,,
2026-06-22T00:41:07Z,1802712026-06-21,18027,2026-06-21,CANCELED,,
2026-06-22T00:41:07Z,1821412026-06-21,18214,2026-06-21,CANCELED,,
2026-06-22T00:41:07Z,1821512026-06-21,18215,2026-06-21,CANCELED,,
2026-06-22T00:46:11Z,1390812026-06-21,13908,2026-06-21,CANCELED,,
2026-06-22T00:46:11Z,3890912026-06-21,38909,2026-06-21,CANCELED,,
2026-06-22T00:46:11Z,1390812026-06-21,13908,2026-06-21,CANCELED,,
2026-06-22T00:46:11Z,3890912026-06-21,38909,2026-06-21,CANCELED,,
2026-06-22T00:46:11Z,3890812026-06-21,38908,2026-06-21,CANCELED,,
2026-06-22T00:46:11Z,1720112026-06-21,17201,2026-06-21,CANCELED,,
2026-06-22T00:46:11Z,3890812026-06-21,38908,2026-06-21,CANCELED,,
2026-06-22T00:46:11Z,3830112026-06-21,38301,2026-06-21,CANCELED,,
2026-06-22T00:46:11Z,1390512026-06-21,13905,2026-06-21,CANCELED,,
2026-06-22T00:46:11Z,3890512026-06-21,38905,2026-06-21,CANCELED,,
2026-06-22T00:46:11Z,1390912026-06-21,13909,2026-06-21,CANCELED,,
2026-06-22T00:46:11Z,1390912026-06-21,13909,2026-06-21,CANCELED,,
2026-06-22T00:46:11Z,0478612026-06-22,04786,2026-06-22,CANCELED,,
2026-06-22T00:46:11Z,1305112026-06-21,13051,2026-06-21,CANCELED,,
2026-06-22T00:46:11Z,1821812026-06-21,18218,2026-06-21,CANCELED,,
2026-06-22T00:46:11Z,1390212026-06-21,13902,2026-06-21,CANCELED,,
2026-06-22T00:46:11Z,1877012026-06-21,18770,2026-06-21,CANCELED,,
2026-06-22T00:46:11Z,3890212026-06-21,38902,2026-06-21,CANCELED,,
2026-06-22T00:46:11Z,1302012026-06-21,13020,2026-06-21,CANCELED,,
2026-06-22T00:46:11Z,7185512026-06-21,71855,2026-06-21,CANCELED,,
2026-06-22T00:46:11Z,1802712026-06-21,18027,2026-06-21,CANCELED,,
2026-06-22T00:46:11Z,1821412026-06-21,18214,2026-06-21,CANCELED,,
2026-06-22T00:46:11Z,1821512026-06-21,18215,2026-06-21,CANCELED,,
2026-06-22T00:51:10Z,1390812026-06-21,13908,2026-06-21,CANCELED,,
2026-06-22T00:51:10Z,3890912026-06-21,38909,2026-06-21,CANCELED,,
2026-06-22T00:51:10Z,3890912026-06-21,38909,2026-06-21,CANCELED,,
2026-06-22T00:51:10Z,1390812026-06-21,13908,2026-06-21,CANCELED,,
2026-06-22T00:51:10Z,1720112026-06-21,17201,2026-06-21,CANCELED,,
2026-06-22T00:51:10Z,3890812026-06-21,38908,2026-06-21,CANCELED,,
2026-06-22T00:51:10Z,3890812026-06-21,38908,2026-06-21,CANCELED,,
2026-06-22T00:51:10Z,3830112026-06-21,38301,2026-06-21,CANCELED,,
2026-06-22T00:51:10Z,1390512026-06-21,13905,2026-06-21,CANCELED,,
2026-06-22T00:51:10Z,1390912026-06-21,13909,2026-06-21,CANCELED,,
2026-06-22T00:51:10Z,3890512026-06-21,38905,2026-06-21,CANCELED,,
2026-06-22T00:51:10Z,1390912026-06-21,13909,2026-06-21,CANCELED,,
2026-06-22T00:51:10Z,0478612026-06-22,04786,2026-06-22,CANCELED,,
2026-06-22T00:51:10Z,1305112026-06-21,13051,2026-06-21,CANCELED,,
2026-06-22T00:51:10Z,1821812026-06-21,18218,2026-06-21,CANCELED,,
2026-06-22T00:51:10Z,1390212026-06-21,13902,2026-06-21,CANCELED,,
2026-06-22T00:51:10Z,1877012026-06-21,18770,2026-06-21,CANCELED,,
2026-06-22T00:51:10Z,3890212026-06-21,38902,2026-06-21,CANCELED,,
2026-06-22T00:51:10Z,1302012026-06-21,13020,2026-06-21,CANCELED,,
2026-06-22T00:51:10Z,7185512026-06-21,71855,2026-06-21,CANCELED,,
2026-06-22T00:51:10Z,1802712026-06-21,18027,2026-06-21,CANCELED,,
2026-06-22T00:51:10Z,1821412026-06-21,18214,2026-06-21,CANCELED,,
2026-06-22T00:51:10Z,1821512026-06-21,18215,2026-06-21,CANCELED,,
2026-06-22T00:56:03Z,3890912026-06-21,38909,2026-06-21,CANCELED,,
2026-06-22T00:56:03Z,1390812026-06-21,13908,2026-06-21,CANCELED,,
2026-06-22T00:56:03Z,3890912026-06-21,38909,2026-06-21,CANCELED,,
2026-06-22T00:56:03Z,1390812026-06-21,13908,2026-06-21,CANCELED,,
2026-06-22T00:56:03Z,1720112026-06-21,17201,2026-06-21,CANCELED,,
2026-06-22T00:56:03Z,3890812026-06-21,38908,2026-06-21,CANCELED,,
2026-06-22T00:56:03Z,3830112026-06-21,38301,2026-06-21,CANCELED,,
2026-06-22T00:56:03Z,3890812026-06-21,38908,2026-06-21,CANCELED,,
2026-06-22T00:56:03Z,1390512026-06-21,13905,2026-06-21,CANCELED,,
2026-06-22T00:56:03Z,1390912026-06-21,13909,2026-06-21,CANCELED,,
2026-06-22T00:56:03Z,3890512026-06-21,38905,2026-06-21,CANCELED,,
2026-06-22T00:56:03Z,1390912026-06-21,13909,2026-06-21,CANCELED,,
2026-06-22T00:56:03Z,0478612026-06-22,04786,2026-06-22,CANCELED,,
2026-06-22T00:56:03Z,1305112026-06-21,13051,2026-06-21,CANCELED,,
2026-06-22T00:56:03Z,1821812026-06-21,18218,2026-06-21,CANCELED,,
2026-06-22T00:56:03Z,1390212026-06-21,13902,2026-06-21,CANCELED,,
2026-06-22T00:56:03Z,1877012026-06-21,18770,2026-06-21,CANCELED,,
2026-06-22T00:56:03Z,3890212026-06-21,38902,2026-06-21,CANCELED,,
2026-06-22T00:56:03Z,1302012026-06-21,13020,2026-06-21,CANCELED,,
2026-06-22T00:56:03Z,7185512026-06-21,71855,2026-06-21,CANCELED,,
2026-06-22T00:56:03Z,1802712026-06-21,18027,2026-06-21,CANCELED,,
2026-06-22T00:56:03Z,1821412026-06-21,18214,2026-06-21,CANCELED,,
2026-06-22T00:56:03Z,1821512026-06-21,18215,2026-06-21,CANCELED,,
2026-06-22T01:06:03Z,3890912026-06-21,38909,2026-06-21,CANCELED,,
2026-06-22T01:06:03Z,1390812026-06-21,13908,2026-06-21,CANCELED,,
2026-06-22T01:06:03Z,1390812026-06-21,13908,2026-06-21,CANCELED,,
2026-06-22T01:06:03Z,3890912026-06-21,38909,2026-06-21,CANCELED,,
2026-06-22T01:06:03Z,3890812026-06-21,38908,2026-06-21,CANCELED,,
2026-06-22T01:06:03Z,1720112026-06-21,17201,2026-06-21,CANCELED,,
2026-06-22T01:06:03Z,3890812026-06-21,38908,2026-06-21,CANCELED,,
2026-06-22T01:06:03Z,3830112026-06-21,38301,2026-06-21,CANCELED,,
2026-06-22T01:06:03Z,1390512026-06-21,13905,2026-06-21,CANCELED,,
2026-06-22T01:06:03Z,3890512026-06-21,38905,2026-06-21,CANCELED,,
2026-06-22T01:06:03Z,1390912026-06-21,13909,2026-06-21,CANCELED,,
2026-06-22T01:06:03Z,0478612026-06-22,04786,2026-06-22,CANCELED,,
2026-06-22T01:06:03Z,1390912026-06-21,13909,2026-06-21,CANCELED,,
2026-06-22T01:06:03Z,1305112026-06-21,13051,2026-06-21,CANCELED,,
2026-06-22T01:06:03Z,1821812026-06-21,18218,2026-06-21,CANCELED,,
2026-06-22T01:06:03Z,1390212026-06-21,13902,2026-06-21,CANCELED,,
2026-06-22T01:06:03Z,1877012026-06-21,18770,2026-06-21,CANCELED,,
2026-06-22T01:06:03Z,3890212026-06-21,38902,2026-06-21,CANCELED,,
2026-06-22T01:06:03Z,1302012026-06-21,13020,2026-06-21,CANCELED,,
2026-06-22T01:06:03Z,7185512026-06-21,71855,2026-06-21,CANCELED,,
2026-06-22T01:06:03Z,1802712026-06-21,18027,2026-06-21,CANCELED,,
2026-06-22T01:06:03Z,1821412026-06-21,18214,2026-06-21,CANCELED,,
2026-06-22T01:06:03Z,1821512026-06-21,18215,2026-06-21,CANCELED,,
2026-06-22T01:11:06Z,1390812026-06-21,13908,2026-06-21,CANCELED,,
2026-06-22T01:11:06Z,3890912026-06-21,38909,2026-06-21,CANCELED,,
2026-06-22T01:11:06Z,1390812026-06-21,13908,2026-06-21,CANCELED,,
2026-06-22T01:11:06Z,3890912026-06-21,38909,2026-06-21,CANCELED,,
2026-06-22T01:11:06Z,3890812026-06-21,38908,2026-06-21,CANCELED,,
2026-06-22T01:11:06Z,1720112026-06-21,17201,2026-06-21,CANCELED,,
2026-06-22T01:11:06Z,3890812026-06-21,38908,2026-06-21,CANCELED,,
2026-06-22T01:11:06Z,3830112026-06-21,38301,2026-06-21,CANCELED,,
2026-06-22T01:11:06Z,1390512026-06-21,13905,2026-06-21,CANCELED,,
2026-06-22T01:11:06Z,3890512026-06-21,38905,2026-06-21,CANCELED,,
2026-06-22T01:11:06Z,1390912026-06-21,13909,2026-06-21,CANCELED,,
2026-06-22T01:11:06Z,1390912026-06-21,13909,2026-06-21,CANCELED,,
2026-06-22T01:11:06Z,0478612026-06-22,04786,2026-06-22,CANCELED,,
2026-06-22T01:11:06Z,1305112026-06-21,13051,2026-06-21,CANCELED,,
2026-06-22T01:11:06Z,1821812026-06-21,18218,2026-06-21,CANCELED,,
2026-06-22T01:11:06Z,1390212026-06-21,13902,2026-06-21,CANCELED,,
2026-06-22T01:11:06Z,1877012026-06-21,18770,2026-06-21,CANCELED,,
2026-06-22T01:11:06Z,3890212026-06-21,38902,2026-06-21,CANCELED,,
2026-06-22T01:11:06Z,1302012026-06-21,13020,2026-06-21,CANCELED,,
2026-06-22T01:11:06Z,7185512026-06-21,71855,2026-06-21,CANCELED,,
2026-06-22T01:11:06Z,1802712026-06-21,18027,2026-06-21,CANCELED,,
2026-06-22T01:11:06Z,1821412026-06-21,18214,2026-06-21,CANCELED,,
2026-06-22T01:11:06Z,1821512026-06-21,18215,2026-06-21,CANCELED,,
2026-06-22T01:16:08Z,1390812026-06-21,13908,2026-06-21,CANCELED,,
2026-06-22T01:16:08Z,3890912026-06-21,38909,2026-06-21,CANCELED,,
2026-06-22T01:16:08Z,1390812026-06-21,13908,2026-06-21,CANCELED,,
2026-06-22T01:16:08Z,3890912026-06-21,38909,2026-06-21,CANCELED,,
2026-06-22T01:16:08Z,3890812026-06-21,38908,2026-06-21,CANCELED,,
2026-06-22T01:16:08Z,1720112026-06-21,17201,2026-06-21,CANCELED,,
2026-06-22T01:16:08Z,3890812026-06-21,38908,2026-06-21,CANCELED,,
2026-06-22T01:16:08Z,3830112026-06-21,38301,2026-06-21,CANCELED,,
2026-06-22T01:16:08Z,1390512026-06-21,13905,2026-06-21,CANCELED,,
2026-06-22T01:16:08Z,3890512026-06-21,38905,2026-06-21,CANCELED,,
2026-06-22T01:16:08Z,1390912026-06-21,13909,2026-06-21,CANCELED,,
2026-06-22T01:16:08Z,0478612026-06-22,04786,2026-06-22,CANCELED,,
2026-06-22T01:16:08Z,1390912026-06-21,13909,2026-06-21,CANCELED,,
2026-06-22T01:16:08Z,1305112026-06-21,13051,2026-06-21,CANCELED,,
2026-06-22T01:16:08Z,1821812026-06-21,18218,2026-06-21,CANCELED,,
2026-06-22T01:16:08Z,1390212026-06-21,13902,2026-06-21,CANCELED,,
2026-06-22T01:16:08Z,1877012026-06-21,18770,2026-06-21,CANCELED,,
2026-06-22T01:16:08Z,3890212026-06-21,38902,2026-06-21,CANCELED,,
2026-06-22T01:16:08Z,1302012026-06-21,13020,2026-06-21,CANCELED,,
2026-06-22T01:16:08Z,7185512026-06-21,71855,2026-06-21,CANCELED,,
2026-06-22T01:16:08Z,1802712026-06-21,18027,2026-06-21,CANCELED,,
2026-06-22T01:16:08Z,1821412026-06-21,18214,2026-06-21,CANCELED,,
2026-06-22T01:16:08Z,1821512026-06-21,18215,2026-06-21,CANCELED,,
2026-06-22T01:21:05Z,1390812026-06-21,13908,2026-06-21,CANCELED,,
2026-06-22T01:21:05Z,3890912026-06-21,38909,2026-06-21,CANCELED,,
2026-06-22T01:21:05Z,1390812026-06-21,13908,2026-06-21,CANCELED,,
2026-06-22T01:21:05Z,3890912026-06-21,38909,2026-06-21,CANCELED,,
2026-06-22T01:21:05Z,3890812026-06-21,38908,2026-06-21,CANCELED,,
2026-06-22T01:21:05Z,1720112026-06-21,17201,2026-06-21,CANCELED,,
2026-06-22T01:21:05Z,3890812026-06-21,38908,2026-06-21,CANCELED,,
2026-06-22T01:21:05Z,3830112026-06-21,38301,2026-06-21,CANCELED,,
2026-06-22T01:21:05Z,1390512026-06-21,13905,2026-06-21,CANCELED,,
2026-06-22T01:21:05Z,1390912026-06-21,13909,2026-06-21,CANCELED,,
2026-06-22T01:21:05Z,3890512026-06-21,38905,2026-06-21,CANCELED,,
2026-06-22T01:21:05Z,1390912026-06-21,13909,2026-06-21,CANCELED,,
2026-06-22T01:21:05Z,0478612026-06-22,04786,2026-06-22,CANCELED,,
2026-06-22T01:21:05Z,1305112026-06-21,13051,2026-06-21,CANCELED,,
2026-06-22T01:21:05Z,1821812026-06-21,18218,2026-06-21,CANCELED,,
2026-06-22T01:21:05Z,1390212026-06-21,13902,2026-06-21,CANCELED,,
2026-06-22T01:21:05Z,1877012026-06-21,18770,2026-06-21,CANCELED,,
2026-06-22T01:21:05Z,3890212026-06-21,38902,2026-06-21,CANCELED,,
2026-06-22T01:21:05Z,1302012026-06-21,13020,2026-06-21,CANCELED,,
2026-06-22T01:21:05Z,7185512026-06-21,71855,2026-06-21,CANCELED,,
2026-06-22T01:21:05Z,1802712026-06-21,18027,2026-06-21,CANCELED,,
2026-06-22T01:21:05Z,1821412026-06-21,18214,2026-06-21,CANCELED,,
2026-06-22T01:21:05Z,1821512026-06-21,18215,2026-06-21,CANCELED,,
2026-06-22T01:26:02Z,1390812026-06-21,13908,2026-06-21,CANCELED,,
2026-06-22T01:26:02Z,3890912026-06-21,38909,2026-06-21,CANCELED,,
2026-06-22T01:26:02Z,1390812026-06-21,13908,2026-06-21,CANCELED,,
2026-06-22T01:26:02Z,3890912026-06-21,38909,2026-06-21,CANCELED,,
2026-06-22T01:26:02Z,3890812026-06-21,38908,2026-06-21,CANCELED,,
2026-06-22T01:26:02Z,1720112026-06-21,17201,2026-06-21,CANCELED,,
2026-06-22T01:26:02Z,3890812026-06-21,38908,2026-06-21,CANCELED,,
2026-06-22T01:26:02Z,3830112026-06-21,38301,2026-06-21,CANCELED,,
2026-06-22T01:26:02Z,1390512026-06-21,13905,2026-06-21,CANCELED,,
2026-06-22T01:26:02Z,1390912026-06-21,13909,2026-06-21,CANCELED,,
2026-06-22T01:26:02Z,3890512026-06-21,38905,2026-06-21,CANCELED,,
2026-06-22T01:26:02Z,1390912026-06-21,13909,2026-06-21,CANCELED,,
2026-06-22T01:26:02Z,0478612026-06-22,04786,2026-06-22,CANCELED,,
2026-06-22T01:26:02Z,1821812026-06-21,18218,2026-06-21,CANCELED,,
2026-06-22T01:26:02Z,1305112026-06-21,13051,2026-06-21,CANCELED,,
2026-06-22T01:26:02Z,1877012026-06-21,18770,2026-06-21,CANCELED,,
2026-06-22T01:26:02Z,1390212026-06-21,13902,2026-06-21,CANCELED,,
2026-06-22T01:26:02Z,3890212026-06-21,38902,2026-06-21,CANCELED,,
2026-06-22T01:26:02Z,1302012026-06-21,13020,2026-06-21,CANCELED,,
2026-06-22T01:26:02Z,7185512026-06-21,71855,2026-06-21,CANCELED,,
2026-06-22T01:26:02Z,1802712026-06-21,18027,2026-06-21,CANCELED,,
2026-06-22T01:26:02Z,1821412026-06-21,18214,2026-06-21,CANCELED,,
2026-06-22T01:26:02Z,1821512026-06-21,18215,2026-06-21,CANCELED,,
2026-06-22T01:31:14Z,1390812026-06-21,13908,2026-06-21,CANCELED,,
2026-06-22T01:31:14Z,3890912026-06-21,38909,2026-06-21,CANCELED,,
2026-06-22T01:31:14Z,1390812026-06-21,13908,2026-06-21,CANCELED,,
2026-06-22T01:31:14Z,3890912026-06-21,38909,2026-06-21,CANCELED,,
2026-06-22T01:31:14Z,3890812026-06-21,38908,2026-06-21,CANCELED,,
2026-06-22T01:31:14Z,1720112026-06-21,17201,2026-06-21,CANCELED,,
2026-06-22T01:31:14Z,3890812026-06-21,38908,2026-06-21,CANCELED,,
2026-06-22T01:31:14Z,3830112026-06-21,38301,2026-06-21,CANCELED,,
2026-06-22T01:31:14Z,1390512026-06-21,13905,2026-06-21,CANCELED,,
2026-06-22T01:31:14Z,3890512026-06-21,38905,2026-06-21,CANCELED,,
2026-06-22T01:31:14Z,1390912026-06-21,13909,2026-06-21,CANCELED,,
2026-06-22T01:31:14Z,0478612026-06-22,04786,2026-06-22,CANCELED,,
2026-06-22T01:31:14Z,1390912026-06-21,13909,2026-06-21,CANCELED,,
2026-06-22T01:31:14Z,1305112026-06-21,13051,2026-06-21,CANCELED,,
2026-06-22T01:31:14Z,1821812026-06-21,18218,2026-06-21,CANCELED,,
2026-06-22T01:31:14Z,1390212026-06-21,13902,2026-06-21,CANCELED,,
2026-06-22T01:31:14Z,3890212026-06-21,38902,2026-06-21,CANCELED,,
2026-06-22T01:31:14Z,1877012026-06-21,18770,2026-06-21,CANCELED,,
2026-06-22T01:31:14Z,1302012026-06-21,13020,2026-06-21,CANCELED,,
2026-06-22T01:31:14Z,7185512026-06-21,71855,2026-06-21,CANCELED,,
2026-06-22T01:31:14Z,1802712026-06-21,18027,2026-06-21,CANCELED,,
2026-06-22T01:31:14Z,1821412026-06-21,18214,2026-06-21,CANCELED,,
2026-06-22T01:31:14Z,1821512026-06-21,18215,2026-06-21,CANCELED,,
2026-06-22T01:35:59Z,1390812026-06-21,13908,2026-06-21,CANCELED,,
2026-06-22T01:35:59Z,3890912026-06-21,38909,2026-06-21,CANCELED,,
2026-06-22T01:35:59Z,3890912026-06-21,38909,2026-06-21,CANCELED,,
2026-06-22T01:35:59Z,1390812026-06-21,13908,2026-06-21,CANCELED,,
2026-06-22T01:35:59Z,1720112026-06-21,17201,2026-06-21,CANCELED,,
2026-06-22T01:35:59Z,3890812026-06-21,38908,2026-06-21,CANCELED,,
2026-06-22T01:35:59Z,3830112026-06-21,38301,2026-06-21,CANCELED,,
2026-06-22T01:35:59Z,3890812026-06-21,38908,2026-06-21,CANCELED,,
2026-06-22T01:35:59Z,1390512026-06-21,13905,2026-06-21,CANCELED,,
2026-06-22T01:35:59Z,1390912026-06-21,13909,2026-06-21,CANCELED,,
2026-06-22T01:35:59Z,3890512026-06-21,38905,2026-06-21,CANCELED,,
2026-06-22T01:35:59Z,1390912026-06-21,13909,2026-06-21,CANCELED,,
2026-06-22T01:35:59Z,0478612026-06-22,04786,2026-06-22,CANCELED,,
2026-06-22T01:35:59Z,1305112026-06-21,13051,2026-06-21,CANCELED,,
2026-06-22T01:35:59Z,1821812026-06-21,18218,2026-06-21,CANCELED,,
2026-06-22T01:35:59Z,1390212026-06-21,13902,2026-06-21,CANCELED,,
2026-06-22T01:35:59Z,1877012026-06-21,18770,2026-06-21,CANCELED,,
2026-06-22T01:35:59Z,3890212026-06-21,38902,2026-06-21,CANCELED,,
2026-06-22T01:35:59Z,1302012026-06-21,13020,2026-06-21,CANCELED,,
2026-06-22T01:35:59Z,7185512026-06-21,71855,2026-06-21,CANCELED,,
2026-06-22T01:35:59Z,1802712026-06-21,18027,2026-06-21,CANCELED,,
2026-06-22T01:35:59Z,1821412026-06-21,18214,2026-06-21,CANCELED,,
2026-06-22T01:35:59Z,1821512026-06-21,18215,2026-06-21,CANCELED,,
2026-06-22T01:41:03Z,1390812026-06-21,13908,2026-06-21,CANCELED,,
2026-06-22T01:41:03Z,3890912026-06-21,38909,2026-06-21,CANCELED,,
2026-06-22T01:41:03Z,1390812026-06-21,13908,2026-06-21,CANCELED,,
2026-06-22T01:41:03Z,3890912026-06-21,38909,2026-06-21,CANCELED,,
2026-06-22T01:41:03Z,3890812026-06-21,38908,2026-06-21,CANCELED,,
2026-06-22T01:41:03Z,1720112026-06-21,17201,2026-06-21,CANCELED,,
2026-06-22T01:41:03Z,3890812026-06-21,38908,2026-06-21,CANCELED,,
2026-06-22T01:41:03Z,3830112026-06-21,38301,2026-06-21,CANCELED,,
2026-06-22T01:41:03Z,1390512026-06-21,13905,2026-06-21,CANCELED,,
2026-06-22T01:41:03Z,3890512026-06-21,38905,2026-06-21,CANCELED,,
2026-06-22T01:41:03Z,1390912026-06-21,13909,2026-06-21,CANCELED,,
2026-06-22T01:41:03Z,0478612026-06-22,04786,2026-06-22,CANCELED,,
2026-06-22T01:41:03Z,1390912026-06-21,13909,2026-06-21,CANCELED,,
2026-06-22T01:41:03Z,1305112026-06-21,13051,2026-06-21,CANCELED,,
2026-06-22T01:41:03Z,1821812026-06-21,18218,2026-06-21,CANCELED,,
2026-06-22T01:41:03Z,1390212026-06-21,13902,2026-06-21,CANCELED,,
2026-06-22T01:41:03Z,1877012026-06-21,18770,2026-06-21,CANCELED,,
2026-06-22T01:41:03Z,3890212026-06-21,38902,2026-06-21,CANCELED,,
2026-06-22T01:41:03Z,1302012026-06-21,13020,2026-06-21,CANCELED,,
2026-06-22T01:41:03Z,7185512026-06-21,71855,2026-06-21,CANCELED,,
2026-06-22T01:41:03Z,1802712026-06-21,18027,2026-06-21,CANCELED,,
2026-06-22T01:41:03Z,1821412026-06-21,18214,2026-06-21,CANCELED,,
2026-06-22T01:41:03Z,1821512026-06-21,18215,2026-06-21,CANCELED,,
2026-06-22T01:43:51Z,1390812026-06-21,13908,2026-06-21,CANCELED,,
2026-06-22T01:43:51Z,3890912026-06-21,38909,2026-06-21,CANCELED,,
2026-06-22T01:43:51Z,3890912026-06-21,38909,2026-06-21,CANCELED,,
2026-06-22T01:43:51Z,1390812026-06-21,13908,2026-06-21,CANCELED,,
2026-06-22T01:43:51Z,1720112026-06-21,17201,2026-06-21,CANCELED,,
2026-06-22T01:43:51Z,3890812026-06-21,38908,2026-06-21,CANCELED,,
2026-06-22T01:43:51Z,3830112026-06-21,38301,2026-06-21,CANCELED,,
2026-06-22T01:43:51Z,3890812026-06-21,38908,2026-06-21,CANCELED,,
2026-06-22T01:43:51Z,1390512026-06-21,13905,2026-06-21,CANCELED,,
2026-06-22T01:43:51Z,1390912026-06-21,13909,2026-06-21,CANCELED,,
2026-06-22T01:43:51Z,3890512026-06-21,38905,2026-06-21,CANCELED,,
2026-06-22T01:43:51Z,1390912026-06-21,13909,2026-06-21,CANCELED,,
2026-06-22T01:43:51Z,0478612026-06-22,04786,2026-06-22,CANCELED,,
2026-06-22T01:43:51Z,1305112026-06-21,13051,2026-06-21,CANCELED,,
2026-06-22T01:43:51Z,1821812026-06-21,18218,2026-06-21,CANCELED,,
2026-06-22T01:43:51Z,1390212026-06-21,13902,2026-06-21,CANCELED,,
2026-06-22T01:43:51Z,1877012026-06-21,18770,2026-06-21,CANCELED,,
2026-06-22T01:43:51Z,3890212026-06-21,38902,2026-06-21,CANCELED,,
2026-06-22T01:43:51Z,1302012026-06-21,13020,2026-06-21,CANCELED,,
2026-06-22T01:43:51Z,7185512026-06-21,71855,2026-06-21,CANCELED,,
2026-06-22T01:43:51Z,1802712026-06-21,18027,2026-06-21,CANCELED,,
2026-06-22T01:43:51Z,1821412026-06-21,18214,2026-06-21,CANCELED,,
2026-06-22T01:43:51Z,1821512026-06-21,18215,2026-06-21,CANCELED,,
2026-06-22T01:46:04Z,3890912026-06-21,38909,2026-06-21,CANCELED,,
2026-06-22T01:46:04Z,1390812026-06-21,13908,2026-06-21,CANCELED,,
2026-06-22T01:46:04Z,1390812026-06-21,13908,2026-06-21,CANCELED,,
2026-06-22T01:46:04Z,3890912026-06-21,38909,2026-06-21,CANCELED,,
2026-06-22T01:46:04Z,3890812026-06-21,38908,2026-06-21,CANCELED,,
2026-06-22T01:46:04Z,1720112026-06-21,17201,2026-06-21,CANCELED,,
2026-06-22T01:46:04Z,3890812026-06-21,38908,2026-06-21,CANCELED,,
2026-06-22T01:46:04Z,3830112026-06-21,38301,2026-06-21,CANCELED,,
2026-06-22T01:46:04Z,1390512026-06-21,13905,2026-06-21,CANCELED,,
2026-06-22T01:46:04Z,3890512026-06-21,38905,2026-06-21,CANCELED,,
2026-06-22T01:46:04Z,1390912026-06-21,13909,2026-06-21,CANCELED,,
2026-06-22T01:46:04Z,1390912026-06-21,13909,2026-06-21,CANCELED,,
2026-06-22T01:46:04Z,0478612026-06-22,04786,2026-06-22,CANCELED,,
2026-06-22T01:46:04Z,1305112026-06-21,13051,2026-06-21,CANCELED,,
2026-06-22T01:46:04Z,1821812026-06-21,18218,2026-06-21,CANCELED,,
2026-06-22T01:46:04Z,1390212026-06-21,13902,2026-06-21,CANCELED,,
2026-06-22T01:46:04Z,1877012026-06-21,18770,2026-06-21,CANCELED,,
2026-06-22T01:46:04Z,3890212026-06-21,38902,2026-06-21,CANCELED,,
2026-06-22T01:46:04Z,1302012026-06-21,13020,2026-06-21,CANCELED,,
2026-06-22T01:46:04Z,7185512026-06-21,71855,2026-06-21,CANCELED,,
2026-06-22T01:46:04Z,1802712026-06-21,18027,2026-06-21,CANCELED,,
2026-06-22T01:46:04Z,1821412026-06-21,18214,2026-06-21,CANCELED,,
2026-06-22T01:46:04Z,1821512026-06-21,18215,2026-06-21,CANCELED,,
2026-06-22T01:51:09Z,3890912026-06-21,38909,2026-06-21,CANCELED,,
2026-06-22T01:51:09Z,1390812026-06-21,13908,2026-06-21,CANCELED,,
2026-06-22T01:51:09Z,3890912026-06-21,38909,2026-06-21,CANCELED,,
2026-06-22T01:51:09Z,1390812026-06-21,13908,2026-06-21,CANCELED,,
2026-06-22T01:51:09Z,1720112026-06-21,17201,2026-06-21,CANCELED,,
2026-06-22T01:51:09Z,3890812026-06-21,38908,2026-06-21,CANCELED,,
2026-06-22T01:51:09Z,3890812026-06-21,38908,2026-06-21,CANCELED,,
2026-06-22T01:51:09Z,3830112026-06-21,38301,2026-06-21,CANCELED,,
2026-06-22T01:51:09Z,1390512026-06-21,13905,2026-06-21,CANCELED,,
2026-06-22T01:51:09Z,3890512026-06-21,38905,2026-06-21,CANCELED,,
2026-06-22T01:51:09Z,1390912026-06-21,13909,2026-06-21,CANCELED,,
2026-06-22T01:51:09Z,1390912026-06-21,13909,2026-06-21,CANCELED,,
2026-06-22T01:51:09Z,0478612026-06-22,04786,2026-06-22,CANCELED,,
2026-06-22T01:51:09Z,1305112026-06-21,13051,2026-06-21,CANCELED,,
2026-06-22T01:51:09Z,1821812026-06-21,18218,2026-06-21,CANCELED,,
2026-06-22T01:51:09Z,1390212026-06-21,13902,2026-06-21,CANCELED,,
2026-06-22T01:51:09Z,1877012026-06-21,18770,2026-06-21,CANCELED,,
2026-06-22T01:51:09Z,3890212026-06-21,38902,2026-06-21,CANCELED,,
2026-06-22T01:51:09Z,1302012026-06-21,13020,2026-06-21,CANCELED,,
2026-06-22T01:51:09Z,7185512026-06-21,71855,2026-06-21,CANCELED,,
2026-06-22T01:51:09Z,1802712026-06-21,18027,2026-06-21,CANCELED,,
2026-06-22T01:51:09Z,1821412026-06-21,18214,2026-06-21,CANCELED,,
2026-06-22T01:51:09Z,1821512026-06-21,18215,2026-06-21,CANCELED,,
2026-06-22T01:56:03Z,1390812026-06-21,13908,2026-06-21,CANCELED,,
2026-06-22T01:56:03Z,3890912026-06-21,38909,2026-06-21,CANCELED,,
2026-06-22T01:56:03Z,3890912026-06-21,38909,2026-06-21,CANCELED,,
2026-06-22T01:56:03Z,1390812026-06-21,13908,2026-06-21,CANCELED,,
2026-06-22T01:56:03Z,1720112026-06-21,17201,2026-06-21,CANCELED,,
2026-06-22T01:56:03Z,3890812026-06-21,38908,2026-06-21,CANCELED,,
2026-06-22T01:56:03Z,3830112026-06-21,38301,2026-06-21,CANCELED,,
2026-06-22T01:56:03Z,3890812026-06-21,38908,2026-06-21,CANCELED,,
2026-06-22T01:56:03Z,1390512026-06-21,13905,2026-06-21,CANCELED,,
2026-06-22T01:56:03Z,1390912026-06-21,13909,2026-06-21,CANCELED,,
2026-06-22T01:56:03Z,3890512026-06-21,38905,2026-06-21,CANCELED,,
2026-06-22T01:56:03Z,1390912026-06-21,13909,2026-06-21,CANCELED,,
2026-06-22T01:56:03Z,0478612026-06-22,04786,2026-06-22,CANCELED,,
2026-06-22T01:56:03Z,1821812026-06-21,18218,2026-06-21,CANCELED,,
2026-06-22T01:56:03Z,1305112026-06-21,13051,2026-06-21,CANCELED,,
2026-06-22T01:56:03Z,1877012026-06-21,18770,2026-06-21,CANCELED,,
2026-06-22T01:56:03Z,1390212026-06-21,13902,2026-06-21,CANCELED,,
2026-06-22T01:56:03Z,1302012026-06-21,13020,2026-06-21,CANCELED,,
2026-06-22T01:56:03Z,3890212026-06-21,38902,2026-06-21,CANCELED,,
2026-06-22T01:56:03Z,7185512026-06-21,71855,2026-06-21,CANCELED,,
2026-06-22T01:56:03Z,1802712026-06-21,18027,2026-06-21,CANCELED,,
2026-06-22T01:56:03Z,1821412026-06-21,18214,2026-06-21,CANCELED,,
2026-06-22T01:56:03Z,1821512026-06-21,18215,2026-06-21,CANCELED,,
2026-06-22T02:01:26Z,1390812026-06-21,13908,2026-06-21,CANCELED,,
2026-06-22T02:01:26Z,3890912026-06-21,38909,2026-06-21,CANCELED,,
2026-06-22T02:01:26Z,1390812026-06-21,13908,2026-06-21,CANCELED,,
2026-06-22T02:01:26Z,3890912026-06-21,38909,2026-06-21,CANCELED,,
2026-06-22T02:01:26Z,3890812026-06-21,38908,2026-06-21,CANCELED,,
2026-06-22T02:01:26Z,1720112026-06-21,17201,2026-06-21,CANCELED,,
2026-06-22T02:01:26Z,3890812026-06-21,38908,2026-06-21,CANCELED,,
2026-06-22T02:01:26Z,3830112026-06-21,38301,2026-06-21,CANCELED,,
2026-06-22T02:01:26Z,1390512026-06-21,13905,2026-06-21,CANCELED,,
2026-06-22T02:01:26Z,3890512026-06-21,38905,2026-06-21,CANCELED,,
2026-06-22T02:01:26Z,1390912026-06-21,13909,2026-06-21,CANCELED,,
2026-06-22T02:01:26Z,1390912026-06-21,13909,2026-06-21,CANCELED,,
2026-06-22T02:01:26Z,0478612026-06-22,04786,2026-06-22,CANCELED,,
2026-06-22T02:01:26Z,1305112026-06-21,13051,2026-06-21,CANCELED,,
2026-06-22T02:01:26Z,1821812026-06-21,18218,2026-06-21,CANCELED,,
2026-06-22T02:01:26Z,1390212026-06-21,13902,2026-06-21,CANCELED,,
2026-06-22T02:01:26Z,1877012026-06-21,18770,2026-06-21,CANCELED,,
2026-06-22T02:01:26Z,3890212026-06-21,38902,2026-06-21,CANCELED,,
2026-06-22T02:01:26Z,1302012026-06-21,13020,2026-06-21,CANCELED,,
2026-06-22T02:01:26Z,7185512026-06-21,71855,2026-06-21,CANCELED,,
2026-06-22T02:01:26Z,1802712026-06-21,18027,2026-06-21,CANCELED,,
2026-06-22T02:01:26Z,1821412026-06-21,18214,2026-06-21,CANCELED,,
2026-06-22T02:01:26Z,1821512026-06-21,18215,2026-06-21,CANCELED,,
2026-06-22T02:06:02Z,1390812026-06-21,13908,2026-06-21,CANCELED,,
2026-06-22T02:06:02Z,3890912026-06-21,38909,2026-06-21,CANCELED,,
2026-06-22T02:06:02Z,1390812026-06-21,13908,2026-06-21,CANCELED,,
2026-06-22T02:06:02Z,3890912026-06-21,38909,2026-06-21,CANCELED,,
2026-06-22T02:06:02Z,3890812026-06-21,38908,2026-06-21,CANCELED,,
2026-06-22T02:06:02Z,1720112026-06-21,17201,2026-06-21,CANCELED,,
2026-06-22T02:06:02Z,3890812026-06-21,38908,2026-06-21,CANCELED,,
2026-06-22T02:06:02Z,3830112026-06-21,38301,2026-06-21,CANCELED,,
2026-06-22T02:06:02Z,1390512026-06-21,13905,2026-06-21,CANCELED,,
2026-06-22T02:06:02Z,3890512026-06-21,38905,2026-06-21,CANCELED,,
2026-06-22T02:06:02Z,1390912026-06-21,13909,2026-06-21,CANCELED,,
2026-06-22T02:06:02Z,1390912026-06-21,13909,2026-06-21,CANCELED,,
2026-06-22T02:06:02Z,0478612026-06-22,04786,2026-06-22,CANCELED,,
2026-06-22T02:06:02Z,1305112026-06-21,13051,2026-06-21,CANCELED,,
2026-06-22T02:06:02Z,1821812026-06-21,18218,2026-06-21,CANCELED,,
2026-06-22T02:06:02Z,1390212026-06-21,13902,2026-06-21,CANCELED,,
2026-06-22T02:06:02Z,1877012026-06-21,18770,2026-06-21,CANCELED,,
2026-06-22T02:06:02Z,3890212026-06-21,38902,2026-06-21,CANCELED,,
2026-06-22T02:06:02Z,1302012026-06-21,13020,2026-06-21,CANCELED,,
2026-06-22T02:06:02Z,7185512026-06-21,71855,2026-06-21,CANCELED,,
2026-06-22T02:06:02Z,1802712026-06-21,18027,2026-06-21,CANCELED,,
2026-06-22T02:06:02Z,1821412026-06-21,18214,2026-06-21,CANCELED,,
2026-06-22T02:06:02Z,1821512026-06-21,18215,2026-06-21,CANCELED,,
2026-06-22T02:11:11Z,1390812026-06-21,13908,2026-06-21,CANCELED,,
2026-06-22T02:11:11Z,3890912026-06-21,38909,2026-06-21,CANCELED,,
2026-06-22T02:11:11Z,1390812026-06-21,13908,2026-06-21,CANCELED,,
2026-06-22T02:11:11Z,3890912026-06-21,38909,2026-06-21,CANCELED,,
2026-06-22T02:11:11Z,3890812026-06-21,38908,2026-06-21,CANCELED,,
2026-06-22T02:11:11Z,1720112026-06-21,17201,2026-06-21,CANCELED,,
2026-06-22T02:11:11Z,3890812026-06-21,38908,2026-06-21,CANCELED,,
2026-06-22T02:11:11Z,3830112026-06-21,38301,2026-06-21,CANCELED,,
2026-06-22T02:11:11Z,1390512026-06-21,13905,2026-06-21,CANCELED,,
2026-06-22T02:11:11Z,3890512026-06-21,38905,2026-06-21,CANCELED,,
2026-06-22T02:11:11Z,1390912026-06-21,13909,2026-06-21,CANCELED,,
2026-06-22T02:11:11Z,1390912026-06-21,13909,2026-06-21,CANCELED,,
2026-06-22T02:11:11Z,0478612026-06-22,04786,2026-06-22,CANCELED,,
2026-06-22T02:11:11Z,1305112026-06-21,13051,2026-06-21,CANCELED,,
2026-06-22T02:11:11Z,1821812026-06-21,18218,2026-06-21,CANCELED,,
2026-06-22T02:11:11Z,1390212026-06-21,13902,2026-06-21,CANCELED,,
2026-06-22T02:11:11Z,1877012026-06-21,18770,2026-06-21,CANCELED,,
2026-06-22T02:11:11Z,3890212026-06-21,38902,2026-06-21,CANCELED,,
2026-06-22T02:11:11Z,1302012026-06-21,13020,2026-06-21,CANCELED,,
2026-06-22T02:11:11Z,7185512026-06-21,71855,2026-06-21,CANCELED,,
2026-06-22T02:11:11Z,1802712026-06-21,18027,2026-06-21,CANCELED,,
2026-06-22T02:11:11Z,1821412026-06-21,18214,2026-06-21,CANCELED,,
2026-06-22T02:11:11Z,1821512026-06-21,18215,2026-06-21,CANCELED,,
2026-06-22T02:16:09Z,1804712026-06-21,18047,2026-06-21,SCHEDULED,0,0.0
2026-06-22T02:16:09Z,3890912026-06-21,38909,2026-06-21,CANCELED,,
2026-06-22T02:16:09Z,1390812026-06-21,13908,2026-06-21,CANCELED,,
2026-06-22T02:16:09Z,1390812026-06-21,13908,2026-06-21,CANCELED,,
2026-06-22T02:16:09Z,3890912026-06-21,38909,2026-06-21,CANCELED,,
2026-06-22T02:16:09Z,3890812026-06-21,38908,2026-06-21,CANCELED,,
2026-06-22T02:16:09Z,1720112026-06-21,17201,2026-06-21,CANCELED,,
2026-06-22T02:16:09Z,3890812026-06-21,38908,2026-06-21,CANCELED,,
2026-06-22T02:16:09Z,3830112026-06-21,38301,2026-06-21,CANCELED,,
2026-06-22T02:16:09Z,1390512026-06-21,13905,2026-06-21,CANCELED,,
2026-06-22T02:16:09Z,1390912026-06-21,13909,2026-06-21,CANCELED,,
2026-06-22T02:16:09Z,3890512026-06-21,38905,2026-06-21,CANCELED,,
2026-06-22T02:16:09Z,1390912026-06-21,13909,2026-06-21,CANCELED,,
2026-06-22T02:16:09Z,0478612026-06-22,04786,2026-06-22,CANCELED,,
2026-06-22T02:16:09Z,1821812026-06-21,18218,2026-06-21,CANCELED,,
2026-06-22T02:16:09Z,1305112026-06-21,13051,2026-06-21,CANCELED,,
2026-06-22T02:16:09Z,1877012026-06-21,18770,2026-06-21,CANCELED,,
2026-06-22T02:16:09Z,1390212026-06-21,13902,2026-06-21,CANCELED,,
2026-06-22T02:16:09Z,1302012026-06-21,13020,2026-06-21,CANCELED,,
2026-06-22T02:16:09Z,3890212026-06-21,38902,2026-06-21,CANCELED,,
2026-06-22T02:16:09Z,7185512026-06-21,71855,2026-06-21,CANCELED,,
2026-06-22T02:16:09Z,1802712026-06-21,18027,2026-06-21,CANCELED,,
2026-06-22T02:16:09Z,1821412026-06-21,18214,2026-06-21,CANCELED,,
2026-06-22T02:16:09Z,1821512026-06-21,18215,2026-06-21,CANCELED,,
2026-06-22T02:21:06Z,1804712026-06-21,18047,2026-06-21,SCHEDULED,0,0.0
2026-06-22T02:21:06Z,3890912026-06-21,38909,2026-06-21,CANCELED,,
2026-06-22T02:21:06Z,1390812026-06-21,13908,2026-06-21,CANCELED,,
2026-06-22T02:21:06Z,3890912026-06-21,38909,2026-06-21,CANCELED,,
2026-06-22T02:21:06Z,1390812026-06-21,13908,2026-06-21,CANCELED,,
2026-06-22T02:21:06Z,3890812026-06-21,38908,2026-06-21,CANCELED,,
2026-06-22T02:21:06Z,1720112026-06-21,17201,2026-06-21,CANCELED,,
2026-06-22T02:21:06Z,3890812026-06-21,38908,2026-06-21,CANCELED,,
2026-06-22T02:21:06Z,3830112026-06-21,38301,2026-06-21,CANCELED,,
2026-06-22T02:21:06Z,1390512026-06-21,13905,2026-06-21,CANCELED,,
2026-06-22T02:21:06Z,3890512026-06-21,38905,2026-06-21,CANCELED,,
2026-06-22T02:21:06Z,1390912026-06-21,13909,2026-06-21,CANCELED,,
2026-06-22T02:21:06Z,0478612026-06-22,04786,2026-06-22,CANCELED,,
2026-06-22T02:21:06Z,1390912026-06-21,13909,2026-06-21,CANCELED,,
2026-06-22T02:21:06Z,1305112026-06-21,13051,2026-06-21,CANCELED,,
2026-06-22T02:21:06Z,1390212026-06-21,13902,2026-06-21,CANCELED,,
2026-06-22T02:21:06Z,1821812026-06-21,18218,2026-06-21,CANCELED,,
2026-06-22T02:21:06Z,3890212026-06-21,38902,2026-06-21,CANCELED,,
2026-06-22T02:21:06Z,1877012026-06-21,18770,2026-06-21,CANCELED,,
2026-06-22T02:21:06Z,1302012026-06-21,13020,2026-06-21,CANCELED,,
2026-06-22T02:21:06Z,7185512026-06-21,71855,2026-06-21,CANCELED,,
2026-06-22T02:21:06Z,1802712026-06-21,18027,2026-06-21,CANCELED,,
2026-06-22T02:21:06Z,1821412026-06-21,18214,2026-06-21,CANCELED,,
2026-06-22T02:21:06Z,1821512026-06-21,18215,2026-06-21,CANCELED,,
2026-06-22T02:26:04Z,1804712026-06-21,18047,2026-06-21,SCHEDULED,0,0.0
2026-06-22T02:26:04Z,1390812026-06-21,13908,2026-06-21,CANCELED,,
2026-06-22T02:26:04Z,3890912026-06-21,38909,2026-06-21,CANCELED,,
2026-06-22T02:26:04Z,3890912026-06-21,38909,2026-06-21,CANCELED,,
2026-06-22T02:26:04Z,1390812026-06-21,13908,2026-06-21,CANCELED,,
2026-06-22T02:26:04Z,1720112026-06-21,17201,2026-06-21,CANCELED,,
2026-06-22T02:26:04Z,3890812026-06-21,38908,2026-06-21,CANCELED,,
2026-06-22T02:26:04Z,3830112026-06-21,38301,2026-06-21,CANCELED,,
2026-06-22T02:26:04Z,3890812026-06-21,38908,2026-06-21,CANCELED,,
2026-06-22T02:26:04Z,1390512026-06-21,13905,2026-06-21,CANCELED,,
2026-06-22T02:26:04Z,3890512026-06-21,38905,2026-06-21,CANCELED,,
2026-06-22T02:26:04Z,1390912026-06-21,13909,2026-06-21,CANCELED,,
2026-06-22T02:26:04Z,1390912026-06-21,13909,2026-06-21,CANCELED,,
2026-06-22T02:26:04Z,0478612026-06-22,04786,2026-06-22,CANCELED,,
2026-06-22T02:26:04Z,1821812026-06-21,18218,2026-06-21,CANCELED,,
2026-06-22T02:26:04Z,1305112026-06-21,13051,2026-06-21,CANCELED,,
2026-06-22T02:26:04Z,1877012026-06-21,18770,2026-06-21,CANCELED,,
2026-06-22T02:26:04Z,1390212026-06-21,13902,2026-06-21,CANCELED,,
2026-06-22T02:26:04Z,3890212026-06-21,38902,2026-06-21,CANCELED,,
2026-06-22T02:26:04Z,1302012026-06-21,13020,2026-06-21,CANCELED,,
2026-06-22T02:26:04Z,7185512026-06-21,71855,2026-06-21,CANCELED,,
2026-06-22T02:26:04Z,1802712026-06-21,18027,2026-06-21,CANCELED,,
2026-06-22T02:26:04Z,1821412026-06-21,18214,2026-06-21,CANCELED,,
2026-06-22T02:26:04Z,1821512026-06-21,18215,2026-06-21,CANCELED,,
2026-06-22T02:31:19Z,1804712026-06-21,18047,2026-06-21,SCHEDULED,0,0.0
2026-06-22T02:31:19Z,1390812026-06-21,13908,2026-06-21,CANCELED,,
2026-06-22T02:31:19Z,3890912026-06-21,38909,2026-06-21,CANCELED,,
2026-06-22T02:31:19Z,3890912026-06-21,38909,2026-06-21,CANCELED,,
2026-06-22T02:31:19Z,1390812026-06-21,13908,2026-06-21,CANCELED,,
2026-06-22T02:31:19Z,1720112026-06-21,17201,2026-06-21,CANCELED,,
2026-06-22T02:31:19Z,3890812026-06-21,38908,2026-06-21,CANCELED,,
2026-06-22T02:31:19Z,3830112026-06-21,38301,2026-06-21,CANCELED,,
2026-06-22T02:31:19Z,3890812026-06-21,38908,2026-06-21,CANCELED,,
2026-06-22T02:31:19Z,1390512026-06-21,13905,2026-06-21,CANCELED,,
2026-06-22T02:31:19Z,1390912026-06-21,13909,2026-06-21,CANCELED,,
2026-06-22T02:31:19Z,3890512026-06-21,38905,2026-06-21,CANCELED,,
2026-06-22T02:31:19Z,1390912026-06-21,13909,2026-06-21,CANCELED,,
2026-06-22T02:31:19Z,0478612026-06-22,04786,2026-06-22,CANCELED,,
2026-06-22T02:31:19Z,1305112026-06-21,13051,2026-06-21,CANCELED,,
2026-06-22T02:31:19Z,1821812026-06-21,18218,2026-06-21,CANCELED,,
2026-06-22T02:31:19Z,1390212026-06-21,13902,2026-06-21,CANCELED,,
2026-06-22T02:31:19Z,1877012026-06-21,18770,2026-06-21,CANCELED,,
2026-06-22T02:31:19Z,3890212026-06-21,38902,2026-06-21,CANCELED,,
2026-06-22T02:31:19Z,1302012026-06-21,13020,2026-06-21,CANCELED,,
2026-06-22T02:31:19Z,7185512026-06-21,71855,2026-06-21,CANCELED,,
2026-06-22T02:31:19Z,1802712026-06-21,18027,2026-06-21,CANCELED,,
2026-06-22T02:31:19Z,1821412026-06-21,18214,2026-06-21,CANCELED,,
2026-06-22T02:31:19Z,1821512026-06-21,18215,2026-06-21,CANCELED,,
2026-06-22T02:36:02Z,1804712026-06-21,18047,2026-06-21,SCHEDULED,0,0.0
2026-06-22T02:36:02Z,1390812026-06-21,13908,2026-06-21,CANCELED,,
2026-06-22T02:36:02Z,3890912026-06-21,38909,2026-06-21,CANCELED,,
2026-06-22T02:36:02Z,1390812026-06-21,13908,2026-06-21,CANCELED,,
2026-06-22T02:36:02Z,3890912026-06-21,38909,2026-06-21,CANCELED,,
2026-06-22T02:36:02Z,3890812026-06-21,38908,2026-06-21,CANCELED,,
2026-06-22T02:36:02Z,1720112026-06-21,17201,2026-06-21,CANCELED,,
2026-06-22T02:36:02Z,3890812026-06-21,38908,2026-06-21,CANCELED,,
2026-06-22T02:36:02Z,3830112026-06-21,38301,2026-06-21,CANCELED,,
2026-06-22T02:36:02Z,1390512026-06-21,13905,2026-06-21,CANCELED,,
2026-06-22T02:36:02Z,3890512026-06-21,38905,2026-06-21,CANCELED,,
2026-06-22T02:36:02Z,1390912026-06-21,13909,2026-06-21,CANCELED,,
2026-06-22T02:36:02Z,1390912026-06-21,13909,2026-06-21,CANCELED,,
2026-06-22T02:36:02Z,0478612026-06-22,04786,2026-06-22,CANCELED,,
2026-06-22T02:36:02Z,1305112026-06-21,13051,2026-06-21,CANCELED,,
2026-06-22T02:36:02Z,1821812026-06-21,18218,2026-06-21,CANCELED,,
2026-06-22T02:36:02Z,1877012026-06-21,18770,2026-06-21,CANCELED,,
2026-06-22T02:36:02Z,1390212026-06-21,13902,2026-06-21,CANCELED,,
2026-06-22T02:36:02Z,1302012026-06-21,13020,2026-06-21,CANCELED,,
2026-06-22T02:36:02Z,3890212026-06-21,38902,2026-06-21,CANCELED,,
2026-06-22T02:36:02Z,7185512026-06-21,71855,2026-06-21,CANCELED,,
2026-06-22T02:36:02Z,1802712026-06-21,18027,2026-06-21,CANCELED,,
2026-06-22T02:36:02Z,1821412026-06-21,18214,2026-06-21,CANCELED,,
2026-06-22T02:36:02Z,1821512026-06-21,18215,2026-06-21,CANCELED,,
2026-06-22T02:41:09Z,1804712026-06-21,18047,2026-06-21,SCHEDULED,0,0.0
2026-06-22T02:41:09Z,3890912026-06-21,38909,2026-06-21,CANCELED,,
2026-06-22T02:41:09Z,1390812026-06-21,13908,2026-06-21,CANCELED,,
2026-06-22T02:41:09Z,3890912026-06-21,38909,2026-06-21,CANCELED,,
2026-06-22T02:41:09Z,1390812026-06-21,13908,2026-06-21,CANCELED,,
2026-06-22T02:41:09Z,1720112026-06-21,17201,2026-06-21,CANCELED,,
2026-06-22T02:41:09Z,3890812026-06-21,38908,2026-06-21,CANCELED,,
2026-06-22T02:41:09Z,3830112026-06-21,38301,2026-06-21,CANCELED,,
2026-06-22T02:41:09Z,3890812026-06-21,38908,2026-06-21,CANCELED,,
2026-06-22T02:41:09Z,1390512026-06-21,13905,2026-06-21,CANCELED,,
2026-06-22T02:41:09Z,1390912026-06-21,13909,2026-06-21,CANCELED,,
2026-06-22T02:41:09Z,3890512026-06-21,38905,2026-06-21,CANCELED,,
2026-06-22T02:41:09Z,1390912026-06-21,13909,2026-06-21,CANCELED,,
2026-06-22T02:41:09Z,0478612026-06-22,04786,2026-06-22,CANCELED,,
2026-06-22T02:41:09Z,1305112026-06-21,13051,2026-06-21,CANCELED,,
2026-06-22T02:41:09Z,1821812026-06-21,18218,2026-06-21,CANCELED,,
2026-06-22T02:41:09Z,1877012026-06-21,18770,2026-06-21,CANCELED,,
2026-06-22T02:41:09Z,1390212026-06-21,13902,2026-06-21,CANCELED,,
2026-06-22T02:41:09Z,3890212026-06-21,38902,2026-06-21,CANCELED,,
2026-06-22T02:41:09Z,1302012026-06-21,13020,2026-06-21,CANCELED,,
2026-06-22T02:41:09Z,7185512026-06-21,71855,2026-06-21,CANCELED,,
2026-06-22T02:41:09Z,1802712026-06-21,18027,2026-06-21,CANCELED,,
2026-06-22T02:41:09Z,1821412026-06-21,18214,2026-06-21,CANCELED,,
2026-06-22T02:41:09Z,1821512026-06-21,18215,2026-06-21,CANCELED,,
2026-06-22T02:46:10Z,1804712026-06-21,18047,2026-06-21,SCHEDULED,0,0.0
2026-06-22T02:46:10Z,3890912026-06-21,38909,2026-06-21,CANCELED,,
2026-06-22T02:46:10Z,1390812026-06-21,13908,2026-06-21,CANCELED,,
2026-06-22T02:46:10Z,3890912026-06-21,38909,2026-06-21,CANCELED,,
2026-06-22T02:46:10Z,1390812026-06-21,13908,2026-06-21,CANCELED,,
2026-06-22T02:46:10Z,1720112026-06-21,17201,2026-06-21,CANCELED,,
2026-06-22T02:46:10Z,3890812026-06-21,38908,2026-06-21,CANCELED,,
2026-06-22T02:46:10Z,3830112026-06-21,38301,2026-06-21,CANCELED,,
2026-06-22T02:46:10Z,3890812026-06-21,38908,2026-06-21,CANCELED,,
2026-06-22T02:46:10Z,1390512026-06-21,13905,2026-06-21,CANCELED,,
2026-06-22T02:46:10Z,1390912026-06-21,13909,2026-06-21,CANCELED,,
2026-06-22T02:46:10Z,3890512026-06-21,38905,2026-06-21,CANCELED,,
2026-06-22T02:46:10Z,1390912026-06-21,13909,2026-06-21,CANCELED,,
2026-06-22T02:46:10Z,0478612026-06-22,04786,2026-06-22,CANCELED,,
2026-06-22T02:46:10Z,1305112026-06-21,13051,2026-06-21,CANCELED,,
2026-06-22T02:46:10Z,1821812026-06-21,18218,2026-06-21,CANCELED,,
2026-06-22T02:46:10Z,1390212026-06-21,13902,2026-06-21,CANCELED,,
2026-06-22T02:46:10Z,1877012026-06-21,18770,2026-06-21,CANCELED,,
2026-06-22T02:46:10Z,3890212026-06-21,38902,2026-06-21,CANCELED,,
2026-06-22T02:46:10Z,1302012026-06-21,13020,2026-06-21,CANCELED,,
2026-06-22T02:46:10Z,7185512026-06-21,71855,2026-06-21,CANCELED,,
2026-06-22T02:46:10Z,1802712026-06-21,18027,2026-06-21,CANCELED,,
2026-06-22T02:46:10Z,1821412026-06-21,18214,2026-06-21,CANCELED,,
2026-06-22T02:46:10Z,1821512026-06-21,18215,2026-06-21,CANCELED,,
2026-06-22T02:51:06Z,1804712026-06-21,18047,2026-06-21,SCHEDULED,0,0.0
2026-06-22T02:51:06Z,3890912026-06-21,38909,2026-06-21,CANCELED,,
2026-06-22T02:51:06Z,1390812026-06-21,13908,2026-06-21,CANCELED,,
2026-06-22T02:51:06Z,3890912026-06-21,38909,2026-06-21,CANCELED,,
2026-06-22T02:51:06Z,1390812026-06-21,13908,2026-06-21,CANCELED,,
2026-06-22T02:51:06Z,1720112026-06-21,17201,2026-06-21,CANCELED,,
2026-06-22T02:51:06Z,3890812026-06-21,38908,2026-06-21,CANCELED,,
2026-06-22T02:51:06Z,3830112026-06-21,38301,2026-06-21,CANCELED,,
2026-06-22T02:51:06Z,3890812026-06-21,38908,2026-06-21,CANCELED,,
2026-06-22T02:51:06Z,1390512026-06-21,13905,2026-06-21,CANCELED,,
2026-06-22T02:51:06Z,1390912026-06-21,13909,2026-06-21,CANCELED,,
2026-06-22T02:51:06Z,3890512026-06-21,38905,2026-06-21,CANCELED,,
2026-06-22T02:51:06Z,1390912026-06-21,13909,2026-06-21,CANCELED,,
2026-06-22T02:51:06Z,0478612026-06-22,04786,2026-06-22,CANCELED,,
2026-06-22T02:51:06Z,1821812026-06-21,18218,2026-06-21,CANCELED,,
2026-06-22T02:51:06Z,1305112026-06-21,13051,2026-06-21,CANCELED,,
2026-06-22T02:51:06Z,1877012026-06-21,18770,2026-06-21,CANCELED,,
2026-06-22T02:51:06Z,1390212026-06-21,13902,2026-06-21,CANCELED,,
2026-06-22T02:51:06Z,3890212026-06-21,38902,2026-06-21,CANCELED,,
2026-06-22T02:51:06Z,1302012026-06-21,13020,2026-06-21,CANCELED,,
2026-06-22T02:51:06Z,7185512026-06-21,71855,2026-06-21,CANCELED,,
2026-06-22T02:51:06Z,1802712026-06-21,18027,2026-06-21,CANCELED,,
2026-06-22T02:51:06Z,1821412026-06-21,18214,2026-06-21,CANCELED,,
2026-06-22T02:51:06Z,1821512026-06-21,18215,2026-06-21,CANCELED,,
2026-06-22T02:55:59Z,1804712026-06-21,18047,2026-06-21,SCHEDULED,0,0.0
2026-06-22T02:55:59Z,1802412026-06-21,18024,2026-06-21,SCHEDULED,0,0.0
2026-06-22T02:55:59Z,3890912026-06-21,38909,2026-06-21,CANCELED,,
2026-06-22T02:55:59Z,1390812026-06-21,13908,2026-06-21,CANCELED,,
2026-06-22T02:55:59Z,3890912026-06-21,38909,2026-06-21,CANCELED,,
2026-06-22T02:55:59Z,1390812026-06-21,13908,2026-06-21,CANCELED,,
2026-06-22T02:55:59Z,1720112026-06-21,17201,2026-06-21,CANCELED,,
2026-06-22T02:55:59Z,3890812026-06-21,38908,2026-06-21,CANCELED,,
2026-06-22T02:55:59Z,3830112026-06-21,38301,2026-06-21,CANCELED,,
2026-06-22T02:55:59Z,3890812026-06-21,38908,2026-06-21,CANCELED,,
2026-06-22T02:55:59Z,1390512026-06-21,13905,2026-06-21,CANCELED,,
2026-06-22T02:55:59Z,1390912026-06-21,13909,2026-06-21,CANCELED,,
2026-06-22T02:55:59Z,3890512026-06-21,38905,2026-06-21,CANCELED,,
2026-06-22T02:55:59Z,1390912026-06-21,13909,2026-06-21,CANCELED,,
2026-06-22T02:55:59Z,0478612026-06-22,04786,2026-06-22,CANCELED,,
2026-06-22T02:55:59Z,1305112026-06-21,13051,2026-06-21,CANCELED,,
2026-06-22T02:55:59Z,1821812026-06-21,18218,2026-06-21,CANCELED,,
2026-06-22T02:55:59Z,1390212026-06-21,13902,2026-06-21,CANCELED,,
2026-06-22T02:55:59Z,1877012026-06-21,18770,2026-06-21,CANCELED,,
2026-06-22T02:55:59Z,3890212026-06-21,38902,2026-06-21,CANCELED,,
2026-06-22T02:55:59Z,1302012026-06-21,13020,2026-06-21,CANCELED,,
2026-06-22T02:55:59Z,7185512026-06-21,71855,2026-06-21,CANCELED,,
2026-06-22T02:55:59Z,1802712026-06-21,18027,2026-06-21,CANCELED,,
2026-06-22T02:55:59Z,1821412026-06-21,18214,2026-06-21,CANCELED,,
2026-06-22T02:55:59Z,1821512026-06-21,18215,2026-06-21,CANCELED,,
2026-06-22T03:01:34Z,1804712026-06-21,18047,2026-06-21,SCHEDULED,60,1.0
2026-06-22T03:01:34Z,1802412026-06-21,18024,2026-06-21,SCHEDULED,0,0.0
2026-06-22T03:01:34Z,3890912026-06-21,38909,2026-06-21,CANCELED,,
2026-06-22T03:01:34Z,1390812026-06-21,13908,2026-06-21,CANCELED,,
2026-06-22T03:01:34Z,3890912026-06-21,38909,2026-06-21,CANCELED,,
2026-06-22T03:01:34Z,1390812026-06-21,13908,2026-06-21,CANCELED,,
2026-06-22T03:01:34Z,3890812026-06-21,38908,2026-06-21,CANCELED,,
2026-06-22T03:01:34Z,1720112026-06-21,17201,2026-06-21,CANCELED,,
2026-06-22T03:01:34Z,3890812026-06-21,38908,2026-06-21,CANCELED,,
2026-06-22T03:01:34Z,3830112026-06-21,38301,2026-06-21,CANCELED,,
2026-06-22T03:01:34Z,1390512026-06-21,13905,2026-06-21,CANCELED,,
2026-06-22T03:01:34Z,3890512026-06-21,38905,2026-06-21,CANCELED,,
2026-06-22T03:01:34Z,1390912026-06-21,13909,2026-06-21,CANCELED,,
2026-06-22T03:01:34Z,1390912026-06-21,13909,2026-06-21,CANCELED,,
2026-06-22T03:01:34Z,0478612026-06-22,04786,2026-06-22,CANCELED,,
2026-06-22T03:01:34Z,1305112026-06-21,13051,2026-06-21,CANCELED,,
2026-06-22T03:01:34Z,1821812026-06-21,18218,2026-06-21,CANCELED,,
2026-06-22T03:01:34Z,1390212026-06-21,13902,2026-06-21,CANCELED,,
2026-06-22T03:01:34Z,1877012026-06-21,18770,2026-06-21,CANCELED,,
2026-06-22T03:01:34Z,3890212026-06-21,38902,2026-06-21,CANCELED,,
2026-06-22T03:01:34Z,1302012026-06-21,13020,2026-06-21,CANCELED,,
2026-06-22T03:01:34Z,7185512026-06-21,71855,2026-06-21,CANCELED,,
2026-06-22T03:01:34Z,1802712026-06-21,18027,2026-06-21,CANCELED,,
2026-06-22T03:01:34Z,1821412026-06-21,18214,2026-06-21,CANCELED,,
2026-06-22T03:01:34Z,1821512026-06-21,18215,2026-06-21,CANCELED,,
2026-06-22T03:06:05Z,0405612026-06-22,04056,2026-06-22,SCHEDULED,60,1.0
2026-06-22T03:06:05Z,1802412026-06-21,18024,2026-06-21,SCHEDULED,0,0.0
2026-06-22T03:06:05Z,1804712026-06-21,18047,2026-06-21,SCHEDULED,60,1.0
2026-06-22T03:06:05Z,1390812026-06-21,13908,2026-06-21,CANCELED,,
2026-06-22T03:06:05Z,3890912026-06-21,38909,2026-06-21,CANCELED,,
2026-06-22T03:06:05Z,1390812026-06-21,13908,2026-06-21,CANCELED,,
2026-06-22T03:06:05Z,3890912026-06-21,38909,2026-06-21,CANCELED,,
2026-06-22T03:06:05Z,3890812026-06-21,38908,2026-06-21,CANCELED,,
2026-06-22T03:06:05Z,1720112026-06-21,17201,2026-06-21,CANCELED,,
2026-06-22T03:06:05Z,3890812026-06-21,38908,2026-06-21,CANCELED,,
2026-06-22T03:06:05Z,3830112026-06-21,38301,2026-06-21,CANCELED,,
2026-06-22T03:06:05Z,1390512026-06-21,13905,2026-06-21,CANCELED,,
2026-06-22T03:06:05Z,3890512026-06-21,38905,2026-06-21,CANCELED,,
2026-06-22T03:06:05Z,1390912026-06-21,13909,2026-06-21,CANCELED,,
2026-06-22T03:06:05Z,0478612026-06-22,04786,2026-06-22,CANCELED,,
2026-06-22T03:06:05Z,1390912026-06-21,13909,2026-06-21,CANCELED,,
2026-06-22T03:06:05Z,1305112026-06-21,13051,2026-06-21,CANCELED,,
2026-06-22T03:06:05Z,1821812026-06-21,18218,2026-06-21,CANCELED,,
2026-06-22T03:06:05Z,1390212026-06-21,13902,2026-06-21,CANCELED,,
2026-06-22T03:06:05Z,1877012026-06-21,18770,2026-06-21,CANCELED,,
2026-06-22T03:06:05Z,3890212026-06-21,38902,2026-06-21,CANCELED,,
2026-06-22T03:06:05Z,1302012026-06-21,13020,2026-06-21,CANCELED,,
2026-06-22T03:06:05Z,7185512026-06-21,71855,2026-06-21,CANCELED,,
2026-06-22T03:06:05Z,1802712026-06-21,18027,2026-06-21,CANCELED,,
2026-06-22T03:06:05Z,1821412026-06-21,18214,2026-06-21,CANCELED,,
2026-06-22T03:06:05Z,1821512026-06-21,18215,2026-06-21,CANCELED,,
2026-06-22T03:11:08Z,1802412026-06-21,18024,2026-06-21,SCHEDULED,0,0.0
2026-06-22T03:11:08Z,1454112026-06-21,14541,2026-06-21,SCHEDULED,0,0.0
2026-06-22T03:11:08Z,1454122026-06-21,14541,2026-06-21,SCHEDULED,0,0.0
2026-06-22T03:11:08Z,1454132026-06-21,14541,2026-06-21,SCHEDULED,0,0.0
2026-06-22T03:11:08Z,1804712026-06-21,18047,2026-06-21,SCHEDULED,60,1.0
2026-06-22T03:11:08Z,1251212026-06-21,12512,2026-06-21,SCHEDULED,0,0.0
2026-06-22T03:11:08Z,0405612026-06-22,04056,2026-06-22,SCHEDULED,60,1.0
2026-06-22T03:11:08Z,1562012026-06-22,15620,2026-06-22,SCHEDULED,0,0.0
2026-06-22T03:11:08Z,3890912026-06-21,38909,2026-06-21,CANCELED,,
2026-06-22T03:11:08Z,1390812026-06-21,13908,2026-06-21,CANCELED,,
2026-06-22T03:11:08Z,3890912026-06-21,38909,2026-06-21,CANCELED,,
2026-06-22T03:11:08Z,1390812026-06-21,13908,2026-06-21,CANCELED,,
2026-06-22T03:11:08Z,1720112026-06-21,17201,2026-06-21,CANCELED,,
2026-06-22T03:11:08Z,3890812026-06-21,38908,2026-06-21,CANCELED,,
2026-06-22T03:11:08Z,3830112026-06-21,38301,2026-06-21,CANCELED,,
2026-06-22T03:11:08Z,3890812026-06-21,38908,2026-06-21,CANCELED,,
2026-06-22T03:11:08Z,1390512026-06-21,13905,2026-06-21,CANCELED,,
2026-06-22T03:11:08Z,1390912026-06-21,13909,2026-06-21,CANCELED,,
2026-06-22T03:11:08Z,3890512026-06-21,38905,2026-06-21,CANCELED,,
2026-06-22T03:11:08Z,1390912026-06-21,13909,2026-06-21,CANCELED,,
2026-06-22T03:11:08Z,0478612026-06-22,04786,2026-06-22,CANCELED,,
2026-06-22T03:11:08Z,1821812026-06-21,18218,2026-06-21,CANCELED,,
2026-06-22T03:11:08Z,1305112026-06-21,13051,2026-06-21,CANCELED,,
2026-06-22T03:11:08Z,1390212026-06-21,13902,2026-06-21,CANCELED,,
2026-06-22T03:11:08Z,1877012026-06-21,18770,2026-06-21,CANCELED,,
2026-06-22T03:11:08Z,3890212026-06-21,38902,2026-06-21,CANCELED,,
2026-06-22T03:11:08Z,1302012026-06-21,13020,2026-06-21,CANCELED,,
2026-06-22T03:11:08Z,7185512026-06-21,71855,2026-06-21,CANCELED,,
2026-06-22T03:11:08Z,1802712026-06-21,18027,2026-06-21,CANCELED,,
2026-06-22T03:11:08Z,1821412026-06-21,18214,2026-06-21,CANCELED,,
2026-06-22T03:11:08Z,1821512026-06-21,18215,2026-06-21,CANCELED,,
2026-06-22T03:16:06Z,1802412026-06-21,18024,2026-06-21,SCHEDULED,0,0.0
2026-06-22T03:16:06Z,1454112026-06-21,14541,2026-06-21,SCHEDULED,0,0.0
2026-06-22T03:16:06Z,1454122026-06-21,14541,2026-06-21,SCHEDULED,0,0.0
2026-06-22T03:16:06Z,1454132026-06-21,14541,2026-06-21,SCHEDULED,0,0.0
2026-06-22T03:16:06Z,1804712026-06-21,18047,2026-06-21,SCHEDULED,60,1.0
2026-06-22T03:16:06Z,1251212026-06-21,12512,2026-06-21,SCHEDULED,0,0.0
2026-06-22T03:16:06Z,0405612026-06-22,04056,2026-06-22,SCHEDULED,120,2.0
2026-06-22T03:16:06Z,1562012026-06-22,15620,2026-06-22,SCHEDULED,0,0.0
2026-06-22T03:16:06Z,3890912026-06-21,38909,2026-06-21,CANCELED,,
2026-06-22T03:16:06Z,1390812026-06-21,13908,2026-06-21,CANCELED,,
2026-06-22T03:16:06Z,3890912026-06-21,38909,2026-06-21,CANCELED,,
2026-06-22T03:16:06Z,1390812026-06-21,13908,2026-06-21,CANCELED,,
2026-06-22T03:16:06Z,1720112026-06-21,17201,2026-06-21,CANCELED,,
2026-06-22T03:16:06Z,3890812026-06-21,38908,2026-06-21,CANCELED,,
2026-06-22T03:16:06Z,3830112026-06-21,38301,2026-06-21,CANCELED,,
2026-06-22T03:16:06Z,3890812026-06-21,38908,2026-06-21,CANCELED,,
2026-06-22T03:16:06Z,1390512026-06-21,13905,2026-06-21,CANCELED,,
2026-06-22T03:16:06Z,1390912026-06-21,13909,2026-06-21,CANCELED,,
2026-06-22T03:16:06Z,3890512026-06-21,38905,2026-06-21,CANCELED,,
2026-06-22T03:16:06Z,1390912026-06-21,13909,2026-06-21,CANCELED,,
2026-06-22T03:16:06Z,0478612026-06-22,04786,2026-06-22,CANCELED,,
2026-06-22T03:16:06Z,1821812026-06-21,18218,2026-06-21,CANCELED,,
2026-06-22T03:16:06Z,1305112026-06-21,13051,2026-06-21,CANCELED,,
2026-06-22T03:16:06Z,1877012026-06-21,18770,2026-06-21,CANCELED,,
2026-06-22T03:16:06Z,1390212026-06-21,13902,2026-06-21,CANCELED,,
2026-06-22T03:16:06Z,1302012026-06-21,13020,2026-06-21,CANCELED,,
2026-06-22T03:16:06Z,3890212026-06-21,38902,2026-06-21,CANCELED,,
2026-06-22T03:16:06Z,7185512026-06-21,71855,2026-06-21,CANCELED,,
2026-06-22T03:16:06Z,1802712026-06-21,18027,2026-06-21,CANCELED,,
2026-06-22T03:16:06Z,1821412026-06-21,18214,2026-06-21,CANCELED,,
2026-06-22T03:16:06Z,1821512026-06-21,18215,2026-06-21,CANCELED,,
2026-06-22T03:21:04Z,0405612026-06-22,04056,2026-06-22,SCHEDULED,0,0.0
2026-06-22T03:21:04Z,1454112026-06-21,14541,2026-06-21,SCHEDULED,-60,-1.0
2026-06-22T03:21:04Z,1454122026-06-21,14541,2026-06-21,SCHEDULED,-60,-1.0
2026-06-22T03:21:04Z,1454132026-06-21,14541,2026-06-21,SCHEDULED,-60,-1.0
2026-06-22T03:21:04Z,1802412026-06-21,18024,2026-06-21,SCHEDULED,0,0.0
2026-06-22T03:21:04Z,1804712026-06-21,18047,2026-06-21,SCHEDULED,60,1.0
2026-06-22T03:21:04Z,0411422026-06-22,04114,2026-06-22,SCHEDULED,0,0.0
2026-06-22T03:21:04Z,0411412026-06-22,04114,2026-06-22,SCHEDULED,0,0.0
2026-06-22T03:21:04Z,1562012026-06-22,15620,2026-06-22,SCHEDULED,60,1.0
2026-06-22T03:21:04Z,1251212026-06-21,12512,2026-06-21,SCHEDULED,60,1.0
2026-06-22T03:21:04Z,3890912026-06-21,38909,2026-06-21,CANCELED,,
2026-06-22T03:21:04Z,1390812026-06-21,13908,2026-06-21,CANCELED,,
2026-06-22T03:21:04Z,1390812026-06-21,13908,2026-06-21,CANCELED,,
2026-06-22T03:21:04Z,3890912026-06-21,38909,2026-06-21,CANCELED,,
2026-06-22T03:21:04Z,3890812026-06-21,38908,2026-06-21,CANCELED,,
2026-06-22T03:21:04Z,1720112026-06-21,17201,2026-06-21,CANCELED,,
2026-06-22T03:21:04Z,3890812026-06-21,38908,2026-06-21,CANCELED,,
2026-06-22T03:21:04Z,3830112026-06-21,38301,2026-06-21,CANCELED,,
2026-06-22T03:21:04Z,1390512026-06-21,13905,2026-06-21,CANCELED,,
2026-06-22T03:21:04Z,3890512026-06-21,38905,2026-06-21,CANCELED,,
2026-06-22T03:21:04Z,1390912026-06-21,13909,2026-06-21,CANCELED,,
2026-06-22T03:21:04Z,0478612026-06-22,04786,2026-06-22,CANCELED,,
2026-06-22T03:21:04Z,1390912026-06-21,13909,2026-06-21,CANCELED,,
2026-06-22T03:21:04Z,1305112026-06-21,13051,2026-06-21,CANCELED,,
2026-06-22T03:21:04Z,1390212026-06-21,13902,2026-06-21,CANCELED,,
2026-06-22T03:21:04Z,1821812026-06-21,18218,2026-06-21,CANCELED,,
2026-06-22T03:21:04Z,3890212026-06-21,38902,2026-06-21,CANCELED,,
2026-06-22T03:21:04Z,1877012026-06-21,18770,2026-06-21,CANCELED,,
2026-06-22T03:21:04Z,1302012026-06-21,13020,2026-06-21,CANCELED,,
2026-06-22T03:21:04Z,7185512026-06-21,71855,2026-06-21,CANCELED,,
2026-06-22T03:21:04Z,1802712026-06-21,18027,2026-06-21,CANCELED,,
2026-06-22T03:21:04Z,1821412026-06-21,18214,2026-06-21,CANCELED,,
2026-06-22T03:21:04Z,1821512026-06-21,18215,2026-06-21,CANCELED,,
2026-06-22T03:26:07Z,1804712026-06-21,18047,2026-06-21,SCHEDULED,60,1.0
2026-06-22T03:26:07Z,0415422026-06-21,04154,2026-06-21,SCHEDULED,120,2.0
2026-06-22T03:26:07Z,0415412026-06-21,04154,2026-06-21,SCHEDULED,120,2.0
2026-06-22T03:26:07Z,1802412026-06-21,18024,2026-06-21,SCHEDULED,0,0.0
2026-06-22T03:26:07Z,1454112026-06-21,14541,2026-06-21,SCHEDULED,-60,-1.0
2026-06-22T03:26:07Z,1454122026-06-21,14541,2026-06-21,SCHEDULED,-60,-1.0
2026-06-22T03:26:07Z,1454132026-06-21,14541,2026-06-21,SCHEDULED,-60,-1.0
2026-06-22T03:26:07Z,0411422026-06-22,04114,2026-06-22,SCHEDULED,0,0.0
2026-06-22T03:26:07Z,0411412026-06-22,04114,2026-06-22,SCHEDULED,0,0.0
2026-06-22T03:26:07Z,1562012026-06-22,15620,2026-06-22,SCHEDULED,60,1.0
2026-06-22T03:26:07Z,0405612026-06-22,04056,2026-06-22,SCHEDULED,0,0.0
2026-06-22T03:26:07Z,1251212026-06-21,12512,2026-06-21,SCHEDULED,180,3.0
2026-06-22T03:26:07Z,1390812026-06-21,13908,2026-06-21,CANCELED,,
2026-06-22T03:26:07Z,3890912026-06-21,38909,2026-06-21,CANCELED,,
2026-06-22T03:26:07Z,3890912026-06-21,38909,2026-06-21,CANCELED,,
2026-06-22T03:26:07Z,1390812026-06-21,13908,2026-06-21,CANCELED,,
2026-06-22T03:26:07Z,1720112026-06-21,17201,2026-06-21,CANCELED,,
2026-06-22T03:26:07Z,3890812026-06-21,38908,2026-06-21,CANCELED,,
2026-06-22T03:26:07Z,3830112026-06-21,38301,2026-06-21,CANCELED,,
2026-06-22T03:26:07Z,3890812026-06-21,38908,2026-06-21,CANCELED,,
2026-06-22T03:26:07Z,1390512026-06-21,13905,2026-06-21,CANCELED,,
2026-06-22T03:26:07Z,1390912026-06-21,13909,2026-06-21,CANCELED,,
2026-06-22T03:26:07Z,3890512026-06-21,38905,2026-06-21,CANCELED,,
2026-06-22T03:26:07Z,1390912026-06-21,13909,2026-06-21,CANCELED,,
2026-06-22T03:26:07Z,0478612026-06-22,04786,2026-06-22,CANCELED,,
2026-06-22T03:26:07Z,1821812026-06-21,18218,2026-06-21,CANCELED,,
2026-06-22T03:26:07Z,1305112026-06-21,13051,2026-06-21,CANCELED,,
2026-06-22T03:26:07Z,1877012026-06-21,18770,2026-06-21,CANCELED,,
2026-06-22T03:26:07Z,1390212026-06-21,13902,2026-06-21,CANCELED,,
2026-06-22T03:26:07Z,3890212026-06-21,38902,2026-06-21,CANCELED,,
2026-06-22T03:26:07Z,1302012026-06-21,13020,2026-06-21,CANCELED,,
2026-06-22T03:26:07Z,7185512026-06-21,71855,2026-06-21,CANCELED,,
2026-06-22T03:26:07Z,1802712026-06-21,18027,2026-06-21,CANCELED,,
2026-06-22T03:26:07Z,1821412026-06-21,18214,2026-06-21,CANCELED,,
2026-06-22T03:26:07Z,1821512026-06-21,18215,2026-06-21,CANCELED,,
2026-06-22T03:31:18Z,1804712026-06-21,18047,2026-06-21,SCHEDULED,60,1.0
2026-06-22T03:31:18Z,0415422026-06-21,04154,2026-06-21,SCHEDULED,60,1.0
2026-06-22T03:31:18Z,0415412026-06-21,04154,2026-06-21,SCHEDULED,60,1.0
2026-06-22T03:31:18Z,1802412026-06-21,18024,2026-06-21,SCHEDULED,0,0.0
2026-06-22T03:31:18Z,1454112026-06-21,14541,2026-06-21,SCHEDULED,-120,-2.0
2026-06-22T03:31:18Z,1454122026-06-21,14541,2026-06-21,SCHEDULED,-120,-2.0
2026-06-22T03:31:18Z,1454132026-06-21,14541,2026-06-21,SCHEDULED,-120,-2.0
2026-06-22T03:31:18Z,1562012026-06-22,15620,2026-06-22,SCHEDULED,60,1.0
2026-06-22T03:31:18Z,0411422026-06-22,04114,2026-06-22,SCHEDULED,0,0.0
2026-06-22T03:31:18Z,0411412026-06-22,04114,2026-06-22,SCHEDULED,0,0.0
2026-06-22T03:31:18Z,0405612026-06-22,04056,2026-06-22,SCHEDULED,0,0.0
2026-06-22T03:31:18Z,1251212026-06-21,12512,2026-06-21,SCHEDULED,180,3.0
2026-06-22T03:31:18Z,1390812026-06-21,13908,2026-06-21,CANCELED,,
2026-06-22T03:31:18Z,3890912026-06-21,38909,2026-06-21,CANCELED,,
2026-06-22T03:31:18Z,3890912026-06-21,38909,2026-06-21,CANCELED,,
2026-06-22T03:31:18Z,1390812026-06-21,13908,2026-06-21,CANCELED,,
2026-06-22T03:31:18Z,3890812026-06-21,38908,2026-06-21,CANCELED,,
2026-06-22T03:31:18Z,1720112026-06-21,17201,2026-06-21,CANCELED,,
2026-06-22T03:31:18Z,3890812026-06-21,38908,2026-06-21,CANCELED,,
2026-06-22T03:31:18Z,3830112026-06-21,38301,2026-06-21,CANCELED,,
2026-06-22T03:31:18Z,1390512026-06-21,13905,2026-06-21,CANCELED,,
2026-06-22T03:31:18Z,3890512026-06-21,38905,2026-06-21,CANCELED,,
2026-06-22T03:31:18Z,1390912026-06-21,13909,2026-06-21,CANCELED,,
2026-06-22T03:31:18Z,1390912026-06-21,13909,2026-06-21,CANCELED,,
2026-06-22T03:31:18Z,0478612026-06-22,04786,2026-06-22,CANCELED,,
2026-06-22T03:31:18Z,1305112026-06-21,13051,2026-06-21,CANCELED,,
2026-06-22T03:31:18Z,1821812026-06-21,18218,2026-06-21,CANCELED,,
2026-06-22T03:31:18Z,1390212026-06-21,13902,2026-06-21,CANCELED,,
2026-06-22T03:31:18Z,1877012026-06-21,18770,2026-06-21,CANCELED,,
2026-06-22T03:31:18Z,3890212026-06-21,38902,2026-06-21,CANCELED,,
2026-06-22T03:31:18Z,1302012026-06-21,13020,2026-06-21,CANCELED,,
2026-06-22T03:31:18Z,7185512026-06-21,71855,2026-06-21,CANCELED,,
2026-06-22T03:31:18Z,1802712026-06-21,18027,2026-06-21,CANCELED,,
2026-06-22T03:31:18Z,1821412026-06-21,18214,2026-06-21,CANCELED,,
2026-06-22T03:31:18Z,1821512026-06-21,18215,2026-06-21,CANCELED,,
2026-06-22T03:36:05Z,1804712026-06-21,18047,2026-06-21,SCHEDULED,240,4.0
2026-06-22T03:36:05Z,0411422026-06-22,04114,2026-06-22,SCHEDULED,0,0.0
2026-06-22T03:36:05Z,0411412026-06-22,04114,2026-06-22,SCHEDULED,0,0.0
2026-06-22T03:36:05Z,1530912026-06-21,15309,2026-06-21,SCHEDULED,0,0.0
2026-06-22T03:36:05Z,0405612026-06-22,04056,2026-06-22,SCHEDULED,180,3.0
2026-06-22T03:36:05Z,1802412026-06-21,18024,2026-06-21,SCHEDULED,0,0.0
2026-06-22T03:36:05Z,0415422026-06-21,04154,2026-06-21,SCHEDULED,60,1.0
2026-06-22T03:36:05Z,0415412026-06-21,04154,2026-06-21,SCHEDULED,60,1.0
2026-06-22T03:36:05Z,1562012026-06-22,15620,2026-06-22,SCHEDULED,60,1.0
2026-06-22T03:36:05Z,1251212026-06-21,12512,2026-06-21,SCHEDULED,180,3.0
2026-06-22T03:36:05Z,0306242026-06-21,03062,2026-06-21,SCHEDULED,60,1.0
2026-06-22T03:36:05Z,0306232026-06-21,03062,2026-06-21,SCHEDULED,60,1.0
2026-06-22T03:36:05Z,0306212026-06-21,03062,2026-06-21,SCHEDULED,60,1.0
2026-06-22T03:36:05Z,0306222026-06-21,03062,2026-06-21,SCHEDULED,60,1.0
2026-06-22T03:36:05Z,1454112026-06-21,14541,2026-06-21,SCHEDULED,0,0.0
2026-06-22T03:36:05Z,1454122026-06-21,14541,2026-06-21,SCHEDULED,0,0.0
2026-06-22T03:36:05Z,1454132026-06-21,14541,2026-06-21,SCHEDULED,0,0.0
2026-06-22T03:36:05Z,0807212026-06-21,08072,2026-06-21,SCHEDULED,60,1.0
2026-06-22T03:36:05Z,3890912026-06-21,38909,2026-06-21,CANCELED,,
2026-06-22T03:36:05Z,1390812026-06-21,13908,2026-06-21,CANCELED,,
2026-06-22T03:36:05Z,1390812026-06-21,13908,2026-06-21,CANCELED,,
2026-06-22T03:36:05Z,3890912026-06-21,38909,2026-06-21,CANCELED,,
2026-06-22T03:36:05Z,3890812026-06-21,38908,2026-06-21,CANCELED,,
2026-06-22T03:36:05Z,1720112026-06-21,17201,2026-06-21,CANCELED,,
2026-06-22T03:36:05Z,3890812026-06-21,38908,2026-06-21,CANCELED,,
2026-06-22T03:36:05Z,3830112026-06-21,38301,2026-06-21,CANCELED,,
2026-06-22T03:36:05Z,1390512026-06-21,13905,2026-06-21,CANCELED,,
2026-06-22T03:36:05Z,1390912026-06-21,13909,2026-06-21,CANCELED,,
2026-06-22T03:36:05Z,3890512026-06-21,38905,2026-06-21,CANCELED,,
2026-06-22T03:36:05Z,1390912026-06-21,13909,2026-06-21,CANCELED,,
2026-06-22T03:36:05Z,0478612026-06-22,04786,2026-06-22,CANCELED,,
2026-06-22T03:36:05Z,1305112026-06-21,13051,2026-06-21,CANCELED,,
2026-06-22T03:36:05Z,1821812026-06-21,18218,2026-06-21,CANCELED,,
2026-06-22T03:36:05Z,1390212026-06-21,13902,2026-06-21,CANCELED,,
2026-06-22T03:36:05Z,1877012026-06-21,18770,2026-06-21,CANCELED,,
2026-06-22T03:36:05Z,3890212026-06-21,38902,2026-06-21,CANCELED,,
2026-06-22T03:36:05Z,1302012026-06-21,13020,2026-06-21,CANCELED,,
2026-06-22T03:36:05Z,7185512026-06-21,71855,2026-06-21,CANCELED,,
2026-06-22T03:36:05Z,1802712026-06-21,18027,2026-06-21,CANCELED,,
2026-06-22T03:36:05Z,1821412026-06-21,18214,2026-06-21,CANCELED,,
2026-06-22T03:36:05Z,1821512026-06-21,18215,2026-06-21,CANCELED,,
2026-06-22T03:41:08Z,1268912026-06-21,12689,2026-06-21,SCHEDULED,0,0.0
2026-06-22T03:41:08Z,0411422026-06-22,04114,2026-06-22,SCHEDULED,0,0.0
2026-06-22T03:41:08Z,0411412026-06-22,04114,2026-06-22,SCHEDULED,0,0.0
2026-06-22T03:41:08Z,1802412026-06-21,18024,2026-06-21,SCHEDULED,0,0.0
2026-06-22T03:41:08Z,0405612026-06-22,04056,2026-06-22,SCHEDULED,0,0.0
2026-06-22T03:41:08Z,1804712026-06-21,18047,2026-06-21,SCHEDULED,120,2.0
2026-06-22T03:41:08Z,0415422026-06-21,04154,2026-06-21,SCHEDULED,60,1.0
2026-06-22T03:41:08Z,0415412026-06-21,04154,2026-06-21,SCHEDULED,60,1.0
2026-06-22T03:41:08Z,1562012026-06-22,15620,2026-06-22,SCHEDULED,60,1.0
2026-06-22T03:41:08Z,0206312026-06-21,02063,2026-06-21,SCHEDULED,0,0.0
2026-06-22T03:41:08Z,1251212026-06-21,12512,2026-06-21,SCHEDULED,180,3.0
2026-06-22T03:41:08Z,1530912026-06-21,15309,2026-06-21,SCHEDULED,0,0.0
2026-06-22T03:41:08Z,0306242026-06-21,03062,2026-06-21,SCHEDULED,60,1.0
2026-06-22T03:41:08Z,0306232026-06-21,03062,2026-06-21,SCHEDULED,60,1.0
2026-06-22T03:41:08Z,0306212026-06-21,03062,2026-06-21,SCHEDULED,60,1.0
2026-06-22T03:41:08Z,0306222026-06-21,03062,2026-06-21,SCHEDULED,60,1.0
2026-06-22T03:41:08Z,1454112026-06-21,14541,2026-06-21,SCHEDULED,-60,-1.0
2026-06-22T03:41:08Z,1454122026-06-21,14541,2026-06-21,SCHEDULED,-60,-1.0
2026-06-22T03:41:08Z,1454132026-06-21,14541,2026-06-21,SCHEDULED,-60,-1.0
2026-06-22T03:41:08Z,0807212026-06-21,08072,2026-06-21,SCHEDULED,0,0.0
2026-06-22T03:41:08Z,1390812026-06-21,13908,2026-06-21,CANCELED,,
2026-06-22T03:41:08Z,3890912026-06-21,38909,2026-06-21,CANCELED,,
2026-06-22T03:41:08Z,1390812026-06-21,13908,2026-06-21,CANCELED,,
2026-06-22T03:41:08Z,3890912026-06-21,38909,2026-06-21,CANCELED,,
2026-06-22T03:41:08Z,3890812026-06-21,38908,2026-06-21,CANCELED,,
2026-06-22T03:41:08Z,1720112026-06-21,17201,2026-06-21,CANCELED,,
2026-06-22T03:41:08Z,3890812026-06-21,38908,2026-06-21,CANCELED,,
2026-06-22T03:41:08Z,3830112026-06-21,38301,2026-06-21,CANCELED,,
2026-06-22T03:41:08Z,1390512026-06-21,13905,2026-06-21,CANCELED,,
2026-06-22T03:41:08Z,3890512026-06-21,38905,2026-06-21,CANCELED,,
2026-06-22T03:41:08Z,1390912026-06-21,13909,2026-06-21,CANCELED,,
2026-06-22T03:41:08Z,1390912026-06-21,13909,2026-06-21,CANCELED,,
2026-06-22T03:41:08Z,0478612026-06-22,04786,2026-06-22,CANCELED,,
2026-06-22T03:41:08Z,1305112026-06-21,13051,2026-06-21,CANCELED,,
2026-06-22T03:41:08Z,1821812026-06-21,18218,2026-06-21,CANCELED,,
2026-06-22T03:41:08Z,1390212026-06-21,13902,2026-06-21,CANCELED,,
2026-06-22T03:41:08Z,1877012026-06-21,18770,2026-06-21,CANCELED,,
2026-06-22T03:41:08Z,3890212026-06-21,38902,2026-06-21,CANCELED,,
2026-06-22T03:41:08Z,1302012026-06-21,13020,2026-06-21,CANCELED,,
2026-06-22T03:41:08Z,7185512026-06-21,71855,2026-06-21,CANCELED,,
2026-06-22T03:41:08Z,1802712026-06-21,18027,2026-06-21,CANCELED,,
2026-06-22T03:41:08Z,1821412026-06-21,18214,2026-06-21,CANCELED,,
2026-06-22T03:41:08Z,1821512026-06-21,18215,2026-06-21,CANCELED,,
2026-06-22T03:46:09Z,1500012026-06-21,15000,2026-06-21,SCHEDULED,0,0.0
2026-06-22T03:46:09Z,0411422026-06-22,04114,2026-06-22,SCHEDULED,240,4.0
2026-06-22T03:46:09Z,0411412026-06-22,04114,2026-06-22,SCHEDULED,240,4.0
2026-06-22T03:46:09Z,1802412026-06-21,18024,2026-06-21,SCHEDULED,0,0.0
2026-06-22T03:46:09Z,0405612026-06-22,04056,2026-06-22,SCHEDULED,-180,-3.0
2026-06-22T03:46:09Z,1804712026-06-21,18047,2026-06-21,SCHEDULED,120,2.0
2026-06-22T03:46:09Z,0415422026-06-21,04154,2026-06-21,SCHEDULED,0,0.0
2026-06-22T03:46:09Z,0415412026-06-21,04154,2026-06-21,SCHEDULED,0,0.0
2026-06-22T03:46:09Z,1812012026-06-21,18120,2026-06-21,SCHEDULED,60,1.0
2026-06-22T03:46:09Z,1268912026-06-21,12689,2026-06-21,SCHEDULED,60,1.0
2026-06-22T03:46:09Z,1562012026-06-22,15620,2026-06-22,SCHEDULED,120,2.0
2026-06-22T03:46:09Z,1300112026-06-21,13001,2026-06-21,SCHEDULED,120,2.0
2026-06-22T03:46:09Z,1251212026-06-21,12512,2026-06-21,SCHEDULED,120,2.0
2026-06-22T03:46:09Z,0206312026-06-21,02063,2026-06-21,SCHEDULED,0,0.0
2026-06-22T03:46:09Z,1577022026-06-22,15770,2026-06-22,SCHEDULED,60,1.0
2026-06-22T03:46:09Z,0305212026-06-21,03052,2026-06-21,SCHEDULED,60,1.0
2026-06-22T03:46:09Z,1530912026-06-21,15309,2026-06-21,SCHEDULED,-180,-3.0
2026-06-22T03:46:09Z,1454112026-06-21,14541,2026-06-21,SCHEDULED,-60,-1.0
2026-06-22T03:46:09Z,1454122026-06-21,14541,2026-06-21,SCHEDULED,-60,-1.0
2026-06-22T03:46:09Z,1454132026-06-21,14541,2026-06-21,SCHEDULED,-60,-1.0
2026-06-22T03:46:09Z,0306242026-06-21,03062,2026-06-21,SCHEDULED,60,1.0
2026-06-22T03:46:09Z,0306232026-06-21,03062,2026-06-21,SCHEDULED,60,1.0
2026-06-22T03:46:09Z,0306212026-06-21,03062,2026-06-21,SCHEDULED,60,1.0
2026-06-22T03:46:09Z,0306222026-06-21,03062,2026-06-21,SCHEDULED,60,1.0
2026-06-22T03:46:09Z,0807212026-06-21,08072,2026-06-21,SCHEDULED,0,0.0
2026-06-22T03:46:09Z,1390812026-06-21,13908,2026-06-21,CANCELED,,
2026-06-22T03:46:09Z,3890912026-06-21,38909,2026-06-21,CANCELED,,
2026-06-22T03:46:09Z,1390812026-06-21,13908,2026-06-21,CANCELED,,
2026-06-22T03:46:09Z,3890912026-06-21,38909,2026-06-21,CANCELED,,
2026-06-22T03:46:09Z,3890812026-06-21,38908,2026-06-21,CANCELED,,
2026-06-22T03:46:09Z,1720112026-06-21,17201,2026-06-21,CANCELED,,
2026-06-22T03:46:09Z,3890812026-06-21,38908,2026-06-21,CANCELED,,
2026-06-22T03:46:09Z,3830112026-06-21,38301,2026-06-21,CANCELED,,
2026-06-22T03:46:09Z,1390512026-06-21,13905,2026-06-21,CANCELED,,
2026-06-22T03:46:09Z,3890512026-06-21,38905,2026-06-21,CANCELED,,
2026-06-22T03:46:09Z,1390912026-06-21,13909,2026-06-21,CANCELED,,
2026-06-22T03:46:09Z,1390912026-06-21,13909,2026-06-21,CANCELED,,
2026-06-22T03:46:09Z,0478612026-06-22,04786,2026-06-22,CANCELED,,
2026-06-22T03:46:09Z,1305112026-06-21,13051,2026-06-21,CANCELED,,
2026-06-22T03:46:09Z,1821812026-06-21,18218,2026-06-21,CANCELED,,
2026-06-22T03:46:09Z,1390212026-06-21,13902,2026-06-21,CANCELED,,
2026-06-22T03:46:09Z,1877012026-06-21,18770,2026-06-21,CANCELED,,
2026-06-22T03:46:09Z,3890212026-06-21,38902,2026-06-21,CANCELED,,
2026-06-22T03:46:09Z,1302012026-06-21,13020,2026-06-21,CANCELED,,
2026-06-22T03:46:09Z,7185512026-06-21,71855,2026-06-21,CANCELED,,
2026-06-22T03:46:09Z,1802712026-06-21,18027,2026-06-21,CANCELED,,
2026-06-22T03:46:09Z,1821412026-06-21,18214,2026-06-21,CANCELED,,
2026-06-22T03:46:09Z,1821512026-06-21,18215,2026-06-21,CANCELED,,
2026-06-22T03:51:05Z,1804712026-06-21,18047,2026-06-21,SCHEDULED,240,4.0
2026-06-22T03:51:05Z,0415422026-06-21,04154,2026-06-21,SCHEDULED,60,1.0
2026-06-22T03:51:05Z,0415412026-06-21,04154,2026-06-21,SCHEDULED,60,1.0
2026-06-22T03:51:05Z,1812012026-06-21,18120,2026-06-21,SCHEDULED,60,1.0
2026-06-22T03:51:05Z,1268912026-06-21,12689,2026-06-21,SCHEDULED,60,1.0
2026-06-22T03:51:05Z,1812112026-06-21,18121,2026-06-21,SCHEDULED,-60,-1.0
2026-06-22T03:51:05Z,1300112026-06-21,13001,2026-06-21,SCHEDULED,120,2.0
2026-06-22T03:51:05Z,1891012026-06-21,18910,2026-06-21,SCHEDULED,0,0.0
2026-06-22T03:51:05Z,1500012026-06-21,15000,2026-06-21,SCHEDULED,0,0.0
2026-06-22T03:51:05Z,1530912026-06-21,15309,2026-06-21,SCHEDULED,-60,-1.0
2026-06-22T03:51:05Z,1770712026-06-21,17707,2026-06-21,SCHEDULED,180,3.0
2026-06-22T03:51:05Z,1503022026-06-21,15030,2026-06-21,SCHEDULED,420,7.0
2026-06-22T03:51:05Z,1802412026-06-21,18024,2026-06-21,SCHEDULED,0,0.0
2026-06-22T03:51:05Z,1251212026-06-21,12512,2026-06-21,SCHEDULED,120,2.0
2026-06-22T03:51:05Z,1572012026-06-22,15720,2026-06-22,SCHEDULED,60,1.0
2026-06-22T03:51:05Z,0206312026-06-21,02063,2026-06-21,SCHEDULED,0,0.0
2026-06-22T03:51:05Z,1577022026-06-22,15770,2026-06-22,SCHEDULED,120,2.0
2026-06-22T03:51:05Z,0305212026-06-21,03052,2026-06-21,SCHEDULED,60,1.0
2026-06-22T03:51:05Z,1576012026-06-22,15760,2026-06-22,SCHEDULED,0,0.0
2026-06-22T03:51:05Z,1600012026-06-21,16000,2026-06-21,SCHEDULED,0,0.0
2026-06-22T03:51:05Z,0306242026-06-21,03062,2026-06-21,SCHEDULED,120,2.0
2026-06-22T03:51:05Z,0306232026-06-21,03062,2026-06-21,SCHEDULED,120,2.0
2026-06-22T03:51:05Z,0306212026-06-21,03062,2026-06-21,SCHEDULED,120,2.0
2026-06-22T03:51:05Z,0306222026-06-21,03062,2026-06-21,SCHEDULED,120,2.0
2026-06-22T03:51:05Z,1454112026-06-21,14541,2026-06-21,SCHEDULED,-60,-1.0
2026-06-22T03:51:05Z,1454122026-06-21,14541,2026-06-21,SCHEDULED,-60,-1.0
2026-06-22T03:51:05Z,1454132026-06-21,14541,2026-06-21,SCHEDULED,-60,-1.0
2026-06-22T03:51:05Z,0807212026-06-21,08072,2026-06-21,SCHEDULED,-60,-1.0
2026-06-22T03:51:05Z,1562012026-06-22,15620,2026-06-22,SCHEDULED,180,3.0
2026-06-22T03:51:05Z,0411422026-06-22,04114,2026-06-22,SCHEDULED,240,4.0
2026-06-22T03:51:05Z,0411412026-06-22,04114,2026-06-22,SCHEDULED,240,4.0
2026-06-22T03:51:05Z,0405612026-06-22,04056,2026-06-22,SCHEDULED,-240,-4.0
2026-06-22T03:51:05Z,3890912026-06-21,38909,2026-06-21,CANCELED,,
2026-06-22T03:51:05Z,1390812026-06-21,13908,2026-06-21,CANCELED,,
2026-06-22T03:51:05Z,3890912026-06-21,38909,2026-06-21,CANCELED,,
2026-06-22T03:51:05Z,1390812026-06-21,13908,2026-06-21,CANCELED,,
2026-06-22T03:51:05Z,1720112026-06-21,17201,2026-06-21,CANCELED,,
2026-06-22T03:51:05Z,3890812026-06-21,38908,2026-06-21,CANCELED,,
2026-06-22T03:51:05Z,3890812026-06-21,38908,2026-06-21,CANCELED,,
2026-06-22T03:51:05Z,3830112026-06-21,38301,2026-06-21,CANCELED,,
2026-06-22T03:51:05Z,1390512026-06-21,13905,2026-06-21,CANCELED,,
2026-06-22T03:51:05Z,3890512026-06-21,38905,2026-06-21,CANCELED,,
2026-06-22T03:51:05Z,1390912026-06-21,13909,2026-06-21,CANCELED,,
2026-06-22T03:51:05Z,1390912026-06-21,13909,2026-06-21,CANCELED,,
2026-06-22T03:51:05Z,0478612026-06-22,04786,2026-06-22,CANCELED,,
2026-06-22T03:51:05Z,1305112026-06-21,13051,2026-06-21,CANCELED,,
2026-06-22T03:51:05Z,1821812026-06-21,18218,2026-06-21,CANCELED,,
2026-06-22T03:51:05Z,1390212026-06-21,13902,2026-06-21,CANCELED,,
2026-06-22T03:51:05Z,1877012026-06-21,18770,2026-06-21,CANCELED,,
2026-06-22T03:51:05Z,3890212026-06-21,38902,2026-06-21,CANCELED,,
2026-06-22T03:51:05Z,1302012026-06-21,13020,2026-06-21,CANCELED,,
2026-06-22T03:51:05Z,7185512026-06-21,71855,2026-06-21,CANCELED,,
2026-06-22T03:51:05Z,1802712026-06-21,18027,2026-06-21,CANCELED,,
2026-06-22T03:51:05Z,1821412026-06-21,18214,2026-06-21,CANCELED,,
2026-06-22T03:51:05Z,1821512026-06-21,18215,2026-06-21,CANCELED,,
2026-06-22T03:56:03Z,0446412026-06-21,04464,2026-06-21,SCHEDULED,120,2.0
2026-06-22T03:56:03Z,1804712026-06-21,18047,2026-06-21,SCHEDULED,240,4.0
2026-06-22T03:56:03Z,1812012026-06-21,18120,2026-06-21,SCHEDULED,0,0.0
2026-06-22T03:56:03Z,0415422026-06-21,04154,2026-06-21,SCHEDULED,60,1.0
2026-06-22T03:56:03Z,0415412026-06-21,04154,2026-06-21,SCHEDULED,60,1.0
2026-06-22T03:56:03Z,1812112026-06-21,18121,2026-06-21,SCHEDULED,-60,-1.0
2026-06-22T03:56:03Z,1268912026-06-21,12689,2026-06-21,SCHEDULED,60,1.0
2026-06-22T03:56:03Z,1891012026-06-21,18910,2026-06-21,SCHEDULED,0,0.0
2026-06-22T03:56:03Z,1300112026-06-21,13001,2026-06-21,SCHEDULED,60,1.0
2026-06-22T03:56:03Z,1530912026-06-21,15309,2026-06-21,SCHEDULED,-180,-3.0
2026-06-22T03:56:03Z,1500012026-06-21,15000,2026-06-21,SCHEDULED,-120,-2.0
2026-06-22T03:56:03Z,1503022026-06-21,15030,2026-06-21,SCHEDULED,480,8.0
2026-06-22T03:56:03Z,1770712026-06-21,17707,2026-06-21,SCHEDULED,120,2.0
2026-06-22T03:56:03Z,1600012026-06-21,16000,2026-06-21,SCHEDULED,0,0.0
2026-06-22T03:56:03Z,1802412026-06-21,18024,2026-06-21,SCHEDULED,0,0.0
2026-06-22T03:56:03Z,0206312026-06-21,02063,2026-06-21,SCHEDULED,0,0.0
2026-06-22T03:56:03Z,1454112026-06-21,14541,2026-06-21,SCHEDULED,-60,-1.0
2026-06-22T03:56:03Z,1454122026-06-21,14541,2026-06-21,SCHEDULED,-60,-1.0
2026-06-22T03:56:03Z,1454132026-06-21,14541,2026-06-21,SCHEDULED,-60,-1.0
2026-06-22T03:56:03Z,0305212026-06-21,03052,2026-06-21,SCHEDULED,60,1.0
2026-06-22T03:56:03Z,1562012026-06-22,15620,2026-06-22,SCHEDULED,180,3.0
2026-06-22T03:56:03Z,1251212026-06-21,12512,2026-06-21,SCHEDULED,180,3.0
2026-06-22T03:56:03Z,1572012026-06-22,15720,2026-06-22,SCHEDULED,60,1.0
2026-06-22T03:56:03Z,1577022026-06-22,15770,2026-06-22,SCHEDULED,60,1.0
2026-06-22T03:56:03Z,0306242026-06-21,03062,2026-06-21,SCHEDULED,180,3.0
2026-06-22T03:56:03Z,0306232026-06-21,03062,2026-06-21,SCHEDULED,180,3.0
2026-06-22T03:56:03Z,0306212026-06-21,03062,2026-06-21,SCHEDULED,180,3.0
2026-06-22T03:56:03Z,0306222026-06-21,03062,2026-06-21,SCHEDULED,180,3.0
2026-06-22T03:56:03Z,1576012026-06-22,15760,2026-06-22,SCHEDULED,0,0.0
2026-06-22T03:56:03Z,0506312026-06-21,05063,2026-06-21,SCHEDULED,120,2.0
2026-06-22T03:56:03Z,0807212026-06-21,08072,2026-06-21,SCHEDULED,-60,-1.0
2026-06-22T03:56:03Z,0411422026-06-22,04114,2026-06-22,SCHEDULED,180,3.0
2026-06-22T03:56:03Z,0411412026-06-22,04114,2026-06-22,SCHEDULED,180,3.0
2026-06-22T03:56:03Z,0405612026-06-22,04056,2026-06-22,SCHEDULED,-240,-4.0
2026-06-22T03:56:03Z,3890912026-06-21,38909,2026-06-21,CANCELED,,
2026-06-22T03:56:03Z,1390812026-06-21,13908,2026-06-21,CANCELED,,
2026-06-22T03:56:03Z,1390812026-06-21,13908,2026-06-21,CANCELED,,
2026-06-22T03:56:03Z,3890912026-06-21,38909,2026-06-21,CANCELED,,
2026-06-22T03:56:03Z,1720112026-06-21,17201,2026-06-21,CANCELED,,
2026-06-22T03:56:03Z,3890812026-06-21,38908,2026-06-21,CANCELED,,
2026-06-22T03:56:03Z,3830112026-06-21,38301,2026-06-21,CANCELED,,
2026-06-22T03:56:03Z,3890812026-06-21,38908,2026-06-21,CANCELED,,
2026-06-22T03:56:03Z,1390512026-06-21,13905,2026-06-21,CANCELED,,
2026-06-22T03:56:03Z,1390912026-06-21,13909,2026-06-21,CANCELED,,
2026-06-22T03:56:03Z,3890512026-06-21,38905,2026-06-21,CANCELED,,
2026-06-22T03:56:03Z,1390912026-06-21,13909,2026-06-21,CANCELED,,
2026-06-22T03:56:03Z,0478612026-06-22,04786,2026-06-22,CANCELED,,
2026-06-22T03:56:03Z,1305112026-06-21,13051,2026-06-21,CANCELED,,
2026-06-22T03:56:03Z,1821812026-06-21,18218,2026-06-21,CANCELED,,
2026-06-22T03:56:03Z,1390212026-06-21,13902,2026-06-21,CANCELED,,
2026-06-22T03:56:03Z,1877012026-06-21,18770,2026-06-21,CANCELED,,
2026-06-22T03:56:03Z,3890212026-06-21,38902,2026-06-21,CANCELED,,
2026-06-22T03:56:03Z,1302012026-06-21,13020,2026-06-21,CANCELED,,
2026-06-22T03:56:03Z,7185512026-06-21,71855,2026-06-21,CANCELED,,
2026-06-22T03:56:03Z,1802712026-06-21,18027,2026-06-21,CANCELED,,
2026-06-22T03:56:03Z,1821412026-06-21,18214,2026-06-21,CANCELED,,
2026-06-22T03:56:03Z,1821512026-06-21,18215,2026-06-21,CANCELED,,
2026-06-22T04:01:31Z,0406012026-06-21,04060,2026-06-21,SCHEDULED,60,1.0
2026-06-22T04:01:31Z,1802412026-06-21,18024,2026-06-21,SCHEDULED,0,0.0
2026-06-22T04:01:31Z,0446412026-06-21,04464,2026-06-21,SCHEDULED,180,3.0
2026-06-22T04:01:31Z,1804712026-06-21,18047,2026-06-21,SCHEDULED,240,4.0
2026-06-22T04:01:31Z,0415422026-06-21,04154,2026-06-21,SCHEDULED,60,1.0
2026-06-22T04:01:31Z,0415412026-06-21,04154,2026-06-21,SCHEDULED,60,1.0
2026-06-22T04:01:31Z,1807112026-06-21,18071,2026-06-21,SCHEDULED,0,0.0
2026-06-22T04:01:31Z,1806612026-06-21,18066,2026-06-21,SCHEDULED,540,9.0
2026-06-22T04:01:31Z,1241112026-06-21,12411,2026-06-21,SCHEDULED,-1140,-19.0
2026-06-22T04:01:31Z,1812012026-06-21,18120,2026-06-21,SCHEDULED,120,2.0
2026-06-22T04:01:31Z,1268912026-06-21,12689,2026-06-21,SCHEDULED,60,1.0
2026-06-22T04:01:31Z,1300112026-06-21,13001,2026-06-21,SCHEDULED,60,1.0
2026-06-22T04:01:31Z,1812112026-06-21,18121,2026-06-21,SCHEDULED,-60,-1.0
2026-06-22T04:01:31Z,1500012026-06-21,15000,2026-06-21,SCHEDULED,0,0.0
2026-06-22T04:01:31Z,1891012026-06-21,18910,2026-06-21,SCHEDULED,120,2.0
2026-06-22T04:01:31Z,1530912026-06-21,15309,2026-06-21,SCHEDULED,0,0.0
2026-06-22T04:01:31Z,1505112026-06-21,15051,2026-06-21,SCHEDULED,0,0.0
2026-06-22T04:01:31Z,1503022026-06-21,15030,2026-06-21,SCHEDULED,600,10.0
2026-06-22T04:01:31Z,1770712026-06-21,17707,2026-06-21,SCHEDULED,180,3.0
2026-06-22T04:01:31Z,1600012026-06-21,16000,2026-06-21,SCHEDULED,-120,-2.0
2026-06-22T04:01:31Z,0206312026-06-21,02063,2026-06-21,SCHEDULED,-120,-2.0
2026-06-22T04:01:31Z,0305212026-06-21,03052,2026-06-21,SCHEDULED,120,2.0
2026-06-22T04:01:31Z,1454112026-06-21,14541,2026-06-21,SCHEDULED,-60,-1.0
2026-06-22T04:01:31Z,1454122026-06-21,14541,2026-06-21,SCHEDULED,-60,-1.0
2026-06-22T04:01:31Z,1454132026-06-21,14541,2026-06-21,SCHEDULED,-60,-1.0
2026-06-22T04:01:31Z,1562012026-06-22,15620,2026-06-22,SCHEDULED,120,2.0
2026-06-22T04:01:31Z,0306242026-06-21,03062,2026-06-21,SCHEDULED,240,4.0
2026-06-22T04:01:31Z,0306232026-06-21,03062,2026-06-21,SCHEDULED,240,4.0
2026-06-22T04:01:31Z,0306212026-06-21,03062,2026-06-21,SCHEDULED,240,4.0
2026-06-22T04:01:31Z,0306222026-06-21,03062,2026-06-21,SCHEDULED,240,4.0
2026-06-22T04:01:31Z,1562112026-06-21,15621,2026-06-21,SCHEDULED,960,16.0
2026-06-22T04:01:31Z,1251212026-06-21,12512,2026-06-21,SCHEDULED,180,3.0
2026-06-22T04:01:31Z,1572012026-06-22,15720,2026-06-22,SCHEDULED,120,2.0
2026-06-22T04:01:31Z,1577022026-06-22,15770,2026-06-22,SCHEDULED,0,0.0
2026-06-22T04:01:31Z,0306242026-06-21,03062,2026-06-21,SCHEDULED,120,2.0
2026-06-22T04:01:31Z,0306232026-06-21,03062,2026-06-21,SCHEDULED,120,2.0
2026-06-22T04:01:31Z,0306212026-06-21,03062,2026-06-21,SCHEDULED,120,2.0
2026-06-22T04:01:31Z,0306222026-06-21,03062,2026-06-21,SCHEDULED,120,2.0
2026-06-22T04:01:31Z,1576012026-06-22,15760,2026-06-22,SCHEDULED,0,0.0
2026-06-22T04:01:31Z,0506312026-06-21,05063,2026-06-21,SCHEDULED,60,1.0
2026-06-22T04:01:31Z,0807212026-06-21,08072,2026-06-21,SCHEDULED,-180,-3.0
2026-06-22T04:01:31Z,0906112026-06-22,09061,2026-06-22,SCHEDULED,-60,-1.0
2026-06-22T04:01:31Z,0411422026-06-22,04114,2026-06-22,SCHEDULED,180,3.0
2026-06-22T04:01:31Z,0411412026-06-22,04114,2026-06-22,SCHEDULED,180,3.0
2026-06-22T04:01:31Z,0405612026-06-22,04056,2026-06-22,SCHEDULED,-60,-1.0
2026-06-22T04:01:31Z,1390812026-06-21,13908,2026-06-21,CANCELED,,
2026-06-22T04:01:31Z,3890912026-06-21,38909,2026-06-21,CANCELED,,
2026-06-22T04:01:31Z,1390812026-06-21,13908,2026-06-21,CANCELED,,
2026-06-22T04:01:31Z,3890912026-06-21,38909,2026-06-21,CANCELED,,
2026-06-22T04:01:31Z,3890812026-06-21,38908,2026-06-21,CANCELED,,
2026-06-22T04:01:31Z,1720112026-06-21,17201,2026-06-21,CANCELED,,
2026-06-22T04:01:31Z,3830112026-06-21,38301,2026-06-21,CANCELED,,
2026-06-22T04:01:31Z,3890812026-06-21,38908,2026-06-21,CANCELED,,
2026-06-22T04:01:31Z,1390512026-06-21,13905,2026-06-21,CANCELED,,
2026-06-22T04:01:31Z,1390912026-06-21,13909,2026-06-21,CANCELED,,
2026-06-22T04:01:31Z,3890512026-06-21,38905,2026-06-21,CANCELED,,
2026-06-22T04:01:31Z,1390912026-06-21,13909,2026-06-21,CANCELED,,
2026-06-22T04:01:31Z,0478612026-06-22,04786,2026-06-22,CANCELED,,
2026-06-22T04:01:31Z,1305112026-06-21,13051,2026-06-21,CANCELED,,
2026-06-22T04:01:31Z,1821812026-06-21,18218,2026-06-21,CANCELED,,
2026-06-22T04:01:31Z,1390212026-06-21,13902,2026-06-21,CANCELED,,
2026-06-22T04:01:31Z,1877012026-06-21,18770,2026-06-21,CANCELED,,
2026-06-22T04:01:31Z,3890212026-06-21,38902,2026-06-21,CANCELED,,
2026-06-22T04:01:31Z,1302012026-06-21,13020,2026-06-21,CANCELED,,
2026-06-22T04:01:31Z,7185512026-06-21,71855,2026-06-21,CANCELED,,
2026-06-22T04:01:31Z,1802712026-06-21,18027,2026-06-21,CANCELED,,
2026-06-22T04:01:31Z,1821412026-06-21,18214,2026-06-21,CANCELED,,
2026-06-22T04:01:31Z,1821512026-06-21,18215,2026-06-21,CANCELED,,
2026-06-22T04:06:04Z,1770712026-06-21,17707,2026-06-21,SCHEDULED,180,3.0
2026-06-22T04:06:04Z,0405612026-06-22,04056,2026-06-22,SCHEDULED,-300,-5.0
2026-06-22T04:06:04Z,1802412026-06-21,18024,2026-06-21,SCHEDULED,0,0.0
2026-06-22T04:06:04Z,0406012026-06-21,04060,2026-06-21,SCHEDULED,60,1.0
2026-06-22T04:06:04Z,1804112026-06-21,18041,2026-06-21,SCHEDULED,0,0.0
2026-06-22T04:06:04Z,0446412026-06-21,04464,2026-06-21,SCHEDULED,180,3.0
2026-06-22T04:06:04Z,1804712026-06-21,18047,2026-06-21,SCHEDULED,300,5.0
2026-06-22T04:06:04Z,0415422026-06-21,04154,2026-06-21,SCHEDULED,60,1.0
2026-06-22T04:06:04Z,0415412026-06-21,04154,2026-06-21,SCHEDULED,60,1.0
2026-06-22T04:06:04Z,1807112026-06-21,18071,2026-06-21,SCHEDULED,-60,-1.0
2026-06-22T04:06:04Z,1241112026-06-21,12411,2026-06-21,SCHEDULED,-1140,-19.0
2026-06-22T04:06:04Z,1806612026-06-21,18066,2026-06-21,SCHEDULED,540,9.0
2026-06-22T04:06:04Z,1268912026-06-21,12689,2026-06-21,SCHEDULED,60,1.0
2026-06-22T04:06:04Z,1812012026-06-21,18120,2026-06-21,SCHEDULED,120,2.0
2026-06-22T04:06:04Z,1300112026-06-21,13001,2026-06-21,SCHEDULED,0,0.0
2026-06-22T04:06:04Z,1812112026-06-21,18121,2026-06-21,SCHEDULED,-60,-1.0
2026-06-22T04:06:04Z,1320212026-06-21,13202,2026-06-21,SCHEDULED,0,0.0
2026-06-22T04:06:04Z,3586912026-06-21,35869,2026-06-21,SCHEDULED,0,0.0
2026-06-22T04:06:04Z,1500012026-06-21,15000,2026-06-21,SCHEDULED,0,0.0
2026-06-22T04:06:04Z,1891012026-06-21,18910,2026-06-21,SCHEDULED,120,2.0
2026-06-22T04:06:04Z,1505112026-06-21,15051,2026-06-21,SCHEDULED,-60,-1.0
2026-06-22T04:06:04Z,1710612026-06-21,17106,2026-06-21,SCHEDULED,0,0.0
2026-06-22T04:06:04Z,1562112026-06-21,15621,2026-06-21,SCHEDULED,960,16.0
2026-06-22T04:06:04Z,0206312026-06-21,02063,2026-06-21,SCHEDULED,-60,-1.0
2026-06-22T04:06:04Z,1251212026-06-21,12512,2026-06-21,SCHEDULED,240,4.0
2026-06-22T04:06:04Z,0206712026-06-21,02067,2026-06-21,SCHEDULED,0,0.0
2026-06-22T04:06:04Z,1572012026-06-22,15720,2026-06-22,SCHEDULED,60,1.0
2026-06-22T04:06:04Z,0305212026-06-21,03052,2026-06-21,SCHEDULED,180,3.0
2026-06-22T04:06:04Z,1577022026-06-22,15770,2026-06-22,SCHEDULED,60,1.0
2026-06-22T04:06:04Z,1576012026-06-22,15760,2026-06-22,SCHEDULED,0,0.0
2026-06-22T04:06:04Z,1530912026-06-21,15309,2026-06-21,SCHEDULED,-180,-3.0
2026-06-22T04:06:04Z,1503022026-06-21,15030,2026-06-21,SCHEDULED,540,9.0
2026-06-22T04:06:04Z,0306242026-06-21,03062,2026-06-21,SCHEDULED,240,4.0
2026-06-22T04:06:04Z,0306232026-06-21,03062,2026-06-21,SCHEDULED,240,4.0
2026-06-22T04:06:04Z,0306212026-06-21,03062,2026-06-21,SCHEDULED,240,4.0
2026-06-22T04:06:04Z,0306222026-06-21,03062,2026-06-21,SCHEDULED,240,4.0
2026-06-22T04:06:04Z,1600012026-06-21,16000,2026-06-21,SCHEDULED,-120,-2.0
2026-06-22T04:06:04Z,1454112026-06-21,14541,2026-06-21,SCHEDULED,300,5.0
2026-06-22T04:06:04Z,1454122026-06-21,14541,2026-06-21,SCHEDULED,300,5.0
2026-06-22T04:06:04Z,1454132026-06-21,14541,2026-06-21,SCHEDULED,300,5.0
2026-06-22T04:06:04Z,0306242026-06-21,03062,2026-06-21,SCHEDULED,120,2.0
2026-06-22T04:06:04Z,0306232026-06-21,03062,2026-06-21,SCHEDULED,120,2.0
2026-06-22T04:06:04Z,0306212026-06-21,03062,2026-06-21,SCHEDULED,120,2.0
2026-06-22T04:06:04Z,0306222026-06-21,03062,2026-06-21,SCHEDULED,120,2.0
2026-06-22T04:06:04Z,1562012026-06-22,15620,2026-06-22,SCHEDULED,120,2.0
2026-06-22T04:06:04Z,0506312026-06-21,05063,2026-06-21,SCHEDULED,60,1.0
2026-06-22T04:06:04Z,0587112026-06-21,05871,2026-06-21,SCHEDULED,0,0.0
2026-06-22T04:06:04Z,0807212026-06-21,08072,2026-06-21,SCHEDULED,-180,-3.0
2026-06-22T04:06:04Z,0906112026-06-22,09061,2026-06-22,SCHEDULED,-60,-1.0
2026-06-22T04:06:04Z,0411422026-06-22,04114,2026-06-22,SCHEDULED,180,3.0
2026-06-22T04:06:04Z,0411412026-06-22,04114,2026-06-22,SCHEDULED,180,3.0
2026-06-22T04:06:04Z,1390812026-06-21,13908,2026-06-21,CANCELED,,
2026-06-22T04:06:04Z,3890912026-06-21,38909,2026-06-21,CANCELED,,
2026-06-22T04:06:04Z,1390812026-06-21,13908,2026-06-21,CANCELED,,
2026-06-22T04:06:04Z,3890912026-06-21,38909,2026-06-21,CANCELED,,
2026-06-22T04:06:04Z,3890812026-06-21,38908,2026-06-21,CANCELED,,
2026-06-22T04:06:04Z,1720112026-06-21,17201,2026-06-21,CANCELED,,
2026-06-22T04:06:04Z,3890812026-06-21,38908,2026-06-21,CANCELED,,
2026-06-22T04:06:04Z,3830112026-06-21,38301,2026-06-21,CANCELED,,
2026-06-22T04:06:04Z,1390512026-06-21,13905,2026-06-21,CANCELED,,
2026-06-22T04:06:04Z,1390912026-06-21,13909,2026-06-21,CANCELED,,
2026-06-22T04:06:04Z,3890512026-06-21,38905,2026-06-21,CANCELED,,
2026-06-22T04:06:04Z,1390912026-06-21,13909,2026-06-21,CANCELED,,
2026-06-22T04:06:04Z,0478612026-06-22,04786,2026-06-22,CANCELED,,
2026-06-22T04:06:04Z,1821812026-06-21,18218,2026-06-21,CANCELED,,
2026-06-22T04:06:04Z,1305112026-06-21,13051,2026-06-21,CANCELED,,
2026-06-22T04:06:04Z,1877012026-06-21,18770,2026-06-21,CANCELED,,
2026-06-22T04:06:04Z,1390212026-06-21,13902,2026-06-21,CANCELED,,
2026-06-22T04:06:04Z,1302012026-06-21,13020,2026-06-21,CANCELED,,
2026-06-22T04:06:04Z,3890212026-06-21,38902,2026-06-21,CANCELED,,
2026-06-22T04:06:04Z,7185512026-06-21,71855,2026-06-21,CANCELED,,
2026-06-22T04:06:04Z,1802712026-06-21,18027,2026-06-21,CANCELED,,
2026-06-22T04:06:04Z,1821412026-06-21,18214,2026-06-21,CANCELED,,
2026-06-22T04:06:04Z,1821512026-06-21,18215,2026-06-21,CANCELED,,
2026-06-22T04:11:03Z,1770712026-06-21,17707,2026-06-21,SCHEDULED,180,3.0
2026-06-22T04:11:03Z,0405612026-06-22,04056,2026-06-22,SCHEDULED,-300,-5.0
2026-06-22T04:11:03Z,0406012026-06-21,04060,2026-06-21,SCHEDULED,60,1.0
2026-06-22T04:11:03Z,1802412026-06-21,18024,2026-06-21,SCHEDULED,0,0.0
2026-06-22T04:11:03Z,0446412026-06-21,04464,2026-06-21,SCHEDULED,120,2.0
2026-06-22T04:11:03Z,1804112026-06-21,18041,2026-06-21,SCHEDULED,0,0.0
2026-06-22T04:11:03Z,0415422026-06-21,04154,2026-06-21,SCHEDULED,0,0.0
2026-06-22T04:11:03Z,0415412026-06-21,04154,2026-06-21,SCHEDULED,0,0.0
2026-06-22T04:11:03Z,1804712026-06-21,18047,2026-06-21,SCHEDULED,420,7.0
2026-06-22T04:11:03Z,1241112026-06-21,12411,2026-06-21,SCHEDULED,-1140,-19.0
2026-06-22T04:11:03Z,1806812026-06-21,18068,2026-06-21,SCHEDULED,-120,-2.0
2026-06-22T04:11:03Z,1268912026-06-21,12689,2026-06-21,SCHEDULED,60,1.0
2026-06-22T04:11:03Z,1807112026-06-21,18071,2026-06-21,SCHEDULED,-120,-2.0
2026-06-22T04:11:03Z,1300112026-06-21,13001,2026-06-21,SCHEDULED,60,1.0
2026-06-22T04:11:03Z,1806612026-06-21,18066,2026-06-21,SCHEDULED,540,9.0
2026-06-22T04:11:03Z,1320112026-06-21,13201,2026-06-21,SCHEDULED,0,0.0
2026-06-22T04:11:03Z,1812012026-06-21,18120,2026-06-21,SCHEDULED,120,2.0
2026-06-22T04:11:03Z,1320212026-06-21,13202,2026-06-21,SCHEDULED,120,2.0
2026-06-22T04:11:03Z,1812112026-06-21,18121,2026-06-21,SCHEDULED,-60,-1.0
2026-06-22T04:11:03Z,1500012026-06-21,15000,2026-06-21,SCHEDULED,120,2.0
2026-06-22T04:11:03Z,1831012026-06-21,18310,2026-06-21,SCHEDULED,0,0.0
2026-06-22T04:11:03Z,1505112026-06-21,15051,2026-06-21,SCHEDULED,-60,-1.0
2026-06-22T04:11:03Z,1710612026-06-21,17106,2026-06-21,SCHEDULED,0,0.0
2026-06-22T04:11:03Z,3586912026-06-21,35869,2026-06-21,SCHEDULED,120,2.0
2026-06-22T04:11:03Z,1251212026-06-21,12512,2026-06-21,SCHEDULED,240,4.0
2026-06-22T04:11:03Z,0206112026-06-21,02061,2026-06-21,SCHEDULED,120,2.0
2026-06-22T04:11:03Z,1565012026-06-21,15650,2026-06-21,SCHEDULED,0,0.0
2026-06-22T04:11:03Z,0206312026-06-21,02063,2026-06-21,SCHEDULED,-60,-1.0
2026-06-22T04:11:03Z,1572012026-06-22,15720,2026-06-22,SCHEDULED,180,3.0
2026-06-22T04:11:03Z,0206712026-06-21,02067,2026-06-21,SCHEDULED,60,1.0
2026-06-22T04:11:03Z,1577022026-06-22,15770,2026-06-22,SCHEDULED,60,1.0
2026-06-22T04:11:03Z,0305212026-06-21,03052,2026-06-21,SCHEDULED,180,3.0
2026-06-22T04:11:03Z,1576012026-06-22,15760,2026-06-22,SCHEDULED,0,0.0
2026-06-22T04:11:03Z,1891012026-06-21,18910,2026-06-21,SCHEDULED,120,2.0
2026-06-22T04:11:03Z,1530912026-06-21,15309,2026-06-21,SCHEDULED,-60,-1.0
2026-06-22T04:11:03Z,0306242026-06-21,03062,2026-06-21,SCHEDULED,420,7.0
2026-06-22T04:11:03Z,0306232026-06-21,03062,2026-06-21,SCHEDULED,420,7.0
2026-06-22T04:11:03Z,0306212026-06-21,03062,2026-06-21,SCHEDULED,420,7.0
2026-06-22T04:11:03Z,0306222026-06-21,03062,2026-06-21,SCHEDULED,420,7.0
2026-06-22T04:11:03Z,1503022026-06-21,15030,2026-06-21,SCHEDULED,720,12.0
2026-06-22T04:11:03Z,1600012026-06-21,16000,2026-06-21,SCHEDULED,-120,-2.0
2026-06-22T04:11:03Z,1562012026-06-22,15620,2026-06-22,SCHEDULED,120,2.0
2026-06-22T04:11:03Z,1562112026-06-21,15621,2026-06-21,SCHEDULED,960,16.0
2026-06-22T04:11:03Z,0306242026-06-21,03062,2026-06-21,SCHEDULED,180,3.0
2026-06-22T04:11:03Z,0306232026-06-21,03062,2026-06-21,SCHEDULED,180,3.0
2026-06-22T04:11:03Z,0306212026-06-21,03062,2026-06-21,SCHEDULED,180,3.0
2026-06-22T04:11:03Z,0306222026-06-21,03062,2026-06-21,SCHEDULED,180,3.0
2026-06-22T04:11:03Z,0506312026-06-21,05063,2026-06-21,SCHEDULED,0,0.0
2026-06-22T04:11:03Z,0587112026-06-21,05871,2026-06-21,SCHEDULED,120,2.0
2026-06-22T04:11:03Z,0807212026-06-21,08072,2026-06-21,SCHEDULED,-180,-3.0
2026-06-22T04:11:03Z,0906112026-06-22,09061,2026-06-22,SCHEDULED,-180,-3.0
2026-06-22T04:11:03Z,0411422026-06-22,04114,2026-06-22,SCHEDULED,180,3.0
2026-06-22T04:11:03Z,0411412026-06-22,04114,2026-06-22,SCHEDULED,180,3.0
2026-06-22T04:11:03Z,3890912026-06-21,38909,2026-06-21,CANCELED,,
2026-06-22T04:11:03Z,3890912026-06-21,38909,2026-06-21,CANCELED,,
2026-06-22T04:11:03Z,1720112026-06-21,17201,2026-06-21,CANCELED,,
2026-06-22T04:11:03Z,3830112026-06-21,38301,2026-06-21,CANCELED,,
2026-06-22T04:11:03Z,1390912026-06-21,13909,2026-06-21,CANCELED,,
2026-06-22T04:11:03Z,1390912026-06-21,13909,2026-06-21,CANCELED,,
2026-06-22T04:11:03Z,1821812026-06-21,18218,2026-06-21,CANCELED,,
2026-06-22T04:11:03Z,1877012026-06-21,18770,2026-06-21,CANCELED,,
2026-06-22T04:11:03Z,1302012026-06-21,13020,2026-06-21,CANCELED,,
2026-06-22T04:11:03Z,7185512026-06-21,71855,2026-06-21,CANCELED,,
2026-06-22T04:11:03Z,1802712026-06-21,18027,2026-06-21,CANCELED,,
2026-06-22T04:11:03Z,1821412026-06-21,18214,2026-06-21,CANCELED,,
2026-06-22T04:11:03Z,1390812026-06-21,13908,2026-06-21,CANCELED,,
2026-06-22T04:11:03Z,1390812026-06-21,13908,2026-06-21,CANCELED,,
2026-06-22T04:11:03Z,1821512026-06-21,18215,2026-06-21,CANCELED,,
2026-06-22T04:11:03Z,3890812026-06-21,38908,2026-06-21,CANCELED,,
2026-06-22T04:11:03Z,0478612026-06-22,04786,2026-06-22,CANCELED,,
2026-06-22T04:11:03Z,3890812026-06-21,38908,2026-06-21,CANCELED,,
2026-06-22T04:11:03Z,1305112026-06-21,13051,2026-06-21,CANCELED,,
2026-06-22T04:11:03Z,1390512026-06-21,13905,2026-06-21,CANCELED,,
2026-06-22T04:11:03Z,1390212026-06-21,13902,2026-06-21,CANCELED,,
2026-06-22T04:11:03Z,3890212026-06-21,38902,2026-06-21,CANCELED,,
2026-06-22T04:11:03Z,3890512026-06-21,38905,2026-06-21,CANCELED,,
2026-06-22T04:21:10Z,0330112026-06-21,03301,2026-06-21,SCHEDULED,120,2.0
2026-06-22T04:21:10Z,1802412026-06-21,18024,2026-06-21,SCHEDULED,0,0.0
2026-06-22T04:21:10Z,0446412026-06-21,04464,2026-06-21,SCHEDULED,60,1.0
2026-06-22T04:21:10Z,1803112026-06-21,18031,2026-06-21,SCHEDULED,0,0.0
2026-06-22T04:21:10Z,1804112026-06-21,18041,2026-06-21,SCHEDULED,120,2.0
2026-06-22T04:21:10Z,0415422026-06-21,04154,2026-06-21,SCHEDULED,0,0.0
2026-06-22T04:21:10Z,0415412026-06-21,04154,2026-06-21,SCHEDULED,0,0.0
2026-06-22T04:21:10Z,1804612026-06-21,18046,2026-06-21,SCHEDULED,180,3.0
2026-06-22T04:21:10Z,1241112026-06-21,12411,2026-06-21,SCHEDULED,0,0.0
2026-06-22T04:21:10Z,1804712026-06-21,18047,2026-06-21,SCHEDULED,480,8.0
2026-06-22T04:21:10Z,1268912026-06-21,12689,2026-06-21,SCHEDULED,180,3.0
2026-06-22T04:21:10Z,1806812026-06-21,18068,2026-06-21,SCHEDULED,60,1.0
2026-06-22T04:21:10Z,1807112026-06-21,18071,2026-06-21,SCHEDULED,-60,-1.0
2026-06-22T04:21:10Z,1300112026-06-21,13001,2026-06-21,SCHEDULED,60,1.0
2026-06-22T04:21:10Z,1807212026-06-21,18072,2026-06-21,SCHEDULED,-60,-1.0
2026-06-22T04:21:10Z,1308412026-06-21,13084,2026-06-21,SCHEDULED,0,0.0
2026-06-22T04:21:10Z,1806612026-06-21,18066,2026-06-21,SCHEDULED,300,5.0
2026-06-22T04:21:10Z,1320112026-06-21,13201,2026-06-21,SCHEDULED,-60,-1.0
2026-06-22T04:21:10Z,1812012026-06-21,18120,2026-06-21,SCHEDULED,60,1.0
2026-06-22T04:21:10Z,1320212026-06-21,13202,2026-06-21,SCHEDULED,120,2.0
2026-06-22T04:21:10Z,1812112026-06-21,18121,2026-06-21,SCHEDULED,-180,-3.0
2026-06-22T04:21:10Z,1500012026-06-21,15000,2026-06-21,SCHEDULED,120,2.0
2026-06-22T04:21:10Z,1831012026-06-21,18310,2026-06-21,SCHEDULED,-120,-2.0
2026-06-22T04:21:10Z,1500212026-06-22,15002,2026-06-22,SCHEDULED,0,0.0
2026-06-22T04:21:10Z,3586912026-06-21,35869,2026-06-21,SCHEDULED,120,2.0
2026-06-22T04:21:10Z,1505112026-06-21,15051,2026-06-21,SCHEDULED,0,0.0
2026-06-22T04:21:10Z,1251212026-06-21,12512,2026-06-21,SCHEDULED,300,5.0
2026-06-22T04:21:10Z,1710612026-06-21,17106,2026-06-21,SCHEDULED,60,1.0
2026-06-22T04:21:10Z,1565012026-06-21,15650,2026-06-21,SCHEDULED,60,1.0
2026-06-22T04:21:10Z,1770712026-06-21,17707,2026-06-21,SCHEDULED,180,3.0
2026-06-22T04:21:10Z,1572012026-06-22,15720,2026-06-22,SCHEDULED,-120,-2.0
2026-06-22T04:21:10Z,0206112026-06-21,02061,2026-06-21,SCHEDULED,60,1.0
2026-06-22T04:21:10Z,1577022026-06-22,15770,2026-06-22,SCHEDULED,60,1.0
2026-06-22T04:21:10Z,0206312026-06-21,02063,2026-06-21,SCHEDULED,-60,-1.0
2026-06-22T04:21:10Z,1576012026-06-22,15760,2026-06-22,SCHEDULED,300,5.0
2026-06-22T04:21:10Z,0206712026-06-21,02067,2026-06-21,SCHEDULED,60,1.0
2026-06-22T04:21:10Z,1590012026-06-21,15900,2026-06-21,SCHEDULED,0,0.0
2026-06-22T04:21:10Z,0305212026-06-21,03052,2026-06-21,SCHEDULED,180,3.0
2026-06-22T04:21:10Z,1891012026-06-21,18910,2026-06-21,SCHEDULED,120,2.0
2026-06-22T04:21:10Z,1530912026-06-21,15309,2026-06-21,SCHEDULED,-60,-1.0
2026-06-22T04:21:10Z,1503022026-06-21,15030,2026-06-21,SCHEDULED,900,15.0
2026-06-22T04:21:10Z,1600012026-06-21,16000,2026-06-21,SCHEDULED,120,2.0
2026-06-22T04:21:10Z,0306242026-06-21,03062,2026-06-21,SCHEDULED,420,7.0
2026-06-22T04:21:10Z,0306232026-06-21,03062,2026-06-21,SCHEDULED,420,7.0
2026-06-22T04:21:10Z,0306212026-06-21,03062,2026-06-21,SCHEDULED,420,7.0
2026-06-22T04:21:10Z,0306222026-06-21,03062,2026-06-21,SCHEDULED,420,7.0
2026-06-22T04:21:10Z,1447012026-06-22,14470,2026-06-22,SCHEDULED,60,1.0
2026-06-22T04:21:10Z,1562012026-06-22,15620,2026-06-22,SCHEDULED,120,2.0
2026-06-22T04:21:10Z,1562112026-06-21,15621,2026-06-21,SCHEDULED,960,16.0
2026-06-22T04:21:10Z,0306242026-06-21,03062,2026-06-21,SCHEDULED,240,4.0
2026-06-22T04:21:10Z,0306232026-06-21,03062,2026-06-21,SCHEDULED,240,4.0
2026-06-22T04:21:10Z,0306212026-06-21,03062,2026-06-21,SCHEDULED,240,4.0
2026-06-22T04:21:10Z,0306222026-06-21,03062,2026-06-21,SCHEDULED,240,4.0
2026-06-22T04:21:10Z,0506312026-06-21,05063,2026-06-21,SCHEDULED,60,1.0
2026-06-22T04:21:10Z,0587112026-06-21,05871,2026-06-21,SCHEDULED,180,3.0
2026-06-22T04:21:10Z,0807212026-06-21,08072,2026-06-21,SCHEDULED,0,0.0
2026-06-22T04:21:10Z,0906112026-06-22,09061,2026-06-22,SCHEDULED,-180,-3.0
2026-06-22T04:21:10Z,0411422026-06-22,04114,2026-06-22,SCHEDULED,300,5.0
2026-06-22T04:21:10Z,0411412026-06-22,04114,2026-06-22,SCHEDULED,300,5.0
2026-06-22T04:21:10Z,0405612026-06-22,04056,2026-06-22,SCHEDULED,-300,-5.0
2026-06-22T04:21:10Z,0406012026-06-21,04060,2026-06-21,SCHEDULED,120,2.0
2026-06-22T04:21:10Z,3890912026-06-21,38909,2026-06-21,CANCELED,,
2026-06-22T04:21:10Z,1390812026-06-21,13908,2026-06-21,CANCELED,,
2026-06-22T04:21:10Z,3890912026-06-21,38909,2026-06-21,CANCELED,,
2026-06-22T04:21:10Z,1390812026-06-21,13908,2026-06-21,CANCELED,,
2026-06-22T04:21:10Z,1720112026-06-21,17201,2026-06-21,CANCELED,,
2026-06-22T04:21:10Z,3890812026-06-21,38908,2026-06-21,CANCELED,,
2026-06-22T04:21:10Z,3830112026-06-21,38301,2026-06-21,CANCELED,,
2026-06-22T04:21:10Z,3890812026-06-21,38908,2026-06-21,CANCELED,,
2026-06-22T04:21:10Z,1390512026-06-21,13905,2026-06-21,CANCELED,,
2026-06-22T04:21:10Z,1390912026-06-21,13909,2026-06-21,CANCELED,,
2026-06-22T04:21:10Z,3890512026-06-21,38905,2026-06-21,CANCELED,,
2026-06-22T04:21:10Z,1390912026-06-21,13909,2026-06-21,CANCELED,,
2026-06-22T04:21:10Z,0478612026-06-22,04786,2026-06-22,CANCELED,,
2026-06-22T04:21:10Z,1305112026-06-21,13051,2026-06-21,CANCELED,,
2026-06-22T04:21:10Z,1821812026-06-21,18218,2026-06-21,CANCELED,,
2026-06-22T04:21:10Z,1390212026-06-21,13902,2026-06-21,CANCELED,,
2026-06-22T04:21:10Z,1877012026-06-21,18770,2026-06-21,CANCELED,,
2026-06-22T04:21:10Z,3890212026-06-21,38902,2026-06-21,CANCELED,,
2026-06-22T04:21:10Z,1302012026-06-21,13020,2026-06-21,CANCELED,,
2026-06-22T04:21:10Z,7185512026-06-21,71855,2026-06-21,CANCELED,,
2026-06-22T04:21:10Z,1802712026-06-21,18027,2026-06-21,CANCELED,,
2026-06-22T04:21:10Z,1821412026-06-21,18214,2026-06-21,CANCELED,,
2026-06-22T04:21:10Z,1821512026-06-21,18215,2026-06-21,CANCELED,,
2026-06-22T04:26:01Z,1770712026-06-21,17707,2026-06-21,SCHEDULED,180,3.0
2026-06-22T04:26:01Z,0408822026-06-22,04088,2026-06-22,SCHEDULED,-60,-1.0
2026-06-22T04:26:01Z,1780612026-06-21,17806,2026-06-21,SCHEDULED,0,0.0
2026-06-22T04:26:01Z,0330112026-06-21,03301,2026-06-21,SCHEDULED,120,2.0
2026-06-22T04:26:01Z,1802412026-06-21,18024,2026-06-21,SCHEDULED,0,0.0
2026-06-22T04:26:01Z,0446412026-06-21,04464,2026-06-21,SCHEDULED,60,1.0
2026-06-22T04:26:01Z,1803112026-06-21,18031,2026-06-21,SCHEDULED,0,0.0
2026-06-22T04:26:01Z,1804112026-06-21,18041,2026-06-21,SCHEDULED,60,1.0
2026-06-22T04:26:01Z,0415422026-06-21,04154,2026-06-21,SCHEDULED,300,5.0
2026-06-22T04:26:01Z,0415412026-06-21,04154,2026-06-21,SCHEDULED,300,5.0
2026-06-22T04:26:01Z,1804612026-06-21,18046,2026-06-21,SCHEDULED,240,4.0
2026-06-22T04:26:01Z,1241112026-06-21,12411,2026-06-21,SCHEDULED,0,0.0
2026-06-22T04:26:01Z,1268912026-06-21,12689,2026-06-21,SCHEDULED,180,3.0
2026-06-22T04:26:01Z,1804712026-06-21,18047,2026-06-21,SCHEDULED,420,7.0
2026-06-22T04:26:01Z,1806812026-06-21,18068,2026-06-21,SCHEDULED,0,0.0
2026-06-22T04:26:01Z,1300112026-06-21,13001,2026-06-21,SCHEDULED,60,1.0
2026-06-22T04:26:01Z,1807112026-06-21,18071,2026-06-21,SCHEDULED,-60,-1.0
2026-06-22T04:26:01Z,1308412026-06-21,13084,2026-06-21,SCHEDULED,0,0.0
2026-06-22T04:26:01Z,1807212026-06-21,18072,2026-06-21,SCHEDULED,60,1.0
2026-06-22T04:26:01Z,1395112026-06-21,13951,2026-06-21,SCHEDULED,0,0.0
2026-06-22T04:26:01Z,1806612026-06-21,18066,2026-06-21,SCHEDULED,360,6.0
2026-06-22T04:26:01Z,1320112026-06-21,13201,2026-06-21,SCHEDULED,0,0.0
2026-06-22T04:26:01Z,1812012026-06-21,18120,2026-06-21,SCHEDULED,-60,-1.0
2026-06-22T04:26:01Z,1320212026-06-21,13202,2026-06-21,SCHEDULED,300,5.0
2026-06-22T04:26:01Z,1812112026-06-21,18121,2026-06-21,SCHEDULED,-120,-2.0
2026-06-22T04:26:01Z,1500012026-06-21,15000,2026-06-21,SCHEDULED,180,3.0
2026-06-22T04:26:01Z,1831012026-06-21,18310,2026-06-21,SCHEDULED,-60,-1.0
2026-06-22T04:26:01Z,1500212026-06-22,15002,2026-06-22,SCHEDULED,-60,-1.0
2026-06-22T04:26:01Z,3586912026-06-21,35869,2026-06-21,SCHEDULED,120,2.0
2026-06-22T04:26:01Z,1505112026-06-21,15051,2026-06-21,SCHEDULED,0,0.0
2026-06-22T04:26:01Z,1891012026-06-21,18910,2026-06-21,SCHEDULED,120,2.0
2026-06-22T04:26:01Z,1710612026-06-21,17106,2026-06-21,SCHEDULED,60,1.0
2026-06-22T04:26:01Z,1770312026-06-21,17703,2026-06-21,SCHEDULED,0,0.0
2026-06-22T04:26:01Z,1562112026-06-21,15621,2026-06-21,SCHEDULED,960,16.0
2026-06-22T04:26:01Z,0206112026-06-21,02061,2026-06-21,SCHEDULED,60,1.0
2026-06-22T04:26:01Z,1703012026-06-21,17030,2026-06-21,SCHEDULED,60,1.0
2026-06-22T04:26:01Z,0206312026-06-21,02063,2026-06-21,SCHEDULED,-60,-1.0
2026-06-22T04:26:01Z,1251212026-06-21,12512,2026-06-21,SCHEDULED,420,7.0
2026-06-22T04:26:01Z,0206712026-06-21,02067,2026-06-21,SCHEDULED,0,0.0
2026-06-22T04:26:01Z,1565012026-06-21,15650,2026-06-21,SCHEDULED,0,0.0
2026-06-22T04:26:01Z,0305212026-06-21,03052,2026-06-21,SCHEDULED,300,5.0
2026-06-22T04:26:01Z,1572012026-06-22,15720,2026-06-22,SCHEDULED,-60,-1.0
2026-06-22T04:26:01Z,1577022026-06-22,15770,2026-06-22,SCHEDULED,60,1.0
2026-06-22T04:26:01Z,1576012026-06-22,15760,2026-06-22,SCHEDULED,300,5.0
2026-06-22T04:26:01Z,1590012026-06-21,15900,2026-06-21,SCHEDULED,0,0.0
2026-06-22T04:26:01Z,0306242026-06-21,03062,2026-06-21,SCHEDULED,360,6.0
2026-06-22T04:26:01Z,0306232026-06-21,03062,2026-06-21,SCHEDULED,360,6.0
2026-06-22T04:26:01Z,0306212026-06-21,03062,2026-06-21,SCHEDULED,360,6.0
2026-06-22T04:26:01Z,0306222026-06-21,03062,2026-06-21,SCHEDULED,360,6.0
2026-06-22T04:26:01Z,1443312026-06-22,14433,2026-06-22,SCHEDULED,60,1.0
2026-06-22T04:26:01Z,1530912026-06-21,15309,2026-06-21,SCHEDULED,0,0.0
2026-06-22T04:26:01Z,1503112026-06-21,15031,2026-06-21,SCHEDULED,300,5.0
2026-06-22T04:26:01Z,1503022026-06-21,15030,2026-06-21,SCHEDULED,960,16.0
2026-06-22T04:26:01Z,0306242026-06-21,03062,2026-06-21,SCHEDULED,300,5.0
2026-06-22T04:26:01Z,0306232026-06-21,03062,2026-06-21,SCHEDULED,300,5.0
2026-06-22T04:26:01Z,0306212026-06-21,03062,2026-06-21,SCHEDULED,300,5.0
2026-06-22T04:26:01Z,0306222026-06-21,03062,2026-06-21,SCHEDULED,300,5.0
2026-06-22T04:26:01Z,1600012026-06-21,16000,2026-06-21,SCHEDULED,120,2.0
2026-06-22T04:26:01Z,1447012026-06-22,14470,2026-06-22,SCHEDULED,60,1.0
2026-06-22T04:26:01Z,0366222026-06-21,03662,2026-06-21,SCHEDULED,60,1.0
2026-06-22T04:26:01Z,0366212026-06-21,03662,2026-06-21,SCHEDULED,60,1.0
2026-06-22T04:26:01Z,0805812026-06-21,08058,2026-06-21,SCHEDULED,60,1.0
2026-06-22T04:26:01Z,0506312026-06-21,05063,2026-06-21,SCHEDULED,60,1.0
2026-06-22T04:26:01Z,1562012026-06-22,15620,2026-06-22,SCHEDULED,120,2.0
2026-06-22T04:26:01Z,0587112026-06-21,05871,2026-06-21,SCHEDULED,180,3.0
2026-06-22T04:26:01Z,0847512026-06-21,08475,2026-06-21,SCHEDULED,60,1.0
2026-06-22T04:26:01Z,0865412026-06-21,08654,2026-06-21,SCHEDULED,240,4.0
2026-06-22T04:26:01Z,0807212026-06-21,08072,2026-06-21,SCHEDULED,0,0.0
2026-06-22T04:26:01Z,0906112026-06-22,09061,2026-06-22,SCHEDULED,-60,-1.0
2026-06-22T04:26:01Z,0411422026-06-22,04114,2026-06-22,SCHEDULED,300,5.0
2026-06-22T04:26:01Z,0411412026-06-22,04114,2026-06-22,SCHEDULED,300,5.0
2026-06-22T04:26:01Z,0405612026-06-22,04056,2026-06-22,SCHEDULED,-600,-10.0
2026-06-22T04:26:01Z,0406012026-06-21,04060,2026-06-21,SCHEDULED,180,3.0
2026-06-22T04:26:01Z,1390912026-06-21,13909,2026-06-21,CANCELED,,
2026-06-22T04:26:01Z,1390912026-06-21,13909,2026-06-21,CANCELED,,
2026-06-22T04:26:01Z,3890912026-06-21,38909,2026-06-21,CANCELED,,
2026-06-22T04:26:01Z,3890912026-06-21,38909,2026-06-21,CANCELED,,
2026-06-22T04:26:01Z,1720112026-06-21,17201,2026-06-21,CANCELED,,
2026-06-22T04:26:01Z,1821812026-06-21,18218,2026-06-21,CANCELED,,
2026-06-22T04:26:01Z,1877012026-06-21,18770,2026-06-21,CANCELED,,
2026-06-22T04:26:01Z,1302012026-06-21,13020,2026-06-21,CANCELED,,
2026-06-22T04:26:01Z,7185512026-06-21,71855,2026-06-21,CANCELED,,
2026-06-22T04:26:01Z,3830112026-06-21,38301,2026-06-21,CANCELED,,
2026-06-22T04:26:01Z,1821412026-06-21,18214,2026-06-21,CANCELED,,
2026-06-22T04:26:01Z,1821512026-06-21,18215,2026-06-21,CANCELED,,
2026-06-22T04:26:01Z,1390812026-06-21,13908,2026-06-21,CANCELED,,
2026-06-22T04:26:01Z,1390812026-06-21,13908,2026-06-21,CANCELED,,
2026-06-22T04:26:01Z,3890812026-06-21,38908,2026-06-21,CANCELED,,
2026-06-22T04:26:01Z,3890812026-06-21,38908,2026-06-21,CANCELED,,
2026-06-22T04:26:01Z,1390512026-06-21,13905,2026-06-21,CANCELED,,
2026-06-22T04:26:01Z,3890512026-06-21,38905,2026-06-21,CANCELED,,
2026-06-22T04:26:01Z,0478612026-06-22,04786,2026-06-22,CANCELED,,
2026-06-22T04:26:01Z,1305112026-06-21,13051,2026-06-21,CANCELED,,
2026-06-22T04:26:01Z,1390212026-06-21,13902,2026-06-21,CANCELED,,
2026-06-22T04:26:01Z,3890212026-06-21,38902,2026-06-21,CANCELED,,
2026-06-22T04:31:17Z,0405612026-06-22,04056,2026-06-22,SCHEDULED,-660,-11.0
2026-06-22T04:31:17Z,1770312026-06-21,17703,2026-06-21,SCHEDULED,0,0.0
2026-06-22T04:31:17Z,1770712026-06-21,17707,2026-06-21,SCHEDULED,180,3.0
2026-06-22T04:31:17Z,0406012026-06-21,04060,2026-06-21,SCHEDULED,120,2.0
2026-06-22T04:31:17Z,1780612026-06-21,17806,2026-06-21,SCHEDULED,0,0.0
2026-06-22T04:31:17Z,0408822026-06-22,04088,2026-06-22,SCHEDULED,-60,-1.0
2026-06-22T04:31:17Z,1802412026-06-21,18024,2026-06-21,SCHEDULED,0,0.0
2026-06-22T04:31:17Z,0330112026-06-21,03301,2026-06-21,SCHEDULED,60,1.0
2026-06-22T04:31:17Z,1803112026-06-21,18031,2026-06-21,SCHEDULED,0,0.0
2026-06-22T04:31:17Z,0446412026-06-21,04464,2026-06-21,SCHEDULED,60,1.0
2026-06-22T04:31:17Z,1804112026-06-21,18041,2026-06-21,SCHEDULED,60,1.0
2026-06-22T04:31:17Z,1804612026-06-21,18046,2026-06-21,SCHEDULED,300,5.0
2026-06-22T04:31:17Z,0415422026-06-21,04154,2026-06-21,SCHEDULED,120,2.0
2026-06-22T04:31:17Z,0415412026-06-21,04154,2026-06-21,SCHEDULED,120,2.0
2026-06-22T04:31:17Z,1804712026-06-21,18047,2026-06-21,SCHEDULED,600,10.0
2026-06-22T04:31:17Z,0486822026-06-22,04868,2026-06-22,SCHEDULED,0,0.0
2026-06-22T04:31:17Z,0486812026-06-22,04868,2026-06-22,SCHEDULED,0,0.0
2026-06-22T04:31:17Z,1805412026-06-21,18054,2026-06-21,SCHEDULED,0,0.0
2026-06-22T04:31:17Z,1241112026-06-21,12411,2026-06-21,SCHEDULED,240,4.0
2026-06-22T04:31:17Z,1806812026-06-21,18068,2026-06-21,SCHEDULED,0,0.0
2026-06-22T04:31:17Z,1300112026-06-21,13001,2026-06-21,SCHEDULED,60,1.0
2026-06-22T04:31:17Z,1807112026-06-21,18071,2026-06-21,SCHEDULED,120,2.0
2026-06-22T04:31:17Z,1807212026-06-21,18072,2026-06-21,SCHEDULED,0,0.0
2026-06-22T04:31:17Z,1308412026-06-21,13084,2026-06-21,SCHEDULED,0,0.0
2026-06-22T04:31:17Z,1806612026-06-21,18066,2026-06-21,SCHEDULED,180,3.0
2026-06-22T04:31:17Z,1395112026-06-21,13951,2026-06-21,SCHEDULED,0,0.0
2026-06-22T04:31:17Z,1812012026-06-21,18120,2026-06-21,SCHEDULED,-120,-2.0
2026-06-22T04:31:17Z,1320112026-06-21,13201,2026-06-21,SCHEDULED,0,0.0
2026-06-22T04:31:17Z,1812112026-06-21,18121,2026-06-21,SCHEDULED,-60,-1.0
2026-06-22T04:31:17Z,1320212026-06-21,13202,2026-06-21,SCHEDULED,300,5.0
2026-06-22T04:31:17Z,1831012026-06-21,18310,2026-06-21,SCHEDULED,-180,-3.0
2026-06-22T04:31:17Z,1500012026-06-21,15000,2026-06-21,SCHEDULED,300,5.0
2026-06-22T04:31:17Z,3586912026-06-21,35869,2026-06-21,SCHEDULED,120,2.0
2026-06-22T04:31:17Z,1500212026-06-22,15002,2026-06-22,SCHEDULED,0,0.0
2026-06-22T04:31:17Z,1891012026-06-21,18910,2026-06-21,SCHEDULED,240,4.0
2026-06-22T04:31:17Z,1505112026-06-21,15051,2026-06-21,SCHEDULED,-60,-1.0
2026-06-22T04:31:17Z,1443312026-06-22,14433,2026-06-22,SCHEDULED,60,1.0
2026-06-22T04:31:17Z,1607112026-06-21,16071,2026-06-21,SCHEDULED,0,0.0
2026-06-22T04:31:17Z,1530912026-06-21,15309,2026-06-21,SCHEDULED,0,0.0
2026-06-22T04:31:17Z,1710612026-06-21,17106,2026-06-21,SCHEDULED,60,1.0
2026-06-22T04:31:17Z,1503112026-06-21,15031,2026-06-21,SCHEDULED,300,5.0
2026-06-22T04:31:17Z,0206112026-06-21,02061,2026-06-21,SCHEDULED,60,1.0
2026-06-22T04:31:17Z,1600012026-06-21,16000,2026-06-21,SCHEDULED,-120,-2.0
2026-06-22T04:31:17Z,0206312026-06-21,02063,2026-06-21,SCHEDULED,-300,-5.0
2026-06-22T04:31:17Z,1447012026-06-22,14470,2026-06-22,SCHEDULED,60,1.0
2026-06-22T04:31:17Z,0206712026-06-21,02067,2026-06-21,SCHEDULED,60,1.0
2026-06-22T04:31:17Z,0305212026-06-21,03052,2026-06-21,SCHEDULED,180,3.0
2026-06-22T04:31:17Z,1702112026-06-21,17021,2026-06-21,SCHEDULED,60,1.0
2026-06-22T04:31:17Z,1702122026-06-21,17021,2026-06-21,SCHEDULED,60,1.0
2026-06-22T04:31:17Z,1702132026-06-21,17021,2026-06-21,SCHEDULED,60,1.0
2026-06-22T04:31:17Z,0805812026-06-21,08058,2026-06-21,SCHEDULED,0,0.0
2026-06-22T04:31:17Z,1562012026-06-22,15620,2026-06-22,SCHEDULED,420,7.0
2026-06-22T04:31:17Z,0306242026-06-21,03062,2026-06-21,SCHEDULED,360,6.0
2026-06-22T04:31:17Z,0306232026-06-21,03062,2026-06-21,SCHEDULED,360,6.0
2026-06-22T04:31:17Z,0306212026-06-21,03062,2026-06-21,SCHEDULED,360,6.0
2026-06-22T04:31:17Z,0306222026-06-21,03062,2026-06-21,SCHEDULED,360,6.0
2026-06-22T04:31:17Z,1562112026-06-21,15621,2026-06-21,SCHEDULED,960,16.0
2026-06-22T04:31:17Z,0306312026-06-21,03063,2026-06-21,SCHEDULED,0,0.0
2026-06-22T04:31:17Z,0306322026-06-21,03063,2026-06-21,SCHEDULED,0,0.0
2026-06-22T04:31:17Z,0306332026-06-21,03063,2026-06-21,SCHEDULED,0,0.0
2026-06-22T04:31:17Z,1563012026-06-21,15630,2026-06-21,SCHEDULED,0,0.0
2026-06-22T04:31:17Z,1703012026-06-21,17030,2026-06-21,SCHEDULED,120,2.0
2026-06-22T04:31:17Z,1251212026-06-21,12512,2026-06-21,SCHEDULED,420,7.0
2026-06-22T04:31:17Z,1565012026-06-21,15650,2026-06-21,SCHEDULED,0,0.0
2026-06-22T04:31:17Z,0306242026-06-21,03062,2026-06-21,SCHEDULED,240,4.0
2026-06-22T04:31:17Z,0306232026-06-21,03062,2026-06-21,SCHEDULED,240,4.0
2026-06-22T04:31:17Z,0306212026-06-21,03062,2026-06-21,SCHEDULED,240,4.0
2026-06-22T04:31:17Z,0306222026-06-21,03062,2026-06-21,SCHEDULED,240,4.0
2026-06-22T04:31:17Z,1572012026-06-22,15720,2026-06-22,SCHEDULED,-60,-1.0
2026-06-22T04:31:17Z,1577022026-06-22,15770,2026-06-22,SCHEDULED,0,0.0
2026-06-22T04:31:17Z,0366222026-06-21,03662,2026-06-21,SCHEDULED,60,1.0
2026-06-22T04:31:17Z,0366212026-06-21,03662,2026-06-21,SCHEDULED,60,1.0
2026-06-22T04:31:17Z,1576012026-06-22,15760,2026-06-22,SCHEDULED,300,5.0
2026-06-22T04:31:17Z,0506312026-06-21,05063,2026-06-21,SCHEDULED,0,0.0
2026-06-22T04:31:17Z,1590012026-06-21,15900,2026-06-21,SCHEDULED,0,0.0
2026-06-22T04:31:17Z,0576312026-06-21,05763,2026-06-21,SCHEDULED,60,1.0
2026-06-22T04:31:17Z,0576322026-06-21,05763,2026-06-21,SCHEDULED,60,1.0
2026-06-22T04:31:17Z,0576332026-06-21,05763,2026-06-21,SCHEDULED,60,1.0
2026-06-22T04:31:17Z,0587112026-06-21,05871,2026-06-21,SCHEDULED,180,3.0
2026-06-22T04:31:17Z,0806312026-06-21,08063,2026-06-21,SCHEDULED,120,2.0
2026-06-22T04:31:17Z,0826012026-06-21,08260,2026-06-21,SCHEDULED,0,0.0
2026-06-22T04:31:17Z,0847512026-06-21,08475,2026-06-21,SCHEDULED,60,1.0
2026-06-22T04:31:17Z,0865412026-06-21,08654,2026-06-21,SCHEDULED,240,4.0
2026-06-22T04:31:17Z,0807212026-06-21,08072,2026-06-21,SCHEDULED,0,0.0
2026-06-22T04:31:17Z,0906112026-06-22,09061,2026-06-22,SCHEDULED,-60,-1.0
2026-06-22T04:31:17Z,0411422026-06-22,04114,2026-06-22,SCHEDULED,120,2.0
2026-06-22T04:31:17Z,0411412026-06-22,04114,2026-06-22,SCHEDULED,120,2.0
2026-06-22T04:31:17Z,1390912026-06-21,13909,2026-06-21,CANCELED,,
2026-06-22T04:31:17Z,1390812026-06-21,13908,2026-06-21,CANCELED,,
2026-06-22T04:31:17Z,1390912026-06-21,13909,2026-06-21,CANCELED,,
2026-06-22T04:31:17Z,3890812026-06-21,38908,2026-06-21,CANCELED,,
2026-06-22T04:31:17Z,3890912026-06-21,38909,2026-06-21,CANCELED,,
2026-06-22T04:31:17Z,3890812026-06-21,38908,2026-06-21,CANCELED,,
2026-06-22T04:31:17Z,3890912026-06-21,38909,2026-06-21,CANCELED,,
2026-06-22T04:31:17Z,1390512026-06-21,13905,2026-06-21,CANCELED,,
2026-06-22T04:31:17Z,1720112026-06-21,17201,2026-06-21,CANCELED,,
2026-06-22T04:31:17Z,3890512026-06-21,38905,2026-06-21,CANCELED,,
2026-06-22T04:31:17Z,3830112026-06-21,38301,2026-06-21,CANCELED,,
2026-06-22T04:31:17Z,0478612026-06-22,04786,2026-06-22,CANCELED,,
2026-06-22T04:31:17Z,1821412026-06-21,18214,2026-06-21,CANCELED,,
2026-06-22T04:31:17Z,1305112026-06-21,13051,2026-06-21,CANCELED,,
2026-06-22T04:31:17Z,3510012026-06-21,35100,2026-06-21,CANCELED,,
2026-06-22T04:31:17Z,1390212026-06-21,13902,2026-06-21,CANCELED,,
2026-06-22T04:31:17Z,1877012026-06-21,18770,2026-06-21,CANCELED,,
2026-06-22T04:31:17Z,3890212026-06-21,38902,2026-06-21,CANCELED,,
2026-06-22T04:31:17Z,1302012026-06-21,13020,2026-06-21,CANCELED,,
2026-06-22T04:31:17Z,7185512026-06-21,71855,2026-06-21,CANCELED,,
2026-06-22T04:31:17Z,1390812026-06-21,13908,2026-06-21,CANCELED,,
2026-06-22T04:31:17Z,1821512026-06-21,18215,2026-06-21,CANCELED,,
2026-06-22T04:31:17Z,1821812026-06-21,18218,2026-06-21,CANCELED,,
2026-06-22T04:31:17Z,1503022026-06-21,15030,2026-06-21,CANCELED,,
2026-06-22T04:31:17Z,1504012026-06-21,15040,2026-06-21,CANCELED,,
2026-06-22T04:36:03Z,0866412026-06-21,08664,2026-06-21,SCHEDULED,0,0.0
2026-06-22T04:36:03Z,1505112026-06-21,15051,2026-06-21,SCHEDULED,60,1.0
2026-06-22T04:36:03Z,0807212026-06-21,08072,2026-06-21,SCHEDULED,0,0.0
2026-06-22T04:36:03Z,1607112026-06-21,16071,2026-06-21,SCHEDULED,0,0.0
2026-06-22T04:36:03Z,0906112026-06-22,09061,2026-06-22,SCHEDULED,-60,-1.0
2026-06-22T04:36:03Z,1710612026-06-21,17106,2026-06-21,SCHEDULED,-60,-1.0
2026-06-22T04:36:03Z,1710012026-06-21,17100,2026-06-21,SCHEDULED,60,1.0
2026-06-22T04:36:03Z,0411422026-06-22,04114,2026-06-22,SCHEDULED,-120,-2.0
2026-06-22T04:36:03Z,0411412026-06-22,04114,2026-06-22,SCHEDULED,-120,-2.0
2026-06-22T04:36:03Z,1770312026-06-21,17703,2026-06-21,SCHEDULED,60,1.0
2026-06-22T04:36:03Z,0405612026-06-22,04056,2026-06-22,SCHEDULED,-660,-11.0
2026-06-22T04:36:03Z,1770712026-06-21,17707,2026-06-21,SCHEDULED,180,3.0
2026-06-22T04:36:03Z,0406012026-06-21,04060,2026-06-21,SCHEDULED,180,3.0
2026-06-22T04:36:03Z,1780612026-06-21,17806,2026-06-21,SCHEDULED,0,0.0
2026-06-22T04:36:03Z,0408822026-06-22,04088,2026-06-22,SCHEDULED,60,1.0
2026-06-22T04:36:03Z,1802412026-06-21,18024,2026-06-21,SCHEDULED,0,0.0
2026-06-22T04:36:03Z,1803112026-06-21,18031,2026-06-21,SCHEDULED,-120,-2.0
2026-06-22T04:36:03Z,0330112026-06-21,03301,2026-06-21,SCHEDULED,60,1.0
2026-06-22T04:36:03Z,1804112026-06-21,18041,2026-06-21,SCHEDULED,60,1.0
2026-06-22T04:36:03Z,0446412026-06-21,04464,2026-06-21,SCHEDULED,-60,-1.0
2026-06-22T04:36:03Z,1804612026-06-21,18046,2026-06-21,SCHEDULED,300,5.0
2026-06-22T04:36:03Z,0415422026-06-21,04154,2026-06-21,SCHEDULED,360,6.0
2026-06-22T04:36:03Z,0415412026-06-21,04154,2026-06-21,SCHEDULED,360,6.0
2026-06-22T04:36:03Z,1804712026-06-21,18047,2026-06-21,SCHEDULED,480,8.0
2026-06-22T04:36:03Z,1805412026-06-21,18054,2026-06-21,SCHEDULED,0,0.0
2026-06-22T04:36:03Z,0486822026-06-22,04868,2026-06-22,SCHEDULED,0,0.0
2026-06-22T04:36:03Z,0486812026-06-22,04868,2026-06-22,SCHEDULED,0,0.0
2026-06-22T04:36:03Z,1806812026-06-21,18068,2026-06-21,SCHEDULED,0,0.0
2026-06-22T04:36:03Z,0107212026-06-21,01072,2026-06-21,SCHEDULED,60,1.0
2026-06-22T04:36:03Z,1807112026-06-21,18071,2026-06-21,SCHEDULED,120,2.0
2026-06-22T04:36:03Z,1241112026-06-21,12411,2026-06-21,SCHEDULED,240,4.0
2026-06-22T04:36:03Z,1807212026-06-21,18072,2026-06-21,SCHEDULED,0,0.0
2026-06-22T04:36:03Z,1806612026-06-21,18066,2026-06-21,SCHEDULED,300,5.0
2026-06-22T04:36:03Z,1300112026-06-21,13001,2026-06-21,SCHEDULED,60,1.0
2026-06-22T04:36:03Z,1812012026-06-21,18120,2026-06-21,SCHEDULED,-120,-2.0
2026-06-22T04:36:03Z,1304112026-06-21,13041,2026-06-21,SCHEDULED,60,1.0
2026-06-22T04:36:03Z,1812112026-06-21,18121,2026-06-21,SCHEDULED,0,0.0
2026-06-22T04:36:03Z,1308412026-06-21,13084,2026-06-21,SCHEDULED,0,0.0
2026-06-22T04:36:03Z,1831012026-06-21,18310,2026-06-21,SCHEDULED,-120,-2.0
2026-06-22T04:36:03Z,1395112026-06-21,13951,2026-06-21,SCHEDULED,0,0.0
2026-06-22T04:36:03Z,3586912026-06-21,35869,2026-06-21,SCHEDULED,180,3.0
2026-06-22T04:36:03Z,1320112026-06-21,13201,2026-06-21,SCHEDULED,0,0.0
2026-06-22T04:36:03Z,1891012026-06-21,18910,2026-06-21,SCHEDULED,240,4.0
2026-06-22T04:36:03Z,1320212026-06-21,13202,2026-06-21,SCHEDULED,300,5.0
2026-06-22T04:36:03Z,1443312026-06-22,14433,2026-06-22,SCHEDULED,60,1.0
2026-06-22T04:36:03Z,1500012026-06-21,15000,2026-06-21,SCHEDULED,300,5.0
2026-06-22T04:36:03Z,1530912026-06-21,15309,2026-06-21,SCHEDULED,-60,-1.0
2026-06-22T04:36:03Z,1500212026-06-22,15002,2026-06-22,SCHEDULED,0,0.0
2026-06-22T04:36:03Z,1503022026-06-21,15030,2026-06-21,SCHEDULED,-60,-1.0
2026-06-22T04:36:03Z,1503112026-06-21,15031,2026-06-21,SCHEDULED,240,4.0
2026-06-22T04:36:03Z,1600012026-06-21,16000,2026-06-21,SCHEDULED,-60,-1.0
2026-06-22T04:36:03Z,0075222026-06-22,00752,2026-06-22,SCHEDULED,300,5.0
2026-06-22T04:36:03Z,0075212026-06-22,00752,2026-06-22,SCHEDULED,300,5.0
2026-06-22T04:36:03Z,1447012026-06-22,14470,2026-06-22,SCHEDULED,60,1.0
2026-06-22T04:36:03Z,0206112026-06-21,02061,2026-06-21,SCHEDULED,60,1.0
2026-06-22T04:36:03Z,0206312026-06-21,02063,2026-06-21,SCHEDULED,-660,-11.0
2026-06-22T04:36:03Z,0206712026-06-21,02067,2026-06-21,SCHEDULED,-60,-1.0
2026-06-22T04:36:03Z,1702112026-06-21,17021,2026-06-21,SCHEDULED,120,2.0
2026-06-22T04:36:03Z,1702122026-06-21,17021,2026-06-21,SCHEDULED,120,2.0
2026-06-22T04:36:03Z,1702132026-06-21,17021,2026-06-21,SCHEDULED,120,2.0
2026-06-22T04:36:03Z,0226112026-06-21,02261,2026-06-21,SCHEDULED,240,4.0
2026-06-22T04:36:03Z,0805812026-06-21,08058,2026-06-21,SCHEDULED,0,0.0
2026-06-22T04:36:03Z,0305212026-06-21,03052,2026-06-21,SCHEDULED,180,3.0
2026-06-22T04:36:03Z,1562012026-06-22,15620,2026-06-22,SCHEDULED,420,7.0
2026-06-22T04:36:03Z,1562112026-06-21,15621,2026-06-21,SCHEDULED,960,16.0
2026-06-22T04:36:03Z,1563012026-06-21,15630,2026-06-21,SCHEDULED,0,0.0
2026-06-22T04:36:03Z,0306242026-06-21,03062,2026-06-21,SCHEDULED,420,7.0
2026-06-22T04:36:03Z,0306232026-06-21,03062,2026-06-21,SCHEDULED,420,7.0
2026-06-22T04:36:03Z,0306212026-06-21,03062,2026-06-21,SCHEDULED,420,7.0
2026-06-22T04:36:03Z,0306222026-06-21,03062,2026-06-21,SCHEDULED,420,7.0
2026-06-22T04:36:03Z,1703012026-06-21,17030,2026-06-21,SCHEDULED,60,1.0
2026-06-22T04:36:03Z,1251212026-06-21,12512,2026-06-21,SCHEDULED,420,7.0
2026-06-22T04:36:03Z,1564612026-06-21,15646,2026-06-21,SCHEDULED,-60,-1.0
2026-06-22T04:36:03Z,0306312026-06-21,03063,2026-06-21,SCHEDULED,0,0.0
2026-06-22T04:36:03Z,0306322026-06-21,03063,2026-06-21,SCHEDULED,0,0.0
2026-06-22T04:36:03Z,0306332026-06-21,03063,2026-06-21,SCHEDULED,0,0.0
2026-06-22T04:36:03Z,1565012026-06-21,15650,2026-06-21,SCHEDULED,-180,-3.0
2026-06-22T04:36:03Z,1572012026-06-22,15720,2026-06-22,SCHEDULED,0,0.0
2026-06-22T04:36:03Z,1577022026-06-22,15770,2026-06-22,SCHEDULED,0,0.0
2026-06-22T04:36:03Z,1576012026-06-22,15760,2026-06-22,SCHEDULED,180,3.0
2026-06-22T04:36:03Z,0306242026-06-21,03062,2026-06-21,SCHEDULED,360,6.0
2026-06-22T04:36:03Z,0306232026-06-21,03062,2026-06-21,SCHEDULED,360,6.0
2026-06-22T04:36:03Z,0306212026-06-21,03062,2026-06-21,SCHEDULED,360,6.0
2026-06-22T04:36:03Z,0306222026-06-21,03062,2026-06-21,SCHEDULED,360,6.0
2026-06-22T04:36:03Z,1590012026-06-21,15900,2026-06-21,SCHEDULED,0,0.0
2026-06-22T04:36:03Z,0366222026-06-21,03662,2026-06-21,SCHEDULED,60,1.0
2026-06-22T04:36:03Z,0366212026-06-21,03662,2026-06-21,SCHEDULED,60,1.0
2026-06-22T04:36:03Z,0429522026-06-21,04295,2026-06-21,SCHEDULED,240,4.0
2026-06-22T04:36:03Z,0429512026-06-21,04295,2026-06-21,SCHEDULED,240,4.0
2026-06-22T04:36:03Z,0506312026-06-21,05063,2026-06-21,SCHEDULED,0,0.0
2026-06-22T04:36:03Z,0506422026-06-21,05064,2026-06-21,SCHEDULED,180,3.0
2026-06-22T04:36:03Z,0506412026-06-21,05064,2026-06-21,SCHEDULED,180,3.0
2026-06-22T04:36:03Z,0506522026-06-21,05065,2026-06-21,SCHEDULED,180,3.0
2026-06-22T04:36:03Z,0506512026-06-21,05065,2026-06-21,SCHEDULED,180,3.0
2026-06-22T04:36:03Z,0576312026-06-21,05763,2026-06-21,SCHEDULED,0,0.0
2026-06-22T04:36:03Z,0576322026-06-21,05763,2026-06-21,SCHEDULED,0,0.0
2026-06-22T04:36:03Z,0576332026-06-21,05763,2026-06-21,SCHEDULED,0,0.0
2026-06-22T04:36:03Z,0587112026-06-21,05871,2026-06-21,SCHEDULED,300,5.0
2026-06-22T04:36:03Z,0806312026-06-21,08063,2026-06-21,SCHEDULED,120,2.0
2026-06-22T04:36:03Z,0826012026-06-21,08260,2026-06-21,SCHEDULED,0,0.0
2026-06-22T04:36:03Z,0826112026-06-21,08261,2026-06-21,SCHEDULED,60,1.0
2026-06-22T04:36:03Z,0847512026-06-21,08475,2026-06-21,SCHEDULED,0,0.0
2026-06-22T04:36:03Z,0865412026-06-21,08654,2026-06-21,SCHEDULED,240,4.0
2026-06-22T04:36:03Z,1390912026-06-21,13909,2026-06-21,CANCELED,,
2026-06-22T04:36:03Z,1390812026-06-21,13908,2026-06-21,CANCELED,,
2026-06-22T04:36:03Z,1390912026-06-21,13909,2026-06-21,CANCELED,,
2026-06-22T04:36:03Z,3890812026-06-21,38908,2026-06-21,CANCELED,,
2026-06-22T04:36:03Z,3890912026-06-21,38909,2026-06-21,CANCELED,,
2026-06-22T04:36:03Z,3890812026-06-21,38908,2026-06-21,CANCELED,,
2026-06-22T04:36:03Z,1390512026-06-21,13905,2026-06-21,CANCELED,,
2026-06-22T04:36:03Z,3890912026-06-21,38909,2026-06-21,CANCELED,,
2026-06-22T04:36:03Z,3890512026-06-21,38905,2026-06-21,CANCELED,,
2026-06-22T04:36:03Z,1720112026-06-21,17201,2026-06-21,CANCELED,,
2026-06-22T04:36:03Z,3830112026-06-21,38301,2026-06-21,CANCELED,,
2026-06-22T04:36:03Z,1821412026-06-21,18214,2026-06-21,CANCELED,,
2026-06-22T04:36:03Z,0478612026-06-22,04786,2026-06-22,CANCELED,,
2026-06-22T04:36:03Z,3510012026-06-21,35100,2026-06-21,CANCELED,,
2026-06-22T04:36:03Z,1305112026-06-21,13051,2026-06-21,CANCELED,,
2026-06-22T04:36:03Z,1877012026-06-21,18770,2026-06-21,CANCELED,,
2026-06-22T04:36:03Z,1390212026-06-21,13902,2026-06-21,CANCELED,,
2026-06-22T04:36:03Z,3890212026-06-21,38902,2026-06-21,CANCELED,,
2026-06-22T04:36:03Z,1302012026-06-21,13020,2026-06-21,CANCELED,,
2026-06-22T04:36:03Z,7185512026-06-21,71855,2026-06-21,CANCELED,,
2026-06-22T04:36:03Z,1390812026-06-21,13908,2026-06-21,CANCELED,,
2026-06-22T04:36:03Z,1821512026-06-21,18215,2026-06-21,CANCELED,,
2026-06-22T04:36:03Z,1821812026-06-21,18218,2026-06-21,CANCELED,,
2026-06-22T04:36:03Z,1503022026-06-21,15030,2026-06-21,CANCELED,,
2026-06-22T04:36:03Z,1504012026-06-21,15040,2026-06-21,CANCELED,,
2026-06-22T04:41:04Z,1500212026-06-22,15002,2026-06-22,SCHEDULED,0,0.0
2026-06-22T04:41:04Z,0865412026-06-21,08654,2026-06-21,SCHEDULED,0,0.0
2026-06-22T04:41:04Z,1505112026-06-21,15051,2026-06-21,SCHEDULED,60,1.0
2026-06-22T04:41:04Z,0866412026-06-21,08664,2026-06-21,SCHEDULED,60,1.0
2026-06-22T04:41:04Z,1521112026-06-21,15211,2026-06-21,SCHEDULED,0,0.0
2026-06-22T04:41:04Z,0807212026-06-21,08072,2026-06-21,SCHEDULED,0,0.0
2026-06-22T04:41:04Z,1564512026-06-21,15645,2026-06-21,SCHEDULED,0,0.0
2026-06-22T04:41:04Z,0906112026-06-22,09061,2026-06-22,SCHEDULED,-60,-1.0
2026-06-22T04:41:04Z,1607112026-06-21,16071,2026-06-21,SCHEDULED,0,0.0
2026-06-22T04:41:04Z,1710612026-06-21,17106,2026-06-21,SCHEDULED,0,0.0
2026-06-22T04:41:04Z,0411422026-06-22,04114,2026-06-22,SCHEDULED,-120,-2.0
2026-06-22T04:41:04Z,0411412026-06-22,04114,2026-06-22,SCHEDULED,-120,-2.0
2026-06-22T04:41:04Z,1710012026-06-21,17100,2026-06-21,SCHEDULED,60,1.0
2026-06-22T04:41:04Z,0405612026-06-22,04056,2026-06-22,SCHEDULED,-660,-11.0
2026-06-22T04:41:04Z,1770312026-06-21,17703,2026-06-21,SCHEDULED,60,1.0
2026-06-22T04:41:04Z,0406012026-06-21,04060,2026-06-21,SCHEDULED,300,5.0
2026-06-22T04:41:04Z,1770712026-06-21,17707,2026-06-21,SCHEDULED,240,4.0
2026-06-22T04:41:04Z,0408822026-06-22,04088,2026-06-22,SCHEDULED,60,1.0
2026-06-22T04:41:04Z,1780612026-06-21,17806,2026-06-21,SCHEDULED,0,0.0
2026-06-22T04:41:04Z,1802412026-06-21,18024,2026-06-21,SCHEDULED,0,0.0
2026-06-22T04:41:04Z,0029122026-06-22,00291,2026-06-22,SCHEDULED,120,2.0
2026-06-22T04:41:04Z,0029112026-06-22,00291,2026-06-22,SCHEDULED,120,2.0
2026-06-22T04:41:04Z,1803112026-06-21,18031,2026-06-21,SCHEDULED,60,1.0
2026-06-22T04:41:04Z,0330112026-06-21,03301,2026-06-21,SCHEDULED,180,3.0
2026-06-22T04:41:04Z,1804112026-06-21,18041,2026-06-21,SCHEDULED,60,1.0
2026-06-22T04:41:04Z,0446412026-06-21,04464,2026-06-21,SCHEDULED,-60,-1.0
2026-06-22T04:41:04Z,1804612026-06-21,18046,2026-06-21,SCHEDULED,360,6.0
2026-06-22T04:41:04Z,1804712026-06-21,18047,2026-06-21,SCHEDULED,240,4.0
2026-06-22T04:41:04Z,0415422026-06-21,04154,2026-06-21,SCHEDULED,360,6.0
2026-06-22T04:41:04Z,0415412026-06-21,04154,2026-06-21,SCHEDULED,360,6.0
2026-06-22T04:41:04Z,1805412026-06-21,18054,2026-06-21,SCHEDULED,0,0.0
2026-06-22T04:41:04Z,1806812026-06-21,18068,2026-06-21,SCHEDULED,120,2.0
2026-06-22T04:41:04Z,0486822026-06-22,04868,2026-06-22,SCHEDULED,0,0.0
2026-06-22T04:41:04Z,0486812026-06-22,04868,2026-06-22,SCHEDULED,0,0.0
2026-06-22T04:41:04Z,1807112026-06-21,18071,2026-06-21,SCHEDULED,60,1.0
2026-06-22T04:41:04Z,0107212026-06-21,01072,2026-06-21,SCHEDULED,180,3.0
2026-06-22T04:41:04Z,1807212026-06-21,18072,2026-06-21,SCHEDULED,60,1.0
2026-06-22T04:41:04Z,1241112026-06-21,12411,2026-06-21,SCHEDULED,240,4.0
2026-06-22T04:41:04Z,1806612026-06-21,18066,2026-06-21,SCHEDULED,360,6.0
2026-06-22T04:41:04Z,1300112026-06-21,13001,2026-06-21,SCHEDULED,60,1.0
2026-06-22T04:41:04Z,1812012026-06-21,18120,2026-06-21,SCHEDULED,0,0.0
2026-06-22T04:41:04Z,1304112026-06-21,13041,2026-06-21,SCHEDULED,0,0.0
2026-06-22T04:41:04Z,1812112026-06-21,18121,2026-06-21,SCHEDULED,0,0.0
2026-06-22T04:41:04Z,1308412026-06-21,13084,2026-06-21,SCHEDULED,0,0.0
2026-06-22T04:41:04Z,1831012026-06-21,18310,2026-06-21,SCHEDULED,-120,-2.0
2026-06-22T04:41:04Z,1395112026-06-21,13951,2026-06-21,SCHEDULED,60,1.0
2026-06-22T04:41:04Z,3586912026-06-21,35869,2026-06-21,SCHEDULED,120,2.0
2026-06-22T04:41:04Z,1320112026-06-21,13201,2026-06-21,SCHEDULED,0,0.0
2026-06-22T04:41:04Z,1891012026-06-21,18910,2026-06-21,SCHEDULED,240,4.0
2026-06-22T04:41:04Z,1320212026-06-21,13202,2026-06-21,SCHEDULED,360,6.0
2026-06-22T04:41:04Z,1443312026-06-22,14433,2026-06-22,SCHEDULED,180,3.0
2026-06-22T04:41:04Z,1500012026-06-21,15000,2026-06-21,SCHEDULED,300,5.0
2026-06-22T04:41:04Z,1530912026-06-21,15309,2026-06-21,SCHEDULED,-120,-2.0
2026-06-22T04:41:04Z,1503022026-06-21,15030,2026-06-21,SCHEDULED,-60,-1.0
2026-06-22T04:41:04Z,0075222026-06-22,00752,2026-06-22,SCHEDULED,180,3.0
2026-06-22T04:41:04Z,0075212026-06-22,00752,2026-06-22,SCHEDULED,180,3.0
2026-06-22T04:41:04Z,1503112026-06-21,15031,2026-06-21,SCHEDULED,180,3.0
2026-06-22T04:41:04Z,1600012026-06-21,16000,2026-06-21,SCHEDULED,60,1.0
2026-06-22T04:41:04Z,0075222026-06-22,00752,2026-06-22,SCHEDULED,0,0.0
2026-06-22T04:41:04Z,0075212026-06-22,00752,2026-06-22,SCHEDULED,0,0.0
2026-06-22T04:41:04Z,1447012026-06-22,14470,2026-06-22,SCHEDULED,60,1.0
2026-06-22T04:41:04Z,0206112026-06-21,02061,2026-06-21,SCHEDULED,60,1.0
2026-06-22T04:41:04Z,0206312026-06-21,02063,2026-06-21,SCHEDULED,-660,-11.0
2026-06-22T04:41:04Z,0206712026-06-21,02067,2026-06-21,SCHEDULED,0,0.0
2026-06-22T04:41:04Z,1702112026-06-21,17021,2026-06-21,SCHEDULED,180,3.0
2026-06-22T04:41:04Z,1702122026-06-21,17021,2026-06-21,SCHEDULED,180,3.0
2026-06-22T04:41:04Z,1702132026-06-21,17021,2026-06-21,SCHEDULED,180,3.0
2026-06-22T04:41:04Z,0207512026-06-22,02075,2026-06-22,SCHEDULED,-60,-1.0
2026-06-22T04:41:04Z,0805812026-06-21,08058,2026-06-21,SCHEDULED,0,0.0
2026-06-22T04:41:04Z,0226112026-06-21,02261,2026-06-21,SCHEDULED,240,4.0
2026-06-22T04:41:04Z,1562012026-06-22,15620,2026-06-22,SCHEDULED,420,7.0
2026-06-22T04:41:04Z,0305212026-06-21,03052,2026-06-21,SCHEDULED,240,4.0
2026-06-22T04:41:04Z,1562112026-06-21,15621,2026-06-21,SCHEDULED,1080,18.0
2026-06-22T04:41:04Z,1563012026-06-21,15630,2026-06-21,SCHEDULED,0,0.0
2026-06-22T04:41:04Z,1703012026-06-21,17030,2026-06-21,SCHEDULED,60,1.0
2026-06-22T04:41:04Z,0306242026-06-21,03062,2026-06-21,SCHEDULED,420,7.0
2026-06-22T04:41:04Z,0306232026-06-21,03062,2026-06-21,SCHEDULED,420,7.0
2026-06-22T04:41:04Z,0306212026-06-21,03062,2026-06-21,SCHEDULED,420,7.0
2026-06-22T04:41:04Z,0306222026-06-21,03062,2026-06-21,SCHEDULED,420,7.0
2026-06-22T04:41:04Z,1564612026-06-21,15646,2026-06-21,SCHEDULED,0,0.0
2026-06-22T04:41:04Z,1565012026-06-21,15650,2026-06-21,SCHEDULED,-180,-3.0
2026-06-22T04:41:04Z,1572012026-06-22,15720,2026-06-22,SCHEDULED,0,0.0
2026-06-22T04:41:04Z,0306312026-06-21,03063,2026-06-21,SCHEDULED,-120,-2.0
2026-06-22T04:41:04Z,0306322026-06-21,03063,2026-06-21,SCHEDULED,-120,-2.0
2026-06-22T04:41:04Z,0306332026-06-21,03063,2026-06-21,SCHEDULED,-120,-2.0
2026-06-22T04:41:04Z,1577022026-06-22,15770,2026-06-22,SCHEDULED,0,0.0
2026-06-22T04:41:04Z,1576012026-06-22,15760,2026-06-22,SCHEDULED,120,2.0
2026-06-22T04:41:04Z,1590012026-06-21,15900,2026-06-21,SCHEDULED,180,3.0
2026-06-22T04:41:04Z,0306242026-06-21,03062,2026-06-21,SCHEDULED,360,6.0
2026-06-22T04:41:04Z,0306232026-06-21,03062,2026-06-21,SCHEDULED,360,6.0
2026-06-22T04:41:04Z,0306212026-06-21,03062,2026-06-21,SCHEDULED,360,6.0
2026-06-22T04:41:04Z,0306222026-06-21,03062,2026-06-21,SCHEDULED,360,6.0
2026-06-22T04:41:04Z,0366222026-06-21,03662,2026-06-21,SCHEDULED,120,2.0
2026-06-22T04:41:04Z,0366212026-06-21,03662,2026-06-21,SCHEDULED,120,2.0
2026-06-22T04:41:04Z,0429522026-06-21,04295,2026-06-21,SCHEDULED,240,4.0
2026-06-22T04:41:04Z,0429512026-06-21,04295,2026-06-21,SCHEDULED,240,4.0
2026-06-22T04:41:04Z,0506312026-06-21,05063,2026-06-21,SCHEDULED,-60,-1.0
2026-06-22T04:41:04Z,0506422026-06-21,05064,2026-06-21,SCHEDULED,240,4.0
2026-06-22T04:41:04Z,0506412026-06-21,05064,2026-06-21,SCHEDULED,240,4.0
2026-06-22T04:41:04Z,0576312026-06-21,05763,2026-06-21,SCHEDULED,0,0.0
2026-06-22T04:41:04Z,0576322026-06-21,05763,2026-06-21,SCHEDULED,0,0.0
2026-06-22T04:41:04Z,0576332026-06-21,05763,2026-06-21,SCHEDULED,0,0.0
2026-06-22T04:41:04Z,0587112026-06-21,05871,2026-06-21,SCHEDULED,240,4.0
2026-06-22T04:41:04Z,0806312026-06-21,08063,2026-06-21,SCHEDULED,300,5.0
2026-06-22T04:41:04Z,0807512026-06-21,08075,2026-06-21,SCHEDULED,60,1.0
2026-06-22T04:41:04Z,0826012026-06-21,08260,2026-06-21,SCHEDULED,120,2.0
2026-06-22T04:41:04Z,0826112026-06-21,08261,2026-06-21,SCHEDULED,300,5.0
2026-06-22T04:41:04Z,0847512026-06-21,08475,2026-06-21,SCHEDULED,0,0.0
2026-06-22T04:41:04Z,1390812026-06-21,13908,2026-06-21,CANCELED,,
2026-06-22T04:41:04Z,1390912026-06-21,13909,2026-06-21,CANCELED,,
2026-06-22T04:41:04Z,1390912026-06-21,13909,2026-06-21,CANCELED,,
2026-06-22T04:41:04Z,3890812026-06-21,38908,2026-06-21,CANCELED,,
2026-06-22T04:41:04Z,3890912026-06-21,38909,2026-06-21,CANCELED,,
2026-06-22T04:41:04Z,3890812026-06-21,38908,2026-06-21,CANCELED,,
2026-06-22T04:41:04Z,3890912026-06-21,38909,2026-06-21,CANCELED,,
2026-06-22T04:41:04Z,1390512026-06-21,13905,2026-06-21,CANCELED,,
2026-06-22T04:41:04Z,1720112026-06-21,17201,2026-06-21,CANCELED,,
2026-06-22T04:41:04Z,3890512026-06-21,38905,2026-06-21,CANCELED,,
2026-06-22T04:41:04Z,3830112026-06-21,38301,2026-06-21,CANCELED,,
2026-06-22T04:41:04Z,0478612026-06-22,04786,2026-06-22,CANCELED,,
2026-06-22T04:41:04Z,1821412026-06-21,18214,2026-06-21,CANCELED,,
2026-06-22T04:41:04Z,1305112026-06-21,13051,2026-06-21,CANCELED,,
2026-06-22T04:41:04Z,3510012026-06-21,35100,2026-06-21,CANCELED,,
2026-06-22T04:41:04Z,1390212026-06-21,13902,2026-06-21,CANCELED,,
2026-06-22T04:41:04Z,1877012026-06-21,18770,2026-06-21,CANCELED,,
2026-06-22T04:41:04Z,3890212026-06-21,38902,2026-06-21,CANCELED,,
2026-06-22T04:41:04Z,1302012026-06-21,13020,2026-06-21,CANCELED,,
2026-06-22T04:41:04Z,7185512026-06-21,71855,2026-06-21,CANCELED,,
2026-06-22T04:41:04Z,1390812026-06-21,13908,2026-06-21,CANCELED,,
2026-06-22T04:41:04Z,1821512026-06-21,18215,2026-06-21,CANCELED,,
2026-06-22T04:41:04Z,1821812026-06-21,18218,2026-06-21,CANCELED,,
2026-06-22T04:41:04Z,1503022026-06-21,15030,2026-06-21,CANCELED,,
2026-06-22T04:41:04Z,1504012026-06-21,15040,2026-06-21,CANCELED,,
2026-06-22T04:46:07Z,0847512026-06-21,08475,2026-06-21,SCHEDULED,60,1.0
2026-06-22T04:46:07Z,1800112026-06-21,18001,2026-06-21,SCHEDULED,0,0.0
2026-06-22T04:46:07Z,0865412026-06-21,08654,2026-06-21,SCHEDULED,0,0.0
2026-06-22T04:46:07Z,1802412026-06-21,18024,2026-06-21,SCHEDULED,0,0.0
2026-06-22T04:46:07Z,0866412026-06-21,08664,2026-06-21,SCHEDULED,0,0.0
2026-06-22T04:46:07Z,1803112026-06-21,18031,2026-06-21,SCHEDULED,0,0.0
2026-06-22T04:46:07Z,0807212026-06-21,08072,2026-06-21,SCHEDULED,0,0.0
2026-06-22T04:46:07Z,1804112026-06-21,18041,2026-06-21,SCHEDULED,60,1.0
2026-06-22T04:46:07Z,0906112026-06-22,09061,2026-06-22,SCHEDULED,-120,-2.0
2026-06-22T04:46:07Z,1804612026-06-21,18046,2026-06-21,SCHEDULED,360,6.0
2026-06-22T04:46:07Z,0906712026-06-21,09067,2026-06-21,SCHEDULED,120,2.0
2026-06-22T04:46:07Z,1804712026-06-21,18047,2026-06-21,SCHEDULED,-120,-2.0
2026-06-22T04:46:07Z,0907222026-06-21,09072,2026-06-21,SCHEDULED,60,1.0
2026-06-22T04:46:07Z,0907212026-06-21,09072,2026-06-21,SCHEDULED,60,1.0
2026-06-22T04:46:07Z,1805412026-06-21,18054,2026-06-21,SCHEDULED,60,1.0
2026-06-22T04:46:07Z,1806812026-06-21,18068,2026-06-21,SCHEDULED,-60,-1.0
2026-06-22T04:46:07Z,0411422026-06-22,04114,2026-06-22,SCHEDULED,-60,-1.0
2026-06-22T04:46:07Z,0411412026-06-22,04114,2026-06-22,SCHEDULED,-60,-1.0
2026-06-22T04:46:07Z,1807112026-06-21,18071,2026-06-21,SCHEDULED,120,2.0
2026-06-22T04:46:07Z,0405612026-06-22,04056,2026-06-22,SCHEDULED,-660,-11.0
2026-06-22T04:46:07Z,1807212026-06-21,18072,2026-06-21,SCHEDULED,60,1.0
2026-06-22T04:46:07Z,1806612026-06-21,18066,2026-06-21,SCHEDULED,360,6.0
2026-06-22T04:46:07Z,0406012026-06-21,04060,2026-06-21,SCHEDULED,300,5.0
2026-06-22T04:46:07Z,1812012026-06-21,18120,2026-06-21,SCHEDULED,0,0.0
2026-06-22T04:46:07Z,0408822026-06-22,04088,2026-06-22,SCHEDULED,0,0.0
2026-06-22T04:46:07Z,1320112026-06-21,13201,2026-06-21,SCHEDULED,420,7.0
2026-06-22T04:46:07Z,1320212026-06-21,13202,2026-06-21,SCHEDULED,360,6.0
2026-06-22T04:46:07Z,0019222026-06-22,00192,2026-06-22,SCHEDULED,60,1.0
2026-06-22T04:46:07Z,0019212026-06-22,00192,2026-06-22,SCHEDULED,60,1.0
2026-06-22T04:46:07Z,1500012026-06-21,15000,2026-06-21,SCHEDULED,660,11.0
2026-06-22T04:46:07Z,1500212026-06-22,15002,2026-06-22,SCHEDULED,180,3.0
2026-06-22T04:46:07Z,0029122026-06-22,00291,2026-06-22,SCHEDULED,240,4.0
2026-06-22T04:46:07Z,0029112026-06-22,00291,2026-06-22,SCHEDULED,240,4.0
2026-06-22T04:46:07Z,1505112026-06-21,15051,2026-06-21,SCHEDULED,60,1.0
2026-06-22T04:46:07Z,1521112026-06-21,15211,2026-06-21,SCHEDULED,-120,-2.0
2026-06-22T04:46:07Z,0330112026-06-21,03301,2026-06-21,SCHEDULED,120,2.0
2026-06-22T04:46:07Z,1564512026-06-21,15645,2026-06-21,SCHEDULED,0,0.0
2026-06-22T04:46:07Z,0446412026-06-21,04464,2026-06-21,SCHEDULED,-180,-3.0
2026-06-22T04:46:07Z,1607112026-06-21,16071,2026-06-21,SCHEDULED,0,0.0
2026-06-22T04:46:07Z,1710612026-06-21,17106,2026-06-21,SCHEDULED,60,1.0
2026-06-22T04:46:07Z,0415422026-06-21,04154,2026-06-21,SCHEDULED,360,6.0
2026-06-22T04:46:07Z,0415412026-06-21,04154,2026-06-21,SCHEDULED,360,6.0
2026-06-22T04:46:07Z,1710012026-06-21,17100,2026-06-21,SCHEDULED,120,2.0
2026-06-22T04:46:07Z,1770312026-06-21,17703,2026-06-21,SCHEDULED,60,1.0
2026-06-22T04:46:07Z,0486822026-06-22,04868,2026-06-22,SCHEDULED,-60,-1.0
2026-06-22T04:46:07Z,0486812026-06-22,04868,2026-06-22,SCHEDULED,-60,-1.0
2026-06-22T04:46:07Z,1780612026-06-21,17806,2026-06-21,SCHEDULED,0,0.0
2026-06-22T04:46:07Z,0107212026-06-21,01072,2026-06-21,SCHEDULED,180,3.0
2026-06-22T04:46:07Z,1562012026-06-22,15620,2026-06-22,SCHEDULED,1080,18.0
2026-06-22T04:46:07Z,1562112026-06-21,15621,2026-06-21,SCHEDULED,1020,17.0
2026-06-22T04:46:07Z,0508012026-06-21,05080,2026-06-21,SCHEDULED,120,2.0
2026-06-22T04:46:07Z,0508032026-06-21,05080,2026-06-21,SCHEDULED,120,2.0
2026-06-22T04:46:07Z,0508022026-06-21,05080,2026-06-21,SCHEDULED,120,2.0
2026-06-22T04:46:07Z,1563012026-06-21,15630,2026-06-21,SCHEDULED,0,0.0
2026-06-22T04:46:07Z,1241112026-06-21,12411,2026-06-21,SCHEDULED,240,4.0
2026-06-22T04:46:07Z,1703012026-06-21,17030,2026-06-21,SCHEDULED,120,2.0
2026-06-22T04:46:07Z,1300112026-06-21,13001,2026-06-21,SCHEDULED,60,1.0
2026-06-22T04:46:07Z,1564612026-06-21,15646,2026-06-21,SCHEDULED,0,0.0
2026-06-22T04:46:07Z,1304112026-06-21,13041,2026-06-21,SCHEDULED,0,0.0
2026-06-22T04:46:07Z,1565012026-06-21,15650,2026-06-21,SCHEDULED,-120,-2.0
2026-06-22T04:46:07Z,1572012026-06-22,15720,2026-06-22,SCHEDULED,-60,-1.0
2026-06-22T04:46:07Z,1308412026-06-21,13084,2026-06-21,SCHEDULED,120,2.0
2026-06-22T04:46:07Z,1577022026-06-22,15770,2026-06-22,SCHEDULED,60,1.0
2026-06-22T04:46:07Z,1395112026-06-21,13951,2026-06-21,SCHEDULED,60,1.0
2026-06-22T04:46:07Z,1576012026-06-22,15760,2026-06-22,SCHEDULED,120,2.0
2026-06-22T04:46:07Z,1585012026-06-21,15850,2026-06-21,SCHEDULED,60,1.0
2026-06-22T04:46:07Z,0075222026-06-22,00752,2026-06-22,SCHEDULED,180,3.0
2026-06-22T04:46:07Z,0075212026-06-22,00752,2026-06-22,SCHEDULED,180,3.0
2026-06-22T04:46:07Z,1590012026-06-21,15900,2026-06-21,SCHEDULED,240,4.0
2026-06-22T04:46:07Z,1812112026-06-21,18121,2026-06-21,SCHEDULED,-60,-1.0
2026-06-22T04:46:07Z,0075222026-06-22,00752,2026-06-22,SCHEDULED,0,0.0
2026-06-22T04:46:07Z,0075212026-06-22,00752,2026-06-22,SCHEDULED,0,0.0
2026-06-22T04:46:07Z,1831012026-06-21,18310,2026-06-21,SCHEDULED,0,0.0
2026-06-22T04:46:07Z,0206112026-06-21,02061,2026-06-21,SCHEDULED,960,16.0
2026-06-22T04:46:07Z,3586912026-06-21,35869,2026-06-21,SCHEDULED,180,3.0
2026-06-22T04:46:07Z,0206312026-06-21,02063,2026-06-21,SCHEDULED,-540,-9.0
2026-06-22T04:46:07Z,1891012026-06-21,18910,2026-06-21,SCHEDULED,240,4.0
2026-06-22T04:46:07Z,0206712026-06-21,02067,2026-06-21,SCHEDULED,-60,-1.0
2026-06-22T04:46:07Z,1443312026-06-22,14433,2026-06-22,SCHEDULED,600,10.0
2026-06-22T04:46:07Z,0207512026-06-22,02075,2026-06-22,SCHEDULED,0,0.0
2026-06-22T04:46:07Z,1530912026-06-21,15309,2026-06-21,SCHEDULED,-120,-2.0
2026-06-22T04:46:07Z,0226112026-06-21,02261,2026-06-21,SCHEDULED,300,5.0
2026-06-22T04:46:07Z,1503022026-06-21,15030,2026-06-21,SCHEDULED,-120,-2.0
2026-06-22T04:46:07Z,0305212026-06-21,03052,2026-06-21,SCHEDULED,180,3.0
2026-06-22T04:46:07Z,1503112026-06-21,15031,2026-06-21,SCHEDULED,180,3.0
2026-06-22T04:46:07Z,1600012026-06-21,16000,2026-06-21,SCHEDULED,-60,-1.0
2026-06-22T04:46:07Z,1447012026-06-22,14470,2026-06-22,SCHEDULED,0,0.0
2026-06-22T04:46:07Z,0306242026-06-21,03062,2026-06-21,SCHEDULED,240,4.0
2026-06-22T04:46:07Z,0306232026-06-21,03062,2026-06-21,SCHEDULED,240,4.0
2026-06-22T04:46:07Z,0306212026-06-21,03062,2026-06-21,SCHEDULED,240,4.0
2026-06-22T04:46:07Z,0306222026-06-21,03062,2026-06-21,SCHEDULED,240,4.0
2026-06-22T04:46:07Z,1702112026-06-21,17021,2026-06-21,SCHEDULED,180,3.0
2026-06-22T04:46:07Z,1702122026-06-21,17021,2026-06-21,SCHEDULED,180,3.0
2026-06-22T04:46:07Z,1702132026-06-21,17021,2026-06-21,SCHEDULED,180,3.0
2026-06-22T04:46:07Z,0805812026-06-21,08058,2026-06-21,SCHEDULED,0,0.0
2026-06-22T04:46:07Z,0306312026-06-21,03063,2026-06-21,SCHEDULED,0,0.0
2026-06-22T04:46:07Z,0306322026-06-21,03063,2026-06-21,SCHEDULED,0,0.0
2026-06-22T04:46:07Z,0306332026-06-21,03063,2026-06-21,SCHEDULED,0,0.0
2026-06-22T04:46:07Z,0306242026-06-21,03062,2026-06-21,SCHEDULED,480,8.0
2026-06-22T04:46:07Z,0306232026-06-21,03062,2026-06-21,SCHEDULED,480,8.0
2026-06-22T04:46:07Z,0306212026-06-21,03062,2026-06-21,SCHEDULED,480,8.0
2026-06-22T04:46:07Z,0306222026-06-21,03062,2026-06-21,SCHEDULED,480,8.0
2026-06-22T04:46:07Z,0366222026-06-21,03662,2026-06-21,SCHEDULED,240,4.0
2026-06-22T04:46:07Z,0366212026-06-21,03662,2026-06-21,SCHEDULED,240,4.0
2026-06-22T04:46:07Z,0429522026-06-21,04295,2026-06-21,SCHEDULED,120,2.0
2026-06-22T04:46:07Z,0429512026-06-21,04295,2026-06-21,SCHEDULED,120,2.0
2026-06-22T04:46:07Z,0506312026-06-21,05063,2026-06-21,SCHEDULED,-60,-1.0
2026-06-22T04:46:07Z,0506422026-06-21,05064,2026-06-21,SCHEDULED,60,1.0
2026-06-22T04:46:07Z,0506412026-06-21,05064,2026-06-21,SCHEDULED,60,1.0
2026-06-22T04:46:07Z,0506522026-06-21,05065,2026-06-21,SCHEDULED,0,0.0
2026-06-22T04:46:07Z,0506512026-06-21,05065,2026-06-21,SCHEDULED,0,0.0
2026-06-22T04:46:07Z,0576312026-06-21,05763,2026-06-21,SCHEDULED,-60,-1.0
2026-06-22T04:46:07Z,0576322026-06-21,05763,2026-06-21,SCHEDULED,-60,-1.0
2026-06-22T04:46:07Z,0576332026-06-21,05763,2026-06-21,SCHEDULED,-60,-1.0
2026-06-22T04:46:07Z,0587112026-06-21,05871,2026-06-21,SCHEDULED,60,1.0
2026-06-22T04:46:07Z,0806312026-06-21,08063,2026-06-21,SCHEDULED,300,5.0
2026-06-22T04:46:07Z,0806912026-06-21,08069,2026-06-21,SCHEDULED,300,5.0
2026-06-22T04:46:07Z,0807512026-06-21,08075,2026-06-21,SCHEDULED,60,1.0
2026-06-22T04:46:07Z,0826012026-06-21,08260,2026-06-21,SCHEDULED,60,1.0
2026-06-22T04:46:07Z,0826112026-06-21,08261,2026-06-21,SCHEDULED,300,5.0
2026-06-22T04:46:07Z,1390912026-06-21,13909,2026-06-21,CANCELED,,
2026-06-22T04:46:07Z,1390812026-06-21,13908,2026-06-21,CANCELED,,
2026-06-22T04:46:07Z,1390912026-06-21,13909,2026-06-21,CANCELED,,
2026-06-22T04:46:07Z,3890812026-06-21,38908,2026-06-21,CANCELED,,
2026-06-22T04:46:07Z,3890812026-06-21,38908,2026-06-21,CANCELED,,
2026-06-22T04:46:07Z,3890912026-06-21,38909,2026-06-21,CANCELED,,
2026-06-22T04:46:07Z,1390512026-06-21,13905,2026-06-21,CANCELED,,
2026-06-22T04:46:07Z,3890912026-06-21,38909,2026-06-21,CANCELED,,
2026-06-22T04:46:07Z,1720112026-06-21,17201,2026-06-21,CANCELED,,
2026-06-22T04:46:07Z,3890512026-06-21,38905,2026-06-21,CANCELED,,
2026-06-22T04:46:07Z,3830112026-06-21,38301,2026-06-21,CANCELED,,
2026-06-22T04:46:07Z,0478612026-06-22,04786,2026-06-22,CANCELED,,
2026-06-22T04:46:07Z,1821412026-06-21,18214,2026-06-21,CANCELED,,
2026-06-22T04:46:07Z,3510012026-06-21,35100,2026-06-21,CANCELED,,
2026-06-22T04:46:07Z,1305112026-06-21,13051,2026-06-21,CANCELED,,
2026-06-22T04:46:07Z,1877012026-06-21,18770,2026-06-21,CANCELED,,
2026-06-22T04:46:07Z,1390212026-06-21,13902,2026-06-21,CANCELED,,
2026-06-22T04:46:07Z,3890212026-06-21,38902,2026-06-21,CANCELED,,
2026-06-22T04:46:07Z,1302012026-06-21,13020,2026-06-21,CANCELED,,
2026-06-22T04:46:07Z,7185512026-06-21,71855,2026-06-21,CANCELED,,
2026-06-22T04:46:07Z,1390812026-06-21,13908,2026-06-21,CANCELED,,
2026-06-22T04:46:07Z,1821512026-06-21,18215,2026-06-21,CANCELED,,
2026-06-22T04:46:07Z,1821812026-06-21,18218,2026-06-21,CANCELED,,
2026-06-22T04:46:07Z,1503022026-06-21,15030,2026-06-21,CANCELED,,
2026-06-22T04:46:07Z,1504012026-06-21,15040,2026-06-21,CANCELED,,
2026-06-22T04:51:09Z,1320112026-06-21,13201,2026-06-21,SCHEDULED,420,7.0
2026-06-22T04:51:09Z,0866412026-06-21,08664,2026-06-21,SCHEDULED,0,0.0
2026-06-22T04:51:09Z,1320212026-06-21,13202,2026-06-21,SCHEDULED,360,6.0
2026-06-22T04:51:09Z,0807212026-06-21,08072,2026-06-21,SCHEDULED,0,0.0
2026-06-22T04:51:09Z,0906112026-06-22,09061,2026-06-22,SCHEDULED,-120,-2.0
2026-06-22T04:51:09Z,0906712026-06-21,09067,2026-06-21,SCHEDULED,120,2.0
2026-06-22T04:51:09Z,1412322026-06-22,14123,2026-06-22,SCHEDULED,60,1.0
2026-06-22T04:51:09Z,1412342026-06-21,14123,2026-06-21,SCHEDULED,60,1.0
2026-06-22T04:51:09Z,1412332026-06-22,14123,2026-06-22,SCHEDULED,60,1.0
2026-06-22T04:51:09Z,0907222026-06-21,09072,2026-06-21,SCHEDULED,60,1.0
2026-06-22T04:51:09Z,0907212026-06-21,09072,2026-06-21,SCHEDULED,60,1.0
2026-06-22T04:51:09Z,1500012026-06-21,15000,2026-06-21,SCHEDULED,840,14.0
2026-06-22T04:51:09Z,0947012026-06-22,09470,2026-06-22,SCHEDULED,420,7.0
2026-06-22T04:51:09Z,1500212026-06-22,15002,2026-06-22,SCHEDULED,180,3.0
2026-06-22T04:51:09Z,1505112026-06-21,15051,2026-06-21,SCHEDULED,60,1.0
2026-06-22T04:51:09Z,0411422026-06-22,04114,2026-06-22,SCHEDULED,120,2.0
2026-06-22T04:51:09Z,0411412026-06-22,04114,2026-06-22,SCHEDULED,120,2.0
2026-06-22T04:51:09Z,1564512026-06-21,15645,2026-06-21,SCHEDULED,0,0.0
2026-06-22T04:51:09Z,0405612026-06-22,04056,2026-06-22,SCHEDULED,0,0.0
2026-06-22T04:51:09Z,1607112026-06-21,16071,2026-06-21,SCHEDULED,0,0.0
2026-06-22T04:51:09Z,0406012026-06-21,04060,2026-06-21,SCHEDULED,420,7.0
2026-06-22T04:51:09Z,1601812026-06-21,16018,2026-06-21,SCHEDULED,240,4.0
2026-06-22T04:51:09Z,0408822026-06-22,04088,2026-06-22,SCHEDULED,0,0.0
2026-06-22T04:51:09Z,1710612026-06-21,17106,2026-06-21,SCHEDULED,120,2.0
2026-06-22T04:51:09Z,1710012026-06-21,17100,2026-06-21,SCHEDULED,120,2.0
2026-06-22T04:51:09Z,0019222026-06-22,00192,2026-06-22,SCHEDULED,60,1.0
2026-06-22T04:51:09Z,0019212026-06-22,00192,2026-06-22,SCHEDULED,60,1.0
2026-06-22T04:51:09Z,1750312026-06-21,17503,2026-06-21,SCHEDULED,1380,23.0
2026-06-22T04:51:09Z,1770312026-06-21,17703,2026-06-21,SCHEDULED,0,0.0
2026-06-22T04:51:09Z,0029122026-06-22,00291,2026-06-22,SCHEDULED,300,5.0
2026-06-22T04:51:09Z,0029112026-06-22,00291,2026-06-22,SCHEDULED,300,5.0
2026-06-22T04:51:09Z,1780612026-06-21,17806,2026-06-21,SCHEDULED,0,0.0
2026-06-22T04:51:09Z,1800112026-06-21,18001,2026-06-21,SCHEDULED,0,0.0
2026-06-22T04:51:09Z,0330112026-06-21,03301,2026-06-21,SCHEDULED,120,2.0
2026-06-22T04:51:09Z,0446412026-06-21,04464,2026-06-21,SCHEDULED,-180,-3.0
2026-06-22T04:51:09Z,1802412026-06-21,18024,2026-06-21,SCHEDULED,0,0.0
2026-06-22T04:51:09Z,1803112026-06-21,18031,2026-06-21,SCHEDULED,0,0.0
2026-06-22T04:51:09Z,1804112026-06-21,18041,2026-06-21,SCHEDULED,60,1.0
2026-06-22T04:51:09Z,0415422026-06-21,04154,2026-06-21,SCHEDULED,360,6.0
2026-06-22T04:51:09Z,0415412026-06-21,04154,2026-06-21,SCHEDULED,360,6.0
2026-06-22T04:51:09Z,1804612026-06-21,18046,2026-06-21,SCHEDULED,360,6.0
2026-06-22T04:51:09Z,0486822026-06-22,04868,2026-06-22,SCHEDULED,-60,-1.0
2026-06-22T04:51:09Z,0486812026-06-22,04868,2026-06-22,SCHEDULED,-60,-1.0
2026-06-22T04:51:09Z,1804712026-06-21,18047,2026-06-21,SCHEDULED,-120,-2.0
2026-06-22T04:51:09Z,0107212026-06-21,01072,2026-06-21,SCHEDULED,240,4.0
2026-06-22T04:51:09Z,1805412026-06-21,18054,2026-06-21,SCHEDULED,120,2.0
2026-06-22T04:51:09Z,1806812026-06-21,18068,2026-06-21,SCHEDULED,0,0.0
2026-06-22T04:51:09Z,0407222026-06-22,04072,2026-06-22,SCHEDULED,0,0.0
2026-06-22T04:51:09Z,0407212026-06-22,04072,2026-06-22,SCHEDULED,0,0.0
2026-06-22T04:51:09Z,1807112026-06-21,18071,2026-06-21,SCHEDULED,120,2.0
2026-06-22T04:51:09Z,1807212026-06-21,18072,2026-06-21,SCHEDULED,60,1.0
2026-06-22T04:51:09Z,0508012026-06-21,05080,2026-06-21,SCHEDULED,60,1.0
2026-06-22T04:51:09Z,0508032026-06-21,05080,2026-06-21,SCHEDULED,60,1.0
2026-06-22T04:51:09Z,0508022026-06-21,05080,2026-06-21,SCHEDULED,60,1.0
2026-06-22T04:51:09Z,1800212026-06-21,18002,2026-06-21,SCHEDULED,60,1.0
2026-06-22T04:51:09Z,1241112026-06-21,12411,2026-06-21,SCHEDULED,360,6.0
2026-06-22T04:51:09Z,1806612026-06-21,18066,2026-06-21,SCHEDULED,300,5.0
2026-06-22T04:51:09Z,1300112026-06-21,13001,2026-06-21,SCHEDULED,0,0.0
2026-06-22T04:51:09Z,1562012026-06-22,15620,2026-06-22,SCHEDULED,1080,18.0
2026-06-22T04:51:09Z,1300312026-06-21,13003,2026-06-21,SCHEDULED,0,0.0
2026-06-22T04:51:09Z,1562112026-06-21,15621,2026-06-21,SCHEDULED,1020,17.0
2026-06-22T04:51:09Z,1303012026-06-21,13030,2026-06-21,SCHEDULED,300,5.0
2026-06-22T04:51:09Z,1563012026-06-21,15630,2026-06-21,SCHEDULED,0,0.0
2026-06-22T04:51:09Z,1304112026-06-21,13041,2026-06-21,SCHEDULED,0,0.0
2026-06-22T04:51:09Z,0806812026-06-21,08068,2026-06-21,SCHEDULED,60,1.0
2026-06-22T04:51:09Z,1703012026-06-21,17030,2026-06-21,SCHEDULED,-60,-1.0
2026-06-22T04:51:09Z,1308412026-06-21,13084,2026-06-21,SCHEDULED,120,2.0
2026-06-22T04:51:09Z,1564612026-06-21,15646,2026-06-21,SCHEDULED,-60,-1.0
2026-06-22T04:51:09Z,1395112026-06-21,13951,2026-06-21,SCHEDULED,120,2.0
2026-06-22T04:51:09Z,1565012026-06-21,15650,2026-06-21,SCHEDULED,-120,-2.0
2026-06-22T04:51:09Z,1401812026-06-22,14018,2026-06-22,SCHEDULED,60,1.0
2026-06-22T04:51:09Z,0075222026-06-22,00752,2026-06-22,SCHEDULED,180,3.0
2026-06-22T04:51:09Z,0075212026-06-22,00752,2026-06-22,SCHEDULED,180,3.0
2026-06-22T04:51:09Z,1572012026-06-22,15720,2026-06-22,SCHEDULED,0,0.0
2026-06-22T04:51:09Z,1577022026-06-22,15770,2026-06-22,SCHEDULED,0,0.0
2026-06-22T04:51:09Z,0075222026-06-22,00752,2026-06-22,SCHEDULED,180,3.0
2026-06-22T04:51:09Z,0075212026-06-22,00752,2026-06-22,SCHEDULED,180,3.0
2026-06-22T04:51:09Z,1576012026-06-22,15760,2026-06-22,SCHEDULED,60,1.0
2026-06-22T04:51:09Z,0206112026-06-21,02061,2026-06-21,SCHEDULED,960,16.0
2026-06-22T04:51:09Z,1585012026-06-21,15850,2026-06-21,SCHEDULED,60,1.0
2026-06-22T04:51:09Z,0206312026-06-21,02063,2026-06-21,SCHEDULED,-540,-9.0
2026-06-22T04:51:09Z,1590012026-06-21,15900,2026-06-21,SCHEDULED,0,0.0
2026-06-22T04:51:09Z,0206712026-06-21,02067,2026-06-21,SCHEDULED,-60,-1.0
2026-06-22T04:51:09Z,1812012026-06-21,18120,2026-06-21,SCHEDULED,0,0.0
2026-06-22T04:51:09Z,0207512026-06-22,02075,2026-06-22,SCHEDULED,0,0.0
2026-06-22T04:51:09Z,1812112026-06-21,18121,2026-06-21,SCHEDULED,0,0.0
2026-06-22T04:51:09Z,0226112026-06-21,02261,2026-06-21,SCHEDULED,300,5.0
2026-06-22T04:51:09Z,1831012026-06-21,18310,2026-06-21,SCHEDULED,0,0.0
2026-06-22T04:51:09Z,0305212026-06-21,03052,2026-06-21,SCHEDULED,180,3.0
2026-06-22T04:51:09Z,3586912026-06-21,35869,2026-06-21,SCHEDULED,180,3.0
2026-06-22T04:51:09Z,1891012026-06-21,18910,2026-06-21,SCHEDULED,240,4.0
2026-06-22T04:51:09Z,1443312026-06-22,14433,2026-06-22,SCHEDULED,360,6.0
2026-06-22T04:51:09Z,1530912026-06-21,15309,2026-06-21,SCHEDULED,-300,-5.0
2026-06-22T04:51:09Z,0306242026-06-21,03062,2026-06-21,SCHEDULED,240,4.0
2026-06-22T04:51:09Z,0306232026-06-21,03062,2026-06-21,SCHEDULED,240,4.0
2026-06-22T04:51:09Z,0306212026-06-21,03062,2026-06-21,SCHEDULED,240,4.0
2026-06-22T04:51:09Z,0306222026-06-21,03062,2026-06-21,SCHEDULED,240,4.0
2026-06-22T04:51:09Z,1503022026-06-21,15030,2026-06-21,SCHEDULED,-120,-2.0
2026-06-22T04:51:09Z,1503112026-06-21,15031,2026-06-21,SCHEDULED,120,2.0
2026-06-22T04:51:09Z,1600012026-06-21,16000,2026-06-21,SCHEDULED,60,1.0
2026-06-22T04:51:09Z,0306312026-06-21,03063,2026-06-21,SCHEDULED,0,0.0
2026-06-22T04:51:09Z,0306322026-06-21,03063,2026-06-21,SCHEDULED,0,0.0
2026-06-22T04:51:09Z,0306332026-06-21,03063,2026-06-21,SCHEDULED,0,0.0
2026-06-22T04:51:09Z,1447012026-06-22,14470,2026-06-22,SCHEDULED,-60,-1.0
2026-06-22T04:51:09Z,0306242026-06-21,03062,2026-06-21,SCHEDULED,480,8.0
2026-06-22T04:51:09Z,0306232026-06-21,03062,2026-06-21,SCHEDULED,480,8.0
2026-06-22T04:51:09Z,0306212026-06-21,03062,2026-06-21,SCHEDULED,480,8.0
2026-06-22T04:51:09Z,0306222026-06-21,03062,2026-06-21,SCHEDULED,480,8.0
2026-06-22T04:51:09Z,1702112026-06-21,17021,2026-06-21,SCHEDULED,180,3.0
2026-06-22T04:51:09Z,1702122026-06-21,17021,2026-06-21,SCHEDULED,180,3.0
2026-06-22T04:51:09Z,1702132026-06-21,17021,2026-06-21,SCHEDULED,180,3.0
2026-06-22T04:51:09Z,0805812026-06-21,08058,2026-06-21,SCHEDULED,0,0.0
2026-06-22T04:51:09Z,0366222026-06-21,03662,2026-06-21,SCHEDULED,240,4.0
2026-06-22T04:51:09Z,0366212026-06-21,03662,2026-06-21,SCHEDULED,240,4.0
2026-06-22T04:51:09Z,0429522026-06-21,04295,2026-06-21,SCHEDULED,120,2.0
2026-06-22T04:51:09Z,0429512026-06-21,04295,2026-06-21,SCHEDULED,120,2.0
2026-06-22T04:51:09Z,0506312026-06-21,05063,2026-06-21,SCHEDULED,60,1.0
2026-06-22T04:51:09Z,0506422026-06-21,05064,2026-06-21,SCHEDULED,120,2.0
2026-06-22T04:51:09Z,0506412026-06-21,05064,2026-06-21,SCHEDULED,120,2.0
2026-06-22T04:51:09Z,0506522026-06-21,05065,2026-06-21,SCHEDULED,0,0.0
2026-06-22T04:51:09Z,0506512026-06-21,05065,2026-06-21,SCHEDULED,0,0.0
2026-06-22T04:51:09Z,0576312026-06-21,05763,2026-06-21,SCHEDULED,-60,-1.0
2026-06-22T04:51:09Z,0576322026-06-21,05763,2026-06-21,SCHEDULED,-60,-1.0
2026-06-22T04:51:09Z,0576332026-06-21,05763,2026-06-21,SCHEDULED,-60,-1.0
2026-06-22T04:51:09Z,0587112026-06-21,05871,2026-06-21,SCHEDULED,60,1.0
2026-06-22T04:51:09Z,0806212026-06-21,08062,2026-06-21,SCHEDULED,-60,-1.0
2026-06-22T04:51:09Z,0806312026-06-21,08063,2026-06-21,SCHEDULED,180,3.0
2026-06-22T04:51:09Z,0806912026-06-21,08069,2026-06-21,SCHEDULED,300,5.0
2026-06-22T04:51:09Z,0807512026-06-21,08075,2026-06-21,SCHEDULED,60,1.0
2026-06-22T04:51:09Z,0826012026-06-21,08260,2026-06-21,SCHEDULED,60,1.0
2026-06-22T04:51:09Z,0826112026-06-21,08261,2026-06-21,SCHEDULED,360,6.0
2026-06-22T04:51:09Z,0847512026-06-21,08475,2026-06-21,SCHEDULED,180,3.0
2026-06-22T04:51:09Z,0865412026-06-21,08654,2026-06-21,SCHEDULED,0,0.0
2026-06-22T04:51:09Z,1390912026-06-21,13909,2026-06-21,CANCELED,,
2026-06-22T04:51:09Z,1390912026-06-21,13909,2026-06-21,CANCELED,,
2026-06-22T04:51:09Z,3890912026-06-21,38909,2026-06-21,CANCELED,,
2026-06-22T04:51:09Z,3890912026-06-21,38909,2026-06-21,CANCELED,,
2026-06-22T04:51:09Z,1720112026-06-21,17201,2026-06-21,CANCELED,,
2026-06-22T04:51:09Z,3830112026-06-21,38301,2026-06-21,CANCELED,,
2026-06-22T04:51:09Z,1821412026-06-21,18214,2026-06-21,CANCELED,,
2026-06-22T04:51:09Z,3510012026-06-21,35100,2026-06-21,CANCELED,,
2026-06-22T04:51:09Z,1877012026-06-21,18770,2026-06-21,CANCELED,,
2026-06-22T04:51:09Z,1302012026-06-21,13020,2026-06-21,CANCELED,,
2026-06-22T04:51:09Z,7185512026-06-21,71855,2026-06-21,CANCELED,,
2026-06-22T04:51:09Z,1821512026-06-21,18215,2026-06-21,CANCELED,,
2026-06-22T04:51:09Z,1821812026-06-21,18218,2026-06-21,CANCELED,,
2026-06-22T04:51:09Z,1503022026-06-21,15030,2026-06-21,CANCELED,,
2026-06-22T04:51:09Z,1504012026-06-21,15040,2026-06-21,CANCELED,,
2026-06-22T04:51:09Z,1390812026-06-21,13908,2026-06-21,CANCELED,,
2026-06-22T04:51:09Z,3890812026-06-21,38908,2026-06-21,CANCELED,,
2026-06-22T04:51:09Z,3890812026-06-21,38908,2026-06-21,CANCELED,,
2026-06-22T04:51:09Z,1390512026-06-21,13905,2026-06-21,CANCELED,,
2026-06-22T04:51:09Z,3890512026-06-21,38905,2026-06-21,CANCELED,,
2026-06-22T04:51:09Z,0478612026-06-22,04786,2026-06-22,CANCELED,,
2026-06-22T04:51:09Z,1305112026-06-21,13051,2026-06-21,CANCELED,,
2026-06-22T04:51:09Z,1390212026-06-21,13902,2026-06-21,CANCELED,,
2026-06-22T04:51:09Z,3890212026-06-21,38902,2026-06-21,CANCELED,,
2026-06-22T04:51:09Z,1390812026-06-21,13908,2026-06-21,CANCELED,,
