timestamp_utc,trip_id,tren,fecha_tren,estado,retraso_seg,retraso_min
2026-04-18T00:00:51Z,1806612026-04-16,18066,2026-04-16,CANCELED,,
2026-04-18T00:00:51Z,1563322026-04-16,15633,2026-04-16,CANCELED,,
2026-04-18T00:00:51Z,1563312026-04-16,15633,2026-04-16,CANCELED,,
2026-04-18T00:00:51Z,1720012026-04-16,17200,2026-04-16,CANCELED,,
2026-04-18T00:00:51Z,3820912026-04-16,38209,2026-04-16,CANCELED,,
2026-04-18T00:00:51Z,3820012026-04-16,38200,2026-04-16,CANCELED,,
2026-04-18T00:00:51Z,1800912026-04-16,18009,2026-04-16,CANCELED,,
2026-04-18T00:00:51Z,0116212026-04-16,01162,2026-04-16,CANCELED,,
2026-04-18T00:00:51Z,7182012026-04-16,71820,2026-04-16,CANCELED,,
2026-04-18T00:00:51Z,0819912026-04-16,08199,2026-04-16,CANCELED,,
2026-04-18T00:00:51Z,7183312026-04-16,71833,2026-04-16,CANCELED,,
2026-04-18T00:00:51Z,1262312026-04-16,12623,2026-04-16,CANCELED,,
2026-04-18T00:05:28Z,1563322026-04-16,15633,2026-04-16,CANCELED,,
2026-04-18T00:05:28Z,1563312026-04-16,15633,2026-04-16,CANCELED,,
2026-04-18T00:05:28Z,1720012026-04-16,17200,2026-04-16,CANCELED,,
2026-04-18T00:05:28Z,3820012026-04-16,38200,2026-04-16,CANCELED,,
2026-04-18T00:05:28Z,0116212026-04-16,01162,2026-04-16,CANCELED,,
2026-04-18T00:05:28Z,0819912026-04-16,08199,2026-04-16,CANCELED,,
2026-04-18T00:05:28Z,1806612026-04-16,18066,2026-04-16,CANCELED,,
2026-04-18T00:05:28Z,7182012026-04-16,71820,2026-04-16,CANCELED,,
2026-04-18T00:05:28Z,3820912026-04-16,38209,2026-04-16,CANCELED,,
2026-04-18T00:05:28Z,7183312026-04-16,71833,2026-04-16,CANCELED,,
2026-04-18T00:05:28Z,1800912026-04-16,18009,2026-04-16,CANCELED,,
2026-04-18T00:05:28Z,1262312026-04-16,12623,2026-04-16,CANCELED,,
2026-04-18T00:10:30Z,1806612026-04-16,18066,2026-04-16,CANCELED,,
2026-04-18T00:10:30Z,1563322026-04-16,15633,2026-04-16,CANCELED,,
2026-04-18T00:10:30Z,1563312026-04-16,15633,2026-04-16,CANCELED,,
2026-04-18T00:10:30Z,3820912026-04-16,38209,2026-04-16,CANCELED,,
2026-04-18T00:10:30Z,1720012026-04-16,17200,2026-04-16,CANCELED,,
2026-04-18T00:10:30Z,1800912026-04-16,18009,2026-04-16,CANCELED,,
2026-04-18T00:10:30Z,3820012026-04-16,38200,2026-04-16,CANCELED,,
2026-04-18T00:10:30Z,0116212026-04-16,01162,2026-04-16,CANCELED,,
2026-04-18T00:10:30Z,7182012026-04-16,71820,2026-04-16,CANCELED,,
2026-04-18T00:10:30Z,7183312026-04-16,71833,2026-04-16,CANCELED,,
2026-04-18T00:10:30Z,0819912026-04-16,08199,2026-04-16,CANCELED,,
2026-04-18T00:10:30Z,1262312026-04-16,12623,2026-04-16,CANCELED,,
2026-04-18T00:15:34Z,1806612026-04-16,18066,2026-04-16,CANCELED,,
2026-04-18T00:15:34Z,1563322026-04-16,15633,2026-04-16,CANCELED,,
2026-04-18T00:15:34Z,1563312026-04-16,15633,2026-04-16,CANCELED,,
2026-04-18T00:15:34Z,1720012026-04-16,17200,2026-04-16,CANCELED,,
2026-04-18T00:15:34Z,3820912026-04-16,38209,2026-04-16,CANCELED,,
2026-04-18T00:15:34Z,3820012026-04-16,38200,2026-04-16,CANCELED,,
2026-04-18T00:15:34Z,1800912026-04-16,18009,2026-04-16,CANCELED,,
2026-04-18T00:15:34Z,0116212026-04-16,01162,2026-04-16,CANCELED,,
2026-04-18T00:15:34Z,7182012026-04-16,71820,2026-04-16,CANCELED,,
2026-04-18T00:15:34Z,0819912026-04-16,08199,2026-04-16,CANCELED,,
2026-04-18T00:15:34Z,1262312026-04-16,12623,2026-04-16,CANCELED,,
2026-04-18T00:15:34Z,7183312026-04-16,71833,2026-04-16,CANCELED,,
2026-04-18T00:20:30Z,1093012026-04-18,10930,2026-04-18,SCHEDULED,120,2.0
2026-04-18T00:20:30Z,1806612026-04-16,18066,2026-04-16,CANCELED,,
2026-04-18T00:20:30Z,1563322026-04-16,15633,2026-04-16,CANCELED,,
2026-04-18T00:20:30Z,1563312026-04-16,15633,2026-04-16,CANCELED,,
2026-04-18T00:20:30Z,3820912026-04-16,38209,2026-04-16,CANCELED,,
2026-04-18T00:20:30Z,1720012026-04-16,17200,2026-04-16,CANCELED,,
2026-04-18T00:20:30Z,3820012026-04-16,38200,2026-04-16,CANCELED,,
2026-04-18T00:20:30Z,1800912026-04-16,18009,2026-04-16,CANCELED,,
2026-04-18T00:20:30Z,0116212026-04-16,01162,2026-04-16,CANCELED,,
2026-04-18T00:20:30Z,7182012026-04-16,71820,2026-04-16,CANCELED,,
2026-04-18T00:20:30Z,0819912026-04-16,08199,2026-04-16,CANCELED,,
2026-04-18T00:20:30Z,7183312026-04-16,71833,2026-04-16,CANCELED,,
2026-04-18T00:20:30Z,1262312026-04-16,12623,2026-04-16,CANCELED,,
2026-04-18T00:25:28Z,1093012026-04-18,10930,2026-04-18,SCHEDULED,120,2.0
2026-04-18T00:25:28Z,1563322026-04-16,15633,2026-04-16,CANCELED,,
2026-04-18T00:25:28Z,1563312026-04-16,15633,2026-04-16,CANCELED,,
2026-04-18T00:25:28Z,1720012026-04-16,17200,2026-04-16,CANCELED,,
2026-04-18T00:25:28Z,1806612026-04-16,18066,2026-04-16,CANCELED,,
2026-04-18T00:25:28Z,3820012026-04-16,38200,2026-04-16,CANCELED,,
2026-04-18T00:25:28Z,0116212026-04-16,01162,2026-04-16,CANCELED,,
2026-04-18T00:25:28Z,3820912026-04-16,38209,2026-04-16,CANCELED,,
2026-04-18T00:25:28Z,0819912026-04-16,08199,2026-04-16,CANCELED,,
2026-04-18T00:25:28Z,1800912026-04-16,18009,2026-04-16,CANCELED,,
2026-04-18T00:25:28Z,1262312026-04-16,12623,2026-04-16,CANCELED,,
2026-04-18T00:25:28Z,7182012026-04-16,71820,2026-04-16,CANCELED,,
2026-04-18T00:25:28Z,7183312026-04-16,71833,2026-04-16,CANCELED,,
2026-04-18T00:30:39Z,1093012026-04-18,10930,2026-04-18,SCHEDULED,60,1.0
2026-04-18T00:30:39Z,1806612026-04-16,18066,2026-04-16,CANCELED,,
2026-04-18T00:30:39Z,1563322026-04-16,15633,2026-04-16,CANCELED,,
2026-04-18T00:30:39Z,1563312026-04-16,15633,2026-04-16,CANCELED,,
2026-04-18T00:30:39Z,3820912026-04-16,38209,2026-04-16,CANCELED,,
2026-04-18T00:30:39Z,1720012026-04-16,17200,2026-04-16,CANCELED,,
2026-04-18T00:30:39Z,1800912026-04-16,18009,2026-04-16,CANCELED,,
2026-04-18T00:30:39Z,3820012026-04-16,38200,2026-04-16,CANCELED,,
2026-04-18T00:30:39Z,7182012026-04-16,71820,2026-04-16,CANCELED,,
2026-04-18T00:30:39Z,0116212026-04-16,01162,2026-04-16,CANCELED,,
2026-04-18T00:30:39Z,7183312026-04-16,71833,2026-04-16,CANCELED,,
2026-04-18T00:30:39Z,0819912026-04-16,08199,2026-04-16,CANCELED,,
2026-04-18T00:30:39Z,1262312026-04-16,12623,2026-04-16,CANCELED,,
2026-04-18T00:35:28Z,1093012026-04-18,10930,2026-04-18,SCHEDULED,-120,-2.0
2026-04-18T00:35:28Z,1806612026-04-16,18066,2026-04-16,CANCELED,,
2026-04-18T00:35:28Z,1563322026-04-16,15633,2026-04-16,CANCELED,,
2026-04-18T00:35:28Z,1563312026-04-16,15633,2026-04-16,CANCELED,,
2026-04-18T00:35:28Z,3820912026-04-16,38209,2026-04-16,CANCELED,,
2026-04-18T00:35:28Z,1720012026-04-16,17200,2026-04-16,CANCELED,,
2026-04-18T00:35:28Z,1800912026-04-16,18009,2026-04-16,CANCELED,,
2026-04-18T00:35:28Z,7182012026-04-16,71820,2026-04-16,CANCELED,,
2026-04-18T00:35:28Z,3820012026-04-16,38200,2026-04-16,CANCELED,,
2026-04-18T00:35:28Z,7183312026-04-16,71833,2026-04-16,CANCELED,,
2026-04-18T00:35:28Z,0116212026-04-16,01162,2026-04-16,CANCELED,,
2026-04-18T00:35:28Z,1262312026-04-16,12623,2026-04-16,CANCELED,,
2026-04-18T00:35:28Z,0819912026-04-16,08199,2026-04-16,CANCELED,,
2026-04-18T00:40:31Z,1093012026-04-18,10930,2026-04-18,SCHEDULED,-240,-4.0
2026-04-18T00:40:31Z,1806612026-04-16,18066,2026-04-16,CANCELED,,
2026-04-18T00:40:31Z,1563322026-04-16,15633,2026-04-16,CANCELED,,
2026-04-18T00:40:31Z,1563312026-04-16,15633,2026-04-16,CANCELED,,
2026-04-18T00:40:31Z,3820912026-04-16,38209,2026-04-16,CANCELED,,
2026-04-18T00:40:31Z,1720012026-04-16,17200,2026-04-16,CANCELED,,
2026-04-18T00:40:31Z,1800912026-04-16,18009,2026-04-16,CANCELED,,
2026-04-18T00:40:31Z,3820012026-04-16,38200,2026-04-16,CANCELED,,
2026-04-18T00:40:31Z,7182012026-04-16,71820,2026-04-16,CANCELED,,
2026-04-18T00:40:31Z,0116212026-04-16,01162,2026-04-16,CANCELED,,
2026-04-18T00:40:31Z,7183312026-04-16,71833,2026-04-16,CANCELED,,
2026-04-18T00:40:31Z,0819912026-04-16,08199,2026-04-16,CANCELED,,
2026-04-18T00:40:31Z,1262312026-04-16,12623,2026-04-16,CANCELED,,
2026-04-18T00:45:31Z,1093012026-04-18,10930,2026-04-18,SCHEDULED,-60,-1.0
2026-04-18T00:45:31Z,1806612026-04-16,18066,2026-04-16,CANCELED,,
2026-04-18T00:45:31Z,1563322026-04-16,15633,2026-04-16,CANCELED,,
2026-04-18T00:45:31Z,1563312026-04-16,15633,2026-04-16,CANCELED,,
2026-04-18T00:45:31Z,3820912026-04-16,38209,2026-04-16,CANCELED,,
2026-04-18T00:45:31Z,1800912026-04-16,18009,2026-04-16,CANCELED,,
2026-04-18T00:45:31Z,1720012026-04-16,17200,2026-04-16,CANCELED,,
2026-04-18T00:45:31Z,7182012026-04-16,71820,2026-04-16,CANCELED,,
2026-04-18T00:45:31Z,3820012026-04-16,38200,2026-04-16,CANCELED,,
2026-04-18T00:45:31Z,7183312026-04-16,71833,2026-04-16,CANCELED,,
2026-04-18T00:45:31Z,1262312026-04-16,12623,2026-04-16,CANCELED,,
2026-04-18T00:45:31Z,0116212026-04-16,01162,2026-04-16,CANCELED,,
2026-04-18T00:45:31Z,0819912026-04-16,08199,2026-04-16,CANCELED,,
2026-04-18T00:50:32Z,1093012026-04-18,10930,2026-04-18,SCHEDULED,-60,-1.0
2026-04-18T00:50:32Z,1806612026-04-16,18066,2026-04-16,CANCELED,,
2026-04-18T00:50:32Z,1563322026-04-16,15633,2026-04-16,CANCELED,,
2026-04-18T00:50:32Z,1563312026-04-16,15633,2026-04-16,CANCELED,,
2026-04-18T00:50:32Z,1720012026-04-16,17200,2026-04-16,CANCELED,,
2026-04-18T00:50:32Z,3820912026-04-16,38209,2026-04-16,CANCELED,,
2026-04-18T00:50:32Z,3820012026-04-16,38200,2026-04-16,CANCELED,,
2026-04-18T00:50:32Z,0116212026-04-16,01162,2026-04-16,CANCELED,,
2026-04-18T00:50:32Z,1800912026-04-16,18009,2026-04-16,CANCELED,,
2026-04-18T00:50:32Z,7182012026-04-16,71820,2026-04-16,CANCELED,,
2026-04-18T00:50:32Z,0819912026-04-16,08199,2026-04-16,CANCELED,,
2026-04-18T00:50:32Z,7183312026-04-16,71833,2026-04-16,CANCELED,,
2026-04-18T00:50:32Z,1262312026-04-16,12623,2026-04-16,CANCELED,,
2026-04-18T00:55:28Z,1093012026-04-18,10930,2026-04-18,SCHEDULED,180,3.0
2026-04-18T00:55:28Z,1806612026-04-16,18066,2026-04-16,CANCELED,,
2026-04-18T00:55:28Z,1563322026-04-16,15633,2026-04-16,CANCELED,,
2026-04-18T00:55:28Z,1563312026-04-16,15633,2026-04-16,CANCELED,,
2026-04-18T00:55:28Z,3820912026-04-16,38209,2026-04-16,CANCELED,,
2026-04-18T00:55:28Z,1720012026-04-16,17200,2026-04-16,CANCELED,,
2026-04-18T00:55:28Z,1800912026-04-16,18009,2026-04-16,CANCELED,,
2026-04-18T00:55:28Z,3820012026-04-16,38200,2026-04-16,CANCELED,,
2026-04-18T00:55:28Z,7182012026-04-16,71820,2026-04-16,CANCELED,,
2026-04-18T00:55:28Z,0116212026-04-16,01162,2026-04-16,CANCELED,,
2026-04-18T00:55:28Z,7183312026-04-16,71833,2026-04-16,CANCELED,,
2026-04-18T00:55:28Z,0819912026-04-16,08199,2026-04-16,CANCELED,,
2026-04-18T00:55:28Z,1262312026-04-16,12623,2026-04-16,CANCELED,,
2026-04-18T01:00:51Z,1093012026-04-18,10930,2026-04-18,SCHEDULED,-120,-2.0
2026-04-18T01:00:51Z,1806612026-04-16,18066,2026-04-16,CANCELED,,
2026-04-18T01:00:51Z,1563322026-04-16,15633,2026-04-16,CANCELED,,
2026-04-18T01:00:51Z,1563312026-04-16,15633,2026-04-16,CANCELED,,
2026-04-18T01:00:51Z,3820912026-04-16,38209,2026-04-16,CANCELED,,
2026-04-18T01:00:51Z,1720012026-04-16,17200,2026-04-16,CANCELED,,
2026-04-18T01:00:51Z,3820012026-04-16,38200,2026-04-16,CANCELED,,
2026-04-18T01:00:51Z,1800912026-04-16,18009,2026-04-16,CANCELED,,
2026-04-18T01:00:51Z,7182012026-04-16,71820,2026-04-16,CANCELED,,
2026-04-18T01:00:51Z,0116212026-04-16,01162,2026-04-16,CANCELED,,
2026-04-18T01:00:51Z,7183312026-04-16,71833,2026-04-16,CANCELED,,
2026-04-18T01:00:51Z,0819912026-04-16,08199,2026-04-16,CANCELED,,
2026-04-18T01:00:51Z,1262312026-04-16,12623,2026-04-16,CANCELED,,
2026-04-18T01:05:26Z,1093012026-04-18,10930,2026-04-18,SCHEDULED,-360,-6.0
2026-04-18T01:05:26Z,1806612026-04-16,18066,2026-04-16,CANCELED,,
2026-04-18T01:05:26Z,1563322026-04-16,15633,2026-04-16,CANCELED,,
2026-04-18T01:05:26Z,1563312026-04-16,15633,2026-04-16,CANCELED,,
2026-04-18T01:05:26Z,3820912026-04-16,38209,2026-04-16,CANCELED,,
2026-04-18T01:05:26Z,1720012026-04-16,17200,2026-04-16,CANCELED,,
2026-04-18T01:05:26Z,1800912026-04-16,18009,2026-04-16,CANCELED,,
2026-04-18T01:05:26Z,3820012026-04-16,38200,2026-04-16,CANCELED,,
2026-04-18T01:05:26Z,7182012026-04-16,71820,2026-04-16,CANCELED,,
2026-04-18T01:05:26Z,0116212026-04-16,01162,2026-04-16,CANCELED,,
2026-04-18T01:05:26Z,7183312026-04-16,71833,2026-04-16,CANCELED,,
2026-04-18T01:05:26Z,1262312026-04-16,12623,2026-04-16,CANCELED,,
2026-04-18T01:05:26Z,0819912026-04-16,08199,2026-04-16,CANCELED,,
2026-04-18T01:10:33Z,1093012026-04-18,10930,2026-04-18,SCHEDULED,-480,-8.0
2026-04-18T01:10:33Z,1806612026-04-16,18066,2026-04-16,CANCELED,,
2026-04-18T01:10:33Z,1563322026-04-16,15633,2026-04-16,CANCELED,,
2026-04-18T01:10:33Z,1563312026-04-16,15633,2026-04-16,CANCELED,,
2026-04-18T01:10:33Z,1720012026-04-16,17200,2026-04-16,CANCELED,,
2026-04-18T01:10:33Z,3820912026-04-16,38209,2026-04-16,CANCELED,,
2026-04-18T01:10:33Z,3820012026-04-16,38200,2026-04-16,CANCELED,,
2026-04-18T01:10:33Z,1800912026-04-16,18009,2026-04-16,CANCELED,,
2026-04-18T01:10:33Z,0116212026-04-16,01162,2026-04-16,CANCELED,,
2026-04-18T01:10:33Z,7182012026-04-16,71820,2026-04-16,CANCELED,,
2026-04-18T01:10:33Z,0819912026-04-16,08199,2026-04-16,CANCELED,,
2026-04-18T01:10:33Z,7183312026-04-16,71833,2026-04-16,CANCELED,,
2026-04-18T01:10:33Z,1262312026-04-16,12623,2026-04-16,CANCELED,,
2026-04-18T01:15:32Z,1093012026-04-18,10930,2026-04-18,SCHEDULED,-480,-8.0
2026-04-18T01:15:32Z,1806612026-04-16,18066,2026-04-16,CANCELED,,
2026-04-18T01:15:32Z,1563322026-04-16,15633,2026-04-16,CANCELED,,
2026-04-18T01:15:32Z,1563312026-04-16,15633,2026-04-16,CANCELED,,
2026-04-18T01:15:32Z,3820912026-04-16,38209,2026-04-16,CANCELED,,
2026-04-18T01:15:32Z,1720012026-04-16,17200,2026-04-16,CANCELED,,
2026-04-18T01:15:32Z,1800912026-04-16,18009,2026-04-16,CANCELED,,
2026-04-18T01:15:32Z,3820012026-04-16,38200,2026-04-16,CANCELED,,
2026-04-18T01:15:32Z,7182012026-04-16,71820,2026-04-16,CANCELED,,
2026-04-18T01:15:32Z,7183312026-04-16,71833,2026-04-16,CANCELED,,
2026-04-18T01:15:32Z,0116212026-04-16,01162,2026-04-16,CANCELED,,
2026-04-18T01:15:32Z,1262312026-04-16,12623,2026-04-16,CANCELED,,
2026-04-18T01:15:32Z,0819912026-04-16,08199,2026-04-16,CANCELED,,
2026-04-18T01:20:31Z,1093012026-04-18,10930,2026-04-18,SCHEDULED,-120,-2.0
2026-04-18T01:20:31Z,1806612026-04-16,18066,2026-04-16,CANCELED,,
2026-04-18T01:20:31Z,1563322026-04-16,15633,2026-04-16,CANCELED,,
2026-04-18T01:20:31Z,1563312026-04-16,15633,2026-04-16,CANCELED,,
2026-04-18T01:20:31Z,3820912026-04-16,38209,2026-04-16,CANCELED,,
2026-04-18T01:20:31Z,1720012026-04-16,17200,2026-04-16,CANCELED,,
2026-04-18T01:20:31Z,1800912026-04-16,18009,2026-04-16,CANCELED,,
2026-04-18T01:20:31Z,7182012026-04-16,71820,2026-04-16,CANCELED,,
2026-04-18T01:20:31Z,3820012026-04-16,38200,2026-04-16,CANCELED,,
2026-04-18T01:20:31Z,7183312026-04-16,71833,2026-04-16,CANCELED,,
2026-04-18T01:20:31Z,0116212026-04-16,01162,2026-04-16,CANCELED,,
2026-04-18T01:20:31Z,1262312026-04-16,12623,2026-04-16,CANCELED,,
2026-04-18T01:20:31Z,0819912026-04-16,08199,2026-04-16,CANCELED,,
2026-04-18T01:25:27Z,1093012026-04-18,10930,2026-04-18,SCHEDULED,-360,-6.0
2026-04-18T01:25:27Z,1806612026-04-16,18066,2026-04-16,CANCELED,,
2026-04-18T01:25:27Z,1563322026-04-16,15633,2026-04-16,CANCELED,,
2026-04-18T01:25:27Z,1563312026-04-16,15633,2026-04-16,CANCELED,,
2026-04-18T01:25:27Z,3820912026-04-16,38209,2026-04-16,CANCELED,,
2026-04-18T01:25:27Z,1720012026-04-16,17200,2026-04-16,CANCELED,,
2026-04-18T01:25:27Z,1800912026-04-16,18009,2026-04-16,CANCELED,,
2026-04-18T01:25:27Z,3820012026-04-16,38200,2026-04-16,CANCELED,,
2026-04-18T01:25:27Z,7182012026-04-16,71820,2026-04-16,CANCELED,,
2026-04-18T01:25:27Z,0116212026-04-16,01162,2026-04-16,CANCELED,,
2026-04-18T01:25:27Z,7183312026-04-16,71833,2026-04-16,CANCELED,,
2026-04-18T01:25:27Z,1262312026-04-16,12623,2026-04-16,CANCELED,,
2026-04-18T01:25:27Z,0819912026-04-16,08199,2026-04-16,CANCELED,,
2026-04-18T01:30:39Z,1093012026-04-18,10930,2026-04-18,SCHEDULED,-360,-6.0
2026-04-18T01:30:39Z,1563322026-04-16,15633,2026-04-16,CANCELED,,
2026-04-18T01:30:39Z,1563312026-04-16,15633,2026-04-16,CANCELED,,
2026-04-18T01:30:39Z,1720012026-04-16,17200,2026-04-16,CANCELED,,
2026-04-18T01:30:39Z,1806612026-04-16,18066,2026-04-16,CANCELED,,
2026-04-18T01:30:39Z,3820012026-04-16,38200,2026-04-16,CANCELED,,
2026-04-18T01:30:39Z,0116212026-04-16,01162,2026-04-16,CANCELED,,
2026-04-18T01:30:39Z,3820912026-04-16,38209,2026-04-16,CANCELED,,
2026-04-18T01:30:39Z,0819912026-04-16,08199,2026-04-16,CANCELED,,
2026-04-18T01:30:39Z,1800912026-04-16,18009,2026-04-16,CANCELED,,
2026-04-18T01:30:39Z,7182012026-04-16,71820,2026-04-16,CANCELED,,
2026-04-18T01:30:39Z,7183312026-04-16,71833,2026-04-16,CANCELED,,
2026-04-18T01:30:39Z,1262312026-04-16,12623,2026-04-16,CANCELED,,
2026-04-18T01:35:27Z,1093012026-04-18,10930,2026-04-18,SCHEDULED,-540,-9.0
2026-04-18T01:35:27Z,1806612026-04-16,18066,2026-04-16,CANCELED,,
2026-04-18T01:35:27Z,3820912026-04-16,38209,2026-04-16,CANCELED,,
2026-04-18T01:35:27Z,1563322026-04-16,15633,2026-04-16,CANCELED,,
2026-04-18T01:35:27Z,1563312026-04-16,15633,2026-04-16,CANCELED,,
2026-04-18T01:35:27Z,1800912026-04-16,18009,2026-04-16,CANCELED,,
2026-04-18T01:35:27Z,1720012026-04-16,17200,2026-04-16,CANCELED,,
2026-04-18T01:35:27Z,7182012026-04-16,71820,2026-04-16,CANCELED,,
2026-04-18T01:35:27Z,3820012026-04-16,38200,2026-04-16,CANCELED,,
2026-04-18T01:35:27Z,7183312026-04-16,71833,2026-04-16,CANCELED,,
2026-04-18T01:35:27Z,0116212026-04-16,01162,2026-04-16,CANCELED,,
2026-04-18T01:35:27Z,1262312026-04-16,12623,2026-04-16,CANCELED,,
2026-04-18T01:35:27Z,0819912026-04-16,08199,2026-04-16,CANCELED,,
2026-04-18T01:40:31Z,1093012026-04-18,10930,2026-04-18,SCHEDULED,-720,-12.0
2026-04-18T01:40:31Z,1806612026-04-16,18066,2026-04-16,CANCELED,,
2026-04-18T01:40:31Z,1563322026-04-16,15633,2026-04-16,CANCELED,,
2026-04-18T01:40:31Z,1563312026-04-16,15633,2026-04-16,CANCELED,,
2026-04-18T01:40:31Z,3820912026-04-16,38209,2026-04-16,CANCELED,,
2026-04-18T01:40:31Z,1720012026-04-16,17200,2026-04-16,CANCELED,,
2026-04-18T01:40:31Z,1800912026-04-16,18009,2026-04-16,CANCELED,,
2026-04-18T01:40:31Z,3820012026-04-16,38200,2026-04-16,CANCELED,,
2026-04-18T01:40:31Z,7182012026-04-16,71820,2026-04-16,CANCELED,,
2026-04-18T01:40:31Z,0116212026-04-16,01162,2026-04-16,CANCELED,,
2026-04-18T01:40:31Z,7183312026-04-16,71833,2026-04-16,CANCELED,,
2026-04-18T01:40:31Z,0819912026-04-16,08199,2026-04-16,CANCELED,,
2026-04-18T01:40:31Z,1262312026-04-16,12623,2026-04-16,CANCELED,,
2026-04-18T01:45:30Z,1093012026-04-18,10930,2026-04-18,SCHEDULED,-840,-14.0
2026-04-18T01:45:30Z,1806612026-04-16,18066,2026-04-16,CANCELED,,
2026-04-18T01:45:30Z,1563322026-04-16,15633,2026-04-16,CANCELED,,
2026-04-18T01:45:30Z,1563312026-04-16,15633,2026-04-16,CANCELED,,
2026-04-18T01:45:30Z,1720012026-04-16,17200,2026-04-16,CANCELED,,
2026-04-18T01:45:30Z,3820912026-04-16,38209,2026-04-16,CANCELED,,
2026-04-18T01:45:30Z,1800912026-04-16,18009,2026-04-16,CANCELED,,
2026-04-18T01:45:30Z,3820012026-04-16,38200,2026-04-16,CANCELED,,
2026-04-18T01:45:30Z,7182012026-04-16,71820,2026-04-16,CANCELED,,
2026-04-18T01:45:30Z,0116212026-04-16,01162,2026-04-16,CANCELED,,
2026-04-18T01:45:30Z,7183312026-04-16,71833,2026-04-16,CANCELED,,
2026-04-18T01:45:30Z,0819912026-04-16,08199,2026-04-16,CANCELED,,
2026-04-18T01:45:30Z,1262312026-04-16,12623,2026-04-16,CANCELED,,
2026-04-18T01:50:29Z,1093012026-04-18,10930,2026-04-18,SCHEDULED,-960,-16.0
2026-04-18T01:50:29Z,1806612026-04-16,18066,2026-04-16,CANCELED,,
2026-04-18T01:50:29Z,1563322026-04-16,15633,2026-04-16,CANCELED,,
2026-04-18T01:50:29Z,1563312026-04-16,15633,2026-04-16,CANCELED,,
2026-04-18T01:50:29Z,3820912026-04-16,38209,2026-04-16,CANCELED,,
2026-04-18T01:50:29Z,1720012026-04-16,17200,2026-04-16,CANCELED,,
2026-04-18T01:50:29Z,1800912026-04-16,18009,2026-04-16,CANCELED,,
2026-04-18T01:50:29Z,3820012026-04-16,38200,2026-04-16,CANCELED,,
2026-04-18T01:50:29Z,7182012026-04-16,71820,2026-04-16,CANCELED,,
2026-04-18T01:50:29Z,0116212026-04-16,01162,2026-04-16,CANCELED,,
2026-04-18T01:50:29Z,7183312026-04-16,71833,2026-04-16,CANCELED,,
2026-04-18T01:50:29Z,0819912026-04-16,08199,2026-04-16,CANCELED,,
2026-04-18T01:50:29Z,1262312026-04-16,12623,2026-04-16,CANCELED,,
2026-04-18T02:00:49Z,1093012026-04-18,10930,2026-04-18,SCHEDULED,-960,-16.0
2026-04-18T02:00:49Z,1806612026-04-16,18066,2026-04-16,CANCELED,,
2026-04-18T02:00:49Z,1563322026-04-16,15633,2026-04-16,CANCELED,,
2026-04-18T02:00:49Z,1563312026-04-16,15633,2026-04-16,CANCELED,,
2026-04-18T02:00:49Z,3820912026-04-16,38209,2026-04-16,CANCELED,,
2026-04-18T02:00:49Z,1720012026-04-16,17200,2026-04-16,CANCELED,,
2026-04-18T02:00:49Z,1800912026-04-16,18009,2026-04-16,CANCELED,,
2026-04-18T02:00:49Z,7182012026-04-16,71820,2026-04-16,CANCELED,,
2026-04-18T02:00:49Z,3820012026-04-16,38200,2026-04-16,CANCELED,,
2026-04-18T02:00:49Z,7183312026-04-16,71833,2026-04-16,CANCELED,,
2026-04-18T02:00:49Z,0116212026-04-16,01162,2026-04-16,CANCELED,,
2026-04-18T02:00:49Z,1262312026-04-16,12623,2026-04-16,CANCELED,,
2026-04-18T02:00:49Z,0819912026-04-16,08199,2026-04-16,CANCELED,,
2026-04-18T02:03:43Z,1093012026-04-18,10930,2026-04-18,SCHEDULED,-1080,-18.0
2026-04-18T02:03:43Z,1563322026-04-16,15633,2026-04-16,CANCELED,,
2026-04-18T02:03:43Z,1563312026-04-16,15633,2026-04-16,CANCELED,,
2026-04-18T02:03:43Z,1806612026-04-16,18066,2026-04-16,CANCELED,,
2026-04-18T02:03:43Z,3820912026-04-16,38209,2026-04-16,CANCELED,,
2026-04-18T02:03:43Z,1720012026-04-16,17200,2026-04-16,CANCELED,,
2026-04-18T02:03:43Z,3820012026-04-16,38200,2026-04-16,CANCELED,,
2026-04-18T02:03:43Z,1800912026-04-16,18009,2026-04-16,CANCELED,,
2026-04-18T02:03:43Z,7182012026-04-16,71820,2026-04-16,CANCELED,,
2026-04-18T02:03:43Z,0116212026-04-16,01162,2026-04-16,CANCELED,,
2026-04-18T02:03:43Z,7183312026-04-16,71833,2026-04-16,CANCELED,,
2026-04-18T02:03:43Z,0819912026-04-16,08199,2026-04-16,CANCELED,,
2026-04-18T02:03:43Z,1262312026-04-16,12623,2026-04-16,CANCELED,,
2026-04-18T02:05:29Z,1093012026-04-18,10930,2026-04-18,SCHEDULED,-1020,-17.0
2026-04-18T02:05:29Z,1806612026-04-16,18066,2026-04-16,CANCELED,,
2026-04-18T02:05:29Z,1563322026-04-16,15633,2026-04-16,CANCELED,,
2026-04-18T02:05:29Z,1563312026-04-16,15633,2026-04-16,CANCELED,,
2026-04-18T02:05:29Z,3820912026-04-16,38209,2026-04-16,CANCELED,,
2026-04-18T02:05:29Z,1720012026-04-16,17200,2026-04-16,CANCELED,,
2026-04-18T02:05:29Z,3820012026-04-16,38200,2026-04-16,CANCELED,,
2026-04-18T02:05:29Z,1800912026-04-16,18009,2026-04-16,CANCELED,,
2026-04-18T02:05:29Z,0116212026-04-16,01162,2026-04-16,CANCELED,,
2026-04-18T02:05:29Z,7182012026-04-16,71820,2026-04-16,CANCELED,,
2026-04-18T02:05:29Z,0819912026-04-16,08199,2026-04-16,CANCELED,,
2026-04-18T02:05:29Z,7183312026-04-16,71833,2026-04-16,CANCELED,,
2026-04-18T02:05:29Z,1262312026-04-16,12623,2026-04-16,CANCELED,,
2026-04-18T02:10:31Z,1093012026-04-18,10930,2026-04-18,SCHEDULED,-960,-16.0
2026-04-18T02:10:31Z,1806612026-04-16,18066,2026-04-16,CANCELED,,
2026-04-18T02:10:31Z,1563322026-04-16,15633,2026-04-16,CANCELED,,
2026-04-18T02:10:31Z,1563312026-04-16,15633,2026-04-16,CANCELED,,
2026-04-18T02:10:31Z,3820912026-04-16,38209,2026-04-16,CANCELED,,
2026-04-18T02:10:31Z,1720012026-04-16,17200,2026-04-16,CANCELED,,
2026-04-18T02:10:31Z,3820012026-04-16,38200,2026-04-16,CANCELED,,
2026-04-18T02:10:31Z,1800912026-04-16,18009,2026-04-16,CANCELED,,
2026-04-18T02:10:31Z,0116212026-04-16,01162,2026-04-16,CANCELED,,
2026-04-18T02:10:31Z,7182012026-04-16,71820,2026-04-16,CANCELED,,
2026-04-18T02:10:31Z,0819912026-04-16,08199,2026-04-16,CANCELED,,
2026-04-18T02:10:31Z,7183312026-04-16,71833,2026-04-16,CANCELED,,
2026-04-18T02:10:31Z,1262312026-04-16,12623,2026-04-16,CANCELED,,
2026-04-18T02:15:32Z,1093012026-04-18,10930,2026-04-18,SCHEDULED,-1080,-18.0
2026-04-18T02:15:32Z,1806612026-04-16,18066,2026-04-16,CANCELED,,
2026-04-18T02:15:32Z,1563322026-04-16,15633,2026-04-16,CANCELED,,
2026-04-18T02:15:32Z,1563312026-04-16,15633,2026-04-16,CANCELED,,
2026-04-18T02:15:32Z,3820912026-04-16,38209,2026-04-16,CANCELED,,
2026-04-18T02:15:32Z,1800912026-04-16,18009,2026-04-16,CANCELED,,
2026-04-18T02:15:32Z,1720012026-04-16,17200,2026-04-16,CANCELED,,
2026-04-18T02:15:32Z,7182012026-04-16,71820,2026-04-16,CANCELED,,
2026-04-18T02:15:32Z,3820012026-04-16,38200,2026-04-16,CANCELED,,
2026-04-18T02:15:32Z,7183312026-04-16,71833,2026-04-16,CANCELED,,
2026-04-18T02:15:32Z,0116212026-04-16,01162,2026-04-16,CANCELED,,
2026-04-18T02:15:32Z,1262312026-04-16,12623,2026-04-16,CANCELED,,
2026-04-18T02:15:32Z,0819912026-04-16,08199,2026-04-16,CANCELED,,
2026-04-18T02:20:30Z,1093012026-04-18,10930,2026-04-18,SCHEDULED,-1080,-18.0
2026-04-18T02:20:30Z,1806612026-04-16,18066,2026-04-16,CANCELED,,
2026-04-18T02:20:30Z,1563322026-04-16,15633,2026-04-16,CANCELED,,
2026-04-18T02:20:30Z,1563312026-04-16,15633,2026-04-16,CANCELED,,
2026-04-18T02:20:30Z,3820912026-04-16,38209,2026-04-16,CANCELED,,
2026-04-18T02:20:30Z,1720012026-04-16,17200,2026-04-16,CANCELED,,
2026-04-18T02:20:30Z,1800912026-04-16,18009,2026-04-16,CANCELED,,
2026-04-18T02:20:30Z,3820012026-04-16,38200,2026-04-16,CANCELED,,
2026-04-18T02:20:30Z,7182012026-04-16,71820,2026-04-16,CANCELED,,
2026-04-18T02:20:30Z,0116212026-04-16,01162,2026-04-16,CANCELED,,
2026-04-18T02:20:30Z,7183312026-04-16,71833,2026-04-16,CANCELED,,
2026-04-18T02:20:30Z,0819912026-04-16,08199,2026-04-16,CANCELED,,
2026-04-18T02:20:30Z,1262312026-04-16,12623,2026-04-16,CANCELED,,
2026-04-18T02:25:26Z,1093012026-04-18,10930,2026-04-18,SCHEDULED,-960,-16.0
2026-04-18T02:25:26Z,1806612026-04-16,18066,2026-04-16,CANCELED,,
2026-04-18T02:25:26Z,1563322026-04-16,15633,2026-04-16,CANCELED,,
2026-04-18T02:25:26Z,1563312026-04-16,15633,2026-04-16,CANCELED,,
2026-04-18T02:25:26Z,1720012026-04-16,17200,2026-04-16,CANCELED,,
2026-04-18T02:25:26Z,3820912026-04-16,38209,2026-04-16,CANCELED,,
2026-04-18T02:25:26Z,3820012026-04-16,38200,2026-04-16,CANCELED,,
2026-04-18T02:25:26Z,1800912026-04-16,18009,2026-04-16,CANCELED,,
2026-04-18T02:25:26Z,0116212026-04-16,01162,2026-04-16,CANCELED,,
2026-04-18T02:25:26Z,7182012026-04-16,71820,2026-04-16,CANCELED,,
2026-04-18T02:25:26Z,0819912026-04-16,08199,2026-04-16,CANCELED,,
2026-04-18T02:25:26Z,7183312026-04-16,71833,2026-04-16,CANCELED,,
2026-04-18T02:25:26Z,1262312026-04-16,12623,2026-04-16,CANCELED,,
2026-04-18T02:30:39Z,1093012026-04-18,10930,2026-04-18,SCHEDULED,-960,-16.0
2026-04-18T02:30:39Z,1806612026-04-16,18066,2026-04-16,CANCELED,,
2026-04-18T02:30:39Z,1563322026-04-16,15633,2026-04-16,CANCELED,,
2026-04-18T02:30:39Z,1563312026-04-16,15633,2026-04-16,CANCELED,,
2026-04-18T02:30:39Z,3820912026-04-16,38209,2026-04-16,CANCELED,,
2026-04-18T02:30:39Z,1720012026-04-16,17200,2026-04-16,CANCELED,,
2026-04-18T02:30:39Z,1800912026-04-16,18009,2026-04-16,CANCELED,,
2026-04-18T02:30:39Z,3820012026-04-16,38200,2026-04-16,CANCELED,,
2026-04-18T02:30:39Z,7182012026-04-16,71820,2026-04-16,CANCELED,,
2026-04-18T02:30:39Z,0116212026-04-16,01162,2026-04-16,CANCELED,,
2026-04-18T02:30:39Z,7183312026-04-16,71833,2026-04-16,CANCELED,,
2026-04-18T02:30:39Z,0819912026-04-16,08199,2026-04-16,CANCELED,,
2026-04-18T02:30:39Z,1262312026-04-16,12623,2026-04-16,CANCELED,,
2026-04-18T02:35:26Z,1093012026-04-18,10930,2026-04-18,SCHEDULED,-960,-16.0
2026-04-18T02:35:26Z,1806612026-04-16,18066,2026-04-16,CANCELED,,
2026-04-18T02:35:26Z,1563322026-04-16,15633,2026-04-16,CANCELED,,
2026-04-18T02:35:26Z,1563312026-04-16,15633,2026-04-16,CANCELED,,
2026-04-18T02:35:26Z,3820912026-04-16,38209,2026-04-16,CANCELED,,
2026-04-18T02:35:26Z,1720012026-04-16,17200,2026-04-16,CANCELED,,
2026-04-18T02:35:26Z,1800912026-04-16,18009,2026-04-16,CANCELED,,
2026-04-18T02:35:26Z,3820012026-04-16,38200,2026-04-16,CANCELED,,
2026-04-18T02:35:26Z,7182012026-04-16,71820,2026-04-16,CANCELED,,
2026-04-18T02:35:26Z,0116212026-04-16,01162,2026-04-16,CANCELED,,
2026-04-18T02:35:26Z,7183312026-04-16,71833,2026-04-16,CANCELED,,
2026-04-18T02:35:26Z,0819912026-04-16,08199,2026-04-16,CANCELED,,
2026-04-18T02:35:26Z,1262312026-04-16,12623,2026-04-16,CANCELED,,
2026-04-18T02:40:30Z,1093012026-04-18,10930,2026-04-18,SCHEDULED,-960,-16.0
2026-04-18T02:40:30Z,1806612026-04-16,18066,2026-04-16,CANCELED,,
2026-04-18T02:40:30Z,1563322026-04-16,15633,2026-04-16,CANCELED,,
2026-04-18T02:40:30Z,1563312026-04-16,15633,2026-04-16,CANCELED,,
2026-04-18T02:40:30Z,3820912026-04-16,38209,2026-04-16,CANCELED,,
2026-04-18T02:40:30Z,1720012026-04-16,17200,2026-04-16,CANCELED,,
2026-04-18T02:40:30Z,1800912026-04-16,18009,2026-04-16,CANCELED,,
2026-04-18T02:40:30Z,3820012026-04-16,38200,2026-04-16,CANCELED,,
2026-04-18T02:40:30Z,0116212026-04-16,01162,2026-04-16,CANCELED,,
2026-04-18T02:40:30Z,7182012026-04-16,71820,2026-04-16,CANCELED,,
2026-04-18T02:40:30Z,0819912026-04-16,08199,2026-04-16,CANCELED,,
2026-04-18T02:40:30Z,7183312026-04-16,71833,2026-04-16,CANCELED,,
2026-04-18T02:40:30Z,1262312026-04-16,12623,2026-04-16,CANCELED,,
2026-04-18T02:45:32Z,1093012026-04-18,10930,2026-04-18,SCHEDULED,120,2.0
2026-04-18T02:45:32Z,1806612026-04-16,18066,2026-04-16,CANCELED,,
2026-04-18T02:45:32Z,1563322026-04-16,15633,2026-04-16,CANCELED,,
2026-04-18T02:45:32Z,1563312026-04-16,15633,2026-04-16,CANCELED,,
2026-04-18T02:45:32Z,3820912026-04-16,38209,2026-04-16,CANCELED,,
2026-04-18T02:45:32Z,1720012026-04-16,17200,2026-04-16,CANCELED,,
2026-04-18T02:45:32Z,1800912026-04-16,18009,2026-04-16,CANCELED,,
2026-04-18T02:45:32Z,3820012026-04-16,38200,2026-04-16,CANCELED,,
2026-04-18T02:45:32Z,0116212026-04-16,01162,2026-04-16,CANCELED,,
2026-04-18T02:45:32Z,7182012026-04-16,71820,2026-04-16,CANCELED,,
2026-04-18T02:45:32Z,0819912026-04-16,08199,2026-04-16,CANCELED,,
2026-04-18T02:45:32Z,7183312026-04-16,71833,2026-04-16,CANCELED,,
2026-04-18T02:45:32Z,1262312026-04-16,12623,2026-04-16,CANCELED,,
2026-04-18T02:50:31Z,1093012026-04-18,10930,2026-04-18,SCHEDULED,120,2.0
2026-04-18T02:50:31Z,1563322026-04-16,15633,2026-04-16,CANCELED,,
2026-04-18T02:50:31Z,1563312026-04-16,15633,2026-04-16,CANCELED,,
2026-04-18T02:50:31Z,1806612026-04-16,18066,2026-04-16,CANCELED,,
2026-04-18T02:50:31Z,1720012026-04-16,17200,2026-04-16,CANCELED,,
2026-04-18T02:50:31Z,3820912026-04-16,38209,2026-04-16,CANCELED,,
2026-04-18T02:50:31Z,3820012026-04-16,38200,2026-04-16,CANCELED,,
2026-04-18T02:50:31Z,1800912026-04-16,18009,2026-04-16,CANCELED,,
2026-04-18T02:50:31Z,0116212026-04-16,01162,2026-04-16,CANCELED,,
2026-04-18T02:50:31Z,7182012026-04-16,71820,2026-04-16,CANCELED,,
2026-04-18T02:50:31Z,0819912026-04-16,08199,2026-04-16,CANCELED,,
2026-04-18T02:50:31Z,7183312026-04-16,71833,2026-04-16,CANCELED,,
2026-04-18T02:50:31Z,1262312026-04-16,12623,2026-04-16,CANCELED,,
2026-04-18T02:55:26Z,1093012026-04-18,10930,2026-04-18,SCHEDULED,120,2.0
2026-04-18T02:55:26Z,1563322026-04-16,15633,2026-04-16,CANCELED,,
2026-04-18T02:55:26Z,1563312026-04-16,15633,2026-04-16,CANCELED,,
2026-04-18T02:55:26Z,1806612026-04-16,18066,2026-04-16,CANCELED,,
2026-04-18T02:55:26Z,1720012026-04-16,17200,2026-04-16,CANCELED,,
2026-04-18T02:55:26Z,3820912026-04-16,38209,2026-04-16,CANCELED,,
2026-04-18T02:55:26Z,3820012026-04-16,38200,2026-04-16,CANCELED,,
2026-04-18T02:55:26Z,1800912026-04-16,18009,2026-04-16,CANCELED,,
2026-04-18T02:55:26Z,0116212026-04-16,01162,2026-04-16,CANCELED,,
2026-04-18T02:55:26Z,7182012026-04-16,71820,2026-04-16,CANCELED,,
2026-04-18T02:55:26Z,0819912026-04-16,08199,2026-04-16,CANCELED,,
2026-04-18T02:55:26Z,7183312026-04-16,71833,2026-04-16,CANCELED,,
2026-04-18T02:55:26Z,1262312026-04-16,12623,2026-04-16,CANCELED,,
2026-04-18T03:00:52Z,1093012026-04-18,10930,2026-04-18,SCHEDULED,240,4.0
2026-04-18T03:00:52Z,1806612026-04-16,18066,2026-04-16,CANCELED,,
2026-04-18T03:00:52Z,1563322026-04-16,15633,2026-04-16,CANCELED,,
2026-04-18T03:00:52Z,1563312026-04-16,15633,2026-04-16,CANCELED,,
2026-04-18T03:00:52Z,3820912026-04-16,38209,2026-04-16,CANCELED,,
2026-04-18T03:00:52Z,1720012026-04-16,17200,2026-04-16,CANCELED,,
2026-04-18T03:00:52Z,1800912026-04-16,18009,2026-04-16,CANCELED,,
2026-04-18T03:00:52Z,3820012026-04-16,38200,2026-04-16,CANCELED,,
2026-04-18T03:00:52Z,7182012026-04-16,71820,2026-04-16,CANCELED,,
2026-04-18T03:00:52Z,0116212026-04-16,01162,2026-04-16,CANCELED,,
2026-04-18T03:00:52Z,7183312026-04-16,71833,2026-04-16,CANCELED,,
2026-04-18T03:00:52Z,0819912026-04-16,08199,2026-04-16,CANCELED,,
2026-04-18T03:00:52Z,1262312026-04-16,12623,2026-04-16,CANCELED,,
2026-04-18T03:05:26Z,1093012026-04-18,10930,2026-04-18,SCHEDULED,180,3.0
2026-04-18T03:05:26Z,1806612026-04-16,18066,2026-04-16,CANCELED,,
2026-04-18T03:05:26Z,1563322026-04-16,15633,2026-04-16,CANCELED,,
2026-04-18T03:05:26Z,1563312026-04-16,15633,2026-04-16,CANCELED,,
2026-04-18T03:05:26Z,3820912026-04-16,38209,2026-04-16,CANCELED,,
2026-04-18T03:05:26Z,1720012026-04-16,17200,2026-04-16,CANCELED,,
2026-04-18T03:05:26Z,1800912026-04-16,18009,2026-04-16,CANCELED,,
2026-04-18T03:05:26Z,3820012026-04-16,38200,2026-04-16,CANCELED,,
2026-04-18T03:05:26Z,7182012026-04-16,71820,2026-04-16,CANCELED,,
2026-04-18T03:05:26Z,0116212026-04-16,01162,2026-04-16,CANCELED,,
2026-04-18T03:05:26Z,7183312026-04-16,71833,2026-04-16,CANCELED,,
2026-04-18T03:05:26Z,0819912026-04-16,08199,2026-04-16,CANCELED,,
2026-04-18T03:05:26Z,1262312026-04-16,12623,2026-04-16,CANCELED,,
2026-04-18T03:10:32Z,1093012026-04-18,10930,2026-04-18,SCHEDULED,180,3.0
2026-04-18T03:10:32Z,1806612026-04-16,18066,2026-04-16,CANCELED,,
2026-04-18T03:10:32Z,1563322026-04-16,15633,2026-04-16,CANCELED,,
2026-04-18T03:10:32Z,1563312026-04-16,15633,2026-04-16,CANCELED,,
2026-04-18T03:10:32Z,3820912026-04-16,38209,2026-04-16,CANCELED,,
2026-04-18T03:10:32Z,1720012026-04-16,17200,2026-04-16,CANCELED,,
2026-04-18T03:10:32Z,1800912026-04-16,18009,2026-04-16,CANCELED,,
2026-04-18T03:10:32Z,3820012026-04-16,38200,2026-04-16,CANCELED,,
2026-04-18T03:10:32Z,7182012026-04-16,71820,2026-04-16,CANCELED,,
2026-04-18T03:10:32Z,0116212026-04-16,01162,2026-04-16,CANCELED,,
2026-04-18T03:10:32Z,0819912026-04-16,08199,2026-04-16,CANCELED,,
2026-04-18T03:10:32Z,7183312026-04-16,71833,2026-04-16,CANCELED,,
2026-04-18T03:10:32Z,1262312026-04-16,12623,2026-04-16,CANCELED,,
2026-04-18T03:15:31Z,1454112026-04-16,14541,2026-04-16,SCHEDULED,60,1.0
2026-04-18T03:15:31Z,1093012026-04-18,10930,2026-04-18,SCHEDULED,180,3.0
2026-04-18T03:15:31Z,1806612026-04-16,18066,2026-04-16,CANCELED,,
2026-04-18T03:15:31Z,1563322026-04-16,15633,2026-04-16,CANCELED,,
2026-04-18T03:15:31Z,1563312026-04-16,15633,2026-04-16,CANCELED,,
2026-04-18T03:15:31Z,3820912026-04-16,38209,2026-04-16,CANCELED,,
2026-04-18T03:15:31Z,1720012026-04-16,17200,2026-04-16,CANCELED,,
2026-04-18T03:15:31Z,1800912026-04-16,18009,2026-04-16,CANCELED,,
2026-04-18T03:15:31Z,7182012026-04-16,71820,2026-04-16,CANCELED,,
2026-04-18T03:15:31Z,3820012026-04-16,38200,2026-04-16,CANCELED,,
2026-04-18T03:15:31Z,0116212026-04-16,01162,2026-04-16,CANCELED,,
2026-04-18T03:15:31Z,7183312026-04-16,71833,2026-04-16,CANCELED,,
2026-04-18T03:15:31Z,0819912026-04-16,08199,2026-04-16,CANCELED,,
2026-04-18T03:15:31Z,1262312026-04-16,12623,2026-04-16,CANCELED,,
2026-04-18T03:20:31Z,1093012026-04-18,10930,2026-04-18,SCHEDULED,180,3.0
2026-04-18T03:20:31Z,1806612026-04-16,18066,2026-04-16,CANCELED,,
2026-04-18T03:20:31Z,1563322026-04-16,15633,2026-04-16,CANCELED,,
2026-04-18T03:20:31Z,1563312026-04-16,15633,2026-04-16,CANCELED,,
2026-04-18T03:20:31Z,1720012026-04-16,17200,2026-04-16,CANCELED,,
2026-04-18T03:20:31Z,3820912026-04-16,38209,2026-04-16,CANCELED,,
2026-04-18T03:20:31Z,3820012026-04-16,38200,2026-04-16,CANCELED,,
2026-04-18T03:20:31Z,1800912026-04-16,18009,2026-04-16,CANCELED,,
2026-04-18T03:20:31Z,0116212026-04-16,01162,2026-04-16,CANCELED,,
2026-04-18T03:20:31Z,7182012026-04-16,71820,2026-04-16,CANCELED,,
2026-04-18T03:20:31Z,0819912026-04-16,08199,2026-04-16,CANCELED,,
2026-04-18T03:20:31Z,7183312026-04-16,71833,2026-04-16,CANCELED,,
2026-04-18T03:20:31Z,1262312026-04-16,12623,2026-04-16,CANCELED,,
2026-04-18T03:25:28Z,1093012026-04-18,10930,2026-04-18,SCHEDULED,180,3.0
2026-04-18T03:25:28Z,0415422026-04-16,04154,2026-04-16,SCHEDULED,120,2.0
2026-04-18T03:25:28Z,0415412026-04-16,04154,2026-04-16,SCHEDULED,120,2.0
2026-04-18T03:25:28Z,1806612026-04-16,18066,2026-04-16,CANCELED,,
2026-04-18T03:25:28Z,3820912026-04-16,38209,2026-04-16,CANCELED,,
2026-04-18T03:25:28Z,1563322026-04-16,15633,2026-04-16,CANCELED,,
2026-04-18T03:25:28Z,1563312026-04-16,15633,2026-04-16,CANCELED,,
2026-04-18T03:25:28Z,1800912026-04-16,18009,2026-04-16,CANCELED,,
2026-04-18T03:25:28Z,1720012026-04-16,17200,2026-04-16,CANCELED,,
2026-04-18T03:25:28Z,7182012026-04-16,71820,2026-04-16,CANCELED,,
2026-04-18T03:25:28Z,3820012026-04-16,38200,2026-04-16,CANCELED,,
2026-04-18T03:25:28Z,7183312026-04-16,71833,2026-04-16,CANCELED,,
2026-04-18T03:25:28Z,0116212026-04-16,01162,2026-04-16,CANCELED,,
2026-04-18T03:25:28Z,1262312026-04-16,12623,2026-04-16,CANCELED,,
2026-04-18T03:25:28Z,0819912026-04-16,08199,2026-04-16,CANCELED,,
2026-04-18T03:30:40Z,1093012026-04-18,10930,2026-04-18,SCHEDULED,240,4.0
2026-04-18T03:30:40Z,0415422026-04-16,04154,2026-04-16,SCHEDULED,120,2.0
2026-04-18T03:30:40Z,0415412026-04-16,04154,2026-04-16,SCHEDULED,120,2.0
2026-04-18T03:30:40Z,1806612026-04-16,18066,2026-04-16,CANCELED,,
2026-04-18T03:30:40Z,1563322026-04-16,15633,2026-04-16,CANCELED,,
2026-04-18T03:30:40Z,1563312026-04-16,15633,2026-04-16,CANCELED,,
2026-04-18T03:30:40Z,3820912026-04-16,38209,2026-04-16,CANCELED,,
2026-04-18T03:30:40Z,1720012026-04-16,17200,2026-04-16,CANCELED,,
2026-04-18T03:30:40Z,1800912026-04-16,18009,2026-04-16,CANCELED,,
2026-04-18T03:30:40Z,3820012026-04-16,38200,2026-04-16,CANCELED,,
2026-04-18T03:30:40Z,7182012026-04-16,71820,2026-04-16,CANCELED,,
2026-04-18T03:30:40Z,0116212026-04-16,01162,2026-04-16,CANCELED,,
2026-04-18T03:30:40Z,7183312026-04-16,71833,2026-04-16,CANCELED,,
2026-04-18T03:30:40Z,0819912026-04-16,08199,2026-04-16,CANCELED,,
2026-04-18T03:30:40Z,1262312026-04-16,12623,2026-04-16,CANCELED,,
2026-04-18T03:35:26Z,1093012026-04-18,10930,2026-04-18,SCHEDULED,240,4.0
2026-04-18T03:35:26Z,0415422026-04-16,04154,2026-04-16,SCHEDULED,120,2.0
2026-04-18T03:35:26Z,0415412026-04-16,04154,2026-04-16,SCHEDULED,120,2.0
2026-04-18T03:35:26Z,1454112026-04-16,14541,2026-04-16,SCHEDULED,60,1.0
2026-04-18T03:35:26Z,0306242026-04-16,03062,2026-04-16,SCHEDULED,-60,-1.0
2026-04-18T03:35:26Z,0306232026-04-16,03062,2026-04-16,SCHEDULED,-60,-1.0
2026-04-18T03:35:26Z,0306212026-04-16,03062,2026-04-16,SCHEDULED,-60,-1.0
2026-04-18T03:35:26Z,0306222026-04-16,03062,2026-04-16,SCHEDULED,-60,-1.0
2026-04-18T03:35:26Z,1806612026-04-16,18066,2026-04-16,CANCELED,,
2026-04-18T03:35:26Z,3820912026-04-16,38209,2026-04-16,CANCELED,,
2026-04-18T03:35:26Z,1800912026-04-16,18009,2026-04-16,CANCELED,,
2026-04-18T03:35:26Z,1563322026-04-16,15633,2026-04-16,CANCELED,,
2026-04-18T03:35:26Z,1563312026-04-16,15633,2026-04-16,CANCELED,,
2026-04-18T03:35:26Z,7182012026-04-16,71820,2026-04-16,CANCELED,,
2026-04-18T03:35:26Z,1720012026-04-16,17200,2026-04-16,CANCELED,,
2026-04-18T03:35:26Z,7183312026-04-16,71833,2026-04-16,CANCELED,,
2026-04-18T03:35:26Z,3820012026-04-16,38200,2026-04-16,CANCELED,,
2026-04-18T03:35:26Z,1262312026-04-16,12623,2026-04-16,CANCELED,,
2026-04-18T03:35:26Z,0116212026-04-16,01162,2026-04-16,CANCELED,,
2026-04-18T03:35:26Z,0819912026-04-16,08199,2026-04-16,CANCELED,,
2026-04-18T03:40:31Z,1093012026-04-18,10930,2026-04-18,SCHEDULED,240,4.0
2026-04-18T03:40:31Z,1454112026-04-16,14541,2026-04-16,SCHEDULED,60,1.0
2026-04-18T03:40:31Z,0415422026-04-16,04154,2026-04-16,SCHEDULED,180,3.0
2026-04-18T03:40:31Z,0415412026-04-16,04154,2026-04-16,SCHEDULED,180,3.0
2026-04-18T03:40:31Z,0306222026-04-16,03062,2026-04-16,SCHEDULED,-60,-1.0
2026-04-18T03:40:31Z,0306232026-04-16,03062,2026-04-16,SCHEDULED,-60,-1.0
2026-04-18T03:40:31Z,0306242026-04-16,03062,2026-04-16,SCHEDULED,-60,-1.0
2026-04-18T03:40:31Z,0306212026-04-16,03062,2026-04-16,SCHEDULED,-60,-1.0
2026-04-18T03:40:31Z,1806612026-04-16,18066,2026-04-16,CANCELED,,
2026-04-18T03:40:31Z,1563322026-04-16,15633,2026-04-16,CANCELED,,
2026-04-18T03:40:31Z,1563312026-04-16,15633,2026-04-16,CANCELED,,
2026-04-18T03:40:31Z,3820912026-04-16,38209,2026-04-16,CANCELED,,
2026-04-18T03:40:31Z,1720012026-04-16,17200,2026-04-16,CANCELED,,
2026-04-18T03:40:31Z,3820012026-04-16,38200,2026-04-16,CANCELED,,
2026-04-18T03:40:31Z,1800912026-04-16,18009,2026-04-16,CANCELED,,
2026-04-18T03:40:31Z,0116212026-04-16,01162,2026-04-16,CANCELED,,
2026-04-18T03:40:31Z,7182012026-04-16,71820,2026-04-16,CANCELED,,
2026-04-18T03:40:31Z,0819912026-04-16,08199,2026-04-16,CANCELED,,
2026-04-18T03:40:31Z,7183312026-04-16,71833,2026-04-16,CANCELED,,
2026-04-18T03:40:31Z,1262312026-04-16,12623,2026-04-16,CANCELED,,
2026-04-18T03:45:30Z,1268912026-04-16,12689,2026-04-16,SCHEDULED,120,2.0
2026-04-18T03:45:30Z,0415422026-04-16,04154,2026-04-16,SCHEDULED,180,3.0
2026-04-18T03:45:30Z,0415412026-04-16,04154,2026-04-16,SCHEDULED,180,3.0
2026-04-18T03:45:30Z,1093012026-04-18,10930,2026-04-18,SCHEDULED,240,4.0
2026-04-18T03:45:30Z,1454112026-04-16,14541,2026-04-16,SCHEDULED,120,2.0
2026-04-18T03:45:30Z,1806612026-04-16,18066,2026-04-16,CANCELED,,
2026-04-18T03:45:30Z,1563322026-04-16,15633,2026-04-16,CANCELED,,
2026-04-18T03:45:30Z,1563312026-04-16,15633,2026-04-16,CANCELED,,
2026-04-18T03:45:30Z,3820912026-04-16,38209,2026-04-16,CANCELED,,
2026-04-18T03:45:30Z,1720012026-04-16,17200,2026-04-16,CANCELED,,
2026-04-18T03:45:30Z,1800912026-04-16,18009,2026-04-16,CANCELED,,
2026-04-18T03:45:30Z,3820012026-04-16,38200,2026-04-16,CANCELED,,
2026-04-18T03:45:30Z,7182012026-04-16,71820,2026-04-16,CANCELED,,
2026-04-18T03:45:30Z,0116212026-04-16,01162,2026-04-16,CANCELED,,
2026-04-18T03:45:30Z,7183312026-04-16,71833,2026-04-16,CANCELED,,
2026-04-18T03:45:30Z,0819912026-04-16,08199,2026-04-16,CANCELED,,
2026-04-18T03:45:30Z,1262312026-04-16,12623,2026-04-16,CANCELED,,
2026-04-18T03:50:31Z,1093012026-04-18,10930,2026-04-18,SCHEDULED,900,15.0
2026-04-18T03:50:31Z,1268912026-04-16,12689,2026-04-16,SCHEDULED,120,2.0
2026-04-18T03:50:31Z,1806612026-04-16,18066,2026-04-16,SCHEDULED,-120,-2.0
2026-04-18T03:50:31Z,1454112026-04-16,14541,2026-04-16,SCHEDULED,120,2.0
2026-04-18T03:50:31Z,1812012026-04-16,18120,2026-04-16,SCHEDULED,180,3.0
2026-04-18T03:50:31Z,0306242026-04-16,03062,2026-04-16,SCHEDULED,60,1.0
2026-04-18T03:50:31Z,0306232026-04-16,03062,2026-04-16,SCHEDULED,60,1.0
2026-04-18T03:50:31Z,0306212026-04-16,03062,2026-04-16,SCHEDULED,60,1.0
2026-04-18T03:50:31Z,0306222026-04-16,03062,2026-04-16,SCHEDULED,60,1.0
2026-04-18T03:50:31Z,0415422026-04-16,04154,2026-04-16,SCHEDULED,120,2.0
2026-04-18T03:50:31Z,0415412026-04-16,04154,2026-04-16,SCHEDULED,120,2.0
2026-04-18T03:50:31Z,1806612026-04-16,18066,2026-04-16,CANCELED,,
2026-04-18T03:50:31Z,1563322026-04-16,15633,2026-04-16,CANCELED,,
2026-04-18T03:50:31Z,1563312026-04-16,15633,2026-04-16,CANCELED,,
2026-04-18T03:50:31Z,3820912026-04-16,38209,2026-04-16,CANCELED,,
2026-04-18T03:50:31Z,1720012026-04-16,17200,2026-04-16,CANCELED,,
2026-04-18T03:50:31Z,1800912026-04-16,18009,2026-04-16,CANCELED,,
2026-04-18T03:50:31Z,3820012026-04-16,38200,2026-04-16,CANCELED,,
2026-04-18T03:50:31Z,7182012026-04-16,71820,2026-04-16,CANCELED,,
2026-04-18T03:50:31Z,0116212026-04-16,01162,2026-04-16,CANCELED,,
2026-04-18T03:50:31Z,7183312026-04-16,71833,2026-04-16,CANCELED,,
2026-04-18T03:50:31Z,0819912026-04-16,08199,2026-04-16,CANCELED,,
2026-04-18T03:50:31Z,1262312026-04-16,12623,2026-04-16,CANCELED,,
2026-04-18T03:55:26Z,1504012026-04-16,15040,2026-04-16,SCHEDULED,60,1.0
2026-04-18T03:55:26Z,0415422026-04-16,04154,2026-04-16,SCHEDULED,240,4.0
2026-04-18T03:55:26Z,0415412026-04-16,04154,2026-04-16,SCHEDULED,240,4.0
2026-04-18T03:55:26Z,1806612026-04-16,18066,2026-04-16,SCHEDULED,-120,-2.0
2026-04-18T03:55:26Z,1093012026-04-18,10930,2026-04-18,SCHEDULED,900,15.0
2026-04-18T03:55:26Z,1454112026-04-16,14541,2026-04-16,SCHEDULED,120,2.0
2026-04-18T03:55:26Z,1268912026-04-16,12689,2026-04-16,SCHEDULED,120,2.0
2026-04-18T03:55:26Z,1812012026-04-16,18120,2026-04-16,SCHEDULED,180,3.0
2026-04-18T03:55:26Z,0306242026-04-16,03062,2026-04-16,SCHEDULED,60,1.0
2026-04-18T03:55:26Z,0306232026-04-16,03062,2026-04-16,SCHEDULED,60,1.0
2026-04-18T03:55:26Z,0306212026-04-16,03062,2026-04-16,SCHEDULED,60,1.0
2026-04-18T03:55:26Z,0306222026-04-16,03062,2026-04-16,SCHEDULED,60,1.0
2026-04-18T03:55:26Z,1806612026-04-16,18066,2026-04-16,CANCELED,,
2026-04-18T03:55:26Z,1563322026-04-16,15633,2026-04-16,CANCELED,,
2026-04-18T03:55:26Z,1563312026-04-16,15633,2026-04-16,CANCELED,,
2026-04-18T03:55:26Z,3820912026-04-16,38209,2026-04-16,CANCELED,,
2026-04-18T03:55:26Z,1720012026-04-16,17200,2026-04-16,CANCELED,,
2026-04-18T03:55:26Z,1800912026-04-16,18009,2026-04-16,CANCELED,,
2026-04-18T03:55:26Z,3820012026-04-16,38200,2026-04-16,CANCELED,,
2026-04-18T03:55:26Z,7182012026-04-16,71820,2026-04-16,CANCELED,,
2026-04-18T03:55:26Z,0116212026-04-16,01162,2026-04-16,CANCELED,,
2026-04-18T03:55:26Z,7183312026-04-16,71833,2026-04-16,CANCELED,,
2026-04-18T03:55:26Z,0819912026-04-16,08199,2026-04-16,CANCELED,,
2026-04-18T03:55:26Z,1262312026-04-16,12623,2026-04-16,CANCELED,,
2026-04-18T04:00:50Z,1093012026-04-18,10930,2026-04-18,SCHEDULED,840,14.0
2026-04-18T04:00:50Z,1504012026-04-16,15040,2026-04-16,SCHEDULED,60,1.0
2026-04-18T04:00:50Z,1268912026-04-16,12689,2026-04-16,SCHEDULED,120,2.0
2026-04-18T04:00:50Z,1505112026-04-16,15051,2026-04-16,SCHEDULED,60,1.0
2026-04-18T04:00:50Z,1454112026-04-16,14541,2026-04-16,SCHEDULED,120,2.0
2026-04-18T04:00:50Z,1807112026-04-16,18071,2026-04-16,SCHEDULED,-60,-1.0
2026-04-18T04:00:50Z,1891012026-04-16,18910,2026-04-16,SCHEDULED,180,3.0
2026-04-18T04:00:50Z,1600012026-04-16,16000,2026-04-16,SCHEDULED,-120,-2.0
2026-04-18T04:00:50Z,1806612026-04-16,18066,2026-04-16,SCHEDULED,-120,-2.0
2026-04-18T04:00:50Z,1812012026-04-16,18120,2026-04-16,SCHEDULED,180,3.0
2026-04-18T04:00:50Z,0415422026-04-16,04154,2026-04-16,SCHEDULED,240,4.0
2026-04-18T04:00:50Z,0415412026-04-16,04154,2026-04-16,SCHEDULED,240,4.0
2026-04-18T04:00:50Z,1806612026-04-16,18066,2026-04-16,CANCELED,,
2026-04-18T04:00:50Z,1563322026-04-16,15633,2026-04-16,CANCELED,,
2026-04-18T04:00:50Z,1563312026-04-16,15633,2026-04-16,CANCELED,,
2026-04-18T04:00:50Z,3820912026-04-16,38209,2026-04-16,CANCELED,,
2026-04-18T04:00:50Z,1720012026-04-16,17200,2026-04-16,CANCELED,,
2026-04-18T04:00:50Z,1800912026-04-16,18009,2026-04-16,CANCELED,,
2026-04-18T04:00:50Z,3820012026-04-16,38200,2026-04-16,CANCELED,,
2026-04-18T04:00:50Z,7182012026-04-16,71820,2026-04-16,CANCELED,,
2026-04-18T04:00:50Z,0116212026-04-16,01162,2026-04-16,CANCELED,,
2026-04-18T04:00:50Z,0819912026-04-16,08199,2026-04-16,CANCELED,,
2026-04-18T04:00:50Z,7183312026-04-16,71833,2026-04-16,CANCELED,,
2026-04-18T04:00:50Z,1262312026-04-16,12623,2026-04-16,CANCELED,,
2026-04-18T04:05:26Z,1504012026-04-17,15040,2026-04-17,SCHEDULED,240,4.0
2026-04-18T04:05:26Z,0587112026-04-17,05871,2026-04-17,SCHEDULED,60,1.0
2026-04-18T04:05:26Z,1093012026-04-18,10930,2026-04-18,SCHEDULED,780,13.0
2026-04-18T04:05:26Z,1807112026-04-17,18071,2026-04-17,SCHEDULED,-60,-1.0
2026-04-18T04:05:26Z,1891012026-04-17,18910,2026-04-17,SCHEDULED,180,3.0
2026-04-18T04:05:26Z,1268912026-04-17,12689,2026-04-17,SCHEDULED,120,2.0
2026-04-18T04:05:26Z,1454112026-04-17,14541,2026-04-17,SCHEDULED,300,5.0
2026-04-18T04:05:26Z,1600012026-04-17,16000,2026-04-17,SCHEDULED,-180,-3.0
2026-04-18T04:05:26Z,1812012026-04-17,18120,2026-04-17,SCHEDULED,180,3.0
2026-04-18T04:05:26Z,0306242026-04-17,03062,2026-04-17,SCHEDULED,120,2.0
2026-04-18T04:05:26Z,0306232026-04-17,03062,2026-04-17,SCHEDULED,120,2.0
2026-04-18T04:05:26Z,0306212026-04-17,03062,2026-04-17,SCHEDULED,120,2.0
2026-04-18T04:05:26Z,0306222026-04-17,03062,2026-04-17,SCHEDULED,120,2.0
2026-04-18T04:05:26Z,0415422026-04-17,04154,2026-04-17,SCHEDULED,240,4.0
2026-04-18T04:05:26Z,0415412026-04-17,04154,2026-04-17,SCHEDULED,240,4.0
2026-04-18T04:05:26Z,1806612026-04-17,18066,2026-04-17,CANCELED,,
2026-04-18T04:05:26Z,1563322026-04-17,15633,2026-04-17,CANCELED,,
2026-04-18T04:05:26Z,1563312026-04-17,15633,2026-04-17,CANCELED,,
2026-04-18T04:05:26Z,1720012026-04-17,17200,2026-04-17,CANCELED,,
2026-04-18T04:05:26Z,3820912026-04-17,38209,2026-04-17,CANCELED,,
2026-04-18T04:05:26Z,3820012026-04-17,38200,2026-04-17,CANCELED,,
2026-04-18T04:05:26Z,1800912026-04-17,18009,2026-04-17,CANCELED,,
2026-04-18T04:05:26Z,0116212026-04-17,01162,2026-04-17,CANCELED,,
2026-04-18T04:05:26Z,0819912026-04-17,08199,2026-04-17,CANCELED,,
2026-04-18T04:05:26Z,7182012026-04-17,71820,2026-04-17,CANCELED,,
2026-04-18T04:05:26Z,1262312026-04-17,12623,2026-04-17,CANCELED,,
2026-04-18T04:05:26Z,7183312026-04-17,71833,2026-04-17,CANCELED,,
2026-04-18T04:10:30Z,1504012026-04-17,15040,2026-04-17,SCHEDULED,300,5.0
2026-04-18T04:10:30Z,0587112026-04-17,05871,2026-04-17,SCHEDULED,180,3.0
2026-04-18T04:10:30Z,1093012026-04-18,10930,2026-04-18,SCHEDULED,780,13.0
2026-04-18T04:10:30Z,1268912026-04-17,12689,2026-04-17,SCHEDULED,120,2.0
2026-04-18T04:10:30Z,1577212026-04-17,15772,2026-04-17,SCHEDULED,840,14.0
2026-04-18T04:10:30Z,1807112026-04-17,18071,2026-04-17,SCHEDULED,-180,-3.0
2026-04-18T04:10:30Z,1454112026-04-17,14541,2026-04-17,SCHEDULED,420,7.0
2026-04-18T04:10:30Z,1891012026-04-17,18910,2026-04-17,SCHEDULED,180,3.0
2026-04-18T04:10:30Z,0206112026-04-17,02061,2026-04-17,SCHEDULED,120,2.0
2026-04-18T04:10:30Z,1600012026-04-17,16000,2026-04-17,SCHEDULED,-120,-2.0
2026-04-18T04:10:30Z,3586912026-04-17,35869,2026-04-17,SCHEDULED,360,6.0
2026-04-18T04:10:30Z,0306242026-04-17,03062,2026-04-17,SCHEDULED,-60,-1.0
2026-04-18T04:10:30Z,0306232026-04-17,03062,2026-04-17,SCHEDULED,-60,-1.0
2026-04-18T04:10:30Z,0306212026-04-17,03062,2026-04-17,SCHEDULED,-60,-1.0
2026-04-18T04:10:30Z,0306222026-04-17,03062,2026-04-17,SCHEDULED,-60,-1.0
2026-04-18T04:10:30Z,1812012026-04-17,18120,2026-04-17,SCHEDULED,180,3.0
2026-04-18T04:10:30Z,0306242026-04-17,03062,2026-04-17,SCHEDULED,180,3.0
2026-04-18T04:10:30Z,0306232026-04-17,03062,2026-04-17,SCHEDULED,180,3.0
2026-04-18T04:10:30Z,0306212026-04-17,03062,2026-04-17,SCHEDULED,180,3.0
2026-04-18T04:10:30Z,0306222026-04-17,03062,2026-04-17,SCHEDULED,180,3.0
2026-04-18T04:10:30Z,0415422026-04-17,04154,2026-04-17,SCHEDULED,240,4.0
2026-04-18T04:10:30Z,0415412026-04-17,04154,2026-04-17,SCHEDULED,240,4.0
2026-04-18T04:10:30Z,1806612026-04-17,18066,2026-04-17,CANCELED,,
2026-04-18T04:10:30Z,1563322026-04-17,15633,2026-04-17,CANCELED,,
2026-04-18T04:10:30Z,1563312026-04-17,15633,2026-04-17,CANCELED,,
2026-04-18T04:10:30Z,3820912026-04-17,38209,2026-04-17,CANCELED,,
2026-04-18T04:10:30Z,1720012026-04-17,17200,2026-04-17,CANCELED,,
2026-04-18T04:10:30Z,1800912026-04-17,18009,2026-04-17,CANCELED,,
2026-04-18T04:10:30Z,3820012026-04-17,38200,2026-04-17,CANCELED,,
2026-04-18T04:10:30Z,7182012026-04-17,71820,2026-04-17,CANCELED,,
2026-04-18T04:10:30Z,0116212026-04-17,01162,2026-04-17,CANCELED,,
2026-04-18T04:10:30Z,0819912026-04-17,08199,2026-04-17,CANCELED,,
2026-04-18T04:10:30Z,7183312026-04-17,71833,2026-04-17,CANCELED,,
2026-04-18T04:10:30Z,1262312026-04-17,12623,2026-04-17,CANCELED,,
2026-04-18T04:15:32Z,1505112026-04-17,15051,2026-04-17,SCHEDULED,-120,-2.0
2026-04-18T04:15:32Z,0587112026-04-17,05871,2026-04-17,SCHEDULED,180,3.0
2026-04-18T04:15:32Z,1577212026-04-17,15772,2026-04-17,SCHEDULED,780,13.0
2026-04-18T04:15:32Z,1093012026-04-18,10930,2026-04-18,SCHEDULED,780,13.0
2026-04-18T04:15:32Z,1268912026-04-17,12689,2026-04-17,SCHEDULED,120,2.0
2026-04-18T04:15:32Z,1807112026-04-17,18071,2026-04-17,SCHEDULED,-60,-1.0
2026-04-18T04:15:32Z,1500212026-04-17,15002,2026-04-17,SCHEDULED,360,6.0
2026-04-18T04:15:32Z,1806612026-04-17,18066,2026-04-17,SCHEDULED,-60,-1.0
2026-04-18T04:15:32Z,1504012026-04-17,15040,2026-04-17,SCHEDULED,300,5.0
2026-04-18T04:15:32Z,1812012026-04-17,18120,2026-04-17,SCHEDULED,180,3.0
2026-04-18T04:15:32Z,0206112026-04-17,02061,2026-04-17,SCHEDULED,180,3.0
2026-04-18T04:15:32Z,1891012026-04-17,18910,2026-04-17,SCHEDULED,180,3.0
2026-04-18T04:15:32Z,1600012026-04-17,16000,2026-04-17,SCHEDULED,-120,-2.0
2026-04-18T04:15:32Z,3586912026-04-17,35869,2026-04-17,SCHEDULED,480,8.0
2026-04-18T04:15:32Z,0306242026-04-17,03062,2026-04-17,SCHEDULED,-60,-1.0
2026-04-18T04:15:32Z,0306232026-04-17,03062,2026-04-17,SCHEDULED,-60,-1.0
2026-04-18T04:15:32Z,0306212026-04-17,03062,2026-04-17,SCHEDULED,-60,-1.0
2026-04-18T04:15:32Z,0306222026-04-17,03062,2026-04-17,SCHEDULED,-60,-1.0
2026-04-18T04:15:32Z,1580412026-04-17,15804,2026-04-17,SCHEDULED,120,2.0
2026-04-18T04:15:32Z,0306242026-04-17,03062,2026-04-17,SCHEDULED,180,3.0
2026-04-18T04:15:32Z,0306232026-04-17,03062,2026-04-17,SCHEDULED,180,3.0
2026-04-18T04:15:32Z,0306212026-04-17,03062,2026-04-17,SCHEDULED,180,3.0
2026-04-18T04:15:32Z,0306222026-04-17,03062,2026-04-17,SCHEDULED,180,3.0
2026-04-18T04:15:32Z,0415422026-04-17,04154,2026-04-17,SCHEDULED,240,4.0
2026-04-18T04:15:32Z,0415412026-04-17,04154,2026-04-17,SCHEDULED,240,4.0
2026-04-18T04:15:32Z,0446412026-04-17,04464,2026-04-17,SCHEDULED,660,11.0
2026-04-18T04:15:32Z,1806612026-04-17,18066,2026-04-17,CANCELED,,
2026-04-18T04:15:32Z,3820912026-04-17,38209,2026-04-17,CANCELED,,
2026-04-18T04:15:32Z,1563322026-04-17,15633,2026-04-17,CANCELED,,
2026-04-18T04:15:32Z,1563312026-04-17,15633,2026-04-17,CANCELED,,
2026-04-18T04:15:32Z,1800912026-04-17,18009,2026-04-17,CANCELED,,
2026-04-18T04:15:32Z,1720012026-04-17,17200,2026-04-17,CANCELED,,
2026-04-18T04:15:32Z,7182012026-04-17,71820,2026-04-17,CANCELED,,
2026-04-18T04:15:32Z,3820012026-04-17,38200,2026-04-17,CANCELED,,
2026-04-18T04:15:32Z,7183312026-04-17,71833,2026-04-17,CANCELED,,
2026-04-18T04:15:32Z,1262312026-04-17,12623,2026-04-17,CANCELED,,
2026-04-18T04:15:32Z,0116212026-04-17,01162,2026-04-17,CANCELED,,
2026-04-18T04:15:32Z,0819912026-04-17,08199,2026-04-17,CANCELED,,
2026-04-18T04:20:30Z,1702112026-04-17,17021,2026-04-17,SCHEDULED,120,2.0
2026-04-18T04:20:30Z,0566812026-04-17,05668,2026-04-17,SCHEDULED,180,3.0
2026-04-18T04:20:30Z,0587112026-04-17,05871,2026-04-17,SCHEDULED,180,3.0
2026-04-18T04:20:30Z,1093012026-04-18,10930,2026-04-18,SCHEDULED,720,12.0
2026-04-18T04:20:30Z,1807112026-04-17,18071,2026-04-17,SCHEDULED,-120,-2.0
2026-04-18T04:20:30Z,1261112026-04-17,12611,2026-04-17,SCHEDULED,60,1.0
2026-04-18T04:20:30Z,1504012026-04-17,15040,2026-04-17,SCHEDULED,300,5.0
2026-04-18T04:20:30Z,1268912026-04-17,12689,2026-04-17,SCHEDULED,300,5.0
2026-04-18T04:20:30Z,1505112026-04-17,15051,2026-04-17,SCHEDULED,60,1.0
2026-04-18T04:20:30Z,1500212026-04-17,15002,2026-04-17,SCHEDULED,360,6.0
2026-04-18T04:20:30Z,1577212026-04-17,15772,2026-04-17,SCHEDULED,780,13.0
2026-04-18T04:20:30Z,0206112026-04-17,02061,2026-04-17,SCHEDULED,180,3.0
2026-04-18T04:20:30Z,1600012026-04-17,16000,2026-04-17,SCHEDULED,120,2.0
2026-04-18T04:20:30Z,3586912026-04-17,35869,2026-04-17,SCHEDULED,420,7.0
2026-04-18T04:20:30Z,1580412026-04-17,15804,2026-04-17,SCHEDULED,120,2.0
2026-04-18T04:20:30Z,0306242026-04-17,03062,2026-04-17,SCHEDULED,-60,-1.0
2026-04-18T04:20:30Z,0306232026-04-17,03062,2026-04-17,SCHEDULED,-60,-1.0
2026-04-18T04:20:30Z,0306212026-04-17,03062,2026-04-17,SCHEDULED,-60,-1.0
2026-04-18T04:20:30Z,0306222026-04-17,03062,2026-04-17,SCHEDULED,-60,-1.0
2026-04-18T04:20:30Z,1806612026-04-17,18066,2026-04-17,SCHEDULED,-60,-1.0
2026-04-18T04:20:30Z,1812012026-04-17,18120,2026-04-17,SCHEDULED,180,3.0
2026-04-18T04:20:30Z,0306242026-04-17,03062,2026-04-17,SCHEDULED,180,3.0
2026-04-18T04:20:30Z,0306232026-04-17,03062,2026-04-17,SCHEDULED,180,3.0
2026-04-18T04:20:30Z,0306212026-04-17,03062,2026-04-17,SCHEDULED,180,3.0
2026-04-18T04:20:30Z,0306222026-04-17,03062,2026-04-17,SCHEDULED,180,3.0
2026-04-18T04:20:30Z,1891012026-04-17,18910,2026-04-17,SCHEDULED,180,3.0
2026-04-18T04:20:30Z,0415422026-04-17,04154,2026-04-17,SCHEDULED,240,4.0
2026-04-18T04:20:30Z,0415412026-04-17,04154,2026-04-17,SCHEDULED,240,4.0
2026-04-18T04:20:30Z,0446412026-04-17,04464,2026-04-17,SCHEDULED,660,11.0
2026-04-18T04:20:30Z,1563322026-04-17,15633,2026-04-17,CANCELED,,
2026-04-18T04:20:30Z,1563312026-04-17,15633,2026-04-17,CANCELED,,
2026-04-18T04:20:30Z,1806612026-04-17,18066,2026-04-17,CANCELED,,
2026-04-18T04:20:30Z,1720012026-04-17,17200,2026-04-17,CANCELED,,
2026-04-18T04:20:30Z,3820912026-04-17,38209,2026-04-17,CANCELED,,
2026-04-18T04:20:30Z,3820012026-04-17,38200,2026-04-17,CANCELED,,
2026-04-18T04:20:30Z,1800912026-04-17,18009,2026-04-17,CANCELED,,
2026-04-18T04:20:30Z,0116212026-04-17,01162,2026-04-17,CANCELED,,
2026-04-18T04:20:30Z,7182012026-04-17,71820,2026-04-17,CANCELED,,
2026-04-18T04:20:30Z,0819912026-04-17,08199,2026-04-17,CANCELED,,
2026-04-18T04:20:30Z,7183312026-04-17,71833,2026-04-17,CANCELED,,
2026-04-18T04:20:30Z,1262312026-04-17,12623,2026-04-17,CANCELED,,
2026-04-18T04:25:27Z,1500212026-04-17,15002,2026-04-17,SCHEDULED,420,7.0
2026-04-18T04:25:27Z,0566812026-04-17,05668,2026-04-17,SCHEDULED,240,4.0
2026-04-18T04:25:27Z,0587112026-04-17,05871,2026-04-17,SCHEDULED,240,4.0
2026-04-18T04:25:27Z,1504012026-04-17,15040,2026-04-17,SCHEDULED,240,4.0
2026-04-18T04:25:27Z,1093012026-04-18,10930,2026-04-18,SCHEDULED,720,12.0
2026-04-18T04:25:27Z,1505112026-04-17,15051,2026-04-17,SCHEDULED,60,1.0
2026-04-18T04:25:27Z,1261112026-04-17,12611,2026-04-17,SCHEDULED,180,3.0
2026-04-18T04:25:27Z,1577212026-04-17,15772,2026-04-17,SCHEDULED,780,13.0
2026-04-18T04:25:27Z,1702112026-04-17,17021,2026-04-17,SCHEDULED,180,3.0
2026-04-18T04:25:27Z,1268912026-04-17,12689,2026-04-17,SCHEDULED,240,4.0
2026-04-18T04:25:27Z,1807112026-04-17,18071,2026-04-17,SCHEDULED,-60,-1.0
2026-04-18T04:25:27Z,1812012026-04-17,18120,2026-04-17,SCHEDULED,180,3.0
2026-04-18T04:25:27Z,0206112026-04-17,02061,2026-04-17,SCHEDULED,180,3.0
2026-04-18T04:25:27Z,1891012026-04-17,18910,2026-04-17,SCHEDULED,180,3.0
2026-04-18T04:25:27Z,1600012026-04-17,16000,2026-04-17,SCHEDULED,120,2.0
2026-04-18T04:25:27Z,3586912026-04-17,35869,2026-04-17,SCHEDULED,420,7.0
2026-04-18T04:25:27Z,1580412026-04-17,15804,2026-04-17,SCHEDULED,120,2.0
2026-04-18T04:25:27Z,0306242026-04-17,03062,2026-04-17,SCHEDULED,-60,-1.0
2026-04-18T04:25:27Z,0306232026-04-17,03062,2026-04-17,SCHEDULED,-60,-1.0
2026-04-18T04:25:27Z,0306212026-04-17,03062,2026-04-17,SCHEDULED,-60,-1.0
2026-04-18T04:25:27Z,0306222026-04-17,03062,2026-04-17,SCHEDULED,-60,-1.0
2026-04-18T04:25:27Z,0306242026-04-17,03062,2026-04-17,SCHEDULED,180,3.0
2026-04-18T04:25:27Z,0306232026-04-17,03062,2026-04-17,SCHEDULED,180,3.0
2026-04-18T04:25:27Z,0306212026-04-17,03062,2026-04-17,SCHEDULED,180,3.0
2026-04-18T04:25:27Z,0306222026-04-17,03062,2026-04-17,SCHEDULED,180,3.0
2026-04-18T04:25:27Z,0415422026-04-17,04154,2026-04-17,SCHEDULED,240,4.0
2026-04-18T04:25:27Z,0415412026-04-17,04154,2026-04-17,SCHEDULED,240,4.0
2026-04-18T04:25:27Z,0446412026-04-17,04464,2026-04-17,SCHEDULED,600,10.0
2026-04-18T04:25:27Z,1806612026-04-17,18066,2026-04-17,CANCELED,,
2026-04-18T04:25:27Z,1563322026-04-17,15633,2026-04-17,CANCELED,,
2026-04-18T04:25:27Z,1563312026-04-17,15633,2026-04-17,CANCELED,,
2026-04-18T04:25:27Z,3820912026-04-17,38209,2026-04-17,CANCELED,,
2026-04-18T04:25:27Z,1720012026-04-17,17200,2026-04-17,CANCELED,,
2026-04-18T04:25:27Z,1800912026-04-17,18009,2026-04-17,CANCELED,,
2026-04-18T04:25:27Z,3820012026-04-17,38200,2026-04-17,CANCELED,,
2026-04-18T04:25:27Z,7182012026-04-17,71820,2026-04-17,CANCELED,,
2026-04-18T04:25:27Z,0116212026-04-17,01162,2026-04-17,CANCELED,,
2026-04-18T04:25:27Z,7183312026-04-17,71833,2026-04-17,CANCELED,,
2026-04-18T04:25:27Z,0819912026-04-17,08199,2026-04-17,CANCELED,,
2026-04-18T04:25:27Z,1262312026-04-17,12623,2026-04-17,CANCELED,,
2026-04-18T04:30:41Z,0566812026-04-17,05668,2026-04-17,SCHEDULED,120,2.0
2026-04-18T04:30:41Z,1500212026-04-17,15002,2026-04-17,SCHEDULED,360,6.0
2026-04-18T04:30:41Z,1504012026-04-17,15040,2026-04-17,SCHEDULED,300,5.0
2026-04-18T04:30:41Z,0587112026-04-17,05871,2026-04-17,SCHEDULED,360,6.0
2026-04-18T04:30:41Z,1505112026-04-17,15051,2026-04-17,SCHEDULED,-120,-2.0
2026-04-18T04:30:41Z,0847512026-04-17,08475,2026-04-17,SCHEDULED,60,1.0
2026-04-18T04:30:41Z,1577212026-04-17,15772,2026-04-17,SCHEDULED,840,14.0
2026-04-18T04:30:41Z,1093012026-04-18,10930,2026-04-18,SCHEDULED,780,13.0
2026-04-18T04:30:41Z,1702112026-04-17,17021,2026-04-17,SCHEDULED,180,3.0
2026-04-18T04:30:41Z,1261112026-04-17,12611,2026-04-17,SCHEDULED,120,2.0
2026-04-18T04:30:41Z,1268912026-04-17,12689,2026-04-17,SCHEDULED,180,3.0
2026-04-18T04:30:41Z,1891012026-04-17,18910,2026-04-17,SCHEDULED,180,3.0
2026-04-18T04:30:41Z,0206112026-04-17,02061,2026-04-17,SCHEDULED,180,3.0
2026-04-18T04:30:41Z,1600012026-04-17,16000,2026-04-17,SCHEDULED,-120,-2.0
2026-04-18T04:30:41Z,3586912026-04-17,35869,2026-04-17,SCHEDULED,420,7.0
2026-04-18T04:30:41Z,1580412026-04-17,15804,2026-04-17,SCHEDULED,360,6.0
2026-04-18T04:30:41Z,0306242026-04-17,03062,2026-04-17,SCHEDULED,-60,-1.0
2026-04-18T04:30:41Z,0306232026-04-17,03062,2026-04-17,SCHEDULED,-60,-1.0
2026-04-18T04:30:41Z,0306212026-04-17,03062,2026-04-17,SCHEDULED,-60,-1.0
2026-04-18T04:30:41Z,0306222026-04-17,03062,2026-04-17,SCHEDULED,-60,-1.0
2026-04-18T04:30:41Z,1807112026-04-17,18071,2026-04-17,SCHEDULED,60,1.0
2026-04-18T04:30:41Z,0306242026-04-17,03062,2026-04-17,SCHEDULED,180,3.0
2026-04-18T04:30:41Z,0306232026-04-17,03062,2026-04-17,SCHEDULED,180,3.0
2026-04-18T04:30:41Z,0306212026-04-17,03062,2026-04-17,SCHEDULED,180,3.0
2026-04-18T04:30:41Z,0306222026-04-17,03062,2026-04-17,SCHEDULED,180,3.0
2026-04-18T04:30:41Z,0331112026-04-17,03311,2026-04-17,SCHEDULED,-60,-1.0
2026-04-18T04:30:41Z,1812012026-04-17,18120,2026-04-17,SCHEDULED,240,4.0
2026-04-18T04:30:41Z,0415422026-04-17,04154,2026-04-17,SCHEDULED,180,3.0
2026-04-18T04:30:41Z,0415412026-04-17,04154,2026-04-17,SCHEDULED,180,3.0
2026-04-18T04:30:41Z,0446412026-04-17,04464,2026-04-17,SCHEDULED,600,10.0
2026-04-18T04:30:41Z,1806612026-04-17,18066,2026-04-17,CANCELED,,
2026-04-18T04:30:41Z,1563322026-04-17,15633,2026-04-17,CANCELED,,
2026-04-18T04:30:41Z,1563312026-04-17,15633,2026-04-17,CANCELED,,
2026-04-18T04:30:41Z,3820912026-04-17,38209,2026-04-17,CANCELED,,
2026-04-18T04:30:41Z,1720012026-04-17,17200,2026-04-17,CANCELED,,
2026-04-18T04:30:41Z,1800912026-04-17,18009,2026-04-17,CANCELED,,
2026-04-18T04:30:41Z,3820012026-04-17,38200,2026-04-17,CANCELED,,
2026-04-18T04:30:41Z,7182012026-04-17,71820,2026-04-17,CANCELED,,
2026-04-18T04:30:41Z,0116212026-04-17,01162,2026-04-17,CANCELED,,
2026-04-18T04:30:41Z,7183312026-04-17,71833,2026-04-17,CANCELED,,
2026-04-18T04:30:41Z,0819912026-04-17,08199,2026-04-17,CANCELED,,
2026-04-18T04:30:41Z,1262312026-04-17,12623,2026-04-17,CANCELED,,
2026-04-18T04:35:27Z,0506422026-04-17,05064,2026-04-17,SCHEDULED,60,1.0
2026-04-18T04:35:27Z,0506412026-04-17,05064,2026-04-17,SCHEDULED,60,1.0
2026-04-18T04:35:27Z,1500212026-04-17,15002,2026-04-17,SCHEDULED,300,5.0
2026-04-18T04:35:27Z,0566812026-04-17,05668,2026-04-17,SCHEDULED,120,2.0
2026-04-18T04:35:27Z,1504012026-04-17,15040,2026-04-17,SCHEDULED,240,4.0
2026-04-18T04:35:27Z,0587112026-04-17,05871,2026-04-17,SCHEDULED,360,6.0
2026-04-18T04:35:27Z,0847512026-04-17,08475,2026-04-17,SCHEDULED,60,1.0
2026-04-18T04:35:27Z,1577212026-04-17,15772,2026-04-17,SCHEDULED,900,15.0
2026-04-18T04:35:27Z,1093012026-04-18,10930,2026-04-18,SCHEDULED,840,14.0
2026-04-18T04:35:27Z,1702112026-04-17,17021,2026-04-17,SCHEDULED,180,3.0
2026-04-18T04:35:27Z,1261112026-04-17,12611,2026-04-17,SCHEDULED,120,2.0
2026-04-18T04:35:27Z,1268912026-04-17,12689,2026-04-17,SCHEDULED,180,3.0
2026-04-18T04:35:27Z,1304112026-04-17,13041,2026-04-17,SCHEDULED,60,1.0
2026-04-18T04:35:27Z,1891012026-04-17,18910,2026-04-17,SCHEDULED,240,4.0
2026-04-18T04:35:27Z,1600012026-04-17,16000,2026-04-17,SCHEDULED,-60,-1.0
2026-04-18T04:35:27Z,0206112026-04-17,02061,2026-04-17,SCHEDULED,240,4.0
2026-04-18T04:35:27Z,3586912026-04-17,35869,2026-04-17,SCHEDULED,420,7.0
2026-04-18T04:35:27Z,1580412026-04-17,15804,2026-04-17,SCHEDULED,360,6.0
2026-04-18T04:35:27Z,0306242026-04-17,03062,2026-04-17,SCHEDULED,-60,-1.0
2026-04-18T04:35:27Z,0306232026-04-17,03062,2026-04-17,SCHEDULED,-60,-1.0
2026-04-18T04:35:27Z,0306212026-04-17,03062,2026-04-17,SCHEDULED,-60,-1.0
2026-04-18T04:35:27Z,0306222026-04-17,03062,2026-04-17,SCHEDULED,-60,-1.0
2026-04-18T04:35:27Z,0306242026-04-17,03062,2026-04-17,SCHEDULED,300,5.0
2026-04-18T04:35:27Z,0306232026-04-17,03062,2026-04-17,SCHEDULED,300,5.0
2026-04-18T04:35:27Z,0306212026-04-17,03062,2026-04-17,SCHEDULED,300,5.0
2026-04-18T04:35:27Z,0306222026-04-17,03062,2026-04-17,SCHEDULED,300,5.0
2026-04-18T04:35:27Z,0331112026-04-17,03311,2026-04-17,SCHEDULED,-120,-2.0
2026-04-18T04:35:27Z,1806612026-04-17,18066,2026-04-17,SCHEDULED,60,1.0
2026-04-18T04:35:27Z,1812012026-04-17,18120,2026-04-17,SCHEDULED,300,5.0
2026-04-18T04:35:27Z,0415422026-04-17,04154,2026-04-17,SCHEDULED,480,8.0
2026-04-18T04:35:27Z,0415412026-04-17,04154,2026-04-17,SCHEDULED,480,8.0
2026-04-18T04:35:27Z,0446412026-04-17,04464,2026-04-17,SCHEDULED,540,9.0
2026-04-18T04:35:27Z,1806612026-04-17,18066,2026-04-17,CANCELED,,
2026-04-18T04:35:27Z,3820912026-04-17,38209,2026-04-17,CANCELED,,
2026-04-18T04:35:27Z,1563322026-04-17,15633,2026-04-17,CANCELED,,
2026-04-18T04:35:27Z,1563312026-04-17,15633,2026-04-17,CANCELED,,
2026-04-18T04:35:27Z,1800912026-04-17,18009,2026-04-17,CANCELED,,
2026-04-18T04:35:27Z,1720012026-04-17,17200,2026-04-17,CANCELED,,
2026-04-18T04:35:27Z,7182012026-04-17,71820,2026-04-17,CANCELED,,
2026-04-18T04:35:27Z,3820012026-04-17,38200,2026-04-17,CANCELED,,
2026-04-18T04:35:27Z,7183312026-04-17,71833,2026-04-17,CANCELED,,
2026-04-18T04:35:27Z,1262312026-04-17,12623,2026-04-17,CANCELED,,
2026-04-18T04:35:27Z,0116212026-04-17,01162,2026-04-17,CANCELED,,
2026-04-18T04:35:27Z,0819912026-04-17,08199,2026-04-17,CANCELED,,
2026-04-18T04:39:13Z,1395112026-04-17,13951,2026-04-17,SCHEDULED,60,1.0
2026-04-18T04:39:13Z,0506422026-04-17,05064,2026-04-17,SCHEDULED,120,2.0
2026-04-18T04:39:13Z,0506412026-04-17,05064,2026-04-17,SCHEDULED,120,2.0
2026-04-18T04:39:13Z,1500212026-04-17,15002,2026-04-17,SCHEDULED,300,5.0
2026-04-18T04:39:13Z,0566812026-04-17,05668,2026-04-17,SCHEDULED,240,4.0
2026-04-18T04:39:13Z,1504012026-04-17,15040,2026-04-17,SCHEDULED,240,4.0
2026-04-18T04:39:13Z,1505112026-04-17,15051,2026-04-17,SCHEDULED,60,1.0
2026-04-18T04:39:13Z,0576312026-04-17,05763,2026-04-17,SCHEDULED,-60,-1.0
2026-04-18T04:39:13Z,0576322026-04-17,05763,2026-04-17,SCHEDULED,-60,-1.0
2026-04-18T04:39:13Z,0576332026-04-17,05763,2026-04-17,SCHEDULED,-60,-1.0
2026-04-18T04:39:13Z,0587112026-04-17,05871,2026-04-17,SCHEDULED,480,8.0
2026-04-18T04:39:13Z,1577212026-04-17,15772,2026-04-17,SCHEDULED,960,16.0
2026-04-18T04:39:13Z,0847512026-04-17,08475,2026-04-17,SCHEDULED,60,1.0
2026-04-18T04:39:13Z,1702112026-04-17,17021,2026-04-17,SCHEDULED,180,3.0
2026-04-18T04:39:13Z,1093012026-04-18,10930,2026-04-18,SCHEDULED,840,14.0
2026-04-18T04:39:13Z,1261112026-04-17,12611,2026-04-17,SCHEDULED,120,2.0
2026-04-18T04:39:13Z,1268912026-04-17,12689,2026-04-17,SCHEDULED,60,1.0
2026-04-18T04:39:13Z,1807112026-04-17,18071,2026-04-17,SCHEDULED,-240,-4.0
2026-04-18T04:39:13Z,1304112026-04-17,13041,2026-04-17,SCHEDULED,120,2.0
2026-04-18T04:39:13Z,0107212026-04-18,01072,2026-04-18,SCHEDULED,60,1.0
2026-04-18T04:39:13Z,1806612026-04-17,18066,2026-04-17,SCHEDULED,120,2.0
2026-04-18T04:39:13Z,0206112026-04-17,02061,2026-04-17,SCHEDULED,240,4.0
2026-04-18T04:39:13Z,1812012026-04-17,18120,2026-04-17,SCHEDULED,240,4.0
2026-04-18T04:39:13Z,1891012026-04-17,18910,2026-04-17,SCHEDULED,240,4.0
2026-04-18T04:39:13Z,1600012026-04-17,16000,2026-04-17,SCHEDULED,60,1.0
2026-04-18T04:39:13Z,3586912026-04-17,35869,2026-04-17,SCHEDULED,540,9.0
2026-04-18T04:39:13Z,0306242026-04-17,03062,2026-04-17,SCHEDULED,-60,-1.0
2026-04-18T04:39:13Z,0306232026-04-17,03062,2026-04-17,SCHEDULED,-60,-1.0
2026-04-18T04:39:13Z,0306212026-04-17,03062,2026-04-17,SCHEDULED,-60,-1.0
2026-04-18T04:39:13Z,0306222026-04-17,03062,2026-04-17,SCHEDULED,-60,-1.0
2026-04-18T04:39:13Z,1580412026-04-17,15804,2026-04-17,SCHEDULED,480,8.0
2026-04-18T04:39:13Z,0306242026-04-17,03062,2026-04-17,SCHEDULED,300,5.0
2026-04-18T04:39:13Z,0306232026-04-17,03062,2026-04-17,SCHEDULED,300,5.0
2026-04-18T04:39:13Z,0306212026-04-17,03062,2026-04-17,SCHEDULED,300,5.0
2026-04-18T04:39:13Z,0306222026-04-17,03062,2026-04-17,SCHEDULED,300,5.0
2026-04-18T04:39:13Z,0331112026-04-17,03311,2026-04-17,SCHEDULED,-240,-4.0
2026-04-18T04:39:13Z,0408812026-04-18,04088,2026-04-18,SCHEDULED,60,1.0
2026-04-18T04:39:13Z,0408822026-04-18,04088,2026-04-18,SCHEDULED,60,1.0
2026-04-18T04:39:13Z,0408832026-04-18,04088,2026-04-18,SCHEDULED,60,1.0
2026-04-18T04:39:13Z,0415422026-04-17,04154,2026-04-17,SCHEDULED,480,8.0
2026-04-18T04:39:13Z,0415412026-04-17,04154,2026-04-17,SCHEDULED,480,8.0
2026-04-18T04:39:13Z,0446412026-04-17,04464,2026-04-17,SCHEDULED,540,9.0
2026-04-18T04:39:13Z,1806612026-04-17,18066,2026-04-17,CANCELED,,
2026-04-18T04:39:13Z,1563322026-04-17,15633,2026-04-17,CANCELED,,
2026-04-18T04:39:13Z,1563312026-04-17,15633,2026-04-17,CANCELED,,
2026-04-18T04:39:13Z,3820912026-04-17,38209,2026-04-17,CANCELED,,
2026-04-18T04:39:13Z,1800912026-04-17,18009,2026-04-17,CANCELED,,
2026-04-18T04:39:13Z,7182012026-04-17,71820,2026-04-17,CANCELED,,
2026-04-18T04:39:13Z,7183312026-04-17,71833,2026-04-17,CANCELED,,
2026-04-18T04:39:13Z,1720012026-04-17,17200,2026-04-17,CANCELED,,
2026-04-18T04:39:13Z,1262312026-04-17,12623,2026-04-17,CANCELED,,
2026-04-18T04:39:13Z,3820012026-04-17,38200,2026-04-17,CANCELED,,
2026-04-18T04:39:13Z,0116212026-04-17,01162,2026-04-17,CANCELED,,
2026-04-18T04:39:13Z,0819912026-04-17,08199,2026-04-17,CANCELED,,
2026-04-18T04:40:31Z,1395112026-04-17,13951,2026-04-17,SCHEDULED,60,1.0
2026-04-18T04:40:31Z,1500212026-04-17,15002,2026-04-17,SCHEDULED,300,5.0
2026-04-18T04:40:31Z,0566812026-04-17,05668,2026-04-17,SCHEDULED,120,2.0
2026-04-18T04:40:31Z,1504012026-04-17,15040,2026-04-17,SCHEDULED,240,4.0
2026-04-18T04:40:31Z,1505112026-04-17,15051,2026-04-17,SCHEDULED,60,1.0
2026-04-18T04:40:31Z,0576312026-04-17,05763,2026-04-17,SCHEDULED,-60,-1.0
2026-04-18T04:40:31Z,0576322026-04-17,05763,2026-04-17,SCHEDULED,-60,-1.0
2026-04-18T04:40:31Z,0576332026-04-17,05763,2026-04-17,SCHEDULED,-60,-1.0
2026-04-18T04:40:31Z,0587112026-04-17,05871,2026-04-17,SCHEDULED,420,7.0
2026-04-18T04:40:31Z,1577212026-04-17,15772,2026-04-17,SCHEDULED,960,16.0
2026-04-18T04:40:31Z,0847512026-04-17,08475,2026-04-17,SCHEDULED,60,1.0
2026-04-18T04:40:31Z,1702112026-04-17,17021,2026-04-17,SCHEDULED,180,3.0
2026-04-18T04:40:31Z,1093012026-04-18,10930,2026-04-18,SCHEDULED,720,12.0
2026-04-18T04:40:31Z,1261112026-04-17,12611,2026-04-17,SCHEDULED,120,2.0
2026-04-18T04:40:31Z,1770312026-04-17,17703,2026-04-17,SCHEDULED,-60,-1.0
2026-04-18T04:40:31Z,1268912026-04-17,12689,2026-04-17,SCHEDULED,60,1.0
2026-04-18T04:40:31Z,1807112026-04-17,18071,2026-04-17,SCHEDULED,-240,-4.0
2026-04-18T04:40:31Z,1304112026-04-17,13041,2026-04-17,SCHEDULED,120,2.0
2026-04-18T04:40:31Z,1806612026-04-17,18066,2026-04-17,SCHEDULED,120,2.0
2026-04-18T04:40:31Z,0107212026-04-18,01072,2026-04-18,SCHEDULED,60,1.0
2026-04-18T04:40:31Z,1812012026-04-17,18120,2026-04-17,SCHEDULED,240,4.0
2026-04-18T04:40:31Z,0206112026-04-17,02061,2026-04-17,SCHEDULED,60,1.0
2026-04-18T04:40:31Z,1891012026-04-17,18910,2026-04-17,SCHEDULED,240,4.0
2026-04-18T04:40:31Z,1600012026-04-17,16000,2026-04-17,SCHEDULED,60,1.0
2026-04-18T04:40:31Z,3586912026-04-17,35869,2026-04-17,SCHEDULED,540,9.0
2026-04-18T04:40:31Z,1580412026-04-17,15804,2026-04-17,SCHEDULED,480,8.0
2026-04-18T04:40:31Z,0306242026-04-17,03062,2026-04-17,SCHEDULED,300,5.0
2026-04-18T04:40:31Z,0306232026-04-17,03062,2026-04-17,SCHEDULED,300,5.0
2026-04-18T04:40:31Z,0306212026-04-17,03062,2026-04-17,SCHEDULED,300,5.0
2026-04-18T04:40:31Z,0306222026-04-17,03062,2026-04-17,SCHEDULED,300,5.0
2026-04-18T04:40:31Z,0331112026-04-17,03311,2026-04-17,SCHEDULED,-240,-4.0
2026-04-18T04:40:31Z,0408812026-04-18,04088,2026-04-18,SCHEDULED,60,1.0
2026-04-18T04:40:31Z,0408822026-04-18,04088,2026-04-18,SCHEDULED,60,1.0
2026-04-18T04:40:31Z,0408832026-04-18,04088,2026-04-18,SCHEDULED,60,1.0
2026-04-18T04:40:31Z,0415422026-04-17,04154,2026-04-17,SCHEDULED,480,8.0
2026-04-18T04:40:31Z,0415412026-04-17,04154,2026-04-17,SCHEDULED,480,8.0
2026-04-18T04:40:31Z,0446412026-04-17,04464,2026-04-17,SCHEDULED,540,9.0
2026-04-18T04:40:31Z,1806612026-04-17,18066,2026-04-17,CANCELED,,
2026-04-18T04:40:31Z,1563322026-04-17,15633,2026-04-17,CANCELED,,
2026-04-18T04:40:31Z,1563312026-04-17,15633,2026-04-17,CANCELED,,
2026-04-18T04:40:31Z,3820912026-04-17,38209,2026-04-17,CANCELED,,
2026-04-18T04:40:31Z,1720012026-04-17,17200,2026-04-17,CANCELED,,
2026-04-18T04:40:31Z,1800912026-04-17,18009,2026-04-17,CANCELED,,
2026-04-18T04:40:31Z,3820012026-04-17,38200,2026-04-17,CANCELED,,
2026-04-18T04:40:31Z,7182012026-04-17,71820,2026-04-17,CANCELED,,
2026-04-18T04:40:31Z,0116212026-04-17,01162,2026-04-17,CANCELED,,
2026-04-18T04:40:31Z,7183312026-04-17,71833,2026-04-17,CANCELED,,
2026-04-18T04:40:31Z,0819912026-04-17,08199,2026-04-17,CANCELED,,
2026-04-18T04:40:31Z,1262312026-04-17,12623,2026-04-17,CANCELED,,
2026-04-18T04:45:30Z,1304112026-04-17,13041,2026-04-17,SCHEDULED,60,1.0
2026-04-18T04:45:30Z,1395112026-04-17,13951,2026-04-17,SCHEDULED,60,1.0
2026-04-18T04:45:30Z,1500212026-04-17,15002,2026-04-17,SCHEDULED,300,5.0
2026-04-18T04:45:30Z,1504012026-04-17,15040,2026-04-17,SCHEDULED,180,3.0
2026-04-18T04:45:30Z,0508042026-04-17,05080,2026-04-17,SCHEDULED,60,1.0
2026-04-18T04:45:30Z,0508032026-04-17,05080,2026-04-17,SCHEDULED,60,1.0
2026-04-18T04:45:30Z,0508012026-04-17,05080,2026-04-17,SCHEDULED,60,1.0
2026-04-18T04:45:30Z,0508022026-04-17,05080,2026-04-17,SCHEDULED,60,1.0
2026-04-18T04:45:30Z,1505112026-04-17,15051,2026-04-17,SCHEDULED,60,1.0
2026-04-18T04:45:30Z,0566812026-04-17,05668,2026-04-17,SCHEDULED,120,2.0
2026-04-18T04:45:30Z,1577212026-04-17,15772,2026-04-17,SCHEDULED,1140,19.0
2026-04-18T04:45:30Z,0587112026-04-17,05871,2026-04-17,SCHEDULED,180,3.0
2026-04-18T04:45:30Z,1702112026-04-17,17021,2026-04-17,SCHEDULED,60,1.0
2026-04-18T04:45:30Z,0847512026-04-17,08475,2026-04-17,SCHEDULED,60,1.0
2026-04-18T04:45:30Z,1770312026-04-17,17703,2026-04-17,SCHEDULED,-60,-1.0
2026-04-18T04:45:30Z,1805412026-04-17,18054,2026-04-17,SCHEDULED,60,1.0
2026-04-18T04:45:30Z,1807112026-04-17,18071,2026-04-17,SCHEDULED,-240,-4.0
2026-04-18T04:45:30Z,1093012026-04-18,10930,2026-04-18,SCHEDULED,720,12.0
2026-04-18T04:45:30Z,1806612026-04-17,18066,2026-04-17,SCHEDULED,180,3.0
2026-04-18T04:45:30Z,1261112026-04-17,12611,2026-04-17,SCHEDULED,240,4.0
2026-04-18T04:45:30Z,1812012026-04-17,18120,2026-04-17,SCHEDULED,300,5.0
2026-04-18T04:45:30Z,1268912026-04-17,12689,2026-04-17,SCHEDULED,60,1.0
2026-04-18T04:45:30Z,1891012026-04-17,18910,2026-04-17,SCHEDULED,240,4.0
2026-04-18T04:45:30Z,0107212026-04-18,01072,2026-04-18,SCHEDULED,120,2.0
2026-04-18T04:45:30Z,3586912026-04-17,35869,2026-04-17,SCHEDULED,540,9.0
2026-04-18T04:45:30Z,0206112026-04-17,02061,2026-04-17,SCHEDULED,60,1.0
2026-04-18T04:45:30Z,1580412026-04-17,15804,2026-04-17,SCHEDULED,480,8.0
2026-04-18T04:45:30Z,0207512026-04-18,02075,2026-04-18,SCHEDULED,60,1.0
2026-04-18T04:45:30Z,0306242026-04-17,03062,2026-04-17,SCHEDULED,480,8.0
2026-04-18T04:45:30Z,0306232026-04-17,03062,2026-04-17,SCHEDULED,480,8.0
2026-04-18T04:45:30Z,0306212026-04-17,03062,2026-04-17,SCHEDULED,480,8.0
2026-04-18T04:45:30Z,0306222026-04-17,03062,2026-04-17,SCHEDULED,480,8.0
2026-04-18T04:45:30Z,0331112026-04-17,03311,2026-04-17,SCHEDULED,-180,-3.0
2026-04-18T04:45:30Z,0408812026-04-18,04088,2026-04-18,SCHEDULED,60,1.0
2026-04-18T04:45:30Z,0408822026-04-18,04088,2026-04-18,SCHEDULED,60,1.0
2026-04-18T04:45:30Z,0408832026-04-18,04088,2026-04-18,SCHEDULED,60,1.0
2026-04-18T04:45:30Z,0415422026-04-17,04154,2026-04-17,SCHEDULED,360,6.0
2026-04-18T04:45:30Z,0415412026-04-17,04154,2026-04-17,SCHEDULED,360,6.0
2026-04-18T04:45:30Z,0446412026-04-17,04464,2026-04-17,SCHEDULED,540,9.0
2026-04-18T04:45:30Z,1806612026-04-17,18066,2026-04-17,CANCELED,,
2026-04-18T04:45:30Z,1563322026-04-17,15633,2026-04-17,CANCELED,,
2026-04-18T04:45:30Z,1563312026-04-17,15633,2026-04-17,CANCELED,,
2026-04-18T04:45:30Z,3820912026-04-17,38209,2026-04-17,CANCELED,,
2026-04-18T04:45:30Z,1720012026-04-17,17200,2026-04-17,CANCELED,,
2026-04-18T04:45:30Z,1800912026-04-17,18009,2026-04-17,CANCELED,,
2026-04-18T04:45:30Z,3820012026-04-17,38200,2026-04-17,CANCELED,,
2026-04-18T04:45:30Z,0116212026-04-17,01162,2026-04-17,CANCELED,,
2026-04-18T04:45:30Z,7182012026-04-17,71820,2026-04-17,CANCELED,,
2026-04-18T04:45:30Z,0819912026-04-17,08199,2026-04-17,CANCELED,,
2026-04-18T04:45:30Z,7183312026-04-17,71833,2026-04-17,CANCELED,,
2026-04-18T04:45:30Z,1262312026-04-17,12623,2026-04-17,CANCELED,,
2026-04-18T04:50:29Z,1395112026-04-17,13951,2026-04-17,SCHEDULED,60,1.0
2026-04-18T04:50:29Z,1412362026-04-17,14123,2026-04-17,SCHEDULED,60,1.0
2026-04-18T04:50:29Z,1412342026-04-17,14123,2026-04-17,SCHEDULED,60,1.0
2026-04-18T04:50:29Z,1412352026-04-17,14123,2026-04-17,SCHEDULED,60,1.0
2026-04-18T04:50:29Z,1412312026-04-17,14123,2026-04-17,SCHEDULED,60,1.0
2026-04-18T04:50:29Z,1412332026-04-17,14123,2026-04-17,SCHEDULED,60,1.0
2026-04-18T04:50:29Z,1412322026-04-17,14123,2026-04-17,SCHEDULED,60,1.0
2026-04-18T04:50:29Z,0566812026-04-17,05668,2026-04-17,SCHEDULED,120,2.0
2026-04-18T04:50:29Z,1500212026-04-17,15002,2026-04-17,SCHEDULED,300,5.0
2026-04-18T04:50:29Z,0576312026-04-17,05763,2026-04-17,SCHEDULED,-60,-1.0
2026-04-18T04:50:29Z,0576322026-04-17,05763,2026-04-17,SCHEDULED,-60,-1.0
2026-04-18T04:50:29Z,0576332026-04-17,05763,2026-04-17,SCHEDULED,-60,-1.0
2026-04-18T04:50:29Z,1504012026-04-17,15040,2026-04-17,SCHEDULED,180,3.0
2026-04-18T04:50:29Z,1505112026-04-17,15051,2026-04-17,SCHEDULED,240,4.0
2026-04-18T04:50:29Z,0587112026-04-17,05871,2026-04-17,SCHEDULED,240,4.0
2026-04-18T04:50:29Z,1521112026-04-17,15211,2026-04-17,SCHEDULED,-60,-1.0
2026-04-18T04:50:29Z,1577212026-04-17,15772,2026-04-17,SCHEDULED,1140,19.0
2026-04-18T04:50:29Z,1585012026-04-17,15850,2026-04-17,SCHEDULED,-60,-1.0
2026-04-18T04:50:29Z,0847512026-04-17,08475,2026-04-17,SCHEDULED,60,1.0
2026-04-18T04:50:29Z,0907222026-04-17,09072,2026-04-17,SCHEDULED,60,1.0
2026-04-18T04:50:29Z,0907212026-04-17,09072,2026-04-17,SCHEDULED,60,1.0
2026-04-18T04:50:29Z,1093012026-04-18,10930,2026-04-18,SCHEDULED,720,12.0
2026-04-18T04:50:29Z,1702112026-04-17,17021,2026-04-17,SCHEDULED,60,1.0
2026-04-18T04:50:29Z,1770312026-04-17,17703,2026-04-17,SCHEDULED,-120,-2.0
2026-04-18T04:50:29Z,1261112026-04-17,12611,2026-04-17,SCHEDULED,300,5.0
2026-04-18T04:50:29Z,1807112026-04-17,18071,2026-04-17,SCHEDULED,-240,-4.0
2026-04-18T04:50:29Z,1268912026-04-17,12689,2026-04-17,SCHEDULED,60,1.0
2026-04-18T04:50:29Z,1806612026-04-17,18066,2026-04-17,SCHEDULED,120,2.0
2026-04-18T04:50:29Z,1812012026-04-17,18120,2026-04-17,SCHEDULED,300,5.0
2026-04-18T04:50:29Z,1891012026-04-17,18910,2026-04-17,SCHEDULED,240,4.0
2026-04-18T04:50:29Z,1300322026-04-17,13003,2026-04-17,SCHEDULED,120,2.0
2026-04-18T04:50:29Z,1300312026-04-17,13003,2026-04-17,SCHEDULED,120,2.0
2026-04-18T04:50:29Z,3586912026-04-17,35869,2026-04-17,SCHEDULED,660,11.0
2026-04-18T04:50:29Z,1304112026-04-17,13041,2026-04-17,SCHEDULED,60,1.0
2026-04-18T04:50:29Z,1580412026-04-17,15804,2026-04-17,SCHEDULED,660,11.0
2026-04-18T04:50:29Z,3460912026-04-17,34609,2026-04-17,SCHEDULED,60,1.0
2026-04-18T04:50:29Z,0107212026-04-18,01072,2026-04-18,SCHEDULED,60,1.0
2026-04-18T04:50:29Z,0206112026-04-17,02061,2026-04-17,SCHEDULED,120,2.0
2026-04-18T04:50:29Z,0207512026-04-18,02075,2026-04-18,SCHEDULED,120,2.0
2026-04-18T04:50:29Z,0306242026-04-17,03062,2026-04-17,SCHEDULED,480,8.0
2026-04-18T04:50:29Z,0306232026-04-17,03062,2026-04-17,SCHEDULED,480,8.0
2026-04-18T04:50:29Z,0306212026-04-17,03062,2026-04-17,SCHEDULED,480,8.0
2026-04-18T04:50:29Z,0306222026-04-17,03062,2026-04-17,SCHEDULED,480,8.0
2026-04-18T04:50:29Z,0331112026-04-17,03311,2026-04-17,SCHEDULED,-60,-1.0
2026-04-18T04:50:29Z,0415422026-04-17,04154,2026-04-17,SCHEDULED,240,4.0
2026-04-18T04:50:29Z,0415412026-04-17,04154,2026-04-17,SCHEDULED,240,4.0
2026-04-18T04:50:29Z,0446412026-04-17,04464,2026-04-17,SCHEDULED,420,7.0
2026-04-18T04:50:29Z,1806612026-04-17,18066,2026-04-17,CANCELED,,
2026-04-18T04:50:29Z,1563322026-04-17,15633,2026-04-17,CANCELED,,
2026-04-18T04:50:29Z,1563312026-04-17,15633,2026-04-17,CANCELED,,
2026-04-18T04:50:29Z,3820912026-04-17,38209,2026-04-17,CANCELED,,
2026-04-18T04:50:29Z,1800912026-04-17,18009,2026-04-17,CANCELED,,
2026-04-18T04:50:29Z,1720012026-04-17,17200,2026-04-17,CANCELED,,
2026-04-18T04:50:29Z,3820012026-04-17,38200,2026-04-17,CANCELED,,
2026-04-18T04:50:29Z,7182012026-04-17,71820,2026-04-17,CANCELED,,
2026-04-18T04:50:29Z,0116212026-04-17,01162,2026-04-17,CANCELED,,
2026-04-18T04:50:29Z,7183312026-04-17,71833,2026-04-17,CANCELED,,
2026-04-18T04:50:29Z,0819912026-04-17,08199,2026-04-17,CANCELED,,
2026-04-18T04:50:29Z,1262312026-04-17,12623,2026-04-17,CANCELED,,
2026-04-18T04:55:28Z,1577212026-04-17,15772,2026-04-17,SCHEDULED,1140,19.0
2026-04-18T04:55:28Z,0506422026-04-17,05064,2026-04-17,SCHEDULED,60,1.0
2026-04-18T04:55:28Z,0506412026-04-17,05064,2026-04-17,SCHEDULED,60,1.0
2026-04-18T04:55:28Z,1585012026-04-17,15850,2026-04-17,SCHEDULED,-60,-1.0
2026-04-18T04:55:28Z,1590212026-04-17,15902,2026-04-17,SCHEDULED,120,2.0
2026-04-18T04:55:28Z,1702112026-04-17,17021,2026-04-17,SCHEDULED,60,1.0
2026-04-18T04:55:28Z,0576312026-04-17,05763,2026-04-17,SCHEDULED,-120,-2.0
2026-04-18T04:55:28Z,0576322026-04-17,05763,2026-04-17,SCHEDULED,-120,-2.0
2026-04-18T04:55:28Z,0576332026-04-17,05763,2026-04-17,SCHEDULED,-120,-2.0
2026-04-18T04:55:28Z,0587112026-04-17,05871,2026-04-17,SCHEDULED,300,5.0
2026-04-18T04:55:28Z,1412362026-04-17,14123,2026-04-17,SCHEDULED,60,1.0
2026-04-18T04:55:28Z,1412342026-04-17,14123,2026-04-17,SCHEDULED,60,1.0
2026-04-18T04:55:28Z,1412352026-04-17,14123,2026-04-17,SCHEDULED,60,1.0
2026-04-18T04:55:28Z,1412312026-04-17,14123,2026-04-17,SCHEDULED,60,1.0
2026-04-18T04:55:28Z,1412332026-04-17,14123,2026-04-17,SCHEDULED,60,1.0
2026-04-18T04:55:28Z,1412322026-04-17,14123,2026-04-17,SCHEDULED,60,1.0
2026-04-18T04:55:28Z,1500212026-04-17,15002,2026-04-17,SCHEDULED,300,5.0
2026-04-18T04:55:28Z,0847512026-04-17,08475,2026-04-17,SCHEDULED,180,3.0
2026-04-18T04:55:28Z,1504012026-04-17,15040,2026-04-17,SCHEDULED,120,2.0
2026-04-18T04:55:28Z,1505112026-04-17,15051,2026-04-17,SCHEDULED,300,5.0
2026-04-18T04:55:28Z,1093012026-04-18,10930,2026-04-18,SCHEDULED,720,12.0
2026-04-18T04:55:28Z,1564812026-04-17,15648,2026-04-17,SCHEDULED,-60,-1.0
2026-04-18T04:55:28Z,1261112026-04-17,12611,2026-04-17,SCHEDULED,360,6.0
2026-04-18T04:55:28Z,1891012026-04-17,18910,2026-04-17,SCHEDULED,240,4.0
2026-04-18T04:55:28Z,1600012026-04-17,16000,2026-04-17,SCHEDULED,60,1.0
2026-04-18T04:55:28Z,1300322026-04-17,13003,2026-04-17,SCHEDULED,60,1.0
2026-04-18T04:55:28Z,1300312026-04-17,13003,2026-04-17,SCHEDULED,60,1.0
2026-04-18T04:55:28Z,3586912026-04-17,35869,2026-04-17,SCHEDULED,720,12.0
2026-04-18T04:55:28Z,1304112026-04-17,13041,2026-04-17,SCHEDULED,60,1.0
2026-04-18T04:55:28Z,1395112026-04-17,13951,2026-04-17,SCHEDULED,60,1.0
2026-04-18T04:55:28Z,3460912026-04-17,34609,2026-04-17,SCHEDULED,60,1.0
2026-04-18T04:55:28Z,1800212026-04-17,18002,2026-04-17,SCHEDULED,60,1.0
2026-04-18T04:55:28Z,1800222026-04-17,18002,2026-04-17,SCHEDULED,60,1.0
2026-04-18T04:55:28Z,1800242026-04-17,18002,2026-04-17,SCHEDULED,60,1.0
2026-04-18T04:55:28Z,0107212026-04-18,01072,2026-04-18,SCHEDULED,120,2.0
2026-04-18T04:55:28Z,1580412026-04-17,15804,2026-04-17,SCHEDULED,660,11.0
2026-04-18T04:55:28Z,0206112026-04-17,02061,2026-04-17,SCHEDULED,240,4.0
2026-04-18T04:55:28Z,1805412026-04-17,18054,2026-04-17,SCHEDULED,-120,-2.0
2026-04-18T04:55:28Z,0207512026-04-18,02075,2026-04-18,SCHEDULED,120,2.0
2026-04-18T04:55:28Z,1807112026-04-17,18071,2026-04-17,SCHEDULED,-60,-1.0
2026-04-18T04:55:28Z,1806612026-04-17,18066,2026-04-17,SCHEDULED,120,2.0
2026-04-18T04:55:28Z,1812012026-04-17,18120,2026-04-17,SCHEDULED,360,6.0
2026-04-18T04:55:28Z,1812112026-04-17,18121,2026-04-17,SCHEDULED,60,1.0
2026-04-18T04:55:28Z,1833122026-04-17,18331,2026-04-17,SCHEDULED,60,1.0
2026-04-18T04:55:28Z,1833112026-04-17,18331,2026-04-17,SCHEDULED,60,1.0
2026-04-18T04:55:28Z,0306242026-04-17,03062,2026-04-17,SCHEDULED,60,1.0
2026-04-18T04:55:28Z,0306232026-04-17,03062,2026-04-17,SCHEDULED,60,1.0
2026-04-18T04:55:28Z,0306212026-04-17,03062,2026-04-17,SCHEDULED,60,1.0
2026-04-18T04:55:28Z,0306222026-04-17,03062,2026-04-17,SCHEDULED,60,1.0
2026-04-18T04:55:28Z,0306242026-04-17,03062,2026-04-17,SCHEDULED,480,8.0
2026-04-18T04:55:28Z,0306232026-04-17,03062,2026-04-17,SCHEDULED,480,8.0
2026-04-18T04:55:28Z,0306212026-04-17,03062,2026-04-17,SCHEDULED,480,8.0
2026-04-18T04:55:28Z,0306222026-04-17,03062,2026-04-17,SCHEDULED,480,8.0
2026-04-18T04:55:28Z,0331112026-04-17,03311,2026-04-17,SCHEDULED,-120,-2.0
2026-04-18T04:55:28Z,0408812026-04-18,04088,2026-04-18,SCHEDULED,60,1.0
2026-04-18T04:55:28Z,0408822026-04-18,04088,2026-04-18,SCHEDULED,60,1.0
2026-04-18T04:55:28Z,0408832026-04-18,04088,2026-04-18,SCHEDULED,60,1.0
2026-04-18T04:55:28Z,0415422026-04-17,04154,2026-04-17,SCHEDULED,300,5.0
2026-04-18T04:55:28Z,0415412026-04-17,04154,2026-04-17,SCHEDULED,300,5.0
2026-04-18T04:55:28Z,0446412026-04-17,04464,2026-04-17,SCHEDULED,420,7.0
2026-04-18T04:55:28Z,1806612026-04-17,18066,2026-04-17,CANCELED,,
2026-04-18T04:55:28Z,3820912026-04-17,38209,2026-04-17,CANCELED,,
2026-04-18T04:55:28Z,1563322026-04-17,15633,2026-04-17,CANCELED,,
2026-04-18T04:55:28Z,1563312026-04-17,15633,2026-04-17,CANCELED,,
2026-04-18T04:55:28Z,1800912026-04-17,18009,2026-04-17,CANCELED,,
2026-04-18T04:55:28Z,1720012026-04-17,17200,2026-04-17,CANCELED,,
2026-04-18T04:55:28Z,7182012026-04-17,71820,2026-04-17,CANCELED,,
2026-04-18T04:55:28Z,7183312026-04-17,71833,2026-04-17,CANCELED,,
2026-04-18T04:55:28Z,3820012026-04-17,38200,2026-04-17,CANCELED,,
2026-04-18T04:55:28Z,1262312026-04-17,12623,2026-04-17,CANCELED,,
2026-04-18T04:55:28Z,0116212026-04-17,01162,2026-04-17,CANCELED,,
2026-04-18T04:55:28Z,0819912026-04-17,08199,2026-04-17,CANCELED,,
2026-04-18T05:00:50Z,1304112026-04-17,13041,2026-04-17,SCHEDULED,300,5.0
2026-04-18T05:00:50Z,0415422026-04-17,04154,2026-04-17,SCHEDULED,300,5.0
2026-04-18T05:00:50Z,0415412026-04-17,04154,2026-04-17,SCHEDULED,300,5.0
2026-04-18T05:00:50Z,1395112026-04-17,13951,2026-04-17,SCHEDULED,60,1.0
2026-04-18T05:00:50Z,0446412026-04-17,04464,2026-04-17,SCHEDULED,420,7.0
2026-04-18T05:00:50Z,0506422026-04-17,05064,2026-04-17,SCHEDULED,60,1.0
2026-04-18T05:00:50Z,0506412026-04-17,05064,2026-04-17,SCHEDULED,60,1.0
2026-04-18T05:00:50Z,1412362026-04-17,14123,2026-04-17,SCHEDULED,420,7.0
2026-04-18T05:00:50Z,1412342026-04-17,14123,2026-04-17,SCHEDULED,420,7.0
2026-04-18T05:00:50Z,1412352026-04-17,14123,2026-04-17,SCHEDULED,420,7.0
2026-04-18T05:00:50Z,1412312026-04-17,14123,2026-04-17,SCHEDULED,420,7.0
2026-04-18T05:00:50Z,1412332026-04-17,14123,2026-04-17,SCHEDULED,420,7.0
2026-04-18T05:00:50Z,1412322026-04-17,14123,2026-04-17,SCHEDULED,420,7.0
2026-04-18T05:00:50Z,1504012026-04-17,15040,2026-04-17,SCHEDULED,120,2.0
2026-04-18T05:00:50Z,1505112026-04-17,15051,2026-04-17,SCHEDULED,300,5.0
2026-04-18T05:00:50Z,1577212026-04-17,15772,2026-04-17,SCHEDULED,1260,21.0
2026-04-18T05:00:50Z,0587112026-04-17,05871,2026-04-17,SCHEDULED,240,4.0
2026-04-18T05:00:50Z,0847512026-04-17,08475,2026-04-17,SCHEDULED,240,4.0
2026-04-18T05:00:50Z,1590212026-04-17,15902,2026-04-17,SCHEDULED,240,4.0
2026-04-18T05:00:50Z,1093012026-04-18,10930,2026-04-18,SCHEDULED,660,11.0
2026-04-18T05:00:50Z,1261112026-04-17,12611,2026-04-17,SCHEDULED,360,6.0
2026-04-18T05:00:50Z,1702112026-04-17,17021,2026-04-17,SCHEDULED,120,2.0
2026-04-18T05:00:50Z,1891012026-04-17,18910,2026-04-17,SCHEDULED,240,4.0
2026-04-18T05:00:50Z,1300322026-04-17,13003,2026-04-17,SCHEDULED,60,1.0
2026-04-18T05:00:50Z,1300312026-04-17,13003,2026-04-17,SCHEDULED,60,1.0
2026-04-18T05:00:50Z,1600012026-04-17,16000,2026-04-17,SCHEDULED,60,1.0
2026-04-18T05:00:50Z,0053322026-04-18,00533,2026-04-18,SCHEDULED,180,3.0
2026-04-18T05:00:50Z,0053312026-04-18,00533,2026-04-18,SCHEDULED,180,3.0
2026-04-18T05:00:50Z,3586912026-04-17,35869,2026-04-17,SCHEDULED,720,12.0
2026-04-18T05:00:50Z,3460912026-04-17,34609,2026-04-17,SCHEDULED,120,2.0
2026-04-18T05:00:50Z,0107212026-04-18,01072,2026-04-18,SCHEDULED,180,3.0
2026-04-18T05:00:50Z,0109212026-04-17,01092,2026-04-17,SCHEDULED,60,1.0
2026-04-18T05:00:50Z,0206112026-04-17,02061,2026-04-17,SCHEDULED,180,3.0
2026-04-18T05:00:50Z,0207512026-04-18,02075,2026-04-18,SCHEDULED,120,2.0
2026-04-18T05:00:50Z,1580412026-04-17,15804,2026-04-17,SCHEDULED,780,13.0
2026-04-18T05:00:50Z,0306242026-04-17,03062,2026-04-17,SCHEDULED,60,1.0
2026-04-18T05:00:50Z,0306232026-04-17,03062,2026-04-17,SCHEDULED,60,1.0
2026-04-18T05:00:50Z,0306212026-04-17,03062,2026-04-17,SCHEDULED,60,1.0
2026-04-18T05:00:50Z,0306222026-04-17,03062,2026-04-17,SCHEDULED,60,1.0
2026-04-18T05:00:50Z,1807112026-04-17,18071,2026-04-17,SCHEDULED,-60,-1.0
2026-04-18T05:00:50Z,1806612026-04-17,18066,2026-04-17,SCHEDULED,120,2.0
2026-04-18T05:00:50Z,1812012026-04-17,18120,2026-04-17,SCHEDULED,360,6.0
2026-04-18T05:00:50Z,0306242026-04-17,03062,2026-04-17,SCHEDULED,360,6.0
2026-04-18T05:00:50Z,0306232026-04-17,03062,2026-04-17,SCHEDULED,360,6.0
2026-04-18T05:00:50Z,0306212026-04-17,03062,2026-04-17,SCHEDULED,360,6.0
2026-04-18T05:00:50Z,0306222026-04-17,03062,2026-04-17,SCHEDULED,360,6.0
2026-04-18T05:00:50Z,0331112026-04-17,03311,2026-04-17,SCHEDULED,-120,-2.0
2026-04-18T05:00:50Z,1812112026-04-17,18121,2026-04-17,SCHEDULED,60,1.0
2026-04-18T05:00:50Z,0408812026-04-18,04088,2026-04-18,SCHEDULED,60,1.0
2026-04-18T05:00:50Z,0408822026-04-18,04088,2026-04-18,SCHEDULED,60,1.0
2026-04-18T05:00:50Z,0408832026-04-18,04088,2026-04-18,SCHEDULED,60,1.0
2026-04-18T05:00:50Z,1833122026-04-17,18331,2026-04-17,SCHEDULED,60,1.0
2026-04-18T05:00:50Z,1833112026-04-17,18331,2026-04-17,SCHEDULED,60,1.0
2026-04-18T05:00:50Z,1806612026-04-17,18066,2026-04-17,CANCELED,,
2026-04-18T05:00:50Z,1563322026-04-17,15633,2026-04-17,CANCELED,,
2026-04-18T05:00:50Z,1563312026-04-17,15633,2026-04-17,CANCELED,,
2026-04-18T05:00:50Z,3820912026-04-17,38209,2026-04-17,CANCELED,,
2026-04-18T05:00:50Z,1720012026-04-17,17200,2026-04-17,CANCELED,,
2026-04-18T05:00:50Z,1800912026-04-17,18009,2026-04-17,CANCELED,,
2026-04-18T05:00:50Z,3820012026-04-17,38200,2026-04-17,CANCELED,,
2026-04-18T05:00:50Z,7182012026-04-17,71820,2026-04-17,CANCELED,,
2026-04-18T05:00:50Z,7183312026-04-17,71833,2026-04-17,CANCELED,,
2026-04-18T05:00:50Z,0116212026-04-17,01162,2026-04-17,CANCELED,,
2026-04-18T05:00:50Z,1262312026-04-17,12623,2026-04-17,CANCELED,,
2026-04-18T05:00:50Z,0819912026-04-17,08199,2026-04-17,CANCELED,,
2026-04-18T05:05:27Z,1395112026-04-17,13951,2026-04-17,SCHEDULED,120,2.0
2026-04-18T05:05:27Z,0415422026-04-17,04154,2026-04-17,SCHEDULED,300,5.0
2026-04-18T05:05:27Z,0415412026-04-17,04154,2026-04-17,SCHEDULED,300,5.0
2026-04-18T05:05:27Z,1390012026-04-17,13900,2026-04-17,SCHEDULED,60,1.0
2026-04-18T05:05:27Z,0446412026-04-17,04464,2026-04-17,SCHEDULED,420,7.0
2026-04-18T05:05:27Z,1390112026-04-17,13901,2026-04-17,SCHEDULED,-60,-1.0
2026-04-18T05:05:27Z,0506422026-04-17,05064,2026-04-17,SCHEDULED,-60,-1.0
2026-04-18T05:05:27Z,0506412026-04-17,05064,2026-04-17,SCHEDULED,-60,-1.0
2026-04-18T05:05:27Z,0507212026-04-17,05072,2026-04-17,SCHEDULED,180,3.0
2026-04-18T05:05:27Z,1412362026-04-17,14123,2026-04-17,SCHEDULED,360,6.0
2026-04-18T05:05:27Z,1412342026-04-17,14123,2026-04-17,SCHEDULED,360,6.0
2026-04-18T05:05:27Z,1412352026-04-17,14123,2026-04-17,SCHEDULED,360,6.0
2026-04-18T05:05:27Z,1412312026-04-17,14123,2026-04-17,SCHEDULED,360,6.0
2026-04-18T05:05:27Z,1412332026-04-17,14123,2026-04-17,SCHEDULED,360,6.0
2026-04-18T05:05:27Z,1412322026-04-17,14123,2026-04-17,SCHEDULED,360,6.0
2026-04-18T05:05:27Z,1504012026-04-17,15040,2026-04-17,SCHEDULED,120,2.0
2026-04-18T05:05:27Z,1505112026-04-17,15051,2026-04-17,SCHEDULED,120,2.0
2026-04-18T05:05:27Z,0508042026-04-17,05080,2026-04-17,SCHEDULED,-60,-1.0
2026-04-18T05:05:27Z,0508032026-04-17,05080,2026-04-17,SCHEDULED,-60,-1.0
2026-04-18T05:05:27Z,0508012026-04-17,05080,2026-04-17,SCHEDULED,-60,-1.0
2026-04-18T05:05:27Z,0508022026-04-17,05080,2026-04-17,SCHEDULED,-60,-1.0
2026-04-18T05:05:27Z,1521012026-04-17,15210,2026-04-17,SCHEDULED,60,1.0
2026-04-18T05:05:27Z,0566812026-04-17,05668,2026-04-17,SCHEDULED,180,3.0
2026-04-18T05:05:27Z,1563012026-04-17,15630,2026-04-17,SCHEDULED,-60,-1.0
2026-04-18T05:05:27Z,1564812026-04-17,15648,2026-04-17,SCHEDULED,60,1.0
2026-04-18T05:05:27Z,0576312026-04-17,05763,2026-04-17,SCHEDULED,-60,-1.0
2026-04-18T05:05:27Z,0576322026-04-17,05763,2026-04-17,SCHEDULED,-60,-1.0
2026-04-18T05:05:27Z,0576332026-04-17,05763,2026-04-17,SCHEDULED,-60,-1.0
2026-04-18T05:05:27Z,1577212026-04-17,15772,2026-04-17,SCHEDULED,1260,21.0
2026-04-18T05:05:27Z,0587112026-04-17,05871,2026-04-17,SCHEDULED,420,7.0
2026-04-18T05:05:27Z,1585012026-04-17,15850,2026-04-17,SCHEDULED,60,1.0
2026-04-18T05:05:27Z,0847512026-04-17,08475,2026-04-17,SCHEDULED,240,4.0
2026-04-18T05:05:27Z,1590212026-04-17,15902,2026-04-17,SCHEDULED,180,3.0
2026-04-18T05:05:27Z,1601812026-04-17,16018,2026-04-17,SCHEDULED,60,1.0
2026-04-18T05:05:27Z,1702112026-04-17,17021,2026-04-17,SCHEDULED,120,2.0
2026-04-18T05:05:27Z,1093012026-04-18,10930,2026-04-18,SCHEDULED,660,11.0
2026-04-18T05:05:27Z,1891012026-04-17,18910,2026-04-17,SCHEDULED,300,5.0
2026-04-18T05:05:27Z,1261112026-04-17,12611,2026-04-17,SCHEDULED,360,6.0
2026-04-18T05:05:27Z,1600012026-04-17,16000,2026-04-17,SCHEDULED,60,1.0
2026-04-18T05:05:27Z,1248012026-04-17,12480,2026-04-17,SCHEDULED,60,1.0
2026-04-18T05:05:27Z,1300322026-04-17,13003,2026-04-17,SCHEDULED,60,1.0
2026-04-18T05:05:27Z,1300312026-04-17,13003,2026-04-17,SCHEDULED,60,1.0
2026-04-18T05:05:27Z,3586912026-04-17,35869,2026-04-17,SCHEDULED,780,13.0
2026-04-18T05:05:27Z,1304112026-04-17,13041,2026-04-17,SCHEDULED,300,5.0
2026-04-18T05:05:27Z,0053322026-04-18,00533,2026-04-18,SCHEDULED,180,3.0
2026-04-18T05:05:27Z,0053312026-04-18,00533,2026-04-18,SCHEDULED,180,3.0
2026-04-18T05:05:27Z,3460912026-04-17,34609,2026-04-17,SCHEDULED,120,2.0
2026-04-18T05:05:27Z,1580412026-04-17,15804,2026-04-17,SCHEDULED,840,14.0
2026-04-18T05:05:27Z,0107212026-04-18,01072,2026-04-18,SCHEDULED,240,4.0
2026-04-18T05:05:27Z,0109212026-04-17,01092,2026-04-17,SCHEDULED,-60,-1.0
2026-04-18T05:05:27Z,1722712026-04-17,17227,2026-04-17,SCHEDULED,180,3.0
2026-04-18T05:05:27Z,0206112026-04-17,02061,2026-04-17,SCHEDULED,180,3.0
2026-04-18T05:05:27Z,0207512026-04-18,02075,2026-04-18,SCHEDULED,180,3.0
2026-04-18T05:05:27Z,1807112026-04-17,18071,2026-04-17,SCHEDULED,-120,-2.0
2026-04-18T05:05:27Z,1806612026-04-17,18066,2026-04-17,SCHEDULED,180,3.0
2026-04-18T05:05:27Z,1812012026-04-17,18120,2026-04-17,SCHEDULED,240,4.0
2026-04-18T05:05:27Z,1812112026-04-17,18121,2026-04-17,SCHEDULED,120,2.0
2026-04-18T05:05:27Z,0306242026-04-17,03062,2026-04-17,SCHEDULED,60,1.0
2026-04-18T05:05:27Z,0306232026-04-17,03062,2026-04-17,SCHEDULED,60,1.0
2026-04-18T05:05:27Z,0306212026-04-17,03062,2026-04-17,SCHEDULED,60,1.0
2026-04-18T05:05:27Z,0306222026-04-17,03062,2026-04-17,SCHEDULED,60,1.0
2026-04-18T05:05:27Z,1833122026-04-17,18331,2026-04-17,SCHEDULED,60,1.0
2026-04-18T05:05:27Z,1833112026-04-17,18331,2026-04-17,SCHEDULED,60,1.0
2026-04-18T05:05:27Z,0306242026-04-17,03062,2026-04-17,SCHEDULED,360,6.0
2026-04-18T05:05:27Z,0306232026-04-17,03062,2026-04-17,SCHEDULED,360,6.0
2026-04-18T05:05:27Z,0306212026-04-17,03062,2026-04-17,SCHEDULED,360,6.0
2026-04-18T05:05:27Z,0306222026-04-17,03062,2026-04-17,SCHEDULED,360,6.0
2026-04-18T05:05:27Z,0331112026-04-17,03311,2026-04-17,SCHEDULED,-180,-3.0
2026-04-18T05:05:27Z,0418642026-04-18,04186,2026-04-18,SCHEDULED,600,10.0
2026-04-18T05:05:27Z,0418632026-04-18,04186,2026-04-18,SCHEDULED,600,10.0
2026-04-18T05:05:27Z,0418612026-04-18,04186,2026-04-18,SCHEDULED,600,10.0
2026-04-18T05:05:27Z,0418622026-04-18,04186,2026-04-18,SCHEDULED,600,10.0
2026-04-18T05:05:27Z,0408812026-04-18,04088,2026-04-18,SCHEDULED,60,1.0
2026-04-18T05:05:27Z,0408822026-04-18,04088,2026-04-18,SCHEDULED,60,1.0
2026-04-18T05:05:27Z,0408832026-04-18,04088,2026-04-18,SCHEDULED,60,1.0
2026-04-18T05:05:27Z,0407222026-04-18,04072,2026-04-18,SCHEDULED,120,2.0
2026-04-18T05:05:27Z,0407212026-04-18,04072,2026-04-18,SCHEDULED,120,2.0
2026-04-18T05:05:27Z,1806612026-04-17,18066,2026-04-17,CANCELED,,
2026-04-18T05:05:27Z,1563322026-04-17,15633,2026-04-17,CANCELED,,
2026-04-18T05:05:27Z,1563312026-04-17,15633,2026-04-17,CANCELED,,
2026-04-18T05:05:27Z,3820912026-04-17,38209,2026-04-17,CANCELED,,
2026-04-18T05:05:27Z,1720012026-04-17,17200,2026-04-17,CANCELED,,
2026-04-18T05:05:27Z,1800912026-04-17,18009,2026-04-17,CANCELED,,
2026-04-18T05:05:27Z,3820012026-04-17,38200,2026-04-17,CANCELED,,
2026-04-18T05:05:27Z,7182012026-04-17,71820,2026-04-17,CANCELED,,
2026-04-18T05:05:27Z,0116212026-04-17,01162,2026-04-17,CANCELED,,
2026-04-18T05:05:27Z,7183312026-04-17,71833,2026-04-17,CANCELED,,
2026-04-18T05:05:27Z,0819912026-04-17,08199,2026-04-17,CANCELED,,
2026-04-18T05:05:27Z,1262312026-04-17,12623,2026-04-17,CANCELED,,
2026-04-18T05:10:31Z,1390012026-04-17,13900,2026-04-17,SCHEDULED,60,1.0
2026-04-18T05:10:31Z,0415422026-04-17,04154,2026-04-17,SCHEDULED,300,5.0
2026-04-18T05:10:31Z,0415412026-04-17,04154,2026-04-17,SCHEDULED,300,5.0
2026-04-18T05:10:31Z,0446412026-04-17,04464,2026-04-17,SCHEDULED,420,7.0
2026-04-18T05:10:31Z,0506422026-04-17,05064,2026-04-17,SCHEDULED,-60,-1.0
2026-04-18T05:10:31Z,0506412026-04-17,05064,2026-04-17,SCHEDULED,-60,-1.0
2026-04-18T05:10:31Z,0507212026-04-17,05072,2026-04-17,SCHEDULED,240,4.0
2026-04-18T05:10:31Z,1412362026-04-17,14123,2026-04-17,SCHEDULED,420,7.0
2026-04-18T05:10:31Z,1412342026-04-17,14123,2026-04-17,SCHEDULED,420,7.0
2026-04-18T05:10:31Z,1412352026-04-17,14123,2026-04-17,SCHEDULED,420,7.0
2026-04-18T05:10:31Z,1412312026-04-17,14123,2026-04-17,SCHEDULED,420,7.0
2026-04-18T05:10:31Z,1412332026-04-17,14123,2026-04-17,SCHEDULED,420,7.0
2026-04-18T05:10:31Z,1412322026-04-17,14123,2026-04-17,SCHEDULED,420,7.0
2026-04-18T05:10:31Z,1504012026-04-17,15040,2026-04-17,SCHEDULED,120,2.0
2026-04-18T05:10:31Z,1505112026-04-17,15051,2026-04-17,SCHEDULED,180,3.0
2026-04-18T05:10:31Z,1521012026-04-17,15210,2026-04-17,SCHEDULED,180,3.0
2026-04-18T05:10:31Z,0566812026-04-17,05668,2026-04-17,SCHEDULED,240,4.0
2026-04-18T05:10:31Z,1563012026-04-17,15630,2026-04-17,SCHEDULED,-60,-1.0
2026-04-18T05:10:31Z,1564812026-04-17,15648,2026-04-17,SCHEDULED,-120,-2.0
2026-04-18T05:10:31Z,0576312026-04-17,05763,2026-04-17,SCHEDULED,-60,-1.0
2026-04-18T05:10:31Z,0576322026-04-17,05763,2026-04-17,SCHEDULED,-60,-1.0
2026-04-18T05:10:31Z,0576332026-04-17,05763,2026-04-17,SCHEDULED,-60,-1.0
2026-04-18T05:10:31Z,1577212026-04-17,15772,2026-04-17,SCHEDULED,1140,19.0
2026-04-18T05:10:31Z,0587112026-04-17,05871,2026-04-17,SCHEDULED,420,7.0
2026-04-18T05:10:31Z,1585012026-04-17,15850,2026-04-17,SCHEDULED,60,1.0
2026-04-18T05:10:31Z,0847512026-04-17,08475,2026-04-17,SCHEDULED,240,4.0
2026-04-18T05:10:31Z,1590212026-04-17,15902,2026-04-17,SCHEDULED,180,3.0
2026-04-18T05:10:31Z,0907222026-04-17,09072,2026-04-17,SCHEDULED,-60,-1.0
2026-04-18T05:10:31Z,0907212026-04-17,09072,2026-04-17,SCHEDULED,-60,-1.0
2026-04-18T05:10:31Z,0907312026-04-17,09073,2026-04-17,SCHEDULED,60,1.0
2026-04-18T05:10:31Z,1801012026-04-17,18010,2026-04-17,SCHEDULED,-60,-1.0
2026-04-18T05:10:31Z,1801022026-04-17,18010,2026-04-17,SCHEDULED,-60,-1.0
2026-04-18T05:10:31Z,1801032026-04-17,18010,2026-04-17,SCHEDULED,-60,-1.0
2026-04-18T05:10:31Z,1093012026-04-18,10930,2026-04-18,SCHEDULED,660,11.0
2026-04-18T05:10:31Z,1601812026-04-17,16018,2026-04-17,SCHEDULED,60,1.0
2026-04-18T05:10:31Z,1261112026-04-17,12611,2026-04-17,SCHEDULED,420,7.0
2026-04-18T05:10:31Z,1702112026-04-17,17021,2026-04-17,SCHEDULED,120,2.0
2026-04-18T05:10:31Z,1891012026-04-17,18910,2026-04-17,SCHEDULED,300,5.0
2026-04-18T05:10:31Z,1304112026-04-17,13041,2026-04-17,SCHEDULED,300,5.0
2026-04-18T05:10:31Z,1395112026-04-17,13951,2026-04-17,SCHEDULED,120,2.0
2026-04-18T05:10:31Z,1248012026-04-17,12480,2026-04-17,SCHEDULED,240,4.0
2026-04-18T05:10:31Z,0053322026-04-18,00533,2026-04-18,SCHEDULED,120,2.0
2026-04-18T05:10:31Z,0053312026-04-18,00533,2026-04-18,SCHEDULED,120,2.0
2026-04-18T05:10:31Z,3586912026-04-17,35869,2026-04-17,SCHEDULED,720,12.0
2026-04-18T05:10:31Z,3460912026-04-17,34609,2026-04-17,SCHEDULED,120,2.0
2026-04-18T05:10:31Z,0107212026-04-18,01072,2026-04-18,SCHEDULED,240,4.0
2026-04-18T05:10:31Z,0109212026-04-17,01092,2026-04-17,SCHEDULED,-120,-2.0
2026-04-18T05:10:31Z,1580412026-04-17,15804,2026-04-17,SCHEDULED,840,14.0
2026-04-18T05:10:31Z,0206112026-04-17,02061,2026-04-17,SCHEDULED,180,3.0
2026-04-18T05:10:31Z,1722712026-04-17,17227,2026-04-17,SCHEDULED,240,4.0
2026-04-18T05:10:31Z,1770312026-04-17,17703,2026-04-17,SCHEDULED,-60,-1.0
2026-04-18T05:10:31Z,0207512026-04-18,02075,2026-04-18,SCHEDULED,60,1.0
2026-04-18T05:10:31Z,0207712026-04-17,02077,2026-04-17,SCHEDULED,-60,-1.0
2026-04-18T05:10:31Z,1805412026-04-17,18054,2026-04-17,SCHEDULED,300,5.0
2026-04-18T05:10:31Z,1807112026-04-17,18071,2026-04-17,SCHEDULED,-60,-1.0
2026-04-18T05:10:31Z,1806612026-04-17,18066,2026-04-17,SCHEDULED,180,3.0
2026-04-18T05:10:31Z,0306242026-04-17,03062,2026-04-17,SCHEDULED,120,2.0
2026-04-18T05:10:31Z,0306232026-04-17,03062,2026-04-17,SCHEDULED,120,2.0
2026-04-18T05:10:31Z,0306212026-04-17,03062,2026-04-17,SCHEDULED,120,2.0
2026-04-18T05:10:31Z,0306222026-04-17,03062,2026-04-17,SCHEDULED,120,2.0
2026-04-18T05:10:31Z,1812012026-04-17,18120,2026-04-17,SCHEDULED,240,4.0
2026-04-18T05:10:31Z,1812112026-04-17,18121,2026-04-17,SCHEDULED,120,2.0
2026-04-18T05:10:31Z,0306242026-04-17,03062,2026-04-17,SCHEDULED,360,6.0
2026-04-18T05:10:31Z,0306232026-04-17,03062,2026-04-17,SCHEDULED,360,6.0
2026-04-18T05:10:31Z,0306212026-04-17,03062,2026-04-17,SCHEDULED,360,6.0
2026-04-18T05:10:31Z,0306222026-04-17,03062,2026-04-17,SCHEDULED,360,6.0
2026-04-18T05:10:31Z,1833122026-04-17,18331,2026-04-17,SCHEDULED,60,1.0
2026-04-18T05:10:31Z,1833112026-04-17,18331,2026-04-17,SCHEDULED,60,1.0
2026-04-18T05:10:31Z,0418642026-04-18,04186,2026-04-18,SCHEDULED,660,11.0
2026-04-18T05:10:31Z,0418632026-04-18,04186,2026-04-18,SCHEDULED,660,11.0
2026-04-18T05:10:31Z,0418612026-04-18,04186,2026-04-18,SCHEDULED,660,11.0
2026-04-18T05:10:31Z,0418622026-04-18,04186,2026-04-18,SCHEDULED,660,11.0
2026-04-18T05:10:31Z,0408812026-04-18,04088,2026-04-18,SCHEDULED,60,1.0
2026-04-18T05:10:31Z,0408822026-04-18,04088,2026-04-18,SCHEDULED,60,1.0
2026-04-18T05:10:31Z,0408832026-04-18,04088,2026-04-18,SCHEDULED,60,1.0
2026-04-18T05:10:31Z,0407222026-04-18,04072,2026-04-18,SCHEDULED,120,2.0
2026-04-18T05:10:31Z,0407212026-04-18,04072,2026-04-18,SCHEDULED,120,2.0
2026-04-18T05:10:31Z,1806612026-04-17,18066,2026-04-17,CANCELED,,
2026-04-18T05:10:31Z,1563322026-04-17,15633,2026-04-17,CANCELED,,
2026-04-18T05:10:31Z,1563312026-04-17,15633,2026-04-17,CANCELED,,
2026-04-18T05:10:31Z,3820912026-04-17,38209,2026-04-17,CANCELED,,
2026-04-18T05:10:31Z,1720012026-04-17,17200,2026-04-17,CANCELED,,
2026-04-18T05:10:31Z,1800912026-04-17,18009,2026-04-17,CANCELED,,
2026-04-18T05:10:31Z,3820012026-04-17,38200,2026-04-17,CANCELED,,
2026-04-18T05:10:31Z,7182012026-04-17,71820,2026-04-17,CANCELED,,
2026-04-18T05:10:31Z,0116212026-04-17,01162,2026-04-17,CANCELED,,
2026-04-18T05:10:31Z,7183312026-04-17,71833,2026-04-17,CANCELED,,
2026-04-18T05:10:31Z,0819912026-04-17,08199,2026-04-17,CANCELED,,
2026-04-18T05:10:31Z,1262312026-04-17,12623,2026-04-17,CANCELED,,
2026-04-18T05:15:33Z,1390012026-04-17,13900,2026-04-17,SCHEDULED,-120,-2.0
2026-04-18T05:15:33Z,0446412026-04-17,04464,2026-04-17,SCHEDULED,420,7.0
2026-04-18T05:15:33Z,1390112026-04-17,13901,2026-04-17,SCHEDULED,-60,-1.0
2026-04-18T05:15:33Z,0506422026-04-17,05064,2026-04-17,SCHEDULED,-60,-1.0
2026-04-18T05:15:33Z,0506412026-04-17,05064,2026-04-17,SCHEDULED,-60,-1.0
2026-04-18T05:15:33Z,0507212026-04-17,05072,2026-04-17,SCHEDULED,180,3.0
2026-04-18T05:15:33Z,1412362026-04-17,14123,2026-04-17,SCHEDULED,360,6.0
2026-04-18T05:15:33Z,1412342026-04-17,14123,2026-04-17,SCHEDULED,360,6.0
2026-04-18T05:15:33Z,1412352026-04-17,14123,2026-04-17,SCHEDULED,360,6.0
2026-04-18T05:15:33Z,1412312026-04-17,14123,2026-04-17,SCHEDULED,360,6.0
2026-04-18T05:15:33Z,1412332026-04-17,14123,2026-04-17,SCHEDULED,360,6.0
2026-04-18T05:15:33Z,1412322026-04-17,14123,2026-04-17,SCHEDULED,360,6.0
2026-04-18T05:15:33Z,1503212026-04-17,15032,2026-04-17,SCHEDULED,-60,-1.0
2026-04-18T05:15:33Z,1504012026-04-17,15040,2026-04-17,SCHEDULED,60,1.0
2026-04-18T05:15:33Z,1505112026-04-17,15051,2026-04-17,SCHEDULED,120,2.0
2026-04-18T05:15:33Z,0566812026-04-17,05668,2026-04-17,SCHEDULED,300,5.0
2026-04-18T05:15:33Z,1577212026-04-17,15772,2026-04-17,SCHEDULED,1140,19.0
2026-04-18T05:15:33Z,1590212026-04-17,15902,2026-04-17,SCHEDULED,300,5.0
2026-04-18T05:15:33Z,1801012026-04-17,18010,2026-04-17,SCHEDULED,-60,-1.0
2026-04-18T05:15:33Z,1801022026-04-17,18010,2026-04-17,SCHEDULED,-60,-1.0
2026-04-18T05:15:33Z,1801032026-04-17,18010,2026-04-17,SCHEDULED,-60,-1.0
2026-04-18T05:15:33Z,0576312026-04-17,05763,2026-04-17,SCHEDULED,-60,-1.0
2026-04-18T05:15:33Z,0576322026-04-17,05763,2026-04-17,SCHEDULED,-60,-1.0
2026-04-18T05:15:33Z,0576332026-04-17,05763,2026-04-17,SCHEDULED,-60,-1.0
2026-04-18T05:15:33Z,0587112026-04-17,05871,2026-04-17,SCHEDULED,360,6.0
2026-04-18T05:15:33Z,1702112026-04-17,17021,2026-04-17,SCHEDULED,120,2.0
2026-04-18T05:15:33Z,1722712026-04-17,17227,2026-04-17,SCHEDULED,240,4.0
2026-04-18T05:15:33Z,0847512026-04-17,08475,2026-04-17,SCHEDULED,300,5.0
2026-04-18T05:15:33Z,1770312026-04-17,17703,2026-04-17,SCHEDULED,-60,-1.0
2026-04-18T05:15:33Z,1805412026-04-17,18054,2026-04-17,SCHEDULED,300,5.0
2026-04-18T05:15:33Z,0907222026-04-17,09072,2026-04-17,SCHEDULED,-120,-2.0
2026-04-18T05:15:33Z,0907212026-04-17,09072,2026-04-17,SCHEDULED,-120,-2.0
2026-04-18T05:15:33Z,1807112026-04-17,18071,2026-04-17,SCHEDULED,-60,-1.0
2026-04-18T05:15:33Z,0907312026-04-17,09073,2026-04-17,SCHEDULED,60,1.0
2026-04-18T05:15:33Z,1806612026-04-17,18066,2026-04-17,SCHEDULED,120,2.0
2026-04-18T05:15:33Z,1093012026-04-18,10930,2026-04-18,SCHEDULED,660,11.0
2026-04-18T05:15:33Z,1812012026-04-17,18120,2026-04-17,SCHEDULED,240,4.0
2026-04-18T05:15:33Z,1812112026-04-17,18121,2026-04-17,SCHEDULED,60,1.0
2026-04-18T05:15:33Z,1261312026-04-17,12613,2026-04-17,SCHEDULED,180,3.0
2026-04-18T05:15:33Z,1833122026-04-17,18331,2026-04-17,SCHEDULED,60,1.0
2026-04-18T05:15:33Z,1833112026-04-17,18331,2026-04-17,SCHEDULED,60,1.0
2026-04-18T05:15:33Z,1261112026-04-17,12611,2026-04-17,SCHEDULED,480,8.0
2026-04-18T05:15:33Z,1891012026-04-17,18910,2026-04-17,SCHEDULED,420,7.0
2026-04-18T05:15:33Z,1505012026-04-17,15050,2026-04-17,SCHEDULED,60,1.0
2026-04-18T05:15:33Z,1300322026-04-17,13003,2026-04-17,SCHEDULED,60,1.0
2026-04-18T05:15:33Z,1300312026-04-17,13003,2026-04-17,SCHEDULED,60,1.0
2026-04-18T05:15:33Z,1304112026-04-17,13041,2026-04-17,SCHEDULED,360,6.0
2026-04-18T05:15:33Z,1248012026-04-17,12480,2026-04-17,SCHEDULED,180,3.0
2026-04-18T05:15:33Z,1395112026-04-17,13951,2026-04-17,SCHEDULED,120,2.0
2026-04-18T05:15:33Z,3586912026-04-17,35869,2026-04-17,SCHEDULED,900,15.0
2026-04-18T05:15:33Z,0053322026-04-18,00533,2026-04-18,SCHEDULED,180,3.0
2026-04-18T05:15:33Z,0053312026-04-18,00533,2026-04-18,SCHEDULED,180,3.0
2026-04-18T05:15:33Z,3460912026-04-17,34609,2026-04-17,SCHEDULED,120,2.0
2026-04-18T05:15:33Z,0107212026-04-18,01072,2026-04-18,SCHEDULED,420,7.0
2026-04-18T05:15:33Z,0109212026-04-17,01092,2026-04-17,SCHEDULED,-180,-3.0
2026-04-18T05:15:33Z,0206112026-04-17,02061,2026-04-17,SCHEDULED,240,4.0
2026-04-18T05:15:33Z,1580412026-04-17,15804,2026-04-17,SCHEDULED,780,13.0
2026-04-18T05:15:33Z,1580612026-04-17,15806,2026-04-17,SCHEDULED,540,9.0
2026-04-18T05:15:33Z,0207512026-04-18,02075,2026-04-18,SCHEDULED,180,3.0
2026-04-18T05:15:33Z,0207712026-04-17,02077,2026-04-17,SCHEDULED,-60,-1.0
2026-04-18T05:15:33Z,0306242026-04-17,03062,2026-04-17,SCHEDULED,180,3.0
2026-04-18T05:15:33Z,0306232026-04-17,03062,2026-04-17,SCHEDULED,180,3.0
2026-04-18T05:15:33Z,0306212026-04-17,03062,2026-04-17,SCHEDULED,180,3.0
2026-04-18T05:15:33Z,0306222026-04-17,03062,2026-04-17,SCHEDULED,180,3.0
2026-04-18T05:15:33Z,0306242026-04-17,03062,2026-04-17,SCHEDULED,360,6.0
2026-04-18T05:15:33Z,0306232026-04-17,03062,2026-04-17,SCHEDULED,360,6.0
2026-04-18T05:15:33Z,0306212026-04-17,03062,2026-04-17,SCHEDULED,360,6.0
2026-04-18T05:15:33Z,0306222026-04-17,03062,2026-04-17,SCHEDULED,360,6.0
2026-04-18T05:15:33Z,0331112026-04-17,03311,2026-04-17,SCHEDULED,60,1.0
2026-04-18T05:15:33Z,0418642026-04-18,04186,2026-04-18,SCHEDULED,780,13.0
2026-04-18T05:15:33Z,0418632026-04-18,04186,2026-04-18,SCHEDULED,780,13.0
2026-04-18T05:15:33Z,0418612026-04-18,04186,2026-04-18,SCHEDULED,780,13.0
2026-04-18T05:15:33Z,0418622026-04-18,04186,2026-04-18,SCHEDULED,780,13.0
2026-04-18T05:15:33Z,0408812026-04-18,04088,2026-04-18,SCHEDULED,60,1.0
2026-04-18T05:15:33Z,0408822026-04-18,04088,2026-04-18,SCHEDULED,60,1.0
2026-04-18T05:15:33Z,0408832026-04-18,04088,2026-04-18,SCHEDULED,60,1.0
2026-04-18T05:15:33Z,0407222026-04-18,04072,2026-04-18,SCHEDULED,60,1.0
2026-04-18T05:15:33Z,0407212026-04-18,04072,2026-04-18,SCHEDULED,60,1.0
2026-04-18T05:15:33Z,0415422026-04-17,04154,2026-04-17,SCHEDULED,360,6.0
2026-04-18T05:15:33Z,0415412026-04-17,04154,2026-04-17,SCHEDULED,360,6.0
2026-04-18T05:15:33Z,1806612026-04-17,18066,2026-04-17,CANCELED,,
2026-04-18T05:15:33Z,1563322026-04-17,15633,2026-04-17,CANCELED,,
2026-04-18T05:15:33Z,1563312026-04-17,15633,2026-04-17,CANCELED,,
2026-04-18T05:15:33Z,1720012026-04-17,17200,2026-04-17,CANCELED,,
2026-04-18T05:15:33Z,3820912026-04-17,38209,2026-04-17,CANCELED,,
2026-04-18T05:15:33Z,3820012026-04-17,38200,2026-04-17,CANCELED,,
2026-04-18T05:15:33Z,1800912026-04-17,18009,2026-04-17,CANCELED,,
2026-04-18T05:15:33Z,0116212026-04-17,01162,2026-04-17,CANCELED,,
2026-04-18T05:15:33Z,7182012026-04-17,71820,2026-04-17,CANCELED,,
2026-04-18T05:15:33Z,0819912026-04-17,08199,2026-04-17,CANCELED,,
2026-04-18T05:15:33Z,7183312026-04-17,71833,2026-04-17,CANCELED,,
2026-04-18T05:15:33Z,1262312026-04-17,12623,2026-04-17,CANCELED,,
2026-04-18T05:20:32Z,1390012026-04-17,13900,2026-04-17,SCHEDULED,-120,-2.0
2026-04-18T05:20:32Z,0506422026-04-17,05064,2026-04-17,SCHEDULED,120,2.0
2026-04-18T05:20:32Z,0506412026-04-17,05064,2026-04-17,SCHEDULED,120,2.0
2026-04-18T05:20:32Z,1390112026-04-17,13901,2026-04-17,SCHEDULED,-420,-7.0
2026-04-18T05:20:32Z,0507212026-04-17,05072,2026-04-17,SCHEDULED,180,3.0
2026-04-18T05:20:32Z,1412362026-04-17,14123,2026-04-17,SCHEDULED,300,5.0
2026-04-18T05:20:32Z,1412342026-04-17,14123,2026-04-17,SCHEDULED,300,5.0
2026-04-18T05:20:32Z,1412352026-04-17,14123,2026-04-17,SCHEDULED,300,5.0
2026-04-18T05:20:32Z,1412312026-04-17,14123,2026-04-17,SCHEDULED,300,5.0
2026-04-18T05:20:32Z,1412332026-04-17,14123,2026-04-17,SCHEDULED,300,5.0
2026-04-18T05:20:32Z,1412322026-04-17,14123,2026-04-17,SCHEDULED,300,5.0
2026-04-18T05:20:32Z,0508042026-04-17,05080,2026-04-17,SCHEDULED,60,1.0
2026-04-18T05:20:32Z,0508032026-04-17,05080,2026-04-17,SCHEDULED,60,1.0
2026-04-18T05:20:32Z,0508012026-04-17,05080,2026-04-17,SCHEDULED,60,1.0
2026-04-18T05:20:32Z,0508022026-04-17,05080,2026-04-17,SCHEDULED,60,1.0
2026-04-18T05:20:32Z,1503212026-04-17,15032,2026-04-17,SCHEDULED,-60,-1.0
2026-04-18T05:20:32Z,0566812026-04-17,05668,2026-04-17,SCHEDULED,300,5.0
2026-04-18T05:20:32Z,1504012026-04-17,15040,2026-04-17,SCHEDULED,60,1.0
2026-04-18T05:20:32Z,1505112026-04-17,15051,2026-04-17,SCHEDULED,120,2.0
2026-04-18T05:20:32Z,1564812026-04-17,15648,2026-04-17,SCHEDULED,-60,-1.0
2026-04-18T05:20:32Z,0576312026-04-17,05763,2026-04-17,SCHEDULED,-60,-1.0
2026-04-18T05:20:32Z,0576322026-04-17,05763,2026-04-17,SCHEDULED,-60,-1.0
2026-04-18T05:20:32Z,0576332026-04-17,05763,2026-04-17,SCHEDULED,-60,-1.0
2026-04-18T05:20:32Z,1577212026-04-17,15772,2026-04-17,SCHEDULED,1200,20.0
2026-04-18T05:20:32Z,0587112026-04-17,05871,2026-04-17,SCHEDULED,360,6.0
2026-04-18T05:20:32Z,0847512026-04-17,08475,2026-04-17,SCHEDULED,240,4.0
2026-04-18T05:20:32Z,1590212026-04-17,15902,2026-04-17,SCHEDULED,180,3.0
2026-04-18T05:20:32Z,0907222026-04-17,09072,2026-04-17,SCHEDULED,-120,-2.0
2026-04-18T05:20:32Z,0907212026-04-17,09072,2026-04-17,SCHEDULED,-120,-2.0
2026-04-18T05:20:32Z,0907312026-04-17,09073,2026-04-17,SCHEDULED,60,1.0
2026-04-18T05:20:32Z,1093012026-04-18,10930,2026-04-18,SCHEDULED,660,11.0
2026-04-18T05:20:32Z,1261312026-04-17,12613,2026-04-17,SCHEDULED,120,2.0
2026-04-18T05:20:32Z,1261112026-04-17,12611,2026-04-17,SCHEDULED,540,9.0
2026-04-18T05:20:32Z,1702112026-04-17,17021,2026-04-17,SCHEDULED,120,2.0
2026-04-18T05:20:32Z,1264412026-04-17,12644,2026-04-17,SCHEDULED,60,1.0
2026-04-18T05:20:32Z,1722712026-04-17,17227,2026-04-17,SCHEDULED,180,3.0
2026-04-18T05:20:32Z,1300322026-04-17,13003,2026-04-17,SCHEDULED,60,1.0
2026-04-18T05:20:32Z,1300312026-04-17,13003,2026-04-17,SCHEDULED,60,1.0
2026-04-18T05:20:32Z,1304112026-04-17,13041,2026-04-17,SCHEDULED,300,5.0
2026-04-18T05:20:32Z,1770312026-04-17,17703,2026-04-17,SCHEDULED,60,1.0
2026-04-18T05:20:32Z,1395112026-04-17,13951,2026-04-17,SCHEDULED,120,2.0
2026-04-18T05:20:32Z,1805412026-04-17,18054,2026-04-17,SCHEDULED,300,5.0
2026-04-18T05:20:32Z,1807112026-04-17,18071,2026-04-17,SCHEDULED,-180,-3.0
2026-04-18T05:20:32Z,0053322026-04-18,00533,2026-04-18,SCHEDULED,300,5.0
2026-04-18T05:20:32Z,0053312026-04-18,00533,2026-04-18,SCHEDULED,300,5.0
2026-04-18T05:20:32Z,3460912026-04-17,34609,2026-04-17,SCHEDULED,60,1.0
2026-04-18T05:20:32Z,0107212026-04-18,01072,2026-04-18,SCHEDULED,540,9.0
2026-04-18T05:20:32Z,0109212026-04-17,01092,2026-04-17,SCHEDULED,-120,-2.0
2026-04-18T05:20:32Z,0206112026-04-17,02061,2026-04-17,SCHEDULED,240,4.0
2026-04-18T05:20:32Z,0207012026-04-17,02070,2026-04-17,SCHEDULED,540,9.0
2026-04-18T05:20:32Z,1806612026-04-17,18066,2026-04-17,SCHEDULED,120,2.0
2026-04-18T05:20:32Z,1812012026-04-17,18120,2026-04-17,SCHEDULED,300,5.0
2026-04-18T05:20:32Z,0207512026-04-18,02075,2026-04-18,SCHEDULED,60,1.0
2026-04-18T05:20:32Z,1833122026-04-17,18331,2026-04-17,SCHEDULED,60,1.0
2026-04-18T05:20:32Z,1833112026-04-17,18331,2026-04-17,SCHEDULED,60,1.0
2026-04-18T05:20:32Z,0306242026-04-17,03062,2026-04-17,SCHEDULED,180,3.0
2026-04-18T05:20:32Z,0306232026-04-17,03062,2026-04-17,SCHEDULED,180,3.0
2026-04-18T05:20:32Z,0306212026-04-17,03062,2026-04-17,SCHEDULED,180,3.0
2026-04-18T05:20:32Z,0306222026-04-17,03062,2026-04-17,SCHEDULED,180,3.0
2026-04-18T05:20:32Z,1891012026-04-17,18910,2026-04-17,SCHEDULED,420,7.0
2026-04-18T05:20:32Z,1505012026-04-17,15050,2026-04-17,SCHEDULED,120,2.0
2026-04-18T05:20:32Z,0306242026-04-17,03062,2026-04-17,SCHEDULED,360,6.0
2026-04-18T05:20:32Z,0306232026-04-17,03062,2026-04-17,SCHEDULED,360,6.0
2026-04-18T05:20:32Z,0306212026-04-17,03062,2026-04-17,SCHEDULED,360,6.0
2026-04-18T05:20:32Z,0306222026-04-17,03062,2026-04-17,SCHEDULED,360,6.0
2026-04-18T05:20:32Z,1600012026-04-17,16000,2026-04-17,SCHEDULED,60,1.0
2026-04-18T05:20:32Z,0331112026-04-17,03311,2026-04-17,SCHEDULED,60,1.0
2026-04-18T05:20:32Z,1248012026-04-17,12480,2026-04-17,SCHEDULED,240,4.0
2026-04-18T05:20:32Z,3586912026-04-17,35869,2026-04-17,SCHEDULED,900,15.0
2026-04-18T05:20:32Z,0418642026-04-18,04186,2026-04-18,SCHEDULED,780,13.0
2026-04-18T05:20:32Z,0418632026-04-18,04186,2026-04-18,SCHEDULED,780,13.0
2026-04-18T05:20:32Z,0418612026-04-18,04186,2026-04-18,SCHEDULED,780,13.0
2026-04-18T05:20:32Z,0418622026-04-18,04186,2026-04-18,SCHEDULED,780,13.0
2026-04-18T05:20:32Z,0407222026-04-18,04072,2026-04-18,SCHEDULED,180,3.0
2026-04-18T05:20:32Z,0407212026-04-18,04072,2026-04-18,SCHEDULED,180,3.0
2026-04-18T05:20:32Z,3505422026-04-17,35054,2026-04-17,SCHEDULED,300,5.0
2026-04-18T05:20:32Z,3505412026-04-17,35054,2026-04-17,SCHEDULED,300,5.0
2026-04-18T05:20:32Z,0415422026-04-17,04154,2026-04-17,SCHEDULED,360,6.0
2026-04-18T05:20:32Z,0415412026-04-17,04154,2026-04-17,SCHEDULED,360,6.0
2026-04-18T05:20:32Z,0446412026-04-17,04464,2026-04-17,SCHEDULED,240,4.0
2026-04-18T05:20:32Z,1580412026-04-17,15804,2026-04-17,SCHEDULED,780,13.0
2026-04-18T05:20:32Z,1580612026-04-17,15806,2026-04-17,SCHEDULED,540,9.0
2026-04-18T05:20:32Z,1806612026-04-17,18066,2026-04-17,CANCELED,,
2026-04-18T05:20:32Z,1563322026-04-17,15633,2026-04-17,CANCELED,,
2026-04-18T05:20:32Z,1563312026-04-17,15633,2026-04-17,CANCELED,,
2026-04-18T05:20:32Z,3820912026-04-17,38209,2026-04-17,CANCELED,,
2026-04-18T05:20:32Z,1800912026-04-17,18009,2026-04-17,CANCELED,,
2026-04-18T05:20:32Z,1720012026-04-17,17200,2026-04-17,CANCELED,,
2026-04-18T05:20:32Z,7182012026-04-17,71820,2026-04-17,CANCELED,,
2026-04-18T05:20:32Z,3820012026-04-17,38200,2026-04-17,CANCELED,,
2026-04-18T05:20:32Z,7183312026-04-17,71833,2026-04-17,CANCELED,,
2026-04-18T05:20:32Z,0116212026-04-17,01162,2026-04-17,CANCELED,,
2026-04-18T05:20:32Z,1262312026-04-17,12623,2026-04-17,CANCELED,,
2026-04-18T05:20:32Z,0819912026-04-17,08199,2026-04-17,CANCELED,,
2026-04-18T05:25:27Z,0446412026-04-17,04464,2026-04-17,SCHEDULED,240,4.0
2026-04-18T05:25:27Z,1395112026-04-17,13951,2026-04-17,SCHEDULED,120,2.0
2026-04-18T05:25:27Z,0436422026-04-17,04364,2026-04-17,SCHEDULED,120,2.0
2026-04-18T05:25:27Z,0436412026-04-17,04364,2026-04-17,SCHEDULED,120,2.0
2026-04-18T05:25:27Z,1320312026-04-17,13203,2026-04-17,SCHEDULED,-60,-1.0
2026-04-18T05:25:27Z,0506422026-04-17,05064,2026-04-17,SCHEDULED,180,3.0
2026-04-18T05:25:27Z,0506412026-04-17,05064,2026-04-17,SCHEDULED,180,3.0
2026-04-18T05:25:27Z,1390012026-04-17,13900,2026-04-17,SCHEDULED,60,1.0
2026-04-18T05:25:27Z,0507212026-04-17,05072,2026-04-17,SCHEDULED,180,3.0
2026-04-18T05:25:27Z,1390112026-04-17,13901,2026-04-17,SCHEDULED,-480,-8.0
2026-04-18T05:25:27Z,0508042026-04-17,05080,2026-04-17,SCHEDULED,180,3.0
2026-04-18T05:25:27Z,0508032026-04-17,05080,2026-04-17,SCHEDULED,180,3.0
2026-04-18T05:25:27Z,0508012026-04-17,05080,2026-04-17,SCHEDULED,180,3.0
2026-04-18T05:25:27Z,0508022026-04-17,05080,2026-04-17,SCHEDULED,180,3.0
2026-04-18T05:25:27Z,0566812026-04-17,05668,2026-04-17,SCHEDULED,240,4.0
2026-04-18T05:25:27Z,0576312026-04-17,05763,2026-04-17,SCHEDULED,-180,-3.0
2026-04-18T05:25:27Z,0576322026-04-17,05763,2026-04-17,SCHEDULED,-180,-3.0
2026-04-18T05:25:27Z,0576332026-04-17,05763,2026-04-17,SCHEDULED,-180,-3.0
2026-04-18T05:25:27Z,1412362026-04-17,14123,2026-04-17,SCHEDULED,600,10.0
2026-04-18T05:25:27Z,1412342026-04-17,14123,2026-04-17,SCHEDULED,600,10.0
2026-04-18T05:25:27Z,1412352026-04-17,14123,2026-04-17,SCHEDULED,600,10.0
2026-04-18T05:25:27Z,1412312026-04-17,14123,2026-04-17,SCHEDULED,600,10.0
2026-04-18T05:25:27Z,1412332026-04-17,14123,2026-04-17,SCHEDULED,600,10.0
2026-04-18T05:25:27Z,1412322026-04-17,14123,2026-04-17,SCHEDULED,600,10.0
2026-04-18T05:25:27Z,0587112026-04-17,05871,2026-04-17,SCHEDULED,360,6.0
2026-04-18T05:25:27Z,0847512026-04-17,08475,2026-04-17,SCHEDULED,240,4.0
2026-04-18T05:25:27Z,0907222026-04-17,09072,2026-04-17,SCHEDULED,-60,-1.0
2026-04-18T05:25:27Z,0907212026-04-17,09072,2026-04-17,SCHEDULED,-60,-1.0
2026-04-18T05:25:27Z,1503212026-04-17,15032,2026-04-17,SCHEDULED,-60,-1.0
2026-04-18T05:25:27Z,0907312026-04-17,09073,2026-04-17,SCHEDULED,60,1.0
2026-04-18T05:25:27Z,1504012026-04-17,15040,2026-04-17,SCHEDULED,60,1.0
2026-04-18T05:25:27Z,1505112026-04-17,15051,2026-04-17,SCHEDULED,240,4.0
2026-04-18T05:25:27Z,1093012026-04-18,10930,2026-04-18,SCHEDULED,540,9.0
2026-04-18T05:25:27Z,1564812026-04-17,15648,2026-04-17,SCHEDULED,-60,-1.0
2026-04-18T05:25:27Z,1577212026-04-17,15772,2026-04-17,SCHEDULED,1140,19.0
2026-04-18T05:25:27Z,1210112026-04-17,12101,2026-04-17,SCHEDULED,-60,-1.0
2026-04-18T05:25:27Z,1210122026-04-17,12101,2026-04-17,SCHEDULED,-60,-1.0
2026-04-18T05:25:27Z,1210142026-04-17,12101,2026-04-17,SCHEDULED,-60,-1.0
2026-04-18T05:25:27Z,1261312026-04-17,12613,2026-04-17,SCHEDULED,180,3.0
2026-04-18T05:25:27Z,1261112026-04-17,12611,2026-04-17,SCHEDULED,540,9.0
2026-04-18T05:25:27Z,1590212026-04-17,15902,2026-04-17,SCHEDULED,180,3.0
2026-04-18T05:25:27Z,1264412026-04-17,12644,2026-04-17,SCHEDULED,60,1.0
2026-04-18T05:25:27Z,1601812026-04-17,16018,2026-04-17,SCHEDULED,-60,-1.0
2026-04-18T05:25:27Z,1702112026-04-17,17021,2026-04-17,SCHEDULED,120,2.0
2026-04-18T05:25:27Z,1722712026-04-17,17227,2026-04-17,SCHEDULED,120,2.0
2026-04-18T05:25:27Z,1300322026-04-17,13003,2026-04-17,SCHEDULED,180,3.0
2026-04-18T05:25:27Z,1300312026-04-17,13003,2026-04-17,SCHEDULED,180,3.0
2026-04-18T05:25:27Z,1600012026-04-17,16000,2026-04-17,SCHEDULED,60,1.0
2026-04-18T05:25:27Z,1304112026-04-17,13041,2026-04-17,SCHEDULED,300,5.0
2026-04-18T05:25:27Z,1248012026-04-17,12480,2026-04-17,SCHEDULED,240,4.0
2026-04-18T05:25:27Z,3586912026-04-17,35869,2026-04-17,SCHEDULED,1080,18.0
2026-04-18T05:25:27Z,0053322026-04-18,00533,2026-04-18,SCHEDULED,300,5.0
2026-04-18T05:25:27Z,0053312026-04-18,00533,2026-04-18,SCHEDULED,300,5.0
2026-04-18T05:25:27Z,0107212026-04-18,01072,2026-04-18,SCHEDULED,480,8.0
2026-04-18T05:25:27Z,0109212026-04-17,01092,2026-04-17,SCHEDULED,-60,-1.0
2026-04-18T05:25:27Z,0206112026-04-17,02061,2026-04-17,SCHEDULED,240,4.0
2026-04-18T05:25:27Z,3505422026-04-17,35054,2026-04-17,SCHEDULED,240,4.0
2026-04-18T05:25:27Z,3505412026-04-17,35054,2026-04-17,SCHEDULED,240,4.0
2026-04-18T05:25:27Z,0207012026-04-17,02070,2026-04-17,SCHEDULED,540,9.0
2026-04-18T05:25:27Z,0207412026-04-18,02074,2026-04-18,SCHEDULED,480,8.0
2026-04-18T05:25:27Z,1580412026-04-17,15804,2026-04-17,SCHEDULED,780,13.0
2026-04-18T05:25:27Z,0207512026-04-18,02075,2026-04-18,SCHEDULED,60,1.0
2026-04-18T05:25:27Z,1580612026-04-17,15806,2026-04-17,SCHEDULED,540,9.0
2026-04-18T05:25:27Z,0207612026-04-17,02076,2026-04-17,SCHEDULED,240,4.0
2026-04-18T05:25:27Z,1805412026-04-17,18054,2026-04-17,SCHEDULED,240,4.0
2026-04-18T05:25:27Z,0207712026-04-17,02077,2026-04-17,SCHEDULED,60,1.0
2026-04-18T05:25:27Z,1807112026-04-17,18071,2026-04-17,SCHEDULED,-180,-3.0
2026-04-18T05:25:27Z,0306242026-04-17,03062,2026-04-17,SCHEDULED,120,2.0
2026-04-18T05:25:27Z,0306232026-04-17,03062,2026-04-17,SCHEDULED,120,2.0
2026-04-18T05:25:27Z,0306212026-04-17,03062,2026-04-17,SCHEDULED,120,2.0
2026-04-18T05:25:27Z,0306222026-04-17,03062,2026-04-17,SCHEDULED,120,2.0
2026-04-18T05:25:27Z,1806612026-04-17,18066,2026-04-17,SCHEDULED,60,1.0
2026-04-18T05:25:27Z,1812012026-04-17,18120,2026-04-17,SCHEDULED,300,5.0
2026-04-18T05:25:27Z,0306242026-04-17,03062,2026-04-17,SCHEDULED,300,5.0
2026-04-18T05:25:27Z,0306232026-04-17,03062,2026-04-17,SCHEDULED,300,5.0
2026-04-18T05:25:27Z,0306212026-04-17,03062,2026-04-17,SCHEDULED,300,5.0
2026-04-18T05:25:27Z,0306222026-04-17,03062,2026-04-17,SCHEDULED,300,5.0
2026-04-18T05:25:27Z,1812112026-04-17,18121,2026-04-17,SCHEDULED,-60,-1.0
2026-04-18T05:25:27Z,0331112026-04-17,03311,2026-04-17,SCHEDULED,180,3.0
2026-04-18T05:25:27Z,0418642026-04-18,04186,2026-04-18,SCHEDULED,900,15.0
2026-04-18T05:25:27Z,0418632026-04-18,04186,2026-04-18,SCHEDULED,900,15.0
2026-04-18T05:25:27Z,0418612026-04-18,04186,2026-04-18,SCHEDULED,900,15.0
2026-04-18T05:25:27Z,0418622026-04-18,04186,2026-04-18,SCHEDULED,900,15.0
2026-04-18T05:25:27Z,1833122026-04-17,18331,2026-04-17,SCHEDULED,60,1.0
2026-04-18T05:25:27Z,1833112026-04-17,18331,2026-04-17,SCHEDULED,60,1.0
2026-04-18T05:25:27Z,1891012026-04-17,18910,2026-04-17,SCHEDULED,480,8.0
2026-04-18T05:25:27Z,0408812026-04-18,04088,2026-04-18,SCHEDULED,-120,-2.0
2026-04-18T05:25:27Z,0408822026-04-18,04088,2026-04-18,SCHEDULED,-120,-2.0
2026-04-18T05:25:27Z,0408832026-04-18,04088,2026-04-18,SCHEDULED,-120,-2.0
2026-04-18T05:25:27Z,1505012026-04-17,15050,2026-04-17,SCHEDULED,120,2.0
2026-04-18T05:25:27Z,0407222026-04-18,04072,2026-04-18,SCHEDULED,180,3.0
2026-04-18T05:25:27Z,0407212026-04-18,04072,2026-04-18,SCHEDULED,180,3.0
2026-04-18T05:25:27Z,0447512026-04-17,04475,2026-04-17,SCHEDULED,360,6.0
2026-04-18T05:25:27Z,0415422026-04-17,04154,2026-04-17,SCHEDULED,360,6.0
2026-04-18T05:25:27Z,0415412026-04-17,04154,2026-04-17,SCHEDULED,360,6.0
2026-04-18T05:25:27Z,1806612026-04-17,18066,2026-04-17,CANCELED,,
2026-04-18T05:25:27Z,1563322026-04-17,15633,2026-04-17,CANCELED,,
2026-04-18T05:25:27Z,1563312026-04-17,15633,2026-04-17,CANCELED,,
2026-04-18T05:25:27Z,3820912026-04-17,38209,2026-04-17,CANCELED,,
2026-04-18T05:25:27Z,1720012026-04-17,17200,2026-04-17,CANCELED,,
2026-04-18T05:25:27Z,3820012026-04-17,38200,2026-04-17,CANCELED,,
2026-04-18T05:25:27Z,0116212026-04-17,01162,2026-04-17,CANCELED,,
2026-04-18T05:25:27Z,0819912026-04-17,08199,2026-04-17,CANCELED,,
2026-04-18T05:25:27Z,1800912026-04-17,18009,2026-04-17,CANCELED,,
2026-04-18T05:25:27Z,7182012026-04-17,71820,2026-04-17,CANCELED,,
2026-04-18T05:25:27Z,1262312026-04-17,12623,2026-04-17,CANCELED,,
2026-04-18T05:25:27Z,7183312026-04-17,71833,2026-04-17,CANCELED,,
2026-04-18T05:30:40Z,1300322026-04-17,13003,2026-04-17,SCHEDULED,180,3.0
2026-04-18T05:30:40Z,1300312026-04-17,13003,2026-04-17,SCHEDULED,180,3.0
2026-04-18T05:30:40Z,0415422026-04-17,04154,2026-04-17,SCHEDULED,360,6.0
2026-04-18T05:30:40Z,0415412026-04-17,04154,2026-04-17,SCHEDULED,360,6.0
2026-04-18T05:30:40Z,0446412026-04-17,04464,2026-04-17,SCHEDULED,540,9.0
2026-04-18T05:30:40Z,1304112026-04-17,13041,2026-04-17,SCHEDULED,360,6.0
2026-04-18T05:30:40Z,1395112026-04-17,13951,2026-04-17,SCHEDULED,120,2.0
2026-04-18T05:30:40Z,1320312026-04-17,13203,2026-04-17,SCHEDULED,-60,-1.0
2026-04-18T05:30:40Z,0436422026-04-17,04364,2026-04-17,SCHEDULED,120,2.0
2026-04-18T05:30:40Z,0436412026-04-17,04364,2026-04-17,SCHEDULED,120,2.0
2026-04-18T05:30:40Z,1390012026-04-17,13900,2026-04-17,SCHEDULED,60,1.0
2026-04-18T05:30:40Z,1390112026-04-17,13901,2026-04-17,SCHEDULED,-480,-8.0
2026-04-18T05:30:40Z,0506422026-04-17,05064,2026-04-17,SCHEDULED,180,3.0
2026-04-18T05:30:40Z,0506412026-04-17,05064,2026-04-17,SCHEDULED,180,3.0
2026-04-18T05:30:40Z,0507212026-04-17,05072,2026-04-17,SCHEDULED,240,4.0
2026-04-18T05:30:40Z,0527322026-04-17,05273,2026-04-17,SCHEDULED,180,3.0
2026-04-18T05:30:40Z,0527312026-04-17,05273,2026-04-17,SCHEDULED,180,3.0
2026-04-18T05:30:40Z,1412362026-04-17,14123,2026-04-17,SCHEDULED,600,10.0
2026-04-18T05:30:40Z,1412342026-04-17,14123,2026-04-17,SCHEDULED,600,10.0
2026-04-18T05:30:40Z,1412352026-04-17,14123,2026-04-17,SCHEDULED,600,10.0
2026-04-18T05:30:40Z,1412312026-04-17,14123,2026-04-17,SCHEDULED,600,10.0
2026-04-18T05:30:40Z,1412332026-04-17,14123,2026-04-17,SCHEDULED,600,10.0
2026-04-18T05:30:40Z,1412322026-04-17,14123,2026-04-17,SCHEDULED,600,10.0
2026-04-18T05:30:40Z,1503112026-04-17,15031,2026-04-17,SCHEDULED,60,1.0
2026-04-18T05:30:40Z,1503212026-04-17,15032,2026-04-17,SCHEDULED,-60,-1.0
2026-04-18T05:30:40Z,0508042026-04-17,05080,2026-04-17,SCHEDULED,120,2.0
2026-04-18T05:30:40Z,0508032026-04-17,05080,2026-04-17,SCHEDULED,120,2.0
2026-04-18T05:30:40Z,0508012026-04-17,05080,2026-04-17,SCHEDULED,120,2.0
2026-04-18T05:30:40Z,0508022026-04-17,05080,2026-04-17,SCHEDULED,120,2.0
2026-04-18T05:30:40Z,0566812026-04-17,05668,2026-04-17,SCHEDULED,360,6.0
2026-04-18T05:30:40Z,1505112026-04-17,15051,2026-04-17,SCHEDULED,240,4.0
2026-04-18T05:30:40Z,0576312026-04-17,05763,2026-04-17,SCHEDULED,-180,-3.0
2026-04-18T05:30:40Z,0576322026-04-17,05763,2026-04-17,SCHEDULED,-180,-3.0
2026-04-18T05:30:40Z,0576332026-04-17,05763,2026-04-17,SCHEDULED,-180,-3.0
2026-04-18T05:30:40Z,1564812026-04-17,15648,2026-04-17,SCHEDULED,-60,-1.0
2026-04-18T05:30:40Z,0587112026-04-17,05871,2026-04-17,SCHEDULED,300,5.0
2026-04-18T05:30:40Z,1577212026-04-17,15772,2026-04-17,SCHEDULED,1200,20.0
2026-04-18T05:30:40Z,0847512026-04-17,08475,2026-04-17,SCHEDULED,300,5.0
2026-04-18T05:30:40Z,1585012026-04-17,15850,2026-04-17,SCHEDULED,60,1.0
2026-04-18T05:30:40Z,1590212026-04-17,15902,2026-04-17,SCHEDULED,120,2.0
2026-04-18T05:30:40Z,0907312026-04-17,09073,2026-04-17,SCHEDULED,60,1.0
2026-04-18T05:30:40Z,1601812026-04-17,16018,2026-04-17,SCHEDULED,-60,-1.0
2026-04-18T05:30:40Z,0063142026-04-18,00631,2026-04-18,SCHEDULED,120,2.0
2026-04-18T05:30:40Z,0063132026-04-18,00631,2026-04-18,SCHEDULED,120,2.0
2026-04-18T05:30:40Z,0063112026-04-18,00631,2026-04-18,SCHEDULED,120,2.0
2026-04-18T05:30:40Z,0063122026-04-18,00631,2026-04-18,SCHEDULED,120,2.0
2026-04-18T05:30:40Z,1702112026-04-17,17021,2026-04-17,SCHEDULED,180,3.0
2026-04-18T05:30:40Z,1093012026-04-18,10930,2026-04-18,SCHEDULED,540,9.0
2026-04-18T05:30:40Z,1722712026-04-17,17227,2026-04-17,SCHEDULED,120,2.0
2026-04-18T05:30:40Z,1770312026-04-17,17703,2026-04-17,SCHEDULED,-120,-2.0
2026-04-18T05:30:40Z,1805412026-04-17,18054,2026-04-17,SCHEDULED,240,4.0
2026-04-18T05:30:40Z,1807112026-04-17,18071,2026-04-17,SCHEDULED,-360,-6.0
2026-04-18T05:30:40Z,1810042026-04-17,18100,2026-04-17,SCHEDULED,-120,-2.0
2026-04-18T05:30:40Z,1810032026-04-17,18100,2026-04-17,SCHEDULED,-120,-2.0
2026-04-18T05:30:40Z,1810012026-04-17,18100,2026-04-17,SCHEDULED,-120,-2.0
2026-04-18T05:30:40Z,1810022026-04-17,18100,2026-04-17,SCHEDULED,-120,-2.0
2026-04-18T05:30:40Z,1806612026-04-17,18066,2026-04-17,SCHEDULED,-60,-1.0
2026-04-18T05:30:40Z,1261112026-04-17,12611,2026-04-17,SCHEDULED,540,9.0
2026-04-18T05:30:40Z,1812112026-04-17,18121,2026-04-17,SCHEDULED,-60,-1.0
2026-04-18T05:30:40Z,1264412026-04-17,12644,2026-04-17,SCHEDULED,60,1.0
2026-04-18T05:30:40Z,1833122026-04-17,18331,2026-04-17,SCHEDULED,60,1.0
2026-04-18T05:30:40Z,1833112026-04-17,18331,2026-04-17,SCHEDULED,60,1.0
2026-04-18T05:30:40Z,0053322026-04-18,00533,2026-04-18,SCHEDULED,300,5.0
2026-04-18T05:30:40Z,0053312026-04-18,00533,2026-04-18,SCHEDULED,300,5.0
2026-04-18T05:30:40Z,1891012026-04-17,18910,2026-04-17,SCHEDULED,480,8.0
2026-04-18T05:30:40Z,1505012026-04-17,15050,2026-04-17,SCHEDULED,120,2.0
2026-04-18T05:30:40Z,0107212026-04-18,01072,2026-04-18,SCHEDULED,480,8.0
2026-04-18T05:30:40Z,1600012026-04-17,16000,2026-04-17,SCHEDULED,60,1.0
2026-04-18T05:30:40Z,1248012026-04-17,12480,2026-04-17,SCHEDULED,240,4.0
2026-04-18T05:30:40Z,0109212026-04-17,01092,2026-04-17,SCHEDULED,-60,-1.0
2026-04-18T05:30:40Z,0206112026-04-17,02061,2026-04-17,SCHEDULED,240,4.0
2026-04-18T05:30:40Z,1800212026-04-17,18002,2026-04-17,SCHEDULED,-60,-1.0
2026-04-18T05:30:40Z,1800222026-04-17,18002,2026-04-17,SCHEDULED,-60,-1.0
2026-04-18T05:30:40Z,1800242026-04-17,18002,2026-04-17,SCHEDULED,-60,-1.0
2026-04-18T05:30:40Z,0207012026-04-17,02070,2026-04-17,SCHEDULED,480,8.0
2026-04-18T05:30:40Z,3505422026-04-17,35054,2026-04-17,SCHEDULED,300,5.0
2026-04-18T05:30:40Z,3505412026-04-17,35054,2026-04-17,SCHEDULED,300,5.0
2026-04-18T05:30:40Z,0207412026-04-18,02074,2026-04-18,SCHEDULED,420,7.0
2026-04-18T05:30:40Z,0207512026-04-18,02075,2026-04-18,SCHEDULED,240,4.0
2026-04-18T05:30:40Z,7183012026-04-17,71830,2026-04-17,SCHEDULED,-60,-1.0
2026-04-18T05:30:40Z,1580412026-04-17,15804,2026-04-17,SCHEDULED,720,12.0
2026-04-18T05:30:40Z,0207612026-04-17,02076,2026-04-17,SCHEDULED,240,4.0
2026-04-18T05:30:40Z,1580612026-04-17,15806,2026-04-17,SCHEDULED,540,9.0
2026-04-18T05:30:40Z,0306242026-04-17,03062,2026-04-17,SCHEDULED,120,2.0
2026-04-18T05:30:40Z,0306232026-04-17,03062,2026-04-17,SCHEDULED,120,2.0
2026-04-18T05:30:40Z,0306212026-04-17,03062,2026-04-17,SCHEDULED,120,2.0
2026-04-18T05:30:40Z,0306222026-04-17,03062,2026-04-17,SCHEDULED,120,2.0
2026-04-18T05:30:40Z,0306242026-04-17,03062,2026-04-17,SCHEDULED,300,5.0
2026-04-18T05:30:40Z,0306232026-04-17,03062,2026-04-17,SCHEDULED,300,5.0
2026-04-18T05:30:40Z,0306212026-04-17,03062,2026-04-17,SCHEDULED,300,5.0
2026-04-18T05:30:40Z,0306222026-04-17,03062,2026-04-17,SCHEDULED,300,5.0
2026-04-18T05:30:40Z,0331112026-04-17,03311,2026-04-17,SCHEDULED,180,3.0
2026-04-18T05:30:40Z,0418642026-04-18,04186,2026-04-18,SCHEDULED,900,15.0
2026-04-18T05:30:40Z,0418632026-04-18,04186,2026-04-18,SCHEDULED,900,15.0
2026-04-18T05:30:40Z,0418612026-04-18,04186,2026-04-18,SCHEDULED,900,15.0
2026-04-18T05:30:40Z,0418622026-04-18,04186,2026-04-18,SCHEDULED,900,15.0
2026-04-18T05:30:40Z,0408712026-04-18,04087,2026-04-18,SCHEDULED,540,9.0
2026-04-18T05:30:40Z,0407222026-04-18,04072,2026-04-18,SCHEDULED,180,3.0
2026-04-18T05:30:40Z,0407212026-04-18,04072,2026-04-18,SCHEDULED,180,3.0
2026-04-18T05:30:40Z,0447512026-04-17,04475,2026-04-17,SCHEDULED,360,6.0
2026-04-18T05:30:40Z,1806612026-04-17,18066,2026-04-17,CANCELED,,
2026-04-18T05:30:40Z,1563322026-04-17,15633,2026-04-17,CANCELED,,
2026-04-18T05:30:40Z,1563312026-04-17,15633,2026-04-17,CANCELED,,
2026-04-18T05:30:40Z,3820912026-04-17,38209,2026-04-17,CANCELED,,
2026-04-18T05:30:40Z,1800912026-04-17,18009,2026-04-17,CANCELED,,
2026-04-18T05:30:40Z,1720012026-04-17,17200,2026-04-17,CANCELED,,
2026-04-18T05:30:40Z,7182012026-04-17,71820,2026-04-17,CANCELED,,
2026-04-18T05:30:40Z,3820012026-04-17,38200,2026-04-17,CANCELED,,
2026-04-18T05:30:40Z,7183312026-04-17,71833,2026-04-17,CANCELED,,
2026-04-18T05:30:40Z,0116212026-04-17,01162,2026-04-17,CANCELED,,
2026-04-18T05:30:40Z,1262312026-04-17,12623,2026-04-17,CANCELED,,
2026-04-18T05:30:40Z,0819912026-04-17,08199,2026-04-17,CANCELED,,
2026-04-18T05:40:29Z,0446412026-04-17,04464,2026-04-17,SCHEDULED,600,10.0
2026-04-18T05:40:29Z,1300322026-04-17,13003,2026-04-17,SCHEDULED,180,3.0
2026-04-18T05:40:29Z,1300312026-04-17,13003,2026-04-17,SCHEDULED,180,3.0
2026-04-18T05:40:29Z,0436422026-04-17,04364,2026-04-17,SCHEDULED,180,3.0
2026-04-18T05:40:29Z,0436412026-04-17,04364,2026-04-17,SCHEDULED,180,3.0
2026-04-18T05:40:29Z,1390012026-04-17,13900,2026-04-17,SCHEDULED,300,5.0
2026-04-18T05:40:29Z,0506422026-04-17,05064,2026-04-17,SCHEDULED,240,4.0
2026-04-18T05:40:29Z,0506412026-04-17,05064,2026-04-17,SCHEDULED,240,4.0
2026-04-18T05:40:29Z,1390112026-04-17,13901,2026-04-17,SCHEDULED,-420,-7.0
2026-04-18T05:40:29Z,0507212026-04-17,05072,2026-04-17,SCHEDULED,60,1.0
2026-04-18T05:40:29Z,0507512026-04-17,05075,2026-04-17,SCHEDULED,-60,-1.0
2026-04-18T05:40:29Z,0527322026-04-17,05273,2026-04-17,SCHEDULED,120,2.0
2026-04-18T05:40:29Z,0527312026-04-17,05273,2026-04-17,SCHEDULED,120,2.0
2026-04-18T05:40:29Z,1412362026-04-17,14123,2026-04-17,SCHEDULED,600,10.0
2026-04-18T05:40:29Z,1412342026-04-17,14123,2026-04-17,SCHEDULED,600,10.0
2026-04-18T05:40:29Z,1412352026-04-17,14123,2026-04-17,SCHEDULED,600,10.0
2026-04-18T05:40:29Z,1412312026-04-17,14123,2026-04-17,SCHEDULED,600,10.0
2026-04-18T05:40:29Z,1412332026-04-17,14123,2026-04-17,SCHEDULED,600,10.0
2026-04-18T05:40:29Z,1412322026-04-17,14123,2026-04-17,SCHEDULED,600,10.0
2026-04-18T05:40:29Z,1503112026-04-17,15031,2026-04-17,SCHEDULED,60,1.0
2026-04-18T05:40:29Z,0508042026-04-17,05080,2026-04-17,SCHEDULED,60,1.0
2026-04-18T05:40:29Z,0508032026-04-17,05080,2026-04-17,SCHEDULED,60,1.0
2026-04-18T05:40:29Z,0508012026-04-17,05080,2026-04-17,SCHEDULED,60,1.0
2026-04-18T05:40:29Z,0508022026-04-17,05080,2026-04-17,SCHEDULED,60,1.0
2026-04-18T05:40:29Z,1505112026-04-17,15051,2026-04-17,SCHEDULED,300,5.0
2026-04-18T05:40:29Z,1562122026-04-17,15621,2026-04-17,SCHEDULED,60,1.0
2026-04-18T05:40:29Z,1562112026-04-17,15621,2026-04-17,SCHEDULED,60,1.0
2026-04-18T05:40:29Z,0566812026-04-17,05668,2026-04-17,SCHEDULED,300,5.0
2026-04-18T05:40:29Z,1577212026-04-17,15772,2026-04-17,SCHEDULED,1140,19.0
2026-04-18T05:40:29Z,0576312026-04-17,05763,2026-04-17,SCHEDULED,-180,-3.0
2026-04-18T05:40:29Z,0576322026-04-17,05763,2026-04-17,SCHEDULED,-180,-3.0
2026-04-18T05:40:29Z,0576332026-04-17,05763,2026-04-17,SCHEDULED,-180,-3.0
2026-04-18T05:40:29Z,1585012026-04-17,15850,2026-04-17,SCHEDULED,60,1.0
2026-04-18T05:40:29Z,0587112026-04-17,05871,2026-04-17,SCHEDULED,360,6.0
2026-04-18T05:40:29Z,1585212026-04-17,15852,2026-04-17,SCHEDULED,60,1.0
2026-04-18T05:40:29Z,0847512026-04-17,08475,2026-04-17,SCHEDULED,300,5.0
2026-04-18T05:40:29Z,1590212026-04-17,15902,2026-04-17,SCHEDULED,180,3.0
2026-04-18T05:40:29Z,0907222026-04-17,09072,2026-04-17,SCHEDULED,-60,-1.0
2026-04-18T05:40:29Z,0907212026-04-17,09072,2026-04-17,SCHEDULED,-60,-1.0
2026-04-18T05:40:29Z,1601812026-04-17,16018,2026-04-17,SCHEDULED,-60,-1.0
2026-04-18T05:40:29Z,1702112026-04-17,17021,2026-04-17,SCHEDULED,120,2.0
2026-04-18T05:40:29Z,1003012026-04-18,10030,2026-04-18,SCHEDULED,60,1.0
2026-04-18T05:40:29Z,1805412026-04-17,18054,2026-04-17,SCHEDULED,240,4.0
2026-04-18T05:40:29Z,1807112026-04-17,18071,2026-04-17,SCHEDULED,-60,-1.0
2026-04-18T05:40:29Z,0063142026-04-18,00631,2026-04-18,SCHEDULED,-60,-1.0
2026-04-18T05:40:29Z,0063132026-04-18,00631,2026-04-18,SCHEDULED,-60,-1.0
2026-04-18T05:40:29Z,0063112026-04-18,00631,2026-04-18,SCHEDULED,-60,-1.0
2026-04-18T05:40:29Z,0063122026-04-18,00631,2026-04-18,SCHEDULED,-60,-1.0
2026-04-18T05:40:29Z,1810042026-04-17,18100,2026-04-17,SCHEDULED,-60,-1.0
2026-04-18T05:40:29Z,1810032026-04-17,18100,2026-04-17,SCHEDULED,-60,-1.0
2026-04-18T05:40:29Z,1810012026-04-17,18100,2026-04-17,SCHEDULED,-60,-1.0
2026-04-18T05:40:29Z,1810022026-04-17,18100,2026-04-17,SCHEDULED,-60,-1.0
2026-04-18T05:40:29Z,1093012026-04-18,10930,2026-04-18,SCHEDULED,420,7.0
2026-04-18T05:40:29Z,1806612026-04-17,18066,2026-04-17,SCHEDULED,-120,-2.0
2026-04-18T05:40:29Z,1812112026-04-17,18121,2026-04-17,SCHEDULED,-180,-3.0
2026-04-18T05:40:29Z,1832122026-04-17,18321,2026-04-17,SCHEDULED,60,1.0
2026-04-18T05:40:29Z,1832112026-04-17,18321,2026-04-17,SCHEDULED,60,1.0
2026-04-18T05:40:29Z,0062122026-04-18,00621,2026-04-18,SCHEDULED,60,1.0
2026-04-18T05:40:29Z,0062132026-04-18,00621,2026-04-18,SCHEDULED,60,1.0
2026-04-18T05:40:29Z,0062152026-04-18,00621,2026-04-18,SCHEDULED,60,1.0
2026-04-18T05:40:29Z,0062112026-04-18,00621,2026-04-18,SCHEDULED,60,1.0
2026-04-18T05:40:29Z,0062142026-04-18,00621,2026-04-18,SCHEDULED,60,1.0
2026-04-18T05:40:29Z,1833122026-04-17,18331,2026-04-17,SCHEDULED,60,1.0
2026-04-18T05:40:29Z,1833112026-04-17,18331,2026-04-17,SCHEDULED,60,1.0
2026-04-18T05:40:29Z,1210112026-04-17,12101,2026-04-17,SCHEDULED,-60,-1.0
2026-04-18T05:40:29Z,1210122026-04-17,12101,2026-04-17,SCHEDULED,-60,-1.0
2026-04-18T05:40:29Z,1210142026-04-17,12101,2026-04-17,SCHEDULED,-60,-1.0
2026-04-18T05:40:29Z,1891012026-04-17,18910,2026-04-17,SCHEDULED,480,8.0
2026-04-18T05:40:29Z,1505012026-04-17,15050,2026-04-17,SCHEDULED,960,16.0
2026-04-18T05:40:29Z,1261312026-04-17,12613,2026-04-17,SCHEDULED,120,2.0
2026-04-18T05:40:29Z,1600012026-04-17,16000,2026-04-17,SCHEDULED,60,1.0
2026-04-18T05:40:29Z,1261112026-04-17,12611,2026-04-17,SCHEDULED,540,9.0
2026-04-18T05:40:29Z,1248012026-04-17,12480,2026-04-17,SCHEDULED,180,3.0
2026-04-18T05:40:29Z,1264412026-04-17,12644,2026-04-17,SCHEDULED,120,2.0
2026-04-18T05:40:29Z,0053322026-04-18,00533,2026-04-18,SCHEDULED,540,9.0
2026-04-18T05:40:29Z,0053312026-04-18,00533,2026-04-18,SCHEDULED,540,9.0
2026-04-18T05:40:29Z,1877562026-04-17,18775,2026-04-17,SCHEDULED,60,1.0
2026-04-18T05:40:29Z,1877542026-04-17,18775,2026-04-17,SCHEDULED,60,1.0
2026-04-18T05:40:29Z,1877512026-04-17,18775,2026-04-17,SCHEDULED,60,1.0
2026-04-18T05:40:29Z,1877532026-04-17,18775,2026-04-17,SCHEDULED,60,1.0
2026-04-18T05:40:29Z,3586912026-04-17,35869,2026-04-17,SCHEDULED,1140,19.0
2026-04-18T05:40:29Z,0107212026-04-18,01072,2026-04-18,SCHEDULED,480,8.0
2026-04-18T05:40:29Z,0109212026-04-17,01092,2026-04-17,SCHEDULED,120,2.0
2026-04-18T05:40:29Z,1800212026-04-17,18002,2026-04-17,SCHEDULED,-60,-1.0
2026-04-18T05:40:29Z,1800222026-04-17,18002,2026-04-17,SCHEDULED,-60,-1.0
2026-04-18T05:40:29Z,1800242026-04-17,18002,2026-04-17,SCHEDULED,-60,-1.0
2026-04-18T05:40:29Z,0206112026-04-17,02061,2026-04-17,SCHEDULED,240,4.0
2026-04-18T05:40:29Z,3505422026-04-17,35054,2026-04-17,SCHEDULED,300,5.0
2026-04-18T05:40:29Z,3505412026-04-17,35054,2026-04-17,SCHEDULED,300,5.0
2026-04-18T05:40:29Z,0207012026-04-17,02070,2026-04-17,SCHEDULED,420,7.0
2026-04-18T05:40:29Z,0207112026-04-17,02071,2026-04-17,SCHEDULED,1020,17.0
2026-04-18T05:40:29Z,0207412026-04-18,02074,2026-04-18,SCHEDULED,360,6.0
2026-04-18T05:40:29Z,0207512026-04-18,02075,2026-04-18,SCHEDULED,240,4.0
2026-04-18T05:40:29Z,1580612026-04-17,15806,2026-04-17,SCHEDULED,780,13.0
2026-04-18T05:40:29Z,0207612026-04-17,02076,2026-04-17,SCHEDULED,240,4.0
2026-04-18T05:40:29Z,0306242026-04-17,03062,2026-04-17,SCHEDULED,120,2.0
2026-04-18T05:40:29Z,0306232026-04-17,03062,2026-04-17,SCHEDULED,120,2.0
2026-04-18T05:40:29Z,0306212026-04-17,03062,2026-04-17,SCHEDULED,120,2.0
2026-04-18T05:40:29Z,0306222026-04-17,03062,2026-04-17,SCHEDULED,120,2.0
2026-04-18T05:40:29Z,0307322026-04-17,03073,2026-04-17,SCHEDULED,-120,-2.0
2026-04-18T05:40:29Z,0307312026-04-17,03073,2026-04-17,SCHEDULED,-120,-2.0
2026-04-18T05:40:29Z,0306242026-04-17,03062,2026-04-17,SCHEDULED,180,3.0
2026-04-18T05:40:29Z,0306232026-04-17,03062,2026-04-17,SCHEDULED,180,3.0
2026-04-18T05:40:29Z,0306212026-04-17,03062,2026-04-17,SCHEDULED,180,3.0
2026-04-18T05:40:29Z,0306222026-04-17,03062,2026-04-17,SCHEDULED,180,3.0
2026-04-18T05:40:29Z,0331112026-04-17,03311,2026-04-17,SCHEDULED,240,4.0
2026-04-18T05:40:29Z,0407112026-04-18,04071,2026-04-18,SCHEDULED,240,4.0
2026-04-18T05:40:29Z,0407122026-04-18,04071,2026-04-18,SCHEDULED,240,4.0
2026-04-18T05:40:29Z,0407132026-04-18,04071,2026-04-18,SCHEDULED,240,4.0
2026-04-18T05:40:29Z,0418642026-04-18,04186,2026-04-18,SCHEDULED,900,15.0
2026-04-18T05:40:29Z,0418632026-04-18,04186,2026-04-18,SCHEDULED,900,15.0
2026-04-18T05:40:29Z,0418612026-04-18,04186,2026-04-18,SCHEDULED,900,15.0
2026-04-18T05:40:29Z,0418622026-04-18,04186,2026-04-18,SCHEDULED,900,15.0
2026-04-18T05:40:29Z,0408712026-04-18,04087,2026-04-18,SCHEDULED,480,8.0
2026-04-18T05:40:29Z,0408812026-04-18,04088,2026-04-18,SCHEDULED,240,4.0
2026-04-18T05:40:29Z,0408822026-04-18,04088,2026-04-18,SCHEDULED,240,4.0
2026-04-18T05:40:29Z,0408832026-04-18,04088,2026-04-18,SCHEDULED,240,4.0
2026-04-18T05:40:29Z,0407222026-04-18,04072,2026-04-18,SCHEDULED,180,3.0
2026-04-18T05:40:29Z,0407212026-04-18,04072,2026-04-18,SCHEDULED,180,3.0
2026-04-18T05:40:29Z,0447512026-04-17,04475,2026-04-17,SCHEDULED,360,6.0
2026-04-18T05:40:29Z,0415422026-04-17,04154,2026-04-17,SCHEDULED,360,6.0
2026-04-18T05:40:29Z,0415412026-04-17,04154,2026-04-17,SCHEDULED,360,6.0
2026-04-18T05:40:29Z,1806612026-04-17,18066,2026-04-17,CANCELED,,
2026-04-18T05:40:29Z,1563322026-04-17,15633,2026-04-17,CANCELED,,
2026-04-18T05:40:29Z,1563312026-04-17,15633,2026-04-17,CANCELED,,
2026-04-18T05:40:29Z,3820912026-04-17,38209,2026-04-17,CANCELED,,
2026-04-18T05:40:29Z,1720012026-04-17,17200,2026-04-17,CANCELED,,
2026-04-18T05:40:29Z,1800912026-04-17,18009,2026-04-17,CANCELED,,
2026-04-18T05:40:29Z,7182012026-04-17,71820,2026-04-17,CANCELED,,
2026-04-18T05:40:29Z,3820012026-04-17,38200,2026-04-17,CANCELED,,
2026-04-18T05:40:29Z,7183312026-04-17,71833,2026-04-17,CANCELED,,
2026-04-18T05:40:29Z,0116212026-04-17,01162,2026-04-17,CANCELED,,
2026-04-18T05:40:29Z,1262312026-04-17,12623,2026-04-17,CANCELED,,
2026-04-18T05:40:29Z,0819912026-04-17,08199,2026-04-17,CANCELED,,
2026-04-18T05:45:32Z,1562122026-04-17,15621,2026-04-17,SCHEDULED,60,1.0
2026-04-18T05:45:32Z,1562112026-04-17,15621,2026-04-17,SCHEDULED,60,1.0
2026-04-18T05:45:32Z,0446412026-04-17,04464,2026-04-17,SCHEDULED,600,10.0
2026-04-18T05:45:32Z,1577212026-04-17,15772,2026-04-17,SCHEDULED,1140,19.0
2026-04-18T05:45:32Z,0436422026-04-17,04364,2026-04-17,SCHEDULED,180,3.0
2026-04-18T05:45:32Z,0436412026-04-17,04364,2026-04-17,SCHEDULED,180,3.0
2026-04-18T05:45:32Z,1585012026-04-17,15850,2026-04-17,SCHEDULED,60,1.0
2026-04-18T05:45:32Z,0506422026-04-17,05064,2026-04-17,SCHEDULED,240,4.0
2026-04-18T05:45:32Z,0506412026-04-17,05064,2026-04-17,SCHEDULED,240,4.0
2026-04-18T05:45:32Z,1590212026-04-17,15902,2026-04-17,SCHEDULED,180,3.0
2026-04-18T05:45:32Z,0507212026-04-17,05072,2026-04-17,SCHEDULED,60,1.0
2026-04-18T05:45:32Z,1702112026-04-17,17021,2026-04-17,SCHEDULED,120,2.0
2026-04-18T05:45:32Z,0507512026-04-17,05075,2026-04-17,SCHEDULED,-60,-1.0
2026-04-18T05:45:32Z,0527322026-04-17,05273,2026-04-17,SCHEDULED,180,3.0
2026-04-18T05:45:32Z,0527312026-04-17,05273,2026-04-17,SCHEDULED,180,3.0
2026-04-18T05:45:32Z,1805412026-04-17,18054,2026-04-17,SCHEDULED,60,1.0
2026-04-18T05:45:32Z,1807112026-04-17,18071,2026-04-17,SCHEDULED,-60,-1.0
2026-04-18T05:45:32Z,0508042026-04-17,05080,2026-04-17,SCHEDULED,60,1.0
2026-04-18T05:45:32Z,0508032026-04-17,05080,2026-04-17,SCHEDULED,60,1.0
2026-04-18T05:45:32Z,0508012026-04-17,05080,2026-04-17,SCHEDULED,60,1.0
2026-04-18T05:45:32Z,0508022026-04-17,05080,2026-04-17,SCHEDULED,60,1.0
2026-04-18T05:45:32Z,1300322026-04-17,13003,2026-04-17,SCHEDULED,240,4.0
2026-04-18T05:45:32Z,1300312026-04-17,13003,2026-04-17,SCHEDULED,240,4.0
2026-04-18T05:45:32Z,0566812026-04-17,05668,2026-04-17,SCHEDULED,300,5.0
2026-04-18T05:45:32Z,1395112026-04-17,13951,2026-04-17,SCHEDULED,60,1.0
2026-04-18T05:45:32Z,0576312026-04-17,05763,2026-04-17,SCHEDULED,-240,-4.0
2026-04-18T05:45:32Z,0576322026-04-17,05763,2026-04-17,SCHEDULED,-240,-4.0
2026-04-18T05:45:32Z,0576332026-04-17,05763,2026-04-17,SCHEDULED,-240,-4.0
2026-04-18T05:45:32Z,1390012026-04-17,13900,2026-04-17,SCHEDULED,420,7.0
2026-04-18T05:45:32Z,0587112026-04-17,05871,2026-04-17,SCHEDULED,300,5.0
2026-04-18T05:45:32Z,1390112026-04-17,13901,2026-04-17,SCHEDULED,-420,-7.0
2026-04-18T05:45:32Z,0847512026-04-17,08475,2026-04-17,SCHEDULED,300,5.0
2026-04-18T05:45:32Z,0907222026-04-17,09072,2026-04-17,SCHEDULED,-120,-2.0
2026-04-18T05:45:32Z,0907212026-04-17,09072,2026-04-17,SCHEDULED,-120,-2.0
2026-04-18T05:45:32Z,1412362026-04-17,14123,2026-04-17,SCHEDULED,720,12.0
2026-04-18T05:45:32Z,1412342026-04-17,14123,2026-04-17,SCHEDULED,720,12.0
2026-04-18T05:45:32Z,1412352026-04-17,14123,2026-04-17,SCHEDULED,720,12.0
2026-04-18T05:45:32Z,1412312026-04-17,14123,2026-04-17,SCHEDULED,720,12.0
2026-04-18T05:45:32Z,1412332026-04-17,14123,2026-04-17,SCHEDULED,720,12.0
2026-04-18T05:45:32Z,1412322026-04-17,14123,2026-04-17,SCHEDULED,720,12.0
2026-04-18T05:45:32Z,1003012026-04-18,10030,2026-04-18,SCHEDULED,180,3.0
2026-04-18T05:45:32Z,1503112026-04-17,15031,2026-04-17,SCHEDULED,120,2.0
2026-04-18T05:45:32Z,0063142026-04-18,00631,2026-04-18,SCHEDULED,60,1.0
2026-04-18T05:45:32Z,0063132026-04-18,00631,2026-04-18,SCHEDULED,60,1.0
2026-04-18T05:45:32Z,0063112026-04-18,00631,2026-04-18,SCHEDULED,60,1.0
2026-04-18T05:45:32Z,0063122026-04-18,00631,2026-04-18,SCHEDULED,60,1.0
2026-04-18T05:45:32Z,1505112026-04-17,15051,2026-04-17,SCHEDULED,420,7.0
2026-04-18T05:45:32Z,1093012026-04-18,10930,2026-04-18,SCHEDULED,420,7.0
2026-04-18T05:45:32Z,1401412026-04-17,14014,2026-04-17,SCHEDULED,180,3.0
2026-04-18T05:45:32Z,0062122026-04-18,00621,2026-04-18,SCHEDULED,60,1.0
2026-04-18T05:45:32Z,0062132026-04-18,00621,2026-04-18,SCHEDULED,60,1.0
2026-04-18T05:45:32Z,0062152026-04-18,00621,2026-04-18,SCHEDULED,60,1.0
2026-04-18T05:45:32Z,0062112026-04-18,00621,2026-04-18,SCHEDULED,60,1.0
2026-04-18T05:45:32Z,0062142026-04-18,00621,2026-04-18,SCHEDULED,60,1.0
2026-04-18T05:45:32Z,1877562026-04-17,18775,2026-04-17,SCHEDULED,60,1.0
2026-04-18T05:45:32Z,1877542026-04-17,18775,2026-04-17,SCHEDULED,60,1.0
2026-04-18T05:45:32Z,1877512026-04-17,18775,2026-04-17,SCHEDULED,60,1.0
2026-04-18T05:45:32Z,1877532026-04-17,18775,2026-04-17,SCHEDULED,60,1.0
2026-04-18T05:45:32Z,3586912026-04-17,35869,2026-04-17,SCHEDULED,1140,19.0
2026-04-18T05:45:32Z,1210112026-04-17,12101,2026-04-17,SCHEDULED,-120,-2.0
2026-04-18T05:45:32Z,1210122026-04-17,12101,2026-04-17,SCHEDULED,-120,-2.0
2026-04-18T05:45:32Z,1210142026-04-17,12101,2026-04-17,SCHEDULED,-120,-2.0
2026-04-18T05:45:32Z,1261312026-04-17,12613,2026-04-17,SCHEDULED,240,4.0
2026-04-18T05:45:32Z,1800212026-04-17,18002,2026-04-17,SCHEDULED,-60,-1.0
2026-04-18T05:45:32Z,1800222026-04-17,18002,2026-04-17,SCHEDULED,-60,-1.0
2026-04-18T05:45:32Z,1800242026-04-17,18002,2026-04-17,SCHEDULED,-60,-1.0
2026-04-18T05:45:32Z,1261112026-04-17,12611,2026-04-17,SCHEDULED,480,8.0
2026-04-18T05:45:32Z,3505422026-04-17,35054,2026-04-17,SCHEDULED,540,9.0
2026-04-18T05:45:32Z,3505412026-04-17,35054,2026-04-17,SCHEDULED,540,9.0
2026-04-18T05:45:32Z,1264412026-04-17,12644,2026-04-17,SCHEDULED,120,2.0
2026-04-18T05:45:32Z,7183012026-04-17,71830,2026-04-17,SCHEDULED,-240,-4.0
2026-04-18T05:45:32Z,0053322026-04-18,00533,2026-04-18,SCHEDULED,360,6.0
2026-04-18T05:45:32Z,0053312026-04-18,00533,2026-04-18,SCHEDULED,360,6.0
2026-04-18T05:45:32Z,0107212026-04-18,01072,2026-04-18,SCHEDULED,540,9.0
2026-04-18T05:45:32Z,0109212026-04-17,01092,2026-04-17,SCHEDULED,120,2.0
2026-04-18T05:45:32Z,1580612026-04-17,15806,2026-04-17,SCHEDULED,900,15.0
2026-04-18T05:45:32Z,0206112026-04-17,02061,2026-04-17,SCHEDULED,420,7.0
2026-04-18T05:45:32Z,0207012026-04-17,02070,2026-04-17,SCHEDULED,360,6.0
2026-04-18T05:45:32Z,0207112026-04-17,02071,2026-04-17,SCHEDULED,1080,18.0
2026-04-18T05:45:32Z,1810042026-04-17,18100,2026-04-17,SCHEDULED,-60,-1.0
2026-04-18T05:45:32Z,1810032026-04-17,18100,2026-04-17,SCHEDULED,-60,-1.0
2026-04-18T05:45:32Z,1810012026-04-17,18100,2026-04-17,SCHEDULED,-60,-1.0
2026-04-18T05:45:32Z,1810022026-04-17,18100,2026-04-17,SCHEDULED,-60,-1.0
2026-04-18T05:45:32Z,0207412026-04-18,02074,2026-04-18,SCHEDULED,360,6.0
2026-04-18T05:45:32Z,1812112026-04-17,18121,2026-04-17,SCHEDULED,240,4.0
2026-04-18T05:45:32Z,0207512026-04-18,02075,2026-04-18,SCHEDULED,180,3.0
2026-04-18T05:45:32Z,0207612026-04-17,02076,2026-04-17,SCHEDULED,120,2.0
2026-04-18T05:45:32Z,1832122026-04-17,18321,2026-04-17,SCHEDULED,60,1.0
2026-04-18T05:45:32Z,1832112026-04-17,18321,2026-04-17,SCHEDULED,60,1.0
2026-04-18T05:45:32Z,0306242026-04-17,03062,2026-04-17,SCHEDULED,120,2.0
2026-04-18T05:45:32Z,0306232026-04-17,03062,2026-04-17,SCHEDULED,120,2.0
2026-04-18T05:45:32Z,0306212026-04-17,03062,2026-04-17,SCHEDULED,120,2.0
2026-04-18T05:45:32Z,0306222026-04-17,03062,2026-04-17,SCHEDULED,120,2.0
2026-04-18T05:45:32Z,1833122026-04-17,18331,2026-04-17,SCHEDULED,60,1.0
2026-04-18T05:45:32Z,1833112026-04-17,18331,2026-04-17,SCHEDULED,60,1.0
2026-04-18T05:45:32Z,0307322026-04-17,03073,2026-04-17,SCHEDULED,-60,-1.0
2026-04-18T05:45:32Z,0307312026-04-17,03073,2026-04-17,SCHEDULED,-60,-1.0
2026-04-18T05:45:32Z,1891012026-04-17,18910,2026-04-17,SCHEDULED,540,9.0
2026-04-18T05:45:32Z,1505012026-04-17,15050,2026-04-17,SCHEDULED,960,16.0
2026-04-18T05:45:32Z,0306242026-04-17,03062,2026-04-17,SCHEDULED,180,3.0
2026-04-18T05:45:32Z,0306232026-04-17,03062,2026-04-17,SCHEDULED,180,3.0
2026-04-18T05:45:32Z,0306212026-04-17,03062,2026-04-17,SCHEDULED,180,3.0
2026-04-18T05:45:32Z,0306222026-04-17,03062,2026-04-17,SCHEDULED,180,3.0
2026-04-18T05:45:32Z,1600012026-04-17,16000,2026-04-17,SCHEDULED,240,4.0
2026-04-18T05:45:32Z,0331112026-04-17,03311,2026-04-17,SCHEDULED,120,2.0
2026-04-18T05:45:32Z,1248012026-04-17,12480,2026-04-17,SCHEDULED,180,3.0
2026-04-18T05:45:32Z,0407112026-04-18,04071,2026-04-18,SCHEDULED,240,4.0
2026-04-18T05:45:32Z,0407122026-04-18,04071,2026-04-18,SCHEDULED,240,4.0
2026-04-18T05:45:32Z,0407132026-04-18,04071,2026-04-18,SCHEDULED,240,4.0
2026-04-18T05:45:32Z,0418642026-04-18,04186,2026-04-18,SCHEDULED,1140,19.0
2026-04-18T05:45:32Z,0418632026-04-18,04186,2026-04-18,SCHEDULED,1140,19.0
2026-04-18T05:45:32Z,0418612026-04-18,04186,2026-04-18,SCHEDULED,1140,19.0
2026-04-18T05:45:32Z,0418622026-04-18,04186,2026-04-18,SCHEDULED,1140,19.0
2026-04-18T05:45:32Z,0408712026-04-18,04087,2026-04-18,SCHEDULED,420,7.0
2026-04-18T05:45:32Z,0408812026-04-18,04088,2026-04-18,SCHEDULED,240,4.0
2026-04-18T05:45:32Z,0408822026-04-18,04088,2026-04-18,SCHEDULED,240,4.0
2026-04-18T05:45:32Z,0408832026-04-18,04088,2026-04-18,SCHEDULED,240,4.0
2026-04-18T05:45:32Z,0407222026-04-18,04072,2026-04-18,SCHEDULED,180,3.0
2026-04-18T05:45:32Z,0407212026-04-18,04072,2026-04-18,SCHEDULED,180,3.0
2026-04-18T05:45:32Z,0447512026-04-17,04475,2026-04-17,SCHEDULED,240,4.0
2026-04-18T05:45:32Z,0415422026-04-17,04154,2026-04-17,SCHEDULED,420,7.0
2026-04-18T05:45:32Z,0415412026-04-17,04154,2026-04-17,SCHEDULED,420,7.0
2026-04-18T05:45:32Z,1806612026-04-17,18066,2026-04-17,CANCELED,,
2026-04-18T05:45:32Z,1563322026-04-17,15633,2026-04-17,CANCELED,,
2026-04-18T05:45:32Z,1563312026-04-17,15633,2026-04-17,CANCELED,,
2026-04-18T05:45:32Z,3820912026-04-17,38209,2026-04-17,CANCELED,,
2026-04-18T05:45:32Z,1800912026-04-17,18009,2026-04-17,CANCELED,,
2026-04-18T05:45:32Z,1720012026-04-17,17200,2026-04-17,CANCELED,,
2026-04-18T05:45:32Z,7182012026-04-17,71820,2026-04-17,CANCELED,,
2026-04-18T05:45:32Z,3820012026-04-17,38200,2026-04-17,CANCELED,,
2026-04-18T05:45:32Z,0116212026-04-17,01162,2026-04-17,CANCELED,,
2026-04-18T05:45:32Z,7183312026-04-17,71833,2026-04-17,CANCELED,,
2026-04-18T05:45:32Z,1262312026-04-17,12623,2026-04-17,CANCELED,,
2026-04-18T05:45:32Z,0819912026-04-17,08199,2026-04-17,CANCELED,,
2026-04-18T05:50:28Z,1300322026-04-17,13003,2026-04-17,SCHEDULED,240,4.0
2026-04-18T05:50:28Z,1300312026-04-17,13003,2026-04-17,SCHEDULED,240,4.0
2026-04-18T05:50:28Z,0506422026-04-17,05064,2026-04-17,SCHEDULED,180,3.0
2026-04-18T05:50:28Z,0506412026-04-17,05064,2026-04-17,SCHEDULED,180,3.0
2026-04-18T05:50:28Z,0507212026-04-17,05072,2026-04-17,SCHEDULED,300,5.0
2026-04-18T05:50:28Z,0507512026-04-17,05075,2026-04-17,SCHEDULED,-120,-2.0
2026-04-18T05:50:28Z,0527322026-04-17,05273,2026-04-17,SCHEDULED,180,3.0
2026-04-18T05:50:28Z,0527312026-04-17,05273,2026-04-17,SCHEDULED,180,3.0
2026-04-18T05:50:28Z,1320312026-04-17,13203,2026-04-17,SCHEDULED,60,1.0
2026-04-18T05:50:28Z,1390012026-04-17,13900,2026-04-17,SCHEDULED,420,7.0
2026-04-18T05:50:28Z,1390112026-04-17,13901,2026-04-17,SCHEDULED,-420,-7.0
2026-04-18T05:50:28Z,0508042026-04-17,05080,2026-04-17,SCHEDULED,60,1.0
2026-04-18T05:50:28Z,0508032026-04-17,05080,2026-04-17,SCHEDULED,60,1.0
2026-04-18T05:50:28Z,0508012026-04-17,05080,2026-04-17,SCHEDULED,60,1.0
2026-04-18T05:50:28Z,0508022026-04-17,05080,2026-04-17,SCHEDULED,60,1.0
2026-04-18T05:50:28Z,0566812026-04-17,05668,2026-04-17,SCHEDULED,240,4.0
2026-04-18T05:50:28Z,0576312026-04-17,05763,2026-04-17,SCHEDULED,-240,-4.0
2026-04-18T05:50:28Z,0576322026-04-17,05763,2026-04-17,SCHEDULED,-240,-4.0
2026-04-18T05:50:28Z,0576332026-04-17,05763,2026-04-17,SCHEDULED,-240,-4.0
2026-04-18T05:50:28Z,1412362026-04-17,14123,2026-04-17,SCHEDULED,720,12.0
2026-04-18T05:50:28Z,1412342026-04-17,14123,2026-04-17,SCHEDULED,720,12.0
2026-04-18T05:50:28Z,1412352026-04-17,14123,2026-04-17,SCHEDULED,720,12.0
2026-04-18T05:50:28Z,1412312026-04-17,14123,2026-04-17,SCHEDULED,720,12.0
2026-04-18T05:50:28Z,1412332026-04-17,14123,2026-04-17,SCHEDULED,720,12.0
2026-04-18T05:50:28Z,1412322026-04-17,14123,2026-04-17,SCHEDULED,720,12.0
2026-04-18T05:50:28Z,0587112026-04-17,05871,2026-04-17,SCHEDULED,360,6.0
2026-04-18T05:50:28Z,0827512026-04-17,08275,2026-04-17,SCHEDULED,300,5.0
2026-04-18T05:50:28Z,1503112026-04-17,15031,2026-04-17,SCHEDULED,240,4.0
2026-04-18T05:50:28Z,0847512026-04-17,08475,2026-04-17,SCHEDULED,420,7.0
2026-04-18T05:50:28Z,1505112026-04-17,15051,2026-04-17,SCHEDULED,540,9.0
2026-04-18T05:50:28Z,0907222026-04-17,09072,2026-04-17,SCHEDULED,-120,-2.0
2026-04-18T05:50:28Z,0907212026-04-17,09072,2026-04-17,SCHEDULED,-120,-2.0
2026-04-18T05:50:28Z,1562122026-04-17,15621,2026-04-17,SCHEDULED,60,1.0
2026-04-18T05:50:28Z,1562112026-04-17,15621,2026-04-17,SCHEDULED,60,1.0
2026-04-18T05:50:28Z,1003012026-04-18,10030,2026-04-18,SCHEDULED,120,2.0
2026-04-18T05:50:28Z,1577212026-04-17,15772,2026-04-17,SCHEDULED,1380,23.0
2026-04-18T05:50:28Z,0063142026-04-18,00631,2026-04-18,SCHEDULED,60,1.0
2026-04-18T05:50:28Z,0063132026-04-18,00631,2026-04-18,SCHEDULED,60,1.0
2026-04-18T05:50:28Z,0063112026-04-18,00631,2026-04-18,SCHEDULED,60,1.0
2026-04-18T05:50:28Z,0063122026-04-18,00631,2026-04-18,SCHEDULED,60,1.0
2026-04-18T05:50:28Z,0069712026-04-18,00697,2026-04-18,SCHEDULED,120,2.0
2026-04-18T05:50:28Z,1093012026-04-18,10930,2026-04-18,SCHEDULED,960,16.0
2026-04-18T05:50:28Z,1590212026-04-17,15902,2026-04-17,SCHEDULED,240,4.0
2026-04-18T05:50:28Z,1702112026-04-17,17021,2026-04-17,SCHEDULED,60,1.0
2026-04-18T05:50:28Z,1770312026-04-17,17703,2026-04-17,SCHEDULED,120,2.0
2026-04-18T05:50:28Z,0062122026-04-18,00621,2026-04-18,SCHEDULED,60,1.0
2026-04-18T05:50:28Z,0062132026-04-18,00621,2026-04-18,SCHEDULED,60,1.0
2026-04-18T05:50:28Z,0062152026-04-18,00621,2026-04-18,SCHEDULED,60,1.0
2026-04-18T05:50:28Z,0062112026-04-18,00621,2026-04-18,SCHEDULED,60,1.0
2026-04-18T05:50:28Z,0062142026-04-18,00621,2026-04-18,SCHEDULED,60,1.0
2026-04-18T05:50:28Z,1805412026-04-17,18054,2026-04-17,SCHEDULED,60,1.0
2026-04-18T05:50:28Z,1210112026-04-17,12101,2026-04-17,SCHEDULED,-120,-2.0
2026-04-18T05:50:28Z,1210122026-04-17,12101,2026-04-17,SCHEDULED,-120,-2.0
2026-04-18T05:50:28Z,1210142026-04-17,12101,2026-04-17,SCHEDULED,-120,-2.0
2026-04-18T05:50:28Z,1261312026-04-17,12613,2026-04-17,SCHEDULED,300,5.0
2026-04-18T05:50:28Z,1261112026-04-17,12611,2026-04-17,SCHEDULED,420,7.0
2026-04-18T05:50:28Z,1810042026-04-17,18100,2026-04-17,SCHEDULED,-60,-1.0
2026-04-18T05:50:28Z,1810032026-04-17,18100,2026-04-17,SCHEDULED,-60,-1.0
2026-04-18T05:50:28Z,1810012026-04-17,18100,2026-04-17,SCHEDULED,-60,-1.0
2026-04-18T05:50:28Z,1810022026-04-17,18100,2026-04-17,SCHEDULED,-60,-1.0
2026-04-18T05:50:28Z,1401412026-04-17,14014,2026-04-17,SCHEDULED,240,4.0
2026-04-18T05:50:28Z,1264112026-04-17,12641,2026-04-17,SCHEDULED,60,1.0
2026-04-18T05:50:28Z,1264412026-04-17,12644,2026-04-17,SCHEDULED,120,2.0
2026-04-18T05:50:28Z,1877562026-04-17,18775,2026-04-17,SCHEDULED,120,2.0
2026-04-18T05:50:28Z,1877542026-04-17,18775,2026-04-17,SCHEDULED,120,2.0
2026-04-18T05:50:28Z,1877512026-04-17,18775,2026-04-17,SCHEDULED,120,2.0
2026-04-18T05:50:28Z,1877532026-04-17,18775,2026-04-17,SCHEDULED,120,2.0
2026-04-18T05:50:28Z,1300212026-04-17,13002,2026-04-17,SCHEDULED,120,2.0
2026-04-18T05:50:28Z,3586912026-04-17,35869,2026-04-17,SCHEDULED,1080,18.0
2026-04-18T05:50:28Z,0053322026-04-18,00533,2026-04-18,SCHEDULED,360,6.0
2026-04-18T05:50:28Z,0053312026-04-18,00533,2026-04-18,SCHEDULED,360,6.0
2026-04-18T05:50:28Z,0107212026-04-18,01072,2026-04-18,SCHEDULED,540,9.0
2026-04-18T05:50:28Z,1800212026-04-17,18002,2026-04-17,SCHEDULED,-60,-1.0
2026-04-18T05:50:28Z,1800222026-04-17,18002,2026-04-17,SCHEDULED,-60,-1.0
2026-04-18T05:50:28Z,1800242026-04-17,18002,2026-04-17,SCHEDULED,-60,-1.0
2026-04-18T05:50:28Z,0109212026-04-17,01092,2026-04-17,SCHEDULED,60,1.0
2026-04-18T05:50:28Z,3505422026-04-17,35054,2026-04-17,SCHEDULED,540,9.0
2026-04-18T05:50:28Z,3505412026-04-17,35054,2026-04-17,SCHEDULED,540,9.0
2026-04-18T05:50:28Z,0206112026-04-17,02061,2026-04-17,SCHEDULED,420,7.0
2026-04-18T05:50:28Z,0207012026-04-17,02070,2026-04-17,SCHEDULED,360,6.0
2026-04-18T05:50:28Z,0207112026-04-17,02071,2026-04-17,SCHEDULED,1080,18.0
2026-04-18T05:50:28Z,0207412026-04-18,02074,2026-04-18,SCHEDULED,300,5.0
2026-04-18T05:50:28Z,7183012026-04-17,71830,2026-04-17,SCHEDULED,240,4.0
2026-04-18T05:50:28Z,0207512026-04-18,02075,2026-04-18,SCHEDULED,180,3.0
2026-04-18T05:50:28Z,1580612026-04-17,15806,2026-04-17,SCHEDULED,900,15.0
2026-04-18T05:50:28Z,0207612026-04-17,02076,2026-04-17,SCHEDULED,120,2.0
2026-04-18T05:50:28Z,1812112026-04-17,18121,2026-04-17,SCHEDULED,180,3.0
2026-04-18T05:50:28Z,0306242026-04-17,03062,2026-04-17,SCHEDULED,120,2.0
2026-04-18T05:50:28Z,0306232026-04-17,03062,2026-04-17,SCHEDULED,120,2.0
2026-04-18T05:50:28Z,0306212026-04-17,03062,2026-04-17,SCHEDULED,120,2.0
2026-04-18T05:50:28Z,0306222026-04-17,03062,2026-04-17,SCHEDULED,120,2.0
2026-04-18T05:50:28Z,1832122026-04-17,18321,2026-04-17,SCHEDULED,180,3.0
2026-04-18T05:50:28Z,1832112026-04-17,18321,2026-04-17,SCHEDULED,180,3.0
2026-04-18T05:50:28Z,0307322026-04-17,03073,2026-04-17,SCHEDULED,60,1.0
2026-04-18T05:50:28Z,0307312026-04-17,03073,2026-04-17,SCHEDULED,60,1.0
2026-04-18T05:50:28Z,1801012026-04-17,18010,2026-04-17,SCHEDULED,180,3.0
2026-04-18T05:50:28Z,1801022026-04-17,18010,2026-04-17,SCHEDULED,180,3.0
2026-04-18T05:50:28Z,1801032026-04-17,18010,2026-04-17,SCHEDULED,180,3.0
2026-04-18T05:50:28Z,1833122026-04-17,18331,2026-04-17,SCHEDULED,60,1.0
2026-04-18T05:50:28Z,1833112026-04-17,18331,2026-04-17,SCHEDULED,60,1.0
2026-04-18T05:50:28Z,0306242026-04-17,03062,2026-04-17,SCHEDULED,120,2.0
2026-04-18T05:50:28Z,0306232026-04-17,03062,2026-04-17,SCHEDULED,120,2.0
2026-04-18T05:50:28Z,0306212026-04-17,03062,2026-04-17,SCHEDULED,120,2.0
2026-04-18T05:50:28Z,0306222026-04-17,03062,2026-04-17,SCHEDULED,120,2.0
2026-04-18T05:50:28Z,0331112026-04-17,03311,2026-04-17,SCHEDULED,120,2.0
2026-04-18T05:50:28Z,1890012026-04-17,18900,2026-04-17,SCHEDULED,120,2.0
2026-04-18T05:50:28Z,1891012026-04-17,18910,2026-04-17,SCHEDULED,420,7.0
2026-04-18T05:50:28Z,0407112026-04-18,04071,2026-04-18,SCHEDULED,180,3.0
2026-04-18T05:50:28Z,0407122026-04-18,04071,2026-04-18,SCHEDULED,180,3.0
2026-04-18T05:50:28Z,0407132026-04-18,04071,2026-04-18,SCHEDULED,180,3.0
2026-04-18T05:50:28Z,1443522026-04-17,14435,2026-04-17,SCHEDULED,120,2.0
2026-04-18T05:50:28Z,1443512026-04-17,14435,2026-04-17,SCHEDULED,120,2.0
2026-04-18T05:50:28Z,0418642026-04-18,04186,2026-04-18,SCHEDULED,1140,19.0
2026-04-18T05:50:28Z,0418632026-04-18,04186,2026-04-18,SCHEDULED,1140,19.0
2026-04-18T05:50:28Z,0418612026-04-18,04186,2026-04-18,SCHEDULED,1140,19.0
2026-04-18T05:50:28Z,0418622026-04-18,04186,2026-04-18,SCHEDULED,1140,19.0
2026-04-18T05:50:28Z,1505012026-04-17,15050,2026-04-17,SCHEDULED,960,16.0
2026-04-18T05:50:28Z,0408712026-04-18,04087,2026-04-18,SCHEDULED,420,7.0
2026-04-18T05:50:28Z,1600012026-04-17,16000,2026-04-17,SCHEDULED,120,2.0
2026-04-18T05:50:28Z,0408812026-04-18,04088,2026-04-18,SCHEDULED,180,3.0
2026-04-18T05:50:28Z,0408822026-04-18,04088,2026-04-18,SCHEDULED,180,3.0
2026-04-18T05:50:28Z,0408832026-04-18,04088,2026-04-18,SCHEDULED,180,3.0
2026-04-18T05:50:28Z,1248012026-04-17,12480,2026-04-17,SCHEDULED,180,3.0
2026-04-18T05:50:28Z,0407222026-04-18,04072,2026-04-18,SCHEDULED,120,2.0
2026-04-18T05:50:28Z,0407212026-04-18,04072,2026-04-18,SCHEDULED,120,2.0
2026-04-18T05:50:28Z,0447512026-04-17,04475,2026-04-17,SCHEDULED,240,4.0
2026-04-18T05:50:28Z,0415422026-04-17,04154,2026-04-17,SCHEDULED,480,8.0
2026-04-18T05:50:28Z,0415412026-04-17,04154,2026-04-17,SCHEDULED,480,8.0
2026-04-18T05:50:28Z,0446412026-04-17,04464,2026-04-17,SCHEDULED,540,9.0
2026-04-18T05:50:28Z,0436422026-04-17,04364,2026-04-17,SCHEDULED,240,4.0
2026-04-18T05:50:28Z,0436412026-04-17,04364,2026-04-17,SCHEDULED,240,4.0
2026-04-18T05:50:28Z,1806612026-04-17,18066,2026-04-17,CANCELED,,
2026-04-18T05:50:28Z,1563322026-04-17,15633,2026-04-17,CANCELED,,
2026-04-18T05:50:28Z,1563312026-04-17,15633,2026-04-17,CANCELED,,
2026-04-18T05:50:28Z,3820912026-04-17,38209,2026-04-17,CANCELED,,
2026-04-18T05:50:28Z,1720012026-04-17,17200,2026-04-17,CANCELED,,
2026-04-18T05:50:28Z,1800912026-04-17,18009,2026-04-17,CANCELED,,
2026-04-18T05:50:28Z,3820012026-04-17,38200,2026-04-17,CANCELED,,
2026-04-18T05:50:28Z,7182012026-04-17,71820,2026-04-17,CANCELED,,
2026-04-18T05:50:28Z,0116212026-04-17,01162,2026-04-17,CANCELED,,
2026-04-18T05:50:28Z,7183312026-04-17,71833,2026-04-17,CANCELED,,
2026-04-18T05:50:28Z,0819912026-04-17,08199,2026-04-17,CANCELED,,
2026-04-18T05:50:28Z,1262312026-04-17,12623,2026-04-17,CANCELED,,
2026-04-18T05:55:26Z,0507512026-04-17,05075,2026-04-17,SCHEDULED,-120,-2.0
2026-04-18T05:55:26Z,1577212026-04-17,15772,2026-04-17,SCHEDULED,1260,21.0
2026-04-18T05:55:26Z,1580012026-04-17,15800,2026-04-17,SCHEDULED,240,4.0
2026-04-18T05:55:26Z,0527322026-04-17,05273,2026-04-17,SCHEDULED,180,3.0
2026-04-18T05:55:26Z,0527312026-04-17,05273,2026-04-17,SCHEDULED,180,3.0
2026-04-18T05:55:26Z,1590212026-04-17,15902,2026-04-17,SCHEDULED,240,4.0
2026-04-18T05:55:26Z,0508042026-04-17,05080,2026-04-17,SCHEDULED,60,1.0
2026-04-18T05:55:26Z,0508032026-04-17,05080,2026-04-17,SCHEDULED,60,1.0
2026-04-18T05:55:26Z,0508012026-04-17,05080,2026-04-17,SCHEDULED,60,1.0
2026-04-18T05:55:26Z,0508022026-04-17,05080,2026-04-17,SCHEDULED,60,1.0
2026-04-18T05:55:26Z,1702112026-04-17,17021,2026-04-17,SCHEDULED,60,1.0
2026-04-18T05:55:26Z,0566812026-04-17,05668,2026-04-17,SCHEDULED,240,4.0
2026-04-18T05:55:26Z,1770312026-04-17,17703,2026-04-17,SCHEDULED,120,2.0
2026-04-18T05:55:26Z,0576312026-04-17,05763,2026-04-17,SCHEDULED,-240,-4.0
2026-04-18T05:55:26Z,0576322026-04-17,05763,2026-04-17,SCHEDULED,-240,-4.0
2026-04-18T05:55:26Z,0576332026-04-17,05763,2026-04-17,SCHEDULED,-240,-4.0
2026-04-18T05:55:26Z,1805412026-04-17,18054,2026-04-17,SCHEDULED,60,1.0
2026-04-18T05:55:26Z,0587112026-04-17,05871,2026-04-17,SCHEDULED,360,6.0
2026-04-18T05:55:26Z,0827512026-04-17,08275,2026-04-17,SCHEDULED,480,8.0
2026-04-18T05:55:26Z,0847512026-04-17,08475,2026-04-17,SCHEDULED,540,9.0
2026-04-18T05:55:26Z,0907222026-04-17,09072,2026-04-17,SCHEDULED,-120,-2.0
2026-04-18T05:55:26Z,0907212026-04-17,09072,2026-04-17,SCHEDULED,-120,-2.0
2026-04-18T05:55:26Z,1300322026-04-17,13003,2026-04-17,SCHEDULED,180,3.0
2026-04-18T05:55:26Z,1300312026-04-17,13003,2026-04-17,SCHEDULED,180,3.0
2026-04-18T05:55:26Z,0907312026-04-17,09073,2026-04-17,SCHEDULED,60,1.0
2026-04-18T05:55:26Z,1304112026-04-17,13041,2026-04-17,SCHEDULED,240,4.0
2026-04-18T05:55:26Z,1003012026-04-18,10030,2026-04-18,SCHEDULED,120,2.0
2026-04-18T05:55:26Z,1320312026-04-17,13203,2026-04-17,SCHEDULED,120,2.0
2026-04-18T05:55:26Z,1390012026-04-17,13900,2026-04-17,SCHEDULED,420,7.0
2026-04-18T05:55:26Z,1390112026-04-17,13901,2026-04-17,SCHEDULED,-420,-7.0
2026-04-18T05:55:26Z,0063142026-04-18,00631,2026-04-18,SCHEDULED,120,2.0
2026-04-18T05:55:26Z,0063132026-04-18,00631,2026-04-18,SCHEDULED,120,2.0
2026-04-18T05:55:26Z,0063112026-04-18,00631,2026-04-18,SCHEDULED,120,2.0
2026-04-18T05:55:26Z,0063122026-04-18,00631,2026-04-18,SCHEDULED,120,2.0
2026-04-18T05:55:26Z,0069712026-04-18,00697,2026-04-18,SCHEDULED,120,2.0
2026-04-18T05:55:26Z,1093012026-04-18,10930,2026-04-18,SCHEDULED,900,15.0
2026-04-18T05:55:26Z,1412362026-04-17,14123,2026-04-17,SCHEDULED,660,11.0
2026-04-18T05:55:26Z,1412342026-04-17,14123,2026-04-17,SCHEDULED,660,11.0
2026-04-18T05:55:26Z,1412352026-04-17,14123,2026-04-17,SCHEDULED,660,11.0
2026-04-18T05:55:26Z,1412312026-04-17,14123,2026-04-17,SCHEDULED,660,11.0
2026-04-18T05:55:26Z,1412332026-04-17,14123,2026-04-17,SCHEDULED,660,11.0
2026-04-18T05:55:26Z,1412322026-04-17,14123,2026-04-17,SCHEDULED,660,11.0
2026-04-18T05:55:26Z,0062122026-04-18,00621,2026-04-18,SCHEDULED,120,2.0
2026-04-18T05:55:26Z,0062132026-04-18,00621,2026-04-18,SCHEDULED,120,2.0
2026-04-18T05:55:26Z,0062152026-04-18,00621,2026-04-18,SCHEDULED,120,2.0
2026-04-18T05:55:26Z,0062112026-04-18,00621,2026-04-18,SCHEDULED,120,2.0
2026-04-18T05:55:26Z,0062142026-04-18,00621,2026-04-18,SCHEDULED,120,2.0
2026-04-18T05:55:26Z,1503112026-04-17,15031,2026-04-17,SCHEDULED,240,4.0
2026-04-18T05:55:26Z,1505112026-04-17,15051,2026-04-17,SCHEDULED,540,9.0
2026-04-18T05:55:26Z,1210112026-04-17,12101,2026-04-17,SCHEDULED,-60,-1.0
2026-04-18T05:55:26Z,1210122026-04-17,12101,2026-04-17,SCHEDULED,-60,-1.0
2026-04-18T05:55:26Z,1210142026-04-17,12101,2026-04-17,SCHEDULED,-60,-1.0
2026-04-18T05:55:26Z,1261312026-04-17,12613,2026-04-17,SCHEDULED,300,5.0
2026-04-18T05:55:26Z,1521212026-04-17,15212,2026-04-17,SCHEDULED,240,4.0
2026-04-18T05:55:26Z,1261112026-04-17,12611,2026-04-17,SCHEDULED,420,7.0
2026-04-18T05:55:26Z,1562122026-04-17,15621,2026-04-17,SCHEDULED,60,1.0
2026-04-18T05:55:26Z,1562112026-04-17,15621,2026-04-17,SCHEDULED,60,1.0
2026-04-18T05:55:26Z,1264112026-04-17,12641,2026-04-17,SCHEDULED,60,1.0
2026-04-18T05:55:26Z,1248012026-04-17,12480,2026-04-17,SCHEDULED,180,3.0
2026-04-18T05:55:26Z,1264412026-04-17,12644,2026-04-17,SCHEDULED,120,2.0
2026-04-18T05:55:26Z,1401412026-04-17,14014,2026-04-17,SCHEDULED,240,4.0
2026-04-18T05:55:26Z,1296112026-04-17,12961,2026-04-17,SCHEDULED,60,1.0
2026-04-18T05:55:26Z,1300212026-04-17,13002,2026-04-17,SCHEDULED,180,3.0
2026-04-18T05:55:26Z,1877562026-04-17,18775,2026-04-17,SCHEDULED,120,2.0
2026-04-18T05:55:26Z,1877542026-04-17,18775,2026-04-17,SCHEDULED,120,2.0
2026-04-18T05:55:26Z,1877512026-04-17,18775,2026-04-17,SCHEDULED,120,2.0
2026-04-18T05:55:26Z,1877532026-04-17,18775,2026-04-17,SCHEDULED,120,2.0
2026-04-18T05:55:26Z,0053322026-04-18,00533,2026-04-18,SCHEDULED,180,3.0
2026-04-18T05:55:26Z,0053312026-04-18,00533,2026-04-18,SCHEDULED,180,3.0
2026-04-18T05:55:26Z,3586912026-04-17,35869,2026-04-17,SCHEDULED,1080,18.0
2026-04-18T05:55:26Z,0107212026-04-18,01072,2026-04-18,SCHEDULED,540,9.0
2026-04-18T05:55:26Z,1800212026-04-17,18002,2026-04-17,SCHEDULED,-300,-5.0
2026-04-18T05:55:26Z,1800222026-04-17,18002,2026-04-17,SCHEDULED,-300,-5.0
2026-04-18T05:55:26Z,1800242026-04-17,18002,2026-04-17,SCHEDULED,-300,-5.0
2026-04-18T05:55:26Z,0206112026-04-17,02061,2026-04-17,SCHEDULED,720,12.0
2026-04-18T05:55:26Z,0207012026-04-17,02070,2026-04-17,SCHEDULED,360,6.0
2026-04-18T05:55:26Z,3505422026-04-17,35054,2026-04-17,SCHEDULED,780,13.0
2026-04-18T05:55:26Z,3505412026-04-17,35054,2026-04-17,SCHEDULED,780,13.0
2026-04-18T05:55:26Z,0207112026-04-17,02071,2026-04-17,SCHEDULED,1080,18.0
2026-04-18T05:55:26Z,0207412026-04-18,02074,2026-04-18,SCHEDULED,300,5.0
2026-04-18T05:55:26Z,0207512026-04-18,02075,2026-04-18,SCHEDULED,180,3.0
2026-04-18T05:55:26Z,0207612026-04-17,02076,2026-04-17,SCHEDULED,120,2.0
2026-04-18T05:55:26Z,7183012026-04-17,71830,2026-04-17,SCHEDULED,300,5.0
2026-04-18T05:55:26Z,0306242026-04-17,03062,2026-04-17,SCHEDULED,60,1.0
2026-04-18T05:55:26Z,0306232026-04-17,03062,2026-04-17,SCHEDULED,60,1.0
2026-04-18T05:55:26Z,0306212026-04-17,03062,2026-04-17,SCHEDULED,60,1.0
2026-04-18T05:55:26Z,0306222026-04-17,03062,2026-04-17,SCHEDULED,60,1.0
2026-04-18T05:55:26Z,1580612026-04-17,15806,2026-04-17,SCHEDULED,960,16.0
2026-04-18T05:55:26Z,0307322026-04-17,03073,2026-04-17,SCHEDULED,60,1.0
2026-04-18T05:55:26Z,0307312026-04-17,03073,2026-04-17,SCHEDULED,60,1.0
2026-04-18T05:55:26Z,1812112026-04-17,18121,2026-04-17,SCHEDULED,240,4.0
2026-04-18T05:55:26Z,1832122026-04-17,18321,2026-04-17,SCHEDULED,180,3.0
2026-04-18T05:55:26Z,1832112026-04-17,18321,2026-04-17,SCHEDULED,180,3.0
2026-04-18T05:55:26Z,0306242026-04-17,03062,2026-04-17,SCHEDULED,120,2.0
2026-04-18T05:55:26Z,0306232026-04-17,03062,2026-04-17,SCHEDULED,120,2.0
2026-04-18T05:55:26Z,0306212026-04-17,03062,2026-04-17,SCHEDULED,120,2.0
2026-04-18T05:55:26Z,0306222026-04-17,03062,2026-04-17,SCHEDULED,120,2.0
2026-04-18T05:55:26Z,0331112026-04-17,03311,2026-04-17,SCHEDULED,60,1.0
2026-04-18T05:55:26Z,1801012026-04-17,18010,2026-04-17,SCHEDULED,180,3.0
2026-04-18T05:55:26Z,1801022026-04-17,18010,2026-04-17,SCHEDULED,180,3.0
2026-04-18T05:55:26Z,1801032026-04-17,18010,2026-04-17,SCHEDULED,180,3.0
2026-04-18T05:55:26Z,0407112026-04-18,04071,2026-04-18,SCHEDULED,180,3.0
2026-04-18T05:55:26Z,0407122026-04-18,04071,2026-04-18,SCHEDULED,180,3.0
2026-04-18T05:55:26Z,0407132026-04-18,04071,2026-04-18,SCHEDULED,180,3.0
2026-04-18T05:55:26Z,1890012026-04-17,18900,2026-04-17,SCHEDULED,120,2.0
2026-04-18T05:55:26Z,0418642026-04-18,04186,2026-04-18,SCHEDULED,1140,19.0
2026-04-18T05:55:26Z,0418632026-04-18,04186,2026-04-18,SCHEDULED,1140,19.0
2026-04-18T05:55:26Z,0418612026-04-18,04186,2026-04-18,SCHEDULED,1140,19.0
2026-04-18T05:55:26Z,0418622026-04-18,04186,2026-04-18,SCHEDULED,1140,19.0
2026-04-18T05:55:26Z,1891012026-04-17,18910,2026-04-17,SCHEDULED,420,7.0
2026-04-18T05:55:26Z,1443522026-04-17,14435,2026-04-17,SCHEDULED,60,1.0
2026-04-18T05:55:26Z,1443512026-04-17,14435,2026-04-17,SCHEDULED,60,1.0
2026-04-18T05:55:26Z,0408712026-04-18,04087,2026-04-18,SCHEDULED,300,5.0
2026-04-18T05:55:26Z,1505012026-04-17,15050,2026-04-17,SCHEDULED,1440,24.0
2026-04-18T05:55:26Z,1600012026-04-17,16000,2026-04-17,SCHEDULED,60,1.0
2026-04-18T05:55:26Z,1801812026-04-17,18018,2026-04-17,SCHEDULED,120,2.0
2026-04-18T05:55:26Z,0407222026-04-18,04072,2026-04-18,SCHEDULED,120,2.0
2026-04-18T05:55:26Z,0407212026-04-18,04072,2026-04-18,SCHEDULED,120,2.0
2026-04-18T05:55:26Z,0447512026-04-17,04475,2026-04-17,SCHEDULED,180,3.0
2026-04-18T05:55:26Z,0415422026-04-17,04154,2026-04-17,SCHEDULED,420,7.0
2026-04-18T05:55:26Z,0415412026-04-17,04154,2026-04-17,SCHEDULED,420,7.0
2026-04-18T05:55:26Z,0446412026-04-17,04464,2026-04-17,SCHEDULED,540,9.0
2026-04-18T05:55:26Z,0436422026-04-17,04364,2026-04-17,SCHEDULED,240,4.0
2026-04-18T05:55:26Z,0436412026-04-17,04364,2026-04-17,SCHEDULED,240,4.0
2026-04-18T05:55:26Z,0506422026-04-17,05064,2026-04-17,SCHEDULED,180,3.0
2026-04-18T05:55:26Z,0506412026-04-17,05064,2026-04-17,SCHEDULED,180,3.0
2026-04-18T05:55:26Z,0507212026-04-17,05072,2026-04-17,SCHEDULED,300,5.0
2026-04-18T05:55:26Z,1806612026-04-17,18066,2026-04-17,CANCELED,,
2026-04-18T05:55:26Z,1563322026-04-17,15633,2026-04-17,CANCELED,,
2026-04-18T05:55:26Z,1563312026-04-17,15633,2026-04-17,CANCELED,,
2026-04-18T05:55:26Z,3820912026-04-17,38209,2026-04-17,CANCELED,,
2026-04-18T05:55:26Z,1720012026-04-17,17200,2026-04-17,CANCELED,,
2026-04-18T05:55:26Z,1800912026-04-17,18009,2026-04-17,CANCELED,,
2026-04-18T05:55:26Z,3820012026-04-17,38200,2026-04-17,CANCELED,,
2026-04-18T05:55:26Z,0116212026-04-17,01162,2026-04-17,CANCELED,,
2026-04-18T05:55:26Z,7182012026-04-17,71820,2026-04-17,CANCELED,,
2026-04-18T05:55:26Z,0819912026-04-17,08199,2026-04-17,CANCELED,,
2026-04-18T05:55:26Z,7183312026-04-17,71833,2026-04-17,CANCELED,,
2026-04-18T05:55:26Z,1262312026-04-17,12623,2026-04-17,CANCELED,,
2026-04-18T06:00:48Z,0507212026-04-17,05072,2026-04-17,SCHEDULED,300,5.0
2026-04-18T06:00:48Z,1577212026-04-17,15772,2026-04-17,SCHEDULED,1320,22.0
2026-04-18T06:00:48Z,1580012026-04-17,15800,2026-04-17,SCHEDULED,240,4.0
2026-04-18T06:00:48Z,0527322026-04-17,05273,2026-04-17,SCHEDULED,60,1.0
2026-04-18T06:00:48Z,0527312026-04-17,05273,2026-04-17,SCHEDULED,60,1.0
2026-04-18T06:00:48Z,1585212026-04-17,15852,2026-04-17,SCHEDULED,-60,-1.0
2026-04-18T06:00:48Z,1590212026-04-17,15902,2026-04-17,SCHEDULED,240,4.0
2026-04-18T06:00:48Z,1702112026-04-17,17021,2026-04-17,SCHEDULED,60,1.0
2026-04-18T06:00:48Z,0566812026-04-17,05668,2026-04-17,SCHEDULED,360,6.0
2026-04-18T06:00:48Z,1770312026-04-17,17703,2026-04-17,SCHEDULED,120,2.0
2026-04-18T06:00:48Z,0576312026-04-17,05763,2026-04-17,SCHEDULED,-120,-2.0
2026-04-18T06:00:48Z,0576322026-04-17,05763,2026-04-17,SCHEDULED,-120,-2.0
2026-04-18T06:00:48Z,0576332026-04-17,05763,2026-04-17,SCHEDULED,-120,-2.0
2026-04-18T06:00:48Z,0587112026-04-17,05871,2026-04-17,SCHEDULED,360,6.0
2026-04-18T06:00:48Z,1807112026-04-17,18071,2026-04-17,SCHEDULED,-120,-2.0
2026-04-18T06:00:48Z,0808512026-04-17,08085,2026-04-17,SCHEDULED,300,5.0
2026-04-18T06:00:48Z,0827512026-04-17,08275,2026-04-17,SCHEDULED,480,8.0
2026-04-18T06:00:48Z,0847512026-04-17,08475,2026-04-17,SCHEDULED,480,8.0
2026-04-18T06:00:48Z,1300212026-04-17,13002,2026-04-17,SCHEDULED,240,4.0
2026-04-18T06:00:48Z,0907222026-04-17,09072,2026-04-17,SCHEDULED,-120,-2.0
2026-04-18T06:00:48Z,0907212026-04-17,09072,2026-04-17,SCHEDULED,-120,-2.0
2026-04-18T06:00:48Z,0907312026-04-17,09073,2026-04-17,SCHEDULED,60,1.0
2026-04-18T06:00:48Z,1300322026-04-17,13003,2026-04-17,SCHEDULED,180,3.0
2026-04-18T06:00:48Z,1300312026-04-17,13003,2026-04-17,SCHEDULED,180,3.0
2026-04-18T06:00:48Z,1304112026-04-17,13041,2026-04-17,SCHEDULED,180,3.0
2026-04-18T06:00:48Z,1003012026-04-18,10030,2026-04-18,SCHEDULED,120,2.0
2026-04-18T06:00:48Z,1395112026-04-17,13951,2026-04-17,SCHEDULED,-60,-1.0
2026-04-18T06:00:48Z,1320312026-04-17,13203,2026-04-17,SCHEDULED,120,2.0
2026-04-18T06:00:48Z,1390012026-04-17,13900,2026-04-17,SCHEDULED,720,12.0
2026-04-18T06:00:48Z,0063142026-04-18,00631,2026-04-18,SCHEDULED,120,2.0
2026-04-18T06:00:48Z,0063132026-04-18,00631,2026-04-18,SCHEDULED,120,2.0
2026-04-18T06:00:48Z,0063112026-04-18,00631,2026-04-18,SCHEDULED,120,2.0
2026-04-18T06:00:48Z,0063122026-04-18,00631,2026-04-18,SCHEDULED,120,2.0
2026-04-18T06:00:48Z,1390112026-04-17,13901,2026-04-17,SCHEDULED,-240,-4.0
2026-04-18T06:00:48Z,0069712026-04-18,00697,2026-04-18,SCHEDULED,480,8.0
2026-04-18T06:00:48Z,1093012026-04-18,10930,2026-04-18,SCHEDULED,840,14.0
2026-04-18T06:00:48Z,0062122026-04-18,00621,2026-04-18,SCHEDULED,120,2.0
2026-04-18T06:00:48Z,0062132026-04-18,00621,2026-04-18,SCHEDULED,120,2.0
2026-04-18T06:00:48Z,0062152026-04-18,00621,2026-04-18,SCHEDULED,120,2.0
2026-04-18T06:00:48Z,0062112026-04-18,00621,2026-04-18,SCHEDULED,120,2.0
2026-04-18T06:00:48Z,0062142026-04-18,00621,2026-04-18,SCHEDULED,120,2.0
2026-04-18T06:00:48Z,1412362026-04-17,14123,2026-04-17,SCHEDULED,60,1.0
2026-04-18T06:00:48Z,1412342026-04-17,14123,2026-04-17,SCHEDULED,60,1.0
2026-04-18T06:00:48Z,1412352026-04-17,14123,2026-04-17,SCHEDULED,60,1.0
2026-04-18T06:00:48Z,1412312026-04-17,14123,2026-04-17,SCHEDULED,60,1.0
2026-04-18T06:00:48Z,1412332026-04-17,14123,2026-04-17,SCHEDULED,60,1.0
2026-04-18T06:00:48Z,1412322026-04-17,14123,2026-04-17,SCHEDULED,60,1.0
2026-04-18T06:00:48Z,1261312026-04-17,12613,2026-04-17,SCHEDULED,300,5.0
2026-04-18T06:00:48Z,1261112026-04-17,12611,2026-04-17,SCHEDULED,540,9.0
2026-04-18T06:00:48Z,1264112026-04-17,12641,2026-04-17,SCHEDULED,60,1.0
2026-04-18T06:00:48Z,1264412026-04-17,12644,2026-04-17,SCHEDULED,120,2.0
2026-04-18T06:00:48Z,1503112026-04-17,15031,2026-04-17,SCHEDULED,180,3.0
2026-04-18T06:00:48Z,1268012026-04-17,12680,2026-04-17,SCHEDULED,60,1.0
2026-04-18T06:00:48Z,1521212026-04-17,15212,2026-04-17,SCHEDULED,300,5.0
2026-04-18T06:00:48Z,1296112026-04-17,12961,2026-04-17,SCHEDULED,120,2.0
2026-04-18T06:00:48Z,1562122026-04-17,15621,2026-04-17,SCHEDULED,-60,-1.0
2026-04-18T06:00:48Z,1562112026-04-17,15621,2026-04-17,SCHEDULED,-60,-1.0
2026-04-18T06:00:48Z,0053322026-04-18,00533,2026-04-18,SCHEDULED,180,3.0
2026-04-18T06:00:48Z,0053312026-04-18,00533,2026-04-18,SCHEDULED,180,3.0
2026-04-18T06:00:48Z,1563222026-04-17,15632,2026-04-17,SCHEDULED,180,3.0
2026-04-18T06:00:48Z,1563212026-04-17,15632,2026-04-17,SCHEDULED,180,3.0
2026-04-18T06:00:48Z,0107212026-04-18,01072,2026-04-18,SCHEDULED,480,8.0
2026-04-18T06:00:48Z,0109212026-04-17,01092,2026-04-17,SCHEDULED,240,4.0
2026-04-18T06:00:48Z,1401412026-04-17,14014,2026-04-17,SCHEDULED,240,4.0
2026-04-18T06:00:48Z,0206112026-04-17,02061,2026-04-17,SCHEDULED,780,13.0
2026-04-18T06:00:48Z,0207012026-04-17,02070,2026-04-17,SCHEDULED,360,6.0
2026-04-18T06:00:48Z,1877562026-04-17,18775,2026-04-17,SCHEDULED,180,3.0
2026-04-18T06:00:48Z,1877542026-04-17,18775,2026-04-17,SCHEDULED,180,3.0
2026-04-18T06:00:48Z,1877512026-04-17,18775,2026-04-17,SCHEDULED,180,3.0
2026-04-18T06:00:48Z,1877532026-04-17,18775,2026-04-17,SCHEDULED,180,3.0
2026-04-18T06:00:48Z,0207112026-04-17,02071,2026-04-17,SCHEDULED,1080,18.0
2026-04-18T06:00:48Z,3586912026-04-17,35869,2026-04-17,SCHEDULED,1080,18.0
2026-04-18T06:00:48Z,0207412026-04-18,02074,2026-04-18,SCHEDULED,240,4.0
2026-04-18T06:00:48Z,0207512026-04-18,02075,2026-04-18,SCHEDULED,420,7.0
2026-04-18T06:00:48Z,1800212026-04-17,18002,2026-04-17,SCHEDULED,-300,-5.0
2026-04-18T06:00:48Z,1800222026-04-17,18002,2026-04-17,SCHEDULED,-300,-5.0
2026-04-18T06:00:48Z,1800242026-04-17,18002,2026-04-17,SCHEDULED,-300,-5.0
2026-04-18T06:00:48Z,0207612026-04-17,02076,2026-04-17,SCHEDULED,60,1.0
2026-04-18T06:00:48Z,3505422026-04-17,35054,2026-04-17,SCHEDULED,1020,17.0
2026-04-18T06:00:48Z,3505412026-04-17,35054,2026-04-17,SCHEDULED,1020,17.0
2026-04-18T06:00:48Z,0306242026-04-17,03062,2026-04-17,SCHEDULED,60,1.0
2026-04-18T06:00:48Z,0306232026-04-17,03062,2026-04-17,SCHEDULED,60,1.0
2026-04-18T06:00:48Z,0306212026-04-17,03062,2026-04-17,SCHEDULED,60,1.0
2026-04-18T06:00:48Z,0306222026-04-17,03062,2026-04-17,SCHEDULED,60,1.0
2026-04-18T06:00:48Z,7183012026-04-17,71830,2026-04-17,SCHEDULED,60,1.0
2026-04-18T06:00:48Z,7183112026-04-17,71831,2026-04-17,SCHEDULED,60,1.0
2026-04-18T06:00:48Z,1580612026-04-17,15806,2026-04-17,SCHEDULED,960,16.0
2026-04-18T06:00:48Z,1812112026-04-17,18121,2026-04-17,SCHEDULED,240,4.0
2026-04-18T06:00:48Z,1832122026-04-17,18321,2026-04-17,SCHEDULED,180,3.0
2026-04-18T06:00:48Z,1832112026-04-17,18321,2026-04-17,SCHEDULED,180,3.0
2026-04-18T06:00:48Z,0306242026-04-17,03062,2026-04-17,SCHEDULED,180,3.0
2026-04-18T06:00:48Z,0306232026-04-17,03062,2026-04-17,SCHEDULED,180,3.0
2026-04-18T06:00:48Z,0306212026-04-17,03062,2026-04-17,SCHEDULED,180,3.0
2026-04-18T06:00:48Z,0306222026-04-17,03062,2026-04-17,SCHEDULED,180,3.0
2026-04-18T06:00:48Z,0331112026-04-17,03311,2026-04-17,SCHEDULED,120,2.0
2026-04-18T06:00:48Z,1801012026-04-17,18010,2026-04-17,SCHEDULED,120,2.0
2026-04-18T06:00:48Z,1801022026-04-17,18010,2026-04-17,SCHEDULED,120,2.0
2026-04-18T06:00:48Z,1801032026-04-17,18010,2026-04-17,SCHEDULED,120,2.0
2026-04-18T06:00:48Z,1833122026-04-17,18331,2026-04-17,SCHEDULED,120,2.0
2026-04-18T06:00:48Z,1833112026-04-17,18331,2026-04-17,SCHEDULED,120,2.0
2026-04-18T06:00:48Z,0407112026-04-18,04071,2026-04-18,SCHEDULED,180,3.0
2026-04-18T06:00:48Z,0407122026-04-18,04071,2026-04-18,SCHEDULED,180,3.0
2026-04-18T06:00:48Z,0407132026-04-18,04071,2026-04-18,SCHEDULED,180,3.0
2026-04-18T06:00:48Z,1890012026-04-17,18900,2026-04-17,SCHEDULED,120,2.0
2026-04-18T06:00:48Z,1891012026-04-17,18910,2026-04-17,SCHEDULED,600,10.0
2026-04-18T06:00:48Z,0418642026-04-18,04186,2026-04-18,SCHEDULED,1140,19.0
2026-04-18T06:00:48Z,0418632026-04-18,04186,2026-04-18,SCHEDULED,1140,19.0
2026-04-18T06:00:48Z,0418612026-04-18,04186,2026-04-18,SCHEDULED,1140,19.0
2026-04-18T06:00:48Z,0418622026-04-18,04186,2026-04-18,SCHEDULED,1140,19.0
2026-04-18T06:00:48Z,1443522026-04-17,14435,2026-04-17,SCHEDULED,60,1.0
2026-04-18T06:00:48Z,1443512026-04-17,14435,2026-04-17,SCHEDULED,60,1.0
2026-04-18T06:00:48Z,0408712026-04-18,04087,2026-04-18,SCHEDULED,420,7.0
2026-04-18T06:00:48Z,1505012026-04-17,15050,2026-04-17,SCHEDULED,1440,24.0
2026-04-18T06:00:48Z,1600012026-04-17,16000,2026-04-17,SCHEDULED,60,1.0
2026-04-18T06:00:48Z,1801812026-04-17,18018,2026-04-17,SCHEDULED,120,2.0
2026-04-18T06:00:48Z,1248012026-04-17,12480,2026-04-17,SCHEDULED,180,3.0
2026-04-18T06:00:48Z,0407222026-04-18,04072,2026-04-18,SCHEDULED,120,2.0
2026-04-18T06:00:48Z,0407212026-04-18,04072,2026-04-18,SCHEDULED,120,2.0
2026-04-18T06:00:48Z,0447512026-04-17,04475,2026-04-17,SCHEDULED,120,2.0
2026-04-18T06:00:48Z,0415422026-04-17,04154,2026-04-17,SCHEDULED,420,7.0
2026-04-18T06:00:48Z,0415412026-04-17,04154,2026-04-17,SCHEDULED,420,7.0
2026-04-18T06:00:48Z,0446412026-04-17,04464,2026-04-17,SCHEDULED,540,9.0
2026-04-18T06:00:48Z,0436422026-04-17,04364,2026-04-17,SCHEDULED,360,6.0
2026-04-18T06:00:48Z,0436412026-04-17,04364,2026-04-17,SCHEDULED,360,6.0
2026-04-18T06:00:48Z,0506422026-04-17,05064,2026-04-17,SCHEDULED,180,3.0
2026-04-18T06:00:48Z,0506412026-04-17,05064,2026-04-17,SCHEDULED,180,3.0
2026-04-18T06:00:48Z,1806612026-04-17,18066,2026-04-17,CANCELED,,
2026-04-18T06:00:48Z,1563322026-04-17,15633,2026-04-17,CANCELED,,
2026-04-18T06:00:48Z,1563312026-04-17,15633,2026-04-17,CANCELED,,
2026-04-18T06:00:48Z,3820912026-04-17,38209,2026-04-17,CANCELED,,
2026-04-18T06:00:48Z,1720012026-04-17,17200,2026-04-17,CANCELED,,
2026-04-18T06:00:48Z,3820012026-04-17,38200,2026-04-17,CANCELED,,
2026-04-18T06:00:48Z,1800912026-04-17,18009,2026-04-17,CANCELED,,
2026-04-18T06:00:48Z,0116212026-04-17,01162,2026-04-17,CANCELED,,
2026-04-18T06:00:48Z,7182012026-04-17,71820,2026-04-17,CANCELED,,
2026-04-18T06:00:48Z,0819912026-04-17,08199,2026-04-17,CANCELED,,
2026-04-18T06:00:48Z,7183312026-04-17,71833,2026-04-17,CANCELED,,
2026-04-18T06:00:48Z,1262312026-04-17,12623,2026-04-17,CANCELED,,
2026-04-18T06:01:39Z,0507212026-04-17,05072,2026-04-17,SCHEDULED,300,5.0
2026-04-18T06:01:39Z,1577212026-04-17,15772,2026-04-17,SCHEDULED,1320,22.0
2026-04-18T06:01:39Z,1580012026-04-17,15800,2026-04-17,SCHEDULED,240,4.0
2026-04-18T06:01:39Z,0527322026-04-17,05273,2026-04-17,SCHEDULED,60,1.0
2026-04-18T06:01:39Z,0527312026-04-17,05273,2026-04-17,SCHEDULED,60,1.0
2026-04-18T06:01:39Z,1585212026-04-17,15852,2026-04-17,SCHEDULED,-60,-1.0
2026-04-18T06:01:39Z,1590212026-04-17,15902,2026-04-17,SCHEDULED,240,4.0
2026-04-18T06:01:39Z,0566812026-04-17,05668,2026-04-17,SCHEDULED,360,6.0
2026-04-18T06:01:39Z,1702112026-04-17,17021,2026-04-17,SCHEDULED,60,1.0
2026-04-18T06:01:39Z,1770312026-04-17,17703,2026-04-17,SCHEDULED,120,2.0
2026-04-18T06:01:39Z,0576312026-04-17,05763,2026-04-17,SCHEDULED,-120,-2.0
2026-04-18T06:01:39Z,0576322026-04-17,05763,2026-04-17,SCHEDULED,-120,-2.0
2026-04-18T06:01:39Z,0576332026-04-17,05763,2026-04-17,SCHEDULED,-120,-2.0
2026-04-18T06:01:39Z,0587112026-04-17,05871,2026-04-17,SCHEDULED,360,6.0
2026-04-18T06:01:39Z,0808512026-04-17,08085,2026-04-17,SCHEDULED,300,5.0
2026-04-18T06:01:39Z,1807112026-04-17,18071,2026-04-17,SCHEDULED,-60,-1.0
2026-04-18T06:01:39Z,0827512026-04-17,08275,2026-04-17,SCHEDULED,480,8.0
2026-04-18T06:01:39Z,0847512026-04-17,08475,2026-04-17,SCHEDULED,480,8.0
2026-04-18T06:01:39Z,0907222026-04-17,09072,2026-04-17,SCHEDULED,-120,-2.0
2026-04-18T06:01:39Z,0907212026-04-17,09072,2026-04-17,SCHEDULED,-120,-2.0
2026-04-18T06:01:39Z,0907312026-04-17,09073,2026-04-17,SCHEDULED,60,1.0
2026-04-18T06:01:39Z,1300212026-04-17,13002,2026-04-17,SCHEDULED,240,4.0
2026-04-18T06:01:39Z,1300322026-04-17,13003,2026-04-17,SCHEDULED,180,3.0
2026-04-18T06:01:39Z,1300312026-04-17,13003,2026-04-17,SCHEDULED,180,3.0
2026-04-18T06:01:39Z,1003012026-04-18,10030,2026-04-18,SCHEDULED,60,1.0
2026-04-18T06:01:39Z,1304112026-04-17,13041,2026-04-17,SCHEDULED,120,2.0
2026-04-18T06:01:39Z,1395112026-04-17,13951,2026-04-17,SCHEDULED,-60,-1.0
2026-04-18T06:01:39Z,1320312026-04-17,13203,2026-04-17,SCHEDULED,120,2.0
2026-04-18T06:01:39Z,1390012026-04-17,13900,2026-04-17,SCHEDULED,720,12.0
2026-04-18T06:01:39Z,0063142026-04-18,00631,2026-04-18,SCHEDULED,120,2.0
2026-04-18T06:01:39Z,0063132026-04-18,00631,2026-04-18,SCHEDULED,120,2.0
2026-04-18T06:01:39Z,0063112026-04-18,00631,2026-04-18,SCHEDULED,120,2.0
2026-04-18T06:01:39Z,0063122026-04-18,00631,2026-04-18,SCHEDULED,120,2.0
2026-04-18T06:01:39Z,1390112026-04-17,13901,2026-04-17,SCHEDULED,-240,-4.0
2026-04-18T06:01:39Z,0069712026-04-18,00697,2026-04-18,SCHEDULED,600,10.0
2026-04-18T06:01:39Z,1093012026-04-18,10930,2026-04-18,SCHEDULED,900,15.0
2026-04-18T06:01:39Z,1412362026-04-17,14123,2026-04-17,SCHEDULED,60,1.0
2026-04-18T06:01:39Z,1412342026-04-17,14123,2026-04-17,SCHEDULED,60,1.0
2026-04-18T06:01:39Z,1412352026-04-17,14123,2026-04-17,SCHEDULED,60,1.0
2026-04-18T06:01:39Z,1412312026-04-17,14123,2026-04-17,SCHEDULED,60,1.0
2026-04-18T06:01:39Z,1412332026-04-17,14123,2026-04-17,SCHEDULED,60,1.0
2026-04-18T06:01:39Z,1412322026-04-17,14123,2026-04-17,SCHEDULED,60,1.0
2026-04-18T06:01:39Z,0062122026-04-18,00621,2026-04-18,SCHEDULED,120,2.0
2026-04-18T06:01:39Z,0062132026-04-18,00621,2026-04-18,SCHEDULED,120,2.0
2026-04-18T06:01:39Z,0062152026-04-18,00621,2026-04-18,SCHEDULED,120,2.0
2026-04-18T06:01:39Z,0062112026-04-18,00621,2026-04-18,SCHEDULED,120,2.0
2026-04-18T06:01:39Z,0062142026-04-18,00621,2026-04-18,SCHEDULED,120,2.0
2026-04-18T06:01:39Z,1503112026-04-17,15031,2026-04-17,SCHEDULED,180,3.0
2026-04-18T06:01:39Z,1521212026-04-17,15212,2026-04-17,SCHEDULED,300,5.0
2026-04-18T06:01:39Z,1261312026-04-17,12613,2026-04-17,SCHEDULED,300,5.0
2026-04-18T06:01:39Z,1562122026-04-17,15621,2026-04-17,SCHEDULED,-60,-1.0
2026-04-18T06:01:39Z,1562112026-04-17,15621,2026-04-17,SCHEDULED,-60,-1.0
2026-04-18T06:01:39Z,1261112026-04-17,12611,2026-04-17,SCHEDULED,540,9.0
2026-04-18T06:01:39Z,1264112026-04-17,12641,2026-04-17,SCHEDULED,60,1.0
2026-04-18T06:01:39Z,1563222026-04-17,15632,2026-04-17,SCHEDULED,180,3.0
2026-04-18T06:01:39Z,1563212026-04-17,15632,2026-04-17,SCHEDULED,180,3.0
2026-04-18T06:01:39Z,1264412026-04-17,12644,2026-04-17,SCHEDULED,120,2.0
2026-04-18T06:01:39Z,1401412026-04-17,14014,2026-04-17,SCHEDULED,300,5.0
2026-04-18T06:01:39Z,1268012026-04-17,12680,2026-04-17,SCHEDULED,60,1.0
2026-04-18T06:01:39Z,1296112026-04-17,12961,2026-04-17,SCHEDULED,120,2.0
2026-04-18T06:01:39Z,0053322026-04-18,00533,2026-04-18,SCHEDULED,300,5.0
2026-04-18T06:01:39Z,0053312026-04-18,00533,2026-04-18,SCHEDULED,300,5.0
2026-04-18T06:01:39Z,1877562026-04-17,18775,2026-04-17,SCHEDULED,180,3.0
2026-04-18T06:01:39Z,1877542026-04-17,18775,2026-04-17,SCHEDULED,180,3.0
2026-04-18T06:01:39Z,1877512026-04-17,18775,2026-04-17,SCHEDULED,180,3.0
2026-04-18T06:01:39Z,1877532026-04-17,18775,2026-04-17,SCHEDULED,180,3.0
2026-04-18T06:01:39Z,0107212026-04-18,01072,2026-04-18,SCHEDULED,480,8.0
2026-04-18T06:01:39Z,3586912026-04-17,35869,2026-04-17,SCHEDULED,1080,18.0
2026-04-18T06:01:39Z,0109212026-04-17,01092,2026-04-17,SCHEDULED,240,4.0
2026-04-18T06:01:39Z,0206112026-04-17,02061,2026-04-17,SCHEDULED,780,13.0
2026-04-18T06:01:39Z,1800212026-04-17,18002,2026-04-17,SCHEDULED,-300,-5.0
2026-04-18T06:01:39Z,1800222026-04-17,18002,2026-04-17,SCHEDULED,-300,-5.0
2026-04-18T06:01:39Z,1800242026-04-17,18002,2026-04-17,SCHEDULED,-300,-5.0
2026-04-18T06:01:39Z,0207012026-04-17,02070,2026-04-17,SCHEDULED,480,8.0
2026-04-18T06:01:39Z,3505422026-04-17,35054,2026-04-17,SCHEDULED,1020,17.0
2026-04-18T06:01:39Z,3505412026-04-17,35054,2026-04-17,SCHEDULED,1020,17.0
2026-04-18T06:01:39Z,0207112026-04-17,02071,2026-04-17,SCHEDULED,1080,18.0
2026-04-18T06:01:39Z,0207412026-04-18,02074,2026-04-18,SCHEDULED,240,4.0
2026-04-18T06:01:39Z,0207512026-04-18,02075,2026-04-18,SCHEDULED,420,7.0
2026-04-18T06:01:39Z,7183012026-04-17,71830,2026-04-17,SCHEDULED,60,1.0
2026-04-18T06:01:39Z,7183112026-04-17,71831,2026-04-17,SCHEDULED,60,1.0
2026-04-18T06:01:39Z,0207612026-04-17,02076,2026-04-17,SCHEDULED,60,1.0
2026-04-18T06:01:39Z,1580612026-04-17,15806,2026-04-17,SCHEDULED,960,16.0
2026-04-18T06:01:39Z,1812112026-04-17,18121,2026-04-17,SCHEDULED,240,4.0
2026-04-18T06:01:39Z,0306242026-04-17,03062,2026-04-17,SCHEDULED,60,1.0
2026-04-18T06:01:39Z,0306232026-04-17,03062,2026-04-17,SCHEDULED,60,1.0
2026-04-18T06:01:39Z,0306212026-04-17,03062,2026-04-17,SCHEDULED,60,1.0
2026-04-18T06:01:39Z,0306222026-04-17,03062,2026-04-17,SCHEDULED,60,1.0
2026-04-18T06:01:39Z,1832122026-04-17,18321,2026-04-17,SCHEDULED,180,3.0
2026-04-18T06:01:39Z,1832112026-04-17,18321,2026-04-17,SCHEDULED,180,3.0
2026-04-18T06:01:39Z,1801012026-04-17,18010,2026-04-17,SCHEDULED,120,2.0
2026-04-18T06:01:39Z,1801022026-04-17,18010,2026-04-17,SCHEDULED,120,2.0
2026-04-18T06:01:39Z,1801032026-04-17,18010,2026-04-17,SCHEDULED,120,2.0
2026-04-18T06:01:39Z,1833122026-04-17,18331,2026-04-17,SCHEDULED,120,2.0
2026-04-18T06:01:39Z,1833112026-04-17,18331,2026-04-17,SCHEDULED,120,2.0
2026-04-18T06:01:39Z,0306242026-04-17,03062,2026-04-17,SCHEDULED,180,3.0
2026-04-18T06:01:39Z,0306232026-04-17,03062,2026-04-17,SCHEDULED,180,3.0
2026-04-18T06:01:39Z,0306212026-04-17,03062,2026-04-17,SCHEDULED,180,3.0
2026-04-18T06:01:39Z,0306222026-04-17,03062,2026-04-17,SCHEDULED,180,3.0
2026-04-18T06:01:39Z,0331112026-04-17,03311,2026-04-17,SCHEDULED,120,2.0
2026-04-18T06:01:39Z,1890012026-04-17,18900,2026-04-17,SCHEDULED,120,2.0
2026-04-18T06:01:39Z,1891012026-04-17,18910,2026-04-17,SCHEDULED,600,10.0
2026-04-18T06:01:39Z,0407112026-04-18,04071,2026-04-18,SCHEDULED,60,1.0
2026-04-18T06:01:39Z,0407122026-04-18,04071,2026-04-18,SCHEDULED,60,1.0
2026-04-18T06:01:39Z,0407132026-04-18,04071,2026-04-18,SCHEDULED,60,1.0
2026-04-18T06:01:39Z,1443522026-04-17,14435,2026-04-17,SCHEDULED,180,3.0
2026-04-18T06:01:39Z,1443512026-04-17,14435,2026-04-17,SCHEDULED,180,3.0
2026-04-18T06:01:39Z,1505012026-04-17,15050,2026-04-17,SCHEDULED,1440,24.0
2026-04-18T06:01:39Z,0418642026-04-18,04186,2026-04-18,SCHEDULED,1080,18.0
2026-04-18T06:01:39Z,0418632026-04-18,04186,2026-04-18,SCHEDULED,1080,18.0
2026-04-18T06:01:39Z,0418612026-04-18,04186,2026-04-18,SCHEDULED,1080,18.0
2026-04-18T06:01:39Z,0418622026-04-18,04186,2026-04-18,SCHEDULED,1080,18.0
2026-04-18T06:01:39Z,1600012026-04-17,16000,2026-04-17,SCHEDULED,60,1.0
2026-04-18T06:01:39Z,0408712026-04-18,04087,2026-04-18,SCHEDULED,300,5.0
2026-04-18T06:01:39Z,1801812026-04-17,18018,2026-04-17,SCHEDULED,120,2.0
2026-04-18T06:01:39Z,1248012026-04-17,12480,2026-04-17,SCHEDULED,180,3.0
2026-04-18T06:01:39Z,0407222026-04-18,04072,2026-04-18,SCHEDULED,120,2.0
2026-04-18T06:01:39Z,0407212026-04-18,04072,2026-04-18,SCHEDULED,120,2.0
2026-04-18T06:01:39Z,0447512026-04-17,04475,2026-04-17,SCHEDULED,120,2.0
2026-04-18T06:01:39Z,0415422026-04-17,04154,2026-04-17,SCHEDULED,420,7.0
2026-04-18T06:01:39Z,0415412026-04-17,04154,2026-04-17,SCHEDULED,420,7.0
2026-04-18T06:01:39Z,0446412026-04-17,04464,2026-04-17,SCHEDULED,540,9.0
2026-04-18T06:01:39Z,0436422026-04-17,04364,2026-04-17,SCHEDULED,360,6.0
2026-04-18T06:01:39Z,0436412026-04-17,04364,2026-04-17,SCHEDULED,360,6.0
2026-04-18T06:01:39Z,0506422026-04-17,05064,2026-04-17,SCHEDULED,180,3.0
2026-04-18T06:01:39Z,0506412026-04-17,05064,2026-04-17,SCHEDULED,180,3.0
2026-04-18T06:01:39Z,1806612026-04-17,18066,2026-04-17,CANCELED,,
2026-04-18T06:01:39Z,1563322026-04-17,15633,2026-04-17,CANCELED,,
2026-04-18T06:01:39Z,1563312026-04-17,15633,2026-04-17,CANCELED,,
2026-04-18T06:01:39Z,3820912026-04-17,38209,2026-04-17,CANCELED,,
2026-04-18T06:01:39Z,1720012026-04-17,17200,2026-04-17,CANCELED,,
2026-04-18T06:01:39Z,1800912026-04-17,18009,2026-04-17,CANCELED,,
2026-04-18T06:01:39Z,3820012026-04-17,38200,2026-04-17,CANCELED,,
2026-04-18T06:01:39Z,7182012026-04-17,71820,2026-04-17,CANCELED,,
2026-04-18T06:01:39Z,0116212026-04-17,01162,2026-04-17,CANCELED,,
2026-04-18T06:01:39Z,7183312026-04-17,71833,2026-04-17,CANCELED,,
2026-04-18T06:01:39Z,0819912026-04-17,08199,2026-04-17,CANCELED,,
2026-04-18T06:01:39Z,1262312026-04-17,12623,2026-04-17,CANCELED,,
