timestamp_utc,trip_id,tren,fecha_tren,estado,retraso_seg,retraso_min
2026-04-27T00:00:57Z,1304512026-04-25,13045,2026-04-25,CANCELED,,
2026-04-27T00:00:57Z,1720012026-04-25,17200,2026-04-25,CANCELED,,
2026-04-27T00:00:57Z,1260112026-04-25,12601,2026-04-25,CANCELED,,
2026-04-27T00:00:57Z,7185512026-04-25,71855,2026-04-25,CANCELED,,
2026-04-27T00:00:57Z,3820012026-04-25,38200,2026-04-25,CANCELED,,
2026-04-27T00:05:32Z,1720012026-04-25,17200,2026-04-25,CANCELED,,
2026-04-27T00:05:32Z,1304512026-04-25,13045,2026-04-25,CANCELED,,
2026-04-27T00:05:32Z,7185512026-04-25,71855,2026-04-25,CANCELED,,
2026-04-27T00:05:32Z,1260112026-04-25,12601,2026-04-25,CANCELED,,
2026-04-27T00:05:32Z,3820012026-04-25,38200,2026-04-25,CANCELED,,
2026-04-27T00:10:36Z,1304512026-04-25,13045,2026-04-25,CANCELED,,
2026-04-27T00:10:36Z,1720012026-04-25,17200,2026-04-25,CANCELED,,
2026-04-27T00:10:36Z,1260112026-04-25,12601,2026-04-25,CANCELED,,
2026-04-27T00:10:36Z,7185512026-04-25,71855,2026-04-25,CANCELED,,
2026-04-27T00:10:36Z,3820012026-04-25,38200,2026-04-25,CANCELED,,
2026-04-27T00:15:35Z,1720012026-04-25,17200,2026-04-25,CANCELED,,
2026-04-27T00:15:35Z,1304512026-04-25,13045,2026-04-25,CANCELED,,
2026-04-27T00:15:35Z,7185512026-04-25,71855,2026-04-25,CANCELED,,
2026-04-27T00:15:35Z,1260112026-04-25,12601,2026-04-25,CANCELED,,
2026-04-27T00:15:35Z,3820012026-04-25,38200,2026-04-25,CANCELED,,
2026-04-27T00:20:37Z,1304512026-04-25,13045,2026-04-25,CANCELED,,
2026-04-27T00:20:37Z,1720012026-04-25,17200,2026-04-25,CANCELED,,
2026-04-27T00:20:37Z,1260112026-04-25,12601,2026-04-25,CANCELED,,
2026-04-27T00:20:37Z,7185512026-04-25,71855,2026-04-25,CANCELED,,
2026-04-27T00:20:37Z,3820012026-04-25,38200,2026-04-25,CANCELED,,
2026-04-27T00:25:33Z,1720012026-04-25,17200,2026-04-25,CANCELED,,
2026-04-27T00:25:33Z,1304512026-04-25,13045,2026-04-25,CANCELED,,
2026-04-27T00:25:33Z,1260112026-04-25,12601,2026-04-25,CANCELED,,
2026-04-27T00:25:33Z,7185512026-04-25,71855,2026-04-25,CANCELED,,
2026-04-27T00:25:33Z,3820012026-04-25,38200,2026-04-25,CANCELED,,
2026-04-27T00:30:45Z,1720012026-04-25,17200,2026-04-25,CANCELED,,
2026-04-27T00:30:45Z,1304512026-04-25,13045,2026-04-25,CANCELED,,
2026-04-27T00:30:45Z,7185512026-04-25,71855,2026-04-25,CANCELED,,
2026-04-27T00:30:45Z,1260112026-04-25,12601,2026-04-25,CANCELED,,
2026-04-27T00:30:45Z,3820012026-04-25,38200,2026-04-25,CANCELED,,
2026-04-27T00:35:32Z,1304512026-04-25,13045,2026-04-25,CANCELED,,
2026-04-27T00:35:32Z,1720012026-04-25,17200,2026-04-25,CANCELED,,
2026-04-27T00:35:32Z,1260112026-04-25,12601,2026-04-25,CANCELED,,
2026-04-27T00:35:32Z,7185512026-04-25,71855,2026-04-25,CANCELED,,
2026-04-27T00:35:32Z,3820012026-04-25,38200,2026-04-25,CANCELED,,
2026-04-27T00:40:36Z,1720012026-04-25,17200,2026-04-25,CANCELED,,
2026-04-27T00:40:36Z,1304512026-04-25,13045,2026-04-25,CANCELED,,
2026-04-27T00:40:36Z,7185512026-04-25,71855,2026-04-25,CANCELED,,
2026-04-27T00:40:36Z,1260112026-04-25,12601,2026-04-25,CANCELED,,
2026-04-27T00:40:36Z,3820012026-04-25,38200,2026-04-25,CANCELED,,
2026-04-27T00:45:38Z,1720012026-04-25,17200,2026-04-25,CANCELED,,
2026-04-27T00:45:38Z,1304512026-04-25,13045,2026-04-25,CANCELED,,
2026-04-27T00:45:38Z,7185512026-04-25,71855,2026-04-25,CANCELED,,
2026-04-27T00:45:38Z,1260112026-04-25,12601,2026-04-25,CANCELED,,
2026-04-27T00:45:38Z,3820012026-04-25,38200,2026-04-25,CANCELED,,
2026-04-27T00:50:35Z,1304512026-04-25,13045,2026-04-25,CANCELED,,
2026-04-27T00:50:35Z,1720012026-04-25,17200,2026-04-25,CANCELED,,
2026-04-27T00:50:35Z,7185512026-04-25,71855,2026-04-25,CANCELED,,
2026-04-27T00:50:35Z,1260112026-04-25,12601,2026-04-25,CANCELED,,
2026-04-27T00:50:35Z,3820012026-04-25,38200,2026-04-25,CANCELED,,
2026-04-27T00:55:32Z,1304512026-04-25,13045,2026-04-25,CANCELED,,
2026-04-27T00:55:32Z,1720012026-04-25,17200,2026-04-25,CANCELED,,
2026-04-27T00:55:32Z,1260112026-04-25,12601,2026-04-25,CANCELED,,
2026-04-27T00:55:32Z,7185512026-04-25,71855,2026-04-25,CANCELED,,
2026-04-27T00:55:32Z,3820012026-04-25,38200,2026-04-25,CANCELED,,
2026-04-27T01:00:53Z,1304512026-04-25,13045,2026-04-25,CANCELED,,
2026-04-27T01:00:53Z,1720012026-04-25,17200,2026-04-25,CANCELED,,
2026-04-27T01:00:53Z,1260112026-04-25,12601,2026-04-25,CANCELED,,
2026-04-27T01:00:53Z,7185512026-04-25,71855,2026-04-25,CANCELED,,
2026-04-27T01:00:53Z,3820012026-04-25,38200,2026-04-25,CANCELED,,
2026-04-27T01:05:33Z,1720012026-04-25,17200,2026-04-25,CANCELED,,
2026-04-27T01:05:33Z,1304512026-04-25,13045,2026-04-25,CANCELED,,
2026-04-27T01:05:33Z,7185512026-04-25,71855,2026-04-25,CANCELED,,
2026-04-27T01:05:33Z,1260112026-04-25,12601,2026-04-25,CANCELED,,
2026-04-27T01:05:33Z,3820012026-04-25,38200,2026-04-25,CANCELED,,
2026-04-27T01:10:36Z,1720012026-04-25,17200,2026-04-25,CANCELED,,
2026-04-27T01:10:36Z,1304512026-04-25,13045,2026-04-25,CANCELED,,
2026-04-27T01:10:36Z,7185512026-04-25,71855,2026-04-25,CANCELED,,
2026-04-27T01:10:36Z,1260112026-04-25,12601,2026-04-25,CANCELED,,
2026-04-27T01:10:36Z,3820012026-04-25,38200,2026-04-25,CANCELED,,
2026-04-27T01:15:36Z,1304512026-04-25,13045,2026-04-25,CANCELED,,
2026-04-27T01:15:36Z,1720012026-04-25,17200,2026-04-25,CANCELED,,
2026-04-27T01:15:36Z,7185512026-04-25,71855,2026-04-25,CANCELED,,
2026-04-27T01:15:36Z,1260112026-04-25,12601,2026-04-25,CANCELED,,
2026-04-27T01:15:36Z,3820012026-04-25,38200,2026-04-25,CANCELED,,
2026-04-27T01:17:29Z,1720012026-04-25,17200,2026-04-25,CANCELED,,
2026-04-27T01:17:29Z,1304512026-04-25,13045,2026-04-25,CANCELED,,
2026-04-27T01:17:29Z,1260112026-04-25,12601,2026-04-25,CANCELED,,
2026-04-27T01:17:29Z,7185512026-04-25,71855,2026-04-25,CANCELED,,
2026-04-27T01:17:29Z,3820012026-04-25,38200,2026-04-25,CANCELED,,
2026-04-27T01:20:35Z,1304512026-04-25,13045,2026-04-25,CANCELED,,
2026-04-27T01:20:35Z,1720012026-04-25,17200,2026-04-25,CANCELED,,
2026-04-27T01:20:35Z,1260112026-04-25,12601,2026-04-25,CANCELED,,
2026-04-27T01:20:35Z,7185512026-04-25,71855,2026-04-25,CANCELED,,
2026-04-27T01:20:35Z,3820012026-04-25,38200,2026-04-25,CANCELED,,
2026-04-27T01:25:32Z,1720012026-04-25,17200,2026-04-25,CANCELED,,
2026-04-27T01:25:32Z,1304512026-04-25,13045,2026-04-25,CANCELED,,
2026-04-27T01:25:32Z,7185512026-04-25,71855,2026-04-25,CANCELED,,
2026-04-27T01:25:32Z,1260112026-04-25,12601,2026-04-25,CANCELED,,
2026-04-27T01:25:32Z,3820012026-04-25,38200,2026-04-25,CANCELED,,
2026-04-27T01:30:47Z,1720012026-04-25,17200,2026-04-25,CANCELED,,
2026-04-27T01:30:47Z,1304512026-04-25,13045,2026-04-25,CANCELED,,
2026-04-27T01:30:47Z,1260112026-04-25,12601,2026-04-25,CANCELED,,
2026-04-27T01:30:47Z,7185512026-04-25,71855,2026-04-25,CANCELED,,
2026-04-27T01:30:47Z,3820012026-04-25,38200,2026-04-25,CANCELED,,
2026-04-27T01:35:32Z,1720012026-04-25,17200,2026-04-25,CANCELED,,
2026-04-27T01:35:32Z,1304512026-04-25,13045,2026-04-25,CANCELED,,
2026-04-27T01:35:32Z,1260112026-04-25,12601,2026-04-25,CANCELED,,
2026-04-27T01:35:32Z,7185512026-04-25,71855,2026-04-25,CANCELED,,
2026-04-27T01:35:32Z,3820012026-04-25,38200,2026-04-25,CANCELED,,
2026-04-27T01:40:36Z,1304512026-04-25,13045,2026-04-25,CANCELED,,
2026-04-27T01:40:36Z,1720012026-04-25,17200,2026-04-25,CANCELED,,
2026-04-27T01:40:36Z,7185512026-04-25,71855,2026-04-25,CANCELED,,
2026-04-27T01:40:36Z,1260112026-04-25,12601,2026-04-25,CANCELED,,
2026-04-27T01:40:36Z,3820012026-04-25,38200,2026-04-25,CANCELED,,
2026-04-27T01:45:36Z,1720012026-04-25,17200,2026-04-25,CANCELED,,
2026-04-27T01:45:36Z,1304512026-04-25,13045,2026-04-25,CANCELED,,
2026-04-27T01:45:36Z,7185512026-04-25,71855,2026-04-25,CANCELED,,
2026-04-27T01:45:36Z,1260112026-04-25,12601,2026-04-25,CANCELED,,
2026-04-27T01:45:36Z,3820012026-04-25,38200,2026-04-25,CANCELED,,
2026-04-27T01:50:36Z,1720012026-04-25,17200,2026-04-25,CANCELED,,
2026-04-27T01:50:36Z,1304512026-04-25,13045,2026-04-25,CANCELED,,
2026-04-27T01:50:36Z,1260112026-04-25,12601,2026-04-25,CANCELED,,
2026-04-27T01:50:36Z,7185512026-04-25,71855,2026-04-25,CANCELED,,
2026-04-27T01:50:36Z,3820012026-04-25,38200,2026-04-25,CANCELED,,
2026-04-27T01:55:31Z,1720012026-04-25,17200,2026-04-25,CANCELED,,
2026-04-27T01:55:31Z,1304512026-04-25,13045,2026-04-25,CANCELED,,
2026-04-27T01:55:31Z,1260112026-04-25,12601,2026-04-25,CANCELED,,
2026-04-27T01:55:31Z,7185512026-04-25,71855,2026-04-25,CANCELED,,
2026-04-27T01:55:31Z,3820012026-04-25,38200,2026-04-25,CANCELED,,
2026-04-27T02:00:55Z,1720012026-04-25,17200,2026-04-25,CANCELED,,
2026-04-27T02:00:55Z,1304512026-04-25,13045,2026-04-25,CANCELED,,
2026-04-27T02:00:55Z,7185512026-04-25,71855,2026-04-25,CANCELED,,
2026-04-27T02:00:55Z,1260112026-04-25,12601,2026-04-25,CANCELED,,
2026-04-27T02:00:55Z,3820012026-04-25,38200,2026-04-25,CANCELED,,
2026-04-27T02:05:31Z,1304512026-04-25,13045,2026-04-25,CANCELED,,
2026-04-27T02:05:31Z,1720012026-04-25,17200,2026-04-25,CANCELED,,
2026-04-27T02:05:31Z,1260112026-04-25,12601,2026-04-25,CANCELED,,
2026-04-27T02:05:31Z,3820012026-04-25,38200,2026-04-25,CANCELED,,
2026-04-27T02:05:31Z,7185512026-04-25,71855,2026-04-25,CANCELED,,
2026-04-27T02:10:36Z,1304512026-04-25,13045,2026-04-25,CANCELED,,
2026-04-27T02:10:36Z,1720012026-04-25,17200,2026-04-25,CANCELED,,
2026-04-27T02:10:36Z,1260112026-04-25,12601,2026-04-25,CANCELED,,
2026-04-27T02:10:36Z,7185512026-04-25,71855,2026-04-25,CANCELED,,
2026-04-27T02:10:36Z,3820012026-04-25,38200,2026-04-25,CANCELED,,
2026-04-27T02:15:37Z,1720012026-04-25,17200,2026-04-25,CANCELED,,
2026-04-27T02:15:37Z,1304512026-04-25,13045,2026-04-25,CANCELED,,
2026-04-27T02:15:37Z,7185512026-04-25,71855,2026-04-25,CANCELED,,
2026-04-27T02:15:37Z,1260112026-04-25,12601,2026-04-25,CANCELED,,
2026-04-27T02:15:37Z,3820012026-04-25,38200,2026-04-25,CANCELED,,
2026-04-27T02:20:38Z,1720012026-04-25,17200,2026-04-25,CANCELED,,
2026-04-27T02:20:38Z,1304512026-04-25,13045,2026-04-25,CANCELED,,
2026-04-27T02:20:38Z,1260112026-04-25,12601,2026-04-25,CANCELED,,
2026-04-27T02:20:38Z,7185512026-04-25,71855,2026-04-25,CANCELED,,
2026-04-27T02:20:38Z,3820012026-04-25,38200,2026-04-25,CANCELED,,
2026-04-27T02:25:33Z,1720012026-04-25,17200,2026-04-25,CANCELED,,
2026-04-27T02:25:33Z,1304512026-04-25,13045,2026-04-25,CANCELED,,
2026-04-27T02:25:33Z,1260112026-04-25,12601,2026-04-25,CANCELED,,
2026-04-27T02:25:33Z,7185512026-04-25,71855,2026-04-25,CANCELED,,
2026-04-27T02:25:33Z,3820012026-04-25,38200,2026-04-25,CANCELED,,
2026-04-27T02:30:47Z,1720012026-04-25,17200,2026-04-25,CANCELED,,
2026-04-27T02:30:47Z,1304512026-04-25,13045,2026-04-25,CANCELED,,
2026-04-27T02:30:47Z,7185512026-04-25,71855,2026-04-25,CANCELED,,
2026-04-27T02:30:47Z,1260112026-04-25,12601,2026-04-25,CANCELED,,
2026-04-27T02:30:47Z,3820012026-04-25,38200,2026-04-25,CANCELED,,
2026-04-27T02:35:32Z,1720012026-04-25,17200,2026-04-25,CANCELED,,
2026-04-27T02:35:32Z,1304512026-04-25,13045,2026-04-25,CANCELED,,
2026-04-27T02:35:32Z,7185512026-04-25,71855,2026-04-25,CANCELED,,
2026-04-27T02:35:32Z,1260112026-04-25,12601,2026-04-25,CANCELED,,
2026-04-27T02:35:32Z,3820012026-04-25,38200,2026-04-25,CANCELED,,
2026-04-27T02:40:36Z,1304512026-04-25,13045,2026-04-25,CANCELED,,
2026-04-27T02:40:36Z,1720012026-04-25,17200,2026-04-25,CANCELED,,
2026-04-27T02:40:36Z,1260112026-04-25,12601,2026-04-25,CANCELED,,
2026-04-27T02:40:36Z,7185512026-04-25,71855,2026-04-25,CANCELED,,
2026-04-27T02:40:36Z,3820012026-04-25,38200,2026-04-25,CANCELED,,
2026-04-27T02:45:35Z,1720012026-04-25,17200,2026-04-25,CANCELED,,
2026-04-27T02:45:35Z,1304512026-04-25,13045,2026-04-25,CANCELED,,
2026-04-27T02:45:35Z,7185512026-04-25,71855,2026-04-25,CANCELED,,
2026-04-27T02:45:35Z,1260112026-04-25,12601,2026-04-25,CANCELED,,
2026-04-27T02:45:35Z,3820012026-04-25,38200,2026-04-25,CANCELED,,
2026-04-27T02:50:36Z,1720012026-04-25,17200,2026-04-25,CANCELED,,
2026-04-27T02:50:36Z,1304512026-04-25,13045,2026-04-25,CANCELED,,
2026-04-27T02:50:36Z,1260112026-04-25,12601,2026-04-25,CANCELED,,
2026-04-27T02:50:36Z,7185512026-04-25,71855,2026-04-25,CANCELED,,
2026-04-27T02:50:36Z,3820012026-04-25,38200,2026-04-25,CANCELED,,
2026-04-27T02:55:32Z,1804712026-04-25,18047,2026-04-25,SCHEDULED,60,1.0
2026-04-27T02:55:32Z,1720012026-04-25,17200,2026-04-25,CANCELED,,
2026-04-27T02:55:32Z,1304512026-04-25,13045,2026-04-25,CANCELED,,
2026-04-27T02:55:32Z,7185512026-04-25,71855,2026-04-25,CANCELED,,
2026-04-27T02:55:32Z,1260112026-04-25,12601,2026-04-25,CANCELED,,
2026-04-27T02:55:32Z,3820012026-04-25,38200,2026-04-25,CANCELED,,
2026-04-27T03:00:57Z,1804722026-04-27,18047,2026-04-27,SCHEDULED,60,1.0
2026-04-27T03:00:57Z,1804712026-04-25,18047,2026-04-25,SCHEDULED,60,1.0
2026-04-27T03:00:57Z,1720012026-04-25,17200,2026-04-25,CANCELED,,
2026-04-27T03:00:57Z,1304512026-04-25,13045,2026-04-25,CANCELED,,
2026-04-27T03:00:57Z,1260112026-04-25,12601,2026-04-25,CANCELED,,
2026-04-27T03:00:57Z,7185512026-04-25,71855,2026-04-25,CANCELED,,
2026-04-27T03:00:57Z,3820012026-04-25,38200,2026-04-25,CANCELED,,
2026-04-27T03:05:32Z,0405612026-04-26,04056,2026-04-26,SCHEDULED,60,1.0
2026-04-27T03:05:32Z,1804722026-04-27,18047,2026-04-27,SCHEDULED,60,1.0
2026-04-27T03:05:32Z,1804712026-04-25,18047,2026-04-25,SCHEDULED,60,1.0
2026-04-27T03:05:32Z,1304512026-04-25,13045,2026-04-25,CANCELED,,
2026-04-27T03:05:32Z,1720012026-04-25,17200,2026-04-25,CANCELED,,
2026-04-27T03:05:32Z,1260112026-04-25,12601,2026-04-25,CANCELED,,
2026-04-27T03:05:32Z,7185512026-04-25,71855,2026-04-25,CANCELED,,
2026-04-27T03:05:32Z,3820012026-04-25,38200,2026-04-25,CANCELED,,
2026-04-27T03:10:37Z,0405612026-04-26,04056,2026-04-26,SCHEDULED,120,2.0
2026-04-27T03:10:37Z,1804722026-04-27,18047,2026-04-27,SCHEDULED,60,1.0
2026-04-27T03:10:37Z,1804712026-04-25,18047,2026-04-25,SCHEDULED,60,1.0
2026-04-27T03:10:37Z,1251212026-04-27,12512,2026-04-27,SCHEDULED,60,1.0
2026-04-27T03:10:37Z,1720012026-04-25,17200,2026-04-25,CANCELED,,
2026-04-27T03:10:37Z,1304512026-04-25,13045,2026-04-25,CANCELED,,
2026-04-27T03:10:37Z,7185512026-04-25,71855,2026-04-25,CANCELED,,
2026-04-27T03:10:37Z,1260112026-04-25,12601,2026-04-25,CANCELED,,
2026-04-27T03:10:37Z,3820012026-04-25,38200,2026-04-25,CANCELED,,
2026-04-27T03:15:36Z,1804722026-04-27,18047,2026-04-27,SCHEDULED,60,1.0
2026-04-27T03:15:36Z,1804712026-04-25,18047,2026-04-25,SCHEDULED,60,1.0
2026-04-27T03:15:36Z,0405612026-04-26,04056,2026-04-26,SCHEDULED,180,3.0
2026-04-27T03:15:36Z,1251212026-04-27,12512,2026-04-27,SCHEDULED,60,1.0
2026-04-27T03:15:36Z,1720012026-04-25,17200,2026-04-25,CANCELED,,
2026-04-27T03:15:36Z,1304512026-04-25,13045,2026-04-25,CANCELED,,
2026-04-27T03:15:36Z,1260112026-04-25,12601,2026-04-25,CANCELED,,
2026-04-27T03:15:36Z,7185512026-04-25,71855,2026-04-25,CANCELED,,
2026-04-27T03:15:36Z,3820012026-04-25,38200,2026-04-25,CANCELED,,
2026-04-27T03:20:38Z,1454112026-04-25,14541,2026-04-25,SCHEDULED,-60,-1.0
2026-04-27T03:20:38Z,1804722026-04-27,18047,2026-04-27,SCHEDULED,60,1.0
2026-04-27T03:20:38Z,1804712026-04-25,18047,2026-04-25,SCHEDULED,60,1.0
2026-04-27T03:20:38Z,1251212026-04-27,12512,2026-04-27,SCHEDULED,60,1.0
2026-04-27T03:20:38Z,1304512026-04-25,13045,2026-04-25,CANCELED,,
2026-04-27T03:20:38Z,1720012026-04-25,17200,2026-04-25,CANCELED,,
2026-04-27T03:20:38Z,1260112026-04-25,12601,2026-04-25,CANCELED,,
2026-04-27T03:20:38Z,3820012026-04-25,38200,2026-04-25,CANCELED,,
2026-04-27T03:20:38Z,7185512026-04-25,71855,2026-04-25,CANCELED,,
2026-04-27T03:25:33Z,1804722026-04-27,18047,2026-04-27,SCHEDULED,120,2.0
2026-04-27T03:25:33Z,1804712026-04-25,18047,2026-04-25,SCHEDULED,120,2.0
2026-04-27T03:25:33Z,1454112026-04-25,14541,2026-04-25,SCHEDULED,-60,-1.0
2026-04-27T03:25:33Z,1504612026-04-25,15046,2026-04-25,SCHEDULED,-60,-1.0
2026-04-27T03:25:33Z,1251212026-04-27,12512,2026-04-27,SCHEDULED,120,2.0
2026-04-27T03:25:33Z,1304512026-04-25,13045,2026-04-25,CANCELED,,
2026-04-27T03:25:33Z,1720012026-04-25,17200,2026-04-25,CANCELED,,
2026-04-27T03:25:33Z,1260112026-04-25,12601,2026-04-25,CANCELED,,
2026-04-27T03:25:33Z,7185512026-04-25,71855,2026-04-25,CANCELED,,
2026-04-27T03:25:33Z,3820012026-04-25,38200,2026-04-25,CANCELED,,
2026-04-27T03:30:48Z,1804722026-04-27,18047,2026-04-27,SCHEDULED,120,2.0
2026-04-27T03:30:48Z,1804712026-04-25,18047,2026-04-25,SCHEDULED,120,2.0
2026-04-27T03:30:48Z,1454112026-04-25,14541,2026-04-25,SCHEDULED,-60,-1.0
2026-04-27T03:30:48Z,1251212026-04-27,12512,2026-04-27,SCHEDULED,120,2.0
2026-04-27T03:30:48Z,1304512026-04-25,13045,2026-04-25,CANCELED,,
2026-04-27T03:30:48Z,1720012026-04-25,17200,2026-04-25,CANCELED,,
2026-04-27T03:30:48Z,1260112026-04-25,12601,2026-04-25,CANCELED,,
2026-04-27T03:30:48Z,7185512026-04-25,71855,2026-04-25,CANCELED,,
2026-04-27T03:30:48Z,3820012026-04-25,38200,2026-04-25,CANCELED,,
2026-04-27T03:35:34Z,1454112026-04-25,14541,2026-04-25,SCHEDULED,60,1.0
2026-04-27T03:35:34Z,0415422026-04-25,04154,2026-04-25,SCHEDULED,60,1.0
2026-04-27T03:35:34Z,0415412026-04-25,04154,2026-04-25,SCHEDULED,60,1.0
2026-04-27T03:35:34Z,0807212026-04-27,08072,2026-04-27,SCHEDULED,60,1.0
2026-04-27T03:35:34Z,0306242026-04-25,03062,2026-04-25,SCHEDULED,60,1.0
2026-04-27T03:35:34Z,0306232026-04-25,03062,2026-04-25,SCHEDULED,60,1.0
2026-04-27T03:35:34Z,0306212026-04-25,03062,2026-04-25,SCHEDULED,60,1.0
2026-04-27T03:35:34Z,0306222026-04-25,03062,2026-04-25,SCHEDULED,60,1.0
2026-04-27T03:35:34Z,1804722026-04-27,18047,2026-04-27,SCHEDULED,120,2.0
2026-04-27T03:35:34Z,1804712026-04-25,18047,2026-04-25,SCHEDULED,120,2.0
2026-04-27T03:35:34Z,0405612026-04-26,04056,2026-04-26,SCHEDULED,360,6.0
2026-04-27T03:35:34Z,1720012026-04-25,17200,2026-04-25,CANCELED,,
2026-04-27T03:35:34Z,1304512026-04-25,13045,2026-04-25,CANCELED,,
2026-04-27T03:35:34Z,7185512026-04-25,71855,2026-04-25,CANCELED,,
2026-04-27T03:35:34Z,1260112026-04-25,12601,2026-04-25,CANCELED,,
2026-04-27T03:35:34Z,3820012026-04-25,38200,2026-04-25,CANCELED,,
2026-04-27T03:40:36Z,1804722026-04-27,18047,2026-04-27,SCHEDULED,60,1.0
2026-04-27T03:40:36Z,1804712026-04-25,18047,2026-04-25,SCHEDULED,60,1.0
2026-04-27T03:40:36Z,1454112026-04-25,14541,2026-04-25,SCHEDULED,60,1.0
2026-04-27T03:40:36Z,1504612026-04-25,15046,2026-04-25,SCHEDULED,120,2.0
2026-04-27T03:40:36Z,1506012026-04-25,15060,2026-04-25,SCHEDULED,60,1.0
2026-04-27T03:40:36Z,1241112026-04-27,12411,2026-04-27,SCHEDULED,60,1.0
2026-04-27T03:40:36Z,0306242026-04-25,03062,2026-04-25,SCHEDULED,60,1.0
2026-04-27T03:40:36Z,0306232026-04-25,03062,2026-04-25,SCHEDULED,60,1.0
2026-04-27T03:40:36Z,0306212026-04-25,03062,2026-04-25,SCHEDULED,60,1.0
2026-04-27T03:40:36Z,0306222026-04-25,03062,2026-04-25,SCHEDULED,60,1.0
2026-04-27T03:40:36Z,0405612026-04-26,04056,2026-04-26,SCHEDULED,540,9.0
2026-04-27T03:40:36Z,0415422026-04-25,04154,2026-04-25,SCHEDULED,60,1.0
2026-04-27T03:40:36Z,0415412026-04-25,04154,2026-04-25,SCHEDULED,60,1.0
2026-04-27T03:40:36Z,1720012026-04-25,17200,2026-04-25,CANCELED,,
2026-04-27T03:40:36Z,1304512026-04-25,13045,2026-04-25,CANCELED,,
2026-04-27T03:40:36Z,7185512026-04-25,71855,2026-04-25,CANCELED,,
2026-04-27T03:40:36Z,1260112026-04-25,12601,2026-04-25,CANCELED,,
2026-04-27T03:40:36Z,3820012026-04-25,38200,2026-04-25,CANCELED,,
2026-04-27T03:45:36Z,1504012026-04-25,15040,2026-04-25,SCHEDULED,60,1.0
2026-04-27T03:45:36Z,1300112026-04-27,13001,2026-04-27,SCHEDULED,60,1.0
2026-04-27T03:45:36Z,1454112026-04-25,14541,2026-04-25,SCHEDULED,120,2.0
2026-04-27T03:45:36Z,1804722026-04-27,18047,2026-04-27,SCHEDULED,120,2.0
2026-04-27T03:45:36Z,1804712026-04-25,18047,2026-04-25,SCHEDULED,120,2.0
2026-04-27T03:45:36Z,0306242026-04-25,03062,2026-04-25,SCHEDULED,60,1.0
2026-04-27T03:45:36Z,0306232026-04-25,03062,2026-04-25,SCHEDULED,60,1.0
2026-04-27T03:45:36Z,0306212026-04-25,03062,2026-04-25,SCHEDULED,60,1.0
2026-04-27T03:45:36Z,0306222026-04-25,03062,2026-04-25,SCHEDULED,60,1.0
2026-04-27T03:45:36Z,0405612026-04-26,04056,2026-04-26,SCHEDULED,360,6.0
2026-04-27T03:45:36Z,0415422026-04-25,04154,2026-04-25,SCHEDULED,60,1.0
2026-04-27T03:45:36Z,0415412026-04-25,04154,2026-04-25,SCHEDULED,60,1.0
2026-04-27T03:45:36Z,1504612026-04-25,15046,2026-04-25,SCHEDULED,180,3.0
2026-04-27T03:45:36Z,1506012026-04-25,15060,2026-04-25,SCHEDULED,60,1.0
2026-04-27T03:45:36Z,1241112026-04-27,12411,2026-04-27,SCHEDULED,60,1.0
2026-04-27T03:45:36Z,1720012026-04-25,17200,2026-04-25,CANCELED,,
2026-04-27T03:45:36Z,1304512026-04-25,13045,2026-04-25,CANCELED,,
2026-04-27T03:45:36Z,7185512026-04-25,71855,2026-04-25,CANCELED,,
2026-04-27T03:45:36Z,1260112026-04-25,12601,2026-04-25,CANCELED,,
2026-04-27T03:45:36Z,3820012026-04-25,38200,2026-04-25,CANCELED,,
2026-04-27T03:50:37Z,1268912026-04-25,12689,2026-04-25,SCHEDULED,60,1.0
2026-04-27T03:50:37Z,1300112026-04-27,13001,2026-04-27,SCHEDULED,120,2.0
2026-04-27T03:50:37Z,1804722026-04-27,18047,2026-04-27,SCHEDULED,180,3.0
2026-04-27T03:50:37Z,1804712026-04-25,18047,2026-04-25,SCHEDULED,180,3.0
2026-04-27T03:50:37Z,1454112026-04-25,14541,2026-04-25,SCHEDULED,120,2.0
2026-04-27T03:50:37Z,1806612026-04-25,18066,2026-04-25,SCHEDULED,-120,-2.0
2026-04-27T03:50:37Z,1504012026-04-25,15040,2026-04-25,SCHEDULED,60,1.0
2026-04-27T03:50:37Z,1812012026-04-25,18120,2026-04-25,SCHEDULED,120,2.0
2026-04-27T03:50:37Z,1504612026-04-25,15046,2026-04-25,SCHEDULED,180,3.0
2026-04-27T03:50:37Z,0306242026-04-25,03062,2026-04-25,SCHEDULED,180,3.0
2026-04-27T03:50:37Z,0306232026-04-25,03062,2026-04-25,SCHEDULED,180,3.0
2026-04-27T03:50:37Z,0306212026-04-25,03062,2026-04-25,SCHEDULED,180,3.0
2026-04-27T03:50:37Z,0306222026-04-25,03062,2026-04-25,SCHEDULED,180,3.0
2026-04-27T03:50:37Z,1506012026-04-25,15060,2026-04-25,SCHEDULED,120,2.0
2026-04-27T03:50:37Z,0405612026-04-26,04056,2026-04-26,SCHEDULED,360,6.0
2026-04-27T03:50:37Z,0415422026-04-25,04154,2026-04-25,SCHEDULED,120,2.0
2026-04-27T03:50:37Z,0415412026-04-25,04154,2026-04-25,SCHEDULED,120,2.0
2026-04-27T03:50:37Z,0807212026-04-27,08072,2026-04-27,SCHEDULED,-60,-1.0
2026-04-27T03:50:37Z,1720012026-04-25,17200,2026-04-25,CANCELED,,
2026-04-27T03:50:37Z,1304512026-04-25,13045,2026-04-25,CANCELED,,
2026-04-27T03:50:37Z,1260112026-04-25,12601,2026-04-25,CANCELED,,
2026-04-27T03:50:37Z,7185512026-04-25,71855,2026-04-25,CANCELED,,
2026-04-27T03:50:37Z,3820012026-04-25,38200,2026-04-25,CANCELED,,
2026-04-27T03:55:32Z,0807212026-04-27,08072,2026-04-27,SCHEDULED,-60,-1.0
2026-04-27T03:55:32Z,1812012026-04-25,18120,2026-04-25,SCHEDULED,120,2.0
2026-04-27T03:55:32Z,1268912026-04-25,12689,2026-04-25,SCHEDULED,60,1.0
2026-04-27T03:55:32Z,1300112026-04-27,13001,2026-04-27,SCHEDULED,180,3.0
2026-04-27T03:55:32Z,1454112026-04-25,14541,2026-04-25,SCHEDULED,120,2.0
2026-04-27T03:55:32Z,1500012026-04-25,15000,2026-04-25,SCHEDULED,-180,-3.0
2026-04-27T03:55:32Z,1504012026-04-25,15040,2026-04-25,SCHEDULED,120,2.0
2026-04-27T03:55:32Z,1562012026-04-27,15620,2026-04-27,SCHEDULED,-60,-1.0
2026-04-27T03:55:32Z,1804722026-04-27,18047,2026-04-27,SCHEDULED,180,3.0
2026-04-27T03:55:32Z,1804712026-04-25,18047,2026-04-25,SCHEDULED,180,3.0
2026-04-27T03:55:32Z,0306242026-04-25,03062,2026-04-25,SCHEDULED,180,3.0
2026-04-27T03:55:32Z,0306232026-04-25,03062,2026-04-25,SCHEDULED,180,3.0
2026-04-27T03:55:32Z,0306212026-04-25,03062,2026-04-25,SCHEDULED,180,3.0
2026-04-27T03:55:32Z,0306222026-04-25,03062,2026-04-25,SCHEDULED,180,3.0
2026-04-27T03:55:32Z,1806612026-04-25,18066,2026-04-25,SCHEDULED,-120,-2.0
2026-04-27T03:55:32Z,0405612026-04-26,04056,2026-04-26,SCHEDULED,180,3.0
2026-04-27T03:55:32Z,0415422026-04-25,04154,2026-04-25,SCHEDULED,120,2.0
2026-04-27T03:55:32Z,0415412026-04-25,04154,2026-04-25,SCHEDULED,120,2.0
2026-04-27T03:55:32Z,1504612026-04-25,15046,2026-04-25,SCHEDULED,240,4.0
2026-04-27T03:55:32Z,0506312026-04-25,05063,2026-04-25,SCHEDULED,60,1.0
2026-04-27T03:55:32Z,1506012026-04-25,15060,2026-04-25,SCHEDULED,120,2.0
2026-04-27T03:55:32Z,1802422026-04-27,18024,2026-04-27,SCHEDULED,60,1.0
2026-04-27T03:55:32Z,1802412026-04-25,18024,2026-04-25,SCHEDULED,60,1.0
2026-04-27T03:55:32Z,1304512026-04-25,13045,2026-04-25,CANCELED,,
2026-04-27T03:55:32Z,1720012026-04-25,17200,2026-04-25,CANCELED,,
2026-04-27T03:55:32Z,1260112026-04-25,12601,2026-04-25,CANCELED,,
2026-04-27T03:55:32Z,7185512026-04-25,71855,2026-04-25,CANCELED,,
2026-04-27T03:55:32Z,3820012026-04-25,38200,2026-04-25,CANCELED,,
2026-04-27T04:00:56Z,0906112026-04-27,09061,2026-04-27,SCHEDULED,60,1.0
2026-04-27T04:00:56Z,1804722026-04-27,18047,2026-04-27,SCHEDULED,180,3.0
2026-04-27T04:00:56Z,1804712026-04-25,18047,2026-04-25,SCHEDULED,180,3.0
2026-04-27T04:00:56Z,1300112026-04-27,13001,2026-04-27,SCHEDULED,180,3.0
2026-04-27T04:00:56Z,1806612026-04-25,18066,2026-04-25,SCHEDULED,-60,-1.0
2026-04-27T04:00:56Z,1812012026-04-25,18120,2026-04-25,SCHEDULED,60,1.0
2026-04-27T04:00:56Z,1454112026-04-25,14541,2026-04-25,SCHEDULED,120,2.0
2026-04-27T04:00:56Z,1577212026-04-27,15772,2026-04-27,SCHEDULED,60,1.0
2026-04-27T04:00:56Z,1504012026-04-25,15040,2026-04-25,SCHEDULED,120,2.0
2026-04-27T04:00:56Z,1710612026-04-27,17106,2026-04-27,SCHEDULED,60,1.0
2026-04-27T04:00:56Z,1505112026-04-25,15051,2026-04-25,SCHEDULED,120,2.0
2026-04-27T04:00:56Z,1720112026-04-27,17201,2026-04-27,SCHEDULED,-2940,-49.0
2026-04-27T04:00:56Z,1562012026-04-27,15620,2026-04-27,SCHEDULED,-60,-1.0
2026-04-27T04:00:56Z,1241112026-04-27,12411,2026-04-27,SCHEDULED,60,1.0
2026-04-27T04:00:56Z,1251212026-04-27,12512,2026-04-27,SCHEDULED,-60,-1.0
2026-04-27T04:00:56Z,1504612026-04-25,15046,2026-04-25,SCHEDULED,240,4.0
2026-04-27T04:00:56Z,1506012026-04-25,15060,2026-04-25,SCHEDULED,240,4.0
2026-04-27T04:00:56Z,0306242026-04-25,03062,2026-04-25,SCHEDULED,180,3.0
2026-04-27T04:00:56Z,0306232026-04-25,03062,2026-04-25,SCHEDULED,180,3.0
2026-04-27T04:00:56Z,0306212026-04-25,03062,2026-04-25,SCHEDULED,180,3.0
2026-04-27T04:00:56Z,0306222026-04-25,03062,2026-04-25,SCHEDULED,180,3.0
2026-04-27T04:00:56Z,1891012026-04-27,18910,2026-04-27,SCHEDULED,120,2.0
2026-04-27T04:00:56Z,1500012026-04-25,15000,2026-04-25,SCHEDULED,-60,-1.0
2026-04-27T04:00:56Z,1600012026-04-27,16000,2026-04-27,SCHEDULED,-120,-2.0
2026-04-27T04:00:56Z,0306242026-04-25,03062,2026-04-25,SCHEDULED,120,2.0
2026-04-27T04:00:56Z,0306232026-04-25,03062,2026-04-25,SCHEDULED,120,2.0
2026-04-27T04:00:56Z,0306212026-04-25,03062,2026-04-25,SCHEDULED,120,2.0
2026-04-27T04:00:56Z,0306222026-04-25,03062,2026-04-25,SCHEDULED,120,2.0
2026-04-27T04:00:56Z,1802422026-04-27,18024,2026-04-27,SCHEDULED,60,1.0
2026-04-27T04:00:56Z,1802412026-04-25,18024,2026-04-25,SCHEDULED,60,1.0
2026-04-27T04:00:56Z,0405612026-04-26,04056,2026-04-26,SCHEDULED,120,2.0
2026-04-27T04:00:56Z,0415422026-04-25,04154,2026-04-25,SCHEDULED,120,2.0
2026-04-27T04:00:56Z,0415412026-04-25,04154,2026-04-25,SCHEDULED,120,2.0
2026-04-27T04:00:56Z,0807212026-04-27,08072,2026-04-27,SCHEDULED,-60,-1.0
2026-04-27T04:00:56Z,1720012026-04-25,17200,2026-04-25,CANCELED,,
2026-04-27T04:00:56Z,1304512026-04-25,13045,2026-04-25,CANCELED,,
2026-04-27T04:00:56Z,7185512026-04-25,71855,2026-04-25,CANCELED,,
2026-04-27T04:00:56Z,1260112026-04-25,12601,2026-04-25,CANCELED,,
2026-04-27T04:00:56Z,3820012026-04-25,38200,2026-04-25,CANCELED,,
2026-04-27T04:05:34Z,1577212026-04-27,15772,2026-04-27,SCHEDULED,60,1.0
2026-04-27T04:05:34Z,1710612026-04-27,17106,2026-04-27,SCHEDULED,60,1.0
2026-04-27T04:05:34Z,1720112026-04-27,17201,2026-04-27,SCHEDULED,-2940,-49.0
2026-04-27T04:05:34Z,1300112026-04-27,13001,2026-04-27,SCHEDULED,180,3.0
2026-04-27T04:05:34Z,1320212026-04-27,13202,2026-04-27,SCHEDULED,60,1.0
2026-04-27T04:05:34Z,1454112026-04-26,14541,2026-04-26,SCHEDULED,300,5.0
2026-04-27T04:05:34Z,1804722026-04-27,18047,2026-04-27,SCHEDULED,240,4.0
2026-04-27T04:05:34Z,1804712026-04-26,18047,2026-04-26,SCHEDULED,240,4.0
2026-04-27T04:05:34Z,1806812026-04-26,18068,2026-04-26,SCHEDULED,-60,-1.0
2026-04-27T04:05:34Z,1504012026-04-26,15040,2026-04-26,SCHEDULED,240,4.0
2026-04-27T04:05:34Z,1505112026-04-26,15051,2026-04-26,SCHEDULED,120,2.0
2026-04-27T04:05:34Z,1806612026-04-26,18066,2026-04-26,SCHEDULED,-60,-1.0
2026-04-27T04:05:34Z,1812012026-04-26,18120,2026-04-26,SCHEDULED,240,4.0
2026-04-27T04:05:34Z,1572012026-04-27,15720,2026-04-27,SCHEDULED,240,4.0
2026-04-27T04:05:34Z,1891012026-04-27,18910,2026-04-27,SCHEDULED,120,2.0
2026-04-27T04:05:34Z,1500012026-04-26,15000,2026-04-26,SCHEDULED,-60,-1.0
2026-04-27T04:05:34Z,1600012026-04-27,16000,2026-04-27,SCHEDULED,-180,-3.0
2026-04-27T04:05:34Z,0306242026-04-26,03062,2026-04-26,SCHEDULED,180,3.0
2026-04-27T04:05:34Z,0306232026-04-26,03062,2026-04-26,SCHEDULED,180,3.0
2026-04-27T04:05:34Z,0306212026-04-26,03062,2026-04-26,SCHEDULED,180,3.0
2026-04-27T04:05:34Z,0306222026-04-26,03062,2026-04-26,SCHEDULED,180,3.0
2026-04-27T04:05:34Z,1802422026-04-27,18024,2026-04-27,SCHEDULED,120,2.0
2026-04-27T04:05:34Z,1802412026-04-26,18024,2026-04-26,SCHEDULED,120,2.0
2026-04-27T04:05:34Z,3586912026-04-26,35869,2026-04-26,SCHEDULED,60,1.0
2026-04-27T04:05:34Z,0306242026-04-26,03062,2026-04-26,SCHEDULED,180,3.0
2026-04-27T04:05:34Z,0306232026-04-26,03062,2026-04-26,SCHEDULED,180,3.0
2026-04-27T04:05:34Z,0306212026-04-26,03062,2026-04-26,SCHEDULED,180,3.0
2026-04-27T04:05:34Z,0306222026-04-26,03062,2026-04-26,SCHEDULED,180,3.0
2026-04-27T04:05:34Z,0405612026-04-27,04056,2026-04-27,SCHEDULED,-120,-2.0
2026-04-27T04:05:34Z,1241112026-04-27,12411,2026-04-27,SCHEDULED,60,1.0
2026-04-27T04:05:34Z,0406012026-04-26,04060,2026-04-26,SCHEDULED,60,1.0
2026-04-27T04:05:34Z,1504612026-04-26,15046,2026-04-26,SCHEDULED,300,5.0
2026-04-27T04:05:34Z,0415422026-04-26,04154,2026-04-26,SCHEDULED,120,2.0
2026-04-27T04:05:34Z,0415412026-04-26,04154,2026-04-26,SCHEDULED,120,2.0
2026-04-27T04:05:34Z,1506012026-04-26,15060,2026-04-26,SCHEDULED,180,3.0
2026-04-27T04:05:34Z,0446412026-04-26,04464,2026-04-26,SCHEDULED,60,1.0
2026-04-27T04:05:34Z,0807212026-04-27,08072,2026-04-27,SCHEDULED,-180,-3.0
2026-04-27T04:05:34Z,1304512026-04-26,13045,2026-04-26,CANCELED,,
2026-04-27T04:05:34Z,1720012026-04-26,17200,2026-04-26,CANCELED,,
2026-04-27T04:05:34Z,1260112026-04-26,12601,2026-04-26,CANCELED,,
2026-04-27T04:05:34Z,7185512026-04-26,71855,2026-04-26,CANCELED,,
2026-04-27T04:05:34Z,3820012026-04-26,38200,2026-04-26,CANCELED,,
2026-04-27T04:10:37Z,0906112026-04-27,09061,2026-04-27,SCHEDULED,60,1.0
2026-04-27T04:10:37Z,1577212026-04-27,15772,2026-04-27,SCHEDULED,60,1.0
2026-04-27T04:10:37Z,1710612026-04-27,17106,2026-04-27,SCHEDULED,60,1.0
2026-04-27T04:10:37Z,1300112026-04-27,13001,2026-04-27,SCHEDULED,240,4.0
2026-04-27T04:10:37Z,1720112026-04-27,17201,2026-04-27,SCHEDULED,-2940,-49.0
2026-04-27T04:10:37Z,1770712026-04-27,17707,2026-04-27,SCHEDULED,180,3.0
2026-04-27T04:10:37Z,1320212026-04-27,13202,2026-04-27,SCHEDULED,120,2.0
2026-04-27T04:10:37Z,1454112026-04-26,14541,2026-04-26,SCHEDULED,480,8.0
2026-04-27T04:10:37Z,1804722026-04-27,18047,2026-04-27,SCHEDULED,360,6.0
2026-04-27T04:10:37Z,1804712026-04-26,18047,2026-04-26,SCHEDULED,360,6.0
2026-04-27T04:10:37Z,1504012026-04-26,15040,2026-04-26,SCHEDULED,240,4.0
2026-04-27T04:10:37Z,1806812026-04-26,18068,2026-04-26,SCHEDULED,-180,-3.0
2026-04-27T04:10:37Z,1505112026-04-26,15051,2026-04-26,SCHEDULED,120,2.0
2026-04-27T04:10:37Z,1807112026-04-26,18071,2026-04-26,SCHEDULED,-60,-1.0
2026-04-27T04:10:37Z,1806612026-04-26,18066,2026-04-26,SCHEDULED,-120,-2.0
2026-04-27T04:10:37Z,1812012026-04-26,18120,2026-04-26,SCHEDULED,240,4.0
2026-04-27T04:10:37Z,1572012026-04-27,15720,2026-04-27,SCHEDULED,420,7.0
2026-04-27T04:10:37Z,1831012026-04-27,18310,2026-04-27,SCHEDULED,120,2.0
2026-04-27T04:10:37Z,0206112026-04-26,02061,2026-04-26,SCHEDULED,60,1.0
2026-04-27T04:10:37Z,1565012026-04-27,15650,2026-04-27,SCHEDULED,60,1.0
2026-04-27T04:10:37Z,1504612026-04-26,15046,2026-04-26,SCHEDULED,300,5.0
2026-04-27T04:10:37Z,0306242026-04-26,03062,2026-04-26,SCHEDULED,180,3.0
2026-04-27T04:10:37Z,0306232026-04-26,03062,2026-04-26,SCHEDULED,180,3.0
2026-04-27T04:10:37Z,0306212026-04-26,03062,2026-04-26,SCHEDULED,180,3.0
2026-04-27T04:10:37Z,0306222026-04-26,03062,2026-04-26,SCHEDULED,180,3.0
2026-04-27T04:10:37Z,1506012026-04-26,15060,2026-04-26,SCHEDULED,240,4.0
2026-04-27T04:10:37Z,1891012026-04-27,18910,2026-04-27,SCHEDULED,120,2.0
2026-04-27T04:10:37Z,1500012026-04-26,15000,2026-04-26,SCHEDULED,-60,-1.0
2026-04-27T04:10:37Z,0306242026-04-26,03062,2026-04-26,SCHEDULED,180,3.0
2026-04-27T04:10:37Z,0306232026-04-26,03062,2026-04-26,SCHEDULED,180,3.0
2026-04-27T04:10:37Z,0306212026-04-26,03062,2026-04-26,SCHEDULED,180,3.0
2026-04-27T04:10:37Z,0306222026-04-26,03062,2026-04-26,SCHEDULED,180,3.0
2026-04-27T04:10:37Z,1600012026-04-27,16000,2026-04-27,SCHEDULED,-120,-2.0
2026-04-27T04:10:37Z,0405612026-04-27,04056,2026-04-27,SCHEDULED,-120,-2.0
2026-04-27T04:10:37Z,1802422026-04-27,18024,2026-04-27,SCHEDULED,120,2.0
2026-04-27T04:10:37Z,1802412026-04-26,18024,2026-04-26,SCHEDULED,120,2.0
2026-04-27T04:10:37Z,3586912026-04-26,35869,2026-04-26,SCHEDULED,120,2.0
2026-04-27T04:10:37Z,0415422026-04-26,04154,2026-04-26,SCHEDULED,120,2.0
2026-04-27T04:10:37Z,0415412026-04-26,04154,2026-04-26,SCHEDULED,120,2.0
2026-04-27T04:10:37Z,1241112026-04-27,12411,2026-04-27,SCHEDULED,60,1.0
2026-04-27T04:10:37Z,0446412026-04-26,04464,2026-04-26,SCHEDULED,240,4.0
2026-04-27T04:10:37Z,0587112026-04-26,05871,2026-04-26,SCHEDULED,120,2.0
2026-04-27T04:10:37Z,0807212026-04-27,08072,2026-04-27,SCHEDULED,-180,-3.0
2026-04-27T04:10:37Z,1304512026-04-26,13045,2026-04-26,CANCELED,,
2026-04-27T04:10:37Z,1720012026-04-26,17200,2026-04-26,CANCELED,,
2026-04-27T04:10:37Z,1260112026-04-26,12601,2026-04-26,CANCELED,,
2026-04-27T04:10:37Z,3820012026-04-26,38200,2026-04-26,CANCELED,,
2026-04-27T04:10:37Z,7185512026-04-26,71855,2026-04-26,CANCELED,,
2026-04-27T04:15:37Z,1268912026-04-26,12689,2026-04-26,SCHEDULED,180,3.0
2026-04-27T04:15:37Z,1702112026-04-27,17021,2026-04-27,SCHEDULED,60,1.0
2026-04-27T04:15:37Z,1300112026-04-27,13001,2026-04-27,SCHEDULED,300,5.0
2026-04-27T04:15:37Z,1710612026-04-27,17106,2026-04-27,SCHEDULED,60,1.0
2026-04-27T04:15:37Z,1720112026-04-27,17201,2026-04-27,SCHEDULED,-2940,-49.0
2026-04-27T04:15:37Z,1770712026-04-27,17707,2026-04-27,SCHEDULED,180,3.0
2026-04-27T04:15:37Z,1504012026-04-26,15040,2026-04-26,SCHEDULED,240,4.0
2026-04-27T04:15:37Z,1804112026-04-27,18041,2026-04-27,SCHEDULED,120,2.0
2026-04-27T04:15:37Z,1804722026-04-27,18047,2026-04-27,SCHEDULED,540,9.0
2026-04-27T04:15:37Z,1804712026-04-26,18047,2026-04-26,SCHEDULED,540,9.0
2026-04-27T04:15:37Z,1530912026-04-27,15309,2026-04-27,SCHEDULED,540,9.0
2026-04-27T04:15:37Z,1572012026-04-27,15720,2026-04-27,SCHEDULED,420,7.0
2026-04-27T04:15:37Z,1807112026-04-26,18071,2026-04-26,SCHEDULED,-60,-1.0
2026-04-27T04:15:37Z,1577212026-04-27,15772,2026-04-27,SCHEDULED,120,2.0
2026-04-27T04:15:37Z,1806612026-04-26,18066,2026-04-26,SCHEDULED,-120,-2.0
2026-04-27T04:15:37Z,0206112026-04-26,02061,2026-04-26,SCHEDULED,120,2.0
2026-04-27T04:15:37Z,1812012026-04-26,18120,2026-04-26,SCHEDULED,240,4.0
2026-04-27T04:15:37Z,0305212026-04-26,03052,2026-04-26,SCHEDULED,60,1.0
2026-04-27T04:15:37Z,1565012026-04-27,15650,2026-04-27,SCHEDULED,60,1.0
2026-04-27T04:15:37Z,0306242026-04-26,03062,2026-04-26,SCHEDULED,120,2.0
2026-04-27T04:15:37Z,0306232026-04-26,03062,2026-04-26,SCHEDULED,120,2.0
2026-04-27T04:15:37Z,0306212026-04-26,03062,2026-04-26,SCHEDULED,120,2.0
2026-04-27T04:15:37Z,0306222026-04-26,03062,2026-04-26,SCHEDULED,120,2.0
2026-04-27T04:15:37Z,1504612026-04-26,15046,2026-04-26,SCHEDULED,300,5.0
2026-04-27T04:15:37Z,1506012026-04-26,15060,2026-04-26,SCHEDULED,240,4.0
2026-04-27T04:15:37Z,1580412026-04-27,15804,2026-04-27,SCHEDULED,60,1.0
2026-04-27T04:15:37Z,0306242026-04-26,03062,2026-04-26,SCHEDULED,240,4.0
2026-04-27T04:15:37Z,0306232026-04-26,03062,2026-04-26,SCHEDULED,240,4.0
2026-04-27T04:15:37Z,0306212026-04-26,03062,2026-04-26,SCHEDULED,240,4.0
2026-04-27T04:15:37Z,0306222026-04-26,03062,2026-04-26,SCHEDULED,240,4.0
2026-04-27T04:15:37Z,1831012026-04-27,18310,2026-04-27,SCHEDULED,120,2.0
2026-04-27T04:15:37Z,0405612026-04-27,04056,2026-04-27,SCHEDULED,-180,-3.0
2026-04-27T04:15:37Z,1891012026-04-27,18910,2026-04-27,SCHEDULED,120,2.0
2026-04-27T04:15:37Z,0415422026-04-26,04154,2026-04-26,SCHEDULED,120,2.0
2026-04-27T04:15:37Z,0415412026-04-26,04154,2026-04-26,SCHEDULED,120,2.0
2026-04-27T04:15:37Z,1600012026-04-27,16000,2026-04-27,SCHEDULED,-120,-2.0
2026-04-27T04:15:37Z,0446412026-04-26,04464,2026-04-26,SCHEDULED,240,4.0
2026-04-27T04:15:37Z,1802422026-04-27,18024,2026-04-27,SCHEDULED,120,2.0
2026-04-27T04:15:37Z,1802412026-04-26,18024,2026-04-26,SCHEDULED,120,2.0
2026-04-27T04:15:37Z,3586912026-04-26,35869,2026-04-26,SCHEDULED,120,2.0
2026-04-27T04:15:37Z,0587112026-04-26,05871,2026-04-26,SCHEDULED,120,2.0
2026-04-27T04:15:37Z,0807212026-04-27,08072,2026-04-27,SCHEDULED,-60,-1.0
2026-04-27T04:15:37Z,0906112026-04-27,09061,2026-04-27,SCHEDULED,60,1.0
2026-04-27T04:15:37Z,1720012026-04-26,17200,2026-04-26,CANCELED,,
2026-04-27T04:15:37Z,1304512026-04-26,13045,2026-04-26,CANCELED,,
2026-04-27T04:15:37Z,7185512026-04-26,71855,2026-04-26,CANCELED,,
2026-04-27T04:15:37Z,1260112026-04-26,12601,2026-04-26,CANCELED,,
2026-04-27T04:15:37Z,3820012026-04-26,38200,2026-04-26,CANCELED,,
2026-04-27T04:20:37Z,1702112026-04-27,17021,2026-04-27,SCHEDULED,180,3.0
2026-04-27T04:20:37Z,1268912026-04-26,12689,2026-04-26,SCHEDULED,120,2.0
2026-04-27T04:20:37Z,1720112026-04-27,17201,2026-04-27,SCHEDULED,-2940,-49.0
2026-04-27T04:20:37Z,1300112026-04-27,13001,2026-04-27,SCHEDULED,300,5.0
2026-04-27T04:20:37Z,1770712026-04-27,17707,2026-04-27,SCHEDULED,180,3.0
2026-04-27T04:20:37Z,1320212026-04-27,13202,2026-04-27,SCHEDULED,60,1.0
2026-04-27T04:20:37Z,1804112026-04-27,18041,2026-04-27,SCHEDULED,120,2.0
2026-04-27T04:20:37Z,1504012026-04-26,15040,2026-04-26,SCHEDULED,180,3.0
2026-04-27T04:20:37Z,1804612026-04-26,18046,2026-04-26,SCHEDULED,60,1.0
2026-04-27T04:20:37Z,1505112026-04-26,15051,2026-04-26,SCHEDULED,60,1.0
2026-04-27T04:20:37Z,1804722026-04-27,18047,2026-04-27,SCHEDULED,540,9.0
2026-04-27T04:20:37Z,1804712026-04-26,18047,2026-04-26,SCHEDULED,540,9.0
2026-04-27T04:20:37Z,1530912026-04-27,15309,2026-04-27,SCHEDULED,540,9.0
2026-04-27T04:20:37Z,1806812026-04-26,18068,2026-04-26,SCHEDULED,60,1.0
2026-04-27T04:20:37Z,1572012026-04-27,15720,2026-04-27,SCHEDULED,420,7.0
2026-04-27T04:20:37Z,1807112026-04-26,18071,2026-04-26,SCHEDULED,-60,-1.0
2026-04-27T04:20:37Z,1807212026-04-26,18072,2026-04-26,SCHEDULED,60,1.0
2026-04-27T04:20:37Z,1577212026-04-27,15772,2026-04-27,SCHEDULED,240,4.0
2026-04-27T04:20:37Z,1806612026-04-26,18066,2026-04-26,SCHEDULED,-120,-2.0
2026-04-27T04:20:37Z,0206112026-04-26,02061,2026-04-26,SCHEDULED,120,2.0
2026-04-27T04:20:37Z,0305212026-04-26,03052,2026-04-26,SCHEDULED,180,3.0
2026-04-27T04:20:37Z,1812012026-04-26,18120,2026-04-26,SCHEDULED,120,2.0
2026-04-27T04:20:37Z,3586912026-04-26,35869,2026-04-26,SCHEDULED,120,2.0
2026-04-27T04:20:37Z,1251212026-04-27,12512,2026-04-27,SCHEDULED,60,1.0
2026-04-27T04:20:37Z,0306242026-04-26,03062,2026-04-26,SCHEDULED,120,2.0
2026-04-27T04:20:37Z,0306232026-04-26,03062,2026-04-26,SCHEDULED,120,2.0
2026-04-27T04:20:37Z,0306212026-04-26,03062,2026-04-26,SCHEDULED,120,2.0
2026-04-27T04:20:37Z,0306222026-04-26,03062,2026-04-26,SCHEDULED,120,2.0
2026-04-27T04:20:37Z,1565012026-04-27,15650,2026-04-27,SCHEDULED,60,1.0
2026-04-27T04:20:37Z,1504612026-04-26,15046,2026-04-26,SCHEDULED,300,5.0
2026-04-27T04:20:37Z,0306242026-04-26,03062,2026-04-26,SCHEDULED,240,4.0
2026-04-27T04:20:37Z,0306232026-04-26,03062,2026-04-26,SCHEDULED,240,4.0
2026-04-27T04:20:37Z,0306212026-04-26,03062,2026-04-26,SCHEDULED,240,4.0
2026-04-27T04:20:37Z,0306222026-04-26,03062,2026-04-26,SCHEDULED,240,4.0
2026-04-27T04:20:37Z,1506012026-04-26,15060,2026-04-26,SCHEDULED,300,5.0
2026-04-27T04:20:37Z,0405612026-04-27,04056,2026-04-27,SCHEDULED,-180,-3.0
2026-04-27T04:20:37Z,1580412026-04-27,15804,2026-04-27,SCHEDULED,60,1.0
2026-04-27T04:20:37Z,0406012026-04-26,04060,2026-04-26,SCHEDULED,180,3.0
2026-04-27T04:20:37Z,1831012026-04-27,18310,2026-04-27,SCHEDULED,60,1.0
2026-04-27T04:20:37Z,1891012026-04-27,18910,2026-04-27,SCHEDULED,120,2.0
2026-04-27T04:20:37Z,0415422026-04-26,04154,2026-04-26,SCHEDULED,120,2.0
2026-04-27T04:20:37Z,0415412026-04-26,04154,2026-04-26,SCHEDULED,120,2.0
2026-04-27T04:20:37Z,1443312026-04-27,14433,2026-04-27,SCHEDULED,60,1.0
2026-04-27T04:20:37Z,0446412026-04-26,04464,2026-04-26,SCHEDULED,180,3.0
2026-04-27T04:20:37Z,0566812026-04-26,05668,2026-04-26,SCHEDULED,60,1.0
2026-04-27T04:20:37Z,1600012026-04-27,16000,2026-04-27,SCHEDULED,120,2.0
2026-04-27T04:20:37Z,0587112026-04-26,05871,2026-04-26,SCHEDULED,120,2.0
2026-04-27T04:20:37Z,1802422026-04-27,18024,2026-04-27,SCHEDULED,120,2.0
2026-04-27T04:20:37Z,1802412026-04-26,18024,2026-04-26,SCHEDULED,120,2.0
2026-04-27T04:20:37Z,0906112026-04-27,09061,2026-04-27,SCHEDULED,60,1.0
2026-04-27T04:20:37Z,1720012026-04-26,17200,2026-04-26,CANCELED,,
2026-04-27T04:20:37Z,1304512026-04-26,13045,2026-04-26,CANCELED,,
2026-04-27T04:20:37Z,1260112026-04-26,12601,2026-04-26,CANCELED,,
2026-04-27T04:20:37Z,7185512026-04-26,71855,2026-04-26,CANCELED,,
2026-04-27T04:20:37Z,3820012026-04-26,38200,2026-04-26,CANCELED,,
2026-04-27T04:25:32Z,1577212026-04-27,15772,2026-04-27,SCHEDULED,240,4.0
2026-04-27T04:25:32Z,0906112026-04-27,09061,2026-04-27,SCHEDULED,60,1.0
2026-04-27T04:25:32Z,1590012026-04-27,15900,2026-04-27,SCHEDULED,300,5.0
2026-04-27T04:25:32Z,1702112026-04-27,17021,2026-04-27,SCHEDULED,180,3.0
2026-04-27T04:25:32Z,1268912026-04-26,12689,2026-04-26,SCHEDULED,60,1.0
2026-04-27T04:25:32Z,1710612026-04-27,17106,2026-04-27,SCHEDULED,60,1.0
2026-04-27T04:25:32Z,1300112026-04-27,13001,2026-04-27,SCHEDULED,360,6.0
2026-04-27T04:25:32Z,1720112026-04-27,17201,2026-04-27,SCHEDULED,-2940,-49.0
2026-04-27T04:25:32Z,1305112026-04-27,13051,2026-04-27,SCHEDULED,60,1.0
2026-04-27T04:25:32Z,1770712026-04-27,17707,2026-04-27,SCHEDULED,180,3.0
2026-04-27T04:25:32Z,1320212026-04-27,13202,2026-04-27,SCHEDULED,120,2.0
2026-04-27T04:25:32Z,1500212026-04-26,15002,2026-04-26,SCHEDULED,-60,-1.0
2026-04-27T04:25:32Z,1804112026-04-27,18041,2026-04-27,SCHEDULED,120,2.0
2026-04-27T04:25:32Z,1504012026-04-26,15040,2026-04-26,SCHEDULED,120,2.0
2026-04-27T04:25:32Z,1804612026-04-26,18046,2026-04-26,SCHEDULED,60,1.0
2026-04-27T04:25:32Z,1505112026-04-26,15051,2026-04-26,SCHEDULED,60,1.0
2026-04-27T04:25:32Z,1804722026-04-27,18047,2026-04-27,SCHEDULED,480,8.0
2026-04-27T04:25:32Z,1804712026-04-26,18047,2026-04-26,SCHEDULED,480,8.0
2026-04-27T04:25:32Z,1530912026-04-27,15309,2026-04-27,SCHEDULED,420,7.0
2026-04-27T04:25:32Z,1806812026-04-26,18068,2026-04-26,SCHEDULED,-60,-1.0
2026-04-27T04:25:32Z,1572012026-04-27,15720,2026-04-27,SCHEDULED,480,8.0
2026-04-27T04:25:32Z,1807212026-04-26,18072,2026-04-26,SCHEDULED,120,2.0
2026-04-27T04:25:32Z,0206112026-04-26,02061,2026-04-26,SCHEDULED,60,1.0
2026-04-27T04:25:32Z,1806612026-04-26,18066,2026-04-26,SCHEDULED,-240,-4.0
2026-04-27T04:25:32Z,0305212026-04-26,03052,2026-04-26,SCHEDULED,180,3.0
2026-04-27T04:25:32Z,3586912026-04-26,35869,2026-04-26,SCHEDULED,120,2.0
2026-04-27T04:25:32Z,1703012026-04-27,17030,2026-04-27,SCHEDULED,60,1.0
2026-04-27T04:25:32Z,1251212026-04-27,12512,2026-04-27,SCHEDULED,60,1.0
2026-04-27T04:25:32Z,1565012026-04-27,15650,2026-04-27,SCHEDULED,60,1.0
2026-04-27T04:25:32Z,0306242026-04-26,03062,2026-04-26,SCHEDULED,120,2.0
2026-04-27T04:25:32Z,0306232026-04-26,03062,2026-04-26,SCHEDULED,120,2.0
2026-04-27T04:25:32Z,0306212026-04-26,03062,2026-04-26,SCHEDULED,120,2.0
2026-04-27T04:25:32Z,0306222026-04-26,03062,2026-04-26,SCHEDULED,120,2.0
2026-04-27T04:25:32Z,1504612026-04-26,15046,2026-04-26,SCHEDULED,300,5.0
2026-04-27T04:25:32Z,1506012026-04-26,15060,2026-04-26,SCHEDULED,300,5.0
2026-04-27T04:25:32Z,0306242026-04-26,03062,2026-04-26,SCHEDULED,300,5.0
2026-04-27T04:25:32Z,0306232026-04-26,03062,2026-04-26,SCHEDULED,300,5.0
2026-04-27T04:25:32Z,0306212026-04-26,03062,2026-04-26,SCHEDULED,300,5.0
2026-04-27T04:25:32Z,0306222026-04-26,03062,2026-04-26,SCHEDULED,300,5.0
2026-04-27T04:25:32Z,1580412026-04-27,15804,2026-04-27,SCHEDULED,180,3.0
2026-04-27T04:25:32Z,1812012026-04-26,18120,2026-04-26,SCHEDULED,120,2.0
2026-04-27T04:25:32Z,0405612026-04-27,04056,2026-04-27,SCHEDULED,-420,-7.0
2026-04-27T04:25:32Z,1891012026-04-27,18910,2026-04-27,SCHEDULED,120,2.0
2026-04-27T04:25:32Z,0406012026-04-26,04060,2026-04-26,SCHEDULED,300,5.0
2026-04-27T04:25:32Z,0415422026-04-26,04154,2026-04-26,SCHEDULED,120,2.0
2026-04-27T04:25:32Z,0415412026-04-26,04154,2026-04-26,SCHEDULED,120,2.0
2026-04-27T04:25:32Z,1600012026-04-27,16000,2026-04-27,SCHEDULED,60,1.0
2026-04-27T04:25:32Z,0446412026-04-26,04464,2026-04-26,SCHEDULED,180,3.0
2026-04-27T04:25:32Z,1802422026-04-27,18024,2026-04-27,SCHEDULED,240,4.0
2026-04-27T04:25:32Z,1802412026-04-26,18024,2026-04-26,SCHEDULED,240,4.0
2026-04-27T04:25:32Z,0587112026-04-26,05871,2026-04-26,SCHEDULED,180,3.0
2026-04-27T04:25:32Z,0805812026-04-27,08058,2026-04-27,SCHEDULED,60,1.0
2026-04-27T04:25:32Z,0865412026-04-27,08654,2026-04-27,SCHEDULED,180,3.0
2026-04-27T04:25:32Z,0807212026-04-27,08072,2026-04-27,SCHEDULED,-60,-1.0
2026-04-27T04:25:32Z,1304512026-04-26,13045,2026-04-26,CANCELED,,
2026-04-27T04:25:32Z,1720012026-04-26,17200,2026-04-26,CANCELED,,
2026-04-27T04:25:32Z,1260112026-04-26,12601,2026-04-26,CANCELED,,
2026-04-27T04:25:32Z,7185512026-04-26,71855,2026-04-26,CANCELED,,
2026-04-27T04:25:32Z,3820012026-04-26,38200,2026-04-26,CANCELED,,
2026-04-27T04:30:47Z,0805812026-04-27,08058,2026-04-27,SCHEDULED,60,1.0
2026-04-27T04:30:47Z,1572012026-04-27,15720,2026-04-27,SCHEDULED,420,7.0
2026-04-27T04:30:47Z,0806312026-04-27,08063,2026-04-27,SCHEDULED,60,1.0
2026-04-27T04:30:47Z,1577012026-04-27,15770,2026-04-27,SCHEDULED,120,2.0
2026-04-27T04:30:47Z,1577212026-04-27,15772,2026-04-27,SCHEDULED,180,3.0
2026-04-27T04:30:47Z,0807512026-04-27,08075,2026-04-27,SCHEDULED,300,5.0
2026-04-27T04:30:47Z,1590012026-04-27,15900,2026-04-27,SCHEDULED,300,5.0
2026-04-27T04:30:47Z,1702112026-04-27,17021,2026-04-27,SCHEDULED,180,3.0
2026-04-27T04:30:47Z,0826012026-04-27,08260,2026-04-27,SCHEDULED,60,1.0
2026-04-27T04:30:47Z,0865412026-04-27,08654,2026-04-27,SCHEDULED,180,3.0
2026-04-27T04:30:47Z,1720112026-04-27,17201,2026-04-27,SCHEDULED,-2940,-49.0
2026-04-27T04:30:47Z,0807212026-04-27,08072,2026-04-27,SCHEDULED,-60,-1.0
2026-04-27T04:30:47Z,0906112026-04-27,09061,2026-04-27,SCHEDULED,60,1.0
2026-04-27T04:30:47Z,1770712026-04-27,17707,2026-04-27,SCHEDULED,180,3.0
2026-04-27T04:30:47Z,1268912026-04-26,12689,2026-04-26,SCHEDULED,60,1.0
2026-04-27T04:30:47Z,1804112026-04-27,18041,2026-04-27,SCHEDULED,120,2.0
2026-04-27T04:30:47Z,1300112026-04-27,13001,2026-04-27,SCHEDULED,480,8.0
2026-04-27T04:30:47Z,1804612026-04-26,18046,2026-04-26,SCHEDULED,180,3.0
2026-04-27T04:30:47Z,1305112026-04-27,13051,2026-04-27,SCHEDULED,60,1.0
2026-04-27T04:30:47Z,1804722026-04-27,18047,2026-04-27,SCHEDULED,480,8.0
2026-04-27T04:30:47Z,1804712026-04-26,18047,2026-04-26,SCHEDULED,480,8.0
2026-04-27T04:30:47Z,1320112026-04-27,13201,2026-04-27,SCHEDULED,120,2.0
2026-04-27T04:30:47Z,1320212026-04-27,13202,2026-04-27,SCHEDULED,60,1.0
2026-04-27T04:30:47Z,1807112026-04-26,18071,2026-04-26,SCHEDULED,120,2.0
2026-04-27T04:30:47Z,1504012026-04-26,15040,2026-04-26,SCHEDULED,60,1.0
2026-04-27T04:30:47Z,1505112026-04-26,15051,2026-04-26,SCHEDULED,60,1.0
2026-04-27T04:30:47Z,1877332026-04-27,18773,2026-04-27,SCHEDULED,60,1.0
2026-04-27T04:30:47Z,1877312026-04-27,18773,2026-04-27,SCHEDULED,60,1.0
2026-04-27T04:30:47Z,1530912026-04-27,15309,2026-04-27,SCHEDULED,420,7.0
2026-04-27T04:30:47Z,3586912026-04-26,35869,2026-04-26,SCHEDULED,60,1.0
2026-04-27T04:30:47Z,1703012026-04-27,17030,2026-04-27,SCHEDULED,180,3.0
2026-04-27T04:30:47Z,1241112026-04-27,12411,2026-04-27,SCHEDULED,180,3.0
2026-04-27T04:30:47Z,0206112026-04-26,02061,2026-04-26,SCHEDULED,60,1.0
2026-04-27T04:30:47Z,1251212026-04-27,12512,2026-04-27,SCHEDULED,60,1.0
2026-04-27T04:30:47Z,0206712026-04-27,02067,2026-04-27,SCHEDULED,840,14.0
2026-04-27T04:30:47Z,0305212026-04-26,03052,2026-04-26,SCHEDULED,60,1.0
2026-04-27T04:30:47Z,0306012026-04-26,03060,2026-04-26,SCHEDULED,120,2.0
2026-04-27T04:30:47Z,0306242026-04-26,03062,2026-04-26,SCHEDULED,120,2.0
2026-04-27T04:30:47Z,0306232026-04-26,03062,2026-04-26,SCHEDULED,120,2.0
2026-04-27T04:30:47Z,0306212026-04-26,03062,2026-04-26,SCHEDULED,120,2.0
2026-04-27T04:30:47Z,0306222026-04-26,03062,2026-04-26,SCHEDULED,120,2.0
2026-04-27T04:30:47Z,1565012026-04-27,15650,2026-04-27,SCHEDULED,120,2.0
2026-04-27T04:30:47Z,0306312026-04-26,03063,2026-04-26,SCHEDULED,60,1.0
2026-04-27T04:30:47Z,0306322026-04-26,03063,2026-04-26,SCHEDULED,60,1.0
2026-04-27T04:30:47Z,0306332026-04-26,03063,2026-04-26,SCHEDULED,60,1.0
2026-04-27T04:30:47Z,1504612026-04-26,15046,2026-04-26,SCHEDULED,180,3.0
2026-04-27T04:30:47Z,1506012026-04-26,15060,2026-04-26,SCHEDULED,360,6.0
2026-04-27T04:30:47Z,0306242026-04-26,03062,2026-04-26,SCHEDULED,240,4.0
2026-04-27T04:30:47Z,0306232026-04-26,03062,2026-04-26,SCHEDULED,240,4.0
2026-04-27T04:30:47Z,0306212026-04-26,03062,2026-04-26,SCHEDULED,240,4.0
2026-04-27T04:30:47Z,0306222026-04-26,03062,2026-04-26,SCHEDULED,240,4.0
2026-04-27T04:30:47Z,1580412026-04-27,15804,2026-04-27,SCHEDULED,180,3.0
2026-04-27T04:30:47Z,0405612026-04-27,04056,2026-04-27,SCHEDULED,-600,-10.0
2026-04-27T04:30:47Z,1807212026-04-26,18072,2026-04-26,SCHEDULED,120,2.0
2026-04-27T04:30:47Z,0406012026-04-26,04060,2026-04-26,SCHEDULED,240,4.0
2026-04-27T04:30:47Z,0415422026-04-26,04154,2026-04-26,SCHEDULED,180,3.0
2026-04-27T04:30:47Z,0415412026-04-26,04154,2026-04-26,SCHEDULED,180,3.0
2026-04-27T04:30:47Z,0446412026-04-26,04464,2026-04-26,SCHEDULED,120,2.0
2026-04-27T04:30:47Z,1812012026-04-26,18120,2026-04-26,SCHEDULED,180,3.0
2026-04-27T04:30:47Z,1831012026-04-27,18310,2026-04-27,SCHEDULED,60,1.0
2026-04-27T04:30:47Z,0506312026-04-26,05063,2026-04-26,SCHEDULED,-60,-1.0
2026-04-27T04:30:47Z,1891012026-04-27,18910,2026-04-27,SCHEDULED,120,2.0
2026-04-27T04:30:47Z,1443312026-04-27,14433,2026-04-27,SCHEDULED,120,2.0
2026-04-27T04:30:47Z,0576312026-04-26,05763,2026-04-26,SCHEDULED,60,1.0
2026-04-27T04:30:47Z,0576322026-04-26,05763,2026-04-26,SCHEDULED,60,1.0
2026-04-27T04:30:47Z,0576332026-04-26,05763,2026-04-26,SCHEDULED,60,1.0
2026-04-27T04:30:47Z,0587112026-04-26,05871,2026-04-26,SCHEDULED,180,3.0
2026-04-27T04:30:47Z,1600012026-04-27,16000,2026-04-27,SCHEDULED,-60,-1.0
2026-04-27T04:30:47Z,1447012026-04-27,14470,2026-04-27,SCHEDULED,60,1.0
2026-04-27T04:30:47Z,1802422026-04-27,18024,2026-04-27,SCHEDULED,300,5.0
2026-04-27T04:30:47Z,1802412026-04-26,18024,2026-04-26,SCHEDULED,300,5.0
2026-04-27T04:30:47Z,1304512026-04-26,13045,2026-04-26,CANCELED,,
2026-04-27T04:30:47Z,1720012026-04-26,17200,2026-04-26,CANCELED,,
2026-04-27T04:30:47Z,1260112026-04-26,12601,2026-04-26,CANCELED,,
2026-04-27T04:30:47Z,7185512026-04-26,71855,2026-04-26,CANCELED,,
2026-04-27T04:30:47Z,3820012026-04-26,38200,2026-04-26,CANCELED,,
2026-04-27T04:35:35Z,0587112026-04-26,05871,2026-04-26,SCHEDULED,300,5.0
2026-04-27T04:35:35Z,0805812026-04-27,08058,2026-04-27,SCHEDULED,120,2.0
2026-04-27T04:35:35Z,1572012026-04-27,15720,2026-04-27,SCHEDULED,240,4.0
2026-04-27T04:35:35Z,0806312026-04-27,08063,2026-04-27,SCHEDULED,180,3.0
2026-04-27T04:35:35Z,1577012026-04-27,15770,2026-04-27,SCHEDULED,360,6.0
2026-04-27T04:35:35Z,1577212026-04-27,15772,2026-04-27,SCHEDULED,180,3.0
2026-04-27T04:35:35Z,0807512026-04-27,08075,2026-04-27,SCHEDULED,300,5.0
2026-04-27T04:35:35Z,1590012026-04-27,15900,2026-04-27,SCHEDULED,240,4.0
2026-04-27T04:35:35Z,0826012026-04-27,08260,2026-04-27,SCHEDULED,60,1.0
2026-04-27T04:35:35Z,1702112026-04-27,17021,2026-04-27,SCHEDULED,180,3.0
2026-04-27T04:35:35Z,0826112026-04-27,08261,2026-04-27,SCHEDULED,120,2.0
2026-04-27T04:35:35Z,1710612026-04-27,17106,2026-04-27,SCHEDULED,-60,-1.0
2026-04-27T04:35:35Z,0865412026-04-27,08654,2026-04-27,SCHEDULED,360,6.0
2026-04-27T04:35:35Z,1710012026-04-27,17100,2026-04-27,SCHEDULED,60,1.0
2026-04-27T04:35:35Z,0807212026-04-27,08072,2026-04-27,SCHEDULED,-120,-2.0
2026-04-27T04:35:35Z,1720112026-04-27,17201,2026-04-27,SCHEDULED,-2940,-49.0
2026-04-27T04:35:35Z,0906112026-04-27,09061,2026-04-27,SCHEDULED,60,1.0
2026-04-27T04:35:35Z,1268912026-04-26,12689,2026-04-26,SCHEDULED,-60,-1.0
2026-04-27T04:35:35Z,1770712026-04-27,17707,2026-04-27,SCHEDULED,240,4.0
2026-04-27T04:35:35Z,1300112026-04-27,13001,2026-04-27,SCHEDULED,600,10.0
2026-04-27T04:35:35Z,1304112026-04-26,13041,2026-04-26,SCHEDULED,60,1.0
2026-04-27T04:35:35Z,1803112026-04-27,18031,2026-04-27,SCHEDULED,-60,-1.0
2026-04-27T04:35:35Z,1305112026-04-27,13051,2026-04-27,SCHEDULED,60,1.0
2026-04-27T04:35:35Z,1804112026-04-27,18041,2026-04-27,SCHEDULED,120,2.0
2026-04-27T04:35:35Z,1804612026-04-26,18046,2026-04-26,SCHEDULED,120,2.0
2026-04-27T04:35:35Z,1320112026-04-27,13201,2026-04-27,SCHEDULED,60,1.0
2026-04-27T04:35:35Z,1804722026-04-27,18047,2026-04-27,SCHEDULED,300,5.0
2026-04-27T04:35:35Z,1804712026-04-26,18047,2026-04-26,SCHEDULED,300,5.0
2026-04-27T04:35:35Z,1320212026-04-27,13202,2026-04-27,SCHEDULED,60,1.0
2026-04-27T04:35:35Z,1504012026-04-26,15040,2026-04-26,SCHEDULED,60,1.0
2026-04-27T04:35:35Z,1807112026-04-26,18071,2026-04-26,SCHEDULED,300,5.0
2026-04-27T04:35:35Z,1505112026-04-26,15051,2026-04-26,SCHEDULED,60,1.0
2026-04-27T04:35:35Z,1807212026-04-26,18072,2026-04-26,SCHEDULED,120,2.0
2026-04-27T04:35:35Z,1530912026-04-27,15309,2026-04-27,SCHEDULED,480,8.0
2026-04-27T04:35:35Z,1563012026-04-26,15630,2026-04-26,SCHEDULED,60,1.0
2026-04-27T04:35:35Z,1703012026-04-27,17030,2026-04-27,SCHEDULED,120,2.0
2026-04-27T04:35:35Z,0075222026-04-27,00752,2026-04-27,SCHEDULED,120,2.0
2026-04-27T04:35:35Z,0075212026-04-27,00752,2026-04-27,SCHEDULED,120,2.0
2026-04-27T04:35:35Z,1241112026-04-27,12411,2026-04-27,SCHEDULED,240,4.0
2026-04-27T04:35:35Z,1251212026-04-27,12512,2026-04-27,SCHEDULED,60,1.0
2026-04-27T04:35:35Z,0206112026-04-26,02061,2026-04-26,SCHEDULED,60,1.0
2026-04-27T04:35:35Z,0206712026-04-27,02067,2026-04-27,SCHEDULED,840,14.0
2026-04-27T04:35:35Z,1565012026-04-27,15650,2026-04-27,SCHEDULED,120,2.0
2026-04-27T04:35:35Z,1575112026-04-27,15751,2026-04-27,SCHEDULED,-60,-1.0
2026-04-27T04:35:35Z,0226112026-04-26,02261,2026-04-26,SCHEDULED,120,2.0
2026-04-27T04:35:35Z,0305212026-04-26,03052,2026-04-26,SCHEDULED,120,2.0
2026-04-27T04:35:35Z,0306012026-04-26,03060,2026-04-26,SCHEDULED,120,2.0
2026-04-27T04:35:35Z,1504612026-04-26,15046,2026-04-26,SCHEDULED,180,3.0
2026-04-27T04:35:35Z,0330112026-04-26,03301,2026-04-26,SCHEDULED,120,2.0
2026-04-27T04:35:35Z,1506012026-04-26,15060,2026-04-26,SCHEDULED,360,6.0
2026-04-27T04:35:35Z,1580412026-04-27,15804,2026-04-27,SCHEDULED,240,4.0
2026-04-27T04:35:35Z,1812012026-04-26,18120,2026-04-26,SCHEDULED,120,2.0
2026-04-27T04:35:35Z,1831012026-04-27,18310,2026-04-27,SCHEDULED,60,1.0
2026-04-27T04:35:35Z,0306242026-04-26,03062,2026-04-26,SCHEDULED,120,2.0
2026-04-27T04:35:35Z,0306232026-04-26,03062,2026-04-26,SCHEDULED,120,2.0
2026-04-27T04:35:35Z,0306212026-04-26,03062,2026-04-26,SCHEDULED,120,2.0
2026-04-27T04:35:35Z,0306222026-04-26,03062,2026-04-26,SCHEDULED,120,2.0
2026-04-27T04:35:35Z,1891012026-04-27,18910,2026-04-27,SCHEDULED,240,4.0
2026-04-27T04:35:35Z,0306312026-04-26,03063,2026-04-26,SCHEDULED,60,1.0
2026-04-27T04:35:35Z,0306322026-04-26,03063,2026-04-26,SCHEDULED,60,1.0
2026-04-27T04:35:35Z,0306332026-04-26,03063,2026-04-26,SCHEDULED,60,1.0
2026-04-27T04:35:35Z,1500012026-04-26,15000,2026-04-26,SCHEDULED,960,16.0
2026-04-27T04:35:35Z,1600012026-04-27,16000,2026-04-27,SCHEDULED,-60,-1.0
2026-04-27T04:35:35Z,1401812026-04-27,14018,2026-04-27,SCHEDULED,60,1.0
2026-04-27T04:35:35Z,0306242026-04-26,03062,2026-04-26,SCHEDULED,420,7.0
2026-04-27T04:35:35Z,0306232026-04-26,03062,2026-04-26,SCHEDULED,420,7.0
2026-04-27T04:35:35Z,0306212026-04-26,03062,2026-04-26,SCHEDULED,420,7.0
2026-04-27T04:35:35Z,0306222026-04-26,03062,2026-04-26,SCHEDULED,420,7.0
2026-04-27T04:35:35Z,0366222026-04-26,03662,2026-04-26,SCHEDULED,-60,-1.0
2026-04-27T04:35:35Z,0366212026-04-26,03662,2026-04-26,SCHEDULED,-60,-1.0
2026-04-27T04:35:35Z,1802422026-04-27,18024,2026-04-27,SCHEDULED,300,5.0
2026-04-27T04:35:35Z,1802412026-04-26,18024,2026-04-26,SCHEDULED,300,5.0
2026-04-27T04:35:35Z,0405612026-04-27,04056,2026-04-27,SCHEDULED,-600,-10.0
2026-04-27T04:35:35Z,0406012026-04-26,04060,2026-04-26,SCHEDULED,240,4.0
2026-04-27T04:35:35Z,1877332026-04-27,18773,2026-04-27,SCHEDULED,120,2.0
2026-04-27T04:35:35Z,1877312026-04-27,18773,2026-04-27,SCHEDULED,120,2.0
2026-04-27T04:35:35Z,3586912026-04-26,35869,2026-04-26,SCHEDULED,60,1.0
2026-04-27T04:35:35Z,0415422026-04-26,04154,2026-04-26,SCHEDULED,420,7.0
2026-04-27T04:35:35Z,0415412026-04-26,04154,2026-04-26,SCHEDULED,420,7.0
2026-04-27T04:35:35Z,0446412026-04-26,04464,2026-04-26,SCHEDULED,120,2.0
2026-04-27T04:35:35Z,0486822026-04-27,04868,2026-04-27,SCHEDULED,120,2.0
2026-04-27T04:35:35Z,0486812026-04-27,04868,2026-04-27,SCHEDULED,120,2.0
2026-04-27T04:35:35Z,0506312026-04-26,05063,2026-04-26,SCHEDULED,-60,-1.0
2026-04-27T04:35:35Z,0506422026-04-26,05064,2026-04-26,SCHEDULED,120,2.0
2026-04-27T04:35:35Z,0506412026-04-26,05064,2026-04-26,SCHEDULED,120,2.0
2026-04-27T04:35:35Z,0566812026-04-26,05668,2026-04-26,SCHEDULED,60,1.0
2026-04-27T04:35:35Z,1304512026-04-26,13045,2026-04-26,CANCELED,,
2026-04-27T04:35:35Z,1720012026-04-26,17200,2026-04-26,CANCELED,,
2026-04-27T04:35:35Z,1260112026-04-26,12601,2026-04-26,CANCELED,,
2026-04-27T04:35:35Z,7185512026-04-26,71855,2026-04-26,CANCELED,,
2026-04-27T04:35:35Z,3820012026-04-26,38200,2026-04-26,CANCELED,,
2026-04-27T04:40:35Z,0566812026-04-26,05668,2026-04-26,SCHEDULED,120,2.0
2026-04-27T04:40:35Z,1530912026-04-27,15309,2026-04-27,SCHEDULED,540,9.0
2026-04-27T04:40:35Z,1563012026-04-26,15630,2026-04-26,SCHEDULED,60,1.0
2026-04-27T04:40:35Z,0576312026-04-26,05763,2026-04-26,SCHEDULED,-60,-1.0
2026-04-27T04:40:35Z,0576322026-04-26,05763,2026-04-26,SCHEDULED,-60,-1.0
2026-04-27T04:40:35Z,0576332026-04-26,05763,2026-04-26,SCHEDULED,-60,-1.0
2026-04-27T04:40:35Z,0587112026-04-26,05871,2026-04-26,SCHEDULED,300,5.0
2026-04-27T04:40:35Z,1572012026-04-27,15720,2026-04-27,SCHEDULED,180,3.0
2026-04-27T04:40:35Z,0805812026-04-27,08058,2026-04-27,SCHEDULED,120,2.0
2026-04-27T04:40:35Z,1577012026-04-27,15770,2026-04-27,SCHEDULED,360,6.0
2026-04-27T04:40:35Z,0806312026-04-27,08063,2026-04-27,SCHEDULED,180,3.0
2026-04-27T04:40:35Z,1577212026-04-27,15772,2026-04-27,SCHEDULED,180,3.0
2026-04-27T04:40:35Z,0806912026-04-27,08069,2026-04-27,SCHEDULED,120,2.0
2026-04-27T04:40:35Z,1590012026-04-27,15900,2026-04-27,SCHEDULED,240,4.0
2026-04-27T04:40:35Z,0807512026-04-27,08075,2026-04-27,SCHEDULED,300,5.0
2026-04-27T04:40:35Z,1702112026-04-27,17021,2026-04-27,SCHEDULED,180,3.0
2026-04-27T04:40:35Z,0826012026-04-27,08260,2026-04-27,SCHEDULED,240,4.0
2026-04-27T04:40:35Z,0826112026-04-27,08261,2026-04-27,SCHEDULED,300,5.0
2026-04-27T04:40:35Z,1710012026-04-27,17100,2026-04-27,SCHEDULED,60,1.0
2026-04-27T04:40:35Z,0847512026-04-27,08475,2026-04-27,SCHEDULED,540,9.0
2026-04-27T04:40:35Z,1720112026-04-27,17201,2026-04-27,SCHEDULED,-2940,-49.0
2026-04-27T04:40:35Z,0865412026-04-27,08654,2026-04-27,SCHEDULED,120,2.0
2026-04-27T04:40:35Z,1750312026-04-26,17503,2026-04-26,SCHEDULED,-120,-2.0
2026-04-27T04:40:35Z,0807212026-04-27,08072,2026-04-27,SCHEDULED,-120,-2.0
2026-04-27T04:40:35Z,0906112026-04-27,09061,2026-04-27,SCHEDULED,60,1.0
2026-04-27T04:40:35Z,1770712026-04-27,17707,2026-04-27,SCHEDULED,420,7.0
2026-04-27T04:40:35Z,1268912026-04-26,12689,2026-04-26,SCHEDULED,-60,-1.0
2026-04-27T04:40:35Z,1803112026-04-27,18031,2026-04-27,SCHEDULED,60,1.0
2026-04-27T04:40:35Z,1300112026-04-27,13001,2026-04-27,SCHEDULED,660,11.0
2026-04-27T04:40:35Z,1804112026-04-27,18041,2026-04-27,SCHEDULED,120,2.0
2026-04-27T04:40:35Z,1804612026-04-26,18046,2026-04-26,SCHEDULED,180,3.0
2026-04-27T04:40:35Z,1305112026-04-27,13051,2026-04-27,SCHEDULED,60,1.0
2026-04-27T04:40:35Z,1395112026-04-26,13951,2026-04-26,SCHEDULED,60,1.0
2026-04-27T04:40:35Z,1804722026-04-27,18047,2026-04-27,SCHEDULED,300,5.0
2026-04-27T04:40:35Z,1804712026-04-26,18047,2026-04-26,SCHEDULED,300,5.0
2026-04-27T04:40:35Z,1320212026-04-27,13202,2026-04-27,SCHEDULED,60,1.0
2026-04-27T04:40:35Z,1807112026-04-26,18071,2026-04-26,SCHEDULED,360,6.0
2026-04-27T04:40:35Z,1504012026-04-26,15040,2026-04-26,SCHEDULED,60,1.0
2026-04-27T04:40:35Z,1807212026-04-26,18072,2026-04-26,SCHEDULED,240,4.0
2026-04-27T04:40:35Z,1806612026-04-26,18066,2026-04-26,SCHEDULED,120,2.0
2026-04-27T04:40:35Z,1505112026-04-26,15051,2026-04-26,SCHEDULED,60,1.0
2026-04-27T04:40:35Z,1812012026-04-26,18120,2026-04-26,SCHEDULED,120,2.0
2026-04-27T04:40:35Z,1831012026-04-27,18310,2026-04-27,SCHEDULED,60,1.0
2026-04-27T04:40:35Z,0029122026-04-27,00291,2026-04-27,SCHEDULED,-60,-1.0
2026-04-27T04:40:35Z,0029112026-04-27,00291,2026-04-27,SCHEDULED,-60,-1.0
2026-04-27T04:40:35Z,1891012026-04-27,18910,2026-04-27,SCHEDULED,420,7.0
2026-04-27T04:40:35Z,0075222026-04-27,00752,2026-04-27,SCHEDULED,60,1.0
2026-04-27T04:40:35Z,0075212026-04-27,00752,2026-04-27,SCHEDULED,60,1.0
2026-04-27T04:40:35Z,1500012026-04-26,15000,2026-04-26,SCHEDULED,1020,17.0
2026-04-27T04:40:35Z,0107212026-04-27,01072,2026-04-27,SCHEDULED,120,2.0
2026-04-27T04:40:35Z,1600012026-04-27,16000,2026-04-27,SCHEDULED,120,2.0
2026-04-27T04:40:35Z,0206112026-04-26,02061,2026-04-26,SCHEDULED,540,9.0
2026-04-27T04:40:35Z,1401812026-04-27,14018,2026-04-27,SCHEDULED,300,5.0
2026-04-27T04:40:35Z,0206712026-04-27,02067,2026-04-27,SCHEDULED,840,14.0
2026-04-27T04:40:35Z,1447012026-04-27,14470,2026-04-27,SCHEDULED,60,1.0
2026-04-27T04:40:35Z,0207512026-04-27,02075,2026-04-27,SCHEDULED,120,2.0
2026-04-27T04:40:35Z,1802422026-04-27,18024,2026-04-27,SCHEDULED,360,6.0
2026-04-27T04:40:35Z,1802412026-04-26,18024,2026-04-26,SCHEDULED,360,6.0
2026-04-27T04:40:35Z,0226112026-04-26,02261,2026-04-26,SCHEDULED,180,3.0
2026-04-27T04:40:35Z,1877332026-04-27,18773,2026-04-27,SCHEDULED,180,3.0
2026-04-27T04:40:35Z,1877312026-04-27,18773,2026-04-27,SCHEDULED,180,3.0
2026-04-27T04:40:35Z,0306012026-04-26,03060,2026-04-26,SCHEDULED,120,2.0
2026-04-27T04:40:35Z,3586912026-04-26,35869,2026-04-26,SCHEDULED,120,2.0
2026-04-27T04:40:35Z,0330112026-04-26,03301,2026-04-26,SCHEDULED,120,2.0
2026-04-27T04:40:35Z,1703012026-04-27,17030,2026-04-27,SCHEDULED,120,2.0
2026-04-27T04:40:35Z,1241112026-04-27,12411,2026-04-27,SCHEDULED,240,4.0
2026-04-27T04:40:35Z,0306242026-04-26,03062,2026-04-26,SCHEDULED,60,1.0
2026-04-27T04:40:35Z,0306232026-04-26,03062,2026-04-26,SCHEDULED,60,1.0
2026-04-27T04:40:35Z,0306212026-04-26,03062,2026-04-26,SCHEDULED,60,1.0
2026-04-27T04:40:35Z,0306222026-04-26,03062,2026-04-26,SCHEDULED,60,1.0
2026-04-27T04:40:35Z,1564612026-04-27,15646,2026-04-27,SCHEDULED,120,2.0
2026-04-27T04:40:35Z,1565012026-04-27,15650,2026-04-27,SCHEDULED,900,15.0
2026-04-27T04:40:35Z,0306312026-04-26,03063,2026-04-26,SCHEDULED,-120,-2.0
2026-04-27T04:40:35Z,0306322026-04-26,03063,2026-04-26,SCHEDULED,-120,-2.0
2026-04-27T04:40:35Z,0306332026-04-26,03063,2026-04-26,SCHEDULED,-120,-2.0
2026-04-27T04:40:35Z,0306242026-04-26,03062,2026-04-26,SCHEDULED,480,8.0
2026-04-27T04:40:35Z,0306232026-04-26,03062,2026-04-26,SCHEDULED,480,8.0
2026-04-27T04:40:35Z,0306212026-04-26,03062,2026-04-26,SCHEDULED,480,8.0
2026-04-27T04:40:35Z,0306222026-04-26,03062,2026-04-26,SCHEDULED,480,8.0
2026-04-27T04:40:35Z,1504612026-04-26,15046,2026-04-26,SCHEDULED,120,2.0
2026-04-27T04:40:35Z,0366222026-04-26,03662,2026-04-26,SCHEDULED,60,1.0
2026-04-27T04:40:35Z,0366212026-04-26,03662,2026-04-26,SCHEDULED,60,1.0
2026-04-27T04:40:35Z,0405612026-04-27,04056,2026-04-27,SCHEDULED,-600,-10.0
2026-04-27T04:40:35Z,1506012026-04-26,15060,2026-04-26,SCHEDULED,360,6.0
2026-04-27T04:40:35Z,0406012026-04-26,04060,2026-04-26,SCHEDULED,300,5.0
2026-04-27T04:40:35Z,1580412026-04-27,15804,2026-04-27,SCHEDULED,420,7.0
2026-04-27T04:40:35Z,0415422026-04-26,04154,2026-04-26,SCHEDULED,420,7.0
2026-04-27T04:40:35Z,0415412026-04-26,04154,2026-04-26,SCHEDULED,420,7.0
2026-04-27T04:40:35Z,0446412026-04-26,04464,2026-04-26,SCHEDULED,120,2.0
2026-04-27T04:40:35Z,0486822026-04-27,04868,2026-04-27,SCHEDULED,120,2.0
2026-04-27T04:40:35Z,0486812026-04-27,04868,2026-04-27,SCHEDULED,120,2.0
2026-04-27T04:40:35Z,0506312026-04-26,05063,2026-04-26,SCHEDULED,-60,-1.0
2026-04-27T04:40:35Z,0506422026-04-26,05064,2026-04-26,SCHEDULED,240,4.0
2026-04-27T04:40:35Z,0506412026-04-26,05064,2026-04-26,SCHEDULED,240,4.0
2026-04-27T04:40:35Z,0506522026-04-26,05065,2026-04-26,SCHEDULED,-60,-1.0
2026-04-27T04:40:35Z,0506512026-04-26,05065,2026-04-26,SCHEDULED,-60,-1.0
2026-04-27T04:40:35Z,3820012026-04-26,38200,2026-04-26,CANCELED,,
2026-04-27T04:40:35Z,1304512026-04-26,13045,2026-04-26,CANCELED,,
2026-04-27T04:40:35Z,7185512026-04-26,71855,2026-04-26,CANCELED,,
2026-04-27T04:40:35Z,1720012026-04-26,17200,2026-04-26,CANCELED,,
2026-04-27T04:40:35Z,1248012026-04-26,12480,2026-04-26,CANCELED,,
2026-04-27T04:40:35Z,1260112026-04-26,12601,2026-04-26,CANCELED,,
2026-04-27T04:42:12Z,0566812026-04-26,05668,2026-04-26,SCHEDULED,120,2.0
2026-04-27T04:42:12Z,1505112026-04-26,15051,2026-04-26,SCHEDULED,60,1.0
2026-04-27T04:42:12Z,1530912026-04-27,15309,2026-04-27,SCHEDULED,540,9.0
2026-04-27T04:42:12Z,1563012026-04-26,15630,2026-04-26,SCHEDULED,60,1.0
2026-04-27T04:42:12Z,0587112026-04-26,05871,2026-04-26,SCHEDULED,540,9.0
2026-04-27T04:42:12Z,0805812026-04-27,08058,2026-04-27,SCHEDULED,120,2.0
2026-04-27T04:42:12Z,1572012026-04-27,15720,2026-04-27,SCHEDULED,180,3.0
2026-04-27T04:42:12Z,0806312026-04-27,08063,2026-04-27,SCHEDULED,240,4.0
2026-04-27T04:42:12Z,1577012026-04-27,15770,2026-04-27,SCHEDULED,360,6.0
2026-04-27T04:42:12Z,0806912026-04-27,08069,2026-04-27,SCHEDULED,120,2.0
2026-04-27T04:42:12Z,1577212026-04-27,15772,2026-04-27,SCHEDULED,180,3.0
2026-04-27T04:42:12Z,0807512026-04-27,08075,2026-04-27,SCHEDULED,300,5.0
2026-04-27T04:42:12Z,1590012026-04-27,15900,2026-04-27,SCHEDULED,360,6.0
2026-04-27T04:42:12Z,0826012026-04-27,08260,2026-04-27,SCHEDULED,240,4.0
2026-04-27T04:42:12Z,1702112026-04-27,17021,2026-04-27,SCHEDULED,180,3.0
2026-04-27T04:42:12Z,0826112026-04-27,08261,2026-04-27,SCHEDULED,300,5.0
2026-04-27T04:42:12Z,0847512026-04-27,08475,2026-04-27,SCHEDULED,540,9.0
2026-04-27T04:42:12Z,1710012026-04-27,17100,2026-04-27,SCHEDULED,60,1.0
2026-04-27T04:42:12Z,1720112026-04-27,17201,2026-04-27,SCHEDULED,-2940,-49.0
2026-04-27T04:42:12Z,0865412026-04-27,08654,2026-04-27,SCHEDULED,120,2.0
2026-04-27T04:42:12Z,1750312026-04-26,17503,2026-04-26,SCHEDULED,-120,-2.0
2026-04-27T04:42:12Z,0807212026-04-27,08072,2026-04-27,SCHEDULED,-120,-2.0
2026-04-27T04:42:12Z,0906112026-04-27,09061,2026-04-27,SCHEDULED,60,1.0
2026-04-27T04:42:12Z,1770712026-04-27,17707,2026-04-27,SCHEDULED,420,7.0
2026-04-27T04:42:12Z,0906712026-04-27,09067,2026-04-27,SCHEDULED,60,1.0
2026-04-27T04:42:12Z,1803112026-04-27,18031,2026-04-27,SCHEDULED,60,1.0
2026-04-27T04:42:12Z,1268912026-04-26,12689,2026-04-26,SCHEDULED,-60,-1.0
2026-04-27T04:42:12Z,1804112026-04-27,18041,2026-04-27,SCHEDULED,120,2.0
2026-04-27T04:42:12Z,1300112026-04-27,13001,2026-04-27,SCHEDULED,660,11.0
2026-04-27T04:42:12Z,1804612026-04-26,18046,2026-04-26,SCHEDULED,180,3.0
2026-04-27T04:42:12Z,1804722026-04-27,18047,2026-04-27,SCHEDULED,240,4.0
2026-04-27T04:42:12Z,1804712026-04-26,18047,2026-04-26,SCHEDULED,240,4.0
2026-04-27T04:42:12Z,1305112026-04-27,13051,2026-04-27,SCHEDULED,60,1.0
2026-04-27T04:42:12Z,1395112026-04-26,13951,2026-04-26,SCHEDULED,60,1.0
2026-04-27T04:42:12Z,1807112026-04-26,18071,2026-04-26,SCHEDULED,360,6.0
2026-04-27T04:42:12Z,1320212026-04-27,13202,2026-04-27,SCHEDULED,60,1.0
2026-04-27T04:42:12Z,1877332026-04-27,18773,2026-04-27,SCHEDULED,180,3.0
2026-04-27T04:42:12Z,1877312026-04-27,18773,2026-04-27,SCHEDULED,180,3.0
2026-04-27T04:42:12Z,1500212026-04-26,15002,2026-04-26,SCHEDULED,120,2.0
2026-04-27T04:42:12Z,3586912026-04-26,35869,2026-04-26,SCHEDULED,120,2.0
2026-04-27T04:42:12Z,1504012026-04-26,15040,2026-04-26,SCHEDULED,60,1.0
2026-04-27T04:42:12Z,1703012026-04-27,17030,2026-04-27,SCHEDULED,60,1.0
2026-04-27T04:42:12Z,1241112026-04-27,12411,2026-04-27,SCHEDULED,240,4.0
2026-04-27T04:42:12Z,0029122026-04-27,00291,2026-04-27,SCHEDULED,-60,-1.0
2026-04-27T04:42:12Z,0029112026-04-27,00291,2026-04-27,SCHEDULED,-60,-1.0
2026-04-27T04:42:12Z,0075222026-04-27,00752,2026-04-27,SCHEDULED,60,1.0
2026-04-27T04:42:12Z,0075212026-04-27,00752,2026-04-27,SCHEDULED,60,1.0
2026-04-27T04:42:12Z,1564612026-04-27,15646,2026-04-27,SCHEDULED,120,2.0
2026-04-27T04:42:12Z,1565012026-04-27,15650,2026-04-27,SCHEDULED,900,15.0
2026-04-27T04:42:12Z,0107212026-04-27,01072,2026-04-27,SCHEDULED,120,2.0
2026-04-27T04:42:12Z,0206112026-04-26,02061,2026-04-26,SCHEDULED,540,9.0
2026-04-27T04:42:12Z,0206712026-04-27,02067,2026-04-27,SCHEDULED,840,14.0
2026-04-27T04:42:12Z,1506012026-04-26,15060,2026-04-26,SCHEDULED,360,6.0
2026-04-27T04:42:12Z,0207512026-04-27,02075,2026-04-27,SCHEDULED,120,2.0
2026-04-27T04:42:12Z,1580412026-04-27,15804,2026-04-27,SCHEDULED,420,7.0
2026-04-27T04:42:12Z,0226112026-04-26,02261,2026-04-26,SCHEDULED,180,3.0
2026-04-27T04:42:12Z,1807212026-04-26,18072,2026-04-26,SCHEDULED,240,4.0
2026-04-27T04:42:12Z,1800212026-04-27,18002,2026-04-27,SCHEDULED,60,1.0
2026-04-27T04:42:12Z,1800222026-04-27,18002,2026-04-27,SCHEDULED,60,1.0
2026-04-27T04:42:12Z,1800242026-04-26,18002,2026-04-26,SCHEDULED,60,1.0
2026-04-27T04:42:12Z,0306012026-04-26,03060,2026-04-26,SCHEDULED,120,2.0
2026-04-27T04:42:12Z,1806612026-04-26,18066,2026-04-26,SCHEDULED,120,2.0
2026-04-27T04:42:12Z,0330112026-04-26,03301,2026-04-26,SCHEDULED,240,4.0
2026-04-27T04:42:12Z,1812012026-04-26,18120,2026-04-26,SCHEDULED,120,2.0
2026-04-27T04:42:12Z,1831012026-04-27,18310,2026-04-27,SCHEDULED,60,1.0
2026-04-27T04:42:12Z,1891012026-04-27,18910,2026-04-27,SCHEDULED,420,7.0
2026-04-27T04:42:12Z,1500012026-04-26,15000,2026-04-26,SCHEDULED,1020,17.0
2026-04-27T04:42:12Z,1600012026-04-27,16000,2026-04-27,SCHEDULED,120,2.0
2026-04-27T04:42:12Z,0306242026-04-26,03062,2026-04-26,SCHEDULED,60,1.0
2026-04-27T04:42:12Z,0306232026-04-26,03062,2026-04-26,SCHEDULED,60,1.0
2026-04-27T04:42:12Z,0306212026-04-26,03062,2026-04-26,SCHEDULED,60,1.0
2026-04-27T04:42:12Z,0306222026-04-26,03062,2026-04-26,SCHEDULED,60,1.0
2026-04-27T04:42:12Z,1401812026-04-27,14018,2026-04-27,SCHEDULED,300,5.0
2026-04-27T04:42:12Z,1447012026-04-27,14470,2026-04-27,SCHEDULED,60,1.0
2026-04-27T04:42:12Z,1802422026-04-27,18024,2026-04-27,SCHEDULED,480,8.0
2026-04-27T04:42:12Z,1802412026-04-26,18024,2026-04-26,SCHEDULED,480,8.0
2026-04-27T04:42:12Z,0306312026-04-26,03063,2026-04-26,SCHEDULED,-120,-2.0
2026-04-27T04:42:12Z,0306322026-04-26,03063,2026-04-26,SCHEDULED,-120,-2.0
2026-04-27T04:42:12Z,0306332026-04-26,03063,2026-04-26,SCHEDULED,-120,-2.0
2026-04-27T04:42:12Z,0306242026-04-26,03062,2026-04-26,SCHEDULED,480,8.0
2026-04-27T04:42:12Z,0306232026-04-26,03062,2026-04-26,SCHEDULED,480,8.0
2026-04-27T04:42:12Z,0306212026-04-26,03062,2026-04-26,SCHEDULED,480,8.0
2026-04-27T04:42:12Z,0306222026-04-26,03062,2026-04-26,SCHEDULED,480,8.0
2026-04-27T04:42:12Z,0366222026-04-26,03662,2026-04-26,SCHEDULED,120,2.0
2026-04-27T04:42:12Z,0366212026-04-26,03662,2026-04-26,SCHEDULED,120,2.0
2026-04-27T04:42:12Z,0405612026-04-27,04056,2026-04-27,SCHEDULED,-600,-10.0
2026-04-27T04:42:12Z,0406012026-04-26,04060,2026-04-26,SCHEDULED,360,6.0
2026-04-27T04:42:12Z,0415422026-04-26,04154,2026-04-26,SCHEDULED,420,7.0
2026-04-27T04:42:12Z,0415412026-04-26,04154,2026-04-26,SCHEDULED,420,7.0
2026-04-27T04:42:12Z,0446412026-04-26,04464,2026-04-26,SCHEDULED,120,2.0
2026-04-27T04:42:12Z,0486822026-04-27,04868,2026-04-27,SCHEDULED,120,2.0
2026-04-27T04:42:12Z,0486812026-04-27,04868,2026-04-27,SCHEDULED,120,2.0
2026-04-27T04:42:12Z,0506312026-04-26,05063,2026-04-26,SCHEDULED,-60,-1.0
2026-04-27T04:42:12Z,0506422026-04-26,05064,2026-04-26,SCHEDULED,240,4.0
2026-04-27T04:42:12Z,0506412026-04-26,05064,2026-04-26,SCHEDULED,240,4.0
2026-04-27T04:42:12Z,0506522026-04-26,05065,2026-04-26,SCHEDULED,-60,-1.0
2026-04-27T04:42:12Z,0506512026-04-26,05065,2026-04-26,SCHEDULED,-60,-1.0
2026-04-27T04:42:12Z,0508042026-04-26,05080,2026-04-26,SCHEDULED,60,1.0
2026-04-27T04:42:12Z,0508032026-04-26,05080,2026-04-26,SCHEDULED,60,1.0
2026-04-27T04:42:12Z,0508012026-04-26,05080,2026-04-26,SCHEDULED,60,1.0
2026-04-27T04:42:12Z,0508022026-04-26,05080,2026-04-26,SCHEDULED,60,1.0
2026-04-27T04:42:12Z,1304512026-04-26,13045,2026-04-26,CANCELED,,
2026-04-27T04:42:12Z,3820012026-04-26,38200,2026-04-26,CANCELED,,
2026-04-27T04:42:12Z,1720012026-04-26,17200,2026-04-26,CANCELED,,
2026-04-27T04:42:12Z,7185512026-04-26,71855,2026-04-26,CANCELED,,
2026-04-27T04:42:12Z,1260112026-04-26,12601,2026-04-26,CANCELED,,
2026-04-27T04:42:12Z,1248012026-04-26,12480,2026-04-26,CANCELED,,
2026-04-27T04:45:37Z,1500212026-04-26,15002,2026-04-26,SCHEDULED,120,2.0
2026-04-27T04:45:37Z,0566812026-04-26,05668,2026-04-26,SCHEDULED,120,2.0
2026-04-27T04:45:37Z,1504012026-04-26,15040,2026-04-26,SCHEDULED,60,1.0
2026-04-27T04:45:37Z,1505112026-04-26,15051,2026-04-26,SCHEDULED,60,1.0
2026-04-27T04:45:37Z,0576312026-04-26,05763,2026-04-26,SCHEDULED,-60,-1.0
2026-04-27T04:45:37Z,0576322026-04-26,05763,2026-04-26,SCHEDULED,-60,-1.0
2026-04-27T04:45:37Z,0576332026-04-26,05763,2026-04-26,SCHEDULED,-60,-1.0
2026-04-27T04:45:37Z,1530912026-04-27,15309,2026-04-27,SCHEDULED,480,8.0
2026-04-27T04:45:37Z,0587112026-04-26,05871,2026-04-26,SCHEDULED,540,9.0
2026-04-27T04:45:37Z,0805812026-04-27,08058,2026-04-27,SCHEDULED,120,2.0
2026-04-27T04:45:37Z,1563012026-04-26,15630,2026-04-26,SCHEDULED,60,1.0
2026-04-27T04:45:37Z,0806312026-04-27,08063,2026-04-27,SCHEDULED,60,1.0
2026-04-27T04:45:37Z,1562012026-04-27,15620,2026-04-27,SCHEDULED,600,10.0
2026-04-27T04:45:37Z,0806912026-04-27,08069,2026-04-27,SCHEDULED,120,2.0
2026-04-27T04:45:37Z,0807512026-04-27,08075,2026-04-27,SCHEDULED,300,5.0
2026-04-27T04:45:37Z,1572012026-04-27,15720,2026-04-27,SCHEDULED,180,3.0
2026-04-27T04:45:37Z,0826012026-04-27,08260,2026-04-27,SCHEDULED,120,2.0
2026-04-27T04:45:37Z,1577012026-04-27,15770,2026-04-27,SCHEDULED,360,6.0
2026-04-27T04:45:37Z,0826112026-04-27,08261,2026-04-27,SCHEDULED,300,5.0
2026-04-27T04:45:37Z,1577212026-04-27,15772,2026-04-27,SCHEDULED,240,4.0
2026-04-27T04:45:37Z,0847512026-04-27,08475,2026-04-27,SCHEDULED,540,9.0
2026-04-27T04:45:37Z,0865412026-04-27,08654,2026-04-27,SCHEDULED,120,2.0
2026-04-27T04:45:37Z,1590012026-04-27,15900,2026-04-27,SCHEDULED,360,6.0
2026-04-27T04:45:37Z,0807212026-04-27,08072,2026-04-27,SCHEDULED,-120,-2.0
2026-04-27T04:45:37Z,1702112026-04-27,17021,2026-04-27,SCHEDULED,180,3.0
2026-04-27T04:45:37Z,0906112026-04-27,09061,2026-04-27,SCHEDULED,60,1.0
2026-04-27T04:45:37Z,1710612026-04-27,17106,2026-04-27,SCHEDULED,60,1.0
2026-04-27T04:45:37Z,0906712026-04-27,09067,2026-04-27,SCHEDULED,60,1.0
2026-04-27T04:45:37Z,1710012026-04-27,17100,2026-04-27,SCHEDULED,120,2.0
2026-04-27T04:45:37Z,1720112026-04-27,17201,2026-04-27,SCHEDULED,-2940,-49.0
2026-04-27T04:45:37Z,0907222026-04-26,09072,2026-04-26,SCHEDULED,180,3.0
2026-04-27T04:45:37Z,0907212026-04-26,09072,2026-04-26,SCHEDULED,180,3.0
2026-04-27T04:45:37Z,0947012026-04-27,09470,2026-04-27,SCHEDULED,120,2.0
2026-04-27T04:45:37Z,1268912026-04-26,12689,2026-04-26,SCHEDULED,-60,-1.0
2026-04-27T04:45:37Z,1770712026-04-27,17707,2026-04-27,SCHEDULED,480,8.0
2026-04-27T04:45:37Z,1300012026-04-27,13000,2026-04-27,SCHEDULED,60,1.0
2026-04-27T04:45:37Z,1300112026-04-27,13001,2026-04-27,SCHEDULED,660,11.0
2026-04-27T04:45:37Z,1803112026-04-27,18031,2026-04-27,SCHEDULED,60,1.0
2026-04-27T04:45:37Z,1804112026-04-27,18041,2026-04-27,SCHEDULED,120,2.0
2026-04-27T04:45:37Z,1804612026-04-26,18046,2026-04-26,SCHEDULED,180,3.0
2026-04-27T04:45:37Z,1304112026-04-26,13041,2026-04-26,SCHEDULED,180,3.0
2026-04-27T04:45:37Z,1305112026-04-27,13051,2026-04-27,SCHEDULED,60,1.0
2026-04-27T04:45:37Z,1804722026-04-27,18047,2026-04-27,SCHEDULED,420,7.0
2026-04-27T04:45:37Z,1804712026-04-26,18047,2026-04-26,SCHEDULED,420,7.0
2026-04-27T04:45:37Z,1395112026-04-26,13951,2026-04-26,SCHEDULED,60,1.0
2026-04-27T04:45:37Z,1802422026-04-27,18024,2026-04-27,SCHEDULED,480,8.0
2026-04-27T04:45:37Z,1802412026-04-26,18024,2026-04-26,SCHEDULED,480,8.0
2026-04-27T04:45:37Z,0029122026-04-27,00291,2026-04-27,SCHEDULED,-60,-1.0
2026-04-27T04:45:37Z,0029112026-04-27,00291,2026-04-27,SCHEDULED,-60,-1.0
2026-04-27T04:45:37Z,1877332026-04-27,18773,2026-04-27,SCHEDULED,180,3.0
2026-04-27T04:45:37Z,1877312026-04-27,18773,2026-04-27,SCHEDULED,180,3.0
2026-04-27T04:45:37Z,0075222026-04-27,00752,2026-04-27,SCHEDULED,120,2.0
2026-04-27T04:45:37Z,0075212026-04-27,00752,2026-04-27,SCHEDULED,120,2.0
2026-04-27T04:45:37Z,3586912026-04-26,35869,2026-04-26,SCHEDULED,120,2.0
2026-04-27T04:45:37Z,1703012026-04-27,17030,2026-04-27,SCHEDULED,60,1.0
2026-04-27T04:45:37Z,0075222026-04-27,00752,2026-04-27,SCHEDULED,-60,-1.0
2026-04-27T04:45:37Z,0075212026-04-27,00752,2026-04-27,SCHEDULED,-60,-1.0
2026-04-27T04:45:37Z,1241112026-04-27,12411,2026-04-27,SCHEDULED,360,6.0
2026-04-27T04:45:37Z,3460912026-04-26,34609,2026-04-26,SCHEDULED,60,1.0
2026-04-27T04:45:37Z,0107212026-04-27,01072,2026-04-27,SCHEDULED,120,2.0
2026-04-27T04:45:37Z,1564612026-04-27,15646,2026-04-27,SCHEDULED,180,3.0
2026-04-27T04:45:37Z,0206112026-04-26,02061,2026-04-26,SCHEDULED,360,6.0
2026-04-27T04:45:37Z,1565012026-04-27,15650,2026-04-27,SCHEDULED,900,15.0
2026-04-27T04:45:37Z,0206712026-04-27,02067,2026-04-27,SCHEDULED,840,14.0
2026-04-27T04:45:37Z,0207512026-04-27,02075,2026-04-27,SCHEDULED,180,3.0
2026-04-27T04:45:37Z,0226112026-04-26,02261,2026-04-26,SCHEDULED,180,3.0
2026-04-27T04:45:37Z,1506012026-04-26,15060,2026-04-26,SCHEDULED,300,5.0
2026-04-27T04:45:37Z,0305212026-04-26,03052,2026-04-26,SCHEDULED,-60,-1.0
2026-04-27T04:45:37Z,1580412026-04-27,15804,2026-04-27,SCHEDULED,420,7.0
2026-04-27T04:45:37Z,0306012026-04-26,03060,2026-04-26,SCHEDULED,120,2.0
2026-04-27T04:45:37Z,1806812026-04-26,18068,2026-04-26,SCHEDULED,360,6.0
2026-04-27T04:45:37Z,0330112026-04-26,03301,2026-04-26,SCHEDULED,240,4.0
2026-04-27T04:45:37Z,1807112026-04-26,18071,2026-04-26,SCHEDULED,360,6.0
2026-04-27T04:45:37Z,1807212026-04-26,18072,2026-04-26,SCHEDULED,300,5.0
2026-04-27T04:45:37Z,0306242026-04-26,03062,2026-04-26,SCHEDULED,60,1.0
2026-04-27T04:45:37Z,0306232026-04-26,03062,2026-04-26,SCHEDULED,60,1.0
2026-04-27T04:45:37Z,0306212026-04-26,03062,2026-04-26,SCHEDULED,60,1.0
2026-04-27T04:45:37Z,0306222026-04-26,03062,2026-04-26,SCHEDULED,60,1.0
2026-04-27T04:45:37Z,1800212026-04-27,18002,2026-04-27,SCHEDULED,120,2.0
2026-04-27T04:45:37Z,1800222026-04-27,18002,2026-04-27,SCHEDULED,120,2.0
2026-04-27T04:45:37Z,1800242026-04-26,18002,2026-04-26,SCHEDULED,120,2.0
2026-04-27T04:45:37Z,1806612026-04-26,18066,2026-04-26,SCHEDULED,120,2.0
2026-04-27T04:45:37Z,1812012026-04-26,18120,2026-04-26,SCHEDULED,120,2.0
2026-04-27T04:45:37Z,0306312026-04-26,03063,2026-04-26,SCHEDULED,-120,-2.0
2026-04-27T04:45:37Z,0306322026-04-26,03063,2026-04-26,SCHEDULED,-120,-2.0
2026-04-27T04:45:37Z,0306332026-04-26,03063,2026-04-26,SCHEDULED,-120,-2.0
2026-04-27T04:45:37Z,1831012026-04-27,18310,2026-04-27,SCHEDULED,60,1.0
2026-04-27T04:45:37Z,1891012026-04-27,18910,2026-04-27,SCHEDULED,420,7.0
2026-04-27T04:45:37Z,1443312026-04-27,14433,2026-04-27,SCHEDULED,60,1.0
2026-04-27T04:45:37Z,0306242026-04-26,03062,2026-04-26,SCHEDULED,600,10.0
2026-04-27T04:45:37Z,0306232026-04-26,03062,2026-04-26,SCHEDULED,600,10.0
2026-04-27T04:45:37Z,0306212026-04-26,03062,2026-04-26,SCHEDULED,600,10.0
2026-04-27T04:45:37Z,0306222026-04-26,03062,2026-04-26,SCHEDULED,600,10.0
2026-04-27T04:45:37Z,1500012026-04-26,15000,2026-04-26,SCHEDULED,960,16.0
2026-04-27T04:45:37Z,1600012026-04-27,16000,2026-04-27,SCHEDULED,60,1.0
2026-04-27T04:45:37Z,0366222026-04-26,03662,2026-04-26,SCHEDULED,120,2.0
2026-04-27T04:45:37Z,0366212026-04-26,03662,2026-04-26,SCHEDULED,120,2.0
2026-04-27T04:45:37Z,1401812026-04-27,14018,2026-04-27,SCHEDULED,300,5.0
2026-04-27T04:45:37Z,0405612026-04-27,04056,2026-04-27,SCHEDULED,-600,-10.0
2026-04-27T04:45:37Z,0406012026-04-26,04060,2026-04-26,SCHEDULED,360,6.0
2026-04-27T04:45:37Z,1447012026-04-27,14470,2026-04-27,SCHEDULED,60,1.0
2026-04-27T04:45:37Z,0415422026-04-26,04154,2026-04-26,SCHEDULED,300,5.0
2026-04-27T04:45:37Z,0415412026-04-26,04154,2026-04-26,SCHEDULED,300,5.0
2026-04-27T04:45:37Z,0446412026-04-26,04464,2026-04-26,SCHEDULED,60,1.0
2026-04-27T04:45:37Z,0506312026-04-26,05063,2026-04-26,SCHEDULED,-60,-1.0
2026-04-27T04:45:37Z,0506422026-04-26,05064,2026-04-26,SCHEDULED,120,2.0
2026-04-27T04:45:37Z,0506412026-04-26,05064,2026-04-26,SCHEDULED,120,2.0
2026-04-27T04:45:37Z,0506522026-04-26,05065,2026-04-26,SCHEDULED,-60,-1.0
2026-04-27T04:45:37Z,0506512026-04-26,05065,2026-04-26,SCHEDULED,-60,-1.0
2026-04-27T04:45:37Z,0509212026-04-26,05092,2026-04-26,SCHEDULED,60,1.0
2026-04-27T04:45:37Z,0509222026-04-26,05092,2026-04-26,SCHEDULED,60,1.0
2026-04-27T04:45:37Z,0509232026-04-26,05092,2026-04-26,SCHEDULED,60,1.0
2026-04-27T04:45:37Z,0508042026-04-26,05080,2026-04-26,SCHEDULED,60,1.0
2026-04-27T04:45:37Z,0508032026-04-26,05080,2026-04-26,SCHEDULED,60,1.0
2026-04-27T04:45:37Z,0508012026-04-26,05080,2026-04-26,SCHEDULED,60,1.0
2026-04-27T04:45:37Z,0508022026-04-26,05080,2026-04-26,SCHEDULED,60,1.0
2026-04-27T04:45:37Z,3820012026-04-26,38200,2026-04-26,CANCELED,,
2026-04-27T04:45:37Z,1304512026-04-26,13045,2026-04-26,CANCELED,,
2026-04-27T04:45:37Z,7185512026-04-26,71855,2026-04-26,CANCELED,,
2026-04-27T04:45:37Z,1720012026-04-26,17200,2026-04-26,CANCELED,,
2026-04-27T04:45:37Z,1248012026-04-26,12480,2026-04-26,CANCELED,,
2026-04-27T04:45:37Z,1260112026-04-26,12601,2026-04-26,CANCELED,,
2026-04-27T04:50:35Z,1590012026-04-27,15900,2026-04-27,SCHEDULED,480,8.0
2026-04-27T04:50:35Z,0576312026-04-26,05763,2026-04-26,SCHEDULED,-60,-1.0
2026-04-27T04:50:35Z,0576322026-04-26,05763,2026-04-26,SCHEDULED,-60,-1.0
2026-04-27T04:50:35Z,0576332026-04-26,05763,2026-04-26,SCHEDULED,-60,-1.0
2026-04-27T04:50:35Z,0587112026-04-26,05871,2026-04-26,SCHEDULED,420,7.0
2026-04-27T04:50:35Z,1702112026-04-27,17021,2026-04-27,SCHEDULED,240,4.0
2026-04-27T04:50:35Z,0805812026-04-27,08058,2026-04-27,SCHEDULED,60,1.0
2026-04-27T04:50:35Z,1710612026-04-27,17106,2026-04-27,SCHEDULED,120,2.0
2026-04-27T04:50:35Z,0806212026-04-27,08062,2026-04-27,SCHEDULED,60,1.0
2026-04-27T04:50:35Z,1710012026-04-27,17100,2026-04-27,SCHEDULED,120,2.0
2026-04-27T04:50:35Z,0806312026-04-27,08063,2026-04-27,SCHEDULED,60,1.0
2026-04-27T04:50:35Z,1720112026-04-27,17201,2026-04-27,SCHEDULED,-2940,-49.0
2026-04-27T04:50:35Z,0806812026-04-27,08068,2026-04-27,SCHEDULED,60,1.0
2026-04-27T04:50:35Z,1770312026-04-27,17703,2026-04-27,SCHEDULED,60,1.0
2026-04-27T04:50:35Z,1770712026-04-27,17707,2026-04-27,SCHEDULED,480,8.0
2026-04-27T04:50:35Z,0807512026-04-27,08075,2026-04-27,SCHEDULED,300,5.0
2026-04-27T04:50:35Z,1780612026-04-27,17806,2026-04-27,SCHEDULED,60,1.0
2026-04-27T04:50:35Z,0826012026-04-27,08260,2026-04-27,SCHEDULED,120,2.0
2026-04-27T04:50:35Z,0826112026-04-27,08261,2026-04-27,SCHEDULED,300,5.0
2026-04-27T04:50:35Z,1803112026-04-27,18031,2026-04-27,SCHEDULED,60,1.0
2026-04-27T04:50:35Z,0847512026-04-27,08475,2026-04-27,SCHEDULED,420,7.0
2026-04-27T04:50:35Z,1804112026-04-27,18041,2026-04-27,SCHEDULED,120,2.0
2026-04-27T04:50:35Z,0865412026-04-27,08654,2026-04-27,SCHEDULED,120,2.0
2026-04-27T04:50:35Z,1804612026-04-26,18046,2026-04-26,SCHEDULED,240,4.0
2026-04-27T04:50:35Z,0807212026-04-27,08072,2026-04-27,SCHEDULED,-120,-2.0
2026-04-27T04:50:35Z,1804722026-04-27,18047,2026-04-27,SCHEDULED,240,4.0
2026-04-27T04:50:35Z,1804712026-04-26,18047,2026-04-26,SCHEDULED,240,4.0
2026-04-27T04:50:35Z,1500212026-04-26,15002,2026-04-26,SCHEDULED,120,2.0
2026-04-27T04:50:35Z,0907222026-04-26,09072,2026-04-26,SCHEDULED,240,4.0
2026-04-27T04:50:35Z,0907212026-04-26,09072,2026-04-26,SCHEDULED,240,4.0
2026-04-27T04:50:35Z,1505112026-04-26,15051,2026-04-26,SCHEDULED,60,1.0
2026-04-27T04:50:35Z,0947012026-04-27,09470,2026-04-27,SCHEDULED,120,2.0
2026-04-27T04:50:35Z,1521112026-04-26,15211,2026-04-26,SCHEDULED,-60,-1.0
2026-04-27T04:50:35Z,1261112026-04-26,12611,2026-04-26,SCHEDULED,300,5.0
2026-04-27T04:50:35Z,1530912026-04-27,15309,2026-04-27,SCHEDULED,420,7.0
2026-04-27T04:50:35Z,1563012026-04-26,15630,2026-04-26,SCHEDULED,60,1.0
2026-04-27T04:50:35Z,1268912026-04-26,12689,2026-04-26,SCHEDULED,-60,-1.0
2026-04-27T04:50:35Z,1562012026-04-27,15620,2026-04-27,SCHEDULED,1020,17.0
2026-04-27T04:50:35Z,1300012026-04-27,13000,2026-04-27,SCHEDULED,180,3.0
2026-04-27T04:50:35Z,1563112026-04-27,15631,2026-04-27,SCHEDULED,1080,18.0
2026-04-27T04:50:35Z,1300112026-04-27,13001,2026-04-27,SCHEDULED,780,13.0
2026-04-27T04:50:35Z,1572012026-04-27,15720,2026-04-27,SCHEDULED,180,3.0
2026-04-27T04:50:35Z,1572212026-04-27,15722,2026-04-27,SCHEDULED,-60,-1.0
2026-04-27T04:50:35Z,1304112026-04-26,13041,2026-04-26,SCHEDULED,180,3.0
2026-04-27T04:50:35Z,1577012026-04-27,15770,2026-04-27,SCHEDULED,600,10.0
2026-04-27T04:50:35Z,1305112026-04-27,13051,2026-04-27,SCHEDULED,60,1.0
2026-04-27T04:50:35Z,1577212026-04-27,15772,2026-04-27,SCHEDULED,240,4.0
2026-04-27T04:50:35Z,1395112026-04-26,13951,2026-04-26,SCHEDULED,60,1.0
2026-04-27T04:50:35Z,1802422026-04-27,18024,2026-04-27,SCHEDULED,240,4.0
2026-04-27T04:50:35Z,1802412026-04-26,18024,2026-04-26,SCHEDULED,240,4.0
2026-04-27T04:50:35Z,1320212026-04-27,13202,2026-04-27,SCHEDULED,60,1.0
2026-04-27T04:50:35Z,1877332026-04-27,18773,2026-04-27,SCHEDULED,180,3.0
2026-04-27T04:50:35Z,1877312026-04-27,18773,2026-04-27,SCHEDULED,180,3.0
2026-04-27T04:50:35Z,3586912026-04-26,35869,2026-04-26,SCHEDULED,120,2.0
2026-04-27T04:50:35Z,1703012026-04-27,17030,2026-04-27,SCHEDULED,-60,-1.0
2026-04-27T04:50:35Z,0029122026-04-27,00291,2026-04-27,SCHEDULED,-180,-3.0
2026-04-27T04:50:35Z,0029112026-04-27,00291,2026-04-27,SCHEDULED,-180,-3.0
2026-04-27T04:50:35Z,1241112026-04-27,12411,2026-04-27,SCHEDULED,360,6.0
2026-04-27T04:50:35Z,1564612026-04-27,15646,2026-04-27,SCHEDULED,240,4.0
2026-04-27T04:50:35Z,1565012026-04-27,15650,2026-04-27,SCHEDULED,900,15.0
2026-04-27T04:50:35Z,3460912026-04-26,34609,2026-04-26,SCHEDULED,180,3.0
2026-04-27T04:50:35Z,1575112026-04-27,15751,2026-04-27,SCHEDULED,60,1.0
2026-04-27T04:50:35Z,0107212026-04-27,01072,2026-04-27,SCHEDULED,360,6.0
2026-04-27T04:50:35Z,0206112026-04-26,02061,2026-04-26,SCHEDULED,360,6.0
2026-04-27T04:50:35Z,1506012026-04-26,15060,2026-04-26,SCHEDULED,360,6.0
2026-04-27T04:50:35Z,0206712026-04-27,02067,2026-04-27,SCHEDULED,840,14.0
2026-04-27T04:50:35Z,1580412026-04-27,15804,2026-04-27,SCHEDULED,420,7.0
2026-04-27T04:50:35Z,0207512026-04-27,02075,2026-04-27,SCHEDULED,180,3.0
2026-04-27T04:50:35Z,1805412026-04-26,18054,2026-04-26,SCHEDULED,360,6.0
2026-04-27T04:50:35Z,0226112026-04-26,02261,2026-04-26,SCHEDULED,180,3.0
2026-04-27T04:50:35Z,1806812026-04-26,18068,2026-04-26,SCHEDULED,120,2.0
2026-04-27T04:50:35Z,1807112026-04-26,18071,2026-04-26,SCHEDULED,360,6.0
2026-04-27T04:50:35Z,0306012026-04-26,03060,2026-04-26,SCHEDULED,120,2.0
2026-04-27T04:50:35Z,1807212026-04-26,18072,2026-04-26,SCHEDULED,300,5.0
2026-04-27T04:50:35Z,0330112026-04-26,03301,2026-04-26,SCHEDULED,180,3.0
2026-04-27T04:50:35Z,1800212026-04-27,18002,2026-04-27,SCHEDULED,60,1.0
2026-04-27T04:50:35Z,1800222026-04-27,18002,2026-04-27,SCHEDULED,60,1.0
2026-04-27T04:50:35Z,1800242026-04-26,18002,2026-04-26,SCHEDULED,60,1.0
2026-04-27T04:50:35Z,1806612026-04-26,18066,2026-04-26,SCHEDULED,60,1.0
2026-04-27T04:50:35Z,0306242026-04-26,03062,2026-04-26,SCHEDULED,120,2.0
2026-04-27T04:50:35Z,0306232026-04-26,03062,2026-04-26,SCHEDULED,120,2.0
2026-04-27T04:50:35Z,0306212026-04-26,03062,2026-04-26,SCHEDULED,120,2.0
2026-04-27T04:50:35Z,0306222026-04-26,03062,2026-04-26,SCHEDULED,120,2.0
2026-04-27T04:50:35Z,1812012026-04-26,18120,2026-04-26,SCHEDULED,120,2.0
2026-04-27T04:50:35Z,1831012026-04-27,18310,2026-04-27,SCHEDULED,60,1.0
2026-04-27T04:50:35Z,0306312026-04-26,03063,2026-04-26,SCHEDULED,60,1.0
2026-04-27T04:50:35Z,0306322026-04-26,03063,2026-04-26,SCHEDULED,60,1.0
2026-04-27T04:50:35Z,0306332026-04-26,03063,2026-04-26,SCHEDULED,60,1.0
2026-04-27T04:50:35Z,1891012026-04-27,18910,2026-04-27,SCHEDULED,540,9.0
2026-04-27T04:50:35Z,1443312026-04-27,14433,2026-04-27,SCHEDULED,60,1.0
2026-04-27T04:50:35Z,1500012026-04-26,15000,2026-04-26,SCHEDULED,960,16.0
2026-04-27T04:50:35Z,0306242026-04-26,03062,2026-04-26,SCHEDULED,600,10.0
2026-04-27T04:50:35Z,0306232026-04-26,03062,2026-04-26,SCHEDULED,600,10.0
2026-04-27T04:50:35Z,0306212026-04-26,03062,2026-04-26,SCHEDULED,600,10.0
2026-04-27T04:50:35Z,0306222026-04-26,03062,2026-04-26,SCHEDULED,600,10.0
2026-04-27T04:50:35Z,1401812026-04-27,14018,2026-04-27,SCHEDULED,300,5.0
2026-04-27T04:50:35Z,0366222026-04-26,03662,2026-04-26,SCHEDULED,60,1.0
2026-04-27T04:50:35Z,0366212026-04-26,03662,2026-04-26,SCHEDULED,60,1.0
2026-04-27T04:50:35Z,0405612026-04-27,04056,2026-04-27,SCHEDULED,-600,-10.0
2026-04-27T04:50:35Z,0406012026-04-26,04060,2026-04-26,SCHEDULED,480,8.0
2026-04-27T04:50:35Z,0415422026-04-26,04154,2026-04-26,SCHEDULED,240,4.0
2026-04-27T04:50:35Z,0415412026-04-26,04154,2026-04-26,SCHEDULED,240,4.0
2026-04-27T04:50:35Z,0446412026-04-26,04464,2026-04-26,SCHEDULED,60,1.0
2026-04-27T04:50:35Z,0506312026-04-26,05063,2026-04-26,SCHEDULED,60,1.0
2026-04-27T04:50:35Z,0506422026-04-26,05064,2026-04-26,SCHEDULED,240,4.0
2026-04-27T04:50:35Z,0506412026-04-26,05064,2026-04-26,SCHEDULED,240,4.0
2026-04-27T04:50:35Z,0506522026-04-26,05065,2026-04-26,SCHEDULED,-60,-1.0
2026-04-27T04:50:35Z,0506512026-04-26,05065,2026-04-26,SCHEDULED,-60,-1.0
2026-04-27T04:50:35Z,0509212026-04-26,05092,2026-04-26,SCHEDULED,60,1.0
2026-04-27T04:50:35Z,0509222026-04-26,05092,2026-04-26,SCHEDULED,60,1.0
2026-04-27T04:50:35Z,0509232026-04-26,05092,2026-04-26,SCHEDULED,60,1.0
2026-04-27T04:50:35Z,0566812026-04-26,05668,2026-04-26,SCHEDULED,120,2.0
2026-04-27T04:50:35Z,1304512026-04-26,13045,2026-04-26,CANCELED,,
2026-04-27T04:50:35Z,3820012026-04-26,38200,2026-04-26,CANCELED,,
2026-04-27T04:50:35Z,1720012026-04-26,17200,2026-04-26,CANCELED,,
2026-04-27T04:50:35Z,7185512026-04-26,71855,2026-04-26,CANCELED,,
2026-04-27T04:50:35Z,1260112026-04-26,12601,2026-04-26,CANCELED,,
2026-04-27T04:50:35Z,1248012026-04-26,12480,2026-04-26,CANCELED,,
2026-04-27T04:55:32Z,1590012026-04-27,15900,2026-04-27,SCHEDULED,360,6.0
2026-04-27T04:55:32Z,1702112026-04-27,17021,2026-04-27,SCHEDULED,240,4.0
2026-04-27T04:55:32Z,0576312026-04-26,05763,2026-04-26,SCHEDULED,-120,-2.0
2026-04-27T04:55:32Z,0576322026-04-26,05763,2026-04-26,SCHEDULED,-120,-2.0
2026-04-27T04:55:32Z,0576332026-04-26,05763,2026-04-26,SCHEDULED,-120,-2.0
2026-04-27T04:55:32Z,1710012026-04-27,17100,2026-04-27,SCHEDULED,120,2.0
2026-04-27T04:55:32Z,0587112026-04-26,05871,2026-04-26,SCHEDULED,480,8.0
2026-04-27T04:55:32Z,1720112026-04-27,17201,2026-04-27,SCHEDULED,-2940,-49.0
2026-04-27T04:55:32Z,0805812026-04-27,08058,2026-04-27,SCHEDULED,60,1.0
2026-04-27T04:55:32Z,1750312026-04-26,17503,2026-04-26,SCHEDULED,120,2.0
2026-04-27T04:55:32Z,0806212026-04-27,08062,2026-04-27,SCHEDULED,60,1.0
2026-04-27T04:55:32Z,1770312026-04-27,17703,2026-04-27,SCHEDULED,60,1.0
2026-04-27T04:55:32Z,0806312026-04-27,08063,2026-04-27,SCHEDULED,60,1.0
2026-04-27T04:55:32Z,1780612026-04-27,17806,2026-04-27,SCHEDULED,60,1.0
2026-04-27T04:55:32Z,0806812026-04-27,08068,2026-04-27,SCHEDULED,120,2.0
2026-04-27T04:55:32Z,1803112026-04-27,18031,2026-04-27,SCHEDULED,180,3.0
2026-04-27T04:55:32Z,0807512026-04-27,08075,2026-04-27,SCHEDULED,240,4.0
2026-04-27T04:55:32Z,1804112026-04-27,18041,2026-04-27,SCHEDULED,120,2.0
2026-04-27T04:55:32Z,0826012026-04-27,08260,2026-04-27,SCHEDULED,120,2.0
2026-04-27T04:55:32Z,0826112026-04-27,08261,2026-04-27,SCHEDULED,600,10.0
2026-04-27T04:55:32Z,1804612026-04-26,18046,2026-04-26,SCHEDULED,240,4.0
2026-04-27T04:55:32Z,0847512026-04-27,08475,2026-04-27,SCHEDULED,420,7.0
2026-04-27T04:55:32Z,0865412026-04-27,08654,2026-04-27,SCHEDULED,60,1.0
2026-04-27T04:55:32Z,1805412026-04-26,18054,2026-04-26,SCHEDULED,300,5.0
2026-04-27T04:55:32Z,0807212026-04-27,08072,2026-04-27,SCHEDULED,-120,-2.0
2026-04-27T04:55:32Z,1806812026-04-26,18068,2026-04-26,SCHEDULED,180,3.0
2026-04-27T04:55:32Z,0906712026-04-27,09067,2026-04-27,SCHEDULED,60,1.0
2026-04-27T04:55:32Z,0907222026-04-26,09072,2026-04-26,SCHEDULED,180,3.0
2026-04-27T04:55:32Z,0907212026-04-26,09072,2026-04-26,SCHEDULED,180,3.0
2026-04-27T04:55:32Z,1412362026-04-26,14123,2026-04-26,SCHEDULED,-60,-1.0
2026-04-27T04:55:32Z,1412342026-04-26,14123,2026-04-26,SCHEDULED,-60,-1.0
2026-04-27T04:55:32Z,1412352026-04-26,14123,2026-04-26,SCHEDULED,-60,-1.0
2026-04-27T04:55:32Z,1412312026-04-27,14123,2026-04-27,SCHEDULED,-60,-1.0
2026-04-27T04:55:32Z,1412332026-04-27,14123,2026-04-27,SCHEDULED,-60,-1.0
2026-04-27T04:55:32Z,1412322026-04-27,14123,2026-04-27,SCHEDULED,-60,-1.0
2026-04-27T04:55:32Z,0947012026-04-27,09470,2026-04-27,SCHEDULED,120,2.0
2026-04-27T04:55:32Z,1500212026-04-26,15002,2026-04-26,SCHEDULED,120,2.0
2026-04-27T04:55:32Z,0407312026-04-27,04073,2026-04-27,SCHEDULED,120,2.0
2026-04-27T04:55:32Z,1261112026-04-26,12611,2026-04-26,SCHEDULED,360,6.0
2026-04-27T04:55:32Z,1505112026-04-26,15051,2026-04-26,SCHEDULED,360,6.0
2026-04-27T04:55:32Z,1268912026-04-26,12689,2026-04-26,SCHEDULED,-60,-1.0
2026-04-27T04:55:32Z,1530912026-04-27,15309,2026-04-27,SCHEDULED,420,7.0
2026-04-27T04:55:32Z,1300012026-04-27,13000,2026-04-27,SCHEDULED,180,3.0
2026-04-27T04:55:32Z,1563012026-04-26,15630,2026-04-26,SCHEDULED,60,1.0
2026-04-27T04:55:32Z,1300112026-04-27,13001,2026-04-27,SCHEDULED,900,15.0
2026-04-27T04:55:32Z,1562012026-04-27,15620,2026-04-27,SCHEDULED,1020,17.0
2026-04-27T04:55:32Z,1563112026-04-27,15631,2026-04-27,SCHEDULED,1080,18.0
2026-04-27T04:55:32Z,1304112026-04-26,13041,2026-04-26,SCHEDULED,180,3.0
2026-04-27T04:55:32Z,1572012026-04-27,15720,2026-04-27,SCHEDULED,240,4.0
2026-04-27T04:55:32Z,1305112026-04-27,13051,2026-04-27,SCHEDULED,660,11.0
2026-04-27T04:55:32Z,1572212026-04-27,15722,2026-04-27,SCHEDULED,120,2.0
2026-04-27T04:55:32Z,1395112026-04-26,13951,2026-04-26,SCHEDULED,60,1.0
2026-04-27T04:55:32Z,1577012026-04-27,15770,2026-04-27,SCHEDULED,600,10.0
2026-04-27T04:55:32Z,1577212026-04-27,15772,2026-04-27,SCHEDULED,240,4.0
2026-04-27T04:55:32Z,1585012026-04-26,15850,2026-04-26,SCHEDULED,-60,-1.0
2026-04-27T04:55:32Z,0029122026-04-27,00291,2026-04-27,SCHEDULED,-180,-3.0
2026-04-27T04:55:32Z,0029112026-04-27,00291,2026-04-27,SCHEDULED,-180,-3.0
2026-04-27T04:55:32Z,1802422026-04-27,18024,2026-04-27,SCHEDULED,300,5.0
2026-04-27T04:55:32Z,1802412026-04-26,18024,2026-04-26,SCHEDULED,300,5.0
2026-04-27T04:55:32Z,1877332026-04-27,18773,2026-04-27,SCHEDULED,180,3.0
2026-04-27T04:55:32Z,1877312026-04-27,18773,2026-04-27,SCHEDULED,180,3.0
2026-04-27T04:55:32Z,3586912026-04-26,35869,2026-04-26,SCHEDULED,180,3.0
2026-04-27T04:55:32Z,0075222026-04-27,00752,2026-04-27,SCHEDULED,120,2.0
2026-04-27T04:55:32Z,0075212026-04-27,00752,2026-04-27,SCHEDULED,120,2.0
2026-04-27T04:55:32Z,1703012026-04-27,17030,2026-04-27,SCHEDULED,-120,-2.0
2026-04-27T04:55:32Z,3460912026-04-26,34609,2026-04-26,SCHEDULED,180,3.0
2026-04-27T04:55:32Z,1241112026-04-27,12411,2026-04-27,SCHEDULED,360,6.0
2026-04-27T04:55:32Z,0107212026-04-27,01072,2026-04-27,SCHEDULED,300,5.0
2026-04-27T04:55:32Z,0206112026-04-26,02061,2026-04-26,SCHEDULED,360,6.0
2026-04-27T04:55:32Z,1564612026-04-27,15646,2026-04-27,SCHEDULED,300,5.0
2026-04-27T04:55:32Z,1565012026-04-27,15650,2026-04-27,SCHEDULED,1080,18.0
2026-04-27T04:55:32Z,0206712026-04-27,02067,2026-04-27,SCHEDULED,840,14.0
2026-04-27T04:55:32Z,1575112026-04-27,15751,2026-04-27,SCHEDULED,120,2.0
2026-04-27T04:55:32Z,0207512026-04-27,02075,2026-04-27,SCHEDULED,180,3.0
2026-04-27T04:55:32Z,0226112026-04-26,02261,2026-04-26,SCHEDULED,180,3.0
2026-04-27T04:55:32Z,1506012026-04-26,15060,2026-04-26,SCHEDULED,180,3.0
2026-04-27T04:55:32Z,0305212026-04-26,03052,2026-04-26,SCHEDULED,-60,-1.0
2026-04-27T04:55:32Z,1580412026-04-27,15804,2026-04-27,SCHEDULED,420,7.0
2026-04-27T04:55:32Z,0306012026-04-26,03060,2026-04-26,SCHEDULED,180,3.0
2026-04-27T04:55:32Z,0330112026-04-26,03301,2026-04-26,SCHEDULED,240,4.0
2026-04-27T04:55:32Z,1807112026-04-26,18071,2026-04-26,SCHEDULED,360,6.0
2026-04-27T04:55:32Z,1807212026-04-26,18072,2026-04-26,SCHEDULED,300,5.0
2026-04-27T04:55:32Z,0306242026-04-26,03062,2026-04-26,SCHEDULED,120,2.0
2026-04-27T04:55:32Z,0306232026-04-26,03062,2026-04-26,SCHEDULED,120,2.0
2026-04-27T04:55:32Z,0306212026-04-26,03062,2026-04-26,SCHEDULED,120,2.0
2026-04-27T04:55:32Z,0306222026-04-26,03062,2026-04-26,SCHEDULED,120,2.0
2026-04-27T04:55:32Z,1800212026-04-27,18002,2026-04-27,SCHEDULED,60,1.0
2026-04-27T04:55:32Z,1800222026-04-27,18002,2026-04-27,SCHEDULED,60,1.0
2026-04-27T04:55:32Z,1800242026-04-26,18002,2026-04-26,SCHEDULED,60,1.0
2026-04-27T04:55:32Z,1806612026-04-26,18066,2026-04-26,SCHEDULED,120,2.0
2026-04-27T04:55:32Z,0306312026-04-26,03063,2026-04-26,SCHEDULED,180,3.0
2026-04-27T04:55:32Z,0306322026-04-26,03063,2026-04-26,SCHEDULED,180,3.0
2026-04-27T04:55:32Z,0306332026-04-26,03063,2026-04-26,SCHEDULED,180,3.0
2026-04-27T04:55:32Z,1812012026-04-26,18120,2026-04-26,SCHEDULED,120,2.0
2026-04-27T04:55:32Z,1812112026-04-26,18121,2026-04-26,SCHEDULED,60,1.0
2026-04-27T04:55:32Z,0306242026-04-26,03062,2026-04-26,SCHEDULED,540,9.0
2026-04-27T04:55:32Z,0306232026-04-26,03062,2026-04-26,SCHEDULED,540,9.0
2026-04-27T04:55:32Z,0306212026-04-26,03062,2026-04-26,SCHEDULED,540,9.0
2026-04-27T04:55:32Z,0306222026-04-26,03062,2026-04-26,SCHEDULED,540,9.0
2026-04-27T04:55:32Z,1891012026-04-27,18910,2026-04-27,SCHEDULED,660,11.0
2026-04-27T04:55:32Z,1443312026-04-27,14433,2026-04-27,SCHEDULED,60,1.0
2026-04-27T04:55:32Z,0366222026-04-26,03662,2026-04-26,SCHEDULED,60,1.0
2026-04-27T04:55:32Z,0366212026-04-26,03662,2026-04-26,SCHEDULED,60,1.0
2026-04-27T04:55:32Z,1500012026-04-26,15000,2026-04-26,SCHEDULED,960,16.0
2026-04-27T04:55:32Z,0405612026-04-27,04056,2026-04-27,SCHEDULED,-600,-10.0
2026-04-27T04:55:32Z,1505012026-04-27,15050,2026-04-27,SCHEDULED,120,2.0
2026-04-27T04:55:32Z,0406012026-04-26,04060,2026-04-26,SCHEDULED,240,4.0
2026-04-27T04:55:32Z,1600012026-04-27,16000,2026-04-27,SCHEDULED,180,3.0
2026-04-27T04:55:32Z,1401812026-04-27,14018,2026-04-27,SCHEDULED,360,6.0
2026-04-27T04:55:32Z,0407222026-04-27,04072,2026-04-27,SCHEDULED,120,2.0
2026-04-27T04:55:32Z,0407212026-04-27,04072,2026-04-27,SCHEDULED,120,2.0
2026-04-27T04:55:32Z,1447012026-04-27,14470,2026-04-27,SCHEDULED,-60,-1.0
2026-04-27T04:55:32Z,0415422026-04-26,04154,2026-04-26,SCHEDULED,300,5.0
2026-04-27T04:55:32Z,0415412026-04-26,04154,2026-04-26,SCHEDULED,300,5.0
2026-04-27T04:55:32Z,0446412026-04-26,04464,2026-04-26,SCHEDULED,60,1.0
2026-04-27T04:55:32Z,0486822026-04-27,04868,2026-04-27,SCHEDULED,-60,-1.0
2026-04-27T04:55:32Z,0486812026-04-27,04868,2026-04-27,SCHEDULED,-60,-1.0
2026-04-27T04:55:32Z,3135812026-04-26,31358,2026-04-26,SCHEDULED,240,4.0
2026-04-27T04:55:32Z,0506422026-04-26,05064,2026-04-26,SCHEDULED,240,4.0
2026-04-27T04:55:32Z,0506412026-04-26,05064,2026-04-26,SCHEDULED,240,4.0
2026-04-27T04:55:32Z,0506522026-04-26,05065,2026-04-26,SCHEDULED,-120,-2.0
2026-04-27T04:55:32Z,0506512026-04-26,05065,2026-04-26,SCHEDULED,-120,-2.0
2026-04-27T04:55:32Z,0509212026-04-26,05092,2026-04-26,SCHEDULED,60,1.0
2026-04-27T04:55:32Z,0509222026-04-26,05092,2026-04-26,SCHEDULED,60,1.0
2026-04-27T04:55:32Z,0509232026-04-26,05092,2026-04-26,SCHEDULED,60,1.0
2026-04-27T04:55:32Z,3820012026-04-26,38200,2026-04-26,CANCELED,,
2026-04-27T04:55:32Z,1304512026-04-26,13045,2026-04-26,CANCELED,,
2026-04-27T04:55:32Z,7185512026-04-26,71855,2026-04-26,CANCELED,,
2026-04-27T04:55:32Z,1720012026-04-26,17200,2026-04-26,CANCELED,,
2026-04-27T04:55:32Z,1248012026-04-26,12480,2026-04-26,CANCELED,,
2026-04-27T04:55:32Z,1260112026-04-26,12601,2026-04-26,CANCELED,,
