timestamp_utc,trip_id,tren,fecha_tren,estado,retraso_seg,retraso_min
2026-04-16T00:00:45Z,7183112026-04-14,71831,2026-04-14,CANCELED,,
2026-04-16T00:00:45Z,7185112026-04-14,71851,2026-04-14,CANCELED,,
2026-04-16T00:00:45Z,1308422026-04-14,13084,2026-04-14,CANCELED,,
2026-04-16T00:00:45Z,1308412026-04-14,13084,2026-04-14,CANCELED,,
2026-04-16T00:05:25Z,7183112026-04-14,71831,2026-04-14,CANCELED,,
2026-04-16T00:05:25Z,7185112026-04-14,71851,2026-04-14,CANCELED,,
2026-04-16T00:05:25Z,1308422026-04-14,13084,2026-04-14,CANCELED,,
2026-04-16T00:05:25Z,1308412026-04-14,13084,2026-04-14,CANCELED,,
2026-04-16T00:10:29Z,7183112026-04-14,71831,2026-04-14,CANCELED,,
2026-04-16T00:10:29Z,7185112026-04-14,71851,2026-04-14,CANCELED,,
2026-04-16T00:10:29Z,1308422026-04-14,13084,2026-04-14,CANCELED,,
2026-04-16T00:10:29Z,1308412026-04-14,13084,2026-04-14,CANCELED,,
2026-04-16T00:15:28Z,7183112026-04-14,71831,2026-04-14,CANCELED,,
2026-04-16T00:15:28Z,7185112026-04-14,71851,2026-04-14,CANCELED,,
2026-04-16T00:15:28Z,1308422026-04-14,13084,2026-04-14,CANCELED,,
2026-04-16T00:15:28Z,1308412026-04-14,13084,2026-04-14,CANCELED,,
2026-04-16T00:20:28Z,7183112026-04-14,71831,2026-04-14,CANCELED,,
2026-04-16T00:20:28Z,7185112026-04-14,71851,2026-04-14,CANCELED,,
2026-04-16T00:20:28Z,1308422026-04-14,13084,2026-04-14,CANCELED,,
2026-04-16T00:20:28Z,1308412026-04-14,13084,2026-04-14,CANCELED,,
2026-04-16T00:25:23Z,7183112026-04-14,71831,2026-04-14,CANCELED,,
2026-04-16T00:25:23Z,7185112026-04-14,71851,2026-04-14,CANCELED,,
2026-04-16T00:25:23Z,1308422026-04-14,13084,2026-04-14,CANCELED,,
2026-04-16T00:25:23Z,1308412026-04-14,13084,2026-04-14,CANCELED,,
2026-04-16T00:30:35Z,7185112026-04-14,71851,2026-04-14,CANCELED,,
2026-04-16T00:30:35Z,7183112026-04-14,71831,2026-04-14,CANCELED,,
2026-04-16T00:30:35Z,1308422026-04-14,13084,2026-04-14,CANCELED,,
2026-04-16T00:30:35Z,1308412026-04-14,13084,2026-04-14,CANCELED,,
2026-04-16T00:35:26Z,7183112026-04-14,71831,2026-04-14,CANCELED,,
2026-04-16T00:35:26Z,7185112026-04-14,71851,2026-04-14,CANCELED,,
2026-04-16T00:35:26Z,1308422026-04-14,13084,2026-04-14,CANCELED,,
2026-04-16T00:35:26Z,1308412026-04-14,13084,2026-04-14,CANCELED,,
2026-04-16T00:40:26Z,7183112026-04-14,71831,2026-04-14,CANCELED,,
2026-04-16T00:40:26Z,7185112026-04-14,71851,2026-04-14,CANCELED,,
2026-04-16T00:40:26Z,1308422026-04-14,13084,2026-04-14,CANCELED,,
2026-04-16T00:40:26Z,1308412026-04-14,13084,2026-04-14,CANCELED,,
2026-04-16T00:45:28Z,7183112026-04-14,71831,2026-04-14,CANCELED,,
2026-04-16T00:45:28Z,7185112026-04-14,71851,2026-04-14,CANCELED,,
2026-04-16T00:45:28Z,1308422026-04-14,13084,2026-04-14,CANCELED,,
2026-04-16T00:45:28Z,1308412026-04-14,13084,2026-04-14,CANCELED,,
2026-04-16T00:50:27Z,7185112026-04-14,71851,2026-04-14,CANCELED,,
2026-04-16T00:50:27Z,7183112026-04-14,71831,2026-04-14,CANCELED,,
2026-04-16T00:50:27Z,1308422026-04-14,13084,2026-04-14,CANCELED,,
2026-04-16T00:50:27Z,1308412026-04-14,13084,2026-04-14,CANCELED,,
2026-04-16T00:55:25Z,7185112026-04-14,71851,2026-04-14,CANCELED,,
2026-04-16T00:55:25Z,7183112026-04-14,71831,2026-04-14,CANCELED,,
2026-04-16T00:55:25Z,1308422026-04-14,13084,2026-04-14,CANCELED,,
2026-04-16T00:55:25Z,1308412026-04-14,13084,2026-04-14,CANCELED,,
2026-04-16T01:00:43Z,7183112026-04-14,71831,2026-04-14,CANCELED,,
2026-04-16T01:00:43Z,7185112026-04-14,71851,2026-04-14,CANCELED,,
2026-04-16T01:00:43Z,1308422026-04-14,13084,2026-04-14,CANCELED,,
2026-04-16T01:00:43Z,1308412026-04-14,13084,2026-04-14,CANCELED,,
2026-04-16T01:05:24Z,7185112026-04-14,71851,2026-04-14,CANCELED,,
2026-04-16T01:05:24Z,7183112026-04-14,71831,2026-04-14,CANCELED,,
2026-04-16T01:05:24Z,1308422026-04-14,13084,2026-04-14,CANCELED,,
2026-04-16T01:05:24Z,1308412026-04-14,13084,2026-04-14,CANCELED,,
2026-04-16T01:10:28Z,7183112026-04-14,71831,2026-04-14,CANCELED,,
2026-04-16T01:10:28Z,7185112026-04-14,71851,2026-04-14,CANCELED,,
2026-04-16T01:10:28Z,1308422026-04-14,13084,2026-04-14,CANCELED,,
2026-04-16T01:10:28Z,1308412026-04-14,13084,2026-04-14,CANCELED,,
2026-04-16T01:11:06Z,7183112026-04-14,71831,2026-04-14,CANCELED,,
2026-04-16T01:11:06Z,7185112026-04-14,71851,2026-04-14,CANCELED,,
2026-04-16T01:11:06Z,1308422026-04-14,13084,2026-04-14,CANCELED,,
2026-04-16T01:11:06Z,1308412026-04-14,13084,2026-04-14,CANCELED,,
2026-04-16T01:15:28Z,7185112026-04-14,71851,2026-04-14,CANCELED,,
2026-04-16T01:15:28Z,7183112026-04-14,71831,2026-04-14,CANCELED,,
2026-04-16T01:15:28Z,1308422026-04-14,13084,2026-04-14,CANCELED,,
2026-04-16T01:15:28Z,1308412026-04-14,13084,2026-04-14,CANCELED,,
2026-04-16T01:20:29Z,7183112026-04-14,71831,2026-04-14,CANCELED,,
2026-04-16T01:20:29Z,7185112026-04-14,71851,2026-04-14,CANCELED,,
2026-04-16T01:20:29Z,1308422026-04-14,13084,2026-04-14,CANCELED,,
2026-04-16T01:20:29Z,1308412026-04-14,13084,2026-04-14,CANCELED,,
2026-04-16T01:25:24Z,7183112026-04-14,71831,2026-04-14,CANCELED,,
2026-04-16T01:25:24Z,7185112026-04-14,71851,2026-04-14,CANCELED,,
2026-04-16T01:25:24Z,1308422026-04-14,13084,2026-04-14,CANCELED,,
2026-04-16T01:25:24Z,1308412026-04-14,13084,2026-04-14,CANCELED,,
2026-04-16T01:30:33Z,7185112026-04-14,71851,2026-04-14,CANCELED,,
2026-04-16T01:30:33Z,7183112026-04-14,71831,2026-04-14,CANCELED,,
2026-04-16T01:30:33Z,1308422026-04-14,13084,2026-04-14,CANCELED,,
2026-04-16T01:30:33Z,1308412026-04-14,13084,2026-04-14,CANCELED,,
2026-04-16T01:35:26Z,7185112026-04-14,71851,2026-04-14,CANCELED,,
2026-04-16T01:35:26Z,7183112026-04-14,71831,2026-04-14,CANCELED,,
2026-04-16T01:35:26Z,1308422026-04-14,13084,2026-04-14,CANCELED,,
2026-04-16T01:35:26Z,1308412026-04-14,13084,2026-04-14,CANCELED,,
2026-04-16T01:40:28Z,7183112026-04-14,71831,2026-04-14,CANCELED,,
2026-04-16T01:40:28Z,7185112026-04-14,71851,2026-04-14,CANCELED,,
2026-04-16T01:40:28Z,1308422026-04-14,13084,2026-04-14,CANCELED,,
2026-04-16T01:40:28Z,1308412026-04-14,13084,2026-04-14,CANCELED,,
2026-04-16T01:45:28Z,7185112026-04-14,71851,2026-04-14,CANCELED,,
2026-04-16T01:45:28Z,7183112026-04-14,71831,2026-04-14,CANCELED,,
2026-04-16T01:45:28Z,1308422026-04-14,13084,2026-04-14,CANCELED,,
2026-04-16T01:45:28Z,1308412026-04-14,13084,2026-04-14,CANCELED,,
2026-04-16T01:50:27Z,7185112026-04-14,71851,2026-04-14,CANCELED,,
2026-04-16T01:50:27Z,7183112026-04-14,71831,2026-04-14,CANCELED,,
2026-04-16T01:50:27Z,1308422026-04-14,13084,2026-04-14,CANCELED,,
2026-04-16T01:50:27Z,1308412026-04-14,13084,2026-04-14,CANCELED,,
2026-04-16T01:55:24Z,7183112026-04-14,71831,2026-04-14,CANCELED,,
2026-04-16T01:55:24Z,7185112026-04-14,71851,2026-04-14,CANCELED,,
2026-04-16T01:55:24Z,1308422026-04-14,13084,2026-04-14,CANCELED,,
2026-04-16T01:55:24Z,1308412026-04-14,13084,2026-04-14,CANCELED,,
2026-04-16T02:00:41Z,7185112026-04-14,71851,2026-04-14,CANCELED,,
2026-04-16T02:00:41Z,7183112026-04-14,71831,2026-04-14,CANCELED,,
2026-04-16T02:00:41Z,1308412026-04-14,13084,2026-04-14,CANCELED,,
2026-04-16T02:00:41Z,1308422026-04-14,13084,2026-04-14,CANCELED,,
2026-04-16T02:05:24Z,7183112026-04-14,71831,2026-04-14,CANCELED,,
2026-04-16T02:05:24Z,7185112026-04-14,71851,2026-04-14,CANCELED,,
2026-04-16T02:05:24Z,1308422026-04-14,13084,2026-04-14,CANCELED,,
2026-04-16T02:05:24Z,1308412026-04-14,13084,2026-04-14,CANCELED,,
2026-04-16T02:10:29Z,7183112026-04-14,71831,2026-04-14,CANCELED,,
2026-04-16T02:10:29Z,7185112026-04-14,71851,2026-04-14,CANCELED,,
2026-04-16T02:10:29Z,1308422026-04-14,13084,2026-04-14,CANCELED,,
2026-04-16T02:10:29Z,1308412026-04-14,13084,2026-04-14,CANCELED,,
2026-04-16T02:15:27Z,7183112026-04-14,71831,2026-04-14,CANCELED,,
2026-04-16T02:15:27Z,7185112026-04-14,71851,2026-04-14,CANCELED,,
2026-04-16T02:15:27Z,1308422026-04-14,13084,2026-04-14,CANCELED,,
2026-04-16T02:15:27Z,1308412026-04-14,13084,2026-04-14,CANCELED,,
2026-04-16T02:20:28Z,7185112026-04-14,71851,2026-04-14,CANCELED,,
2026-04-16T02:20:28Z,7183112026-04-14,71831,2026-04-14,CANCELED,,
2026-04-16T02:20:28Z,1308422026-04-14,13084,2026-04-14,CANCELED,,
2026-04-16T02:20:28Z,1308412026-04-14,13084,2026-04-14,CANCELED,,
2026-04-16T02:25:24Z,7183112026-04-14,71831,2026-04-14,CANCELED,,
2026-04-16T02:25:24Z,7185112026-04-14,71851,2026-04-14,CANCELED,,
2026-04-16T02:25:24Z,1308422026-04-14,13084,2026-04-14,CANCELED,,
2026-04-16T02:25:24Z,1308412026-04-14,13084,2026-04-14,CANCELED,,
2026-04-16T02:30:34Z,7183112026-04-14,71831,2026-04-14,CANCELED,,
2026-04-16T02:30:34Z,7185112026-04-14,71851,2026-04-14,CANCELED,,
2026-04-16T02:30:34Z,1308422026-04-14,13084,2026-04-14,CANCELED,,
2026-04-16T02:30:34Z,1308412026-04-14,13084,2026-04-14,CANCELED,,
2026-04-16T02:35:25Z,7183112026-04-14,71831,2026-04-14,CANCELED,,
2026-04-16T02:35:25Z,7185112026-04-14,71851,2026-04-14,CANCELED,,
2026-04-16T02:35:25Z,1308422026-04-14,13084,2026-04-14,CANCELED,,
2026-04-16T02:35:25Z,1308412026-04-14,13084,2026-04-14,CANCELED,,
2026-04-16T02:40:29Z,7185112026-04-14,71851,2026-04-14,CANCELED,,
2026-04-16T02:40:29Z,7183112026-04-14,71831,2026-04-14,CANCELED,,
2026-04-16T02:40:29Z,1308422026-04-14,13084,2026-04-14,CANCELED,,
2026-04-16T02:40:29Z,1308412026-04-14,13084,2026-04-14,CANCELED,,
2026-04-16T02:45:27Z,7183112026-04-14,71831,2026-04-14,CANCELED,,
2026-04-16T02:45:27Z,7185112026-04-14,71851,2026-04-14,CANCELED,,
2026-04-16T02:45:27Z,1308422026-04-14,13084,2026-04-14,CANCELED,,
2026-04-16T02:45:27Z,1308412026-04-14,13084,2026-04-14,CANCELED,,
2026-04-16T02:50:28Z,7183112026-04-14,71831,2026-04-14,CANCELED,,
2026-04-16T02:50:28Z,7185112026-04-14,71851,2026-04-14,CANCELED,,
2026-04-16T02:50:28Z,1308422026-04-14,13084,2026-04-14,CANCELED,,
2026-04-16T02:50:28Z,1308412026-04-14,13084,2026-04-14,CANCELED,,
2026-04-16T02:55:25Z,7183112026-04-14,71831,2026-04-14,CANCELED,,
2026-04-16T02:55:25Z,7185112026-04-14,71851,2026-04-14,CANCELED,,
2026-04-16T02:55:25Z,1308422026-04-14,13084,2026-04-14,CANCELED,,
2026-04-16T02:55:25Z,1308412026-04-14,13084,2026-04-14,CANCELED,,
2026-04-16T03:00:45Z,7183112026-04-14,71831,2026-04-14,CANCELED,,
2026-04-16T03:00:45Z,7185112026-04-14,71851,2026-04-14,CANCELED,,
2026-04-16T03:00:45Z,1308422026-04-14,13084,2026-04-14,CANCELED,,
2026-04-16T03:00:45Z,1308412026-04-14,13084,2026-04-14,CANCELED,,
2026-04-16T03:05:25Z,0405612026-04-15,04056,2026-04-15,SCHEDULED,60,1.0
2026-04-16T03:05:25Z,7183112026-04-14,71831,2026-04-14,CANCELED,,
2026-04-16T03:05:25Z,7185112026-04-14,71851,2026-04-14,CANCELED,,
2026-04-16T03:05:25Z,1308422026-04-14,13084,2026-04-14,CANCELED,,
2026-04-16T03:05:25Z,1308412026-04-14,13084,2026-04-14,CANCELED,,
2026-04-16T03:10:28Z,0405612026-04-15,04056,2026-04-15,SCHEDULED,60,1.0
2026-04-16T03:10:28Z,7185112026-04-14,71851,2026-04-14,CANCELED,,
2026-04-16T03:10:28Z,7183112026-04-14,71831,2026-04-14,CANCELED,,
2026-04-16T03:10:28Z,1308412026-04-14,13084,2026-04-14,CANCELED,,
2026-04-16T03:10:28Z,1308422026-04-14,13084,2026-04-14,CANCELED,,
2026-04-16T03:15:28Z,1454112026-04-14,14541,2026-04-14,SCHEDULED,120,2.0
2026-04-16T03:15:28Z,0405612026-04-15,04056,2026-04-15,SCHEDULED,180,3.0
2026-04-16T03:15:28Z,7185112026-04-14,71851,2026-04-14,CANCELED,,
2026-04-16T03:15:28Z,7183112026-04-14,71831,2026-04-14,CANCELED,,
2026-04-16T03:15:28Z,1308422026-04-14,13084,2026-04-14,CANCELED,,
2026-04-16T03:15:28Z,1308412026-04-14,13084,2026-04-14,CANCELED,,
2026-04-16T03:20:28Z,1454112026-04-14,14541,2026-04-14,SCHEDULED,60,1.0
2026-04-16T03:20:28Z,1251212026-04-14,12512,2026-04-14,SCHEDULED,60,1.0
2026-04-16T03:20:28Z,7183112026-04-14,71831,2026-04-14,CANCELED,,
2026-04-16T03:20:28Z,7185112026-04-14,71851,2026-04-14,CANCELED,,
2026-04-16T03:20:28Z,1308422026-04-14,13084,2026-04-14,CANCELED,,
2026-04-16T03:20:28Z,1308412026-04-14,13084,2026-04-14,CANCELED,,
2026-04-16T03:25:25Z,1454112026-04-14,14541,2026-04-14,SCHEDULED,60,1.0
2026-04-16T03:25:25Z,0415422026-04-14,04154,2026-04-14,SCHEDULED,60,1.0
2026-04-16T03:25:25Z,0415412026-04-14,04154,2026-04-14,SCHEDULED,60,1.0
2026-04-16T03:25:25Z,1251212026-04-14,12512,2026-04-14,SCHEDULED,120,2.0
2026-04-16T03:25:25Z,0405612026-04-15,04056,2026-04-15,SCHEDULED,-60,-1.0
2026-04-16T03:25:25Z,7185112026-04-14,71851,2026-04-14,CANCELED,,
2026-04-16T03:25:25Z,7183112026-04-14,71831,2026-04-14,CANCELED,,
2026-04-16T03:25:25Z,1308422026-04-14,13084,2026-04-14,CANCELED,,
2026-04-16T03:25:25Z,1308412026-04-14,13084,2026-04-14,CANCELED,,
2026-04-16T03:30:36Z,1454112026-04-14,14541,2026-04-14,SCHEDULED,60,1.0
2026-04-16T03:30:36Z,0406012026-04-14,04060,2026-04-14,SCHEDULED,-1800,-30.0
2026-04-16T03:30:36Z,1251212026-04-14,12512,2026-04-14,SCHEDULED,120,2.0
2026-04-16T03:30:36Z,0415422026-04-14,04154,2026-04-14,SCHEDULED,60,1.0
2026-04-16T03:30:36Z,0415412026-04-14,04154,2026-04-14,SCHEDULED,60,1.0
2026-04-16T03:30:36Z,1562012026-04-14,15620,2026-04-14,SCHEDULED,120,2.0
2026-04-16T03:30:36Z,0405612026-04-15,04056,2026-04-15,SCHEDULED,-60,-1.0
2026-04-16T03:30:36Z,7185112026-04-14,71851,2026-04-14,CANCELED,,
2026-04-16T03:30:36Z,7183112026-04-14,71831,2026-04-14,CANCELED,,
2026-04-16T03:30:36Z,1308422026-04-14,13084,2026-04-14,CANCELED,,
2026-04-16T03:30:36Z,1308412026-04-14,13084,2026-04-14,CANCELED,,
2026-04-16T03:35:24Z,0406012026-04-14,04060,2026-04-14,SCHEDULED,-1800,-30.0
2026-04-16T03:35:24Z,1454112026-04-14,14541,2026-04-14,SCHEDULED,180,3.0
2026-04-16T03:35:24Z,0415422026-04-14,04154,2026-04-14,SCHEDULED,60,1.0
2026-04-16T03:35:24Z,0415412026-04-14,04154,2026-04-14,SCHEDULED,60,1.0
2026-04-16T03:35:24Z,1804722026-04-14,18047,2026-04-14,SCHEDULED,600,10.0
2026-04-16T03:35:24Z,1804712026-04-14,18047,2026-04-14,SCHEDULED,600,10.0
2026-04-16T03:35:24Z,0446412026-04-14,04464,2026-04-14,SCHEDULED,-1740,-29.0
2026-04-16T03:35:24Z,1251212026-04-14,12512,2026-04-14,SCHEDULED,60,1.0
2026-04-16T03:35:24Z,1562012026-04-14,15620,2026-04-14,SCHEDULED,120,2.0
2026-04-16T03:35:24Z,0306242026-04-14,03062,2026-04-14,SCHEDULED,120,2.0
2026-04-16T03:35:24Z,0306232026-04-14,03062,2026-04-14,SCHEDULED,120,2.0
2026-04-16T03:35:24Z,0306212026-04-14,03062,2026-04-14,SCHEDULED,120,2.0
2026-04-16T03:35:24Z,0306222026-04-14,03062,2026-04-14,SCHEDULED,120,2.0
2026-04-16T03:35:24Z,0405612026-04-15,04056,2026-04-15,SCHEDULED,180,3.0
2026-04-16T03:35:24Z,7183112026-04-14,71831,2026-04-14,CANCELED,,
2026-04-16T03:35:24Z,7185112026-04-14,71851,2026-04-14,CANCELED,,
2026-04-16T03:35:24Z,1308422026-04-14,13084,2026-04-14,CANCELED,,
2026-04-16T03:35:24Z,1308412026-04-14,13084,2026-04-14,CANCELED,,
2026-04-16T03:40:26Z,1562012026-04-14,15620,2026-04-14,SCHEDULED,120,2.0
2026-04-16T03:40:26Z,0415422026-04-14,04154,2026-04-14,SCHEDULED,180,3.0
2026-04-16T03:40:26Z,0415412026-04-14,04154,2026-04-14,SCHEDULED,180,3.0
2026-04-16T03:40:26Z,0446412026-04-14,04464,2026-04-14,SCHEDULED,-1740,-29.0
2026-04-16T03:40:26Z,1804722026-04-14,18047,2026-04-14,SCHEDULED,600,10.0
2026-04-16T03:40:26Z,1804712026-04-14,18047,2026-04-14,SCHEDULED,600,10.0
2026-04-16T03:40:26Z,1454112026-04-14,14541,2026-04-14,SCHEDULED,180,3.0
2026-04-16T03:40:26Z,1504612026-04-14,15046,2026-04-14,SCHEDULED,60,1.0
2026-04-16T03:40:26Z,1241112026-04-14,12411,2026-04-14,SCHEDULED,120,2.0
2026-04-16T03:40:26Z,0306242026-04-14,03062,2026-04-14,SCHEDULED,120,2.0
2026-04-16T03:40:26Z,0306232026-04-14,03062,2026-04-14,SCHEDULED,120,2.0
2026-04-16T03:40:26Z,0306212026-04-14,03062,2026-04-14,SCHEDULED,120,2.0
2026-04-16T03:40:26Z,0306222026-04-14,03062,2026-04-14,SCHEDULED,120,2.0
2026-04-16T03:40:26Z,1251212026-04-14,12512,2026-04-14,SCHEDULED,120,2.0
2026-04-16T03:40:26Z,0406012026-04-14,04060,2026-04-14,SCHEDULED,-1800,-30.0
2026-04-16T03:40:26Z,7183112026-04-14,71831,2026-04-14,CANCELED,,
2026-04-16T03:40:26Z,7185112026-04-14,71851,2026-04-14,CANCELED,,
2026-04-16T03:40:26Z,1308422026-04-14,13084,2026-04-14,CANCELED,,
2026-04-16T03:40:26Z,1308412026-04-14,13084,2026-04-14,CANCELED,,
2026-04-16T03:45:28Z,1562012026-04-14,15620,2026-04-14,SCHEDULED,120,2.0
2026-04-16T03:45:28Z,0415422026-04-14,04154,2026-04-14,SCHEDULED,180,3.0
2026-04-16T03:45:28Z,0415412026-04-14,04154,2026-04-14,SCHEDULED,180,3.0
2026-04-16T03:45:28Z,0446412026-04-14,04464,2026-04-14,SCHEDULED,-1740,-29.0
2026-04-16T03:45:28Z,1804722026-04-14,18047,2026-04-14,SCHEDULED,540,9.0
2026-04-16T03:45:28Z,1804712026-04-14,18047,2026-04-14,SCHEDULED,540,9.0
2026-04-16T03:45:28Z,1454112026-04-14,14541,2026-04-14,SCHEDULED,180,3.0
2026-04-16T03:45:28Z,1300112026-04-14,13001,2026-04-14,SCHEDULED,60,1.0
2026-04-16T03:45:28Z,1251212026-04-14,12512,2026-04-14,SCHEDULED,60,1.0
2026-04-16T03:45:28Z,1504612026-04-14,15046,2026-04-14,SCHEDULED,300,5.0
2026-04-16T03:45:28Z,0306242026-04-14,03062,2026-04-14,SCHEDULED,60,1.0
2026-04-16T03:45:28Z,0306232026-04-14,03062,2026-04-14,SCHEDULED,60,1.0
2026-04-16T03:45:28Z,0306212026-04-14,03062,2026-04-14,SCHEDULED,60,1.0
2026-04-16T03:45:28Z,0306222026-04-14,03062,2026-04-14,SCHEDULED,60,1.0
2026-04-16T03:45:28Z,0405612026-04-15,04056,2026-04-15,SCHEDULED,-180,-3.0
2026-04-16T03:45:28Z,1241112026-04-14,12411,2026-04-14,SCHEDULED,120,2.0
2026-04-16T03:45:28Z,0406012026-04-14,04060,2026-04-14,SCHEDULED,-1800,-30.0
2026-04-16T03:45:28Z,7183112026-04-14,71831,2026-04-14,CANCELED,,
2026-04-16T03:45:28Z,7185112026-04-14,71851,2026-04-14,CANCELED,,
2026-04-16T03:45:28Z,1308422026-04-14,13084,2026-04-14,CANCELED,,
2026-04-16T03:45:28Z,1308412026-04-14,13084,2026-04-14,CANCELED,,
2026-04-16T03:50:27Z,0446412026-04-14,04464,2026-04-14,SCHEDULED,-1740,-29.0
2026-04-16T03:50:27Z,1804722026-04-14,18047,2026-04-14,SCHEDULED,480,8.0
2026-04-16T03:50:27Z,1804712026-04-14,18047,2026-04-14,SCHEDULED,480,8.0
2026-04-16T03:50:27Z,0807212026-04-14,08072,2026-04-14,SCHEDULED,-60,-1.0
2026-04-16T03:50:27Z,1806612026-04-14,18066,2026-04-14,SCHEDULED,-60,-1.0
2026-04-16T03:50:27Z,1268912026-04-14,12689,2026-04-14,SCHEDULED,60,1.0
2026-04-16T03:50:27Z,1812012026-04-14,18120,2026-04-14,SCHEDULED,60,1.0
2026-04-16T03:50:27Z,1300112026-04-14,13001,2026-04-14,SCHEDULED,60,1.0
2026-04-16T03:50:27Z,1454112026-04-14,14541,2026-04-14,SCHEDULED,180,3.0
2026-04-16T03:50:27Z,1562012026-04-14,15620,2026-04-14,SCHEDULED,120,2.0
2026-04-16T03:50:27Z,1504012026-04-14,15040,2026-04-14,SCHEDULED,180,3.0
2026-04-16T03:50:27Z,1251212026-04-14,12512,2026-04-14,SCHEDULED,60,1.0
2026-04-16T03:50:27Z,1504612026-04-14,15046,2026-04-14,SCHEDULED,300,5.0
2026-04-16T03:50:27Z,0306242026-04-14,03062,2026-04-14,SCHEDULED,120,2.0
2026-04-16T03:50:27Z,0306232026-04-14,03062,2026-04-14,SCHEDULED,120,2.0
2026-04-16T03:50:27Z,0306212026-04-14,03062,2026-04-14,SCHEDULED,120,2.0
2026-04-16T03:50:27Z,0306222026-04-14,03062,2026-04-14,SCHEDULED,120,2.0
2026-04-16T03:50:27Z,0405612026-04-15,04056,2026-04-15,SCHEDULED,-240,-4.0
2026-04-16T03:50:27Z,0406012026-04-14,04060,2026-04-14,SCHEDULED,-1800,-30.0
2026-04-16T03:50:27Z,1241112026-04-14,12411,2026-04-14,SCHEDULED,120,2.0
2026-04-16T03:50:27Z,0415422026-04-14,04154,2026-04-14,SCHEDULED,180,3.0
2026-04-16T03:50:27Z,0415412026-04-14,04154,2026-04-14,SCHEDULED,180,3.0
2026-04-16T03:50:27Z,7183112026-04-14,71831,2026-04-14,CANCELED,,
2026-04-16T03:50:27Z,7185112026-04-14,71851,2026-04-14,CANCELED,,
2026-04-16T03:50:27Z,1308422026-04-14,13084,2026-04-14,CANCELED,,
2026-04-16T03:50:27Z,1308412026-04-14,13084,2026-04-14,CANCELED,,
2026-04-16T03:55:24Z,0506312026-04-14,05063,2026-04-14,SCHEDULED,60,1.0
2026-04-16T03:55:24Z,1562012026-04-14,15620,2026-04-14,SCHEDULED,120,2.0
2026-04-16T03:55:24Z,0807212026-04-14,08072,2026-04-14,SCHEDULED,-60,-1.0
2026-04-16T03:55:24Z,1268912026-04-14,12689,2026-04-14,SCHEDULED,60,1.0
2026-04-16T03:55:24Z,1300112026-04-14,13001,2026-04-14,SCHEDULED,120,2.0
2026-04-16T03:55:24Z,1804722026-04-14,18047,2026-04-14,SCHEDULED,540,9.0
2026-04-16T03:55:24Z,1804712026-04-14,18047,2026-04-14,SCHEDULED,540,9.0
2026-04-16T03:55:24Z,1454112026-04-14,14541,2026-04-14,SCHEDULED,180,3.0
2026-04-16T03:55:24Z,1806612026-04-14,18066,2026-04-14,SCHEDULED,-60,-1.0
2026-04-16T03:55:24Z,1241112026-04-14,12411,2026-04-14,SCHEDULED,120,2.0
2026-04-16T03:55:24Z,1504012026-04-14,15040,2026-04-14,SCHEDULED,300,5.0
2026-04-16T03:55:24Z,1251212026-04-14,12512,2026-04-14,SCHEDULED,120,2.0
2026-04-16T03:55:24Z,1504612026-04-14,15046,2026-04-14,SCHEDULED,300,5.0
2026-04-16T03:55:24Z,1812012026-04-14,18120,2026-04-14,SCHEDULED,60,1.0
2026-04-16T03:55:24Z,0306242026-04-14,03062,2026-04-14,SCHEDULED,180,3.0
2026-04-16T03:55:24Z,0306232026-04-14,03062,2026-04-14,SCHEDULED,180,3.0
2026-04-16T03:55:24Z,0306212026-04-14,03062,2026-04-14,SCHEDULED,180,3.0
2026-04-16T03:55:24Z,0306222026-04-14,03062,2026-04-14,SCHEDULED,180,3.0
2026-04-16T03:55:24Z,1500012026-04-14,15000,2026-04-14,SCHEDULED,-120,-2.0
2026-04-16T03:55:24Z,0405612026-04-15,04056,2026-04-15,SCHEDULED,-240,-4.0
2026-04-16T03:55:24Z,0406012026-04-14,04060,2026-04-14,SCHEDULED,-1800,-30.0
2026-04-16T03:55:24Z,0415422026-04-14,04154,2026-04-14,SCHEDULED,180,3.0
2026-04-16T03:55:24Z,0415412026-04-14,04154,2026-04-14,SCHEDULED,180,3.0
2026-04-16T03:55:24Z,0446412026-04-14,04464,2026-04-14,SCHEDULED,-1740,-29.0
2026-04-16T03:55:24Z,7183112026-04-14,71831,2026-04-14,CANCELED,,
2026-04-16T03:55:24Z,7185112026-04-14,71851,2026-04-14,CANCELED,,
2026-04-16T03:55:24Z,1308422026-04-14,13084,2026-04-14,CANCELED,,
2026-04-16T03:55:24Z,1308412026-04-14,13084,2026-04-14,CANCELED,,
2026-04-16T04:00:42Z,0807212026-04-14,08072,2026-04-14,SCHEDULED,-60,-1.0
2026-04-16T04:00:42Z,0906112026-04-14,09061,2026-04-14,SCHEDULED,60,1.0
2026-04-16T04:00:42Z,1804722026-04-14,18047,2026-04-14,SCHEDULED,540,9.0
2026-04-16T04:00:42Z,1804712026-04-14,18047,2026-04-14,SCHEDULED,540,9.0
2026-04-16T04:00:42Z,1268912026-04-14,12689,2026-04-14,SCHEDULED,60,1.0
2026-04-16T04:00:42Z,1807112026-04-14,18071,2026-04-14,SCHEDULED,-60,-1.0
2026-04-16T04:00:42Z,1300112026-04-14,13001,2026-04-14,SCHEDULED,60,1.0
2026-04-16T04:00:42Z,1806612026-04-14,18066,2026-04-14,SCHEDULED,60,1.0
2026-04-16T04:00:42Z,1454112026-04-14,14541,2026-04-14,SCHEDULED,180,3.0
2026-04-16T04:00:42Z,1562012026-04-14,15620,2026-04-14,SCHEDULED,240,4.0
2026-04-16T04:00:42Z,1504012026-04-14,15040,2026-04-14,SCHEDULED,480,8.0
2026-04-16T04:00:42Z,1572012026-04-14,15720,2026-04-14,SCHEDULED,-60,-1.0
2026-04-16T04:00:42Z,0305212026-04-14,03052,2026-04-14,SCHEDULED,60,1.0
2026-04-16T04:00:42Z,1710612026-04-14,17106,2026-04-14,SCHEDULED,-60,-1.0
2026-04-16T04:00:42Z,1241112026-04-14,12411,2026-04-14,SCHEDULED,180,3.0
2026-04-16T04:00:42Z,1251212026-04-14,12512,2026-04-14,SCHEDULED,120,2.0
2026-04-16T04:00:42Z,0306242026-04-14,03062,2026-04-14,SCHEDULED,120,2.0
2026-04-16T04:00:42Z,0306232026-04-14,03062,2026-04-14,SCHEDULED,120,2.0
2026-04-16T04:00:42Z,0306212026-04-14,03062,2026-04-14,SCHEDULED,120,2.0
2026-04-16T04:00:42Z,0306222026-04-14,03062,2026-04-14,SCHEDULED,120,2.0
2026-04-16T04:00:42Z,1504612026-04-14,15046,2026-04-14,SCHEDULED,300,5.0
2026-04-16T04:00:42Z,0405612026-04-15,04056,2026-04-15,SCHEDULED,-60,-1.0
2026-04-16T04:00:42Z,1506012026-04-14,15060,2026-04-14,SCHEDULED,120,2.0
2026-04-16T04:00:42Z,1812012026-04-14,18120,2026-04-14,SCHEDULED,120,2.0
2026-04-16T04:00:42Z,1891012026-04-14,18910,2026-04-14,SCHEDULED,120,2.0
2026-04-16T04:00:42Z,0415422026-04-14,04154,2026-04-14,SCHEDULED,180,3.0
2026-04-16T04:00:42Z,0415412026-04-14,04154,2026-04-14,SCHEDULED,180,3.0
2026-04-16T04:00:42Z,1500012026-04-14,15000,2026-04-14,SCHEDULED,-60,-1.0
2026-04-16T04:00:42Z,0446412026-04-14,04464,2026-04-14,SCHEDULED,-1740,-29.0
2026-04-16T04:00:42Z,1600012026-04-14,16000,2026-04-14,SCHEDULED,-120,-2.0
2026-04-16T04:00:42Z,0506312026-04-14,05063,2026-04-14,SCHEDULED,60,1.0
2026-04-16T04:00:42Z,7183112026-04-14,71831,2026-04-14,CANCELED,,
2026-04-16T04:00:42Z,7185112026-04-14,71851,2026-04-14,CANCELED,,
2026-04-16T04:00:42Z,1308422026-04-14,13084,2026-04-14,CANCELED,,
2026-04-16T04:00:42Z,1308412026-04-14,13084,2026-04-14,CANCELED,,
2026-04-16T04:05:24Z,1572012026-04-15,15720,2026-04-15,SCHEDULED,60,1.0
2026-04-16T04:05:24Z,0807212026-04-15,08072,2026-04-15,SCHEDULED,-180,-3.0
2026-04-16T04:05:24Z,1577212026-04-15,15772,2026-04-15,SCHEDULED,-60,-1.0
2026-04-16T04:05:24Z,0906112026-04-15,09061,2026-04-15,SCHEDULED,60,1.0
2026-04-16T04:05:24Z,1710612026-04-15,17106,2026-04-15,SCHEDULED,-60,-1.0
2026-04-16T04:05:24Z,1268912026-04-15,12689,2026-04-15,SCHEDULED,60,1.0
2026-04-16T04:05:24Z,1300112026-04-15,13001,2026-04-15,SCHEDULED,60,1.0
2026-04-16T04:05:24Z,1804722026-04-15,18047,2026-04-15,SCHEDULED,600,10.0
2026-04-16T04:05:24Z,1804712026-04-15,18047,2026-04-15,SCHEDULED,600,10.0
2026-04-16T04:05:24Z,1454112026-04-15,14541,2026-04-15,SCHEDULED,300,5.0
2026-04-16T04:05:24Z,1807112026-04-15,18071,2026-04-15,SCHEDULED,-60,-1.0
2026-04-16T04:05:24Z,1504012026-04-15,15040,2026-04-15,SCHEDULED,480,8.0
2026-04-16T04:05:24Z,1505112026-04-15,15051,2026-04-15,SCHEDULED,-60,-1.0
2026-04-16T04:05:24Z,1812012026-04-15,18120,2026-04-15,SCHEDULED,120,2.0
2026-04-16T04:05:24Z,1562012026-04-15,15620,2026-04-15,SCHEDULED,240,4.0
2026-04-16T04:05:24Z,1251212026-04-15,12512,2026-04-15,SCHEDULED,120,2.0
2026-04-16T04:05:24Z,0305212026-04-15,03052,2026-04-15,SCHEDULED,60,1.0
2026-04-16T04:05:24Z,1504612026-04-15,15046,2026-04-15,SCHEDULED,360,6.0
2026-04-16T04:05:24Z,1506012026-04-15,15060,2026-04-15,SCHEDULED,120,2.0
2026-04-16T04:05:24Z,0306242026-04-15,03062,2026-04-15,SCHEDULED,120,2.0
2026-04-16T04:05:24Z,0306232026-04-15,03062,2026-04-15,SCHEDULED,120,2.0
2026-04-16T04:05:24Z,0306212026-04-15,03062,2026-04-15,SCHEDULED,120,2.0
2026-04-16T04:05:24Z,0306222026-04-15,03062,2026-04-15,SCHEDULED,120,2.0
2026-04-16T04:05:24Z,1891012026-04-15,18910,2026-04-15,SCHEDULED,120,2.0
2026-04-16T04:05:24Z,1500012026-04-15,15000,2026-04-15,SCHEDULED,-60,-1.0
2026-04-16T04:05:24Z,0306242026-04-15,03062,2026-04-15,SCHEDULED,360,6.0
2026-04-16T04:05:24Z,0306232026-04-15,03062,2026-04-15,SCHEDULED,360,6.0
2026-04-16T04:05:24Z,0306212026-04-15,03062,2026-04-15,SCHEDULED,360,6.0
2026-04-16T04:05:24Z,0306222026-04-15,03062,2026-04-15,SCHEDULED,360,6.0
2026-04-16T04:05:24Z,0405612026-04-16,04056,2026-04-16,SCHEDULED,-300,-5.0
2026-04-16T04:05:24Z,3586912026-04-15,35869,2026-04-15,SCHEDULED,60,1.0
2026-04-16T04:05:24Z,1241112026-04-15,12411,2026-04-15,SCHEDULED,180,3.0
2026-04-16T04:05:24Z,0415422026-04-15,04154,2026-04-15,SCHEDULED,180,3.0
2026-04-16T04:05:24Z,0415412026-04-15,04154,2026-04-15,SCHEDULED,180,3.0
2026-04-16T04:05:24Z,0506312026-04-15,05063,2026-04-15,SCHEDULED,60,1.0
2026-04-16T04:05:24Z,7185112026-04-15,71851,2026-04-15,CANCELED,,
2026-04-16T04:05:24Z,7183112026-04-15,71831,2026-04-15,CANCELED,,
2026-04-16T04:05:24Z,1308422026-04-15,13084,2026-04-15,CANCELED,,
2026-04-16T04:05:24Z,1308412026-04-15,13084,2026-04-15,CANCELED,,
2026-04-16T04:10:28Z,0906112026-04-15,09061,2026-04-15,SCHEDULED,60,1.0
2026-04-16T04:10:28Z,1577212026-04-15,15772,2026-04-15,SCHEDULED,-60,-1.0
2026-04-16T04:10:28Z,1268912026-04-15,12689,2026-04-15,SCHEDULED,60,1.0
2026-04-16T04:10:28Z,1300112026-04-15,13001,2026-04-15,SCHEDULED,60,1.0
2026-04-16T04:10:28Z,1770712026-04-15,17707,2026-04-15,SCHEDULED,60,1.0
2026-04-16T04:10:28Z,1320112026-04-15,13201,2026-04-15,SCHEDULED,60,1.0
2026-04-16T04:10:28Z,1454112026-04-15,14541,2026-04-15,SCHEDULED,480,8.0
2026-04-16T04:10:28Z,1804722026-04-15,18047,2026-04-15,SCHEDULED,720,12.0
2026-04-16T04:10:28Z,1804712026-04-15,18047,2026-04-15,SCHEDULED,720,12.0
2026-04-16T04:10:28Z,1504012026-04-15,15040,2026-04-15,SCHEDULED,660,11.0
2026-04-16T04:10:28Z,1806812026-04-15,18068,2026-04-15,SCHEDULED,-120,-2.0
2026-04-16T04:10:28Z,1505112026-04-15,15051,2026-04-15,SCHEDULED,-60,-1.0
2026-04-16T04:10:28Z,1807112026-04-15,18071,2026-04-15,SCHEDULED,-180,-3.0
2026-04-16T04:10:28Z,1562012026-04-15,15620,2026-04-15,SCHEDULED,420,7.0
2026-04-16T04:10:28Z,1572012026-04-15,15720,2026-04-15,SCHEDULED,120,2.0
2026-04-16T04:10:28Z,1812012026-04-15,18120,2026-04-15,SCHEDULED,120,2.0
2026-04-16T04:10:28Z,0206112026-04-15,02061,2026-04-15,SCHEDULED,60,1.0
2026-04-16T04:10:28Z,1831012026-04-15,18310,2026-04-15,SCHEDULED,120,2.0
2026-04-16T04:10:28Z,0305212026-04-15,03052,2026-04-15,SCHEDULED,60,1.0
2026-04-16T04:10:28Z,1891012026-04-15,18910,2026-04-15,SCHEDULED,120,2.0
2026-04-16T04:10:28Z,1500012026-04-15,15000,2026-04-15,SCHEDULED,-60,-1.0
2026-04-16T04:10:28Z,1600012026-04-15,16000,2026-04-15,SCHEDULED,-60,-1.0
2026-04-16T04:10:28Z,0306242026-04-15,03062,2026-04-15,SCHEDULED,120,2.0
2026-04-16T04:10:28Z,0306232026-04-15,03062,2026-04-15,SCHEDULED,120,2.0
2026-04-16T04:10:28Z,0306212026-04-15,03062,2026-04-15,SCHEDULED,120,2.0
2026-04-16T04:10:28Z,0306222026-04-15,03062,2026-04-15,SCHEDULED,120,2.0
2026-04-16T04:10:28Z,1241112026-04-15,12411,2026-04-15,SCHEDULED,120,2.0
2026-04-16T04:10:28Z,1251212026-04-15,12512,2026-04-15,SCHEDULED,120,2.0
2026-04-16T04:10:28Z,0306242026-04-15,03062,2026-04-15,SCHEDULED,360,6.0
2026-04-16T04:10:28Z,0306232026-04-15,03062,2026-04-15,SCHEDULED,360,6.0
2026-04-16T04:10:28Z,0306212026-04-15,03062,2026-04-15,SCHEDULED,360,6.0
2026-04-16T04:10:28Z,0306222026-04-15,03062,2026-04-15,SCHEDULED,360,6.0
2026-04-16T04:10:28Z,0405612026-04-16,04056,2026-04-16,SCHEDULED,-300,-5.0
2026-04-16T04:10:28Z,0406012026-04-15,04060,2026-04-15,SCHEDULED,-60,-1.0
2026-04-16T04:10:28Z,1504612026-04-15,15046,2026-04-15,SCHEDULED,300,5.0
2026-04-16T04:10:28Z,1506012026-04-15,15060,2026-04-15,SCHEDULED,240,4.0
2026-04-16T04:10:28Z,0415422026-04-15,04154,2026-04-15,SCHEDULED,180,3.0
2026-04-16T04:10:28Z,0415412026-04-15,04154,2026-04-15,SCHEDULED,180,3.0
2026-04-16T04:10:28Z,0446412026-04-15,04464,2026-04-15,SCHEDULED,60,1.0
2026-04-16T04:10:28Z,0807212026-04-15,08072,2026-04-15,SCHEDULED,-180,-3.0
2026-04-16T04:10:28Z,7183112026-04-15,71831,2026-04-15,CANCELED,,
2026-04-16T04:10:28Z,7185112026-04-15,71851,2026-04-15,CANCELED,,
2026-04-16T04:10:28Z,1308422026-04-15,13084,2026-04-15,CANCELED,,
2026-04-16T04:10:28Z,1308412026-04-15,13084,2026-04-15,CANCELED,,
2026-04-16T04:15:31Z,0906112026-04-15,09061,2026-04-15,SCHEDULED,60,1.0
2026-04-16T04:15:31Z,1804722026-04-15,18047,2026-04-15,SCHEDULED,840,14.0
2026-04-16T04:15:31Z,1804712026-04-15,18047,2026-04-15,SCHEDULED,840,14.0
2026-04-16T04:15:31Z,1268912026-04-15,12689,2026-04-15,SCHEDULED,60,1.0
2026-04-16T04:15:31Z,1300112026-04-15,13001,2026-04-15,SCHEDULED,60,1.0
2026-04-16T04:15:31Z,1806812026-04-15,18068,2026-04-15,SCHEDULED,-60,-1.0
2026-04-16T04:15:31Z,1320112026-04-15,13201,2026-04-15,SCHEDULED,60,1.0
2026-04-16T04:15:31Z,1807112026-04-15,18071,2026-04-15,SCHEDULED,-180,-3.0
2026-04-16T04:15:31Z,1806612026-04-15,18066,2026-04-15,SCHEDULED,-60,-1.0
2026-04-16T04:15:31Z,1504012026-04-15,15040,2026-04-15,SCHEDULED,780,13.0
2026-04-16T04:15:31Z,1702112026-04-15,17021,2026-04-15,SCHEDULED,60,1.0
2026-04-16T04:15:31Z,1505112026-04-15,15051,2026-04-15,SCHEDULED,-120,-2.0
2026-04-16T04:15:31Z,1770712026-04-15,17707,2026-04-15,SCHEDULED,180,3.0
2026-04-16T04:15:31Z,1530912026-04-15,15309,2026-04-15,SCHEDULED,420,7.0
2026-04-16T04:15:31Z,1804112026-04-15,18041,2026-04-15,SCHEDULED,120,2.0
2026-04-16T04:15:31Z,1562012026-04-15,15620,2026-04-15,SCHEDULED,420,7.0
2026-04-16T04:15:31Z,1804612026-04-15,18046,2026-04-15,SCHEDULED,120,2.0
2026-04-16T04:15:31Z,1572012026-04-15,15720,2026-04-15,SCHEDULED,120,2.0
2026-04-16T04:15:31Z,0206112026-04-15,02061,2026-04-15,SCHEDULED,120,2.0
2026-04-16T04:15:31Z,1251212026-04-15,12512,2026-04-15,SCHEDULED,180,3.0
2026-04-16T04:15:31Z,0305212026-04-15,03052,2026-04-15,SCHEDULED,120,2.0
2026-04-16T04:15:31Z,1504612026-04-15,15046,2026-04-15,SCHEDULED,300,5.0
2026-04-16T04:15:31Z,1506012026-04-15,15060,2026-04-15,SCHEDULED,240,4.0
2026-04-16T04:15:31Z,0306242026-04-15,03062,2026-04-15,SCHEDULED,120,2.0
2026-04-16T04:15:31Z,0306232026-04-15,03062,2026-04-15,SCHEDULED,120,2.0
2026-04-16T04:15:31Z,0306212026-04-15,03062,2026-04-15,SCHEDULED,120,2.0
2026-04-16T04:15:31Z,0306222026-04-15,03062,2026-04-15,SCHEDULED,120,2.0
2026-04-16T04:15:31Z,1580412026-04-15,15804,2026-04-15,SCHEDULED,60,1.0
2026-04-16T04:15:31Z,1831012026-04-15,18310,2026-04-15,SCHEDULED,120,2.0
2026-04-16T04:15:31Z,1891012026-04-15,18910,2026-04-15,SCHEDULED,120,2.0
2026-04-16T04:15:31Z,0306242026-04-15,03062,2026-04-15,SCHEDULED,360,6.0
2026-04-16T04:15:31Z,0306232026-04-15,03062,2026-04-15,SCHEDULED,360,6.0
2026-04-16T04:15:31Z,0306212026-04-15,03062,2026-04-15,SCHEDULED,360,6.0
2026-04-16T04:15:31Z,0306222026-04-15,03062,2026-04-15,SCHEDULED,360,6.0
2026-04-16T04:15:31Z,0405612026-04-16,04056,2026-04-16,SCHEDULED,-420,-7.0
2026-04-16T04:15:31Z,1600012026-04-15,16000,2026-04-15,SCHEDULED,-60,-1.0
2026-04-16T04:15:31Z,0406012026-04-15,04060,2026-04-15,SCHEDULED,-120,-2.0
2026-04-16T04:15:31Z,3586912026-04-15,35869,2026-04-15,SCHEDULED,60,1.0
2026-04-16T04:15:31Z,0415422026-04-15,04154,2026-04-15,SCHEDULED,240,4.0
2026-04-16T04:15:31Z,0415412026-04-15,04154,2026-04-15,SCHEDULED,240,4.0
2026-04-16T04:15:31Z,0506312026-04-15,05063,2026-04-15,SCHEDULED,120,2.0
2026-04-16T04:15:31Z,0807212026-04-15,08072,2026-04-15,SCHEDULED,-180,-3.0
2026-04-16T04:15:31Z,1296312026-04-15,12963,2026-04-15,CANCELED,,
2026-04-16T04:15:31Z,7185112026-04-15,71851,2026-04-15,CANCELED,,
2026-04-16T04:15:31Z,7183112026-04-15,71831,2026-04-15,CANCELED,,
2026-04-16T04:15:31Z,1308422026-04-15,13084,2026-04-15,CANCELED,,
2026-04-16T04:15:31Z,1308412026-04-15,13084,2026-04-15,CANCELED,,
2026-04-16T04:15:31Z,1296212026-04-15,12962,2026-04-15,CANCELED,,
2026-04-16T04:20:27Z,1577212026-04-15,15772,2026-04-15,SCHEDULED,60,1.0
2026-04-16T04:20:27Z,1702112026-04-15,17021,2026-04-15,SCHEDULED,120,2.0
2026-04-16T04:20:27Z,0906112026-04-15,09061,2026-04-15,SCHEDULED,60,1.0
2026-04-16T04:20:27Z,1268912026-04-15,12689,2026-04-15,SCHEDULED,180,3.0
2026-04-16T04:20:27Z,1770712026-04-15,17707,2026-04-15,SCHEDULED,180,3.0
2026-04-16T04:20:27Z,1300112026-04-15,13001,2026-04-15,SCHEDULED,120,2.0
2026-04-16T04:20:27Z,1320112026-04-15,13201,2026-04-15,SCHEDULED,60,1.0
2026-04-16T04:20:27Z,1803112026-04-15,18031,2026-04-15,SCHEDULED,60,1.0
2026-04-16T04:20:27Z,1804112026-04-15,18041,2026-04-15,SCHEDULED,120,2.0
2026-04-16T04:20:27Z,1804612026-04-15,18046,2026-04-15,SCHEDULED,60,1.0
2026-04-16T04:20:27Z,1504012026-04-15,15040,2026-04-15,SCHEDULED,840,14.0
2026-04-16T04:20:27Z,1804722026-04-15,18047,2026-04-15,SCHEDULED,900,15.0
2026-04-16T04:20:27Z,1804712026-04-15,18047,2026-04-15,SCHEDULED,900,15.0
2026-04-16T04:20:27Z,1530912026-04-15,15309,2026-04-15,SCHEDULED,420,7.0
2026-04-16T04:20:27Z,1806812026-04-15,18068,2026-04-15,SCHEDULED,60,1.0
2026-04-16T04:20:27Z,1562012026-04-15,15620,2026-04-15,SCHEDULED,540,9.0
2026-04-16T04:20:27Z,1807112026-04-15,18071,2026-04-15,SCHEDULED,-120,-2.0
2026-04-16T04:20:27Z,1572012026-04-15,15720,2026-04-15,SCHEDULED,120,2.0
2026-04-16T04:20:27Z,1577012026-04-15,15770,2026-04-15,SCHEDULED,60,1.0
2026-04-16T04:20:27Z,0206112026-04-15,02061,2026-04-15,SCHEDULED,120,2.0
2026-04-16T04:20:27Z,1251212026-04-15,12512,2026-04-15,SCHEDULED,180,3.0
2026-04-16T04:20:27Z,0305212026-04-15,03052,2026-04-15,SCHEDULED,120,2.0
2026-04-16T04:20:27Z,1504612026-04-15,15046,2026-04-15,SCHEDULED,240,4.0
2026-04-16T04:20:27Z,0330142026-04-15,03301,2026-04-15,SCHEDULED,60,1.0
2026-04-16T04:20:27Z,0330132026-04-15,03301,2026-04-15,SCHEDULED,60,1.0
2026-04-16T04:20:27Z,0330112026-04-15,03301,2026-04-15,SCHEDULED,60,1.0
2026-04-16T04:20:27Z,0330122026-04-15,03301,2026-04-15,SCHEDULED,60,1.0
2026-04-16T04:20:27Z,1506012026-04-15,15060,2026-04-15,SCHEDULED,300,5.0
2026-04-16T04:20:27Z,1580412026-04-15,15804,2026-04-15,SCHEDULED,60,1.0
2026-04-16T04:20:27Z,1812012026-04-15,18120,2026-04-15,SCHEDULED,60,1.0
2026-04-16T04:20:27Z,0306242026-04-15,03062,2026-04-15,SCHEDULED,60,1.0
2026-04-16T04:20:27Z,0306232026-04-15,03062,2026-04-15,SCHEDULED,60,1.0
2026-04-16T04:20:27Z,0306212026-04-15,03062,2026-04-15,SCHEDULED,60,1.0
2026-04-16T04:20:27Z,0306222026-04-15,03062,2026-04-15,SCHEDULED,60,1.0
2026-04-16T04:20:27Z,1831012026-04-15,18310,2026-04-15,SCHEDULED,60,1.0
2026-04-16T04:20:27Z,1891012026-04-15,18910,2026-04-15,SCHEDULED,120,2.0
2026-04-16T04:20:27Z,1443312026-04-15,14433,2026-04-15,SCHEDULED,120,2.0
2026-04-16T04:20:27Z,0306242026-04-15,03062,2026-04-15,SCHEDULED,360,6.0
2026-04-16T04:20:27Z,0306232026-04-15,03062,2026-04-15,SCHEDULED,360,6.0
2026-04-16T04:20:27Z,0306212026-04-15,03062,2026-04-15,SCHEDULED,360,6.0
2026-04-16T04:20:27Z,0306222026-04-15,03062,2026-04-15,SCHEDULED,360,6.0
2026-04-16T04:20:27Z,0405612026-04-16,04056,2026-04-16,SCHEDULED,-660,-11.0
2026-04-16T04:20:27Z,1600012026-04-15,16000,2026-04-15,SCHEDULED,120,2.0
2026-04-16T04:20:27Z,0406012026-04-15,04060,2026-04-15,SCHEDULED,60,1.0
2026-04-16T04:20:27Z,3586912026-04-15,35869,2026-04-15,SCHEDULED,60,1.0
2026-04-16T04:20:27Z,0415422026-04-15,04154,2026-04-15,SCHEDULED,240,4.0
2026-04-16T04:20:27Z,0415412026-04-15,04154,2026-04-15,SCHEDULED,240,4.0
2026-04-16T04:20:27Z,0506312026-04-15,05063,2026-04-15,SCHEDULED,60,1.0
2026-04-16T04:20:27Z,0566812026-04-15,05668,2026-04-15,SCHEDULED,120,2.0
2026-04-16T04:20:27Z,7185112026-04-15,71851,2026-04-15,CANCELED,,
2026-04-16T04:20:27Z,1296312026-04-15,12963,2026-04-15,CANCELED,,
2026-04-16T04:20:27Z,7183112026-04-15,71831,2026-04-15,CANCELED,,
2026-04-16T04:20:27Z,1308422026-04-15,13084,2026-04-15,CANCELED,,
2026-04-16T04:20:27Z,1308412026-04-15,13084,2026-04-15,CANCELED,,
2026-04-16T04:20:27Z,1296212026-04-15,12962,2026-04-15,CANCELED,,
2026-04-16T04:23:08Z,1577212026-04-15,15772,2026-04-15,SCHEDULED,60,1.0
2026-04-16T04:23:08Z,1702112026-04-15,17021,2026-04-15,SCHEDULED,120,2.0
2026-04-16T04:23:08Z,0906112026-04-15,09061,2026-04-15,SCHEDULED,60,1.0
2026-04-16T04:23:08Z,1710612026-04-15,17106,2026-04-15,SCHEDULED,60,1.0
2026-04-16T04:23:08Z,1268912026-04-15,12689,2026-04-15,SCHEDULED,180,3.0
2026-04-16T04:23:08Z,1770712026-04-15,17707,2026-04-15,SCHEDULED,180,3.0
2026-04-16T04:23:08Z,1300112026-04-15,13001,2026-04-15,SCHEDULED,180,3.0
2026-04-16T04:23:08Z,1305112026-04-15,13051,2026-04-15,SCHEDULED,60,1.0
2026-04-16T04:23:08Z,1803112026-04-15,18031,2026-04-15,SCHEDULED,60,1.0
2026-04-16T04:23:08Z,1320112026-04-15,13201,2026-04-15,SCHEDULED,60,1.0
2026-04-16T04:23:08Z,1804112026-04-15,18041,2026-04-15,SCHEDULED,120,2.0
2026-04-16T04:23:08Z,1804612026-04-15,18046,2026-04-15,SCHEDULED,60,1.0
2026-04-16T04:23:08Z,1500212026-04-15,15002,2026-04-15,SCHEDULED,-120,-2.0
2026-04-16T04:23:08Z,1804722026-04-15,18047,2026-04-15,SCHEDULED,960,16.0
2026-04-16T04:23:08Z,1804712026-04-15,18047,2026-04-15,SCHEDULED,960,16.0
2026-04-16T04:23:08Z,1504012026-04-15,15040,2026-04-15,SCHEDULED,840,14.0
2026-04-16T04:23:08Z,1806812026-04-15,18068,2026-04-15,SCHEDULED,60,1.0
2026-04-16T04:23:08Z,1530912026-04-15,15309,2026-04-15,SCHEDULED,300,5.0
2026-04-16T04:23:08Z,1562012026-04-15,15620,2026-04-15,SCHEDULED,540,9.0
2026-04-16T04:23:08Z,1807212026-04-15,18072,2026-04-15,SCHEDULED,60,1.0
2026-04-16T04:23:08Z,1572012026-04-15,15720,2026-04-15,SCHEDULED,120,2.0
2026-04-16T04:23:08Z,1806612026-04-15,18066,2026-04-15,SCHEDULED,120,2.0
2026-04-16T04:23:08Z,1577012026-04-15,15770,2026-04-15,SCHEDULED,60,1.0
2026-04-16T04:23:08Z,3586912026-04-15,35869,2026-04-15,SCHEDULED,60,1.0
2026-04-16T04:23:08Z,0206112026-04-15,02061,2026-04-15,SCHEDULED,60,1.0
2026-04-16T04:23:08Z,1251212026-04-15,12512,2026-04-15,SCHEDULED,300,5.0
2026-04-16T04:23:08Z,0305212026-04-15,03052,2026-04-15,SCHEDULED,240,4.0
2026-04-16T04:23:08Z,1504612026-04-15,15046,2026-04-15,SCHEDULED,180,3.0
2026-04-16T04:23:08Z,0330142026-04-15,03301,2026-04-15,SCHEDULED,60,1.0
2026-04-16T04:23:08Z,0330132026-04-15,03301,2026-04-15,SCHEDULED,60,1.0
2026-04-16T04:23:08Z,0330112026-04-15,03301,2026-04-15,SCHEDULED,60,1.0
2026-04-16T04:23:08Z,0330122026-04-15,03301,2026-04-15,SCHEDULED,60,1.0
2026-04-16T04:23:08Z,1506012026-04-15,15060,2026-04-15,SCHEDULED,300,5.0
2026-04-16T04:23:08Z,1580412026-04-15,15804,2026-04-15,SCHEDULED,60,1.0
2026-04-16T04:23:08Z,1812012026-04-15,18120,2026-04-15,SCHEDULED,60,1.0
2026-04-16T04:23:08Z,0306242026-04-15,03062,2026-04-15,SCHEDULED,120,2.0
2026-04-16T04:23:08Z,0306232026-04-15,03062,2026-04-15,SCHEDULED,120,2.0
2026-04-16T04:23:08Z,0306212026-04-15,03062,2026-04-15,SCHEDULED,120,2.0
2026-04-16T04:23:08Z,0306222026-04-15,03062,2026-04-15,SCHEDULED,120,2.0
2026-04-16T04:23:08Z,1891012026-04-15,18910,2026-04-15,SCHEDULED,120,2.0
2026-04-16T04:23:08Z,1443312026-04-15,14433,2026-04-15,SCHEDULED,180,3.0
2026-04-16T04:23:08Z,0306242026-04-15,03062,2026-04-15,SCHEDULED,360,6.0
2026-04-16T04:23:08Z,0306232026-04-15,03062,2026-04-15,SCHEDULED,360,6.0
2026-04-16T04:23:08Z,0306212026-04-15,03062,2026-04-15,SCHEDULED,360,6.0
2026-04-16T04:23:08Z,0306222026-04-15,03062,2026-04-15,SCHEDULED,360,6.0
2026-04-16T04:23:08Z,1500012026-04-15,15000,2026-04-15,SCHEDULED,60,1.0
2026-04-16T04:23:08Z,1600012026-04-15,16000,2026-04-15,SCHEDULED,120,2.0
2026-04-16T04:23:08Z,0405612026-04-16,04056,2026-04-16,SCHEDULED,-660,-11.0
2026-04-16T04:23:08Z,1447012026-04-15,14470,2026-04-15,SCHEDULED,60,1.0
2026-04-16T04:23:08Z,0406012026-04-15,04060,2026-04-15,SCHEDULED,120,2.0
2026-04-16T04:23:08Z,0415422026-04-15,04154,2026-04-15,SCHEDULED,240,4.0
2026-04-16T04:23:08Z,0415412026-04-15,04154,2026-04-15,SCHEDULED,240,4.0
2026-04-16T04:23:08Z,0506312026-04-15,05063,2026-04-15,SCHEDULED,120,2.0
2026-04-16T04:23:08Z,0566812026-04-15,05668,2026-04-15,SCHEDULED,120,2.0
2026-04-16T04:23:08Z,1296312026-04-15,12963,2026-04-15,CANCELED,,
2026-04-16T04:23:08Z,7185112026-04-15,71851,2026-04-15,CANCELED,,
2026-04-16T04:23:08Z,7183112026-04-15,71831,2026-04-15,CANCELED,,
2026-04-16T04:23:08Z,1308422026-04-15,13084,2026-04-15,CANCELED,,
2026-04-16T04:23:08Z,1308412026-04-15,13084,2026-04-15,CANCELED,,
2026-04-16T04:23:08Z,1296212026-04-15,12962,2026-04-15,CANCELED,,
2026-04-16T04:25:25Z,1572012026-04-15,15720,2026-04-15,SCHEDULED,120,2.0
2026-04-16T04:25:25Z,0807512026-04-16,08075,2026-04-16,SCHEDULED,180,3.0
2026-04-16T04:25:25Z,1577012026-04-15,15770,2026-04-15,SCHEDULED,60,1.0
2026-04-16T04:25:25Z,0865412026-04-15,08654,2026-04-15,SCHEDULED,120,2.0
2026-04-16T04:25:25Z,1268912026-04-15,12689,2026-04-15,SCHEDULED,180,3.0
2026-04-16T04:25:25Z,1590012026-04-15,15900,2026-04-15,SCHEDULED,240,4.0
2026-04-16T04:25:25Z,1300112026-04-15,13001,2026-04-15,SCHEDULED,180,3.0
2026-04-16T04:25:25Z,1702112026-04-15,17021,2026-04-15,SCHEDULED,180,3.0
2026-04-16T04:25:25Z,1305112026-04-15,13051,2026-04-15,SCHEDULED,60,1.0
2026-04-16T04:25:25Z,1320112026-04-15,13201,2026-04-15,SCHEDULED,60,1.0
2026-04-16T04:25:25Z,1770712026-04-15,17707,2026-04-15,SCHEDULED,180,3.0
2026-04-16T04:25:25Z,1320212026-04-15,13202,2026-04-15,SCHEDULED,120,2.0
2026-04-16T04:25:25Z,1500212026-04-15,15002,2026-04-15,SCHEDULED,-120,-2.0
2026-04-16T04:25:25Z,1803112026-04-15,18031,2026-04-15,SCHEDULED,60,1.0
2026-04-16T04:25:25Z,1504012026-04-15,15040,2026-04-15,SCHEDULED,900,15.0
2026-04-16T04:25:25Z,1804112026-04-15,18041,2026-04-15,SCHEDULED,60,1.0
2026-04-16T04:25:25Z,1804612026-04-15,18046,2026-04-15,SCHEDULED,60,1.0
2026-04-16T04:25:25Z,1530912026-04-15,15309,2026-04-15,SCHEDULED,360,6.0
2026-04-16T04:25:25Z,1804722026-04-15,18047,2026-04-15,SCHEDULED,960,16.0
2026-04-16T04:25:25Z,1804712026-04-15,18047,2026-04-15,SCHEDULED,960,16.0
2026-04-16T04:25:25Z,1562012026-04-15,15620,2026-04-15,SCHEDULED,540,9.0
2026-04-16T04:25:25Z,0206112026-04-15,02061,2026-04-15,SCHEDULED,60,1.0
2026-04-16T04:25:25Z,0305212026-04-15,03052,2026-04-15,SCHEDULED,240,4.0
2026-04-16T04:25:25Z,1807212026-04-15,18072,2026-04-15,SCHEDULED,60,1.0
2026-04-16T04:25:25Z,0306012026-04-15,03060,2026-04-15,SCHEDULED,-60,-1.0
2026-04-16T04:25:25Z,3586912026-04-15,35869,2026-04-15,SCHEDULED,60,1.0
2026-04-16T04:25:25Z,1703012026-04-15,17030,2026-04-15,SCHEDULED,60,1.0
2026-04-16T04:25:25Z,1251212026-04-15,12512,2026-04-15,SCHEDULED,300,5.0
2026-04-16T04:25:25Z,0330142026-04-15,03301,2026-04-15,SCHEDULED,60,1.0
2026-04-16T04:25:25Z,0330132026-04-15,03301,2026-04-15,SCHEDULED,60,1.0
2026-04-16T04:25:25Z,0330112026-04-15,03301,2026-04-15,SCHEDULED,60,1.0
2026-04-16T04:25:25Z,0330122026-04-15,03301,2026-04-15,SCHEDULED,60,1.0
2026-04-16T04:25:25Z,1504612026-04-15,15046,2026-04-15,SCHEDULED,240,4.0
2026-04-16T04:25:25Z,1506012026-04-15,15060,2026-04-15,SCHEDULED,300,5.0
2026-04-16T04:25:25Z,0306242026-04-15,03062,2026-04-15,SCHEDULED,120,2.0
2026-04-16T04:25:25Z,0306232026-04-15,03062,2026-04-15,SCHEDULED,120,2.0
2026-04-16T04:25:25Z,0306212026-04-15,03062,2026-04-15,SCHEDULED,120,2.0
2026-04-16T04:25:25Z,0306222026-04-15,03062,2026-04-15,SCHEDULED,120,2.0
2026-04-16T04:25:25Z,1580412026-04-15,15804,2026-04-15,SCHEDULED,240,4.0
2026-04-16T04:25:25Z,1806612026-04-15,18066,2026-04-15,SCHEDULED,120,2.0
2026-04-16T04:25:25Z,0306242026-04-15,03062,2026-04-15,SCHEDULED,420,7.0
2026-04-16T04:25:25Z,0306232026-04-15,03062,2026-04-15,SCHEDULED,420,7.0
2026-04-16T04:25:25Z,0306212026-04-15,03062,2026-04-15,SCHEDULED,420,7.0
2026-04-16T04:25:25Z,0306222026-04-15,03062,2026-04-15,SCHEDULED,420,7.0
2026-04-16T04:25:25Z,1812012026-04-15,18120,2026-04-15,SCHEDULED,60,1.0
2026-04-16T04:25:25Z,1891012026-04-15,18910,2026-04-15,SCHEDULED,120,2.0
2026-04-16T04:25:25Z,0405612026-04-16,04056,2026-04-16,SCHEDULED,-720,-12.0
2026-04-16T04:25:25Z,1443312026-04-15,14433,2026-04-15,SCHEDULED,120,2.0
2026-04-16T04:25:25Z,0406012026-04-15,04060,2026-04-15,SCHEDULED,120,2.0
2026-04-16T04:25:25Z,1500012026-04-15,15000,2026-04-15,SCHEDULED,120,2.0
2026-04-16T04:25:25Z,1600012026-04-15,16000,2026-04-15,SCHEDULED,120,2.0
2026-04-16T04:25:25Z,1447012026-04-15,14470,2026-04-15,SCHEDULED,60,1.0
2026-04-16T04:25:25Z,0415422026-04-15,04154,2026-04-15,SCHEDULED,240,4.0
2026-04-16T04:25:25Z,0415412026-04-15,04154,2026-04-15,SCHEDULED,240,4.0
2026-04-16T04:25:25Z,0506312026-04-15,05063,2026-04-15,SCHEDULED,120,2.0
2026-04-16T04:25:25Z,0566812026-04-15,05668,2026-04-15,SCHEDULED,240,4.0
2026-04-16T04:25:25Z,0587112026-04-15,05871,2026-04-15,SCHEDULED,60,1.0
2026-04-16T04:25:25Z,1296312026-04-15,12963,2026-04-15,CANCELED,,
2026-04-16T04:25:25Z,7185112026-04-15,71851,2026-04-15,CANCELED,,
2026-04-16T04:25:25Z,7183112026-04-15,71831,2026-04-15,CANCELED,,
2026-04-16T04:25:25Z,1308422026-04-15,13084,2026-04-15,CANCELED,,
2026-04-16T04:25:25Z,1308412026-04-15,13084,2026-04-15,CANCELED,,
2026-04-16T04:25:25Z,1296212026-04-15,12962,2026-04-15,CANCELED,,
2026-04-16T04:30:35Z,0587112026-04-15,05871,2026-04-15,SCHEDULED,60,1.0
2026-04-16T04:30:35Z,1562012026-04-15,15620,2026-04-15,SCHEDULED,540,9.0
2026-04-16T04:30:35Z,1572012026-04-15,15720,2026-04-15,SCHEDULED,120,2.0
2026-04-16T04:30:35Z,0806312026-04-15,08063,2026-04-15,SCHEDULED,180,3.0
2026-04-16T04:30:35Z,1577012026-04-15,15770,2026-04-15,SCHEDULED,120,2.0
2026-04-16T04:30:35Z,0807512026-04-16,08075,2026-04-16,SCHEDULED,180,3.0
2026-04-16T04:30:35Z,0826012026-04-15,08260,2026-04-15,SCHEDULED,60,1.0
2026-04-16T04:30:35Z,1590012026-04-15,15900,2026-04-15,SCHEDULED,420,7.0
2026-04-16T04:30:35Z,1702112026-04-15,17021,2026-04-15,SCHEDULED,180,3.0
2026-04-16T04:30:35Z,0865412026-04-15,08654,2026-04-15,SCHEDULED,120,2.0
2026-04-16T04:30:35Z,0807212026-04-15,08072,2026-04-15,SCHEDULED,-60,-1.0
2026-04-16T04:30:35Z,1770312026-04-15,17703,2026-04-15,SCHEDULED,60,1.0
2026-04-16T04:30:35Z,1770712026-04-15,17707,2026-04-15,SCHEDULED,180,3.0
2026-04-16T04:30:35Z,1268912026-04-15,12689,2026-04-15,SCHEDULED,120,2.0
2026-04-16T04:30:35Z,1300112026-04-15,13001,2026-04-15,SCHEDULED,180,3.0
2026-04-16T04:30:35Z,1305112026-04-15,13051,2026-04-15,SCHEDULED,60,1.0
2026-04-16T04:30:35Z,1803112026-04-15,18031,2026-04-15,SCHEDULED,60,1.0
2026-04-16T04:30:35Z,1804112026-04-15,18041,2026-04-15,SCHEDULED,60,1.0
2026-04-16T04:30:35Z,1320112026-04-15,13201,2026-04-15,SCHEDULED,60,1.0
2026-04-16T04:30:35Z,1804612026-04-15,18046,2026-04-15,SCHEDULED,120,2.0
2026-04-16T04:30:35Z,1320212026-04-15,13202,2026-04-15,SCHEDULED,120,2.0
2026-04-16T04:30:35Z,1804722026-04-15,18047,2026-04-15,SCHEDULED,960,16.0
2026-04-16T04:30:35Z,1804712026-04-15,18047,2026-04-15,SCHEDULED,960,16.0
2026-04-16T04:30:35Z,1504012026-04-15,15040,2026-04-15,SCHEDULED,1020,17.0
2026-04-16T04:30:35Z,1807112026-04-15,18071,2026-04-15,SCHEDULED,120,2.0
2026-04-16T04:30:35Z,1505112026-04-15,15051,2026-04-15,SCHEDULED,-120,-2.0
2026-04-16T04:30:35Z,1530912026-04-15,15309,2026-04-15,SCHEDULED,360,6.0
2026-04-16T04:30:35Z,1877332026-04-15,18773,2026-04-15,SCHEDULED,60,1.0
2026-04-16T04:30:35Z,1877312026-04-15,18773,2026-04-15,SCHEDULED,60,1.0
2026-04-16T04:30:35Z,0206112026-04-15,02061,2026-04-15,SCHEDULED,60,1.0
2026-04-16T04:30:35Z,3586912026-04-15,35869,2026-04-15,SCHEDULED,60,1.0
2026-04-16T04:30:35Z,1703012026-04-15,17030,2026-04-15,SCHEDULED,60,1.0
2026-04-16T04:30:35Z,0305212026-04-15,03052,2026-04-15,SCHEDULED,120,2.0
2026-04-16T04:30:35Z,1241112026-04-15,12411,2026-04-15,SCHEDULED,180,3.0
2026-04-16T04:30:35Z,0306012026-04-15,03060,2026-04-15,SCHEDULED,-60,-1.0
2026-04-16T04:30:35Z,1251212026-04-15,12512,2026-04-15,SCHEDULED,300,5.0
2026-04-16T04:30:35Z,1504612026-04-15,15046,2026-04-15,SCHEDULED,60,1.0
2026-04-16T04:30:35Z,1506012026-04-15,15060,2026-04-15,SCHEDULED,300,5.0
2026-04-16T04:30:35Z,1580412026-04-15,15804,2026-04-15,SCHEDULED,240,4.0
2026-04-16T04:30:35Z,1807212026-04-15,18072,2026-04-15,SCHEDULED,60,1.0
2026-04-16T04:30:35Z,0306242026-04-15,03062,2026-04-15,SCHEDULED,120,2.0
2026-04-16T04:30:35Z,0306232026-04-15,03062,2026-04-15,SCHEDULED,120,2.0
2026-04-16T04:30:35Z,0306212026-04-15,03062,2026-04-15,SCHEDULED,120,2.0
2026-04-16T04:30:35Z,0306222026-04-15,03062,2026-04-15,SCHEDULED,120,2.0
2026-04-16T04:30:35Z,1812012026-04-15,18120,2026-04-15,SCHEDULED,60,1.0
2026-04-16T04:30:35Z,1831012026-04-15,18310,2026-04-15,SCHEDULED,60,1.0
2026-04-16T04:30:35Z,1891012026-04-15,18910,2026-04-15,SCHEDULED,180,3.0
2026-04-16T04:30:35Z,1443312026-04-15,14433,2026-04-15,SCHEDULED,120,2.0
2026-04-16T04:30:35Z,0306242026-04-15,03062,2026-04-15,SCHEDULED,360,6.0
2026-04-16T04:30:35Z,0306232026-04-15,03062,2026-04-15,SCHEDULED,360,6.0
2026-04-16T04:30:35Z,0306212026-04-15,03062,2026-04-15,SCHEDULED,360,6.0
2026-04-16T04:30:35Z,0306222026-04-15,03062,2026-04-15,SCHEDULED,360,6.0
2026-04-16T04:30:35Z,1600012026-04-15,16000,2026-04-15,SCHEDULED,60,1.0
2026-04-16T04:30:35Z,0405612026-04-16,04056,2026-04-16,SCHEDULED,-780,-13.0
2026-04-16T04:30:35Z,1447012026-04-15,14470,2026-04-15,SCHEDULED,120,2.0
2026-04-16T04:30:35Z,0406012026-04-15,04060,2026-04-15,SCHEDULED,60,1.0
2026-04-16T04:30:35Z,0415422026-04-15,04154,2026-04-15,SCHEDULED,300,5.0
2026-04-16T04:30:35Z,0415412026-04-15,04154,2026-04-15,SCHEDULED,300,5.0
2026-04-16T04:30:35Z,0566812026-04-15,05668,2026-04-15,SCHEDULED,120,2.0
2026-04-16T04:30:35Z,0576312026-04-15,05763,2026-04-15,SCHEDULED,180,3.0
2026-04-16T04:30:35Z,0576322026-04-15,05763,2026-04-15,SCHEDULED,180,3.0
2026-04-16T04:30:35Z,0576332026-04-15,05763,2026-04-15,SCHEDULED,180,3.0
2026-04-16T04:30:35Z,1296312026-04-15,12963,2026-04-15,CANCELED,,
2026-04-16T04:30:35Z,7185112026-04-15,71851,2026-04-15,CANCELED,,
2026-04-16T04:30:35Z,7183112026-04-15,71831,2026-04-15,CANCELED,,
2026-04-16T04:30:35Z,1308422026-04-15,13084,2026-04-15,CANCELED,,
2026-04-16T04:30:35Z,1308412026-04-15,13084,2026-04-15,CANCELED,,
2026-04-16T04:30:35Z,1296212026-04-15,12962,2026-04-15,CANCELED,,
2026-04-16T04:35:27Z,1530912026-04-15,15309,2026-04-15,SCHEDULED,420,7.0
2026-04-16T04:35:27Z,0587112026-04-15,05871,2026-04-15,SCHEDULED,60,1.0
2026-04-16T04:35:27Z,0806312026-04-15,08063,2026-04-15,SCHEDULED,180,3.0
2026-04-16T04:35:27Z,1562012026-04-15,15620,2026-04-15,SCHEDULED,540,9.0
2026-04-16T04:35:27Z,0807512026-04-16,08075,2026-04-16,SCHEDULED,180,3.0
2026-04-16T04:35:27Z,1572012026-04-15,15720,2026-04-15,SCHEDULED,360,6.0
2026-04-16T04:35:27Z,1577012026-04-15,15770,2026-04-15,SCHEDULED,120,2.0
2026-04-16T04:35:27Z,0826012026-04-15,08260,2026-04-15,SCHEDULED,60,1.0
2026-04-16T04:35:27Z,0826112026-04-15,08261,2026-04-15,SCHEDULED,180,3.0
2026-04-16T04:35:27Z,1590012026-04-15,15900,2026-04-15,SCHEDULED,480,8.0
2026-04-16T04:35:27Z,1702112026-04-15,17021,2026-04-15,SCHEDULED,180,3.0
2026-04-16T04:35:27Z,0865412026-04-15,08654,2026-04-15,SCHEDULED,360,6.0
2026-04-16T04:35:27Z,1710612026-04-15,17106,2026-04-15,SCHEDULED,-120,-2.0
2026-04-16T04:35:27Z,0807212026-04-15,08072,2026-04-15,SCHEDULED,-60,-1.0
2026-04-16T04:35:27Z,1261112026-04-15,12611,2026-04-15,SCHEDULED,840,14.0
2026-04-16T04:35:27Z,1770712026-04-15,17707,2026-04-15,SCHEDULED,240,4.0
2026-04-16T04:35:27Z,1268912026-04-15,12689,2026-04-15,SCHEDULED,120,2.0
2026-04-16T04:35:27Z,1300112026-04-15,13001,2026-04-15,SCHEDULED,180,3.0
2026-04-16T04:35:27Z,1803112026-04-15,18031,2026-04-15,SCHEDULED,60,1.0
2026-04-16T04:35:27Z,1304112026-04-15,13041,2026-04-15,SCHEDULED,60,1.0
2026-04-16T04:35:27Z,1804112026-04-15,18041,2026-04-15,SCHEDULED,60,1.0
2026-04-16T04:35:27Z,1305112026-04-15,13051,2026-04-15,SCHEDULED,60,1.0
2026-04-16T04:35:27Z,1804612026-04-15,18046,2026-04-15,SCHEDULED,120,2.0
2026-04-16T04:35:27Z,1804722026-04-15,18047,2026-04-15,SCHEDULED,1020,17.0
2026-04-16T04:35:27Z,1804712026-04-15,18047,2026-04-15,SCHEDULED,1020,17.0
2026-04-16T04:35:27Z,1320112026-04-15,13201,2026-04-15,SCHEDULED,60,1.0
2026-04-16T04:35:27Z,1805412026-04-15,18054,2026-04-15,SCHEDULED,120,2.0
2026-04-16T04:35:27Z,1320212026-04-15,13202,2026-04-15,SCHEDULED,120,2.0
2026-04-16T04:35:27Z,1807112026-04-15,18071,2026-04-15,SCHEDULED,120,2.0
2026-04-16T04:35:27Z,1504012026-04-15,15040,2026-04-15,SCHEDULED,1020,17.0
2026-04-16T04:35:27Z,1807212026-04-15,18072,2026-04-15,SCHEDULED,60,1.0
2026-04-16T04:35:27Z,1505112026-04-15,15051,2026-04-15,SCHEDULED,120,2.0
2026-04-16T04:35:27Z,1806612026-04-15,18066,2026-04-15,SCHEDULED,180,3.0
2026-04-16T04:35:27Z,0075222026-04-16,00752,2026-04-16,SCHEDULED,180,3.0
2026-04-16T04:35:27Z,0075212026-04-16,00752,2026-04-16,SCHEDULED,180,3.0
2026-04-16T04:35:27Z,1831012026-04-15,18310,2026-04-15,SCHEDULED,60,1.0
2026-04-16T04:35:27Z,0206112026-04-15,02061,2026-04-15,SCHEDULED,120,2.0
2026-04-16T04:35:27Z,1891012026-04-15,18910,2026-04-15,SCHEDULED,180,3.0
2026-04-16T04:35:27Z,1443312026-04-15,14433,2026-04-15,SCHEDULED,240,4.0
2026-04-16T04:35:27Z,0226112026-04-15,02261,2026-04-15,SCHEDULED,120,2.0
2026-04-16T04:35:27Z,0305212026-04-15,03052,2026-04-15,SCHEDULED,120,2.0
2026-04-16T04:35:27Z,0306012026-04-15,03060,2026-04-15,SCHEDULED,-60,-1.0
2026-04-16T04:35:27Z,1401812026-04-15,14018,2026-04-15,SCHEDULED,60,1.0
2026-04-16T04:35:27Z,1447012026-04-15,14470,2026-04-15,SCHEDULED,120,2.0
2026-04-16T04:35:27Z,0330142026-04-15,03301,2026-04-15,SCHEDULED,60,1.0
2026-04-16T04:35:27Z,0330132026-04-15,03301,2026-04-15,SCHEDULED,60,1.0
2026-04-16T04:35:27Z,0330112026-04-15,03301,2026-04-15,SCHEDULED,60,1.0
2026-04-16T04:35:27Z,0330122026-04-15,03301,2026-04-15,SCHEDULED,60,1.0
2026-04-16T04:35:27Z,1877332026-04-15,18773,2026-04-15,SCHEDULED,180,3.0
2026-04-16T04:35:27Z,1877312026-04-15,18773,2026-04-15,SCHEDULED,180,3.0
2026-04-16T04:35:27Z,3586912026-04-15,35869,2026-04-15,SCHEDULED,60,1.0
2026-04-16T04:35:27Z,0306242026-04-15,03062,2026-04-15,SCHEDULED,120,2.0
2026-04-16T04:35:27Z,0306232026-04-15,03062,2026-04-15,SCHEDULED,120,2.0
2026-04-16T04:35:27Z,0306212026-04-15,03062,2026-04-15,SCHEDULED,120,2.0
2026-04-16T04:35:27Z,0306222026-04-15,03062,2026-04-15,SCHEDULED,120,2.0
2026-04-16T04:35:27Z,1241112026-04-15,12411,2026-04-15,SCHEDULED,300,5.0
2026-04-16T04:35:27Z,1251212026-04-15,12512,2026-04-15,SCHEDULED,300,5.0
2026-04-16T04:35:27Z,1565012026-04-15,15650,2026-04-15,SCHEDULED,-180,-3.0
2026-04-16T04:35:27Z,0306242026-04-15,03062,2026-04-15,SCHEDULED,420,7.0
2026-04-16T04:35:27Z,0306232026-04-15,03062,2026-04-15,SCHEDULED,420,7.0
2026-04-16T04:35:27Z,0306212026-04-15,03062,2026-04-15,SCHEDULED,420,7.0
2026-04-16T04:35:27Z,0306222026-04-15,03062,2026-04-15,SCHEDULED,420,7.0
2026-04-16T04:35:27Z,1575112026-04-15,15751,2026-04-15,SCHEDULED,-60,-1.0
2026-04-16T04:35:27Z,1504612026-04-15,15046,2026-04-15,SCHEDULED,120,2.0
2026-04-16T04:35:27Z,0366222026-04-15,03662,2026-04-15,SCHEDULED,60,1.0
2026-04-16T04:35:27Z,0366212026-04-15,03662,2026-04-15,SCHEDULED,60,1.0
2026-04-16T04:35:27Z,1506012026-04-15,15060,2026-04-15,SCHEDULED,360,6.0
2026-04-16T04:35:27Z,0405612026-04-16,04056,2026-04-16,SCHEDULED,-780,-13.0
2026-04-16T04:35:27Z,1580412026-04-15,15804,2026-04-15,SCHEDULED,360,6.0
2026-04-16T04:35:27Z,0406012026-04-15,04060,2026-04-15,SCHEDULED,180,3.0
2026-04-16T04:35:27Z,0415422026-04-15,04154,2026-04-15,SCHEDULED,540,9.0
2026-04-16T04:35:27Z,0415412026-04-15,04154,2026-04-15,SCHEDULED,540,9.0
2026-04-16T04:35:27Z,0486822026-04-16,04868,2026-04-16,SCHEDULED,120,2.0
2026-04-16T04:35:27Z,0486812026-04-16,04868,2026-04-16,SCHEDULED,120,2.0
2026-04-16T04:35:27Z,0506422026-04-15,05064,2026-04-15,SCHEDULED,240,4.0
2026-04-16T04:35:27Z,0506412026-04-15,05064,2026-04-15,SCHEDULED,240,4.0
2026-04-16T04:35:27Z,0566812026-04-15,05668,2026-04-15,SCHEDULED,120,2.0
2026-04-16T04:35:27Z,0576312026-04-15,05763,2026-04-15,SCHEDULED,120,2.0
2026-04-16T04:35:27Z,0576322026-04-15,05763,2026-04-15,SCHEDULED,120,2.0
2026-04-16T04:35:27Z,0576332026-04-15,05763,2026-04-15,SCHEDULED,120,2.0
2026-04-16T04:35:27Z,1296312026-04-15,12963,2026-04-15,CANCELED,,
2026-04-16T04:35:27Z,7185112026-04-15,71851,2026-04-15,CANCELED,,
2026-04-16T04:35:27Z,7183112026-04-15,71831,2026-04-15,CANCELED,,
2026-04-16T04:35:27Z,1308422026-04-15,13084,2026-04-15,CANCELED,,
2026-04-16T04:35:27Z,1308412026-04-15,13084,2026-04-15,CANCELED,,
2026-04-16T04:35:27Z,1296212026-04-15,12962,2026-04-15,CANCELED,,
2026-04-16T04:40:28Z,1500212026-04-15,15002,2026-04-15,SCHEDULED,-60,-1.0
2026-04-16T04:40:28Z,1504012026-04-15,15040,2026-04-15,SCHEDULED,1020,17.0
2026-04-16T04:40:28Z,0506522026-04-15,05065,2026-04-15,SCHEDULED,180,3.0
2026-04-16T04:40:28Z,0506512026-04-15,05065,2026-04-15,SCHEDULED,180,3.0
2026-04-16T04:40:28Z,1505112026-04-15,15051,2026-04-15,SCHEDULED,60,1.0
2026-04-16T04:40:28Z,0566812026-04-15,05668,2026-04-15,SCHEDULED,240,4.0
2026-04-16T04:40:28Z,1530912026-04-15,15309,2026-04-15,SCHEDULED,420,7.0
2026-04-16T04:40:28Z,0576312026-04-15,05763,2026-04-15,SCHEDULED,120,2.0
2026-04-16T04:40:28Z,0576322026-04-15,05763,2026-04-15,SCHEDULED,120,2.0
2026-04-16T04:40:28Z,0576332026-04-15,05763,2026-04-15,SCHEDULED,120,2.0
2026-04-16T04:40:28Z,1562012026-04-15,15620,2026-04-15,SCHEDULED,540,9.0
2026-04-16T04:40:28Z,0587112026-04-15,05871,2026-04-15,SCHEDULED,-180,-3.0
2026-04-16T04:40:28Z,1572012026-04-15,15720,2026-04-15,SCHEDULED,360,6.0
2026-04-16T04:40:28Z,0806312026-04-15,08063,2026-04-15,SCHEDULED,300,5.0
2026-04-16T04:40:28Z,1577012026-04-15,15770,2026-04-15,SCHEDULED,120,2.0
2026-04-16T04:40:28Z,1577212026-04-15,15772,2026-04-15,SCHEDULED,60,1.0
2026-04-16T04:40:28Z,0806912026-04-15,08069,2026-04-15,SCHEDULED,60,1.0
2026-04-16T04:40:28Z,1590012026-04-15,15900,2026-04-15,SCHEDULED,480,8.0
2026-04-16T04:40:28Z,0807512026-04-16,08075,2026-04-16,SCHEDULED,120,2.0
2026-04-16T04:40:28Z,1702112026-04-15,17021,2026-04-15,SCHEDULED,180,3.0
2026-04-16T04:40:28Z,0826012026-04-15,08260,2026-04-15,SCHEDULED,180,3.0
2026-04-16T04:40:28Z,0826112026-04-15,08261,2026-04-15,SCHEDULED,180,3.0
2026-04-16T04:40:28Z,1710012026-04-15,17100,2026-04-15,SCHEDULED,60,1.0
2026-04-16T04:40:28Z,1750312026-04-15,17503,2026-04-15,SCHEDULED,-180,-3.0
2026-04-16T04:40:28Z,0865412026-04-15,08654,2026-04-15,SCHEDULED,180,3.0
2026-04-16T04:40:28Z,0807212026-04-15,08072,2026-04-15,SCHEDULED,60,1.0
2026-04-16T04:40:28Z,1770712026-04-15,17707,2026-04-15,SCHEDULED,240,4.0
2026-04-16T04:40:28Z,1803112026-04-15,18031,2026-04-15,SCHEDULED,120,2.0
2026-04-16T04:40:28Z,1804112026-04-15,18041,2026-04-15,SCHEDULED,60,1.0
2026-04-16T04:40:28Z,1261112026-04-15,12611,2026-04-15,SCHEDULED,900,15.0
2026-04-16T04:40:28Z,1804612026-04-15,18046,2026-04-15,SCHEDULED,180,3.0
2026-04-16T04:40:28Z,1268912026-04-15,12689,2026-04-15,SCHEDULED,60,1.0
2026-04-16T04:40:28Z,1804722026-04-15,18047,2026-04-15,SCHEDULED,1020,17.0
2026-04-16T04:40:28Z,1804712026-04-15,18047,2026-04-15,SCHEDULED,1020,17.0
2026-04-16T04:40:28Z,1300112026-04-15,13001,2026-04-15,SCHEDULED,240,4.0
2026-04-16T04:40:28Z,1805412026-04-15,18054,2026-04-15,SCHEDULED,120,2.0
2026-04-16T04:40:28Z,1305112026-04-15,13051,2026-04-15,SCHEDULED,60,1.0
2026-04-16T04:40:28Z,1877332026-04-15,18773,2026-04-15,SCHEDULED,240,4.0
2026-04-16T04:40:28Z,1877312026-04-15,18773,2026-04-15,SCHEDULED,240,4.0
2026-04-16T04:40:28Z,1395112026-04-15,13951,2026-04-15,SCHEDULED,60,1.0
2026-04-16T04:40:28Z,3586912026-04-15,35869,2026-04-15,SCHEDULED,-60,-1.0
2026-04-16T04:40:28Z,1320112026-04-15,13201,2026-04-15,SCHEDULED,60,1.0
2026-04-16T04:40:28Z,1703012026-04-15,17030,2026-04-15,SCHEDULED,-60,-1.0
2026-04-16T04:40:28Z,1241112026-04-15,12411,2026-04-15,SCHEDULED,300,5.0
2026-04-16T04:40:28Z,1320212026-04-15,13202,2026-04-15,SCHEDULED,120,2.0
2026-04-16T04:40:28Z,1251212026-04-15,12512,2026-04-15,SCHEDULED,180,3.0
2026-04-16T04:40:28Z,0029122026-04-16,00291,2026-04-16,SCHEDULED,60,1.0
2026-04-16T04:40:28Z,0029112026-04-16,00291,2026-04-16,SCHEDULED,60,1.0
2026-04-16T04:40:28Z,1564612026-04-15,15646,2026-04-15,SCHEDULED,60,1.0
2026-04-16T04:40:28Z,1565012026-04-15,15650,2026-04-15,SCHEDULED,-180,-3.0
2026-04-16T04:40:28Z,1575112026-04-15,15751,2026-04-15,SCHEDULED,-60,-1.0
2026-04-16T04:40:28Z,0075222026-04-16,00752,2026-04-16,SCHEDULED,-60,-1.0
2026-04-16T04:40:28Z,0075212026-04-16,00752,2026-04-16,SCHEDULED,-60,-1.0
2026-04-16T04:40:28Z,1506012026-04-15,15060,2026-04-15,SCHEDULED,300,5.0
2026-04-16T04:40:28Z,0107212026-04-16,01072,2026-04-16,SCHEDULED,180,3.0
2026-04-16T04:40:28Z,1580412026-04-15,15804,2026-04-15,SCHEDULED,360,6.0
2026-04-16T04:40:28Z,0206112026-04-15,02061,2026-04-15,SCHEDULED,-60,-1.0
2026-04-16T04:40:28Z,1806812026-04-15,18068,2026-04-15,SCHEDULED,180,3.0
2026-04-16T04:40:28Z,1807112026-04-15,18071,2026-04-15,SCHEDULED,60,1.0
2026-04-16T04:40:28Z,0226112026-04-15,02261,2026-04-15,SCHEDULED,180,3.0
2026-04-16T04:40:28Z,1807212026-04-15,18072,2026-04-15,SCHEDULED,120,2.0
2026-04-16T04:40:28Z,0305212026-04-15,03052,2026-04-15,SCHEDULED,180,3.0
2026-04-16T04:40:28Z,1806612026-04-15,18066,2026-04-15,SCHEDULED,180,3.0
2026-04-16T04:40:28Z,0306012026-04-15,03060,2026-04-15,SCHEDULED,-60,-1.0
2026-04-16T04:40:28Z,1812012026-04-15,18120,2026-04-15,SCHEDULED,60,1.0
2026-04-16T04:40:28Z,1831012026-04-15,18310,2026-04-15,SCHEDULED,60,1.0
2026-04-16T04:40:28Z,1891012026-04-15,18910,2026-04-15,SCHEDULED,180,3.0
2026-04-16T04:40:28Z,0330142026-04-15,03301,2026-04-15,SCHEDULED,120,2.0
2026-04-16T04:40:28Z,0330132026-04-15,03301,2026-04-15,SCHEDULED,120,2.0
2026-04-16T04:40:28Z,0330112026-04-15,03301,2026-04-15,SCHEDULED,120,2.0
2026-04-16T04:40:28Z,0330122026-04-15,03301,2026-04-15,SCHEDULED,120,2.0
2026-04-16T04:40:28Z,1443312026-04-15,14433,2026-04-15,SCHEDULED,180,3.0
2026-04-16T04:40:28Z,1500012026-04-15,15000,2026-04-15,SCHEDULED,60,1.0
2026-04-16T04:40:28Z,1600012026-04-15,16000,2026-04-15,SCHEDULED,120,2.0
2026-04-16T04:40:28Z,1401812026-04-15,14018,2026-04-15,SCHEDULED,180,3.0
2026-04-16T04:40:28Z,1447012026-04-15,14470,2026-04-15,SCHEDULED,120,2.0
2026-04-16T04:40:28Z,0306312026-04-15,03063,2026-04-15,SCHEDULED,-180,-3.0
2026-04-16T04:40:28Z,0306322026-04-15,03063,2026-04-15,SCHEDULED,-180,-3.0
2026-04-16T04:40:28Z,0306332026-04-15,03063,2026-04-15,SCHEDULED,-180,-3.0
2026-04-16T04:40:28Z,0306242026-04-15,03062,2026-04-15,SCHEDULED,480,8.0
2026-04-16T04:40:28Z,0306232026-04-15,03062,2026-04-15,SCHEDULED,480,8.0
2026-04-16T04:40:28Z,0306212026-04-15,03062,2026-04-15,SCHEDULED,480,8.0
2026-04-16T04:40:28Z,0306222026-04-15,03062,2026-04-15,SCHEDULED,480,8.0
2026-04-16T04:40:28Z,0366222026-04-15,03662,2026-04-15,SCHEDULED,180,3.0
2026-04-16T04:40:28Z,0366212026-04-15,03662,2026-04-15,SCHEDULED,180,3.0
2026-04-16T04:40:28Z,0405612026-04-16,04056,2026-04-16,SCHEDULED,-780,-13.0
2026-04-16T04:40:28Z,0406012026-04-15,04060,2026-04-15,SCHEDULED,240,4.0
2026-04-16T04:40:28Z,0415422026-04-15,04154,2026-04-15,SCHEDULED,540,9.0
2026-04-16T04:40:28Z,0415412026-04-15,04154,2026-04-15,SCHEDULED,540,9.0
2026-04-16T04:40:28Z,0486822026-04-16,04868,2026-04-16,SCHEDULED,120,2.0
2026-04-16T04:40:28Z,0486812026-04-16,04868,2026-04-16,SCHEDULED,120,2.0
2026-04-16T04:40:28Z,0506422026-04-15,05064,2026-04-15,SCHEDULED,240,4.0
2026-04-16T04:40:28Z,0506412026-04-15,05064,2026-04-15,SCHEDULED,240,4.0
2026-04-16T04:40:28Z,1296312026-04-15,12963,2026-04-15,CANCELED,,
2026-04-16T04:40:28Z,7185112026-04-15,71851,2026-04-15,CANCELED,,
2026-04-16T04:40:28Z,7183112026-04-15,71831,2026-04-15,CANCELED,,
2026-04-16T04:40:28Z,1308422026-04-15,13084,2026-04-15,CANCELED,,
2026-04-16T04:40:28Z,1308412026-04-15,13084,2026-04-15,CANCELED,,
2026-04-16T04:40:28Z,1296212026-04-15,12962,2026-04-15,CANCELED,,
2026-04-16T04:45:29Z,1320212026-04-15,13202,2026-04-15,SCHEDULED,120,2.0
2026-04-16T04:45:29Z,0508042026-04-15,05080,2026-04-15,SCHEDULED,60,1.0
2026-04-16T04:45:29Z,0508032026-04-15,05080,2026-04-15,SCHEDULED,60,1.0
2026-04-16T04:45:29Z,0508012026-04-15,05080,2026-04-15,SCHEDULED,60,1.0
2026-04-16T04:45:29Z,0508022026-04-15,05080,2026-04-15,SCHEDULED,60,1.0
2026-04-16T04:45:29Z,1504012026-04-15,15040,2026-04-15,SCHEDULED,1080,18.0
2026-04-16T04:45:29Z,0566812026-04-15,05668,2026-04-15,SCHEDULED,120,2.0
2026-04-16T04:45:29Z,1505112026-04-15,15051,2026-04-15,SCHEDULED,60,1.0
2026-04-16T04:45:29Z,1530912026-04-15,15309,2026-04-15,SCHEDULED,360,6.0
2026-04-16T04:45:29Z,0576312026-04-15,05763,2026-04-15,SCHEDULED,60,1.0
2026-04-16T04:45:29Z,0576322026-04-15,05763,2026-04-15,SCHEDULED,60,1.0
2026-04-16T04:45:29Z,0576332026-04-15,05763,2026-04-15,SCHEDULED,60,1.0
2026-04-16T04:45:29Z,0587112026-04-15,05871,2026-04-15,SCHEDULED,-120,-2.0
2026-04-16T04:45:29Z,1562012026-04-15,15620,2026-04-15,SCHEDULED,1200,20.0
2026-04-16T04:45:29Z,1563112026-04-15,15631,2026-04-15,SCHEDULED,1140,19.0
2026-04-16T04:45:29Z,0806312026-04-15,08063,2026-04-15,SCHEDULED,360,6.0
2026-04-16T04:45:29Z,0806912026-04-15,08069,2026-04-15,SCHEDULED,60,1.0
2026-04-16T04:45:29Z,1572012026-04-15,15720,2026-04-15,SCHEDULED,600,10.0
2026-04-16T04:45:29Z,0807512026-04-16,08075,2026-04-16,SCHEDULED,120,2.0
2026-04-16T04:45:29Z,1577012026-04-15,15770,2026-04-15,SCHEDULED,360,6.0
2026-04-16T04:45:29Z,0826012026-04-15,08260,2026-04-15,SCHEDULED,60,1.0
2026-04-16T04:45:29Z,1577212026-04-15,15772,2026-04-15,SCHEDULED,60,1.0
2026-04-16T04:45:29Z,0826112026-04-15,08261,2026-04-15,SCHEDULED,360,6.0
2026-04-16T04:45:29Z,0847512026-04-15,08475,2026-04-15,SCHEDULED,-60,-1.0
2026-04-16T04:45:29Z,1590012026-04-15,15900,2026-04-15,SCHEDULED,600,10.0
2026-04-16T04:45:29Z,0865412026-04-15,08654,2026-04-15,SCHEDULED,180,3.0
2026-04-16T04:45:29Z,1702112026-04-15,17021,2026-04-15,SCHEDULED,180,3.0
2026-04-16T04:45:29Z,0807212026-04-15,08072,2026-04-15,SCHEDULED,60,1.0
2026-04-16T04:45:29Z,1710012026-04-15,17100,2026-04-15,SCHEDULED,60,1.0
2026-04-16T04:45:29Z,0906712026-04-15,09067,2026-04-15,SCHEDULED,60,1.0
2026-04-16T04:45:29Z,1750312026-04-15,17503,2026-04-15,SCHEDULED,-60,-1.0
2026-04-16T04:45:29Z,1770712026-04-15,17707,2026-04-15,SCHEDULED,240,4.0
2026-04-16T04:45:29Z,1261112026-04-15,12611,2026-04-15,SCHEDULED,780,13.0
2026-04-16T04:45:29Z,1268912026-04-15,12689,2026-04-15,SCHEDULED,60,1.0
2026-04-16T04:45:29Z,1803112026-04-15,18031,2026-04-15,SCHEDULED,240,4.0
2026-04-16T04:45:29Z,1804112026-04-15,18041,2026-04-15,SCHEDULED,60,1.0
2026-04-16T04:45:29Z,1300112026-04-15,13001,2026-04-15,SCHEDULED,300,5.0
2026-04-16T04:45:29Z,1804612026-04-15,18046,2026-04-15,SCHEDULED,180,3.0
2026-04-16T04:45:29Z,1447012026-04-15,14470,2026-04-15,SCHEDULED,180,3.0
2026-04-16T04:45:29Z,1303022026-04-15,13030,2026-04-15,SCHEDULED,60,1.0
2026-04-16T04:45:29Z,1303012026-04-15,13030,2026-04-15,SCHEDULED,60,1.0
2026-04-16T04:45:29Z,1877332026-04-15,18773,2026-04-15,SCHEDULED,240,4.0
2026-04-16T04:45:29Z,1877312026-04-15,18773,2026-04-15,SCHEDULED,240,4.0
2026-04-16T04:45:29Z,3586912026-04-15,35869,2026-04-15,SCHEDULED,60,1.0
2026-04-16T04:45:29Z,1305112026-04-15,13051,2026-04-15,SCHEDULED,60,1.0
2026-04-16T04:45:29Z,1395112026-04-15,13951,2026-04-15,SCHEDULED,60,1.0
2026-04-16T04:45:29Z,1703012026-04-15,17030,2026-04-15,SCHEDULED,-240,-4.0
2026-04-16T04:45:29Z,1241112026-04-15,12411,2026-04-15,SCHEDULED,300,5.0
2026-04-16T04:45:29Z,1320112026-04-15,13201,2026-04-15,SCHEDULED,60,1.0
2026-04-16T04:45:29Z,1251212026-04-15,12512,2026-04-15,SCHEDULED,180,3.0
2026-04-16T04:45:29Z,0029122026-04-16,00291,2026-04-16,SCHEDULED,60,1.0
2026-04-16T04:45:29Z,0029112026-04-16,00291,2026-04-16,SCHEDULED,60,1.0
2026-04-16T04:45:29Z,1564612026-04-15,15646,2026-04-15,SCHEDULED,120,2.0
2026-04-16T04:45:29Z,1565012026-04-15,15650,2026-04-15,SCHEDULED,-180,-3.0
2026-04-16T04:45:29Z,1575112026-04-15,15751,2026-04-15,SCHEDULED,-60,-1.0
2026-04-16T04:45:29Z,0075222026-04-16,00752,2026-04-16,SCHEDULED,-60,-1.0
2026-04-16T04:45:29Z,0075212026-04-16,00752,2026-04-16,SCHEDULED,-60,-1.0
2026-04-16T04:45:29Z,1506012026-04-15,15060,2026-04-15,SCHEDULED,240,4.0
2026-04-16T04:45:29Z,0107212026-04-16,01072,2026-04-16,SCHEDULED,180,3.0
2026-04-16T04:45:29Z,1580412026-04-15,15804,2026-04-15,SCHEDULED,720,12.0
2026-04-16T04:45:29Z,1804722026-04-15,18047,2026-04-15,SCHEDULED,840,14.0
2026-04-16T04:45:29Z,1804712026-04-15,18047,2026-04-15,SCHEDULED,840,14.0
2026-04-16T04:45:29Z,0207512026-04-16,02075,2026-04-16,SCHEDULED,60,1.0
2026-04-16T04:45:29Z,1805412026-04-15,18054,2026-04-15,SCHEDULED,120,2.0
2026-04-16T04:45:29Z,0226112026-04-15,02261,2026-04-15,SCHEDULED,180,3.0
2026-04-16T04:45:29Z,0305212026-04-15,03052,2026-04-15,SCHEDULED,180,3.0
2026-04-16T04:45:29Z,1807112026-04-15,18071,2026-04-15,SCHEDULED,300,5.0
2026-04-16T04:45:29Z,0306012026-04-15,03060,2026-04-15,SCHEDULED,-60,-1.0
2026-04-16T04:45:29Z,1807212026-04-15,18072,2026-04-15,SCHEDULED,120,2.0
2026-04-16T04:45:29Z,1806612026-04-15,18066,2026-04-15,SCHEDULED,300,5.0
2026-04-16T04:45:29Z,1812012026-04-15,18120,2026-04-15,SCHEDULED,60,1.0
2026-04-16T04:45:29Z,0330142026-04-15,03301,2026-04-15,SCHEDULED,120,2.0
2026-04-16T04:45:29Z,0330132026-04-15,03301,2026-04-15,SCHEDULED,120,2.0
2026-04-16T04:45:29Z,0330112026-04-15,03301,2026-04-15,SCHEDULED,120,2.0
2026-04-16T04:45:29Z,0330122026-04-15,03301,2026-04-15,SCHEDULED,120,2.0
2026-04-16T04:45:29Z,1831012026-04-15,18310,2026-04-15,SCHEDULED,240,4.0
2026-04-16T04:45:29Z,1891012026-04-15,18910,2026-04-15,SCHEDULED,180,3.0
2026-04-16T04:45:29Z,1443312026-04-15,14433,2026-04-15,SCHEDULED,180,3.0
2026-04-16T04:45:29Z,0306242026-04-15,03062,2026-04-15,SCHEDULED,60,1.0
2026-04-16T04:45:29Z,0306232026-04-15,03062,2026-04-15,SCHEDULED,60,1.0
2026-04-16T04:45:29Z,0306212026-04-15,03062,2026-04-15,SCHEDULED,60,1.0
2026-04-16T04:45:29Z,0306222026-04-15,03062,2026-04-15,SCHEDULED,60,1.0
2026-04-16T04:45:29Z,1500012026-04-15,15000,2026-04-15,SCHEDULED,120,2.0
2026-04-16T04:45:29Z,1600012026-04-15,16000,2026-04-15,SCHEDULED,60,1.0
2026-04-16T04:45:29Z,1401812026-04-15,14018,2026-04-15,SCHEDULED,180,3.0
2026-04-16T04:45:29Z,0306242026-04-15,03062,2026-04-15,SCHEDULED,600,10.0
2026-04-16T04:45:29Z,0306232026-04-15,03062,2026-04-15,SCHEDULED,600,10.0
2026-04-16T04:45:29Z,0306212026-04-15,03062,2026-04-15,SCHEDULED,600,10.0
2026-04-16T04:45:29Z,0306222026-04-15,03062,2026-04-15,SCHEDULED,600,10.0
2026-04-16T04:45:29Z,0366222026-04-15,03662,2026-04-15,SCHEDULED,180,3.0
2026-04-16T04:45:29Z,0366212026-04-15,03662,2026-04-15,SCHEDULED,180,3.0
2026-04-16T04:45:29Z,0405612026-04-16,04056,2026-04-16,SCHEDULED,-780,-13.0
2026-04-16T04:45:29Z,0406012026-04-15,04060,2026-04-15,SCHEDULED,240,4.0
2026-04-16T04:45:29Z,0415422026-04-15,04154,2026-04-15,SCHEDULED,540,9.0
2026-04-16T04:45:29Z,0415412026-04-15,04154,2026-04-15,SCHEDULED,540,9.0
2026-04-16T04:45:29Z,0446412026-04-15,04464,2026-04-15,SCHEDULED,-120,-2.0
2026-04-16T04:45:29Z,0506422026-04-15,05064,2026-04-15,SCHEDULED,180,3.0
2026-04-16T04:45:29Z,0506412026-04-15,05064,2026-04-15,SCHEDULED,180,3.0
2026-04-16T04:45:29Z,0506522026-04-15,05065,2026-04-15,SCHEDULED,60,1.0
2026-04-16T04:45:29Z,0506512026-04-15,05065,2026-04-15,SCHEDULED,60,1.0
2026-04-16T04:45:29Z,0509212026-04-15,05092,2026-04-15,SCHEDULED,60,1.0
2026-04-16T04:45:29Z,0509222026-04-15,05092,2026-04-15,SCHEDULED,60,1.0
2026-04-16T04:45:29Z,0509232026-04-15,05092,2026-04-15,SCHEDULED,60,1.0
2026-04-16T04:45:29Z,1296312026-04-15,12963,2026-04-15,CANCELED,,
2026-04-16T04:45:29Z,7185112026-04-15,71851,2026-04-15,CANCELED,,
2026-04-16T04:45:29Z,7183112026-04-15,71831,2026-04-15,CANCELED,,
2026-04-16T04:45:29Z,1308422026-04-15,13084,2026-04-15,CANCELED,,
2026-04-16T04:45:29Z,1308412026-04-15,13084,2026-04-15,CANCELED,,
2026-04-16T04:45:29Z,1296212026-04-15,12962,2026-04-15,CANCELED,,
2026-04-16T04:50:28Z,1320212026-04-15,13202,2026-04-15,SCHEDULED,60,1.0
2026-04-16T04:50:28Z,0566812026-04-15,05668,2026-04-15,SCHEDULED,120,2.0
2026-04-16T04:50:28Z,0587112026-04-15,05871,2026-04-15,SCHEDULED,-600,-10.0
2026-04-16T04:50:28Z,1412362026-04-15,14123,2026-04-15,SCHEDULED,180,3.0
2026-04-16T04:50:28Z,1412342026-04-15,14123,2026-04-15,SCHEDULED,180,3.0
2026-04-16T04:50:28Z,1412352026-04-15,14123,2026-04-15,SCHEDULED,180,3.0
2026-04-16T04:50:28Z,1412312026-04-15,14123,2026-04-15,SCHEDULED,180,3.0
2026-04-16T04:50:28Z,1412332026-04-15,14123,2026-04-15,SCHEDULED,180,3.0
2026-04-16T04:50:28Z,1412322026-04-15,14123,2026-04-15,SCHEDULED,180,3.0
2026-04-16T04:50:28Z,0806212026-04-15,08062,2026-04-15,SCHEDULED,60,1.0
2026-04-16T04:50:28Z,1504012026-04-15,15040,2026-04-15,SCHEDULED,1080,18.0
2026-04-16T04:50:28Z,0806312026-04-15,08063,2026-04-15,SCHEDULED,180,3.0
2026-04-16T04:50:28Z,1505112026-04-15,15051,2026-04-15,SCHEDULED,60,1.0
2026-04-16T04:50:28Z,0806812026-04-15,08068,2026-04-15,SCHEDULED,60,1.0
2026-04-16T04:50:28Z,1521112026-04-15,15211,2026-04-15,SCHEDULED,120,2.0
2026-04-16T04:50:28Z,1530912026-04-15,15309,2026-04-15,SCHEDULED,300,5.0
2026-04-16T04:50:28Z,0807512026-04-16,08075,2026-04-16,SCHEDULED,240,4.0
2026-04-16T04:50:28Z,0826012026-04-15,08260,2026-04-15,SCHEDULED,60,1.0
2026-04-16T04:50:28Z,1562012026-04-15,15620,2026-04-15,SCHEDULED,1200,20.0
2026-04-16T04:50:28Z,0826112026-04-15,08261,2026-04-15,SCHEDULED,360,6.0
2026-04-16T04:50:28Z,1563112026-04-15,15631,2026-04-15,SCHEDULED,1140,19.0
2026-04-16T04:50:28Z,0847512026-04-15,08475,2026-04-15,SCHEDULED,60,1.0
2026-04-16T04:50:28Z,0865412026-04-15,08654,2026-04-15,SCHEDULED,180,3.0
2026-04-16T04:50:28Z,1572012026-04-15,15720,2026-04-15,SCHEDULED,660,11.0
2026-04-16T04:50:28Z,0807212026-04-15,08072,2026-04-15,SCHEDULED,60,1.0
2026-04-16T04:50:28Z,1577012026-04-15,15770,2026-04-15,SCHEDULED,360,6.0
2026-04-16T04:50:28Z,0906112026-04-15,09061,2026-04-15,SCHEDULED,-120,-2.0
2026-04-16T04:50:28Z,1577212026-04-15,15772,2026-04-15,SCHEDULED,-60,-1.0
2026-04-16T04:50:28Z,1590012026-04-15,15900,2026-04-15,SCHEDULED,600,10.0
2026-04-16T04:50:28Z,0907222026-04-15,09072,2026-04-15,SCHEDULED,60,1.0
2026-04-16T04:50:28Z,0907212026-04-15,09072,2026-04-15,SCHEDULED,60,1.0
2026-04-16T04:50:28Z,1261112026-04-15,12611,2026-04-15,SCHEDULED,780,13.0
2026-04-16T04:50:28Z,1702112026-04-15,17021,2026-04-15,SCHEDULED,180,3.0
2026-04-16T04:50:28Z,1300012026-04-15,13000,2026-04-15,SCHEDULED,120,2.0
2026-04-16T04:50:28Z,1710612026-04-15,17106,2026-04-15,SCHEDULED,60,1.0
2026-04-16T04:50:28Z,1300112026-04-15,13001,2026-04-15,SCHEDULED,300,5.0
2026-04-16T04:50:28Z,1710012026-04-15,17100,2026-04-15,SCHEDULED,60,1.0
2026-04-16T04:50:28Z,1300322026-04-15,13003,2026-04-15,SCHEDULED,-60,-1.0
2026-04-16T04:50:28Z,1300312026-04-15,13003,2026-04-15,SCHEDULED,-60,-1.0
2026-04-16T04:50:28Z,1750312026-04-15,17503,2026-04-15,SCHEDULED,-60,-1.0
2026-04-16T04:50:28Z,1303022026-04-15,13030,2026-04-15,SCHEDULED,120,2.0
2026-04-16T04:50:28Z,1303012026-04-15,13030,2026-04-15,SCHEDULED,120,2.0
2026-04-16T04:50:28Z,1305112026-04-15,13051,2026-04-15,SCHEDULED,60,1.0
2026-04-16T04:50:28Z,1800112026-04-15,18001,2026-04-15,SCHEDULED,120,2.0
2026-04-16T04:50:28Z,1395112026-04-15,13951,2026-04-15,SCHEDULED,120,2.0
2026-04-16T04:50:28Z,1803112026-04-15,18031,2026-04-15,SCHEDULED,240,4.0
2026-04-16T04:50:28Z,1804112026-04-15,18041,2026-04-15,SCHEDULED,60,1.0
2026-04-16T04:50:28Z,0029122026-04-16,00291,2026-04-16,SCHEDULED,60,1.0
2026-04-16T04:50:28Z,0029112026-04-16,00291,2026-04-16,SCHEDULED,60,1.0
2026-04-16T04:50:28Z,1401812026-04-15,14018,2026-04-15,SCHEDULED,300,5.0
2026-04-16T04:50:28Z,1447012026-04-15,14470,2026-04-15,SCHEDULED,120,2.0
2026-04-16T04:50:28Z,0075222026-04-16,00752,2026-04-16,SCHEDULED,-60,-1.0
2026-04-16T04:50:28Z,0075212026-04-16,00752,2026-04-16,SCHEDULED,-60,-1.0
2026-04-16T04:50:28Z,1877332026-04-15,18773,2026-04-15,SCHEDULED,240,4.0
2026-04-16T04:50:28Z,1877312026-04-15,18773,2026-04-15,SCHEDULED,240,4.0
2026-04-16T04:50:28Z,0107212026-04-16,01072,2026-04-16,SCHEDULED,180,3.0
2026-04-16T04:50:28Z,1703012026-04-15,17030,2026-04-15,SCHEDULED,-240,-4.0
2026-04-16T04:50:28Z,0206712026-04-15,02067,2026-04-15,SCHEDULED,-120,-2.0
2026-04-16T04:50:28Z,1241112026-04-15,12411,2026-04-15,SCHEDULED,420,7.0
2026-04-16T04:50:28Z,0207512026-04-16,02075,2026-04-16,SCHEDULED,120,2.0
2026-04-16T04:50:28Z,1251212026-04-15,12512,2026-04-15,SCHEDULED,180,3.0
2026-04-16T04:50:28Z,0226112026-04-15,02261,2026-04-15,SCHEDULED,180,3.0
2026-04-16T04:50:28Z,1564612026-04-15,15646,2026-04-15,SCHEDULED,120,2.0
2026-04-16T04:50:28Z,0305212026-04-15,03052,2026-04-15,SCHEDULED,180,3.0
2026-04-16T04:50:28Z,1565012026-04-15,15650,2026-04-15,SCHEDULED,-120,-2.0
2026-04-16T04:50:28Z,0306012026-04-15,03060,2026-04-15,SCHEDULED,-60,-1.0
2026-04-16T04:50:28Z,1575112026-04-15,15751,2026-04-15,SCHEDULED,180,3.0
2026-04-16T04:50:28Z,1506012026-04-15,15060,2026-04-15,SCHEDULED,240,4.0
2026-04-16T04:50:28Z,0330142026-04-15,03301,2026-04-15,SCHEDULED,60,1.0
2026-04-16T04:50:28Z,0330132026-04-15,03301,2026-04-15,SCHEDULED,60,1.0
2026-04-16T04:50:28Z,0330112026-04-15,03301,2026-04-15,SCHEDULED,60,1.0
2026-04-16T04:50:28Z,0330122026-04-15,03301,2026-04-15,SCHEDULED,60,1.0
2026-04-16T04:50:28Z,1580412026-04-15,15804,2026-04-15,SCHEDULED,720,12.0
2026-04-16T04:50:28Z,1804612026-04-15,18046,2026-04-15,SCHEDULED,240,4.0
2026-04-16T04:50:28Z,0306242026-04-15,03062,2026-04-15,SCHEDULED,60,1.0
2026-04-16T04:50:28Z,0306232026-04-15,03062,2026-04-15,SCHEDULED,60,1.0
2026-04-16T04:50:28Z,0306212026-04-15,03062,2026-04-15,SCHEDULED,60,1.0
2026-04-16T04:50:28Z,0306222026-04-15,03062,2026-04-15,SCHEDULED,60,1.0
2026-04-16T04:50:28Z,1804722026-04-15,18047,2026-04-15,SCHEDULED,780,13.0
2026-04-16T04:50:28Z,1804712026-04-15,18047,2026-04-15,SCHEDULED,780,13.0
2026-04-16T04:50:28Z,1805412026-04-15,18054,2026-04-15,SCHEDULED,300,5.0
2026-04-16T04:50:28Z,1806812026-04-15,18068,2026-04-15,SCHEDULED,-120,-2.0
2026-04-16T04:50:28Z,1807112026-04-15,18071,2026-04-15,SCHEDULED,300,5.0
2026-04-16T04:50:28Z,0306242026-04-15,03062,2026-04-15,SCHEDULED,600,10.0
2026-04-16T04:50:28Z,0306232026-04-15,03062,2026-04-15,SCHEDULED,600,10.0
2026-04-16T04:50:28Z,0306212026-04-15,03062,2026-04-15,SCHEDULED,600,10.0
2026-04-16T04:50:28Z,0306222026-04-15,03062,2026-04-15,SCHEDULED,600,10.0
2026-04-16T04:50:28Z,1807212026-04-15,18072,2026-04-15,SCHEDULED,120,2.0
2026-04-16T04:50:28Z,0366222026-04-15,03662,2026-04-15,SCHEDULED,180,3.0
2026-04-16T04:50:28Z,0366212026-04-15,03662,2026-04-15,SCHEDULED,180,3.0
2026-04-16T04:50:28Z,0405612026-04-16,04056,2026-04-16,SCHEDULED,-780,-13.0
2026-04-16T04:50:28Z,1800212026-04-15,18002,2026-04-15,SCHEDULED,60,1.0
2026-04-16T04:50:28Z,1800222026-04-15,18002,2026-04-15,SCHEDULED,60,1.0
2026-04-16T04:50:28Z,1800242026-04-15,18002,2026-04-15,SCHEDULED,60,1.0
2026-04-16T04:50:28Z,0406012026-04-15,04060,2026-04-15,SCHEDULED,240,4.0
2026-04-16T04:50:28Z,1806612026-04-15,18066,2026-04-15,SCHEDULED,300,5.0
2026-04-16T04:50:28Z,1812012026-04-15,18120,2026-04-15,SCHEDULED,60,1.0
2026-04-16T04:50:28Z,1831012026-04-15,18310,2026-04-15,SCHEDULED,180,3.0
2026-04-16T04:50:28Z,1891012026-04-15,18910,2026-04-15,SCHEDULED,180,3.0
2026-04-16T04:50:28Z,1443312026-04-15,14433,2026-04-15,SCHEDULED,240,4.0
2026-04-16T04:50:28Z,1500012026-04-15,15000,2026-04-15,SCHEDULED,180,3.0
2026-04-16T04:50:28Z,0415422026-04-15,04154,2026-04-15,SCHEDULED,480,8.0
2026-04-16T04:50:28Z,0415412026-04-15,04154,2026-04-15,SCHEDULED,480,8.0
2026-04-16T04:50:28Z,0446412026-04-15,04464,2026-04-15,SCHEDULED,-120,-2.0
2026-04-16T04:50:28Z,0506312026-04-15,05063,2026-04-15,SCHEDULED,120,2.0
2026-04-16T04:50:28Z,0506422026-04-15,05064,2026-04-15,SCHEDULED,180,3.0
2026-04-16T04:50:28Z,0506412026-04-15,05064,2026-04-15,SCHEDULED,180,3.0
2026-04-16T04:50:28Z,0509212026-04-15,05092,2026-04-15,SCHEDULED,60,1.0
2026-04-16T04:50:28Z,0509222026-04-15,05092,2026-04-15,SCHEDULED,60,1.0
2026-04-16T04:50:28Z,0509232026-04-15,05092,2026-04-15,SCHEDULED,60,1.0
2026-04-16T04:50:28Z,7185112026-04-15,71851,2026-04-15,CANCELED,,
2026-04-16T04:50:28Z,1296312026-04-15,12963,2026-04-15,CANCELED,,
2026-04-16T04:50:28Z,7183112026-04-15,71831,2026-04-15,CANCELED,,
2026-04-16T04:50:28Z,1308422026-04-15,13084,2026-04-15,CANCELED,,
2026-04-16T04:50:28Z,1308412026-04-15,13084,2026-04-15,CANCELED,,
2026-04-16T04:50:28Z,1296212026-04-15,12962,2026-04-15,CANCELED,,
2026-04-16T04:55:25Z,1320112026-04-15,13201,2026-04-15,SCHEDULED,60,1.0
2026-04-16T04:55:25Z,1320212026-04-15,13202,2026-04-15,SCHEDULED,60,1.0
2026-04-16T04:55:25Z,0566812026-04-15,05668,2026-04-15,SCHEDULED,60,1.0
2026-04-16T04:55:25Z,1412362026-04-15,14123,2026-04-15,SCHEDULED,180,3.0
2026-04-16T04:55:25Z,1412342026-04-15,14123,2026-04-15,SCHEDULED,180,3.0
2026-04-16T04:55:25Z,1412352026-04-15,14123,2026-04-15,SCHEDULED,180,3.0
2026-04-16T04:55:25Z,1412312026-04-15,14123,2026-04-15,SCHEDULED,180,3.0
2026-04-16T04:55:25Z,1412332026-04-15,14123,2026-04-15,SCHEDULED,180,3.0
2026-04-16T04:55:25Z,1412322026-04-15,14123,2026-04-15,SCHEDULED,180,3.0
2026-04-16T04:55:25Z,1504012026-04-15,15040,2026-04-15,SCHEDULED,1080,18.0
2026-04-16T04:55:25Z,0576312026-04-15,05763,2026-04-15,SCHEDULED,-60,-1.0
2026-04-16T04:55:25Z,0576322026-04-15,05763,2026-04-15,SCHEDULED,-60,-1.0
2026-04-16T04:55:25Z,0576332026-04-15,05763,2026-04-15,SCHEDULED,-60,-1.0
2026-04-16T04:55:25Z,1505112026-04-15,15051,2026-04-15,SCHEDULED,120,2.0
2026-04-16T04:55:25Z,1530912026-04-15,15309,2026-04-15,SCHEDULED,300,5.0
2026-04-16T04:55:25Z,0587112026-04-15,05871,2026-04-15,SCHEDULED,-600,-10.0
2026-04-16T04:55:25Z,1562012026-04-15,15620,2026-04-15,SCHEDULED,1200,20.0
2026-04-16T04:55:25Z,0806212026-04-15,08062,2026-04-15,SCHEDULED,60,1.0
2026-04-16T04:55:25Z,0806312026-04-15,08063,2026-04-15,SCHEDULED,180,3.0
2026-04-16T04:55:25Z,1563112026-04-15,15631,2026-04-15,SCHEDULED,1200,20.0
2026-04-16T04:55:25Z,1572012026-04-15,15720,2026-04-15,SCHEDULED,660,11.0
2026-04-16T04:55:25Z,1572212026-04-15,15722,2026-04-15,SCHEDULED,180,3.0
2026-04-16T04:55:25Z,0807512026-04-16,08075,2026-04-16,SCHEDULED,240,4.0
2026-04-16T04:55:25Z,1577012026-04-15,15770,2026-04-15,SCHEDULED,240,4.0
2026-04-16T04:55:25Z,0826012026-04-15,08260,2026-04-15,SCHEDULED,60,1.0
2026-04-16T04:55:25Z,0826112026-04-15,08261,2026-04-15,SCHEDULED,660,11.0
2026-04-16T04:55:25Z,1585012026-04-15,15850,2026-04-15,SCHEDULED,-60,-1.0
2026-04-16T04:55:25Z,0827312026-04-15,08273,2026-04-15,SCHEDULED,120,2.0
2026-04-16T04:55:25Z,1590012026-04-15,15900,2026-04-15,SCHEDULED,600,10.0
2026-04-16T04:55:25Z,0847512026-04-15,08475,2026-04-15,SCHEDULED,60,1.0
2026-04-16T04:55:25Z,0865412026-04-15,08654,2026-04-15,SCHEDULED,180,3.0
2026-04-16T04:55:25Z,1702112026-04-15,17021,2026-04-15,SCHEDULED,180,3.0
2026-04-16T04:55:25Z,1710012026-04-15,17100,2026-04-15,SCHEDULED,60,1.0
2026-04-16T04:55:25Z,0807212026-04-15,08072,2026-04-15,SCHEDULED,60,1.0
2026-04-16T04:55:25Z,1720112026-04-15,17201,2026-04-15,SCHEDULED,60,1.0
2026-04-16T04:55:25Z,0906112026-04-15,09061,2026-04-15,SCHEDULED,-120,-2.0
2026-04-16T04:55:25Z,1750312026-04-15,17503,2026-04-15,SCHEDULED,60,1.0
2026-04-16T04:55:25Z,1770312026-04-15,17703,2026-04-15,SCHEDULED,120,2.0
2026-04-16T04:55:25Z,1261112026-04-15,12611,2026-04-15,SCHEDULED,780,13.0
2026-04-16T04:55:25Z,1800112026-04-15,18001,2026-04-15,SCHEDULED,120,2.0
2026-04-16T04:55:25Z,1300012026-04-15,13000,2026-04-15,SCHEDULED,120,2.0
2026-04-16T04:55:25Z,1803112026-04-15,18031,2026-04-15,SCHEDULED,240,4.0
2026-04-16T04:55:25Z,1300112026-04-15,13001,2026-04-15,SCHEDULED,300,5.0
2026-04-16T04:55:25Z,1804112026-04-15,18041,2026-04-15,SCHEDULED,60,1.0
2026-04-16T04:55:25Z,1804612026-04-15,18046,2026-04-15,SCHEDULED,180,3.0
2026-04-16T04:55:25Z,1300322026-04-15,13003,2026-04-15,SCHEDULED,-60,-1.0
2026-04-16T04:55:25Z,1300312026-04-15,13003,2026-04-15,SCHEDULED,-60,-1.0
2026-04-16T04:55:25Z,1303022026-04-15,13030,2026-04-15,SCHEDULED,60,1.0
2026-04-16T04:55:25Z,1303012026-04-15,13030,2026-04-15,SCHEDULED,60,1.0
2026-04-16T04:55:25Z,1804722026-04-15,18047,2026-04-15,SCHEDULED,780,13.0
2026-04-16T04:55:25Z,1804712026-04-15,18047,2026-04-15,SCHEDULED,780,13.0
2026-04-16T04:55:25Z,1304112026-04-15,13041,2026-04-15,SCHEDULED,60,1.0
2026-04-16T04:55:25Z,1805412026-04-15,18054,2026-04-15,SCHEDULED,300,5.0
2026-04-16T04:55:25Z,1305112026-04-15,13051,2026-04-15,SCHEDULED,660,11.0
2026-04-16T04:55:25Z,1395112026-04-15,13951,2026-04-15,SCHEDULED,120,2.0
2026-04-16T04:55:25Z,1806812026-04-15,18068,2026-04-15,SCHEDULED,-60,-1.0
2026-04-16T04:55:25Z,1807112026-04-15,18071,2026-04-15,SCHEDULED,300,5.0
2026-04-16T04:55:25Z,0029122026-04-16,00291,2026-04-16,SCHEDULED,-60,-1.0
2026-04-16T04:55:25Z,0029112026-04-16,00291,2026-04-16,SCHEDULED,-60,-1.0
2026-04-16T04:55:25Z,1807212026-04-15,18072,2026-04-15,SCHEDULED,180,3.0
2026-04-16T04:55:25Z,0075222026-04-16,00752,2026-04-16,SCHEDULED,-60,-1.0
2026-04-16T04:55:25Z,0075212026-04-16,00752,2026-04-16,SCHEDULED,-60,-1.0
2026-04-16T04:55:25Z,1800212026-04-15,18002,2026-04-15,SCHEDULED,60,1.0
2026-04-16T04:55:25Z,1800222026-04-15,18002,2026-04-15,SCHEDULED,60,1.0
2026-04-16T04:55:25Z,1800242026-04-15,18002,2026-04-15,SCHEDULED,60,1.0
2026-04-16T04:55:25Z,1806612026-04-15,18066,2026-04-15,SCHEDULED,300,5.0
2026-04-16T04:55:25Z,1812012026-04-15,18120,2026-04-15,SCHEDULED,120,2.0
2026-04-16T04:55:25Z,0107212026-04-16,01072,2026-04-16,SCHEDULED,120,2.0
2026-04-16T04:55:25Z,1831012026-04-15,18310,2026-04-15,SCHEDULED,180,3.0
2026-04-16T04:55:25Z,0206112026-04-15,02061,2026-04-15,SCHEDULED,120,2.0
2026-04-16T04:55:25Z,1891012026-04-15,18910,2026-04-15,SCHEDULED,180,3.0
2026-04-16T04:55:25Z,0206712026-04-15,02067,2026-04-15,SCHEDULED,-120,-2.0
2026-04-16T04:55:25Z,1443312026-04-15,14433,2026-04-15,SCHEDULED,300,5.0
2026-04-16T04:55:25Z,0207512026-04-16,02075,2026-04-16,SCHEDULED,120,2.0
2026-04-16T04:55:25Z,0226112026-04-15,02261,2026-04-15,SCHEDULED,180,3.0
2026-04-16T04:55:25Z,0305212026-04-15,03052,2026-04-15,SCHEDULED,180,3.0
2026-04-16T04:55:25Z,1600012026-04-15,16000,2026-04-15,SCHEDULED,60,1.0
2026-04-16T04:55:25Z,0306012026-04-15,03060,2026-04-15,SCHEDULED,-60,-1.0
2026-04-16T04:55:25Z,1401812026-04-15,14018,2026-04-15,SCHEDULED,300,5.0
2026-04-16T04:55:25Z,1447012026-04-15,14470,2026-04-15,SCHEDULED,120,2.0
2026-04-16T04:55:25Z,0330142026-04-15,03301,2026-04-15,SCHEDULED,120,2.0
2026-04-16T04:55:25Z,0330132026-04-15,03301,2026-04-15,SCHEDULED,120,2.0
2026-04-16T04:55:25Z,0330112026-04-15,03301,2026-04-15,SCHEDULED,120,2.0
2026-04-16T04:55:25Z,0330122026-04-15,03301,2026-04-15,SCHEDULED,120,2.0
2026-04-16T04:55:25Z,0306242026-04-15,03062,2026-04-15,SCHEDULED,60,1.0
2026-04-16T04:55:25Z,0306232026-04-15,03062,2026-04-15,SCHEDULED,60,1.0
2026-04-16T04:55:25Z,0306212026-04-15,03062,2026-04-15,SCHEDULED,60,1.0
2026-04-16T04:55:25Z,0306222026-04-15,03062,2026-04-15,SCHEDULED,60,1.0
2026-04-16T04:55:25Z,1877332026-04-15,18773,2026-04-15,SCHEDULED,300,5.0
2026-04-16T04:55:25Z,1877312026-04-15,18773,2026-04-15,SCHEDULED,300,5.0
2026-04-16T04:55:25Z,3586912026-04-15,35869,2026-04-15,SCHEDULED,60,1.0
2026-04-16T04:55:25Z,0306312026-04-15,03063,2026-04-15,SCHEDULED,60,1.0
2026-04-16T04:55:25Z,0306322026-04-15,03063,2026-04-15,SCHEDULED,60,1.0
2026-04-16T04:55:25Z,0306332026-04-15,03063,2026-04-15,SCHEDULED,60,1.0
2026-04-16T04:55:25Z,1703012026-04-15,17030,2026-04-15,SCHEDULED,-60,-1.0
2026-04-16T04:55:25Z,1241112026-04-15,12411,2026-04-15,SCHEDULED,420,7.0
2026-04-16T04:55:25Z,1251212026-04-15,12512,2026-04-15,SCHEDULED,240,4.0
2026-04-16T04:55:25Z,0306242026-04-15,03062,2026-04-15,SCHEDULED,540,9.0
2026-04-16T04:55:25Z,0306232026-04-15,03062,2026-04-15,SCHEDULED,540,9.0
2026-04-16T04:55:25Z,0306212026-04-15,03062,2026-04-15,SCHEDULED,540,9.0
2026-04-16T04:55:25Z,0306222026-04-15,03062,2026-04-15,SCHEDULED,540,9.0
2026-04-16T04:55:25Z,1564612026-04-15,15646,2026-04-15,SCHEDULED,120,2.0
2026-04-16T04:55:25Z,0366222026-04-15,03662,2026-04-15,SCHEDULED,180,3.0
2026-04-16T04:55:25Z,0366212026-04-15,03662,2026-04-15,SCHEDULED,180,3.0
2026-04-16T04:55:25Z,1565012026-04-15,15650,2026-04-15,SCHEDULED,-60,-1.0
2026-04-16T04:55:25Z,1575112026-04-15,15751,2026-04-15,SCHEDULED,180,3.0
2026-04-16T04:55:25Z,1506012026-04-15,15060,2026-04-15,SCHEDULED,120,2.0
2026-04-16T04:55:25Z,0408812026-04-16,04088,2026-04-16,SCHEDULED,60,1.0
2026-04-16T04:55:25Z,0408822026-04-16,04088,2026-04-16,SCHEDULED,60,1.0
2026-04-16T04:55:25Z,0408832026-04-16,04088,2026-04-16,SCHEDULED,60,1.0
2026-04-16T04:55:25Z,1580412026-04-15,15804,2026-04-15,SCHEDULED,780,13.0
2026-04-16T04:55:25Z,0407222026-04-16,04072,2026-04-16,SCHEDULED,60,1.0
2026-04-16T04:55:25Z,0407212026-04-16,04072,2026-04-16,SCHEDULED,60,1.0
2026-04-16T04:55:25Z,0415422026-04-15,04154,2026-04-15,SCHEDULED,540,9.0
2026-04-16T04:55:25Z,0415412026-04-15,04154,2026-04-15,SCHEDULED,540,9.0
2026-04-16T04:55:25Z,0446412026-04-15,04464,2026-04-15,SCHEDULED,-120,-2.0
2026-04-16T04:55:25Z,0486822026-04-16,04868,2026-04-16,SCHEDULED,-60,-1.0
2026-04-16T04:55:25Z,0486812026-04-16,04868,2026-04-16,SCHEDULED,-60,-1.0
2026-04-16T04:55:25Z,3135812026-04-15,31358,2026-04-15,SCHEDULED,240,4.0
2026-04-16T04:55:25Z,0506312026-04-15,05063,2026-04-15,SCHEDULED,60,1.0
2026-04-16T04:55:25Z,0506422026-04-15,05064,2026-04-15,SCHEDULED,180,3.0
2026-04-16T04:55:25Z,0506412026-04-15,05064,2026-04-15,SCHEDULED,180,3.0
2026-04-16T04:55:25Z,0509212026-04-15,05092,2026-04-15,SCHEDULED,60,1.0
2026-04-16T04:55:25Z,0509222026-04-15,05092,2026-04-15,SCHEDULED,60,1.0
2026-04-16T04:55:25Z,0509232026-04-15,05092,2026-04-15,SCHEDULED,60,1.0
2026-04-16T04:55:25Z,1296312026-04-15,12963,2026-04-15,CANCELED,,
2026-04-16T04:55:25Z,7185112026-04-15,71851,2026-04-15,CANCELED,,
2026-04-16T04:55:25Z,7183112026-04-15,71831,2026-04-15,CANCELED,,
2026-04-16T04:55:25Z,1308422026-04-15,13084,2026-04-15,CANCELED,,
2026-04-16T04:55:25Z,1308412026-04-15,13084,2026-04-15,CANCELED,,
2026-04-16T04:55:25Z,1296212026-04-15,12962,2026-04-15,CANCELED,,
2026-04-16T05:00:44Z,0566812026-04-15,05668,2026-04-15,SCHEDULED,360,6.0
2026-04-16T05:00:44Z,1412362026-04-15,14123,2026-04-15,SCHEDULED,300,5.0
2026-04-16T05:00:44Z,1412342026-04-15,14123,2026-04-15,SCHEDULED,300,5.0
2026-04-16T05:00:44Z,1412352026-04-15,14123,2026-04-15,SCHEDULED,300,5.0
2026-04-16T05:00:44Z,1412312026-04-15,14123,2026-04-15,SCHEDULED,300,5.0
2026-04-16T05:00:44Z,1412332026-04-15,14123,2026-04-15,SCHEDULED,300,5.0
2026-04-16T05:00:44Z,1412322026-04-15,14123,2026-04-15,SCHEDULED,300,5.0
2026-04-16T05:00:44Z,1504012026-04-15,15040,2026-04-15,SCHEDULED,1080,18.0
2026-04-16T05:00:44Z,1505112026-04-15,15051,2026-04-15,SCHEDULED,120,2.0
2026-04-16T05:00:44Z,1530912026-04-15,15309,2026-04-15,SCHEDULED,180,3.0
2026-04-16T05:00:44Z,1563012026-04-15,15630,2026-04-15,SCHEDULED,-120,-2.0
2026-04-16T05:00:44Z,1562012026-04-15,15620,2026-04-15,SCHEDULED,1200,20.0
2026-04-16T05:00:44Z,1563112026-04-15,15631,2026-04-15,SCHEDULED,1200,20.0
2026-04-16T05:00:44Z,0806212026-04-15,08062,2026-04-15,SCHEDULED,240,4.0
2026-04-16T05:00:44Z,1572012026-04-15,15720,2026-04-15,SCHEDULED,900,15.0
2026-04-16T05:00:44Z,1572212026-04-15,15722,2026-04-15,SCHEDULED,180,3.0
2026-04-16T05:00:44Z,0807512026-04-16,08075,2026-04-16,SCHEDULED,-120,-2.0
2026-04-16T05:00:44Z,1577012026-04-15,15770,2026-04-15,SCHEDULED,300,5.0
2026-04-16T05:00:44Z,0826012026-04-15,08260,2026-04-15,SCHEDULED,60,1.0
2026-04-16T05:00:44Z,0826112026-04-15,08261,2026-04-15,SCHEDULED,720,12.0
2026-04-16T05:00:44Z,0827312026-04-15,08273,2026-04-15,SCHEDULED,120,2.0
2026-04-16T05:00:44Z,1590012026-04-15,15900,2026-04-15,SCHEDULED,540,9.0
2026-04-16T05:00:44Z,0847512026-04-15,08475,2026-04-15,SCHEDULED,120,2.0
2026-04-16T05:00:44Z,0865412026-04-15,08654,2026-04-15,SCHEDULED,180,3.0
2026-04-16T05:00:44Z,1702112026-04-15,17021,2026-04-15,SCHEDULED,180,3.0
2026-04-16T05:00:44Z,0807212026-04-15,08072,2026-04-15,SCHEDULED,-60,-1.0
2026-04-16T05:00:44Z,1710012026-04-15,17100,2026-04-15,SCHEDULED,180,3.0
2026-04-16T05:00:44Z,0906112026-04-15,09061,2026-04-15,SCHEDULED,-120,-2.0
2026-04-16T05:00:44Z,1720112026-04-15,17201,2026-04-15,SCHEDULED,60,1.0
2026-04-16T05:00:44Z,1750312026-04-15,17503,2026-04-15,SCHEDULED,-60,-1.0
2026-04-16T05:00:44Z,1770312026-04-15,17703,2026-04-15,SCHEDULED,120,2.0
2026-04-16T05:00:44Z,1261112026-04-15,12611,2026-04-15,SCHEDULED,840,14.0
2026-04-16T05:00:44Z,1300012026-04-15,13000,2026-04-15,SCHEDULED,120,2.0
2026-04-16T05:00:44Z,1300112026-04-15,13001,2026-04-15,SCHEDULED,300,5.0
2026-04-16T05:00:44Z,1800112026-04-15,18001,2026-04-15,SCHEDULED,60,1.0
2026-04-16T05:00:44Z,1803112026-04-15,18031,2026-04-15,SCHEDULED,360,6.0
2026-04-16T05:00:44Z,1804112026-04-15,18041,2026-04-15,SCHEDULED,60,1.0
2026-04-16T05:00:44Z,1303022026-04-15,13030,2026-04-15,SCHEDULED,60,1.0
2026-04-16T05:00:44Z,1303012026-04-15,13030,2026-04-15,SCHEDULED,60,1.0
2026-04-16T05:00:44Z,1804612026-04-15,18046,2026-04-15,SCHEDULED,60,1.0
2026-04-16T05:00:44Z,1304112026-04-15,13041,2026-04-15,SCHEDULED,60,1.0
2026-04-16T05:00:44Z,1305112026-04-15,13051,2026-04-15,SCHEDULED,660,11.0
2026-04-16T05:00:44Z,1804722026-04-15,18047,2026-04-15,SCHEDULED,780,13.0
2026-04-16T05:00:44Z,1804712026-04-15,18047,2026-04-15,SCHEDULED,780,13.0
2026-04-16T05:00:44Z,1395112026-04-15,13951,2026-04-15,SCHEDULED,120,2.0
2026-04-16T05:00:44Z,1805412026-04-15,18054,2026-04-15,SCHEDULED,660,11.0
2026-04-16T05:00:44Z,1320112026-04-15,13201,2026-04-15,SCHEDULED,120,2.0
2026-04-16T05:00:44Z,1320212026-04-15,13202,2026-04-15,SCHEDULED,60,1.0
2026-04-16T05:00:44Z,3560452026-04-15,35604,2026-04-15,SCHEDULED,-60,-1.0
2026-04-16T05:00:44Z,3560442026-04-15,35604,2026-04-15,SCHEDULED,-60,-1.0
2026-04-16T05:00:44Z,3560412026-04-15,35604,2026-04-15,SCHEDULED,-60,-1.0
2026-04-16T05:00:44Z,3560422026-04-15,35604,2026-04-15,SCHEDULED,-60,-1.0
2026-04-16T05:00:44Z,0029122026-04-16,00291,2026-04-16,SCHEDULED,-60,-1.0
2026-04-16T05:00:44Z,0029112026-04-16,00291,2026-04-16,SCHEDULED,-60,-1.0
2026-04-16T05:00:44Z,1877332026-04-15,18773,2026-04-15,SCHEDULED,300,5.0
2026-04-16T05:00:44Z,1877312026-04-15,18773,2026-04-15,SCHEDULED,300,5.0
2026-04-16T05:00:44Z,3586912026-04-15,35869,2026-04-15,SCHEDULED,-60,-1.0
2026-04-16T05:00:44Z,0075222026-04-16,00752,2026-04-16,SCHEDULED,-60,-1.0
2026-04-16T05:00:44Z,0075212026-04-16,00752,2026-04-16,SCHEDULED,-60,-1.0
2026-04-16T05:00:44Z,1703012026-04-15,17030,2026-04-15,SCHEDULED,60,1.0
2026-04-16T05:00:44Z,0075222026-04-16,00752,2026-04-16,SCHEDULED,-60,-1.0
2026-04-16T05:00:44Z,0075212026-04-16,00752,2026-04-16,SCHEDULED,-60,-1.0
2026-04-16T05:00:44Z,1833122026-04-15,18331,2026-04-15,SCHEDULED,60,1.0
2026-04-16T05:00:44Z,1833112026-04-15,18331,2026-04-15,SCHEDULED,60,1.0
2026-04-16T05:00:44Z,0107212026-04-16,01072,2026-04-16,SCHEDULED,120,2.0
2026-04-16T05:00:44Z,1241112026-04-15,12411,2026-04-15,SCHEDULED,420,7.0
2026-04-16T05:00:44Z,0206112026-04-15,02061,2026-04-15,SCHEDULED,60,1.0
2026-04-16T05:00:44Z,1251212026-04-15,12512,2026-04-15,SCHEDULED,240,4.0
2026-04-16T05:00:44Z,0206712026-04-15,02067,2026-04-15,SCHEDULED,-180,-3.0
2026-04-16T05:00:44Z,1564612026-04-15,15646,2026-04-15,SCHEDULED,-120,-2.0
2026-04-16T05:00:44Z,0207512026-04-16,02075,2026-04-16,SCHEDULED,120,2.0
2026-04-16T05:00:44Z,1565012026-04-15,15650,2026-04-15,SCHEDULED,60,1.0
2026-04-16T05:00:44Z,0226112026-04-15,02261,2026-04-15,SCHEDULED,240,4.0
2026-04-16T05:00:44Z,1575112026-04-15,15751,2026-04-15,SCHEDULED,180,3.0
2026-04-16T05:00:44Z,0305212026-04-15,03052,2026-04-15,SCHEDULED,180,3.0
2026-04-16T05:00:44Z,0306012026-04-15,03060,2026-04-15,SCHEDULED,60,1.0
2026-04-16T05:00:44Z,1506012026-04-15,15060,2026-04-15,SCHEDULED,300,5.0
2026-04-16T05:00:44Z,0330142026-04-15,03301,2026-04-15,SCHEDULED,120,2.0
2026-04-16T05:00:44Z,0330132026-04-15,03301,2026-04-15,SCHEDULED,120,2.0
2026-04-16T05:00:44Z,0330112026-04-15,03301,2026-04-15,SCHEDULED,120,2.0
2026-04-16T05:00:44Z,0330122026-04-15,03301,2026-04-15,SCHEDULED,120,2.0
2026-04-16T05:00:44Z,1580412026-04-15,15804,2026-04-15,SCHEDULED,900,15.0
2026-04-16T05:00:44Z,0306242026-04-15,03062,2026-04-15,SCHEDULED,60,1.0
2026-04-16T05:00:44Z,0306232026-04-15,03062,2026-04-15,SCHEDULED,60,1.0
2026-04-16T05:00:44Z,0306212026-04-15,03062,2026-04-15,SCHEDULED,60,1.0
2026-04-16T05:00:44Z,0306222026-04-15,03062,2026-04-15,SCHEDULED,60,1.0
2026-04-16T05:00:44Z,1807112026-04-15,18071,2026-04-15,SCHEDULED,300,5.0
2026-04-16T05:00:44Z,0306312026-04-15,03063,2026-04-15,SCHEDULED,60,1.0
2026-04-16T05:00:44Z,0306322026-04-15,03063,2026-04-15,SCHEDULED,60,1.0
2026-04-16T05:00:44Z,0306332026-04-15,03063,2026-04-15,SCHEDULED,60,1.0
2026-04-16T05:00:44Z,1807212026-04-15,18072,2026-04-15,SCHEDULED,120,2.0
2026-04-16T05:00:44Z,0307112026-04-15,03071,2026-04-15,SCHEDULED,-60,-1.0
2026-04-16T05:00:44Z,1800212026-04-15,18002,2026-04-15,SCHEDULED,60,1.0
2026-04-16T05:00:44Z,1800222026-04-15,18002,2026-04-15,SCHEDULED,60,1.0
2026-04-16T05:00:44Z,1800242026-04-15,18002,2026-04-15,SCHEDULED,60,1.0
2026-04-16T05:00:44Z,1806612026-04-15,18066,2026-04-15,SCHEDULED,300,5.0
2026-04-16T05:00:44Z,0306242026-04-15,03062,2026-04-15,SCHEDULED,480,8.0
2026-04-16T05:00:44Z,0306232026-04-15,03062,2026-04-15,SCHEDULED,480,8.0
2026-04-16T05:00:44Z,0306212026-04-15,03062,2026-04-15,SCHEDULED,480,8.0
2026-04-16T05:00:44Z,0306222026-04-15,03062,2026-04-15,SCHEDULED,480,8.0
2026-04-16T05:00:44Z,1812112026-04-15,18121,2026-04-15,SCHEDULED,180,3.0
2026-04-16T05:00:44Z,0366222026-04-15,03662,2026-04-15,SCHEDULED,180,3.0
2026-04-16T05:00:44Z,0366212026-04-15,03662,2026-04-15,SCHEDULED,180,3.0
2026-04-16T05:00:44Z,1831012026-04-15,18310,2026-04-15,SCHEDULED,120,2.0
2026-04-16T05:00:44Z,0405612026-04-16,04056,2026-04-16,SCHEDULED,-60,-1.0
2026-04-16T05:00:44Z,1891012026-04-15,18910,2026-04-15,SCHEDULED,180,3.0
2026-04-16T05:00:44Z,0406012026-04-15,04060,2026-04-15,SCHEDULED,-120,-2.0
2026-04-16T05:00:44Z,1443312026-04-15,14433,2026-04-15,SCHEDULED,300,5.0
2026-04-16T05:00:44Z,0415422026-04-15,04154,2026-04-15,SCHEDULED,660,11.0
2026-04-16T05:00:44Z,0415412026-04-15,04154,2026-04-15,SCHEDULED,660,11.0
2026-04-16T05:00:44Z,1500012026-04-15,15000,2026-04-15,SCHEDULED,-120,-2.0
2026-04-16T05:00:44Z,1505012026-04-15,15050,2026-04-15,SCHEDULED,960,16.0
2026-04-16T05:00:44Z,0446412026-04-15,04464,2026-04-15,SCHEDULED,-120,-2.0
2026-04-16T05:00:44Z,1600012026-04-15,16000,2026-04-15,SCHEDULED,60,1.0
2026-04-16T05:00:44Z,1401812026-04-15,14018,2026-04-15,SCHEDULED,300,5.0
2026-04-16T05:00:44Z,3135812026-04-15,31358,2026-04-15,SCHEDULED,240,4.0
2026-04-16T05:00:44Z,1447012026-04-15,14470,2026-04-15,SCHEDULED,60,1.0
2026-04-16T05:00:44Z,0506312026-04-15,05063,2026-04-15,SCHEDULED,60,1.0
2026-04-16T05:00:44Z,0506422026-04-15,05064,2026-04-15,SCHEDULED,240,4.0
2026-04-16T05:00:44Z,0506412026-04-15,05064,2026-04-15,SCHEDULED,240,4.0
2026-04-16T05:00:44Z,0509212026-04-15,05092,2026-04-15,SCHEDULED,60,1.0
2026-04-16T05:00:44Z,0509222026-04-15,05092,2026-04-15,SCHEDULED,60,1.0
2026-04-16T05:00:44Z,0509232026-04-15,05092,2026-04-15,SCHEDULED,60,1.0
2026-04-16T05:00:44Z,1296312026-04-15,12963,2026-04-15,CANCELED,,
2026-04-16T05:00:44Z,7185112026-04-15,71851,2026-04-15,CANCELED,,
2026-04-16T05:00:44Z,7183112026-04-15,71831,2026-04-15,CANCELED,,
2026-04-16T05:00:44Z,1308422026-04-15,13084,2026-04-15,CANCELED,,
2026-04-16T05:00:44Z,1308412026-04-15,13084,2026-04-15,CANCELED,,
2026-04-16T05:00:44Z,1296212026-04-15,12962,2026-04-15,CANCELED,,
2026-04-16T05:05:26Z,1390112026-04-15,13901,2026-04-15,SCHEDULED,-60,-1.0
2026-04-16T05:05:26Z,0507212026-04-15,05072,2026-04-15,SCHEDULED,120,2.0
2026-04-16T05:05:26Z,0509212026-04-15,05092,2026-04-15,SCHEDULED,60,1.0
2026-04-16T05:05:26Z,0509222026-04-15,05092,2026-04-15,SCHEDULED,60,1.0
2026-04-16T05:05:26Z,0509232026-04-15,05092,2026-04-15,SCHEDULED,60,1.0
2026-04-16T05:05:26Z,1412362026-04-15,14123,2026-04-15,SCHEDULED,300,5.0
2026-04-16T05:05:26Z,1412342026-04-15,14123,2026-04-15,SCHEDULED,300,5.0
2026-04-16T05:05:26Z,1412352026-04-15,14123,2026-04-15,SCHEDULED,300,5.0
2026-04-16T05:05:26Z,1412312026-04-15,14123,2026-04-15,SCHEDULED,300,5.0
2026-04-16T05:05:26Z,1412332026-04-15,14123,2026-04-15,SCHEDULED,300,5.0
2026-04-16T05:05:26Z,1412322026-04-15,14123,2026-04-15,SCHEDULED,300,5.0
2026-04-16T05:05:26Z,0508042026-04-15,05080,2026-04-15,SCHEDULED,-60,-1.0
2026-04-16T05:05:26Z,0508032026-04-15,05080,2026-04-15,SCHEDULED,-60,-1.0
2026-04-16T05:05:26Z,0508012026-04-15,05080,2026-04-15,SCHEDULED,-60,-1.0
2026-04-16T05:05:26Z,0508022026-04-15,05080,2026-04-15,SCHEDULED,-60,-1.0
2026-04-16T05:05:26Z,1503212026-04-15,15032,2026-04-15,SCHEDULED,-60,-1.0
2026-04-16T05:05:26Z,0566812026-04-15,05668,2026-04-15,SCHEDULED,420,7.0
2026-04-16T05:05:26Z,1504012026-04-15,15040,2026-04-15,SCHEDULED,1080,18.0
2026-04-16T05:05:26Z,1505112026-04-15,15051,2026-04-15,SCHEDULED,60,1.0
2026-04-16T05:05:26Z,0587112026-04-15,05871,2026-04-15,SCHEDULED,-120,-2.0
2026-04-16T05:05:26Z,1521012026-04-15,15210,2026-04-15,SCHEDULED,180,3.0
2026-04-16T05:05:26Z,0805812026-04-15,08058,2026-04-15,SCHEDULED,300,5.0
2026-04-16T05:05:26Z,1530912026-04-15,15309,2026-04-15,SCHEDULED,180,3.0
2026-04-16T05:05:26Z,0806212026-04-15,08062,2026-04-15,SCHEDULED,120,2.0
2026-04-16T05:05:26Z,1563012026-04-15,15630,2026-04-15,SCHEDULED,-120,-2.0
2026-04-16T05:05:26Z,1562012026-04-15,15620,2026-04-15,SCHEDULED,1200,20.0
2026-04-16T05:05:26Z,0806912026-04-15,08069,2026-04-15,SCHEDULED,-60,-1.0
2026-04-16T05:05:26Z,1563112026-04-15,15631,2026-04-15,SCHEDULED,1200,20.0
2026-04-16T05:05:26Z,0807112026-04-15,08071,2026-04-15,SCHEDULED,180,3.0
2026-04-16T05:05:26Z,1572012026-04-15,15720,2026-04-15,SCHEDULED,1020,17.0
2026-04-16T05:05:26Z,1572212026-04-15,15722,2026-04-15,SCHEDULED,240,4.0
2026-04-16T05:05:26Z,0826012026-04-15,08260,2026-04-15,SCHEDULED,60,1.0
2026-04-16T05:05:26Z,1577012026-04-15,15770,2026-04-15,SCHEDULED,240,4.0
2026-04-16T05:05:26Z,0826112026-04-15,08261,2026-04-15,SCHEDULED,720,12.0
2026-04-16T05:05:26Z,0827312026-04-15,08273,2026-04-15,SCHEDULED,300,5.0
2026-04-16T05:05:26Z,0847512026-04-15,08475,2026-04-15,SCHEDULED,60,1.0
2026-04-16T05:05:26Z,1590012026-04-15,15900,2026-04-15,SCHEDULED,600,10.0
2026-04-16T05:05:26Z,0865412026-04-15,08654,2026-04-15,SCHEDULED,-120,-2.0
2026-04-16T05:05:26Z,1702112026-04-15,17021,2026-04-15,SCHEDULED,180,3.0
2026-04-16T05:05:26Z,0807212026-04-15,08072,2026-04-15,SCHEDULED,-240,-4.0
2026-04-16T05:05:26Z,1710012026-04-15,17100,2026-04-15,SCHEDULED,180,3.0
2026-04-16T05:05:26Z,1720112026-04-15,17201,2026-04-15,SCHEDULED,60,1.0
2026-04-16T05:05:26Z,0907222026-04-15,09072,2026-04-15,SCHEDULED,60,1.0
2026-04-16T05:05:26Z,0907212026-04-15,09072,2026-04-15,SCHEDULED,60,1.0
2026-04-16T05:05:26Z,1722712026-04-15,17227,2026-04-15,SCHEDULED,120,2.0
2026-04-16T05:05:26Z,0907512026-04-15,09075,2026-04-15,SCHEDULED,60,1.0
2026-04-16T05:05:26Z,1770312026-04-15,17703,2026-04-15,SCHEDULED,120,2.0
2026-04-16T05:05:26Z,1261112026-04-15,12611,2026-04-15,SCHEDULED,840,14.0
2026-04-16T05:05:26Z,1300012026-04-15,13000,2026-04-15,SCHEDULED,240,4.0
2026-04-16T05:05:26Z,1300112026-04-15,13001,2026-04-15,SCHEDULED,120,2.0
2026-04-16T05:05:26Z,1800112026-04-15,18001,2026-04-15,SCHEDULED,60,1.0
2026-04-16T05:05:26Z,1803112026-04-15,18031,2026-04-15,SCHEDULED,240,4.0
2026-04-16T05:05:26Z,1804112026-04-15,18041,2026-04-15,SCHEDULED,60,1.0
2026-04-16T05:05:26Z,1804612026-04-15,18046,2026-04-15,SCHEDULED,60,1.0
2026-04-16T05:05:26Z,1303022026-04-15,13030,2026-04-15,SCHEDULED,60,1.0
2026-04-16T05:05:26Z,1303012026-04-15,13030,2026-04-15,SCHEDULED,60,1.0
2026-04-16T05:05:26Z,1304112026-04-15,13041,2026-04-15,SCHEDULED,60,1.0
2026-04-16T05:05:26Z,1804722026-04-15,18047,2026-04-15,SCHEDULED,780,13.0
2026-04-16T05:05:26Z,1804712026-04-15,18047,2026-04-15,SCHEDULED,780,13.0
2026-04-16T05:05:26Z,1305112026-04-15,13051,2026-04-15,SCHEDULED,660,11.0
2026-04-16T05:05:26Z,1805412026-04-15,18054,2026-04-15,SCHEDULED,600,10.0
2026-04-16T05:05:26Z,1395112026-04-15,13951,2026-04-15,SCHEDULED,180,3.0
2026-04-16T05:05:26Z,1320112026-04-15,13201,2026-04-15,SCHEDULED,120,2.0
2026-04-16T05:05:26Z,3560452026-04-15,35604,2026-04-15,SCHEDULED,-60,-1.0
2026-04-16T05:05:26Z,3560442026-04-15,35604,2026-04-15,SCHEDULED,-60,-1.0
2026-04-16T05:05:26Z,3560412026-04-15,35604,2026-04-15,SCHEDULED,-60,-1.0
2026-04-16T05:05:26Z,3560422026-04-15,35604,2026-04-15,SCHEDULED,-60,-1.0
2026-04-16T05:05:26Z,0029122026-04-16,00291,2026-04-16,SCHEDULED,-180,-3.0
2026-04-16T05:05:26Z,0029112026-04-16,00291,2026-04-16,SCHEDULED,-180,-3.0
2026-04-16T05:05:26Z,0053322026-04-16,00533,2026-04-16,SCHEDULED,-120,-2.0
2026-04-16T05:05:26Z,0053312026-04-16,00533,2026-04-16,SCHEDULED,-120,-2.0
2026-04-16T05:05:26Z,1877332026-04-15,18773,2026-04-15,SCHEDULED,420,7.0
2026-04-16T05:05:26Z,1877312026-04-15,18773,2026-04-15,SCHEDULED,420,7.0
2026-04-16T05:05:26Z,0075222026-04-16,00752,2026-04-16,SCHEDULED,60,1.0
2026-04-16T05:05:26Z,0075212026-04-16,00752,2026-04-16,SCHEDULED,60,1.0
2026-04-16T05:05:26Z,1703012026-04-15,17030,2026-04-15,SCHEDULED,60,1.0
2026-04-16T05:05:26Z,1833122026-04-15,18331,2026-04-15,SCHEDULED,120,2.0
2026-04-16T05:05:26Z,1833112026-04-15,18331,2026-04-15,SCHEDULED,120,2.0
2026-04-16T05:05:26Z,0107212026-04-16,01072,2026-04-16,SCHEDULED,180,3.0
2026-04-16T05:05:26Z,1241112026-04-15,12411,2026-04-15,SCHEDULED,420,7.0
2026-04-16T05:05:26Z,1251212026-04-15,12512,2026-04-15,SCHEDULED,240,4.0
2026-04-16T05:05:26Z,0206112026-04-15,02061,2026-04-15,SCHEDULED,60,1.0
2026-04-16T05:05:26Z,1564612026-04-15,15646,2026-04-15,SCHEDULED,-120,-2.0
2026-04-16T05:05:26Z,0206712026-04-15,02067,2026-04-15,SCHEDULED,-180,-3.0
2026-04-16T05:05:26Z,1565012026-04-15,15650,2026-04-15,SCHEDULED,120,2.0
2026-04-16T05:05:26Z,0207012026-04-15,02070,2026-04-15,SCHEDULED,60,1.0
2026-04-16T05:05:26Z,1575112026-04-15,15751,2026-04-15,SCHEDULED,-120,-2.0
2026-04-16T05:05:26Z,0207512026-04-16,02075,2026-04-16,SCHEDULED,240,4.0
2026-04-16T05:05:26Z,0226112026-04-15,02261,2026-04-15,SCHEDULED,240,4.0
2026-04-16T05:05:26Z,7186112026-04-15,71861,2026-04-15,SCHEDULED,60,1.0
2026-04-16T05:05:26Z,0305212026-04-15,03052,2026-04-15,SCHEDULED,120,2.0
2026-04-16T05:05:26Z,1506012026-04-15,15060,2026-04-15,SCHEDULED,240,4.0
2026-04-16T05:05:26Z,0306012026-04-15,03060,2026-04-15,SCHEDULED,60,1.0
2026-04-16T05:05:26Z,1580412026-04-15,15804,2026-04-15,SCHEDULED,900,15.0
2026-04-16T05:05:26Z,0330142026-04-15,03301,2026-04-15,SCHEDULED,240,4.0
2026-04-16T05:05:26Z,0330132026-04-15,03301,2026-04-15,SCHEDULED,240,4.0
2026-04-16T05:05:26Z,0330112026-04-15,03301,2026-04-15,SCHEDULED,240,4.0
2026-04-16T05:05:26Z,0330122026-04-15,03301,2026-04-15,SCHEDULED,240,4.0
2026-04-16T05:05:26Z,1806812026-04-15,18068,2026-04-15,SCHEDULED,-60,-1.0
2026-04-16T05:05:26Z,1807112026-04-15,18071,2026-04-15,SCHEDULED,300,5.0
2026-04-16T05:05:26Z,1807212026-04-15,18072,2026-04-15,SCHEDULED,120,2.0
2026-04-16T05:05:26Z,0306242026-04-15,03062,2026-04-15,SCHEDULED,120,2.0
2026-04-16T05:05:26Z,0306232026-04-15,03062,2026-04-15,SCHEDULED,120,2.0
2026-04-16T05:05:26Z,0306212026-04-15,03062,2026-04-15,SCHEDULED,120,2.0
2026-04-16T05:05:26Z,0306222026-04-15,03062,2026-04-15,SCHEDULED,120,2.0
2026-04-16T05:05:26Z,1800212026-04-15,18002,2026-04-15,SCHEDULED,60,1.0
2026-04-16T05:05:26Z,1800222026-04-15,18002,2026-04-15,SCHEDULED,60,1.0
2026-04-16T05:05:26Z,1800242026-04-15,18002,2026-04-15,SCHEDULED,60,1.0
2026-04-16T05:05:26Z,1806612026-04-15,18066,2026-04-15,SCHEDULED,300,5.0
2026-04-16T05:05:26Z,0306312026-04-15,03063,2026-04-15,SCHEDULED,60,1.0
2026-04-16T05:05:26Z,0306322026-04-15,03063,2026-04-15,SCHEDULED,60,1.0
2026-04-16T05:05:26Z,0306332026-04-15,03063,2026-04-15,SCHEDULED,60,1.0
2026-04-16T05:05:26Z,1812012026-04-15,18120,2026-04-15,SCHEDULED,60,1.0
2026-04-16T05:05:26Z,0307012026-04-15,03070,2026-04-15,SCHEDULED,-60,-1.0
2026-04-16T05:05:26Z,1812112026-04-15,18121,2026-04-15,SCHEDULED,240,4.0
2026-04-16T05:05:26Z,0307112026-04-15,03071,2026-04-15,SCHEDULED,-60,-1.0
2026-04-16T05:05:26Z,1821612026-04-15,18216,2026-04-15,SCHEDULED,-60,-1.0
2026-04-16T05:05:26Z,1831012026-04-15,18310,2026-04-15,SCHEDULED,120,2.0
2026-04-16T05:05:26Z,0306242026-04-15,03062,2026-04-15,SCHEDULED,600,10.0
2026-04-16T05:05:26Z,0306232026-04-15,03062,2026-04-15,SCHEDULED,600,10.0
2026-04-16T05:05:26Z,0306212026-04-15,03062,2026-04-15,SCHEDULED,600,10.0
2026-04-16T05:05:26Z,0306222026-04-15,03062,2026-04-15,SCHEDULED,600,10.0
2026-04-16T05:05:26Z,1891012026-04-15,18910,2026-04-15,SCHEDULED,240,4.0
2026-04-16T05:05:26Z,1443312026-04-15,14433,2026-04-15,SCHEDULED,300,5.0
2026-04-16T05:05:26Z,0366222026-04-15,03662,2026-04-15,SCHEDULED,180,3.0
2026-04-16T05:05:26Z,0366212026-04-15,03662,2026-04-15,SCHEDULED,180,3.0
2026-04-16T05:05:26Z,1500012026-04-15,15000,2026-04-15,SCHEDULED,-120,-2.0
2026-04-16T05:05:26Z,1505012026-04-15,15050,2026-04-15,SCHEDULED,960,16.0
2026-04-16T05:05:26Z,0406012026-04-15,04060,2026-04-15,SCHEDULED,-120,-2.0
2026-04-16T05:05:26Z,1600012026-04-15,16000,2026-04-15,SCHEDULED,60,1.0
2026-04-16T05:05:26Z,1401812026-04-15,14018,2026-04-15,SCHEDULED,360,6.0
2026-04-16T05:05:26Z,1447012026-04-15,14470,2026-04-15,SCHEDULED,60,1.0
2026-04-16T05:05:26Z,0418642026-04-16,04186,2026-04-16,SCHEDULED,60,1.0
2026-04-16T05:05:26Z,0418632026-04-16,04186,2026-04-16,SCHEDULED,60,1.0
2026-04-16T05:05:26Z,0418612026-04-16,04186,2026-04-16,SCHEDULED,60,1.0
2026-04-16T05:05:26Z,0418622026-04-16,04186,2026-04-16,SCHEDULED,60,1.0
2026-04-16T05:05:26Z,0415422026-04-15,04154,2026-04-15,SCHEDULED,660,11.0
2026-04-16T05:05:26Z,0415412026-04-15,04154,2026-04-15,SCHEDULED,660,11.0
2026-04-16T05:05:26Z,0446412026-04-15,04464,2026-04-15,SCHEDULED,-120,-2.0
2026-04-16T05:05:26Z,3135812026-04-15,31358,2026-04-15,SCHEDULED,240,4.0
2026-04-16T05:05:26Z,0506422026-04-15,05064,2026-04-15,SCHEDULED,240,4.0
2026-04-16T05:05:26Z,0506412026-04-15,05064,2026-04-15,SCHEDULED,240,4.0
2026-04-16T05:05:26Z,0506522026-04-15,05065,2026-04-15,SCHEDULED,60,1.0
2026-04-16T05:05:26Z,0506512026-04-15,05065,2026-04-15,SCHEDULED,60,1.0
2026-04-16T05:05:26Z,7185112026-04-15,71851,2026-04-15,CANCELED,,
2026-04-16T05:05:26Z,1296312026-04-15,12963,2026-04-15,CANCELED,,
2026-04-16T05:05:26Z,1296212026-04-15,12962,2026-04-15,CANCELED,,
2026-04-16T05:05:26Z,7183112026-04-15,71831,2026-04-15,CANCELED,,
2026-04-16T05:10:29Z,1320112026-04-15,13201,2026-04-15,SCHEDULED,120,2.0
2026-04-16T05:10:29Z,0506522026-04-15,05065,2026-04-15,SCHEDULED,60,1.0
2026-04-16T05:10:29Z,0506512026-04-15,05065,2026-04-15,SCHEDULED,60,1.0
2026-04-16T05:10:29Z,1390012026-04-15,13900,2026-04-15,SCHEDULED,60,1.0
2026-04-16T05:10:29Z,0507212026-04-15,05072,2026-04-15,SCHEDULED,180,3.0
2026-04-16T05:10:29Z,1412362026-04-15,14123,2026-04-15,SCHEDULED,480,8.0
2026-04-16T05:10:29Z,1412342026-04-15,14123,2026-04-15,SCHEDULED,480,8.0
2026-04-16T05:10:29Z,1412352026-04-15,14123,2026-04-15,SCHEDULED,480,8.0
2026-04-16T05:10:29Z,1412312026-04-15,14123,2026-04-15,SCHEDULED,480,8.0
2026-04-16T05:10:29Z,1412332026-04-15,14123,2026-04-15,SCHEDULED,480,8.0
2026-04-16T05:10:29Z,1412322026-04-15,14123,2026-04-15,SCHEDULED,480,8.0
2026-04-16T05:10:29Z,0566812026-04-15,05668,2026-04-15,SCHEDULED,420,7.0
2026-04-16T05:10:29Z,1504012026-04-15,15040,2026-04-15,SCHEDULED,1080,18.0
2026-04-16T05:10:29Z,1505112026-04-15,15051,2026-04-15,SCHEDULED,-60,-1.0
2026-04-16T05:10:29Z,0576312026-04-15,05763,2026-04-15,SCHEDULED,-60,-1.0
2026-04-16T05:10:29Z,0576322026-04-15,05763,2026-04-15,SCHEDULED,-60,-1.0
2026-04-16T05:10:29Z,0576332026-04-15,05763,2026-04-15,SCHEDULED,-60,-1.0
2026-04-16T05:10:29Z,1521012026-04-15,15210,2026-04-15,SCHEDULED,180,3.0
2026-04-16T05:10:29Z,0587112026-04-15,05871,2026-04-15,SCHEDULED,-180,-3.0
2026-04-16T05:10:29Z,1530912026-04-15,15309,2026-04-15,SCHEDULED,360,6.0
2026-04-16T05:10:29Z,0805812026-04-15,08058,2026-04-15,SCHEDULED,300,5.0
2026-04-16T05:10:29Z,1562012026-04-15,15620,2026-04-15,SCHEDULED,1200,20.0
2026-04-16T05:10:29Z,1563112026-04-15,15631,2026-04-15,SCHEDULED,1200,20.0
2026-04-16T05:10:29Z,0806912026-04-15,08069,2026-04-15,SCHEDULED,120,2.0
2026-04-16T05:10:29Z,1572012026-04-15,15720,2026-04-15,SCHEDULED,1020,17.0
2026-04-16T05:10:29Z,0807112026-04-15,08071,2026-04-15,SCHEDULED,180,3.0
2026-04-16T05:10:29Z,1572212026-04-15,15722,2026-04-15,SCHEDULED,240,4.0
2026-04-16T05:10:29Z,1577012026-04-15,15770,2026-04-15,SCHEDULED,180,3.0
2026-04-16T05:10:29Z,1577212026-04-15,15772,2026-04-15,SCHEDULED,60,1.0
2026-04-16T05:10:29Z,0826012026-04-15,08260,2026-04-15,SCHEDULED,480,8.0
2026-04-16T05:10:29Z,1585012026-04-15,15850,2026-04-15,SCHEDULED,60,1.0
2026-04-16T05:10:29Z,0826112026-04-15,08261,2026-04-15,SCHEDULED,720,12.0
2026-04-16T05:10:29Z,1590012026-04-15,15900,2026-04-15,SCHEDULED,540,9.0
2026-04-16T05:10:29Z,0827312026-04-15,08273,2026-04-15,SCHEDULED,300,5.0
2026-04-16T05:10:29Z,1702112026-04-15,17021,2026-04-15,SCHEDULED,180,3.0
2026-04-16T05:10:29Z,0807212026-04-15,08072,2026-04-15,SCHEDULED,-240,-4.0
2026-04-16T05:10:29Z,1710012026-04-15,17100,2026-04-15,SCHEDULED,180,3.0
2026-04-16T05:10:29Z,0906712026-04-15,09067,2026-04-15,SCHEDULED,60,1.0
2026-04-16T05:10:29Z,1720112026-04-15,17201,2026-04-15,SCHEDULED,60,1.0
2026-04-16T05:10:29Z,1722712026-04-15,17227,2026-04-15,SCHEDULED,180,3.0
2026-04-16T05:10:29Z,0907312026-04-15,09073,2026-04-15,SCHEDULED,120,2.0
2026-04-16T05:10:29Z,0907512026-04-15,09075,2026-04-15,SCHEDULED,60,1.0
2026-04-16T05:10:29Z,1770312026-04-15,17703,2026-04-15,SCHEDULED,60,1.0
2026-04-16T05:10:29Z,1780612026-04-15,17806,2026-04-15,SCHEDULED,60,1.0
2026-04-16T05:10:29Z,1781512026-04-15,17815,2026-04-15,SCHEDULED,-60,-1.0
2026-04-16T05:10:29Z,1261112026-04-15,12611,2026-04-15,SCHEDULED,840,14.0
2026-04-16T05:10:29Z,1800112026-04-15,18001,2026-04-15,SCHEDULED,60,1.0
2026-04-16T05:10:29Z,1300012026-04-15,13000,2026-04-15,SCHEDULED,120,2.0
2026-04-16T05:10:29Z,1803112026-04-15,18031,2026-04-15,SCHEDULED,300,5.0
2026-04-16T05:10:29Z,1300112026-04-15,13001,2026-04-15,SCHEDULED,180,3.0
2026-04-16T05:10:29Z,1804112026-04-15,18041,2026-04-15,SCHEDULED,60,1.0
2026-04-16T05:10:29Z,1300322026-04-15,13003,2026-04-15,SCHEDULED,-60,-1.0
2026-04-16T05:10:29Z,1300312026-04-15,13003,2026-04-15,SCHEDULED,-60,-1.0
2026-04-16T05:10:29Z,1303022026-04-15,13030,2026-04-15,SCHEDULED,60,1.0
2026-04-16T05:10:29Z,1303012026-04-15,13030,2026-04-15,SCHEDULED,60,1.0
2026-04-16T05:10:29Z,1804722026-04-15,18047,2026-04-15,SCHEDULED,780,13.0
2026-04-16T05:10:29Z,1804712026-04-15,18047,2026-04-15,SCHEDULED,780,13.0
2026-04-16T05:10:29Z,1304112026-04-15,13041,2026-04-15,SCHEDULED,60,1.0
2026-04-16T05:10:29Z,1805412026-04-15,18054,2026-04-15,SCHEDULED,600,10.0
2026-04-16T05:10:29Z,1305112026-04-15,13051,2026-04-15,SCHEDULED,900,15.0
2026-04-16T05:10:29Z,1806812026-04-15,18068,2026-04-15,SCHEDULED,-60,-1.0
2026-04-16T05:10:29Z,1395112026-04-15,13951,2026-04-15,SCHEDULED,240,4.0
2026-04-16T05:10:29Z,1807112026-04-15,18071,2026-04-15,SCHEDULED,300,5.0
2026-04-16T05:10:29Z,1807212026-04-15,18072,2026-04-15,SCHEDULED,60,1.0
2026-04-16T05:10:29Z,0029122026-04-16,00291,2026-04-16,SCHEDULED,-240,-4.0
2026-04-16T05:10:29Z,0029112026-04-16,00291,2026-04-16,SCHEDULED,-240,-4.0
2026-04-16T05:10:29Z,0053322026-04-16,00533,2026-04-16,SCHEDULED,-60,-1.0
2026-04-16T05:10:29Z,0053312026-04-16,00533,2026-04-16,SCHEDULED,-60,-1.0
2026-04-16T05:10:29Z,1800212026-04-15,18002,2026-04-15,SCHEDULED,60,1.0
2026-04-16T05:10:29Z,1800222026-04-15,18002,2026-04-15,SCHEDULED,60,1.0
2026-04-16T05:10:29Z,1800242026-04-15,18002,2026-04-15,SCHEDULED,60,1.0
2026-04-16T05:10:29Z,1806612026-04-15,18066,2026-04-15,SCHEDULED,360,6.0
2026-04-16T05:10:29Z,0075222026-04-16,00752,2026-04-16,SCHEDULED,60,1.0
2026-04-16T05:10:29Z,0075212026-04-16,00752,2026-04-16,SCHEDULED,60,1.0
2026-04-16T05:10:29Z,1812012026-04-15,18120,2026-04-15,SCHEDULED,60,1.0
2026-04-16T05:10:29Z,1812112026-04-15,18121,2026-04-15,SCHEDULED,420,7.0
2026-04-16T05:10:29Z,0107212026-04-16,01072,2026-04-16,SCHEDULED,240,4.0
2026-04-16T05:10:29Z,1821612026-04-15,18216,2026-04-15,SCHEDULED,-60,-1.0
2026-04-16T05:10:29Z,0109212026-04-15,01092,2026-04-15,SCHEDULED,60,1.0
2026-04-16T05:10:29Z,1831012026-04-15,18310,2026-04-15,SCHEDULED,300,5.0
2026-04-16T05:10:29Z,0206112026-04-15,02061,2026-04-15,SCHEDULED,60,1.0
2026-04-16T05:10:29Z,0207012026-04-15,02070,2026-04-15,SCHEDULED,60,1.0
2026-04-16T05:10:29Z,1891012026-04-15,18910,2026-04-15,SCHEDULED,300,5.0
2026-04-16T05:10:29Z,0207412026-04-16,02074,2026-04-16,SCHEDULED,120,2.0
2026-04-16T05:10:29Z,1443312026-04-15,14433,2026-04-15,SCHEDULED,360,6.0
2026-04-16T05:10:29Z,0207512026-04-16,02075,2026-04-16,SCHEDULED,240,4.0
2026-04-16T05:10:29Z,1500012026-04-15,15000,2026-04-15,SCHEDULED,-120,-2.0
2026-04-16T05:10:29Z,0226112026-04-15,02261,2026-04-15,SCHEDULED,60,1.0
2026-04-16T05:10:29Z,1505012026-04-15,15050,2026-04-15,SCHEDULED,960,16.0
2026-04-16T05:10:29Z,0305212026-04-15,03052,2026-04-15,SCHEDULED,60,1.0
2026-04-16T05:10:29Z,1401812026-04-15,14018,2026-04-15,SCHEDULED,360,6.0
2026-04-16T05:10:29Z,0807712026-04-15,08077,2026-04-15,SCHEDULED,60,1.0
2026-04-16T05:10:29Z,0330142026-04-15,03301,2026-04-15,SCHEDULED,300,5.0
2026-04-16T05:10:29Z,0330132026-04-15,03301,2026-04-15,SCHEDULED,300,5.0
2026-04-16T05:10:29Z,0330112026-04-15,03301,2026-04-15,SCHEDULED,300,5.0
2026-04-16T05:10:29Z,0330122026-04-15,03301,2026-04-15,SCHEDULED,300,5.0
2026-04-16T05:10:29Z,3560452026-04-15,35604,2026-04-15,SCHEDULED,-60,-1.0
2026-04-16T05:10:29Z,3560442026-04-15,35604,2026-04-15,SCHEDULED,-60,-1.0
2026-04-16T05:10:29Z,3560412026-04-15,35604,2026-04-15,SCHEDULED,-60,-1.0
2026-04-16T05:10:29Z,3560422026-04-15,35604,2026-04-15,SCHEDULED,-60,-1.0
2026-04-16T05:10:29Z,1248012026-04-15,12480,2026-04-15,SCHEDULED,180,3.0
2026-04-16T05:10:29Z,0306242026-04-15,03062,2026-04-15,SCHEDULED,120,2.0
2026-04-16T05:10:29Z,0306232026-04-15,03062,2026-04-15,SCHEDULED,120,2.0
2026-04-16T05:10:29Z,0306212026-04-15,03062,2026-04-15,SCHEDULED,120,2.0
2026-04-16T05:10:29Z,0306222026-04-15,03062,2026-04-15,SCHEDULED,120,2.0
2026-04-16T05:10:29Z,1877332026-04-15,18773,2026-04-15,SCHEDULED,420,7.0
2026-04-16T05:10:29Z,1877312026-04-15,18773,2026-04-15,SCHEDULED,420,7.0
2026-04-16T05:10:29Z,0306312026-04-15,03063,2026-04-15,SCHEDULED,60,1.0
2026-04-16T05:10:29Z,0306322026-04-15,03063,2026-04-15,SCHEDULED,60,1.0
2026-04-16T05:10:29Z,0306332026-04-15,03063,2026-04-15,SCHEDULED,60,1.0
2026-04-16T05:10:29Z,0307012026-04-15,03070,2026-04-15,SCHEDULED,-60,-1.0
2026-04-16T05:10:29Z,1703012026-04-15,17030,2026-04-15,SCHEDULED,120,2.0
2026-04-16T05:10:29Z,0307112026-04-15,03071,2026-04-15,SCHEDULED,-180,-3.0
2026-04-16T05:10:29Z,0306242026-04-15,03062,2026-04-15,SCHEDULED,540,9.0
2026-04-16T05:10:29Z,0306232026-04-15,03062,2026-04-15,SCHEDULED,540,9.0
2026-04-16T05:10:29Z,0306212026-04-15,03062,2026-04-15,SCHEDULED,540,9.0
2026-04-16T05:10:29Z,0306222026-04-15,03062,2026-04-15,SCHEDULED,540,9.0
2026-04-16T05:10:29Z,1241112026-04-15,12411,2026-04-15,SCHEDULED,600,10.0
2026-04-16T05:10:29Z,1251212026-04-15,12512,2026-04-15,SCHEDULED,360,6.0
2026-04-16T05:10:29Z,0366222026-04-15,03662,2026-04-15,SCHEDULED,120,2.0
2026-04-16T05:10:29Z,0366212026-04-15,03662,2026-04-15,SCHEDULED,120,2.0
2026-04-16T05:10:29Z,1564612026-04-15,15646,2026-04-15,SCHEDULED,-180,-3.0
2026-04-16T05:10:29Z,0405612026-04-16,04056,2026-04-16,SCHEDULED,-180,-3.0
2026-04-16T05:10:29Z,0406012026-04-15,04060,2026-04-15,SCHEDULED,-120,-2.0
2026-04-16T05:10:29Z,1565012026-04-15,15650,2026-04-15,SCHEDULED,240,4.0
2026-04-16T05:10:29Z,0426112026-04-16,04261,2026-04-16,SCHEDULED,120,2.0
2026-04-16T05:10:29Z,1575112026-04-15,15751,2026-04-15,SCHEDULED,-420,-7.0
2026-04-16T05:10:29Z,7186112026-04-15,71861,2026-04-15,SCHEDULED,60,1.0
2026-04-16T05:10:29Z,0418642026-04-16,04186,2026-04-16,SCHEDULED,180,3.0
2026-04-16T05:10:29Z,0418632026-04-16,04186,2026-04-16,SCHEDULED,180,3.0
2026-04-16T05:10:29Z,0418612026-04-16,04186,2026-04-16,SCHEDULED,180,3.0
2026-04-16T05:10:29Z,0418622026-04-16,04186,2026-04-16,SCHEDULED,180,3.0
2026-04-16T05:10:29Z,1580412026-04-15,15804,2026-04-15,SCHEDULED,900,15.0
2026-04-16T05:10:29Z,1580612026-04-15,15806,2026-04-15,SCHEDULED,-60,-1.0
2026-04-16T05:10:29Z,0407222026-04-16,04072,2026-04-16,SCHEDULED,360,6.0
2026-04-16T05:10:29Z,0407212026-04-16,04072,2026-04-16,SCHEDULED,360,6.0
2026-04-16T05:10:29Z,0415422026-04-15,04154,2026-04-15,SCHEDULED,660,11.0
2026-04-16T05:10:29Z,0415412026-04-15,04154,2026-04-15,SCHEDULED,660,11.0
2026-04-16T05:10:29Z,0446412026-04-15,04464,2026-04-15,SCHEDULED,-120,-2.0
2026-04-16T05:10:29Z,3135812026-04-15,31358,2026-04-15,SCHEDULED,240,4.0
2026-04-16T05:10:29Z,0506312026-04-15,05063,2026-04-15,SCHEDULED,60,1.0
2026-04-16T05:10:29Z,0506422026-04-15,05064,2026-04-15,SCHEDULED,120,2.0
2026-04-16T05:10:29Z,0506412026-04-15,05064,2026-04-15,SCHEDULED,120,2.0
2026-04-16T05:10:29Z,1296312026-04-15,12963,2026-04-15,CANCELED,,
2026-04-16T05:10:29Z,7185112026-04-15,71851,2026-04-15,CANCELED,,
2026-04-16T05:10:29Z,7183112026-04-15,71831,2026-04-15,CANCELED,,
2026-04-16T05:10:29Z,1296212026-04-15,12962,2026-04-15,CANCELED,,
2026-04-16T05:15:28Z,1395112026-04-15,13951,2026-04-15,SCHEDULED,240,4.0
2026-04-16T05:15:28Z,0506422026-04-15,05064,2026-04-15,SCHEDULED,120,2.0
2026-04-16T05:15:28Z,0506412026-04-15,05064,2026-04-15,SCHEDULED,120,2.0
2026-04-16T05:15:28Z,1320112026-04-15,13201,2026-04-15,SCHEDULED,-60,-1.0
2026-04-16T05:15:28Z,1390012026-04-15,13900,2026-04-15,SCHEDULED,-120,-2.0
2026-04-16T05:15:28Z,0506522026-04-15,05065,2026-04-15,SCHEDULED,60,1.0
2026-04-16T05:15:28Z,0506512026-04-15,05065,2026-04-15,SCHEDULED,60,1.0
2026-04-16T05:15:28Z,0507212026-04-15,05072,2026-04-15,SCHEDULED,180,3.0
2026-04-16T05:15:28Z,1412362026-04-15,14123,2026-04-15,SCHEDULED,480,8.0
2026-04-16T05:15:28Z,1412342026-04-15,14123,2026-04-15,SCHEDULED,480,8.0
2026-04-16T05:15:28Z,1412352026-04-15,14123,2026-04-15,SCHEDULED,480,8.0
2026-04-16T05:15:28Z,1412312026-04-15,14123,2026-04-15,SCHEDULED,480,8.0
2026-04-16T05:15:28Z,1412332026-04-15,14123,2026-04-15,SCHEDULED,480,8.0
2026-04-16T05:15:28Z,1412322026-04-15,14123,2026-04-15,SCHEDULED,480,8.0
2026-04-16T05:15:28Z,1503212026-04-15,15032,2026-04-15,SCHEDULED,-60,-1.0
2026-04-16T05:15:28Z,1504012026-04-15,15040,2026-04-15,SCHEDULED,1080,18.0
2026-04-16T05:15:28Z,0566812026-04-15,05668,2026-04-15,SCHEDULED,720,12.0
2026-04-16T05:15:28Z,1505112026-04-15,15051,2026-04-15,SCHEDULED,-120,-2.0
2026-04-16T05:15:28Z,1521012026-04-15,15210,2026-04-15,SCHEDULED,180,3.0
2026-04-16T05:15:28Z,0576312026-04-15,05763,2026-04-15,SCHEDULED,-60,-1.0
2026-04-16T05:15:28Z,0576322026-04-15,05763,2026-04-15,SCHEDULED,-60,-1.0
2026-04-16T05:15:28Z,0576332026-04-15,05763,2026-04-15,SCHEDULED,-60,-1.0
2026-04-16T05:15:28Z,1530912026-04-15,15309,2026-04-15,SCHEDULED,420,7.0
2026-04-16T05:15:28Z,0587112026-04-15,05871,2026-04-15,SCHEDULED,-180,-3.0
2026-04-16T05:15:28Z,1562012026-04-15,15620,2026-04-15,SCHEDULED,1200,20.0
2026-04-16T05:15:28Z,0805812026-04-15,08058,2026-04-15,SCHEDULED,300,5.0
2026-04-16T05:15:28Z,1563112026-04-15,15631,2026-04-15,SCHEDULED,1200,20.0
2026-04-16T05:15:28Z,1572012026-04-15,15720,2026-04-15,SCHEDULED,1020,17.0
2026-04-16T05:15:28Z,0806912026-04-15,08069,2026-04-15,SCHEDULED,60,1.0
2026-04-16T05:15:28Z,1572212026-04-15,15722,2026-04-15,SCHEDULED,480,8.0
2026-04-16T05:15:28Z,0807112026-04-15,08071,2026-04-15,SCHEDULED,360,6.0
2026-04-16T05:15:28Z,1577012026-04-15,15770,2026-04-15,SCHEDULED,180,3.0
2026-04-16T05:15:28Z,0807512026-04-16,08075,2026-04-16,SCHEDULED,120,2.0
2026-04-16T05:15:28Z,1577212026-04-15,15772,2026-04-15,SCHEDULED,180,3.0
2026-04-16T05:15:28Z,0826012026-04-15,08260,2026-04-15,SCHEDULED,420,7.0
2026-04-16T05:15:28Z,1585012026-04-15,15850,2026-04-15,SCHEDULED,60,1.0
2026-04-16T05:15:28Z,0826112026-04-15,08261,2026-04-15,SCHEDULED,720,12.0
2026-04-16T05:15:28Z,1590012026-04-15,15900,2026-04-15,SCHEDULED,480,8.0
2026-04-16T05:15:28Z,0827312026-04-15,08273,2026-04-15,SCHEDULED,180,3.0
2026-04-16T05:15:28Z,0847512026-04-15,08475,2026-04-15,SCHEDULED,-60,-1.0
2026-04-16T05:15:28Z,0866412026-04-16,08664,2026-04-16,SCHEDULED,120,2.0
2026-04-16T05:15:28Z,0807212026-04-15,08072,2026-04-15,SCHEDULED,-240,-4.0
2026-04-16T05:15:28Z,1601812026-04-15,16018,2026-04-15,SCHEDULED,360,6.0
2026-04-16T05:15:28Z,0906712026-04-15,09067,2026-04-15,SCHEDULED,60,1.0
2026-04-16T05:15:28Z,1702112026-04-15,17021,2026-04-15,SCHEDULED,180,3.0
2026-04-16T05:15:28Z,1710012026-04-15,17100,2026-04-15,SCHEDULED,300,5.0
2026-04-16T05:15:28Z,0907222026-04-15,09072,2026-04-15,SCHEDULED,-180,-3.0
2026-04-16T05:15:28Z,0907212026-04-15,09072,2026-04-15,SCHEDULED,-180,-3.0
2026-04-16T05:15:28Z,0907312026-04-15,09073,2026-04-15,SCHEDULED,120,2.0
2026-04-16T05:15:28Z,1722712026-04-15,17227,2026-04-15,SCHEDULED,180,3.0
2026-04-16T05:15:28Z,1750312026-04-15,17503,2026-04-15,SCHEDULED,60,1.0
2026-04-16T05:15:28Z,1770312026-04-15,17703,2026-04-15,SCHEDULED,60,1.0
2026-04-16T05:15:28Z,1210112026-04-15,12101,2026-04-15,SCHEDULED,60,1.0
2026-04-16T05:15:28Z,1210122026-04-15,12101,2026-04-15,SCHEDULED,60,1.0
2026-04-16T05:15:28Z,1210142026-04-15,12101,2026-04-15,SCHEDULED,60,1.0
2026-04-16T05:15:28Z,1803112026-04-15,18031,2026-04-15,SCHEDULED,300,5.0
2026-04-16T05:15:28Z,1401812026-04-15,14018,2026-04-15,SCHEDULED,360,6.0
2026-04-16T05:15:28Z,1261112026-04-15,12611,2026-04-15,SCHEDULED,900,15.0
2026-04-16T05:15:28Z,0807712026-04-15,08077,2026-04-15,SCHEDULED,60,1.0
2026-04-16T05:15:28Z,1300012026-04-15,13000,2026-04-15,SCHEDULED,300,5.0
2026-04-16T05:15:28Z,1300112026-04-15,13001,2026-04-15,SCHEDULED,120,2.0
2026-04-16T05:15:28Z,3560452026-04-15,35604,2026-04-15,SCHEDULED,120,2.0
2026-04-16T05:15:28Z,3560442026-04-15,35604,2026-04-15,SCHEDULED,120,2.0
2026-04-16T05:15:28Z,3560412026-04-15,35604,2026-04-15,SCHEDULED,120,2.0
2026-04-16T05:15:28Z,3560422026-04-15,35604,2026-04-15,SCHEDULED,120,2.0
2026-04-16T05:15:28Z,1248012026-04-15,12480,2026-04-15,SCHEDULED,60,1.0
2026-04-16T05:15:28Z,1303022026-04-15,13030,2026-04-15,SCHEDULED,60,1.0
2026-04-16T05:15:28Z,1303012026-04-15,13030,2026-04-15,SCHEDULED,60,1.0
2026-04-16T05:15:28Z,1304112026-04-15,13041,2026-04-15,SCHEDULED,120,2.0
2026-04-16T05:15:28Z,1877332026-04-15,18773,2026-04-15,SCHEDULED,540,9.0
2026-04-16T05:15:28Z,1877312026-04-15,18773,2026-04-15,SCHEDULED,540,9.0
2026-04-16T05:15:28Z,1305112026-04-15,13051,2026-04-15,SCHEDULED,900,15.0
2026-04-16T05:15:28Z,0029122026-04-16,00291,2026-04-16,SCHEDULED,-240,-4.0
2026-04-16T05:15:28Z,0029112026-04-16,00291,2026-04-16,SCHEDULED,-240,-4.0
2026-04-16T05:15:28Z,1241112026-04-15,12411,2026-04-15,SCHEDULED,600,10.0
2026-04-16T05:15:28Z,1251212026-04-15,12512,2026-04-15,SCHEDULED,420,7.0
2026-04-16T05:15:28Z,0053322026-04-16,00533,2026-04-16,SCHEDULED,60,1.0
2026-04-16T05:15:28Z,0053312026-04-16,00533,2026-04-16,SCHEDULED,60,1.0
2026-04-16T05:15:28Z,0075222026-04-16,00752,2026-04-16,SCHEDULED,60,1.0
2026-04-16T05:15:28Z,0075212026-04-16,00752,2026-04-16,SCHEDULED,60,1.0
2026-04-16T05:15:28Z,1565012026-04-15,15650,2026-04-15,SCHEDULED,240,4.0
2026-04-16T05:15:28Z,1575112026-04-15,15751,2026-04-15,SCHEDULED,-420,-7.0
2026-04-16T05:15:28Z,0075222026-04-16,00752,2026-04-16,SCHEDULED,60,1.0
2026-04-16T05:15:28Z,0075212026-04-16,00752,2026-04-16,SCHEDULED,60,1.0
2026-04-16T05:15:28Z,0107212026-04-16,01072,2026-04-16,SCHEDULED,240,4.0
2026-04-16T05:15:28Z,0108122026-04-15,01081,2026-04-15,SCHEDULED,60,1.0
2026-04-16T05:15:28Z,0108112026-04-15,01081,2026-04-15,SCHEDULED,60,1.0
2026-04-16T05:15:28Z,7186112026-04-15,71861,2026-04-15,SCHEDULED,-60,-1.0
2026-04-16T05:15:28Z,1580412026-04-15,15804,2026-04-15,SCHEDULED,900,15.0
2026-04-16T05:15:28Z,0206112026-04-15,02061,2026-04-15,SCHEDULED,120,2.0
2026-04-16T05:15:28Z,0206712026-04-15,02067,2026-04-15,SCHEDULED,-60,-1.0
2026-04-16T05:15:28Z,1804112026-04-15,18041,2026-04-15,SCHEDULED,60,1.0
2026-04-16T05:15:28Z,0207012026-04-15,02070,2026-04-15,SCHEDULED,240,4.0
2026-04-16T05:15:28Z,1804612026-04-15,18046,2026-04-15,SCHEDULED,-60,-1.0
2026-04-16T05:15:28Z,1805412026-04-15,18054,2026-04-15,SCHEDULED,300,5.0
2026-04-16T05:15:28Z,0207412026-04-16,02074,2026-04-16,SCHEDULED,120,2.0
2026-04-16T05:15:28Z,1806812026-04-15,18068,2026-04-15,SCHEDULED,-60,-1.0
2026-04-16T05:15:28Z,0207512026-04-16,02075,2026-04-16,SCHEDULED,180,3.0
2026-04-16T05:15:28Z,1807112026-04-15,18071,2026-04-15,SCHEDULED,300,5.0
2026-04-16T05:15:28Z,0226112026-04-15,02261,2026-04-15,SCHEDULED,60,1.0
2026-04-16T05:15:28Z,0305212026-04-15,03052,2026-04-15,SCHEDULED,120,2.0
2026-04-16T05:15:28Z,1800212026-04-15,18002,2026-04-15,SCHEDULED,60,1.0
2026-04-16T05:15:28Z,1800222026-04-15,18002,2026-04-15,SCHEDULED,60,1.0
2026-04-16T05:15:28Z,1800242026-04-15,18002,2026-04-15,SCHEDULED,60,1.0
2026-04-16T05:15:28Z,1806612026-04-15,18066,2026-04-15,SCHEDULED,360,6.0
2026-04-16T05:15:28Z,0330142026-04-15,03301,2026-04-15,SCHEDULED,300,5.0
2026-04-16T05:15:28Z,0330132026-04-15,03301,2026-04-15,SCHEDULED,300,5.0
2026-04-16T05:15:28Z,0330112026-04-15,03301,2026-04-15,SCHEDULED,300,5.0
2026-04-16T05:15:28Z,0330122026-04-15,03301,2026-04-15,SCHEDULED,300,5.0
2026-04-16T05:15:28Z,1812012026-04-15,18120,2026-04-15,SCHEDULED,60,1.0
2026-04-16T05:15:28Z,1812112026-04-15,18121,2026-04-15,SCHEDULED,600,10.0
2026-04-16T05:15:28Z,1821612026-04-15,18216,2026-04-15,SCHEDULED,-60,-1.0
2026-04-16T05:15:28Z,1891012026-04-15,18910,2026-04-15,SCHEDULED,360,6.0
2026-04-16T05:15:28Z,0306242026-04-15,03062,2026-04-15,SCHEDULED,120,2.0
2026-04-16T05:15:28Z,0306232026-04-15,03062,2026-04-15,SCHEDULED,120,2.0
2026-04-16T05:15:28Z,0306212026-04-15,03062,2026-04-15,SCHEDULED,120,2.0
2026-04-16T05:15:28Z,0306222026-04-15,03062,2026-04-15,SCHEDULED,120,2.0
2026-04-16T05:15:28Z,1443312026-04-15,14433,2026-04-15,SCHEDULED,120,2.0
2026-04-16T05:15:28Z,0306312026-04-15,03063,2026-04-15,SCHEDULED,180,3.0
2026-04-16T05:15:28Z,0306322026-04-15,03063,2026-04-15,SCHEDULED,180,3.0
2026-04-16T05:15:28Z,0306332026-04-15,03063,2026-04-15,SCHEDULED,180,3.0
2026-04-16T05:15:28Z,1505012026-04-15,15050,2026-04-15,SCHEDULED,960,16.0
2026-04-16T05:15:28Z,0307012026-04-15,03070,2026-04-15,SCHEDULED,-60,-1.0
2026-04-16T05:15:28Z,0307112026-04-15,03071,2026-04-15,SCHEDULED,-120,-2.0
2026-04-16T05:15:28Z,0306242026-04-15,03062,2026-04-15,SCHEDULED,600,10.0
2026-04-16T05:15:28Z,0306232026-04-15,03062,2026-04-15,SCHEDULED,600,10.0
2026-04-16T05:15:28Z,0306212026-04-15,03062,2026-04-15,SCHEDULED,600,10.0
2026-04-16T05:15:28Z,0306222026-04-15,03062,2026-04-15,SCHEDULED,600,10.0
2026-04-16T05:15:28Z,0366222026-04-15,03662,2026-04-15,SCHEDULED,180,3.0
2026-04-16T05:15:28Z,0366212026-04-15,03662,2026-04-15,SCHEDULED,180,3.0
2026-04-16T05:15:28Z,0405612026-04-16,04056,2026-04-16,SCHEDULED,-180,-3.0
2026-04-16T05:15:28Z,0406012026-04-15,04060,2026-04-15,SCHEDULED,-180,-3.0
2026-04-16T05:15:28Z,0426112026-04-16,04261,2026-04-16,SCHEDULED,120,2.0
2026-04-16T05:15:28Z,0418642026-04-16,04186,2026-04-16,SCHEDULED,180,3.0
2026-04-16T05:15:28Z,0418632026-04-16,04186,2026-04-16,SCHEDULED,180,3.0
2026-04-16T05:15:28Z,0418612026-04-16,04186,2026-04-16,SCHEDULED,180,3.0
2026-04-16T05:15:28Z,0418622026-04-16,04186,2026-04-16,SCHEDULED,180,3.0
2026-04-16T05:15:28Z,0407222026-04-16,04072,2026-04-16,SCHEDULED,300,5.0
2026-04-16T05:15:28Z,0407212026-04-16,04072,2026-04-16,SCHEDULED,300,5.0
2026-04-16T05:15:28Z,0415422026-04-15,04154,2026-04-15,SCHEDULED,660,11.0
2026-04-16T05:15:28Z,0415412026-04-15,04154,2026-04-15,SCHEDULED,660,11.0
2026-04-16T05:15:28Z,0446412026-04-15,04464,2026-04-15,SCHEDULED,-120,-2.0
2026-04-16T05:15:28Z,3135812026-04-15,31358,2026-04-15,SCHEDULED,240,4.0
2026-04-16T05:15:28Z,1296312026-04-15,12963,2026-04-15,CANCELED,,
2026-04-16T05:15:28Z,7185112026-04-15,71851,2026-04-15,CANCELED,,
2026-04-16T05:15:28Z,7183112026-04-15,71831,2026-04-15,CANCELED,,
2026-04-16T05:15:28Z,1296212026-04-15,12962,2026-04-15,CANCELED,,
2026-04-16T05:20:28Z,1305112026-04-15,13051,2026-04-15,SCHEDULED,900,15.0
2026-04-16T05:20:28Z,1395112026-04-15,13951,2026-04-15,SCHEDULED,180,3.0
2026-04-16T05:20:28Z,0506422026-04-15,05064,2026-04-15,SCHEDULED,360,6.0
2026-04-16T05:20:28Z,0506412026-04-15,05064,2026-04-15,SCHEDULED,360,6.0
2026-04-16T05:20:28Z,1320312026-04-15,13203,2026-04-15,SCHEDULED,60,1.0
2026-04-16T05:20:28Z,0506522026-04-15,05065,2026-04-15,SCHEDULED,60,1.0
2026-04-16T05:20:28Z,0506512026-04-15,05065,2026-04-15,SCHEDULED,60,1.0
2026-04-16T05:20:28Z,1390012026-04-15,13900,2026-04-15,SCHEDULED,-60,-1.0
2026-04-16T05:20:28Z,0507212026-04-15,05072,2026-04-15,SCHEDULED,180,3.0
2026-04-16T05:20:28Z,0509212026-04-15,05092,2026-04-15,SCHEDULED,-60,-1.0
2026-04-16T05:20:28Z,0509222026-04-15,05092,2026-04-15,SCHEDULED,-60,-1.0
2026-04-16T05:20:28Z,0509232026-04-15,05092,2026-04-15,SCHEDULED,-60,-1.0
2026-04-16T05:20:28Z,1412362026-04-15,14123,2026-04-15,SCHEDULED,420,7.0
2026-04-16T05:20:28Z,1412342026-04-15,14123,2026-04-15,SCHEDULED,420,7.0
2026-04-16T05:20:28Z,1412352026-04-15,14123,2026-04-15,SCHEDULED,420,7.0
2026-04-16T05:20:28Z,1412312026-04-15,14123,2026-04-15,SCHEDULED,420,7.0
2026-04-16T05:20:28Z,1412332026-04-15,14123,2026-04-15,SCHEDULED,420,7.0
2026-04-16T05:20:28Z,1412322026-04-15,14123,2026-04-15,SCHEDULED,420,7.0
2026-04-16T05:20:28Z,0566812026-04-15,05668,2026-04-15,SCHEDULED,780,13.0
2026-04-16T05:20:28Z,1504012026-04-15,15040,2026-04-15,SCHEDULED,1080,18.0
2026-04-16T05:20:28Z,1505112026-04-15,15051,2026-04-15,SCHEDULED,-60,-1.0
2026-04-16T05:20:28Z,0587112026-04-15,05871,2026-04-15,SCHEDULED,-240,-4.0
2026-04-16T05:20:28Z,1530912026-04-15,15309,2026-04-15,SCHEDULED,420,7.0
2026-04-16T05:20:28Z,1562012026-04-15,15620,2026-04-15,SCHEDULED,1200,20.0
2026-04-16T05:20:28Z,0805812026-04-15,08058,2026-04-15,SCHEDULED,240,4.0
2026-04-16T05:20:28Z,1563112026-04-15,15631,2026-04-15,SCHEDULED,1680,28.0
2026-04-16T05:20:28Z,1572012026-04-15,15720,2026-04-15,SCHEDULED,1380,23.0
2026-04-16T05:20:28Z,0807112026-04-15,08071,2026-04-15,SCHEDULED,360,6.0
2026-04-16T05:20:28Z,1572212026-04-15,15722,2026-04-15,SCHEDULED,600,10.0
2026-04-16T05:20:28Z,0807512026-04-16,08075,2026-04-16,SCHEDULED,180,3.0
2026-04-16T05:20:28Z,1577012026-04-15,15770,2026-04-15,SCHEDULED,300,5.0
2026-04-16T05:20:28Z,0826012026-04-15,08260,2026-04-15,SCHEDULED,420,7.0
2026-04-16T05:20:28Z,1577212026-04-15,15772,2026-04-15,SCHEDULED,180,3.0
2026-04-16T05:20:28Z,0826112026-04-15,08261,2026-04-15,SCHEDULED,720,12.0
2026-04-16T05:20:28Z,1577412026-04-15,15774,2026-04-15,SCHEDULED,300,5.0
2026-04-16T05:20:28Z,0827312026-04-15,08273,2026-04-15,SCHEDULED,180,3.0
2026-04-16T05:20:28Z,0847512026-04-15,08475,2026-04-15,SCHEDULED,-60,-1.0
2026-04-16T05:20:28Z,0866412026-04-16,08664,2026-04-16,SCHEDULED,240,4.0
2026-04-16T05:20:28Z,1590012026-04-15,15900,2026-04-15,SCHEDULED,600,10.0
2026-04-16T05:20:28Z,0807212026-04-15,08072,2026-04-15,SCHEDULED,-240,-4.0
2026-04-16T05:20:28Z,0906712026-04-15,09067,2026-04-15,SCHEDULED,60,1.0
2026-04-16T05:20:28Z,1801012026-04-15,18010,2026-04-15,SCHEDULED,60,1.0
2026-04-16T05:20:28Z,1801022026-04-15,18010,2026-04-15,SCHEDULED,60,1.0
2026-04-16T05:20:28Z,1801032026-04-15,18010,2026-04-15,SCHEDULED,60,1.0
2026-04-16T05:20:28Z,0907222026-04-15,09072,2026-04-15,SCHEDULED,-180,-3.0
2026-04-16T05:20:28Z,0907212026-04-15,09072,2026-04-15,SCHEDULED,-180,-3.0
2026-04-16T05:20:28Z,0907312026-04-15,09073,2026-04-15,SCHEDULED,120,2.0
2026-04-16T05:20:28Z,1601812026-04-15,16018,2026-04-15,SCHEDULED,360,6.0
2026-04-16T05:20:28Z,1702112026-04-15,17021,2026-04-15,SCHEDULED,180,3.0
2026-04-16T05:20:28Z,1710012026-04-15,17100,2026-04-15,SCHEDULED,360,6.0
2026-04-16T05:20:28Z,1722712026-04-15,17227,2026-04-15,SCHEDULED,180,3.0
2026-04-16T05:20:28Z,1750312026-04-15,17503,2026-04-15,SCHEDULED,60,1.0
2026-04-16T05:20:28Z,1261312026-04-15,12613,2026-04-15,SCHEDULED,60,1.0
2026-04-16T05:20:28Z,1261112026-04-15,12611,2026-04-15,SCHEDULED,960,16.0
2026-04-16T05:20:28Z,1770312026-04-15,17703,2026-04-15,SCHEDULED,120,2.0
2026-04-16T05:20:28Z,1300012026-04-15,13000,2026-04-15,SCHEDULED,300,5.0
2026-04-16T05:20:28Z,1781512026-04-15,17815,2026-04-15,SCHEDULED,60,1.0
2026-04-16T05:20:28Z,1300112026-04-15,13001,2026-04-15,SCHEDULED,120,2.0
2026-04-16T05:20:28Z,1803112026-04-15,18031,2026-04-15,SCHEDULED,300,5.0
2026-04-16T05:20:28Z,0807712026-04-15,08077,2026-04-15,SCHEDULED,60,1.0
2026-04-16T05:20:28Z,1303022026-04-15,13030,2026-04-15,SCHEDULED,120,2.0
2026-04-16T05:20:28Z,1303012026-04-15,13030,2026-04-15,SCHEDULED,120,2.0
2026-04-16T05:20:28Z,3560452026-04-15,35604,2026-04-15,SCHEDULED,120,2.0
2026-04-16T05:20:28Z,3560442026-04-15,35604,2026-04-15,SCHEDULED,120,2.0
2026-04-16T05:20:28Z,3560412026-04-15,35604,2026-04-15,SCHEDULED,120,2.0
2026-04-16T05:20:28Z,3560422026-04-15,35604,2026-04-15,SCHEDULED,120,2.0
2026-04-16T05:20:28Z,1304112026-04-15,13041,2026-04-15,SCHEDULED,180,3.0
2026-04-16T05:20:28Z,1248012026-04-15,12480,2026-04-15,SCHEDULED,180,3.0
2026-04-16T05:20:28Z,0029122026-04-16,00291,2026-04-16,SCHEDULED,60,1.0
2026-04-16T05:20:28Z,0029112026-04-16,00291,2026-04-16,SCHEDULED,60,1.0
2026-04-16T05:20:28Z,1877332026-04-15,18773,2026-04-15,SCHEDULED,420,7.0
2026-04-16T05:20:28Z,1877312026-04-15,18773,2026-04-15,SCHEDULED,420,7.0
2026-04-16T05:20:28Z,3586912026-04-15,35869,2026-04-15,SCHEDULED,60,1.0
2026-04-16T05:20:28Z,0075222026-04-16,00752,2026-04-16,SCHEDULED,240,4.0
2026-04-16T05:20:28Z,0075212026-04-16,00752,2026-04-16,SCHEDULED,240,4.0
2026-04-16T05:20:28Z,1241112026-04-15,12411,2026-04-15,SCHEDULED,360,6.0
2026-04-16T05:20:28Z,1251212026-04-15,12512,2026-04-15,SCHEDULED,420,7.0
2026-04-16T05:20:28Z,0075222026-04-16,00752,2026-04-16,SCHEDULED,60,1.0
2026-04-16T05:20:28Z,0075212026-04-16,00752,2026-04-16,SCHEDULED,60,1.0
2026-04-16T05:20:28Z,0107112026-04-15,01071,2026-04-15,SCHEDULED,60,1.0
2026-04-16T05:20:28Z,0107212026-04-16,01072,2026-04-16,SCHEDULED,300,5.0
2026-04-16T05:20:28Z,1565012026-04-15,15650,2026-04-15,SCHEDULED,360,6.0
2026-04-16T05:20:28Z,0108122026-04-15,01081,2026-04-15,SCHEDULED,60,1.0
2026-04-16T05:20:28Z,0108112026-04-15,01081,2026-04-15,SCHEDULED,60,1.0
2026-04-16T05:20:28Z,1575112026-04-15,15751,2026-04-15,SCHEDULED,-120,-2.0
2026-04-16T05:20:28Z,0109212026-04-15,01092,2026-04-15,SCHEDULED,-60,-1.0
2026-04-16T05:20:28Z,0206112026-04-15,02061,2026-04-15,SCHEDULED,120,2.0
2026-04-16T05:20:28Z,0206712026-04-15,02067,2026-04-15,SCHEDULED,-60,-1.0
2026-04-16T05:20:28Z,0207012026-04-15,02070,2026-04-15,SCHEDULED,240,4.0
2026-04-16T05:20:28Z,0207412026-04-16,02074,2026-04-16,SCHEDULED,240,4.0
2026-04-16T05:20:28Z,0207512026-04-16,02075,2026-04-16,SCHEDULED,60,1.0
2026-04-16T05:20:28Z,7186112026-04-15,71861,2026-04-15,SCHEDULED,-60,-1.0
2026-04-16T05:20:28Z,0226112026-04-15,02261,2026-04-15,SCHEDULED,120,2.0
2026-04-16T05:20:28Z,1580412026-04-15,15804,2026-04-15,SCHEDULED,900,15.0
2026-04-16T05:20:28Z,0305212026-04-15,03052,2026-04-15,SCHEDULED,120,2.0
2026-04-16T05:20:28Z,0306012026-04-15,03060,2026-04-15,SCHEDULED,300,5.0
2026-04-16T05:20:28Z,1804112026-04-15,18041,2026-04-15,SCHEDULED,60,1.0
2026-04-16T05:20:28Z,1804612026-04-15,18046,2026-04-15,SCHEDULED,-120,-2.0
2026-04-16T05:20:28Z,0330142026-04-15,03301,2026-04-15,SCHEDULED,420,7.0
2026-04-16T05:20:28Z,0330132026-04-15,03301,2026-04-15,SCHEDULED,420,7.0
2026-04-16T05:20:28Z,0330112026-04-15,03301,2026-04-15,SCHEDULED,420,7.0
2026-04-16T05:20:28Z,0330122026-04-15,03301,2026-04-15,SCHEDULED,420,7.0
2026-04-16T05:20:28Z,1805412026-04-15,18054,2026-04-15,SCHEDULED,300,5.0
2026-04-16T05:20:28Z,1806812026-04-15,18068,2026-04-15,SCHEDULED,60,1.0
2026-04-16T05:20:28Z,0306242026-04-15,03062,2026-04-15,SCHEDULED,180,3.0
2026-04-16T05:20:28Z,0306232026-04-15,03062,2026-04-15,SCHEDULED,180,3.0
2026-04-16T05:20:28Z,0306212026-04-15,03062,2026-04-15,SCHEDULED,180,3.0
2026-04-16T05:20:28Z,0306222026-04-15,03062,2026-04-15,SCHEDULED,180,3.0
2026-04-16T05:20:28Z,1807112026-04-15,18071,2026-04-15,SCHEDULED,300,5.0
2026-04-16T05:20:28Z,0306312026-04-15,03063,2026-04-15,SCHEDULED,240,4.0
2026-04-16T05:20:28Z,0306322026-04-15,03063,2026-04-15,SCHEDULED,240,4.0
2026-04-16T05:20:28Z,0306332026-04-15,03063,2026-04-15,SCHEDULED,240,4.0
2026-04-16T05:20:28Z,0307012026-04-15,03070,2026-04-15,SCHEDULED,-60,-1.0
2026-04-16T05:20:28Z,1800212026-04-15,18002,2026-04-15,SCHEDULED,60,1.0
2026-04-16T05:20:28Z,1800222026-04-15,18002,2026-04-15,SCHEDULED,60,1.0
2026-04-16T05:20:28Z,1800242026-04-15,18002,2026-04-15,SCHEDULED,60,1.0
2026-04-16T05:20:28Z,1806612026-04-15,18066,2026-04-15,SCHEDULED,420,7.0
2026-04-16T05:20:28Z,0306242026-04-15,03062,2026-04-15,SCHEDULED,600,10.0
2026-04-16T05:20:28Z,0306232026-04-15,03062,2026-04-15,SCHEDULED,600,10.0
2026-04-16T05:20:28Z,0306212026-04-15,03062,2026-04-15,SCHEDULED,600,10.0
2026-04-16T05:20:28Z,0306222026-04-15,03062,2026-04-15,SCHEDULED,600,10.0
2026-04-16T05:20:28Z,1812012026-04-15,18120,2026-04-15,SCHEDULED,60,1.0
2026-04-16T05:20:28Z,1812112026-04-15,18121,2026-04-15,SCHEDULED,600,10.0
2026-04-16T05:20:28Z,0366222026-04-15,03662,2026-04-15,SCHEDULED,180,3.0
2026-04-16T05:20:28Z,0366212026-04-15,03662,2026-04-15,SCHEDULED,180,3.0
2026-04-16T05:20:28Z,0405612026-04-16,04056,2026-04-16,SCHEDULED,240,4.0
2026-04-16T05:20:28Z,0406012026-04-15,04060,2026-04-15,SCHEDULED,-180,-3.0
2026-04-16T05:20:28Z,1891012026-04-15,18910,2026-04-15,SCHEDULED,360,6.0
2026-04-16T05:20:28Z,1505012026-04-15,15050,2026-04-15,SCHEDULED,960,16.0
2026-04-16T05:20:28Z,0418642026-04-16,04186,2026-04-16,SCHEDULED,60,1.0
2026-04-16T05:20:28Z,0418632026-04-16,04186,2026-04-16,SCHEDULED,60,1.0
2026-04-16T05:20:28Z,0418612026-04-16,04186,2026-04-16,SCHEDULED,60,1.0
2026-04-16T05:20:28Z,0418622026-04-16,04186,2026-04-16,SCHEDULED,60,1.0
2026-04-16T05:20:28Z,1401812026-04-15,14018,2026-04-15,SCHEDULED,300,5.0
2026-04-16T05:20:28Z,0407222026-04-16,04072,2026-04-16,SCHEDULED,420,7.0
2026-04-16T05:20:28Z,0407212026-04-16,04072,2026-04-16,SCHEDULED,420,7.0
2026-04-16T05:20:28Z,0447512026-04-15,04475,2026-04-15,SCHEDULED,120,2.0
2026-04-16T05:20:28Z,0415422026-04-15,04154,2026-04-15,SCHEDULED,720,12.0
2026-04-16T05:20:28Z,0415412026-04-15,04154,2026-04-15,SCHEDULED,720,12.0
2026-04-16T05:20:28Z,0446412026-04-15,04464,2026-04-15,SCHEDULED,-120,-2.0
2026-04-16T05:20:28Z,0486822026-04-16,04868,2026-04-16,SCHEDULED,-120,-2.0
2026-04-16T05:20:28Z,0486812026-04-16,04868,2026-04-16,SCHEDULED,-120,-2.0
2026-04-16T05:20:28Z,3135812026-04-15,31358,2026-04-15,SCHEDULED,240,4.0
2026-04-16T05:20:28Z,7185112026-04-15,71851,2026-04-15,CANCELED,,
2026-04-16T05:20:28Z,1296312026-04-15,12963,2026-04-15,CANCELED,,
2026-04-16T05:20:28Z,1296212026-04-15,12962,2026-04-15,CANCELED,,
2026-04-16T05:20:28Z,7183112026-04-15,71831,2026-04-15,CANCELED,,
2026-04-16T05:25:26Z,1305112026-04-15,13051,2026-04-15,SCHEDULED,1260,21.0
2026-04-16T05:25:26Z,1395112026-04-15,13951,2026-04-15,SCHEDULED,180,3.0
2026-04-16T05:25:26Z,1320312026-04-15,13203,2026-04-15,SCHEDULED,60,1.0
2026-04-16T05:25:26Z,0486822026-04-16,04868,2026-04-16,SCHEDULED,-120,-2.0
2026-04-16T05:25:26Z,0486812026-04-16,04868,2026-04-16,SCHEDULED,-120,-2.0
2026-04-16T05:25:26Z,1390112026-04-15,13901,2026-04-15,SCHEDULED,-60,-1.0
2026-04-16T05:25:26Z,0506312026-04-15,05063,2026-04-15,SCHEDULED,120,2.0
2026-04-16T05:25:26Z,0506422026-04-15,05064,2026-04-15,SCHEDULED,420,7.0
2026-04-16T05:25:26Z,0506412026-04-15,05064,2026-04-15,SCHEDULED,420,7.0
2026-04-16T05:25:26Z,1412362026-04-15,14123,2026-04-15,SCHEDULED,300,5.0
2026-04-16T05:25:26Z,1412342026-04-15,14123,2026-04-15,SCHEDULED,300,5.0
2026-04-16T05:25:26Z,1412352026-04-15,14123,2026-04-15,SCHEDULED,300,5.0
2026-04-16T05:25:26Z,1412312026-04-15,14123,2026-04-15,SCHEDULED,300,5.0
2026-04-16T05:25:26Z,1412332026-04-15,14123,2026-04-15,SCHEDULED,300,5.0
2026-04-16T05:25:26Z,1412322026-04-15,14123,2026-04-15,SCHEDULED,300,5.0
2026-04-16T05:25:26Z,1451012026-04-15,14510,2026-04-15,SCHEDULED,60,1.0
2026-04-16T05:25:26Z,0506522026-04-15,05065,2026-04-15,SCHEDULED,60,1.0
2026-04-16T05:25:26Z,0506512026-04-15,05065,2026-04-15,SCHEDULED,60,1.0
2026-04-16T05:25:26Z,0507212026-04-15,05072,2026-04-15,SCHEDULED,180,3.0
2026-04-16T05:25:26Z,1504012026-04-15,15040,2026-04-15,SCHEDULED,1140,19.0
2026-04-16T05:25:26Z,1530912026-04-15,15309,2026-04-15,SCHEDULED,360,6.0
2026-04-16T05:25:26Z,0509212026-04-15,05092,2026-04-15,SCHEDULED,60,1.0
2026-04-16T05:25:26Z,0509222026-04-15,05092,2026-04-15,SCHEDULED,60,1.0
2026-04-16T05:25:26Z,0509232026-04-15,05092,2026-04-15,SCHEDULED,60,1.0
2026-04-16T05:25:26Z,1562012026-04-15,15620,2026-04-15,SCHEDULED,1200,20.0
2026-04-16T05:25:26Z,1563112026-04-15,15631,2026-04-15,SCHEDULED,1620,27.0
2026-04-16T05:25:26Z,1572012026-04-15,15720,2026-04-15,SCHEDULED,1380,23.0
2026-04-16T05:25:26Z,1572212026-04-15,15722,2026-04-15,SCHEDULED,720,12.0
2026-04-16T05:25:26Z,0566812026-04-15,05668,2026-04-15,SCHEDULED,780,13.0
2026-04-16T05:25:26Z,1577012026-04-15,15770,2026-04-15,SCHEDULED,300,5.0
2026-04-16T05:25:26Z,1577212026-04-15,15772,2026-04-15,SCHEDULED,180,3.0
2026-04-16T05:25:26Z,0576312026-04-15,05763,2026-04-15,SCHEDULED,-180,-3.0
2026-04-16T05:25:26Z,0576322026-04-15,05763,2026-04-15,SCHEDULED,-180,-3.0
2026-04-16T05:25:26Z,0576332026-04-15,05763,2026-04-15,SCHEDULED,-180,-3.0
2026-04-16T05:25:26Z,1577412026-04-15,15774,2026-04-15,SCHEDULED,300,5.0
2026-04-16T05:25:26Z,1585012026-04-15,15850,2026-04-15,SCHEDULED,-60,-1.0
2026-04-16T05:25:26Z,0805812026-04-15,08058,2026-04-15,SCHEDULED,240,4.0
2026-04-16T05:25:26Z,0806812026-04-15,08068,2026-04-15,SCHEDULED,180,3.0
2026-04-16T05:25:26Z,1590012026-04-15,15900,2026-04-15,SCHEDULED,600,10.0
2026-04-16T05:25:26Z,0807112026-04-15,08071,2026-04-15,SCHEDULED,600,10.0
2026-04-16T05:25:26Z,1801012026-04-15,18010,2026-04-15,SCHEDULED,60,1.0
2026-04-16T05:25:26Z,1801022026-04-15,18010,2026-04-15,SCHEDULED,60,1.0
2026-04-16T05:25:26Z,1801032026-04-15,18010,2026-04-15,SCHEDULED,60,1.0
2026-04-16T05:25:26Z,0807512026-04-16,08075,2026-04-16,SCHEDULED,120,2.0
2026-04-16T05:25:26Z,1620712026-04-15,16207,2026-04-15,SCHEDULED,60,1.0
2026-04-16T05:25:26Z,0826012026-04-15,08260,2026-04-15,SCHEDULED,420,7.0
2026-04-16T05:25:26Z,1601812026-04-15,16018,2026-04-15,SCHEDULED,360,6.0
2026-04-16T05:25:26Z,0826112026-04-15,08261,2026-04-15,SCHEDULED,660,11.0
2026-04-16T05:25:26Z,1700812026-04-15,17008,2026-04-15,SCHEDULED,480,8.0
2026-04-16T05:25:26Z,0827112026-04-15,08271,2026-04-15,SCHEDULED,180,3.0
2026-04-16T05:25:26Z,1702112026-04-15,17021,2026-04-15,SCHEDULED,180,3.0
2026-04-16T05:25:26Z,0847512026-04-15,08475,2026-04-15,SCHEDULED,-60,-1.0
2026-04-16T05:25:26Z,1710012026-04-15,17100,2026-04-15,SCHEDULED,300,5.0
2026-04-16T05:25:26Z,0866412026-04-16,08664,2026-04-16,SCHEDULED,240,4.0
2026-04-16T05:25:26Z,1720112026-04-15,17201,2026-04-15,SCHEDULED,60,1.0
2026-04-16T05:25:26Z,0807212026-04-15,08072,2026-04-15,SCHEDULED,-240,-4.0
2026-04-16T05:25:26Z,1722712026-04-15,17227,2026-04-15,SCHEDULED,240,4.0
2026-04-16T05:25:26Z,0906712026-04-15,09067,2026-04-15,SCHEDULED,60,1.0
2026-04-16T05:25:26Z,1750312026-04-15,17503,2026-04-15,SCHEDULED,60,1.0
2026-04-16T05:25:26Z,1770312026-04-15,17703,2026-04-15,SCHEDULED,120,2.0
2026-04-16T05:25:26Z,0907222026-04-15,09072,2026-04-15,SCHEDULED,-120,-2.0
2026-04-16T05:25:26Z,0907212026-04-15,09072,2026-04-15,SCHEDULED,-120,-2.0
2026-04-16T05:25:26Z,1781512026-04-15,17815,2026-04-15,SCHEDULED,60,1.0
2026-04-16T05:25:26Z,0907312026-04-15,09073,2026-04-15,SCHEDULED,120,2.0
2026-04-16T05:25:26Z,1800112026-04-15,18001,2026-04-15,SCHEDULED,240,4.0
2026-04-16T05:25:26Z,0907512026-04-15,09075,2026-04-15,SCHEDULED,60,1.0
2026-04-16T05:25:26Z,3560452026-04-15,35604,2026-04-15,SCHEDULED,180,3.0
2026-04-16T05:25:26Z,3560442026-04-15,35604,2026-04-15,SCHEDULED,180,3.0
2026-04-16T05:25:26Z,3560412026-04-15,35604,2026-04-15,SCHEDULED,180,3.0
2026-04-16T05:25:26Z,3560422026-04-15,35604,2026-04-15,SCHEDULED,180,3.0
2026-04-16T05:25:26Z,1248012026-04-15,12480,2026-04-15,SCHEDULED,120,2.0
2026-04-16T05:25:26Z,1877332026-04-15,18773,2026-04-15,SCHEDULED,480,8.0
2026-04-16T05:25:26Z,1877312026-04-15,18773,2026-04-15,SCHEDULED,480,8.0
2026-04-16T05:25:26Z,1261312026-04-15,12613,2026-04-15,SCHEDULED,-120,-2.0
2026-04-16T05:25:26Z,1833122026-04-15,18331,2026-04-15,SCHEDULED,-120,-2.0
2026-04-16T05:25:26Z,1833112026-04-15,18331,2026-04-15,SCHEDULED,-120,-2.0
2026-04-16T05:25:26Z,1261112026-04-15,12611,2026-04-15,SCHEDULED,960,16.0
2026-04-16T05:25:26Z,1241112026-04-15,12411,2026-04-15,SCHEDULED,240,4.0
2026-04-16T05:25:26Z,1251212026-04-15,12512,2026-04-15,SCHEDULED,420,7.0
2026-04-16T05:25:26Z,1300012026-04-15,13000,2026-04-15,SCHEDULED,240,4.0
2026-04-16T05:25:26Z,1565012026-04-15,15650,2026-04-15,SCHEDULED,300,5.0
2026-04-16T05:25:26Z,1300112026-04-15,13001,2026-04-15,SCHEDULED,360,6.0
2026-04-16T05:25:26Z,1300322026-04-15,13003,2026-04-15,SCHEDULED,120,2.0
2026-04-16T05:25:26Z,1300312026-04-15,13003,2026-04-15,SCHEDULED,120,2.0
2026-04-16T05:25:26Z,1303022026-04-15,13030,2026-04-15,SCHEDULED,60,1.0
2026-04-16T05:25:26Z,1303012026-04-15,13030,2026-04-15,SCHEDULED,60,1.0
2026-04-16T05:25:26Z,1304112026-04-15,13041,2026-04-15,SCHEDULED,300,5.0
2026-04-16T05:25:26Z,7182012026-04-15,71820,2026-04-15,SCHEDULED,180,3.0
2026-04-16T05:25:26Z,0029122026-04-16,00291,2026-04-16,SCHEDULED,60,1.0
2026-04-16T05:25:26Z,0029112026-04-16,00291,2026-04-16,SCHEDULED,60,1.0
2026-04-16T05:25:26Z,7186112026-04-15,71861,2026-04-15,SCHEDULED,240,4.0
2026-04-16T05:25:26Z,1580412026-04-15,15804,2026-04-15,SCHEDULED,960,16.0
2026-04-16T05:25:26Z,0029322026-04-16,00293,2026-04-16,SCHEDULED,60,1.0
2026-04-16T05:25:26Z,0029312026-04-16,00293,2026-04-16,SCHEDULED,60,1.0
2026-04-16T05:25:26Z,1580612026-04-15,15806,2026-04-15,SCHEDULED,180,3.0
2026-04-16T05:25:26Z,0075222026-04-16,00752,2026-04-16,SCHEDULED,240,4.0
2026-04-16T05:25:26Z,0075212026-04-16,00752,2026-04-16,SCHEDULED,240,4.0
2026-04-16T05:25:26Z,1803112026-04-15,18031,2026-04-15,SCHEDULED,300,5.0
2026-04-16T05:25:26Z,1804112026-04-15,18041,2026-04-15,SCHEDULED,60,1.0
2026-04-16T05:25:26Z,0075222026-04-16,00752,2026-04-16,SCHEDULED,60,1.0
2026-04-16T05:25:26Z,0075212026-04-16,00752,2026-04-16,SCHEDULED,60,1.0
2026-04-16T05:25:26Z,1804612026-04-15,18046,2026-04-15,SCHEDULED,-120,-2.0
2026-04-16T05:25:26Z,3460912026-04-15,34609,2026-04-15,SCHEDULED,2280,38.0
2026-04-16T05:25:26Z,0107112026-04-15,01071,2026-04-15,SCHEDULED,60,1.0
2026-04-16T05:25:26Z,1805412026-04-15,18054,2026-04-15,SCHEDULED,300,5.0
2026-04-16T05:25:26Z,0107212026-04-16,01072,2026-04-16,SCHEDULED,240,4.0
2026-04-16T05:25:26Z,1806812026-04-15,18068,2026-04-15,SCHEDULED,60,1.0
2026-04-16T05:25:26Z,1807112026-04-15,18071,2026-04-15,SCHEDULED,240,4.0
2026-04-16T05:25:26Z,0108122026-04-15,01081,2026-04-15,SCHEDULED,60,1.0
2026-04-16T05:25:26Z,0108112026-04-15,01081,2026-04-15,SCHEDULED,60,1.0
2026-04-16T05:25:26Z,1807212026-04-15,18072,2026-04-15,SCHEDULED,-120,-2.0
2026-04-16T05:25:26Z,0109212026-04-15,01092,2026-04-15,SCHEDULED,120,2.0
2026-04-16T05:25:26Z,0206112026-04-15,02061,2026-04-15,SCHEDULED,120,2.0
2026-04-16T05:25:26Z,0206712026-04-15,02067,2026-04-15,SCHEDULED,120,2.0
2026-04-16T05:25:26Z,0207012026-04-15,02070,2026-04-15,SCHEDULED,180,3.0
2026-04-16T05:25:26Z,0207112026-04-15,02071,2026-04-15,SCHEDULED,120,2.0
2026-04-16T05:25:26Z,1800212026-04-15,18002,2026-04-15,SCHEDULED,60,1.0
2026-04-16T05:25:26Z,1800222026-04-15,18002,2026-04-15,SCHEDULED,60,1.0
2026-04-16T05:25:26Z,1800242026-04-15,18002,2026-04-15,SCHEDULED,60,1.0
2026-04-16T05:25:26Z,0207412026-04-16,02074,2026-04-16,SCHEDULED,180,3.0
2026-04-16T05:25:26Z,1806612026-04-15,18066,2026-04-15,SCHEDULED,420,7.0
2026-04-16T05:25:26Z,0207512026-04-16,02075,2026-04-16,SCHEDULED,60,1.0
2026-04-16T05:25:26Z,1812112026-04-15,18121,2026-04-15,SCHEDULED,540,9.0
2026-04-16T05:25:26Z,1821612026-04-15,18216,2026-04-15,SCHEDULED,60,1.0
2026-04-16T05:25:26Z,0207612026-04-15,02076,2026-04-15,SCHEDULED,180,3.0
2026-04-16T05:25:26Z,0226112026-04-15,02261,2026-04-15,SCHEDULED,120,2.0
2026-04-16T05:25:26Z,0305212026-04-15,03052,2026-04-15,SCHEDULED,60,1.0
2026-04-16T05:25:26Z,1891012026-04-15,18910,2026-04-15,SCHEDULED,420,7.0
2026-04-16T05:25:26Z,1443012026-04-15,14430,2026-04-15,SCHEDULED,540,9.0
2026-04-16T05:25:26Z,0306012026-04-15,03060,2026-04-15,SCHEDULED,300,5.0
2026-04-16T05:25:26Z,1505012026-04-15,15050,2026-04-15,SCHEDULED,960,16.0
2026-04-16T05:25:26Z,1600012026-04-15,16000,2026-04-15,SCHEDULED,60,1.0
2026-04-16T05:25:26Z,0330142026-04-15,03301,2026-04-15,SCHEDULED,480,8.0
2026-04-16T05:25:26Z,0330132026-04-15,03301,2026-04-15,SCHEDULED,480,8.0
2026-04-16T05:25:26Z,0330112026-04-15,03301,2026-04-15,SCHEDULED,480,8.0
2026-04-16T05:25:26Z,0330122026-04-15,03301,2026-04-15,SCHEDULED,480,8.0
2026-04-16T05:25:26Z,1401812026-04-15,14018,2026-04-15,SCHEDULED,300,5.0
2026-04-16T05:25:26Z,0306242026-04-15,03062,2026-04-15,SCHEDULED,120,2.0
2026-04-16T05:25:26Z,0306232026-04-15,03062,2026-04-15,SCHEDULED,120,2.0
2026-04-16T05:25:26Z,0306212026-04-15,03062,2026-04-15,SCHEDULED,120,2.0
2026-04-16T05:25:26Z,0306222026-04-15,03062,2026-04-15,SCHEDULED,120,2.0
2026-04-16T05:25:26Z,0306312026-04-15,03063,2026-04-15,SCHEDULED,240,4.0
2026-04-16T05:25:26Z,0306322026-04-15,03063,2026-04-15,SCHEDULED,240,4.0
2026-04-16T05:25:26Z,0306332026-04-15,03063,2026-04-15,SCHEDULED,240,4.0
2026-04-16T05:25:26Z,0307012026-04-15,03070,2026-04-15,SCHEDULED,-60,-1.0
2026-04-16T05:25:26Z,0307112026-04-15,03071,2026-04-15,SCHEDULED,-60,-1.0
2026-04-16T05:25:26Z,0306242026-04-15,03062,2026-04-15,SCHEDULED,660,11.0
2026-04-16T05:25:26Z,0306232026-04-15,03062,2026-04-15,SCHEDULED,660,11.0
2026-04-16T05:25:26Z,0306212026-04-15,03062,2026-04-15,SCHEDULED,660,11.0
2026-04-16T05:25:26Z,0306222026-04-15,03062,2026-04-15,SCHEDULED,660,11.0
2026-04-16T05:25:26Z,0366222026-04-15,03662,2026-04-15,SCHEDULED,180,3.0
2026-04-16T05:25:26Z,0366212026-04-15,03662,2026-04-15,SCHEDULED,180,3.0
2026-04-16T05:25:26Z,0405612026-04-16,04056,2026-04-16,SCHEDULED,240,4.0
2026-04-16T05:25:26Z,0406012026-04-15,04060,2026-04-15,SCHEDULED,-300,-5.0
2026-04-16T05:25:26Z,0418642026-04-16,04186,2026-04-16,SCHEDULED,60,1.0
2026-04-16T05:25:26Z,0418632026-04-16,04186,2026-04-16,SCHEDULED,60,1.0
2026-04-16T05:25:26Z,0418612026-04-16,04186,2026-04-16,SCHEDULED,60,1.0
2026-04-16T05:25:26Z,0418622026-04-16,04186,2026-04-16,SCHEDULED,60,1.0
2026-04-16T05:25:26Z,0408812026-04-16,04088,2026-04-16,SCHEDULED,-120,-2.0
2026-04-16T05:25:26Z,0408822026-04-16,04088,2026-04-16,SCHEDULED,-120,-2.0
2026-04-16T05:25:26Z,0408832026-04-16,04088,2026-04-16,SCHEDULED,-120,-2.0
2026-04-16T05:25:26Z,0407222026-04-16,04072,2026-04-16,SCHEDULED,420,7.0
2026-04-16T05:25:26Z,0407212026-04-16,04072,2026-04-16,SCHEDULED,420,7.0
2026-04-16T05:25:26Z,0447512026-04-15,04475,2026-04-15,SCHEDULED,120,2.0
2026-04-16T05:25:26Z,0415422026-04-15,04154,2026-04-15,SCHEDULED,720,12.0
2026-04-16T05:25:26Z,0415412026-04-15,04154,2026-04-15,SCHEDULED,720,12.0
2026-04-16T05:25:26Z,0446412026-04-15,04464,2026-04-15,SCHEDULED,-120,-2.0
2026-04-16T05:25:26Z,1296312026-04-15,12963,2026-04-15,CANCELED,,
2026-04-16T05:25:26Z,7185112026-04-15,71851,2026-04-15,CANCELED,,
2026-04-16T05:25:26Z,7183112026-04-15,71831,2026-04-15,CANCELED,,
2026-04-16T05:25:26Z,1296212026-04-15,12962,2026-04-15,CANCELED,,
2026-04-16T05:30:35Z,1303022026-04-15,13030,2026-04-15,SCHEDULED,60,1.0
2026-04-16T05:30:35Z,1303012026-04-15,13030,2026-04-15,SCHEDULED,60,1.0
2026-04-16T05:30:35Z,0486822026-04-16,04868,2026-04-16,SCHEDULED,-120,-2.0
2026-04-16T05:30:35Z,0486812026-04-16,04868,2026-04-16,SCHEDULED,-120,-2.0
2026-04-16T05:30:35Z,1304112026-04-15,13041,2026-04-15,SCHEDULED,300,5.0
2026-04-16T05:30:35Z,0506312026-04-15,05063,2026-04-15,SCHEDULED,60,1.0
2026-04-16T05:30:35Z,1305112026-04-15,13051,2026-04-15,SCHEDULED,1260,21.0
2026-04-16T05:30:35Z,0506422026-04-15,05064,2026-04-15,SCHEDULED,420,7.0
2026-04-16T05:30:35Z,0506412026-04-15,05064,2026-04-15,SCHEDULED,420,7.0
2026-04-16T05:30:35Z,1395112026-04-15,13951,2026-04-15,SCHEDULED,240,4.0
2026-04-16T05:30:35Z,0507212026-04-15,05072,2026-04-15,SCHEDULED,240,4.0
2026-04-16T05:30:35Z,1390112026-04-15,13901,2026-04-15,SCHEDULED,-120,-2.0
2026-04-16T05:30:35Z,0509212026-04-15,05092,2026-04-15,SCHEDULED,60,1.0
2026-04-16T05:30:35Z,0509222026-04-15,05092,2026-04-15,SCHEDULED,60,1.0
2026-04-16T05:30:35Z,0509232026-04-15,05092,2026-04-15,SCHEDULED,60,1.0
2026-04-16T05:30:35Z,0527322026-04-15,05273,2026-04-15,SCHEDULED,300,5.0
2026-04-16T05:30:35Z,0527312026-04-15,05273,2026-04-15,SCHEDULED,300,5.0
2026-04-16T05:30:35Z,1412362026-04-15,14123,2026-04-15,SCHEDULED,480,8.0
2026-04-16T05:30:35Z,1412342026-04-15,14123,2026-04-15,SCHEDULED,480,8.0
2026-04-16T05:30:35Z,1412352026-04-15,14123,2026-04-15,SCHEDULED,480,8.0
2026-04-16T05:30:35Z,1412312026-04-15,14123,2026-04-15,SCHEDULED,480,8.0
2026-04-16T05:30:35Z,1412332026-04-15,14123,2026-04-15,SCHEDULED,480,8.0
2026-04-16T05:30:35Z,1412322026-04-15,14123,2026-04-15,SCHEDULED,480,8.0
2026-04-16T05:30:35Z,0508042026-04-15,05080,2026-04-15,SCHEDULED,420,7.0
2026-04-16T05:30:35Z,0508032026-04-15,05080,2026-04-15,SCHEDULED,420,7.0
2026-04-16T05:30:35Z,0508012026-04-15,05080,2026-04-15,SCHEDULED,420,7.0
2026-04-16T05:30:35Z,0508022026-04-15,05080,2026-04-15,SCHEDULED,420,7.0
2026-04-16T05:30:35Z,0566812026-04-15,05668,2026-04-15,SCHEDULED,780,13.0
2026-04-16T05:30:35Z,1504012026-04-15,15040,2026-04-15,SCHEDULED,1140,19.0
2026-04-16T05:30:35Z,1505112026-04-15,15051,2026-04-15,SCHEDULED,-60,-1.0
2026-04-16T05:30:35Z,0576312026-04-15,05763,2026-04-15,SCHEDULED,-180,-3.0
2026-04-16T05:30:35Z,0576322026-04-15,05763,2026-04-15,SCHEDULED,-180,-3.0
2026-04-16T05:30:35Z,0576332026-04-15,05763,2026-04-15,SCHEDULED,-180,-3.0
2026-04-16T05:30:35Z,1530912026-04-15,15309,2026-04-15,SCHEDULED,300,5.0
2026-04-16T05:30:35Z,0587112026-04-15,05871,2026-04-15,SCHEDULED,-60,-1.0
2026-04-16T05:30:35Z,1562012026-04-15,15620,2026-04-15,SCHEDULED,1200,20.0
2026-04-16T05:30:35Z,0806812026-04-15,08068,2026-04-15,SCHEDULED,180,3.0
2026-04-16T05:30:35Z,1563112026-04-15,15631,2026-04-15,SCHEDULED,1740,29.0
2026-04-16T05:30:35Z,0807112026-04-15,08071,2026-04-15,SCHEDULED,720,12.0
2026-04-16T05:30:35Z,0807312026-04-15,08073,2026-04-15,SCHEDULED,120,2.0
2026-04-16T05:30:35Z,1572012026-04-15,15720,2026-04-15,SCHEDULED,1320,22.0
2026-04-16T05:30:35Z,0807512026-04-16,08075,2026-04-16,SCHEDULED,120,2.0
2026-04-16T05:30:35Z,1572212026-04-15,15722,2026-04-15,SCHEDULED,720,12.0
2026-04-16T05:30:35Z,0807812026-04-15,08078,2026-04-15,SCHEDULED,180,3.0
2026-04-16T05:30:35Z,0826012026-04-15,08260,2026-04-15,SCHEDULED,420,7.0
2026-04-16T05:30:35Z,1577012026-04-15,15770,2026-04-15,SCHEDULED,600,10.0
2026-04-16T05:30:35Z,0826112026-04-15,08261,2026-04-15,SCHEDULED,540,9.0
2026-04-16T05:30:35Z,1577212026-04-15,15772,2026-04-15,SCHEDULED,420,7.0
2026-04-16T05:30:35Z,1577412026-04-15,15774,2026-04-15,SCHEDULED,300,5.0
2026-04-16T05:30:35Z,0827112026-04-15,08271,2026-04-15,SCHEDULED,180,3.0
2026-04-16T05:30:35Z,0847512026-04-15,08475,2026-04-15,SCHEDULED,-60,-1.0
2026-04-16T05:30:35Z,0866412026-04-16,08664,2026-04-16,SCHEDULED,360,6.0
2026-04-16T05:30:35Z,1590012026-04-15,15900,2026-04-15,SCHEDULED,600,10.0
2026-04-16T05:30:35Z,0807212026-04-15,08072,2026-04-15,SCHEDULED,-240,-4.0
2026-04-16T05:30:35Z,0906712026-04-15,09067,2026-04-15,SCHEDULED,60,1.0
2026-04-16T05:30:35Z,1801012026-04-15,18010,2026-04-15,SCHEDULED,60,1.0
2026-04-16T05:30:35Z,1801022026-04-15,18010,2026-04-15,SCHEDULED,60,1.0
2026-04-16T05:30:35Z,1801032026-04-15,18010,2026-04-15,SCHEDULED,60,1.0
2026-04-16T05:30:35Z,1620712026-04-15,16207,2026-04-15,SCHEDULED,60,1.0
2026-04-16T05:30:35Z,1601812026-04-15,16018,2026-04-15,SCHEDULED,360,6.0
2026-04-16T05:30:35Z,0907312026-04-15,09073,2026-04-15,SCHEDULED,120,2.0
2026-04-16T05:30:35Z,1700812026-04-15,17008,2026-04-15,SCHEDULED,600,10.0
2026-04-16T05:30:35Z,0907512026-04-15,09075,2026-04-15,SCHEDULED,60,1.0
2026-04-16T05:30:35Z,1702112026-04-15,17021,2026-04-15,SCHEDULED,180,3.0
2026-04-16T05:30:35Z,0947012026-04-15,09470,2026-04-15,SCHEDULED,840,14.0
2026-04-16T05:30:35Z,1704212026-04-15,17042,2026-04-15,SCHEDULED,120,2.0
2026-04-16T05:30:35Z,1720112026-04-15,17201,2026-04-15,SCHEDULED,60,1.0
2026-04-16T05:30:35Z,1722712026-04-15,17227,2026-04-15,SCHEDULED,180,3.0
2026-04-16T05:30:35Z,0063142026-04-16,00631,2026-04-16,SCHEDULED,120,2.0
2026-04-16T05:30:35Z,0063132026-04-16,00631,2026-04-16,SCHEDULED,120,2.0
2026-04-16T05:30:35Z,0063112026-04-16,00631,2026-04-16,SCHEDULED,120,2.0
2026-04-16T05:30:35Z,0063122026-04-16,00631,2026-04-16,SCHEDULED,120,2.0
2026-04-16T05:30:35Z,1750312026-04-15,17503,2026-04-15,SCHEDULED,60,1.0
2026-04-16T05:30:35Z,1770312026-04-15,17703,2026-04-15,SCHEDULED,180,3.0
2026-04-16T05:30:35Z,1210112026-04-15,12101,2026-04-15,SCHEDULED,-60,-1.0
2026-04-16T05:30:35Z,1210122026-04-15,12101,2026-04-15,SCHEDULED,-60,-1.0
2026-04-16T05:30:35Z,1210142026-04-15,12101,2026-04-15,SCHEDULED,-60,-1.0
2026-04-16T05:30:35Z,1261312026-04-15,12613,2026-04-15,SCHEDULED,-120,-2.0
2026-04-16T05:30:35Z,1781512026-04-15,17815,2026-04-15,SCHEDULED,60,1.0
2026-04-16T05:30:35Z,1261112026-04-15,12611,2026-04-15,SCHEDULED,960,16.0
2026-04-16T05:30:35Z,1800112026-04-15,18001,2026-04-15,SCHEDULED,240,4.0
2026-04-16T05:30:35Z,1803112026-04-15,18031,2026-04-15,SCHEDULED,300,5.0
2026-04-16T05:30:35Z,1300012026-04-15,13000,2026-04-15,SCHEDULED,240,4.0
2026-04-16T05:30:35Z,1804112026-04-15,18041,2026-04-15,SCHEDULED,60,1.0
2026-04-16T05:30:35Z,1300112026-04-15,13001,2026-04-15,SCHEDULED,360,6.0
2026-04-16T05:30:35Z,1804612026-04-15,18046,2026-04-15,SCHEDULED,-60,-1.0
2026-04-16T05:30:35Z,1805412026-04-15,18054,2026-04-15,SCHEDULED,1020,17.0
2026-04-16T05:30:35Z,1300322026-04-15,13003,2026-04-15,SCHEDULED,60,1.0
2026-04-16T05:30:35Z,1300312026-04-15,13003,2026-04-15,SCHEDULED,60,1.0
2026-04-16T05:30:35Z,1807112026-04-15,18071,2026-04-15,SCHEDULED,240,4.0
2026-04-16T05:30:35Z,1807212026-04-15,18072,2026-04-15,SCHEDULED,-60,-1.0
2026-04-16T05:30:35Z,0029122026-04-16,00291,2026-04-16,SCHEDULED,180,3.0
2026-04-16T05:30:35Z,0029112026-04-16,00291,2026-04-16,SCHEDULED,180,3.0
2026-04-16T05:30:35Z,1800212026-04-15,18002,2026-04-15,SCHEDULED,60,1.0
2026-04-16T05:30:35Z,1800222026-04-15,18002,2026-04-15,SCHEDULED,60,1.0
2026-04-16T05:30:35Z,1800242026-04-15,18002,2026-04-15,SCHEDULED,60,1.0
2026-04-16T05:30:35Z,1806612026-04-15,18066,2026-04-15,SCHEDULED,420,7.0
2026-04-16T05:30:35Z,0053322026-04-16,00533,2026-04-16,SCHEDULED,120,2.0
2026-04-16T05:30:35Z,0053312026-04-16,00533,2026-04-16,SCHEDULED,120,2.0
2026-04-16T05:30:35Z,1812112026-04-15,18121,2026-04-15,SCHEDULED,480,8.0
2026-04-16T05:30:35Z,0075222026-04-16,00752,2026-04-16,SCHEDULED,300,5.0
2026-04-16T05:30:35Z,0075212026-04-16,00752,2026-04-16,SCHEDULED,300,5.0
2026-04-16T05:30:35Z,1821612026-04-15,18216,2026-04-15,SCHEDULED,60,1.0
2026-04-16T05:30:35Z,0075222026-04-16,00752,2026-04-16,SCHEDULED,120,2.0
2026-04-16T05:30:35Z,0075212026-04-16,00752,2026-04-16,SCHEDULED,120,2.0
2026-04-16T05:30:35Z,3460912026-04-15,34609,2026-04-15,SCHEDULED,2400,40.0
2026-04-16T05:30:35Z,1891012026-04-15,18910,2026-04-15,SCHEDULED,420,7.0
2026-04-16T05:30:35Z,0107112026-04-15,01071,2026-04-15,SCHEDULED,60,1.0
2026-04-16T05:30:35Z,1443012026-04-15,14430,2026-04-15,SCHEDULED,600,10.0
2026-04-16T05:30:35Z,1500012026-04-15,15000,2026-04-15,SCHEDULED,420,7.0
2026-04-16T05:30:35Z,1505012026-04-15,15050,2026-04-15,SCHEDULED,960,16.0
2026-04-16T05:30:35Z,1600012026-04-15,16000,2026-04-15,SCHEDULED,60,1.0
2026-04-16T05:30:35Z,0107212026-04-16,01072,2026-04-16,SCHEDULED,180,3.0
2026-04-16T05:30:35Z,1401812026-04-15,14018,2026-04-15,SCHEDULED,300,5.0
2026-04-16T05:30:35Z,0807712026-04-15,08077,2026-04-15,SCHEDULED,120,2.0
2026-04-16T05:30:35Z,0108122026-04-15,01081,2026-04-15,SCHEDULED,180,3.0
2026-04-16T05:30:35Z,0108112026-04-15,01081,2026-04-15,SCHEDULED,180,3.0
2026-04-16T05:30:35Z,0109212026-04-15,01092,2026-04-15,SCHEDULED,120,2.0
2026-04-16T05:30:35Z,3560452026-04-15,35604,2026-04-15,SCHEDULED,180,3.0
2026-04-16T05:30:35Z,3560442026-04-15,35604,2026-04-15,SCHEDULED,180,3.0
2026-04-16T05:30:35Z,3560412026-04-15,35604,2026-04-15,SCHEDULED,180,3.0
2026-04-16T05:30:35Z,3560422026-04-15,35604,2026-04-15,SCHEDULED,180,3.0
2026-04-16T05:30:35Z,1248012026-04-15,12480,2026-04-15,SCHEDULED,120,2.0
2026-04-16T05:30:35Z,0206112026-04-15,02061,2026-04-15,SCHEDULED,60,1.0
2026-04-16T05:30:35Z,0206712026-04-15,02067,2026-04-15,SCHEDULED,240,4.0
2026-04-16T05:30:35Z,1877332026-04-15,18773,2026-04-15,SCHEDULED,480,8.0
2026-04-16T05:30:35Z,1877312026-04-15,18773,2026-04-15,SCHEDULED,480,8.0
2026-04-16T05:30:35Z,0207012026-04-15,02070,2026-04-15,SCHEDULED,180,3.0
2026-04-16T05:30:35Z,0207112026-04-15,02071,2026-04-15,SCHEDULED,180,3.0
2026-04-16T05:30:35Z,0207412026-04-16,02074,2026-04-16,SCHEDULED,120,2.0
2026-04-16T05:30:35Z,1833122026-04-15,18331,2026-04-15,SCHEDULED,60,1.0
2026-04-16T05:30:35Z,1833112026-04-15,18331,2026-04-15,SCHEDULED,60,1.0
2026-04-16T05:30:35Z,0207512026-04-16,02075,2026-04-16,SCHEDULED,180,3.0
2026-04-16T05:30:35Z,1241112026-04-15,12411,2026-04-15,SCHEDULED,300,5.0
2026-04-16T05:30:35Z,0207612026-04-15,02076,2026-04-15,SCHEDULED,180,3.0
2026-04-16T05:30:35Z,1251212026-04-15,12512,2026-04-15,SCHEDULED,420,7.0
2026-04-16T05:30:35Z,0226112026-04-15,02261,2026-04-15,SCHEDULED,120,2.0
2026-04-16T05:30:35Z,0305212026-04-15,03052,2026-04-15,SCHEDULED,120,2.0
2026-04-16T05:30:35Z,1565012026-04-15,15650,2026-04-15,SCHEDULED,180,3.0
2026-04-16T05:30:35Z,0306012026-04-15,03060,2026-04-15,SCHEDULED,300,5.0
2026-04-16T05:30:35Z,1575112026-04-15,15751,2026-04-15,SCHEDULED,120,2.0
2026-04-16T05:30:35Z,0330142026-04-15,03301,2026-04-15,SCHEDULED,480,8.0
2026-04-16T05:30:35Z,0330132026-04-15,03301,2026-04-15,SCHEDULED,480,8.0
2026-04-16T05:30:35Z,0330112026-04-15,03301,2026-04-15,SCHEDULED,480,8.0
2026-04-16T05:30:35Z,0330122026-04-15,03301,2026-04-15,SCHEDULED,480,8.0
2026-04-16T05:30:35Z,7182012026-04-15,71820,2026-04-15,SCHEDULED,120,2.0
2026-04-16T05:30:35Z,7186112026-04-15,71861,2026-04-15,SCHEDULED,240,4.0
2026-04-16T05:30:35Z,0306242026-04-15,03062,2026-04-15,SCHEDULED,120,2.0
2026-04-16T05:30:35Z,0306232026-04-15,03062,2026-04-15,SCHEDULED,120,2.0
2026-04-16T05:30:35Z,0306212026-04-15,03062,2026-04-15,SCHEDULED,120,2.0
2026-04-16T05:30:35Z,0306222026-04-15,03062,2026-04-15,SCHEDULED,120,2.0
2026-04-16T05:30:35Z,1580412026-04-15,15804,2026-04-15,SCHEDULED,840,14.0
2026-04-16T05:30:35Z,1580612026-04-15,15806,2026-04-15,SCHEDULED,180,3.0
2026-04-16T05:30:35Z,0306312026-04-15,03063,2026-04-15,SCHEDULED,360,6.0
2026-04-16T05:30:35Z,0306322026-04-15,03063,2026-04-15,SCHEDULED,360,6.0
2026-04-16T05:30:35Z,0306332026-04-15,03063,2026-04-15,SCHEDULED,360,6.0
2026-04-16T05:30:35Z,0307012026-04-15,03070,2026-04-15,SCHEDULED,-60,-1.0
2026-04-16T05:30:35Z,0307112026-04-15,03071,2026-04-15,SCHEDULED,-60,-1.0
2026-04-16T05:30:35Z,0307322026-04-15,03073,2026-04-15,SCHEDULED,60,1.0
2026-04-16T05:30:35Z,0307312026-04-15,03073,2026-04-15,SCHEDULED,60,1.0
2026-04-16T05:30:35Z,0306242026-04-15,03062,2026-04-15,SCHEDULED,600,10.0
2026-04-16T05:30:35Z,0306232026-04-15,03062,2026-04-15,SCHEDULED,600,10.0
2026-04-16T05:30:35Z,0306212026-04-15,03062,2026-04-15,SCHEDULED,600,10.0
2026-04-16T05:30:35Z,0306222026-04-15,03062,2026-04-15,SCHEDULED,600,10.0
2026-04-16T05:30:35Z,0366222026-04-15,03662,2026-04-15,SCHEDULED,180,3.0
2026-04-16T05:30:35Z,0366212026-04-15,03662,2026-04-15,SCHEDULED,180,3.0
2026-04-16T05:30:35Z,0405612026-04-16,04056,2026-04-16,SCHEDULED,180,3.0
2026-04-16T05:30:35Z,0406012026-04-15,04060,2026-04-15,SCHEDULED,-420,-7.0
2026-04-16T05:30:35Z,0426112026-04-16,04261,2026-04-16,SCHEDULED,-60,-1.0
2026-04-16T05:30:35Z,0418642026-04-16,04186,2026-04-16,SCHEDULED,60,1.0
2026-04-16T05:30:35Z,0418632026-04-16,04186,2026-04-16,SCHEDULED,60,1.0
2026-04-16T05:30:35Z,0418612026-04-16,04186,2026-04-16,SCHEDULED,60,1.0
2026-04-16T05:30:35Z,0418622026-04-16,04186,2026-04-16,SCHEDULED,60,1.0
2026-04-16T05:30:35Z,0407222026-04-16,04072,2026-04-16,SCHEDULED,360,6.0
2026-04-16T05:30:35Z,0407212026-04-16,04072,2026-04-16,SCHEDULED,360,6.0
2026-04-16T05:30:35Z,0415422026-04-15,04154,2026-04-15,SCHEDULED,660,11.0
2026-04-16T05:30:35Z,0415412026-04-15,04154,2026-04-15,SCHEDULED,660,11.0
2026-04-16T05:30:35Z,0446412026-04-15,04464,2026-04-15,SCHEDULED,60,1.0
2026-04-16T05:30:35Z,1296312026-04-15,12963,2026-04-15,CANCELED,,
2026-04-16T05:30:35Z,7185112026-04-15,71851,2026-04-15,CANCELED,,
2026-04-16T05:30:35Z,7183112026-04-15,71831,2026-04-15,CANCELED,,
2026-04-16T05:30:35Z,1296212026-04-15,12962,2026-04-15,CANCELED,,
2026-04-16T05:35:23Z,1303022026-04-15,13030,2026-04-15,SCHEDULED,120,2.0
2026-04-16T05:35:23Z,1303012026-04-15,13030,2026-04-15,SCHEDULED,120,2.0
2026-04-16T05:35:23Z,1304112026-04-15,13041,2026-04-15,SCHEDULED,180,3.0
2026-04-16T05:35:23Z,0486822026-04-16,04868,2026-04-16,SCHEDULED,-120,-2.0
2026-04-16T05:35:23Z,0486812026-04-16,04868,2026-04-16,SCHEDULED,-120,-2.0
2026-04-16T05:35:23Z,0506312026-04-15,05063,2026-04-15,SCHEDULED,60,1.0
2026-04-16T05:35:23Z,1305112026-04-15,13051,2026-04-15,SCHEDULED,1440,24.0
2026-04-16T05:35:23Z,1395112026-04-15,13951,2026-04-15,SCHEDULED,240,4.0
2026-04-16T05:35:23Z,0506422026-04-15,05064,2026-04-15,SCHEDULED,480,8.0
2026-04-16T05:35:23Z,0506412026-04-15,05064,2026-04-15,SCHEDULED,480,8.0
2026-04-16T05:35:23Z,1390012026-04-15,13900,2026-04-15,SCHEDULED,300,5.0
2026-04-16T05:35:23Z,1390112026-04-15,13901,2026-04-15,SCHEDULED,-120,-2.0
2026-04-16T05:35:23Z,0507012026-04-15,05070,2026-04-15,SCHEDULED,120,2.0
2026-04-16T05:35:23Z,0507212026-04-15,05072,2026-04-15,SCHEDULED,240,4.0
2026-04-16T05:35:23Z,1412362026-04-15,14123,2026-04-15,SCHEDULED,360,6.0
2026-04-16T05:35:23Z,1412342026-04-15,14123,2026-04-15,SCHEDULED,360,6.0
2026-04-16T05:35:23Z,1412352026-04-15,14123,2026-04-15,SCHEDULED,360,6.0
2026-04-16T05:35:23Z,1412312026-04-15,14123,2026-04-15,SCHEDULED,360,6.0
2026-04-16T05:35:23Z,1412332026-04-15,14123,2026-04-15,SCHEDULED,360,6.0
2026-04-16T05:35:23Z,1412322026-04-15,14123,2026-04-15,SCHEDULED,360,6.0
2026-04-16T05:35:23Z,1503112026-04-15,15031,2026-04-15,SCHEDULED,60,1.0
2026-04-16T05:35:23Z,1503212026-04-15,15032,2026-04-15,SCHEDULED,60,1.0
2026-04-16T05:35:23Z,0527322026-04-15,05273,2026-04-15,SCHEDULED,300,5.0
2026-04-16T05:35:23Z,0527312026-04-15,05273,2026-04-15,SCHEDULED,300,5.0
2026-04-16T05:35:23Z,1504012026-04-15,15040,2026-04-15,SCHEDULED,1260,21.0
2026-04-16T05:35:23Z,1505112026-04-15,15051,2026-04-15,SCHEDULED,-60,-1.0
2026-04-16T05:35:23Z,1521312026-04-15,15213,2026-04-15,SCHEDULED,60,1.0
2026-04-16T05:35:23Z,0508042026-04-15,05080,2026-04-15,SCHEDULED,300,5.0
2026-04-16T05:35:23Z,0508032026-04-15,05080,2026-04-15,SCHEDULED,300,5.0
2026-04-16T05:35:23Z,0508012026-04-15,05080,2026-04-15,SCHEDULED,300,5.0
2026-04-16T05:35:23Z,0508022026-04-15,05080,2026-04-15,SCHEDULED,300,5.0
2026-04-16T05:35:23Z,1530912026-04-15,15309,2026-04-15,SCHEDULED,360,6.0
2026-04-16T05:35:23Z,0566812026-04-15,05668,2026-04-15,SCHEDULED,780,13.0
2026-04-16T05:35:23Z,1562012026-04-15,15620,2026-04-15,SCHEDULED,1200,20.0
2026-04-16T05:35:23Z,1563112026-04-15,15631,2026-04-15,SCHEDULED,1680,28.0
2026-04-16T05:35:23Z,0576312026-04-15,05763,2026-04-15,SCHEDULED,-180,-3.0
2026-04-16T05:35:23Z,0576322026-04-15,05763,2026-04-15,SCHEDULED,-180,-3.0
2026-04-16T05:35:23Z,0576332026-04-15,05763,2026-04-15,SCHEDULED,-180,-3.0
2026-04-16T05:35:23Z,1572012026-04-15,15720,2026-04-15,SCHEDULED,1320,22.0
2026-04-16T05:35:23Z,0587112026-04-15,05871,2026-04-15,SCHEDULED,-60,-1.0
2026-04-16T05:35:23Z,1572212026-04-15,15722,2026-04-15,SCHEDULED,840,14.0
2026-04-16T05:35:23Z,1577012026-04-15,15770,2026-04-15,SCHEDULED,600,10.0
2026-04-16T05:35:23Z,1577212026-04-15,15772,2026-04-15,SCHEDULED,420,7.0
2026-04-16T05:35:23Z,1577412026-04-15,15774,2026-04-15,SCHEDULED,300,5.0
2026-04-16T05:35:23Z,0807112026-04-15,08071,2026-04-15,SCHEDULED,720,12.0
2026-04-16T05:35:23Z,1585012026-04-15,15850,2026-04-15,SCHEDULED,-120,-2.0
2026-04-16T05:35:23Z,0807312026-04-15,08073,2026-04-15,SCHEDULED,120,2.0
2026-04-16T05:35:23Z,0807512026-04-16,08075,2026-04-16,SCHEDULED,300,5.0
2026-04-16T05:35:23Z,1590012026-04-15,15900,2026-04-15,SCHEDULED,600,10.0
2026-04-16T05:35:23Z,0807812026-04-15,08078,2026-04-15,SCHEDULED,180,3.0
2026-04-16T05:35:23Z,1590412026-04-15,15904,2026-04-15,SCHEDULED,900,15.0
2026-04-16T05:35:23Z,0826012026-04-15,08260,2026-04-15,SCHEDULED,240,4.0
2026-04-16T05:35:23Z,0826112026-04-15,08261,2026-04-15,SCHEDULED,540,9.0
2026-04-16T05:35:23Z,1801012026-04-15,18010,2026-04-15,SCHEDULED,60,1.0
2026-04-16T05:35:23Z,1801022026-04-15,18010,2026-04-15,SCHEDULED,60,1.0
2026-04-16T05:35:23Z,1801032026-04-15,18010,2026-04-15,SCHEDULED,60,1.0
2026-04-16T05:35:23Z,0827112026-04-15,08271,2026-04-15,SCHEDULED,360,6.0
2026-04-16T05:35:23Z,1620712026-04-15,16207,2026-04-15,SCHEDULED,180,3.0
2026-04-16T05:35:23Z,0847512026-04-15,08475,2026-04-15,SCHEDULED,-60,-1.0
2026-04-16T05:35:23Z,1601812026-04-15,16018,2026-04-15,SCHEDULED,360,6.0
2026-04-16T05:35:23Z,0866412026-04-16,08664,2026-04-16,SCHEDULED,360,6.0
2026-04-16T05:35:23Z,1700812026-04-15,17008,2026-04-15,SCHEDULED,660,11.0
2026-04-16T05:35:23Z,0807212026-04-15,08072,2026-04-15,SCHEDULED,-240,-4.0
2026-04-16T05:35:23Z,1702112026-04-15,17021,2026-04-15,SCHEDULED,420,7.0
2026-04-16T05:35:23Z,0906712026-04-15,09067,2026-04-15,SCHEDULED,60,1.0
2026-04-16T05:35:23Z,1704212026-04-15,17042,2026-04-15,SCHEDULED,120,2.0
2026-04-16T05:35:23Z,1720112026-04-15,17201,2026-04-15,SCHEDULED,60,1.0
2026-04-16T05:35:23Z,1722712026-04-15,17227,2026-04-15,SCHEDULED,180,3.0
2026-04-16T05:35:23Z,0907312026-04-15,09073,2026-04-15,SCHEDULED,120,2.0
2026-04-16T05:35:23Z,1750312026-04-15,17503,2026-04-15,SCHEDULED,-60,-1.0
2026-04-16T05:35:23Z,0907512026-04-15,09075,2026-04-15,SCHEDULED,180,3.0
2026-04-16T05:35:23Z,0947012026-04-15,09470,2026-04-15,SCHEDULED,900,15.0
2026-04-16T05:35:23Z,1781512026-04-15,17815,2026-04-15,SCHEDULED,60,1.0
2026-04-16T05:35:23Z,1800112026-04-15,18001,2026-04-15,SCHEDULED,180,3.0
2026-04-16T05:35:23Z,1803112026-04-15,18031,2026-04-15,SCHEDULED,300,5.0
2026-04-16T05:35:23Z,0062122026-04-16,00621,2026-04-16,SCHEDULED,60,1.0
2026-04-16T05:35:23Z,0062132026-04-16,00621,2026-04-16,SCHEDULED,60,1.0
2026-04-16T05:35:23Z,0062152026-04-16,00621,2026-04-16,SCHEDULED,60,1.0
2026-04-16T05:35:23Z,0062112026-04-16,00621,2026-04-16,SCHEDULED,60,1.0
2026-04-16T05:35:23Z,0062142026-04-16,00621,2026-04-16,SCHEDULED,60,1.0
2026-04-16T05:35:23Z,1804112026-04-15,18041,2026-04-15,SCHEDULED,60,1.0
2026-04-16T05:35:23Z,1804612026-04-15,18046,2026-04-15,SCHEDULED,-60,-1.0
2026-04-16T05:35:23Z,1805412026-04-15,18054,2026-04-15,SCHEDULED,1020,17.0
2026-04-16T05:35:23Z,0063142026-04-16,00631,2026-04-16,SCHEDULED,120,2.0
2026-04-16T05:35:23Z,0063132026-04-16,00631,2026-04-16,SCHEDULED,120,2.0
2026-04-16T05:35:23Z,0063112026-04-16,00631,2026-04-16,SCHEDULED,120,2.0
2026-04-16T05:35:23Z,0063122026-04-16,00631,2026-04-16,SCHEDULED,120,2.0
2026-04-16T05:35:23Z,1807112026-04-15,18071,2026-04-15,SCHEDULED,-60,-1.0
2026-04-16T05:35:23Z,1807212026-04-15,18072,2026-04-15,SCHEDULED,-120,-2.0
2026-04-16T05:35:23Z,1261312026-04-15,12613,2026-04-15,SCHEDULED,60,1.0
2026-04-16T05:35:23Z,1261112026-04-15,12611,2026-04-15,SCHEDULED,960,16.0
2026-04-16T05:35:23Z,1806612026-04-15,18066,2026-04-15,SCHEDULED,420,7.0
2026-04-16T05:35:23Z,1812112026-04-15,18121,2026-04-15,SCHEDULED,420,7.0
2026-04-16T05:35:23Z,1300012026-04-15,13000,2026-04-15,SCHEDULED,180,3.0
2026-04-16T05:35:23Z,1821612026-04-15,18216,2026-04-15,SCHEDULED,-60,-1.0
2026-04-16T05:35:23Z,1300322026-04-15,13003,2026-04-15,SCHEDULED,60,1.0
2026-04-16T05:35:23Z,1300312026-04-15,13003,2026-04-15,SCHEDULED,60,1.0
2026-04-16T05:35:23Z,1832122026-04-15,18321,2026-04-15,SCHEDULED,60,1.0
2026-04-16T05:35:23Z,1832112026-04-15,18321,2026-04-15,SCHEDULED,60,1.0
2026-04-16T05:35:23Z,0029122026-04-16,00291,2026-04-16,SCHEDULED,180,3.0
2026-04-16T05:35:23Z,0029112026-04-16,00291,2026-04-16,SCHEDULED,180,3.0
2026-04-16T05:35:23Z,1891012026-04-15,18910,2026-04-15,SCHEDULED,360,6.0
2026-04-16T05:35:23Z,1443012026-04-15,14430,2026-04-15,SCHEDULED,840,14.0
2026-04-16T05:35:23Z,0029322026-04-16,00293,2026-04-16,SCHEDULED,-120,-2.0
2026-04-16T05:35:23Z,0029312026-04-16,00293,2026-04-16,SCHEDULED,-120,-2.0
2026-04-16T05:35:23Z,1500012026-04-15,15000,2026-04-15,SCHEDULED,420,7.0
2026-04-16T05:35:23Z,0053322026-04-16,00533,2026-04-16,SCHEDULED,120,2.0
2026-04-16T05:35:23Z,0053312026-04-16,00533,2026-04-16,SCHEDULED,120,2.0
2026-04-16T05:35:23Z,1505012026-04-15,15050,2026-04-15,SCHEDULED,900,15.0
2026-04-16T05:35:23Z,0060112026-04-16,00601,2026-04-16,SCHEDULED,60,1.0
2026-04-16T05:35:23Z,1600012026-04-15,16000,2026-04-15,SCHEDULED,120,2.0
2026-04-16T05:35:23Z,1401812026-04-15,14018,2026-04-15,SCHEDULED,360,6.0
2026-04-16T05:35:23Z,0807712026-04-15,08077,2026-04-15,SCHEDULED,60,1.0
2026-04-16T05:35:23Z,0075222026-04-16,00752,2026-04-16,SCHEDULED,660,11.0
2026-04-16T05:35:23Z,0075212026-04-16,00752,2026-04-16,SCHEDULED,660,11.0
2026-04-16T05:35:23Z,0075222026-04-16,00752,2026-04-16,SCHEDULED,120,2.0
2026-04-16T05:35:23Z,0075212026-04-16,00752,2026-04-16,SCHEDULED,120,2.0
2026-04-16T05:35:23Z,3560452026-04-15,35604,2026-04-15,SCHEDULED,180,3.0
2026-04-16T05:35:23Z,3560442026-04-15,35604,2026-04-15,SCHEDULED,180,3.0
2026-04-16T05:35:23Z,3560412026-04-15,35604,2026-04-15,SCHEDULED,180,3.0
2026-04-16T05:35:23Z,3560422026-04-15,35604,2026-04-15,SCHEDULED,180,3.0
2026-04-16T05:35:23Z,3460912026-04-15,34609,2026-04-15,SCHEDULED,2400,40.0
2026-04-16T05:35:23Z,0107112026-04-15,01071,2026-04-15,SCHEDULED,60,1.0
2026-04-16T05:35:23Z,1877332026-04-15,18773,2026-04-15,SCHEDULED,480,8.0
2026-04-16T05:35:23Z,1877312026-04-15,18773,2026-04-15,SCHEDULED,480,8.0
2026-04-16T05:35:23Z,0107212026-04-16,01072,2026-04-16,SCHEDULED,300,5.0
2026-04-16T05:35:23Z,0108122026-04-15,01081,2026-04-15,SCHEDULED,180,3.0
2026-04-16T05:35:23Z,0108112026-04-15,01081,2026-04-15,SCHEDULED,180,3.0
2026-04-16T05:35:23Z,1833122026-04-15,18331,2026-04-15,SCHEDULED,180,3.0
2026-04-16T05:35:23Z,1833112026-04-15,18331,2026-04-15,SCHEDULED,180,3.0
2026-04-16T05:35:23Z,0109212026-04-15,01092,2026-04-15,SCHEDULED,120,2.0
2026-04-16T05:35:23Z,1241112026-04-15,12411,2026-04-15,SCHEDULED,360,6.0
2026-04-16T05:35:23Z,0206112026-04-15,02061,2026-04-15,SCHEDULED,120,2.0
2026-04-16T05:35:23Z,1251212026-04-15,12512,2026-04-15,SCHEDULED,420,7.0
2026-04-16T05:35:23Z,0206712026-04-15,02067,2026-04-15,SCHEDULED,240,4.0
2026-04-16T05:35:23Z,1565012026-04-15,15650,2026-04-15,SCHEDULED,180,3.0
2026-04-16T05:35:23Z,0207012026-04-15,02070,2026-04-15,SCHEDULED,120,2.0
2026-04-16T05:35:23Z,1575112026-04-15,15751,2026-04-15,SCHEDULED,120,2.0
2026-04-16T05:35:23Z,0207112026-04-15,02071,2026-04-15,SCHEDULED,180,3.0
2026-04-16T05:35:23Z,0207412026-04-16,02074,2026-04-16,SCHEDULED,120,2.0
2026-04-16T05:35:23Z,0207512026-04-16,02075,2026-04-16,SCHEDULED,180,3.0
2026-04-16T05:35:23Z,0207612026-04-15,02076,2026-04-15,SCHEDULED,240,4.0
2026-04-16T05:35:23Z,7182012026-04-15,71820,2026-04-15,SCHEDULED,120,2.0
2026-04-16T05:35:23Z,0226112026-04-15,02261,2026-04-15,SCHEDULED,120,2.0
2026-04-16T05:35:23Z,0305212026-04-15,03052,2026-04-15,SCHEDULED,60,1.0
2026-04-16T05:35:23Z,0306012026-04-15,03060,2026-04-15,SCHEDULED,360,6.0
2026-04-16T05:35:23Z,7186112026-04-15,71861,2026-04-15,SCHEDULED,300,5.0
2026-04-16T05:35:23Z,0330142026-04-15,03301,2026-04-15,SCHEDULED,420,7.0
2026-04-16T05:35:23Z,0330132026-04-15,03301,2026-04-15,SCHEDULED,420,7.0
2026-04-16T05:35:23Z,0330112026-04-15,03301,2026-04-15,SCHEDULED,420,7.0
2026-04-16T05:35:23Z,0330122026-04-15,03301,2026-04-15,SCHEDULED,420,7.0
2026-04-16T05:35:23Z,1580412026-04-15,15804,2026-04-15,SCHEDULED,960,16.0
2026-04-16T05:35:23Z,1580612026-04-15,15806,2026-04-15,SCHEDULED,240,4.0
2026-04-16T05:35:23Z,0306242026-04-15,03062,2026-04-15,SCHEDULED,180,3.0
2026-04-16T05:35:23Z,0306232026-04-15,03062,2026-04-15,SCHEDULED,180,3.0
2026-04-16T05:35:23Z,0306212026-04-15,03062,2026-04-15,SCHEDULED,180,3.0
2026-04-16T05:35:23Z,0306222026-04-15,03062,2026-04-15,SCHEDULED,180,3.0
2026-04-16T05:35:23Z,0306312026-04-15,03063,2026-04-15,SCHEDULED,420,7.0
2026-04-16T05:35:23Z,0306322026-04-15,03063,2026-04-15,SCHEDULED,420,7.0
2026-04-16T05:35:23Z,0306332026-04-15,03063,2026-04-15,SCHEDULED,420,7.0
2026-04-16T05:35:23Z,0307322026-04-15,03073,2026-04-15,SCHEDULED,60,1.0
2026-04-16T05:35:23Z,0307312026-04-15,03073,2026-04-15,SCHEDULED,60,1.0
2026-04-16T05:35:23Z,0306242026-04-15,03062,2026-04-15,SCHEDULED,600,10.0
2026-04-16T05:35:23Z,0306232026-04-15,03062,2026-04-15,SCHEDULED,600,10.0
2026-04-16T05:35:23Z,0306212026-04-15,03062,2026-04-15,SCHEDULED,600,10.0
2026-04-16T05:35:23Z,0306222026-04-15,03062,2026-04-15,SCHEDULED,600,10.0
2026-04-16T05:35:23Z,0366222026-04-15,03662,2026-04-15,SCHEDULED,60,1.0
2026-04-16T05:35:23Z,0366212026-04-15,03662,2026-04-15,SCHEDULED,60,1.0
2026-04-16T05:35:23Z,0405612026-04-16,04056,2026-04-16,SCHEDULED,180,3.0
2026-04-16T05:35:23Z,0406012026-04-15,04060,2026-04-15,SCHEDULED,-420,-7.0
2026-04-16T05:35:23Z,0426112026-04-16,04261,2026-04-16,SCHEDULED,-60,-1.0
2026-04-16T05:35:23Z,0408812026-04-16,04088,2026-04-16,SCHEDULED,60,1.0
2026-04-16T05:35:23Z,0408822026-04-16,04088,2026-04-16,SCHEDULED,60,1.0
2026-04-16T05:35:23Z,0408832026-04-16,04088,2026-04-16,SCHEDULED,60,1.0
2026-04-16T05:35:23Z,0407222026-04-16,04072,2026-04-16,SCHEDULED,360,6.0
2026-04-16T05:35:23Z,0407212026-04-16,04072,2026-04-16,SCHEDULED,360,6.0
2026-04-16T05:35:23Z,0415422026-04-15,04154,2026-04-15,SCHEDULED,660,11.0
2026-04-16T05:35:23Z,0415412026-04-15,04154,2026-04-15,SCHEDULED,660,11.0
2026-04-16T05:35:23Z,0446412026-04-15,04464,2026-04-15,SCHEDULED,60,1.0
2026-04-16T05:35:23Z,1296312026-04-15,12963,2026-04-15,CANCELED,,
2026-04-16T05:35:23Z,7185112026-04-15,71851,2026-04-15,CANCELED,,
2026-04-16T05:35:23Z,7183112026-04-15,71831,2026-04-15,CANCELED,,
2026-04-16T05:35:23Z,1296212026-04-15,12962,2026-04-15,CANCELED,,
2026-04-16T05:40:27Z,1304112026-04-15,13041,2026-04-15,SCHEDULED,240,4.0
2026-04-16T05:40:27Z,0436422026-04-15,04364,2026-04-15,SCHEDULED,120,2.0
2026-04-16T05:40:27Z,0436412026-04-15,04364,2026-04-15,SCHEDULED,120,2.0
2026-04-16T05:40:27Z,1305112026-04-15,13051,2026-04-15,SCHEDULED,1320,22.0
2026-04-16T05:40:27Z,1300112026-04-15,13001,2026-04-15,SCHEDULED,180,3.0
2026-04-16T05:40:27Z,0486822026-04-16,04868,2026-04-16,SCHEDULED,60,1.0
2026-04-16T05:40:27Z,0486812026-04-16,04868,2026-04-16,SCHEDULED,60,1.0
2026-04-16T05:40:27Z,1395112026-04-15,13951,2026-04-15,SCHEDULED,240,4.0
2026-04-16T05:40:27Z,0506312026-04-15,05063,2026-04-15,SCHEDULED,60,1.0
2026-04-16T05:40:27Z,0506422026-04-15,05064,2026-04-15,SCHEDULED,480,8.0
2026-04-16T05:40:27Z,0506412026-04-15,05064,2026-04-15,SCHEDULED,480,8.0
2026-04-16T05:40:27Z,1390012026-04-15,13900,2026-04-15,SCHEDULED,300,5.0
2026-04-16T05:40:27Z,1390112026-04-15,13901,2026-04-15,SCHEDULED,-60,-1.0
2026-04-16T05:40:27Z,0506522026-04-15,05065,2026-04-15,SCHEDULED,180,3.0
2026-04-16T05:40:27Z,0506512026-04-15,05065,2026-04-15,SCHEDULED,180,3.0
2026-04-16T05:40:27Z,0507012026-04-15,05070,2026-04-15,SCHEDULED,180,3.0
2026-04-16T05:40:27Z,0507212026-04-15,05072,2026-04-15,SCHEDULED,60,1.0
2026-04-16T05:40:27Z,1412362026-04-15,14123,2026-04-15,SCHEDULED,420,7.0
2026-04-16T05:40:27Z,1412342026-04-15,14123,2026-04-15,SCHEDULED,420,7.0
2026-04-16T05:40:27Z,1412352026-04-15,14123,2026-04-15,SCHEDULED,420,7.0
2026-04-16T05:40:27Z,1412312026-04-15,14123,2026-04-15,SCHEDULED,420,7.0
2026-04-16T05:40:27Z,1412332026-04-15,14123,2026-04-15,SCHEDULED,420,7.0
2026-04-16T05:40:27Z,1412322026-04-15,14123,2026-04-15,SCHEDULED,420,7.0
2026-04-16T05:40:27Z,0509212026-04-15,05092,2026-04-15,SCHEDULED,120,2.0
2026-04-16T05:40:27Z,0509222026-04-15,05092,2026-04-15,SCHEDULED,120,2.0
2026-04-16T05:40:27Z,0509232026-04-15,05092,2026-04-15,SCHEDULED,120,2.0
2026-04-16T05:40:27Z,0527322026-04-15,05273,2026-04-15,SCHEDULED,300,5.0
2026-04-16T05:40:27Z,0527312026-04-15,05273,2026-04-15,SCHEDULED,300,5.0
2026-04-16T05:40:27Z,1503112026-04-15,15031,2026-04-15,SCHEDULED,180,3.0
2026-04-16T05:40:27Z,1503212026-04-15,15032,2026-04-15,SCHEDULED,60,1.0
2026-04-16T05:40:27Z,1504012026-04-15,15040,2026-04-15,SCHEDULED,1260,21.0
2026-04-16T05:40:27Z,0508042026-04-15,05080,2026-04-15,SCHEDULED,300,5.0
2026-04-16T05:40:27Z,0508032026-04-15,05080,2026-04-15,SCHEDULED,300,5.0
2026-04-16T05:40:27Z,0508012026-04-15,05080,2026-04-15,SCHEDULED,300,5.0
2026-04-16T05:40:27Z,0508022026-04-15,05080,2026-04-15,SCHEDULED,300,5.0
2026-04-16T05:40:27Z,1505112026-04-15,15051,2026-04-15,SCHEDULED,60,1.0
2026-04-16T05:40:27Z,0566812026-04-15,05668,2026-04-15,SCHEDULED,900,15.0
2026-04-16T05:40:27Z,1530912026-04-15,15309,2026-04-15,SCHEDULED,360,6.0
2026-04-16T05:40:27Z,1562122026-04-15,15621,2026-04-15,SCHEDULED,120,2.0
2026-04-16T05:40:27Z,1562112026-04-15,15621,2026-04-15,SCHEDULED,120,2.0
2026-04-16T05:40:27Z,0576312026-04-15,05763,2026-04-15,SCHEDULED,-180,-3.0
2026-04-16T05:40:27Z,0576322026-04-15,05763,2026-04-15,SCHEDULED,-180,-3.0
2026-04-16T05:40:27Z,0576332026-04-15,05763,2026-04-15,SCHEDULED,-180,-3.0
2026-04-16T05:40:27Z,0587112026-04-15,05871,2026-04-15,SCHEDULED,-120,-2.0
2026-04-16T05:40:27Z,1563112026-04-15,15631,2026-04-15,SCHEDULED,1680,28.0
2026-04-16T05:40:27Z,1572012026-04-15,15720,2026-04-15,SCHEDULED,1380,23.0
2026-04-16T05:40:27Z,0807112026-04-15,08071,2026-04-15,SCHEDULED,720,12.0
2026-04-16T05:40:27Z,1572212026-04-15,15722,2026-04-15,SCHEDULED,840,14.0
2026-04-16T05:40:27Z,0807312026-04-15,08073,2026-04-15,SCHEDULED,240,4.0
2026-04-16T05:40:27Z,0807512026-04-16,08075,2026-04-16,SCHEDULED,300,5.0
2026-04-16T05:40:27Z,1577012026-04-15,15770,2026-04-15,SCHEDULED,660,11.0
2026-04-16T05:40:27Z,1577212026-04-15,15772,2026-04-15,SCHEDULED,600,10.0
2026-04-16T05:40:27Z,1577412026-04-15,15774,2026-04-15,SCHEDULED,360,6.0
2026-04-16T05:40:27Z,0807812026-04-15,08078,2026-04-15,SCHEDULED,240,4.0
2026-04-16T05:40:27Z,1585012026-04-15,15850,2026-04-15,SCHEDULED,-60,-1.0
2026-04-16T05:40:27Z,0826012026-04-15,08260,2026-04-15,SCHEDULED,240,4.0
2026-04-16T05:40:27Z,1585212026-04-15,15852,2026-04-15,SCHEDULED,60,1.0
2026-04-16T05:40:27Z,0826112026-04-15,08261,2026-04-15,SCHEDULED,660,11.0
2026-04-16T05:40:27Z,1590012026-04-15,15900,2026-04-15,SCHEDULED,600,10.0
2026-04-16T05:40:27Z,1590412026-04-15,15904,2026-04-15,SCHEDULED,900,15.0
2026-04-16T05:40:27Z,0827112026-04-15,08271,2026-04-15,SCHEDULED,360,6.0
2026-04-16T05:40:27Z,0847512026-04-15,08475,2026-04-15,SCHEDULED,-60,-1.0
2026-04-16T05:40:27Z,0866412026-04-16,08664,2026-04-16,SCHEDULED,360,6.0
2026-04-16T05:40:27Z,1801012026-04-15,18010,2026-04-15,SCHEDULED,60,1.0
2026-04-16T05:40:27Z,1801022026-04-15,18010,2026-04-15,SCHEDULED,60,1.0
2026-04-16T05:40:27Z,1801032026-04-15,18010,2026-04-15,SCHEDULED,60,1.0
2026-04-16T05:40:27Z,0807212026-04-15,08072,2026-04-15,SCHEDULED,1560,26.0
2026-04-16T05:40:27Z,1620712026-04-15,16207,2026-04-15,SCHEDULED,180,3.0
2026-04-16T05:40:27Z,0907222026-04-15,09072,2026-04-15,SCHEDULED,-60,-1.0
2026-04-16T05:40:27Z,0907212026-04-15,09072,2026-04-15,SCHEDULED,-60,-1.0
2026-04-16T05:40:27Z,1601812026-04-15,16018,2026-04-15,SCHEDULED,420,7.0
2026-04-16T05:40:27Z,0907312026-04-15,09073,2026-04-15,SCHEDULED,120,2.0
2026-04-16T05:40:27Z,1700812026-04-15,17008,2026-04-15,SCHEDULED,720,12.0
2026-04-16T05:40:27Z,0907512026-04-15,09075,2026-04-15,SCHEDULED,240,4.0
2026-04-16T05:40:27Z,1702112026-04-15,17021,2026-04-15,SCHEDULED,300,5.0
2026-04-16T05:40:27Z,0947012026-04-15,09470,2026-04-15,SCHEDULED,1020,17.0
2026-04-16T05:40:27Z,1704212026-04-15,17042,2026-04-15,SCHEDULED,240,4.0
2026-04-16T05:40:27Z,1720112026-04-15,17201,2026-04-15,SCHEDULED,300,5.0
2026-04-16T05:40:27Z,1722712026-04-15,17227,2026-04-15,SCHEDULED,180,3.0
2026-04-16T05:40:27Z,0062122026-04-16,00621,2026-04-16,SCHEDULED,60,1.0
2026-04-16T05:40:27Z,0062132026-04-16,00621,2026-04-16,SCHEDULED,60,1.0
2026-04-16T05:40:27Z,0062152026-04-16,00621,2026-04-16,SCHEDULED,60,1.0
2026-04-16T05:40:27Z,0062112026-04-16,00621,2026-04-16,SCHEDULED,60,1.0
2026-04-16T05:40:27Z,0062142026-04-16,00621,2026-04-16,SCHEDULED,60,1.0
2026-04-16T05:40:27Z,1750312026-04-15,17503,2026-04-15,SCHEDULED,-120,-2.0
2026-04-16T05:40:27Z,1781512026-04-15,17815,2026-04-15,SCHEDULED,480,8.0
2026-04-16T05:40:27Z,1401812026-04-15,14018,2026-04-15,SCHEDULED,360,6.0
2026-04-16T05:40:27Z,1261312026-04-15,12613,2026-04-15,SCHEDULED,60,1.0
2026-04-16T05:40:27Z,1447112026-04-15,14471,2026-04-15,SCHEDULED,300,5.0
2026-04-16T05:40:27Z,0807712026-04-15,08077,2026-04-15,SCHEDULED,60,1.0
2026-04-16T05:40:27Z,1261112026-04-15,12611,2026-04-15,SCHEDULED,960,16.0
2026-04-16T05:40:27Z,1264112026-04-15,12641,2026-04-15,SCHEDULED,60,1.0
2026-04-16T05:40:27Z,3560452026-04-15,35604,2026-04-15,SCHEDULED,180,3.0
2026-04-16T05:40:27Z,3560442026-04-15,35604,2026-04-15,SCHEDULED,180,3.0
2026-04-16T05:40:27Z,3560412026-04-15,35604,2026-04-15,SCHEDULED,180,3.0
2026-04-16T05:40:27Z,3560422026-04-15,35604,2026-04-15,SCHEDULED,180,3.0
2026-04-16T05:40:27Z,1300012026-04-15,13000,2026-04-15,SCHEDULED,180,3.0
2026-04-16T05:40:27Z,1300322026-04-15,13003,2026-04-15,SCHEDULED,60,1.0
2026-04-16T05:40:27Z,1300312026-04-15,13003,2026-04-15,SCHEDULED,60,1.0
2026-04-16T05:40:27Z,1877332026-04-15,18773,2026-04-15,SCHEDULED,480,8.0
2026-04-16T05:40:27Z,1877312026-04-15,18773,2026-04-15,SCHEDULED,480,8.0
2026-04-16T05:40:27Z,3586912026-04-15,35869,2026-04-15,SCHEDULED,-60,-1.0
2026-04-16T05:40:27Z,1303022026-04-15,13030,2026-04-15,SCHEDULED,120,2.0
2026-04-16T05:40:27Z,1303012026-04-15,13030,2026-04-15,SCHEDULED,120,2.0
2026-04-16T05:40:27Z,1833122026-04-15,18331,2026-04-15,SCHEDULED,180,3.0
2026-04-16T05:40:27Z,1833112026-04-15,18331,2026-04-15,SCHEDULED,180,3.0
2026-04-16T05:40:27Z,0029122026-04-16,00291,2026-04-16,SCHEDULED,180,3.0
2026-04-16T05:40:27Z,0029112026-04-16,00291,2026-04-16,SCHEDULED,180,3.0
2026-04-16T05:40:27Z,1241112026-04-15,12411,2026-04-15,SCHEDULED,360,6.0
2026-04-16T05:40:27Z,0029322026-04-16,00293,2026-04-16,SCHEDULED,-60,-1.0
2026-04-16T05:40:27Z,0029312026-04-16,00293,2026-04-16,SCHEDULED,-60,-1.0
2026-04-16T05:40:27Z,1251212026-04-15,12512,2026-04-15,SCHEDULED,420,7.0
2026-04-16T05:40:27Z,1565012026-04-15,15650,2026-04-15,SCHEDULED,180,3.0
2026-04-16T05:40:27Z,0053322026-04-16,00533,2026-04-16,SCHEDULED,540,9.0
2026-04-16T05:40:27Z,0053312026-04-16,00533,2026-04-16,SCHEDULED,540,9.0
2026-04-16T05:40:27Z,0060112026-04-16,00601,2026-04-16,SCHEDULED,60,1.0
2026-04-16T05:40:27Z,0075222026-04-16,00752,2026-04-16,SCHEDULED,660,11.0
2026-04-16T05:40:27Z,0075212026-04-16,00752,2026-04-16,SCHEDULED,660,11.0
2026-04-16T05:40:27Z,7182012026-04-15,71820,2026-04-15,SCHEDULED,120,2.0
2026-04-16T05:40:27Z,0075222026-04-16,00752,2026-04-16,SCHEDULED,120,2.0
2026-04-16T05:40:27Z,0075212026-04-16,00752,2026-04-16,SCHEDULED,120,2.0
2026-04-16T05:40:27Z,3460912026-04-15,34609,2026-04-15,SCHEDULED,2400,40.0
2026-04-16T05:40:27Z,7186112026-04-15,71861,2026-04-15,SCHEDULED,240,4.0
2026-04-16T05:40:27Z,0107112026-04-15,01071,2026-04-15,SCHEDULED,60,1.0
2026-04-16T05:40:27Z,1580412026-04-15,15804,2026-04-15,SCHEDULED,900,15.0
2026-04-16T05:40:27Z,0107212026-04-16,01072,2026-04-16,SCHEDULED,540,9.0
2026-04-16T05:40:27Z,1580612026-04-15,15806,2026-04-15,SCHEDULED,240,4.0
2026-04-16T05:40:27Z,0108122026-04-15,01081,2026-04-15,SCHEDULED,120,2.0
2026-04-16T05:40:27Z,0108112026-04-15,01081,2026-04-15,SCHEDULED,120,2.0
2026-04-16T05:40:27Z,1800112026-04-15,18001,2026-04-15,SCHEDULED,300,5.0
2026-04-16T05:40:27Z,0109212026-04-15,01092,2026-04-15,SCHEDULED,300,5.0
2026-04-16T05:40:27Z,1803112026-04-15,18031,2026-04-15,SCHEDULED,240,4.0
2026-04-16T05:40:27Z,0206112026-04-15,02061,2026-04-15,SCHEDULED,120,2.0
2026-04-16T05:40:27Z,1804112026-04-15,18041,2026-04-15,SCHEDULED,60,1.0
2026-04-16T05:40:27Z,0206712026-04-15,02067,2026-04-15,SCHEDULED,240,4.0
2026-04-16T05:40:27Z,1804612026-04-15,18046,2026-04-15,SCHEDULED,-60,-1.0
2026-04-16T05:40:27Z,1805412026-04-15,18054,2026-04-15,SCHEDULED,1140,19.0
2026-04-16T05:40:27Z,0207112026-04-15,02071,2026-04-15,SCHEDULED,180,3.0
2026-04-16T05:40:27Z,1807112026-04-15,18071,2026-04-15,SCHEDULED,-60,-1.0
2026-04-16T05:40:27Z,0207412026-04-16,02074,2026-04-16,SCHEDULED,120,2.0
2026-04-16T05:40:27Z,1807212026-04-15,18072,2026-04-15,SCHEDULED,-120,-2.0
2026-04-16T05:40:27Z,0207512026-04-16,02075,2026-04-16,SCHEDULED,180,3.0
2026-04-16T05:40:27Z,0207612026-04-15,02076,2026-04-15,SCHEDULED,180,3.0
2026-04-16T05:40:27Z,0226112026-04-15,02261,2026-04-15,SCHEDULED,180,3.0
2026-04-16T05:40:27Z,1806612026-04-15,18066,2026-04-15,SCHEDULED,360,6.0
2026-04-16T05:40:27Z,1812112026-04-15,18121,2026-04-15,SCHEDULED,420,7.0
2026-04-16T05:40:27Z,0306012026-04-15,03060,2026-04-15,SCHEDULED,360,6.0
2026-04-16T05:40:27Z,1821612026-04-15,18216,2026-04-15,SCHEDULED,-120,-2.0
2026-04-16T05:40:27Z,1830012026-04-15,18300,2026-04-15,SCHEDULED,60,1.0
2026-04-16T05:40:27Z,1832122026-04-15,18321,2026-04-15,SCHEDULED,60,1.0
2026-04-16T05:40:27Z,1832112026-04-15,18321,2026-04-15,SCHEDULED,60,1.0
2026-04-16T05:40:27Z,0330142026-04-15,03301,2026-04-15,SCHEDULED,420,7.0
2026-04-16T05:40:27Z,0330132026-04-15,03301,2026-04-15,SCHEDULED,420,7.0
2026-04-16T05:40:27Z,0330112026-04-15,03301,2026-04-15,SCHEDULED,420,7.0
2026-04-16T05:40:27Z,0330122026-04-15,03301,2026-04-15,SCHEDULED,420,7.0
2026-04-16T05:40:27Z,1890012026-04-15,18900,2026-04-15,SCHEDULED,60,1.0
2026-04-16T05:40:27Z,1891012026-04-15,18910,2026-04-15,SCHEDULED,360,6.0
2026-04-16T05:40:27Z,1443012026-04-15,14430,2026-04-15,SCHEDULED,840,14.0
2026-04-16T05:40:27Z,1500012026-04-15,15000,2026-04-15,SCHEDULED,420,7.0
2026-04-16T05:40:27Z,0306242026-04-15,03062,2026-04-15,SCHEDULED,180,3.0
2026-04-16T05:40:27Z,0306232026-04-15,03062,2026-04-15,SCHEDULED,180,3.0
2026-04-16T05:40:27Z,0306212026-04-15,03062,2026-04-15,SCHEDULED,180,3.0
2026-04-16T05:40:27Z,0306222026-04-15,03062,2026-04-15,SCHEDULED,180,3.0
2026-04-16T05:40:27Z,1505012026-04-15,15050,2026-04-15,SCHEDULED,900,15.0
2026-04-16T05:40:27Z,1600012026-04-15,16000,2026-04-15,SCHEDULED,120,2.0
2026-04-16T05:40:27Z,0306312026-04-15,03063,2026-04-15,SCHEDULED,420,7.0
2026-04-16T05:40:27Z,0306322026-04-15,03063,2026-04-15,SCHEDULED,420,7.0
2026-04-16T05:40:27Z,0306332026-04-15,03063,2026-04-15,SCHEDULED,420,7.0
2026-04-16T05:40:27Z,0307012026-04-15,03070,2026-04-15,SCHEDULED,60,1.0
2026-04-16T05:40:27Z,0307112026-04-15,03071,2026-04-15,SCHEDULED,60,1.0
2026-04-16T05:40:27Z,0307322026-04-15,03073,2026-04-15,SCHEDULED,-120,-2.0
2026-04-16T05:40:27Z,0307312026-04-15,03073,2026-04-15,SCHEDULED,-120,-2.0
2026-04-16T05:40:27Z,0306242026-04-15,03062,2026-04-15,SCHEDULED,540,9.0
2026-04-16T05:40:27Z,0306232026-04-15,03062,2026-04-15,SCHEDULED,540,9.0
2026-04-16T05:40:27Z,0306212026-04-15,03062,2026-04-15,SCHEDULED,540,9.0
2026-04-16T05:40:27Z,0306222026-04-15,03062,2026-04-15,SCHEDULED,540,9.0
2026-04-16T05:40:27Z,0366222026-04-15,03662,2026-04-15,SCHEDULED,60,1.0
2026-04-16T05:40:27Z,0366212026-04-15,03662,2026-04-15,SCHEDULED,60,1.0
2026-04-16T05:40:27Z,0405612026-04-16,04056,2026-04-16,SCHEDULED,420,7.0
2026-04-16T05:40:27Z,0406012026-04-15,04060,2026-04-15,SCHEDULED,60,1.0
2026-04-16T05:40:27Z,0426112026-04-16,04261,2026-04-16,SCHEDULED,-120,-2.0
2026-04-16T05:40:27Z,0408812026-04-16,04088,2026-04-16,SCHEDULED,120,2.0
2026-04-16T05:40:27Z,0408822026-04-16,04088,2026-04-16,SCHEDULED,120,2.0
2026-04-16T05:40:27Z,0408832026-04-16,04088,2026-04-16,SCHEDULED,120,2.0
2026-04-16T05:40:27Z,0407222026-04-16,04072,2026-04-16,SCHEDULED,480,8.0
2026-04-16T05:40:27Z,0407212026-04-16,04072,2026-04-16,SCHEDULED,480,8.0
2026-04-16T05:40:27Z,0415422026-04-15,04154,2026-04-15,SCHEDULED,720,12.0
2026-04-16T05:40:27Z,0415412026-04-15,04154,2026-04-15,SCHEDULED,720,12.0
2026-04-16T05:40:27Z,0446412026-04-15,04464,2026-04-15,SCHEDULED,-60,-1.0
2026-04-16T05:40:27Z,7185112026-04-15,71851,2026-04-15,CANCELED,,
2026-04-16T05:40:27Z,1296312026-04-15,12963,2026-04-15,CANCELED,,
2026-04-16T05:40:27Z,1296212026-04-15,12962,2026-04-15,CANCELED,,
2026-04-16T05:40:27Z,7183112026-04-15,71831,2026-04-15,CANCELED,,
2026-04-16T05:45:27Z,1303022026-04-15,13030,2026-04-15,SCHEDULED,120,2.0
2026-04-16T05:45:27Z,1303012026-04-15,13030,2026-04-15,SCHEDULED,120,2.0
2026-04-16T05:45:27Z,0486822026-04-16,04868,2026-04-16,SCHEDULED,60,1.0
2026-04-16T05:45:27Z,0486812026-04-16,04868,2026-04-16,SCHEDULED,60,1.0
2026-04-16T05:45:27Z,0506312026-04-15,05063,2026-04-15,SCHEDULED,120,2.0
2026-04-16T05:45:27Z,1305112026-04-15,13051,2026-04-15,SCHEDULED,1320,22.0
2026-04-16T05:45:27Z,0506422026-04-15,05064,2026-04-15,SCHEDULED,600,10.0
2026-04-16T05:45:27Z,0506412026-04-15,05064,2026-04-15,SCHEDULED,600,10.0
2026-04-16T05:45:27Z,1300112026-04-15,13001,2026-04-15,SCHEDULED,360,6.0
2026-04-16T05:45:27Z,1395112026-04-15,13951,2026-04-15,SCHEDULED,120,2.0
2026-04-16T05:45:27Z,0506522026-04-15,05065,2026-04-15,SCHEDULED,180,3.0
2026-04-16T05:45:27Z,0506512026-04-15,05065,2026-04-15,SCHEDULED,180,3.0
2026-04-16T05:45:27Z,1320312026-04-15,13203,2026-04-15,SCHEDULED,60,1.0
2026-04-16T05:45:27Z,1325012026-04-15,13250,2026-04-15,SCHEDULED,60,1.0
2026-04-16T05:45:27Z,1390012026-04-15,13900,2026-04-15,SCHEDULED,540,9.0
2026-04-16T05:45:27Z,0507112026-04-15,05071,2026-04-15,SCHEDULED,120,2.0
2026-04-16T05:45:27Z,0507122026-04-15,05071,2026-04-15,SCHEDULED,120,2.0
2026-04-16T05:45:27Z,0507132026-04-15,05071,2026-04-15,SCHEDULED,120,2.0
2026-04-16T05:45:27Z,0507212026-04-15,05072,2026-04-15,SCHEDULED,60,1.0
2026-04-16T05:45:27Z,0509212026-04-15,05092,2026-04-15,SCHEDULED,60,1.0
2026-04-16T05:45:27Z,0509222026-04-15,05092,2026-04-15,SCHEDULED,60,1.0
2026-04-16T05:45:27Z,0509232026-04-15,05092,2026-04-15,SCHEDULED,60,1.0
2026-04-16T05:45:27Z,0527322026-04-15,05273,2026-04-15,SCHEDULED,240,4.0
2026-04-16T05:45:27Z,0527312026-04-15,05273,2026-04-15,SCHEDULED,240,4.0
2026-04-16T05:45:27Z,1412362026-04-15,14123,2026-04-15,SCHEDULED,420,7.0
2026-04-16T05:45:27Z,1412342026-04-15,14123,2026-04-15,SCHEDULED,420,7.0
2026-04-16T05:45:27Z,1412352026-04-15,14123,2026-04-15,SCHEDULED,420,7.0
2026-04-16T05:45:27Z,1412312026-04-15,14123,2026-04-15,SCHEDULED,420,7.0
2026-04-16T05:45:27Z,1412332026-04-15,14123,2026-04-15,SCHEDULED,420,7.0
2026-04-16T05:45:27Z,1412322026-04-15,14123,2026-04-15,SCHEDULED,420,7.0
2026-04-16T05:45:27Z,1451012026-04-15,14510,2026-04-15,SCHEDULED,780,13.0
2026-04-16T05:45:27Z,0508042026-04-15,05080,2026-04-15,SCHEDULED,300,5.0
2026-04-16T05:45:27Z,0508032026-04-15,05080,2026-04-15,SCHEDULED,300,5.0
2026-04-16T05:45:27Z,0508012026-04-15,05080,2026-04-15,SCHEDULED,300,5.0
2026-04-16T05:45:27Z,0508022026-04-15,05080,2026-04-15,SCHEDULED,300,5.0
2026-04-16T05:45:27Z,0566812026-04-15,05668,2026-04-15,SCHEDULED,840,14.0
2026-04-16T05:45:27Z,1503112026-04-15,15031,2026-04-15,SCHEDULED,180,3.0
2026-04-16T05:45:27Z,1503212026-04-15,15032,2026-04-15,SCHEDULED,120,2.0
2026-04-16T05:45:27Z,0576312026-04-15,05763,2026-04-15,SCHEDULED,-240,-4.0
2026-04-16T05:45:27Z,0576322026-04-15,05763,2026-04-15,SCHEDULED,-240,-4.0
2026-04-16T05:45:27Z,0576332026-04-15,05763,2026-04-15,SCHEDULED,-240,-4.0
2026-04-16T05:45:27Z,1505112026-04-15,15051,2026-04-15,SCHEDULED,60,1.0
2026-04-16T05:45:27Z,0587112026-04-15,05871,2026-04-15,SCHEDULED,-120,-2.0
2026-04-16T05:45:27Z,1530912026-04-15,15309,2026-04-15,SCHEDULED,360,6.0
2026-04-16T05:45:27Z,0807112026-04-15,08071,2026-04-15,SCHEDULED,720,12.0
2026-04-16T05:45:27Z,1562122026-04-15,15621,2026-04-15,SCHEDULED,120,2.0
2026-04-16T05:45:27Z,1562112026-04-15,15621,2026-04-15,SCHEDULED,120,2.0
2026-04-16T05:45:27Z,0807312026-04-15,08073,2026-04-15,SCHEDULED,420,7.0
2026-04-16T05:45:27Z,1563112026-04-15,15631,2026-04-15,SCHEDULED,1680,28.0
2026-04-16T05:45:27Z,0807512026-04-16,08075,2026-04-16,SCHEDULED,300,5.0
2026-04-16T05:45:27Z,0807812026-04-15,08078,2026-04-15,SCHEDULED,240,4.0
2026-04-16T05:45:27Z,1572012026-04-15,15720,2026-04-15,SCHEDULED,1440,24.0
2026-04-16T05:45:27Z,1572212026-04-15,15722,2026-04-15,SCHEDULED,1260,21.0
2026-04-16T05:45:27Z,0826012026-04-15,08260,2026-04-15,SCHEDULED,60,1.0
2026-04-16T05:45:27Z,1575312026-04-15,15753,2026-04-15,SCHEDULED,60,1.0
2026-04-16T05:45:27Z,0826112026-04-15,08261,2026-04-15,SCHEDULED,780,13.0
2026-04-16T05:45:27Z,1577012026-04-15,15770,2026-04-15,SCHEDULED,660,11.0
2026-04-16T05:45:27Z,0827112026-04-15,08271,2026-04-15,SCHEDULED,600,10.0
2026-04-16T05:45:27Z,1577212026-04-15,15772,2026-04-15,SCHEDULED,600,10.0
2026-04-16T05:45:27Z,1577412026-04-15,15774,2026-04-15,SCHEDULED,360,6.0
2026-04-16T05:45:27Z,0827512026-04-15,08275,2026-04-15,SCHEDULED,240,4.0
2026-04-16T05:45:27Z,1585012026-04-15,15850,2026-04-15,SCHEDULED,-60,-1.0
2026-04-16T05:45:27Z,0866412026-04-16,08664,2026-04-16,SCHEDULED,60,1.0
2026-04-16T05:45:27Z,1590012026-04-15,15900,2026-04-15,SCHEDULED,600,10.0
2026-04-16T05:45:27Z,0807212026-04-15,08072,2026-04-15,SCHEDULED,1500,25.0
2026-04-16T05:45:27Z,1590412026-04-15,15904,2026-04-15,SCHEDULED,960,16.0
2026-04-16T05:45:27Z,1601812026-04-15,16018,2026-04-15,SCHEDULED,420,7.0
2026-04-16T05:45:27Z,0907222026-04-15,09072,2026-04-15,SCHEDULED,-120,-2.0
2026-04-16T05:45:27Z,0907212026-04-15,09072,2026-04-15,SCHEDULED,-120,-2.0
2026-04-16T05:45:27Z,1700812026-04-15,17008,2026-04-15,SCHEDULED,900,15.0
2026-04-16T05:45:27Z,0907312026-04-15,09073,2026-04-15,SCHEDULED,120,2.0
2026-04-16T05:45:27Z,1702112026-04-15,17021,2026-04-15,SCHEDULED,420,7.0
2026-04-16T05:45:27Z,0907512026-04-15,09075,2026-04-15,SCHEDULED,240,4.0
2026-04-16T05:45:27Z,1704212026-04-15,17042,2026-04-15,SCHEDULED,180,3.0
2026-04-16T05:45:27Z,0947012026-04-15,09470,2026-04-15,SCHEDULED,1020,17.0
2026-04-16T05:45:27Z,1720112026-04-15,17201,2026-04-15,SCHEDULED,240,4.0
2026-04-16T05:45:27Z,1722712026-04-15,17227,2026-04-15,SCHEDULED,180,3.0
2026-04-16T05:45:27Z,1750312026-04-15,17503,2026-04-15,SCHEDULED,-120,-2.0
2026-04-16T05:45:27Z,1770312026-04-15,17703,2026-04-15,SCHEDULED,60,1.0
2026-04-16T05:45:27Z,0062122026-04-16,00621,2026-04-16,SCHEDULED,240,4.0
2026-04-16T05:45:27Z,0062132026-04-16,00621,2026-04-16,SCHEDULED,240,4.0
2026-04-16T05:45:27Z,0062152026-04-16,00621,2026-04-16,SCHEDULED,240,4.0
2026-04-16T05:45:27Z,0062112026-04-16,00621,2026-04-16,SCHEDULED,240,4.0
2026-04-16T05:45:27Z,0062142026-04-16,00621,2026-04-16,SCHEDULED,240,4.0
2026-04-16T05:45:27Z,1500012026-04-15,15000,2026-04-15,SCHEDULED,540,9.0
2026-04-16T05:45:27Z,1505012026-04-15,15050,2026-04-15,SCHEDULED,900,15.0
2026-04-16T05:45:27Z,0063142026-04-16,00631,2026-04-16,SCHEDULED,120,2.0
2026-04-16T05:45:27Z,0063132026-04-16,00631,2026-04-16,SCHEDULED,120,2.0
2026-04-16T05:45:27Z,0063112026-04-16,00631,2026-04-16,SCHEDULED,120,2.0
2026-04-16T05:45:27Z,0063122026-04-16,00631,2026-04-16,SCHEDULED,120,2.0
2026-04-16T05:45:27Z,1600012026-04-15,16000,2026-04-15,SCHEDULED,300,5.0
2026-04-16T05:45:27Z,1401812026-04-15,14018,2026-04-15,SCHEDULED,420,7.0
2026-04-16T05:45:27Z,1210112026-04-15,12101,2026-04-15,SCHEDULED,120,2.0
2026-04-16T05:45:27Z,1210122026-04-15,12101,2026-04-15,SCHEDULED,120,2.0
2026-04-16T05:45:27Z,1210142026-04-15,12101,2026-04-15,SCHEDULED,120,2.0
2026-04-16T05:45:27Z,1447112026-04-15,14471,2026-04-15,SCHEDULED,60,1.0
2026-04-16T05:45:27Z,1261312026-04-15,12613,2026-04-15,SCHEDULED,60,1.0
2026-04-16T05:45:27Z,0807712026-04-15,08077,2026-04-15,SCHEDULED,240,4.0
2026-04-16T05:45:27Z,1261112026-04-15,12611,2026-04-15,SCHEDULED,960,16.0
2026-04-16T05:45:27Z,1264112026-04-15,12641,2026-04-15,SCHEDULED,60,1.0
2026-04-16T05:45:27Z,1264412026-04-15,12644,2026-04-15,SCHEDULED,60,1.0
2026-04-16T05:45:27Z,1300012026-04-15,13000,2026-04-15,SCHEDULED,300,5.0
2026-04-16T05:45:27Z,1300322026-04-15,13003,2026-04-15,SCHEDULED,120,2.0
2026-04-16T05:45:27Z,1300312026-04-15,13003,2026-04-15,SCHEDULED,120,2.0
2026-04-16T05:45:27Z,3560452026-04-15,35604,2026-04-15,SCHEDULED,180,3.0
2026-04-16T05:45:27Z,3560442026-04-15,35604,2026-04-15,SCHEDULED,180,3.0
2026-04-16T05:45:27Z,3560412026-04-15,35604,2026-04-15,SCHEDULED,180,3.0
2026-04-16T05:45:27Z,3560422026-04-15,35604,2026-04-15,SCHEDULED,180,3.0
2026-04-16T05:45:27Z,1248012026-04-15,12480,2026-04-15,SCHEDULED,60,1.0
2026-04-16T05:45:27Z,0029122026-04-16,00291,2026-04-16,SCHEDULED,180,3.0
2026-04-16T05:45:27Z,0029112026-04-16,00291,2026-04-16,SCHEDULED,180,3.0
2026-04-16T05:45:27Z,1877332026-04-15,18773,2026-04-15,SCHEDULED,180,3.0
2026-04-16T05:45:27Z,1877312026-04-15,18773,2026-04-15,SCHEDULED,180,3.0
2026-04-16T05:45:27Z,0029322026-04-16,00293,2026-04-16,SCHEDULED,-60,-1.0
2026-04-16T05:45:27Z,0029312026-04-16,00293,2026-04-16,SCHEDULED,-60,-1.0
2026-04-16T05:45:27Z,0053322026-04-16,00533,2026-04-16,SCHEDULED,360,6.0
2026-04-16T05:45:27Z,0053312026-04-16,00533,2026-04-16,SCHEDULED,360,6.0
2026-04-16T05:45:27Z,1833122026-04-15,18331,2026-04-15,SCHEDULED,240,4.0
2026-04-16T05:45:27Z,1833112026-04-15,18331,2026-04-15,SCHEDULED,240,4.0
2026-04-16T05:45:27Z,0060112026-04-16,00601,2026-04-16,SCHEDULED,-60,-1.0
2026-04-16T05:45:27Z,1565012026-04-15,15650,2026-04-15,SCHEDULED,240,4.0
2026-04-16T05:45:27Z,0075222026-04-16,00752,2026-04-16,SCHEDULED,120,2.0
2026-04-16T05:45:27Z,0075212026-04-16,00752,2026-04-16,SCHEDULED,120,2.0
2026-04-16T05:45:27Z,3460912026-04-15,34609,2026-04-15,SCHEDULED,2340,39.0
2026-04-16T05:45:27Z,7182012026-04-15,71820,2026-04-15,SCHEDULED,120,2.0
2026-04-16T05:45:27Z,0107112026-04-15,01071,2026-04-15,SCHEDULED,60,1.0
2026-04-16T05:45:27Z,7183012026-04-15,71830,2026-04-15,SCHEDULED,-300,-5.0
2026-04-16T05:45:27Z,0107212026-04-16,01072,2026-04-16,SCHEDULED,660,11.0
2026-04-16T05:45:27Z,7186112026-04-15,71861,2026-04-15,SCHEDULED,240,4.0
2026-04-16T05:45:27Z,0108122026-04-15,01081,2026-04-15,SCHEDULED,60,1.0
2026-04-16T05:45:27Z,0108112026-04-15,01081,2026-04-15,SCHEDULED,60,1.0
2026-04-16T05:45:27Z,1580612026-04-15,15806,2026-04-15,SCHEDULED,180,3.0
2026-04-16T05:45:27Z,0109212026-04-15,01092,2026-04-15,SCHEDULED,420,7.0
2026-04-16T05:45:27Z,1781512026-04-15,17815,2026-04-15,SCHEDULED,480,8.0
2026-04-16T05:45:27Z,0206112026-04-15,02061,2026-04-15,SCHEDULED,360,6.0
2026-04-16T05:45:27Z,1800112026-04-15,18001,2026-04-15,SCHEDULED,240,4.0
2026-04-16T05:45:27Z,0206712026-04-15,02067,2026-04-15,SCHEDULED,240,4.0
2026-04-16T05:45:27Z,1803112026-04-15,18031,2026-04-15,SCHEDULED,240,4.0
2026-04-16T05:45:27Z,0207112026-04-15,02071,2026-04-15,SCHEDULED,180,3.0
2026-04-16T05:45:27Z,1804112026-04-15,18041,2026-04-15,SCHEDULED,60,1.0
2026-04-16T05:45:27Z,0207412026-04-16,02074,2026-04-16,SCHEDULED,120,2.0
2026-04-16T05:45:27Z,0207512026-04-16,02075,2026-04-16,SCHEDULED,180,3.0
2026-04-16T05:45:27Z,1805412026-04-15,18054,2026-04-15,SCHEDULED,1140,19.0
2026-04-16T05:45:27Z,0207612026-04-15,02076,2026-04-15,SCHEDULED,60,1.0
2026-04-16T05:45:27Z,1807112026-04-15,18071,2026-04-15,SCHEDULED,-60,-1.0
2026-04-16T05:45:27Z,0226112026-04-15,02261,2026-04-15,SCHEDULED,180,3.0
2026-04-16T05:45:27Z,1807212026-04-15,18072,2026-04-15,SCHEDULED,-60,-1.0
2026-04-16T05:45:27Z,0305212026-04-15,03052,2026-04-15,SCHEDULED,-60,-1.0
2026-04-16T05:45:27Z,0306012026-04-15,03060,2026-04-15,SCHEDULED,240,4.0
2026-04-16T05:45:27Z,1800212026-04-15,18002,2026-04-15,SCHEDULED,-120,-2.0
2026-04-16T05:45:27Z,1800222026-04-15,18002,2026-04-15,SCHEDULED,-120,-2.0
2026-04-16T05:45:27Z,1800242026-04-15,18002,2026-04-15,SCHEDULED,-120,-2.0
2026-04-16T05:45:27Z,1806612026-04-15,18066,2026-04-15,SCHEDULED,240,4.0
2026-04-16T05:45:27Z,1812112026-04-15,18121,2026-04-15,SCHEDULED,300,5.0
2026-04-16T05:45:27Z,0330142026-04-15,03301,2026-04-15,SCHEDULED,360,6.0
2026-04-16T05:45:27Z,0330132026-04-15,03301,2026-04-15,SCHEDULED,360,6.0
2026-04-16T05:45:27Z,0330112026-04-15,03301,2026-04-15,SCHEDULED,360,6.0
2026-04-16T05:45:27Z,0330122026-04-15,03301,2026-04-15,SCHEDULED,360,6.0
2026-04-16T05:45:27Z,1830012026-04-15,18300,2026-04-15,SCHEDULED,-60,-1.0
2026-04-16T05:45:27Z,0306242026-04-15,03062,2026-04-15,SCHEDULED,180,3.0
2026-04-16T05:45:27Z,0306232026-04-15,03062,2026-04-15,SCHEDULED,180,3.0
2026-04-16T05:45:27Z,0306212026-04-15,03062,2026-04-15,SCHEDULED,180,3.0
2026-04-16T05:45:27Z,0306222026-04-15,03062,2026-04-15,SCHEDULED,180,3.0
2026-04-16T05:45:27Z,0306312026-04-15,03063,2026-04-15,SCHEDULED,420,7.0
2026-04-16T05:45:27Z,0306322026-04-15,03063,2026-04-15,SCHEDULED,420,7.0
2026-04-16T05:45:27Z,0306332026-04-15,03063,2026-04-15,SCHEDULED,420,7.0
2026-04-16T05:45:27Z,0307012026-04-15,03070,2026-04-15,SCHEDULED,60,1.0
2026-04-16T05:45:27Z,0307112026-04-15,03071,2026-04-15,SCHEDULED,60,1.0
2026-04-16T05:45:27Z,1890012026-04-15,18900,2026-04-15,SCHEDULED,60,1.0
2026-04-16T05:45:27Z,0307322026-04-15,03073,2026-04-15,SCHEDULED,-60,-1.0
2026-04-16T05:45:27Z,0307312026-04-15,03073,2026-04-15,SCHEDULED,-60,-1.0
2026-04-16T05:45:27Z,1891012026-04-15,18910,2026-04-15,SCHEDULED,360,6.0
2026-04-16T05:45:27Z,1443012026-04-15,14430,2026-04-15,SCHEDULED,840,14.0
2026-04-16T05:45:27Z,0306242026-04-15,03062,2026-04-15,SCHEDULED,480,8.0
2026-04-16T05:45:27Z,0306232026-04-15,03062,2026-04-15,SCHEDULED,480,8.0
2026-04-16T05:45:27Z,0306212026-04-15,03062,2026-04-15,SCHEDULED,480,8.0
2026-04-16T05:45:27Z,0306222026-04-15,03062,2026-04-15,SCHEDULED,480,8.0
2026-04-16T05:45:27Z,0366222026-04-15,03662,2026-04-15,SCHEDULED,60,1.0
2026-04-16T05:45:27Z,0366212026-04-15,03662,2026-04-15,SCHEDULED,60,1.0
2026-04-16T05:45:27Z,0405612026-04-16,04056,2026-04-16,SCHEDULED,360,6.0
2026-04-16T05:45:27Z,0426112026-04-16,04261,2026-04-16,SCHEDULED,-120,-2.0
2026-04-16T05:45:27Z,0418642026-04-16,04186,2026-04-16,SCHEDULED,-60,-1.0
2026-04-16T05:45:27Z,0418632026-04-16,04186,2026-04-16,SCHEDULED,-60,-1.0
2026-04-16T05:45:27Z,0418612026-04-16,04186,2026-04-16,SCHEDULED,-60,-1.0
2026-04-16T05:45:27Z,0418622026-04-16,04186,2026-04-16,SCHEDULED,-60,-1.0
2026-04-16T05:45:27Z,0408812026-04-16,04088,2026-04-16,SCHEDULED,120,2.0
2026-04-16T05:45:27Z,0408822026-04-16,04088,2026-04-16,SCHEDULED,120,2.0
2026-04-16T05:45:27Z,0408832026-04-16,04088,2026-04-16,SCHEDULED,120,2.0
2026-04-16T05:45:27Z,0407222026-04-16,04072,2026-04-16,SCHEDULED,420,7.0
2026-04-16T05:45:27Z,0407212026-04-16,04072,2026-04-16,SCHEDULED,420,7.0
2026-04-16T05:45:27Z,0415422026-04-15,04154,2026-04-15,SCHEDULED,720,12.0
2026-04-16T05:45:27Z,0415412026-04-15,04154,2026-04-15,SCHEDULED,720,12.0
2026-04-16T05:45:27Z,0446412026-04-15,04464,2026-04-15,SCHEDULED,-60,-1.0
2026-04-16T05:45:27Z,0436422026-04-15,04364,2026-04-15,SCHEDULED,120,2.0
2026-04-16T05:45:27Z,0436412026-04-15,04364,2026-04-15,SCHEDULED,120,2.0
2026-04-16T05:45:27Z,7185112026-04-15,71851,2026-04-15,CANCELED,,
2026-04-16T05:45:27Z,1296312026-04-15,12963,2026-04-15,CANCELED,,
2026-04-16T05:45:27Z,1296212026-04-15,12962,2026-04-15,CANCELED,,
2026-04-16T05:45:27Z,7183112026-04-15,71831,2026-04-15,CANCELED,,
2026-04-16T05:50:29Z,1303022026-04-15,13030,2026-04-15,SCHEDULED,120,2.0
2026-04-16T05:50:29Z,1303012026-04-15,13030,2026-04-15,SCHEDULED,120,2.0
2026-04-16T05:50:29Z,0506312026-04-15,05063,2026-04-15,SCHEDULED,180,3.0
2026-04-16T05:50:29Z,1304112026-04-15,13041,2026-04-15,SCHEDULED,120,2.0
2026-04-16T05:50:29Z,0506422026-04-15,05064,2026-04-15,SCHEDULED,600,10.0
2026-04-16T05:50:29Z,0506412026-04-15,05064,2026-04-15,SCHEDULED,600,10.0
2026-04-16T05:50:29Z,1305112026-04-15,13051,2026-04-15,SCHEDULED,1500,25.0
2026-04-16T05:50:29Z,1300112026-04-15,13001,2026-04-15,SCHEDULED,240,4.0
2026-04-16T05:50:29Z,0506522026-04-15,05065,2026-04-15,SCHEDULED,120,2.0
2026-04-16T05:50:29Z,0506512026-04-15,05065,2026-04-15,SCHEDULED,120,2.0
2026-04-16T05:50:29Z,0507012026-04-15,05070,2026-04-15,SCHEDULED,60,1.0
2026-04-16T05:50:29Z,1395112026-04-15,13951,2026-04-15,SCHEDULED,60,1.0
2026-04-16T05:50:29Z,1320312026-04-15,13203,2026-04-15,SCHEDULED,60,1.0
2026-04-16T05:50:29Z,0507112026-04-15,05071,2026-04-15,SCHEDULED,-60,-1.0
2026-04-16T05:50:29Z,0507122026-04-15,05071,2026-04-15,SCHEDULED,-60,-1.0
2026-04-16T05:50:29Z,0507132026-04-15,05071,2026-04-15,SCHEDULED,-60,-1.0
2026-04-16T05:50:29Z,1325012026-04-15,13250,2026-04-15,SCHEDULED,60,1.0
2026-04-16T05:50:29Z,0507212026-04-15,05072,2026-04-15,SCHEDULED,300,5.0
2026-04-16T05:50:29Z,1390012026-04-15,13900,2026-04-15,SCHEDULED,540,9.0
2026-04-16T05:50:29Z,0509212026-04-15,05092,2026-04-15,SCHEDULED,60,1.0
2026-04-16T05:50:29Z,0509222026-04-15,05092,2026-04-15,SCHEDULED,60,1.0
2026-04-16T05:50:29Z,0509232026-04-15,05092,2026-04-15,SCHEDULED,60,1.0
2026-04-16T05:50:29Z,0527322026-04-15,05273,2026-04-15,SCHEDULED,240,4.0
2026-04-16T05:50:29Z,0527312026-04-15,05273,2026-04-15,SCHEDULED,240,4.0
2026-04-16T05:50:29Z,1412362026-04-15,14123,2026-04-15,SCHEDULED,360,6.0
2026-04-16T05:50:29Z,1412342026-04-15,14123,2026-04-15,SCHEDULED,360,6.0
2026-04-16T05:50:29Z,1412352026-04-15,14123,2026-04-15,SCHEDULED,360,6.0
2026-04-16T05:50:29Z,1412312026-04-15,14123,2026-04-15,SCHEDULED,360,6.0
2026-04-16T05:50:29Z,1412332026-04-15,14123,2026-04-15,SCHEDULED,360,6.0
2026-04-16T05:50:29Z,1412322026-04-15,14123,2026-04-15,SCHEDULED,360,6.0
2026-04-16T05:50:29Z,0508042026-04-15,05080,2026-04-15,SCHEDULED,240,4.0
2026-04-16T05:50:29Z,0508032026-04-15,05080,2026-04-15,SCHEDULED,240,4.0
2026-04-16T05:50:29Z,0508012026-04-15,05080,2026-04-15,SCHEDULED,240,4.0
2026-04-16T05:50:29Z,0508022026-04-15,05080,2026-04-15,SCHEDULED,240,4.0
2026-04-16T05:50:29Z,1451012026-04-15,14510,2026-04-15,SCHEDULED,780,13.0
2026-04-16T05:50:29Z,0566812026-04-15,05668,2026-04-15,SCHEDULED,840,14.0
2026-04-16T05:50:29Z,1503022026-04-15,15030,2026-04-15,SCHEDULED,60,1.0
2026-04-16T05:50:29Z,1503012026-04-15,15030,2026-04-15,SCHEDULED,60,1.0
2026-04-16T05:50:29Z,0576312026-04-15,05763,2026-04-15,SCHEDULED,-240,-4.0
2026-04-16T05:50:29Z,0576322026-04-15,05763,2026-04-15,SCHEDULED,-240,-4.0
2026-04-16T05:50:29Z,0576332026-04-15,05763,2026-04-15,SCHEDULED,-240,-4.0
2026-04-16T05:50:29Z,1503112026-04-15,15031,2026-04-15,SCHEDULED,120,2.0
2026-04-16T05:50:29Z,0587112026-04-15,05871,2026-04-15,SCHEDULED,-180,-3.0
2026-04-16T05:50:29Z,1521212026-04-15,15212,2026-04-15,SCHEDULED,-60,-1.0
2026-04-16T05:50:29Z,0807112026-04-15,08071,2026-04-15,SCHEDULED,660,11.0
2026-04-16T05:50:29Z,0807312026-04-15,08073,2026-04-15,SCHEDULED,420,7.0
2026-04-16T05:50:29Z,1530912026-04-15,15309,2026-04-15,SCHEDULED,360,6.0
2026-04-16T05:50:29Z,0807512026-04-16,08075,2026-04-16,SCHEDULED,420,7.0
2026-04-16T05:50:29Z,1562122026-04-15,15621,2026-04-15,SCHEDULED,240,4.0
2026-04-16T05:50:29Z,1562112026-04-15,15621,2026-04-15,SCHEDULED,240,4.0
2026-04-16T05:50:29Z,0807812026-04-15,08078,2026-04-15,SCHEDULED,240,4.0
2026-04-16T05:50:29Z,1563112026-04-15,15631,2026-04-15,SCHEDULED,1680,28.0
2026-04-16T05:50:29Z,0826112026-04-15,08261,2026-04-15,SCHEDULED,780,13.0
2026-04-16T05:50:29Z,0827112026-04-15,08271,2026-04-15,SCHEDULED,600,10.0
2026-04-16T05:50:29Z,1572012026-04-15,15720,2026-04-15,SCHEDULED,1440,24.0
2026-04-16T05:50:29Z,0827512026-04-15,08275,2026-04-15,SCHEDULED,240,4.0
2026-04-16T05:50:29Z,1572212026-04-15,15722,2026-04-15,SCHEDULED,1440,24.0
2026-04-16T05:50:29Z,0847512026-04-15,08475,2026-04-15,SCHEDULED,120,2.0
2026-04-16T05:50:29Z,0866412026-04-16,08664,2026-04-16,SCHEDULED,60,1.0
2026-04-16T05:50:29Z,1575312026-04-15,15753,2026-04-15,SCHEDULED,60,1.0
2026-04-16T05:50:29Z,0807212026-04-15,08072,2026-04-15,SCHEDULED,1500,25.0
2026-04-16T05:50:29Z,1577212026-04-15,15772,2026-04-15,SCHEDULED,720,12.0
2026-04-16T05:50:29Z,0907222026-04-15,09072,2026-04-15,SCHEDULED,-120,-2.0
2026-04-16T05:50:29Z,0907212026-04-15,09072,2026-04-15,SCHEDULED,-120,-2.0
2026-04-16T05:50:29Z,1577412026-04-15,15774,2026-04-15,SCHEDULED,180,3.0
2026-04-16T05:50:29Z,0907512026-04-15,09075,2026-04-15,SCHEDULED,240,4.0
2026-04-16T05:50:29Z,0947012026-04-15,09470,2026-04-15,SCHEDULED,1020,17.0
2026-04-16T05:50:29Z,1590012026-04-15,15900,2026-04-15,SCHEDULED,600,10.0
2026-04-16T05:50:29Z,1590412026-04-15,15904,2026-04-15,SCHEDULED,900,15.0
2026-04-16T05:50:29Z,1620712026-04-15,16207,2026-04-15,SCHEDULED,240,4.0
2026-04-16T05:50:29Z,0062122026-04-16,00621,2026-04-16,SCHEDULED,240,4.0
2026-04-16T05:50:29Z,0062132026-04-16,00621,2026-04-16,SCHEDULED,240,4.0
2026-04-16T05:50:29Z,0062152026-04-16,00621,2026-04-16,SCHEDULED,240,4.0
2026-04-16T05:50:29Z,0062112026-04-16,00621,2026-04-16,SCHEDULED,240,4.0
2026-04-16T05:50:29Z,0062142026-04-16,00621,2026-04-16,SCHEDULED,240,4.0
2026-04-16T05:50:29Z,1607112026-04-15,16071,2026-04-15,SCHEDULED,480,8.0
2026-04-16T05:50:29Z,1601812026-04-15,16018,2026-04-15,SCHEDULED,540,9.0
2026-04-16T05:50:29Z,1700812026-04-15,17008,2026-04-15,SCHEDULED,900,15.0
2026-04-16T05:50:29Z,0063142026-04-16,00631,2026-04-16,SCHEDULED,180,3.0
2026-04-16T05:50:29Z,0063132026-04-16,00631,2026-04-16,SCHEDULED,180,3.0
2026-04-16T05:50:29Z,0063112026-04-16,00631,2026-04-16,SCHEDULED,180,3.0
2026-04-16T05:50:29Z,0063122026-04-16,00631,2026-04-16,SCHEDULED,180,3.0
2026-04-16T05:50:29Z,1702112026-04-15,17021,2026-04-15,SCHEDULED,360,6.0
2026-04-16T05:50:29Z,0069712026-04-16,00697,2026-04-16,SCHEDULED,60,1.0
2026-04-16T05:50:29Z,1704212026-04-15,17042,2026-04-15,SCHEDULED,180,3.0
2026-04-16T05:50:29Z,1210112026-04-15,12101,2026-04-15,SCHEDULED,120,2.0
2026-04-16T05:50:29Z,1210122026-04-15,12101,2026-04-15,SCHEDULED,120,2.0
2026-04-16T05:50:29Z,1210142026-04-15,12101,2026-04-15,SCHEDULED,120,2.0
2026-04-16T05:50:29Z,1720112026-04-15,17201,2026-04-15,SCHEDULED,300,5.0
2026-04-16T05:50:29Z,1261312026-04-15,12613,2026-04-15,SCHEDULED,120,2.0
2026-04-16T05:50:29Z,1722712026-04-15,17227,2026-04-15,SCHEDULED,180,3.0
2026-04-16T05:50:29Z,1261112026-04-15,12611,2026-04-15,SCHEDULED,840,14.0
2026-04-16T05:50:29Z,1750312026-04-15,17503,2026-04-15,SCHEDULED,-120,-2.0
2026-04-16T05:50:29Z,1264112026-04-15,12641,2026-04-15,SCHEDULED,120,2.0
2026-04-16T05:50:29Z,1770312026-04-15,17703,2026-04-15,SCHEDULED,60,1.0
2026-04-16T05:50:29Z,1264412026-04-15,12644,2026-04-15,SCHEDULED,60,1.0
2026-04-16T05:50:29Z,1443012026-04-15,14430,2026-04-15,SCHEDULED,960,16.0
2026-04-16T05:50:29Z,1500012026-04-15,15000,2026-04-15,SCHEDULED,660,11.0
2026-04-16T05:50:29Z,1300012026-04-15,13000,2026-04-15,SCHEDULED,360,6.0
2026-04-16T05:50:29Z,1505012026-04-15,15050,2026-04-15,SCHEDULED,900,15.0
2026-04-16T05:50:29Z,1300212026-04-15,13002,2026-04-15,SCHEDULED,180,3.0
2026-04-16T05:50:29Z,1600012026-04-15,16000,2026-04-15,SCHEDULED,120,2.0
2026-04-16T05:50:29Z,1401812026-04-15,14018,2026-04-15,SCHEDULED,420,7.0
2026-04-16T05:50:29Z,1300322026-04-15,13003,2026-04-15,SCHEDULED,120,2.0
2026-04-16T05:50:29Z,1300312026-04-15,13003,2026-04-15,SCHEDULED,120,2.0
2026-04-16T05:50:29Z,1447112026-04-15,14471,2026-04-15,SCHEDULED,-60,-1.0
2026-04-16T05:50:29Z,0807712026-04-15,08077,2026-04-15,SCHEDULED,240,4.0
2026-04-16T05:50:29Z,0029122026-04-16,00291,2026-04-16,SCHEDULED,180,3.0
2026-04-16T05:50:29Z,0029112026-04-16,00291,2026-04-16,SCHEDULED,180,3.0
2026-04-16T05:50:29Z,0029322026-04-16,00293,2026-04-16,SCHEDULED,60,1.0
2026-04-16T05:50:29Z,0029312026-04-16,00293,2026-04-16,SCHEDULED,60,1.0
2026-04-16T05:50:29Z,3560452026-04-15,35604,2026-04-15,SCHEDULED,180,3.0
2026-04-16T05:50:29Z,3560442026-04-15,35604,2026-04-15,SCHEDULED,180,3.0
2026-04-16T05:50:29Z,3560412026-04-15,35604,2026-04-15,SCHEDULED,180,3.0
2026-04-16T05:50:29Z,3560422026-04-15,35604,2026-04-15,SCHEDULED,180,3.0
2026-04-16T05:50:29Z,0053322026-04-16,00533,2026-04-16,SCHEDULED,360,6.0
2026-04-16T05:50:29Z,0053312026-04-16,00533,2026-04-16,SCHEDULED,360,6.0
2026-04-16T05:50:29Z,1248012026-04-15,12480,2026-04-15,SCHEDULED,60,1.0
2026-04-16T05:50:29Z,1877332026-04-15,18773,2026-04-15,SCHEDULED,240,4.0
2026-04-16T05:50:29Z,1877312026-04-15,18773,2026-04-15,SCHEDULED,240,4.0
2026-04-16T05:50:29Z,0075222026-04-16,00752,2026-04-16,SCHEDULED,120,2.0
2026-04-16T05:50:29Z,0075212026-04-16,00752,2026-04-16,SCHEDULED,120,2.0
2026-04-16T05:50:29Z,1833122026-04-15,18331,2026-04-15,SCHEDULED,240,4.0
2026-04-16T05:50:29Z,1833112026-04-15,18331,2026-04-15,SCHEDULED,240,4.0
2026-04-16T05:50:29Z,3460912026-04-15,34609,2026-04-15,SCHEDULED,2400,40.0
2026-04-16T05:50:29Z,1565012026-04-15,15650,2026-04-15,SCHEDULED,360,6.0
2026-04-16T05:50:29Z,0107112026-04-15,01071,2026-04-15,SCHEDULED,120,2.0
2026-04-16T05:50:29Z,0107212026-04-16,01072,2026-04-16,SCHEDULED,660,11.0
2026-04-16T05:50:29Z,7182012026-04-15,71820,2026-04-15,SCHEDULED,60,1.0
2026-04-16T05:50:29Z,0108122026-04-15,01081,2026-04-15,SCHEDULED,60,1.0
2026-04-16T05:50:29Z,0108112026-04-15,01081,2026-04-15,SCHEDULED,60,1.0
2026-04-16T05:50:29Z,7183012026-04-15,71830,2026-04-15,SCHEDULED,60,1.0
2026-04-16T05:50:29Z,0109212026-04-15,01092,2026-04-15,SCHEDULED,420,7.0
2026-04-16T05:50:29Z,7186112026-04-15,71861,2026-04-15,SCHEDULED,120,2.0
2026-04-16T05:50:29Z,0206112026-04-15,02061,2026-04-15,SCHEDULED,360,6.0
2026-04-16T05:50:29Z,1580612026-04-15,15806,2026-04-15,SCHEDULED,240,4.0
2026-04-16T05:50:29Z,0206712026-04-15,02067,2026-04-15,SCHEDULED,300,5.0
2026-04-16T05:50:29Z,0207112026-04-15,02071,2026-04-15,SCHEDULED,300,5.0
2026-04-16T05:50:29Z,1781512026-04-15,17815,2026-04-15,SCHEDULED,480,8.0
2026-04-16T05:50:29Z,1800112026-04-15,18001,2026-04-15,SCHEDULED,240,4.0
2026-04-16T05:50:29Z,0207512026-04-16,02075,2026-04-16,SCHEDULED,120,2.0
2026-04-16T05:50:29Z,0207612026-04-15,02076,2026-04-15,SCHEDULED,60,1.0
2026-04-16T05:50:29Z,1803112026-04-15,18031,2026-04-15,SCHEDULED,240,4.0
2026-04-16T05:50:29Z,0226112026-04-15,02261,2026-04-15,SCHEDULED,240,4.0
2026-04-16T05:50:29Z,1804112026-04-15,18041,2026-04-15,SCHEDULED,60,1.0
2026-04-16T05:50:29Z,0305212026-04-15,03052,2026-04-15,SCHEDULED,-60,-1.0
2026-04-16T05:50:29Z,0306012026-04-15,03060,2026-04-15,SCHEDULED,300,5.0
2026-04-16T05:50:29Z,1805412026-04-15,18054,2026-04-15,SCHEDULED,1140,19.0
2026-04-16T05:50:29Z,1807112026-04-15,18071,2026-04-15,SCHEDULED,60,1.0
2026-04-16T05:50:29Z,0330142026-04-15,03301,2026-04-15,SCHEDULED,420,7.0
2026-04-16T05:50:29Z,0330132026-04-15,03301,2026-04-15,SCHEDULED,420,7.0
2026-04-16T05:50:29Z,0330112026-04-15,03301,2026-04-15,SCHEDULED,420,7.0
2026-04-16T05:50:29Z,0330122026-04-15,03301,2026-04-15,SCHEDULED,420,7.0
2026-04-16T05:50:29Z,1807212026-04-15,18072,2026-04-15,SCHEDULED,-60,-1.0
2026-04-16T05:50:29Z,1800212026-04-15,18002,2026-04-15,SCHEDULED,-120,-2.0
2026-04-16T05:50:29Z,1800222026-04-15,18002,2026-04-15,SCHEDULED,-120,-2.0
2026-04-16T05:50:29Z,1800242026-04-15,18002,2026-04-15,SCHEDULED,-120,-2.0
2026-04-16T05:50:29Z,0306242026-04-15,03062,2026-04-15,SCHEDULED,180,3.0
2026-04-16T05:50:29Z,0306232026-04-15,03062,2026-04-15,SCHEDULED,180,3.0
2026-04-16T05:50:29Z,0306212026-04-15,03062,2026-04-15,SCHEDULED,180,3.0
2026-04-16T05:50:29Z,0306222026-04-15,03062,2026-04-15,SCHEDULED,180,3.0
2026-04-16T05:50:29Z,1806612026-04-15,18066,2026-04-15,SCHEDULED,300,5.0
2026-04-16T05:50:29Z,1812112026-04-15,18121,2026-04-15,SCHEDULED,180,3.0
2026-04-16T05:50:29Z,0306312026-04-15,03063,2026-04-15,SCHEDULED,300,5.0
2026-04-16T05:50:29Z,0306322026-04-15,03063,2026-04-15,SCHEDULED,300,5.0
2026-04-16T05:50:29Z,0306332026-04-15,03063,2026-04-15,SCHEDULED,300,5.0
2026-04-16T05:50:29Z,1830012026-04-15,18300,2026-04-15,SCHEDULED,-60,-1.0
2026-04-16T05:50:29Z,0307112026-04-15,03071,2026-04-15,SCHEDULED,120,2.0
2026-04-16T05:50:29Z,1801012026-04-15,18010,2026-04-15,SCHEDULED,120,2.0
2026-04-16T05:50:29Z,1801022026-04-15,18010,2026-04-15,SCHEDULED,120,2.0
2026-04-16T05:50:29Z,1801032026-04-15,18010,2026-04-15,SCHEDULED,120,2.0
2026-04-16T05:50:29Z,1890112026-04-15,18901,2026-04-15,SCHEDULED,120,2.0
2026-04-16T05:50:29Z,0306242026-04-15,03062,2026-04-15,SCHEDULED,480,8.0
2026-04-16T05:50:29Z,0306232026-04-15,03062,2026-04-15,SCHEDULED,480,8.0
2026-04-16T05:50:29Z,0306212026-04-15,03062,2026-04-15,SCHEDULED,480,8.0
2026-04-16T05:50:29Z,0306222026-04-15,03062,2026-04-15,SCHEDULED,480,8.0
2026-04-16T05:50:29Z,1890012026-04-15,18900,2026-04-15,SCHEDULED,180,3.0
2026-04-16T05:50:29Z,1891012026-04-15,18910,2026-04-15,SCHEDULED,360,6.0
2026-04-16T05:50:29Z,0366222026-04-15,03662,2026-04-15,SCHEDULED,120,2.0
2026-04-16T05:50:29Z,0366212026-04-15,03662,2026-04-15,SCHEDULED,120,2.0
2026-04-16T05:50:29Z,0405612026-04-16,04056,2026-04-16,SCHEDULED,360,6.0
2026-04-16T05:50:29Z,0426112026-04-16,04261,2026-04-16,SCHEDULED,-60,-1.0
2026-04-16T05:50:29Z,0418642026-04-16,04186,2026-04-16,SCHEDULED,-120,-2.0
2026-04-16T05:50:29Z,0418632026-04-16,04186,2026-04-16,SCHEDULED,-120,-2.0
2026-04-16T05:50:29Z,0418612026-04-16,04186,2026-04-16,SCHEDULED,-120,-2.0
2026-04-16T05:50:29Z,0418622026-04-16,04186,2026-04-16,SCHEDULED,-120,-2.0
2026-04-16T05:50:29Z,0408812026-04-16,04088,2026-04-16,SCHEDULED,-120,-2.0
2026-04-16T05:50:29Z,0408822026-04-16,04088,2026-04-16,SCHEDULED,-120,-2.0
2026-04-16T05:50:29Z,0408832026-04-16,04088,2026-04-16,SCHEDULED,-120,-2.0
2026-04-16T05:50:29Z,0407222026-04-16,04072,2026-04-16,SCHEDULED,360,6.0
2026-04-16T05:50:29Z,0407212026-04-16,04072,2026-04-16,SCHEDULED,360,6.0
2026-04-16T05:50:29Z,0447512026-04-15,04475,2026-04-15,SCHEDULED,-120,-2.0
2026-04-16T05:50:29Z,0415422026-04-15,04154,2026-04-15,SCHEDULED,780,13.0
2026-04-16T05:50:29Z,0415412026-04-15,04154,2026-04-15,SCHEDULED,780,13.0
2026-04-16T05:50:29Z,0446412026-04-15,04464,2026-04-15,SCHEDULED,-60,-1.0
2026-04-16T05:50:29Z,0436422026-04-15,04364,2026-04-15,SCHEDULED,60,1.0
2026-04-16T05:50:29Z,0436412026-04-15,04364,2026-04-15,SCHEDULED,60,1.0
2026-04-16T05:50:29Z,7185112026-04-15,71851,2026-04-15,CANCELED,,
2026-04-16T05:50:29Z,1296312026-04-15,12963,2026-04-15,CANCELED,,
2026-04-16T05:50:29Z,1296212026-04-15,12962,2026-04-15,CANCELED,,
2026-04-16T05:50:29Z,7183112026-04-15,71831,2026-04-15,CANCELED,,
2026-04-16T05:55:23Z,1300012026-04-15,13000,2026-04-15,SCHEDULED,360,6.0
2026-04-16T05:55:23Z,1300212026-04-15,13002,2026-04-15,SCHEDULED,180,3.0
2026-04-16T05:55:23Z,0486822026-04-16,04868,2026-04-16,SCHEDULED,-60,-1.0
2026-04-16T05:55:23Z,0486812026-04-16,04868,2026-04-16,SCHEDULED,-60,-1.0
2026-04-16T05:55:23Z,0506312026-04-15,05063,2026-04-15,SCHEDULED,180,3.0
2026-04-16T05:55:23Z,1300322026-04-15,13003,2026-04-15,SCHEDULED,60,1.0
2026-04-16T05:55:23Z,1300312026-04-15,13003,2026-04-15,SCHEDULED,60,1.0
2026-04-16T05:55:23Z,0506422026-04-15,05064,2026-04-15,SCHEDULED,540,9.0
2026-04-16T05:55:23Z,0506412026-04-15,05064,2026-04-15,SCHEDULED,540,9.0
2026-04-16T05:55:23Z,1303022026-04-15,13030,2026-04-15,SCHEDULED,300,5.0
2026-04-16T05:55:23Z,1303012026-04-15,13030,2026-04-15,SCHEDULED,300,5.0
2026-04-16T05:55:23Z,1304112026-04-15,13041,2026-04-15,SCHEDULED,360,6.0
2026-04-16T05:55:23Z,0506522026-04-15,05065,2026-04-15,SCHEDULED,120,2.0
2026-04-16T05:55:23Z,0506512026-04-15,05065,2026-04-15,SCHEDULED,120,2.0
2026-04-16T05:55:23Z,1305112026-04-15,13051,2026-04-15,SCHEDULED,1500,25.0
2026-04-16T05:55:23Z,0507012026-04-15,05070,2026-04-15,SCHEDULED,120,2.0
2026-04-16T05:55:23Z,1300112026-04-15,13001,2026-04-15,SCHEDULED,240,4.0
2026-04-16T05:55:23Z,1395112026-04-15,13951,2026-04-15,SCHEDULED,60,1.0
2026-04-16T05:55:23Z,0507112026-04-15,05071,2026-04-15,SCHEDULED,-120,-2.0
2026-04-16T05:55:23Z,0507122026-04-15,05071,2026-04-15,SCHEDULED,-120,-2.0
2026-04-16T05:55:23Z,0507132026-04-15,05071,2026-04-15,SCHEDULED,-120,-2.0
2026-04-16T05:55:23Z,1320312026-04-15,13203,2026-04-15,SCHEDULED,60,1.0
2026-04-16T05:55:23Z,0507212026-04-15,05072,2026-04-15,SCHEDULED,300,5.0
2026-04-16T05:55:23Z,1320612026-04-15,13206,2026-04-15,SCHEDULED,60,1.0
2026-04-16T05:55:23Z,1390012026-04-15,13900,2026-04-15,SCHEDULED,540,9.0
2026-04-16T05:55:23Z,0509212026-04-15,05092,2026-04-15,SCHEDULED,420,7.0
2026-04-16T05:55:23Z,0509222026-04-15,05092,2026-04-15,SCHEDULED,420,7.0
2026-04-16T05:55:23Z,0509232026-04-15,05092,2026-04-15,SCHEDULED,420,7.0
2026-04-16T05:55:23Z,1390112026-04-15,13901,2026-04-15,SCHEDULED,120,2.0
2026-04-16T05:55:23Z,0527322026-04-15,05273,2026-04-15,SCHEDULED,300,5.0
2026-04-16T05:55:23Z,0527312026-04-15,05273,2026-04-15,SCHEDULED,300,5.0
2026-04-16T05:55:23Z,1412362026-04-15,14123,2026-04-15,SCHEDULED,360,6.0
2026-04-16T05:55:23Z,1412342026-04-15,14123,2026-04-15,SCHEDULED,360,6.0
2026-04-16T05:55:23Z,1412352026-04-15,14123,2026-04-15,SCHEDULED,360,6.0
2026-04-16T05:55:23Z,1412312026-04-15,14123,2026-04-15,SCHEDULED,360,6.0
2026-04-16T05:55:23Z,1412332026-04-15,14123,2026-04-15,SCHEDULED,360,6.0
2026-04-16T05:55:23Z,1412322026-04-15,14123,2026-04-15,SCHEDULED,360,6.0
2026-04-16T05:55:23Z,1451012026-04-15,14510,2026-04-15,SCHEDULED,780,13.0
2026-04-16T05:55:23Z,0508042026-04-15,05080,2026-04-15,SCHEDULED,240,4.0
2026-04-16T05:55:23Z,0508032026-04-15,05080,2026-04-15,SCHEDULED,240,4.0
2026-04-16T05:55:23Z,0508012026-04-15,05080,2026-04-15,SCHEDULED,240,4.0
2026-04-16T05:55:23Z,0508022026-04-15,05080,2026-04-15,SCHEDULED,240,4.0
2026-04-16T05:55:23Z,1503022026-04-15,15030,2026-04-15,SCHEDULED,60,1.0
2026-04-16T05:55:23Z,1503012026-04-15,15030,2026-04-15,SCHEDULED,60,1.0
2026-04-16T05:55:23Z,1503112026-04-15,15031,2026-04-15,SCHEDULED,60,1.0
2026-04-16T05:55:23Z,0566812026-04-15,05668,2026-04-15,SCHEDULED,840,14.0
2026-04-16T05:55:23Z,1521212026-04-15,15212,2026-04-15,SCHEDULED,120,2.0
2026-04-16T05:55:23Z,1530912026-04-15,15309,2026-04-15,SCHEDULED,300,5.0
2026-04-16T05:55:23Z,0576312026-04-15,05763,2026-04-15,SCHEDULED,-240,-4.0
2026-04-16T05:55:23Z,0576322026-04-15,05763,2026-04-15,SCHEDULED,-240,-4.0
2026-04-16T05:55:23Z,0576332026-04-15,05763,2026-04-15,SCHEDULED,-240,-4.0
2026-04-16T05:55:23Z,1562122026-04-15,15621,2026-04-15,SCHEDULED,240,4.0
2026-04-16T05:55:23Z,1562112026-04-15,15621,2026-04-15,SCHEDULED,240,4.0
2026-04-16T05:55:23Z,0587112026-04-15,05871,2026-04-15,SCHEDULED,-180,-3.0
2026-04-16T05:55:23Z,1563112026-04-15,15631,2026-04-15,SCHEDULED,1620,27.0
2026-04-16T05:55:23Z,0807112026-04-15,08071,2026-04-15,SCHEDULED,660,11.0
2026-04-16T05:55:23Z,0807312026-04-15,08073,2026-04-15,SCHEDULED,420,7.0
2026-04-16T05:55:23Z,1572012026-04-15,15720,2026-04-15,SCHEDULED,1500,25.0
2026-04-16T05:55:23Z,0807512026-04-16,08075,2026-04-16,SCHEDULED,420,7.0
2026-04-16T05:55:23Z,1572212026-04-15,15722,2026-04-15,SCHEDULED,1440,24.0
2026-04-16T05:55:23Z,0807812026-04-15,08078,2026-04-15,SCHEDULED,240,4.0
2026-04-16T05:55:23Z,1575312026-04-15,15753,2026-04-15,SCHEDULED,60,1.0
2026-04-16T05:55:23Z,0808512026-04-15,08085,2026-04-15,SCHEDULED,120,2.0
2026-04-16T05:55:23Z,1577212026-04-15,15772,2026-04-15,SCHEDULED,840,14.0
2026-04-16T05:55:23Z,0826112026-04-15,08261,2026-04-15,SCHEDULED,780,13.0
2026-04-16T05:55:23Z,1577412026-04-15,15774,2026-04-15,SCHEDULED,180,3.0
2026-04-16T05:55:23Z,0827112026-04-15,08271,2026-04-15,SCHEDULED,600,10.0
2026-04-16T05:55:23Z,0827512026-04-15,08275,2026-04-15,SCHEDULED,300,5.0
2026-04-16T05:55:23Z,0866412026-04-16,08664,2026-04-16,SCHEDULED,180,3.0
2026-04-16T05:55:23Z,1590012026-04-15,15900,2026-04-15,SCHEDULED,600,10.0
2026-04-16T05:55:23Z,0907112026-04-15,09071,2026-04-15,SCHEDULED,120,2.0
2026-04-16T05:55:23Z,1590412026-04-15,15904,2026-04-15,SCHEDULED,1080,18.0
2026-04-16T05:55:23Z,1620712026-04-15,16207,2026-04-15,SCHEDULED,300,5.0
2026-04-16T05:55:23Z,0907222026-04-15,09072,2026-04-15,SCHEDULED,-120,-2.0
2026-04-16T05:55:23Z,0907212026-04-15,09072,2026-04-15,SCHEDULED,-120,-2.0
2026-04-16T05:55:23Z,1607112026-04-15,16071,2026-04-15,SCHEDULED,300,5.0
2026-04-16T05:55:23Z,1601812026-04-15,16018,2026-04-15,SCHEDULED,540,9.0
2026-04-16T05:55:23Z,0907512026-04-15,09075,2026-04-15,SCHEDULED,240,4.0
2026-04-16T05:55:23Z,0947012026-04-15,09470,2026-04-15,SCHEDULED,1020,17.0
2026-04-16T05:55:23Z,1700812026-04-15,17008,2026-04-15,SCHEDULED,780,13.0
2026-04-16T05:55:23Z,1702112026-04-15,17021,2026-04-15,SCHEDULED,420,7.0
2026-04-16T05:55:23Z,1704212026-04-15,17042,2026-04-15,SCHEDULED,180,3.0
2026-04-16T05:55:23Z,0062122026-04-16,00621,2026-04-16,SCHEDULED,240,4.0
2026-04-16T05:55:23Z,0062132026-04-16,00621,2026-04-16,SCHEDULED,240,4.0
2026-04-16T05:55:23Z,0062152026-04-16,00621,2026-04-16,SCHEDULED,240,4.0
2026-04-16T05:55:23Z,0062112026-04-16,00621,2026-04-16,SCHEDULED,240,4.0
2026-04-16T05:55:23Z,0062142026-04-16,00621,2026-04-16,SCHEDULED,240,4.0
2026-04-16T05:55:23Z,1720112026-04-15,17201,2026-04-15,SCHEDULED,300,5.0
2026-04-16T05:55:23Z,0063142026-04-16,00631,2026-04-16,SCHEDULED,180,3.0
2026-04-16T05:55:23Z,0063132026-04-16,00631,2026-04-16,SCHEDULED,180,3.0
2026-04-16T05:55:23Z,0063112026-04-16,00631,2026-04-16,SCHEDULED,180,3.0
2026-04-16T05:55:23Z,0063122026-04-16,00631,2026-04-16,SCHEDULED,180,3.0
2026-04-16T05:55:23Z,1891012026-04-15,18910,2026-04-15,SCHEDULED,360,6.0
2026-04-16T05:55:23Z,0069712026-04-16,00697,2026-04-16,SCHEDULED,120,2.0
2026-04-16T05:55:23Z,1443012026-04-15,14430,2026-04-15,SCHEDULED,960,16.0
2026-04-16T05:55:23Z,1500012026-04-15,15000,2026-04-15,SCHEDULED,540,9.0
2026-04-16T05:55:23Z,1210112026-04-15,12101,2026-04-15,SCHEDULED,120,2.0
2026-04-16T05:55:23Z,1210122026-04-15,12101,2026-04-15,SCHEDULED,120,2.0
2026-04-16T05:55:23Z,1210142026-04-15,12101,2026-04-15,SCHEDULED,120,2.0
2026-04-16T05:55:23Z,1261312026-04-15,12613,2026-04-15,SCHEDULED,240,4.0
2026-04-16T05:55:23Z,1261112026-04-15,12611,2026-04-15,SCHEDULED,840,14.0
2026-04-16T05:55:23Z,1505012026-04-15,15050,2026-04-15,SCHEDULED,1440,24.0
2026-04-16T05:55:23Z,1264112026-04-15,12641,2026-04-15,SCHEDULED,120,2.0
2026-04-16T05:55:23Z,1600012026-04-15,16000,2026-04-15,SCHEDULED,120,2.0
2026-04-16T05:55:23Z,1264412026-04-15,12644,2026-04-15,SCHEDULED,60,1.0
2026-04-16T05:55:23Z,1401812026-04-15,14018,2026-04-15,SCHEDULED,600,10.0
2026-04-16T05:55:23Z,1447112026-04-15,14471,2026-04-15,SCHEDULED,-120,-2.0
2026-04-16T05:55:23Z,1296112026-04-15,12961,2026-04-15,SCHEDULED,60,1.0
2026-04-16T05:55:23Z,0807712026-04-15,08077,2026-04-15,SCHEDULED,240,4.0
2026-04-16T05:55:23Z,0029122026-04-16,00291,2026-04-16,SCHEDULED,180,3.0
2026-04-16T05:55:23Z,0029112026-04-16,00291,2026-04-16,SCHEDULED,180,3.0
2026-04-16T05:55:23Z,3560452026-04-15,35604,2026-04-15,SCHEDULED,180,3.0
2026-04-16T05:55:23Z,3560442026-04-15,35604,2026-04-15,SCHEDULED,180,3.0
2026-04-16T05:55:23Z,3560412026-04-15,35604,2026-04-15,SCHEDULED,180,3.0
2026-04-16T05:55:23Z,3560422026-04-15,35604,2026-04-15,SCHEDULED,180,3.0
2026-04-16T05:55:23Z,0029322026-04-16,00293,2026-04-16,SCHEDULED,120,2.0
2026-04-16T05:55:23Z,0029312026-04-16,00293,2026-04-16,SCHEDULED,120,2.0
2026-04-16T05:55:23Z,1248012026-04-15,12480,2026-04-15,SCHEDULED,60,1.0
2026-04-16T05:55:23Z,0053322026-04-16,00533,2026-04-16,SCHEDULED,180,3.0
2026-04-16T05:55:23Z,0053312026-04-16,00533,2026-04-16,SCHEDULED,180,3.0
2026-04-16T05:55:23Z,1877332026-04-15,18773,2026-04-15,SCHEDULED,240,4.0
2026-04-16T05:55:23Z,1877312026-04-15,18773,2026-04-15,SCHEDULED,240,4.0
2026-04-16T05:55:23Z,0060112026-04-16,00601,2026-04-16,SCHEDULED,60,1.0
2026-04-16T05:55:23Z,1833122026-04-15,18331,2026-04-15,SCHEDULED,180,3.0
2026-04-16T05:55:23Z,1833112026-04-15,18331,2026-04-15,SCHEDULED,180,3.0
2026-04-16T05:55:23Z,0075222026-04-16,00752,2026-04-16,SCHEDULED,120,2.0
2026-04-16T05:55:23Z,0075212026-04-16,00752,2026-04-16,SCHEDULED,120,2.0
2026-04-16T05:55:23Z,1565012026-04-15,15650,2026-04-15,SCHEDULED,360,6.0
2026-04-16T05:55:23Z,3460912026-04-15,34609,2026-04-15,SCHEDULED,2340,39.0
2026-04-16T05:55:23Z,0107112026-04-15,01071,2026-04-15,SCHEDULED,120,2.0
2026-04-16T05:55:23Z,0107212026-04-16,01072,2026-04-16,SCHEDULED,660,11.0
2026-04-16T05:55:23Z,0108122026-04-15,01081,2026-04-15,SCHEDULED,120,2.0
2026-04-16T05:55:23Z,0108112026-04-15,01081,2026-04-15,SCHEDULED,120,2.0
2026-04-16T05:55:23Z,1580612026-04-15,15806,2026-04-15,SCHEDULED,240,4.0
2026-04-16T05:55:23Z,0109212026-04-15,01092,2026-04-15,SCHEDULED,480,8.0
2026-04-16T05:55:23Z,1750312026-04-15,17503,2026-04-15,SCHEDULED,120,2.0
2026-04-16T05:55:23Z,0206112026-04-15,02061,2026-04-15,SCHEDULED,600,10.0
2026-04-16T05:55:23Z,1780612026-04-15,17806,2026-04-15,SCHEDULED,120,2.0
2026-04-16T05:55:23Z,0206712026-04-15,02067,2026-04-15,SCHEDULED,240,4.0
2026-04-16T05:55:23Z,1781512026-04-15,17815,2026-04-15,SCHEDULED,480,8.0
2026-04-16T05:55:23Z,0207012026-04-15,02070,2026-04-15,SCHEDULED,120,2.0
2026-04-16T05:55:23Z,1800112026-04-15,18001,2026-04-15,SCHEDULED,240,4.0
2026-04-16T05:55:23Z,0207112026-04-15,02071,2026-04-15,SCHEDULED,300,5.0
2026-04-16T05:55:23Z,1803112026-04-15,18031,2026-04-15,SCHEDULED,240,4.0
2026-04-16T05:55:23Z,0207412026-04-16,02074,2026-04-16,SCHEDULED,-60,-1.0
2026-04-16T05:55:23Z,1804112026-04-15,18041,2026-04-15,SCHEDULED,60,1.0
2026-04-16T05:55:23Z,0207512026-04-16,02075,2026-04-16,SCHEDULED,180,3.0
2026-04-16T05:55:23Z,1804612026-04-15,18046,2026-04-15,SCHEDULED,240,4.0
2026-04-16T05:55:23Z,1805412026-04-15,18054,2026-04-15,SCHEDULED,1140,19.0
2026-04-16T05:55:23Z,0226112026-04-15,02261,2026-04-15,SCHEDULED,300,5.0
2026-04-16T05:55:23Z,1807112026-04-15,18071,2026-04-15,SCHEDULED,60,1.0
2026-04-16T05:55:23Z,0305212026-04-15,03052,2026-04-15,SCHEDULED,-120,-2.0
2026-04-16T05:55:23Z,1807212026-04-15,18072,2026-04-15,SCHEDULED,60,1.0
2026-04-16T05:55:23Z,0306012026-04-15,03060,2026-04-15,SCHEDULED,300,5.0
2026-04-16T05:55:23Z,1807422026-04-15,18074,2026-04-15,SCHEDULED,120,2.0
2026-04-16T05:55:23Z,1807412026-04-15,18074,2026-04-15,SCHEDULED,120,2.0
2026-04-16T05:55:23Z,0330142026-04-15,03301,2026-04-15,SCHEDULED,420,7.0
2026-04-16T05:55:23Z,0330132026-04-15,03301,2026-04-15,SCHEDULED,420,7.0
2026-04-16T05:55:23Z,0330112026-04-15,03301,2026-04-15,SCHEDULED,420,7.0
2026-04-16T05:55:23Z,0330122026-04-15,03301,2026-04-15,SCHEDULED,420,7.0
2026-04-16T05:55:23Z,1800212026-04-15,18002,2026-04-15,SCHEDULED,-120,-2.0
2026-04-16T05:55:23Z,1800222026-04-15,18002,2026-04-15,SCHEDULED,-120,-2.0
2026-04-16T05:55:23Z,1800242026-04-15,18002,2026-04-15,SCHEDULED,-120,-2.0
2026-04-16T05:55:23Z,1806612026-04-15,18066,2026-04-15,SCHEDULED,300,5.0
2026-04-16T05:55:23Z,1812112026-04-15,18121,2026-04-15,SCHEDULED,240,4.0
2026-04-16T05:55:23Z,0306242026-04-15,03062,2026-04-15,SCHEDULED,180,3.0
2026-04-16T05:55:23Z,0306232026-04-15,03062,2026-04-15,SCHEDULED,180,3.0
2026-04-16T05:55:23Z,0306212026-04-15,03062,2026-04-15,SCHEDULED,180,3.0
2026-04-16T05:55:23Z,0306222026-04-15,03062,2026-04-15,SCHEDULED,180,3.0
2026-04-16T05:55:23Z,0306312026-04-15,03063,2026-04-15,SCHEDULED,360,6.0
2026-04-16T05:55:23Z,0306322026-04-15,03063,2026-04-15,SCHEDULED,360,6.0
2026-04-16T05:55:23Z,0306332026-04-15,03063,2026-04-15,SCHEDULED,360,6.0
2026-04-16T05:55:23Z,0307012026-04-15,03070,2026-04-15,SCHEDULED,60,1.0
2026-04-16T05:55:23Z,0307112026-04-15,03071,2026-04-15,SCHEDULED,240,4.0
2026-04-16T05:55:23Z,1801012026-04-15,18010,2026-04-15,SCHEDULED,120,2.0
2026-04-16T05:55:23Z,1801022026-04-15,18010,2026-04-15,SCHEDULED,120,2.0
2026-04-16T05:55:23Z,1801032026-04-15,18010,2026-04-15,SCHEDULED,120,2.0
2026-04-16T05:55:23Z,1890112026-04-15,18901,2026-04-15,SCHEDULED,120,2.0
2026-04-16T05:55:23Z,1890012026-04-15,18900,2026-04-15,SCHEDULED,180,3.0
2026-04-16T05:55:23Z,0306242026-04-15,03062,2026-04-15,SCHEDULED,540,9.0
2026-04-16T05:55:23Z,0306232026-04-15,03062,2026-04-15,SCHEDULED,540,9.0
2026-04-16T05:55:23Z,0306212026-04-15,03062,2026-04-15,SCHEDULED,540,9.0
2026-04-16T05:55:23Z,0306222026-04-15,03062,2026-04-15,SCHEDULED,540,9.0
2026-04-16T05:55:23Z,0366222026-04-15,03662,2026-04-15,SCHEDULED,120,2.0
2026-04-16T05:55:23Z,0366212026-04-15,03662,2026-04-15,SCHEDULED,120,2.0
2026-04-16T05:55:23Z,0405612026-04-16,04056,2026-04-16,SCHEDULED,360,6.0
2026-04-16T05:55:23Z,0426112026-04-16,04261,2026-04-16,SCHEDULED,-120,-2.0
2026-04-16T05:55:23Z,0418642026-04-16,04186,2026-04-16,SCHEDULED,-120,-2.0
2026-04-16T05:55:23Z,0418632026-04-16,04186,2026-04-16,SCHEDULED,-120,-2.0
2026-04-16T05:55:23Z,0418612026-04-16,04186,2026-04-16,SCHEDULED,-120,-2.0
2026-04-16T05:55:23Z,0418622026-04-16,04186,2026-04-16,SCHEDULED,-120,-2.0
2026-04-16T05:55:23Z,0408712026-04-16,04087,2026-04-16,SCHEDULED,1740,29.0
2026-04-16T05:55:23Z,0408812026-04-16,04088,2026-04-16,SCHEDULED,-120,-2.0
2026-04-16T05:55:23Z,0408822026-04-16,04088,2026-04-16,SCHEDULED,-120,-2.0
2026-04-16T05:55:23Z,0408832026-04-16,04088,2026-04-16,SCHEDULED,-120,-2.0
2026-04-16T05:55:23Z,0407222026-04-16,04072,2026-04-16,SCHEDULED,360,6.0
2026-04-16T05:55:23Z,0407212026-04-16,04072,2026-04-16,SCHEDULED,360,6.0
2026-04-16T05:55:23Z,0447512026-04-15,04475,2026-04-15,SCHEDULED,-120,-2.0
2026-04-16T05:55:23Z,0415422026-04-15,04154,2026-04-15,SCHEDULED,720,12.0
2026-04-16T05:55:23Z,0415412026-04-15,04154,2026-04-15,SCHEDULED,720,12.0
2026-04-16T05:55:23Z,0446412026-04-15,04464,2026-04-15,SCHEDULED,360,6.0
2026-04-16T05:55:23Z,0436422026-04-15,04364,2026-04-15,SCHEDULED,180,3.0
2026-04-16T05:55:23Z,0436412026-04-15,04364,2026-04-15,SCHEDULED,180,3.0
2026-04-16T05:55:23Z,1296312026-04-15,12963,2026-04-15,CANCELED,,
2026-04-16T05:55:23Z,7185112026-04-15,71851,2026-04-15,CANCELED,,
2026-04-16T05:55:23Z,1296212026-04-15,12962,2026-04-15,CANCELED,,
2026-04-16T05:55:23Z,7183112026-04-15,71831,2026-04-15,CANCELED,,
2026-04-16T06:00:43Z,1296112026-04-15,12961,2026-04-15,SCHEDULED,120,2.0
2026-04-16T06:00:43Z,0415422026-04-15,04154,2026-04-15,SCHEDULED,780,13.0
2026-04-16T06:00:43Z,0415412026-04-15,04154,2026-04-15,SCHEDULED,780,13.0
2026-04-16T06:00:43Z,1300012026-04-15,13000,2026-04-15,SCHEDULED,300,5.0
2026-04-16T06:00:43Z,0446412026-04-15,04464,2026-04-15,SCHEDULED,360,6.0
2026-04-16T06:00:43Z,1300212026-04-15,13002,2026-04-15,SCHEDULED,240,4.0
2026-04-16T06:00:43Z,0436422026-04-15,04364,2026-04-15,SCHEDULED,180,3.0
2026-04-16T06:00:43Z,0436412026-04-15,04364,2026-04-15,SCHEDULED,180,3.0
2026-04-16T06:00:43Z,1300322026-04-15,13003,2026-04-15,SCHEDULED,60,1.0
2026-04-16T06:00:43Z,1300312026-04-15,13003,2026-04-15,SCHEDULED,60,1.0
2026-04-16T06:00:43Z,0486822026-04-16,04868,2026-04-16,SCHEDULED,-60,-1.0
2026-04-16T06:00:43Z,0486812026-04-16,04868,2026-04-16,SCHEDULED,-60,-1.0
2026-04-16T06:00:43Z,1303022026-04-15,13030,2026-04-15,SCHEDULED,360,6.0
2026-04-16T06:00:43Z,1303012026-04-15,13030,2026-04-15,SCHEDULED,360,6.0
2026-04-16T06:00:43Z,1304112026-04-15,13041,2026-04-15,SCHEDULED,480,8.0
2026-04-16T06:00:43Z,1305112026-04-15,13051,2026-04-15,SCHEDULED,1500,25.0
2026-04-16T06:00:43Z,0506422026-04-15,05064,2026-04-15,SCHEDULED,540,9.0
2026-04-16T06:00:43Z,0506412026-04-15,05064,2026-04-15,SCHEDULED,540,9.0
2026-04-16T06:00:43Z,1300112026-04-15,13001,2026-04-15,SCHEDULED,480,8.0
2026-04-16T06:00:43Z,1395112026-04-15,13951,2026-04-15,SCHEDULED,-60,-1.0
2026-04-16T06:00:43Z,0506522026-04-15,05065,2026-04-15,SCHEDULED,180,3.0
2026-04-16T06:00:43Z,0506512026-04-15,05065,2026-04-15,SCHEDULED,180,3.0
2026-04-16T06:00:43Z,1320312026-04-15,13203,2026-04-15,SCHEDULED,60,1.0
2026-04-16T06:00:43Z,0507012026-04-15,05070,2026-04-15,SCHEDULED,60,1.0
2026-04-16T06:00:43Z,1320612026-04-15,13206,2026-04-15,SCHEDULED,60,1.0
2026-04-16T06:00:43Z,1390012026-04-15,13900,2026-04-15,SCHEDULED,900,15.0
2026-04-16T06:00:43Z,1390112026-04-15,13901,2026-04-15,SCHEDULED,120,2.0
2026-04-16T06:00:43Z,0507112026-04-15,05071,2026-04-15,SCHEDULED,-120,-2.0
2026-04-16T06:00:43Z,0507122026-04-15,05071,2026-04-15,SCHEDULED,-120,-2.0
2026-04-16T06:00:43Z,0507132026-04-15,05071,2026-04-15,SCHEDULED,-120,-2.0
2026-04-16T06:00:43Z,0507212026-04-15,05072,2026-04-15,SCHEDULED,300,5.0
2026-04-16T06:00:43Z,0509212026-04-15,05092,2026-04-15,SCHEDULED,300,5.0
2026-04-16T06:00:43Z,0509222026-04-15,05092,2026-04-15,SCHEDULED,300,5.0
2026-04-16T06:00:43Z,0509232026-04-15,05092,2026-04-15,SCHEDULED,300,5.0
2026-04-16T06:00:43Z,1412362026-04-15,14123,2026-04-15,SCHEDULED,420,7.0
2026-04-16T06:00:43Z,1412342026-04-15,14123,2026-04-15,SCHEDULED,420,7.0
2026-04-16T06:00:43Z,1412352026-04-15,14123,2026-04-15,SCHEDULED,420,7.0
2026-04-16T06:00:43Z,1412312026-04-15,14123,2026-04-15,SCHEDULED,420,7.0
2026-04-16T06:00:43Z,1412332026-04-15,14123,2026-04-15,SCHEDULED,420,7.0
2026-04-16T06:00:43Z,1412322026-04-15,14123,2026-04-15,SCHEDULED,420,7.0
2026-04-16T06:00:43Z,1451012026-04-15,14510,2026-04-15,SCHEDULED,780,13.0
2026-04-16T06:00:43Z,0527322026-04-15,05273,2026-04-15,SCHEDULED,120,2.0
2026-04-16T06:00:43Z,0527312026-04-15,05273,2026-04-15,SCHEDULED,120,2.0
2026-04-16T06:00:43Z,1503022026-04-15,15030,2026-04-15,SCHEDULED,120,2.0
2026-04-16T06:00:43Z,1503012026-04-15,15030,2026-04-15,SCHEDULED,120,2.0
2026-04-16T06:00:43Z,1503112026-04-15,15031,2026-04-15,SCHEDULED,60,1.0
2026-04-16T06:00:43Z,0508042026-04-15,05080,2026-04-15,SCHEDULED,120,2.0
2026-04-16T06:00:43Z,0508032026-04-15,05080,2026-04-15,SCHEDULED,120,2.0
2026-04-16T06:00:43Z,0508012026-04-15,05080,2026-04-15,SCHEDULED,120,2.0
2026-04-16T06:00:43Z,0508022026-04-15,05080,2026-04-15,SCHEDULED,120,2.0
2026-04-16T06:00:43Z,1521212026-04-15,15212,2026-04-15,SCHEDULED,120,2.0
2026-04-16T06:00:43Z,0566812026-04-15,05668,2026-04-15,SCHEDULED,840,14.0
2026-04-16T06:00:43Z,1530912026-04-15,15309,2026-04-15,SCHEDULED,300,5.0
2026-04-16T06:00:43Z,1562122026-04-15,15621,2026-04-15,SCHEDULED,240,4.0
2026-04-16T06:00:43Z,1562112026-04-15,15621,2026-04-15,SCHEDULED,240,4.0
2026-04-16T06:00:43Z,0576312026-04-15,05763,2026-04-15,SCHEDULED,-300,-5.0
2026-04-16T06:00:43Z,0576322026-04-15,05763,2026-04-15,SCHEDULED,-300,-5.0
2026-04-16T06:00:43Z,0576332026-04-15,05763,2026-04-15,SCHEDULED,-300,-5.0
2026-04-16T06:00:43Z,1563112026-04-15,15631,2026-04-15,SCHEDULED,1560,26.0
2026-04-16T06:00:43Z,0587112026-04-15,05871,2026-04-15,SCHEDULED,-180,-3.0
2026-04-16T06:00:43Z,0807112026-04-15,08071,2026-04-15,SCHEDULED,660,11.0
2026-04-16T06:00:43Z,1572012026-04-15,15720,2026-04-15,SCHEDULED,1500,25.0
2026-04-16T06:00:43Z,1572212026-04-15,15722,2026-04-15,SCHEDULED,1500,25.0
2026-04-16T06:00:43Z,0807312026-04-15,08073,2026-04-15,SCHEDULED,420,7.0
2026-04-16T06:00:43Z,0807812026-04-15,08078,2026-04-15,SCHEDULED,240,4.0
2026-04-16T06:00:43Z,0808512026-04-15,08085,2026-04-15,SCHEDULED,120,2.0
2026-04-16T06:00:43Z,1575312026-04-15,15753,2026-04-15,SCHEDULED,60,1.0
2026-04-16T06:00:43Z,1577212026-04-15,15772,2026-04-15,SCHEDULED,840,14.0
2026-04-16T06:00:43Z,0827112026-04-15,08271,2026-04-15,SCHEDULED,660,11.0
2026-04-16T06:00:43Z,1577412026-04-15,15774,2026-04-15,SCHEDULED,240,4.0
2026-04-16T06:00:43Z,0827512026-04-15,08275,2026-04-15,SCHEDULED,180,3.0
2026-04-16T06:00:43Z,1585212026-04-15,15852,2026-04-15,SCHEDULED,-60,-1.0
2026-04-16T06:00:43Z,0847512026-04-15,08475,2026-04-15,SCHEDULED,-60,-1.0
2026-04-16T06:00:43Z,1590012026-04-15,15900,2026-04-15,SCHEDULED,660,11.0
2026-04-16T06:00:43Z,0866412026-04-16,08664,2026-04-16,SCHEDULED,360,6.0
2026-04-16T06:00:43Z,1590412026-04-15,15904,2026-04-15,SCHEDULED,900,15.0
2026-04-16T06:00:43Z,0907112026-04-15,09071,2026-04-15,SCHEDULED,120,2.0
2026-04-16T06:00:43Z,1620712026-04-15,16207,2026-04-15,SCHEDULED,240,4.0
2026-04-16T06:00:43Z,1607112026-04-15,16071,2026-04-15,SCHEDULED,300,5.0
2026-04-16T06:00:43Z,0907222026-04-15,09072,2026-04-15,SCHEDULED,-120,-2.0
2026-04-16T06:00:43Z,0907212026-04-15,09072,2026-04-15,SCHEDULED,-120,-2.0
2026-04-16T06:00:43Z,1700812026-04-15,17008,2026-04-15,SCHEDULED,780,13.0
2026-04-16T06:00:43Z,0907312026-04-15,09073,2026-04-15,SCHEDULED,60,1.0
2026-04-16T06:00:43Z,1702112026-04-15,17021,2026-04-15,SCHEDULED,420,7.0
2026-04-16T06:00:43Z,0947012026-04-15,09470,2026-04-15,SCHEDULED,1080,18.0
2026-04-16T06:00:43Z,1704212026-04-15,17042,2026-04-15,SCHEDULED,60,1.0
2026-04-16T06:00:43Z,1890012026-04-15,18900,2026-04-15,SCHEDULED,240,4.0
2026-04-16T06:00:43Z,0407312026-04-16,04073,2026-04-16,SCHEDULED,840,14.0
2026-04-16T06:00:43Z,1891012026-04-15,18910,2026-04-15,SCHEDULED,420,7.0
2026-04-16T06:00:43Z,1443012026-04-15,14430,2026-04-15,SCHEDULED,1020,17.0
2026-04-16T06:00:43Z,1500012026-04-15,15000,2026-04-15,SCHEDULED,300,5.0
2026-04-16T06:00:43Z,0062122026-04-16,00621,2026-04-16,SCHEDULED,240,4.0
2026-04-16T06:00:43Z,0062132026-04-16,00621,2026-04-16,SCHEDULED,240,4.0
2026-04-16T06:00:43Z,0062152026-04-16,00621,2026-04-16,SCHEDULED,240,4.0
2026-04-16T06:00:43Z,0062112026-04-16,00621,2026-04-16,SCHEDULED,240,4.0
2026-04-16T06:00:43Z,0062142026-04-16,00621,2026-04-16,SCHEDULED,240,4.0
2026-04-16T06:00:43Z,1505012026-04-15,15050,2026-04-15,SCHEDULED,1440,24.0
2026-04-16T06:00:43Z,1600012026-04-15,16000,2026-04-15,SCHEDULED,120,2.0
2026-04-16T06:00:43Z,0063142026-04-16,00631,2026-04-16,SCHEDULED,300,5.0
2026-04-16T06:00:43Z,0063132026-04-16,00631,2026-04-16,SCHEDULED,300,5.0
2026-04-16T06:00:43Z,0063112026-04-16,00631,2026-04-16,SCHEDULED,300,5.0
2026-04-16T06:00:43Z,0063122026-04-16,00631,2026-04-16,SCHEDULED,300,5.0
2026-04-16T06:00:43Z,1401812026-04-15,14018,2026-04-15,SCHEDULED,600,10.0
2026-04-16T06:00:43Z,0069712026-04-16,00697,2026-04-16,SCHEDULED,180,3.0
2026-04-16T06:00:43Z,1447112026-04-15,14471,2026-04-15,SCHEDULED,-120,-2.0
2026-04-16T06:00:43Z,0807712026-04-15,08077,2026-04-15,SCHEDULED,240,4.0
2026-04-16T06:00:43Z,1210112026-04-15,12101,2026-04-15,SCHEDULED,120,2.0
2026-04-16T06:00:43Z,1210122026-04-15,12101,2026-04-15,SCHEDULED,120,2.0
2026-04-16T06:00:43Z,1210142026-04-15,12101,2026-04-15,SCHEDULED,120,2.0
2026-04-16T06:00:43Z,1261312026-04-15,12613,2026-04-15,SCHEDULED,180,3.0
2026-04-16T06:00:43Z,1261112026-04-15,12611,2026-04-15,SCHEDULED,780,13.0
2026-04-16T06:00:43Z,3560452026-04-15,35604,2026-04-15,SCHEDULED,180,3.0
2026-04-16T06:00:43Z,3560442026-04-15,35604,2026-04-15,SCHEDULED,180,3.0
2026-04-16T06:00:43Z,3560412026-04-15,35604,2026-04-15,SCHEDULED,180,3.0
2026-04-16T06:00:43Z,3560422026-04-15,35604,2026-04-15,SCHEDULED,180,3.0
2026-04-16T06:00:43Z,1264112026-04-15,12641,2026-04-15,SCHEDULED,120,2.0
2026-04-16T06:00:43Z,1248012026-04-15,12480,2026-04-15,SCHEDULED,60,1.0
2026-04-16T06:00:43Z,1264412026-04-15,12644,2026-04-15,SCHEDULED,60,1.0
2026-04-16T06:00:43Z,1877332026-04-15,18773,2026-04-15,SCHEDULED,240,4.0
2026-04-16T06:00:43Z,1877312026-04-15,18773,2026-04-15,SCHEDULED,240,4.0
2026-04-16T06:00:43Z,0029122026-04-16,00291,2026-04-16,SCHEDULED,420,7.0
2026-04-16T06:00:43Z,0029112026-04-16,00291,2026-04-16,SCHEDULED,420,7.0
2026-04-16T06:00:43Z,0029322026-04-16,00293,2026-04-16,SCHEDULED,120,2.0
2026-04-16T06:00:43Z,0029312026-04-16,00293,2026-04-16,SCHEDULED,120,2.0
2026-04-16T06:00:43Z,1833122026-04-15,18331,2026-04-15,SCHEDULED,240,4.0
2026-04-16T06:00:43Z,1833112026-04-15,18331,2026-04-15,SCHEDULED,240,4.0
2026-04-16T06:00:43Z,0053322026-04-16,00533,2026-04-16,SCHEDULED,180,3.0
2026-04-16T06:00:43Z,0053312026-04-16,00533,2026-04-16,SCHEDULED,180,3.0
2026-04-16T06:00:43Z,0060112026-04-16,00601,2026-04-16,SCHEDULED,60,1.0
2026-04-16T06:00:43Z,0075222026-04-16,00752,2026-04-16,SCHEDULED,1320,22.0
2026-04-16T06:00:43Z,0075212026-04-16,00752,2026-04-16,SCHEDULED,1320,22.0
2026-04-16T06:00:43Z,1580612026-04-15,15806,2026-04-15,SCHEDULED,240,4.0
2026-04-16T06:00:43Z,3460912026-04-15,34609,2026-04-15,SCHEDULED,2280,38.0
2026-04-16T06:00:43Z,1720112026-04-15,17201,2026-04-15,SCHEDULED,360,6.0
2026-04-16T06:00:43Z,0107212026-04-16,01072,2026-04-16,SCHEDULED,720,12.0
2026-04-16T06:00:43Z,1750312026-04-15,17503,2026-04-15,SCHEDULED,120,2.0
2026-04-16T06:00:43Z,0108122026-04-15,01081,2026-04-15,SCHEDULED,120,2.0
2026-04-16T06:00:43Z,0108112026-04-15,01081,2026-04-15,SCHEDULED,120,2.0
2026-04-16T06:00:43Z,1780612026-04-15,17806,2026-04-15,SCHEDULED,120,2.0
2026-04-16T06:00:43Z,0109212026-04-15,01092,2026-04-15,SCHEDULED,480,8.0
2026-04-16T06:00:43Z,1781512026-04-15,17815,2026-04-15,SCHEDULED,480,8.0
2026-04-16T06:00:43Z,0206112026-04-15,02061,2026-04-15,SCHEDULED,600,10.0
2026-04-16T06:00:43Z,1800112026-04-15,18001,2026-04-15,SCHEDULED,300,5.0
2026-04-16T06:00:43Z,0206712026-04-15,02067,2026-04-15,SCHEDULED,240,4.0
2026-04-16T06:00:43Z,1803112026-04-15,18031,2026-04-15,SCHEDULED,120,2.0
2026-04-16T06:00:43Z,0207012026-04-15,02070,2026-04-15,SCHEDULED,120,2.0
2026-04-16T06:00:43Z,1804112026-04-15,18041,2026-04-15,SCHEDULED,4560,76.0
2026-04-16T06:00:43Z,0207112026-04-15,02071,2026-04-15,SCHEDULED,60,1.0
2026-04-16T06:00:43Z,1804612026-04-15,18046,2026-04-15,SCHEDULED,180,3.0
2026-04-16T06:00:43Z,0207412026-04-16,02074,2026-04-16,SCHEDULED,-60,-1.0
2026-04-16T06:00:43Z,1805412026-04-15,18054,2026-04-15,SCHEDULED,1080,18.0
2026-04-16T06:00:43Z,0207512026-04-16,02075,2026-04-16,SCHEDULED,360,6.0
2026-04-16T06:00:43Z,1807112026-04-15,18071,2026-04-15,SCHEDULED,-60,-1.0
2026-04-16T06:00:43Z,1807212026-04-15,18072,2026-04-15,SCHEDULED,60,1.0
2026-04-16T06:00:43Z,0226112026-04-15,02261,2026-04-15,SCHEDULED,240,4.0
2026-04-16T06:00:43Z,0305212026-04-15,03052,2026-04-15,SCHEDULED,-120,-2.0
2026-04-16T06:00:43Z,1807422026-04-15,18074,2026-04-15,SCHEDULED,60,1.0
2026-04-16T06:00:43Z,1807412026-04-15,18074,2026-04-15,SCHEDULED,60,1.0
2026-04-16T06:00:43Z,0306012026-04-15,03060,2026-04-15,SCHEDULED,300,5.0
2026-04-16T06:00:43Z,1800212026-04-15,18002,2026-04-15,SCHEDULED,-120,-2.0
2026-04-16T06:00:43Z,1800222026-04-15,18002,2026-04-15,SCHEDULED,-120,-2.0
2026-04-16T06:00:43Z,1800242026-04-15,18002,2026-04-15,SCHEDULED,-120,-2.0
2026-04-16T06:00:43Z,1806612026-04-15,18066,2026-04-15,SCHEDULED,300,5.0
2026-04-16T06:00:43Z,0330142026-04-15,03301,2026-04-15,SCHEDULED,480,8.0
2026-04-16T06:00:43Z,0330132026-04-15,03301,2026-04-15,SCHEDULED,480,8.0
2026-04-16T06:00:43Z,0330112026-04-15,03301,2026-04-15,SCHEDULED,480,8.0
2026-04-16T06:00:43Z,0330122026-04-15,03301,2026-04-15,SCHEDULED,480,8.0
2026-04-16T06:00:43Z,1812112026-04-15,18121,2026-04-15,SCHEDULED,120,2.0
2026-04-16T06:00:43Z,1830012026-04-15,18300,2026-04-15,SCHEDULED,60,1.0
2026-04-16T06:00:43Z,0306242026-04-15,03062,2026-04-15,SCHEDULED,120,2.0
2026-04-16T06:00:43Z,0306232026-04-15,03062,2026-04-15,SCHEDULED,120,2.0
2026-04-16T06:00:43Z,0306212026-04-15,03062,2026-04-15,SCHEDULED,120,2.0
2026-04-16T06:00:43Z,0306222026-04-15,03062,2026-04-15,SCHEDULED,120,2.0
2026-04-16T06:00:43Z,0306312026-04-15,03063,2026-04-15,SCHEDULED,240,4.0
2026-04-16T06:00:43Z,0306322026-04-15,03063,2026-04-15,SCHEDULED,240,4.0
2026-04-16T06:00:43Z,0306332026-04-15,03063,2026-04-15,SCHEDULED,240,4.0
2026-04-16T06:00:43Z,1801012026-04-15,18010,2026-04-15,SCHEDULED,120,2.0
2026-04-16T06:00:43Z,1801022026-04-15,18010,2026-04-15,SCHEDULED,120,2.0
2026-04-16T06:00:43Z,1801032026-04-15,18010,2026-04-15,SCHEDULED,120,2.0
2026-04-16T06:00:43Z,0307012026-04-15,03070,2026-04-15,SCHEDULED,60,1.0
2026-04-16T06:00:43Z,1890112026-04-15,18901,2026-04-15,SCHEDULED,120,2.0
2026-04-16T06:00:43Z,0307112026-04-15,03071,2026-04-15,SCHEDULED,240,4.0
2026-04-16T06:00:43Z,0307322026-04-15,03073,2026-04-15,SCHEDULED,-60,-1.0
2026-04-16T06:00:43Z,0307312026-04-15,03073,2026-04-15,SCHEDULED,-60,-1.0
2026-04-16T06:00:43Z,0309212026-04-15,03092,2026-04-15,SCHEDULED,120,2.0
2026-04-16T06:00:43Z,0309222026-04-15,03092,2026-04-15,SCHEDULED,120,2.0
2026-04-16T06:00:43Z,0309232026-04-15,03092,2026-04-15,SCHEDULED,120,2.0
2026-04-16T06:00:43Z,0306242026-04-15,03062,2026-04-15,SCHEDULED,480,8.0
2026-04-16T06:00:43Z,0306232026-04-15,03062,2026-04-15,SCHEDULED,480,8.0
2026-04-16T06:00:43Z,0306212026-04-15,03062,2026-04-15,SCHEDULED,480,8.0
2026-04-16T06:00:43Z,0306222026-04-15,03062,2026-04-15,SCHEDULED,480,8.0
2026-04-16T06:00:43Z,0366222026-04-15,03662,2026-04-15,SCHEDULED,120,2.0
2026-04-16T06:00:43Z,0366212026-04-15,03662,2026-04-15,SCHEDULED,120,2.0
2026-04-16T06:00:43Z,0405612026-04-16,04056,2026-04-16,SCHEDULED,360,6.0
2026-04-16T06:00:43Z,0426112026-04-16,04261,2026-04-16,SCHEDULED,-120,-2.0
2026-04-16T06:00:43Z,0418642026-04-16,04186,2026-04-16,SCHEDULED,-180,-3.0
2026-04-16T06:00:43Z,0418632026-04-16,04186,2026-04-16,SCHEDULED,-180,-3.0
2026-04-16T06:00:43Z,0418612026-04-16,04186,2026-04-16,SCHEDULED,-180,-3.0
2026-04-16T06:00:43Z,0418622026-04-16,04186,2026-04-16,SCHEDULED,-180,-3.0
2026-04-16T06:00:43Z,0408712026-04-16,04087,2026-04-16,SCHEDULED,1740,29.0
2026-04-16T06:00:43Z,0408812026-04-16,04088,2026-04-16,SCHEDULED,-120,-2.0
2026-04-16T06:00:43Z,0408822026-04-16,04088,2026-04-16,SCHEDULED,-120,-2.0
2026-04-16T06:00:43Z,0408832026-04-16,04088,2026-04-16,SCHEDULED,-120,-2.0
2026-04-16T06:00:43Z,0407222026-04-16,04072,2026-04-16,SCHEDULED,360,6.0
2026-04-16T06:00:43Z,0407212026-04-16,04072,2026-04-16,SCHEDULED,360,6.0
2026-04-16T06:00:43Z,0447512026-04-15,04475,2026-04-15,SCHEDULED,-180,-3.0
2026-04-16T06:00:43Z,7185112026-04-15,71851,2026-04-15,CANCELED,,
2026-04-16T06:00:43Z,1296312026-04-15,12963,2026-04-15,CANCELED,,
2026-04-16T06:00:43Z,1296212026-04-15,12962,2026-04-15,CANCELED,,
2026-04-16T06:00:43Z,7183112026-04-15,71831,2026-04-15,CANCELED,,
2026-04-16T06:05:26Z,1261312026-04-15,12613,2026-04-15,SCHEDULED,180,3.0
2026-04-16T06:05:26Z,0408712026-04-16,04087,2026-04-16,SCHEDULED,1800,30.0
2026-04-16T06:05:26Z,1261112026-04-15,12611,2026-04-15,SCHEDULED,840,14.0
2026-04-16T06:05:26Z,1264112026-04-15,12641,2026-04-15,SCHEDULED,120,2.0
2026-04-16T06:05:26Z,0408812026-04-16,04088,2026-04-16,SCHEDULED,60,1.0
2026-04-16T06:05:26Z,0408822026-04-16,04088,2026-04-16,SCHEDULED,60,1.0
2026-04-16T06:05:26Z,0408832026-04-16,04088,2026-04-16,SCHEDULED,60,1.0
2026-04-16T06:05:26Z,1264412026-04-15,12644,2026-04-15,SCHEDULED,180,3.0
2026-04-16T06:05:26Z,0407222026-04-16,04072,2026-04-16,SCHEDULED,300,5.0
2026-04-16T06:05:26Z,0407212026-04-16,04072,2026-04-16,SCHEDULED,300,5.0
2026-04-16T06:05:26Z,0447512026-04-15,04475,2026-04-15,SCHEDULED,-180,-3.0
2026-04-16T06:05:26Z,1296112026-04-15,12961,2026-04-15,SCHEDULED,60,1.0
2026-04-16T06:05:26Z,1300012026-04-15,13000,2026-04-15,SCHEDULED,300,5.0
2026-04-16T06:05:26Z,0415422026-04-15,04154,2026-04-15,SCHEDULED,780,13.0
2026-04-16T06:05:26Z,0415412026-04-15,04154,2026-04-15,SCHEDULED,780,13.0
2026-04-16T06:05:26Z,1300212026-04-15,13002,2026-04-15,SCHEDULED,360,6.0
2026-04-16T06:05:26Z,0446412026-04-15,04464,2026-04-15,SCHEDULED,360,6.0
2026-04-16T06:05:26Z,0436422026-04-15,04364,2026-04-15,SCHEDULED,180,3.0
2026-04-16T06:05:26Z,0436412026-04-15,04364,2026-04-15,SCHEDULED,180,3.0
2026-04-16T06:05:26Z,1300322026-04-15,13003,2026-04-15,SCHEDULED,-120,-2.0
2026-04-16T06:05:26Z,1300312026-04-15,13003,2026-04-15,SCHEDULED,-120,-2.0
2026-04-16T06:05:26Z,0506312026-04-15,05063,2026-04-15,SCHEDULED,120,2.0
2026-04-16T06:05:26Z,1303022026-04-15,13030,2026-04-15,SCHEDULED,360,6.0
2026-04-16T06:05:26Z,1303012026-04-15,13030,2026-04-15,SCHEDULED,360,6.0
2026-04-16T06:05:26Z,0506422026-04-15,05064,2026-04-15,SCHEDULED,540,9.0
2026-04-16T06:05:26Z,0506412026-04-15,05064,2026-04-15,SCHEDULED,540,9.0
2026-04-16T06:05:26Z,1304112026-04-15,13041,2026-04-15,SCHEDULED,300,5.0
2026-04-16T06:05:26Z,1300112026-04-15,13001,2026-04-15,SCHEDULED,540,9.0
2026-04-16T06:05:26Z,0506522026-04-15,05065,2026-04-15,SCHEDULED,300,5.0
2026-04-16T06:05:26Z,0506512026-04-15,05065,2026-04-15,SCHEDULED,300,5.0
2026-04-16T06:05:26Z,1395112026-04-15,13951,2026-04-15,SCHEDULED,-60,-1.0
2026-04-16T06:05:26Z,0507012026-04-15,05070,2026-04-15,SCHEDULED,60,1.0
2026-04-16T06:05:26Z,1320312026-04-15,13203,2026-04-15,SCHEDULED,180,3.0
2026-04-16T06:05:26Z,0507112026-04-15,05071,2026-04-15,SCHEDULED,-180,-3.0
2026-04-16T06:05:26Z,0507122026-04-15,05071,2026-04-15,SCHEDULED,-180,-3.0
2026-04-16T06:05:26Z,0507132026-04-15,05071,2026-04-15,SCHEDULED,-180,-3.0
2026-04-16T06:05:26Z,1390012026-04-15,13900,2026-04-15,SCHEDULED,840,14.0
2026-04-16T06:05:26Z,0507212026-04-15,05072,2026-04-15,SCHEDULED,360,6.0
2026-04-16T06:05:26Z,1390112026-04-15,13901,2026-04-15,SCHEDULED,120,2.0
2026-04-16T06:05:26Z,0509212026-04-15,05092,2026-04-15,SCHEDULED,300,5.0
2026-04-16T06:05:26Z,0509222026-04-15,05092,2026-04-15,SCHEDULED,300,5.0
2026-04-16T06:05:26Z,0509232026-04-15,05092,2026-04-15,SCHEDULED,300,5.0
2026-04-16T06:05:26Z,0527322026-04-15,05273,2026-04-15,SCHEDULED,120,2.0
2026-04-16T06:05:26Z,0527312026-04-15,05273,2026-04-15,SCHEDULED,120,2.0
2026-04-16T06:05:26Z,1412362026-04-15,14123,2026-04-15,SCHEDULED,240,4.0
2026-04-16T06:05:26Z,1412342026-04-15,14123,2026-04-15,SCHEDULED,240,4.0
2026-04-16T06:05:26Z,1412352026-04-15,14123,2026-04-15,SCHEDULED,240,4.0
2026-04-16T06:05:26Z,1412312026-04-15,14123,2026-04-15,SCHEDULED,240,4.0
2026-04-16T06:05:26Z,1412332026-04-15,14123,2026-04-15,SCHEDULED,240,4.0
2026-04-16T06:05:26Z,1412322026-04-15,14123,2026-04-15,SCHEDULED,240,4.0
2026-04-16T06:05:26Z,1451012026-04-15,14510,2026-04-15,SCHEDULED,600,10.0
2026-04-16T06:05:26Z,1500112026-04-15,15001,2026-04-15,SCHEDULED,60,1.0
2026-04-16T06:05:26Z,0508042026-04-15,05080,2026-04-15,SCHEDULED,120,2.0
2026-04-16T06:05:26Z,0508032026-04-15,05080,2026-04-15,SCHEDULED,120,2.0
2026-04-16T06:05:26Z,0508012026-04-15,05080,2026-04-15,SCHEDULED,120,2.0
2026-04-16T06:05:26Z,0508022026-04-15,05080,2026-04-15,SCHEDULED,120,2.0
2026-04-16T06:05:26Z,0566812026-04-15,05668,2026-04-15,SCHEDULED,780,13.0
2026-04-16T06:05:26Z,1503022026-04-15,15030,2026-04-15,SCHEDULED,120,2.0
2026-04-16T06:05:26Z,1503012026-04-15,15030,2026-04-15,SCHEDULED,120,2.0
2026-04-16T06:05:26Z,1530912026-04-15,15309,2026-04-15,SCHEDULED,360,6.0
2026-04-16T06:05:26Z,0576312026-04-15,05763,2026-04-15,SCHEDULED,-300,-5.0
2026-04-16T06:05:26Z,0576322026-04-15,05763,2026-04-15,SCHEDULED,-300,-5.0
2026-04-16T06:05:26Z,0576332026-04-15,05763,2026-04-15,SCHEDULED,-300,-5.0
2026-04-16T06:05:26Z,1562122026-04-15,15621,2026-04-15,SCHEDULED,240,4.0
2026-04-16T06:05:26Z,1562112026-04-15,15621,2026-04-15,SCHEDULED,240,4.0
2026-04-16T06:05:26Z,1572012026-04-15,15720,2026-04-15,SCHEDULED,1440,24.0
2026-04-16T06:05:26Z,1572212026-04-15,15722,2026-04-15,SCHEDULED,1500,25.0
2026-04-16T06:05:26Z,1575312026-04-15,15753,2026-04-15,SCHEDULED,60,1.0
2026-04-16T06:05:26Z,1577212026-04-15,15772,2026-04-15,SCHEDULED,780,13.0
2026-04-16T06:05:26Z,0807112026-04-15,08071,2026-04-15,SCHEDULED,600,10.0
2026-04-16T06:05:26Z,1577412026-04-15,15774,2026-04-15,SCHEDULED,300,5.0
2026-04-16T06:05:26Z,0807212026-04-15,08072,2026-04-15,SCHEDULED,900,15.0
2026-04-16T06:05:26Z,1585212026-04-15,15852,2026-04-15,SCHEDULED,-60,-1.0
2026-04-16T06:05:26Z,0807812026-04-15,08078,2026-04-15,SCHEDULED,240,4.0
2026-04-16T06:05:26Z,1590012026-04-15,15900,2026-04-15,SCHEDULED,660,11.0
2026-04-16T06:05:26Z,0808512026-04-15,08085,2026-04-15,SCHEDULED,120,2.0
2026-04-16T06:05:26Z,0827112026-04-15,08271,2026-04-15,SCHEDULED,660,11.0
2026-04-16T06:05:26Z,1590412026-04-15,15904,2026-04-15,SCHEDULED,660,11.0
2026-04-16T06:05:26Z,0827512026-04-15,08275,2026-04-15,SCHEDULED,180,3.0
2026-04-16T06:05:26Z,1620712026-04-15,16207,2026-04-15,SCHEDULED,240,4.0
2026-04-16T06:05:26Z,0827812026-04-15,08278,2026-04-15,SCHEDULED,120,2.0
2026-04-16T06:05:26Z,1607112026-04-15,16071,2026-04-15,SCHEDULED,180,3.0
2026-04-16T06:05:26Z,0847512026-04-15,08475,2026-04-15,SCHEDULED,-60,-1.0
2026-04-16T06:05:26Z,1700812026-04-15,17008,2026-04-15,SCHEDULED,720,12.0
2026-04-16T06:05:26Z,0866412026-04-16,08664,2026-04-16,SCHEDULED,360,6.0
2026-04-16T06:05:26Z,1702112026-04-15,17021,2026-04-15,SCHEDULED,420,7.0
2026-04-16T06:05:26Z,0907112026-04-15,09071,2026-04-15,SCHEDULED,120,2.0
2026-04-16T06:05:26Z,0907222026-04-15,09072,2026-04-15,SCHEDULED,300,5.0
2026-04-16T06:05:26Z,0907212026-04-15,09072,2026-04-15,SCHEDULED,300,5.0
2026-04-16T06:05:26Z,1891012026-04-15,18910,2026-04-15,SCHEDULED,420,7.0
2026-04-16T06:05:26Z,0907312026-04-15,09073,2026-04-15,SCHEDULED,60,1.0
2026-04-16T06:05:26Z,1443012026-04-15,14430,2026-04-15,SCHEDULED,960,16.0
2026-04-16T06:05:26Z,0947012026-04-15,09470,2026-04-15,SCHEDULED,1020,17.0
2026-04-16T06:05:26Z,1500012026-04-15,15000,2026-04-15,SCHEDULED,360,6.0
2026-04-16T06:05:26Z,0948012026-04-15,09480,2026-04-15,SCHEDULED,-60,-1.0
2026-04-16T06:05:26Z,1505012026-04-15,15050,2026-04-15,SCHEDULED,1560,26.0
2026-04-16T06:05:26Z,0407312026-04-16,04073,2026-04-16,SCHEDULED,840,14.0
2026-04-16T06:05:26Z,1600012026-04-15,16000,2026-04-15,SCHEDULED,120,2.0
2026-04-16T06:05:26Z,1401812026-04-15,14018,2026-04-15,SCHEDULED,600,10.0
2026-04-16T06:05:26Z,1447112026-04-15,14471,2026-04-15,SCHEDULED,-180,-3.0
2026-04-16T06:05:26Z,0062122026-04-16,00621,2026-04-16,SCHEDULED,240,4.0
2026-04-16T06:05:26Z,0062132026-04-16,00621,2026-04-16,SCHEDULED,240,4.0
2026-04-16T06:05:26Z,0062152026-04-16,00621,2026-04-16,SCHEDULED,240,4.0
2026-04-16T06:05:26Z,0062112026-04-16,00621,2026-04-16,SCHEDULED,240,4.0
2026-04-16T06:05:26Z,0062142026-04-16,00621,2026-04-16,SCHEDULED,240,4.0
2026-04-16T06:05:26Z,0807712026-04-15,08077,2026-04-15,SCHEDULED,240,4.0
2026-04-16T06:05:26Z,0063142026-04-16,00631,2026-04-16,SCHEDULED,300,5.0
2026-04-16T06:05:26Z,0063132026-04-16,00631,2026-04-16,SCHEDULED,300,5.0
2026-04-16T06:05:26Z,0063112026-04-16,00631,2026-04-16,SCHEDULED,300,5.0
2026-04-16T06:05:26Z,0063122026-04-16,00631,2026-04-16,SCHEDULED,300,5.0
2026-04-16T06:05:26Z,3560452026-04-15,35604,2026-04-15,SCHEDULED,180,3.0
2026-04-16T06:05:26Z,3560442026-04-15,35604,2026-04-15,SCHEDULED,180,3.0
2026-04-16T06:05:26Z,3560412026-04-15,35604,2026-04-15,SCHEDULED,180,3.0
2026-04-16T06:05:26Z,3560422026-04-15,35604,2026-04-15,SCHEDULED,180,3.0
2026-04-16T06:05:26Z,0069712026-04-16,00697,2026-04-16,SCHEDULED,180,3.0
2026-04-16T06:05:26Z,1248012026-04-15,12480,2026-04-15,SCHEDULED,120,2.0
2026-04-16T06:05:26Z,1210112026-04-15,12101,2026-04-15,SCHEDULED,480,8.0
2026-04-16T06:05:26Z,1210122026-04-15,12101,2026-04-15,SCHEDULED,480,8.0
2026-04-16T06:05:26Z,1210142026-04-15,12101,2026-04-15,SCHEDULED,480,8.0
2026-04-16T06:05:26Z,1877332026-04-15,18773,2026-04-15,SCHEDULED,300,5.0
2026-04-16T06:05:26Z,1877312026-04-15,18773,2026-04-15,SCHEDULED,300,5.0
2026-04-16T06:05:26Z,0029122026-04-16,00291,2026-04-16,SCHEDULED,420,7.0
2026-04-16T06:05:26Z,0029112026-04-16,00291,2026-04-16,SCHEDULED,420,7.0
2026-04-16T06:05:26Z,1833122026-04-15,18331,2026-04-15,SCHEDULED,240,4.0
2026-04-16T06:05:26Z,1833112026-04-15,18331,2026-04-15,SCHEDULED,240,4.0
2026-04-16T06:05:26Z,0029322026-04-16,00293,2026-04-16,SCHEDULED,180,3.0
2026-04-16T06:05:26Z,0029312026-04-16,00293,2026-04-16,SCHEDULED,180,3.0
2026-04-16T06:05:26Z,7182012026-04-15,71820,2026-04-15,SCHEDULED,-120,-2.0
2026-04-16T06:05:26Z,0053322026-04-16,00533,2026-04-16,SCHEDULED,300,5.0
2026-04-16T06:05:26Z,0053312026-04-16,00533,2026-04-16,SCHEDULED,300,5.0
2026-04-16T06:05:26Z,0060112026-04-16,00601,2026-04-16,SCHEDULED,-60,-1.0
2026-04-16T06:05:26Z,7183112026-04-15,71831,2026-04-15,SCHEDULED,-60,-1.0
2026-04-16T06:05:26Z,1580612026-04-15,15806,2026-04-15,SCHEDULED,180,3.0
2026-04-16T06:05:26Z,0075222026-04-16,00752,2026-04-16,SCHEDULED,960,16.0
2026-04-16T06:05:26Z,0075212026-04-16,00752,2026-04-16,SCHEDULED,960,16.0
2026-04-16T06:05:26Z,1720112026-04-15,17201,2026-04-15,SCHEDULED,360,6.0
2026-04-16T06:05:26Z,3460912026-04-15,34609,2026-04-15,SCHEDULED,2280,38.0
2026-04-16T06:05:26Z,1750312026-04-15,17503,2026-04-15,SCHEDULED,120,2.0
2026-04-16T06:05:26Z,0107112026-04-15,01071,2026-04-15,SCHEDULED,300,5.0
2026-04-16T06:05:26Z,1780612026-04-15,17806,2026-04-15,SCHEDULED,120,2.0
2026-04-16T06:05:26Z,0107212026-04-16,01072,2026-04-16,SCHEDULED,660,11.0
2026-04-16T06:05:26Z,1781512026-04-15,17815,2026-04-15,SCHEDULED,480,8.0
2026-04-16T06:05:26Z,1800112026-04-15,18001,2026-04-15,SCHEDULED,240,4.0
2026-04-16T06:05:26Z,0108122026-04-15,01081,2026-04-15,SCHEDULED,180,3.0
2026-04-16T06:05:26Z,0108112026-04-15,01081,2026-04-15,SCHEDULED,180,3.0
2026-04-16T06:05:26Z,1803112026-04-15,18031,2026-04-15,SCHEDULED,240,4.0
2026-04-16T06:05:26Z,0109212026-04-15,01092,2026-04-15,SCHEDULED,360,6.0
2026-04-16T06:05:26Z,1804112026-04-15,18041,2026-04-15,SCHEDULED,4560,76.0
2026-04-16T06:05:26Z,0206112026-04-15,02061,2026-04-15,SCHEDULED,420,7.0
2026-04-16T06:05:26Z,1805412026-04-15,18054,2026-04-15,SCHEDULED,1080,18.0
2026-04-16T06:05:26Z,0206712026-04-15,02067,2026-04-15,SCHEDULED,240,4.0
2026-04-16T06:05:26Z,0207012026-04-15,02070,2026-04-15,SCHEDULED,120,2.0
2026-04-16T06:05:26Z,1807212026-04-15,18072,2026-04-15,SCHEDULED,60,1.0
2026-04-16T06:05:26Z,0207112026-04-15,02071,2026-04-15,SCHEDULED,180,3.0
2026-04-16T06:05:26Z,0207412026-04-16,02074,2026-04-16,SCHEDULED,60,1.0
2026-04-16T06:05:26Z,0207512026-04-16,02075,2026-04-16,SCHEDULED,420,7.0
2026-04-16T06:05:26Z,0207612026-04-15,02076,2026-04-15,SCHEDULED,-120,-2.0
2026-04-16T06:05:26Z,1800212026-04-15,18002,2026-04-15,SCHEDULED,600,10.0
2026-04-16T06:05:26Z,1800222026-04-15,18002,2026-04-15,SCHEDULED,600,10.0
2026-04-16T06:05:26Z,1800242026-04-15,18002,2026-04-15,SCHEDULED,600,10.0
2026-04-16T06:05:26Z,1806612026-04-15,18066,2026-04-15,SCHEDULED,300,5.0
2026-04-16T06:05:26Z,0208012026-04-15,02080,2026-04-15,SCHEDULED,120,2.0
2026-04-16T06:05:26Z,1812112026-04-15,18121,2026-04-15,SCHEDULED,120,2.0
2026-04-16T06:05:26Z,0226112026-04-15,02261,2026-04-15,SCHEDULED,420,7.0
2026-04-16T06:05:26Z,1830012026-04-15,18300,2026-04-15,SCHEDULED,60,1.0
2026-04-16T06:05:26Z,0228512026-04-16,02285,2026-04-16,SCHEDULED,180,3.0
2026-04-16T06:05:26Z,0306012026-04-15,03060,2026-04-15,SCHEDULED,360,6.0
2026-04-16T06:05:26Z,1801012026-04-15,18010,2026-04-15,SCHEDULED,60,1.0
2026-04-16T06:05:26Z,1801022026-04-15,18010,2026-04-15,SCHEDULED,60,1.0
2026-04-16T06:05:26Z,1801032026-04-15,18010,2026-04-15,SCHEDULED,60,1.0
2026-04-16T06:05:26Z,1890112026-04-15,18901,2026-04-15,SCHEDULED,420,7.0
2026-04-16T06:05:26Z,0330142026-04-15,03301,2026-04-15,SCHEDULED,480,8.0
2026-04-16T06:05:26Z,0330132026-04-15,03301,2026-04-15,SCHEDULED,480,8.0
2026-04-16T06:05:26Z,0330112026-04-15,03301,2026-04-15,SCHEDULED,480,8.0
2026-04-16T06:05:26Z,0330122026-04-15,03301,2026-04-15,SCHEDULED,480,8.0
2026-04-16T06:05:26Z,1890012026-04-15,18900,2026-04-15,SCHEDULED,240,4.0
2026-04-16T06:05:26Z,0306242026-04-15,03062,2026-04-15,SCHEDULED,360,6.0
2026-04-16T06:05:26Z,0306232026-04-15,03062,2026-04-15,SCHEDULED,360,6.0
2026-04-16T06:05:26Z,0306212026-04-15,03062,2026-04-15,SCHEDULED,360,6.0
2026-04-16T06:05:26Z,0306222026-04-15,03062,2026-04-15,SCHEDULED,360,6.0
2026-04-16T06:05:26Z,0306312026-04-15,03063,2026-04-15,SCHEDULED,300,5.0
2026-04-16T06:05:26Z,0306322026-04-15,03063,2026-04-15,SCHEDULED,300,5.0
2026-04-16T06:05:26Z,0306332026-04-15,03063,2026-04-15,SCHEDULED,300,5.0
2026-04-16T06:05:26Z,0307012026-04-15,03070,2026-04-15,SCHEDULED,60,1.0
2026-04-16T06:05:26Z,0307112026-04-15,03071,2026-04-15,SCHEDULED,300,5.0
2026-04-16T06:05:26Z,0308112026-04-15,03081,2026-04-15,SCHEDULED,-60,-1.0
2026-04-16T06:05:26Z,0309212026-04-15,03092,2026-04-15,SCHEDULED,120,2.0
2026-04-16T06:05:26Z,0309222026-04-15,03092,2026-04-15,SCHEDULED,120,2.0
2026-04-16T06:05:26Z,0309232026-04-15,03092,2026-04-15,SCHEDULED,120,2.0
2026-04-16T06:05:26Z,0306242026-04-15,03062,2026-04-15,SCHEDULED,480,8.0
2026-04-16T06:05:26Z,0306232026-04-15,03062,2026-04-15,SCHEDULED,480,8.0
2026-04-16T06:05:26Z,0306212026-04-15,03062,2026-04-15,SCHEDULED,480,8.0
2026-04-16T06:05:26Z,0306222026-04-15,03062,2026-04-15,SCHEDULED,480,8.0
2026-04-16T06:05:26Z,0366222026-04-15,03662,2026-04-15,SCHEDULED,180,3.0
2026-04-16T06:05:26Z,0366212026-04-15,03662,2026-04-15,SCHEDULED,180,3.0
2026-04-16T06:05:26Z,0405612026-04-16,04056,2026-04-16,SCHEDULED,360,6.0
2026-04-16T06:05:26Z,0426112026-04-16,04261,2026-04-16,SCHEDULED,-180,-3.0
2026-04-16T06:05:26Z,0418642026-04-16,04186,2026-04-16,SCHEDULED,-240,-4.0
2026-04-16T06:05:26Z,0418632026-04-16,04186,2026-04-16,SCHEDULED,-240,-4.0
2026-04-16T06:05:26Z,0418612026-04-16,04186,2026-04-16,SCHEDULED,-240,-4.0
2026-04-16T06:05:26Z,0418622026-04-16,04186,2026-04-16,SCHEDULED,-240,-4.0
2026-04-16T06:05:26Z,7185112026-04-15,71851,2026-04-15,CANCELED,,
2026-04-16T06:05:26Z,1296312026-04-15,12963,2026-04-15,CANCELED,,
2026-04-16T06:05:26Z,7183112026-04-15,71831,2026-04-15,CANCELED,,
2026-04-16T06:05:26Z,1296212026-04-15,12962,2026-04-15,CANCELED,,
2026-04-16T06:10:28Z,0408712026-04-16,04087,2026-04-16,SCHEDULED,1800,30.0
2026-04-16T06:10:28Z,1210112026-04-15,12101,2026-04-15,SCHEDULED,300,5.0
2026-04-16T06:10:28Z,1210122026-04-15,12101,2026-04-15,SCHEDULED,300,5.0
2026-04-16T06:10:28Z,1210142026-04-15,12101,2026-04-15,SCHEDULED,300,5.0
2026-04-16T06:10:28Z,1261312026-04-15,12613,2026-04-15,SCHEDULED,360,6.0
2026-04-16T06:10:28Z,0408812026-04-16,04088,2026-04-16,SCHEDULED,120,2.0
2026-04-16T06:10:28Z,0408822026-04-16,04088,2026-04-16,SCHEDULED,120,2.0
2026-04-16T06:10:28Z,0408832026-04-16,04088,2026-04-16,SCHEDULED,120,2.0
2026-04-16T06:10:28Z,1261112026-04-15,12611,2026-04-15,SCHEDULED,840,14.0
2026-04-16T06:10:28Z,1264112026-04-15,12641,2026-04-15,SCHEDULED,180,3.0
2026-04-16T06:10:28Z,0407222026-04-16,04072,2026-04-16,SCHEDULED,240,4.0
2026-04-16T06:10:28Z,0407212026-04-16,04072,2026-04-16,SCHEDULED,240,4.0
2026-04-16T06:10:28Z,1264412026-04-15,12644,2026-04-15,SCHEDULED,180,3.0
2026-04-16T06:10:28Z,0447512026-04-15,04475,2026-04-15,SCHEDULED,-180,-3.0
2026-04-16T06:10:28Z,1296112026-04-15,12961,2026-04-15,SCHEDULED,60,1.0
2026-04-16T06:10:28Z,0415422026-04-15,04154,2026-04-15,SCHEDULED,1080,18.0
2026-04-16T06:10:28Z,0415412026-04-15,04154,2026-04-15,SCHEDULED,1080,18.0
2026-04-16T06:10:28Z,1300012026-04-15,13000,2026-04-15,SCHEDULED,360,6.0
2026-04-16T06:10:28Z,0446412026-04-15,04464,2026-04-15,SCHEDULED,360,6.0
2026-04-16T06:10:28Z,1300212026-04-15,13002,2026-04-15,SCHEDULED,360,6.0
2026-04-16T06:10:28Z,0436422026-04-15,04364,2026-04-15,SCHEDULED,180,3.0
2026-04-16T06:10:28Z,0436412026-04-15,04364,2026-04-15,SCHEDULED,180,3.0
2026-04-16T06:10:28Z,0506312026-04-15,05063,2026-04-15,SCHEDULED,120,2.0
2026-04-16T06:10:28Z,1303022026-04-15,13030,2026-04-15,SCHEDULED,360,6.0
2026-04-16T06:10:28Z,1303012026-04-15,13030,2026-04-15,SCHEDULED,360,6.0
2026-04-16T06:10:28Z,0506422026-04-15,05064,2026-04-15,SCHEDULED,540,9.0
2026-04-16T06:10:28Z,0506412026-04-15,05064,2026-04-15,SCHEDULED,540,9.0
2026-04-16T06:10:28Z,1304112026-04-15,13041,2026-04-15,SCHEDULED,180,3.0
2026-04-16T06:10:28Z,1300112026-04-15,13001,2026-04-15,SCHEDULED,660,11.0
2026-04-16T06:10:28Z,0506522026-04-15,05065,2026-04-15,SCHEDULED,300,5.0
2026-04-16T06:10:28Z,0506512026-04-15,05065,2026-04-15,SCHEDULED,300,5.0
2026-04-16T06:10:28Z,1395112026-04-15,13951,2026-04-15,SCHEDULED,-120,-2.0
2026-04-16T06:10:28Z,0507012026-04-15,05070,2026-04-15,SCHEDULED,-60,-1.0
2026-04-16T06:10:28Z,1320312026-04-15,13203,2026-04-15,SCHEDULED,120,2.0
2026-04-16T06:10:28Z,1320612026-04-15,13206,2026-04-15,SCHEDULED,120,2.0
2026-04-16T06:10:28Z,0507112026-04-15,05071,2026-04-15,SCHEDULED,-180,-3.0
2026-04-16T06:10:28Z,0507122026-04-15,05071,2026-04-15,SCHEDULED,-180,-3.0
2026-04-16T06:10:28Z,0507132026-04-15,05071,2026-04-15,SCHEDULED,-180,-3.0
2026-04-16T06:10:28Z,1390012026-04-15,13900,2026-04-15,SCHEDULED,840,14.0
2026-04-16T06:10:28Z,0507212026-04-15,05072,2026-04-15,SCHEDULED,300,5.0
2026-04-16T06:10:28Z,1390112026-04-15,13901,2026-04-15,SCHEDULED,300,5.0
2026-04-16T06:10:28Z,0509212026-04-15,05092,2026-04-15,SCHEDULED,300,5.0
2026-04-16T06:10:28Z,0509222026-04-15,05092,2026-04-15,SCHEDULED,300,5.0
2026-04-16T06:10:28Z,0509232026-04-15,05092,2026-04-15,SCHEDULED,300,5.0
2026-04-16T06:10:28Z,0527322026-04-15,05273,2026-04-15,SCHEDULED,180,3.0
2026-04-16T06:10:28Z,0527312026-04-15,05273,2026-04-15,SCHEDULED,180,3.0
2026-04-16T06:10:28Z,1412362026-04-15,14123,2026-04-15,SCHEDULED,240,4.0
2026-04-16T06:10:28Z,1412342026-04-15,14123,2026-04-15,SCHEDULED,240,4.0
2026-04-16T06:10:28Z,1412352026-04-15,14123,2026-04-15,SCHEDULED,240,4.0
2026-04-16T06:10:28Z,1412312026-04-15,14123,2026-04-15,SCHEDULED,240,4.0
2026-04-16T06:10:28Z,1412332026-04-15,14123,2026-04-15,SCHEDULED,240,4.0
2026-04-16T06:10:28Z,1412322026-04-15,14123,2026-04-15,SCHEDULED,240,4.0
2026-04-16T06:10:28Z,0508042026-04-15,05080,2026-04-15,SCHEDULED,120,2.0
2026-04-16T06:10:28Z,0508032026-04-15,05080,2026-04-15,SCHEDULED,120,2.0
2026-04-16T06:10:28Z,0508012026-04-15,05080,2026-04-15,SCHEDULED,120,2.0
2026-04-16T06:10:28Z,0508022026-04-15,05080,2026-04-15,SCHEDULED,120,2.0
2026-04-16T06:10:28Z,1451012026-04-15,14510,2026-04-15,SCHEDULED,600,10.0
2026-04-16T06:10:28Z,0566812026-04-15,05668,2026-04-15,SCHEDULED,900,15.0
2026-04-16T06:10:28Z,1500112026-04-15,15001,2026-04-15,SCHEDULED,60,1.0
2026-04-16T06:10:28Z,0576312026-04-15,05763,2026-04-15,SCHEDULED,-240,-4.0
2026-04-16T06:10:28Z,0576322026-04-15,05763,2026-04-15,SCHEDULED,-240,-4.0
2026-04-16T06:10:28Z,0576332026-04-15,05763,2026-04-15,SCHEDULED,-240,-4.0
2026-04-16T06:10:28Z,1503022026-04-15,15030,2026-04-15,SCHEDULED,120,2.0
2026-04-16T06:10:28Z,1503012026-04-15,15030,2026-04-15,SCHEDULED,120,2.0
2026-04-16T06:10:28Z,1530912026-04-15,15309,2026-04-15,SCHEDULED,420,7.0
2026-04-16T06:10:28Z,0807112026-04-15,08071,2026-04-15,SCHEDULED,600,10.0
2026-04-16T06:10:28Z,0807212026-04-15,08072,2026-04-15,SCHEDULED,900,15.0
2026-04-16T06:10:28Z,1562122026-04-15,15621,2026-04-15,SCHEDULED,60,1.0
2026-04-16T06:10:28Z,1562112026-04-15,15621,2026-04-15,SCHEDULED,60,1.0
2026-04-16T06:10:28Z,0807812026-04-15,08078,2026-04-15,SCHEDULED,480,8.0
2026-04-16T06:10:28Z,0807912026-04-15,08079,2026-04-15,SCHEDULED,900,15.0
2026-04-16T06:10:28Z,1572012026-04-15,15720,2026-04-15,SCHEDULED,1500,25.0
2026-04-16T06:10:28Z,1572212026-04-15,15722,2026-04-15,SCHEDULED,1500,25.0
2026-04-16T06:10:28Z,0808512026-04-15,08085,2026-04-15,SCHEDULED,60,1.0
2026-04-16T06:10:28Z,1575312026-04-15,15753,2026-04-15,SCHEDULED,60,1.0
2026-04-16T06:10:28Z,0827112026-04-15,08271,2026-04-15,SCHEDULED,660,11.0
2026-04-16T06:10:28Z,0827512026-04-15,08275,2026-04-15,SCHEDULED,180,3.0
2026-04-16T06:10:28Z,1577412026-04-15,15774,2026-04-15,SCHEDULED,300,5.0
2026-04-16T06:10:28Z,0827812026-04-15,08278,2026-04-15,SCHEDULED,120,2.0
2026-04-16T06:10:28Z,1585012026-04-15,15850,2026-04-15,SCHEDULED,240,4.0
2026-04-16T06:10:28Z,0828712026-04-15,08287,2026-04-15,SCHEDULED,60,1.0
2026-04-16T06:10:28Z,0847512026-04-15,08475,2026-04-15,SCHEDULED,-60,-1.0
2026-04-16T06:10:28Z,1590012026-04-15,15900,2026-04-15,SCHEDULED,720,12.0
2026-04-16T06:10:28Z,0866412026-04-16,08664,2026-04-16,SCHEDULED,360,6.0
2026-04-16T06:10:28Z,1590412026-04-15,15904,2026-04-15,SCHEDULED,600,10.0
2026-04-16T06:10:28Z,0907112026-04-15,09071,2026-04-15,SCHEDULED,120,2.0
2026-04-16T06:10:28Z,1620712026-04-15,16207,2026-04-15,SCHEDULED,300,5.0
2026-04-16T06:10:28Z,0907222026-04-15,09072,2026-04-15,SCHEDULED,360,6.0
2026-04-16T06:10:28Z,0907212026-04-15,09072,2026-04-15,SCHEDULED,360,6.0
2026-04-16T06:10:28Z,1607112026-04-15,16071,2026-04-15,SCHEDULED,60,1.0
2026-04-16T06:10:28Z,0907312026-04-15,09073,2026-04-15,SCHEDULED,60,1.0
2026-04-16T06:10:28Z,0908212026-04-15,09082,2026-04-15,SCHEDULED,60,1.0
2026-04-16T06:10:28Z,1700812026-04-15,17008,2026-04-15,SCHEDULED,720,12.0
2026-04-16T06:10:28Z,0908312026-04-15,09083,2026-04-15,SCHEDULED,120,2.0
2026-04-16T06:10:28Z,1702112026-04-15,17021,2026-04-15,SCHEDULED,360,6.0
2026-04-16T06:10:28Z,0948012026-04-15,09480,2026-04-15,SCHEDULED,-60,-1.0
2026-04-16T06:10:28Z,1704212026-04-15,17042,2026-04-15,SCHEDULED,60,1.0
2026-04-16T06:10:28Z,0407312026-04-16,04073,2026-04-16,SCHEDULED,720,12.0
2026-04-16T06:10:28Z,1500012026-04-15,15000,2026-04-15,SCHEDULED,300,5.0
2026-04-16T06:10:28Z,1505012026-04-15,15050,2026-04-15,SCHEDULED,1560,26.0
2026-04-16T06:10:28Z,1600012026-04-15,16000,2026-04-15,SCHEDULED,60,1.0
2026-04-16T06:10:28Z,1401812026-04-15,14018,2026-04-15,SCHEDULED,720,12.0
2026-04-16T06:10:28Z,0062122026-04-16,00621,2026-04-16,SCHEDULED,240,4.0
2026-04-16T06:10:28Z,0062132026-04-16,00621,2026-04-16,SCHEDULED,240,4.0
2026-04-16T06:10:28Z,0062152026-04-16,00621,2026-04-16,SCHEDULED,240,4.0
2026-04-16T06:10:28Z,0062112026-04-16,00621,2026-04-16,SCHEDULED,240,4.0
2026-04-16T06:10:28Z,0062142026-04-16,00621,2026-04-16,SCHEDULED,240,4.0
2026-04-16T06:10:28Z,0807712026-04-15,08077,2026-04-15,SCHEDULED,240,4.0
2026-04-16T06:10:28Z,0063142026-04-16,00631,2026-04-16,SCHEDULED,300,5.0
2026-04-16T06:10:28Z,0063132026-04-16,00631,2026-04-16,SCHEDULED,300,5.0
2026-04-16T06:10:28Z,0063112026-04-16,00631,2026-04-16,SCHEDULED,300,5.0
2026-04-16T06:10:28Z,0063122026-04-16,00631,2026-04-16,SCHEDULED,300,5.0
2026-04-16T06:10:28Z,3560452026-04-15,35604,2026-04-15,SCHEDULED,360,6.0
2026-04-16T06:10:28Z,3560442026-04-15,35604,2026-04-15,SCHEDULED,360,6.0
2026-04-16T06:10:28Z,3560412026-04-15,35604,2026-04-15,SCHEDULED,360,6.0
2026-04-16T06:10:28Z,3560422026-04-15,35604,2026-04-15,SCHEDULED,360,6.0
2026-04-16T06:10:28Z,1443212026-04-15,14432,2026-04-15,SCHEDULED,120,2.0
2026-04-16T06:10:28Z,0069712026-04-16,00697,2026-04-16,SCHEDULED,180,3.0
2026-04-16T06:10:28Z,1248012026-04-15,12480,2026-04-15,SCHEDULED,60,1.0
2026-04-16T06:10:28Z,1877332026-04-15,18773,2026-04-15,SCHEDULED,300,5.0
2026-04-16T06:10:28Z,1877312026-04-15,18773,2026-04-15,SCHEDULED,300,5.0
2026-04-16T06:10:28Z,0029122026-04-16,00291,2026-04-16,SCHEDULED,180,3.0
2026-04-16T06:10:28Z,0029112026-04-16,00291,2026-04-16,SCHEDULED,180,3.0
2026-04-16T06:10:28Z,1833122026-04-15,18331,2026-04-15,SCHEDULED,120,2.0
2026-04-16T06:10:28Z,1833112026-04-15,18331,2026-04-15,SCHEDULED,120,2.0
2026-04-16T06:10:28Z,0029322026-04-16,00293,2026-04-16,SCHEDULED,120,2.0
2026-04-16T06:10:28Z,0029312026-04-16,00293,2026-04-16,SCHEDULED,120,2.0
2026-04-16T06:10:28Z,0053322026-04-16,00533,2026-04-16,SCHEDULED,180,3.0
2026-04-16T06:10:28Z,0053312026-04-16,00533,2026-04-16,SCHEDULED,180,3.0
2026-04-16T06:10:28Z,7182012026-04-15,71820,2026-04-15,SCHEDULED,-120,-2.0
2026-04-16T06:10:28Z,0060112026-04-16,00601,2026-04-16,SCHEDULED,-60,-1.0
2026-04-16T06:10:28Z,7183012026-04-15,71830,2026-04-15,SCHEDULED,-120,-2.0
2026-04-16T06:10:28Z,0027622026-04-16,00276,2026-04-16,SCHEDULED,-60,-1.0
2026-04-16T06:10:28Z,0027612026-04-16,00276,2026-04-16,SCHEDULED,-60,-1.0
2026-04-16T06:10:28Z,0075222026-04-16,00752,2026-04-16,SCHEDULED,960,16.0
2026-04-16T06:10:28Z,0075212026-04-16,00752,2026-04-16,SCHEDULED,960,16.0
2026-04-16T06:10:28Z,1580612026-04-15,15806,2026-04-15,SCHEDULED,180,3.0
2026-04-16T06:10:28Z,3460912026-04-15,34609,2026-04-15,SCHEDULED,2280,38.0
2026-04-16T06:10:28Z,0107112026-04-15,01071,2026-04-15,SCHEDULED,240,4.0
2026-04-16T06:10:28Z,0107212026-04-16,01072,2026-04-16,SCHEDULED,720,12.0
2026-04-16T06:10:28Z,1580822026-04-15,15808,2026-04-15,SCHEDULED,120,2.0
2026-04-16T06:10:28Z,1580812026-04-15,15808,2026-04-15,SCHEDULED,120,2.0
2026-04-16T06:10:28Z,0108122026-04-15,01081,2026-04-15,SCHEDULED,180,3.0
2026-04-16T06:10:28Z,0108112026-04-15,01081,2026-04-15,SCHEDULED,180,3.0
2026-04-16T06:10:28Z,1720112026-04-15,17201,2026-04-15,SCHEDULED,420,7.0
2026-04-16T06:10:28Z,0109212026-04-15,01092,2026-04-15,SCHEDULED,360,6.0
2026-04-16T06:10:28Z,1750312026-04-15,17503,2026-04-15,SCHEDULED,120,2.0
2026-04-16T06:10:28Z,0206112026-04-15,02061,2026-04-15,SCHEDULED,360,6.0
2026-04-16T06:10:28Z,0206712026-04-15,02067,2026-04-15,SCHEDULED,240,4.0
2026-04-16T06:10:28Z,1800112026-04-15,18001,2026-04-15,SCHEDULED,240,4.0
2026-04-16T06:10:28Z,0207012026-04-15,02070,2026-04-15,SCHEDULED,120,2.0
2026-04-16T06:10:28Z,1803112026-04-15,18031,2026-04-15,SCHEDULED,180,3.0
2026-04-16T06:10:28Z,0207112026-04-15,02071,2026-04-15,SCHEDULED,420,7.0
2026-04-16T06:10:28Z,1804112026-04-15,18041,2026-04-15,SCHEDULED,4560,76.0
2026-04-16T06:10:28Z,0207412026-04-16,02074,2026-04-16,SCHEDULED,120,2.0
2026-04-16T06:10:28Z,1805412026-04-15,18054,2026-04-15,SCHEDULED,1020,17.0
2026-04-16T06:10:28Z,0207512026-04-16,02075,2026-04-16,SCHEDULED,540,9.0
2026-04-16T06:10:28Z,1807112026-04-15,18071,2026-04-15,SCHEDULED,60,1.0
2026-04-16T06:10:28Z,0207612026-04-15,02076,2026-04-15,SCHEDULED,-120,-2.0
2026-04-16T06:10:28Z,0208012026-04-15,02080,2026-04-15,SCHEDULED,120,2.0
2026-04-16T06:10:28Z,0226112026-04-15,02261,2026-04-15,SCHEDULED,420,7.0
2026-04-16T06:10:28Z,0228512026-04-16,02285,2026-04-16,SCHEDULED,120,2.0
2026-04-16T06:10:28Z,0305212026-04-15,03052,2026-04-15,SCHEDULED,120,2.0
2026-04-16T06:10:28Z,1800212026-04-15,18002,2026-04-15,SCHEDULED,540,9.0
2026-04-16T06:10:28Z,1800222026-04-15,18002,2026-04-15,SCHEDULED,540,9.0
2026-04-16T06:10:28Z,1800242026-04-15,18002,2026-04-15,SCHEDULED,540,9.0
2026-04-16T06:10:28Z,0306012026-04-15,03060,2026-04-15,SCHEDULED,360,6.0
2026-04-16T06:10:28Z,1806612026-04-15,18066,2026-04-15,SCHEDULED,300,5.0
2026-04-16T06:10:28Z,1812112026-04-15,18121,2026-04-15,SCHEDULED,120,2.0
2026-04-16T06:10:28Z,1830012026-04-15,18300,2026-04-15,SCHEDULED,120,2.0
2026-04-16T06:10:28Z,1832122026-04-15,18321,2026-04-15,SCHEDULED,-60,-1.0
2026-04-16T06:10:28Z,1832112026-04-15,18321,2026-04-15,SCHEDULED,-60,-1.0
2026-04-16T06:10:28Z,0330142026-04-15,03301,2026-04-15,SCHEDULED,540,9.0
2026-04-16T06:10:28Z,0330132026-04-15,03301,2026-04-15,SCHEDULED,540,9.0
2026-04-16T06:10:28Z,0330112026-04-15,03301,2026-04-15,SCHEDULED,540,9.0
2026-04-16T06:10:28Z,0330122026-04-15,03301,2026-04-15,SCHEDULED,540,9.0
2026-04-16T06:10:28Z,1801012026-04-15,18010,2026-04-15,SCHEDULED,60,1.0
2026-04-16T06:10:28Z,1801022026-04-15,18010,2026-04-15,SCHEDULED,60,1.0
2026-04-16T06:10:28Z,1801032026-04-15,18010,2026-04-15,SCHEDULED,60,1.0
2026-04-16T06:10:28Z,1890112026-04-15,18901,2026-04-15,SCHEDULED,420,7.0
2026-04-16T06:10:28Z,0306242026-04-15,03062,2026-04-15,SCHEDULED,240,4.0
2026-04-16T06:10:28Z,0306232026-04-15,03062,2026-04-15,SCHEDULED,240,4.0
2026-04-16T06:10:28Z,0306212026-04-15,03062,2026-04-15,SCHEDULED,240,4.0
2026-04-16T06:10:28Z,0306222026-04-15,03062,2026-04-15,SCHEDULED,240,4.0
2026-04-16T06:10:28Z,1890012026-04-15,18900,2026-04-15,SCHEDULED,240,4.0
2026-04-16T06:10:28Z,1891012026-04-15,18910,2026-04-15,SCHEDULED,360,6.0
2026-04-16T06:10:28Z,0306312026-04-15,03063,2026-04-15,SCHEDULED,240,4.0
2026-04-16T06:10:28Z,0306322026-04-15,03063,2026-04-15,SCHEDULED,240,4.0
2026-04-16T06:10:28Z,0306332026-04-15,03063,2026-04-15,SCHEDULED,240,4.0
2026-04-16T06:10:28Z,1443012026-04-15,14430,2026-04-15,SCHEDULED,960,16.0
2026-04-16T06:10:28Z,0307012026-04-15,03070,2026-04-15,SCHEDULED,60,1.0
2026-04-16T06:10:28Z,0307112026-04-15,03071,2026-04-15,SCHEDULED,300,5.0
2026-04-16T06:10:28Z,0307322026-04-15,03073,2026-04-15,SCHEDULED,-60,-1.0
2026-04-16T06:10:28Z,0307312026-04-15,03073,2026-04-15,SCHEDULED,-60,-1.0
2026-04-16T06:10:28Z,0308112026-04-15,03081,2026-04-15,SCHEDULED,-120,-2.0
2026-04-16T06:10:28Z,0309212026-04-15,03092,2026-04-15,SCHEDULED,60,1.0
2026-04-16T06:10:28Z,0309222026-04-15,03092,2026-04-15,SCHEDULED,60,1.0
2026-04-16T06:10:28Z,0309232026-04-15,03092,2026-04-15,SCHEDULED,60,1.0
2026-04-16T06:10:28Z,0306242026-04-15,03062,2026-04-15,SCHEDULED,540,9.0
2026-04-16T06:10:28Z,0306232026-04-15,03062,2026-04-15,SCHEDULED,540,9.0
2026-04-16T06:10:28Z,0306212026-04-15,03062,2026-04-15,SCHEDULED,540,9.0
2026-04-16T06:10:28Z,0306222026-04-15,03062,2026-04-15,SCHEDULED,540,9.0
2026-04-16T06:10:28Z,0366222026-04-15,03662,2026-04-15,SCHEDULED,180,3.0
2026-04-16T06:10:28Z,0366212026-04-15,03662,2026-04-15,SCHEDULED,180,3.0
2026-04-16T06:10:28Z,0327212026-04-15,03272,2026-04-15,SCHEDULED,60,1.0
2026-04-16T06:10:28Z,0327222026-04-15,03272,2026-04-15,SCHEDULED,60,1.0
2026-04-16T06:10:28Z,0327232026-04-15,03272,2026-04-15,SCHEDULED,60,1.0
2026-04-16T06:10:28Z,0405612026-04-16,04056,2026-04-16,SCHEDULED,420,7.0
2026-04-16T06:10:28Z,0426112026-04-16,04261,2026-04-16,SCHEDULED,60,1.0
2026-04-16T06:10:28Z,0418642026-04-16,04186,2026-04-16,SCHEDULED,-240,-4.0
2026-04-16T06:10:28Z,0418632026-04-16,04186,2026-04-16,SCHEDULED,-240,-4.0
2026-04-16T06:10:28Z,0418612026-04-16,04186,2026-04-16,SCHEDULED,-240,-4.0
2026-04-16T06:10:28Z,0418622026-04-16,04186,2026-04-16,SCHEDULED,-240,-4.0
2026-04-16T06:10:28Z,1296312026-04-15,12963,2026-04-15,CANCELED,,
2026-04-16T06:10:28Z,7185112026-04-15,71851,2026-04-15,CANCELED,,
2026-04-16T06:10:28Z,7183112026-04-15,71831,2026-04-15,CANCELED,,
2026-04-16T06:10:28Z,1296212026-04-15,12962,2026-04-15,CANCELED,,
2026-04-16T06:15:29Z,0063142026-04-16,00631,2026-04-16,SCHEDULED,360,6.0
2026-04-16T06:15:29Z,0063132026-04-16,00631,2026-04-16,SCHEDULED,360,6.0
2026-04-16T06:15:29Z,0063112026-04-16,00631,2026-04-16,SCHEDULED,360,6.0
2026-04-16T06:15:29Z,0063122026-04-16,00631,2026-04-16,SCHEDULED,360,6.0
2026-04-16T06:15:29Z,0069712026-04-16,00697,2026-04-16,SCHEDULED,180,3.0
2026-04-16T06:15:29Z,0408812026-04-16,04088,2026-04-16,SCHEDULED,120,2.0
2026-04-16T06:15:29Z,0408822026-04-16,04088,2026-04-16,SCHEDULED,120,2.0
2026-04-16T06:15:29Z,0408832026-04-16,04088,2026-04-16,SCHEDULED,120,2.0
2026-04-16T06:15:29Z,0407222026-04-16,04072,2026-04-16,SCHEDULED,180,3.0
2026-04-16T06:15:29Z,0407212026-04-16,04072,2026-04-16,SCHEDULED,180,3.0
2026-04-16T06:15:29Z,1210112026-04-15,12101,2026-04-15,SCHEDULED,240,4.0
2026-04-16T06:15:29Z,1210122026-04-15,12101,2026-04-15,SCHEDULED,240,4.0
2026-04-16T06:15:29Z,1210142026-04-15,12101,2026-04-15,SCHEDULED,240,4.0
2026-04-16T06:15:29Z,0447512026-04-15,04475,2026-04-15,SCHEDULED,-180,-3.0
2026-04-16T06:15:29Z,1261312026-04-15,12613,2026-04-15,SCHEDULED,420,7.0
2026-04-16T06:15:29Z,0415422026-04-15,04154,2026-04-15,SCHEDULED,1080,18.0
2026-04-16T06:15:29Z,0415412026-04-15,04154,2026-04-15,SCHEDULED,1080,18.0
2026-04-16T06:15:29Z,1261112026-04-15,12611,2026-04-15,SCHEDULED,720,12.0
2026-04-16T06:15:29Z,0446412026-04-15,04464,2026-04-15,SCHEDULED,420,7.0
2026-04-16T06:15:29Z,0436422026-04-15,04364,2026-04-15,SCHEDULED,180,3.0
2026-04-16T06:15:29Z,0436412026-04-15,04364,2026-04-15,SCHEDULED,180,3.0
2026-04-16T06:15:29Z,1264412026-04-15,12644,2026-04-15,SCHEDULED,120,2.0
2026-04-16T06:15:29Z,0506312026-04-15,05063,2026-04-15,SCHEDULED,300,5.0
2026-04-16T06:15:29Z,1300012026-04-15,13000,2026-04-15,SCHEDULED,240,4.0
2026-04-16T06:15:29Z,0506422026-04-15,05064,2026-04-15,SCHEDULED,540,9.0
2026-04-16T06:15:29Z,0506412026-04-15,05064,2026-04-15,SCHEDULED,540,9.0
2026-04-16T06:15:29Z,1300212026-04-15,13002,2026-04-15,SCHEDULED,540,9.0
2026-04-16T06:15:29Z,0506522026-04-15,05065,2026-04-15,SCHEDULED,120,2.0
2026-04-16T06:15:29Z,0506512026-04-15,05065,2026-04-15,SCHEDULED,120,2.0
2026-04-16T06:15:29Z,0507012026-04-15,05070,2026-04-15,SCHEDULED,-60,-1.0
2026-04-16T06:15:29Z,1300322026-04-15,13003,2026-04-15,SCHEDULED,-60,-1.0
2026-04-16T06:15:29Z,1300312026-04-15,13003,2026-04-15,SCHEDULED,-60,-1.0
2026-04-16T06:15:29Z,0507112026-04-15,05071,2026-04-15,SCHEDULED,-180,-3.0
2026-04-16T06:15:29Z,0507122026-04-15,05071,2026-04-15,SCHEDULED,-180,-3.0
2026-04-16T06:15:29Z,0507132026-04-15,05071,2026-04-15,SCHEDULED,-180,-3.0
2026-04-16T06:15:29Z,1303022026-04-15,13030,2026-04-15,SCHEDULED,300,5.0
2026-04-16T06:15:29Z,1303012026-04-15,13030,2026-04-15,SCHEDULED,300,5.0
2026-04-16T06:15:29Z,0507212026-04-15,05072,2026-04-15,SCHEDULED,420,7.0
2026-04-16T06:15:29Z,1300112026-04-15,13001,2026-04-15,SCHEDULED,660,11.0
2026-04-16T06:15:29Z,1395112026-04-15,13951,2026-04-15,SCHEDULED,-120,-2.0
2026-04-16T06:15:29Z,0509212026-04-15,05092,2026-04-15,SCHEDULED,240,4.0
2026-04-16T06:15:29Z,0509222026-04-15,05092,2026-04-15,SCHEDULED,240,4.0
2026-04-16T06:15:29Z,0509232026-04-15,05092,2026-04-15,SCHEDULED,240,4.0
2026-04-16T06:15:29Z,1320612026-04-15,13206,2026-04-15,SCHEDULED,180,3.0
2026-04-16T06:15:29Z,0527322026-04-15,05273,2026-04-15,SCHEDULED,180,3.0
2026-04-16T06:15:29Z,0527312026-04-15,05273,2026-04-15,SCHEDULED,180,3.0
2026-04-16T06:15:29Z,1390012026-04-15,13900,2026-04-15,SCHEDULED,1020,17.0
2026-04-16T06:15:29Z,0508042026-04-15,05080,2026-04-15,SCHEDULED,60,1.0
2026-04-16T06:15:29Z,0508032026-04-15,05080,2026-04-15,SCHEDULED,60,1.0
2026-04-16T06:15:29Z,0508012026-04-15,05080,2026-04-15,SCHEDULED,60,1.0
2026-04-16T06:15:29Z,0508022026-04-15,05080,2026-04-15,SCHEDULED,60,1.0
2026-04-16T06:15:29Z,0566812026-04-15,05668,2026-04-15,SCHEDULED,840,14.0
2026-04-16T06:15:29Z,1390112026-04-15,13901,2026-04-15,SCHEDULED,300,5.0
2026-04-16T06:15:29Z,0576312026-04-15,05763,2026-04-15,SCHEDULED,-180,-3.0
2026-04-16T06:15:29Z,0576322026-04-15,05763,2026-04-15,SCHEDULED,-180,-3.0
2026-04-16T06:15:29Z,0576332026-04-15,05763,2026-04-15,SCHEDULED,-180,-3.0
2026-04-16T06:15:29Z,0807112026-04-15,08071,2026-04-15,SCHEDULED,480,8.0
2026-04-16T06:15:29Z,1412362026-04-15,14123,2026-04-15,SCHEDULED,300,5.0
2026-04-16T06:15:29Z,1412342026-04-15,14123,2026-04-15,SCHEDULED,300,5.0
2026-04-16T06:15:29Z,1412352026-04-15,14123,2026-04-15,SCHEDULED,300,5.0
2026-04-16T06:15:29Z,1412312026-04-15,14123,2026-04-15,SCHEDULED,300,5.0
2026-04-16T06:15:29Z,1412332026-04-15,14123,2026-04-15,SCHEDULED,300,5.0
2026-04-16T06:15:29Z,1412322026-04-15,14123,2026-04-15,SCHEDULED,300,5.0
2026-04-16T06:15:29Z,0807212026-04-15,08072,2026-04-15,SCHEDULED,1080,18.0
2026-04-16T06:15:29Z,1451012026-04-15,14510,2026-04-15,SCHEDULED,540,9.0
2026-04-16T06:15:29Z,0807812026-04-15,08078,2026-04-15,SCHEDULED,480,8.0
2026-04-16T06:15:29Z,1500112026-04-15,15001,2026-04-15,SCHEDULED,60,1.0
2026-04-16T06:15:29Z,0807912026-04-15,08079,2026-04-15,SCHEDULED,900,15.0
2026-04-16T06:15:29Z,0808112026-04-15,08081,2026-04-15,SCHEDULED,540,9.0
2026-04-16T06:15:29Z,1503022026-04-15,15030,2026-04-15,SCHEDULED,180,3.0
2026-04-16T06:15:29Z,1503012026-04-15,15030,2026-04-15,SCHEDULED,180,3.0
2026-04-16T06:15:29Z,0808512026-04-15,08085,2026-04-15,SCHEDULED,60,1.0
2026-04-16T06:15:29Z,1504212026-04-15,15042,2026-04-15,SCHEDULED,60,1.0
2026-04-16T06:15:29Z,0827112026-04-15,08271,2026-04-15,SCHEDULED,600,10.0
2026-04-16T06:15:29Z,1530912026-04-15,15309,2026-04-15,SCHEDULED,420,7.0
2026-04-16T06:15:29Z,0827512026-04-15,08275,2026-04-15,SCHEDULED,240,4.0
2026-04-16T06:15:29Z,0827812026-04-15,08278,2026-04-15,SCHEDULED,60,1.0
2026-04-16T06:15:29Z,0828712026-04-15,08287,2026-04-15,SCHEDULED,180,3.0
2026-04-16T06:15:29Z,1563222026-04-15,15632,2026-04-15,SCHEDULED,600,10.0
2026-04-16T06:15:29Z,1563212026-04-15,15632,2026-04-15,SCHEDULED,600,10.0
2026-04-16T06:15:29Z,0847512026-04-15,08475,2026-04-15,SCHEDULED,180,3.0
2026-04-16T06:15:29Z,1562122026-04-15,15621,2026-04-15,SCHEDULED,60,1.0
2026-04-16T06:15:29Z,1562112026-04-15,15621,2026-04-15,SCHEDULED,60,1.0
2026-04-16T06:15:29Z,1572012026-04-15,15720,2026-04-15,SCHEDULED,1500,25.0
2026-04-16T06:15:29Z,1572212026-04-15,15722,2026-04-15,SCHEDULED,1680,28.0
2026-04-16T06:15:29Z,0866412026-04-16,08664,2026-04-16,SCHEDULED,240,4.0
2026-04-16T06:15:29Z,0907112026-04-15,09071,2026-04-15,SCHEDULED,120,2.0
2026-04-16T06:15:29Z,1577412026-04-15,15774,2026-04-15,SCHEDULED,360,6.0
2026-04-16T06:15:29Z,0907222026-04-15,09072,2026-04-15,SCHEDULED,420,7.0
2026-04-16T06:15:29Z,0907212026-04-15,09072,2026-04-15,SCHEDULED,420,7.0
2026-04-16T06:15:29Z,1585012026-04-15,15850,2026-04-15,SCHEDULED,240,4.0
2026-04-16T06:15:29Z,0907312026-04-15,09073,2026-04-15,SCHEDULED,120,2.0
2026-04-16T06:15:29Z,1590012026-04-15,15900,2026-04-15,SCHEDULED,720,12.0
2026-04-16T06:15:29Z,0908312026-04-15,09083,2026-04-15,SCHEDULED,120,2.0
2026-04-16T06:15:29Z,1590412026-04-15,15904,2026-04-15,SCHEDULED,480,8.0
2026-04-16T06:15:29Z,0948012026-04-15,09480,2026-04-15,SCHEDULED,-60,-1.0
2026-04-16T06:15:29Z,1620712026-04-15,16207,2026-04-15,SCHEDULED,300,5.0
2026-04-16T06:15:29Z,1607112026-04-15,16071,2026-04-15,SCHEDULED,60,1.0
2026-04-16T06:15:29Z,0407312026-04-16,04073,2026-04-16,SCHEDULED,720,12.0
2026-04-16T06:15:29Z,1700812026-04-15,17008,2026-04-15,SCHEDULED,780,13.0
2026-04-16T06:15:29Z,1702112026-04-15,17021,2026-04-15,SCHEDULED,420,7.0
2026-04-16T06:15:29Z,1891012026-04-15,18910,2026-04-15,SCHEDULED,360,6.0
2026-04-16T06:15:29Z,1443012026-04-15,14430,2026-04-15,SCHEDULED,480,8.0
2026-04-16T06:15:29Z,0062122026-04-16,00621,2026-04-16,SCHEDULED,360,6.0
2026-04-16T06:15:29Z,0062132026-04-16,00621,2026-04-16,SCHEDULED,360,6.0
2026-04-16T06:15:29Z,0062152026-04-16,00621,2026-04-16,SCHEDULED,360,6.0
2026-04-16T06:15:29Z,0062112026-04-16,00621,2026-04-16,SCHEDULED,360,6.0
2026-04-16T06:15:29Z,0062142026-04-16,00621,2026-04-16,SCHEDULED,360,6.0
2026-04-16T06:15:29Z,1505012026-04-15,15050,2026-04-15,SCHEDULED,1560,26.0
2026-04-16T06:15:29Z,1600012026-04-15,16000,2026-04-15,SCHEDULED,60,1.0
2026-04-16T06:15:29Z,0029122026-04-16,00291,2026-04-16,SCHEDULED,540,9.0
2026-04-16T06:15:29Z,0029112026-04-16,00291,2026-04-16,SCHEDULED,540,9.0
2026-04-16T06:15:29Z,1401812026-04-15,14018,2026-04-15,SCHEDULED,720,12.0
2026-04-16T06:15:29Z,0029322026-04-16,00293,2026-04-16,SCHEDULED,120,2.0
2026-04-16T06:15:29Z,0029312026-04-16,00293,2026-04-16,SCHEDULED,120,2.0
2026-04-16T06:15:29Z,1402012026-04-15,14020,2026-04-15,SCHEDULED,240,4.0
2026-04-16T06:15:29Z,0053322026-04-16,00533,2026-04-16,SCHEDULED,180,3.0
2026-04-16T06:15:29Z,0053312026-04-16,00533,2026-04-16,SCHEDULED,180,3.0
2026-04-16T06:15:29Z,0060112026-04-16,00601,2026-04-16,SCHEDULED,60,1.0
2026-04-16T06:15:29Z,3560452026-04-15,35604,2026-04-15,SCHEDULED,420,7.0
2026-04-16T06:15:29Z,3560442026-04-15,35604,2026-04-15,SCHEDULED,420,7.0
2026-04-16T06:15:29Z,3560412026-04-15,35604,2026-04-15,SCHEDULED,420,7.0
2026-04-16T06:15:29Z,3560422026-04-15,35604,2026-04-15,SCHEDULED,420,7.0
2026-04-16T06:15:29Z,0027622026-04-16,00276,2026-04-16,SCHEDULED,-60,-1.0
2026-04-16T06:15:29Z,0027612026-04-16,00276,2026-04-16,SCHEDULED,-60,-1.0
2026-04-16T06:15:29Z,1443212026-04-15,14432,2026-04-15,SCHEDULED,360,6.0
2026-04-16T06:15:29Z,1248012026-04-15,12480,2026-04-15,SCHEDULED,120,2.0
2026-04-16T06:15:29Z,0075222026-04-16,00752,2026-04-16,SCHEDULED,960,16.0
2026-04-16T06:15:29Z,0075212026-04-16,00752,2026-04-16,SCHEDULED,960,16.0
2026-04-16T06:15:29Z,1877332026-04-15,18773,2026-04-15,SCHEDULED,360,6.0
2026-04-16T06:15:29Z,1877312026-04-15,18773,2026-04-15,SCHEDULED,360,6.0
2026-04-16T06:15:29Z,0107112026-04-15,01071,2026-04-15,SCHEDULED,60,1.0
2026-04-16T06:15:29Z,0107212026-04-16,01072,2026-04-16,SCHEDULED,780,13.0
2026-04-16T06:15:29Z,1833122026-04-15,18331,2026-04-15,SCHEDULED,120,2.0
2026-04-16T06:15:29Z,1833112026-04-15,18331,2026-04-15,SCHEDULED,120,2.0
2026-04-16T06:15:29Z,0108122026-04-15,01081,2026-04-15,SCHEDULED,180,3.0
2026-04-16T06:15:29Z,0108112026-04-15,01081,2026-04-15,SCHEDULED,180,3.0
2026-04-16T06:15:29Z,7182012026-04-15,71820,2026-04-15,SCHEDULED,-120,-2.0
2026-04-16T06:15:29Z,0109212026-04-15,01092,2026-04-15,SCHEDULED,360,6.0
2026-04-16T06:15:29Z,7183012026-04-15,71830,2026-04-15,SCHEDULED,120,2.0
2026-04-16T06:15:29Z,0206112026-04-15,02061,2026-04-15,SCHEDULED,240,4.0
2026-04-16T06:15:29Z,7183112026-04-15,71831,2026-04-15,SCHEDULED,-180,-3.0
2026-04-16T06:15:29Z,0206712026-04-15,02067,2026-04-15,SCHEDULED,360,6.0
2026-04-16T06:15:29Z,1580612026-04-15,15806,2026-04-15,SCHEDULED,-60,-1.0
2026-04-16T06:15:29Z,0207012026-04-15,02070,2026-04-15,SCHEDULED,180,3.0
2026-04-16T06:15:29Z,1580822026-04-15,15808,2026-04-15,SCHEDULED,120,2.0
2026-04-16T06:15:29Z,1580812026-04-15,15808,2026-04-15,SCHEDULED,120,2.0
2026-04-16T06:15:29Z,0207112026-04-15,02071,2026-04-15,SCHEDULED,420,7.0
2026-04-16T06:15:29Z,1704212026-04-15,17042,2026-04-15,SCHEDULED,60,1.0
2026-04-16T06:15:29Z,0207412026-04-16,02074,2026-04-16,SCHEDULED,60,1.0
2026-04-16T06:15:29Z,1719112026-04-15,17191,2026-04-15,SCHEDULED,120,2.0
2026-04-16T06:15:29Z,0207512026-04-16,02075,2026-04-16,SCHEDULED,540,9.0
2026-04-16T06:15:29Z,1720112026-04-15,17201,2026-04-15,SCHEDULED,420,7.0
2026-04-16T06:15:29Z,0207612026-04-15,02076,2026-04-15,SCHEDULED,60,1.0
2026-04-16T06:15:29Z,1750312026-04-15,17503,2026-04-15,SCHEDULED,60,1.0
2026-04-16T06:15:29Z,0208012026-04-15,02080,2026-04-15,SCHEDULED,120,2.0
2026-04-16T06:15:29Z,0226112026-04-15,02261,2026-04-15,SCHEDULED,420,7.0
2026-04-16T06:15:29Z,1800112026-04-15,18001,2026-04-15,SCHEDULED,240,4.0
2026-04-16T06:15:29Z,1803112026-04-15,18031,2026-04-15,SCHEDULED,300,5.0
2026-04-16T06:15:29Z,0228512026-04-16,02285,2026-04-16,SCHEDULED,240,4.0
2026-04-16T06:15:29Z,1804112026-04-15,18041,2026-04-15,SCHEDULED,4680,78.0
2026-04-16T06:15:29Z,0305212026-04-15,03052,2026-04-15,SCHEDULED,120,2.0
2026-04-16T06:15:29Z,1805412026-04-15,18054,2026-04-15,SCHEDULED,960,16.0
2026-04-16T06:15:29Z,0306012026-04-15,03060,2026-04-15,SCHEDULED,180,3.0
2026-04-16T06:15:29Z,1807112026-04-15,18071,2026-04-15,SCHEDULED,180,3.0
2026-04-16T06:15:29Z,1807212026-04-15,18072,2026-04-15,SCHEDULED,-60,-1.0
2026-04-16T06:15:29Z,0330142026-04-15,03301,2026-04-15,SCHEDULED,480,8.0
2026-04-16T06:15:29Z,0330132026-04-15,03301,2026-04-15,SCHEDULED,480,8.0
2026-04-16T06:15:29Z,0330112026-04-15,03301,2026-04-15,SCHEDULED,480,8.0
2026-04-16T06:15:29Z,0330122026-04-15,03301,2026-04-15,SCHEDULED,480,8.0
2026-04-16T06:15:29Z,1807422026-04-15,18074,2026-04-15,SCHEDULED,-120,-2.0
2026-04-16T06:15:29Z,1807412026-04-15,18074,2026-04-15,SCHEDULED,-120,-2.0
2026-04-16T06:15:29Z,1800212026-04-15,18002,2026-04-15,SCHEDULED,600,10.0
2026-04-16T06:15:29Z,1800222026-04-15,18002,2026-04-15,SCHEDULED,600,10.0
2026-04-16T06:15:29Z,1800242026-04-15,18002,2026-04-15,SCHEDULED,600,10.0
2026-04-16T06:15:29Z,0306242026-04-15,03062,2026-04-15,SCHEDULED,240,4.0
2026-04-16T06:15:29Z,0306232026-04-15,03062,2026-04-15,SCHEDULED,240,4.0
2026-04-16T06:15:29Z,0306212026-04-15,03062,2026-04-15,SCHEDULED,240,4.0
2026-04-16T06:15:29Z,0306222026-04-15,03062,2026-04-15,SCHEDULED,240,4.0
2026-04-16T06:15:29Z,1806612026-04-15,18066,2026-04-15,SCHEDULED,300,5.0
2026-04-16T06:15:29Z,1812112026-04-15,18121,2026-04-15,SCHEDULED,120,2.0
2026-04-16T06:15:29Z,0306312026-04-15,03063,2026-04-15,SCHEDULED,180,3.0
2026-04-16T06:15:29Z,0306322026-04-15,03063,2026-04-15,SCHEDULED,180,3.0
2026-04-16T06:15:29Z,0306332026-04-15,03063,2026-04-15,SCHEDULED,180,3.0
2026-04-16T06:15:29Z,1830012026-04-15,18300,2026-04-15,SCHEDULED,60,1.0
2026-04-16T06:15:29Z,0307012026-04-15,03070,2026-04-15,SCHEDULED,60,1.0
2026-04-16T06:15:29Z,0307112026-04-15,03071,2026-04-15,SCHEDULED,240,4.0
2026-04-16T06:15:29Z,1832122026-04-15,18321,2026-04-15,SCHEDULED,-60,-1.0
2026-04-16T06:15:29Z,1832112026-04-15,18321,2026-04-15,SCHEDULED,-60,-1.0
2026-04-16T06:15:29Z,0307322026-04-15,03073,2026-04-15,SCHEDULED,-60,-1.0
2026-04-16T06:15:29Z,0307312026-04-15,03073,2026-04-15,SCHEDULED,-60,-1.0
2026-04-16T06:15:29Z,1801012026-04-15,18010,2026-04-15,SCHEDULED,60,1.0
2026-04-16T06:15:29Z,1801022026-04-15,18010,2026-04-15,SCHEDULED,60,1.0
2026-04-16T06:15:29Z,1801032026-04-15,18010,2026-04-15,SCHEDULED,60,1.0
2026-04-16T06:15:29Z,0308112026-04-15,03081,2026-04-15,SCHEDULED,-120,-2.0
2026-04-16T06:15:29Z,1890112026-04-15,18901,2026-04-15,SCHEDULED,420,7.0
2026-04-16T06:15:29Z,0308212026-04-15,03082,2026-04-15,SCHEDULED,60,1.0
2026-04-16T06:15:29Z,1890012026-04-15,18900,2026-04-15,SCHEDULED,240,4.0
2026-04-16T06:15:29Z,0309212026-04-15,03092,2026-04-15,SCHEDULED,180,3.0
2026-04-16T06:15:29Z,0309222026-04-15,03092,2026-04-15,SCHEDULED,180,3.0
2026-04-16T06:15:29Z,0309232026-04-15,03092,2026-04-15,SCHEDULED,180,3.0
2026-04-16T06:15:29Z,0306242026-04-15,03062,2026-04-15,SCHEDULED,480,8.0
2026-04-16T06:15:29Z,0306232026-04-15,03062,2026-04-15,SCHEDULED,480,8.0
2026-04-16T06:15:29Z,0306212026-04-15,03062,2026-04-15,SCHEDULED,480,8.0
2026-04-16T06:15:29Z,0306222026-04-15,03062,2026-04-15,SCHEDULED,480,8.0
2026-04-16T06:15:29Z,0366222026-04-15,03662,2026-04-15,SCHEDULED,180,3.0
2026-04-16T06:15:29Z,0366212026-04-15,03662,2026-04-15,SCHEDULED,180,3.0
2026-04-16T06:15:29Z,0327212026-04-15,03272,2026-04-15,SCHEDULED,120,2.0
2026-04-16T06:15:29Z,0327222026-04-15,03272,2026-04-15,SCHEDULED,120,2.0
2026-04-16T06:15:29Z,0327232026-04-15,03272,2026-04-15,SCHEDULED,120,2.0
2026-04-16T06:15:29Z,0405612026-04-16,04056,2026-04-16,SCHEDULED,420,7.0
2026-04-16T06:15:29Z,0418642026-04-16,04186,2026-04-16,SCHEDULED,-180,-3.0
2026-04-16T06:15:29Z,0418632026-04-16,04186,2026-04-16,SCHEDULED,-180,-3.0
2026-04-16T06:15:29Z,0418612026-04-16,04186,2026-04-16,SCHEDULED,-180,-3.0
2026-04-16T06:15:29Z,0418622026-04-16,04186,2026-04-16,SCHEDULED,-180,-3.0
2026-04-16T06:15:29Z,0408712026-04-16,04087,2026-04-16,SCHEDULED,1800,30.0
2026-04-16T06:15:29Z,1296312026-04-15,12963,2026-04-15,CANCELED,,
2026-04-16T06:15:29Z,7185112026-04-15,71851,2026-04-15,CANCELED,,
2026-04-16T06:15:29Z,7183112026-04-15,71831,2026-04-15,CANCELED,,
2026-04-16T06:15:29Z,1296212026-04-15,12962,2026-04-15,CANCELED,,
2026-04-16T06:20:29Z,0973722026-04-15,09737,2026-04-15,SCHEDULED,60,1.0
2026-04-16T06:20:29Z,0973712026-04-15,09737,2026-04-15,SCHEDULED,60,1.0
2026-04-16T06:20:29Z,0408812026-04-16,04088,2026-04-16,SCHEDULED,240,4.0
2026-04-16T06:20:29Z,0408822026-04-16,04088,2026-04-16,SCHEDULED,240,4.0
2026-04-16T06:20:29Z,0408832026-04-16,04088,2026-04-16,SCHEDULED,240,4.0
2026-04-16T06:20:29Z,0407312026-04-16,04073,2026-04-16,SCHEDULED,720,12.0
2026-04-16T06:20:29Z,0407222026-04-16,04072,2026-04-16,SCHEDULED,180,3.0
2026-04-16T06:20:29Z,0407212026-04-16,04072,2026-04-16,SCHEDULED,180,3.0
2026-04-16T06:20:29Z,0447512026-04-15,04475,2026-04-15,SCHEDULED,-240,-4.0
2026-04-16T06:20:29Z,0415422026-04-15,04154,2026-04-15,SCHEDULED,1080,18.0
2026-04-16T06:20:29Z,0415412026-04-15,04154,2026-04-15,SCHEDULED,1080,18.0
2026-04-16T06:20:29Z,0446412026-04-15,04464,2026-04-15,SCHEDULED,420,7.0
2026-04-16T06:20:29Z,0062122026-04-16,00621,2026-04-16,SCHEDULED,360,6.0
2026-04-16T06:20:29Z,0062132026-04-16,00621,2026-04-16,SCHEDULED,360,6.0
2026-04-16T06:20:29Z,0062152026-04-16,00621,2026-04-16,SCHEDULED,360,6.0
2026-04-16T06:20:29Z,0062112026-04-16,00621,2026-04-16,SCHEDULED,360,6.0
2026-04-16T06:20:29Z,0062142026-04-16,00621,2026-04-16,SCHEDULED,360,6.0
2026-04-16T06:20:29Z,0436422026-04-15,04364,2026-04-15,SCHEDULED,180,3.0
2026-04-16T06:20:29Z,0436412026-04-15,04364,2026-04-15,SCHEDULED,180,3.0
2026-04-16T06:20:29Z,0506312026-04-15,05063,2026-04-15,SCHEDULED,360,6.0
2026-04-16T06:20:29Z,0063142026-04-16,00631,2026-04-16,SCHEDULED,300,5.0
2026-04-16T06:20:29Z,0063132026-04-16,00631,2026-04-16,SCHEDULED,300,5.0
2026-04-16T06:20:29Z,0063112026-04-16,00631,2026-04-16,SCHEDULED,300,5.0
2026-04-16T06:20:29Z,0063122026-04-16,00631,2026-04-16,SCHEDULED,300,5.0
2026-04-16T06:20:29Z,0506422026-04-15,05064,2026-04-15,SCHEDULED,660,11.0
2026-04-16T06:20:29Z,0506412026-04-15,05064,2026-04-15,SCHEDULED,660,11.0
2026-04-16T06:20:29Z,0069712026-04-16,00697,2026-04-16,SCHEDULED,180,3.0
2026-04-16T06:20:29Z,0506522026-04-15,05065,2026-04-15,SCHEDULED,180,3.0
2026-04-16T06:20:29Z,0506512026-04-15,05065,2026-04-15,SCHEDULED,180,3.0
2026-04-16T06:20:29Z,0507012026-04-15,05070,2026-04-15,SCHEDULED,120,2.0
2026-04-16T06:20:29Z,1210112026-04-15,12101,2026-04-15,SCHEDULED,240,4.0
2026-04-16T06:20:29Z,1210122026-04-15,12101,2026-04-15,SCHEDULED,240,4.0
2026-04-16T06:20:29Z,1210142026-04-15,12101,2026-04-15,SCHEDULED,240,4.0
2026-04-16T06:20:29Z,1261312026-04-15,12613,2026-04-15,SCHEDULED,420,7.0
2026-04-16T06:20:29Z,0507112026-04-15,05071,2026-04-15,SCHEDULED,-180,-3.0
2026-04-16T06:20:29Z,0507122026-04-15,05071,2026-04-15,SCHEDULED,-180,-3.0
2026-04-16T06:20:29Z,0507132026-04-15,05071,2026-04-15,SCHEDULED,-180,-3.0
2026-04-16T06:20:29Z,1261112026-04-15,12611,2026-04-15,SCHEDULED,720,12.0
2026-04-16T06:20:29Z,0507212026-04-15,05072,2026-04-15,SCHEDULED,420,7.0
2026-04-16T06:20:29Z,1264412026-04-15,12644,2026-04-15,SCHEDULED,180,3.0
2026-04-16T06:20:29Z,0509212026-04-15,05092,2026-04-15,SCHEDULED,240,4.0
2026-04-16T06:20:29Z,0509222026-04-15,05092,2026-04-15,SCHEDULED,240,4.0
2026-04-16T06:20:29Z,0509232026-04-15,05092,2026-04-15,SCHEDULED,240,4.0
2026-04-16T06:20:29Z,0527322026-04-15,05273,2026-04-15,SCHEDULED,300,5.0
2026-04-16T06:20:29Z,0527312026-04-15,05273,2026-04-15,SCHEDULED,300,5.0
2026-04-16T06:20:29Z,1300012026-04-15,13000,2026-04-15,SCHEDULED,120,2.0
2026-04-16T06:20:29Z,1300212026-04-15,13002,2026-04-15,SCHEDULED,540,9.0
2026-04-16T06:20:29Z,0508042026-04-15,05080,2026-04-15,SCHEDULED,60,1.0
2026-04-16T06:20:29Z,0508032026-04-15,05080,2026-04-15,SCHEDULED,60,1.0
2026-04-16T06:20:29Z,0508012026-04-15,05080,2026-04-15,SCHEDULED,60,1.0
2026-04-16T06:20:29Z,0508022026-04-15,05080,2026-04-15,SCHEDULED,60,1.0
2026-04-16T06:20:29Z,0566812026-04-15,05668,2026-04-15,SCHEDULED,840,14.0
2026-04-16T06:20:29Z,1302032026-04-15,13020,2026-04-15,SCHEDULED,120,2.0
2026-04-16T06:20:29Z,1302012026-04-15,13020,2026-04-15,SCHEDULED,120,2.0
2026-04-16T06:20:29Z,0576312026-04-15,05763,2026-04-15,SCHEDULED,-180,-3.0
2026-04-16T06:20:29Z,0576322026-04-15,05763,2026-04-15,SCHEDULED,-180,-3.0
2026-04-16T06:20:29Z,0576332026-04-15,05763,2026-04-15,SCHEDULED,-180,-3.0
2026-04-16T06:20:29Z,1300112026-04-15,13001,2026-04-15,SCHEDULED,660,11.0
2026-04-16T06:20:29Z,1395112026-04-15,13951,2026-04-15,SCHEDULED,-180,-3.0
2026-04-16T06:20:29Z,0807112026-04-15,08071,2026-04-15,SCHEDULED,480,8.0
2026-04-16T06:20:29Z,1390012026-04-15,13900,2026-04-15,SCHEDULED,1020,17.0
2026-04-16T06:20:29Z,0807212026-04-15,08072,2026-04-15,SCHEDULED,960,16.0
2026-04-16T06:20:29Z,1390112026-04-15,13901,2026-04-15,SCHEDULED,240,4.0
2026-04-16T06:20:29Z,0807812026-04-15,08078,2026-04-15,SCHEDULED,360,6.0
2026-04-16T06:20:29Z,0807912026-04-15,08079,2026-04-15,SCHEDULED,840,14.0
2026-04-16T06:20:29Z,0808012026-04-15,08080,2026-04-15,SCHEDULED,240,4.0
2026-04-16T06:20:29Z,1412362026-04-15,14123,2026-04-15,SCHEDULED,360,6.0
2026-04-16T06:20:29Z,1412342026-04-15,14123,2026-04-15,SCHEDULED,360,6.0
2026-04-16T06:20:29Z,1412352026-04-15,14123,2026-04-15,SCHEDULED,360,6.0
2026-04-16T06:20:29Z,1412312026-04-15,14123,2026-04-15,SCHEDULED,360,6.0
2026-04-16T06:20:29Z,1412332026-04-15,14123,2026-04-15,SCHEDULED,360,6.0
2026-04-16T06:20:29Z,1412322026-04-15,14123,2026-04-15,SCHEDULED,360,6.0
2026-04-16T06:20:29Z,0808112026-04-15,08081,2026-04-15,SCHEDULED,540,9.0
2026-04-16T06:20:29Z,1451012026-04-15,14510,2026-04-15,SCHEDULED,540,9.0
2026-04-16T06:20:29Z,0808212026-04-15,08082,2026-04-15,SCHEDULED,180,3.0
2026-04-16T06:20:29Z,1500112026-04-15,15001,2026-04-15,SCHEDULED,120,2.0
2026-04-16T06:20:29Z,0808512026-04-15,08085,2026-04-15,SCHEDULED,120,2.0
2026-04-16T06:20:29Z,0827112026-04-15,08271,2026-04-15,SCHEDULED,540,9.0
2026-04-16T06:20:29Z,0827812026-04-15,08278,2026-04-15,SCHEDULED,60,1.0
2026-04-16T06:20:29Z,1503022026-04-15,15030,2026-04-15,SCHEDULED,180,3.0
2026-04-16T06:20:29Z,1503012026-04-15,15030,2026-04-15,SCHEDULED,180,3.0
2026-04-16T06:20:29Z,0828712026-04-15,08287,2026-04-15,SCHEDULED,180,3.0
2026-04-16T06:20:29Z,0847512026-04-15,08475,2026-04-15,SCHEDULED,180,3.0
2026-04-16T06:20:29Z,1530912026-04-15,15309,2026-04-15,SCHEDULED,360,6.0
2026-04-16T06:20:29Z,0866412026-04-16,08664,2026-04-16,SCHEDULED,240,4.0
2026-04-16T06:20:29Z,1563222026-04-15,15632,2026-04-15,SCHEDULED,600,10.0
2026-04-16T06:20:29Z,1563212026-04-15,15632,2026-04-15,SCHEDULED,600,10.0
2026-04-16T06:20:29Z,0907112026-04-15,09071,2026-04-15,SCHEDULED,120,2.0
2026-04-16T06:20:29Z,1562122026-04-15,15621,2026-04-15,SCHEDULED,120,2.0
2026-04-16T06:20:29Z,1562112026-04-15,15621,2026-04-15,SCHEDULED,120,2.0
2026-04-16T06:20:29Z,1572012026-04-15,15720,2026-04-15,SCHEDULED,1500,25.0
2026-04-16T06:20:29Z,0907222026-04-15,09072,2026-04-15,SCHEDULED,420,7.0
2026-04-16T06:20:29Z,0907212026-04-15,09072,2026-04-15,SCHEDULED,420,7.0
2026-04-16T06:20:29Z,1572212026-04-15,15722,2026-04-15,SCHEDULED,1680,28.0
2026-04-16T06:20:29Z,1575312026-04-15,15753,2026-04-15,SCHEDULED,-60,-1.0
2026-04-16T06:20:29Z,0907312026-04-15,09073,2026-04-15,SCHEDULED,60,1.0
2026-04-16T06:20:29Z,1577412026-04-15,15774,2026-04-15,SCHEDULED,360,6.0
2026-04-16T06:20:29Z,1585012026-04-15,15850,2026-04-15,SCHEDULED,300,5.0
2026-04-16T06:20:29Z,0908312026-04-15,09083,2026-04-15,SCHEDULED,120,2.0
2026-04-16T06:20:29Z,0908712026-04-15,09087,2026-04-15,SCHEDULED,60,1.0
2026-04-16T06:20:29Z,1590012026-04-15,15900,2026-04-15,SCHEDULED,720,12.0
2026-04-16T06:20:29Z,0948012026-04-15,09480,2026-04-15,SCHEDULED,-60,-1.0
2026-04-16T06:20:29Z,1590412026-04-15,15904,2026-04-15,SCHEDULED,300,5.0
2026-04-16T06:20:29Z,1620712026-04-15,16207,2026-04-15,SCHEDULED,300,5.0
2026-04-16T06:20:29Z,0029122026-04-16,00291,2026-04-16,SCHEDULED,540,9.0
2026-04-16T06:20:29Z,0029112026-04-16,00291,2026-04-16,SCHEDULED,540,9.0
2026-04-16T06:20:29Z,1607112026-04-15,16071,2026-04-15,SCHEDULED,60,1.0
2026-04-16T06:20:29Z,0029322026-04-16,00293,2026-04-16,SCHEDULED,60,1.0
2026-04-16T06:20:29Z,0029312026-04-16,00293,2026-04-16,SCHEDULED,60,1.0
2026-04-16T06:20:29Z,1700812026-04-15,17008,2026-04-15,SCHEDULED,900,15.0
2026-04-16T06:20:29Z,0053322026-04-16,00533,2026-04-16,SCHEDULED,300,5.0
2026-04-16T06:20:29Z,0053312026-04-16,00533,2026-04-16,SCHEDULED,300,5.0
2026-04-16T06:20:29Z,1702112026-04-15,17021,2026-04-15,SCHEDULED,420,7.0
2026-04-16T06:20:29Z,0060112026-04-16,00601,2026-04-16,SCHEDULED,60,1.0
2026-04-16T06:20:29Z,1891012026-04-15,18910,2026-04-15,SCHEDULED,360,6.0
2026-04-16T06:20:29Z,1505012026-04-15,15050,2026-04-15,SCHEDULED,1680,28.0
2026-04-16T06:20:29Z,0027622026-04-16,00276,2026-04-16,SCHEDULED,60,1.0
2026-04-16T06:20:29Z,0027612026-04-16,00276,2026-04-16,SCHEDULED,60,1.0
2026-04-16T06:20:29Z,1600012026-04-15,16000,2026-04-15,SCHEDULED,60,1.0
2026-04-16T06:20:29Z,0075222026-04-16,00752,2026-04-16,SCHEDULED,1800,30.0
2026-04-16T06:20:29Z,0075212026-04-16,00752,2026-04-16,SCHEDULED,1800,30.0
2026-04-16T06:20:29Z,1600112026-04-15,16001,2026-04-15,SCHEDULED,60,1.0
2026-04-16T06:20:29Z,0107112026-04-15,01071,2026-04-15,SCHEDULED,60,1.0
2026-04-16T06:20:29Z,1401812026-04-15,14018,2026-04-15,SCHEDULED,540,9.0
2026-04-16T06:20:29Z,0107212026-04-16,01072,2026-04-16,SCHEDULED,960,16.0
2026-04-16T06:20:29Z,1402012026-04-15,14020,2026-04-15,SCHEDULED,240,4.0
2026-04-16T06:20:29Z,0108122026-04-15,01081,2026-04-15,SCHEDULED,60,1.0
2026-04-16T06:20:29Z,0108112026-04-15,01081,2026-04-15,SCHEDULED,60,1.0
2026-04-16T06:20:29Z,0109212026-04-15,01092,2026-04-15,SCHEDULED,420,7.0
2026-04-16T06:20:29Z,0206112026-04-15,02061,2026-04-15,SCHEDULED,240,4.0
2026-04-16T06:20:29Z,0206712026-04-15,02067,2026-04-15,SCHEDULED,360,6.0
2026-04-16T06:20:29Z,3560452026-04-15,35604,2026-04-15,SCHEDULED,420,7.0
2026-04-16T06:20:29Z,3560442026-04-15,35604,2026-04-15,SCHEDULED,420,7.0
2026-04-16T06:20:29Z,3560412026-04-15,35604,2026-04-15,SCHEDULED,420,7.0
2026-04-16T06:20:29Z,3560422026-04-15,35604,2026-04-15,SCHEDULED,420,7.0
2026-04-16T06:20:29Z,1443212026-04-15,14432,2026-04-15,SCHEDULED,600,10.0
2026-04-16T06:20:29Z,0207012026-04-15,02070,2026-04-15,SCHEDULED,300,5.0
2026-04-16T06:20:29Z,1248012026-04-15,12480,2026-04-15,SCHEDULED,120,2.0
2026-04-16T06:20:29Z,0207112026-04-15,02071,2026-04-15,SCHEDULED,420,7.0
2026-04-16T06:20:29Z,0207412026-04-16,02074,2026-04-16,SCHEDULED,60,1.0
2026-04-16T06:20:29Z,1877332026-04-15,18773,2026-04-15,SCHEDULED,360,6.0
2026-04-16T06:20:29Z,1877312026-04-15,18773,2026-04-15,SCHEDULED,360,6.0
2026-04-16T06:20:29Z,0207512026-04-16,02075,2026-04-16,SCHEDULED,900,15.0
2026-04-16T06:20:29Z,1833122026-04-15,18331,2026-04-15,SCHEDULED,120,2.0
2026-04-16T06:20:29Z,1833112026-04-15,18331,2026-04-15,SCHEDULED,120,2.0
2026-04-16T06:20:29Z,0207612026-04-15,02076,2026-04-15,SCHEDULED,60,1.0
2026-04-16T06:20:29Z,0208012026-04-15,02080,2026-04-15,SCHEDULED,360,6.0
2026-04-16T06:20:29Z,0226112026-04-15,02261,2026-04-15,SCHEDULED,660,11.0
2026-04-16T06:20:29Z,0228512026-04-16,02285,2026-04-16,SCHEDULED,240,4.0
2026-04-16T06:20:29Z,7182012026-04-15,71820,2026-04-15,SCHEDULED,-60,-1.0
2026-04-16T06:20:29Z,0305212026-04-15,03052,2026-04-15,SCHEDULED,240,4.0
2026-04-16T06:20:29Z,0306012026-04-15,03060,2026-04-15,SCHEDULED,180,3.0
2026-04-16T06:20:29Z,7183012026-04-15,71830,2026-04-15,SCHEDULED,120,2.0
2026-04-16T06:20:29Z,0330142026-04-15,03301,2026-04-15,SCHEDULED,420,7.0
2026-04-16T06:20:29Z,0330132026-04-15,03301,2026-04-15,SCHEDULED,420,7.0
2026-04-16T06:20:29Z,0330112026-04-15,03301,2026-04-15,SCHEDULED,420,7.0
2026-04-16T06:20:29Z,0330122026-04-15,03301,2026-04-15,SCHEDULED,420,7.0
2026-04-16T06:20:29Z,1580612026-04-15,15806,2026-04-15,SCHEDULED,60,1.0
2026-04-16T06:20:29Z,0306242026-04-15,03062,2026-04-15,SCHEDULED,300,5.0
2026-04-16T06:20:29Z,0306232026-04-15,03062,2026-04-15,SCHEDULED,300,5.0
2026-04-16T06:20:29Z,0306212026-04-15,03062,2026-04-15,SCHEDULED,300,5.0
2026-04-16T06:20:29Z,0306222026-04-15,03062,2026-04-15,SCHEDULED,300,5.0
2026-04-16T06:20:29Z,1580822026-04-15,15808,2026-04-15,SCHEDULED,180,3.0
2026-04-16T06:20:29Z,1580812026-04-15,15808,2026-04-15,SCHEDULED,180,3.0
2026-04-16T06:20:29Z,1704212026-04-15,17042,2026-04-15,SCHEDULED,60,1.0
2026-04-16T06:20:29Z,0306312026-04-15,03063,2026-04-15,SCHEDULED,180,3.0
2026-04-16T06:20:29Z,0306322026-04-15,03063,2026-04-15,SCHEDULED,180,3.0
2026-04-16T06:20:29Z,0306332026-04-15,03063,2026-04-15,SCHEDULED,180,3.0
2026-04-16T06:20:29Z,1719112026-04-15,17191,2026-04-15,SCHEDULED,120,2.0
2026-04-16T06:20:29Z,0307012026-04-15,03070,2026-04-15,SCHEDULED,60,1.0
2026-04-16T06:20:29Z,1720112026-04-15,17201,2026-04-15,SCHEDULED,480,8.0
2026-04-16T06:20:29Z,0307112026-04-15,03071,2026-04-15,SCHEDULED,180,3.0
2026-04-16T06:20:29Z,1750312026-04-15,17503,2026-04-15,SCHEDULED,60,1.0
2026-04-16T06:20:29Z,0307322026-04-15,03073,2026-04-15,SCHEDULED,60,1.0
2026-04-16T06:20:29Z,0307312026-04-15,03073,2026-04-15,SCHEDULED,60,1.0
2026-04-16T06:20:29Z,1780612026-04-15,17806,2026-04-15,SCHEDULED,60,1.0
2026-04-16T06:20:29Z,1800112026-04-15,18001,2026-04-15,SCHEDULED,240,4.0
2026-04-16T06:20:29Z,0308212026-04-15,03082,2026-04-15,SCHEDULED,120,2.0
2026-04-16T06:20:29Z,1803112026-04-15,18031,2026-04-15,SCHEDULED,240,4.0
2026-04-16T06:20:29Z,1804112026-04-15,18041,2026-04-15,SCHEDULED,4680,78.0
2026-04-16T06:20:29Z,1805412026-04-15,18054,2026-04-15,SCHEDULED,900,15.0
2026-04-16T06:20:29Z,0309212026-04-15,03092,2026-04-15,SCHEDULED,180,3.0
2026-04-16T06:20:29Z,0309222026-04-15,03092,2026-04-15,SCHEDULED,180,3.0
2026-04-16T06:20:29Z,0309232026-04-15,03092,2026-04-15,SCHEDULED,180,3.0
2026-04-16T06:20:29Z,1807112026-04-15,18071,2026-04-15,SCHEDULED,120,2.0
2026-04-16T06:20:29Z,0306242026-04-15,03062,2026-04-15,SCHEDULED,600,10.0
2026-04-16T06:20:29Z,0306232026-04-15,03062,2026-04-15,SCHEDULED,600,10.0
2026-04-16T06:20:29Z,0306212026-04-15,03062,2026-04-15,SCHEDULED,600,10.0
2026-04-16T06:20:29Z,0306222026-04-15,03062,2026-04-15,SCHEDULED,600,10.0
2026-04-16T06:20:29Z,1807422026-04-15,18074,2026-04-15,SCHEDULED,-120,-2.0
2026-04-16T06:20:29Z,1807412026-04-15,18074,2026-04-15,SCHEDULED,-120,-2.0
2026-04-16T06:20:29Z,0366222026-04-15,03662,2026-04-15,SCHEDULED,300,5.0
2026-04-16T06:20:29Z,0366212026-04-15,03662,2026-04-15,SCHEDULED,300,5.0
2026-04-16T06:20:29Z,1800212026-04-15,18002,2026-04-15,SCHEDULED,600,10.0
2026-04-16T06:20:29Z,1800222026-04-15,18002,2026-04-15,SCHEDULED,600,10.0
2026-04-16T06:20:29Z,1800242026-04-15,18002,2026-04-15,SCHEDULED,600,10.0
2026-04-16T06:20:29Z,0327212026-04-15,03272,2026-04-15,SCHEDULED,120,2.0
2026-04-16T06:20:29Z,0327222026-04-15,03272,2026-04-15,SCHEDULED,120,2.0
2026-04-16T06:20:29Z,0327232026-04-15,03272,2026-04-15,SCHEDULED,120,2.0
2026-04-16T06:20:29Z,1806612026-04-15,18066,2026-04-15,SCHEDULED,300,5.0
2026-04-16T06:20:29Z,0405612026-04-16,04056,2026-04-16,SCHEDULED,360,6.0
2026-04-16T06:20:29Z,1812112026-04-15,18121,2026-04-15,SCHEDULED,120,2.0
2026-04-16T06:20:29Z,1830012026-04-15,18300,2026-04-15,SCHEDULED,120,2.0
2026-04-16T06:20:29Z,0426112026-04-16,04261,2026-04-16,SCHEDULED,60,1.0
2026-04-16T06:20:29Z,1832122026-04-15,18321,2026-04-15,SCHEDULED,-60,-1.0
2026-04-16T06:20:29Z,1832112026-04-15,18321,2026-04-15,SCHEDULED,-60,-1.0
2026-04-16T06:20:29Z,0418642026-04-16,04186,2026-04-16,SCHEDULED,-180,-3.0
2026-04-16T06:20:29Z,0418632026-04-16,04186,2026-04-16,SCHEDULED,-180,-3.0
2026-04-16T06:20:29Z,0418612026-04-16,04186,2026-04-16,SCHEDULED,-180,-3.0
2026-04-16T06:20:29Z,0418622026-04-16,04186,2026-04-16,SCHEDULED,-180,-3.0
2026-04-16T06:20:29Z,1801012026-04-15,18010,2026-04-15,SCHEDULED,540,9.0
2026-04-16T06:20:29Z,1801022026-04-15,18010,2026-04-15,SCHEDULED,540,9.0
2026-04-16T06:20:29Z,1801032026-04-15,18010,2026-04-15,SCHEDULED,540,9.0
2026-04-16T06:20:29Z,0408712026-04-16,04087,2026-04-16,SCHEDULED,1740,29.0
2026-04-16T06:20:29Z,1890112026-04-15,18901,2026-04-15,SCHEDULED,240,4.0
2026-04-16T06:20:29Z,1890012026-04-15,18900,2026-04-15,SCHEDULED,240,4.0
2026-04-16T06:20:29Z,7185112026-04-15,71851,2026-04-15,CANCELED,,
2026-04-16T06:20:29Z,1296312026-04-15,12963,2026-04-15,CANCELED,,
2026-04-16T06:20:29Z,1296212026-04-15,12962,2026-04-15,CANCELED,,
2026-04-16T06:20:29Z,7183112026-04-15,71831,2026-04-15,CANCELED,,
2026-04-16T06:25:25Z,0407312026-04-16,04073,2026-04-16,SCHEDULED,780,13.0
2026-04-16T06:25:25Z,0408812026-04-16,04088,2026-04-16,SCHEDULED,300,5.0
2026-04-16T06:25:25Z,0408822026-04-16,04088,2026-04-16,SCHEDULED,300,5.0
2026-04-16T06:25:25Z,0408832026-04-16,04088,2026-04-16,SCHEDULED,300,5.0
2026-04-16T06:25:25Z,0407222026-04-16,04072,2026-04-16,SCHEDULED,180,3.0
2026-04-16T06:25:25Z,0407212026-04-16,04072,2026-04-16,SCHEDULED,180,3.0
2026-04-16T06:25:25Z,0062122026-04-16,00621,2026-04-16,SCHEDULED,360,6.0
2026-04-16T06:25:25Z,0062132026-04-16,00621,2026-04-16,SCHEDULED,360,6.0
2026-04-16T06:25:25Z,0062152026-04-16,00621,2026-04-16,SCHEDULED,360,6.0
2026-04-16T06:25:25Z,0062112026-04-16,00621,2026-04-16,SCHEDULED,360,6.0
2026-04-16T06:25:25Z,0062142026-04-16,00621,2026-04-16,SCHEDULED,360,6.0
2026-04-16T06:25:25Z,0063142026-04-16,00631,2026-04-16,SCHEDULED,300,5.0
2026-04-16T06:25:25Z,0063132026-04-16,00631,2026-04-16,SCHEDULED,300,5.0
2026-04-16T06:25:25Z,0063112026-04-16,00631,2026-04-16,SCHEDULED,300,5.0
2026-04-16T06:25:25Z,0063122026-04-16,00631,2026-04-16,SCHEDULED,300,5.0
2026-04-16T06:25:25Z,0415422026-04-15,04154,2026-04-15,SCHEDULED,1140,19.0
2026-04-16T06:25:25Z,0415412026-04-15,04154,2026-04-15,SCHEDULED,1140,19.0
2026-04-16T06:25:25Z,0446412026-04-15,04464,2026-04-15,SCHEDULED,420,7.0
2026-04-16T06:25:25Z,0069712026-04-16,00697,2026-04-16,SCHEDULED,-120,-2.0
2026-04-16T06:25:25Z,0436422026-04-15,04364,2026-04-15,SCHEDULED,180,3.0
2026-04-16T06:25:25Z,0436412026-04-15,04364,2026-04-15,SCHEDULED,180,3.0
2026-04-16T06:25:25Z,0506312026-04-15,05063,2026-04-15,SCHEDULED,420,7.0
2026-04-16T06:25:25Z,1210112026-04-15,12101,2026-04-15,SCHEDULED,180,3.0
2026-04-16T06:25:25Z,1210122026-04-15,12101,2026-04-15,SCHEDULED,180,3.0
2026-04-16T06:25:25Z,1210142026-04-15,12101,2026-04-15,SCHEDULED,180,3.0
2026-04-16T06:25:25Z,1261312026-04-15,12613,2026-04-15,SCHEDULED,540,9.0
2026-04-16T06:25:25Z,0506422026-04-15,05064,2026-04-15,SCHEDULED,600,10.0
2026-04-16T06:25:25Z,0506412026-04-15,05064,2026-04-15,SCHEDULED,600,10.0
2026-04-16T06:25:25Z,1261112026-04-15,12611,2026-04-15,SCHEDULED,720,12.0
2026-04-16T06:25:25Z,1264112026-04-15,12641,2026-04-15,SCHEDULED,-60,-1.0
2026-04-16T06:25:25Z,0506522026-04-15,05065,2026-04-15,SCHEDULED,180,3.0
2026-04-16T06:25:25Z,0506512026-04-15,05065,2026-04-15,SCHEDULED,180,3.0
2026-04-16T06:25:25Z,1264412026-04-15,12644,2026-04-15,SCHEDULED,180,3.0
2026-04-16T06:25:25Z,0507012026-04-15,05070,2026-04-15,SCHEDULED,180,3.0
2026-04-16T06:25:25Z,1300212026-04-15,13002,2026-04-15,SCHEDULED,540,9.0
2026-04-16T06:25:25Z,0507112026-04-15,05071,2026-04-15,SCHEDULED,-180,-3.0
2026-04-16T06:25:25Z,0507122026-04-15,05071,2026-04-15,SCHEDULED,-180,-3.0
2026-04-16T06:25:25Z,0507132026-04-15,05071,2026-04-15,SCHEDULED,-180,-3.0
2026-04-16T06:25:25Z,0507212026-04-15,05072,2026-04-15,SCHEDULED,360,6.0
2026-04-16T06:25:25Z,1300322026-04-15,13003,2026-04-15,SCHEDULED,180,3.0
2026-04-16T06:25:25Z,1300312026-04-15,13003,2026-04-15,SCHEDULED,180,3.0
2026-04-16T06:25:25Z,1302032026-04-15,13020,2026-04-15,SCHEDULED,180,3.0
2026-04-16T06:25:25Z,1302012026-04-15,13020,2026-04-15,SCHEDULED,180,3.0
2026-04-16T06:25:25Z,0509212026-04-15,05092,2026-04-15,SCHEDULED,240,4.0
2026-04-16T06:25:25Z,0509222026-04-15,05092,2026-04-15,SCHEDULED,240,4.0
2026-04-16T06:25:25Z,0509232026-04-15,05092,2026-04-15,SCHEDULED,240,4.0
2026-04-16T06:25:25Z,1300112026-04-15,13001,2026-04-15,SCHEDULED,720,12.0
2026-04-16T06:25:25Z,0527322026-04-15,05273,2026-04-15,SCHEDULED,300,5.0
2026-04-16T06:25:25Z,0527312026-04-15,05273,2026-04-15,SCHEDULED,300,5.0
2026-04-16T06:25:25Z,1390012026-04-15,13900,2026-04-15,SCHEDULED,1020,17.0
2026-04-16T06:25:25Z,1390112026-04-15,13901,2026-04-15,SCHEDULED,300,5.0
2026-04-16T06:25:25Z,0508042026-04-15,05080,2026-04-15,SCHEDULED,60,1.0
2026-04-16T06:25:25Z,0508032026-04-15,05080,2026-04-15,SCHEDULED,60,1.0
2026-04-16T06:25:25Z,0508012026-04-15,05080,2026-04-15,SCHEDULED,60,1.0
2026-04-16T06:25:25Z,0508022026-04-15,05080,2026-04-15,SCHEDULED,60,1.0
2026-04-16T06:25:25Z,0566812026-04-15,05668,2026-04-15,SCHEDULED,720,12.0
2026-04-16T06:25:25Z,0576312026-04-15,05763,2026-04-15,SCHEDULED,-180,-3.0
2026-04-16T06:25:25Z,0576322026-04-15,05763,2026-04-15,SCHEDULED,-180,-3.0
2026-04-16T06:25:25Z,0576332026-04-15,05763,2026-04-15,SCHEDULED,-180,-3.0
2026-04-16T06:25:25Z,0587112026-04-15,05871,2026-04-15,SCHEDULED,60,1.0
2026-04-16T06:25:25Z,1412362026-04-15,14123,2026-04-15,SCHEDULED,360,6.0
2026-04-16T06:25:25Z,1412342026-04-15,14123,2026-04-15,SCHEDULED,360,6.0
2026-04-16T06:25:25Z,1412352026-04-15,14123,2026-04-15,SCHEDULED,360,6.0
2026-04-16T06:25:25Z,1412312026-04-15,14123,2026-04-15,SCHEDULED,360,6.0
2026-04-16T06:25:25Z,1412332026-04-15,14123,2026-04-15,SCHEDULED,360,6.0
2026-04-16T06:25:25Z,1412322026-04-15,14123,2026-04-15,SCHEDULED,360,6.0
2026-04-16T06:25:25Z,0807212026-04-15,08072,2026-04-15,SCHEDULED,960,16.0
2026-04-16T06:25:25Z,1451012026-04-15,14510,2026-04-15,SCHEDULED,540,9.0
2026-04-16T06:25:25Z,0807812026-04-15,08078,2026-04-15,SCHEDULED,360,6.0
2026-04-16T06:25:25Z,0807912026-04-15,08079,2026-04-15,SCHEDULED,840,14.0
2026-04-16T06:25:25Z,0808012026-04-15,08080,2026-04-15,SCHEDULED,240,4.0
2026-04-16T06:25:25Z,1503022026-04-15,15030,2026-04-15,SCHEDULED,180,3.0
2026-04-16T06:25:25Z,1503012026-04-15,15030,2026-04-15,SCHEDULED,180,3.0
2026-04-16T06:25:25Z,0808112026-04-15,08081,2026-04-15,SCHEDULED,660,11.0
2026-04-16T06:25:25Z,0808212026-04-15,08082,2026-04-15,SCHEDULED,180,3.0
2026-04-16T06:25:25Z,0808512026-04-15,08085,2026-04-15,SCHEDULED,120,2.0
2026-04-16T06:25:25Z,1530912026-04-15,15309,2026-04-15,SCHEDULED,360,6.0
2026-04-16T06:25:25Z,1563222026-04-15,15632,2026-04-15,SCHEDULED,480,8.0
2026-04-16T06:25:25Z,1563212026-04-15,15632,2026-04-15,SCHEDULED,480,8.0
2026-04-16T06:25:25Z,0827112026-04-15,08271,2026-04-15,SCHEDULED,540,9.0
2026-04-16T06:25:25Z,1562122026-04-15,15621,2026-04-15,SCHEDULED,120,2.0
2026-04-16T06:25:25Z,1562112026-04-15,15621,2026-04-15,SCHEDULED,120,2.0
2026-04-16T06:25:25Z,0827512026-04-15,08275,2026-04-15,SCHEDULED,60,1.0
2026-04-16T06:25:25Z,0827812026-04-15,08278,2026-04-15,SCHEDULED,60,1.0
2026-04-16T06:25:25Z,1572212026-04-15,15722,2026-04-15,SCHEDULED,1680,28.0
2026-04-16T06:25:25Z,0828312026-04-15,08283,2026-04-15,SCHEDULED,1500,25.0
2026-04-16T06:25:25Z,1575312026-04-15,15753,2026-04-15,SCHEDULED,-120,-2.0
2026-04-16T06:25:25Z,0828712026-04-15,08287,2026-04-15,SCHEDULED,180,3.0
2026-04-16T06:25:25Z,1577412026-04-15,15774,2026-04-15,SCHEDULED,240,4.0
2026-04-16T06:25:25Z,0847512026-04-15,08475,2026-04-15,SCHEDULED,420,7.0
2026-04-16T06:25:25Z,1577812026-04-15,15778,2026-04-15,SCHEDULED,300,5.0
2026-04-16T06:25:25Z,0866412026-04-16,08664,2026-04-16,SCHEDULED,240,4.0
2026-04-16T06:25:25Z,1580212026-04-15,15802,2026-04-15,SCHEDULED,300,5.0
2026-04-16T06:25:25Z,0907112026-04-15,09071,2026-04-15,SCHEDULED,120,2.0
2026-04-16T06:25:25Z,1585012026-04-15,15850,2026-04-15,SCHEDULED,360,6.0
2026-04-16T06:25:25Z,0907222026-04-15,09072,2026-04-15,SCHEDULED,420,7.0
2026-04-16T06:25:25Z,0907212026-04-15,09072,2026-04-15,SCHEDULED,420,7.0
2026-04-16T06:25:25Z,0907312026-04-15,09073,2026-04-15,SCHEDULED,120,2.0
2026-04-16T06:25:25Z,1590012026-04-15,15900,2026-04-15,SCHEDULED,720,12.0
2026-04-16T06:25:25Z,0908212026-04-15,09082,2026-04-15,SCHEDULED,60,1.0
2026-04-16T06:25:25Z,1590412026-04-15,15904,2026-04-15,SCHEDULED,360,6.0
2026-04-16T06:25:25Z,0908312026-04-15,09083,2026-04-15,SCHEDULED,120,2.0
2026-04-16T06:25:25Z,1620712026-04-15,16207,2026-04-15,SCHEDULED,300,5.0
2026-04-16T06:25:25Z,1607112026-04-15,16071,2026-04-15,SCHEDULED,60,1.0
2026-04-16T06:25:25Z,1700812026-04-15,17008,2026-04-15,SCHEDULED,1080,18.0
2026-04-16T06:25:25Z,0948012026-04-15,09480,2026-04-15,SCHEDULED,-180,-3.0
2026-04-16T06:25:25Z,1702112026-04-15,17021,2026-04-15,SCHEDULED,420,7.0
2026-04-16T06:25:25Z,0973722026-04-15,09737,2026-04-15,SCHEDULED,180,3.0
2026-04-16T06:25:25Z,0973712026-04-15,09737,2026-04-15,SCHEDULED,180,3.0
2026-04-16T06:25:25Z,1505012026-04-15,15050,2026-04-15,SCHEDULED,1740,29.0
2026-04-16T06:25:25Z,1600012026-04-15,16000,2026-04-15,SCHEDULED,60,1.0
2026-04-16T06:25:25Z,0029122026-04-16,00291,2026-04-16,SCHEDULED,660,11.0
2026-04-16T06:25:25Z,0029112026-04-16,00291,2026-04-16,SCHEDULED,660,11.0
2026-04-16T06:25:25Z,1401812026-04-15,14018,2026-04-15,SCHEDULED,660,11.0
2026-04-16T06:25:25Z,1402012026-04-15,14020,2026-04-15,SCHEDULED,240,4.0
2026-04-16T06:25:25Z,0029322026-04-16,00293,2026-04-16,SCHEDULED,120,2.0
2026-04-16T06:25:25Z,0029312026-04-16,00293,2026-04-16,SCHEDULED,120,2.0
2026-04-16T06:25:25Z,0053322026-04-16,00533,2026-04-16,SCHEDULED,300,5.0
2026-04-16T06:25:25Z,0053312026-04-16,00533,2026-04-16,SCHEDULED,300,5.0
2026-04-16T06:25:25Z,0060112026-04-16,00601,2026-04-16,SCHEDULED,120,2.0
2026-04-16T06:25:25Z,3560452026-04-15,35604,2026-04-15,SCHEDULED,420,7.0
2026-04-16T06:25:25Z,3560442026-04-15,35604,2026-04-15,SCHEDULED,420,7.0
2026-04-16T06:25:25Z,3560412026-04-15,35604,2026-04-15,SCHEDULED,420,7.0
2026-04-16T06:25:25Z,3560422026-04-15,35604,2026-04-15,SCHEDULED,420,7.0
2026-04-16T06:25:25Z,1443212026-04-15,14432,2026-04-15,SCHEDULED,600,10.0
2026-04-16T06:25:25Z,0027622026-04-16,00276,2026-04-16,SCHEDULED,-60,-1.0
2026-04-16T06:25:25Z,0027612026-04-16,00276,2026-04-16,SCHEDULED,-60,-1.0
2026-04-16T06:25:25Z,1443522026-04-15,14435,2026-04-15,SCHEDULED,540,9.0
2026-04-16T06:25:25Z,1443512026-04-15,14435,2026-04-15,SCHEDULED,540,9.0
2026-04-16T06:25:25Z,0075222026-04-16,00752,2026-04-16,SCHEDULED,1980,33.0
2026-04-16T06:25:25Z,0075212026-04-16,00752,2026-04-16,SCHEDULED,1980,33.0
2026-04-16T06:25:25Z,1248012026-04-15,12480,2026-04-15,SCHEDULED,120,2.0
2026-04-16T06:25:25Z,0107212026-04-16,01072,2026-04-16,SCHEDULED,960,16.0
2026-04-16T06:25:25Z,1877332026-04-15,18773,2026-04-15,SCHEDULED,420,7.0
2026-04-16T06:25:25Z,1877312026-04-15,18773,2026-04-15,SCHEDULED,420,7.0
2026-04-16T06:25:25Z,0108122026-04-15,01081,2026-04-15,SCHEDULED,60,1.0
2026-04-16T06:25:25Z,0108112026-04-15,01081,2026-04-15,SCHEDULED,60,1.0
2026-04-16T06:25:25Z,1833122026-04-15,18331,2026-04-15,SCHEDULED,120,2.0
2026-04-16T06:25:25Z,1833112026-04-15,18331,2026-04-15,SCHEDULED,120,2.0
2026-04-16T06:25:25Z,0109212026-04-15,01092,2026-04-15,SCHEDULED,300,5.0
2026-04-16T06:25:25Z,0206112026-04-15,02061,2026-04-15,SCHEDULED,240,4.0
2026-04-16T06:25:25Z,0206712026-04-15,02067,2026-04-15,SCHEDULED,420,7.0
2026-04-16T06:25:25Z,7182012026-04-15,71820,2026-04-15,SCHEDULED,-60,-1.0
2026-04-16T06:25:25Z,0207012026-04-15,02070,2026-04-15,SCHEDULED,300,5.0
2026-04-16T06:25:25Z,7183112026-04-15,71831,2026-04-15,SCHEDULED,120,2.0
2026-04-16T06:25:25Z,0207112026-04-15,02071,2026-04-15,SCHEDULED,420,7.0
2026-04-16T06:25:25Z,0207412026-04-16,02074,2026-04-16,SCHEDULED,240,4.0
2026-04-16T06:25:25Z,0207512026-04-16,02075,2026-04-16,SCHEDULED,1020,17.0
2026-04-16T06:25:25Z,0207612026-04-15,02076,2026-04-15,SCHEDULED,60,1.0
2026-04-16T06:25:25Z,1580822026-04-15,15808,2026-04-15,SCHEDULED,300,5.0
2026-04-16T06:25:25Z,1580812026-04-15,15808,2026-04-15,SCHEDULED,300,5.0
2026-04-16T06:25:25Z,0208012026-04-15,02080,2026-04-15,SCHEDULED,360,6.0
2026-04-16T06:25:25Z,1704212026-04-15,17042,2026-04-15,SCHEDULED,60,1.0
2026-04-16T06:25:25Z,0226112026-04-15,02261,2026-04-15,SCHEDULED,600,10.0
2026-04-16T06:25:25Z,1720112026-04-15,17201,2026-04-15,SCHEDULED,480,8.0
2026-04-16T06:25:25Z,0228512026-04-16,02285,2026-04-16,SCHEDULED,180,3.0
2026-04-16T06:25:25Z,0305212026-04-15,03052,2026-04-15,SCHEDULED,240,4.0
2026-04-16T06:25:25Z,1750312026-04-15,17503,2026-04-15,SCHEDULED,120,2.0
2026-04-16T06:25:25Z,1780612026-04-15,17806,2026-04-15,SCHEDULED,-60,-1.0
2026-04-16T06:25:25Z,0306012026-04-15,03060,2026-04-15,SCHEDULED,180,3.0
2026-04-16T06:25:25Z,1800112026-04-15,18001,2026-04-15,SCHEDULED,180,3.0
2026-04-16T06:25:25Z,1803112026-04-15,18031,2026-04-15,SCHEDULED,300,5.0
2026-04-16T06:25:25Z,1804112026-04-15,18041,2026-04-15,SCHEDULED,4680,78.0
2026-04-16T06:25:25Z,0330142026-04-15,03301,2026-04-15,SCHEDULED,420,7.0
2026-04-16T06:25:25Z,0330132026-04-15,03301,2026-04-15,SCHEDULED,420,7.0
2026-04-16T06:25:25Z,0330112026-04-15,03301,2026-04-15,SCHEDULED,420,7.0
2026-04-16T06:25:25Z,0330122026-04-15,03301,2026-04-15,SCHEDULED,420,7.0
2026-04-16T06:25:25Z,1805412026-04-15,18054,2026-04-15,SCHEDULED,960,16.0
2026-04-16T06:25:25Z,1807112026-04-15,18071,2026-04-15,SCHEDULED,60,1.0
2026-04-16T06:25:25Z,1807212026-04-15,18072,2026-04-15,SCHEDULED,-60,-1.0
2026-04-16T06:25:25Z,0306242026-04-15,03062,2026-04-15,SCHEDULED,300,5.0
2026-04-16T06:25:25Z,0306232026-04-15,03062,2026-04-15,SCHEDULED,300,5.0
2026-04-16T06:25:25Z,0306212026-04-15,03062,2026-04-15,SCHEDULED,300,5.0
2026-04-16T06:25:25Z,0306222026-04-15,03062,2026-04-15,SCHEDULED,300,5.0
2026-04-16T06:25:25Z,1807422026-04-15,18074,2026-04-15,SCHEDULED,-60,-1.0
2026-04-16T06:25:25Z,1807412026-04-15,18074,2026-04-15,SCHEDULED,-60,-1.0
2026-04-16T06:25:25Z,1800212026-04-15,18002,2026-04-15,SCHEDULED,600,10.0
2026-04-16T06:25:25Z,1800222026-04-15,18002,2026-04-15,SCHEDULED,600,10.0
2026-04-16T06:25:25Z,1800242026-04-15,18002,2026-04-15,SCHEDULED,600,10.0
2026-04-16T06:25:25Z,1806612026-04-15,18066,2026-04-15,SCHEDULED,300,5.0
2026-04-16T06:25:25Z,0306312026-04-15,03063,2026-04-15,SCHEDULED,180,3.0
2026-04-16T06:25:25Z,0306322026-04-15,03063,2026-04-15,SCHEDULED,180,3.0
2026-04-16T06:25:25Z,0306332026-04-15,03063,2026-04-15,SCHEDULED,180,3.0
2026-04-16T06:25:25Z,0307012026-04-15,03070,2026-04-15,SCHEDULED,60,1.0
2026-04-16T06:25:25Z,1812112026-04-15,18121,2026-04-15,SCHEDULED,60,1.0
2026-04-16T06:25:25Z,0307112026-04-15,03071,2026-04-15,SCHEDULED,240,4.0
2026-04-16T06:25:25Z,1830012026-04-15,18300,2026-04-15,SCHEDULED,240,4.0
2026-04-16T06:25:25Z,0307322026-04-15,03073,2026-04-15,SCHEDULED,120,2.0
2026-04-16T06:25:25Z,0307312026-04-15,03073,2026-04-15,SCHEDULED,120,2.0
2026-04-16T06:25:25Z,1832122026-04-15,18321,2026-04-15,SCHEDULED,-60,-1.0
2026-04-16T06:25:25Z,1832112026-04-15,18321,2026-04-15,SCHEDULED,-60,-1.0
2026-04-16T06:25:25Z,0308112026-04-15,03081,2026-04-15,SCHEDULED,-60,-1.0
2026-04-16T06:25:25Z,0308212026-04-15,03082,2026-04-15,SCHEDULED,120,2.0
2026-04-16T06:25:25Z,1801012026-04-15,18010,2026-04-15,SCHEDULED,540,9.0
2026-04-16T06:25:25Z,1801022026-04-15,18010,2026-04-15,SCHEDULED,540,9.0
2026-04-16T06:25:25Z,1801032026-04-15,18010,2026-04-15,SCHEDULED,540,9.0
2026-04-16T06:25:25Z,1890112026-04-15,18901,2026-04-15,SCHEDULED,240,4.0
2026-04-16T06:25:25Z,0309212026-04-15,03092,2026-04-15,SCHEDULED,180,3.0
2026-04-16T06:25:25Z,0309222026-04-15,03092,2026-04-15,SCHEDULED,180,3.0
2026-04-16T06:25:25Z,0309232026-04-15,03092,2026-04-15,SCHEDULED,180,3.0
2026-04-16T06:25:25Z,1890012026-04-15,18900,2026-04-15,SCHEDULED,300,5.0
2026-04-16T06:25:25Z,1891012026-04-15,18910,2026-04-15,SCHEDULED,360,6.0
2026-04-16T06:25:25Z,0306242026-04-15,03062,2026-04-15,SCHEDULED,420,7.0
2026-04-16T06:25:25Z,0306232026-04-15,03062,2026-04-15,SCHEDULED,420,7.0
2026-04-16T06:25:25Z,0306212026-04-15,03062,2026-04-15,SCHEDULED,420,7.0
2026-04-16T06:25:25Z,0306222026-04-15,03062,2026-04-15,SCHEDULED,420,7.0
2026-04-16T06:25:25Z,0366222026-04-15,03662,2026-04-15,SCHEDULED,300,5.0
2026-04-16T06:25:25Z,0366212026-04-15,03662,2026-04-15,SCHEDULED,300,5.0
2026-04-16T06:25:25Z,0327212026-04-15,03272,2026-04-15,SCHEDULED,180,3.0
2026-04-16T06:25:25Z,0327222026-04-15,03272,2026-04-15,SCHEDULED,180,3.0
2026-04-16T06:25:25Z,0327232026-04-15,03272,2026-04-15,SCHEDULED,180,3.0
2026-04-16T06:25:25Z,0405612026-04-16,04056,2026-04-16,SCHEDULED,540,9.0
2026-04-16T06:25:25Z,0406012026-04-15,04060,2026-04-15,SCHEDULED,-60,-1.0
2026-04-16T06:25:25Z,0426112026-04-16,04261,2026-04-16,SCHEDULED,60,1.0
2026-04-16T06:25:25Z,0418642026-04-16,04186,2026-04-16,SCHEDULED,-180,-3.0
2026-04-16T06:25:25Z,0418632026-04-16,04186,2026-04-16,SCHEDULED,-180,-3.0
2026-04-16T06:25:25Z,0418612026-04-16,04186,2026-04-16,SCHEDULED,-180,-3.0
2026-04-16T06:25:25Z,0418622026-04-16,04186,2026-04-16,SCHEDULED,-180,-3.0
2026-04-16T06:25:25Z,0408712026-04-16,04087,2026-04-16,SCHEDULED,1680,28.0
2026-04-16T06:25:25Z,1296312026-04-15,12963,2026-04-15,CANCELED,,
2026-04-16T06:25:25Z,7185112026-04-15,71851,2026-04-15,CANCELED,,
2026-04-16T06:25:25Z,7183112026-04-15,71831,2026-04-15,CANCELED,,
2026-04-16T06:25:25Z,1296212026-04-15,12962,2026-04-15,CANCELED,,
2026-04-16T06:30:36Z,0948012026-04-15,09480,2026-04-15,SCHEDULED,-180,-3.0
2026-04-16T06:30:36Z,0408612026-04-16,04086,2026-04-16,SCHEDULED,120,2.0
2026-04-16T06:30:36Z,0408622026-04-16,04086,2026-04-16,SCHEDULED,120,2.0
2026-04-16T06:30:36Z,0408632026-04-16,04086,2026-04-16,SCHEDULED,120,2.0
2026-04-16T06:30:36Z,0408812026-04-16,04088,2026-04-16,SCHEDULED,300,5.0
2026-04-16T06:30:36Z,0408822026-04-16,04088,2026-04-16,SCHEDULED,300,5.0
2026-04-16T06:30:36Z,0408832026-04-16,04088,2026-04-16,SCHEDULED,300,5.0
2026-04-16T06:30:36Z,0973722026-04-15,09737,2026-04-15,SCHEDULED,180,3.0
2026-04-16T06:30:36Z,0973712026-04-15,09737,2026-04-15,SCHEDULED,180,3.0
2026-04-16T06:30:36Z,0407312026-04-16,04073,2026-04-16,SCHEDULED,840,14.0
2026-04-16T06:30:36Z,0407222026-04-16,04072,2026-04-16,SCHEDULED,240,4.0
2026-04-16T06:30:36Z,0407212026-04-16,04072,2026-04-16,SCHEDULED,240,4.0
2026-04-16T06:30:36Z,0062122026-04-16,00621,2026-04-16,SCHEDULED,360,6.0
2026-04-16T06:30:36Z,0062132026-04-16,00621,2026-04-16,SCHEDULED,360,6.0
2026-04-16T06:30:36Z,0062152026-04-16,00621,2026-04-16,SCHEDULED,360,6.0
2026-04-16T06:30:36Z,0062112026-04-16,00621,2026-04-16,SCHEDULED,360,6.0
2026-04-16T06:30:36Z,0062142026-04-16,00621,2026-04-16,SCHEDULED,360,6.0
2026-04-16T06:30:36Z,0415422026-04-15,04154,2026-04-15,SCHEDULED,1140,19.0
2026-04-16T06:30:36Z,0415412026-04-15,04154,2026-04-15,SCHEDULED,1140,19.0
2026-04-16T06:30:36Z,0446412026-04-15,04464,2026-04-15,SCHEDULED,420,7.0
2026-04-16T06:30:36Z,0063142026-04-16,00631,2026-04-16,SCHEDULED,360,6.0
2026-04-16T06:30:36Z,0063132026-04-16,00631,2026-04-16,SCHEDULED,360,6.0
2026-04-16T06:30:36Z,0063112026-04-16,00631,2026-04-16,SCHEDULED,360,6.0
2026-04-16T06:30:36Z,0063122026-04-16,00631,2026-04-16,SCHEDULED,360,6.0
2026-04-16T06:30:36Z,0069712026-04-16,00697,2026-04-16,SCHEDULED,-240,-4.0
2026-04-16T06:30:36Z,0436422026-04-15,04364,2026-04-15,SCHEDULED,180,3.0
2026-04-16T06:30:36Z,0436412026-04-15,04364,2026-04-15,SCHEDULED,180,3.0
2026-04-16T06:30:36Z,0506422026-04-15,05064,2026-04-15,SCHEDULED,600,10.0
2026-04-16T06:30:36Z,0506412026-04-15,05064,2026-04-15,SCHEDULED,600,10.0
2026-04-16T06:30:36Z,1210112026-04-15,12101,2026-04-15,SCHEDULED,180,3.0
2026-04-16T06:30:36Z,1210122026-04-15,12101,2026-04-15,SCHEDULED,180,3.0
2026-04-16T06:30:36Z,1210142026-04-15,12101,2026-04-15,SCHEDULED,180,3.0
2026-04-16T06:30:36Z,1261312026-04-15,12613,2026-04-15,SCHEDULED,540,9.0
2026-04-16T06:30:36Z,0506522026-04-15,05065,2026-04-15,SCHEDULED,360,6.0
2026-04-16T06:30:36Z,0506512026-04-15,05065,2026-04-15,SCHEDULED,360,6.0
2026-04-16T06:30:36Z,1261112026-04-15,12611,2026-04-15,SCHEDULED,780,13.0
2026-04-16T06:30:36Z,0507012026-04-15,05070,2026-04-15,SCHEDULED,300,5.0
2026-04-16T06:30:36Z,1264412026-04-15,12644,2026-04-15,SCHEDULED,240,4.0
2026-04-16T06:30:36Z,0507112026-04-15,05071,2026-04-15,SCHEDULED,-240,-4.0
2026-04-16T06:30:36Z,0507122026-04-15,05071,2026-04-15,SCHEDULED,-240,-4.0
2026-04-16T06:30:36Z,0507132026-04-15,05071,2026-04-15,SCHEDULED,-240,-4.0
2026-04-16T06:30:36Z,1268012026-04-15,12680,2026-04-15,SCHEDULED,300,5.0
2026-04-16T06:30:36Z,0507212026-04-15,05072,2026-04-15,SCHEDULED,360,6.0
2026-04-16T06:30:36Z,1300212026-04-15,13002,2026-04-15,SCHEDULED,420,7.0
2026-04-16T06:30:36Z,1300322026-04-15,13003,2026-04-15,SCHEDULED,240,4.0
2026-04-16T06:30:36Z,1300312026-04-15,13003,2026-04-15,SCHEDULED,240,4.0
2026-04-16T06:30:36Z,0509212026-04-15,05092,2026-04-15,SCHEDULED,120,2.0
2026-04-16T06:30:36Z,0509222026-04-15,05092,2026-04-15,SCHEDULED,120,2.0
2026-04-16T06:30:36Z,0509232026-04-15,05092,2026-04-15,SCHEDULED,120,2.0
2026-04-16T06:30:36Z,1302032026-04-15,13020,2026-04-15,SCHEDULED,180,3.0
2026-04-16T06:30:36Z,1302012026-04-15,13020,2026-04-15,SCHEDULED,180,3.0
2026-04-16T06:30:36Z,1300112026-04-15,13001,2026-04-15,SCHEDULED,660,11.0
2026-04-16T06:30:36Z,1395112026-04-15,13951,2026-04-15,SCHEDULED,-60,-1.0
2026-04-16T06:30:36Z,0527322026-04-15,05273,2026-04-15,SCHEDULED,240,4.0
2026-04-16T06:30:36Z,0527312026-04-15,05273,2026-04-15,SCHEDULED,240,4.0
2026-04-16T06:30:36Z,1390012026-04-15,13900,2026-04-15,SCHEDULED,1020,17.0
2026-04-16T06:30:36Z,1390112026-04-15,13901,2026-04-15,SCHEDULED,300,5.0
2026-04-16T06:30:36Z,0508042026-04-15,05080,2026-04-15,SCHEDULED,60,1.0
2026-04-16T06:30:36Z,0508032026-04-15,05080,2026-04-15,SCHEDULED,60,1.0
2026-04-16T06:30:36Z,0508012026-04-15,05080,2026-04-15,SCHEDULED,60,1.0
2026-04-16T06:30:36Z,0508022026-04-15,05080,2026-04-15,SCHEDULED,60,1.0
2026-04-16T06:30:36Z,0566812026-04-15,05668,2026-04-15,SCHEDULED,720,12.0
2026-04-16T06:30:36Z,1412362026-04-15,14123,2026-04-15,SCHEDULED,420,7.0
2026-04-16T06:30:36Z,1412342026-04-15,14123,2026-04-15,SCHEDULED,420,7.0
2026-04-16T06:30:36Z,1412352026-04-15,14123,2026-04-15,SCHEDULED,420,7.0
2026-04-16T06:30:36Z,1412312026-04-15,14123,2026-04-15,SCHEDULED,420,7.0
2026-04-16T06:30:36Z,1412332026-04-15,14123,2026-04-15,SCHEDULED,420,7.0
2026-04-16T06:30:36Z,1412322026-04-15,14123,2026-04-15,SCHEDULED,420,7.0
2026-04-16T06:30:36Z,1451012026-04-15,14510,2026-04-15,SCHEDULED,720,12.0
2026-04-16T06:30:36Z,0587112026-04-15,05871,2026-04-15,SCHEDULED,60,1.0
2026-04-16T06:30:36Z,0807212026-04-15,08072,2026-04-15,SCHEDULED,900,15.0
2026-04-16T06:30:36Z,1504212026-04-15,15042,2026-04-15,SCHEDULED,120,2.0
2026-04-16T06:30:36Z,0807812026-04-15,08078,2026-04-15,SCHEDULED,360,6.0
2026-04-16T06:30:36Z,0807912026-04-15,08079,2026-04-15,SCHEDULED,840,14.0
2026-04-16T06:30:36Z,1530912026-04-15,15309,2026-04-15,SCHEDULED,480,8.0
2026-04-16T06:30:36Z,0808012026-04-15,08080,2026-04-15,SCHEDULED,480,8.0
2026-04-16T06:30:36Z,1563222026-04-15,15632,2026-04-15,SCHEDULED,480,8.0
2026-04-16T06:30:36Z,1563212026-04-15,15632,2026-04-15,SCHEDULED,480,8.0
2026-04-16T06:30:36Z,0808112026-04-15,08081,2026-04-15,SCHEDULED,660,11.0
2026-04-16T06:30:36Z,0808212026-04-15,08082,2026-04-15,SCHEDULED,180,3.0
2026-04-16T06:30:36Z,1562122026-04-15,15621,2026-04-15,SCHEDULED,120,2.0
2026-04-16T06:30:36Z,1562112026-04-15,15621,2026-04-15,SCHEDULED,120,2.0
2026-04-16T06:30:36Z,0808512026-04-15,08085,2026-04-15,SCHEDULED,-60,-1.0
2026-04-16T06:30:36Z,0808712026-04-15,08087,2026-04-15,SCHEDULED,-60,-1.0
2026-04-16T06:30:36Z,1572212026-04-15,15722,2026-04-15,SCHEDULED,1620,27.0
2026-04-16T06:30:36Z,1575312026-04-15,15753,2026-04-15,SCHEDULED,-120,-2.0
2026-04-16T06:30:36Z,0827112026-04-15,08271,2026-04-15,SCHEDULED,480,8.0
2026-04-16T06:30:36Z,1577412026-04-15,15774,2026-04-15,SCHEDULED,240,4.0
2026-04-16T06:30:36Z,0827512026-04-15,08275,2026-04-15,SCHEDULED,60,1.0
2026-04-16T06:30:36Z,1577812026-04-15,15778,2026-04-15,SCHEDULED,300,5.0
2026-04-16T06:30:36Z,0827812026-04-15,08278,2026-04-15,SCHEDULED,60,1.0
2026-04-16T06:30:36Z,1580212026-04-15,15802,2026-04-15,SCHEDULED,300,5.0
2026-04-16T06:30:36Z,0828312026-04-15,08283,2026-04-15,SCHEDULED,1500,25.0
2026-04-16T06:30:36Z,1585012026-04-15,15850,2026-04-15,SCHEDULED,420,7.0
2026-04-16T06:30:36Z,0828712026-04-15,08287,2026-04-15,SCHEDULED,120,2.0
2026-04-16T06:30:36Z,1585212026-04-15,15852,2026-04-15,SCHEDULED,60,1.0
2026-04-16T06:30:36Z,0847512026-04-15,08475,2026-04-15,SCHEDULED,420,7.0
2026-04-16T06:30:36Z,0866412026-04-16,08664,2026-04-16,SCHEDULED,240,4.0
2026-04-16T06:30:36Z,1590012026-04-15,15900,2026-04-15,SCHEDULED,600,10.0
2026-04-16T06:30:36Z,0907112026-04-15,09071,2026-04-15,SCHEDULED,120,2.0
2026-04-16T06:30:36Z,1590412026-04-15,15904,2026-04-15,SCHEDULED,360,6.0
2026-04-16T06:30:36Z,0907312026-04-15,09073,2026-04-15,SCHEDULED,120,2.0
2026-04-16T06:30:36Z,1607112026-04-15,16071,2026-04-15,SCHEDULED,120,2.0
2026-04-16T06:30:36Z,0908212026-04-15,09082,2026-04-15,SCHEDULED,60,1.0
2026-04-16T06:30:36Z,1700812026-04-15,17008,2026-04-15,SCHEDULED,1080,18.0
2026-04-16T06:30:36Z,0908312026-04-15,09083,2026-04-15,SCHEDULED,120,2.0
2026-04-16T06:30:36Z,1702112026-04-15,17021,2026-04-15,SCHEDULED,420,7.0
2026-04-16T06:30:36Z,1704212026-04-15,17042,2026-04-15,SCHEDULED,120,2.0
2026-04-16T06:30:36Z,1720112026-04-15,17201,2026-04-15,SCHEDULED,480,8.0
2026-04-16T06:30:36Z,0029122026-04-16,00291,2026-04-16,SCHEDULED,720,12.0
2026-04-16T06:30:36Z,0029112026-04-16,00291,2026-04-16,SCHEDULED,720,12.0
2026-04-16T06:30:36Z,0053322026-04-16,00533,2026-04-16,SCHEDULED,360,6.0
2026-04-16T06:30:36Z,0053312026-04-16,00533,2026-04-16,SCHEDULED,360,6.0
2026-04-16T06:30:36Z,0060112026-04-16,00601,2026-04-16,SCHEDULED,240,4.0
2026-04-16T06:30:36Z,0027622026-04-16,00276,2026-04-16,SCHEDULED,-120,-2.0
2026-04-16T06:30:36Z,0027612026-04-16,00276,2026-04-16,SCHEDULED,-120,-2.0
2026-04-16T06:30:36Z,1780612026-04-15,17806,2026-04-15,SCHEDULED,240,4.0
2026-04-16T06:30:36Z,1800112026-04-15,18001,2026-04-15,SCHEDULED,180,3.0
2026-04-16T06:30:36Z,0075222026-04-16,00752,2026-04-16,SCHEDULED,1980,33.0
2026-04-16T06:30:36Z,0075212026-04-16,00752,2026-04-16,SCHEDULED,1980,33.0
2026-04-16T06:30:36Z,1803112026-04-15,18031,2026-04-15,SCHEDULED,180,3.0
2026-04-16T06:30:36Z,0107112026-04-15,01071,2026-04-15,SCHEDULED,-180,-3.0
2026-04-16T06:30:36Z,1804112026-04-15,18041,2026-04-15,SCHEDULED,4680,78.0
2026-04-16T06:30:36Z,0107212026-04-16,01072,2026-04-16,SCHEDULED,960,16.0
2026-04-16T06:30:36Z,1805412026-04-15,18054,2026-04-15,SCHEDULED,960,16.0
2026-04-16T06:30:36Z,0108122026-04-15,01081,2026-04-15,SCHEDULED,120,2.0
2026-04-16T06:30:36Z,0108112026-04-15,01081,2026-04-15,SCHEDULED,120,2.0
2026-04-16T06:30:36Z,1807112026-04-15,18071,2026-04-15,SCHEDULED,60,1.0
2026-04-16T06:30:36Z,0109212026-04-15,01092,2026-04-15,SCHEDULED,360,6.0
2026-04-16T06:30:36Z,1807422026-04-15,18074,2026-04-15,SCHEDULED,-60,-1.0
2026-04-16T06:30:36Z,1807412026-04-15,18074,2026-04-15,SCHEDULED,-60,-1.0
2026-04-16T06:30:36Z,0206112026-04-15,02061,2026-04-15,SCHEDULED,-60,-1.0
2026-04-16T06:30:36Z,0206712026-04-15,02067,2026-04-15,SCHEDULED,300,5.0
2026-04-16T06:30:36Z,0207012026-04-15,02070,2026-04-15,SCHEDULED,240,4.0
2026-04-16T06:30:36Z,1800212026-04-15,18002,2026-04-15,SCHEDULED,600,10.0
2026-04-16T06:30:36Z,1800222026-04-15,18002,2026-04-15,SCHEDULED,600,10.0
2026-04-16T06:30:36Z,1800242026-04-15,18002,2026-04-15,SCHEDULED,600,10.0
2026-04-16T06:30:36Z,0207112026-04-15,02071,2026-04-15,SCHEDULED,420,7.0
2026-04-16T06:30:36Z,1806612026-04-15,18066,2026-04-15,SCHEDULED,300,5.0
2026-04-16T06:30:36Z,0207412026-04-16,02074,2026-04-16,SCHEDULED,180,3.0
2026-04-16T06:30:36Z,1812112026-04-15,18121,2026-04-15,SCHEDULED,-60,-1.0
2026-04-16T06:30:36Z,0207512026-04-16,02075,2026-04-16,SCHEDULED,840,14.0
2026-04-16T06:30:36Z,1830012026-04-15,18300,2026-04-15,SCHEDULED,300,5.0
2026-04-16T06:30:36Z,0207612026-04-15,02076,2026-04-15,SCHEDULED,180,3.0
2026-04-16T06:30:36Z,0208012026-04-15,02080,2026-04-15,SCHEDULED,300,5.0
2026-04-16T06:30:36Z,1832122026-04-15,18321,2026-04-15,SCHEDULED,-60,-1.0
2026-04-16T06:30:36Z,1832112026-04-15,18321,2026-04-15,SCHEDULED,-60,-1.0
2026-04-16T06:30:36Z,0226112026-04-15,02261,2026-04-15,SCHEDULED,600,10.0
2026-04-16T06:30:36Z,0228512026-04-16,02285,2026-04-16,SCHEDULED,180,3.0
2026-04-16T06:30:36Z,1801012026-04-15,18010,2026-04-15,SCHEDULED,720,12.0
2026-04-16T06:30:36Z,1801022026-04-15,18010,2026-04-15,SCHEDULED,720,12.0
2026-04-16T06:30:36Z,1801032026-04-15,18010,2026-04-15,SCHEDULED,720,12.0
2026-04-16T06:30:36Z,0305212026-04-15,03052,2026-04-15,SCHEDULED,240,4.0
2026-04-16T06:30:36Z,1890112026-04-15,18901,2026-04-15,SCHEDULED,420,7.0
2026-04-16T06:30:36Z,0306012026-04-15,03060,2026-04-15,SCHEDULED,180,3.0
2026-04-16T06:30:36Z,1890012026-04-15,18900,2026-04-15,SCHEDULED,300,5.0
2026-04-16T06:30:36Z,1891012026-04-15,18910,2026-04-15,SCHEDULED,360,6.0
2026-04-16T06:30:36Z,1505012026-04-15,15050,2026-04-15,SCHEDULED,1740,29.0
2026-04-16T06:30:36Z,0330142026-04-15,03301,2026-04-15,SCHEDULED,420,7.0
2026-04-16T06:30:36Z,0330132026-04-15,03301,2026-04-15,SCHEDULED,420,7.0
2026-04-16T06:30:36Z,0330112026-04-15,03301,2026-04-15,SCHEDULED,420,7.0
2026-04-16T06:30:36Z,0330122026-04-15,03301,2026-04-15,SCHEDULED,420,7.0
2026-04-16T06:30:36Z,1600012026-04-15,16000,2026-04-15,SCHEDULED,60,1.0
2026-04-16T06:30:36Z,1401812026-04-15,14018,2026-04-15,SCHEDULED,660,11.0
2026-04-16T06:30:36Z,0306242026-04-15,03062,2026-04-15,SCHEDULED,300,5.0
2026-04-16T06:30:36Z,0306232026-04-15,03062,2026-04-15,SCHEDULED,300,5.0
2026-04-16T06:30:36Z,0306212026-04-15,03062,2026-04-15,SCHEDULED,300,5.0
2026-04-16T06:30:36Z,0306222026-04-15,03062,2026-04-15,SCHEDULED,300,5.0
2026-04-16T06:30:36Z,1402012026-04-15,14020,2026-04-15,SCHEDULED,240,4.0
2026-04-16T06:30:36Z,0306312026-04-15,03063,2026-04-15,SCHEDULED,240,4.0
2026-04-16T06:30:36Z,0306322026-04-15,03063,2026-04-15,SCHEDULED,240,4.0
2026-04-16T06:30:36Z,0306332026-04-15,03063,2026-04-15,SCHEDULED,240,4.0
2026-04-16T06:30:36Z,0307012026-04-15,03070,2026-04-15,SCHEDULED,60,1.0
2026-04-16T06:30:36Z,3560452026-04-15,35604,2026-04-15,SCHEDULED,420,7.0
2026-04-16T06:30:36Z,3560442026-04-15,35604,2026-04-15,SCHEDULED,420,7.0
2026-04-16T06:30:36Z,3560412026-04-15,35604,2026-04-15,SCHEDULED,420,7.0
2026-04-16T06:30:36Z,3560422026-04-15,35604,2026-04-15,SCHEDULED,420,7.0
2026-04-16T06:30:36Z,1443212026-04-15,14432,2026-04-15,SCHEDULED,540,9.0
2026-04-16T06:30:36Z,0307112026-04-15,03071,2026-04-15,SCHEDULED,180,3.0
2026-04-16T06:30:36Z,1443522026-04-15,14435,2026-04-15,SCHEDULED,540,9.0
2026-04-16T06:30:36Z,1443512026-04-15,14435,2026-04-15,SCHEDULED,540,9.0
2026-04-16T06:30:36Z,0307322026-04-15,03073,2026-04-15,SCHEDULED,120,2.0
2026-04-16T06:30:36Z,0307312026-04-15,03073,2026-04-15,SCHEDULED,120,2.0
2026-04-16T06:30:36Z,1877332026-04-15,18773,2026-04-15,SCHEDULED,420,7.0
2026-04-16T06:30:36Z,1877312026-04-15,18773,2026-04-15,SCHEDULED,420,7.0
2026-04-16T06:30:36Z,0308112026-04-15,03081,2026-04-15,SCHEDULED,-60,-1.0
2026-04-16T06:30:36Z,1833122026-04-15,18331,2026-04-15,SCHEDULED,120,2.0
2026-04-16T06:30:36Z,1833112026-04-15,18331,2026-04-15,SCHEDULED,120,2.0
2026-04-16T06:30:36Z,0308212026-04-15,03082,2026-04-15,SCHEDULED,180,3.0
2026-04-16T06:30:36Z,0309212026-04-15,03092,2026-04-15,SCHEDULED,180,3.0
2026-04-16T06:30:36Z,0309222026-04-15,03092,2026-04-15,SCHEDULED,180,3.0
2026-04-16T06:30:36Z,0309232026-04-15,03092,2026-04-15,SCHEDULED,180,3.0
2026-04-16T06:30:36Z,7182012026-04-15,71820,2026-04-15,SCHEDULED,-120,-2.0
2026-04-16T06:30:36Z,7183012026-04-15,71830,2026-04-15,SCHEDULED,60,1.0
2026-04-16T06:30:36Z,0306242026-04-15,03062,2026-04-15,SCHEDULED,360,6.0
2026-04-16T06:30:36Z,0306232026-04-15,03062,2026-04-15,SCHEDULED,360,6.0
2026-04-16T06:30:36Z,0306212026-04-15,03062,2026-04-15,SCHEDULED,360,6.0
2026-04-16T06:30:36Z,0306222026-04-15,03062,2026-04-15,SCHEDULED,360,6.0
2026-04-16T06:30:36Z,7183112026-04-15,71831,2026-04-15,SCHEDULED,60,1.0
2026-04-16T06:30:36Z,0366222026-04-15,03662,2026-04-15,SCHEDULED,180,3.0
2026-04-16T06:30:36Z,0366212026-04-15,03662,2026-04-15,SCHEDULED,180,3.0
2026-04-16T06:30:36Z,0327212026-04-15,03272,2026-04-15,SCHEDULED,180,3.0
2026-04-16T06:30:36Z,0327222026-04-15,03272,2026-04-15,SCHEDULED,180,3.0
2026-04-16T06:30:36Z,0327232026-04-15,03272,2026-04-15,SCHEDULED,180,3.0
2026-04-16T06:30:36Z,1580822026-04-15,15808,2026-04-15,SCHEDULED,300,5.0
2026-04-16T06:30:36Z,1580812026-04-15,15808,2026-04-15,SCHEDULED,300,5.0
2026-04-16T06:30:36Z,0405612026-04-16,04056,2026-04-16,SCHEDULED,540,9.0
2026-04-16T06:30:36Z,0406012026-04-15,04060,2026-04-15,SCHEDULED,-60,-1.0
2026-04-16T06:30:36Z,0426112026-04-16,04261,2026-04-16,SCHEDULED,60,1.0
2026-04-16T06:30:36Z,0418642026-04-16,04186,2026-04-16,SCHEDULED,-180,-3.0
2026-04-16T06:30:36Z,0418632026-04-16,04186,2026-04-16,SCHEDULED,-180,-3.0
2026-04-16T06:30:36Z,0418612026-04-16,04186,2026-04-16,SCHEDULED,-180,-3.0
2026-04-16T06:30:36Z,0418622026-04-16,04186,2026-04-16,SCHEDULED,-180,-3.0
2026-04-16T06:30:36Z,0408712026-04-16,04087,2026-04-16,SCHEDULED,1620,27.0
2026-04-16T06:30:36Z,7185112026-04-15,71851,2026-04-15,CANCELED,,
2026-04-16T06:30:36Z,1296312026-04-15,12963,2026-04-15,CANCELED,,
2026-04-16T06:30:36Z,1296212026-04-15,12962,2026-04-15,CANCELED,,
2026-04-16T06:30:36Z,7183112026-04-15,71831,2026-04-15,CANCELED,,
2026-04-16T06:35:26Z,0948012026-04-15,09480,2026-04-15,SCHEDULED,-180,-3.0
2026-04-16T06:35:26Z,0418642026-04-16,04186,2026-04-16,SCHEDULED,-180,-3.0
2026-04-16T06:35:26Z,0418632026-04-16,04186,2026-04-16,SCHEDULED,-180,-3.0
2026-04-16T06:35:26Z,0418612026-04-16,04186,2026-04-16,SCHEDULED,-180,-3.0
2026-04-16T06:35:26Z,0418622026-04-16,04186,2026-04-16,SCHEDULED,-180,-3.0
2026-04-16T06:35:26Z,0408712026-04-16,04087,2026-04-16,SCHEDULED,1620,27.0
2026-04-16T06:35:26Z,0973722026-04-15,09737,2026-04-15,SCHEDULED,180,3.0
2026-04-16T06:35:26Z,0973712026-04-15,09737,2026-04-15,SCHEDULED,180,3.0
2026-04-16T06:35:26Z,0408612026-04-16,04086,2026-04-16,SCHEDULED,-120,-2.0
2026-04-16T06:35:26Z,0408622026-04-16,04086,2026-04-16,SCHEDULED,-120,-2.0
2026-04-16T06:35:26Z,0408632026-04-16,04086,2026-04-16,SCHEDULED,-120,-2.0
2026-04-16T06:35:26Z,0407312026-04-16,04073,2026-04-16,SCHEDULED,780,13.0
2026-04-16T06:35:26Z,0408812026-04-16,04088,2026-04-16,SCHEDULED,300,5.0
2026-04-16T06:35:26Z,0408822026-04-16,04088,2026-04-16,SCHEDULED,300,5.0
2026-04-16T06:35:26Z,0408832026-04-16,04088,2026-04-16,SCHEDULED,300,5.0
2026-04-16T06:35:26Z,0407222026-04-16,04072,2026-04-16,SCHEDULED,240,4.0
2026-04-16T06:35:26Z,0407212026-04-16,04072,2026-04-16,SCHEDULED,240,4.0
2026-04-16T06:35:26Z,0062122026-04-16,00621,2026-04-16,SCHEDULED,180,3.0
2026-04-16T06:35:26Z,0062132026-04-16,00621,2026-04-16,SCHEDULED,180,3.0
2026-04-16T06:35:26Z,0062152026-04-16,00621,2026-04-16,SCHEDULED,180,3.0
2026-04-16T06:35:26Z,0062112026-04-16,00621,2026-04-16,SCHEDULED,180,3.0
2026-04-16T06:35:26Z,0062142026-04-16,00621,2026-04-16,SCHEDULED,180,3.0
2026-04-16T06:35:26Z,0063142026-04-16,00631,2026-04-16,SCHEDULED,360,6.0
2026-04-16T06:35:26Z,0063132026-04-16,00631,2026-04-16,SCHEDULED,360,6.0
2026-04-16T06:35:26Z,0063112026-04-16,00631,2026-04-16,SCHEDULED,360,6.0
2026-04-16T06:35:26Z,0063122026-04-16,00631,2026-04-16,SCHEDULED,360,6.0
2026-04-16T06:35:26Z,0069712026-04-16,00697,2026-04-16,SCHEDULED,-60,-1.0
2026-04-16T06:35:26Z,0415422026-04-15,04154,2026-04-15,SCHEDULED,1140,19.0
2026-04-16T06:35:26Z,0415412026-04-15,04154,2026-04-15,SCHEDULED,1140,19.0
2026-04-16T06:35:26Z,0446412026-04-15,04464,2026-04-15,SCHEDULED,420,7.0
2026-04-16T06:35:26Z,1261312026-04-15,12613,2026-04-15,SCHEDULED,540,9.0
2026-04-16T06:35:26Z,0436422026-04-15,04364,2026-04-15,SCHEDULED,360,6.0
2026-04-16T06:35:26Z,0436412026-04-15,04364,2026-04-15,SCHEDULED,360,6.0
2026-04-16T06:35:26Z,1261112026-04-15,12611,2026-04-15,SCHEDULED,780,13.0
2026-04-16T06:35:26Z,0506422026-04-15,05064,2026-04-15,SCHEDULED,600,10.0
2026-04-16T06:35:26Z,0506412026-04-15,05064,2026-04-15,SCHEDULED,600,10.0
2026-04-16T06:35:26Z,0506522026-04-15,05065,2026-04-15,SCHEDULED,360,6.0
2026-04-16T06:35:26Z,0506512026-04-15,05065,2026-04-15,SCHEDULED,360,6.0
2026-04-16T06:35:26Z,1264412026-04-15,12644,2026-04-15,SCHEDULED,240,4.0
2026-04-16T06:35:26Z,0507012026-04-15,05070,2026-04-15,SCHEDULED,300,5.0
2026-04-16T06:35:26Z,1268012026-04-15,12680,2026-04-15,SCHEDULED,300,5.0
2026-04-16T06:35:26Z,1300212026-04-15,13002,2026-04-15,SCHEDULED,420,7.0
2026-04-16T06:35:26Z,0507112026-04-15,05071,2026-04-15,SCHEDULED,-240,-4.0
2026-04-16T06:35:26Z,0507122026-04-15,05071,2026-04-15,SCHEDULED,-240,-4.0
2026-04-16T06:35:26Z,0507132026-04-15,05071,2026-04-15,SCHEDULED,-240,-4.0
2026-04-16T06:35:26Z,1300322026-04-15,13003,2026-04-15,SCHEDULED,240,4.0
2026-04-16T06:35:26Z,1300312026-04-15,13003,2026-04-15,SCHEDULED,240,4.0
2026-04-16T06:35:26Z,0507212026-04-15,05072,2026-04-15,SCHEDULED,360,6.0
2026-04-16T06:35:26Z,0509212026-04-15,05092,2026-04-15,SCHEDULED,120,2.0
2026-04-16T06:35:26Z,0509222026-04-15,05092,2026-04-15,SCHEDULED,120,2.0
2026-04-16T06:35:26Z,0509232026-04-15,05092,2026-04-15,SCHEDULED,120,2.0
2026-04-16T06:35:26Z,1302032026-04-15,13020,2026-04-15,SCHEDULED,120,2.0
2026-04-16T06:35:26Z,1302012026-04-15,13020,2026-04-15,SCHEDULED,120,2.0
2026-04-16T06:35:26Z,0527322026-04-15,05273,2026-04-15,SCHEDULED,240,4.0
2026-04-16T06:35:26Z,0527312026-04-15,05273,2026-04-15,SCHEDULED,240,4.0
2026-04-16T06:35:26Z,1300112026-04-15,13001,2026-04-15,SCHEDULED,660,11.0
2026-04-16T06:35:26Z,1395112026-04-15,13951,2026-04-15,SCHEDULED,-60,-1.0
2026-04-16T06:35:26Z,1390012026-04-15,13900,2026-04-15,SCHEDULED,1020,17.0
2026-04-16T06:35:26Z,0508042026-04-15,05080,2026-04-15,SCHEDULED,120,2.0
2026-04-16T06:35:26Z,0508032026-04-15,05080,2026-04-15,SCHEDULED,120,2.0
2026-04-16T06:35:26Z,0508012026-04-15,05080,2026-04-15,SCHEDULED,120,2.0
2026-04-16T06:35:26Z,0508022026-04-15,05080,2026-04-15,SCHEDULED,120,2.0
2026-04-16T06:35:26Z,1390112026-04-15,13901,2026-04-15,SCHEDULED,300,5.0
2026-04-16T06:35:26Z,0566812026-04-15,05668,2026-04-15,SCHEDULED,660,11.0
2026-04-16T06:35:26Z,1412362026-04-15,14123,2026-04-15,SCHEDULED,420,7.0
2026-04-16T06:35:26Z,1412342026-04-15,14123,2026-04-15,SCHEDULED,420,7.0
2026-04-16T06:35:26Z,1412352026-04-15,14123,2026-04-15,SCHEDULED,420,7.0
2026-04-16T06:35:26Z,1412312026-04-15,14123,2026-04-15,SCHEDULED,420,7.0
2026-04-16T06:35:26Z,1412332026-04-15,14123,2026-04-15,SCHEDULED,420,7.0
2026-04-16T06:35:26Z,1412322026-04-15,14123,2026-04-15,SCHEDULED,420,7.0
2026-04-16T06:35:26Z,0587112026-04-15,05871,2026-04-15,SCHEDULED,60,1.0
2026-04-16T06:35:26Z,1504212026-04-15,15042,2026-04-15,SCHEDULED,180,3.0
2026-04-16T06:35:26Z,0807812026-04-15,08078,2026-04-15,SCHEDULED,360,6.0
2026-04-16T06:35:26Z,1530912026-04-15,15309,2026-04-15,SCHEDULED,480,8.0
2026-04-16T06:35:26Z,0807912026-04-15,08079,2026-04-15,SCHEDULED,840,14.0
2026-04-16T06:35:26Z,0808012026-04-15,08080,2026-04-15,SCHEDULED,360,6.0
2026-04-16T06:35:26Z,1563222026-04-15,15632,2026-04-15,SCHEDULED,420,7.0
2026-04-16T06:35:26Z,1563212026-04-15,15632,2026-04-15,SCHEDULED,420,7.0
2026-04-16T06:35:26Z,0808112026-04-15,08081,2026-04-15,SCHEDULED,900,15.0
2026-04-16T06:35:26Z,1562122026-04-15,15621,2026-04-15,SCHEDULED,120,2.0
2026-04-16T06:35:26Z,1562112026-04-15,15621,2026-04-15,SCHEDULED,120,2.0
2026-04-16T06:35:26Z,0808212026-04-15,08082,2026-04-15,SCHEDULED,300,5.0
2026-04-16T06:35:26Z,1572212026-04-15,15722,2026-04-15,SCHEDULED,1980,33.0
2026-04-16T06:35:26Z,0808512026-04-15,08085,2026-04-15,SCHEDULED,-60,-1.0
2026-04-16T06:35:26Z,1575312026-04-15,15753,2026-04-15,SCHEDULED,-120,-2.0
2026-04-16T06:35:26Z,1577412026-04-15,15774,2026-04-15,SCHEDULED,360,6.0
2026-04-16T06:35:26Z,0827112026-04-15,08271,2026-04-15,SCHEDULED,360,6.0
2026-04-16T06:35:26Z,1577812026-04-15,15778,2026-04-15,SCHEDULED,240,4.0
2026-04-16T06:35:26Z,1580212026-04-15,15802,2026-04-15,SCHEDULED,300,5.0
2026-04-16T06:35:26Z,0827512026-04-15,08275,2026-04-15,SCHEDULED,60,1.0
2026-04-16T06:35:26Z,1585012026-04-15,15850,2026-04-15,SCHEDULED,420,7.0
2026-04-16T06:35:26Z,0828312026-04-15,08283,2026-04-15,SCHEDULED,1620,27.0
2026-04-16T06:35:26Z,1590012026-04-15,15900,2026-04-15,SCHEDULED,600,10.0
2026-04-16T06:35:26Z,0828712026-04-15,08287,2026-04-15,SCHEDULED,120,2.0
2026-04-16T06:35:26Z,0847512026-04-15,08475,2026-04-15,SCHEDULED,420,7.0
2026-04-16T06:35:26Z,1590412026-04-15,15904,2026-04-15,SCHEDULED,360,6.0
2026-04-16T06:35:26Z,0866412026-04-16,08664,2026-04-16,SCHEDULED,240,4.0
2026-04-16T06:35:26Z,0907112026-04-15,09071,2026-04-15,SCHEDULED,120,2.0
2026-04-16T06:35:26Z,1607112026-04-15,16071,2026-04-15,SCHEDULED,60,1.0
2026-04-16T06:35:26Z,0907312026-04-15,09073,2026-04-15,SCHEDULED,180,3.0
2026-04-16T06:35:26Z,1700812026-04-15,17008,2026-04-15,SCHEDULED,1200,20.0
2026-04-16T06:35:26Z,0908212026-04-15,09082,2026-04-15,SCHEDULED,60,1.0
2026-04-16T06:35:26Z,0908312026-04-15,09083,2026-04-15,SCHEDULED,120,2.0
2026-04-16T06:35:26Z,0908712026-04-15,09087,2026-04-15,SCHEDULED,60,1.0
2026-04-16T06:35:26Z,1600012026-04-15,16000,2026-04-15,SCHEDULED,60,1.0
2026-04-16T06:35:26Z,0029122026-04-16,00291,2026-04-16,SCHEDULED,720,12.0
2026-04-16T06:35:26Z,0029112026-04-16,00291,2026-04-16,SCHEDULED,720,12.0
2026-04-16T06:35:26Z,1600112026-04-15,16001,2026-04-15,SCHEDULED,60,1.0
2026-04-16T06:35:26Z,1401812026-04-15,14018,2026-04-15,SCHEDULED,660,11.0
2026-04-16T06:35:26Z,0029322026-04-16,00293,2026-04-16,SCHEDULED,180,3.0
2026-04-16T06:35:26Z,0029312026-04-16,00293,2026-04-16,SCHEDULED,180,3.0
2026-04-16T06:35:26Z,0053322026-04-16,00533,2026-04-16,SCHEDULED,360,6.0
2026-04-16T06:35:26Z,0053312026-04-16,00533,2026-04-16,SCHEDULED,360,6.0
2026-04-16T06:35:26Z,0060112026-04-16,00601,2026-04-16,SCHEDULED,240,4.0
2026-04-16T06:35:26Z,3560452026-04-15,35604,2026-04-15,SCHEDULED,420,7.0
2026-04-16T06:35:26Z,3560442026-04-15,35604,2026-04-15,SCHEDULED,420,7.0
2026-04-16T06:35:26Z,3560412026-04-15,35604,2026-04-15,SCHEDULED,420,7.0
2026-04-16T06:35:26Z,3560422026-04-15,35604,2026-04-15,SCHEDULED,420,7.0
2026-04-16T06:35:26Z,1443212026-04-15,14432,2026-04-15,SCHEDULED,600,10.0
2026-04-16T06:35:26Z,0027622026-04-16,00276,2026-04-16,SCHEDULED,-120,-2.0
2026-04-16T06:35:26Z,0027612026-04-16,00276,2026-04-16,SCHEDULED,-120,-2.0
2026-04-16T06:35:26Z,1443522026-04-15,14435,2026-04-15,SCHEDULED,540,9.0
2026-04-16T06:35:26Z,1443512026-04-15,14435,2026-04-15,SCHEDULED,540,9.0
2026-04-16T06:35:26Z,1877332026-04-15,18773,2026-04-15,SCHEDULED,480,8.0
2026-04-16T06:35:26Z,1877312026-04-15,18773,2026-04-15,SCHEDULED,480,8.0
2026-04-16T06:35:26Z,0075222026-04-16,00752,2026-04-16,SCHEDULED,1980,33.0
2026-04-16T06:35:26Z,0075212026-04-16,00752,2026-04-16,SCHEDULED,1980,33.0
2026-04-16T06:35:26Z,0107112026-04-15,01071,2026-04-15,SCHEDULED,-180,-3.0
2026-04-16T06:35:26Z,1833122026-04-15,18331,2026-04-15,SCHEDULED,180,3.0
2026-04-16T06:35:26Z,1833112026-04-15,18331,2026-04-15,SCHEDULED,180,3.0
2026-04-16T06:35:26Z,0107212026-04-16,01072,2026-04-16,SCHEDULED,780,13.0
2026-04-16T06:35:26Z,7181112026-04-15,71811,2026-04-15,SCHEDULED,780,13.0
2026-04-16T06:35:26Z,0108122026-04-15,01081,2026-04-15,SCHEDULED,60,1.0
2026-04-16T06:35:26Z,0108112026-04-15,01081,2026-04-15,SCHEDULED,60,1.0
2026-04-16T06:35:26Z,7182012026-04-15,71820,2026-04-15,SCHEDULED,-120,-2.0
2026-04-16T06:35:26Z,7183012026-04-15,71830,2026-04-15,SCHEDULED,60,1.0
2026-04-16T06:35:26Z,0109212026-04-15,01092,2026-04-15,SCHEDULED,420,7.0
2026-04-16T06:35:26Z,7183112026-04-15,71831,2026-04-15,SCHEDULED,60,1.0
2026-04-16T06:35:26Z,0206112026-04-15,02061,2026-04-15,SCHEDULED,-180,-3.0
2026-04-16T06:35:26Z,7185012026-04-15,71850,2026-04-15,SCHEDULED,60,1.0
2026-04-16T06:35:26Z,0206712026-04-15,02067,2026-04-15,SCHEDULED,480,8.0
2026-04-16T06:35:26Z,7187012026-04-15,71870,2026-04-15,SCHEDULED,60,1.0
2026-04-16T06:35:26Z,0207012026-04-15,02070,2026-04-15,SCHEDULED,300,5.0
2026-04-16T06:35:26Z,0207112026-04-15,02071,2026-04-15,SCHEDULED,420,7.0
2026-04-16T06:35:26Z,1580822026-04-15,15808,2026-04-15,SCHEDULED,480,8.0
2026-04-16T06:35:26Z,1580812026-04-15,15808,2026-04-15,SCHEDULED,480,8.0
2026-04-16T06:35:26Z,0207412026-04-16,02074,2026-04-16,SCHEDULED,180,3.0
2026-04-16T06:35:26Z,0207512026-04-16,02075,2026-04-16,SCHEDULED,660,11.0
2026-04-16T06:35:26Z,1702112026-04-15,17021,2026-04-15,SCHEDULED,480,8.0
2026-04-16T06:35:26Z,1720112026-04-15,17201,2026-04-15,SCHEDULED,480,8.0
2026-04-16T06:35:26Z,0207612026-04-15,02076,2026-04-15,SCHEDULED,180,3.0
2026-04-16T06:35:26Z,0208012026-04-15,02080,2026-04-15,SCHEDULED,240,4.0
2026-04-16T06:35:26Z,1750312026-04-15,17503,2026-04-15,SCHEDULED,-120,-2.0
2026-04-16T06:35:26Z,0208112026-04-15,02081,2026-04-15,SCHEDULED,60,1.0
2026-04-16T06:35:26Z,1780612026-04-15,17806,2026-04-15,SCHEDULED,60,1.0
2026-04-16T06:35:26Z,0226112026-04-15,02261,2026-04-15,SCHEDULED,540,9.0
2026-04-16T06:35:26Z,1800112026-04-15,18001,2026-04-15,SCHEDULED,180,3.0
2026-04-16T06:35:26Z,0228512026-04-16,02285,2026-04-16,SCHEDULED,360,6.0
2026-04-16T06:35:26Z,0305212026-04-15,03052,2026-04-15,SCHEDULED,120,2.0
2026-04-16T06:35:26Z,0306012026-04-15,03060,2026-04-15,SCHEDULED,300,5.0
2026-04-16T06:35:26Z,1803112026-04-15,18031,2026-04-15,SCHEDULED,240,4.0
2026-04-16T06:35:26Z,0330142026-04-15,03301,2026-04-15,SCHEDULED,420,7.0
2026-04-16T06:35:26Z,0330132026-04-15,03301,2026-04-15,SCHEDULED,420,7.0
2026-04-16T06:35:26Z,0330112026-04-15,03301,2026-04-15,SCHEDULED,420,7.0
2026-04-16T06:35:26Z,0330122026-04-15,03301,2026-04-15,SCHEDULED,420,7.0
2026-04-16T06:35:26Z,1804112026-04-15,18041,2026-04-15,SCHEDULED,4740,79.0
2026-04-16T06:35:26Z,1805412026-04-15,18054,2026-04-15,SCHEDULED,960,16.0
2026-04-16T06:35:26Z,1807112026-04-15,18071,2026-04-15,SCHEDULED,-60,-1.0
2026-04-16T06:35:26Z,0306242026-04-15,03062,2026-04-15,SCHEDULED,300,5.0
2026-04-16T06:35:26Z,0306232026-04-15,03062,2026-04-15,SCHEDULED,300,5.0
2026-04-16T06:35:26Z,0306212026-04-15,03062,2026-04-15,SCHEDULED,300,5.0
2026-04-16T06:35:26Z,0306222026-04-15,03062,2026-04-15,SCHEDULED,300,5.0
2026-04-16T06:35:26Z,1800212026-04-15,18002,2026-04-15,SCHEDULED,840,14.0
2026-04-16T06:35:26Z,1800222026-04-15,18002,2026-04-15,SCHEDULED,840,14.0
2026-04-16T06:35:26Z,1800242026-04-15,18002,2026-04-15,SCHEDULED,840,14.0
2026-04-16T06:35:26Z,0306312026-04-15,03063,2026-04-15,SCHEDULED,300,5.0
2026-04-16T06:35:26Z,0306322026-04-15,03063,2026-04-15,SCHEDULED,300,5.0
2026-04-16T06:35:26Z,0306332026-04-15,03063,2026-04-15,SCHEDULED,300,5.0
2026-04-16T06:35:26Z,1806612026-04-15,18066,2026-04-15,SCHEDULED,300,5.0
2026-04-16T06:35:26Z,0307012026-04-15,03070,2026-04-15,SCHEDULED,120,2.0
2026-04-16T06:35:26Z,1812112026-04-15,18121,2026-04-15,SCHEDULED,-60,-1.0
2026-04-16T06:35:26Z,0307112026-04-15,03071,2026-04-15,SCHEDULED,180,3.0
2026-04-16T06:35:26Z,1830012026-04-15,18300,2026-04-15,SCHEDULED,360,6.0
2026-04-16T06:35:26Z,1832122026-04-15,18321,2026-04-15,SCHEDULED,60,1.0
2026-04-16T06:35:26Z,1832112026-04-15,18321,2026-04-15,SCHEDULED,60,1.0
2026-04-16T06:35:26Z,0307322026-04-15,03073,2026-04-15,SCHEDULED,240,4.0
2026-04-16T06:35:26Z,0307312026-04-15,03073,2026-04-15,SCHEDULED,240,4.0
2026-04-16T06:35:26Z,1801012026-04-15,18010,2026-04-15,SCHEDULED,720,12.0
2026-04-16T06:35:26Z,1801022026-04-15,18010,2026-04-15,SCHEDULED,720,12.0
2026-04-16T06:35:26Z,1801032026-04-15,18010,2026-04-15,SCHEDULED,720,12.0
2026-04-16T06:35:26Z,0308112026-04-15,03081,2026-04-15,SCHEDULED,-60,-1.0
2026-04-16T06:35:26Z,1890112026-04-15,18901,2026-04-15,SCHEDULED,480,8.0
2026-04-16T06:35:26Z,1890012026-04-15,18900,2026-04-15,SCHEDULED,300,5.0
2026-04-16T06:35:26Z,0308212026-04-15,03082,2026-04-15,SCHEDULED,240,4.0
2026-04-16T06:35:26Z,1505012026-04-15,15050,2026-04-15,SCHEDULED,1740,29.0
2026-04-16T06:35:26Z,0309212026-04-15,03092,2026-04-15,SCHEDULED,180,3.0
2026-04-16T06:35:26Z,0309222026-04-15,03092,2026-04-15,SCHEDULED,180,3.0
2026-04-16T06:35:26Z,0309232026-04-15,03092,2026-04-15,SCHEDULED,180,3.0
2026-04-16T06:35:26Z,0306242026-04-15,03062,2026-04-15,SCHEDULED,360,6.0
2026-04-16T06:35:26Z,0306232026-04-15,03062,2026-04-15,SCHEDULED,360,6.0
2026-04-16T06:35:26Z,0306212026-04-15,03062,2026-04-15,SCHEDULED,360,6.0
2026-04-16T06:35:26Z,0306222026-04-15,03062,2026-04-15,SCHEDULED,360,6.0
2026-04-16T06:35:26Z,0366222026-04-15,03662,2026-04-15,SCHEDULED,300,5.0
2026-04-16T06:35:26Z,0366212026-04-15,03662,2026-04-15,SCHEDULED,300,5.0
2026-04-16T06:35:26Z,0327212026-04-15,03272,2026-04-15,SCHEDULED,180,3.0
2026-04-16T06:35:26Z,0327222026-04-15,03272,2026-04-15,SCHEDULED,180,3.0
2026-04-16T06:35:26Z,0327232026-04-15,03272,2026-04-15,SCHEDULED,180,3.0
2026-04-16T06:35:26Z,0405612026-04-16,04056,2026-04-16,SCHEDULED,480,8.0
2026-04-16T06:35:26Z,1296312026-04-15,12963,2026-04-15,CANCELED,,
2026-04-16T06:35:26Z,7185112026-04-15,71851,2026-04-15,CANCELED,,
2026-04-16T06:35:26Z,7183112026-04-15,71831,2026-04-15,CANCELED,,
2026-04-16T06:35:26Z,1296212026-04-15,12962,2026-04-15,CANCELED,,
2026-04-16T06:40:27Z,1390012026-04-15,13900,2026-04-15,SCHEDULED,1020,17.0
2026-04-16T06:40:27Z,1390112026-04-15,13901,2026-04-15,SCHEDULED,300,5.0
2026-04-16T06:40:27Z,0426112026-04-16,04261,2026-04-16,SCHEDULED,180,3.0
2026-04-16T06:40:27Z,0418642026-04-16,04186,2026-04-16,SCHEDULED,-180,-3.0
2026-04-16T06:40:27Z,0418632026-04-16,04186,2026-04-16,SCHEDULED,-180,-3.0
2026-04-16T06:40:27Z,0418612026-04-16,04186,2026-04-16,SCHEDULED,-180,-3.0
2026-04-16T06:40:27Z,0418622026-04-16,04186,2026-04-16,SCHEDULED,-180,-3.0
2026-04-16T06:40:27Z,1412362026-04-15,14123,2026-04-15,SCHEDULED,420,7.0
2026-04-16T06:40:27Z,1412342026-04-15,14123,2026-04-15,SCHEDULED,420,7.0
2026-04-16T06:40:27Z,1412352026-04-15,14123,2026-04-15,SCHEDULED,420,7.0
2026-04-16T06:40:27Z,1412312026-04-15,14123,2026-04-15,SCHEDULED,420,7.0
2026-04-16T06:40:27Z,1412332026-04-15,14123,2026-04-15,SCHEDULED,420,7.0
2026-04-16T06:40:27Z,1412322026-04-15,14123,2026-04-15,SCHEDULED,420,7.0
2026-04-16T06:40:27Z,0408712026-04-16,04087,2026-04-16,SCHEDULED,1620,27.0
2026-04-16T06:40:27Z,1451512026-04-15,14515,2026-04-15,SCHEDULED,-1560,-26.0
2026-04-16T06:40:27Z,1504112026-04-15,15041,2026-04-15,SCHEDULED,1080,18.0
2026-04-16T06:40:27Z,0408612026-04-16,04086,2026-04-16,SCHEDULED,-120,-2.0
2026-04-16T06:40:27Z,0408622026-04-16,04086,2026-04-16,SCHEDULED,-120,-2.0
2026-04-16T06:40:27Z,0408632026-04-16,04086,2026-04-16,SCHEDULED,-120,-2.0
2026-04-16T06:40:27Z,1504212026-04-15,15042,2026-04-15,SCHEDULED,180,3.0
2026-04-16T06:40:27Z,1530912026-04-15,15309,2026-04-15,SCHEDULED,1200,20.0
2026-04-16T06:40:27Z,0408812026-04-16,04088,2026-04-16,SCHEDULED,240,4.0
2026-04-16T06:40:27Z,0408822026-04-16,04088,2026-04-16,SCHEDULED,240,4.0
2026-04-16T06:40:27Z,0408832026-04-16,04088,2026-04-16,SCHEDULED,240,4.0
2026-04-16T06:40:27Z,1563222026-04-15,15632,2026-04-15,SCHEDULED,420,7.0
2026-04-16T06:40:27Z,1563212026-04-15,15632,2026-04-15,SCHEDULED,420,7.0
2026-04-16T06:40:27Z,0407222026-04-16,04072,2026-04-16,SCHEDULED,240,4.0
2026-04-16T06:40:27Z,0407212026-04-16,04072,2026-04-16,SCHEDULED,240,4.0
2026-04-16T06:40:27Z,1572212026-04-15,15722,2026-04-15,SCHEDULED,1860,31.0
2026-04-16T06:40:27Z,1575312026-04-15,15753,2026-04-15,SCHEDULED,660,11.0
2026-04-16T06:40:27Z,1577412026-04-15,15774,2026-04-15,SCHEDULED,360,6.0
2026-04-16T06:40:27Z,0415422026-04-15,04154,2026-04-15,SCHEDULED,1080,18.0
2026-04-16T06:40:27Z,0415412026-04-15,04154,2026-04-15,SCHEDULED,1080,18.0
2026-04-16T06:40:27Z,1577812026-04-15,15778,2026-04-15,SCHEDULED,360,6.0
2026-04-16T06:40:27Z,0446412026-04-15,04464,2026-04-15,SCHEDULED,420,7.0
2026-04-16T06:40:27Z,1580212026-04-15,15802,2026-04-15,SCHEDULED,300,5.0
2026-04-16T06:40:27Z,0436422026-04-15,04364,2026-04-15,SCHEDULED,480,8.0
2026-04-16T06:40:27Z,0436412026-04-15,04364,2026-04-15,SCHEDULED,480,8.0
2026-04-16T06:40:27Z,1585012026-04-15,15850,2026-04-15,SCHEDULED,420,7.0
2026-04-16T06:40:27Z,0506422026-04-15,05064,2026-04-15,SCHEDULED,600,10.0
2026-04-16T06:40:27Z,0506412026-04-15,05064,2026-04-15,SCHEDULED,600,10.0
2026-04-16T06:40:27Z,1590012026-04-15,15900,2026-04-15,SCHEDULED,600,10.0
2026-04-16T06:40:27Z,0506522026-04-15,05065,2026-04-15,SCHEDULED,480,8.0
2026-04-16T06:40:27Z,0506512026-04-15,05065,2026-04-15,SCHEDULED,480,8.0
2026-04-16T06:40:27Z,1590412026-04-15,15904,2026-04-15,SCHEDULED,300,5.0
2026-04-16T06:40:27Z,0507012026-04-15,05070,2026-04-15,SCHEDULED,240,4.0
2026-04-16T06:40:27Z,0507112026-04-15,05071,2026-04-15,SCHEDULED,-240,-4.0
2026-04-16T06:40:27Z,0507122026-04-15,05071,2026-04-15,SCHEDULED,-240,-4.0
2026-04-16T06:40:27Z,0507132026-04-15,05071,2026-04-15,SCHEDULED,-240,-4.0
2026-04-16T06:40:27Z,0908712026-04-15,09087,2026-04-15,SCHEDULED,60,1.0
2026-04-16T06:40:27Z,0507212026-04-15,05072,2026-04-15,SCHEDULED,360,6.0
2026-04-16T06:40:27Z,0948012026-04-15,09480,2026-04-15,SCHEDULED,180,3.0
2026-04-16T06:40:27Z,0509212026-04-15,05092,2026-04-15,SCHEDULED,120,2.0
2026-04-16T06:40:27Z,0509222026-04-15,05092,2026-04-15,SCHEDULED,120,2.0
2026-04-16T06:40:27Z,0509232026-04-15,05092,2026-04-15,SCHEDULED,120,2.0
2026-04-16T06:40:27Z,0973722026-04-15,09737,2026-04-15,SCHEDULED,180,3.0
2026-04-16T06:40:27Z,0973712026-04-15,09737,2026-04-15,SCHEDULED,180,3.0
2026-04-16T06:40:27Z,0527322026-04-15,05273,2026-04-15,SCHEDULED,240,4.0
2026-04-16T06:40:27Z,0527312026-04-15,05273,2026-04-15,SCHEDULED,240,4.0
2026-04-16T06:40:27Z,0407312026-04-16,04073,2026-04-16,SCHEDULED,780,13.0
2026-04-16T06:40:27Z,0508042026-04-15,05080,2026-04-15,SCHEDULED,180,3.0
2026-04-16T06:40:27Z,0508032026-04-15,05080,2026-04-15,SCHEDULED,180,3.0
2026-04-16T06:40:27Z,0508012026-04-15,05080,2026-04-15,SCHEDULED,180,3.0
2026-04-16T06:40:27Z,0508022026-04-15,05080,2026-04-15,SCHEDULED,180,3.0
2026-04-16T06:40:27Z,0566812026-04-15,05668,2026-04-15,SCHEDULED,660,11.0
2026-04-16T06:40:27Z,0062122026-04-16,00621,2026-04-16,SCHEDULED,-60,-1.0
2026-04-16T06:40:27Z,0062132026-04-16,00621,2026-04-16,SCHEDULED,-60,-1.0
2026-04-16T06:40:27Z,0062152026-04-16,00621,2026-04-16,SCHEDULED,-60,-1.0
2026-04-16T06:40:27Z,0062112026-04-16,00621,2026-04-16,SCHEDULED,-60,-1.0
2026-04-16T06:40:27Z,0062142026-04-16,00621,2026-04-16,SCHEDULED,-60,-1.0
2026-04-16T06:40:27Z,0063142026-04-16,00631,2026-04-16,SCHEDULED,360,6.0
2026-04-16T06:40:27Z,0063132026-04-16,00631,2026-04-16,SCHEDULED,360,6.0
2026-04-16T06:40:27Z,0063112026-04-16,00631,2026-04-16,SCHEDULED,360,6.0
2026-04-16T06:40:27Z,0063122026-04-16,00631,2026-04-16,SCHEDULED,360,6.0
2026-04-16T06:40:27Z,0587112026-04-15,05871,2026-04-15,SCHEDULED,-60,-1.0
2026-04-16T06:40:27Z,0069712026-04-16,00697,2026-04-16,SCHEDULED,-180,-3.0
2026-04-16T06:40:27Z,0807912026-04-15,08079,2026-04-15,SCHEDULED,1020,17.0
2026-04-16T06:40:27Z,0808012026-04-15,08080,2026-04-15,SCHEDULED,360,6.0
2026-04-16T06:40:27Z,1210112026-04-15,12101,2026-04-15,SCHEDULED,60,1.0
2026-04-16T06:40:27Z,1210122026-04-15,12101,2026-04-15,SCHEDULED,60,1.0
2026-04-16T06:40:27Z,1210142026-04-15,12101,2026-04-15,SCHEDULED,60,1.0
2026-04-16T06:40:27Z,0808112026-04-15,08081,2026-04-15,SCHEDULED,960,16.0
2026-04-16T06:40:27Z,1261312026-04-15,12613,2026-04-15,SCHEDULED,540,9.0
2026-04-16T06:40:27Z,0808212026-04-15,08082,2026-04-15,SCHEDULED,300,5.0
2026-04-16T06:40:27Z,1261112026-04-15,12611,2026-04-15,SCHEDULED,660,11.0
2026-04-16T06:40:27Z,0808512026-04-15,08085,2026-04-15,SCHEDULED,240,4.0
2026-04-16T06:40:27Z,0808712026-04-15,08087,2026-04-15,SCHEDULED,-60,-1.0
2026-04-16T06:40:27Z,1264412026-04-15,12644,2026-04-15,SCHEDULED,240,4.0
2026-04-16T06:40:27Z,1268012026-04-15,12680,2026-04-15,SCHEDULED,300,5.0
2026-04-16T06:40:27Z,0827512026-04-15,08275,2026-04-15,SCHEDULED,240,4.0
2026-04-16T06:40:27Z,1300212026-04-15,13002,2026-04-15,SCHEDULED,360,6.0
2026-04-16T06:40:27Z,0827812026-04-15,08278,2026-04-15,SCHEDULED,180,3.0
2026-04-16T06:40:27Z,1300322026-04-15,13003,2026-04-15,SCHEDULED,240,4.0
2026-04-16T06:40:27Z,1300312026-04-15,13003,2026-04-15,SCHEDULED,240,4.0
2026-04-16T06:40:27Z,0828312026-04-15,08283,2026-04-15,SCHEDULED,1500,25.0
2026-04-16T06:40:27Z,0828712026-04-15,08287,2026-04-15,SCHEDULED,120,2.0
2026-04-16T06:40:27Z,1302032026-04-15,13020,2026-04-15,SCHEDULED,180,3.0
2026-04-16T06:40:27Z,1302012026-04-15,13020,2026-04-15,SCHEDULED,180,3.0
2026-04-16T06:40:27Z,1300112026-04-15,13001,2026-04-15,SCHEDULED,660,11.0
2026-04-16T06:40:27Z,0847512026-04-15,08475,2026-04-15,SCHEDULED,240,4.0
2026-04-16T06:40:27Z,1395112026-04-15,13951,2026-04-15,SCHEDULED,-60,-1.0
2026-04-16T06:40:27Z,1505012026-04-15,15050,2026-04-15,SCHEDULED,1740,29.0
2026-04-16T06:40:27Z,0907112026-04-15,09071,2026-04-15,SCHEDULED,120,2.0
2026-04-16T06:40:27Z,1600012026-04-15,16000,2026-04-15,SCHEDULED,60,1.0
2026-04-16T06:40:27Z,0907312026-04-15,09073,2026-04-15,SCHEDULED,180,3.0
2026-04-16T06:40:27Z,1600112026-04-15,16001,2026-04-15,SCHEDULED,60,1.0
2026-04-16T06:40:27Z,0908212026-04-15,09082,2026-04-15,SCHEDULED,60,1.0
2026-04-16T06:40:27Z,1401812026-04-15,14018,2026-04-15,SCHEDULED,660,11.0
2026-04-16T06:40:27Z,0908312026-04-15,09083,2026-04-15,SCHEDULED,120,2.0
2026-04-16T06:40:27Z,1402012026-04-15,14020,2026-04-15,SCHEDULED,60,1.0
2026-04-16T06:40:27Z,0394012026-04-15,03940,2026-04-15,SCHEDULED,600,10.0
2026-04-16T06:40:27Z,3560452026-04-15,35604,2026-04-15,SCHEDULED,420,7.0
2026-04-16T06:40:27Z,3560442026-04-15,35604,2026-04-15,SCHEDULED,420,7.0
2026-04-16T06:40:27Z,3560412026-04-15,35604,2026-04-15,SCHEDULED,420,7.0
2026-04-16T06:40:27Z,3560422026-04-15,35604,2026-04-15,SCHEDULED,420,7.0
2026-04-16T06:40:27Z,1443212026-04-15,14432,2026-04-15,SCHEDULED,660,11.0
2026-04-16T06:40:27Z,0019042026-04-16,00190,2026-04-16,SCHEDULED,120,2.0
2026-04-16T06:40:27Z,0019032026-04-16,00190,2026-04-16,SCHEDULED,120,2.0
2026-04-16T06:40:27Z,0019012026-04-16,00190,2026-04-16,SCHEDULED,120,2.0
2026-04-16T06:40:27Z,0019022026-04-16,00190,2026-04-16,SCHEDULED,120,2.0
2026-04-16T06:40:27Z,1443522026-04-15,14435,2026-04-15,SCHEDULED,660,11.0
2026-04-16T06:40:27Z,1443512026-04-15,14435,2026-04-15,SCHEDULED,660,11.0
2026-04-16T06:40:27Z,0029122026-04-16,00291,2026-04-16,SCHEDULED,660,11.0
2026-04-16T06:40:27Z,0029112026-04-16,00291,2026-04-16,SCHEDULED,660,11.0
2026-04-16T06:40:27Z,1877332026-04-15,18773,2026-04-15,SCHEDULED,480,8.0
2026-04-16T06:40:27Z,1877312026-04-15,18773,2026-04-15,SCHEDULED,480,8.0
2026-04-16T06:40:27Z,0029322026-04-16,00293,2026-04-16,SCHEDULED,180,3.0
2026-04-16T06:40:27Z,0029312026-04-16,00293,2026-04-16,SCHEDULED,180,3.0
2026-04-16T06:40:27Z,1833122026-04-15,18331,2026-04-15,SCHEDULED,180,3.0
2026-04-16T06:40:27Z,1833112026-04-15,18331,2026-04-15,SCHEDULED,180,3.0
2026-04-16T06:40:27Z,0053322026-04-16,00533,2026-04-16,SCHEDULED,780,13.0
2026-04-16T06:40:27Z,0053312026-04-16,00533,2026-04-16,SCHEDULED,780,13.0
2026-04-16T06:40:27Z,0060112026-04-16,00601,2026-04-16,SCHEDULED,300,5.0
2026-04-16T06:40:27Z,7181112026-04-15,71811,2026-04-15,SCHEDULED,780,13.0
2026-04-16T06:40:27Z,0027622026-04-16,00276,2026-04-16,SCHEDULED,-60,-1.0
2026-04-16T06:40:27Z,0027612026-04-16,00276,2026-04-16,SCHEDULED,-60,-1.0
2026-04-16T06:40:27Z,7182012026-04-15,71820,2026-04-15,SCHEDULED,-180,-3.0
2026-04-16T06:40:27Z,0075222026-04-16,00752,2026-04-16,SCHEDULED,1980,33.0
2026-04-16T06:40:27Z,0075212026-04-16,00752,2026-04-16,SCHEDULED,1980,33.0
2026-04-16T06:40:27Z,7183012026-04-15,71830,2026-04-15,SCHEDULED,120,2.0
2026-04-16T06:40:27Z,0107112026-04-15,01071,2026-04-15,SCHEDULED,-180,-3.0
2026-04-16T06:40:27Z,7183112026-04-15,71831,2026-04-15,SCHEDULED,-120,-2.0
2026-04-16T06:40:27Z,0107212026-04-16,01072,2026-04-16,SCHEDULED,300,5.0
2026-04-16T06:40:27Z,7185012026-04-15,71850,2026-04-15,SCHEDULED,120,2.0
2026-04-16T06:40:27Z,7187012026-04-15,71870,2026-04-15,SCHEDULED,120,2.0
2026-04-16T06:40:27Z,0108122026-04-15,01081,2026-04-15,SCHEDULED,60,1.0
2026-04-16T06:40:27Z,0108112026-04-15,01081,2026-04-15,SCHEDULED,60,1.0
2026-04-16T06:40:27Z,1580822026-04-15,15808,2026-04-15,SCHEDULED,420,7.0
2026-04-16T06:40:27Z,1580812026-04-15,15808,2026-04-15,SCHEDULED,420,7.0
2026-04-16T06:40:27Z,0109212026-04-15,01092,2026-04-15,SCHEDULED,240,4.0
2026-04-16T06:40:27Z,1607112026-04-15,16071,2026-04-15,SCHEDULED,60,1.0
2026-04-16T06:40:27Z,0206112026-04-15,02061,2026-04-15,SCHEDULED,-180,-3.0
2026-04-16T06:40:27Z,1700812026-04-15,17008,2026-04-15,SCHEDULED,1320,22.0
2026-04-16T06:40:27Z,0206712026-04-15,02067,2026-04-15,SCHEDULED,480,8.0
2026-04-16T06:40:27Z,1702112026-04-15,17021,2026-04-15,SCHEDULED,480,8.0
2026-04-16T06:40:27Z,0207012026-04-15,02070,2026-04-15,SCHEDULED,420,7.0
2026-04-16T06:40:27Z,1720112026-04-15,17201,2026-04-15,SCHEDULED,480,8.0
2026-04-16T06:40:27Z,0207112026-04-15,02071,2026-04-15,SCHEDULED,540,9.0
2026-04-16T06:40:27Z,0207412026-04-16,02074,2026-04-16,SCHEDULED,180,3.0
2026-04-16T06:40:27Z,1750312026-04-15,17503,2026-04-15,SCHEDULED,-120,-2.0
2026-04-16T06:40:27Z,0207512026-04-16,02075,2026-04-16,SCHEDULED,660,11.0
2026-04-16T06:40:27Z,1780612026-04-15,17806,2026-04-15,SCHEDULED,240,4.0
2026-04-16T06:40:27Z,0207612026-04-15,02076,2026-04-15,SCHEDULED,180,3.0
2026-04-16T06:40:27Z,1800112026-04-15,18001,2026-04-15,SCHEDULED,120,2.0
2026-04-16T06:40:27Z,0208012026-04-15,02080,2026-04-15,SCHEDULED,240,4.0
2026-04-16T06:40:27Z,1803112026-04-15,18031,2026-04-15,SCHEDULED,240,4.0
2026-04-16T06:40:27Z,0208112026-04-15,02081,2026-04-15,SCHEDULED,60,1.0
2026-04-16T06:40:27Z,0226112026-04-15,02261,2026-04-15,SCHEDULED,420,7.0
2026-04-16T06:40:27Z,1804112026-04-15,18041,2026-04-15,SCHEDULED,4740,79.0
2026-04-16T06:40:27Z,0228512026-04-16,02285,2026-04-16,SCHEDULED,420,7.0
2026-04-16T06:40:27Z,1805412026-04-15,18054,2026-04-15,SCHEDULED,840,14.0
2026-04-16T06:40:27Z,0305212026-04-15,03052,2026-04-15,SCHEDULED,240,4.0
2026-04-16T06:40:27Z,0306012026-04-15,03060,2026-04-15,SCHEDULED,300,5.0
2026-04-16T06:40:27Z,1807112026-04-15,18071,2026-04-15,SCHEDULED,-60,-1.0
2026-04-16T06:40:27Z,0330142026-04-15,03301,2026-04-15,SCHEDULED,360,6.0
2026-04-16T06:40:27Z,0330132026-04-15,03301,2026-04-15,SCHEDULED,360,6.0
2026-04-16T06:40:27Z,0330112026-04-15,03301,2026-04-15,SCHEDULED,360,6.0
2026-04-16T06:40:27Z,0330122026-04-15,03301,2026-04-15,SCHEDULED,360,6.0
2026-04-16T06:40:27Z,1800212026-04-15,18002,2026-04-15,SCHEDULED,1080,18.0
2026-04-16T06:40:27Z,1800222026-04-15,18002,2026-04-15,SCHEDULED,1080,18.0
2026-04-16T06:40:27Z,1800242026-04-15,18002,2026-04-15,SCHEDULED,1080,18.0
2026-04-16T06:40:27Z,1806612026-04-15,18066,2026-04-15,SCHEDULED,360,6.0
2026-04-16T06:40:27Z,0306242026-04-15,03062,2026-04-15,SCHEDULED,240,4.0
2026-04-16T06:40:27Z,0306232026-04-15,03062,2026-04-15,SCHEDULED,240,4.0
2026-04-16T06:40:27Z,0306212026-04-15,03062,2026-04-15,SCHEDULED,240,4.0
2026-04-16T06:40:27Z,0306222026-04-15,03062,2026-04-15,SCHEDULED,240,4.0
2026-04-16T06:40:27Z,1830012026-04-15,18300,2026-04-15,SCHEDULED,360,6.0
2026-04-16T06:40:27Z,0306312026-04-15,03063,2026-04-15,SCHEDULED,300,5.0
2026-04-16T06:40:27Z,0306322026-04-15,03063,2026-04-15,SCHEDULED,300,5.0
2026-04-16T06:40:27Z,0306332026-04-15,03063,2026-04-15,SCHEDULED,300,5.0
2026-04-16T06:40:27Z,1832122026-04-15,18321,2026-04-15,SCHEDULED,180,3.0
2026-04-16T06:40:27Z,1832112026-04-15,18321,2026-04-15,SCHEDULED,180,3.0
2026-04-16T06:40:27Z,0307012026-04-15,03070,2026-04-15,SCHEDULED,120,2.0
2026-04-16T06:40:27Z,0307112026-04-15,03071,2026-04-15,SCHEDULED,240,4.0
2026-04-16T06:40:27Z,1801012026-04-15,18010,2026-04-15,SCHEDULED,720,12.0
2026-04-16T06:40:27Z,1801022026-04-15,18010,2026-04-15,SCHEDULED,720,12.0
2026-04-16T06:40:27Z,1801032026-04-15,18010,2026-04-15,SCHEDULED,720,12.0
2026-04-16T06:40:27Z,0307322026-04-15,03073,2026-04-15,SCHEDULED,240,4.0
2026-04-16T06:40:27Z,0307312026-04-15,03073,2026-04-15,SCHEDULED,240,4.0
2026-04-16T06:40:27Z,1890112026-04-15,18901,2026-04-15,SCHEDULED,600,10.0
2026-04-16T06:40:27Z,0308012026-04-15,03080,2026-04-15,SCHEDULED,60,1.0
2026-04-16T06:40:27Z,1890012026-04-15,18900,2026-04-15,SCHEDULED,300,5.0
2026-04-16T06:40:27Z,0308112026-04-15,03081,2026-04-15,SCHEDULED,60,1.0
2026-04-16T06:40:27Z,0308212026-04-15,03082,2026-04-15,SCHEDULED,240,4.0
2026-04-16T06:40:27Z,0308312026-04-15,03083,2026-04-15,SCHEDULED,-60,-1.0
2026-04-16T06:40:27Z,0309212026-04-15,03092,2026-04-15,SCHEDULED,60,1.0
2026-04-16T06:40:27Z,0309222026-04-15,03092,2026-04-15,SCHEDULED,60,1.0
2026-04-16T06:40:27Z,0309232026-04-15,03092,2026-04-15,SCHEDULED,60,1.0
2026-04-16T06:40:27Z,0306242026-04-15,03062,2026-04-15,SCHEDULED,360,6.0
2026-04-16T06:40:27Z,0306232026-04-15,03062,2026-04-15,SCHEDULED,360,6.0
2026-04-16T06:40:27Z,0306212026-04-15,03062,2026-04-15,SCHEDULED,360,6.0
2026-04-16T06:40:27Z,0306222026-04-15,03062,2026-04-15,SCHEDULED,360,6.0
2026-04-16T06:40:27Z,0366222026-04-15,03662,2026-04-15,SCHEDULED,240,4.0
2026-04-16T06:40:27Z,0366212026-04-15,03662,2026-04-15,SCHEDULED,240,4.0
2026-04-16T06:40:27Z,0327212026-04-15,03272,2026-04-15,SCHEDULED,60,1.0
2026-04-16T06:40:27Z,0327222026-04-15,03272,2026-04-15,SCHEDULED,60,1.0
2026-04-16T06:40:27Z,0327232026-04-15,03272,2026-04-15,SCHEDULED,60,1.0
2026-04-16T06:40:27Z,0405612026-04-16,04056,2026-04-16,SCHEDULED,480,8.0
2026-04-16T06:40:27Z,7185112026-04-15,71851,2026-04-15,CANCELED,,
2026-04-16T06:40:27Z,1296312026-04-15,12963,2026-04-15,CANCELED,,
2026-04-16T06:40:27Z,1296212026-04-15,12962,2026-04-15,CANCELED,,
2026-04-16T06:40:27Z,7183112026-04-15,71831,2026-04-15,CANCELED,,
2026-04-16T06:45:31Z,0418642026-04-16,04186,2026-04-16,SCHEDULED,-180,-3.0
2026-04-16T06:45:31Z,0418632026-04-16,04186,2026-04-16,SCHEDULED,-180,-3.0
2026-04-16T06:45:31Z,0418612026-04-16,04186,2026-04-16,SCHEDULED,-180,-3.0
2026-04-16T06:45:31Z,0418622026-04-16,04186,2026-04-16,SCHEDULED,-180,-3.0
2026-04-16T06:45:31Z,0973722026-04-15,09737,2026-04-15,SCHEDULED,180,3.0
2026-04-16T06:45:31Z,0973712026-04-15,09737,2026-04-15,SCHEDULED,180,3.0
2026-04-16T06:45:31Z,0408712026-04-16,04087,2026-04-16,SCHEDULED,1620,27.0
2026-04-16T06:45:31Z,0208722026-04-15,02087,2026-04-15,SCHEDULED,-60,-1.0
2026-04-16T06:45:31Z,0208712026-04-15,02087,2026-04-15,SCHEDULED,-60,-1.0
2026-04-16T06:45:31Z,0408612026-04-16,04086,2026-04-16,SCHEDULED,60,1.0
2026-04-16T06:45:31Z,0408622026-04-16,04086,2026-04-16,SCHEDULED,60,1.0
2026-04-16T06:45:31Z,0408632026-04-16,04086,2026-04-16,SCHEDULED,60,1.0
2026-04-16T06:45:31Z,0407312026-04-16,04073,2026-04-16,SCHEDULED,780,13.0
2026-04-16T06:45:31Z,0408812026-04-16,04088,2026-04-16,SCHEDULED,240,4.0
2026-04-16T06:45:31Z,0408822026-04-16,04088,2026-04-16,SCHEDULED,240,4.0
2026-04-16T06:45:31Z,0408832026-04-16,04088,2026-04-16,SCHEDULED,240,4.0
2026-04-16T06:45:31Z,0407222026-04-16,04072,2026-04-16,SCHEDULED,300,5.0
2026-04-16T06:45:31Z,0407212026-04-16,04072,2026-04-16,SCHEDULED,300,5.0
2026-04-16T06:45:31Z,0062122026-04-16,00621,2026-04-16,SCHEDULED,-60,-1.0
2026-04-16T06:45:31Z,0062132026-04-16,00621,2026-04-16,SCHEDULED,-60,-1.0
2026-04-16T06:45:31Z,0062152026-04-16,00621,2026-04-16,SCHEDULED,-60,-1.0
2026-04-16T06:45:31Z,0062112026-04-16,00621,2026-04-16,SCHEDULED,-60,-1.0
2026-04-16T06:45:31Z,0062142026-04-16,00621,2026-04-16,SCHEDULED,-60,-1.0
2026-04-16T06:45:31Z,0063142026-04-16,00631,2026-04-16,SCHEDULED,360,6.0
2026-04-16T06:45:31Z,0063132026-04-16,00631,2026-04-16,SCHEDULED,360,6.0
2026-04-16T06:45:31Z,0063112026-04-16,00631,2026-04-16,SCHEDULED,360,6.0
2026-04-16T06:45:31Z,0063122026-04-16,00631,2026-04-16,SCHEDULED,360,6.0
2026-04-16T06:45:31Z,0415422026-04-15,04154,2026-04-15,SCHEDULED,1140,19.0
2026-04-16T06:45:31Z,0415412026-04-15,04154,2026-04-15,SCHEDULED,1140,19.0
2026-04-16T06:45:31Z,0446412026-04-15,04464,2026-04-15,SCHEDULED,420,7.0
2026-04-16T06:45:31Z,1210112026-04-15,12101,2026-04-15,SCHEDULED,-120,-2.0
2026-04-16T06:45:31Z,1210122026-04-15,12101,2026-04-15,SCHEDULED,-120,-2.0
2026-04-16T06:45:31Z,1210142026-04-15,12101,2026-04-15,SCHEDULED,-120,-2.0
2026-04-16T06:45:31Z,0436422026-04-15,04364,2026-04-15,SCHEDULED,480,8.0
2026-04-16T06:45:31Z,0436412026-04-15,04364,2026-04-15,SCHEDULED,480,8.0
2026-04-16T06:45:31Z,1261312026-04-15,12613,2026-04-15,SCHEDULED,660,11.0
2026-04-16T06:45:31Z,0468712026-04-16,04687,2026-04-16,SCHEDULED,180,3.0
2026-04-16T06:45:31Z,1261112026-04-15,12611,2026-04-15,SCHEDULED,660,11.0
2026-04-16T06:45:31Z,0506522026-04-15,05065,2026-04-15,SCHEDULED,480,8.0
2026-04-16T06:45:31Z,0506512026-04-15,05065,2026-04-15,SCHEDULED,480,8.0
2026-04-16T06:45:31Z,1264412026-04-15,12644,2026-04-15,SCHEDULED,240,4.0
2026-04-16T06:45:31Z,0507012026-04-15,05070,2026-04-15,SCHEDULED,360,6.0
2026-04-16T06:45:31Z,1268012026-04-15,12680,2026-04-15,SCHEDULED,60,1.0
2026-04-16T06:45:31Z,1300212026-04-15,13002,2026-04-15,SCHEDULED,420,7.0
2026-04-16T06:45:31Z,0507112026-04-15,05071,2026-04-15,SCHEDULED,-240,-4.0
2026-04-16T06:45:31Z,0507122026-04-15,05071,2026-04-15,SCHEDULED,-240,-4.0
2026-04-16T06:45:31Z,0507132026-04-15,05071,2026-04-15,SCHEDULED,-240,-4.0
2026-04-16T06:45:31Z,0507212026-04-15,05072,2026-04-15,SCHEDULED,300,5.0
2026-04-16T06:45:31Z,1303022026-04-15,13030,2026-04-15,SCHEDULED,420,7.0
2026-04-16T06:45:31Z,1303012026-04-15,13030,2026-04-15,SCHEDULED,420,7.0
2026-04-16T06:45:31Z,0508112026-04-15,05081,2026-04-15,SCHEDULED,60,1.0
2026-04-16T06:45:31Z,1300512026-04-15,13005,2026-04-15,SCHEDULED,-60,-1.0
2026-04-16T06:45:31Z,1302032026-04-15,13020,2026-04-15,SCHEDULED,180,3.0
2026-04-16T06:45:31Z,1302012026-04-15,13020,2026-04-15,SCHEDULED,180,3.0
2026-04-16T06:45:31Z,1300112026-04-15,13001,2026-04-15,SCHEDULED,660,11.0
2026-04-16T06:45:31Z,0509212026-04-15,05092,2026-04-15,SCHEDULED,60,1.0
2026-04-16T06:45:31Z,0509222026-04-15,05092,2026-04-15,SCHEDULED,60,1.0
2026-04-16T06:45:31Z,0509232026-04-15,05092,2026-04-15,SCHEDULED,60,1.0
2026-04-16T06:45:31Z,1390012026-04-15,13900,2026-04-15,SCHEDULED,1620,27.0
2026-04-16T06:45:31Z,1390112026-04-15,13901,2026-04-15,SCHEDULED,300,5.0
2026-04-16T06:45:31Z,0527322026-04-15,05273,2026-04-15,SCHEDULED,240,4.0
2026-04-16T06:45:31Z,0527312026-04-15,05273,2026-04-15,SCHEDULED,240,4.0
2026-04-16T06:45:31Z,0508042026-04-15,05080,2026-04-15,SCHEDULED,60,1.0
2026-04-16T06:45:31Z,0508032026-04-15,05080,2026-04-15,SCHEDULED,60,1.0
2026-04-16T06:45:31Z,0508012026-04-15,05080,2026-04-15,SCHEDULED,60,1.0
2026-04-16T06:45:31Z,0508022026-04-15,05080,2026-04-15,SCHEDULED,60,1.0
2026-04-16T06:45:31Z,1412362026-04-15,14123,2026-04-15,SCHEDULED,720,12.0
2026-04-16T06:45:31Z,1412342026-04-15,14123,2026-04-15,SCHEDULED,720,12.0
2026-04-16T06:45:31Z,1412352026-04-15,14123,2026-04-15,SCHEDULED,720,12.0
2026-04-16T06:45:31Z,1412312026-04-15,14123,2026-04-15,SCHEDULED,720,12.0
2026-04-16T06:45:31Z,1412332026-04-15,14123,2026-04-15,SCHEDULED,720,12.0
2026-04-16T06:45:31Z,1412322026-04-15,14123,2026-04-15,SCHEDULED,720,12.0
2026-04-16T06:45:31Z,0566812026-04-15,05668,2026-04-15,SCHEDULED,720,12.0
2026-04-16T06:45:31Z,1451512026-04-15,14515,2026-04-15,SCHEDULED,-1560,-26.0
2026-04-16T06:45:31Z,1500412026-04-15,15004,2026-04-15,SCHEDULED,180,3.0
2026-04-16T06:45:31Z,0576312026-04-15,05763,2026-04-15,SCHEDULED,-120,-2.0
2026-04-16T06:45:31Z,0576322026-04-15,05763,2026-04-15,SCHEDULED,-120,-2.0
2026-04-16T06:45:31Z,0576332026-04-15,05763,2026-04-15,SCHEDULED,-120,-2.0
2026-04-16T06:45:31Z,1504112026-04-15,15041,2026-04-15,SCHEDULED,1080,18.0
2026-04-16T06:45:31Z,1504212026-04-15,15042,2026-04-15,SCHEDULED,120,2.0
2026-04-16T06:45:31Z,0807912026-04-15,08079,2026-04-15,SCHEDULED,960,16.0
2026-04-16T06:45:31Z,1563222026-04-15,15632,2026-04-15,SCHEDULED,420,7.0
2026-04-16T06:45:31Z,1563212026-04-15,15632,2026-04-15,SCHEDULED,420,7.0
2026-04-16T06:45:31Z,0808012026-04-15,08080,2026-04-15,SCHEDULED,360,6.0
2026-04-16T06:45:31Z,0808112026-04-15,08081,2026-04-15,SCHEDULED,960,16.0
2026-04-16T06:45:31Z,1564512026-04-15,15645,2026-04-15,SCHEDULED,60,1.0
2026-04-16T06:45:31Z,0808212026-04-15,08082,2026-04-15,SCHEDULED,180,3.0
2026-04-16T06:45:31Z,1572212026-04-15,15722,2026-04-15,SCHEDULED,1860,31.0
2026-04-16T06:45:31Z,0808512026-04-15,08085,2026-04-15,SCHEDULED,240,4.0
2026-04-16T06:45:31Z,1575312026-04-15,15753,2026-04-15,SCHEDULED,720,12.0
2026-04-16T06:45:31Z,1577412026-04-15,15774,2026-04-15,SCHEDULED,600,10.0
2026-04-16T06:45:31Z,0808712026-04-15,08087,2026-04-15,SCHEDULED,-60,-1.0
2026-04-16T06:45:31Z,1577812026-04-15,15778,2026-04-15,SCHEDULED,420,7.0
2026-04-16T06:45:31Z,1580212026-04-15,15802,2026-04-15,SCHEDULED,300,5.0
2026-04-16T06:45:31Z,0827512026-04-15,08275,2026-04-15,SCHEDULED,300,5.0
2026-04-16T06:45:31Z,1585012026-04-15,15850,2026-04-15,SCHEDULED,420,7.0
2026-04-16T06:45:31Z,0828312026-04-15,08283,2026-04-15,SCHEDULED,1500,25.0
2026-04-16T06:45:31Z,1590012026-04-15,15900,2026-04-15,SCHEDULED,660,11.0
2026-04-16T06:45:31Z,0828712026-04-15,08287,2026-04-15,SCHEDULED,60,1.0
2026-04-16T06:45:31Z,1590412026-04-15,15904,2026-04-15,SCHEDULED,300,5.0
2026-04-16T06:45:31Z,0847512026-04-15,08475,2026-04-15,SCHEDULED,240,4.0
2026-04-16T06:45:31Z,0908212026-04-15,09082,2026-04-15,SCHEDULED,60,1.0
2026-04-16T06:45:31Z,0908312026-04-15,09083,2026-04-15,SCHEDULED,120,2.0
2026-04-16T06:45:31Z,1700812026-04-15,17008,2026-04-15,SCHEDULED,1260,21.0
2026-04-16T06:45:31Z,1702112026-04-15,17021,2026-04-15,SCHEDULED,420,7.0
2026-04-16T06:45:31Z,0908522026-04-15,09085,2026-04-15,SCHEDULED,120,2.0
2026-04-16T06:45:31Z,0908512026-04-15,09085,2026-04-15,SCHEDULED,120,2.0
2026-04-16T06:45:31Z,1720112026-04-15,17201,2026-04-15,SCHEDULED,480,8.0
2026-04-16T06:45:31Z,0908712026-04-15,09087,2026-04-15,SCHEDULED,120,2.0
2026-04-16T06:45:31Z,1750312026-04-15,17503,2026-04-15,SCHEDULED,60,1.0
2026-04-16T06:45:31Z,0948012026-04-15,09480,2026-04-15,SCHEDULED,180,3.0
2026-04-16T06:45:31Z,0394012026-04-15,03940,2026-04-15,SCHEDULED,600,10.0
2026-04-16T06:45:31Z,1780612026-04-15,17806,2026-04-15,SCHEDULED,420,7.0
2026-04-16T06:45:31Z,1800112026-04-15,18001,2026-04-15,SCHEDULED,120,2.0
2026-04-16T06:45:31Z,1803112026-04-15,18031,2026-04-15,SCHEDULED,240,4.0
2026-04-16T06:45:31Z,0019042026-04-16,00190,2026-04-16,SCHEDULED,120,2.0
2026-04-16T06:45:31Z,0019032026-04-16,00190,2026-04-16,SCHEDULED,120,2.0
2026-04-16T06:45:31Z,0019012026-04-16,00190,2026-04-16,SCHEDULED,120,2.0
2026-04-16T06:45:31Z,0019022026-04-16,00190,2026-04-16,SCHEDULED,120,2.0
2026-04-16T06:45:31Z,0029122026-04-16,00291,2026-04-16,SCHEDULED,660,11.0
2026-04-16T06:45:31Z,0029112026-04-16,00291,2026-04-16,SCHEDULED,660,11.0
2026-04-16T06:45:31Z,1804112026-04-15,18041,2026-04-15,SCHEDULED,4620,77.0
2026-04-16T06:45:31Z,1805412026-04-15,18054,2026-04-15,SCHEDULED,840,14.0
2026-04-16T06:45:31Z,0029322026-04-16,00293,2026-04-16,SCHEDULED,180,3.0
2026-04-16T06:45:31Z,0029312026-04-16,00293,2026-04-16,SCHEDULED,180,3.0
2026-04-16T06:45:31Z,1807112026-04-15,18071,2026-04-15,SCHEDULED,-180,-3.0
2026-04-16T06:45:31Z,1807422026-04-15,18074,2026-04-15,SCHEDULED,60,1.0
2026-04-16T06:45:31Z,1807412026-04-15,18074,2026-04-15,SCHEDULED,60,1.0
2026-04-16T06:45:31Z,0053322026-04-16,00533,2026-04-16,SCHEDULED,720,12.0
2026-04-16T06:45:31Z,0053312026-04-16,00533,2026-04-16,SCHEDULED,720,12.0
2026-04-16T06:45:31Z,0060112026-04-16,00601,2026-04-16,SCHEDULED,240,4.0
2026-04-16T06:45:31Z,1800212026-04-15,18002,2026-04-15,SCHEDULED,1080,18.0
2026-04-16T06:45:31Z,1800222026-04-15,18002,2026-04-15,SCHEDULED,1080,18.0
2026-04-16T06:45:31Z,1800242026-04-15,18002,2026-04-15,SCHEDULED,1080,18.0
2026-04-16T06:45:31Z,0027622026-04-16,00276,2026-04-16,SCHEDULED,-60,-1.0
2026-04-16T06:45:31Z,0027612026-04-16,00276,2026-04-16,SCHEDULED,-60,-1.0
2026-04-16T06:45:31Z,1806612026-04-15,18066,2026-04-15,SCHEDULED,360,6.0
2026-04-16T06:45:31Z,1812312026-04-15,18123,2026-04-15,SCHEDULED,1440,24.0
2026-04-16T06:45:31Z,0075222026-04-16,00752,2026-04-16,SCHEDULED,2340,39.0
2026-04-16T06:45:31Z,0075212026-04-16,00752,2026-04-16,SCHEDULED,2340,39.0
2026-04-16T06:45:31Z,1830012026-04-15,18300,2026-04-15,SCHEDULED,480,8.0
2026-04-16T06:45:31Z,0107112026-04-15,01071,2026-04-15,SCHEDULED,-60,-1.0
2026-04-16T06:45:31Z,0107212026-04-16,01072,2026-04-16,SCHEDULED,120,2.0
2026-04-16T06:45:31Z,1832122026-04-15,18321,2026-04-15,SCHEDULED,180,3.0
2026-04-16T06:45:31Z,1832112026-04-15,18321,2026-04-15,SCHEDULED,180,3.0
2026-04-16T06:45:31Z,0108122026-04-15,01081,2026-04-15,SCHEDULED,60,1.0
2026-04-16T06:45:31Z,0108112026-04-15,01081,2026-04-15,SCHEDULED,60,1.0
2026-04-16T06:45:31Z,0109212026-04-15,01092,2026-04-15,SCHEDULED,60,1.0
2026-04-16T06:45:31Z,1801012026-04-15,18010,2026-04-15,SCHEDULED,600,10.0
2026-04-16T06:45:31Z,1801022026-04-15,18010,2026-04-15,SCHEDULED,600,10.0
2026-04-16T06:45:31Z,1801032026-04-15,18010,2026-04-15,SCHEDULED,600,10.0
2026-04-16T06:45:31Z,0206712026-04-15,02067,2026-04-15,SCHEDULED,780,13.0
2026-04-16T06:45:31Z,1890112026-04-15,18901,2026-04-15,SCHEDULED,540,9.0
2026-04-16T06:45:31Z,0207012026-04-15,02070,2026-04-15,SCHEDULED,420,7.0
2026-04-16T06:45:31Z,1890012026-04-15,18900,2026-04-15,SCHEDULED,300,5.0
2026-04-16T06:45:31Z,0207112026-04-15,02071,2026-04-15,SCHEDULED,600,10.0
2026-04-16T06:45:31Z,1505012026-04-15,15050,2026-04-15,SCHEDULED,1800,30.0
2026-04-16T06:45:31Z,1600012026-04-15,16000,2026-04-15,SCHEDULED,60,1.0
2026-04-16T06:45:31Z,0207412026-04-16,02074,2026-04-16,SCHEDULED,240,4.0
2026-04-16T06:45:31Z,0207512026-04-16,02075,2026-04-16,SCHEDULED,1200,20.0
2026-04-16T06:45:31Z,1600112026-04-15,16001,2026-04-15,SCHEDULED,120,2.0
2026-04-16T06:45:31Z,1401812026-04-15,14018,2026-04-15,SCHEDULED,660,11.0
2026-04-16T06:45:31Z,0207612026-04-15,02076,2026-04-15,SCHEDULED,180,3.0
2026-04-16T06:45:31Z,0208012026-04-15,02080,2026-04-15,SCHEDULED,180,3.0
2026-04-16T06:45:31Z,1402012026-04-15,14020,2026-04-15,SCHEDULED,60,1.0
2026-04-16T06:45:31Z,0208112026-04-15,02081,2026-04-15,SCHEDULED,120,2.0
2026-04-16T06:45:31Z,0226112026-04-15,02261,2026-04-15,SCHEDULED,300,5.0
2026-04-16T06:45:31Z,3560452026-04-15,35604,2026-04-15,SCHEDULED,600,10.0
2026-04-16T06:45:31Z,3560442026-04-15,35604,2026-04-15,SCHEDULED,600,10.0
2026-04-16T06:45:31Z,3560412026-04-15,35604,2026-04-15,SCHEDULED,600,10.0
2026-04-16T06:45:31Z,3560422026-04-15,35604,2026-04-15,SCHEDULED,600,10.0
2026-04-16T06:45:31Z,0228512026-04-16,02285,2026-04-16,SCHEDULED,420,7.0
2026-04-16T06:45:31Z,1443212026-04-15,14432,2026-04-15,SCHEDULED,660,11.0
2026-04-16T06:45:31Z,0305212026-04-15,03052,2026-04-15,SCHEDULED,60,1.0
2026-04-16T06:45:31Z,0306012026-04-15,03060,2026-04-15,SCHEDULED,300,5.0
2026-04-16T06:45:31Z,1443522026-04-15,14435,2026-04-15,SCHEDULED,540,9.0
2026-04-16T06:45:31Z,1443512026-04-15,14435,2026-04-15,SCHEDULED,540,9.0
2026-04-16T06:45:31Z,1877332026-04-15,18773,2026-04-15,SCHEDULED,480,8.0
2026-04-16T06:45:31Z,1877312026-04-15,18773,2026-04-15,SCHEDULED,480,8.0
2026-04-16T06:45:31Z,0330142026-04-15,03301,2026-04-15,SCHEDULED,360,6.0
2026-04-16T06:45:31Z,0330132026-04-15,03301,2026-04-15,SCHEDULED,360,6.0
2026-04-16T06:45:31Z,0330112026-04-15,03301,2026-04-15,SCHEDULED,360,6.0
2026-04-16T06:45:31Z,0330122026-04-15,03301,2026-04-15,SCHEDULED,360,6.0
2026-04-16T06:45:31Z,1833122026-04-15,18331,2026-04-15,SCHEDULED,180,3.0
2026-04-16T06:45:31Z,1833112026-04-15,18331,2026-04-15,SCHEDULED,180,3.0
2026-04-16T06:45:31Z,0306242026-04-15,03062,2026-04-15,SCHEDULED,180,3.0
2026-04-16T06:45:31Z,0306232026-04-15,03062,2026-04-15,SCHEDULED,180,3.0
2026-04-16T06:45:31Z,0306212026-04-15,03062,2026-04-15,SCHEDULED,180,3.0
2026-04-16T06:45:31Z,0306222026-04-15,03062,2026-04-15,SCHEDULED,180,3.0
2026-04-16T06:45:31Z,7181112026-04-15,71811,2026-04-15,SCHEDULED,780,13.0
2026-04-16T06:45:31Z,7182012026-04-15,71820,2026-04-15,SCHEDULED,-180,-3.0
2026-04-16T06:45:31Z,0306312026-04-15,03063,2026-04-15,SCHEDULED,240,4.0
2026-04-16T06:45:31Z,0306322026-04-15,03063,2026-04-15,SCHEDULED,240,4.0
2026-04-16T06:45:31Z,0306332026-04-15,03063,2026-04-15,SCHEDULED,240,4.0
2026-04-16T06:45:31Z,7183012026-04-15,71830,2026-04-15,SCHEDULED,120,2.0
2026-04-16T06:45:31Z,0307012026-04-15,03070,2026-04-15,SCHEDULED,60,1.0
2026-04-16T06:45:31Z,0307112026-04-15,03071,2026-04-15,SCHEDULED,300,5.0
2026-04-16T06:45:31Z,7183112026-04-15,71831,2026-04-15,SCHEDULED,-60,-1.0
2026-04-16T06:45:31Z,7185012026-04-15,71850,2026-04-15,SCHEDULED,120,2.0
2026-04-16T06:45:31Z,0307322026-04-15,03073,2026-04-15,SCHEDULED,300,5.0
2026-04-16T06:45:31Z,0307312026-04-15,03073,2026-04-15,SCHEDULED,300,5.0
2026-04-16T06:45:31Z,7187012026-04-15,71870,2026-04-15,SCHEDULED,120,2.0
2026-04-16T06:45:31Z,0308012026-04-15,03080,2026-04-15,SCHEDULED,120,2.0
2026-04-16T06:45:31Z,0308112026-04-15,03081,2026-04-15,SCHEDULED,120,2.0
2026-04-16T06:45:31Z,1580822026-04-15,15808,2026-04-15,SCHEDULED,420,7.0
2026-04-16T06:45:31Z,1580812026-04-15,15808,2026-04-15,SCHEDULED,420,7.0
2026-04-16T06:45:31Z,0308212026-04-15,03082,2026-04-15,SCHEDULED,300,5.0
2026-04-16T06:45:31Z,0309212026-04-15,03092,2026-04-15,SCHEDULED,60,1.0
2026-04-16T06:45:31Z,0309222026-04-15,03092,2026-04-15,SCHEDULED,60,1.0
2026-04-16T06:45:31Z,0309232026-04-15,03092,2026-04-15,SCHEDULED,60,1.0
2026-04-16T06:45:31Z,0306242026-04-15,03062,2026-04-15,SCHEDULED,360,6.0
2026-04-16T06:45:31Z,0306232026-04-15,03062,2026-04-15,SCHEDULED,360,6.0
2026-04-16T06:45:31Z,0306212026-04-15,03062,2026-04-15,SCHEDULED,360,6.0
2026-04-16T06:45:31Z,0306222026-04-15,03062,2026-04-15,SCHEDULED,360,6.0
2026-04-16T06:45:31Z,0366222026-04-15,03662,2026-04-15,SCHEDULED,300,5.0
2026-04-16T06:45:31Z,0366212026-04-15,03662,2026-04-15,SCHEDULED,300,5.0
2026-04-16T06:45:31Z,0327212026-04-15,03272,2026-04-15,SCHEDULED,-60,-1.0
2026-04-16T06:45:31Z,0327222026-04-15,03272,2026-04-15,SCHEDULED,-60,-1.0
2026-04-16T06:45:31Z,0327232026-04-15,03272,2026-04-15,SCHEDULED,-60,-1.0
2026-04-16T06:45:31Z,0405612026-04-16,04056,2026-04-16,SCHEDULED,480,8.0
2026-04-16T06:45:31Z,0406012026-04-15,04060,2026-04-15,SCHEDULED,120,2.0
2026-04-16T06:45:31Z,0426112026-04-16,04261,2026-04-16,SCHEDULED,180,3.0
2026-04-16T06:45:31Z,7185112026-04-15,71851,2026-04-15,CANCELED,,
2026-04-16T06:45:31Z,1296312026-04-15,12963,2026-04-15,CANCELED,,
2026-04-16T06:45:31Z,1296212026-04-15,12962,2026-04-15,CANCELED,,
2026-04-16T06:45:31Z,7183112026-04-15,71831,2026-04-15,CANCELED,,
2026-04-16T06:50:28Z,0426112026-04-16,04261,2026-04-16,SCHEDULED,60,1.0
2026-04-16T06:50:28Z,0418642026-04-16,04186,2026-04-16,SCHEDULED,-180,-3.0
2026-04-16T06:50:28Z,0418632026-04-16,04186,2026-04-16,SCHEDULED,-180,-3.0
2026-04-16T06:50:28Z,0418612026-04-16,04186,2026-04-16,SCHEDULED,-180,-3.0
2026-04-16T06:50:28Z,0418622026-04-16,04186,2026-04-16,SCHEDULED,-180,-3.0
2026-04-16T06:50:28Z,0408712026-04-16,04087,2026-04-16,SCHEDULED,1620,27.0
2026-04-16T06:50:28Z,0973722026-04-15,09737,2026-04-15,SCHEDULED,180,3.0
2026-04-16T06:50:28Z,0973712026-04-15,09737,2026-04-15,SCHEDULED,180,3.0
2026-04-16T06:50:28Z,0208722026-04-15,02087,2026-04-15,SCHEDULED,-60,-1.0
2026-04-16T06:50:28Z,0208712026-04-15,02087,2026-04-15,SCHEDULED,-60,-1.0
2026-04-16T06:50:28Z,0407312026-04-16,04073,2026-04-16,SCHEDULED,840,14.0
2026-04-16T06:50:28Z,0407222026-04-16,04072,2026-04-16,SCHEDULED,240,4.0
2026-04-16T06:50:28Z,0407212026-04-16,04072,2026-04-16,SCHEDULED,240,4.0
2026-04-16T06:50:28Z,0429522026-04-15,04295,2026-04-15,SCHEDULED,-60,-1.0
2026-04-16T06:50:28Z,0429512026-04-15,04295,2026-04-15,SCHEDULED,-60,-1.0
2026-04-16T06:50:28Z,0415422026-04-15,04154,2026-04-15,SCHEDULED,1020,17.0
2026-04-16T06:50:28Z,0415412026-04-15,04154,2026-04-15,SCHEDULED,1020,17.0
2026-04-16T06:50:28Z,0062122026-04-16,00621,2026-04-16,SCHEDULED,-60,-1.0
2026-04-16T06:50:28Z,0062132026-04-16,00621,2026-04-16,SCHEDULED,-60,-1.0
2026-04-16T06:50:28Z,0062152026-04-16,00621,2026-04-16,SCHEDULED,-60,-1.0
2026-04-16T06:50:28Z,0062112026-04-16,00621,2026-04-16,SCHEDULED,-60,-1.0
2026-04-16T06:50:28Z,0062142026-04-16,00621,2026-04-16,SCHEDULED,-60,-1.0
2026-04-16T06:50:28Z,0446412026-04-15,04464,2026-04-15,SCHEDULED,420,7.0
2026-04-16T06:50:28Z,0436422026-04-15,04364,2026-04-15,SCHEDULED,300,5.0
2026-04-16T06:50:28Z,0436412026-04-15,04364,2026-04-15,SCHEDULED,300,5.0
2026-04-16T06:50:28Z,0468712026-04-16,04687,2026-04-16,SCHEDULED,180,3.0
2026-04-16T06:50:28Z,0063142026-04-16,00631,2026-04-16,SCHEDULED,360,6.0
2026-04-16T06:50:28Z,0063132026-04-16,00631,2026-04-16,SCHEDULED,360,6.0
2026-04-16T06:50:28Z,0063112026-04-16,00631,2026-04-16,SCHEDULED,360,6.0
2026-04-16T06:50:28Z,0063122026-04-16,00631,2026-04-16,SCHEDULED,360,6.0
2026-04-16T06:50:28Z,0507012026-04-15,05070,2026-04-15,SCHEDULED,360,6.0
2026-04-16T06:50:28Z,0507112026-04-15,05071,2026-04-15,SCHEDULED,-180,-3.0
2026-04-16T06:50:28Z,0507122026-04-15,05071,2026-04-15,SCHEDULED,-180,-3.0
2026-04-16T06:50:28Z,0507132026-04-15,05071,2026-04-15,SCHEDULED,-180,-3.0
2026-04-16T06:50:28Z,0507212026-04-15,05072,2026-04-15,SCHEDULED,420,7.0
2026-04-16T06:50:28Z,1210112026-04-15,12101,2026-04-15,SCHEDULED,-60,-1.0
2026-04-16T06:50:28Z,1210122026-04-15,12101,2026-04-15,SCHEDULED,-60,-1.0
2026-04-16T06:50:28Z,1210142026-04-15,12101,2026-04-15,SCHEDULED,-60,-1.0
2026-04-16T06:50:28Z,1261312026-04-15,12613,2026-04-15,SCHEDULED,780,13.0
2026-04-16T06:50:28Z,0509212026-04-15,05092,2026-04-15,SCHEDULED,60,1.0
2026-04-16T06:50:28Z,0509222026-04-15,05092,2026-04-15,SCHEDULED,60,1.0
2026-04-16T06:50:28Z,0509232026-04-15,05092,2026-04-15,SCHEDULED,60,1.0
2026-04-16T06:50:28Z,1261112026-04-15,12611,2026-04-15,SCHEDULED,660,11.0
2026-04-16T06:50:28Z,0527322026-04-15,05273,2026-04-15,SCHEDULED,240,4.0
2026-04-16T06:50:28Z,0527312026-04-15,05273,2026-04-15,SCHEDULED,240,4.0
2026-04-16T06:50:28Z,1264112026-04-15,12641,2026-04-15,SCHEDULED,600,10.0
2026-04-16T06:50:28Z,1264412026-04-15,12644,2026-04-15,SCHEDULED,300,5.0
2026-04-16T06:50:28Z,0508042026-04-15,05080,2026-04-15,SCHEDULED,60,1.0
2026-04-16T06:50:28Z,0508032026-04-15,05080,2026-04-15,SCHEDULED,60,1.0
2026-04-16T06:50:28Z,0508012026-04-15,05080,2026-04-15,SCHEDULED,60,1.0
2026-04-16T06:50:28Z,0508022026-04-15,05080,2026-04-15,SCHEDULED,60,1.0
2026-04-16T06:50:28Z,1300212026-04-15,13002,2026-04-15,SCHEDULED,420,7.0
2026-04-16T06:50:28Z,0566812026-04-15,05668,2026-04-15,SCHEDULED,720,12.0
2026-04-16T06:50:28Z,1303022026-04-15,13030,2026-04-15,SCHEDULED,540,9.0
2026-04-16T06:50:28Z,1303012026-04-15,13030,2026-04-15,SCHEDULED,540,9.0
2026-04-16T06:50:28Z,0576312026-04-15,05763,2026-04-15,SCHEDULED,-60,-1.0
2026-04-16T06:50:28Z,0576322026-04-15,05763,2026-04-15,SCHEDULED,-60,-1.0
2026-04-16T06:50:28Z,0576332026-04-15,05763,2026-04-15,SCHEDULED,-60,-1.0
2026-04-16T06:50:28Z,0587112026-04-15,05871,2026-04-15,SCHEDULED,-120,-2.0
2026-04-16T06:50:28Z,0807912026-04-15,08079,2026-04-15,SCHEDULED,900,15.0
2026-04-16T06:50:28Z,1302032026-04-15,13020,2026-04-15,SCHEDULED,420,7.0
2026-04-16T06:50:28Z,1302012026-04-15,13020,2026-04-15,SCHEDULED,420,7.0
2026-04-16T06:50:28Z,0808012026-04-15,08080,2026-04-15,SCHEDULED,300,5.0
2026-04-16T06:50:28Z,1300112026-04-15,13001,2026-04-15,SCHEDULED,360,6.0
2026-04-16T06:50:28Z,0808112026-04-15,08081,2026-04-15,SCHEDULED,960,16.0
2026-04-16T06:50:28Z,1300322026-04-15,13003,2026-04-15,SCHEDULED,480,8.0
2026-04-16T06:50:28Z,1300312026-04-15,13003,2026-04-15,SCHEDULED,480,8.0
2026-04-16T06:50:28Z,0808212026-04-15,08082,2026-04-15,SCHEDULED,180,3.0
2026-04-16T06:50:28Z,1390012026-04-15,13900,2026-04-15,SCHEDULED,1440,24.0
2026-04-16T06:50:28Z,0808512026-04-15,08085,2026-04-15,SCHEDULED,60,1.0
2026-04-16T06:50:28Z,1390112026-04-15,13901,2026-04-15,SCHEDULED,300,5.0
2026-04-16T06:50:28Z,0808712026-04-15,08087,2026-04-15,SCHEDULED,120,2.0
2026-04-16T06:50:28Z,0827512026-04-15,08275,2026-04-15,SCHEDULED,300,5.0
2026-04-16T06:50:28Z,0828712026-04-15,08287,2026-04-15,SCHEDULED,60,1.0
2026-04-16T06:50:28Z,1412362026-04-15,14123,2026-04-15,SCHEDULED,720,12.0
2026-04-16T06:50:28Z,1412342026-04-15,14123,2026-04-15,SCHEDULED,720,12.0
2026-04-16T06:50:28Z,1412352026-04-15,14123,2026-04-15,SCHEDULED,720,12.0
2026-04-16T06:50:28Z,1412312026-04-15,14123,2026-04-15,SCHEDULED,720,12.0
2026-04-16T06:50:28Z,1412332026-04-15,14123,2026-04-15,SCHEDULED,720,12.0
2026-04-16T06:50:28Z,1412322026-04-15,14123,2026-04-15,SCHEDULED,720,12.0
2026-04-16T06:50:28Z,0847512026-04-15,08475,2026-04-15,SCHEDULED,180,3.0
2026-04-16T06:50:28Z,1451512026-04-15,14515,2026-04-15,SCHEDULED,-1560,-26.0
2026-04-16T06:50:28Z,1500412026-04-15,15004,2026-04-15,SCHEDULED,180,3.0
2026-04-16T06:50:28Z,0908212026-04-15,09082,2026-04-15,SCHEDULED,60,1.0
2026-04-16T06:50:28Z,1504112026-04-15,15041,2026-04-15,SCHEDULED,1200,20.0
2026-04-16T06:50:28Z,0908312026-04-15,09083,2026-04-15,SCHEDULED,120,2.0
2026-04-16T06:50:28Z,1504212026-04-15,15042,2026-04-15,SCHEDULED,120,2.0
2026-04-16T06:50:28Z,0908522026-04-15,09085,2026-04-15,SCHEDULED,120,2.0
2026-04-16T06:50:28Z,0908512026-04-15,09085,2026-04-15,SCHEDULED,120,2.0
2026-04-16T06:50:28Z,0908712026-04-15,09087,2026-04-15,SCHEDULED,120,2.0
2026-04-16T06:50:28Z,1563222026-04-15,15632,2026-04-15,SCHEDULED,420,7.0
2026-04-16T06:50:28Z,1563212026-04-15,15632,2026-04-15,SCHEDULED,420,7.0
2026-04-16T06:50:28Z,0948012026-04-15,09480,2026-04-15,SCHEDULED,240,4.0
2026-04-16T06:50:28Z,0394012026-04-15,03940,2026-04-15,SCHEDULED,780,13.0
2026-04-16T06:50:28Z,1564512026-04-15,15645,2026-04-15,SCHEDULED,120,2.0
2026-04-16T06:50:28Z,1572212026-04-15,15722,2026-04-15,SCHEDULED,1920,32.0
2026-04-16T06:50:28Z,0019042026-04-16,00190,2026-04-16,SCHEDULED,120,2.0
2026-04-16T06:50:28Z,0019032026-04-16,00190,2026-04-16,SCHEDULED,120,2.0
2026-04-16T06:50:28Z,0019012026-04-16,00190,2026-04-16,SCHEDULED,120,2.0
2026-04-16T06:50:28Z,0019022026-04-16,00190,2026-04-16,SCHEDULED,120,2.0
2026-04-16T06:50:28Z,1577412026-04-15,15774,2026-04-15,SCHEDULED,600,10.0
2026-04-16T06:50:28Z,1577812026-04-15,15778,2026-04-15,SCHEDULED,480,8.0
2026-04-16T06:50:28Z,0029122026-04-16,00291,2026-04-16,SCHEDULED,660,11.0
2026-04-16T06:50:28Z,0029112026-04-16,00291,2026-04-16,SCHEDULED,660,11.0
2026-04-16T06:50:28Z,1580212026-04-15,15802,2026-04-15,SCHEDULED,300,5.0
2026-04-16T06:50:28Z,0029322026-04-16,00293,2026-04-16,SCHEDULED,180,3.0
2026-04-16T06:50:28Z,0029312026-04-16,00293,2026-04-16,SCHEDULED,180,3.0
2026-04-16T06:50:28Z,0053322026-04-16,00533,2026-04-16,SCHEDULED,720,12.0
2026-04-16T06:50:28Z,0053312026-04-16,00533,2026-04-16,SCHEDULED,720,12.0
2026-04-16T06:50:28Z,1590012026-04-15,15900,2026-04-15,SCHEDULED,660,11.0
2026-04-16T06:50:28Z,0060112026-04-16,00601,2026-04-16,SCHEDULED,180,3.0
2026-04-16T06:50:28Z,1590412026-04-15,15904,2026-04-15,SCHEDULED,180,3.0
2026-04-16T06:50:28Z,0027622026-04-16,00276,2026-04-16,SCHEDULED,-60,-1.0
2026-04-16T06:50:28Z,0027612026-04-16,00276,2026-04-16,SCHEDULED,-60,-1.0
2026-04-16T06:50:28Z,0075222026-04-16,00752,2026-04-16,SCHEDULED,2280,38.0
2026-04-16T06:50:28Z,0075212026-04-16,00752,2026-04-16,SCHEDULED,2280,38.0
2026-04-16T06:50:28Z,0107112026-04-15,01071,2026-04-15,SCHEDULED,-60,-1.0
2026-04-16T06:50:28Z,1600012026-04-15,16000,2026-04-15,SCHEDULED,-60,-1.0
2026-04-16T06:50:28Z,0107212026-04-16,01072,2026-04-16,SCHEDULED,180,3.0
2026-04-16T06:50:28Z,1700812026-04-15,17008,2026-04-15,SCHEDULED,1200,20.0
2026-04-16T06:50:28Z,1702112026-04-15,17021,2026-04-15,SCHEDULED,360,6.0
2026-04-16T06:50:28Z,0109212026-04-15,01092,2026-04-15,SCHEDULED,240,4.0
2026-04-16T06:50:28Z,0206712026-04-15,02067,2026-04-15,SCHEDULED,780,13.0
2026-04-16T06:50:28Z,1720112026-04-15,17201,2026-04-15,SCHEDULED,480,8.0
2026-04-16T06:50:28Z,0207012026-04-15,02070,2026-04-15,SCHEDULED,420,7.0
2026-04-16T06:50:28Z,1750312026-04-15,17503,2026-04-15,SCHEDULED,120,2.0
2026-04-16T06:50:28Z,0207112026-04-15,02071,2026-04-15,SCHEDULED,600,10.0
2026-04-16T06:50:28Z,1780612026-04-15,17806,2026-04-15,SCHEDULED,300,5.0
2026-04-16T06:50:28Z,0207412026-04-16,02074,2026-04-16,SCHEDULED,360,6.0
2026-04-16T06:50:28Z,1800112026-04-15,18001,2026-04-15,SCHEDULED,-60,-1.0
2026-04-16T06:50:28Z,0207512026-04-16,02075,2026-04-16,SCHEDULED,1560,26.0
2026-04-16T06:50:28Z,1803112026-04-15,18031,2026-04-15,SCHEDULED,240,4.0
2026-04-16T06:50:28Z,0207612026-04-15,02076,2026-04-15,SCHEDULED,300,5.0
2026-04-16T06:50:28Z,0208012026-04-15,02080,2026-04-15,SCHEDULED,120,2.0
2026-04-16T06:50:28Z,0208112026-04-15,02081,2026-04-15,SCHEDULED,60,1.0
2026-04-16T06:50:28Z,1804112026-04-15,18041,2026-04-15,SCHEDULED,4560,76.0
2026-04-16T06:50:28Z,0226112026-04-15,02261,2026-04-15,SCHEDULED,120,2.0
2026-04-16T06:50:28Z,1805412026-04-15,18054,2026-04-15,SCHEDULED,840,14.0
2026-04-16T06:50:28Z,0228512026-04-16,02285,2026-04-16,SCHEDULED,360,6.0
2026-04-16T06:50:28Z,1807112026-04-15,18071,2026-04-15,SCHEDULED,-180,-3.0
2026-04-16T06:50:28Z,0305212026-04-15,03052,2026-04-15,SCHEDULED,60,1.0
2026-04-16T06:50:28Z,0306012026-04-15,03060,2026-04-15,SCHEDULED,480,8.0
2026-04-16T06:50:28Z,1800212026-04-15,18002,2026-04-15,SCHEDULED,1320,22.0
2026-04-16T06:50:28Z,1800222026-04-15,18002,2026-04-15,SCHEDULED,1320,22.0
2026-04-16T06:50:28Z,1800242026-04-15,18002,2026-04-15,SCHEDULED,1320,22.0
2026-04-16T06:50:28Z,0330142026-04-15,03301,2026-04-15,SCHEDULED,480,8.0
2026-04-16T06:50:28Z,0330132026-04-15,03301,2026-04-15,SCHEDULED,480,8.0
2026-04-16T06:50:28Z,0330112026-04-15,03301,2026-04-15,SCHEDULED,480,8.0
2026-04-16T06:50:28Z,0330122026-04-15,03301,2026-04-15,SCHEDULED,480,8.0
2026-04-16T06:50:28Z,1806612026-04-15,18066,2026-04-15,SCHEDULED,360,6.0
2026-04-16T06:50:28Z,1812312026-04-15,18123,2026-04-15,SCHEDULED,1380,23.0
2026-04-16T06:50:28Z,1830012026-04-15,18300,2026-04-15,SCHEDULED,480,8.0
2026-04-16T06:50:28Z,0306242026-04-15,03062,2026-04-15,SCHEDULED,180,3.0
2026-04-16T06:50:28Z,0306232026-04-15,03062,2026-04-15,SCHEDULED,180,3.0
2026-04-16T06:50:28Z,0306212026-04-15,03062,2026-04-15,SCHEDULED,180,3.0
2026-04-16T06:50:28Z,0306222026-04-15,03062,2026-04-15,SCHEDULED,180,3.0
2026-04-16T06:50:28Z,1832122026-04-15,18321,2026-04-15,SCHEDULED,120,2.0
2026-04-16T06:50:28Z,1832112026-04-15,18321,2026-04-15,SCHEDULED,120,2.0
2026-04-16T06:50:28Z,1801012026-04-15,18010,2026-04-15,SCHEDULED,600,10.0
2026-04-16T06:50:28Z,1801022026-04-15,18010,2026-04-15,SCHEDULED,600,10.0
2026-04-16T06:50:28Z,1801032026-04-15,18010,2026-04-15,SCHEDULED,600,10.0
2026-04-16T06:50:28Z,0306312026-04-15,03063,2026-04-15,SCHEDULED,120,2.0
2026-04-16T06:50:28Z,0306322026-04-15,03063,2026-04-15,SCHEDULED,120,2.0
2026-04-16T06:50:28Z,0306332026-04-15,03063,2026-04-15,SCHEDULED,120,2.0
2026-04-16T06:50:28Z,1890112026-04-15,18901,2026-04-15,SCHEDULED,540,9.0
2026-04-16T06:50:28Z,0307012026-04-15,03070,2026-04-15,SCHEDULED,-60,-1.0
2026-04-16T06:50:28Z,1890012026-04-15,18900,2026-04-15,SCHEDULED,180,3.0
2026-04-16T06:50:28Z,0307112026-04-15,03071,2026-04-15,SCHEDULED,300,5.0
2026-04-16T06:50:28Z,1505012026-04-15,15050,2026-04-15,SCHEDULED,1860,31.0
2026-04-16T06:50:28Z,1600012026-04-15,16000,2026-04-15,SCHEDULED,60,1.0
2026-04-16T06:50:28Z,0307322026-04-15,03073,2026-04-15,SCHEDULED,240,4.0
2026-04-16T06:50:28Z,0307312026-04-15,03073,2026-04-15,SCHEDULED,240,4.0
2026-04-16T06:50:28Z,1401812026-04-15,14018,2026-04-15,SCHEDULED,660,11.0
2026-04-16T06:50:28Z,0308012026-04-15,03080,2026-04-15,SCHEDULED,120,2.0
2026-04-16T06:50:28Z,1402012026-04-15,14020,2026-04-15,SCHEDULED,60,1.0
2026-04-16T06:50:28Z,0308112026-04-15,03081,2026-04-15,SCHEDULED,120,2.0
2026-04-16T06:50:28Z,0308212026-04-15,03082,2026-04-15,SCHEDULED,300,5.0
2026-04-16T06:50:28Z,0309212026-04-15,03092,2026-04-15,SCHEDULED,120,2.0
2026-04-16T06:50:28Z,0309222026-04-15,03092,2026-04-15,SCHEDULED,120,2.0
2026-04-16T06:50:28Z,0309232026-04-15,03092,2026-04-15,SCHEDULED,120,2.0
2026-04-16T06:50:28Z,3560452026-04-15,35604,2026-04-15,SCHEDULED,600,10.0
2026-04-16T06:50:28Z,3560442026-04-15,35604,2026-04-15,SCHEDULED,600,10.0
2026-04-16T06:50:28Z,3560412026-04-15,35604,2026-04-15,SCHEDULED,600,10.0
2026-04-16T06:50:28Z,3560422026-04-15,35604,2026-04-15,SCHEDULED,600,10.0
2026-04-16T06:50:28Z,1443212026-04-15,14432,2026-04-15,SCHEDULED,720,12.0
2026-04-16T06:50:28Z,0306242026-04-15,03062,2026-04-15,SCHEDULED,420,7.0
2026-04-16T06:50:28Z,0306232026-04-15,03062,2026-04-15,SCHEDULED,420,7.0
2026-04-16T06:50:28Z,0306212026-04-15,03062,2026-04-15,SCHEDULED,420,7.0
2026-04-16T06:50:28Z,0306222026-04-15,03062,2026-04-15,SCHEDULED,420,7.0
2026-04-16T06:50:28Z,1443522026-04-15,14435,2026-04-15,SCHEDULED,540,9.0
2026-04-16T06:50:28Z,1443512026-04-15,14435,2026-04-15,SCHEDULED,540,9.0
2026-04-16T06:50:28Z,0366222026-04-15,03662,2026-04-15,SCHEDULED,300,5.0
2026-04-16T06:50:28Z,0366212026-04-15,03662,2026-04-15,SCHEDULED,300,5.0
2026-04-16T06:50:28Z,1877332026-04-15,18773,2026-04-15,SCHEDULED,480,8.0
2026-04-16T06:50:28Z,1877312026-04-15,18773,2026-04-15,SCHEDULED,480,8.0
2026-04-16T06:50:28Z,1833122026-04-15,18331,2026-04-15,SCHEDULED,180,3.0
2026-04-16T06:50:28Z,1833112026-04-15,18331,2026-04-15,SCHEDULED,180,3.0
2026-04-16T06:50:28Z,0327212026-04-15,03272,2026-04-15,SCHEDULED,-180,-3.0
2026-04-16T06:50:28Z,0327222026-04-15,03272,2026-04-15,SCHEDULED,-180,-3.0
2026-04-16T06:50:28Z,0327232026-04-15,03272,2026-04-15,SCHEDULED,-180,-3.0
2026-04-16T06:50:28Z,0405612026-04-16,04056,2026-04-16,SCHEDULED,360,6.0
2026-04-16T06:50:28Z,0406012026-04-15,04060,2026-04-15,SCHEDULED,120,2.0
2026-04-16T06:50:28Z,7181112026-04-15,71811,2026-04-15,SCHEDULED,720,12.0
2026-04-16T06:50:28Z,7182012026-04-15,71820,2026-04-15,SCHEDULED,-60,-1.0
2026-04-16T06:50:28Z,7183012026-04-15,71830,2026-04-15,SCHEDULED,120,2.0
2026-04-16T06:50:28Z,7183112026-04-15,71831,2026-04-15,SCHEDULED,-300,-5.0
2026-04-16T06:50:28Z,7185012026-04-15,71850,2026-04-15,SCHEDULED,120,2.0
2026-04-16T06:50:28Z,7187012026-04-15,71870,2026-04-15,SCHEDULED,180,3.0
2026-04-16T06:50:28Z,1580822026-04-15,15808,2026-04-15,SCHEDULED,420,7.0
2026-04-16T06:50:28Z,1580812026-04-15,15808,2026-04-15,SCHEDULED,420,7.0
2026-04-16T06:50:28Z,1296312026-04-15,12963,2026-04-15,CANCELED,,
2026-04-16T06:50:28Z,7185112026-04-15,71851,2026-04-15,CANCELED,,
2026-04-16T06:50:28Z,1262312026-04-15,12623,2026-04-15,CANCELED,,
2026-04-16T06:50:28Z,7183112026-04-15,71831,2026-04-15,CANCELED,,
2026-04-16T06:50:28Z,1296212026-04-15,12962,2026-04-15,CANCELED,,
2026-04-16T06:55:26Z,0426112026-04-16,04261,2026-04-16,SCHEDULED,-240,-4.0
2026-04-16T06:55:26Z,0418642026-04-16,04186,2026-04-16,SCHEDULED,-180,-3.0
2026-04-16T06:55:26Z,0418632026-04-16,04186,2026-04-16,SCHEDULED,-180,-3.0
2026-04-16T06:55:26Z,0418612026-04-16,04186,2026-04-16,SCHEDULED,-180,-3.0
2026-04-16T06:55:26Z,0418622026-04-16,04186,2026-04-16,SCHEDULED,-180,-3.0
2026-04-16T06:55:26Z,0973722026-04-15,09737,2026-04-15,SCHEDULED,120,2.0
2026-04-16T06:55:26Z,0973712026-04-15,09737,2026-04-15,SCHEDULED,120,2.0
2026-04-16T06:55:26Z,0408712026-04-16,04087,2026-04-16,SCHEDULED,1620,27.0
2026-04-16T06:55:26Z,0208722026-04-15,02087,2026-04-15,SCHEDULED,-60,-1.0
2026-04-16T06:55:26Z,0208712026-04-15,02087,2026-04-15,SCHEDULED,-60,-1.0
2026-04-16T06:55:26Z,0408612026-04-16,04086,2026-04-16,SCHEDULED,-60,-1.0
2026-04-16T06:55:26Z,0408622026-04-16,04086,2026-04-16,SCHEDULED,-60,-1.0
2026-04-16T06:55:26Z,0408632026-04-16,04086,2026-04-16,SCHEDULED,-60,-1.0
2026-04-16T06:55:26Z,0407312026-04-16,04073,2026-04-16,SCHEDULED,660,11.0
2026-04-16T06:55:26Z,0407222026-04-16,04072,2026-04-16,SCHEDULED,240,4.0
2026-04-16T06:55:26Z,0407212026-04-16,04072,2026-04-16,SCHEDULED,240,4.0
2026-04-16T06:55:26Z,0062122026-04-16,00621,2026-04-16,SCHEDULED,-60,-1.0
2026-04-16T06:55:26Z,0062132026-04-16,00621,2026-04-16,SCHEDULED,-60,-1.0
2026-04-16T06:55:26Z,0062152026-04-16,00621,2026-04-16,SCHEDULED,-60,-1.0
2026-04-16T06:55:26Z,0062112026-04-16,00621,2026-04-16,SCHEDULED,-60,-1.0
2026-04-16T06:55:26Z,0062142026-04-16,00621,2026-04-16,SCHEDULED,-60,-1.0
2026-04-16T06:55:26Z,0063142026-04-16,00631,2026-04-16,SCHEDULED,1020,17.0
2026-04-16T06:55:26Z,0063132026-04-16,00631,2026-04-16,SCHEDULED,1020,17.0
2026-04-16T06:55:26Z,0063112026-04-16,00631,2026-04-16,SCHEDULED,1020,17.0
2026-04-16T06:55:26Z,0063122026-04-16,00631,2026-04-16,SCHEDULED,1020,17.0
2026-04-16T06:55:26Z,0069712026-04-16,00697,2026-04-16,SCHEDULED,-60,-1.0
2026-04-16T06:55:26Z,0415422026-04-15,04154,2026-04-15,SCHEDULED,1080,18.0
2026-04-16T06:55:26Z,0415412026-04-15,04154,2026-04-15,SCHEDULED,1080,18.0
2026-04-16T06:55:26Z,0446412026-04-15,04464,2026-04-15,SCHEDULED,360,6.0
2026-04-16T06:55:26Z,1210112026-04-15,12101,2026-04-15,SCHEDULED,-120,-2.0
2026-04-16T06:55:26Z,1210122026-04-15,12101,2026-04-15,SCHEDULED,-120,-2.0
2026-04-16T06:55:26Z,1210142026-04-15,12101,2026-04-15,SCHEDULED,-120,-2.0
2026-04-16T06:55:26Z,0436422026-04-15,04364,2026-04-15,SCHEDULED,360,6.0
2026-04-16T06:55:26Z,0436412026-04-15,04364,2026-04-15,SCHEDULED,360,6.0
2026-04-16T06:55:26Z,1261312026-04-15,12613,2026-04-15,SCHEDULED,780,13.0
2026-04-16T06:55:26Z,1261112026-04-15,12611,2026-04-15,SCHEDULED,660,11.0
2026-04-16T06:55:26Z,0468712026-04-16,04687,2026-04-16,SCHEDULED,60,1.0
2026-04-16T06:55:26Z,1264112026-04-15,12641,2026-04-15,SCHEDULED,480,8.0
2026-04-16T06:55:26Z,1264412026-04-15,12644,2026-04-15,SCHEDULED,300,5.0
2026-04-16T06:55:26Z,0489922026-04-16,04899,2026-04-16,SCHEDULED,240,4.0
2026-04-16T06:55:26Z,0489912026-04-16,04899,2026-04-16,SCHEDULED,240,4.0
2026-04-16T06:55:26Z,1300212026-04-15,13002,2026-04-15,SCHEDULED,360,6.0
2026-04-16T06:55:26Z,0507012026-04-15,05070,2026-04-15,SCHEDULED,300,5.0
2026-04-16T06:55:26Z,1303022026-04-15,13030,2026-04-15,SCHEDULED,600,10.0
2026-04-16T06:55:26Z,1303012026-04-15,13030,2026-04-15,SCHEDULED,600,10.0
2026-04-16T06:55:26Z,0507112026-04-15,05071,2026-04-15,SCHEDULED,-120,-2.0
2026-04-16T06:55:26Z,0507122026-04-15,05071,2026-04-15,SCHEDULED,-120,-2.0
2026-04-16T06:55:26Z,0507132026-04-15,05071,2026-04-15,SCHEDULED,-120,-2.0
2026-04-16T06:55:26Z,0507212026-04-15,05072,2026-04-15,SCHEDULED,360,6.0
2026-04-16T06:55:26Z,1302032026-04-15,13020,2026-04-15,SCHEDULED,420,7.0
2026-04-16T06:55:26Z,1302012026-04-15,13020,2026-04-15,SCHEDULED,420,7.0
2026-04-16T06:55:26Z,1300112026-04-15,13001,2026-04-15,SCHEDULED,420,7.0
2026-04-16T06:55:26Z,1300322026-04-15,13003,2026-04-15,SCHEDULED,480,8.0
2026-04-16T06:55:26Z,1300312026-04-15,13003,2026-04-15,SCHEDULED,480,8.0
2026-04-16T06:55:26Z,0509212026-04-15,05092,2026-04-15,SCHEDULED,60,1.0
2026-04-16T06:55:26Z,0509222026-04-15,05092,2026-04-15,SCHEDULED,60,1.0
2026-04-16T06:55:26Z,0509232026-04-15,05092,2026-04-15,SCHEDULED,60,1.0
2026-04-16T06:55:26Z,1309912026-04-15,13099,2026-04-15,SCHEDULED,240,4.0
2026-04-16T06:55:26Z,0527322026-04-15,05273,2026-04-15,SCHEDULED,360,6.0
2026-04-16T06:55:26Z,0527312026-04-15,05273,2026-04-15,SCHEDULED,360,6.0
2026-04-16T06:55:26Z,1390012026-04-15,13900,2026-04-15,SCHEDULED,1440,24.0
2026-04-16T06:55:26Z,1390212026-04-15,13902,2026-04-15,SCHEDULED,1680,28.0
2026-04-16T06:55:26Z,1390112026-04-15,13901,2026-04-15,SCHEDULED,600,10.0
2026-04-16T06:55:26Z,0508042026-04-15,05080,2026-04-15,SCHEDULED,180,3.0
2026-04-16T06:55:26Z,0508032026-04-15,05080,2026-04-15,SCHEDULED,180,3.0
2026-04-16T06:55:26Z,0508012026-04-15,05080,2026-04-15,SCHEDULED,180,3.0
2026-04-16T06:55:26Z,0508022026-04-15,05080,2026-04-15,SCHEDULED,180,3.0
2026-04-16T06:55:26Z,0566812026-04-15,05668,2026-04-15,SCHEDULED,900,15.0
2026-04-16T06:55:26Z,1412362026-04-15,14123,2026-04-15,SCHEDULED,660,11.0
2026-04-16T06:55:26Z,1412342026-04-15,14123,2026-04-15,SCHEDULED,660,11.0
2026-04-16T06:55:26Z,1412352026-04-15,14123,2026-04-15,SCHEDULED,660,11.0
2026-04-16T06:55:26Z,1412312026-04-15,14123,2026-04-15,SCHEDULED,660,11.0
2026-04-16T06:55:26Z,1412332026-04-15,14123,2026-04-15,SCHEDULED,660,11.0
2026-04-16T06:55:26Z,1412322026-04-15,14123,2026-04-15,SCHEDULED,660,11.0
2026-04-16T06:55:26Z,0576312026-04-15,05763,2026-04-15,SCHEDULED,-60,-1.0
2026-04-16T06:55:26Z,0576322026-04-15,05763,2026-04-15,SCHEDULED,-60,-1.0
2026-04-16T06:55:26Z,0576332026-04-15,05763,2026-04-15,SCHEDULED,-60,-1.0
2026-04-16T06:55:26Z,1451512026-04-15,14515,2026-04-15,SCHEDULED,-1560,-26.0
2026-04-16T06:55:26Z,0587112026-04-15,05871,2026-04-15,SCHEDULED,-120,-2.0
2026-04-16T06:55:26Z,1500412026-04-15,15004,2026-04-15,SCHEDULED,60,1.0
2026-04-16T06:55:26Z,0807912026-04-15,08079,2026-04-15,SCHEDULED,900,15.0
2026-04-16T06:55:26Z,1504112026-04-15,15041,2026-04-15,SCHEDULED,1200,20.0
2026-04-16T06:55:26Z,0808012026-04-15,08080,2026-04-15,SCHEDULED,300,5.0
2026-04-16T06:55:26Z,0808112026-04-15,08081,2026-04-15,SCHEDULED,900,15.0
2026-04-16T06:55:26Z,0808512026-04-15,08085,2026-04-15,SCHEDULED,60,1.0
2026-04-16T06:55:26Z,1563222026-04-15,15632,2026-04-15,SCHEDULED,480,8.0
2026-04-16T06:55:26Z,1563212026-04-15,15632,2026-04-15,SCHEDULED,480,8.0
2026-04-16T06:55:26Z,0808712026-04-15,08087,2026-04-15,SCHEDULED,180,3.0
2026-04-16T06:55:26Z,1564012026-04-15,15640,2026-04-15,SCHEDULED,300,5.0
2026-04-16T06:55:26Z,0827512026-04-15,08275,2026-04-15,SCHEDULED,300,5.0
2026-04-16T06:55:26Z,1564512026-04-15,15645,2026-04-15,SCHEDULED,60,1.0
2026-04-16T06:55:26Z,0828712026-04-15,08287,2026-04-15,SCHEDULED,120,2.0
2026-04-16T06:55:26Z,1572212026-04-15,15722,2026-04-15,SCHEDULED,1920,32.0
2026-04-16T06:55:26Z,0847512026-04-15,08475,2026-04-15,SCHEDULED,180,3.0
2026-04-16T06:55:26Z,1577412026-04-15,15774,2026-04-15,SCHEDULED,600,10.0
2026-04-16T06:55:26Z,1577812026-04-15,15778,2026-04-15,SCHEDULED,540,9.0
2026-04-16T06:55:26Z,0908212026-04-15,09082,2026-04-15,SCHEDULED,60,1.0
2026-04-16T06:55:26Z,1580212026-04-15,15802,2026-04-15,SCHEDULED,300,5.0
2026-04-16T06:55:26Z,0908312026-04-15,09083,2026-04-15,SCHEDULED,180,3.0
2026-04-16T06:55:26Z,0908522026-04-15,09085,2026-04-15,SCHEDULED,120,2.0
2026-04-16T06:55:26Z,0908512026-04-15,09085,2026-04-15,SCHEDULED,120,2.0
2026-04-16T06:55:26Z,0908712026-04-15,09087,2026-04-15,SCHEDULED,180,3.0
2026-04-16T06:55:26Z,1590012026-04-15,15900,2026-04-15,SCHEDULED,660,11.0
2026-04-16T06:55:26Z,0948012026-04-15,09480,2026-04-15,SCHEDULED,240,4.0
2026-04-16T06:55:26Z,0394012026-04-15,03940,2026-04-15,SCHEDULED,780,13.0
2026-04-16T06:55:26Z,1590412026-04-15,15904,2026-04-15,SCHEDULED,180,3.0
2026-04-16T06:55:26Z,1890012026-04-15,18900,2026-04-15,SCHEDULED,240,4.0
2026-04-16T06:55:26Z,0019042026-04-16,00190,2026-04-16,SCHEDULED,120,2.0
2026-04-16T06:55:26Z,0019032026-04-16,00190,2026-04-16,SCHEDULED,120,2.0
2026-04-16T06:55:26Z,0019012026-04-16,00190,2026-04-16,SCHEDULED,120,2.0
2026-04-16T06:55:26Z,0019022026-04-16,00190,2026-04-16,SCHEDULED,120,2.0
2026-04-16T06:55:26Z,1505012026-04-15,15050,2026-04-15,SCHEDULED,1740,29.0
2026-04-16T06:55:26Z,0029122026-04-16,00291,2026-04-16,SCHEDULED,660,11.0
2026-04-16T06:55:26Z,0029112026-04-16,00291,2026-04-16,SCHEDULED,660,11.0
2026-04-16T06:55:26Z,1600012026-04-15,16000,2026-04-15,SCHEDULED,60,1.0
2026-04-16T06:55:26Z,0029322026-04-16,00293,2026-04-16,SCHEDULED,180,3.0
2026-04-16T06:55:26Z,0029312026-04-16,00293,2026-04-16,SCHEDULED,180,3.0
2026-04-16T06:55:26Z,1600112026-04-15,16001,2026-04-15,SCHEDULED,-60,-1.0
2026-04-16T06:55:26Z,0053322026-04-16,00533,2026-04-16,SCHEDULED,480,8.0
2026-04-16T06:55:26Z,0053312026-04-16,00533,2026-04-16,SCHEDULED,480,8.0
2026-04-16T06:55:26Z,1401812026-04-15,14018,2026-04-15,SCHEDULED,840,14.0
2026-04-16T06:55:26Z,0043812026-04-16,00438,2026-04-16,SCHEDULED,60,1.0
2026-04-16T06:55:26Z,0043822026-04-16,00438,2026-04-16,SCHEDULED,60,1.0
2026-04-16T06:55:26Z,0043832026-04-16,00438,2026-04-16,SCHEDULED,60,1.0
2026-04-16T06:55:26Z,0060112026-04-16,00601,2026-04-16,SCHEDULED,180,3.0
2026-04-16T06:55:26Z,0027622026-04-16,00276,2026-04-16,SCHEDULED,-60,-1.0
2026-04-16T06:55:26Z,0027612026-04-16,00276,2026-04-16,SCHEDULED,-60,-1.0
2026-04-16T06:55:26Z,1402012026-04-15,14020,2026-04-15,SCHEDULED,180,3.0
2026-04-16T06:55:26Z,0075222026-04-16,00752,2026-04-16,SCHEDULED,2280,38.0
2026-04-16T06:55:26Z,0075212026-04-16,00752,2026-04-16,SCHEDULED,2280,38.0
2026-04-16T06:55:26Z,3560452026-04-15,35604,2026-04-15,SCHEDULED,720,12.0
2026-04-16T06:55:26Z,3560442026-04-15,35604,2026-04-15,SCHEDULED,720,12.0
2026-04-16T06:55:26Z,3560412026-04-15,35604,2026-04-15,SCHEDULED,720,12.0
2026-04-16T06:55:26Z,3560422026-04-15,35604,2026-04-15,SCHEDULED,720,12.0
2026-04-16T06:55:26Z,0107212026-04-16,01072,2026-04-16,SCHEDULED,180,3.0
2026-04-16T06:55:26Z,1443212026-04-15,14432,2026-04-15,SCHEDULED,660,11.0
2026-04-16T06:55:26Z,0108122026-04-15,01081,2026-04-15,SCHEDULED,60,1.0
2026-04-16T06:55:26Z,0108112026-04-15,01081,2026-04-15,SCHEDULED,60,1.0
2026-04-16T06:55:26Z,1443522026-04-15,14435,2026-04-15,SCHEDULED,600,10.0
2026-04-16T06:55:26Z,1443512026-04-15,14435,2026-04-15,SCHEDULED,600,10.0
2026-04-16T06:55:26Z,0109212026-04-15,01092,2026-04-15,SCHEDULED,240,4.0
2026-04-16T06:55:26Z,0206712026-04-15,02067,2026-04-15,SCHEDULED,720,12.0
2026-04-16T06:55:26Z,1833122026-04-15,18331,2026-04-15,SCHEDULED,180,3.0
2026-04-16T06:55:26Z,1833112026-04-15,18331,2026-04-15,SCHEDULED,180,3.0
2026-04-16T06:55:26Z,0207012026-04-15,02070,2026-04-15,SCHEDULED,420,7.0
2026-04-16T06:55:26Z,0207112026-04-15,02071,2026-04-15,SCHEDULED,600,10.0
2026-04-16T06:55:26Z,0207412026-04-16,02074,2026-04-16,SCHEDULED,360,6.0
2026-04-16T06:55:26Z,7181112026-04-15,71811,2026-04-15,SCHEDULED,720,12.0
2026-04-16T06:55:26Z,0207512026-04-16,02075,2026-04-16,SCHEDULED,1680,28.0
2026-04-16T06:55:26Z,7182012026-04-15,71820,2026-04-15,SCHEDULED,-60,-1.0
2026-04-16T06:55:26Z,0207612026-04-15,02076,2026-04-15,SCHEDULED,300,5.0
2026-04-16T06:55:26Z,7183012026-04-15,71830,2026-04-15,SCHEDULED,300,5.0
2026-04-16T06:55:26Z,0208012026-04-15,02080,2026-04-15,SCHEDULED,120,2.0
2026-04-16T06:55:26Z,7183112026-04-15,71831,2026-04-15,SCHEDULED,-300,-5.0
2026-04-16T06:55:26Z,0208112026-04-15,02081,2026-04-15,SCHEDULED,60,1.0
2026-04-16T06:55:26Z,7185012026-04-15,71850,2026-04-15,SCHEDULED,120,2.0
2026-04-16T06:55:26Z,7187012026-04-15,71870,2026-04-15,SCHEDULED,-60,-1.0
2026-04-16T06:55:26Z,0228512026-04-16,02285,2026-04-16,SCHEDULED,360,6.0
2026-04-16T06:55:26Z,0306012026-04-15,03060,2026-04-15,SCHEDULED,480,8.0
2026-04-16T06:55:26Z,1580822026-04-15,15808,2026-04-15,SCHEDULED,480,8.0
2026-04-16T06:55:26Z,1580812026-04-15,15808,2026-04-15,SCHEDULED,480,8.0
2026-04-16T06:55:26Z,1600012026-04-15,16000,2026-04-15,SCHEDULED,-60,-1.0
2026-04-16T06:55:26Z,0330142026-04-15,03301,2026-04-15,SCHEDULED,420,7.0
2026-04-16T06:55:26Z,0330132026-04-15,03301,2026-04-15,SCHEDULED,420,7.0
2026-04-16T06:55:26Z,0330112026-04-15,03301,2026-04-15,SCHEDULED,420,7.0
2026-04-16T06:55:26Z,0330122026-04-15,03301,2026-04-15,SCHEDULED,420,7.0
2026-04-16T06:55:26Z,1700812026-04-15,17008,2026-04-15,SCHEDULED,1140,19.0
2026-04-16T06:55:26Z,1702112026-04-15,17021,2026-04-15,SCHEDULED,420,7.0
2026-04-16T06:55:26Z,1720112026-04-15,17201,2026-04-15,SCHEDULED,480,8.0
2026-04-16T06:55:26Z,0306242026-04-15,03062,2026-04-15,SCHEDULED,120,2.0
2026-04-16T06:55:26Z,0306232026-04-15,03062,2026-04-15,SCHEDULED,120,2.0
2026-04-16T06:55:26Z,0306212026-04-15,03062,2026-04-15,SCHEDULED,120,2.0
2026-04-16T06:55:26Z,0306222026-04-15,03062,2026-04-15,SCHEDULED,120,2.0
2026-04-16T06:55:26Z,1750312026-04-15,17503,2026-04-15,SCHEDULED,120,2.0
2026-04-16T06:55:26Z,1800112026-04-15,18001,2026-04-15,SCHEDULED,-60,-1.0
2026-04-16T06:55:26Z,1803112026-04-15,18031,2026-04-15,SCHEDULED,420,7.0
2026-04-16T06:55:26Z,0306312026-04-15,03063,2026-04-15,SCHEDULED,120,2.0
2026-04-16T06:55:26Z,0306322026-04-15,03063,2026-04-15,SCHEDULED,120,2.0
2026-04-16T06:55:26Z,0306332026-04-15,03063,2026-04-15,SCHEDULED,120,2.0
2026-04-16T06:55:26Z,0307012026-04-15,03070,2026-04-15,SCHEDULED,-60,-1.0
2026-04-16T06:55:26Z,1804112026-04-15,18041,2026-04-15,SCHEDULED,4620,77.0
2026-04-16T06:55:26Z,0307112026-04-15,03071,2026-04-15,SCHEDULED,180,3.0
2026-04-16T06:55:26Z,1805412026-04-15,18054,2026-04-15,SCHEDULED,780,13.0
2026-04-16T06:55:26Z,1807112026-04-15,18071,2026-04-15,SCHEDULED,-180,-3.0
2026-04-16T06:55:26Z,0307322026-04-15,03073,2026-04-15,SCHEDULED,120,2.0
2026-04-16T06:55:26Z,0307312026-04-15,03073,2026-04-15,SCHEDULED,120,2.0
2026-04-16T06:55:26Z,0308012026-04-15,03080,2026-04-15,SCHEDULED,120,2.0
2026-04-16T06:55:26Z,1800212026-04-15,18002,2026-04-15,SCHEDULED,1140,19.0
2026-04-16T06:55:26Z,1800222026-04-15,18002,2026-04-15,SCHEDULED,1140,19.0
2026-04-16T06:55:26Z,1800242026-04-15,18002,2026-04-15,SCHEDULED,1140,19.0
2026-04-16T06:55:26Z,1806612026-04-15,18066,2026-04-15,SCHEDULED,360,6.0
2026-04-16T06:55:26Z,1812312026-04-15,18123,2026-04-15,SCHEDULED,1440,24.0
2026-04-16T06:55:26Z,0308112026-04-15,03081,2026-04-15,SCHEDULED,240,4.0
2026-04-16T06:55:26Z,1830012026-04-15,18300,2026-04-15,SCHEDULED,420,7.0
2026-04-16T06:55:26Z,0308212026-04-15,03082,2026-04-15,SCHEDULED,420,7.0
2026-04-16T06:55:26Z,0308312026-04-15,03083,2026-04-15,SCHEDULED,60,1.0
2026-04-16T06:55:26Z,1832122026-04-15,18321,2026-04-15,SCHEDULED,180,3.0
2026-04-16T06:55:26Z,1832112026-04-15,18321,2026-04-15,SCHEDULED,180,3.0
2026-04-16T06:55:26Z,0309212026-04-15,03092,2026-04-15,SCHEDULED,120,2.0
2026-04-16T06:55:26Z,0309222026-04-15,03092,2026-04-15,SCHEDULED,120,2.0
2026-04-16T06:55:26Z,0309232026-04-15,03092,2026-04-15,SCHEDULED,120,2.0
2026-04-16T06:55:26Z,1801012026-04-15,18010,2026-04-15,SCHEDULED,660,11.0
2026-04-16T06:55:26Z,1801022026-04-15,18010,2026-04-15,SCHEDULED,660,11.0
2026-04-16T06:55:26Z,1801032026-04-15,18010,2026-04-15,SCHEDULED,660,11.0
2026-04-16T06:55:26Z,1890112026-04-15,18901,2026-04-15,SCHEDULED,660,11.0
2026-04-16T06:55:26Z,0306242026-04-15,03062,2026-04-15,SCHEDULED,540,9.0
2026-04-16T06:55:26Z,0306232026-04-15,03062,2026-04-15,SCHEDULED,540,9.0
2026-04-16T06:55:26Z,0306212026-04-15,03062,2026-04-15,SCHEDULED,540,9.0
2026-04-16T06:55:26Z,0306222026-04-15,03062,2026-04-15,SCHEDULED,540,9.0
2026-04-16T06:55:26Z,0366222026-04-15,03662,2026-04-15,SCHEDULED,300,5.0
2026-04-16T06:55:26Z,0366212026-04-15,03662,2026-04-15,SCHEDULED,300,5.0
2026-04-16T06:55:26Z,0327212026-04-15,03272,2026-04-15,SCHEDULED,-180,-3.0
2026-04-16T06:55:26Z,0327222026-04-15,03272,2026-04-15,SCHEDULED,-180,-3.0
2026-04-16T06:55:26Z,0327232026-04-15,03272,2026-04-15,SCHEDULED,-180,-3.0
2026-04-16T06:55:26Z,0405612026-04-16,04056,2026-04-16,SCHEDULED,360,6.0
2026-04-16T06:55:26Z,1296312026-04-15,12963,2026-04-15,CANCELED,,
2026-04-16T06:55:26Z,7185112026-04-15,71851,2026-04-15,CANCELED,,
2026-04-16T06:55:26Z,1262312026-04-15,12623,2026-04-15,CANCELED,,
2026-04-16T06:55:26Z,7183112026-04-15,71831,2026-04-15,CANCELED,,
2026-04-16T06:55:26Z,1296212026-04-15,12962,2026-04-15,CANCELED,,
2026-04-16T07:00:48Z,0426112026-04-16,04261,2026-04-16,SCHEDULED,-240,-4.0
2026-04-16T07:00:48Z,0208722026-04-15,02087,2026-04-15,SCHEDULED,-60,-1.0
2026-04-16T07:00:48Z,0208712026-04-15,02087,2026-04-15,SCHEDULED,-60,-1.0
2026-04-16T07:00:48Z,0407312026-04-16,04073,2026-04-16,SCHEDULED,720,12.0
2026-04-16T07:00:48Z,0418642026-04-16,04186,2026-04-16,SCHEDULED,-180,-3.0
2026-04-16T07:00:48Z,0418632026-04-16,04186,2026-04-16,SCHEDULED,-180,-3.0
2026-04-16T07:00:48Z,0418612026-04-16,04186,2026-04-16,SCHEDULED,-180,-3.0
2026-04-16T07:00:48Z,0418622026-04-16,04186,2026-04-16,SCHEDULED,-180,-3.0
2026-04-16T07:00:48Z,0408712026-04-16,04087,2026-04-16,SCHEDULED,1800,30.0
2026-04-16T07:00:48Z,0062122026-04-16,00621,2026-04-16,SCHEDULED,-180,-3.0
2026-04-16T07:00:48Z,0062132026-04-16,00621,2026-04-16,SCHEDULED,-180,-3.0
2026-04-16T07:00:48Z,0062152026-04-16,00621,2026-04-16,SCHEDULED,-180,-3.0
2026-04-16T07:00:48Z,0062112026-04-16,00621,2026-04-16,SCHEDULED,-180,-3.0
2026-04-16T07:00:48Z,0062142026-04-16,00621,2026-04-16,SCHEDULED,-180,-3.0
2026-04-16T07:00:48Z,0408612026-04-16,04086,2026-04-16,SCHEDULED,-180,-3.0
2026-04-16T07:00:48Z,0408622026-04-16,04086,2026-04-16,SCHEDULED,-180,-3.0
2026-04-16T07:00:48Z,0408632026-04-16,04086,2026-04-16,SCHEDULED,-180,-3.0
2026-04-16T07:00:48Z,0408812026-04-16,04088,2026-04-16,SCHEDULED,60,1.0
2026-04-16T07:00:48Z,0408822026-04-16,04088,2026-04-16,SCHEDULED,60,1.0
2026-04-16T07:00:48Z,0408832026-04-16,04088,2026-04-16,SCHEDULED,60,1.0
2026-04-16T07:00:48Z,0063142026-04-16,00631,2026-04-16,SCHEDULED,960,16.0
2026-04-16T07:00:48Z,0063132026-04-16,00631,2026-04-16,SCHEDULED,960,16.0
2026-04-16T07:00:48Z,0063112026-04-16,00631,2026-04-16,SCHEDULED,960,16.0
2026-04-16T07:00:48Z,0063122026-04-16,00631,2026-04-16,SCHEDULED,960,16.0
2026-04-16T07:00:48Z,0069712026-04-16,00697,2026-04-16,SCHEDULED,-60,-1.0
2026-04-16T07:00:48Z,0407222026-04-16,04072,2026-04-16,SCHEDULED,240,4.0
2026-04-16T07:00:48Z,0407212026-04-16,04072,2026-04-16,SCHEDULED,240,4.0
2026-04-16T07:00:48Z,0447512026-04-15,04475,2026-04-15,SCHEDULED,60,1.0
2026-04-16T07:00:48Z,1210112026-04-15,12101,2026-04-15,SCHEDULED,-120,-2.0
2026-04-16T07:00:48Z,1210122026-04-15,12101,2026-04-15,SCHEDULED,-120,-2.0
2026-04-16T07:00:48Z,1210142026-04-15,12101,2026-04-15,SCHEDULED,-120,-2.0
2026-04-16T07:00:48Z,1261312026-04-15,12613,2026-04-15,SCHEDULED,720,12.0
2026-04-16T07:00:48Z,0429522026-04-15,04295,2026-04-15,SCHEDULED,-60,-1.0
2026-04-16T07:00:48Z,0429512026-04-15,04295,2026-04-15,SCHEDULED,-60,-1.0
2026-04-16T07:00:48Z,1261112026-04-15,12611,2026-04-15,SCHEDULED,660,11.0
2026-04-16T07:00:48Z,0415422026-04-15,04154,2026-04-15,SCHEDULED,1080,18.0
2026-04-16T07:00:48Z,0415412026-04-15,04154,2026-04-15,SCHEDULED,1080,18.0
2026-04-16T07:00:48Z,1264112026-04-15,12641,2026-04-15,SCHEDULED,480,8.0
2026-04-16T07:00:48Z,0446412026-04-15,04464,2026-04-15,SCHEDULED,360,6.0
2026-04-16T07:00:48Z,1264412026-04-15,12644,2026-04-15,SCHEDULED,180,3.0
2026-04-16T07:00:48Z,1300212026-04-15,13002,2026-04-15,SCHEDULED,360,6.0
2026-04-16T07:00:48Z,0436422026-04-15,04364,2026-04-15,SCHEDULED,360,6.0
2026-04-16T07:00:48Z,0436412026-04-15,04364,2026-04-15,SCHEDULED,360,6.0
2026-04-16T07:00:48Z,0468712026-04-16,04687,2026-04-16,SCHEDULED,60,1.0
2026-04-16T07:00:48Z,1303022026-04-15,13030,2026-04-15,SCHEDULED,540,9.0
2026-04-16T07:00:48Z,1303012026-04-15,13030,2026-04-15,SCHEDULED,540,9.0
2026-04-16T07:00:48Z,0489922026-04-16,04899,2026-04-16,SCHEDULED,240,4.0
2026-04-16T07:00:48Z,0489912026-04-16,04899,2026-04-16,SCHEDULED,240,4.0
2026-04-16T07:00:48Z,1300512026-04-15,13005,2026-04-15,SCHEDULED,-60,-1.0
2026-04-16T07:00:48Z,0507012026-04-15,05070,2026-04-15,SCHEDULED,300,5.0
2026-04-16T07:00:48Z,1302032026-04-15,13020,2026-04-15,SCHEDULED,480,8.0
2026-04-16T07:00:48Z,1302012026-04-15,13020,2026-04-15,SCHEDULED,480,8.0
2026-04-16T07:00:48Z,1300112026-04-15,13001,2026-04-15,SCHEDULED,360,6.0
2026-04-16T07:00:48Z,0507112026-04-15,05071,2026-04-15,SCHEDULED,-120,-2.0
2026-04-16T07:00:48Z,0507122026-04-15,05071,2026-04-15,SCHEDULED,-120,-2.0
2026-04-16T07:00:48Z,0507132026-04-15,05071,2026-04-15,SCHEDULED,-120,-2.0
2026-04-16T07:00:48Z,0507212026-04-15,05072,2026-04-15,SCHEDULED,360,6.0
2026-04-16T07:00:48Z,1300322026-04-15,13003,2026-04-15,SCHEDULED,540,9.0
2026-04-16T07:00:48Z,1300312026-04-15,13003,2026-04-15,SCHEDULED,540,9.0
2026-04-16T07:00:48Z,1309912026-04-15,13099,2026-04-15,SCHEDULED,300,5.0
2026-04-16T07:00:48Z,1390012026-04-15,13900,2026-04-15,SCHEDULED,1440,24.0
2026-04-16T07:00:48Z,0509212026-04-15,05092,2026-04-15,SCHEDULED,60,1.0
2026-04-16T07:00:48Z,0509222026-04-15,05092,2026-04-15,SCHEDULED,60,1.0
2026-04-16T07:00:48Z,0509232026-04-15,05092,2026-04-15,SCHEDULED,60,1.0
2026-04-16T07:00:48Z,1390212026-04-15,13902,2026-04-15,SCHEDULED,1560,26.0
2026-04-16T07:00:48Z,0527322026-04-15,05273,2026-04-15,SCHEDULED,360,6.0
2026-04-16T07:00:48Z,0527312026-04-15,05273,2026-04-15,SCHEDULED,360,6.0
2026-04-16T07:00:48Z,1390112026-04-15,13901,2026-04-15,SCHEDULED,600,10.0
2026-04-16T07:00:48Z,0508042026-04-15,05080,2026-04-15,SCHEDULED,60,1.0
2026-04-16T07:00:48Z,0508032026-04-15,05080,2026-04-15,SCHEDULED,60,1.0
2026-04-16T07:00:48Z,0508012026-04-15,05080,2026-04-15,SCHEDULED,60,1.0
2026-04-16T07:00:48Z,0508022026-04-15,05080,2026-04-15,SCHEDULED,60,1.0
2026-04-16T07:00:48Z,0566812026-04-15,05668,2026-04-15,SCHEDULED,900,15.0
2026-04-16T07:00:48Z,0576312026-04-15,05763,2026-04-15,SCHEDULED,60,1.0
2026-04-16T07:00:48Z,0576322026-04-15,05763,2026-04-15,SCHEDULED,60,1.0
2026-04-16T07:00:48Z,0576332026-04-15,05763,2026-04-15,SCHEDULED,60,1.0
2026-04-16T07:00:48Z,0807912026-04-15,08079,2026-04-15,SCHEDULED,900,15.0
2026-04-16T07:00:48Z,0808012026-04-15,08080,2026-04-15,SCHEDULED,180,3.0
2026-04-16T07:00:48Z,1412362026-04-15,14123,2026-04-15,SCHEDULED,720,12.0
2026-04-16T07:00:48Z,1412342026-04-15,14123,2026-04-15,SCHEDULED,720,12.0
2026-04-16T07:00:48Z,1412352026-04-15,14123,2026-04-15,SCHEDULED,720,12.0
2026-04-16T07:00:48Z,1412312026-04-15,14123,2026-04-15,SCHEDULED,720,12.0
2026-04-16T07:00:48Z,1412332026-04-15,14123,2026-04-15,SCHEDULED,720,12.0
2026-04-16T07:00:48Z,1412322026-04-15,14123,2026-04-15,SCHEDULED,720,12.0
2026-04-16T07:00:48Z,0808112026-04-15,08081,2026-04-15,SCHEDULED,900,15.0
2026-04-16T07:00:48Z,0808512026-04-15,08085,2026-04-15,SCHEDULED,180,3.0
2026-04-16T07:00:48Z,1451512026-04-15,14515,2026-04-15,SCHEDULED,-1560,-26.0
2026-04-16T07:00:48Z,0808712026-04-15,08087,2026-04-15,SCHEDULED,120,2.0
2026-04-16T07:00:48Z,1500312026-04-15,15003,2026-04-15,SCHEDULED,660,11.0
2026-04-16T07:00:48Z,0808812026-04-15,08088,2026-04-15,SCHEDULED,-60,-1.0
2026-04-16T07:00:48Z,0827512026-04-15,08275,2026-04-15,SCHEDULED,540,9.0
2026-04-16T07:00:48Z,1504112026-04-15,15041,2026-04-15,SCHEDULED,1500,25.0
2026-04-16T07:00:48Z,0828712026-04-15,08287,2026-04-15,SCHEDULED,120,2.0
2026-04-16T07:00:48Z,0847512026-04-15,08475,2026-04-15,SCHEDULED,-60,-1.0
2026-04-16T07:00:48Z,1563222026-04-15,15632,2026-04-15,SCHEDULED,480,8.0
2026-04-16T07:00:48Z,1563212026-04-15,15632,2026-04-15,SCHEDULED,480,8.0
2026-04-16T07:00:48Z,0908212026-04-15,09082,2026-04-15,SCHEDULED,60,1.0
2026-04-16T07:00:48Z,1564012026-04-15,15640,2026-04-15,SCHEDULED,180,3.0
2026-04-16T07:00:48Z,0908312026-04-15,09083,2026-04-15,SCHEDULED,240,4.0
2026-04-16T07:00:48Z,1564512026-04-15,15645,2026-04-15,SCHEDULED,60,1.0
2026-04-16T07:00:48Z,0908522026-04-15,09085,2026-04-15,SCHEDULED,360,6.0
2026-04-16T07:00:48Z,0908512026-04-15,09085,2026-04-15,SCHEDULED,360,6.0
2026-04-16T07:00:48Z,1572212026-04-15,15722,2026-04-15,SCHEDULED,1920,32.0
2026-04-16T07:00:48Z,0908712026-04-15,09087,2026-04-15,SCHEDULED,180,3.0
2026-04-16T07:00:48Z,1577412026-04-15,15774,2026-04-15,SCHEDULED,840,14.0
2026-04-16T07:00:48Z,0948012026-04-15,09480,2026-04-15,SCHEDULED,240,4.0
2026-04-16T07:00:48Z,1577812026-04-15,15778,2026-04-15,SCHEDULED,480,8.0
2026-04-16T07:00:48Z,0394012026-04-15,03940,2026-04-15,SCHEDULED,720,12.0
2026-04-16T07:00:48Z,1580212026-04-15,15802,2026-04-15,SCHEDULED,480,8.0
2026-04-16T07:00:48Z,1585212026-04-15,15852,2026-04-15,SCHEDULED,120,2.0
2026-04-16T07:00:48Z,0019042026-04-16,00190,2026-04-16,SCHEDULED,60,1.0
2026-04-16T07:00:48Z,0019032026-04-16,00190,2026-04-16,SCHEDULED,60,1.0
2026-04-16T07:00:48Z,0019012026-04-16,00190,2026-04-16,SCHEDULED,60,1.0
2026-04-16T07:00:48Z,0019022026-04-16,00190,2026-04-16,SCHEDULED,60,1.0
2026-04-16T07:00:48Z,1590012026-04-15,15900,2026-04-15,SCHEDULED,660,11.0
2026-04-16T07:00:48Z,0029122026-04-16,00291,2026-04-16,SCHEDULED,780,13.0
2026-04-16T07:00:48Z,0029112026-04-16,00291,2026-04-16,SCHEDULED,780,13.0
2026-04-16T07:00:48Z,1590412026-04-15,15904,2026-04-15,SCHEDULED,300,5.0
2026-04-16T07:00:48Z,0029322026-04-16,00293,2026-04-16,SCHEDULED,120,2.0
2026-04-16T07:00:48Z,0029312026-04-16,00293,2026-04-16,SCHEDULED,120,2.0
2026-04-16T07:00:48Z,1601922026-04-15,16019,2026-04-15,SCHEDULED,60,1.0
2026-04-16T07:00:48Z,1601912026-04-15,16019,2026-04-15,SCHEDULED,60,1.0
2026-04-16T07:00:48Z,0053322026-04-16,00533,2026-04-16,SCHEDULED,480,8.0
2026-04-16T07:00:48Z,0053312026-04-16,00533,2026-04-16,SCHEDULED,480,8.0
2026-04-16T07:00:48Z,1700812026-04-15,17008,2026-04-15,SCHEDULED,1140,19.0
2026-04-16T07:00:48Z,1702112026-04-15,17021,2026-04-15,SCHEDULED,420,7.0
2026-04-16T07:00:48Z,0043812026-04-16,00438,2026-04-16,SCHEDULED,60,1.0
2026-04-16T07:00:48Z,0043822026-04-16,00438,2026-04-16,SCHEDULED,60,1.0
2026-04-16T07:00:48Z,0043832026-04-16,00438,2026-04-16,SCHEDULED,60,1.0
2026-04-16T07:00:48Z,1720112026-04-15,17201,2026-04-15,SCHEDULED,480,8.0
2026-04-16T07:00:48Z,0060112026-04-16,00601,2026-04-16,SCHEDULED,180,3.0
2026-04-16T07:00:48Z,1750312026-04-15,17503,2026-04-15,SCHEDULED,240,4.0
2026-04-16T07:00:48Z,0027622026-04-16,00276,2026-04-16,SCHEDULED,-60,-1.0
2026-04-16T07:00:48Z,0027612026-04-16,00276,2026-04-16,SCHEDULED,-60,-1.0
2026-04-16T07:00:48Z,1800112026-04-15,18001,2026-04-15,SCHEDULED,60,1.0
2026-04-16T07:00:48Z,1803112026-04-15,18031,2026-04-15,SCHEDULED,300,5.0
2026-04-16T07:00:48Z,0075222026-04-16,00752,2026-04-16,SCHEDULED,2520,42.0
2026-04-16T07:00:48Z,0075212026-04-16,00752,2026-04-16,SCHEDULED,2520,42.0
2026-04-16T07:00:48Z,1803312026-04-15,18033,2026-04-15,SCHEDULED,60,1.0
2026-04-16T07:00:48Z,0107112026-04-15,01071,2026-04-15,SCHEDULED,120,2.0
2026-04-16T07:00:48Z,1804112026-04-15,18041,2026-04-15,SCHEDULED,4740,79.0
2026-04-16T07:00:48Z,0107212026-04-16,01072,2026-04-16,SCHEDULED,420,7.0
2026-04-16T07:00:48Z,1805412026-04-15,18054,2026-04-15,SCHEDULED,780,13.0
2026-04-16T07:00:48Z,1807112026-04-15,18071,2026-04-15,SCHEDULED,-180,-3.0
2026-04-16T07:00:48Z,0108122026-04-15,01081,2026-04-15,SCHEDULED,60,1.0
2026-04-16T07:00:48Z,0108112026-04-15,01081,2026-04-15,SCHEDULED,60,1.0
2026-04-16T07:00:48Z,1807422026-04-15,18074,2026-04-15,SCHEDULED,60,1.0
2026-04-16T07:00:48Z,1807412026-04-15,18074,2026-04-15,SCHEDULED,60,1.0
2026-04-16T07:00:48Z,1800212026-04-15,18002,2026-04-15,SCHEDULED,1320,22.0
2026-04-16T07:00:48Z,1800222026-04-15,18002,2026-04-15,SCHEDULED,1320,22.0
2026-04-16T07:00:48Z,1800242026-04-15,18002,2026-04-15,SCHEDULED,1320,22.0
2026-04-16T07:00:48Z,1806612026-04-15,18066,2026-04-15,SCHEDULED,420,7.0
2026-04-16T07:00:48Z,0206712026-04-15,02067,2026-04-15,SCHEDULED,660,11.0
2026-04-16T07:00:48Z,1812312026-04-15,18123,2026-04-15,SCHEDULED,1500,25.0
2026-04-16T07:00:48Z,0207012026-04-15,02070,2026-04-15,SCHEDULED,600,10.0
2026-04-16T07:00:48Z,0207112026-04-15,02071,2026-04-15,SCHEDULED,660,11.0
2026-04-16T07:00:48Z,1830012026-04-15,18300,2026-04-15,SCHEDULED,420,7.0
2026-04-16T07:00:48Z,0207412026-04-16,02074,2026-04-16,SCHEDULED,300,5.0
2026-04-16T07:00:48Z,1832122026-04-15,18321,2026-04-15,SCHEDULED,120,2.0
2026-04-16T07:00:48Z,1832112026-04-15,18321,2026-04-15,SCHEDULED,120,2.0
2026-04-16T07:00:48Z,0207512026-04-16,02075,2026-04-16,SCHEDULED,1680,28.0
2026-04-16T07:00:48Z,0207612026-04-15,02076,2026-04-15,SCHEDULED,240,4.0
2026-04-16T07:00:48Z,1801012026-04-15,18010,2026-04-15,SCHEDULED,660,11.0
2026-04-16T07:00:48Z,1801022026-04-15,18010,2026-04-15,SCHEDULED,660,11.0
2026-04-16T07:00:48Z,1801032026-04-15,18010,2026-04-15,SCHEDULED,660,11.0
2026-04-16T07:00:48Z,0208012026-04-15,02080,2026-04-15,SCHEDULED,300,5.0
2026-04-16T07:00:48Z,1890112026-04-15,18901,2026-04-15,SCHEDULED,720,12.0
2026-04-16T07:00:48Z,0208112026-04-15,02081,2026-04-15,SCHEDULED,180,3.0
2026-04-16T07:00:48Z,1890012026-04-15,18900,2026-04-15,SCHEDULED,300,5.0
2026-04-16T07:00:48Z,1505012026-04-15,15050,2026-04-15,SCHEDULED,1560,26.0
2026-04-16T07:00:48Z,0228512026-04-16,02285,2026-04-16,SCHEDULED,360,6.0
2026-04-16T07:00:48Z,1401812026-04-15,14018,2026-04-15,SCHEDULED,900,15.0
2026-04-16T07:00:48Z,0306012026-04-15,03060,2026-04-15,SCHEDULED,480,8.0
2026-04-16T07:00:48Z,1402012026-04-15,14020,2026-04-15,SCHEDULED,180,3.0
2026-04-16T07:00:48Z,0330142026-04-15,03301,2026-04-15,SCHEDULED,300,5.0
2026-04-16T07:00:48Z,0330132026-04-15,03301,2026-04-15,SCHEDULED,300,5.0
2026-04-16T07:00:48Z,0330112026-04-15,03301,2026-04-15,SCHEDULED,300,5.0
2026-04-16T07:00:48Z,0330122026-04-15,03301,2026-04-15,SCHEDULED,300,5.0
2026-04-16T07:00:48Z,3560452026-04-15,35604,2026-04-15,SCHEDULED,780,13.0
2026-04-16T07:00:48Z,3560442026-04-15,35604,2026-04-15,SCHEDULED,780,13.0
2026-04-16T07:00:48Z,3560412026-04-15,35604,2026-04-15,SCHEDULED,780,13.0
2026-04-16T07:00:48Z,3560422026-04-15,35604,2026-04-15,SCHEDULED,780,13.0
2026-04-16T07:00:48Z,1443212026-04-15,14432,2026-04-15,SCHEDULED,660,11.0
2026-04-16T07:00:48Z,0306242026-04-15,03062,2026-04-15,SCHEDULED,240,4.0
2026-04-16T07:00:48Z,0306232026-04-15,03062,2026-04-15,SCHEDULED,240,4.0
2026-04-16T07:00:48Z,0306212026-04-15,03062,2026-04-15,SCHEDULED,240,4.0
2026-04-16T07:00:48Z,0306222026-04-15,03062,2026-04-15,SCHEDULED,240,4.0
2026-04-16T07:00:48Z,1443522026-04-15,14435,2026-04-15,SCHEDULED,660,11.0
2026-04-16T07:00:48Z,1443512026-04-15,14435,2026-04-15,SCHEDULED,660,11.0
2026-04-16T07:00:48Z,0306312026-04-15,03063,2026-04-15,SCHEDULED,120,2.0
2026-04-16T07:00:48Z,0306322026-04-15,03063,2026-04-15,SCHEDULED,120,2.0
2026-04-16T07:00:48Z,0306332026-04-15,03063,2026-04-15,SCHEDULED,120,2.0
2026-04-16T07:00:48Z,1833122026-04-15,18331,2026-04-15,SCHEDULED,180,3.0
2026-04-16T07:00:48Z,1833112026-04-15,18331,2026-04-15,SCHEDULED,180,3.0
2026-04-16T07:00:48Z,0307012026-04-15,03070,2026-04-15,SCHEDULED,-120,-2.0
2026-04-16T07:00:48Z,0307112026-04-15,03071,2026-04-15,SCHEDULED,120,2.0
2026-04-16T07:00:48Z,7181112026-04-15,71811,2026-04-15,SCHEDULED,840,14.0
2026-04-16T07:00:48Z,0307322026-04-15,03073,2026-04-15,SCHEDULED,180,3.0
2026-04-16T07:00:48Z,0307312026-04-15,03073,2026-04-15,SCHEDULED,180,3.0
2026-04-16T07:00:48Z,7182012026-04-15,71820,2026-04-15,SCHEDULED,240,4.0
2026-04-16T07:00:48Z,0308012026-04-15,03080,2026-04-15,SCHEDULED,120,2.0
2026-04-16T07:00:48Z,7183012026-04-15,71830,2026-04-15,SCHEDULED,300,5.0
2026-04-16T07:00:48Z,0308112026-04-15,03081,2026-04-15,SCHEDULED,240,4.0
2026-04-16T07:00:48Z,0308212026-04-15,03082,2026-04-15,SCHEDULED,420,7.0
2026-04-16T07:00:48Z,7185012026-04-15,71850,2026-04-15,SCHEDULED,120,2.0
2026-04-16T07:00:48Z,1580822026-04-15,15808,2026-04-15,SCHEDULED,540,9.0
2026-04-16T07:00:48Z,1580812026-04-15,15808,2026-04-15,SCHEDULED,540,9.0
2026-04-16T07:00:48Z,0309212026-04-15,03092,2026-04-15,SCHEDULED,120,2.0
2026-04-16T07:00:48Z,0309222026-04-15,03092,2026-04-15,SCHEDULED,120,2.0
2026-04-16T07:00:48Z,0309232026-04-15,03092,2026-04-15,SCHEDULED,120,2.0
2026-04-16T07:00:48Z,0306242026-04-15,03062,2026-04-15,SCHEDULED,540,9.0
2026-04-16T07:00:48Z,0306232026-04-15,03062,2026-04-15,SCHEDULED,540,9.0
2026-04-16T07:00:48Z,0306212026-04-15,03062,2026-04-15,SCHEDULED,540,9.0
2026-04-16T07:00:48Z,0306222026-04-15,03062,2026-04-15,SCHEDULED,540,9.0
2026-04-16T07:00:48Z,0366222026-04-15,03662,2026-04-15,SCHEDULED,240,4.0
2026-04-16T07:00:48Z,0366212026-04-15,03662,2026-04-15,SCHEDULED,240,4.0
2026-04-16T07:00:48Z,0327212026-04-15,03272,2026-04-15,SCHEDULED,-120,-2.0
2026-04-16T07:00:48Z,0327222026-04-15,03272,2026-04-15,SCHEDULED,-120,-2.0
2026-04-16T07:00:48Z,0327232026-04-15,03272,2026-04-15,SCHEDULED,-120,-2.0
2026-04-16T07:00:48Z,0405612026-04-16,04056,2026-04-16,SCHEDULED,360,6.0
2026-04-16T07:00:48Z,1296312026-04-15,12963,2026-04-15,CANCELED,,
2026-04-16T07:00:48Z,7185112026-04-15,71851,2026-04-15,CANCELED,,
2026-04-16T07:00:48Z,1262312026-04-15,12623,2026-04-15,CANCELED,,
2026-04-16T07:00:48Z,1296212026-04-15,12962,2026-04-15,CANCELED,,
2026-04-16T07:00:48Z,7183112026-04-15,71831,2026-04-15,CANCELED,,
2026-04-16T07:05:26Z,0948012026-04-15,09480,2026-04-15,SCHEDULED,240,4.0
2026-04-16T07:05:26Z,0405612026-04-16,04056,2026-04-16,SCHEDULED,900,15.0
2026-04-16T07:05:26Z,0426112026-04-16,04261,2026-04-16,SCHEDULED,-240,-4.0
2026-04-16T07:05:26Z,0408012026-04-16,04080,2026-04-16,SCHEDULED,-60,-1.0
2026-04-16T07:05:26Z,0208722026-04-15,02087,2026-04-15,SCHEDULED,-60,-1.0
2026-04-16T07:05:26Z,0208712026-04-15,02087,2026-04-15,SCHEDULED,-60,-1.0
2026-04-16T07:05:26Z,0407312026-04-16,04073,2026-04-16,SCHEDULED,780,13.0
2026-04-16T07:05:26Z,0418642026-04-16,04186,2026-04-16,SCHEDULED,-180,-3.0
2026-04-16T07:05:26Z,0418632026-04-16,04186,2026-04-16,SCHEDULED,-180,-3.0
2026-04-16T07:05:26Z,0418612026-04-16,04186,2026-04-16,SCHEDULED,-180,-3.0
2026-04-16T07:05:26Z,0418622026-04-16,04186,2026-04-16,SCHEDULED,-180,-3.0
2026-04-16T07:05:26Z,0408712026-04-16,04087,2026-04-16,SCHEDULED,1860,31.0
2026-04-16T07:05:26Z,0408612026-04-16,04086,2026-04-16,SCHEDULED,-180,-3.0
2026-04-16T07:05:26Z,0408622026-04-16,04086,2026-04-16,SCHEDULED,-180,-3.0
2026-04-16T07:05:26Z,0408632026-04-16,04086,2026-04-16,SCHEDULED,-180,-3.0
2026-04-16T07:05:26Z,0062122026-04-16,00621,2026-04-16,SCHEDULED,-180,-3.0
2026-04-16T07:05:26Z,0062132026-04-16,00621,2026-04-16,SCHEDULED,-180,-3.0
2026-04-16T07:05:26Z,0062152026-04-16,00621,2026-04-16,SCHEDULED,-180,-3.0
2026-04-16T07:05:26Z,0062112026-04-16,00621,2026-04-16,SCHEDULED,-180,-3.0
2026-04-16T07:05:26Z,0062142026-04-16,00621,2026-04-16,SCHEDULED,-180,-3.0
2026-04-16T07:05:26Z,0408812026-04-16,04088,2026-04-16,SCHEDULED,60,1.0
2026-04-16T07:05:26Z,0408822026-04-16,04088,2026-04-16,SCHEDULED,60,1.0
2026-04-16T07:05:26Z,0408832026-04-16,04088,2026-04-16,SCHEDULED,60,1.0
2026-04-16T07:05:26Z,0063142026-04-16,00631,2026-04-16,SCHEDULED,1140,19.0
2026-04-16T07:05:26Z,0063132026-04-16,00631,2026-04-16,SCHEDULED,1140,19.0
2026-04-16T07:05:26Z,0063112026-04-16,00631,2026-04-16,SCHEDULED,1140,19.0
2026-04-16T07:05:26Z,0063122026-04-16,00631,2026-04-16,SCHEDULED,1140,19.0
2026-04-16T07:05:26Z,0407222026-04-16,04072,2026-04-16,SCHEDULED,240,4.0
2026-04-16T07:05:26Z,0407212026-04-16,04072,2026-04-16,SCHEDULED,240,4.0
2026-04-16T07:05:26Z,0069712026-04-16,00697,2026-04-16,SCHEDULED,-180,-3.0
2026-04-16T07:05:26Z,0447512026-04-15,04475,2026-04-15,SCHEDULED,60,1.0
2026-04-16T07:05:26Z,0429522026-04-15,04295,2026-04-15,SCHEDULED,-60,-1.0
2026-04-16T07:05:26Z,0429512026-04-15,04295,2026-04-15,SCHEDULED,-60,-1.0
2026-04-16T07:05:26Z,1210112026-04-15,12101,2026-04-15,SCHEDULED,-180,-3.0
2026-04-16T07:05:26Z,1210122026-04-15,12101,2026-04-15,SCHEDULED,-180,-3.0
2026-04-16T07:05:26Z,1210142026-04-15,12101,2026-04-15,SCHEDULED,-180,-3.0
2026-04-16T07:05:26Z,1261312026-04-15,12613,2026-04-15,SCHEDULED,720,12.0
2026-04-16T07:05:26Z,0415422026-04-15,04154,2026-04-15,SCHEDULED,1080,18.0
2026-04-16T07:05:26Z,0415412026-04-15,04154,2026-04-15,SCHEDULED,1080,18.0
2026-04-16T07:05:26Z,0446412026-04-15,04464,2026-04-15,SCHEDULED,360,6.0
2026-04-16T07:05:26Z,1261112026-04-15,12611,2026-04-15,SCHEDULED,660,11.0
2026-04-16T07:05:26Z,1264112026-04-15,12641,2026-04-15,SCHEDULED,480,8.0
2026-04-16T07:05:26Z,0436422026-04-15,04364,2026-04-15,SCHEDULED,360,6.0
2026-04-16T07:05:26Z,0436412026-04-15,04364,2026-04-15,SCHEDULED,360,6.0
2026-04-16T07:05:26Z,1264412026-04-15,12644,2026-04-15,SCHEDULED,180,3.0
2026-04-16T07:05:26Z,0468712026-04-16,04687,2026-04-16,SCHEDULED,60,1.0
2026-04-16T07:05:26Z,1300212026-04-15,13002,2026-04-15,SCHEDULED,540,9.0
2026-04-16T07:05:26Z,0489922026-04-16,04899,2026-04-16,SCHEDULED,300,5.0
2026-04-16T07:05:26Z,0489912026-04-16,04899,2026-04-16,SCHEDULED,300,5.0
2026-04-16T07:05:26Z,0507012026-04-15,05070,2026-04-15,SCHEDULED,300,5.0
2026-04-16T07:05:26Z,1303022026-04-15,13030,2026-04-15,SCHEDULED,660,11.0
2026-04-16T07:05:26Z,1303012026-04-15,13030,2026-04-15,SCHEDULED,660,11.0
2026-04-16T07:05:26Z,0507112026-04-15,05071,2026-04-15,SCHEDULED,-120,-2.0
2026-04-16T07:05:26Z,0507122026-04-15,05071,2026-04-15,SCHEDULED,-120,-2.0
2026-04-16T07:05:26Z,0507132026-04-15,05071,2026-04-15,SCHEDULED,-120,-2.0
2026-04-16T07:05:26Z,1302032026-04-15,13020,2026-04-15,SCHEDULED,420,7.0
2026-04-16T07:05:26Z,1302012026-04-15,13020,2026-04-15,SCHEDULED,420,7.0
2026-04-16T07:05:26Z,0507212026-04-15,05072,2026-04-15,SCHEDULED,240,4.0
2026-04-16T07:05:26Z,1300112026-04-15,13001,2026-04-15,SCHEDULED,360,6.0
2026-04-16T07:05:26Z,1300322026-04-15,13003,2026-04-15,SCHEDULED,540,9.0
2026-04-16T07:05:26Z,1300312026-04-15,13003,2026-04-15,SCHEDULED,540,9.0
2026-04-16T07:05:26Z,0509212026-04-15,05092,2026-04-15,SCHEDULED,180,3.0
2026-04-16T07:05:26Z,0509222026-04-15,05092,2026-04-15,SCHEDULED,180,3.0
2026-04-16T07:05:26Z,0509232026-04-15,05092,2026-04-15,SCHEDULED,180,3.0
2026-04-16T07:05:26Z,1309912026-04-15,13099,2026-04-15,SCHEDULED,240,4.0
2026-04-16T07:05:26Z,0527322026-04-15,05273,2026-04-15,SCHEDULED,300,5.0
2026-04-16T07:05:26Z,0527312026-04-15,05273,2026-04-15,SCHEDULED,300,5.0
2026-04-16T07:05:26Z,1390012026-04-15,13900,2026-04-15,SCHEDULED,1440,24.0
2026-04-16T07:05:26Z,1390212026-04-15,13902,2026-04-15,SCHEDULED,1560,26.0
2026-04-16T07:05:26Z,0508042026-04-15,05080,2026-04-15,SCHEDULED,60,1.0
2026-04-16T07:05:26Z,0508032026-04-15,05080,2026-04-15,SCHEDULED,60,1.0
2026-04-16T07:05:26Z,0508012026-04-15,05080,2026-04-15,SCHEDULED,60,1.0
2026-04-16T07:05:26Z,0508022026-04-15,05080,2026-04-15,SCHEDULED,60,1.0
2026-04-16T07:05:26Z,1390112026-04-15,13901,2026-04-15,SCHEDULED,600,10.0
2026-04-16T07:05:26Z,0566812026-04-15,05668,2026-04-15,SCHEDULED,900,15.0
2026-04-16T07:05:26Z,0576312026-04-15,05763,2026-04-15,SCHEDULED,60,1.0
2026-04-16T07:05:26Z,0576322026-04-15,05763,2026-04-15,SCHEDULED,60,1.0
2026-04-16T07:05:26Z,0576332026-04-15,05763,2026-04-15,SCHEDULED,60,1.0
2026-04-16T07:05:26Z,0807912026-04-15,08079,2026-04-15,SCHEDULED,840,14.0
2026-04-16T07:05:26Z,1412362026-04-15,14123,2026-04-15,SCHEDULED,660,11.0
2026-04-16T07:05:26Z,1412342026-04-15,14123,2026-04-15,SCHEDULED,660,11.0
2026-04-16T07:05:26Z,1412352026-04-15,14123,2026-04-15,SCHEDULED,660,11.0
2026-04-16T07:05:26Z,1412312026-04-15,14123,2026-04-15,SCHEDULED,660,11.0
2026-04-16T07:05:26Z,1412332026-04-15,14123,2026-04-15,SCHEDULED,660,11.0
2026-04-16T07:05:26Z,1412322026-04-15,14123,2026-04-15,SCHEDULED,660,11.0
2026-04-16T07:05:26Z,0808012026-04-15,08080,2026-04-15,SCHEDULED,180,3.0
2026-04-16T07:05:26Z,1451512026-04-15,14515,2026-04-15,SCHEDULED,60,1.0
2026-04-16T07:05:26Z,0808112026-04-15,08081,2026-04-15,SCHEDULED,900,15.0
2026-04-16T07:05:26Z,1500312026-04-15,15003,2026-04-15,SCHEDULED,660,11.0
2026-04-16T07:05:26Z,0808512026-04-15,08085,2026-04-15,SCHEDULED,180,3.0
2026-04-16T07:05:26Z,0808712026-04-15,08087,2026-04-15,SCHEDULED,120,2.0
2026-04-16T07:05:26Z,1504112026-04-15,15041,2026-04-15,SCHEDULED,1500,25.0
2026-04-16T07:05:26Z,1504212026-04-15,15042,2026-04-15,SCHEDULED,-60,-1.0
2026-04-16T07:05:26Z,0808812026-04-15,08088,2026-04-15,SCHEDULED,120,2.0
2026-04-16T07:05:26Z,0827512026-04-15,08275,2026-04-15,SCHEDULED,540,9.0
2026-04-16T07:05:26Z,1564012026-04-15,15640,2026-04-15,SCHEDULED,180,3.0
2026-04-16T07:05:26Z,1564512026-04-15,15645,2026-04-15,SCHEDULED,60,1.0
2026-04-16T07:05:26Z,1572212026-04-15,15722,2026-04-15,SCHEDULED,1920,32.0
2026-04-16T07:05:26Z,0908212026-04-15,09082,2026-04-15,SCHEDULED,180,3.0
2026-04-16T07:05:26Z,1577412026-04-15,15774,2026-04-15,SCHEDULED,900,15.0
2026-04-16T07:05:26Z,0908312026-04-15,09083,2026-04-15,SCHEDULED,300,5.0
2026-04-16T07:05:26Z,1577812026-04-15,15778,2026-04-15,SCHEDULED,480,8.0
2026-04-16T07:05:26Z,1580212026-04-15,15802,2026-04-15,SCHEDULED,600,10.0
2026-04-16T07:05:26Z,0908522026-04-15,09085,2026-04-15,SCHEDULED,360,6.0
2026-04-16T07:05:26Z,0908512026-04-15,09085,2026-04-15,SCHEDULED,360,6.0
2026-04-16T07:05:26Z,1585212026-04-15,15852,2026-04-15,SCHEDULED,60,1.0
2026-04-16T07:05:26Z,0908712026-04-15,09087,2026-04-15,SCHEDULED,300,5.0
2026-04-16T07:05:26Z,1585412026-04-15,15854,2026-04-15,SCHEDULED,300,5.0
2026-04-16T07:05:26Z,0394012026-04-15,03940,2026-04-15,SCHEDULED,720,12.0
2026-04-16T07:05:26Z,1590012026-04-15,15900,2026-04-15,SCHEDULED,660,11.0
2026-04-16T07:05:26Z,1590412026-04-15,15904,2026-04-15,SCHEDULED,240,4.0
2026-04-16T07:05:26Z,0019042026-04-16,00190,2026-04-16,SCHEDULED,60,1.0
2026-04-16T07:05:26Z,0019032026-04-16,00190,2026-04-16,SCHEDULED,60,1.0
2026-04-16T07:05:26Z,0019012026-04-16,00190,2026-04-16,SCHEDULED,60,1.0
2026-04-16T07:05:26Z,0019022026-04-16,00190,2026-04-16,SCHEDULED,60,1.0
2026-04-16T07:05:26Z,1702112026-04-15,17021,2026-04-15,SCHEDULED,420,7.0
2026-04-16T07:05:26Z,0029122026-04-16,00291,2026-04-16,SCHEDULED,780,13.0
2026-04-16T07:05:26Z,0029112026-04-16,00291,2026-04-16,SCHEDULED,780,13.0
2026-04-16T07:05:26Z,1720112026-04-15,17201,2026-04-15,SCHEDULED,480,8.0
2026-04-16T07:05:26Z,1800112026-04-15,18001,2026-04-15,SCHEDULED,60,1.0
2026-04-16T07:05:26Z,1803112026-04-15,18031,2026-04-15,SCHEDULED,240,4.0
2026-04-16T07:05:26Z,1803312026-04-15,18033,2026-04-15,SCHEDULED,120,2.0
2026-04-16T07:05:26Z,1804112026-04-15,18041,2026-04-15,SCHEDULED,4740,79.0
2026-04-16T07:05:26Z,0029322026-04-16,00293,2026-04-16,SCHEDULED,60,1.0
2026-04-16T07:05:26Z,0029312026-04-16,00293,2026-04-16,SCHEDULED,60,1.0
2026-04-16T07:05:26Z,1807112026-04-15,18071,2026-04-15,SCHEDULED,360,6.0
2026-04-16T07:05:26Z,0053322026-04-16,00533,2026-04-16,SCHEDULED,420,7.0
2026-04-16T07:05:26Z,0053312026-04-16,00533,2026-04-16,SCHEDULED,420,7.0
2026-04-16T07:05:26Z,1807422026-04-15,18074,2026-04-15,SCHEDULED,60,1.0
2026-04-16T07:05:26Z,1807412026-04-15,18074,2026-04-15,SCHEDULED,60,1.0
2026-04-16T07:05:26Z,1800212026-04-15,18002,2026-04-15,SCHEDULED,1320,22.0
2026-04-16T07:05:26Z,1800222026-04-15,18002,2026-04-15,SCHEDULED,1320,22.0
2026-04-16T07:05:26Z,1800242026-04-15,18002,2026-04-15,SCHEDULED,1320,22.0
2026-04-16T07:05:26Z,1806612026-04-15,18066,2026-04-15,SCHEDULED,240,4.0
2026-04-16T07:05:26Z,0043812026-04-16,00438,2026-04-16,SCHEDULED,60,1.0
2026-04-16T07:05:26Z,0043822026-04-16,00438,2026-04-16,SCHEDULED,60,1.0
2026-04-16T07:05:26Z,0043832026-04-16,00438,2026-04-16,SCHEDULED,60,1.0
2026-04-16T07:05:26Z,1812312026-04-15,18123,2026-04-15,SCHEDULED,1500,25.0
2026-04-16T07:05:26Z,0060112026-04-16,00601,2026-04-16,SCHEDULED,-60,-1.0
2026-04-16T07:05:26Z,1830012026-04-15,18300,2026-04-15,SCHEDULED,420,7.0
2026-04-16T07:05:26Z,1832122026-04-15,18321,2026-04-15,SCHEDULED,120,2.0
2026-04-16T07:05:26Z,1832112026-04-15,18321,2026-04-15,SCHEDULED,120,2.0
2026-04-16T07:05:26Z,1801012026-04-15,18010,2026-04-15,SCHEDULED,660,11.0
2026-04-16T07:05:26Z,1801022026-04-15,18010,2026-04-15,SCHEDULED,660,11.0
2026-04-16T07:05:26Z,1801032026-04-15,18010,2026-04-15,SCHEDULED,660,11.0
2026-04-16T07:05:26Z,0075222026-04-16,00752,2026-04-16,SCHEDULED,2520,42.0
2026-04-16T07:05:26Z,0075212026-04-16,00752,2026-04-16,SCHEDULED,2520,42.0
2026-04-16T07:05:26Z,1890112026-04-15,18901,2026-04-15,SCHEDULED,900,15.0
2026-04-16T07:05:26Z,0107112026-04-15,01071,2026-04-15,SCHEDULED,120,2.0
2026-04-16T07:05:26Z,1890012026-04-15,18900,2026-04-15,SCHEDULED,360,6.0
2026-04-16T07:05:26Z,1505012026-04-15,15050,2026-04-15,SCHEDULED,1560,26.0
2026-04-16T07:05:26Z,0107212026-04-16,01072,2026-04-16,SCHEDULED,420,7.0
2026-04-16T07:05:26Z,1600112026-04-15,16001,2026-04-15,SCHEDULED,60,1.0
2026-04-16T07:05:26Z,1401812026-04-15,14018,2026-04-15,SCHEDULED,840,14.0
2026-04-16T07:05:26Z,1402012026-04-15,14020,2026-04-15,SCHEDULED,60,1.0
2026-04-16T07:05:26Z,0108122026-04-15,01081,2026-04-15,SCHEDULED,300,5.0
2026-04-16T07:05:26Z,0108112026-04-15,01081,2026-04-15,SCHEDULED,300,5.0
2026-04-16T07:05:26Z,3560452026-04-15,35604,2026-04-15,SCHEDULED,780,13.0
2026-04-16T07:05:26Z,3560442026-04-15,35604,2026-04-15,SCHEDULED,780,13.0
2026-04-16T07:05:26Z,3560412026-04-15,35604,2026-04-15,SCHEDULED,780,13.0
2026-04-16T07:05:26Z,3560422026-04-15,35604,2026-04-15,SCHEDULED,780,13.0
2026-04-16T07:05:26Z,0206712026-04-15,02067,2026-04-15,SCHEDULED,660,11.0
2026-04-16T07:05:26Z,0207012026-04-15,02070,2026-04-15,SCHEDULED,540,9.0
2026-04-16T07:05:26Z,1443212026-04-15,14432,2026-04-15,SCHEDULED,180,3.0
2026-04-16T07:05:26Z,0207112026-04-15,02071,2026-04-15,SCHEDULED,900,15.0
2026-04-16T07:05:26Z,1443522026-04-15,14435,2026-04-15,SCHEDULED,660,11.0
2026-04-16T07:05:26Z,1443512026-04-15,14435,2026-04-15,SCHEDULED,660,11.0
2026-04-16T07:05:26Z,0207412026-04-16,02074,2026-04-16,SCHEDULED,480,8.0
2026-04-16T07:05:26Z,0207512026-04-16,02075,2026-04-16,SCHEDULED,1680,28.0
2026-04-16T07:05:26Z,1833122026-04-15,18331,2026-04-15,SCHEDULED,180,3.0
2026-04-16T07:05:26Z,1833112026-04-15,18331,2026-04-15,SCHEDULED,180,3.0
2026-04-16T07:05:26Z,0207612026-04-15,02076,2026-04-15,SCHEDULED,240,4.0
2026-04-16T07:05:26Z,0208012026-04-15,02080,2026-04-15,SCHEDULED,300,5.0
2026-04-16T07:05:26Z,0208112026-04-15,02081,2026-04-15,SCHEDULED,180,3.0
2026-04-16T07:05:26Z,7181112026-04-15,71811,2026-04-15,SCHEDULED,840,14.0
2026-04-16T07:05:26Z,7182012026-04-15,71820,2026-04-15,SCHEDULED,240,4.0
2026-04-16T07:05:26Z,7183012026-04-15,71830,2026-04-15,SCHEDULED,420,7.0
2026-04-16T07:05:26Z,0228512026-04-16,02285,2026-04-16,SCHEDULED,300,5.0
2026-04-16T07:05:26Z,7185012026-04-15,71850,2026-04-15,SCHEDULED,120,2.0
2026-04-16T07:05:26Z,7187012026-04-15,71870,2026-04-15,SCHEDULED,240,4.0
2026-04-16T07:05:26Z,0306012026-04-15,03060,2026-04-15,SCHEDULED,420,7.0
2026-04-16T07:05:26Z,1580822026-04-15,15808,2026-04-15,SCHEDULED,540,9.0
2026-04-16T07:05:26Z,1580812026-04-15,15808,2026-04-15,SCHEDULED,540,9.0
2026-04-16T07:05:26Z,0330142026-04-15,03301,2026-04-15,SCHEDULED,360,6.0
2026-04-16T07:05:26Z,0330132026-04-15,03301,2026-04-15,SCHEDULED,360,6.0
2026-04-16T07:05:26Z,0330112026-04-15,03301,2026-04-15,SCHEDULED,360,6.0
2026-04-16T07:05:26Z,0330122026-04-15,03301,2026-04-15,SCHEDULED,360,6.0
2026-04-16T07:05:26Z,0306242026-04-15,03062,2026-04-15,SCHEDULED,240,4.0
2026-04-16T07:05:26Z,0306232026-04-15,03062,2026-04-15,SCHEDULED,240,4.0
2026-04-16T07:05:26Z,0306212026-04-15,03062,2026-04-15,SCHEDULED,240,4.0
2026-04-16T07:05:26Z,0306222026-04-15,03062,2026-04-15,SCHEDULED,240,4.0
2026-04-16T07:05:26Z,0306312026-04-15,03063,2026-04-15,SCHEDULED,120,2.0
2026-04-16T07:05:26Z,0306322026-04-15,03063,2026-04-15,SCHEDULED,120,2.0
2026-04-16T07:05:26Z,0306332026-04-15,03063,2026-04-15,SCHEDULED,120,2.0
2026-04-16T07:05:26Z,0307012026-04-15,03070,2026-04-15,SCHEDULED,-120,-2.0
2026-04-16T07:05:26Z,0307112026-04-15,03071,2026-04-15,SCHEDULED,180,3.0
2026-04-16T07:05:26Z,0307322026-04-15,03073,2026-04-15,SCHEDULED,240,4.0
2026-04-16T07:05:26Z,0307312026-04-15,03073,2026-04-15,SCHEDULED,240,4.0
2026-04-16T07:05:26Z,0308012026-04-15,03080,2026-04-15,SCHEDULED,120,2.0
2026-04-16T07:05:26Z,0308112026-04-15,03081,2026-04-15,SCHEDULED,240,4.0
2026-04-16T07:05:26Z,0308212026-04-15,03082,2026-04-15,SCHEDULED,420,7.0
2026-04-16T07:05:26Z,0309112026-04-15,03091,2026-04-15,SCHEDULED,-120,-2.0
2026-04-16T07:05:26Z,0309212026-04-15,03092,2026-04-15,SCHEDULED,60,1.0
2026-04-16T07:05:26Z,0309222026-04-15,03092,2026-04-15,SCHEDULED,60,1.0
2026-04-16T07:05:26Z,0309232026-04-15,03092,2026-04-15,SCHEDULED,60,1.0
2026-04-16T07:05:26Z,0306242026-04-15,03062,2026-04-15,SCHEDULED,780,13.0
2026-04-16T07:05:26Z,0306232026-04-15,03062,2026-04-15,SCHEDULED,780,13.0
2026-04-16T07:05:26Z,0306212026-04-15,03062,2026-04-15,SCHEDULED,780,13.0
2026-04-16T07:05:26Z,0306222026-04-15,03062,2026-04-15,SCHEDULED,780,13.0
2026-04-16T07:05:26Z,0366222026-04-15,03662,2026-04-15,SCHEDULED,300,5.0
2026-04-16T07:05:26Z,0366212026-04-15,03662,2026-04-15,SCHEDULED,300,5.0
2026-04-16T07:05:26Z,1296312026-04-15,12963,2026-04-15,CANCELED,,
2026-04-16T07:05:26Z,7185112026-04-15,71851,2026-04-15,CANCELED,,
2026-04-16T07:05:26Z,1262312026-04-15,12623,2026-04-15,CANCELED,,
2026-04-16T07:05:26Z,7183112026-04-15,71831,2026-04-15,CANCELED,,
2026-04-16T07:05:26Z,1296212026-04-15,12962,2026-04-15,CANCELED,,
2026-04-16T07:10:31Z,0405612026-04-16,04056,2026-04-16,SCHEDULED,1020,17.0
2026-04-16T07:10:31Z,0407312026-04-16,04073,2026-04-16,SCHEDULED,780,13.0
2026-04-16T07:10:31Z,0426112026-04-16,04261,2026-04-16,SCHEDULED,-240,-4.0
2026-04-16T07:10:31Z,0408012026-04-16,04080,2026-04-16,SCHEDULED,-120,-2.0
2026-04-16T07:10:31Z,0062122026-04-16,00621,2026-04-16,SCHEDULED,-180,-3.0
2026-04-16T07:10:31Z,0062132026-04-16,00621,2026-04-16,SCHEDULED,-180,-3.0
2026-04-16T07:10:31Z,0062152026-04-16,00621,2026-04-16,SCHEDULED,-180,-3.0
2026-04-16T07:10:31Z,0062112026-04-16,00621,2026-04-16,SCHEDULED,-180,-3.0
2026-04-16T07:10:31Z,0062142026-04-16,00621,2026-04-16,SCHEDULED,-180,-3.0
2026-04-16T07:10:31Z,0418642026-04-16,04186,2026-04-16,SCHEDULED,-180,-3.0
2026-04-16T07:10:31Z,0418632026-04-16,04186,2026-04-16,SCHEDULED,-180,-3.0
2026-04-16T07:10:31Z,0418612026-04-16,04186,2026-04-16,SCHEDULED,-180,-3.0
2026-04-16T07:10:31Z,0418622026-04-16,04186,2026-04-16,SCHEDULED,-180,-3.0
2026-04-16T07:10:31Z,0063142026-04-16,00631,2026-04-16,SCHEDULED,1020,17.0
2026-04-16T07:10:31Z,0063132026-04-16,00631,2026-04-16,SCHEDULED,1020,17.0
2026-04-16T07:10:31Z,0063112026-04-16,00631,2026-04-16,SCHEDULED,1020,17.0
2026-04-16T07:10:31Z,0063122026-04-16,00631,2026-04-16,SCHEDULED,1020,17.0
2026-04-16T07:10:31Z,0408712026-04-16,04087,2026-04-16,SCHEDULED,1800,30.0
2026-04-16T07:10:31Z,0408612026-04-16,04086,2026-04-16,SCHEDULED,-180,-3.0
2026-04-16T07:10:31Z,0408622026-04-16,04086,2026-04-16,SCHEDULED,-180,-3.0
2026-04-16T07:10:31Z,0408632026-04-16,04086,2026-04-16,SCHEDULED,-180,-3.0
2026-04-16T07:10:31Z,1210112026-04-15,12101,2026-04-15,SCHEDULED,-180,-3.0
2026-04-16T07:10:31Z,1210122026-04-15,12101,2026-04-15,SCHEDULED,-180,-3.0
2026-04-16T07:10:31Z,1210142026-04-15,12101,2026-04-15,SCHEDULED,-180,-3.0
2026-04-16T07:10:31Z,1261312026-04-15,12613,2026-04-15,SCHEDULED,720,12.0
2026-04-16T07:10:31Z,1261112026-04-15,12611,2026-04-15,SCHEDULED,660,11.0
2026-04-16T07:10:31Z,0408812026-04-16,04088,2026-04-16,SCHEDULED,240,4.0
2026-04-16T07:10:31Z,0408822026-04-16,04088,2026-04-16,SCHEDULED,240,4.0
2026-04-16T07:10:31Z,0408832026-04-16,04088,2026-04-16,SCHEDULED,240,4.0
2026-04-16T07:10:31Z,1264112026-04-15,12641,2026-04-15,SCHEDULED,420,7.0
2026-04-16T07:10:31Z,1264412026-04-15,12644,2026-04-15,SCHEDULED,240,4.0
2026-04-16T07:10:31Z,0407222026-04-16,04072,2026-04-16,SCHEDULED,180,3.0
2026-04-16T07:10:31Z,0407212026-04-16,04072,2026-04-16,SCHEDULED,180,3.0
2026-04-16T07:10:31Z,1300212026-04-15,13002,2026-04-15,SCHEDULED,540,9.0
2026-04-16T07:10:31Z,0447512026-04-15,04475,2026-04-15,SCHEDULED,60,1.0
2026-04-16T07:10:31Z,1303022026-04-15,13030,2026-04-15,SCHEDULED,600,10.0
2026-04-16T07:10:31Z,1303012026-04-15,13030,2026-04-15,SCHEDULED,600,10.0
2026-04-16T07:10:31Z,1300512026-04-15,13005,2026-04-15,SCHEDULED,120,2.0
2026-04-16T07:10:31Z,0429522026-04-15,04295,2026-04-15,SCHEDULED,-120,-2.0
2026-04-16T07:10:31Z,0429512026-04-15,04295,2026-04-15,SCHEDULED,-120,-2.0
2026-04-16T07:10:31Z,1302032026-04-15,13020,2026-04-15,SCHEDULED,480,8.0
2026-04-16T07:10:31Z,1302012026-04-15,13020,2026-04-15,SCHEDULED,480,8.0
2026-04-16T07:10:31Z,0446412026-04-15,04464,2026-04-15,SCHEDULED,300,5.0
2026-04-16T07:10:31Z,1300112026-04-15,13001,2026-04-15,SCHEDULED,180,3.0
2026-04-16T07:10:31Z,0436422026-04-15,04364,2026-04-15,SCHEDULED,360,6.0
2026-04-16T07:10:31Z,0436412026-04-15,04364,2026-04-15,SCHEDULED,360,6.0
2026-04-16T07:10:31Z,1300322026-04-15,13003,2026-04-15,SCHEDULED,780,13.0
2026-04-16T07:10:31Z,1300312026-04-15,13003,2026-04-15,SCHEDULED,780,13.0
2026-04-16T07:10:31Z,1309912026-04-15,13099,2026-04-15,SCHEDULED,240,4.0
2026-04-16T07:10:31Z,1320712026-04-15,13207,2026-04-15,SCHEDULED,120,2.0
2026-04-16T07:10:31Z,0489922026-04-16,04899,2026-04-16,SCHEDULED,180,3.0
2026-04-16T07:10:31Z,0489912026-04-16,04899,2026-04-16,SCHEDULED,180,3.0
2026-04-16T07:10:31Z,1390012026-04-15,13900,2026-04-15,SCHEDULED,1500,25.0
2026-04-16T07:10:31Z,0507012026-04-15,05070,2026-04-15,SCHEDULED,300,5.0
2026-04-16T07:10:31Z,1390212026-04-15,13902,2026-04-15,SCHEDULED,1560,26.0
2026-04-16T07:10:31Z,1390112026-04-15,13901,2026-04-15,SCHEDULED,1140,19.0
2026-04-16T07:10:31Z,1390312026-04-15,13903,2026-04-15,SCHEDULED,-60,-1.0
2026-04-16T07:10:31Z,0507112026-04-15,05071,2026-04-15,SCHEDULED,-300,-5.0
2026-04-16T07:10:31Z,0507122026-04-15,05071,2026-04-15,SCHEDULED,-300,-5.0
2026-04-16T07:10:31Z,0507132026-04-15,05071,2026-04-15,SCHEDULED,-300,-5.0
2026-04-16T07:10:31Z,0507212026-04-15,05072,2026-04-15,SCHEDULED,240,4.0
2026-04-16T07:10:31Z,1412362026-04-15,14123,2026-04-15,SCHEDULED,660,11.0
2026-04-16T07:10:31Z,1412342026-04-15,14123,2026-04-15,SCHEDULED,660,11.0
2026-04-16T07:10:31Z,1412352026-04-15,14123,2026-04-15,SCHEDULED,660,11.0
2026-04-16T07:10:31Z,1412312026-04-15,14123,2026-04-15,SCHEDULED,660,11.0
2026-04-16T07:10:31Z,1412332026-04-15,14123,2026-04-15,SCHEDULED,660,11.0
2026-04-16T07:10:31Z,1412322026-04-15,14123,2026-04-15,SCHEDULED,660,11.0
2026-04-16T07:10:31Z,1500312026-04-15,15003,2026-04-15,SCHEDULED,600,10.0
2026-04-16T07:10:31Z,0509212026-04-15,05092,2026-04-15,SCHEDULED,240,4.0
2026-04-16T07:10:31Z,0509222026-04-15,05092,2026-04-15,SCHEDULED,240,4.0
2026-04-16T07:10:31Z,0509232026-04-15,05092,2026-04-15,SCHEDULED,240,4.0
2026-04-16T07:10:31Z,1504112026-04-15,15041,2026-04-15,SCHEDULED,1500,25.0
2026-04-16T07:10:31Z,1504212026-04-15,15042,2026-04-15,SCHEDULED,-60,-1.0
2026-04-16T07:10:31Z,0527322026-04-15,05273,2026-04-15,SCHEDULED,300,5.0
2026-04-16T07:10:31Z,0527312026-04-15,05273,2026-04-15,SCHEDULED,300,5.0
2026-04-16T07:10:31Z,1564512026-04-15,15645,2026-04-15,SCHEDULED,120,2.0
2026-04-16T07:10:31Z,0508042026-04-15,05080,2026-04-15,SCHEDULED,-60,-1.0
2026-04-16T07:10:31Z,0508032026-04-15,05080,2026-04-15,SCHEDULED,-60,-1.0
2026-04-16T07:10:31Z,0508012026-04-15,05080,2026-04-15,SCHEDULED,-60,-1.0
2026-04-16T07:10:31Z,0508022026-04-15,05080,2026-04-15,SCHEDULED,-60,-1.0
2026-04-16T07:10:31Z,1572212026-04-15,15722,2026-04-15,SCHEDULED,2040,34.0
2026-04-16T07:10:31Z,0566812026-04-15,05668,2026-04-15,SCHEDULED,900,15.0
2026-04-16T07:10:31Z,1577412026-04-15,15774,2026-04-15,SCHEDULED,900,15.0
2026-04-16T07:10:31Z,1577812026-04-15,15778,2026-04-15,SCHEDULED,480,8.0
2026-04-16T07:10:31Z,0576312026-04-15,05763,2026-04-15,SCHEDULED,-60,-1.0
2026-04-16T07:10:31Z,0576322026-04-15,05763,2026-04-15,SCHEDULED,-60,-1.0
2026-04-16T07:10:31Z,0576332026-04-15,05763,2026-04-15,SCHEDULED,-60,-1.0
2026-04-16T07:10:31Z,1580212026-04-15,15802,2026-04-15,SCHEDULED,660,11.0
2026-04-16T07:10:31Z,0808012026-04-15,08080,2026-04-15,SCHEDULED,180,3.0
2026-04-16T07:10:31Z,0808112026-04-15,08081,2026-04-15,SCHEDULED,780,13.0
2026-04-16T07:10:31Z,1585412026-04-15,15854,2026-04-15,SCHEDULED,300,5.0
2026-04-16T07:10:31Z,0808512026-04-15,08085,2026-04-15,SCHEDULED,180,3.0
2026-04-16T07:10:31Z,0808712026-04-15,08087,2026-04-15,SCHEDULED,60,1.0
2026-04-16T07:10:31Z,1590012026-04-15,15900,2026-04-15,SCHEDULED,660,11.0
2026-04-16T07:10:31Z,0808812026-04-15,08088,2026-04-15,SCHEDULED,120,2.0
2026-04-16T07:10:31Z,1590412026-04-15,15904,2026-04-15,SCHEDULED,240,4.0
2026-04-16T07:10:31Z,0827512026-04-15,08275,2026-04-15,SCHEDULED,480,8.0
2026-04-16T07:10:31Z,0908212026-04-15,09082,2026-04-15,SCHEDULED,180,3.0
2026-04-16T07:10:31Z,0908312026-04-15,09083,2026-04-15,SCHEDULED,300,5.0
2026-04-16T07:10:31Z,1702112026-04-15,17021,2026-04-15,SCHEDULED,360,6.0
2026-04-16T07:10:31Z,1720112026-04-15,17201,2026-04-15,SCHEDULED,480,8.0
2026-04-16T07:10:31Z,0908522026-04-15,09085,2026-04-15,SCHEDULED,480,8.0
2026-04-16T07:10:31Z,0908512026-04-15,09085,2026-04-15,SCHEDULED,480,8.0
2026-04-16T07:10:31Z,1800112026-04-15,18001,2026-04-15,SCHEDULED,60,1.0
2026-04-16T07:10:31Z,0908712026-04-15,09087,2026-04-15,SCHEDULED,300,5.0
2026-04-16T07:10:31Z,1803012026-04-15,18030,2026-04-15,SCHEDULED,60,1.0
2026-04-16T07:10:31Z,0909312026-04-15,09093,2026-04-15,SCHEDULED,180,3.0
2026-04-16T07:10:31Z,0948012026-04-15,09480,2026-04-15,SCHEDULED,240,4.0
2026-04-16T07:10:31Z,1803112026-04-15,18031,2026-04-15,SCHEDULED,300,5.0
2026-04-16T07:10:31Z,1803312026-04-15,18033,2026-04-15,SCHEDULED,120,2.0
2026-04-16T07:10:31Z,1804112026-04-15,18041,2026-04-15,SCHEDULED,4740,79.0
2026-04-16T07:10:31Z,1807112026-04-15,18071,2026-04-15,SCHEDULED,300,5.0
2026-04-16T07:10:31Z,0394012026-04-15,03940,2026-04-15,SCHEDULED,720,12.0
2026-04-16T07:10:31Z,1807422026-04-15,18074,2026-04-15,SCHEDULED,60,1.0
2026-04-16T07:10:31Z,1807412026-04-15,18074,2026-04-15,SCHEDULED,60,1.0
2026-04-16T07:10:31Z,0019042026-04-16,00190,2026-04-16,SCHEDULED,120,2.0
2026-04-16T07:10:31Z,0019032026-04-16,00190,2026-04-16,SCHEDULED,120,2.0
2026-04-16T07:10:31Z,0019012026-04-16,00190,2026-04-16,SCHEDULED,120,2.0
2026-04-16T07:10:31Z,0019022026-04-16,00190,2026-04-16,SCHEDULED,120,2.0
2026-04-16T07:10:31Z,1800212026-04-15,18002,2026-04-15,SCHEDULED,1380,23.0
2026-04-16T07:10:31Z,1800222026-04-15,18002,2026-04-15,SCHEDULED,1380,23.0
2026-04-16T07:10:31Z,1800242026-04-15,18002,2026-04-15,SCHEDULED,1380,23.0
2026-04-16T07:10:31Z,1806612026-04-15,18066,2026-04-15,SCHEDULED,360,6.0
2026-04-16T07:10:31Z,0029122026-04-16,00291,2026-04-16,SCHEDULED,780,13.0
2026-04-16T07:10:31Z,0029112026-04-16,00291,2026-04-16,SCHEDULED,780,13.0
2026-04-16T07:10:31Z,1812312026-04-15,18123,2026-04-15,SCHEDULED,1500,25.0
2026-04-16T07:10:31Z,1830012026-04-15,18300,2026-04-15,SCHEDULED,600,10.0
2026-04-16T07:10:31Z,0029322026-04-16,00293,2026-04-16,SCHEDULED,60,1.0
2026-04-16T07:10:31Z,0029312026-04-16,00293,2026-04-16,SCHEDULED,60,1.0
2026-04-16T07:10:31Z,1832122026-04-15,18321,2026-04-15,SCHEDULED,180,3.0
2026-04-16T07:10:31Z,1832112026-04-15,18321,2026-04-15,SCHEDULED,180,3.0
2026-04-16T07:10:31Z,0053322026-04-16,00533,2026-04-16,SCHEDULED,420,7.0
2026-04-16T07:10:31Z,0053312026-04-16,00533,2026-04-16,SCHEDULED,420,7.0
2026-04-16T07:10:31Z,0043812026-04-16,00438,2026-04-16,SCHEDULED,60,1.0
2026-04-16T07:10:31Z,0043822026-04-16,00438,2026-04-16,SCHEDULED,60,1.0
2026-04-16T07:10:31Z,0043832026-04-16,00438,2026-04-16,SCHEDULED,60,1.0
2026-04-16T07:10:31Z,1801012026-04-15,18010,2026-04-15,SCHEDULED,660,11.0
2026-04-16T07:10:31Z,1801022026-04-15,18010,2026-04-15,SCHEDULED,660,11.0
2026-04-16T07:10:31Z,1801032026-04-15,18010,2026-04-15,SCHEDULED,660,11.0
2026-04-16T07:10:31Z,0060112026-04-16,00601,2026-04-16,SCHEDULED,-60,-1.0
2026-04-16T07:10:31Z,0027622026-04-16,00276,2026-04-16,SCHEDULED,180,3.0
2026-04-16T07:10:31Z,0027612026-04-16,00276,2026-04-16,SCHEDULED,180,3.0
2026-04-16T07:10:31Z,1890112026-04-15,18901,2026-04-15,SCHEDULED,840,14.0
2026-04-16T07:10:31Z,0075222026-04-16,00752,2026-04-16,SCHEDULED,2340,39.0
2026-04-16T07:10:31Z,0075212026-04-16,00752,2026-04-16,SCHEDULED,2340,39.0
2026-04-16T07:10:31Z,1890012026-04-15,18900,2026-04-15,SCHEDULED,360,6.0
2026-04-16T07:10:31Z,0107112026-04-15,01071,2026-04-15,SCHEDULED,120,2.0
2026-04-16T07:10:31Z,1505012026-04-15,15050,2026-04-15,SCHEDULED,1560,26.0
2026-04-16T07:10:31Z,0107212026-04-16,01072,2026-04-16,SCHEDULED,240,4.0
2026-04-16T07:10:31Z,1600112026-04-15,16001,2026-04-15,SCHEDULED,180,3.0
2026-04-16T07:10:31Z,1401812026-04-15,14018,2026-04-15,SCHEDULED,840,14.0
2026-04-16T07:10:31Z,0108122026-04-15,01081,2026-04-15,SCHEDULED,240,4.0
2026-04-16T07:10:31Z,0108112026-04-15,01081,2026-04-15,SCHEDULED,240,4.0
2026-04-16T07:10:31Z,1402012026-04-15,14020,2026-04-15,SCHEDULED,120,2.0
2026-04-16T07:10:31Z,0109212026-04-15,01092,2026-04-15,SCHEDULED,60,1.0
2026-04-16T07:10:31Z,0206712026-04-15,02067,2026-04-15,SCHEDULED,600,10.0
2026-04-16T07:10:31Z,0207012026-04-15,02070,2026-04-15,SCHEDULED,660,11.0
2026-04-16T07:10:31Z,0207112026-04-15,02071,2026-04-15,SCHEDULED,900,15.0
2026-04-16T07:10:31Z,0207412026-04-16,02074,2026-04-16,SCHEDULED,420,7.0
2026-04-16T07:10:31Z,0207512026-04-16,02075,2026-04-16,SCHEDULED,1680,28.0
2026-04-16T07:10:31Z,3560452026-04-15,35604,2026-04-15,SCHEDULED,840,14.0
2026-04-16T07:10:31Z,3560442026-04-15,35604,2026-04-15,SCHEDULED,840,14.0
2026-04-16T07:10:31Z,3560412026-04-15,35604,2026-04-15,SCHEDULED,840,14.0
2026-04-16T07:10:31Z,3560422026-04-15,35604,2026-04-15,SCHEDULED,840,14.0
2026-04-16T07:10:31Z,0207612026-04-15,02076,2026-04-15,SCHEDULED,480,8.0
2026-04-16T07:10:31Z,0208012026-04-15,02080,2026-04-15,SCHEDULED,420,7.0
2026-04-16T07:10:31Z,1443522026-04-15,14435,2026-04-15,SCHEDULED,780,13.0
2026-04-16T07:10:31Z,1443512026-04-15,14435,2026-04-15,SCHEDULED,780,13.0
2026-04-16T07:10:31Z,0208112026-04-15,02081,2026-04-15,SCHEDULED,-60,-1.0
2026-04-16T07:10:31Z,0228512026-04-16,02285,2026-04-16,SCHEDULED,300,5.0
2026-04-16T07:10:31Z,1833122026-04-15,18331,2026-04-15,SCHEDULED,180,3.0
2026-04-16T07:10:31Z,1833112026-04-15,18331,2026-04-15,SCHEDULED,180,3.0
2026-04-16T07:10:31Z,0306012026-04-15,03060,2026-04-15,SCHEDULED,480,8.0
2026-04-16T07:10:31Z,0330142026-04-15,03301,2026-04-15,SCHEDULED,360,6.0
2026-04-16T07:10:31Z,0330132026-04-15,03301,2026-04-15,SCHEDULED,360,6.0
2026-04-16T07:10:31Z,0330112026-04-15,03301,2026-04-15,SCHEDULED,360,6.0
2026-04-16T07:10:31Z,0330122026-04-15,03301,2026-04-15,SCHEDULED,360,6.0
2026-04-16T07:10:31Z,7181112026-04-15,71811,2026-04-15,SCHEDULED,840,14.0
2026-04-16T07:10:31Z,7182012026-04-15,71820,2026-04-15,SCHEDULED,240,4.0
2026-04-16T07:10:31Z,0306242026-04-15,03062,2026-04-15,SCHEDULED,360,6.0
2026-04-16T07:10:31Z,0306232026-04-15,03062,2026-04-15,SCHEDULED,360,6.0
2026-04-16T07:10:31Z,0306212026-04-15,03062,2026-04-15,SCHEDULED,360,6.0
2026-04-16T07:10:31Z,0306222026-04-15,03062,2026-04-15,SCHEDULED,360,6.0
2026-04-16T07:10:31Z,7183012026-04-15,71830,2026-04-15,SCHEDULED,420,7.0
2026-04-16T07:10:31Z,7183112026-04-15,71831,2026-04-15,SCHEDULED,-180,-3.0
2026-04-16T07:10:31Z,7185012026-04-15,71850,2026-04-15,SCHEDULED,120,2.0
2026-04-16T07:10:31Z,0306312026-04-15,03063,2026-04-15,SCHEDULED,60,1.0
2026-04-16T07:10:31Z,0306322026-04-15,03063,2026-04-15,SCHEDULED,60,1.0
2026-04-16T07:10:31Z,0306332026-04-15,03063,2026-04-15,SCHEDULED,60,1.0
2026-04-16T07:10:31Z,7185112026-04-15,71851,2026-04-15,SCHEDULED,-120,-2.0
2026-04-16T07:10:31Z,7187012026-04-15,71870,2026-04-15,SCHEDULED,240,4.0
2026-04-16T07:10:31Z,0307112026-04-15,03071,2026-04-15,SCHEDULED,180,3.0
2026-04-16T07:10:31Z,0307322026-04-15,03073,2026-04-15,SCHEDULED,120,2.0
2026-04-16T07:10:31Z,0307312026-04-15,03073,2026-04-15,SCHEDULED,120,2.0
2026-04-16T07:10:31Z,1580822026-04-15,15808,2026-04-15,SCHEDULED,720,12.0
2026-04-16T07:10:31Z,1580812026-04-15,15808,2026-04-15,SCHEDULED,720,12.0
2026-04-16T07:10:31Z,0308012026-04-15,03080,2026-04-15,SCHEDULED,240,4.0
2026-04-16T07:10:31Z,1581022026-04-15,15810,2026-04-15,SCHEDULED,-60,-1.0
2026-04-16T07:10:31Z,1581012026-04-15,15810,2026-04-15,SCHEDULED,-60,-1.0
2026-04-16T07:10:31Z,0308112026-04-15,03081,2026-04-15,SCHEDULED,240,4.0
2026-04-16T07:10:31Z,0308212026-04-15,03082,2026-04-15,SCHEDULED,360,6.0
2026-04-16T07:10:31Z,0309112026-04-15,03091,2026-04-15,SCHEDULED,-180,-3.0
2026-04-16T07:10:31Z,0309212026-04-15,03092,2026-04-15,SCHEDULED,60,1.0
2026-04-16T07:10:31Z,0309222026-04-15,03092,2026-04-15,SCHEDULED,60,1.0
2026-04-16T07:10:31Z,0309232026-04-15,03092,2026-04-15,SCHEDULED,60,1.0
2026-04-16T07:10:31Z,0306242026-04-15,03062,2026-04-15,SCHEDULED,780,13.0
2026-04-16T07:10:31Z,0306232026-04-15,03062,2026-04-15,SCHEDULED,780,13.0
2026-04-16T07:10:31Z,0306212026-04-15,03062,2026-04-15,SCHEDULED,780,13.0
2026-04-16T07:10:31Z,0306222026-04-15,03062,2026-04-15,SCHEDULED,780,13.0
2026-04-16T07:10:31Z,0366222026-04-15,03662,2026-04-15,SCHEDULED,300,5.0
2026-04-16T07:10:31Z,0366212026-04-15,03662,2026-04-15,SCHEDULED,300,5.0
2026-04-16T07:10:31Z,0327212026-04-15,03272,2026-04-15,SCHEDULED,120,2.0
2026-04-16T07:10:31Z,0327222026-04-15,03272,2026-04-15,SCHEDULED,120,2.0
2026-04-16T07:10:31Z,0327232026-04-15,03272,2026-04-15,SCHEDULED,120,2.0
2026-04-16T07:10:31Z,1296312026-04-15,12963,2026-04-15,CANCELED,,
2026-04-16T07:10:31Z,7185112026-04-15,71851,2026-04-15,CANCELED,,
2026-04-16T07:10:31Z,1262312026-04-15,12623,2026-04-15,CANCELED,,
2026-04-16T07:10:31Z,7183112026-04-15,71831,2026-04-15,CANCELED,,
2026-04-16T07:10:31Z,1296212026-04-15,12962,2026-04-15,CANCELED,,
2026-04-16T07:15:28Z,0405612026-04-16,04056,2026-04-16,SCHEDULED,1020,17.0
2026-04-16T07:15:28Z,0063142026-04-16,00631,2026-04-16,SCHEDULED,960,16.0
2026-04-16T07:15:28Z,0063132026-04-16,00631,2026-04-16,SCHEDULED,960,16.0
2026-04-16T07:15:28Z,0063112026-04-16,00631,2026-04-16,SCHEDULED,960,16.0
2026-04-16T07:15:28Z,0063122026-04-16,00631,2026-04-16,SCHEDULED,960,16.0
2026-04-16T07:15:28Z,0426112026-04-16,04261,2026-04-16,SCHEDULED,-180,-3.0
2026-04-16T07:15:28Z,0408012026-04-16,04080,2026-04-16,SCHEDULED,-60,-1.0
2026-04-16T07:15:28Z,1210112026-04-15,12101,2026-04-15,SCHEDULED,-360,-6.0
2026-04-16T07:15:28Z,1210122026-04-15,12101,2026-04-15,SCHEDULED,-360,-6.0
2026-04-16T07:15:28Z,1210142026-04-15,12101,2026-04-15,SCHEDULED,-360,-6.0
2026-04-16T07:15:28Z,1261312026-04-15,12613,2026-04-15,SCHEDULED,600,10.0
2026-04-16T07:15:28Z,0418642026-04-16,04186,2026-04-16,SCHEDULED,-180,-3.0
2026-04-16T07:15:28Z,0418632026-04-16,04186,2026-04-16,SCHEDULED,-180,-3.0
2026-04-16T07:15:28Z,0418612026-04-16,04186,2026-04-16,SCHEDULED,-180,-3.0
2026-04-16T07:15:28Z,0418622026-04-16,04186,2026-04-16,SCHEDULED,-180,-3.0
2026-04-16T07:15:28Z,1261112026-04-15,12611,2026-04-15,SCHEDULED,660,11.0
2026-04-16T07:15:28Z,1264112026-04-15,12641,2026-04-15,SCHEDULED,240,4.0
2026-04-16T07:15:28Z,0408712026-04-16,04087,2026-04-16,SCHEDULED,1740,29.0
2026-04-16T07:15:28Z,1264412026-04-15,12644,2026-04-15,SCHEDULED,300,5.0
2026-04-16T07:15:28Z,0408612026-04-16,04086,2026-04-16,SCHEDULED,-60,-1.0
2026-04-16T07:15:28Z,0408622026-04-16,04086,2026-04-16,SCHEDULED,-60,-1.0
2026-04-16T07:15:28Z,0408632026-04-16,04086,2026-04-16,SCHEDULED,-60,-1.0
2026-04-16T07:15:28Z,1268112026-04-15,12681,2026-04-15,SCHEDULED,60,1.0
2026-04-16T07:15:28Z,1300212026-04-15,13002,2026-04-15,SCHEDULED,540,9.0
2026-04-16T07:15:28Z,0408812026-04-16,04088,2026-04-16,SCHEDULED,240,4.0
2026-04-16T07:15:28Z,0408822026-04-16,04088,2026-04-16,SCHEDULED,240,4.0
2026-04-16T07:15:28Z,0408832026-04-16,04088,2026-04-16,SCHEDULED,240,4.0
2026-04-16T07:15:28Z,0407222026-04-16,04072,2026-04-16,SCHEDULED,180,3.0
2026-04-16T07:15:28Z,0407212026-04-16,04072,2026-04-16,SCHEDULED,180,3.0
2026-04-16T07:15:28Z,1303022026-04-15,13030,2026-04-15,SCHEDULED,600,10.0
2026-04-16T07:15:28Z,1303012026-04-15,13030,2026-04-15,SCHEDULED,600,10.0
2026-04-16T07:15:28Z,0447512026-04-15,04475,2026-04-15,SCHEDULED,60,1.0
2026-04-16T07:15:28Z,1300512026-04-15,13005,2026-04-15,SCHEDULED,120,2.0
2026-04-16T07:15:28Z,0429522026-04-15,04295,2026-04-15,SCHEDULED,-120,-2.0
2026-04-16T07:15:28Z,0429512026-04-15,04295,2026-04-15,SCHEDULED,-120,-2.0
2026-04-16T07:15:28Z,1302032026-04-15,13020,2026-04-15,SCHEDULED,480,8.0
2026-04-16T07:15:28Z,1302012026-04-15,13020,2026-04-15,SCHEDULED,480,8.0
2026-04-16T07:15:28Z,0446412026-04-15,04464,2026-04-15,SCHEDULED,300,5.0
2026-04-16T07:15:28Z,1300322026-04-15,13003,2026-04-15,SCHEDULED,840,14.0
2026-04-16T07:15:28Z,1300312026-04-15,13003,2026-04-15,SCHEDULED,840,14.0
2026-04-16T07:15:28Z,0436422026-04-15,04364,2026-04-15,SCHEDULED,360,6.0
2026-04-16T07:15:28Z,0436412026-04-15,04364,2026-04-15,SCHEDULED,360,6.0
2026-04-16T07:15:28Z,1309912026-04-15,13099,2026-04-15,SCHEDULED,300,5.0
2026-04-16T07:15:28Z,0468712026-04-16,04687,2026-04-16,SCHEDULED,60,1.0
2026-04-16T07:15:28Z,1320712026-04-15,13207,2026-04-15,SCHEDULED,120,2.0
2026-04-16T07:15:28Z,1390012026-04-15,13900,2026-04-15,SCHEDULED,1500,25.0
2026-04-16T07:15:28Z,0489922026-04-16,04899,2026-04-16,SCHEDULED,180,3.0
2026-04-16T07:15:28Z,0489912026-04-16,04899,2026-04-16,SCHEDULED,180,3.0
2026-04-16T07:15:28Z,1390212026-04-15,13902,2026-04-15,SCHEDULED,1620,27.0
2026-04-16T07:15:28Z,0507012026-04-15,05070,2026-04-15,SCHEDULED,300,5.0
2026-04-16T07:15:28Z,1390112026-04-15,13901,2026-04-15,SCHEDULED,1140,19.0
2026-04-16T07:15:28Z,0507112026-04-15,05071,2026-04-15,SCHEDULED,-240,-4.0
2026-04-16T07:15:28Z,0507122026-04-15,05071,2026-04-15,SCHEDULED,-240,-4.0
2026-04-16T07:15:28Z,0507132026-04-15,05071,2026-04-15,SCHEDULED,-240,-4.0
2026-04-16T07:15:28Z,0507212026-04-15,05072,2026-04-15,SCHEDULED,240,4.0
2026-04-16T07:15:28Z,1412362026-04-15,14123,2026-04-15,SCHEDULED,660,11.0
2026-04-16T07:15:28Z,1412342026-04-15,14123,2026-04-15,SCHEDULED,660,11.0
2026-04-16T07:15:28Z,1412352026-04-15,14123,2026-04-15,SCHEDULED,660,11.0
2026-04-16T07:15:28Z,1412312026-04-15,14123,2026-04-15,SCHEDULED,660,11.0
2026-04-16T07:15:28Z,1412332026-04-15,14123,2026-04-15,SCHEDULED,660,11.0
2026-04-16T07:15:28Z,1412322026-04-15,14123,2026-04-15,SCHEDULED,660,11.0
2026-04-16T07:15:28Z,0508312026-04-15,05083,2026-04-15,SCHEDULED,-120,-2.0
2026-04-16T07:15:28Z,1500312026-04-15,15003,2026-04-15,SCHEDULED,660,11.0
2026-04-16T07:15:28Z,0509212026-04-15,05092,2026-04-15,SCHEDULED,120,2.0
2026-04-16T07:15:28Z,0509222026-04-15,05092,2026-04-15,SCHEDULED,120,2.0
2026-04-16T07:15:28Z,0509232026-04-15,05092,2026-04-15,SCHEDULED,120,2.0
2026-04-16T07:15:28Z,0527322026-04-15,05273,2026-04-15,SCHEDULED,360,6.0
2026-04-16T07:15:28Z,0527312026-04-15,05273,2026-04-15,SCHEDULED,360,6.0
2026-04-16T07:15:28Z,1504112026-04-15,15041,2026-04-15,SCHEDULED,1500,25.0
2026-04-16T07:15:28Z,1504212026-04-15,15042,2026-04-15,SCHEDULED,-60,-1.0
2026-04-16T07:15:28Z,0508042026-04-15,05080,2026-04-15,SCHEDULED,-60,-1.0
2026-04-16T07:15:28Z,0508032026-04-15,05080,2026-04-15,SCHEDULED,-60,-1.0
2026-04-16T07:15:28Z,0508012026-04-15,05080,2026-04-15,SCHEDULED,-60,-1.0
2026-04-16T07:15:28Z,0508022026-04-15,05080,2026-04-15,SCHEDULED,-60,-1.0
2026-04-16T07:15:28Z,0566812026-04-15,05668,2026-04-15,SCHEDULED,840,14.0
2026-04-16T07:15:28Z,1564512026-04-15,15645,2026-04-15,SCHEDULED,120,2.0
2026-04-16T07:15:28Z,0576312026-04-15,05763,2026-04-15,SCHEDULED,-60,-1.0
2026-04-16T07:15:28Z,0576322026-04-15,05763,2026-04-15,SCHEDULED,-60,-1.0
2026-04-16T07:15:28Z,0576332026-04-15,05763,2026-04-15,SCHEDULED,-60,-1.0
2026-04-16T07:15:28Z,1572212026-04-15,15722,2026-04-15,SCHEDULED,2040,34.0
2026-04-16T07:15:28Z,0808012026-04-15,08080,2026-04-15,SCHEDULED,240,4.0
2026-04-16T07:15:28Z,1577412026-04-15,15774,2026-04-15,SCHEDULED,900,15.0
2026-04-16T07:15:28Z,1577812026-04-15,15778,2026-04-15,SCHEDULED,600,10.0
2026-04-16T07:15:28Z,0808112026-04-15,08081,2026-04-15,SCHEDULED,720,12.0
2026-04-16T07:15:28Z,1580212026-04-15,15802,2026-04-15,SCHEDULED,660,11.0
2026-04-16T07:15:28Z,0808512026-04-15,08085,2026-04-15,SCHEDULED,420,7.0
2026-04-16T07:15:28Z,0808712026-04-15,08087,2026-04-15,SCHEDULED,60,1.0
2026-04-16T07:15:28Z,1585412026-04-15,15854,2026-04-15,SCHEDULED,360,6.0
2026-04-16T07:15:28Z,0808812026-04-15,08088,2026-04-15,SCHEDULED,60,1.0
2026-04-16T07:15:28Z,1590012026-04-15,15900,2026-04-15,SCHEDULED,660,11.0
2026-04-16T07:15:28Z,0827512026-04-15,08275,2026-04-15,SCHEDULED,360,6.0
2026-04-16T07:15:28Z,1590412026-04-15,15904,2026-04-15,SCHEDULED,300,5.0
2026-04-16T07:15:28Z,0908212026-04-15,09082,2026-04-15,SCHEDULED,180,3.0
2026-04-16T07:15:28Z,0908312026-04-15,09083,2026-04-15,SCHEDULED,420,7.0
2026-04-16T07:15:28Z,1601922026-04-15,16019,2026-04-15,SCHEDULED,120,2.0
2026-04-16T07:15:28Z,1601912026-04-15,16019,2026-04-15,SCHEDULED,120,2.0
2026-04-16T07:15:28Z,1702112026-04-15,17021,2026-04-15,SCHEDULED,360,6.0
2026-04-16T07:15:28Z,0908522026-04-15,09085,2026-04-15,SCHEDULED,420,7.0
2026-04-16T07:15:28Z,0908512026-04-15,09085,2026-04-15,SCHEDULED,420,7.0
2026-04-16T07:15:28Z,1720112026-04-15,17201,2026-04-15,SCHEDULED,480,8.0
2026-04-16T07:15:28Z,0909312026-04-15,09093,2026-04-15,SCHEDULED,120,2.0
2026-04-16T07:15:28Z,1800112026-04-15,18001,2026-04-15,SCHEDULED,120,2.0
2026-04-16T07:15:28Z,1803012026-04-15,18030,2026-04-15,SCHEDULED,60,1.0
2026-04-16T07:15:28Z,1803112026-04-15,18031,2026-04-15,SCHEDULED,240,4.0
2026-04-16T07:15:28Z,1803312026-04-15,18033,2026-04-15,SCHEDULED,120,2.0
2026-04-16T07:15:28Z,1804112026-04-15,18041,2026-04-15,SCHEDULED,4740,79.0
2026-04-16T07:15:28Z,1807112026-04-15,18071,2026-04-15,SCHEDULED,300,5.0
2026-04-16T07:15:28Z,0407312026-04-16,04073,2026-04-16,SCHEDULED,540,9.0
2026-04-16T07:15:28Z,1800212026-04-15,18002,2026-04-15,SCHEDULED,1380,23.0
2026-04-16T07:15:28Z,1800222026-04-15,18002,2026-04-15,SCHEDULED,1380,23.0
2026-04-16T07:15:28Z,1800242026-04-15,18002,2026-04-15,SCHEDULED,1380,23.0
2026-04-16T07:15:28Z,1806612026-04-15,18066,2026-04-15,SCHEDULED,360,6.0
2026-04-16T07:15:28Z,1812212026-04-15,18122,2026-04-15,SCHEDULED,60,1.0
2026-04-16T07:15:28Z,1812312026-04-15,18123,2026-04-15,SCHEDULED,1500,25.0
2026-04-16T07:15:28Z,0062122026-04-16,00621,2026-04-16,SCHEDULED,-180,-3.0
2026-04-16T07:15:28Z,0062132026-04-16,00621,2026-04-16,SCHEDULED,-180,-3.0
2026-04-16T07:15:28Z,0062152026-04-16,00621,2026-04-16,SCHEDULED,-180,-3.0
2026-04-16T07:15:28Z,0062112026-04-16,00621,2026-04-16,SCHEDULED,-180,-3.0
2026-04-16T07:15:28Z,0062142026-04-16,00621,2026-04-16,SCHEDULED,-180,-3.0
2026-04-16T07:15:28Z,0394012026-04-15,03940,2026-04-15,SCHEDULED,840,14.0
2026-04-16T07:15:28Z,1830012026-04-15,18300,2026-04-15,SCHEDULED,600,10.0
2026-04-16T07:15:28Z,1832122026-04-15,18321,2026-04-15,SCHEDULED,180,3.0
2026-04-16T07:15:28Z,1832112026-04-15,18321,2026-04-15,SCHEDULED,180,3.0
2026-04-16T07:15:28Z,0019042026-04-16,00190,2026-04-16,SCHEDULED,180,3.0
2026-04-16T07:15:28Z,0019032026-04-16,00190,2026-04-16,SCHEDULED,180,3.0
2026-04-16T07:15:28Z,0019012026-04-16,00190,2026-04-16,SCHEDULED,180,3.0
2026-04-16T07:15:28Z,0019022026-04-16,00190,2026-04-16,SCHEDULED,180,3.0
2026-04-16T07:15:28Z,1801012026-04-15,18010,2026-04-15,SCHEDULED,780,13.0
2026-04-16T07:15:28Z,1801022026-04-15,18010,2026-04-15,SCHEDULED,780,13.0
2026-04-16T07:15:28Z,1801032026-04-15,18010,2026-04-15,SCHEDULED,780,13.0
2026-04-16T07:15:28Z,0029122026-04-16,00291,2026-04-16,SCHEDULED,780,13.0
2026-04-16T07:15:28Z,0029112026-04-16,00291,2026-04-16,SCHEDULED,780,13.0
2026-04-16T07:15:28Z,1806112026-04-16,18061,2026-04-16,SCHEDULED,-60,-1.0
2026-04-16T07:15:28Z,1806122026-04-16,18061,2026-04-16,SCHEDULED,-60,-1.0
2026-04-16T07:15:28Z,1806132026-04-16,18061,2026-04-16,SCHEDULED,-60,-1.0
2026-04-16T07:15:28Z,0029322026-04-16,00293,2026-04-16,SCHEDULED,180,3.0
2026-04-16T07:15:28Z,0029312026-04-16,00293,2026-04-16,SCHEDULED,180,3.0
2026-04-16T07:15:28Z,1890112026-04-15,18901,2026-04-15,SCHEDULED,840,14.0
2026-04-16T07:15:28Z,1890012026-04-15,18900,2026-04-15,SCHEDULED,420,7.0
2026-04-16T07:15:28Z,0053322026-04-16,00533,2026-04-16,SCHEDULED,360,6.0
2026-04-16T07:15:28Z,0053312026-04-16,00533,2026-04-16,SCHEDULED,360,6.0
2026-04-16T07:15:28Z,1505012026-04-15,15050,2026-04-15,SCHEDULED,1620,27.0
2026-04-16T07:15:28Z,1600112026-04-15,16001,2026-04-15,SCHEDULED,180,3.0
2026-04-16T07:15:28Z,0043812026-04-16,00438,2026-04-16,SCHEDULED,60,1.0
2026-04-16T07:15:28Z,0043822026-04-16,00438,2026-04-16,SCHEDULED,60,1.0
2026-04-16T07:15:28Z,0043832026-04-16,00438,2026-04-16,SCHEDULED,60,1.0
2026-04-16T07:15:28Z,1401812026-04-15,14018,2026-04-15,SCHEDULED,660,11.0
2026-04-16T07:15:28Z,0060112026-04-16,00601,2026-04-16,SCHEDULED,60,1.0
2026-04-16T07:15:28Z,1402012026-04-15,14020,2026-04-15,SCHEDULED,120,2.0
2026-04-16T07:15:28Z,0027622026-04-16,00276,2026-04-16,SCHEDULED,180,3.0
2026-04-16T07:15:28Z,0027612026-04-16,00276,2026-04-16,SCHEDULED,180,3.0
2026-04-16T07:15:28Z,1447212026-04-15,14472,2026-04-15,SCHEDULED,120,2.0
2026-04-16T07:15:28Z,0075222026-04-16,00752,2026-04-16,SCHEDULED,2340,39.0
2026-04-16T07:15:28Z,0075212026-04-16,00752,2026-04-16,SCHEDULED,2340,39.0
2026-04-16T07:15:28Z,3560452026-04-15,35604,2026-04-15,SCHEDULED,1020,17.0
2026-04-16T07:15:28Z,3560442026-04-15,35604,2026-04-15,SCHEDULED,1020,17.0
2026-04-16T07:15:28Z,3560412026-04-15,35604,2026-04-15,SCHEDULED,1020,17.0
2026-04-16T07:15:28Z,3560422026-04-15,35604,2026-04-15,SCHEDULED,1020,17.0
2026-04-16T07:15:28Z,0107112026-04-15,01071,2026-04-15,SCHEDULED,300,5.0
2026-04-16T07:15:28Z,0107212026-04-16,01072,2026-04-16,SCHEDULED,360,6.0
2026-04-16T07:15:28Z,1443522026-04-15,14435,2026-04-15,SCHEDULED,780,13.0
2026-04-16T07:15:28Z,1443512026-04-15,14435,2026-04-15,SCHEDULED,780,13.0
2026-04-16T07:15:28Z,1443732026-04-15,14437,2026-04-15,SCHEDULED,180,3.0
2026-04-16T07:15:28Z,1443712026-04-15,14437,2026-04-15,SCHEDULED,180,3.0
2026-04-16T07:15:28Z,0108122026-04-15,01081,2026-04-15,SCHEDULED,180,3.0
2026-04-16T07:15:28Z,0108112026-04-15,01081,2026-04-15,SCHEDULED,180,3.0
2026-04-16T07:15:28Z,1833122026-04-15,18331,2026-04-15,SCHEDULED,180,3.0
2026-04-16T07:15:28Z,1833112026-04-15,18331,2026-04-15,SCHEDULED,180,3.0
2026-04-16T07:15:28Z,0109212026-04-15,01092,2026-04-15,SCHEDULED,60,1.0
2026-04-16T07:15:28Z,0110122026-04-15,01101,2026-04-15,SCHEDULED,60,1.0
2026-04-16T07:15:28Z,0110112026-04-15,01101,2026-04-15,SCHEDULED,60,1.0
2026-04-16T07:15:28Z,7181112026-04-15,71811,2026-04-15,SCHEDULED,840,14.0
2026-04-16T07:15:28Z,0206712026-04-15,02067,2026-04-15,SCHEDULED,540,9.0
2026-04-16T07:15:28Z,7182012026-04-15,71820,2026-04-15,SCHEDULED,180,3.0
2026-04-16T07:15:28Z,0207012026-04-15,02070,2026-04-15,SCHEDULED,780,13.0
2026-04-16T07:15:28Z,7183012026-04-15,71830,2026-04-15,SCHEDULED,420,7.0
2026-04-16T07:15:28Z,0207112026-04-15,02071,2026-04-15,SCHEDULED,900,15.0
2026-04-16T07:15:28Z,7183112026-04-15,71831,2026-04-15,SCHEDULED,120,2.0
2026-04-16T07:15:28Z,0207412026-04-16,02074,2026-04-16,SCHEDULED,540,9.0
2026-04-16T07:15:28Z,7185012026-04-15,71850,2026-04-15,SCHEDULED,120,2.0
2026-04-16T07:15:28Z,7185112026-04-15,71851,2026-04-15,SCHEDULED,-60,-1.0
2026-04-16T07:15:28Z,0207512026-04-16,02075,2026-04-16,SCHEDULED,1680,28.0
2026-04-16T07:15:28Z,7187012026-04-15,71870,2026-04-15,SCHEDULED,300,5.0
2026-04-16T07:15:28Z,0207612026-04-15,02076,2026-04-15,SCHEDULED,360,6.0
2026-04-16T07:15:28Z,1580822026-04-15,15808,2026-04-15,SCHEDULED,720,12.0
2026-04-16T07:15:28Z,1580812026-04-15,15808,2026-04-15,SCHEDULED,720,12.0
2026-04-16T07:15:28Z,0208012026-04-15,02080,2026-04-15,SCHEDULED,420,7.0
2026-04-16T07:15:28Z,0209612026-04-15,02096,2026-04-15,SCHEDULED,180,3.0
2026-04-16T07:15:28Z,0228512026-04-16,02285,2026-04-16,SCHEDULED,720,12.0
2026-04-16T07:15:28Z,0306012026-04-15,03060,2026-04-15,SCHEDULED,300,5.0
2026-04-16T07:15:28Z,0330142026-04-15,03301,2026-04-15,SCHEDULED,360,6.0
2026-04-16T07:15:28Z,0330132026-04-15,03301,2026-04-15,SCHEDULED,360,6.0
2026-04-16T07:15:28Z,0330112026-04-15,03301,2026-04-15,SCHEDULED,360,6.0
2026-04-16T07:15:28Z,0330122026-04-15,03301,2026-04-15,SCHEDULED,360,6.0
2026-04-16T07:15:28Z,0306242026-04-15,03062,2026-04-15,SCHEDULED,360,6.0
2026-04-16T07:15:28Z,0306232026-04-15,03062,2026-04-15,SCHEDULED,360,6.0
2026-04-16T07:15:28Z,0306212026-04-15,03062,2026-04-15,SCHEDULED,360,6.0
2026-04-16T07:15:28Z,0306222026-04-15,03062,2026-04-15,SCHEDULED,360,6.0
2026-04-16T07:15:28Z,0306312026-04-15,03063,2026-04-15,SCHEDULED,180,3.0
2026-04-16T07:15:28Z,0306322026-04-15,03063,2026-04-15,SCHEDULED,180,3.0
2026-04-16T07:15:28Z,0306332026-04-15,03063,2026-04-15,SCHEDULED,180,3.0
2026-04-16T07:15:28Z,0307012026-04-15,03070,2026-04-15,SCHEDULED,120,2.0
2026-04-16T07:15:28Z,0307112026-04-15,03071,2026-04-15,SCHEDULED,180,3.0
2026-04-16T07:15:28Z,0307322026-04-15,03073,2026-04-15,SCHEDULED,120,2.0
2026-04-16T07:15:28Z,0307312026-04-15,03073,2026-04-15,SCHEDULED,120,2.0
2026-04-16T07:15:28Z,0308012026-04-15,03080,2026-04-15,SCHEDULED,240,4.0
2026-04-16T07:15:28Z,0308112026-04-15,03081,2026-04-15,SCHEDULED,180,3.0
2026-04-16T07:15:28Z,0308212026-04-15,03082,2026-04-15,SCHEDULED,540,9.0
2026-04-16T07:15:28Z,0308312026-04-15,03083,2026-04-15,SCHEDULED,120,2.0
2026-04-16T07:15:28Z,0309112026-04-15,03091,2026-04-15,SCHEDULED,-120,-2.0
2026-04-16T07:15:28Z,0309212026-04-15,03092,2026-04-15,SCHEDULED,60,1.0
2026-04-16T07:15:28Z,0309222026-04-15,03092,2026-04-15,SCHEDULED,60,1.0
2026-04-16T07:15:28Z,0309232026-04-15,03092,2026-04-15,SCHEDULED,60,1.0
2026-04-16T07:15:28Z,0306242026-04-15,03062,2026-04-15,SCHEDULED,660,11.0
2026-04-16T07:15:28Z,0306232026-04-15,03062,2026-04-15,SCHEDULED,660,11.0
2026-04-16T07:15:28Z,0306212026-04-15,03062,2026-04-15,SCHEDULED,660,11.0
2026-04-16T07:15:28Z,0306222026-04-15,03062,2026-04-15,SCHEDULED,660,11.0
2026-04-16T07:15:28Z,0366222026-04-15,03662,2026-04-15,SCHEDULED,300,5.0
2026-04-16T07:15:28Z,0366212026-04-15,03662,2026-04-15,SCHEDULED,300,5.0
2026-04-16T07:15:28Z,0327212026-04-15,03272,2026-04-15,SCHEDULED,120,2.0
2026-04-16T07:15:28Z,0327222026-04-15,03272,2026-04-15,SCHEDULED,120,2.0
2026-04-16T07:15:28Z,0327232026-04-15,03272,2026-04-15,SCHEDULED,120,2.0
2026-04-16T07:15:28Z,1296312026-04-15,12963,2026-04-15,CANCELED,,
2026-04-16T07:15:28Z,7185112026-04-15,71851,2026-04-15,CANCELED,,
2026-04-16T07:15:28Z,1262312026-04-15,12623,2026-04-15,CANCELED,,
2026-04-16T07:15:28Z,7183112026-04-15,71831,2026-04-15,CANCELED,,
2026-04-16T07:15:28Z,1296212026-04-15,12962,2026-04-15,CANCELED,,
2026-04-16T07:20:28Z,1390312026-04-15,13903,2026-04-15,SCHEDULED,-60,-1.0
2026-04-16T07:20:28Z,0366222026-04-15,03662,2026-04-15,SCHEDULED,300,5.0
2026-04-16T07:20:28Z,0366212026-04-15,03662,2026-04-15,SCHEDULED,300,5.0
2026-04-16T07:20:28Z,0327212026-04-15,03272,2026-04-15,SCHEDULED,240,4.0
2026-04-16T07:20:28Z,0327222026-04-15,03272,2026-04-15,SCHEDULED,240,4.0
2026-04-16T07:20:28Z,0327232026-04-15,03272,2026-04-15,SCHEDULED,240,4.0
2026-04-16T07:20:28Z,1412362026-04-15,14123,2026-04-15,SCHEDULED,780,13.0
2026-04-16T07:20:28Z,1412342026-04-15,14123,2026-04-15,SCHEDULED,780,13.0
2026-04-16T07:20:28Z,1412352026-04-15,14123,2026-04-15,SCHEDULED,780,13.0
2026-04-16T07:20:28Z,1412312026-04-15,14123,2026-04-15,SCHEDULED,780,13.0
2026-04-16T07:20:28Z,1412332026-04-15,14123,2026-04-15,SCHEDULED,780,13.0
2026-04-16T07:20:28Z,1412322026-04-15,14123,2026-04-15,SCHEDULED,780,13.0
2026-04-16T07:20:28Z,0405612026-04-16,04056,2026-04-16,SCHEDULED,1200,20.0
2026-04-16T07:20:28Z,0406012026-04-15,04060,2026-04-15,SCHEDULED,-120,-2.0
2026-04-16T07:20:28Z,1500312026-04-15,15003,2026-04-15,SCHEDULED,660,11.0
2026-04-16T07:20:28Z,0426112026-04-16,04261,2026-04-16,SCHEDULED,-180,-3.0
2026-04-16T07:20:28Z,0408012026-04-16,04080,2026-04-16,SCHEDULED,120,2.0
2026-04-16T07:20:28Z,1504112026-04-15,15041,2026-04-15,SCHEDULED,1800,30.0
2026-04-16T07:20:28Z,0418642026-04-16,04186,2026-04-16,SCHEDULED,-180,-3.0
2026-04-16T07:20:28Z,0418632026-04-16,04186,2026-04-16,SCHEDULED,-180,-3.0
2026-04-16T07:20:28Z,0418612026-04-16,04186,2026-04-16,SCHEDULED,-180,-3.0
2026-04-16T07:20:28Z,0418622026-04-16,04186,2026-04-16,SCHEDULED,-180,-3.0
2026-04-16T07:20:28Z,0408712026-04-16,04087,2026-04-16,SCHEDULED,1740,29.0
2026-04-16T07:20:28Z,1564012026-04-15,15640,2026-04-15,SCHEDULED,-60,-1.0
2026-04-16T07:20:28Z,0408612026-04-16,04086,2026-04-16,SCHEDULED,-60,-1.0
2026-04-16T07:20:28Z,0408622026-04-16,04086,2026-04-16,SCHEDULED,-60,-1.0
2026-04-16T07:20:28Z,0408632026-04-16,04086,2026-04-16,SCHEDULED,-60,-1.0
2026-04-16T07:20:28Z,1564512026-04-15,15645,2026-04-15,SCHEDULED,120,2.0
2026-04-16T07:20:28Z,1572212026-04-15,15722,2026-04-15,SCHEDULED,2040,34.0
2026-04-16T07:20:28Z,0408812026-04-16,04088,2026-04-16,SCHEDULED,180,3.0
2026-04-16T07:20:28Z,0408822026-04-16,04088,2026-04-16,SCHEDULED,180,3.0
2026-04-16T07:20:28Z,0408832026-04-16,04088,2026-04-16,SCHEDULED,180,3.0
2026-04-16T07:20:28Z,1577412026-04-15,15774,2026-04-15,SCHEDULED,900,15.0
2026-04-16T07:20:28Z,1577812026-04-15,15778,2026-04-15,SCHEDULED,540,9.0
2026-04-16T07:20:28Z,0409112026-04-16,04091,2026-04-16,SCHEDULED,120,2.0
2026-04-16T07:20:28Z,1580212026-04-15,15802,2026-04-15,SCHEDULED,780,13.0
2026-04-16T07:20:28Z,1585212026-04-15,15852,2026-04-15,SCHEDULED,60,1.0
2026-04-16T07:20:28Z,0407222026-04-16,04072,2026-04-16,SCHEDULED,180,3.0
2026-04-16T07:20:28Z,0407212026-04-16,04072,2026-04-16,SCHEDULED,180,3.0
2026-04-16T07:20:28Z,1585412026-04-15,15854,2026-04-15,SCHEDULED,300,5.0
2026-04-16T07:20:28Z,0447512026-04-15,04475,2026-04-15,SCHEDULED,120,2.0
2026-04-16T07:20:28Z,1590412026-04-15,15904,2026-04-15,SCHEDULED,300,5.0
2026-04-16T07:20:28Z,1601922026-04-15,16019,2026-04-15,SCHEDULED,120,2.0
2026-04-16T07:20:28Z,1601912026-04-15,16019,2026-04-15,SCHEDULED,120,2.0
2026-04-16T07:20:28Z,0446412026-04-15,04464,2026-04-15,SCHEDULED,300,5.0
2026-04-16T07:20:28Z,0436422026-04-15,04364,2026-04-15,SCHEDULED,360,6.0
2026-04-16T07:20:28Z,0436412026-04-15,04364,2026-04-15,SCHEDULED,360,6.0
2026-04-16T07:20:28Z,0407312026-04-16,04073,2026-04-16,SCHEDULED,480,8.0
2026-04-16T07:20:28Z,0468712026-04-16,04687,2026-04-16,SCHEDULED,60,1.0
2026-04-16T07:20:28Z,0489922026-04-16,04899,2026-04-16,SCHEDULED,120,2.0
2026-04-16T07:20:28Z,0489912026-04-16,04899,2026-04-16,SCHEDULED,120,2.0
2026-04-16T07:20:28Z,0062122026-04-16,00621,2026-04-16,SCHEDULED,-180,-3.0
2026-04-16T07:20:28Z,0062132026-04-16,00621,2026-04-16,SCHEDULED,-180,-3.0
2026-04-16T07:20:28Z,0062152026-04-16,00621,2026-04-16,SCHEDULED,-180,-3.0
2026-04-16T07:20:28Z,0062112026-04-16,00621,2026-04-16,SCHEDULED,-180,-3.0
2026-04-16T07:20:28Z,0062142026-04-16,00621,2026-04-16,SCHEDULED,-180,-3.0
2026-04-16T07:20:28Z,0507012026-04-15,05070,2026-04-15,SCHEDULED,300,5.0
2026-04-16T07:20:28Z,0507112026-04-15,05071,2026-04-15,SCHEDULED,-240,-4.0
2026-04-16T07:20:28Z,0507122026-04-15,05071,2026-04-15,SCHEDULED,-240,-4.0
2026-04-16T07:20:28Z,0507132026-04-15,05071,2026-04-15,SCHEDULED,-240,-4.0
2026-04-16T07:20:28Z,0507212026-04-15,05072,2026-04-15,SCHEDULED,180,3.0
2026-04-16T07:20:28Z,0062262026-04-16,00622,2026-04-16,SCHEDULED,420,7.0
2026-04-16T07:20:28Z,0062242026-04-16,00622,2026-04-16,SCHEDULED,420,7.0
2026-04-16T07:20:28Z,0062252026-04-16,00622,2026-04-16,SCHEDULED,420,7.0
2026-04-16T07:20:28Z,0062212026-04-16,00622,2026-04-16,SCHEDULED,420,7.0
2026-04-16T07:20:28Z,0062232026-04-16,00622,2026-04-16,SCHEDULED,420,7.0
2026-04-16T07:20:28Z,0062222026-04-16,00622,2026-04-16,SCHEDULED,420,7.0
2026-04-16T07:20:28Z,0508112026-04-15,05081,2026-04-15,SCHEDULED,-60,-1.0
2026-04-16T07:20:28Z,0508312026-04-15,05083,2026-04-15,SCHEDULED,-120,-2.0
2026-04-16T07:20:28Z,0063142026-04-16,00631,2026-04-16,SCHEDULED,900,15.0
2026-04-16T07:20:28Z,0063132026-04-16,00631,2026-04-16,SCHEDULED,900,15.0
2026-04-16T07:20:28Z,0063112026-04-16,00631,2026-04-16,SCHEDULED,900,15.0
2026-04-16T07:20:28Z,0063122026-04-16,00631,2026-04-16,SCHEDULED,900,15.0
2026-04-16T07:20:28Z,0069712026-04-16,00697,2026-04-16,SCHEDULED,-60,-1.0
2026-04-16T07:20:28Z,0509212026-04-15,05092,2026-04-15,SCHEDULED,120,2.0
2026-04-16T07:20:28Z,0509222026-04-15,05092,2026-04-15,SCHEDULED,120,2.0
2026-04-16T07:20:28Z,0509232026-04-15,05092,2026-04-15,SCHEDULED,120,2.0
2026-04-16T07:20:28Z,1210112026-04-15,12101,2026-04-15,SCHEDULED,60,1.0
2026-04-16T07:20:28Z,1210122026-04-15,12101,2026-04-15,SCHEDULED,60,1.0
2026-04-16T07:20:28Z,1210142026-04-15,12101,2026-04-15,SCHEDULED,60,1.0
2026-04-16T07:20:28Z,0527322026-04-15,05273,2026-04-15,SCHEDULED,480,8.0
2026-04-16T07:20:28Z,0527312026-04-15,05273,2026-04-15,SCHEDULED,480,8.0
2026-04-16T07:20:28Z,1264112026-04-15,12641,2026-04-15,SCHEDULED,240,4.0
2026-04-16T07:20:28Z,1264412026-04-15,12644,2026-04-15,SCHEDULED,300,5.0
2026-04-16T07:20:28Z,1268112026-04-15,12681,2026-04-15,SCHEDULED,60,1.0
2026-04-16T07:20:28Z,0508042026-04-15,05080,2026-04-15,SCHEDULED,120,2.0
2026-04-16T07:20:28Z,0508032026-04-15,05080,2026-04-15,SCHEDULED,120,2.0
2026-04-16T07:20:28Z,0508012026-04-15,05080,2026-04-15,SCHEDULED,120,2.0
2026-04-16T07:20:28Z,0508022026-04-15,05080,2026-04-15,SCHEDULED,120,2.0
2026-04-16T07:20:28Z,1300212026-04-15,13002,2026-04-15,SCHEDULED,480,8.0
2026-04-16T07:20:28Z,0566812026-04-15,05668,2026-04-15,SCHEDULED,720,12.0
2026-04-16T07:20:28Z,1303022026-04-15,13030,2026-04-15,SCHEDULED,600,10.0
2026-04-16T07:20:28Z,1303012026-04-15,13030,2026-04-15,SCHEDULED,600,10.0
2026-04-16T07:20:28Z,1300512026-04-15,13005,2026-04-15,SCHEDULED,180,3.0
2026-04-16T07:20:28Z,0576312026-04-15,05763,2026-04-15,SCHEDULED,-60,-1.0
2026-04-16T07:20:28Z,0576322026-04-15,05763,2026-04-15,SCHEDULED,-60,-1.0
2026-04-16T07:20:28Z,0576332026-04-15,05763,2026-04-15,SCHEDULED,-60,-1.0
2026-04-16T07:20:28Z,1302032026-04-15,13020,2026-04-15,SCHEDULED,480,8.0
2026-04-16T07:20:28Z,1302012026-04-15,13020,2026-04-15,SCHEDULED,480,8.0
2026-04-16T07:20:28Z,0808012026-04-15,08080,2026-04-15,SCHEDULED,300,5.0
2026-04-16T07:20:28Z,0808112026-04-15,08081,2026-04-15,SCHEDULED,600,10.0
2026-04-16T07:20:28Z,1300322026-04-15,13003,2026-04-15,SCHEDULED,960,16.0
2026-04-16T07:20:28Z,1300312026-04-15,13003,2026-04-15,SCHEDULED,960,16.0
2026-04-16T07:20:28Z,0808512026-04-15,08085,2026-04-15,SCHEDULED,420,7.0
2026-04-16T07:20:28Z,1309912026-04-15,13099,2026-04-15,SCHEDULED,300,5.0
2026-04-16T07:20:28Z,1320712026-04-15,13207,2026-04-15,SCHEDULED,120,2.0
2026-04-16T07:20:28Z,0827512026-04-15,08275,2026-04-15,SCHEDULED,360,6.0
2026-04-16T07:20:28Z,1390012026-04-15,13900,2026-04-15,SCHEDULED,1500,25.0
2026-04-16T07:20:28Z,1390212026-04-15,13902,2026-04-15,SCHEDULED,1620,27.0
2026-04-16T07:20:28Z,0908212026-04-15,09082,2026-04-15,SCHEDULED,180,3.0
2026-04-16T07:20:28Z,1390112026-04-15,13901,2026-04-15,SCHEDULED,1140,19.0
2026-04-16T07:20:28Z,0908312026-04-15,09083,2026-04-15,SCHEDULED,420,7.0
2026-04-16T07:20:28Z,1505012026-04-15,15050,2026-04-15,SCHEDULED,1560,26.0
2026-04-16T07:20:28Z,1600112026-04-15,16001,2026-04-15,SCHEDULED,180,3.0
2026-04-16T07:20:28Z,0908522026-04-15,09085,2026-04-15,SCHEDULED,540,9.0
2026-04-16T07:20:28Z,0908512026-04-15,09085,2026-04-15,SCHEDULED,540,9.0
2026-04-16T07:20:28Z,1401812026-04-15,14018,2026-04-15,SCHEDULED,420,7.0
2026-04-16T07:20:28Z,0909312026-04-15,09093,2026-04-15,SCHEDULED,120,2.0
2026-04-16T07:20:28Z,1402012026-04-15,14020,2026-04-15,SCHEDULED,-120,-2.0
2026-04-16T07:20:28Z,1447212026-04-15,14472,2026-04-15,SCHEDULED,120,2.0
2026-04-16T07:20:28Z,3560452026-04-15,35604,2026-04-15,SCHEDULED,1020,17.0
2026-04-16T07:20:28Z,3560442026-04-15,35604,2026-04-15,SCHEDULED,1020,17.0
2026-04-16T07:20:28Z,3560412026-04-15,35604,2026-04-15,SCHEDULED,1020,17.0
2026-04-16T07:20:28Z,3560422026-04-15,35604,2026-04-15,SCHEDULED,1020,17.0
2026-04-16T07:20:28Z,1443522026-04-15,14435,2026-04-15,SCHEDULED,480,8.0
2026-04-16T07:20:28Z,1443512026-04-15,14435,2026-04-15,SCHEDULED,480,8.0
2026-04-16T07:20:28Z,1443732026-04-15,14437,2026-04-15,SCHEDULED,180,3.0
2026-04-16T07:20:28Z,1443712026-04-15,14437,2026-04-15,SCHEDULED,180,3.0
2026-04-16T07:20:28Z,0973722026-04-15,09737,2026-04-15,SCHEDULED,60,1.0
2026-04-16T07:20:28Z,0973712026-04-15,09737,2026-04-15,SCHEDULED,60,1.0
2026-04-16T07:20:28Z,0394012026-04-15,03940,2026-04-15,SCHEDULED,840,14.0
2026-04-16T07:20:28Z,1833122026-04-15,18331,2026-04-15,SCHEDULED,180,3.0
2026-04-16T07:20:28Z,1833112026-04-15,18331,2026-04-15,SCHEDULED,180,3.0
2026-04-16T07:20:28Z,0398212026-04-15,03982,2026-04-15,SCHEDULED,60,1.0
2026-04-16T07:20:28Z,7181112026-04-15,71811,2026-04-15,SCHEDULED,840,14.0
2026-04-16T07:20:28Z,7182012026-04-15,71820,2026-04-15,SCHEDULED,180,3.0
2026-04-16T07:20:28Z,7183012026-04-15,71830,2026-04-15,SCHEDULED,420,7.0
2026-04-16T07:20:28Z,7183112026-04-15,71831,2026-04-15,SCHEDULED,120,2.0
2026-04-16T07:20:28Z,0019042026-04-16,00190,2026-04-16,SCHEDULED,360,6.0
2026-04-16T07:20:28Z,0019032026-04-16,00190,2026-04-16,SCHEDULED,360,6.0
2026-04-16T07:20:28Z,0019012026-04-16,00190,2026-04-16,SCHEDULED,360,6.0
2026-04-16T07:20:28Z,0019022026-04-16,00190,2026-04-16,SCHEDULED,360,6.0
2026-04-16T07:20:28Z,7185012026-04-15,71850,2026-04-15,SCHEDULED,120,2.0
2026-04-16T07:20:28Z,7185112026-04-15,71851,2026-04-15,SCHEDULED,-60,-1.0
2026-04-16T07:20:28Z,0029122026-04-16,00291,2026-04-16,SCHEDULED,780,13.0
2026-04-16T07:20:28Z,0029112026-04-16,00291,2026-04-16,SCHEDULED,780,13.0
2026-04-16T07:20:28Z,7187012026-04-15,71870,2026-04-15,SCHEDULED,300,5.0
2026-04-16T07:20:28Z,0029322026-04-16,00293,2026-04-16,SCHEDULED,180,3.0
2026-04-16T07:20:28Z,0029312026-04-16,00293,2026-04-16,SCHEDULED,180,3.0
2026-04-16T07:20:28Z,1580822026-04-15,15808,2026-04-15,SCHEDULED,720,12.0
2026-04-16T07:20:28Z,1580812026-04-15,15808,2026-04-15,SCHEDULED,720,12.0
2026-04-16T07:20:28Z,0053322026-04-16,00533,2026-04-16,SCHEDULED,420,7.0
2026-04-16T07:20:28Z,0053312026-04-16,00533,2026-04-16,SCHEDULED,420,7.0
2026-04-16T07:20:28Z,1702112026-04-15,17021,2026-04-15,SCHEDULED,360,6.0
2026-04-16T07:20:28Z,0043812026-04-16,00438,2026-04-16,SCHEDULED,120,2.0
2026-04-16T07:20:28Z,0043822026-04-16,00438,2026-04-16,SCHEDULED,120,2.0
2026-04-16T07:20:28Z,0043832026-04-16,00438,2026-04-16,SCHEDULED,120,2.0
2026-04-16T07:20:28Z,1720112026-04-15,17201,2026-04-15,SCHEDULED,480,8.0
2026-04-16T07:20:28Z,0060112026-04-16,00601,2026-04-16,SCHEDULED,60,1.0
2026-04-16T07:20:28Z,1800112026-04-15,18001,2026-04-15,SCHEDULED,180,3.0
2026-04-16T07:20:28Z,1803012026-04-15,18030,2026-04-15,SCHEDULED,60,1.0
2026-04-16T07:20:28Z,0027622026-04-16,00276,2026-04-16,SCHEDULED,480,8.0
2026-04-16T07:20:28Z,0027612026-04-16,00276,2026-04-16,SCHEDULED,480,8.0
2026-04-16T07:20:28Z,1803112026-04-15,18031,2026-04-15,SCHEDULED,240,4.0
2026-04-16T07:20:28Z,1803312026-04-15,18033,2026-04-15,SCHEDULED,240,4.0
2026-04-16T07:20:28Z,0075222026-04-16,00752,2026-04-16,SCHEDULED,2340,39.0
2026-04-16T07:20:28Z,0075212026-04-16,00752,2026-04-16,SCHEDULED,2340,39.0
2026-04-16T07:20:28Z,1804112026-04-15,18041,2026-04-15,SCHEDULED,4860,81.0
2026-04-16T07:20:28Z,0107112026-04-15,01071,2026-04-15,SCHEDULED,300,5.0
2026-04-16T07:20:28Z,0107212026-04-16,01072,2026-04-16,SCHEDULED,360,6.0
2026-04-16T07:20:28Z,1807112026-04-15,18071,2026-04-15,SCHEDULED,180,3.0
2026-04-16T07:20:28Z,0108122026-04-15,01081,2026-04-15,SCHEDULED,120,2.0
2026-04-16T07:20:28Z,0108112026-04-15,01081,2026-04-15,SCHEDULED,120,2.0
2026-04-16T07:20:28Z,1807422026-04-15,18074,2026-04-15,SCHEDULED,60,1.0
2026-04-16T07:20:28Z,1807412026-04-15,18074,2026-04-15,SCHEDULED,60,1.0
2026-04-16T07:20:28Z,0109212026-04-15,01092,2026-04-15,SCHEDULED,360,6.0
2026-04-16T07:20:28Z,1800212026-04-15,18002,2026-04-15,SCHEDULED,1320,22.0
2026-04-16T07:20:28Z,1800222026-04-15,18002,2026-04-15,SCHEDULED,1320,22.0
2026-04-16T07:20:28Z,1800242026-04-15,18002,2026-04-15,SCHEDULED,1320,22.0
2026-04-16T07:20:28Z,0110122026-04-15,01101,2026-04-15,SCHEDULED,60,1.0
2026-04-16T07:20:28Z,0110112026-04-15,01101,2026-04-15,SCHEDULED,60,1.0
2026-04-16T07:20:28Z,1806612026-04-15,18066,2026-04-15,SCHEDULED,360,6.0
2026-04-16T07:20:28Z,0206712026-04-15,02067,2026-04-15,SCHEDULED,420,7.0
2026-04-16T07:20:28Z,1812212026-04-15,18122,2026-04-15,SCHEDULED,60,1.0
2026-04-16T07:20:28Z,0207012026-04-15,02070,2026-04-15,SCHEDULED,780,13.0
2026-04-16T07:20:28Z,1812312026-04-15,18123,2026-04-15,SCHEDULED,1500,25.0
2026-04-16T07:20:28Z,0207112026-04-15,02071,2026-04-15,SCHEDULED,1200,20.0
2026-04-16T07:20:28Z,1830012026-04-15,18300,2026-04-15,SCHEDULED,600,10.0
2026-04-16T07:20:28Z,0207412026-04-16,02074,2026-04-16,SCHEDULED,540,9.0
2026-04-16T07:20:28Z,0207512026-04-16,02075,2026-04-16,SCHEDULED,1440,24.0
2026-04-16T07:20:28Z,0207612026-04-15,02076,2026-04-15,SCHEDULED,420,7.0
2026-04-16T07:20:28Z,0208012026-04-15,02080,2026-04-15,SCHEDULED,360,6.0
2026-04-16T07:20:28Z,1832122026-04-15,18321,2026-04-15,SCHEDULED,180,3.0
2026-04-16T07:20:28Z,1832112026-04-15,18321,2026-04-15,SCHEDULED,180,3.0
2026-04-16T07:20:28Z,0209612026-04-15,02096,2026-04-15,SCHEDULED,120,2.0
2026-04-16T07:20:28Z,1801012026-04-15,18010,2026-04-15,SCHEDULED,780,13.0
2026-04-16T07:20:28Z,1801022026-04-15,18010,2026-04-15,SCHEDULED,780,13.0
2026-04-16T07:20:28Z,1801032026-04-15,18010,2026-04-15,SCHEDULED,780,13.0
2026-04-16T07:20:28Z,0228512026-04-16,02285,2026-04-16,SCHEDULED,720,12.0
2026-04-16T07:20:28Z,1806112026-04-16,18061,2026-04-16,SCHEDULED,-60,-1.0
2026-04-16T07:20:28Z,1806122026-04-16,18061,2026-04-16,SCHEDULED,-60,-1.0
2026-04-16T07:20:28Z,1806132026-04-16,18061,2026-04-16,SCHEDULED,-60,-1.0
2026-04-16T07:20:28Z,0306012026-04-15,03060,2026-04-15,SCHEDULED,300,5.0
2026-04-16T07:20:28Z,1890112026-04-15,18901,2026-04-15,SCHEDULED,840,14.0
2026-04-16T07:20:28Z,1890012026-04-15,18900,2026-04-15,SCHEDULED,420,7.0
2026-04-16T07:20:28Z,0330142026-04-15,03301,2026-04-15,SCHEDULED,360,6.0
2026-04-16T07:20:28Z,0330132026-04-15,03301,2026-04-15,SCHEDULED,360,6.0
2026-04-16T07:20:28Z,0330112026-04-15,03301,2026-04-15,SCHEDULED,360,6.0
2026-04-16T07:20:28Z,0330122026-04-15,03301,2026-04-15,SCHEDULED,360,6.0
2026-04-16T07:20:28Z,0306242026-04-15,03062,2026-04-15,SCHEDULED,480,8.0
2026-04-16T07:20:28Z,0306232026-04-15,03062,2026-04-15,SCHEDULED,480,8.0
2026-04-16T07:20:28Z,0306212026-04-15,03062,2026-04-15,SCHEDULED,480,8.0
2026-04-16T07:20:28Z,0306222026-04-15,03062,2026-04-15,SCHEDULED,480,8.0
2026-04-16T07:20:28Z,0306312026-04-15,03063,2026-04-15,SCHEDULED,120,2.0
2026-04-16T07:20:28Z,0306322026-04-15,03063,2026-04-15,SCHEDULED,120,2.0
2026-04-16T07:20:28Z,0306332026-04-15,03063,2026-04-15,SCHEDULED,120,2.0
2026-04-16T07:20:28Z,0307012026-04-15,03070,2026-04-15,SCHEDULED,120,2.0
2026-04-16T07:20:28Z,0307112026-04-15,03071,2026-04-15,SCHEDULED,60,1.0
2026-04-16T07:20:28Z,0307322026-04-15,03073,2026-04-15,SCHEDULED,120,2.0
2026-04-16T07:20:28Z,0307312026-04-15,03073,2026-04-15,SCHEDULED,120,2.0
2026-04-16T07:20:28Z,0308012026-04-15,03080,2026-04-15,SCHEDULED,180,3.0
2026-04-16T07:20:28Z,0308112026-04-15,03081,2026-04-15,SCHEDULED,120,2.0
2026-04-16T07:20:28Z,0308212026-04-15,03082,2026-04-15,SCHEDULED,540,9.0
2026-04-16T07:20:28Z,0308312026-04-15,03083,2026-04-15,SCHEDULED,240,4.0
2026-04-16T07:20:28Z,0309112026-04-15,03091,2026-04-15,SCHEDULED,-60,-1.0
2026-04-16T07:20:28Z,0309212026-04-15,03092,2026-04-15,SCHEDULED,60,1.0
2026-04-16T07:20:28Z,0309222026-04-15,03092,2026-04-15,SCHEDULED,60,1.0
2026-04-16T07:20:28Z,0309232026-04-15,03092,2026-04-15,SCHEDULED,60,1.0
2026-04-16T07:20:28Z,0306242026-04-15,03062,2026-04-15,SCHEDULED,720,12.0
2026-04-16T07:20:28Z,0306232026-04-15,03062,2026-04-15,SCHEDULED,720,12.0
2026-04-16T07:20:28Z,0306212026-04-15,03062,2026-04-15,SCHEDULED,720,12.0
2026-04-16T07:20:28Z,0306222026-04-15,03062,2026-04-15,SCHEDULED,720,12.0
2026-04-16T07:20:28Z,1296312026-04-15,12963,2026-04-15,CANCELED,,
2026-04-16T07:20:28Z,7185112026-04-15,71851,2026-04-15,CANCELED,,
2026-04-16T07:20:28Z,1262312026-04-15,12623,2026-04-15,CANCELED,,
2026-04-16T07:20:28Z,7183112026-04-15,71831,2026-04-15,CANCELED,,
2026-04-16T07:20:28Z,1296212026-04-15,12962,2026-04-15,CANCELED,,
