timestamp_utc,trip_id,tren,fecha_tren,estado,retraso_seg,retraso_min
2026-07-31T00:02:00Z,1323612026-07-30,13236,2026-07-30,CANCELED,,
2026-07-31T00:02:00Z,1303112026-07-30,13031,2026-07-30,CANCELED,,
2026-07-31T00:02:00Z,1325612026-07-30,13256,2026-07-30,CANCELED,,
2026-07-31T00:02:00Z,1303912026-07-30,13039,2026-07-30,CANCELED,,
2026-07-31T00:02:00Z,1325912026-07-30,13259,2026-07-30,CANCELED,,
2026-07-31T00:02:00Z,1304312026-07-30,13043,2026-07-30,CANCELED,,
2026-07-31T00:02:00Z,1326612026-07-30,13266,2026-07-30,CANCELED,,
2026-07-31T00:02:00Z,1300912026-07-30,13009,2026-07-30,CANCELED,,
2026-07-31T00:02:00Z,1315612026-07-30,13156,2026-07-30,CANCELED,,
2026-07-31T00:02:00Z,3800912026-07-30,38009,2026-07-30,CANCELED,,
2026-07-31T00:02:00Z,1305112026-07-30,13051,2026-07-30,CANCELED,,
2026-07-31T00:02:00Z,1315712026-07-30,13157,2026-07-30,CANCELED,,
2026-07-31T00:02:00Z,1305212026-07-30,13052,2026-07-30,CANCELED,,
2026-07-31T00:02:00Z,1316812026-07-30,13168,2026-07-30,CANCELED,,
2026-07-31T00:02:00Z,1304512026-07-30,13045,2026-07-30,CANCELED,,
2026-07-31T00:02:00Z,1316912026-07-30,13169,2026-07-30,CANCELED,,
2026-07-31T00:02:00Z,1309712026-07-30,13097,2026-07-30,CANCELED,,
2026-07-31T00:02:00Z,1339312026-07-30,13393,2026-07-30,CANCELED,,
2026-07-31T00:02:00Z,1394412026-07-30,13944,2026-07-30,CANCELED,,
2026-07-31T00:02:00Z,1303512026-07-30,13035,2026-07-30,CANCELED,,
2026-07-31T00:02:00Z,1394612026-07-30,13946,2026-07-30,CANCELED,,
2026-07-31T00:02:00Z,1321112026-07-30,13211,2026-07-30,CANCELED,,
2026-07-31T00:02:00Z,1321222026-07-30,13212,2026-07-30,CANCELED,,
2026-07-31T00:02:00Z,1390412026-07-30,13904,2026-07-30,CANCELED,,
2026-07-31T00:02:00Z,1390422026-07-30,13904,2026-07-30,CANCELED,,
2026-07-31T00:02:00Z,1390432026-07-30,13904,2026-07-30,CANCELED,,
2026-07-31T00:02:00Z,1321812026-07-30,13218,2026-07-30,CANCELED,,
2026-07-31T00:02:00Z,3890412026-07-30,38904,2026-07-30,CANCELED,,
2026-07-31T00:02:00Z,1321922026-07-30,13219,2026-07-30,CANCELED,,
2026-07-31T00:02:00Z,1322112026-07-30,13221,2026-07-30,CANCELED,,
2026-07-31T00:02:00Z,1322712026-07-30,13227,2026-07-30,CANCELED,,
2026-07-31T00:02:00Z,1323212026-07-30,13232,2026-07-30,CANCELED,,
2026-07-31T00:02:00Z,1390812026-07-30,13908,2026-07-30,CANCELED,,
2026-07-31T00:02:00Z,1390822026-07-30,13908,2026-07-30,CANCELED,,
2026-07-31T00:02:00Z,1390832026-07-30,13908,2026-07-30,CANCELED,,
2026-07-31T00:02:00Z,1323312026-07-30,13233,2026-07-30,CANCELED,,
2026-07-31T00:02:00Z,3890812026-07-30,38908,2026-07-30,CANCELED,,
2026-07-31T00:02:00Z,1323512026-07-30,13235,2026-07-30,CANCELED,,
2026-07-31T00:02:00Z,0237512026-07-31,02375,2026-07-31,CANCELED,,
2026-07-31T00:02:00Z,1391022026-07-30,13910,2026-07-30,CANCELED,,
2026-07-31T00:02:00Z,1391012026-07-30,13910,2026-07-30,CANCELED,,
2026-07-31T00:02:00Z,0249412026-07-31,02494,2026-07-31,CANCELED,,
2026-07-31T00:02:00Z,0249412026-07-31,02494,2026-07-31,CANCELED,,
2026-07-31T00:02:00Z,0237512026-07-31,02375,2026-07-31,CANCELED,,
2026-07-31T00:02:00Z,1390512026-07-30,13905,2026-07-30,CANCELED,,
2026-07-31T00:02:00Z,1390522026-07-30,13905,2026-07-30,CANCELED,,
2026-07-31T00:02:00Z,1390532026-07-30,13905,2026-07-30,CANCELED,,
2026-07-31T00:02:00Z,3586912026-07-30,35869,2026-07-30,CANCELED,,
2026-07-31T00:02:00Z,3890512026-07-30,38905,2026-07-30,CANCELED,,
2026-07-31T00:02:00Z,1269212026-07-30,12692,2026-07-30,CANCELED,,
2026-07-31T00:02:00Z,1300012026-07-30,13000,2026-07-30,CANCELED,,
2026-07-31T00:02:00Z,1391122026-07-30,13911,2026-07-30,CANCELED,,
2026-07-31T00:02:00Z,1391112026-07-30,13911,2026-07-30,CANCELED,,
2026-07-31T00:02:00Z,1300212026-07-30,13002,2026-07-30,CANCELED,,
2026-07-31T00:02:00Z,1501012026-07-30,15010,2026-07-30,CANCELED,,
2026-07-31T00:02:00Z,1300512026-07-30,13005,2026-07-30,CANCELED,,
2026-07-31T00:02:00Z,1550912026-07-30,15509,2026-07-30,CANCELED,,
2026-07-31T00:02:00Z,1307912026-07-30,13079,2026-07-30,CANCELED,,
2026-07-31T00:02:00Z,1300712026-07-30,13007,2026-07-30,CANCELED,,
2026-07-31T00:02:00Z,1705212026-07-30,17052,2026-07-30,CANCELED,,
2026-07-31T00:02:00Z,1300912026-07-30,13009,2026-07-30,CANCELED,,
2026-07-31T00:02:00Z,1800712026-07-30,18007,2026-07-30,CANCELED,,
2026-07-31T00:02:00Z,1303212026-07-30,13032,2026-07-30,CANCELED,,
2026-07-31T00:02:00Z,3800712026-07-30,38007,2026-07-30,CANCELED,,
2026-07-31T00:02:00Z,1301312026-07-30,13013,2026-07-30,CANCELED,,
2026-07-31T00:02:00Z,1810412026-07-30,18104,2026-07-30,CANCELED,,
2026-07-31T00:02:00Z,1301412026-07-30,13014,2026-07-30,CANCELED,,
2026-07-31T00:02:00Z,3810412026-07-30,38104,2026-07-30,CANCELED,,
2026-07-31T00:02:00Z,1339412026-07-30,13394,2026-07-30,CANCELED,,
2026-07-31T00:02:00Z,1821612026-07-30,18216,2026-07-30,CANCELED,,
2026-07-31T00:02:00Z,1301912026-07-30,13019,2026-07-30,CANCELED,,
2026-07-31T00:02:00Z,1821912026-07-30,18219,2026-07-30,CANCELED,,
2026-07-31T00:02:00Z,1302012026-07-30,13020,2026-07-30,CANCELED,,
2026-07-31T00:02:00Z,3586912026-07-30,35869,2026-07-30,CANCELED,,
2026-07-31T00:02:00Z,3812012026-07-30,38120,2026-07-30,CANCELED,,
2026-07-31T00:02:00Z,1430412026-07-30,14304,2026-07-30,CANCELED,,
2026-07-31T00:02:00Z,1302012026-07-30,13020,2026-07-30,CANCELED,,
2026-07-31T00:02:00Z,1803412026-07-30,18034,2026-07-30,CANCELED,,
2026-07-31T00:02:00Z,1303512026-07-30,13035,2026-07-30,CANCELED,,
2026-07-31T00:02:00Z,1303512026-07-30,13035,2026-07-30,CANCELED,,
2026-07-31T00:02:00Z,1803512026-07-30,18035,2026-07-30,CANCELED,,
2026-07-31T00:02:00Z,1803512026-07-30,18035,2026-07-30,CANCELED,,
2026-07-31T00:02:00Z,1395512026-07-30,13955,2026-07-30,CANCELED,,
2026-07-31T00:02:00Z,1395712026-07-30,13957,2026-07-30,CANCELED,,
2026-07-31T00:02:00Z,1325812026-07-30,13258,2026-07-30,CANCELED,,
2026-07-31T00:02:00Z,7185512026-07-30,71855,2026-07-30,CANCELED,,
2026-07-31T00:06:16Z,1303112026-07-30,13031,2026-07-30,CANCELED,,
2026-07-31T00:06:16Z,1323612026-07-30,13236,2026-07-30,CANCELED,,
2026-07-31T00:06:16Z,1325612026-07-30,13256,2026-07-30,CANCELED,,
2026-07-31T00:06:16Z,1303912026-07-30,13039,2026-07-30,CANCELED,,
2026-07-31T00:06:16Z,1325912026-07-30,13259,2026-07-30,CANCELED,,
2026-07-31T00:06:16Z,1304312026-07-30,13043,2026-07-30,CANCELED,,
2026-07-31T00:06:16Z,1326612026-07-30,13266,2026-07-30,CANCELED,,
2026-07-31T00:06:16Z,1300912026-07-30,13009,2026-07-30,CANCELED,,
2026-07-31T00:06:16Z,1315612026-07-30,13156,2026-07-30,CANCELED,,
2026-07-31T00:06:16Z,3800912026-07-30,38009,2026-07-30,CANCELED,,
2026-07-31T00:06:16Z,1315712026-07-30,13157,2026-07-30,CANCELED,,
2026-07-31T00:06:16Z,1305112026-07-30,13051,2026-07-30,CANCELED,,
2026-07-31T00:06:16Z,1316812026-07-30,13168,2026-07-30,CANCELED,,
2026-07-31T00:06:16Z,1305212026-07-30,13052,2026-07-30,CANCELED,,
2026-07-31T00:06:16Z,1316912026-07-30,13169,2026-07-30,CANCELED,,
2026-07-31T00:06:16Z,1304512026-07-30,13045,2026-07-30,CANCELED,,
2026-07-31T00:06:16Z,1339312026-07-30,13393,2026-07-30,CANCELED,,
2026-07-31T00:06:16Z,1303512026-07-30,13035,2026-07-30,CANCELED,,
2026-07-31T00:06:16Z,1309712026-07-30,13097,2026-07-30,CANCELED,,
2026-07-31T00:06:16Z,1394412026-07-30,13944,2026-07-30,CANCELED,,
2026-07-31T00:06:16Z,1394612026-07-30,13946,2026-07-30,CANCELED,,
2026-07-31T00:06:16Z,1390412026-07-30,13904,2026-07-30,CANCELED,,
2026-07-31T00:06:16Z,1390422026-07-30,13904,2026-07-30,CANCELED,,
2026-07-31T00:06:16Z,1390432026-07-30,13904,2026-07-30,CANCELED,,
2026-07-31T00:06:16Z,1321112026-07-30,13211,2026-07-30,CANCELED,,
2026-07-31T00:06:16Z,3890412026-07-30,38904,2026-07-30,CANCELED,,
2026-07-31T00:06:16Z,1321222026-07-30,13212,2026-07-30,CANCELED,,
2026-07-31T00:06:16Z,1321812026-07-30,13218,2026-07-30,CANCELED,,
2026-07-31T00:06:16Z,1321922026-07-30,13219,2026-07-30,CANCELED,,
2026-07-31T00:06:16Z,1390812026-07-30,13908,2026-07-30,CANCELED,,
2026-07-31T00:06:16Z,1390822026-07-30,13908,2026-07-30,CANCELED,,
2026-07-31T00:06:16Z,1390832026-07-30,13908,2026-07-30,CANCELED,,
2026-07-31T00:06:16Z,1322112026-07-30,13221,2026-07-30,CANCELED,,
2026-07-31T00:06:16Z,3890812026-07-30,38908,2026-07-30,CANCELED,,
2026-07-31T00:06:16Z,1322712026-07-30,13227,2026-07-30,CANCELED,,
2026-07-31T00:06:16Z,1323212026-07-30,13232,2026-07-30,CANCELED,,
2026-07-31T00:06:16Z,1391022026-07-30,13910,2026-07-30,CANCELED,,
2026-07-31T00:06:16Z,1391012026-07-30,13910,2026-07-30,CANCELED,,
2026-07-31T00:06:16Z,1323312026-07-30,13233,2026-07-30,CANCELED,,
2026-07-31T00:06:16Z,1323512026-07-30,13235,2026-07-30,CANCELED,,
2026-07-31T00:06:16Z,1390512026-07-30,13905,2026-07-30,CANCELED,,
2026-07-31T00:06:16Z,1390522026-07-30,13905,2026-07-30,CANCELED,,
2026-07-31T00:06:16Z,1390532026-07-30,13905,2026-07-30,CANCELED,,
2026-07-31T00:06:16Z,0237512026-07-31,02375,2026-07-31,CANCELED,,
2026-07-31T00:06:16Z,3890512026-07-30,38905,2026-07-30,CANCELED,,
2026-07-31T00:06:16Z,0249412026-07-31,02494,2026-07-31,CANCELED,,
2026-07-31T00:06:16Z,0249412026-07-31,02494,2026-07-31,CANCELED,,
2026-07-31T00:06:16Z,1391122026-07-30,13911,2026-07-30,CANCELED,,
2026-07-31T00:06:16Z,1391112026-07-30,13911,2026-07-30,CANCELED,,
2026-07-31T00:06:16Z,0237512026-07-31,02375,2026-07-31,CANCELED,,
2026-07-31T00:06:16Z,1501012026-07-30,15010,2026-07-30,CANCELED,,
2026-07-31T00:06:16Z,3586912026-07-30,35869,2026-07-30,CANCELED,,
2026-07-31T00:06:16Z,1550912026-07-30,15509,2026-07-30,CANCELED,,
2026-07-31T00:06:16Z,1269212026-07-30,12692,2026-07-30,CANCELED,,
2026-07-31T00:06:16Z,1300012026-07-30,13000,2026-07-30,CANCELED,,
2026-07-31T00:06:16Z,1705212026-07-30,17052,2026-07-30,CANCELED,,
2026-07-31T00:06:16Z,1300212026-07-30,13002,2026-07-30,CANCELED,,
2026-07-31T00:06:16Z,1800712026-07-30,18007,2026-07-30,CANCELED,,
2026-07-31T00:06:16Z,1300512026-07-30,13005,2026-07-30,CANCELED,,
2026-07-31T00:06:16Z,3800712026-07-30,38007,2026-07-30,CANCELED,,
2026-07-31T00:06:16Z,1307912026-07-30,13079,2026-07-30,CANCELED,,
2026-07-31T00:06:16Z,1810412026-07-30,18104,2026-07-30,CANCELED,,
2026-07-31T00:06:16Z,1300712026-07-30,13007,2026-07-30,CANCELED,,
2026-07-31T00:06:16Z,3810412026-07-30,38104,2026-07-30,CANCELED,,
2026-07-31T00:06:16Z,1300912026-07-30,13009,2026-07-30,CANCELED,,
2026-07-31T00:06:16Z,1821612026-07-30,18216,2026-07-30,CANCELED,,
2026-07-31T00:06:16Z,1821912026-07-30,18219,2026-07-30,CANCELED,,
2026-07-31T00:06:16Z,1303212026-07-30,13032,2026-07-30,CANCELED,,
2026-07-31T00:06:16Z,3586912026-07-30,35869,2026-07-30,CANCELED,,
2026-07-31T00:06:16Z,1301312026-07-30,13013,2026-07-30,CANCELED,,
2026-07-31T00:06:16Z,1430412026-07-30,14304,2026-07-30,CANCELED,,
2026-07-31T00:06:16Z,1301412026-07-30,13014,2026-07-30,CANCELED,,
2026-07-31T00:06:16Z,1803412026-07-30,18034,2026-07-30,CANCELED,,
2026-07-31T00:06:16Z,1339412026-07-30,13394,2026-07-30,CANCELED,,
2026-07-31T00:06:16Z,1303512026-07-30,13035,2026-07-30,CANCELED,,
2026-07-31T00:06:16Z,1301912026-07-30,13019,2026-07-30,CANCELED,,
2026-07-31T00:06:16Z,1303512026-07-30,13035,2026-07-30,CANCELED,,
2026-07-31T00:06:16Z,1302012026-07-30,13020,2026-07-30,CANCELED,,
2026-07-31T00:06:16Z,1803512026-07-30,18035,2026-07-30,CANCELED,,
2026-07-31T00:06:16Z,3812012026-07-30,38120,2026-07-30,CANCELED,,
2026-07-31T00:06:16Z,1803512026-07-30,18035,2026-07-30,CANCELED,,
2026-07-31T00:06:16Z,1302012026-07-30,13020,2026-07-30,CANCELED,,
2026-07-31T00:06:16Z,1395512026-07-30,13955,2026-07-30,CANCELED,,
2026-07-31T00:06:16Z,1395712026-07-30,13957,2026-07-30,CANCELED,,
2026-07-31T00:06:16Z,1325812026-07-30,13258,2026-07-30,CANCELED,,
2026-07-31T00:06:16Z,7185512026-07-30,71855,2026-07-30,CANCELED,,
2026-07-31T00:11:28Z,1303112026-07-30,13031,2026-07-30,CANCELED,,
2026-07-31T00:11:28Z,1323612026-07-30,13236,2026-07-30,CANCELED,,
2026-07-31T00:11:28Z,1303912026-07-30,13039,2026-07-30,CANCELED,,
2026-07-31T00:11:28Z,1325612026-07-30,13256,2026-07-30,CANCELED,,
2026-07-31T00:11:28Z,1325912026-07-30,13259,2026-07-30,CANCELED,,
2026-07-31T00:11:28Z,1304312026-07-30,13043,2026-07-30,CANCELED,,
2026-07-31T00:11:28Z,1326612026-07-30,13266,2026-07-30,CANCELED,,
2026-07-31T00:11:28Z,1300912026-07-30,13009,2026-07-30,CANCELED,,
2026-07-31T00:11:28Z,3800912026-07-30,38009,2026-07-30,CANCELED,,
2026-07-31T00:11:28Z,1315612026-07-30,13156,2026-07-30,CANCELED,,
2026-07-31T00:11:28Z,1315712026-07-30,13157,2026-07-30,CANCELED,,
2026-07-31T00:11:28Z,1305112026-07-30,13051,2026-07-30,CANCELED,,
2026-07-31T00:11:28Z,1316812026-07-30,13168,2026-07-30,CANCELED,,
2026-07-31T00:11:28Z,1305212026-07-30,13052,2026-07-30,CANCELED,,
2026-07-31T00:11:28Z,1316912026-07-30,13169,2026-07-30,CANCELED,,
2026-07-31T00:11:28Z,1304512026-07-30,13045,2026-07-30,CANCELED,,
2026-07-31T00:11:28Z,1339312026-07-30,13393,2026-07-30,CANCELED,,
2026-07-31T00:11:28Z,1309712026-07-30,13097,2026-07-30,CANCELED,,
2026-07-31T00:11:28Z,1303512026-07-30,13035,2026-07-30,CANCELED,,
2026-07-31T00:11:28Z,1394412026-07-30,13944,2026-07-30,CANCELED,,
2026-07-31T00:11:28Z,1394612026-07-30,13946,2026-07-30,CANCELED,,
2026-07-31T00:11:28Z,1321112026-07-30,13211,2026-07-30,CANCELED,,
2026-07-31T00:11:28Z,1390412026-07-30,13904,2026-07-30,CANCELED,,
2026-07-31T00:11:28Z,1390422026-07-30,13904,2026-07-30,CANCELED,,
2026-07-31T00:11:28Z,1390432026-07-30,13904,2026-07-30,CANCELED,,
2026-07-31T00:11:28Z,1321222026-07-30,13212,2026-07-30,CANCELED,,
2026-07-31T00:11:28Z,3890412026-07-30,38904,2026-07-30,CANCELED,,
2026-07-31T00:11:28Z,1321812026-07-30,13218,2026-07-30,CANCELED,,
2026-07-31T00:11:28Z,1321922026-07-30,13219,2026-07-30,CANCELED,,
2026-07-31T00:11:28Z,1322112026-07-30,13221,2026-07-30,CANCELED,,
2026-07-31T00:11:28Z,1390812026-07-30,13908,2026-07-30,CANCELED,,
2026-07-31T00:11:28Z,1390822026-07-30,13908,2026-07-30,CANCELED,,
2026-07-31T00:11:28Z,1390832026-07-30,13908,2026-07-30,CANCELED,,
2026-07-31T00:11:28Z,1322712026-07-30,13227,2026-07-30,CANCELED,,
2026-07-31T00:11:28Z,3890812026-07-30,38908,2026-07-30,CANCELED,,
2026-07-31T00:11:28Z,1323212026-07-30,13232,2026-07-30,CANCELED,,
2026-07-31T00:11:28Z,1323312026-07-30,13233,2026-07-30,CANCELED,,
2026-07-31T00:11:28Z,1391022026-07-30,13910,2026-07-30,CANCELED,,
2026-07-31T00:11:28Z,1391012026-07-30,13910,2026-07-30,CANCELED,,
2026-07-31T00:11:28Z,1323512026-07-30,13235,2026-07-30,CANCELED,,
2026-07-31T00:11:28Z,0237512026-07-31,02375,2026-07-31,CANCELED,,
2026-07-31T00:11:28Z,1390512026-07-30,13905,2026-07-30,CANCELED,,
2026-07-31T00:11:28Z,1390522026-07-30,13905,2026-07-30,CANCELED,,
2026-07-31T00:11:28Z,1390532026-07-30,13905,2026-07-30,CANCELED,,
2026-07-31T00:11:28Z,0249412026-07-31,02494,2026-07-31,CANCELED,,
2026-07-31T00:11:28Z,3890512026-07-30,38905,2026-07-30,CANCELED,,
2026-07-31T00:11:28Z,0249412026-07-31,02494,2026-07-31,CANCELED,,
2026-07-31T00:11:28Z,0237512026-07-31,02375,2026-07-31,CANCELED,,
2026-07-31T00:11:28Z,1391122026-07-30,13911,2026-07-30,CANCELED,,
2026-07-31T00:11:28Z,1391112026-07-30,13911,2026-07-30,CANCELED,,
2026-07-31T00:11:28Z,3586912026-07-30,35869,2026-07-30,CANCELED,,
2026-07-31T00:11:28Z,1501012026-07-30,15010,2026-07-30,CANCELED,,
2026-07-31T00:11:28Z,1269212026-07-30,12692,2026-07-30,CANCELED,,
2026-07-31T00:11:28Z,1550912026-07-30,15509,2026-07-30,CANCELED,,
2026-07-31T00:11:28Z,1300012026-07-30,13000,2026-07-30,CANCELED,,
2026-07-31T00:11:28Z,1705212026-07-30,17052,2026-07-30,CANCELED,,
2026-07-31T00:11:28Z,1300212026-07-30,13002,2026-07-30,CANCELED,,
2026-07-31T00:11:28Z,1800712026-07-30,18007,2026-07-30,CANCELED,,
2026-07-31T00:11:28Z,1300512026-07-30,13005,2026-07-30,CANCELED,,
2026-07-31T00:11:28Z,3800712026-07-30,38007,2026-07-30,CANCELED,,
2026-07-31T00:11:28Z,1307912026-07-30,13079,2026-07-30,CANCELED,,
2026-07-31T00:11:28Z,1810412026-07-30,18104,2026-07-30,CANCELED,,
2026-07-31T00:11:28Z,1300712026-07-30,13007,2026-07-30,CANCELED,,
2026-07-31T00:11:28Z,1300912026-07-30,13009,2026-07-30,CANCELED,,
2026-07-31T00:11:28Z,3810412026-07-30,38104,2026-07-30,CANCELED,,
2026-07-31T00:11:28Z,1821612026-07-30,18216,2026-07-30,CANCELED,,
2026-07-31T00:11:28Z,1303212026-07-30,13032,2026-07-30,CANCELED,,
2026-07-31T00:11:28Z,1821912026-07-30,18219,2026-07-30,CANCELED,,
2026-07-31T00:11:28Z,1301312026-07-30,13013,2026-07-30,CANCELED,,
2026-07-31T00:11:28Z,3586912026-07-30,35869,2026-07-30,CANCELED,,
2026-07-31T00:11:28Z,1301412026-07-30,13014,2026-07-30,CANCELED,,
2026-07-31T00:11:28Z,1430412026-07-30,14304,2026-07-30,CANCELED,,
2026-07-31T00:11:28Z,1339412026-07-30,13394,2026-07-30,CANCELED,,
2026-07-31T00:11:28Z,1803412026-07-30,18034,2026-07-30,CANCELED,,
2026-07-31T00:11:28Z,1301912026-07-30,13019,2026-07-30,CANCELED,,
2026-07-31T00:11:28Z,1303512026-07-30,13035,2026-07-30,CANCELED,,
2026-07-31T00:11:28Z,1302012026-07-30,13020,2026-07-30,CANCELED,,
2026-07-31T00:11:28Z,1303512026-07-30,13035,2026-07-30,CANCELED,,
2026-07-31T00:11:28Z,3812012026-07-30,38120,2026-07-30,CANCELED,,
2026-07-31T00:11:28Z,1803512026-07-30,18035,2026-07-30,CANCELED,,
2026-07-31T00:11:28Z,1302012026-07-30,13020,2026-07-30,CANCELED,,
2026-07-31T00:11:28Z,1803512026-07-30,18035,2026-07-30,CANCELED,,
2026-07-31T00:11:28Z,1395512026-07-30,13955,2026-07-30,CANCELED,,
2026-07-31T00:11:28Z,1395712026-07-30,13957,2026-07-30,CANCELED,,
2026-07-31T00:11:28Z,1325812026-07-30,13258,2026-07-30,CANCELED,,
2026-07-31T00:11:28Z,7185512026-07-30,71855,2026-07-30,CANCELED,,
2026-07-31T00:16:25Z,1323612026-07-30,13236,2026-07-30,CANCELED,,
2026-07-31T00:16:25Z,1303112026-07-30,13031,2026-07-30,CANCELED,,
2026-07-31T00:16:25Z,1325612026-07-30,13256,2026-07-30,CANCELED,,
2026-07-31T00:16:25Z,1303912026-07-30,13039,2026-07-30,CANCELED,,
2026-07-31T00:16:25Z,1325912026-07-30,13259,2026-07-30,CANCELED,,
2026-07-31T00:16:25Z,1304312026-07-30,13043,2026-07-30,CANCELED,,
2026-07-31T00:16:25Z,1326612026-07-30,13266,2026-07-30,CANCELED,,
2026-07-31T00:16:25Z,1300912026-07-30,13009,2026-07-30,CANCELED,,
2026-07-31T00:16:25Z,1315612026-07-30,13156,2026-07-30,CANCELED,,
2026-07-31T00:16:25Z,3800912026-07-30,38009,2026-07-30,CANCELED,,
2026-07-31T00:16:25Z,1315712026-07-30,13157,2026-07-30,CANCELED,,
2026-07-31T00:16:25Z,1305112026-07-30,13051,2026-07-30,CANCELED,,
2026-07-31T00:16:25Z,1316812026-07-30,13168,2026-07-30,CANCELED,,
2026-07-31T00:16:25Z,1305212026-07-30,13052,2026-07-30,CANCELED,,
2026-07-31T00:16:25Z,1316912026-07-30,13169,2026-07-30,CANCELED,,
2026-07-31T00:16:25Z,1304512026-07-30,13045,2026-07-30,CANCELED,,
2026-07-31T00:16:25Z,1339312026-07-30,13393,2026-07-30,CANCELED,,
2026-07-31T00:16:25Z,1309712026-07-30,13097,2026-07-30,CANCELED,,
2026-07-31T00:16:25Z,1303512026-07-30,13035,2026-07-30,CANCELED,,
2026-07-31T00:16:25Z,1394412026-07-30,13944,2026-07-30,CANCELED,,
2026-07-31T00:16:25Z,1394612026-07-30,13946,2026-07-30,CANCELED,,
2026-07-31T00:16:25Z,1321112026-07-30,13211,2026-07-30,CANCELED,,
2026-07-31T00:16:25Z,1390412026-07-30,13904,2026-07-30,CANCELED,,
2026-07-31T00:16:25Z,1390422026-07-30,13904,2026-07-30,CANCELED,,
2026-07-31T00:16:25Z,1390432026-07-30,13904,2026-07-30,CANCELED,,
2026-07-31T00:16:25Z,1321222026-07-30,13212,2026-07-30,CANCELED,,
2026-07-31T00:16:25Z,3890412026-07-30,38904,2026-07-30,CANCELED,,
2026-07-31T00:16:25Z,1321812026-07-30,13218,2026-07-30,CANCELED,,
2026-07-31T00:16:25Z,1321922026-07-30,13219,2026-07-30,CANCELED,,
2026-07-31T00:16:25Z,1322112026-07-30,13221,2026-07-30,CANCELED,,
2026-07-31T00:16:25Z,1390812026-07-30,13908,2026-07-30,CANCELED,,
2026-07-31T00:16:25Z,1390822026-07-30,13908,2026-07-30,CANCELED,,
2026-07-31T00:16:25Z,1390832026-07-30,13908,2026-07-30,CANCELED,,
2026-07-31T00:16:25Z,1322712026-07-30,13227,2026-07-30,CANCELED,,
2026-07-31T00:16:25Z,3890812026-07-30,38908,2026-07-30,CANCELED,,
2026-07-31T00:16:25Z,1323212026-07-30,13232,2026-07-30,CANCELED,,
2026-07-31T00:16:25Z,1323312026-07-30,13233,2026-07-30,CANCELED,,
2026-07-31T00:16:25Z,1391022026-07-30,13910,2026-07-30,CANCELED,,
2026-07-31T00:16:25Z,1391012026-07-30,13910,2026-07-30,CANCELED,,
2026-07-31T00:16:25Z,1323512026-07-30,13235,2026-07-30,CANCELED,,
2026-07-31T00:16:25Z,0237512026-07-31,02375,2026-07-31,CANCELED,,
2026-07-31T00:16:25Z,0249412026-07-31,02494,2026-07-31,CANCELED,,
2026-07-31T00:16:25Z,1390512026-07-30,13905,2026-07-30,CANCELED,,
2026-07-31T00:16:25Z,1390522026-07-30,13905,2026-07-30,CANCELED,,
2026-07-31T00:16:25Z,1390532026-07-30,13905,2026-07-30,CANCELED,,
2026-07-31T00:16:25Z,0249412026-07-31,02494,2026-07-31,CANCELED,,
2026-07-31T00:16:25Z,3890512026-07-30,38905,2026-07-30,CANCELED,,
2026-07-31T00:16:25Z,0237512026-07-31,02375,2026-07-31,CANCELED,,
2026-07-31T00:16:25Z,3586912026-07-30,35869,2026-07-30,CANCELED,,
2026-07-31T00:16:25Z,1391122026-07-30,13911,2026-07-30,CANCELED,,
2026-07-31T00:16:25Z,1391112026-07-30,13911,2026-07-30,CANCELED,,
2026-07-31T00:16:25Z,1269212026-07-30,12692,2026-07-30,CANCELED,,
2026-07-31T00:16:25Z,1501012026-07-30,15010,2026-07-30,CANCELED,,
2026-07-31T00:16:25Z,1300012026-07-30,13000,2026-07-30,CANCELED,,
2026-07-31T00:16:25Z,1550912026-07-30,15509,2026-07-30,CANCELED,,
2026-07-31T00:16:25Z,1300212026-07-30,13002,2026-07-30,CANCELED,,
2026-07-31T00:16:25Z,1300512026-07-30,13005,2026-07-30,CANCELED,,
2026-07-31T00:16:25Z,1705212026-07-30,17052,2026-07-30,CANCELED,,
2026-07-31T00:16:25Z,1307912026-07-30,13079,2026-07-30,CANCELED,,
2026-07-31T00:16:25Z,1800712026-07-30,18007,2026-07-30,CANCELED,,
2026-07-31T00:16:25Z,1300712026-07-30,13007,2026-07-30,CANCELED,,
2026-07-31T00:16:25Z,3800712026-07-30,38007,2026-07-30,CANCELED,,
2026-07-31T00:16:25Z,1300912026-07-30,13009,2026-07-30,CANCELED,,
2026-07-31T00:16:25Z,1810412026-07-30,18104,2026-07-30,CANCELED,,
2026-07-31T00:16:25Z,3810412026-07-30,38104,2026-07-30,CANCELED,,
2026-07-31T00:16:25Z,1303212026-07-30,13032,2026-07-30,CANCELED,,
2026-07-31T00:16:25Z,1821612026-07-30,18216,2026-07-30,CANCELED,,
2026-07-31T00:16:25Z,1301312026-07-30,13013,2026-07-30,CANCELED,,
2026-07-31T00:16:25Z,1821912026-07-30,18219,2026-07-30,CANCELED,,
2026-07-31T00:16:25Z,1301412026-07-30,13014,2026-07-30,CANCELED,,
2026-07-31T00:16:25Z,3586912026-07-30,35869,2026-07-30,CANCELED,,
2026-07-31T00:16:25Z,1339412026-07-30,13394,2026-07-30,CANCELED,,
2026-07-31T00:16:25Z,1430412026-07-30,14304,2026-07-30,CANCELED,,
2026-07-31T00:16:25Z,1301912026-07-30,13019,2026-07-30,CANCELED,,
2026-07-31T00:16:25Z,1803412026-07-30,18034,2026-07-30,CANCELED,,
2026-07-31T00:16:25Z,1302012026-07-30,13020,2026-07-30,CANCELED,,
2026-07-31T00:16:25Z,1303512026-07-30,13035,2026-07-30,CANCELED,,
2026-07-31T00:16:25Z,3812012026-07-30,38120,2026-07-30,CANCELED,,
2026-07-31T00:16:25Z,1302012026-07-30,13020,2026-07-30,CANCELED,,
2026-07-31T00:16:25Z,1303512026-07-30,13035,2026-07-30,CANCELED,,
2026-07-31T00:16:25Z,1803512026-07-30,18035,2026-07-30,CANCELED,,
2026-07-31T00:16:25Z,1803512026-07-30,18035,2026-07-30,CANCELED,,
2026-07-31T00:16:25Z,1395512026-07-30,13955,2026-07-30,CANCELED,,
2026-07-31T00:16:25Z,1395712026-07-30,13957,2026-07-30,CANCELED,,
2026-07-31T00:16:25Z,1325812026-07-30,13258,2026-07-30,CANCELED,,
2026-07-31T00:16:25Z,7185512026-07-30,71855,2026-07-30,CANCELED,,
2026-07-31T00:21:21Z,1323612026-07-30,13236,2026-07-30,CANCELED,,
2026-07-31T00:21:21Z,1303112026-07-30,13031,2026-07-30,CANCELED,,
2026-07-31T00:21:21Z,1325612026-07-30,13256,2026-07-30,CANCELED,,
2026-07-31T00:21:21Z,1303912026-07-30,13039,2026-07-30,CANCELED,,
2026-07-31T00:21:21Z,1304312026-07-30,13043,2026-07-30,CANCELED,,
2026-07-31T00:21:21Z,1325912026-07-30,13259,2026-07-30,CANCELED,,
2026-07-31T00:21:21Z,1300912026-07-30,13009,2026-07-30,CANCELED,,
2026-07-31T00:21:21Z,1326612026-07-30,13266,2026-07-30,CANCELED,,
2026-07-31T00:21:21Z,3800912026-07-30,38009,2026-07-30,CANCELED,,
2026-07-31T00:21:21Z,1315612026-07-30,13156,2026-07-30,CANCELED,,
2026-07-31T00:21:21Z,1305112026-07-30,13051,2026-07-30,CANCELED,,
2026-07-31T00:21:21Z,1315712026-07-30,13157,2026-07-30,CANCELED,,
2026-07-31T00:21:21Z,1305212026-07-30,13052,2026-07-30,CANCELED,,
2026-07-31T00:21:21Z,1316812026-07-30,13168,2026-07-30,CANCELED,,
2026-07-31T00:21:21Z,1304512026-07-30,13045,2026-07-30,CANCELED,,
2026-07-31T00:21:21Z,1316912026-07-30,13169,2026-07-30,CANCELED,,
2026-07-31T00:21:21Z,1309712026-07-30,13097,2026-07-30,CANCELED,,
2026-07-31T00:21:21Z,1339312026-07-30,13393,2026-07-30,CANCELED,,
2026-07-31T00:21:21Z,1394412026-07-30,13944,2026-07-30,CANCELED,,
2026-07-31T00:21:21Z,1303512026-07-30,13035,2026-07-30,CANCELED,,
2026-07-31T00:21:21Z,1394612026-07-30,13946,2026-07-30,CANCELED,,
2026-07-31T00:21:21Z,1321112026-07-30,13211,2026-07-30,CANCELED,,
2026-07-31T00:21:21Z,1321222026-07-30,13212,2026-07-30,CANCELED,,
2026-07-31T00:21:21Z,1390412026-07-30,13904,2026-07-30,CANCELED,,
2026-07-31T00:21:21Z,1390422026-07-30,13904,2026-07-30,CANCELED,,
2026-07-31T00:21:21Z,1390432026-07-30,13904,2026-07-30,CANCELED,,
2026-07-31T00:21:21Z,1321812026-07-30,13218,2026-07-30,CANCELED,,
2026-07-31T00:21:21Z,3890412026-07-30,38904,2026-07-30,CANCELED,,
2026-07-31T00:21:21Z,1321922026-07-30,13219,2026-07-30,CANCELED,,
2026-07-31T00:21:21Z,1322112026-07-30,13221,2026-07-30,CANCELED,,
2026-07-31T00:21:21Z,1322712026-07-30,13227,2026-07-30,CANCELED,,
2026-07-31T00:21:21Z,1390812026-07-30,13908,2026-07-30,CANCELED,,
2026-07-31T00:21:21Z,1390822026-07-30,13908,2026-07-30,CANCELED,,
2026-07-31T00:21:21Z,1390832026-07-30,13908,2026-07-30,CANCELED,,
2026-07-31T00:21:21Z,1323212026-07-30,13232,2026-07-30,CANCELED,,
2026-07-31T00:21:21Z,3890812026-07-30,38908,2026-07-30,CANCELED,,
2026-07-31T00:21:21Z,1323312026-07-30,13233,2026-07-30,CANCELED,,
2026-07-31T00:21:21Z,1323512026-07-30,13235,2026-07-30,CANCELED,,
2026-07-31T00:21:21Z,1391022026-07-30,13910,2026-07-30,CANCELED,,
2026-07-31T00:21:21Z,1391012026-07-30,13910,2026-07-30,CANCELED,,
2026-07-31T00:21:21Z,0237512026-07-31,02375,2026-07-31,CANCELED,,
2026-07-31T00:21:21Z,0249412026-07-31,02494,2026-07-31,CANCELED,,
2026-07-31T00:21:21Z,0249412026-07-31,02494,2026-07-31,CANCELED,,
2026-07-31T00:21:21Z,1390512026-07-30,13905,2026-07-30,CANCELED,,
2026-07-31T00:21:21Z,1390522026-07-30,13905,2026-07-30,CANCELED,,
2026-07-31T00:21:21Z,1390532026-07-30,13905,2026-07-30,CANCELED,,
2026-07-31T00:21:21Z,0237512026-07-31,02375,2026-07-31,CANCELED,,
2026-07-31T00:21:21Z,3890512026-07-30,38905,2026-07-30,CANCELED,,
2026-07-31T00:21:21Z,3586912026-07-30,35869,2026-07-30,CANCELED,,
2026-07-31T00:21:21Z,1269212026-07-30,12692,2026-07-30,CANCELED,,
2026-07-31T00:21:21Z,1391122026-07-30,13911,2026-07-30,CANCELED,,
2026-07-31T00:21:21Z,1391112026-07-30,13911,2026-07-30,CANCELED,,
2026-07-31T00:21:21Z,1300012026-07-30,13000,2026-07-30,CANCELED,,
2026-07-31T00:21:21Z,1501012026-07-30,15010,2026-07-30,CANCELED,,
2026-07-31T00:21:21Z,1300212026-07-30,13002,2026-07-30,CANCELED,,
2026-07-31T00:21:21Z,1550912026-07-30,15509,2026-07-30,CANCELED,,
2026-07-31T00:21:21Z,1300512026-07-30,13005,2026-07-30,CANCELED,,
2026-07-31T00:21:21Z,1705212026-07-30,17052,2026-07-30,CANCELED,,
2026-07-31T00:21:21Z,1307912026-07-30,13079,2026-07-30,CANCELED,,
2026-07-31T00:21:21Z,1800712026-07-30,18007,2026-07-30,CANCELED,,
2026-07-31T00:21:21Z,1300712026-07-30,13007,2026-07-30,CANCELED,,
2026-07-31T00:21:21Z,3800712026-07-30,38007,2026-07-30,CANCELED,,
2026-07-31T00:21:21Z,1300912026-07-30,13009,2026-07-30,CANCELED,,
2026-07-31T00:21:21Z,1810412026-07-30,18104,2026-07-30,CANCELED,,
2026-07-31T00:21:21Z,1303212026-07-30,13032,2026-07-30,CANCELED,,
2026-07-31T00:21:21Z,3810412026-07-30,38104,2026-07-30,CANCELED,,
2026-07-31T00:21:21Z,1301312026-07-30,13013,2026-07-30,CANCELED,,
2026-07-31T00:21:21Z,1821612026-07-30,18216,2026-07-30,CANCELED,,
2026-07-31T00:21:21Z,1301412026-07-30,13014,2026-07-30,CANCELED,,
2026-07-31T00:21:21Z,1821912026-07-30,18219,2026-07-30,CANCELED,,
2026-07-31T00:21:21Z,1339412026-07-30,13394,2026-07-30,CANCELED,,
2026-07-31T00:21:21Z,3586912026-07-30,35869,2026-07-30,CANCELED,,
2026-07-31T00:21:21Z,1301912026-07-30,13019,2026-07-30,CANCELED,,
2026-07-31T00:21:21Z,1430412026-07-30,14304,2026-07-30,CANCELED,,
2026-07-31T00:21:21Z,1302012026-07-30,13020,2026-07-30,CANCELED,,
2026-07-31T00:21:21Z,1803412026-07-30,18034,2026-07-30,CANCELED,,
2026-07-31T00:21:21Z,1303512026-07-30,13035,2026-07-30,CANCELED,,
2026-07-31T00:21:21Z,3812012026-07-30,38120,2026-07-30,CANCELED,,
2026-07-31T00:21:21Z,1303512026-07-30,13035,2026-07-30,CANCELED,,
2026-07-31T00:21:21Z,1302012026-07-30,13020,2026-07-30,CANCELED,,
2026-07-31T00:21:21Z,1803512026-07-30,18035,2026-07-30,CANCELED,,
2026-07-31T00:21:21Z,1803512026-07-30,18035,2026-07-30,CANCELED,,
2026-07-31T00:21:21Z,1395512026-07-30,13955,2026-07-30,CANCELED,,
2026-07-31T00:21:21Z,1395712026-07-30,13957,2026-07-30,CANCELED,,
2026-07-31T00:21:21Z,1325812026-07-30,13258,2026-07-30,CANCELED,,
2026-07-31T00:21:21Z,7185512026-07-30,71855,2026-07-30,CANCELED,,
2026-07-31T00:26:17Z,1303112026-07-30,13031,2026-07-30,CANCELED,,
2026-07-31T00:26:17Z,1323612026-07-30,13236,2026-07-30,CANCELED,,
2026-07-31T00:26:17Z,1325612026-07-30,13256,2026-07-30,CANCELED,,
2026-07-31T00:26:17Z,1303912026-07-30,13039,2026-07-30,CANCELED,,
2026-07-31T00:26:17Z,1325912026-07-30,13259,2026-07-30,CANCELED,,
2026-07-31T00:26:17Z,1304312026-07-30,13043,2026-07-30,CANCELED,,
2026-07-31T00:26:17Z,1326612026-07-30,13266,2026-07-30,CANCELED,,
2026-07-31T00:26:17Z,1300912026-07-30,13009,2026-07-30,CANCELED,,
2026-07-31T00:26:17Z,1315612026-07-30,13156,2026-07-30,CANCELED,,
2026-07-31T00:26:17Z,3800912026-07-30,38009,2026-07-30,CANCELED,,
2026-07-31T00:26:17Z,1315712026-07-30,13157,2026-07-30,CANCELED,,
2026-07-31T00:26:17Z,1305112026-07-30,13051,2026-07-30,CANCELED,,
2026-07-31T00:26:17Z,1316812026-07-30,13168,2026-07-30,CANCELED,,
2026-07-31T00:26:17Z,1305212026-07-30,13052,2026-07-30,CANCELED,,
2026-07-31T00:26:17Z,1316912026-07-30,13169,2026-07-30,CANCELED,,
2026-07-31T00:26:17Z,1304512026-07-30,13045,2026-07-30,CANCELED,,
2026-07-31T00:26:17Z,1339312026-07-30,13393,2026-07-30,CANCELED,,
2026-07-31T00:26:17Z,1309712026-07-30,13097,2026-07-30,CANCELED,,
2026-07-31T00:26:17Z,1303512026-07-30,13035,2026-07-30,CANCELED,,
2026-07-31T00:26:17Z,1394412026-07-30,13944,2026-07-30,CANCELED,,
2026-07-31T00:26:17Z,1394612026-07-30,13946,2026-07-30,CANCELED,,
2026-07-31T00:26:17Z,1321112026-07-30,13211,2026-07-30,CANCELED,,
2026-07-31T00:26:17Z,1321222026-07-30,13212,2026-07-30,CANCELED,,
2026-07-31T00:26:17Z,1390412026-07-30,13904,2026-07-30,CANCELED,,
2026-07-31T00:26:17Z,1390422026-07-30,13904,2026-07-30,CANCELED,,
2026-07-31T00:26:17Z,1390432026-07-30,13904,2026-07-30,CANCELED,,
2026-07-31T00:26:17Z,1321812026-07-30,13218,2026-07-30,CANCELED,,
2026-07-31T00:26:17Z,3890412026-07-30,38904,2026-07-30,CANCELED,,
2026-07-31T00:26:17Z,1321922026-07-30,13219,2026-07-30,CANCELED,,
2026-07-31T00:26:17Z,1322112026-07-30,13221,2026-07-30,CANCELED,,
2026-07-31T00:26:17Z,1322712026-07-30,13227,2026-07-30,CANCELED,,
2026-07-31T00:26:17Z,1390812026-07-30,13908,2026-07-30,CANCELED,,
2026-07-31T00:26:17Z,1390822026-07-30,13908,2026-07-30,CANCELED,,
2026-07-31T00:26:17Z,1390832026-07-30,13908,2026-07-30,CANCELED,,
2026-07-31T00:26:17Z,1323212026-07-30,13232,2026-07-30,CANCELED,,
2026-07-31T00:26:17Z,3890812026-07-30,38908,2026-07-30,CANCELED,,
2026-07-31T00:26:17Z,1323312026-07-30,13233,2026-07-30,CANCELED,,
2026-07-31T00:26:17Z,1323512026-07-30,13235,2026-07-30,CANCELED,,
2026-07-31T00:26:17Z,1391022026-07-30,13910,2026-07-30,CANCELED,,
2026-07-31T00:26:17Z,1391012026-07-30,13910,2026-07-30,CANCELED,,
2026-07-31T00:26:17Z,0237512026-07-31,02375,2026-07-31,CANCELED,,
2026-07-31T00:26:17Z,0249412026-07-31,02494,2026-07-31,CANCELED,,
2026-07-31T00:26:17Z,1390512026-07-30,13905,2026-07-30,CANCELED,,
2026-07-31T00:26:17Z,1390522026-07-30,13905,2026-07-30,CANCELED,,
2026-07-31T00:26:17Z,1390532026-07-30,13905,2026-07-30,CANCELED,,
2026-07-31T00:26:17Z,0249412026-07-31,02494,2026-07-31,CANCELED,,
2026-07-31T00:26:17Z,3890512026-07-30,38905,2026-07-30,CANCELED,,
2026-07-31T00:26:17Z,0237512026-07-31,02375,2026-07-31,CANCELED,,
2026-07-31T00:26:17Z,3586912026-07-30,35869,2026-07-30,CANCELED,,
2026-07-31T00:26:17Z,1391122026-07-30,13911,2026-07-30,CANCELED,,
2026-07-31T00:26:17Z,1391112026-07-30,13911,2026-07-30,CANCELED,,
2026-07-31T00:26:17Z,1269212026-07-30,12692,2026-07-30,CANCELED,,
2026-07-31T00:26:17Z,1501012026-07-30,15010,2026-07-30,CANCELED,,
2026-07-31T00:26:17Z,1300012026-07-30,13000,2026-07-30,CANCELED,,
2026-07-31T00:26:17Z,1550912026-07-30,15509,2026-07-30,CANCELED,,
2026-07-31T00:26:17Z,1300212026-07-30,13002,2026-07-30,CANCELED,,
2026-07-31T00:26:17Z,1300512026-07-30,13005,2026-07-30,CANCELED,,
2026-07-31T00:26:17Z,1705212026-07-30,17052,2026-07-30,CANCELED,,
2026-07-31T00:26:17Z,1307912026-07-30,13079,2026-07-30,CANCELED,,
2026-07-31T00:26:17Z,1800712026-07-30,18007,2026-07-30,CANCELED,,
2026-07-31T00:26:17Z,1300712026-07-30,13007,2026-07-30,CANCELED,,
2026-07-31T00:26:17Z,3800712026-07-30,38007,2026-07-30,CANCELED,,
2026-07-31T00:26:17Z,1300912026-07-30,13009,2026-07-30,CANCELED,,
2026-07-31T00:26:17Z,1810412026-07-30,18104,2026-07-30,CANCELED,,
2026-07-31T00:26:17Z,3810412026-07-30,38104,2026-07-30,CANCELED,,
2026-07-31T00:26:17Z,1303212026-07-30,13032,2026-07-30,CANCELED,,
2026-07-31T00:26:17Z,1821612026-07-30,18216,2026-07-30,CANCELED,,
2026-07-31T00:26:17Z,1301312026-07-30,13013,2026-07-30,CANCELED,,
2026-07-31T00:26:17Z,1821912026-07-30,18219,2026-07-30,CANCELED,,
2026-07-31T00:26:17Z,1301412026-07-30,13014,2026-07-30,CANCELED,,
2026-07-31T00:26:17Z,1339412026-07-30,13394,2026-07-30,CANCELED,,
2026-07-31T00:26:17Z,3586912026-07-30,35869,2026-07-30,CANCELED,,
2026-07-31T00:26:17Z,1301912026-07-30,13019,2026-07-30,CANCELED,,
2026-07-31T00:26:17Z,1430412026-07-30,14304,2026-07-30,CANCELED,,
2026-07-31T00:26:17Z,1803412026-07-30,18034,2026-07-30,CANCELED,,
2026-07-31T00:26:17Z,1302012026-07-30,13020,2026-07-30,CANCELED,,
2026-07-31T00:26:17Z,1303512026-07-30,13035,2026-07-30,CANCELED,,
2026-07-31T00:26:17Z,3812012026-07-30,38120,2026-07-30,CANCELED,,
2026-07-31T00:26:17Z,1303512026-07-30,13035,2026-07-30,CANCELED,,
2026-07-31T00:26:17Z,1302012026-07-30,13020,2026-07-30,CANCELED,,
2026-07-31T00:26:17Z,1803512026-07-30,18035,2026-07-30,CANCELED,,
2026-07-31T00:26:17Z,1803512026-07-30,18035,2026-07-30,CANCELED,,
2026-07-31T00:26:17Z,1395512026-07-30,13955,2026-07-30,CANCELED,,
2026-07-31T00:26:17Z,1395712026-07-30,13957,2026-07-30,CANCELED,,
2026-07-31T00:26:17Z,1325812026-07-30,13258,2026-07-30,CANCELED,,
2026-07-31T00:26:17Z,7185512026-07-30,71855,2026-07-30,CANCELED,,
2026-07-31T00:31:39Z,1303112026-07-30,13031,2026-07-30,CANCELED,,
2026-07-31T00:31:39Z,1323612026-07-30,13236,2026-07-30,CANCELED,,
2026-07-31T00:31:39Z,1325612026-07-30,13256,2026-07-30,CANCELED,,
2026-07-31T00:31:39Z,1303912026-07-30,13039,2026-07-30,CANCELED,,
2026-07-31T00:31:39Z,1325912026-07-30,13259,2026-07-30,CANCELED,,
2026-07-31T00:31:39Z,1304312026-07-30,13043,2026-07-30,CANCELED,,
2026-07-31T00:31:39Z,1326612026-07-30,13266,2026-07-30,CANCELED,,
2026-07-31T00:31:39Z,1300912026-07-30,13009,2026-07-30,CANCELED,,
2026-07-31T00:31:39Z,3800912026-07-30,38009,2026-07-30,CANCELED,,
2026-07-31T00:31:39Z,1315612026-07-30,13156,2026-07-30,CANCELED,,
2026-07-31T00:31:39Z,1305112026-07-30,13051,2026-07-30,CANCELED,,
2026-07-31T00:31:39Z,1315712026-07-30,13157,2026-07-30,CANCELED,,
2026-07-31T00:31:39Z,1316812026-07-30,13168,2026-07-30,CANCELED,,
2026-07-31T00:31:39Z,1305212026-07-30,13052,2026-07-30,CANCELED,,
2026-07-31T00:31:39Z,1316912026-07-30,13169,2026-07-30,CANCELED,,
2026-07-31T00:31:39Z,1304512026-07-30,13045,2026-07-30,CANCELED,,
2026-07-31T00:31:39Z,1309712026-07-30,13097,2026-07-30,CANCELED,,
2026-07-31T00:31:39Z,1339312026-07-30,13393,2026-07-30,CANCELED,,
2026-07-31T00:31:39Z,1394412026-07-30,13944,2026-07-30,CANCELED,,
2026-07-31T00:31:39Z,1303512026-07-30,13035,2026-07-30,CANCELED,,
2026-07-31T00:31:39Z,1394612026-07-30,13946,2026-07-30,CANCELED,,
2026-07-31T00:31:39Z,1321112026-07-30,13211,2026-07-30,CANCELED,,
2026-07-31T00:31:39Z,1390412026-07-30,13904,2026-07-30,CANCELED,,
2026-07-31T00:31:39Z,1390422026-07-30,13904,2026-07-30,CANCELED,,
2026-07-31T00:31:39Z,1390432026-07-30,13904,2026-07-30,CANCELED,,
2026-07-31T00:31:39Z,1321222026-07-30,13212,2026-07-30,CANCELED,,
2026-07-31T00:31:39Z,3890412026-07-30,38904,2026-07-30,CANCELED,,
2026-07-31T00:31:39Z,1321812026-07-30,13218,2026-07-30,CANCELED,,
2026-07-31T00:31:39Z,1321922026-07-30,13219,2026-07-30,CANCELED,,
2026-07-31T00:31:39Z,1322112026-07-30,13221,2026-07-30,CANCELED,,
2026-07-31T00:31:39Z,1390812026-07-30,13908,2026-07-30,CANCELED,,
2026-07-31T00:31:39Z,1390822026-07-30,13908,2026-07-30,CANCELED,,
2026-07-31T00:31:39Z,1390832026-07-30,13908,2026-07-30,CANCELED,,
2026-07-31T00:31:39Z,1322712026-07-30,13227,2026-07-30,CANCELED,,
2026-07-31T00:31:39Z,3890812026-07-30,38908,2026-07-30,CANCELED,,
2026-07-31T00:31:39Z,1323212026-07-30,13232,2026-07-30,CANCELED,,
2026-07-31T00:31:39Z,1323312026-07-30,13233,2026-07-30,CANCELED,,
2026-07-31T00:31:39Z,1391022026-07-30,13910,2026-07-30,CANCELED,,
2026-07-31T00:31:39Z,1391012026-07-30,13910,2026-07-30,CANCELED,,
2026-07-31T00:31:39Z,1323512026-07-30,13235,2026-07-30,CANCELED,,
2026-07-31T00:31:39Z,0237512026-07-31,02375,2026-07-31,CANCELED,,
2026-07-31T00:31:39Z,0249412026-07-31,02494,2026-07-31,CANCELED,,
2026-07-31T00:31:39Z,1390512026-07-30,13905,2026-07-30,CANCELED,,
2026-07-31T00:31:39Z,1390522026-07-30,13905,2026-07-30,CANCELED,,
2026-07-31T00:31:39Z,1390532026-07-30,13905,2026-07-30,CANCELED,,
2026-07-31T00:31:39Z,0249412026-07-31,02494,2026-07-31,CANCELED,,
2026-07-31T00:31:39Z,3890512026-07-30,38905,2026-07-30,CANCELED,,
2026-07-31T00:31:39Z,0237512026-07-31,02375,2026-07-31,CANCELED,,
2026-07-31T00:31:39Z,3586912026-07-30,35869,2026-07-30,CANCELED,,
2026-07-31T00:31:39Z,1391122026-07-30,13911,2026-07-30,CANCELED,,
2026-07-31T00:31:39Z,1391112026-07-30,13911,2026-07-30,CANCELED,,
2026-07-31T00:31:39Z,1269212026-07-30,12692,2026-07-30,CANCELED,,
2026-07-31T00:31:39Z,1501012026-07-30,15010,2026-07-30,CANCELED,,
2026-07-31T00:31:39Z,1300012026-07-30,13000,2026-07-30,CANCELED,,
2026-07-31T00:31:39Z,1550912026-07-30,15509,2026-07-30,CANCELED,,
2026-07-31T00:31:39Z,1300212026-07-30,13002,2026-07-30,CANCELED,,
2026-07-31T00:31:39Z,1300512026-07-30,13005,2026-07-30,CANCELED,,
2026-07-31T00:31:39Z,1705212026-07-30,17052,2026-07-30,CANCELED,,
2026-07-31T00:31:39Z,1307912026-07-30,13079,2026-07-30,CANCELED,,
2026-07-31T00:31:39Z,1800712026-07-30,18007,2026-07-30,CANCELED,,
2026-07-31T00:31:39Z,1300712026-07-30,13007,2026-07-30,CANCELED,,
2026-07-31T00:31:39Z,3800712026-07-30,38007,2026-07-30,CANCELED,,
2026-07-31T00:31:39Z,1300912026-07-30,13009,2026-07-30,CANCELED,,
2026-07-31T00:31:39Z,1810412026-07-30,18104,2026-07-30,CANCELED,,
2026-07-31T00:31:39Z,3810412026-07-30,38104,2026-07-30,CANCELED,,
2026-07-31T00:31:39Z,1303212026-07-30,13032,2026-07-30,CANCELED,,
2026-07-31T00:31:39Z,1821612026-07-30,18216,2026-07-30,CANCELED,,
2026-07-31T00:31:39Z,1301312026-07-30,13013,2026-07-30,CANCELED,,
2026-07-31T00:31:39Z,1821912026-07-30,18219,2026-07-30,CANCELED,,
2026-07-31T00:31:39Z,1301412026-07-30,13014,2026-07-30,CANCELED,,
2026-07-31T00:31:39Z,3586912026-07-30,35869,2026-07-30,CANCELED,,
2026-07-31T00:31:39Z,1339412026-07-30,13394,2026-07-30,CANCELED,,
2026-07-31T00:31:39Z,1430412026-07-30,14304,2026-07-30,CANCELED,,
2026-07-31T00:31:39Z,1301912026-07-30,13019,2026-07-30,CANCELED,,
2026-07-31T00:31:39Z,1803412026-07-30,18034,2026-07-30,CANCELED,,
2026-07-31T00:31:39Z,1302012026-07-30,13020,2026-07-30,CANCELED,,
2026-07-31T00:31:39Z,1303512026-07-30,13035,2026-07-30,CANCELED,,
2026-07-31T00:31:39Z,3812012026-07-30,38120,2026-07-30,CANCELED,,
2026-07-31T00:31:39Z,1303512026-07-30,13035,2026-07-30,CANCELED,,
2026-07-31T00:31:39Z,1302012026-07-30,13020,2026-07-30,CANCELED,,
2026-07-31T00:31:39Z,1803512026-07-30,18035,2026-07-30,CANCELED,,
2026-07-31T00:31:39Z,1803512026-07-30,18035,2026-07-30,CANCELED,,
2026-07-31T00:31:39Z,1395512026-07-30,13955,2026-07-30,CANCELED,,
2026-07-31T00:31:39Z,1395712026-07-30,13957,2026-07-30,CANCELED,,
2026-07-31T00:31:39Z,1325812026-07-30,13258,2026-07-30,CANCELED,,
2026-07-31T00:31:39Z,7185512026-07-30,71855,2026-07-30,CANCELED,,
2026-07-31T00:36:26Z,1303112026-07-30,13031,2026-07-30,CANCELED,,
2026-07-31T00:36:26Z,1323612026-07-30,13236,2026-07-30,CANCELED,,
2026-07-31T00:36:26Z,1303912026-07-30,13039,2026-07-30,CANCELED,,
2026-07-31T00:36:26Z,1325612026-07-30,13256,2026-07-30,CANCELED,,
2026-07-31T00:36:26Z,1304312026-07-30,13043,2026-07-30,CANCELED,,
2026-07-31T00:36:26Z,1325912026-07-30,13259,2026-07-30,CANCELED,,
2026-07-31T00:36:26Z,1300912026-07-30,13009,2026-07-30,CANCELED,,
2026-07-31T00:36:26Z,1326612026-07-30,13266,2026-07-30,CANCELED,,
2026-07-31T00:36:26Z,3800912026-07-30,38009,2026-07-30,CANCELED,,
2026-07-31T00:36:26Z,1315612026-07-30,13156,2026-07-30,CANCELED,,
2026-07-31T00:36:26Z,1305112026-07-30,13051,2026-07-30,CANCELED,,
2026-07-31T00:36:26Z,1315712026-07-30,13157,2026-07-30,CANCELED,,
2026-07-31T00:36:26Z,1305212026-07-30,13052,2026-07-30,CANCELED,,
2026-07-31T00:36:26Z,1316812026-07-30,13168,2026-07-30,CANCELED,,
2026-07-31T00:36:26Z,1304512026-07-30,13045,2026-07-30,CANCELED,,
2026-07-31T00:36:26Z,1316912026-07-30,13169,2026-07-30,CANCELED,,
2026-07-31T00:36:26Z,1309712026-07-30,13097,2026-07-30,CANCELED,,
2026-07-31T00:36:26Z,1339312026-07-30,13393,2026-07-30,CANCELED,,
2026-07-31T00:36:26Z,1394412026-07-30,13944,2026-07-30,CANCELED,,
2026-07-31T00:36:26Z,1303512026-07-30,13035,2026-07-30,CANCELED,,
2026-07-31T00:36:26Z,1394612026-07-30,13946,2026-07-30,CANCELED,,
2026-07-31T00:36:26Z,1321112026-07-30,13211,2026-07-30,CANCELED,,
2026-07-31T00:36:26Z,1321222026-07-30,13212,2026-07-30,CANCELED,,
2026-07-31T00:36:26Z,1390412026-07-30,13904,2026-07-30,CANCELED,,
2026-07-31T00:36:26Z,1390422026-07-30,13904,2026-07-30,CANCELED,,
2026-07-31T00:36:26Z,1390432026-07-30,13904,2026-07-30,CANCELED,,
2026-07-31T00:36:26Z,3890412026-07-30,38904,2026-07-30,CANCELED,,
2026-07-31T00:36:26Z,1321812026-07-30,13218,2026-07-30,CANCELED,,
2026-07-31T00:36:26Z,1321922026-07-30,13219,2026-07-30,CANCELED,,
2026-07-31T00:36:26Z,1322112026-07-30,13221,2026-07-30,CANCELED,,
2026-07-31T00:36:26Z,1390812026-07-30,13908,2026-07-30,CANCELED,,
2026-07-31T00:36:26Z,1390822026-07-30,13908,2026-07-30,CANCELED,,
2026-07-31T00:36:26Z,1390832026-07-30,13908,2026-07-30,CANCELED,,
2026-07-31T00:36:26Z,1322712026-07-30,13227,2026-07-30,CANCELED,,
2026-07-31T00:36:26Z,3890812026-07-30,38908,2026-07-30,CANCELED,,
2026-07-31T00:36:26Z,1323212026-07-30,13232,2026-07-30,CANCELED,,
2026-07-31T00:36:26Z,1323312026-07-30,13233,2026-07-30,CANCELED,,
2026-07-31T00:36:26Z,1391022026-07-30,13910,2026-07-30,CANCELED,,
2026-07-31T00:36:26Z,1391012026-07-30,13910,2026-07-30,CANCELED,,
2026-07-31T00:36:26Z,1323512026-07-30,13235,2026-07-30,CANCELED,,
2026-07-31T00:36:26Z,0237512026-07-31,02375,2026-07-31,CANCELED,,
2026-07-31T00:36:26Z,0249412026-07-31,02494,2026-07-31,CANCELED,,
2026-07-31T00:36:26Z,1390512026-07-30,13905,2026-07-30,CANCELED,,
2026-07-31T00:36:26Z,1390522026-07-30,13905,2026-07-30,CANCELED,,
2026-07-31T00:36:26Z,1390532026-07-30,13905,2026-07-30,CANCELED,,
2026-07-31T00:36:26Z,0249412026-07-31,02494,2026-07-31,CANCELED,,
2026-07-31T00:36:26Z,3890512026-07-30,38905,2026-07-30,CANCELED,,
2026-07-31T00:36:26Z,0237512026-07-31,02375,2026-07-31,CANCELED,,
2026-07-31T00:36:26Z,3586912026-07-30,35869,2026-07-30,CANCELED,,
2026-07-31T00:36:26Z,1391122026-07-30,13911,2026-07-30,CANCELED,,
2026-07-31T00:36:26Z,1391112026-07-30,13911,2026-07-30,CANCELED,,
2026-07-31T00:36:26Z,1269212026-07-30,12692,2026-07-30,CANCELED,,
2026-07-31T00:36:26Z,1501012026-07-30,15010,2026-07-30,CANCELED,,
2026-07-31T00:36:26Z,1300012026-07-30,13000,2026-07-30,CANCELED,,
2026-07-31T00:36:26Z,1550912026-07-30,15509,2026-07-30,CANCELED,,
2026-07-31T00:36:26Z,1300212026-07-30,13002,2026-07-30,CANCELED,,
2026-07-31T00:36:26Z,1300512026-07-30,13005,2026-07-30,CANCELED,,
2026-07-31T00:36:26Z,1705212026-07-30,17052,2026-07-30,CANCELED,,
2026-07-31T00:36:26Z,1307912026-07-30,13079,2026-07-30,CANCELED,,
2026-07-31T00:36:26Z,1800712026-07-30,18007,2026-07-30,CANCELED,,
2026-07-31T00:36:26Z,3800712026-07-30,38007,2026-07-30,CANCELED,,
2026-07-31T00:36:26Z,1300712026-07-30,13007,2026-07-30,CANCELED,,
2026-07-31T00:36:26Z,1810412026-07-30,18104,2026-07-30,CANCELED,,
2026-07-31T00:36:26Z,1300912026-07-30,13009,2026-07-30,CANCELED,,
2026-07-31T00:36:26Z,3810412026-07-30,38104,2026-07-30,CANCELED,,
2026-07-31T00:36:26Z,1303212026-07-30,13032,2026-07-30,CANCELED,,
2026-07-31T00:36:26Z,1821612026-07-30,18216,2026-07-30,CANCELED,,
2026-07-31T00:36:26Z,1301312026-07-30,13013,2026-07-30,CANCELED,,
2026-07-31T00:36:26Z,1821912026-07-30,18219,2026-07-30,CANCELED,,
2026-07-31T00:36:26Z,1301412026-07-30,13014,2026-07-30,CANCELED,,
2026-07-31T00:36:26Z,1339412026-07-30,13394,2026-07-30,CANCELED,,
2026-07-31T00:36:26Z,3586912026-07-30,35869,2026-07-30,CANCELED,,
2026-07-31T00:36:26Z,1301912026-07-30,13019,2026-07-30,CANCELED,,
2026-07-31T00:36:26Z,1430412026-07-30,14304,2026-07-30,CANCELED,,
2026-07-31T00:36:26Z,1302012026-07-30,13020,2026-07-30,CANCELED,,
2026-07-31T00:36:26Z,1803412026-07-30,18034,2026-07-30,CANCELED,,
2026-07-31T00:36:26Z,3812012026-07-30,38120,2026-07-30,CANCELED,,
2026-07-31T00:36:26Z,1303512026-07-30,13035,2026-07-30,CANCELED,,
2026-07-31T00:36:26Z,1302012026-07-30,13020,2026-07-30,CANCELED,,
2026-07-31T00:36:26Z,1303512026-07-30,13035,2026-07-30,CANCELED,,
2026-07-31T00:36:26Z,1803512026-07-30,18035,2026-07-30,CANCELED,,
2026-07-31T00:36:26Z,1803512026-07-30,18035,2026-07-30,CANCELED,,
2026-07-31T00:36:26Z,1395512026-07-30,13955,2026-07-30,CANCELED,,
2026-07-31T00:36:26Z,1395712026-07-30,13957,2026-07-30,CANCELED,,
2026-07-31T00:36:26Z,1325812026-07-30,13258,2026-07-30,CANCELED,,
2026-07-31T00:36:26Z,7185512026-07-30,71855,2026-07-30,CANCELED,,
2026-07-31T00:41:28Z,1323612026-07-30,13236,2026-07-30,CANCELED,,
2026-07-31T00:41:28Z,1303112026-07-30,13031,2026-07-30,CANCELED,,
2026-07-31T00:41:28Z,1303912026-07-30,13039,2026-07-30,CANCELED,,
2026-07-31T00:41:28Z,1325612026-07-30,13256,2026-07-30,CANCELED,,
2026-07-31T00:41:28Z,1304312026-07-30,13043,2026-07-30,CANCELED,,
2026-07-31T00:41:28Z,1325912026-07-30,13259,2026-07-30,CANCELED,,
2026-07-31T00:41:28Z,1300912026-07-30,13009,2026-07-30,CANCELED,,
2026-07-31T00:41:28Z,1326612026-07-30,13266,2026-07-30,CANCELED,,
2026-07-31T00:41:28Z,3800912026-07-30,38009,2026-07-30,CANCELED,,
2026-07-31T00:41:28Z,1315612026-07-30,13156,2026-07-30,CANCELED,,
2026-07-31T00:41:28Z,1305112026-07-30,13051,2026-07-30,CANCELED,,
2026-07-31T00:41:28Z,1315712026-07-30,13157,2026-07-30,CANCELED,,
2026-07-31T00:41:28Z,1305212026-07-30,13052,2026-07-30,CANCELED,,
2026-07-31T00:41:28Z,1316812026-07-30,13168,2026-07-30,CANCELED,,
2026-07-31T00:41:28Z,1316912026-07-30,13169,2026-07-30,CANCELED,,
2026-07-31T00:41:28Z,1304512026-07-30,13045,2026-07-30,CANCELED,,
2026-07-31T00:41:28Z,1339312026-07-30,13393,2026-07-30,CANCELED,,
2026-07-31T00:41:28Z,1309712026-07-30,13097,2026-07-30,CANCELED,,
2026-07-31T00:41:28Z,1303512026-07-30,13035,2026-07-30,CANCELED,,
2026-07-31T00:41:28Z,1394412026-07-30,13944,2026-07-30,CANCELED,,
2026-07-31T00:41:28Z,1394612026-07-30,13946,2026-07-30,CANCELED,,
2026-07-31T00:41:28Z,1321112026-07-30,13211,2026-07-30,CANCELED,,
2026-07-31T00:41:28Z,1390412026-07-30,13904,2026-07-30,CANCELED,,
2026-07-31T00:41:28Z,1390422026-07-30,13904,2026-07-30,CANCELED,,
2026-07-31T00:41:28Z,1390432026-07-30,13904,2026-07-30,CANCELED,,
2026-07-31T00:41:28Z,1321222026-07-30,13212,2026-07-30,CANCELED,,
2026-07-31T00:41:28Z,3890412026-07-30,38904,2026-07-30,CANCELED,,
2026-07-31T00:41:28Z,1321812026-07-30,13218,2026-07-30,CANCELED,,
2026-07-31T00:41:28Z,1321922026-07-30,13219,2026-07-30,CANCELED,,
2026-07-31T00:41:28Z,1322112026-07-30,13221,2026-07-30,CANCELED,,
2026-07-31T00:41:28Z,1390812026-07-30,13908,2026-07-30,CANCELED,,
2026-07-31T00:41:28Z,1390822026-07-30,13908,2026-07-30,CANCELED,,
2026-07-31T00:41:28Z,1390832026-07-30,13908,2026-07-30,CANCELED,,
2026-07-31T00:41:28Z,1322712026-07-30,13227,2026-07-30,CANCELED,,
2026-07-31T00:41:28Z,3890812026-07-30,38908,2026-07-30,CANCELED,,
2026-07-31T00:41:28Z,1323212026-07-30,13232,2026-07-30,CANCELED,,
2026-07-31T00:41:28Z,1323312026-07-30,13233,2026-07-30,CANCELED,,
2026-07-31T00:41:28Z,1391022026-07-30,13910,2026-07-30,CANCELED,,
2026-07-31T00:41:28Z,1391012026-07-30,13910,2026-07-30,CANCELED,,
2026-07-31T00:41:28Z,1323512026-07-30,13235,2026-07-30,CANCELED,,
2026-07-31T00:41:28Z,0237512026-07-31,02375,2026-07-31,CANCELED,,
2026-07-31T00:41:28Z,1390512026-07-30,13905,2026-07-30,CANCELED,,
2026-07-31T00:41:28Z,1390522026-07-30,13905,2026-07-30,CANCELED,,
2026-07-31T00:41:28Z,1390532026-07-30,13905,2026-07-30,CANCELED,,
2026-07-31T00:41:28Z,0249412026-07-31,02494,2026-07-31,CANCELED,,
2026-07-31T00:41:28Z,3890512026-07-30,38905,2026-07-30,CANCELED,,
2026-07-31T00:41:28Z,0249412026-07-31,02494,2026-07-31,CANCELED,,
2026-07-31T00:41:28Z,0237512026-07-31,02375,2026-07-31,CANCELED,,
2026-07-31T00:41:28Z,1391122026-07-30,13911,2026-07-30,CANCELED,,
2026-07-31T00:41:28Z,1391112026-07-30,13911,2026-07-30,CANCELED,,
2026-07-31T00:41:28Z,3586912026-07-30,35869,2026-07-30,CANCELED,,
2026-07-31T00:41:28Z,1501012026-07-30,15010,2026-07-30,CANCELED,,
2026-07-31T00:41:28Z,1269212026-07-30,12692,2026-07-30,CANCELED,,
2026-07-31T00:41:28Z,1550912026-07-30,15509,2026-07-30,CANCELED,,
2026-07-31T00:41:28Z,1300012026-07-30,13000,2026-07-30,CANCELED,,
2026-07-31T00:41:28Z,1300212026-07-30,13002,2026-07-30,CANCELED,,
2026-07-31T00:41:28Z,1705212026-07-30,17052,2026-07-30,CANCELED,,
2026-07-31T00:41:28Z,1300512026-07-30,13005,2026-07-30,CANCELED,,
2026-07-31T00:41:28Z,1800712026-07-30,18007,2026-07-30,CANCELED,,
2026-07-31T00:41:28Z,1307912026-07-30,13079,2026-07-30,CANCELED,,
2026-07-31T00:41:28Z,3800712026-07-30,38007,2026-07-30,CANCELED,,
2026-07-31T00:41:28Z,1300712026-07-30,13007,2026-07-30,CANCELED,,
2026-07-31T00:41:28Z,1810412026-07-30,18104,2026-07-30,CANCELED,,
2026-07-31T00:41:28Z,1300912026-07-30,13009,2026-07-30,CANCELED,,
2026-07-31T00:41:28Z,3810412026-07-30,38104,2026-07-30,CANCELED,,
2026-07-31T00:41:28Z,1303212026-07-30,13032,2026-07-30,CANCELED,,
2026-07-31T00:41:28Z,1821612026-07-30,18216,2026-07-30,CANCELED,,
2026-07-31T00:41:28Z,1301312026-07-30,13013,2026-07-30,CANCELED,,
2026-07-31T00:41:28Z,1821912026-07-30,18219,2026-07-30,CANCELED,,
2026-07-31T00:41:28Z,1301412026-07-30,13014,2026-07-30,CANCELED,,
2026-07-31T00:41:28Z,3586912026-07-30,35869,2026-07-30,CANCELED,,
2026-07-31T00:41:28Z,1339412026-07-30,13394,2026-07-30,CANCELED,,
2026-07-31T00:41:28Z,1430412026-07-30,14304,2026-07-30,CANCELED,,
2026-07-31T00:41:28Z,1301912026-07-30,13019,2026-07-30,CANCELED,,
2026-07-31T00:41:28Z,1803412026-07-30,18034,2026-07-30,CANCELED,,
2026-07-31T00:41:28Z,1302012026-07-30,13020,2026-07-30,CANCELED,,
2026-07-31T00:41:28Z,1303512026-07-30,13035,2026-07-30,CANCELED,,
2026-07-31T00:41:28Z,3812012026-07-30,38120,2026-07-30,CANCELED,,
2026-07-31T00:41:28Z,1303512026-07-30,13035,2026-07-30,CANCELED,,
2026-07-31T00:41:28Z,1302012026-07-30,13020,2026-07-30,CANCELED,,
2026-07-31T00:41:28Z,1803512026-07-30,18035,2026-07-30,CANCELED,,
2026-07-31T00:41:28Z,1803512026-07-30,18035,2026-07-30,CANCELED,,
2026-07-31T00:41:28Z,1395512026-07-30,13955,2026-07-30,CANCELED,,
2026-07-31T00:41:28Z,1395712026-07-30,13957,2026-07-30,CANCELED,,
2026-07-31T00:41:28Z,1325812026-07-30,13258,2026-07-30,CANCELED,,
2026-07-31T00:41:28Z,7185512026-07-30,71855,2026-07-30,CANCELED,,
2026-07-31T00:46:38Z,1303112026-07-30,13031,2026-07-30,CANCELED,,
2026-07-31T00:46:38Z,1323612026-07-30,13236,2026-07-30,CANCELED,,
2026-07-31T00:46:38Z,1325612026-07-30,13256,2026-07-30,CANCELED,,
2026-07-31T00:46:38Z,1303912026-07-30,13039,2026-07-30,CANCELED,,
2026-07-31T00:46:38Z,1325912026-07-30,13259,2026-07-30,CANCELED,,
2026-07-31T00:46:38Z,1304312026-07-30,13043,2026-07-30,CANCELED,,
2026-07-31T00:46:38Z,1300912026-07-30,13009,2026-07-30,CANCELED,,
2026-07-31T00:46:38Z,1326612026-07-30,13266,2026-07-30,CANCELED,,
2026-07-31T00:46:38Z,1315612026-07-30,13156,2026-07-30,CANCELED,,
2026-07-31T00:46:38Z,3800912026-07-30,38009,2026-07-30,CANCELED,,
2026-07-31T00:46:38Z,1315712026-07-30,13157,2026-07-30,CANCELED,,
2026-07-31T00:46:38Z,1305112026-07-30,13051,2026-07-30,CANCELED,,
2026-07-31T00:46:38Z,1305212026-07-30,13052,2026-07-30,CANCELED,,
2026-07-31T00:46:38Z,1316812026-07-30,13168,2026-07-30,CANCELED,,
2026-07-31T00:46:38Z,1304512026-07-30,13045,2026-07-30,CANCELED,,
2026-07-31T00:46:38Z,1316912026-07-30,13169,2026-07-30,CANCELED,,
2026-07-31T00:46:38Z,1309712026-07-30,13097,2026-07-30,CANCELED,,
2026-07-31T00:46:38Z,1339312026-07-30,13393,2026-07-30,CANCELED,,
2026-07-31T00:46:38Z,1394412026-07-30,13944,2026-07-30,CANCELED,,
2026-07-31T00:46:38Z,1303512026-07-30,13035,2026-07-30,CANCELED,,
2026-07-31T00:46:38Z,1394612026-07-30,13946,2026-07-30,CANCELED,,
2026-07-31T00:46:38Z,1321112026-07-30,13211,2026-07-30,CANCELED,,
2026-07-31T00:46:38Z,1390412026-07-30,13904,2026-07-30,CANCELED,,
2026-07-31T00:46:38Z,1390422026-07-30,13904,2026-07-30,CANCELED,,
2026-07-31T00:46:38Z,1390432026-07-30,13904,2026-07-30,CANCELED,,
2026-07-31T00:46:38Z,1321222026-07-30,13212,2026-07-30,CANCELED,,
2026-07-31T00:46:38Z,3890412026-07-30,38904,2026-07-30,CANCELED,,
2026-07-31T00:46:38Z,1321812026-07-30,13218,2026-07-30,CANCELED,,
2026-07-31T00:46:38Z,1321922026-07-30,13219,2026-07-30,CANCELED,,
2026-07-31T00:46:38Z,1322112026-07-30,13221,2026-07-30,CANCELED,,
2026-07-31T00:46:38Z,1322712026-07-30,13227,2026-07-30,CANCELED,,
2026-07-31T00:46:38Z,1390812026-07-30,13908,2026-07-30,CANCELED,,
2026-07-31T00:46:38Z,1390822026-07-30,13908,2026-07-30,CANCELED,,
2026-07-31T00:46:38Z,1390832026-07-30,13908,2026-07-30,CANCELED,,
2026-07-31T00:46:38Z,1323212026-07-30,13232,2026-07-30,CANCELED,,
2026-07-31T00:46:38Z,3890812026-07-30,38908,2026-07-30,CANCELED,,
2026-07-31T00:46:38Z,1323312026-07-30,13233,2026-07-30,CANCELED,,
2026-07-31T00:46:38Z,1391022026-07-30,13910,2026-07-30,CANCELED,,
2026-07-31T00:46:38Z,1391012026-07-30,13910,2026-07-30,CANCELED,,
2026-07-31T00:46:38Z,1323512026-07-30,13235,2026-07-30,CANCELED,,
2026-07-31T00:46:38Z,0237512026-07-31,02375,2026-07-31,CANCELED,,
2026-07-31T00:46:38Z,0249412026-07-31,02494,2026-07-31,CANCELED,,
2026-07-31T00:46:38Z,1390512026-07-30,13905,2026-07-30,CANCELED,,
2026-07-31T00:46:38Z,1390522026-07-30,13905,2026-07-30,CANCELED,,
2026-07-31T00:46:38Z,1390532026-07-30,13905,2026-07-30,CANCELED,,
2026-07-31T00:46:38Z,3890512026-07-30,38905,2026-07-30,CANCELED,,
2026-07-31T00:46:38Z,0249412026-07-31,02494,2026-07-31,CANCELED,,
2026-07-31T00:46:38Z,0237512026-07-31,02375,2026-07-31,CANCELED,,
2026-07-31T00:46:38Z,1391122026-07-30,13911,2026-07-30,CANCELED,,
2026-07-31T00:46:38Z,1391112026-07-30,13911,2026-07-30,CANCELED,,
2026-07-31T00:46:38Z,3586912026-07-30,35869,2026-07-30,CANCELED,,
2026-07-31T00:46:38Z,1501012026-07-30,15010,2026-07-30,CANCELED,,
2026-07-31T00:46:38Z,1269212026-07-30,12692,2026-07-30,CANCELED,,
2026-07-31T00:46:38Z,1550912026-07-30,15509,2026-07-30,CANCELED,,
2026-07-31T00:46:38Z,1300012026-07-30,13000,2026-07-30,CANCELED,,
2026-07-31T00:46:38Z,1300212026-07-30,13002,2026-07-30,CANCELED,,
2026-07-31T00:46:38Z,1705212026-07-30,17052,2026-07-30,CANCELED,,
2026-07-31T00:46:38Z,1300512026-07-30,13005,2026-07-30,CANCELED,,
2026-07-31T00:46:38Z,1800712026-07-30,18007,2026-07-30,CANCELED,,
2026-07-31T00:46:38Z,1307912026-07-30,13079,2026-07-30,CANCELED,,
2026-07-31T00:46:38Z,3800712026-07-30,38007,2026-07-30,CANCELED,,
2026-07-31T00:46:38Z,1300712026-07-30,13007,2026-07-30,CANCELED,,
2026-07-31T00:46:38Z,1810412026-07-30,18104,2026-07-30,CANCELED,,
2026-07-31T00:46:38Z,1300912026-07-30,13009,2026-07-30,CANCELED,,
2026-07-31T00:46:38Z,3810412026-07-30,38104,2026-07-30,CANCELED,,
2026-07-31T00:46:38Z,1303212026-07-30,13032,2026-07-30,CANCELED,,
2026-07-31T00:46:38Z,1821612026-07-30,18216,2026-07-30,CANCELED,,
2026-07-31T00:46:38Z,1301312026-07-30,13013,2026-07-30,CANCELED,,
2026-07-31T00:46:38Z,1821912026-07-30,18219,2026-07-30,CANCELED,,
2026-07-31T00:46:38Z,1301412026-07-30,13014,2026-07-30,CANCELED,,
2026-07-31T00:46:38Z,3586912026-07-30,35869,2026-07-30,CANCELED,,
2026-07-31T00:46:38Z,1339412026-07-30,13394,2026-07-30,CANCELED,,
2026-07-31T00:46:38Z,1430412026-07-30,14304,2026-07-30,CANCELED,,
2026-07-31T00:46:38Z,1301912026-07-30,13019,2026-07-30,CANCELED,,
2026-07-31T00:46:38Z,1803412026-07-30,18034,2026-07-30,CANCELED,,
2026-07-31T00:46:38Z,1302012026-07-30,13020,2026-07-30,CANCELED,,
2026-07-31T00:46:38Z,1303512026-07-30,13035,2026-07-30,CANCELED,,
2026-07-31T00:46:38Z,3812012026-07-30,38120,2026-07-30,CANCELED,,
2026-07-31T00:46:38Z,1303512026-07-30,13035,2026-07-30,CANCELED,,
2026-07-31T00:46:38Z,1302012026-07-30,13020,2026-07-30,CANCELED,,
2026-07-31T00:46:38Z,1803512026-07-30,18035,2026-07-30,CANCELED,,
2026-07-31T00:46:38Z,1803512026-07-30,18035,2026-07-30,CANCELED,,
2026-07-31T00:46:38Z,1395512026-07-30,13955,2026-07-30,CANCELED,,
2026-07-31T00:46:38Z,1395712026-07-30,13957,2026-07-30,CANCELED,,
2026-07-31T00:46:38Z,1325812026-07-30,13258,2026-07-30,CANCELED,,
2026-07-31T00:46:38Z,7185512026-07-30,71855,2026-07-30,CANCELED,,
2026-07-31T00:51:28Z,1303112026-07-30,13031,2026-07-30,CANCELED,,
2026-07-31T00:51:28Z,1323612026-07-30,13236,2026-07-30,CANCELED,,
2026-07-31T00:51:28Z,1303912026-07-30,13039,2026-07-30,CANCELED,,
2026-07-31T00:51:28Z,1325612026-07-30,13256,2026-07-30,CANCELED,,
2026-07-31T00:51:28Z,1325912026-07-30,13259,2026-07-30,CANCELED,,
2026-07-31T00:51:28Z,1304312026-07-30,13043,2026-07-30,CANCELED,,
2026-07-31T00:51:28Z,1326612026-07-30,13266,2026-07-30,CANCELED,,
2026-07-31T00:51:28Z,1300912026-07-30,13009,2026-07-30,CANCELED,,
2026-07-31T00:51:28Z,1315612026-07-30,13156,2026-07-30,CANCELED,,
2026-07-31T00:51:28Z,3800912026-07-30,38009,2026-07-30,CANCELED,,
2026-07-31T00:51:28Z,1315712026-07-30,13157,2026-07-30,CANCELED,,
2026-07-31T00:51:28Z,1305112026-07-30,13051,2026-07-30,CANCELED,,
2026-07-31T00:51:28Z,1316812026-07-30,13168,2026-07-30,CANCELED,,
2026-07-31T00:51:28Z,1305212026-07-30,13052,2026-07-30,CANCELED,,
2026-07-31T00:51:28Z,1316912026-07-30,13169,2026-07-30,CANCELED,,
2026-07-31T00:51:28Z,1304512026-07-30,13045,2026-07-30,CANCELED,,
2026-07-31T00:51:28Z,1339312026-07-30,13393,2026-07-30,CANCELED,,
2026-07-31T00:51:28Z,1309712026-07-30,13097,2026-07-30,CANCELED,,
2026-07-31T00:51:28Z,1394412026-07-30,13944,2026-07-30,CANCELED,,
2026-07-31T00:51:28Z,1303512026-07-30,13035,2026-07-30,CANCELED,,
2026-07-31T00:51:28Z,1394612026-07-30,13946,2026-07-30,CANCELED,,
2026-07-31T00:51:28Z,1321112026-07-30,13211,2026-07-30,CANCELED,,
2026-07-31T00:51:28Z,1390412026-07-30,13904,2026-07-30,CANCELED,,
2026-07-31T00:51:28Z,1390422026-07-30,13904,2026-07-30,CANCELED,,
2026-07-31T00:51:28Z,1390432026-07-30,13904,2026-07-30,CANCELED,,
2026-07-31T00:51:28Z,1321222026-07-30,13212,2026-07-30,CANCELED,,
2026-07-31T00:51:28Z,3890412026-07-30,38904,2026-07-30,CANCELED,,
2026-07-31T00:51:28Z,1321812026-07-30,13218,2026-07-30,CANCELED,,
2026-07-31T00:51:28Z,1321922026-07-30,13219,2026-07-30,CANCELED,,
2026-07-31T00:51:28Z,1322112026-07-30,13221,2026-07-30,CANCELED,,
2026-07-31T00:51:28Z,1390812026-07-30,13908,2026-07-30,CANCELED,,
2026-07-31T00:51:28Z,1390822026-07-30,13908,2026-07-30,CANCELED,,
2026-07-31T00:51:28Z,1390832026-07-30,13908,2026-07-30,CANCELED,,
2026-07-31T00:51:28Z,1322712026-07-30,13227,2026-07-30,CANCELED,,
2026-07-31T00:51:28Z,3890812026-07-30,38908,2026-07-30,CANCELED,,
2026-07-31T00:51:28Z,1323212026-07-30,13232,2026-07-30,CANCELED,,
2026-07-31T00:51:28Z,1323312026-07-30,13233,2026-07-30,CANCELED,,
2026-07-31T00:51:28Z,1391022026-07-30,13910,2026-07-30,CANCELED,,
2026-07-31T00:51:28Z,1391012026-07-30,13910,2026-07-30,CANCELED,,
2026-07-31T00:51:28Z,1323512026-07-30,13235,2026-07-30,CANCELED,,
2026-07-31T00:51:28Z,0237512026-07-31,02375,2026-07-31,CANCELED,,
2026-07-31T00:51:28Z,0249412026-07-31,02494,2026-07-31,CANCELED,,
2026-07-31T00:51:28Z,1390512026-07-30,13905,2026-07-30,CANCELED,,
2026-07-31T00:51:28Z,1390522026-07-30,13905,2026-07-30,CANCELED,,
2026-07-31T00:51:28Z,1390532026-07-30,13905,2026-07-30,CANCELED,,
2026-07-31T00:51:28Z,0249412026-07-31,02494,2026-07-31,CANCELED,,
2026-07-31T00:51:28Z,3890512026-07-30,38905,2026-07-30,CANCELED,,
2026-07-31T00:51:28Z,0237512026-07-31,02375,2026-07-31,CANCELED,,
2026-07-31T00:51:28Z,3586912026-07-30,35869,2026-07-30,CANCELED,,
2026-07-31T00:51:28Z,1391122026-07-30,13911,2026-07-30,CANCELED,,
2026-07-31T00:51:28Z,1391112026-07-30,13911,2026-07-30,CANCELED,,
2026-07-31T00:51:28Z,1269212026-07-30,12692,2026-07-30,CANCELED,,
2026-07-31T00:51:28Z,1501012026-07-30,15010,2026-07-30,CANCELED,,
2026-07-31T00:51:28Z,1300012026-07-30,13000,2026-07-30,CANCELED,,
2026-07-31T00:51:28Z,1550912026-07-30,15509,2026-07-30,CANCELED,,
2026-07-31T00:51:28Z,1300212026-07-30,13002,2026-07-30,CANCELED,,
2026-07-31T00:51:28Z,1300512026-07-30,13005,2026-07-30,CANCELED,,
2026-07-31T00:51:28Z,1705212026-07-30,17052,2026-07-30,CANCELED,,
2026-07-31T00:51:28Z,1800712026-07-30,18007,2026-07-30,CANCELED,,
2026-07-31T00:51:28Z,1307912026-07-30,13079,2026-07-30,CANCELED,,
2026-07-31T00:51:28Z,3800712026-07-30,38007,2026-07-30,CANCELED,,
2026-07-31T00:51:28Z,1300712026-07-30,13007,2026-07-30,CANCELED,,
2026-07-31T00:51:28Z,1810412026-07-30,18104,2026-07-30,CANCELED,,
2026-07-31T00:51:28Z,1300912026-07-30,13009,2026-07-30,CANCELED,,
2026-07-31T00:51:28Z,3810412026-07-30,38104,2026-07-30,CANCELED,,
2026-07-31T00:51:28Z,1303212026-07-30,13032,2026-07-30,CANCELED,,
2026-07-31T00:51:28Z,1821612026-07-30,18216,2026-07-30,CANCELED,,
2026-07-31T00:51:28Z,1301312026-07-30,13013,2026-07-30,CANCELED,,
2026-07-31T00:51:28Z,1821912026-07-30,18219,2026-07-30,CANCELED,,
2026-07-31T00:51:28Z,1301412026-07-30,13014,2026-07-30,CANCELED,,
2026-07-31T00:51:28Z,3586912026-07-30,35869,2026-07-30,CANCELED,,
2026-07-31T00:51:28Z,1339412026-07-30,13394,2026-07-30,CANCELED,,
2026-07-31T00:51:28Z,1430412026-07-30,14304,2026-07-30,CANCELED,,
2026-07-31T00:51:28Z,1301912026-07-30,13019,2026-07-30,CANCELED,,
2026-07-31T00:51:28Z,1803412026-07-30,18034,2026-07-30,CANCELED,,
2026-07-31T00:51:28Z,1302012026-07-30,13020,2026-07-30,CANCELED,,
2026-07-31T00:51:28Z,1303512026-07-30,13035,2026-07-30,CANCELED,,
2026-07-31T00:51:28Z,3812012026-07-30,38120,2026-07-30,CANCELED,,
2026-07-31T00:51:28Z,1303512026-07-30,13035,2026-07-30,CANCELED,,
2026-07-31T00:51:28Z,1302012026-07-30,13020,2026-07-30,CANCELED,,
2026-07-31T00:51:28Z,1803512026-07-30,18035,2026-07-30,CANCELED,,
2026-07-31T00:51:28Z,1803512026-07-30,18035,2026-07-30,CANCELED,,
2026-07-31T00:51:28Z,1395512026-07-30,13955,2026-07-30,CANCELED,,
2026-07-31T00:51:28Z,1395712026-07-30,13957,2026-07-30,CANCELED,,
2026-07-31T00:51:28Z,1325812026-07-30,13258,2026-07-30,CANCELED,,
2026-07-31T00:51:28Z,7185512026-07-30,71855,2026-07-30,CANCELED,,
2026-07-31T00:56:16Z,1303112026-07-30,13031,2026-07-30,CANCELED,,
2026-07-31T00:56:16Z,1323612026-07-30,13236,2026-07-30,CANCELED,,
2026-07-31T00:56:16Z,1303912026-07-30,13039,2026-07-30,CANCELED,,
2026-07-31T00:56:16Z,1325612026-07-30,13256,2026-07-30,CANCELED,,
2026-07-31T00:56:16Z,1304312026-07-30,13043,2026-07-30,CANCELED,,
2026-07-31T00:56:16Z,1325912026-07-30,13259,2026-07-30,CANCELED,,
2026-07-31T00:56:16Z,1300912026-07-30,13009,2026-07-30,CANCELED,,
2026-07-31T00:56:16Z,3800912026-07-30,38009,2026-07-30,CANCELED,,
2026-07-31T00:56:16Z,1326612026-07-30,13266,2026-07-30,CANCELED,,
2026-07-31T00:56:16Z,1305112026-07-30,13051,2026-07-30,CANCELED,,
2026-07-31T00:56:16Z,1315612026-07-30,13156,2026-07-30,CANCELED,,
2026-07-31T00:56:16Z,1305212026-07-30,13052,2026-07-30,CANCELED,,
2026-07-31T00:56:16Z,1315712026-07-30,13157,2026-07-30,CANCELED,,
2026-07-31T00:56:16Z,1304512026-07-30,13045,2026-07-30,CANCELED,,
2026-07-31T00:56:16Z,1316812026-07-30,13168,2026-07-30,CANCELED,,
2026-07-31T00:56:16Z,1309712026-07-30,13097,2026-07-30,CANCELED,,
2026-07-31T00:56:16Z,1316912026-07-30,13169,2026-07-30,CANCELED,,
2026-07-31T00:56:16Z,1339312026-07-30,13393,2026-07-30,CANCELED,,
2026-07-31T00:56:16Z,1394412026-07-30,13944,2026-07-30,CANCELED,,
2026-07-31T00:56:16Z,1303512026-07-30,13035,2026-07-30,CANCELED,,
2026-07-31T00:56:16Z,1394612026-07-30,13946,2026-07-30,CANCELED,,
2026-07-31T00:56:16Z,1321112026-07-30,13211,2026-07-30,CANCELED,,
2026-07-31T00:56:16Z,1321222026-07-30,13212,2026-07-30,CANCELED,,
2026-07-31T00:56:16Z,1390412026-07-30,13904,2026-07-30,CANCELED,,
2026-07-31T00:56:16Z,1390422026-07-30,13904,2026-07-30,CANCELED,,
2026-07-31T00:56:16Z,1390432026-07-30,13904,2026-07-30,CANCELED,,
2026-07-31T00:56:16Z,1321812026-07-30,13218,2026-07-30,CANCELED,,
2026-07-31T00:56:16Z,3890412026-07-30,38904,2026-07-30,CANCELED,,
2026-07-31T00:56:16Z,1321922026-07-30,13219,2026-07-30,CANCELED,,
2026-07-31T00:56:16Z,1322112026-07-30,13221,2026-07-30,CANCELED,,
2026-07-31T00:56:16Z,1322712026-07-30,13227,2026-07-30,CANCELED,,
2026-07-31T00:56:16Z,1390812026-07-30,13908,2026-07-30,CANCELED,,
2026-07-31T00:56:16Z,1390822026-07-30,13908,2026-07-30,CANCELED,,
2026-07-31T00:56:16Z,1390832026-07-30,13908,2026-07-30,CANCELED,,
2026-07-31T00:56:16Z,1323212026-07-30,13232,2026-07-30,CANCELED,,
2026-07-31T00:56:16Z,3890812026-07-30,38908,2026-07-30,CANCELED,,
2026-07-31T00:56:16Z,1323312026-07-30,13233,2026-07-30,CANCELED,,
2026-07-31T00:56:16Z,1323512026-07-30,13235,2026-07-30,CANCELED,,
2026-07-31T00:56:16Z,1391022026-07-30,13910,2026-07-30,CANCELED,,
2026-07-31T00:56:16Z,1391012026-07-30,13910,2026-07-30,CANCELED,,
2026-07-31T00:56:16Z,0237512026-07-31,02375,2026-07-31,CANCELED,,
2026-07-31T00:56:16Z,0249412026-07-31,02494,2026-07-31,CANCELED,,
2026-07-31T00:56:16Z,0249412026-07-31,02494,2026-07-31,CANCELED,,
2026-07-31T00:56:16Z,1390512026-07-30,13905,2026-07-30,CANCELED,,
2026-07-31T00:56:16Z,1390522026-07-30,13905,2026-07-30,CANCELED,,
2026-07-31T00:56:16Z,1390532026-07-30,13905,2026-07-30,CANCELED,,
2026-07-31T00:56:16Z,0237512026-07-31,02375,2026-07-31,CANCELED,,
2026-07-31T00:56:16Z,3890512026-07-30,38905,2026-07-30,CANCELED,,
2026-07-31T00:56:16Z,3586912026-07-30,35869,2026-07-30,CANCELED,,
2026-07-31T00:56:16Z,1269212026-07-30,12692,2026-07-30,CANCELED,,
2026-07-31T00:56:16Z,1391122026-07-30,13911,2026-07-30,CANCELED,,
2026-07-31T00:56:16Z,1391112026-07-30,13911,2026-07-30,CANCELED,,
2026-07-31T00:56:16Z,1300012026-07-30,13000,2026-07-30,CANCELED,,
2026-07-31T00:56:16Z,1501012026-07-30,15010,2026-07-30,CANCELED,,
2026-07-31T00:56:16Z,1300212026-07-30,13002,2026-07-30,CANCELED,,
2026-07-31T00:56:16Z,1550912026-07-30,15509,2026-07-30,CANCELED,,
2026-07-31T00:56:16Z,1300512026-07-30,13005,2026-07-30,CANCELED,,
2026-07-31T00:56:16Z,1705212026-07-30,17052,2026-07-30,CANCELED,,
2026-07-31T00:56:16Z,1307912026-07-30,13079,2026-07-30,CANCELED,,
2026-07-31T00:56:16Z,1800712026-07-30,18007,2026-07-30,CANCELED,,
2026-07-31T00:56:16Z,1300712026-07-30,13007,2026-07-30,CANCELED,,
2026-07-31T00:56:16Z,3800712026-07-30,38007,2026-07-30,CANCELED,,
2026-07-31T00:56:16Z,1300912026-07-30,13009,2026-07-30,CANCELED,,
2026-07-31T00:56:16Z,1810412026-07-30,18104,2026-07-30,CANCELED,,
2026-07-31T00:56:16Z,1303212026-07-30,13032,2026-07-30,CANCELED,,
2026-07-31T00:56:16Z,3810412026-07-30,38104,2026-07-30,CANCELED,,
2026-07-31T00:56:16Z,1301312026-07-30,13013,2026-07-30,CANCELED,,
2026-07-31T00:56:16Z,1821612026-07-30,18216,2026-07-30,CANCELED,,
2026-07-31T00:56:16Z,1301412026-07-30,13014,2026-07-30,CANCELED,,
2026-07-31T00:56:16Z,1821912026-07-30,18219,2026-07-30,CANCELED,,
2026-07-31T00:56:16Z,3586912026-07-30,35869,2026-07-30,CANCELED,,
2026-07-31T00:56:16Z,1339412026-07-30,13394,2026-07-30,CANCELED,,
2026-07-31T00:56:16Z,1430412026-07-30,14304,2026-07-30,CANCELED,,
2026-07-31T00:56:16Z,1301912026-07-30,13019,2026-07-30,CANCELED,,
2026-07-31T00:56:16Z,1803412026-07-30,18034,2026-07-30,CANCELED,,
2026-07-31T00:56:16Z,1302012026-07-30,13020,2026-07-30,CANCELED,,
2026-07-31T00:56:16Z,1303512026-07-30,13035,2026-07-30,CANCELED,,
2026-07-31T00:56:16Z,3812012026-07-30,38120,2026-07-30,CANCELED,,
2026-07-31T00:56:16Z,1303512026-07-30,13035,2026-07-30,CANCELED,,
2026-07-31T00:56:16Z,1302012026-07-30,13020,2026-07-30,CANCELED,,
2026-07-31T00:56:16Z,1803512026-07-30,18035,2026-07-30,CANCELED,,
2026-07-31T00:56:16Z,1803512026-07-30,18035,2026-07-30,CANCELED,,
2026-07-31T00:56:16Z,1395512026-07-30,13955,2026-07-30,CANCELED,,
2026-07-31T00:56:16Z,1395712026-07-30,13957,2026-07-30,CANCELED,,
2026-07-31T00:56:16Z,1325812026-07-30,13258,2026-07-30,CANCELED,,
2026-07-31T00:56:16Z,7185512026-07-30,71855,2026-07-30,CANCELED,,
2026-07-31T01:01:47Z,1323612026-07-30,13236,2026-07-30,CANCELED,,
2026-07-31T01:01:47Z,1303112026-07-30,13031,2026-07-30,CANCELED,,
2026-07-31T01:01:47Z,1325612026-07-30,13256,2026-07-30,CANCELED,,
2026-07-31T01:01:47Z,1303912026-07-30,13039,2026-07-30,CANCELED,,
2026-07-31T01:01:47Z,1304312026-07-30,13043,2026-07-30,CANCELED,,
2026-07-31T01:01:47Z,1325912026-07-30,13259,2026-07-30,CANCELED,,
2026-07-31T01:01:47Z,1300912026-07-30,13009,2026-07-30,CANCELED,,
2026-07-31T01:01:47Z,1326612026-07-30,13266,2026-07-30,CANCELED,,
2026-07-31T01:01:47Z,3800912026-07-30,38009,2026-07-30,CANCELED,,
2026-07-31T01:01:47Z,1315612026-07-30,13156,2026-07-30,CANCELED,,
2026-07-31T01:01:47Z,1305112026-07-30,13051,2026-07-30,CANCELED,,
2026-07-31T01:01:47Z,1315712026-07-30,13157,2026-07-30,CANCELED,,
2026-07-31T01:01:47Z,1305212026-07-30,13052,2026-07-30,CANCELED,,
2026-07-31T01:01:47Z,1316812026-07-30,13168,2026-07-30,CANCELED,,
2026-07-31T01:01:47Z,1304512026-07-30,13045,2026-07-30,CANCELED,,
2026-07-31T01:01:47Z,1316912026-07-30,13169,2026-07-30,CANCELED,,
2026-07-31T01:01:47Z,1309712026-07-30,13097,2026-07-30,CANCELED,,
2026-07-31T01:01:47Z,1339312026-07-30,13393,2026-07-30,CANCELED,,
2026-07-31T01:01:47Z,1394412026-07-30,13944,2026-07-30,CANCELED,,
2026-07-31T01:01:47Z,1303512026-07-30,13035,2026-07-30,CANCELED,,
2026-07-31T01:01:47Z,1394612026-07-30,13946,2026-07-30,CANCELED,,
2026-07-31T01:01:47Z,1321112026-07-30,13211,2026-07-30,CANCELED,,
2026-07-31T01:01:47Z,1321222026-07-30,13212,2026-07-30,CANCELED,,
2026-07-31T01:01:47Z,1390412026-07-30,13904,2026-07-30,CANCELED,,
2026-07-31T01:01:47Z,1390422026-07-30,13904,2026-07-30,CANCELED,,
2026-07-31T01:01:47Z,1390432026-07-30,13904,2026-07-30,CANCELED,,
2026-07-31T01:01:47Z,1321812026-07-30,13218,2026-07-30,CANCELED,,
2026-07-31T01:01:47Z,3890412026-07-30,38904,2026-07-30,CANCELED,,
2026-07-31T01:01:47Z,1321922026-07-30,13219,2026-07-30,CANCELED,,
2026-07-31T01:01:47Z,1322112026-07-30,13221,2026-07-30,CANCELED,,
2026-07-31T01:01:47Z,1322712026-07-30,13227,2026-07-30,CANCELED,,
2026-07-31T01:01:47Z,1390812026-07-30,13908,2026-07-30,CANCELED,,
2026-07-31T01:01:47Z,1390822026-07-30,13908,2026-07-30,CANCELED,,
2026-07-31T01:01:47Z,1390832026-07-30,13908,2026-07-30,CANCELED,,
2026-07-31T01:01:47Z,1323212026-07-30,13232,2026-07-30,CANCELED,,
2026-07-31T01:01:47Z,3890812026-07-30,38908,2026-07-30,CANCELED,,
2026-07-31T01:01:47Z,1323312026-07-30,13233,2026-07-30,CANCELED,,
2026-07-31T01:01:47Z,1323512026-07-30,13235,2026-07-30,CANCELED,,
2026-07-31T01:01:47Z,1391022026-07-30,13910,2026-07-30,CANCELED,,
2026-07-31T01:01:47Z,1391012026-07-30,13910,2026-07-30,CANCELED,,
2026-07-31T01:01:47Z,0237512026-07-31,02375,2026-07-31,CANCELED,,
2026-07-31T01:01:47Z,0249412026-07-31,02494,2026-07-31,CANCELED,,
2026-07-31T01:01:47Z,0249412026-07-31,02494,2026-07-31,CANCELED,,
2026-07-31T01:01:47Z,1390512026-07-30,13905,2026-07-30,CANCELED,,
2026-07-31T01:01:47Z,1390522026-07-30,13905,2026-07-30,CANCELED,,
2026-07-31T01:01:47Z,1390532026-07-30,13905,2026-07-30,CANCELED,,
2026-07-31T01:01:47Z,0237512026-07-31,02375,2026-07-31,CANCELED,,
2026-07-31T01:01:47Z,3890512026-07-30,38905,2026-07-30,CANCELED,,
2026-07-31T01:01:47Z,3586912026-07-30,35869,2026-07-30,CANCELED,,
2026-07-31T01:01:47Z,1269212026-07-30,12692,2026-07-30,CANCELED,,
2026-07-31T01:01:47Z,1391122026-07-30,13911,2026-07-30,CANCELED,,
2026-07-31T01:01:47Z,1391112026-07-30,13911,2026-07-30,CANCELED,,
2026-07-31T01:01:47Z,1300012026-07-30,13000,2026-07-30,CANCELED,,
2026-07-31T01:01:47Z,1501012026-07-30,15010,2026-07-30,CANCELED,,
2026-07-31T01:01:47Z,1300212026-07-30,13002,2026-07-30,CANCELED,,
2026-07-31T01:01:47Z,1550912026-07-30,15509,2026-07-30,CANCELED,,
2026-07-31T01:01:47Z,1300512026-07-30,13005,2026-07-30,CANCELED,,
2026-07-31T01:01:47Z,1307912026-07-30,13079,2026-07-30,CANCELED,,
2026-07-31T01:01:47Z,1705212026-07-30,17052,2026-07-30,CANCELED,,
2026-07-31T01:01:47Z,1300712026-07-30,13007,2026-07-30,CANCELED,,
2026-07-31T01:01:47Z,1800712026-07-30,18007,2026-07-30,CANCELED,,
2026-07-31T01:01:47Z,1300912026-07-30,13009,2026-07-30,CANCELED,,
2026-07-31T01:01:47Z,3800712026-07-30,38007,2026-07-30,CANCELED,,
2026-07-31T01:01:47Z,1303212026-07-30,13032,2026-07-30,CANCELED,,
2026-07-31T01:01:47Z,1810412026-07-30,18104,2026-07-30,CANCELED,,
2026-07-31T01:01:47Z,1301312026-07-30,13013,2026-07-30,CANCELED,,
2026-07-31T01:01:47Z,3810412026-07-30,38104,2026-07-30,CANCELED,,
2026-07-31T01:01:47Z,1301412026-07-30,13014,2026-07-30,CANCELED,,
2026-07-31T01:01:47Z,1821612026-07-30,18216,2026-07-30,CANCELED,,
2026-07-31T01:01:47Z,1339412026-07-30,13394,2026-07-30,CANCELED,,
2026-07-31T01:01:47Z,1821912026-07-30,18219,2026-07-30,CANCELED,,
2026-07-31T01:01:47Z,1301912026-07-30,13019,2026-07-30,CANCELED,,
2026-07-31T01:01:47Z,3586912026-07-30,35869,2026-07-30,CANCELED,,
2026-07-31T01:01:47Z,1302012026-07-30,13020,2026-07-30,CANCELED,,
2026-07-31T01:01:47Z,1430412026-07-30,14304,2026-07-30,CANCELED,,
2026-07-31T01:01:47Z,3812012026-07-30,38120,2026-07-30,CANCELED,,
2026-07-31T01:01:47Z,1803412026-07-30,18034,2026-07-30,CANCELED,,
2026-07-31T01:01:47Z,1302012026-07-30,13020,2026-07-30,CANCELED,,
2026-07-31T01:01:47Z,1303512026-07-30,13035,2026-07-30,CANCELED,,
2026-07-31T01:01:47Z,1303512026-07-30,13035,2026-07-30,CANCELED,,
2026-07-31T01:01:47Z,1803512026-07-30,18035,2026-07-30,CANCELED,,
2026-07-31T01:01:47Z,1803512026-07-30,18035,2026-07-30,CANCELED,,
2026-07-31T01:01:47Z,1395512026-07-30,13955,2026-07-30,CANCELED,,
2026-07-31T01:01:47Z,1395712026-07-30,13957,2026-07-30,CANCELED,,
2026-07-31T01:01:47Z,1325812026-07-30,13258,2026-07-30,CANCELED,,
2026-07-31T01:01:47Z,7185512026-07-30,71855,2026-07-30,CANCELED,,
2026-07-31T01:06:22Z,1323612026-07-30,13236,2026-07-30,CANCELED,,
2026-07-31T01:06:22Z,1303112026-07-30,13031,2026-07-30,CANCELED,,
2026-07-31T01:06:22Z,1325612026-07-30,13256,2026-07-30,CANCELED,,
2026-07-31T01:06:22Z,1303912026-07-30,13039,2026-07-30,CANCELED,,
2026-07-31T01:06:22Z,1325912026-07-30,13259,2026-07-30,CANCELED,,
2026-07-31T01:06:22Z,1304312026-07-30,13043,2026-07-30,CANCELED,,
2026-07-31T01:06:22Z,1326612026-07-30,13266,2026-07-30,CANCELED,,
2026-07-31T01:06:22Z,1300912026-07-30,13009,2026-07-30,CANCELED,,
2026-07-31T01:06:22Z,1315612026-07-30,13156,2026-07-30,CANCELED,,
2026-07-31T01:06:22Z,3800912026-07-30,38009,2026-07-30,CANCELED,,
2026-07-31T01:06:22Z,1315712026-07-30,13157,2026-07-30,CANCELED,,
2026-07-31T01:06:22Z,1305112026-07-30,13051,2026-07-30,CANCELED,,
2026-07-31T01:06:22Z,1316812026-07-30,13168,2026-07-30,CANCELED,,
2026-07-31T01:06:22Z,1305212026-07-30,13052,2026-07-30,CANCELED,,
2026-07-31T01:06:22Z,1316912026-07-30,13169,2026-07-30,CANCELED,,
2026-07-31T01:06:22Z,1304512026-07-30,13045,2026-07-30,CANCELED,,
2026-07-31T01:06:22Z,1339312026-07-30,13393,2026-07-30,CANCELED,,
2026-07-31T01:06:22Z,1309712026-07-30,13097,2026-07-30,CANCELED,,
2026-07-31T01:06:22Z,1303512026-07-30,13035,2026-07-30,CANCELED,,
2026-07-31T01:06:22Z,1394412026-07-30,13944,2026-07-30,CANCELED,,
2026-07-31T01:06:22Z,1394612026-07-30,13946,2026-07-30,CANCELED,,
2026-07-31T01:06:22Z,1321112026-07-30,13211,2026-07-30,CANCELED,,
2026-07-31T01:06:22Z,1321222026-07-30,13212,2026-07-30,CANCELED,,
2026-07-31T01:06:22Z,1390412026-07-30,13904,2026-07-30,CANCELED,,
2026-07-31T01:06:22Z,1390422026-07-30,13904,2026-07-30,CANCELED,,
2026-07-31T01:06:22Z,1390432026-07-30,13904,2026-07-30,CANCELED,,
2026-07-31T01:06:22Z,1321812026-07-30,13218,2026-07-30,CANCELED,,
2026-07-31T01:06:22Z,3890412026-07-30,38904,2026-07-30,CANCELED,,
2026-07-31T01:06:22Z,1321922026-07-30,13219,2026-07-30,CANCELED,,
2026-07-31T01:06:22Z,1322112026-07-30,13221,2026-07-30,CANCELED,,
2026-07-31T01:06:22Z,1322712026-07-30,13227,2026-07-30,CANCELED,,
2026-07-31T01:06:22Z,1390812026-07-30,13908,2026-07-30,CANCELED,,
2026-07-31T01:06:22Z,1390822026-07-30,13908,2026-07-30,CANCELED,,
2026-07-31T01:06:22Z,1390832026-07-30,13908,2026-07-30,CANCELED,,
2026-07-31T01:06:22Z,1323212026-07-30,13232,2026-07-30,CANCELED,,
2026-07-31T01:06:22Z,3890812026-07-30,38908,2026-07-30,CANCELED,,
2026-07-31T01:06:22Z,1323312026-07-30,13233,2026-07-30,CANCELED,,
2026-07-31T01:06:22Z,1391022026-07-30,13910,2026-07-30,CANCELED,,
2026-07-31T01:06:22Z,1391012026-07-30,13910,2026-07-30,CANCELED,,
2026-07-31T01:06:22Z,1323512026-07-30,13235,2026-07-30,CANCELED,,
2026-07-31T01:06:22Z,0237512026-07-31,02375,2026-07-31,CANCELED,,
2026-07-31T01:06:22Z,0249412026-07-31,02494,2026-07-31,CANCELED,,
2026-07-31T01:06:22Z,0249412026-07-31,02494,2026-07-31,CANCELED,,
2026-07-31T01:06:22Z,1390512026-07-30,13905,2026-07-30,CANCELED,,
2026-07-31T01:06:22Z,1390522026-07-30,13905,2026-07-30,CANCELED,,
2026-07-31T01:06:22Z,1390532026-07-30,13905,2026-07-30,CANCELED,,
2026-07-31T01:06:22Z,3890512026-07-30,38905,2026-07-30,CANCELED,,
2026-07-31T01:06:22Z,0237512026-07-31,02375,2026-07-31,CANCELED,,
2026-07-31T01:06:22Z,3586912026-07-30,35869,2026-07-30,CANCELED,,
2026-07-31T01:06:22Z,1269212026-07-30,12692,2026-07-30,CANCELED,,
2026-07-31T01:06:22Z,1391122026-07-30,13911,2026-07-30,CANCELED,,
2026-07-31T01:06:22Z,1391112026-07-30,13911,2026-07-30,CANCELED,,
2026-07-31T01:06:22Z,1300012026-07-30,13000,2026-07-30,CANCELED,,
2026-07-31T01:06:22Z,1501012026-07-30,15010,2026-07-30,CANCELED,,
2026-07-31T01:06:22Z,1300212026-07-30,13002,2026-07-30,CANCELED,,
2026-07-31T01:06:22Z,1550912026-07-30,15509,2026-07-30,CANCELED,,
2026-07-31T01:06:22Z,1300512026-07-30,13005,2026-07-30,CANCELED,,
2026-07-31T01:06:22Z,1705212026-07-30,17052,2026-07-30,CANCELED,,
2026-07-31T01:06:22Z,1307912026-07-30,13079,2026-07-30,CANCELED,,
2026-07-31T01:06:22Z,1800712026-07-30,18007,2026-07-30,CANCELED,,
2026-07-31T01:06:22Z,1300712026-07-30,13007,2026-07-30,CANCELED,,
2026-07-31T01:06:22Z,3800712026-07-30,38007,2026-07-30,CANCELED,,
2026-07-31T01:06:22Z,1300912026-07-30,13009,2026-07-30,CANCELED,,
2026-07-31T01:06:22Z,1810412026-07-30,18104,2026-07-30,CANCELED,,
2026-07-31T01:06:22Z,3810412026-07-30,38104,2026-07-30,CANCELED,,
2026-07-31T01:06:22Z,1303212026-07-30,13032,2026-07-30,CANCELED,,
2026-07-31T01:06:22Z,1821612026-07-30,18216,2026-07-30,CANCELED,,
2026-07-31T01:06:22Z,1301312026-07-30,13013,2026-07-30,CANCELED,,
2026-07-31T01:06:22Z,1301412026-07-30,13014,2026-07-30,CANCELED,,
2026-07-31T01:06:22Z,1821912026-07-30,18219,2026-07-30,CANCELED,,
2026-07-31T01:06:22Z,1339412026-07-30,13394,2026-07-30,CANCELED,,
2026-07-31T01:06:22Z,3586912026-07-30,35869,2026-07-30,CANCELED,,
2026-07-31T01:06:22Z,1301912026-07-30,13019,2026-07-30,CANCELED,,
2026-07-31T01:06:22Z,1430412026-07-30,14304,2026-07-30,CANCELED,,
2026-07-31T01:06:22Z,1803412026-07-30,18034,2026-07-30,CANCELED,,
2026-07-31T01:06:22Z,1302012026-07-30,13020,2026-07-30,CANCELED,,
2026-07-31T01:06:22Z,1303512026-07-30,13035,2026-07-30,CANCELED,,
2026-07-31T01:06:22Z,3812012026-07-30,38120,2026-07-30,CANCELED,,
2026-07-31T01:06:22Z,1303512026-07-30,13035,2026-07-30,CANCELED,,
2026-07-31T01:06:22Z,1302012026-07-30,13020,2026-07-30,CANCELED,,
2026-07-31T01:06:22Z,1803512026-07-30,18035,2026-07-30,CANCELED,,
2026-07-31T01:06:22Z,1803512026-07-30,18035,2026-07-30,CANCELED,,
2026-07-31T01:06:22Z,1395512026-07-30,13955,2026-07-30,CANCELED,,
2026-07-31T01:06:22Z,1395712026-07-30,13957,2026-07-30,CANCELED,,
2026-07-31T01:06:22Z,1325812026-07-30,13258,2026-07-30,CANCELED,,
2026-07-31T01:06:22Z,7185512026-07-30,71855,2026-07-30,CANCELED,,
2026-07-31T01:11:20Z,1323612026-07-30,13236,2026-07-30,CANCELED,,
2026-07-31T01:11:20Z,1303112026-07-30,13031,2026-07-30,CANCELED,,
2026-07-31T01:11:20Z,1325612026-07-30,13256,2026-07-30,CANCELED,,
2026-07-31T01:11:20Z,1303912026-07-30,13039,2026-07-30,CANCELED,,
2026-07-31T01:11:20Z,1325912026-07-30,13259,2026-07-30,CANCELED,,
2026-07-31T01:11:20Z,1304312026-07-30,13043,2026-07-30,CANCELED,,
2026-07-31T01:11:20Z,1326612026-07-30,13266,2026-07-30,CANCELED,,
2026-07-31T01:11:20Z,1300912026-07-30,13009,2026-07-30,CANCELED,,
2026-07-31T01:11:20Z,1315612026-07-30,13156,2026-07-30,CANCELED,,
2026-07-31T01:11:20Z,3800912026-07-30,38009,2026-07-30,CANCELED,,
2026-07-31T01:11:20Z,1315712026-07-30,13157,2026-07-30,CANCELED,,
2026-07-31T01:11:20Z,1305112026-07-30,13051,2026-07-30,CANCELED,,
2026-07-31T01:11:20Z,1316812026-07-30,13168,2026-07-30,CANCELED,,
2026-07-31T01:11:20Z,1305212026-07-30,13052,2026-07-30,CANCELED,,
2026-07-31T01:11:20Z,1316912026-07-30,13169,2026-07-30,CANCELED,,
2026-07-31T01:11:20Z,1304512026-07-30,13045,2026-07-30,CANCELED,,
2026-07-31T01:11:20Z,1339312026-07-30,13393,2026-07-30,CANCELED,,
2026-07-31T01:11:20Z,1309712026-07-30,13097,2026-07-30,CANCELED,,
2026-07-31T01:11:20Z,1303512026-07-30,13035,2026-07-30,CANCELED,,
2026-07-31T01:11:20Z,1394412026-07-30,13944,2026-07-30,CANCELED,,
2026-07-31T01:11:20Z,1394612026-07-30,13946,2026-07-30,CANCELED,,
2026-07-31T01:11:20Z,1321112026-07-30,13211,2026-07-30,CANCELED,,
2026-07-31T01:11:20Z,1390412026-07-30,13904,2026-07-30,CANCELED,,
2026-07-31T01:11:20Z,1390422026-07-30,13904,2026-07-30,CANCELED,,
2026-07-31T01:11:20Z,1390432026-07-30,13904,2026-07-30,CANCELED,,
2026-07-31T01:11:20Z,1321222026-07-30,13212,2026-07-30,CANCELED,,
2026-07-31T01:11:20Z,3890412026-07-30,38904,2026-07-30,CANCELED,,
2026-07-31T01:11:20Z,1321812026-07-30,13218,2026-07-30,CANCELED,,
2026-07-31T01:11:20Z,1321922026-07-30,13219,2026-07-30,CANCELED,,
2026-07-31T01:11:20Z,1322112026-07-30,13221,2026-07-30,CANCELED,,
2026-07-31T01:11:20Z,1390812026-07-30,13908,2026-07-30,CANCELED,,
2026-07-31T01:11:20Z,1390822026-07-30,13908,2026-07-30,CANCELED,,
2026-07-31T01:11:20Z,1390832026-07-30,13908,2026-07-30,CANCELED,,
2026-07-31T01:11:20Z,1322712026-07-30,13227,2026-07-30,CANCELED,,
2026-07-31T01:11:20Z,3890812026-07-30,38908,2026-07-30,CANCELED,,
2026-07-31T01:11:20Z,1323212026-07-30,13232,2026-07-30,CANCELED,,
2026-07-31T01:11:20Z,1323312026-07-30,13233,2026-07-30,CANCELED,,
2026-07-31T01:11:20Z,1391022026-07-30,13910,2026-07-30,CANCELED,,
2026-07-31T01:11:20Z,1391012026-07-30,13910,2026-07-30,CANCELED,,
2026-07-31T01:11:20Z,1323512026-07-30,13235,2026-07-30,CANCELED,,
2026-07-31T01:11:20Z,0237512026-07-31,02375,2026-07-31,CANCELED,,
2026-07-31T01:11:20Z,1390512026-07-30,13905,2026-07-30,CANCELED,,
2026-07-31T01:11:20Z,1390522026-07-30,13905,2026-07-30,CANCELED,,
2026-07-31T01:11:20Z,1390532026-07-30,13905,2026-07-30,CANCELED,,
2026-07-31T01:11:20Z,0249412026-07-31,02494,2026-07-31,CANCELED,,
2026-07-31T01:11:20Z,3890512026-07-30,38905,2026-07-30,CANCELED,,
2026-07-31T01:11:20Z,0249412026-07-31,02494,2026-07-31,CANCELED,,
2026-07-31T01:11:20Z,0237512026-07-31,02375,2026-07-31,CANCELED,,
2026-07-31T01:11:20Z,3586912026-07-30,35869,2026-07-30,CANCELED,,
2026-07-31T01:11:20Z,1391122026-07-30,13911,2026-07-30,CANCELED,,
2026-07-31T01:11:20Z,1391112026-07-30,13911,2026-07-30,CANCELED,,
2026-07-31T01:11:20Z,1269212026-07-30,12692,2026-07-30,CANCELED,,
2026-07-31T01:11:20Z,1501012026-07-30,15010,2026-07-30,CANCELED,,
2026-07-31T01:11:20Z,1550912026-07-30,15509,2026-07-30,CANCELED,,
2026-07-31T01:11:20Z,1300012026-07-30,13000,2026-07-30,CANCELED,,
2026-07-31T01:11:20Z,1300212026-07-30,13002,2026-07-30,CANCELED,,
2026-07-31T01:11:20Z,1705212026-07-30,17052,2026-07-30,CANCELED,,
2026-07-31T01:11:20Z,1300512026-07-30,13005,2026-07-30,CANCELED,,
2026-07-31T01:11:20Z,1800712026-07-30,18007,2026-07-30,CANCELED,,
2026-07-31T01:11:20Z,1307912026-07-30,13079,2026-07-30,CANCELED,,
2026-07-31T01:11:20Z,3800712026-07-30,38007,2026-07-30,CANCELED,,
2026-07-31T01:11:20Z,1300712026-07-30,13007,2026-07-30,CANCELED,,
2026-07-31T01:11:20Z,1810412026-07-30,18104,2026-07-30,CANCELED,,
2026-07-31T01:11:20Z,1300912026-07-30,13009,2026-07-30,CANCELED,,
2026-07-31T01:11:20Z,3810412026-07-30,38104,2026-07-30,CANCELED,,
2026-07-31T01:11:20Z,1303212026-07-30,13032,2026-07-30,CANCELED,,
2026-07-31T01:11:20Z,1821612026-07-30,18216,2026-07-30,CANCELED,,
2026-07-31T01:11:20Z,1301312026-07-30,13013,2026-07-30,CANCELED,,
2026-07-31T01:11:20Z,1821912026-07-30,18219,2026-07-30,CANCELED,,
2026-07-31T01:11:20Z,1301412026-07-30,13014,2026-07-30,CANCELED,,
2026-07-31T01:11:20Z,3586912026-07-30,35869,2026-07-30,CANCELED,,
2026-07-31T01:11:20Z,1339412026-07-30,13394,2026-07-30,CANCELED,,
2026-07-31T01:11:20Z,1430412026-07-30,14304,2026-07-30,CANCELED,,
2026-07-31T01:11:20Z,1803412026-07-30,18034,2026-07-30,CANCELED,,
2026-07-31T01:11:20Z,1301912026-07-30,13019,2026-07-30,CANCELED,,
2026-07-31T01:11:20Z,1303512026-07-30,13035,2026-07-30,CANCELED,,
2026-07-31T01:11:20Z,1302012026-07-30,13020,2026-07-30,CANCELED,,
2026-07-31T01:11:20Z,1303512026-07-30,13035,2026-07-30,CANCELED,,
2026-07-31T01:11:20Z,3812012026-07-30,38120,2026-07-30,CANCELED,,
2026-07-31T01:11:20Z,1803512026-07-30,18035,2026-07-30,CANCELED,,
2026-07-31T01:11:20Z,1302012026-07-30,13020,2026-07-30,CANCELED,,
2026-07-31T01:11:20Z,1803512026-07-30,18035,2026-07-30,CANCELED,,
2026-07-31T01:11:20Z,1395512026-07-30,13955,2026-07-30,CANCELED,,
2026-07-31T01:11:20Z,1395712026-07-30,13957,2026-07-30,CANCELED,,
2026-07-31T01:11:20Z,1325812026-07-30,13258,2026-07-30,CANCELED,,
2026-07-31T01:11:20Z,7185512026-07-30,71855,2026-07-30,CANCELED,,
2026-07-31T01:13:27Z,1303112026-07-30,13031,2026-07-30,CANCELED,,
2026-07-31T01:13:27Z,1323612026-07-30,13236,2026-07-30,CANCELED,,
2026-07-31T01:13:27Z,1303912026-07-30,13039,2026-07-30,CANCELED,,
2026-07-31T01:13:27Z,1325612026-07-30,13256,2026-07-30,CANCELED,,
2026-07-31T01:13:27Z,1304312026-07-30,13043,2026-07-30,CANCELED,,
2026-07-31T01:13:27Z,1325912026-07-30,13259,2026-07-30,CANCELED,,
2026-07-31T01:13:27Z,1300912026-07-30,13009,2026-07-30,CANCELED,,
2026-07-31T01:13:27Z,1326612026-07-30,13266,2026-07-30,CANCELED,,
2026-07-31T01:13:27Z,3800912026-07-30,38009,2026-07-30,CANCELED,,
2026-07-31T01:13:27Z,1315612026-07-30,13156,2026-07-30,CANCELED,,
2026-07-31T01:13:27Z,1315712026-07-30,13157,2026-07-30,CANCELED,,
2026-07-31T01:13:27Z,1305112026-07-30,13051,2026-07-30,CANCELED,,
2026-07-31T01:13:27Z,1316812026-07-30,13168,2026-07-30,CANCELED,,
2026-07-31T01:13:27Z,1305212026-07-30,13052,2026-07-30,CANCELED,,
2026-07-31T01:13:27Z,1304512026-07-30,13045,2026-07-30,CANCELED,,
2026-07-31T01:13:27Z,1316912026-07-30,13169,2026-07-30,CANCELED,,
2026-07-31T01:13:27Z,1339312026-07-30,13393,2026-07-30,CANCELED,,
2026-07-31T01:13:27Z,1309712026-07-30,13097,2026-07-30,CANCELED,,
2026-07-31T01:13:27Z,1303512026-07-30,13035,2026-07-30,CANCELED,,
2026-07-31T01:13:27Z,1394412026-07-30,13944,2026-07-30,CANCELED,,
2026-07-31T01:13:27Z,1394612026-07-30,13946,2026-07-30,CANCELED,,
2026-07-31T01:13:27Z,1321112026-07-30,13211,2026-07-30,CANCELED,,
2026-07-31T01:13:27Z,1390412026-07-30,13904,2026-07-30,CANCELED,,
2026-07-31T01:13:27Z,1390422026-07-30,13904,2026-07-30,CANCELED,,
2026-07-31T01:13:27Z,1390432026-07-30,13904,2026-07-30,CANCELED,,
2026-07-31T01:13:27Z,1321222026-07-30,13212,2026-07-30,CANCELED,,
2026-07-31T01:13:27Z,3890412026-07-30,38904,2026-07-30,CANCELED,,
2026-07-31T01:13:27Z,1321812026-07-30,13218,2026-07-30,CANCELED,,
2026-07-31T01:13:27Z,1321922026-07-30,13219,2026-07-30,CANCELED,,
2026-07-31T01:13:27Z,1322112026-07-30,13221,2026-07-30,CANCELED,,
2026-07-31T01:13:27Z,1390812026-07-30,13908,2026-07-30,CANCELED,,
2026-07-31T01:13:27Z,1390822026-07-30,13908,2026-07-30,CANCELED,,
2026-07-31T01:13:27Z,1390832026-07-30,13908,2026-07-30,CANCELED,,
2026-07-31T01:13:27Z,1322712026-07-30,13227,2026-07-30,CANCELED,,
2026-07-31T01:13:27Z,3890812026-07-30,38908,2026-07-30,CANCELED,,
2026-07-31T01:13:27Z,1323212026-07-30,13232,2026-07-30,CANCELED,,
2026-07-31T01:13:27Z,1323312026-07-30,13233,2026-07-30,CANCELED,,
2026-07-31T01:13:27Z,1391022026-07-30,13910,2026-07-30,CANCELED,,
2026-07-31T01:13:27Z,1391012026-07-30,13910,2026-07-30,CANCELED,,
2026-07-31T01:13:27Z,1323512026-07-30,13235,2026-07-30,CANCELED,,
2026-07-31T01:13:27Z,0237512026-07-31,02375,2026-07-31,CANCELED,,
2026-07-31T01:13:27Z,1390512026-07-30,13905,2026-07-30,CANCELED,,
2026-07-31T01:13:27Z,1390522026-07-30,13905,2026-07-30,CANCELED,,
2026-07-31T01:13:27Z,1390532026-07-30,13905,2026-07-30,CANCELED,,
2026-07-31T01:13:27Z,0249412026-07-31,02494,2026-07-31,CANCELED,,
2026-07-31T01:13:27Z,3890512026-07-30,38905,2026-07-30,CANCELED,,
2026-07-31T01:13:27Z,0249412026-07-31,02494,2026-07-31,CANCELED,,
2026-07-31T01:13:27Z,0237512026-07-31,02375,2026-07-31,CANCELED,,
2026-07-31T01:13:27Z,1391122026-07-30,13911,2026-07-30,CANCELED,,
2026-07-31T01:13:27Z,1391112026-07-30,13911,2026-07-30,CANCELED,,
2026-07-31T01:13:27Z,3586912026-07-30,35869,2026-07-30,CANCELED,,
2026-07-31T01:13:27Z,1501012026-07-30,15010,2026-07-30,CANCELED,,
2026-07-31T01:13:27Z,1269212026-07-30,12692,2026-07-30,CANCELED,,
2026-07-31T01:13:27Z,1550912026-07-30,15509,2026-07-30,CANCELED,,
2026-07-31T01:13:27Z,1300012026-07-30,13000,2026-07-30,CANCELED,,
2026-07-31T01:13:27Z,1300212026-07-30,13002,2026-07-30,CANCELED,,
2026-07-31T01:13:27Z,1705212026-07-30,17052,2026-07-30,CANCELED,,
2026-07-31T01:13:27Z,1300512026-07-30,13005,2026-07-30,CANCELED,,
2026-07-31T01:13:27Z,1800712026-07-30,18007,2026-07-30,CANCELED,,
2026-07-31T01:13:27Z,1307912026-07-30,13079,2026-07-30,CANCELED,,
2026-07-31T01:13:27Z,3800712026-07-30,38007,2026-07-30,CANCELED,,
2026-07-31T01:13:27Z,1300712026-07-30,13007,2026-07-30,CANCELED,,
2026-07-31T01:13:27Z,1810412026-07-30,18104,2026-07-30,CANCELED,,
2026-07-31T01:13:27Z,1300912026-07-30,13009,2026-07-30,CANCELED,,
2026-07-31T01:13:27Z,3810412026-07-30,38104,2026-07-30,CANCELED,,
2026-07-31T01:13:27Z,1821612026-07-30,18216,2026-07-30,CANCELED,,
2026-07-31T01:13:27Z,1303212026-07-30,13032,2026-07-30,CANCELED,,
2026-07-31T01:13:27Z,1821912026-07-30,18219,2026-07-30,CANCELED,,
2026-07-31T01:13:27Z,1301312026-07-30,13013,2026-07-30,CANCELED,,
2026-07-31T01:13:27Z,3586912026-07-30,35869,2026-07-30,CANCELED,,
2026-07-31T01:13:27Z,1301412026-07-30,13014,2026-07-30,CANCELED,,
2026-07-31T01:13:27Z,1430412026-07-30,14304,2026-07-30,CANCELED,,
2026-07-31T01:13:27Z,1339412026-07-30,13394,2026-07-30,CANCELED,,
2026-07-31T01:13:27Z,1803412026-07-30,18034,2026-07-30,CANCELED,,
2026-07-31T01:13:27Z,1301912026-07-30,13019,2026-07-30,CANCELED,,
2026-07-31T01:13:27Z,1303512026-07-30,13035,2026-07-30,CANCELED,,
2026-07-31T01:13:27Z,1302012026-07-30,13020,2026-07-30,CANCELED,,
2026-07-31T01:13:27Z,1303512026-07-30,13035,2026-07-30,CANCELED,,
2026-07-31T01:13:27Z,3812012026-07-30,38120,2026-07-30,CANCELED,,
2026-07-31T01:13:27Z,1803512026-07-30,18035,2026-07-30,CANCELED,,
2026-07-31T01:13:27Z,1302012026-07-30,13020,2026-07-30,CANCELED,,
2026-07-31T01:13:27Z,1803512026-07-30,18035,2026-07-30,CANCELED,,
2026-07-31T01:13:27Z,1395512026-07-30,13955,2026-07-30,CANCELED,,
2026-07-31T01:13:27Z,1395712026-07-30,13957,2026-07-30,CANCELED,,
2026-07-31T01:13:27Z,1325812026-07-30,13258,2026-07-30,CANCELED,,
2026-07-31T01:13:27Z,7185512026-07-30,71855,2026-07-30,CANCELED,,
2026-07-31T01:16:29Z,1323612026-07-30,13236,2026-07-30,CANCELED,,
2026-07-31T01:16:29Z,1303112026-07-30,13031,2026-07-30,CANCELED,,
2026-07-31T01:16:29Z,1325612026-07-30,13256,2026-07-30,CANCELED,,
2026-07-31T01:16:29Z,1303912026-07-30,13039,2026-07-30,CANCELED,,
2026-07-31T01:16:29Z,1325912026-07-30,13259,2026-07-30,CANCELED,,
2026-07-31T01:16:29Z,1304312026-07-30,13043,2026-07-30,CANCELED,,
2026-07-31T01:16:29Z,1326612026-07-30,13266,2026-07-30,CANCELED,,
2026-07-31T01:16:29Z,1300912026-07-30,13009,2026-07-30,CANCELED,,
2026-07-31T01:16:29Z,1315612026-07-30,13156,2026-07-30,CANCELED,,
2026-07-31T01:16:29Z,3800912026-07-30,38009,2026-07-30,CANCELED,,
2026-07-31T01:16:29Z,1315712026-07-30,13157,2026-07-30,CANCELED,,
2026-07-31T01:16:29Z,1305112026-07-30,13051,2026-07-30,CANCELED,,
2026-07-31T01:16:29Z,1316812026-07-30,13168,2026-07-30,CANCELED,,
2026-07-31T01:16:29Z,1305212026-07-30,13052,2026-07-30,CANCELED,,
2026-07-31T01:16:29Z,1316912026-07-30,13169,2026-07-30,CANCELED,,
2026-07-31T01:16:29Z,1304512026-07-30,13045,2026-07-30,CANCELED,,
2026-07-31T01:16:29Z,1309712026-07-30,13097,2026-07-30,CANCELED,,
2026-07-31T01:16:29Z,1339312026-07-30,13393,2026-07-30,CANCELED,,
2026-07-31T01:16:29Z,1394412026-07-30,13944,2026-07-30,CANCELED,,
2026-07-31T01:16:29Z,1303512026-07-30,13035,2026-07-30,CANCELED,,
2026-07-31T01:16:29Z,1394612026-07-30,13946,2026-07-30,CANCELED,,
2026-07-31T01:16:29Z,1321112026-07-30,13211,2026-07-30,CANCELED,,
2026-07-31T01:16:29Z,1390412026-07-30,13904,2026-07-30,CANCELED,,
2026-07-31T01:16:29Z,1390422026-07-30,13904,2026-07-30,CANCELED,,
2026-07-31T01:16:29Z,1390432026-07-30,13904,2026-07-30,CANCELED,,
2026-07-31T01:16:29Z,1321222026-07-30,13212,2026-07-30,CANCELED,,
2026-07-31T01:16:29Z,3890412026-07-30,38904,2026-07-30,CANCELED,,
2026-07-31T01:16:29Z,1321812026-07-30,13218,2026-07-30,CANCELED,,
2026-07-31T01:16:29Z,1321922026-07-30,13219,2026-07-30,CANCELED,,
2026-07-31T01:16:29Z,1322112026-07-30,13221,2026-07-30,CANCELED,,
2026-07-31T01:16:29Z,1390812026-07-30,13908,2026-07-30,CANCELED,,
2026-07-31T01:16:29Z,1390822026-07-30,13908,2026-07-30,CANCELED,,
2026-07-31T01:16:29Z,1390832026-07-30,13908,2026-07-30,CANCELED,,
2026-07-31T01:16:29Z,1322712026-07-30,13227,2026-07-30,CANCELED,,
2026-07-31T01:16:29Z,3890812026-07-30,38908,2026-07-30,CANCELED,,
2026-07-31T01:16:29Z,1323212026-07-30,13232,2026-07-30,CANCELED,,
2026-07-31T01:16:29Z,1323312026-07-30,13233,2026-07-30,CANCELED,,
2026-07-31T01:16:29Z,1391022026-07-30,13910,2026-07-30,CANCELED,,
2026-07-31T01:16:29Z,1391012026-07-30,13910,2026-07-30,CANCELED,,
2026-07-31T01:16:29Z,1323512026-07-30,13235,2026-07-30,CANCELED,,
2026-07-31T01:16:29Z,0237512026-07-31,02375,2026-07-31,CANCELED,,
2026-07-31T01:16:29Z,0249412026-07-31,02494,2026-07-31,CANCELED,,
2026-07-31T01:16:29Z,1390512026-07-30,13905,2026-07-30,CANCELED,,
2026-07-31T01:16:29Z,1390522026-07-30,13905,2026-07-30,CANCELED,,
2026-07-31T01:16:29Z,1390532026-07-30,13905,2026-07-30,CANCELED,,
2026-07-31T01:16:29Z,0249412026-07-31,02494,2026-07-31,CANCELED,,
2026-07-31T01:16:29Z,3890512026-07-30,38905,2026-07-30,CANCELED,,
2026-07-31T01:16:29Z,0237512026-07-31,02375,2026-07-31,CANCELED,,
2026-07-31T01:16:29Z,3586912026-07-30,35869,2026-07-30,CANCELED,,
2026-07-31T01:16:29Z,1391122026-07-30,13911,2026-07-30,CANCELED,,
2026-07-31T01:16:29Z,1391112026-07-30,13911,2026-07-30,CANCELED,,
2026-07-31T01:16:29Z,1269212026-07-30,12692,2026-07-30,CANCELED,,
2026-07-31T01:16:29Z,1501012026-07-30,15010,2026-07-30,CANCELED,,
2026-07-31T01:16:29Z,1300012026-07-30,13000,2026-07-30,CANCELED,,
2026-07-31T01:16:29Z,1550912026-07-30,15509,2026-07-30,CANCELED,,
2026-07-31T01:16:29Z,1300212026-07-30,13002,2026-07-30,CANCELED,,
2026-07-31T01:16:29Z,1705212026-07-30,17052,2026-07-30,CANCELED,,
2026-07-31T01:16:29Z,1300512026-07-30,13005,2026-07-30,CANCELED,,
2026-07-31T01:16:29Z,1800712026-07-30,18007,2026-07-30,CANCELED,,
2026-07-31T01:16:29Z,1307912026-07-30,13079,2026-07-30,CANCELED,,
2026-07-31T01:16:29Z,3800712026-07-30,38007,2026-07-30,CANCELED,,
2026-07-31T01:16:29Z,1300712026-07-30,13007,2026-07-30,CANCELED,,
2026-07-31T01:16:29Z,1810412026-07-30,18104,2026-07-30,CANCELED,,
2026-07-31T01:16:29Z,1300912026-07-30,13009,2026-07-30,CANCELED,,
2026-07-31T01:16:29Z,3810412026-07-30,38104,2026-07-30,CANCELED,,
2026-07-31T01:16:29Z,1303212026-07-30,13032,2026-07-30,CANCELED,,
2026-07-31T01:16:29Z,1821612026-07-30,18216,2026-07-30,CANCELED,,
2026-07-31T01:16:29Z,1301312026-07-30,13013,2026-07-30,CANCELED,,
2026-07-31T01:16:29Z,1821912026-07-30,18219,2026-07-30,CANCELED,,
2026-07-31T01:16:29Z,1301412026-07-30,13014,2026-07-30,CANCELED,,
2026-07-31T01:16:29Z,3586912026-07-30,35869,2026-07-30,CANCELED,,
2026-07-31T01:16:29Z,1339412026-07-30,13394,2026-07-30,CANCELED,,
2026-07-31T01:16:29Z,1430412026-07-30,14304,2026-07-30,CANCELED,,
2026-07-31T01:16:29Z,1301912026-07-30,13019,2026-07-30,CANCELED,,
2026-07-31T01:16:29Z,1803412026-07-30,18034,2026-07-30,CANCELED,,
2026-07-31T01:16:29Z,1302012026-07-30,13020,2026-07-30,CANCELED,,
2026-07-31T01:16:29Z,1303512026-07-30,13035,2026-07-30,CANCELED,,
2026-07-31T01:16:29Z,3812012026-07-30,38120,2026-07-30,CANCELED,,
2026-07-31T01:16:29Z,1303512026-07-30,13035,2026-07-30,CANCELED,,
2026-07-31T01:16:29Z,1302012026-07-30,13020,2026-07-30,CANCELED,,
2026-07-31T01:16:29Z,1803512026-07-30,18035,2026-07-30,CANCELED,,
2026-07-31T01:16:29Z,1803512026-07-30,18035,2026-07-30,CANCELED,,
2026-07-31T01:16:29Z,1395512026-07-30,13955,2026-07-30,CANCELED,,
2026-07-31T01:16:29Z,1395712026-07-30,13957,2026-07-30,CANCELED,,
2026-07-31T01:16:29Z,1325812026-07-30,13258,2026-07-30,CANCELED,,
2026-07-31T01:16:29Z,7185512026-07-30,71855,2026-07-30,CANCELED,,
2026-07-31T01:21:19Z,1323612026-07-30,13236,2026-07-30,CANCELED,,
2026-07-31T01:21:19Z,1303112026-07-30,13031,2026-07-30,CANCELED,,
2026-07-31T01:21:19Z,1303912026-07-30,13039,2026-07-30,CANCELED,,
2026-07-31T01:21:19Z,1325612026-07-30,13256,2026-07-30,CANCELED,,
2026-07-31T01:21:19Z,1325912026-07-30,13259,2026-07-30,CANCELED,,
2026-07-31T01:21:19Z,1304312026-07-30,13043,2026-07-30,CANCELED,,
2026-07-31T01:21:19Z,1326612026-07-30,13266,2026-07-30,CANCELED,,
2026-07-31T01:21:19Z,1300912026-07-30,13009,2026-07-30,CANCELED,,
2026-07-31T01:21:19Z,1315612026-07-30,13156,2026-07-30,CANCELED,,
2026-07-31T01:21:19Z,3800912026-07-30,38009,2026-07-30,CANCELED,,
2026-07-31T01:21:19Z,1315712026-07-30,13157,2026-07-30,CANCELED,,
2026-07-31T01:21:19Z,1305112026-07-30,13051,2026-07-30,CANCELED,,
2026-07-31T01:21:19Z,1316812026-07-30,13168,2026-07-30,CANCELED,,
2026-07-31T01:21:19Z,1305212026-07-30,13052,2026-07-30,CANCELED,,
2026-07-31T01:21:19Z,1316912026-07-30,13169,2026-07-30,CANCELED,,
2026-07-31T01:21:19Z,1304512026-07-30,13045,2026-07-30,CANCELED,,
2026-07-31T01:21:19Z,1339312026-07-30,13393,2026-07-30,CANCELED,,
2026-07-31T01:21:19Z,1309712026-07-30,13097,2026-07-30,CANCELED,,
2026-07-31T01:21:19Z,1303512026-07-30,13035,2026-07-30,CANCELED,,
2026-07-31T01:21:19Z,1394412026-07-30,13944,2026-07-30,CANCELED,,
2026-07-31T01:21:19Z,1394612026-07-30,13946,2026-07-30,CANCELED,,
2026-07-31T01:21:19Z,1321112026-07-30,13211,2026-07-30,CANCELED,,
2026-07-31T01:21:19Z,1390412026-07-30,13904,2026-07-30,CANCELED,,
2026-07-31T01:21:19Z,1390422026-07-30,13904,2026-07-30,CANCELED,,
2026-07-31T01:21:19Z,1390432026-07-30,13904,2026-07-30,CANCELED,,
2026-07-31T01:21:19Z,1321222026-07-30,13212,2026-07-30,CANCELED,,
2026-07-31T01:21:19Z,3890412026-07-30,38904,2026-07-30,CANCELED,,
2026-07-31T01:21:19Z,1321812026-07-30,13218,2026-07-30,CANCELED,,
2026-07-31T01:21:19Z,1321922026-07-30,13219,2026-07-30,CANCELED,,
2026-07-31T01:21:19Z,1322112026-07-30,13221,2026-07-30,CANCELED,,
2026-07-31T01:21:19Z,1390812026-07-30,13908,2026-07-30,CANCELED,,
2026-07-31T01:21:19Z,1390822026-07-30,13908,2026-07-30,CANCELED,,
2026-07-31T01:21:19Z,1390832026-07-30,13908,2026-07-30,CANCELED,,
2026-07-31T01:21:19Z,1322712026-07-30,13227,2026-07-30,CANCELED,,
2026-07-31T01:21:19Z,3890812026-07-30,38908,2026-07-30,CANCELED,,
2026-07-31T01:21:19Z,1323212026-07-30,13232,2026-07-30,CANCELED,,
2026-07-31T01:21:19Z,1323312026-07-30,13233,2026-07-30,CANCELED,,
2026-07-31T01:21:19Z,1391022026-07-30,13910,2026-07-30,CANCELED,,
2026-07-31T01:21:19Z,1391012026-07-30,13910,2026-07-30,CANCELED,,
2026-07-31T01:21:19Z,1323512026-07-30,13235,2026-07-30,CANCELED,,
2026-07-31T01:21:19Z,0237512026-07-31,02375,2026-07-31,CANCELED,,
2026-07-31T01:21:19Z,0249412026-07-31,02494,2026-07-31,CANCELED,,
2026-07-31T01:21:19Z,1390512026-07-30,13905,2026-07-30,CANCELED,,
2026-07-31T01:21:19Z,1390522026-07-30,13905,2026-07-30,CANCELED,,
2026-07-31T01:21:19Z,1390532026-07-30,13905,2026-07-30,CANCELED,,
2026-07-31T01:21:19Z,0249412026-07-31,02494,2026-07-31,CANCELED,,
2026-07-31T01:21:19Z,3890512026-07-30,38905,2026-07-30,CANCELED,,
2026-07-31T01:21:19Z,0237512026-07-31,02375,2026-07-31,CANCELED,,
2026-07-31T01:21:19Z,3586912026-07-30,35869,2026-07-30,CANCELED,,
2026-07-31T01:21:19Z,1391122026-07-30,13911,2026-07-30,CANCELED,,
2026-07-31T01:21:19Z,1391112026-07-30,13911,2026-07-30,CANCELED,,
2026-07-31T01:21:19Z,1269212026-07-30,12692,2026-07-30,CANCELED,,
2026-07-31T01:21:19Z,1501012026-07-30,15010,2026-07-30,CANCELED,,
2026-07-31T01:21:19Z,1300012026-07-30,13000,2026-07-30,CANCELED,,
2026-07-31T01:21:19Z,1300212026-07-30,13002,2026-07-30,CANCELED,,
2026-07-31T01:21:19Z,1550912026-07-30,15509,2026-07-30,CANCELED,,
2026-07-31T01:21:19Z,1300512026-07-30,13005,2026-07-30,CANCELED,,
2026-07-31T01:21:19Z,1705212026-07-30,17052,2026-07-30,CANCELED,,
2026-07-31T01:21:19Z,1307912026-07-30,13079,2026-07-30,CANCELED,,
2026-07-31T01:21:19Z,1800712026-07-30,18007,2026-07-30,CANCELED,,
2026-07-31T01:21:19Z,1300712026-07-30,13007,2026-07-30,CANCELED,,
2026-07-31T01:21:19Z,3800712026-07-30,38007,2026-07-30,CANCELED,,
2026-07-31T01:21:19Z,1300912026-07-30,13009,2026-07-30,CANCELED,,
2026-07-31T01:21:19Z,1810412026-07-30,18104,2026-07-30,CANCELED,,
2026-07-31T01:21:19Z,1303212026-07-30,13032,2026-07-30,CANCELED,,
2026-07-31T01:21:19Z,3810412026-07-30,38104,2026-07-30,CANCELED,,
2026-07-31T01:21:19Z,1301312026-07-30,13013,2026-07-30,CANCELED,,
2026-07-31T01:21:19Z,1821612026-07-30,18216,2026-07-30,CANCELED,,
2026-07-31T01:21:19Z,1821912026-07-30,18219,2026-07-30,CANCELED,,
2026-07-31T01:21:19Z,1301412026-07-30,13014,2026-07-30,CANCELED,,
2026-07-31T01:21:19Z,1339412026-07-30,13394,2026-07-30,CANCELED,,
2026-07-31T01:21:19Z,3586912026-07-30,35869,2026-07-30,CANCELED,,
2026-07-31T01:21:19Z,1301912026-07-30,13019,2026-07-30,CANCELED,,
2026-07-31T01:21:19Z,1430412026-07-30,14304,2026-07-30,CANCELED,,
2026-07-31T01:21:19Z,1302012026-07-30,13020,2026-07-30,CANCELED,,
2026-07-31T01:21:19Z,1803412026-07-30,18034,2026-07-30,CANCELED,,
2026-07-31T01:21:19Z,3812012026-07-30,38120,2026-07-30,CANCELED,,
2026-07-31T01:21:19Z,1303512026-07-30,13035,2026-07-30,CANCELED,,
2026-07-31T01:21:19Z,1302012026-07-30,13020,2026-07-30,CANCELED,,
2026-07-31T01:21:19Z,1303512026-07-30,13035,2026-07-30,CANCELED,,
2026-07-31T01:21:19Z,1803512026-07-30,18035,2026-07-30,CANCELED,,
2026-07-31T01:21:19Z,1803512026-07-30,18035,2026-07-30,CANCELED,,
2026-07-31T01:21:19Z,1395512026-07-30,13955,2026-07-30,CANCELED,,
2026-07-31T01:21:19Z,1395712026-07-30,13957,2026-07-30,CANCELED,,
2026-07-31T01:21:19Z,1325812026-07-30,13258,2026-07-30,CANCELED,,
2026-07-31T01:21:19Z,7185512026-07-30,71855,2026-07-30,CANCELED,,
2026-07-31T01:26:21Z,1303112026-07-30,13031,2026-07-30,CANCELED,,
2026-07-31T01:26:21Z,1323612026-07-30,13236,2026-07-30,CANCELED,,
2026-07-31T01:26:21Z,1303912026-07-30,13039,2026-07-30,CANCELED,,
2026-07-31T01:26:21Z,1325612026-07-30,13256,2026-07-30,CANCELED,,
2026-07-31T01:26:21Z,1325912026-07-30,13259,2026-07-30,CANCELED,,
2026-07-31T01:26:21Z,1304312026-07-30,13043,2026-07-30,CANCELED,,
2026-07-31T01:26:21Z,1326612026-07-30,13266,2026-07-30,CANCELED,,
2026-07-31T01:26:21Z,1300912026-07-30,13009,2026-07-30,CANCELED,,
2026-07-31T01:26:21Z,1315612026-07-30,13156,2026-07-30,CANCELED,,
2026-07-31T01:26:21Z,3800912026-07-30,38009,2026-07-30,CANCELED,,
2026-07-31T01:26:21Z,1315712026-07-30,13157,2026-07-30,CANCELED,,
2026-07-31T01:26:21Z,1305112026-07-30,13051,2026-07-30,CANCELED,,
2026-07-31T01:26:21Z,1316812026-07-30,13168,2026-07-30,CANCELED,,
2026-07-31T01:26:21Z,1305212026-07-30,13052,2026-07-30,CANCELED,,
2026-07-31T01:26:21Z,1316912026-07-30,13169,2026-07-30,CANCELED,,
2026-07-31T01:26:21Z,1304512026-07-30,13045,2026-07-30,CANCELED,,
2026-07-31T01:26:21Z,1339312026-07-30,13393,2026-07-30,CANCELED,,
2026-07-31T01:26:21Z,1309712026-07-30,13097,2026-07-30,CANCELED,,
2026-07-31T01:26:21Z,1303512026-07-30,13035,2026-07-30,CANCELED,,
2026-07-31T01:26:21Z,1394412026-07-30,13944,2026-07-30,CANCELED,,
2026-07-31T01:26:21Z,1394612026-07-30,13946,2026-07-30,CANCELED,,
2026-07-31T01:26:21Z,1321112026-07-30,13211,2026-07-30,CANCELED,,
2026-07-31T01:26:21Z,1390412026-07-30,13904,2026-07-30,CANCELED,,
2026-07-31T01:26:21Z,1390422026-07-30,13904,2026-07-30,CANCELED,,
2026-07-31T01:26:21Z,1390432026-07-30,13904,2026-07-30,CANCELED,,
2026-07-31T01:26:21Z,1321222026-07-30,13212,2026-07-30,CANCELED,,
2026-07-31T01:26:21Z,3890412026-07-30,38904,2026-07-30,CANCELED,,
2026-07-31T01:26:21Z,1321812026-07-30,13218,2026-07-30,CANCELED,,
2026-07-31T01:26:21Z,1321922026-07-30,13219,2026-07-30,CANCELED,,
2026-07-31T01:26:21Z,1322112026-07-30,13221,2026-07-30,CANCELED,,
2026-07-31T01:26:21Z,1390812026-07-30,13908,2026-07-30,CANCELED,,
2026-07-31T01:26:21Z,1390822026-07-30,13908,2026-07-30,CANCELED,,
2026-07-31T01:26:21Z,1390832026-07-30,13908,2026-07-30,CANCELED,,
2026-07-31T01:26:21Z,1322712026-07-30,13227,2026-07-30,CANCELED,,
2026-07-31T01:26:21Z,3890812026-07-30,38908,2026-07-30,CANCELED,,
2026-07-31T01:26:21Z,1323212026-07-30,13232,2026-07-30,CANCELED,,
2026-07-31T01:26:21Z,1323312026-07-30,13233,2026-07-30,CANCELED,,
2026-07-31T01:26:21Z,1391022026-07-30,13910,2026-07-30,CANCELED,,
2026-07-31T01:26:21Z,1391012026-07-30,13910,2026-07-30,CANCELED,,
2026-07-31T01:26:21Z,1323512026-07-30,13235,2026-07-30,CANCELED,,
2026-07-31T01:26:21Z,0237512026-07-31,02375,2026-07-31,CANCELED,,
2026-07-31T01:26:21Z,1390512026-07-30,13905,2026-07-30,CANCELED,,
2026-07-31T01:26:21Z,1390522026-07-30,13905,2026-07-30,CANCELED,,
2026-07-31T01:26:21Z,1390532026-07-30,13905,2026-07-30,CANCELED,,
2026-07-31T01:26:21Z,0249412026-07-31,02494,2026-07-31,CANCELED,,
2026-07-31T01:26:21Z,3890512026-07-30,38905,2026-07-30,CANCELED,,
2026-07-31T01:26:21Z,0249412026-07-31,02494,2026-07-31,CANCELED,,
2026-07-31T01:26:21Z,0237512026-07-31,02375,2026-07-31,CANCELED,,
2026-07-31T01:26:21Z,1391122026-07-30,13911,2026-07-30,CANCELED,,
2026-07-31T01:26:21Z,1391112026-07-30,13911,2026-07-30,CANCELED,,
2026-07-31T01:26:21Z,3586912026-07-30,35869,2026-07-30,CANCELED,,
2026-07-31T01:26:21Z,1501012026-07-30,15010,2026-07-30,CANCELED,,
2026-07-31T01:26:21Z,1269212026-07-30,12692,2026-07-30,CANCELED,,
2026-07-31T01:26:21Z,1550912026-07-30,15509,2026-07-30,CANCELED,,
2026-07-31T01:26:21Z,1300012026-07-30,13000,2026-07-30,CANCELED,,
2026-07-31T01:26:21Z,1300212026-07-30,13002,2026-07-30,CANCELED,,
2026-07-31T01:26:21Z,1705212026-07-30,17052,2026-07-30,CANCELED,,
2026-07-31T01:26:21Z,1300512026-07-30,13005,2026-07-30,CANCELED,,
2026-07-31T01:26:21Z,1800712026-07-30,18007,2026-07-30,CANCELED,,
2026-07-31T01:26:21Z,1307912026-07-30,13079,2026-07-30,CANCELED,,
2026-07-31T01:26:21Z,3800712026-07-30,38007,2026-07-30,CANCELED,,
2026-07-31T01:26:21Z,1300712026-07-30,13007,2026-07-30,CANCELED,,
2026-07-31T01:26:21Z,1300912026-07-30,13009,2026-07-30,CANCELED,,
2026-07-31T01:26:21Z,1810412026-07-30,18104,2026-07-30,CANCELED,,
2026-07-31T01:26:21Z,3810412026-07-30,38104,2026-07-30,CANCELED,,
2026-07-31T01:26:21Z,1303212026-07-30,13032,2026-07-30,CANCELED,,
2026-07-31T01:26:21Z,1821612026-07-30,18216,2026-07-30,CANCELED,,
2026-07-31T01:26:21Z,1301312026-07-30,13013,2026-07-30,CANCELED,,
2026-07-31T01:26:21Z,1821912026-07-30,18219,2026-07-30,CANCELED,,
2026-07-31T01:26:21Z,1301412026-07-30,13014,2026-07-30,CANCELED,,
2026-07-31T01:26:21Z,3586912026-07-30,35869,2026-07-30,CANCELED,,
2026-07-31T01:26:21Z,1339412026-07-30,13394,2026-07-30,CANCELED,,
2026-07-31T01:26:21Z,1430412026-07-30,14304,2026-07-30,CANCELED,,
2026-07-31T01:26:21Z,1301912026-07-30,13019,2026-07-30,CANCELED,,
2026-07-31T01:26:21Z,1803412026-07-30,18034,2026-07-30,CANCELED,,
2026-07-31T01:26:21Z,1302012026-07-30,13020,2026-07-30,CANCELED,,
2026-07-31T01:26:21Z,1303512026-07-30,13035,2026-07-30,CANCELED,,
2026-07-31T01:26:21Z,3812012026-07-30,38120,2026-07-30,CANCELED,,
2026-07-31T01:26:21Z,1303512026-07-30,13035,2026-07-30,CANCELED,,
2026-07-31T01:26:21Z,1302012026-07-30,13020,2026-07-30,CANCELED,,
2026-07-31T01:26:21Z,1803512026-07-30,18035,2026-07-30,CANCELED,,
2026-07-31T01:26:21Z,1803512026-07-30,18035,2026-07-30,CANCELED,,
2026-07-31T01:26:21Z,1395512026-07-30,13955,2026-07-30,CANCELED,,
2026-07-31T01:26:21Z,1395712026-07-30,13957,2026-07-30,CANCELED,,
2026-07-31T01:26:21Z,1325812026-07-30,13258,2026-07-30,CANCELED,,
2026-07-31T01:26:21Z,7185512026-07-30,71855,2026-07-30,CANCELED,,
