timestamp_utc,trip_id,tren,fecha_tren,estado,retraso_seg,retraso_min
2026-07-07T00:01:51Z,3890812026-07-06,38908,2026-07-06,CANCELED,,
2026-07-07T00:01:51Z,1305212026-07-06,13052,2026-07-06,CANCELED,,
2026-07-07T00:01:51Z,1570012026-07-06,15700,2026-07-06,CANCELED,,
2026-07-07T00:01:51Z,1322622026-07-06,13226,2026-07-06,CANCELED,,
2026-07-07T00:01:51Z,1572612026-07-06,15726,2026-07-06,CANCELED,,
2026-07-07T00:01:51Z,1303512026-07-06,13035,2026-07-06,CANCELED,,
2026-07-07T00:01:51Z,1578612026-07-06,15786,2026-07-06,CANCELED,,
2026-07-07T00:01:51Z,3503522026-07-06,35035,2026-07-06,CANCELED,,
2026-07-07T00:01:51Z,3503512026-07-06,35035,2026-07-06,CANCELED,,
2026-07-07T00:01:51Z,1821912026-07-06,18219,2026-07-06,CANCELED,,
2026-07-07T00:01:51Z,7182212026-07-06,71822,2026-07-06,CANCELED,,
2026-07-07T00:01:51Z,7183112026-07-06,71831,2026-07-06,CANCELED,,
2026-07-07T00:01:51Z,1390812026-07-06,13908,2026-07-06,CANCELED,,
2026-07-07T00:01:51Z,1390822026-07-06,13908,2026-07-06,CANCELED,,
2026-07-07T00:01:51Z,1390832026-07-06,13908,2026-07-06,CANCELED,,
2026-07-07T00:01:51Z,7185312026-07-06,71853,2026-07-06,CANCELED,,
2026-07-07T00:01:51Z,0309112026-07-06,03091,2026-07-06,CANCELED,,
2026-07-07T00:01:51Z,1301912026-07-06,13019,2026-07-06,CANCELED,,
2026-07-07T00:01:51Z,7187412026-07-06,71874,2026-07-06,CANCELED,,
2026-07-07T00:01:51Z,1303512026-07-06,13035,2026-07-06,CANCELED,,
2026-07-07T00:01:51Z,7187212026-07-06,71872,2026-07-06,CANCELED,,
2026-07-07T00:01:51Z,3503522026-07-06,35035,2026-07-06,CANCELED,,
2026-07-07T00:01:51Z,3503512026-07-06,35035,2026-07-06,CANCELED,,
2026-07-07T00:01:51Z,3803512026-07-06,38035,2026-07-06,CANCELED,,
2026-07-07T00:06:09Z,3890812026-07-06,38908,2026-07-06,CANCELED,,
2026-07-07T00:06:09Z,1305212026-07-06,13052,2026-07-06,CANCELED,,
2026-07-07T00:06:09Z,1322622026-07-06,13226,2026-07-06,CANCELED,,
2026-07-07T00:06:09Z,1570012026-07-06,15700,2026-07-06,CANCELED,,
2026-07-07T00:06:09Z,1303512026-07-06,13035,2026-07-06,CANCELED,,
2026-07-07T00:06:09Z,1572612026-07-06,15726,2026-07-06,CANCELED,,
2026-07-07T00:06:09Z,1578612026-07-06,15786,2026-07-06,CANCELED,,
2026-07-07T00:06:09Z,3503522026-07-06,35035,2026-07-06,CANCELED,,
2026-07-07T00:06:09Z,3503512026-07-06,35035,2026-07-06,CANCELED,,
2026-07-07T00:06:09Z,1821912026-07-06,18219,2026-07-06,CANCELED,,
2026-07-07T00:06:09Z,7182212026-07-06,71822,2026-07-06,CANCELED,,
2026-07-07T00:06:09Z,7183112026-07-06,71831,2026-07-06,CANCELED,,
2026-07-07T00:06:09Z,1390812026-07-06,13908,2026-07-06,CANCELED,,
2026-07-07T00:06:09Z,1390822026-07-06,13908,2026-07-06,CANCELED,,
2026-07-07T00:06:09Z,1390832026-07-06,13908,2026-07-06,CANCELED,,
2026-07-07T00:06:09Z,7185312026-07-06,71853,2026-07-06,CANCELED,,
2026-07-07T00:06:09Z,0309112026-07-06,03091,2026-07-06,CANCELED,,
2026-07-07T00:06:09Z,1301912026-07-06,13019,2026-07-06,CANCELED,,
2026-07-07T00:06:09Z,7187412026-07-06,71874,2026-07-06,CANCELED,,
2026-07-07T00:06:09Z,1303512026-07-06,13035,2026-07-06,CANCELED,,
2026-07-07T00:06:09Z,7187212026-07-06,71872,2026-07-06,CANCELED,,
2026-07-07T00:06:09Z,3503522026-07-06,35035,2026-07-06,CANCELED,,
2026-07-07T00:06:09Z,3503512026-07-06,35035,2026-07-06,CANCELED,,
2026-07-07T00:06:09Z,3803512026-07-06,38035,2026-07-06,CANCELED,,
2026-07-07T00:11:27Z,1305212026-07-06,13052,2026-07-06,CANCELED,,
2026-07-07T00:11:27Z,3890812026-07-06,38908,2026-07-06,CANCELED,,
2026-07-07T00:11:27Z,1322622026-07-06,13226,2026-07-06,CANCELED,,
2026-07-07T00:11:27Z,1570012026-07-06,15700,2026-07-06,CANCELED,,
2026-07-07T00:11:27Z,1572612026-07-06,15726,2026-07-06,CANCELED,,
2026-07-07T00:11:27Z,1303512026-07-06,13035,2026-07-06,CANCELED,,
2026-07-07T00:11:27Z,1578612026-07-06,15786,2026-07-06,CANCELED,,
2026-07-07T00:11:27Z,3503522026-07-06,35035,2026-07-06,CANCELED,,
2026-07-07T00:11:27Z,3503512026-07-06,35035,2026-07-06,CANCELED,,
2026-07-07T00:11:27Z,1821912026-07-06,18219,2026-07-06,CANCELED,,
2026-07-07T00:11:27Z,7182212026-07-06,71822,2026-07-06,CANCELED,,
2026-07-07T00:11:27Z,7183112026-07-06,71831,2026-07-06,CANCELED,,
2026-07-07T00:11:27Z,1390812026-07-06,13908,2026-07-06,CANCELED,,
2026-07-07T00:11:27Z,1390822026-07-06,13908,2026-07-06,CANCELED,,
2026-07-07T00:11:27Z,1390832026-07-06,13908,2026-07-06,CANCELED,,
2026-07-07T00:11:27Z,7185312026-07-06,71853,2026-07-06,CANCELED,,
2026-07-07T00:11:27Z,0309112026-07-06,03091,2026-07-06,CANCELED,,
2026-07-07T00:11:27Z,7187412026-07-06,71874,2026-07-06,CANCELED,,
2026-07-07T00:11:27Z,1301912026-07-06,13019,2026-07-06,CANCELED,,
2026-07-07T00:11:27Z,7187212026-07-06,71872,2026-07-06,CANCELED,,
2026-07-07T00:11:27Z,1303512026-07-06,13035,2026-07-06,CANCELED,,
2026-07-07T00:11:27Z,3503522026-07-06,35035,2026-07-06,CANCELED,,
2026-07-07T00:11:27Z,3503512026-07-06,35035,2026-07-06,CANCELED,,
2026-07-07T00:11:27Z,3803512026-07-06,38035,2026-07-06,CANCELED,,
2026-07-07T00:16:12Z,1305212026-07-06,13052,2026-07-06,CANCELED,,
2026-07-07T00:16:12Z,3890812026-07-06,38908,2026-07-06,CANCELED,,
2026-07-07T00:16:12Z,1322622026-07-06,13226,2026-07-06,CANCELED,,
2026-07-07T00:16:12Z,1570012026-07-06,15700,2026-07-06,CANCELED,,
2026-07-07T00:16:12Z,1572612026-07-06,15726,2026-07-06,CANCELED,,
2026-07-07T00:16:12Z,1303512026-07-06,13035,2026-07-06,CANCELED,,
2026-07-07T00:16:12Z,1578612026-07-06,15786,2026-07-06,CANCELED,,
2026-07-07T00:16:12Z,1821912026-07-06,18219,2026-07-06,CANCELED,,
2026-07-07T00:16:12Z,3503522026-07-06,35035,2026-07-06,CANCELED,,
2026-07-07T00:16:12Z,3503512026-07-06,35035,2026-07-06,CANCELED,,
2026-07-07T00:16:12Z,7182212026-07-06,71822,2026-07-06,CANCELED,,
2026-07-07T00:16:12Z,7183112026-07-06,71831,2026-07-06,CANCELED,,
2026-07-07T00:16:12Z,7185312026-07-06,71853,2026-07-06,CANCELED,,
2026-07-07T00:16:12Z,1390812026-07-06,13908,2026-07-06,CANCELED,,
2026-07-07T00:16:12Z,1390822026-07-06,13908,2026-07-06,CANCELED,,
2026-07-07T00:16:12Z,1390832026-07-06,13908,2026-07-06,CANCELED,,
2026-07-07T00:16:12Z,0309112026-07-06,03091,2026-07-06,CANCELED,,
2026-07-07T00:16:12Z,7187412026-07-06,71874,2026-07-06,CANCELED,,
2026-07-07T00:16:12Z,1301912026-07-06,13019,2026-07-06,CANCELED,,
2026-07-07T00:16:12Z,7187212026-07-06,71872,2026-07-06,CANCELED,,
2026-07-07T00:16:12Z,1303512026-07-06,13035,2026-07-06,CANCELED,,
2026-07-07T00:16:12Z,3503522026-07-06,35035,2026-07-06,CANCELED,,
2026-07-07T00:16:12Z,3503512026-07-06,35035,2026-07-06,CANCELED,,
2026-07-07T00:16:12Z,3803512026-07-06,38035,2026-07-06,CANCELED,,
2026-07-07T00:21:26Z,1305212026-07-06,13052,2026-07-06,CANCELED,,
2026-07-07T00:21:26Z,3890812026-07-06,38908,2026-07-06,CANCELED,,
2026-07-07T00:21:26Z,1322622026-07-06,13226,2026-07-06,CANCELED,,
2026-07-07T00:21:26Z,1570012026-07-06,15700,2026-07-06,CANCELED,,
2026-07-07T00:21:26Z,1303512026-07-06,13035,2026-07-06,CANCELED,,
2026-07-07T00:21:26Z,1572612026-07-06,15726,2026-07-06,CANCELED,,
2026-07-07T00:21:26Z,1578612026-07-06,15786,2026-07-06,CANCELED,,
2026-07-07T00:21:26Z,3503522026-07-06,35035,2026-07-06,CANCELED,,
2026-07-07T00:21:26Z,3503512026-07-06,35035,2026-07-06,CANCELED,,
2026-07-07T00:21:26Z,1821912026-07-06,18219,2026-07-06,CANCELED,,
2026-07-07T00:21:26Z,7182212026-07-06,71822,2026-07-06,CANCELED,,
2026-07-07T00:21:26Z,7183112026-07-06,71831,2026-07-06,CANCELED,,
2026-07-07T00:21:26Z,1390812026-07-06,13908,2026-07-06,CANCELED,,
2026-07-07T00:21:26Z,1390822026-07-06,13908,2026-07-06,CANCELED,,
2026-07-07T00:21:26Z,1390832026-07-06,13908,2026-07-06,CANCELED,,
2026-07-07T00:21:26Z,7185312026-07-06,71853,2026-07-06,CANCELED,,
2026-07-07T00:21:26Z,0309112026-07-06,03091,2026-07-06,CANCELED,,
2026-07-07T00:21:26Z,1301912026-07-06,13019,2026-07-06,CANCELED,,
2026-07-07T00:21:26Z,7187412026-07-06,71874,2026-07-06,CANCELED,,
2026-07-07T00:21:26Z,1303512026-07-06,13035,2026-07-06,CANCELED,,
2026-07-07T00:21:26Z,7187212026-07-06,71872,2026-07-06,CANCELED,,
2026-07-07T00:21:26Z,3503522026-07-06,35035,2026-07-06,CANCELED,,
2026-07-07T00:21:26Z,3503512026-07-06,35035,2026-07-06,CANCELED,,
2026-07-07T00:21:26Z,3803512026-07-06,38035,2026-07-06,CANCELED,,
2026-07-07T00:26:07Z,1305212026-07-06,13052,2026-07-06,CANCELED,,
2026-07-07T00:26:07Z,3890812026-07-06,38908,2026-07-06,CANCELED,,
2026-07-07T00:26:07Z,1322622026-07-06,13226,2026-07-06,CANCELED,,
2026-07-07T00:26:07Z,1570012026-07-06,15700,2026-07-06,CANCELED,,
2026-07-07T00:26:07Z,1303512026-07-06,13035,2026-07-06,CANCELED,,
2026-07-07T00:26:07Z,1572612026-07-06,15726,2026-07-06,CANCELED,,
2026-07-07T00:26:07Z,1578612026-07-06,15786,2026-07-06,CANCELED,,
2026-07-07T00:26:07Z,3503522026-07-06,35035,2026-07-06,CANCELED,,
2026-07-07T00:26:07Z,3503512026-07-06,35035,2026-07-06,CANCELED,,
2026-07-07T00:26:07Z,1821912026-07-06,18219,2026-07-06,CANCELED,,
2026-07-07T00:26:07Z,7182212026-07-06,71822,2026-07-06,CANCELED,,
2026-07-07T00:26:07Z,7183112026-07-06,71831,2026-07-06,CANCELED,,
2026-07-07T00:26:07Z,1390812026-07-06,13908,2026-07-06,CANCELED,,
2026-07-07T00:26:07Z,1390822026-07-06,13908,2026-07-06,CANCELED,,
2026-07-07T00:26:07Z,1390832026-07-06,13908,2026-07-06,CANCELED,,
2026-07-07T00:26:07Z,7185312026-07-06,71853,2026-07-06,CANCELED,,
2026-07-07T00:26:07Z,0309112026-07-06,03091,2026-07-06,CANCELED,,
2026-07-07T00:26:07Z,1301912026-07-06,13019,2026-07-06,CANCELED,,
2026-07-07T00:26:07Z,7187412026-07-06,71874,2026-07-06,CANCELED,,
2026-07-07T00:26:07Z,1303512026-07-06,13035,2026-07-06,CANCELED,,
2026-07-07T00:26:07Z,7187212026-07-06,71872,2026-07-06,CANCELED,,
2026-07-07T00:26:07Z,3503522026-07-06,35035,2026-07-06,CANCELED,,
2026-07-07T00:26:07Z,3503512026-07-06,35035,2026-07-06,CANCELED,,
2026-07-07T00:26:07Z,3803512026-07-06,38035,2026-07-06,CANCELED,,
2026-07-07T00:31:37Z,1305212026-07-06,13052,2026-07-06,CANCELED,,
2026-07-07T00:31:37Z,3890812026-07-06,38908,2026-07-06,CANCELED,,
2026-07-07T00:31:37Z,1570012026-07-06,15700,2026-07-06,CANCELED,,
2026-07-07T00:31:37Z,1322622026-07-06,13226,2026-07-06,CANCELED,,
2026-07-07T00:31:37Z,1572612026-07-06,15726,2026-07-06,CANCELED,,
2026-07-07T00:31:37Z,1303512026-07-06,13035,2026-07-06,CANCELED,,
2026-07-07T00:31:37Z,1578612026-07-06,15786,2026-07-06,CANCELED,,
2026-07-07T00:31:37Z,1821912026-07-06,18219,2026-07-06,CANCELED,,
2026-07-07T00:31:37Z,3503522026-07-06,35035,2026-07-06,CANCELED,,
2026-07-07T00:31:37Z,3503512026-07-06,35035,2026-07-06,CANCELED,,
2026-07-07T00:31:37Z,7182212026-07-06,71822,2026-07-06,CANCELED,,
2026-07-07T00:31:37Z,7183112026-07-06,71831,2026-07-06,CANCELED,,
2026-07-07T00:31:37Z,7185312026-07-06,71853,2026-07-06,CANCELED,,
2026-07-07T00:31:37Z,1390812026-07-06,13908,2026-07-06,CANCELED,,
2026-07-07T00:31:37Z,1390822026-07-06,13908,2026-07-06,CANCELED,,
2026-07-07T00:31:37Z,1390832026-07-06,13908,2026-07-06,CANCELED,,
2026-07-07T00:31:37Z,7187412026-07-06,71874,2026-07-06,CANCELED,,
2026-07-07T00:31:37Z,0309112026-07-06,03091,2026-07-06,CANCELED,,
2026-07-07T00:31:37Z,7187212026-07-06,71872,2026-07-06,CANCELED,,
2026-07-07T00:31:37Z,1301912026-07-06,13019,2026-07-06,CANCELED,,
2026-07-07T00:31:37Z,1303512026-07-06,13035,2026-07-06,CANCELED,,
2026-07-07T00:31:37Z,3503522026-07-06,35035,2026-07-06,CANCELED,,
2026-07-07T00:31:37Z,3503512026-07-06,35035,2026-07-06,CANCELED,,
2026-07-07T00:31:37Z,3803512026-07-06,38035,2026-07-06,CANCELED,,
2026-07-07T00:36:09Z,1305212026-07-06,13052,2026-07-06,CANCELED,,
2026-07-07T00:36:09Z,3890812026-07-06,38908,2026-07-06,CANCELED,,
2026-07-07T00:36:09Z,1322622026-07-06,13226,2026-07-06,CANCELED,,
2026-07-07T00:36:09Z,1570012026-07-06,15700,2026-07-06,CANCELED,,
2026-07-07T00:36:09Z,1572612026-07-06,15726,2026-07-06,CANCELED,,
2026-07-07T00:36:09Z,1303512026-07-06,13035,2026-07-06,CANCELED,,
2026-07-07T00:36:09Z,1578612026-07-06,15786,2026-07-06,CANCELED,,
2026-07-07T00:36:09Z,3503522026-07-06,35035,2026-07-06,CANCELED,,
2026-07-07T00:36:09Z,3503512026-07-06,35035,2026-07-06,CANCELED,,
2026-07-07T00:36:09Z,1821912026-07-06,18219,2026-07-06,CANCELED,,
2026-07-07T00:36:09Z,7182212026-07-06,71822,2026-07-06,CANCELED,,
2026-07-07T00:36:09Z,7183112026-07-06,71831,2026-07-06,CANCELED,,
2026-07-07T00:36:09Z,7185312026-07-06,71853,2026-07-06,CANCELED,,
2026-07-07T00:36:09Z,1390812026-07-06,13908,2026-07-06,CANCELED,,
2026-07-07T00:36:09Z,1390822026-07-06,13908,2026-07-06,CANCELED,,
2026-07-07T00:36:09Z,1390832026-07-06,13908,2026-07-06,CANCELED,,
2026-07-07T00:36:09Z,0309112026-07-06,03091,2026-07-06,CANCELED,,
2026-07-07T00:36:09Z,7187412026-07-06,71874,2026-07-06,CANCELED,,
2026-07-07T00:36:09Z,1301912026-07-06,13019,2026-07-06,CANCELED,,
2026-07-07T00:36:09Z,1303512026-07-06,13035,2026-07-06,CANCELED,,
2026-07-07T00:36:09Z,7187212026-07-06,71872,2026-07-06,CANCELED,,
2026-07-07T00:36:09Z,3503522026-07-06,35035,2026-07-06,CANCELED,,
2026-07-07T00:36:09Z,3503512026-07-06,35035,2026-07-06,CANCELED,,
2026-07-07T00:36:09Z,3803512026-07-06,38035,2026-07-06,CANCELED,,
2026-07-07T00:41:27Z,1305212026-07-06,13052,2026-07-06,CANCELED,,
2026-07-07T00:41:27Z,3890812026-07-06,38908,2026-07-06,CANCELED,,
2026-07-07T00:41:27Z,1322622026-07-06,13226,2026-07-06,CANCELED,,
2026-07-07T00:41:27Z,1570012026-07-06,15700,2026-07-06,CANCELED,,
2026-07-07T00:41:27Z,1572612026-07-06,15726,2026-07-06,CANCELED,,
2026-07-07T00:41:27Z,1303512026-07-06,13035,2026-07-06,CANCELED,,
2026-07-07T00:41:27Z,1578612026-07-06,15786,2026-07-06,CANCELED,,
2026-07-07T00:41:27Z,1821912026-07-06,18219,2026-07-06,CANCELED,,
2026-07-07T00:41:27Z,3503522026-07-06,35035,2026-07-06,CANCELED,,
2026-07-07T00:41:27Z,3503512026-07-06,35035,2026-07-06,CANCELED,,
2026-07-07T00:41:27Z,7182212026-07-06,71822,2026-07-06,CANCELED,,
2026-07-07T00:41:27Z,7183112026-07-06,71831,2026-07-06,CANCELED,,
2026-07-07T00:41:27Z,1390812026-07-06,13908,2026-07-06,CANCELED,,
2026-07-07T00:41:27Z,1390822026-07-06,13908,2026-07-06,CANCELED,,
2026-07-07T00:41:27Z,1390832026-07-06,13908,2026-07-06,CANCELED,,
2026-07-07T00:41:27Z,7185312026-07-06,71853,2026-07-06,CANCELED,,
2026-07-07T00:41:27Z,0309112026-07-06,03091,2026-07-06,CANCELED,,
2026-07-07T00:41:27Z,1301912026-07-06,13019,2026-07-06,CANCELED,,
2026-07-07T00:41:27Z,7187412026-07-06,71874,2026-07-06,CANCELED,,
2026-07-07T00:41:27Z,1303512026-07-06,13035,2026-07-06,CANCELED,,
2026-07-07T00:41:27Z,7187212026-07-06,71872,2026-07-06,CANCELED,,
2026-07-07T00:41:27Z,3503522026-07-06,35035,2026-07-06,CANCELED,,
2026-07-07T00:41:27Z,3503512026-07-06,35035,2026-07-06,CANCELED,,
2026-07-07T00:41:27Z,3803512026-07-06,38035,2026-07-06,CANCELED,,
2026-07-07T00:46:12Z,3890812026-07-06,38908,2026-07-06,CANCELED,,
2026-07-07T00:46:12Z,1305212026-07-06,13052,2026-07-06,CANCELED,,
2026-07-07T00:46:12Z,1570012026-07-06,15700,2026-07-06,CANCELED,,
2026-07-07T00:46:12Z,1322622026-07-06,13226,2026-07-06,CANCELED,,
2026-07-07T00:46:12Z,1572612026-07-06,15726,2026-07-06,CANCELED,,
2026-07-07T00:46:12Z,1303512026-07-06,13035,2026-07-06,CANCELED,,
2026-07-07T00:46:12Z,1578612026-07-06,15786,2026-07-06,CANCELED,,
2026-07-07T00:46:12Z,1821912026-07-06,18219,2026-07-06,CANCELED,,
2026-07-07T00:46:12Z,3503522026-07-06,35035,2026-07-06,CANCELED,,
2026-07-07T00:46:12Z,3503512026-07-06,35035,2026-07-06,CANCELED,,
2026-07-07T00:46:12Z,7182212026-07-06,71822,2026-07-06,CANCELED,,
2026-07-07T00:46:12Z,7183112026-07-06,71831,2026-07-06,CANCELED,,
2026-07-07T00:46:12Z,7185312026-07-06,71853,2026-07-06,CANCELED,,
2026-07-07T00:46:12Z,1390812026-07-06,13908,2026-07-06,CANCELED,,
2026-07-07T00:46:12Z,1390822026-07-06,13908,2026-07-06,CANCELED,,
2026-07-07T00:46:12Z,1390832026-07-06,13908,2026-07-06,CANCELED,,
2026-07-07T00:46:12Z,0309112026-07-06,03091,2026-07-06,CANCELED,,
2026-07-07T00:46:12Z,7187412026-07-06,71874,2026-07-06,CANCELED,,
2026-07-07T00:46:12Z,1301912026-07-06,13019,2026-07-06,CANCELED,,
2026-07-07T00:46:12Z,7187212026-07-06,71872,2026-07-06,CANCELED,,
2026-07-07T00:46:12Z,1303512026-07-06,13035,2026-07-06,CANCELED,,
2026-07-07T00:46:12Z,3503522026-07-06,35035,2026-07-06,CANCELED,,
2026-07-07T00:46:12Z,3503512026-07-06,35035,2026-07-06,CANCELED,,
2026-07-07T00:46:12Z,3803512026-07-06,38035,2026-07-06,CANCELED,,
2026-07-07T00:51:31Z,3890812026-07-06,38908,2026-07-06,CANCELED,,
2026-07-07T00:51:31Z,1305212026-07-06,13052,2026-07-06,CANCELED,,
2026-07-07T00:51:31Z,1570012026-07-06,15700,2026-07-06,CANCELED,,
2026-07-07T00:51:31Z,1322622026-07-06,13226,2026-07-06,CANCELED,,
2026-07-07T00:51:31Z,1572612026-07-06,15726,2026-07-06,CANCELED,,
2026-07-07T00:51:31Z,1303512026-07-06,13035,2026-07-06,CANCELED,,
2026-07-07T00:51:31Z,1578612026-07-06,15786,2026-07-06,CANCELED,,
2026-07-07T00:51:31Z,1821912026-07-06,18219,2026-07-06,CANCELED,,
2026-07-07T00:51:31Z,3503522026-07-06,35035,2026-07-06,CANCELED,,
2026-07-07T00:51:31Z,3503512026-07-06,35035,2026-07-06,CANCELED,,
2026-07-07T00:51:31Z,7182212026-07-06,71822,2026-07-06,CANCELED,,
2026-07-07T00:51:31Z,7183112026-07-06,71831,2026-07-06,CANCELED,,
2026-07-07T00:51:31Z,7185312026-07-06,71853,2026-07-06,CANCELED,,
2026-07-07T00:51:31Z,1390812026-07-06,13908,2026-07-06,CANCELED,,
2026-07-07T00:51:31Z,1390822026-07-06,13908,2026-07-06,CANCELED,,
2026-07-07T00:51:31Z,1390832026-07-06,13908,2026-07-06,CANCELED,,
2026-07-07T00:51:31Z,0309112026-07-06,03091,2026-07-06,CANCELED,,
2026-07-07T00:51:31Z,7187412026-07-06,71874,2026-07-06,CANCELED,,
2026-07-07T00:51:31Z,1301912026-07-06,13019,2026-07-06,CANCELED,,
2026-07-07T00:51:31Z,7187212026-07-06,71872,2026-07-06,CANCELED,,
2026-07-07T00:51:31Z,1303512026-07-06,13035,2026-07-06,CANCELED,,
2026-07-07T00:51:31Z,3503522026-07-06,35035,2026-07-06,CANCELED,,
2026-07-07T00:51:31Z,3503512026-07-06,35035,2026-07-06,CANCELED,,
2026-07-07T00:51:31Z,3803512026-07-06,38035,2026-07-06,CANCELED,,
2026-07-07T00:56:08Z,3890812026-07-06,38908,2026-07-06,CANCELED,,
2026-07-07T00:56:08Z,1305212026-07-06,13052,2026-07-06,CANCELED,,
2026-07-07T00:56:08Z,1322622026-07-06,13226,2026-07-06,CANCELED,,
2026-07-07T00:56:08Z,1570012026-07-06,15700,2026-07-06,CANCELED,,
2026-07-07T00:56:08Z,1303512026-07-06,13035,2026-07-06,CANCELED,,
2026-07-07T00:56:08Z,1572612026-07-06,15726,2026-07-06,CANCELED,,
2026-07-07T00:56:08Z,1578612026-07-06,15786,2026-07-06,CANCELED,,
2026-07-07T00:56:08Z,3503522026-07-06,35035,2026-07-06,CANCELED,,
2026-07-07T00:56:08Z,3503512026-07-06,35035,2026-07-06,CANCELED,,
2026-07-07T00:56:08Z,1821912026-07-06,18219,2026-07-06,CANCELED,,
2026-07-07T00:56:08Z,7182212026-07-06,71822,2026-07-06,CANCELED,,
2026-07-07T00:56:08Z,1390812026-07-06,13908,2026-07-06,CANCELED,,
2026-07-07T00:56:08Z,1390822026-07-06,13908,2026-07-06,CANCELED,,
2026-07-07T00:56:08Z,1390832026-07-06,13908,2026-07-06,CANCELED,,
2026-07-07T00:56:08Z,7183112026-07-06,71831,2026-07-06,CANCELED,,
2026-07-07T00:56:08Z,0309112026-07-06,03091,2026-07-06,CANCELED,,
2026-07-07T00:56:08Z,7185312026-07-06,71853,2026-07-06,CANCELED,,
2026-07-07T00:56:08Z,1301912026-07-06,13019,2026-07-06,CANCELED,,
2026-07-07T00:56:08Z,1303512026-07-06,13035,2026-07-06,CANCELED,,
2026-07-07T00:56:08Z,7187412026-07-06,71874,2026-07-06,CANCELED,,
2026-07-07T00:56:08Z,7187212026-07-06,71872,2026-07-06,CANCELED,,
2026-07-07T00:56:08Z,3503522026-07-06,35035,2026-07-06,CANCELED,,
2026-07-07T00:56:08Z,3503512026-07-06,35035,2026-07-06,CANCELED,,
2026-07-07T00:56:08Z,3803512026-07-06,38035,2026-07-06,CANCELED,,
2026-07-07T01:01:49Z,1305212026-07-06,13052,2026-07-06,CANCELED,,
2026-07-07T01:01:49Z,3890812026-07-06,38908,2026-07-06,CANCELED,,
2026-07-07T01:01:49Z,1322622026-07-06,13226,2026-07-06,CANCELED,,
2026-07-07T01:01:49Z,1570012026-07-06,15700,2026-07-06,CANCELED,,
2026-07-07T01:01:49Z,1303512026-07-06,13035,2026-07-06,CANCELED,,
2026-07-07T01:01:49Z,1572612026-07-06,15726,2026-07-06,CANCELED,,
2026-07-07T01:01:49Z,1578612026-07-06,15786,2026-07-06,CANCELED,,
2026-07-07T01:01:49Z,3503522026-07-06,35035,2026-07-06,CANCELED,,
2026-07-07T01:01:49Z,3503512026-07-06,35035,2026-07-06,CANCELED,,
2026-07-07T01:01:49Z,1821912026-07-06,18219,2026-07-06,CANCELED,,
2026-07-07T01:01:49Z,7182212026-07-06,71822,2026-07-06,CANCELED,,
2026-07-07T01:01:49Z,7183112026-07-06,71831,2026-07-06,CANCELED,,
2026-07-07T01:01:49Z,1390812026-07-06,13908,2026-07-06,CANCELED,,
2026-07-07T01:01:49Z,1390822026-07-06,13908,2026-07-06,CANCELED,,
2026-07-07T01:01:49Z,1390832026-07-06,13908,2026-07-06,CANCELED,,
2026-07-07T01:01:49Z,7185312026-07-06,71853,2026-07-06,CANCELED,,
2026-07-07T01:01:49Z,0309112026-07-06,03091,2026-07-06,CANCELED,,
2026-07-07T01:01:49Z,1301912026-07-06,13019,2026-07-06,CANCELED,,
2026-07-07T01:01:49Z,7187412026-07-06,71874,2026-07-06,CANCELED,,
2026-07-07T01:01:49Z,1303512026-07-06,13035,2026-07-06,CANCELED,,
2026-07-07T01:01:49Z,7187212026-07-06,71872,2026-07-06,CANCELED,,
2026-07-07T01:01:49Z,3503522026-07-06,35035,2026-07-06,CANCELED,,
2026-07-07T01:01:49Z,3503512026-07-06,35035,2026-07-06,CANCELED,,
2026-07-07T01:01:49Z,3803512026-07-06,38035,2026-07-06,CANCELED,,
2026-07-07T01:06:09Z,1305212026-07-06,13052,2026-07-06,CANCELED,,
2026-07-07T01:06:09Z,3890812026-07-06,38908,2026-07-06,CANCELED,,
2026-07-07T01:06:09Z,1322622026-07-06,13226,2026-07-06,CANCELED,,
2026-07-07T01:06:09Z,1570012026-07-06,15700,2026-07-06,CANCELED,,
2026-07-07T01:06:09Z,1303512026-07-06,13035,2026-07-06,CANCELED,,
2026-07-07T01:06:09Z,1572612026-07-06,15726,2026-07-06,CANCELED,,
2026-07-07T01:06:09Z,1578612026-07-06,15786,2026-07-06,CANCELED,,
2026-07-07T01:06:09Z,3503522026-07-06,35035,2026-07-06,CANCELED,,
2026-07-07T01:06:09Z,3503512026-07-06,35035,2026-07-06,CANCELED,,
2026-07-07T01:06:09Z,1821912026-07-06,18219,2026-07-06,CANCELED,,
2026-07-07T01:06:09Z,7182212026-07-06,71822,2026-07-06,CANCELED,,
2026-07-07T01:06:09Z,7183112026-07-06,71831,2026-07-06,CANCELED,,
2026-07-07T01:06:09Z,1390812026-07-06,13908,2026-07-06,CANCELED,,
2026-07-07T01:06:09Z,1390822026-07-06,13908,2026-07-06,CANCELED,,
2026-07-07T01:06:09Z,1390832026-07-06,13908,2026-07-06,CANCELED,,
2026-07-07T01:06:09Z,7185312026-07-06,71853,2026-07-06,CANCELED,,
2026-07-07T01:06:09Z,0309112026-07-06,03091,2026-07-06,CANCELED,,
2026-07-07T01:06:09Z,1301912026-07-06,13019,2026-07-06,CANCELED,,
2026-07-07T01:06:09Z,7187412026-07-06,71874,2026-07-06,CANCELED,,
2026-07-07T01:06:09Z,1303512026-07-06,13035,2026-07-06,CANCELED,,
2026-07-07T01:06:09Z,7187212026-07-06,71872,2026-07-06,CANCELED,,
2026-07-07T01:06:09Z,3503522026-07-06,35035,2026-07-06,CANCELED,,
2026-07-07T01:06:09Z,3503512026-07-06,35035,2026-07-06,CANCELED,,
2026-07-07T01:06:09Z,3803512026-07-06,38035,2026-07-06,CANCELED,,
2026-07-07T01:11:28Z,3890812026-07-06,38908,2026-07-06,CANCELED,,
2026-07-07T01:11:28Z,1305212026-07-06,13052,2026-07-06,CANCELED,,
2026-07-07T01:11:28Z,1570012026-07-06,15700,2026-07-06,CANCELED,,
2026-07-07T01:11:28Z,1322622026-07-06,13226,2026-07-06,CANCELED,,
2026-07-07T01:11:28Z,1572612026-07-06,15726,2026-07-06,CANCELED,,
2026-07-07T01:11:28Z,1303512026-07-06,13035,2026-07-06,CANCELED,,
2026-07-07T01:11:28Z,1578612026-07-06,15786,2026-07-06,CANCELED,,
2026-07-07T01:11:28Z,1821912026-07-06,18219,2026-07-06,CANCELED,,
2026-07-07T01:11:28Z,3503522026-07-06,35035,2026-07-06,CANCELED,,
2026-07-07T01:11:28Z,3503512026-07-06,35035,2026-07-06,CANCELED,,
2026-07-07T01:11:28Z,7182212026-07-06,71822,2026-07-06,CANCELED,,
2026-07-07T01:11:28Z,7183112026-07-06,71831,2026-07-06,CANCELED,,
2026-07-07T01:11:28Z,7185312026-07-06,71853,2026-07-06,CANCELED,,
2026-07-07T01:11:28Z,1390812026-07-06,13908,2026-07-06,CANCELED,,
2026-07-07T01:11:28Z,1390822026-07-06,13908,2026-07-06,CANCELED,,
2026-07-07T01:11:28Z,1390832026-07-06,13908,2026-07-06,CANCELED,,
2026-07-07T01:11:28Z,0309112026-07-06,03091,2026-07-06,CANCELED,,
2026-07-07T01:11:28Z,7187412026-07-06,71874,2026-07-06,CANCELED,,
2026-07-07T01:11:28Z,1301912026-07-06,13019,2026-07-06,CANCELED,,
2026-07-07T01:11:28Z,7187212026-07-06,71872,2026-07-06,CANCELED,,
2026-07-07T01:11:28Z,1303512026-07-06,13035,2026-07-06,CANCELED,,
2026-07-07T01:11:28Z,3503522026-07-06,35035,2026-07-06,CANCELED,,
2026-07-07T01:11:28Z,3503512026-07-06,35035,2026-07-06,CANCELED,,
2026-07-07T01:11:28Z,3803512026-07-06,38035,2026-07-06,CANCELED,,
2026-07-07T01:16:12Z,1305212026-07-06,13052,2026-07-06,CANCELED,,
2026-07-07T01:16:12Z,3890812026-07-06,38908,2026-07-06,CANCELED,,
2026-07-07T01:16:12Z,1322622026-07-06,13226,2026-07-06,CANCELED,,
2026-07-07T01:16:12Z,1570012026-07-06,15700,2026-07-06,CANCELED,,
2026-07-07T01:16:12Z,1303512026-07-06,13035,2026-07-06,CANCELED,,
2026-07-07T01:16:12Z,1572612026-07-06,15726,2026-07-06,CANCELED,,
2026-07-07T01:16:12Z,1578612026-07-06,15786,2026-07-06,CANCELED,,
2026-07-07T01:16:12Z,3503522026-07-06,35035,2026-07-06,CANCELED,,
2026-07-07T01:16:12Z,3503512026-07-06,35035,2026-07-06,CANCELED,,
2026-07-07T01:16:12Z,1821912026-07-06,18219,2026-07-06,CANCELED,,
2026-07-07T01:16:12Z,7182212026-07-06,71822,2026-07-06,CANCELED,,
2026-07-07T01:16:12Z,7183112026-07-06,71831,2026-07-06,CANCELED,,
2026-07-07T01:16:12Z,1390812026-07-06,13908,2026-07-06,CANCELED,,
2026-07-07T01:16:12Z,1390822026-07-06,13908,2026-07-06,CANCELED,,
2026-07-07T01:16:12Z,1390832026-07-06,13908,2026-07-06,CANCELED,,
2026-07-07T01:16:12Z,7185312026-07-06,71853,2026-07-06,CANCELED,,
2026-07-07T01:16:12Z,0309112026-07-06,03091,2026-07-06,CANCELED,,
2026-07-07T01:16:12Z,1301912026-07-06,13019,2026-07-06,CANCELED,,
2026-07-07T01:16:12Z,7187412026-07-06,71874,2026-07-06,CANCELED,,
2026-07-07T01:16:12Z,1303512026-07-06,13035,2026-07-06,CANCELED,,
2026-07-07T01:16:12Z,7187212026-07-06,71872,2026-07-06,CANCELED,,
2026-07-07T01:16:12Z,3503522026-07-06,35035,2026-07-06,CANCELED,,
2026-07-07T01:16:12Z,3503512026-07-06,35035,2026-07-06,CANCELED,,
2026-07-07T01:16:12Z,3803512026-07-06,38035,2026-07-06,CANCELED,,
2026-07-07T01:21:28Z,3890812026-07-06,38908,2026-07-06,CANCELED,,
2026-07-07T01:21:28Z,1305212026-07-06,13052,2026-07-06,CANCELED,,
2026-07-07T01:21:28Z,1322622026-07-06,13226,2026-07-06,CANCELED,,
2026-07-07T01:21:28Z,1570012026-07-06,15700,2026-07-06,CANCELED,,
2026-07-07T01:21:28Z,1303512026-07-06,13035,2026-07-06,CANCELED,,
2026-07-07T01:21:28Z,1572612026-07-06,15726,2026-07-06,CANCELED,,
2026-07-07T01:21:28Z,1578612026-07-06,15786,2026-07-06,CANCELED,,
2026-07-07T01:21:28Z,1821912026-07-06,18219,2026-07-06,CANCELED,,
2026-07-07T01:21:28Z,3503522026-07-06,35035,2026-07-06,CANCELED,,
2026-07-07T01:21:28Z,3503512026-07-06,35035,2026-07-06,CANCELED,,
2026-07-07T01:21:28Z,7182212026-07-06,71822,2026-07-06,CANCELED,,
2026-07-07T01:21:28Z,7183112026-07-06,71831,2026-07-06,CANCELED,,
2026-07-07T01:21:28Z,7185312026-07-06,71853,2026-07-06,CANCELED,,
2026-07-07T01:21:28Z,1390812026-07-06,13908,2026-07-06,CANCELED,,
2026-07-07T01:21:28Z,1390822026-07-06,13908,2026-07-06,CANCELED,,
2026-07-07T01:21:28Z,1390832026-07-06,13908,2026-07-06,CANCELED,,
2026-07-07T01:21:28Z,0309112026-07-06,03091,2026-07-06,CANCELED,,
2026-07-07T01:21:28Z,7187412026-07-06,71874,2026-07-06,CANCELED,,
2026-07-07T01:21:28Z,1301912026-07-06,13019,2026-07-06,CANCELED,,
2026-07-07T01:21:28Z,7187212026-07-06,71872,2026-07-06,CANCELED,,
2026-07-07T01:21:28Z,1303512026-07-06,13035,2026-07-06,CANCELED,,
2026-07-07T01:21:28Z,3503522026-07-06,35035,2026-07-06,CANCELED,,
2026-07-07T01:21:28Z,3503512026-07-06,35035,2026-07-06,CANCELED,,
2026-07-07T01:21:28Z,3803512026-07-06,38035,2026-07-06,CANCELED,,
2026-07-07T01:26:07Z,1305212026-07-06,13052,2026-07-06,CANCELED,,
2026-07-07T01:26:07Z,3890812026-07-06,38908,2026-07-06,CANCELED,,
2026-07-07T01:26:07Z,1570012026-07-06,15700,2026-07-06,CANCELED,,
2026-07-07T01:26:07Z,1322622026-07-06,13226,2026-07-06,CANCELED,,
2026-07-07T01:26:07Z,1572612026-07-06,15726,2026-07-06,CANCELED,,
2026-07-07T01:26:07Z,1303512026-07-06,13035,2026-07-06,CANCELED,,
2026-07-07T01:26:07Z,1578612026-07-06,15786,2026-07-06,CANCELED,,
2026-07-07T01:26:07Z,1821912026-07-06,18219,2026-07-06,CANCELED,,
2026-07-07T01:26:07Z,3503522026-07-06,35035,2026-07-06,CANCELED,,
2026-07-07T01:26:07Z,3503512026-07-06,35035,2026-07-06,CANCELED,,
2026-07-07T01:26:07Z,7182212026-07-06,71822,2026-07-06,CANCELED,,
2026-07-07T01:26:07Z,7183112026-07-06,71831,2026-07-06,CANCELED,,
2026-07-07T01:26:07Z,7185312026-07-06,71853,2026-07-06,CANCELED,,
2026-07-07T01:26:07Z,1390812026-07-06,13908,2026-07-06,CANCELED,,
2026-07-07T01:26:07Z,1390822026-07-06,13908,2026-07-06,CANCELED,,
2026-07-07T01:26:07Z,1390832026-07-06,13908,2026-07-06,CANCELED,,
2026-07-07T01:26:07Z,0309112026-07-06,03091,2026-07-06,CANCELED,,
2026-07-07T01:26:07Z,7187412026-07-06,71874,2026-07-06,CANCELED,,
2026-07-07T01:26:07Z,1301912026-07-06,13019,2026-07-06,CANCELED,,
2026-07-07T01:26:07Z,7187212026-07-06,71872,2026-07-06,CANCELED,,
2026-07-07T01:26:07Z,1303512026-07-06,13035,2026-07-06,CANCELED,,
2026-07-07T01:26:07Z,3503522026-07-06,35035,2026-07-06,CANCELED,,
2026-07-07T01:26:07Z,3503512026-07-06,35035,2026-07-06,CANCELED,,
2026-07-07T01:26:07Z,3803512026-07-06,38035,2026-07-06,CANCELED,,
2026-07-07T01:36:07Z,3890812026-07-06,38908,2026-07-06,CANCELED,,
2026-07-07T01:36:07Z,1305212026-07-06,13052,2026-07-06,CANCELED,,
2026-07-07T01:36:07Z,1570012026-07-06,15700,2026-07-06,CANCELED,,
2026-07-07T01:36:07Z,1322622026-07-06,13226,2026-07-06,CANCELED,,
2026-07-07T01:36:07Z,1572612026-07-06,15726,2026-07-06,CANCELED,,
2026-07-07T01:36:07Z,1303512026-07-06,13035,2026-07-06,CANCELED,,
2026-07-07T01:36:07Z,1578612026-07-06,15786,2026-07-06,CANCELED,,
2026-07-07T01:36:07Z,1821912026-07-06,18219,2026-07-06,CANCELED,,
2026-07-07T01:36:07Z,3503522026-07-06,35035,2026-07-06,CANCELED,,
2026-07-07T01:36:07Z,3503512026-07-06,35035,2026-07-06,CANCELED,,
2026-07-07T01:36:07Z,7182212026-07-06,71822,2026-07-06,CANCELED,,
2026-07-07T01:36:07Z,7183112026-07-06,71831,2026-07-06,CANCELED,,
2026-07-07T01:36:07Z,1390812026-07-06,13908,2026-07-06,CANCELED,,
2026-07-07T01:36:07Z,1390822026-07-06,13908,2026-07-06,CANCELED,,
2026-07-07T01:36:07Z,1390832026-07-06,13908,2026-07-06,CANCELED,,
2026-07-07T01:36:07Z,7185312026-07-06,71853,2026-07-06,CANCELED,,
2026-07-07T01:36:07Z,0309112026-07-06,03091,2026-07-06,CANCELED,,
2026-07-07T01:36:07Z,1301912026-07-06,13019,2026-07-06,CANCELED,,
2026-07-07T01:36:07Z,7187412026-07-06,71874,2026-07-06,CANCELED,,
2026-07-07T01:36:07Z,1303512026-07-06,13035,2026-07-06,CANCELED,,
2026-07-07T01:36:07Z,7187212026-07-06,71872,2026-07-06,CANCELED,,
2026-07-07T01:36:07Z,3503522026-07-06,35035,2026-07-06,CANCELED,,
2026-07-07T01:36:07Z,3503512026-07-06,35035,2026-07-06,CANCELED,,
2026-07-07T01:36:07Z,3803512026-07-06,38035,2026-07-06,CANCELED,,
2026-07-07T01:41:27Z,3890812026-07-06,38908,2026-07-06,CANCELED,,
2026-07-07T01:41:27Z,1305212026-07-06,13052,2026-07-06,CANCELED,,
2026-07-07T01:41:27Z,1570012026-07-06,15700,2026-07-06,CANCELED,,
2026-07-07T01:41:27Z,1322622026-07-06,13226,2026-07-06,CANCELED,,
2026-07-07T01:41:27Z,1572612026-07-06,15726,2026-07-06,CANCELED,,
2026-07-07T01:41:27Z,1303512026-07-06,13035,2026-07-06,CANCELED,,
2026-07-07T01:41:27Z,1578612026-07-06,15786,2026-07-06,CANCELED,,
2026-07-07T01:41:27Z,3503522026-07-06,35035,2026-07-06,CANCELED,,
2026-07-07T01:41:27Z,3503512026-07-06,35035,2026-07-06,CANCELED,,
2026-07-07T01:41:27Z,1821912026-07-06,18219,2026-07-06,CANCELED,,
2026-07-07T01:41:27Z,7182212026-07-06,71822,2026-07-06,CANCELED,,
2026-07-07T01:41:27Z,7183112026-07-06,71831,2026-07-06,CANCELED,,
2026-07-07T01:41:27Z,1390812026-07-06,13908,2026-07-06,CANCELED,,
2026-07-07T01:41:27Z,1390822026-07-06,13908,2026-07-06,CANCELED,,
2026-07-07T01:41:27Z,1390832026-07-06,13908,2026-07-06,CANCELED,,
2026-07-07T01:41:27Z,7185312026-07-06,71853,2026-07-06,CANCELED,,
2026-07-07T01:41:27Z,0309112026-07-06,03091,2026-07-06,CANCELED,,
2026-07-07T01:41:27Z,1301912026-07-06,13019,2026-07-06,CANCELED,,
2026-07-07T01:41:27Z,7187412026-07-06,71874,2026-07-06,CANCELED,,
2026-07-07T01:41:27Z,1303512026-07-06,13035,2026-07-06,CANCELED,,
2026-07-07T01:41:27Z,7187212026-07-06,71872,2026-07-06,CANCELED,,
2026-07-07T01:41:27Z,3503522026-07-06,35035,2026-07-06,CANCELED,,
2026-07-07T01:41:27Z,3503512026-07-06,35035,2026-07-06,CANCELED,,
2026-07-07T01:41:27Z,3803512026-07-06,38035,2026-07-06,CANCELED,,
2026-07-07T01:46:12Z,1305212026-07-06,13052,2026-07-06,CANCELED,,
2026-07-07T01:46:12Z,3890812026-07-06,38908,2026-07-06,CANCELED,,
2026-07-07T01:46:12Z,1322622026-07-06,13226,2026-07-06,CANCELED,,
2026-07-07T01:46:12Z,1570012026-07-06,15700,2026-07-06,CANCELED,,
2026-07-07T01:46:12Z,1303512026-07-06,13035,2026-07-06,CANCELED,,
2026-07-07T01:46:12Z,1572612026-07-06,15726,2026-07-06,CANCELED,,
2026-07-07T01:46:12Z,1578612026-07-06,15786,2026-07-06,CANCELED,,
2026-07-07T01:46:12Z,3503522026-07-06,35035,2026-07-06,CANCELED,,
2026-07-07T01:46:12Z,3503512026-07-06,35035,2026-07-06,CANCELED,,
2026-07-07T01:46:12Z,1821912026-07-06,18219,2026-07-06,CANCELED,,
2026-07-07T01:46:12Z,7182212026-07-06,71822,2026-07-06,CANCELED,,
2026-07-07T01:46:12Z,7183112026-07-06,71831,2026-07-06,CANCELED,,
2026-07-07T01:46:12Z,1390812026-07-06,13908,2026-07-06,CANCELED,,
2026-07-07T01:46:12Z,1390822026-07-06,13908,2026-07-06,CANCELED,,
2026-07-07T01:46:12Z,1390832026-07-06,13908,2026-07-06,CANCELED,,
2026-07-07T01:46:12Z,7185312026-07-06,71853,2026-07-06,CANCELED,,
2026-07-07T01:46:12Z,0309112026-07-06,03091,2026-07-06,CANCELED,,
2026-07-07T01:46:12Z,1301912026-07-06,13019,2026-07-06,CANCELED,,
2026-07-07T01:46:12Z,7187412026-07-06,71874,2026-07-06,CANCELED,,
2026-07-07T01:46:12Z,1303512026-07-06,13035,2026-07-06,CANCELED,,
2026-07-07T01:46:12Z,7187212026-07-06,71872,2026-07-06,CANCELED,,
2026-07-07T01:46:12Z,3503522026-07-06,35035,2026-07-06,CANCELED,,
2026-07-07T01:46:12Z,3503512026-07-06,35035,2026-07-06,CANCELED,,
2026-07-07T01:46:12Z,3803512026-07-06,38035,2026-07-06,CANCELED,,
2026-07-07T01:51:29Z,3890812026-07-06,38908,2026-07-06,CANCELED,,
2026-07-07T01:51:29Z,1305212026-07-06,13052,2026-07-06,CANCELED,,
2026-07-07T01:51:29Z,1570012026-07-06,15700,2026-07-06,CANCELED,,
2026-07-07T01:51:29Z,1322622026-07-06,13226,2026-07-06,CANCELED,,
2026-07-07T01:51:29Z,1303512026-07-06,13035,2026-07-06,CANCELED,,
2026-07-07T01:51:29Z,1572612026-07-06,15726,2026-07-06,CANCELED,,
2026-07-07T01:51:29Z,1578612026-07-06,15786,2026-07-06,CANCELED,,
2026-07-07T01:51:29Z,3503522026-07-06,35035,2026-07-06,CANCELED,,
2026-07-07T01:51:29Z,3503512026-07-06,35035,2026-07-06,CANCELED,,
2026-07-07T01:51:29Z,1821912026-07-06,18219,2026-07-06,CANCELED,,
2026-07-07T01:51:29Z,7182212026-07-06,71822,2026-07-06,CANCELED,,
2026-07-07T01:51:29Z,7183112026-07-06,71831,2026-07-06,CANCELED,,
2026-07-07T01:51:29Z,1390812026-07-06,13908,2026-07-06,CANCELED,,
2026-07-07T01:51:29Z,1390822026-07-06,13908,2026-07-06,CANCELED,,
2026-07-07T01:51:29Z,1390832026-07-06,13908,2026-07-06,CANCELED,,
2026-07-07T01:51:29Z,7185312026-07-06,71853,2026-07-06,CANCELED,,
2026-07-07T01:51:29Z,0309112026-07-06,03091,2026-07-06,CANCELED,,
2026-07-07T01:51:29Z,1301912026-07-06,13019,2026-07-06,CANCELED,,
2026-07-07T01:51:29Z,7187412026-07-06,71874,2026-07-06,CANCELED,,
2026-07-07T01:51:29Z,1303512026-07-06,13035,2026-07-06,CANCELED,,
2026-07-07T01:51:29Z,7187212026-07-06,71872,2026-07-06,CANCELED,,
2026-07-07T01:51:29Z,3503522026-07-06,35035,2026-07-06,CANCELED,,
2026-07-07T01:51:29Z,3503512026-07-06,35035,2026-07-06,CANCELED,,
2026-07-07T01:51:29Z,3803512026-07-06,38035,2026-07-06,CANCELED,,
2026-07-07T01:56:08Z,1305212026-07-06,13052,2026-07-06,CANCELED,,
2026-07-07T01:56:08Z,3890812026-07-06,38908,2026-07-06,CANCELED,,
2026-07-07T01:56:08Z,1322622026-07-06,13226,2026-07-06,CANCELED,,
2026-07-07T01:56:08Z,1570012026-07-06,15700,2026-07-06,CANCELED,,
2026-07-07T01:56:08Z,1303512026-07-06,13035,2026-07-06,CANCELED,,
2026-07-07T01:56:08Z,1572612026-07-06,15726,2026-07-06,CANCELED,,
2026-07-07T01:56:08Z,1578612026-07-06,15786,2026-07-06,CANCELED,,
2026-07-07T01:56:08Z,3503522026-07-06,35035,2026-07-06,CANCELED,,
2026-07-07T01:56:08Z,3503512026-07-06,35035,2026-07-06,CANCELED,,
2026-07-07T01:56:08Z,1821912026-07-06,18219,2026-07-06,CANCELED,,
2026-07-07T01:56:08Z,7182212026-07-06,71822,2026-07-06,CANCELED,,
2026-07-07T01:56:08Z,7183112026-07-06,71831,2026-07-06,CANCELED,,
2026-07-07T01:56:08Z,1390812026-07-06,13908,2026-07-06,CANCELED,,
2026-07-07T01:56:08Z,1390822026-07-06,13908,2026-07-06,CANCELED,,
2026-07-07T01:56:08Z,1390832026-07-06,13908,2026-07-06,CANCELED,,
2026-07-07T01:56:08Z,7185312026-07-06,71853,2026-07-06,CANCELED,,
2026-07-07T01:56:08Z,0309112026-07-06,03091,2026-07-06,CANCELED,,
2026-07-07T01:56:08Z,1301912026-07-06,13019,2026-07-06,CANCELED,,
2026-07-07T01:56:08Z,7187412026-07-06,71874,2026-07-06,CANCELED,,
2026-07-07T01:56:08Z,1303512026-07-06,13035,2026-07-06,CANCELED,,
2026-07-07T01:56:08Z,7187212026-07-06,71872,2026-07-06,CANCELED,,
2026-07-07T01:56:08Z,3503522026-07-06,35035,2026-07-06,CANCELED,,
2026-07-07T01:56:08Z,3503512026-07-06,35035,2026-07-06,CANCELED,,
2026-07-07T01:56:08Z,3803512026-07-06,38035,2026-07-06,CANCELED,,
2026-07-07T02:01:50Z,1305212026-07-06,13052,2026-07-06,CANCELED,,
2026-07-07T02:01:50Z,3890812026-07-06,38908,2026-07-06,CANCELED,,
2026-07-07T02:01:50Z,1570012026-07-06,15700,2026-07-06,CANCELED,,
2026-07-07T02:01:50Z,1322622026-07-06,13226,2026-07-06,CANCELED,,
2026-07-07T02:01:50Z,1572612026-07-06,15726,2026-07-06,CANCELED,,
2026-07-07T02:01:50Z,1303512026-07-06,13035,2026-07-06,CANCELED,,
2026-07-07T02:01:50Z,1578612026-07-06,15786,2026-07-06,CANCELED,,
2026-07-07T02:01:50Z,1821912026-07-06,18219,2026-07-06,CANCELED,,
2026-07-07T02:01:50Z,3503522026-07-06,35035,2026-07-06,CANCELED,,
2026-07-07T02:01:50Z,3503512026-07-06,35035,2026-07-06,CANCELED,,
2026-07-07T02:01:50Z,7182212026-07-06,71822,2026-07-06,CANCELED,,
2026-07-07T02:01:50Z,7183112026-07-06,71831,2026-07-06,CANCELED,,
2026-07-07T02:01:50Z,7185312026-07-06,71853,2026-07-06,CANCELED,,
2026-07-07T02:01:50Z,1390812026-07-06,13908,2026-07-06,CANCELED,,
2026-07-07T02:01:50Z,1390822026-07-06,13908,2026-07-06,CANCELED,,
2026-07-07T02:01:50Z,1390832026-07-06,13908,2026-07-06,CANCELED,,
2026-07-07T02:01:50Z,0309112026-07-06,03091,2026-07-06,CANCELED,,
2026-07-07T02:01:50Z,7187412026-07-06,71874,2026-07-06,CANCELED,,
2026-07-07T02:01:50Z,1301912026-07-06,13019,2026-07-06,CANCELED,,
2026-07-07T02:01:50Z,1303512026-07-06,13035,2026-07-06,CANCELED,,
2026-07-07T02:01:50Z,7187212026-07-06,71872,2026-07-06,CANCELED,,
2026-07-07T02:01:50Z,3503522026-07-06,35035,2026-07-06,CANCELED,,
2026-07-07T02:01:50Z,3503512026-07-06,35035,2026-07-06,CANCELED,,
2026-07-07T02:01:50Z,3803512026-07-06,38035,2026-07-06,CANCELED,,
2026-07-07T02:06:07Z,3890812026-07-06,38908,2026-07-06,CANCELED,,
2026-07-07T02:06:07Z,1305212026-07-06,13052,2026-07-06,CANCELED,,
2026-07-07T02:06:07Z,1570012026-07-06,15700,2026-07-06,CANCELED,,
2026-07-07T02:06:07Z,1322622026-07-06,13226,2026-07-06,CANCELED,,
2026-07-07T02:06:07Z,1572612026-07-06,15726,2026-07-06,CANCELED,,
2026-07-07T02:06:07Z,1303512026-07-06,13035,2026-07-06,CANCELED,,
2026-07-07T02:06:07Z,1578612026-07-06,15786,2026-07-06,CANCELED,,
2026-07-07T02:06:07Z,1821912026-07-06,18219,2026-07-06,CANCELED,,
2026-07-07T02:06:07Z,3503522026-07-06,35035,2026-07-06,CANCELED,,
2026-07-07T02:06:07Z,3503512026-07-06,35035,2026-07-06,CANCELED,,
2026-07-07T02:06:07Z,7182212026-07-06,71822,2026-07-06,CANCELED,,
2026-07-07T02:06:07Z,7183112026-07-06,71831,2026-07-06,CANCELED,,
2026-07-07T02:06:07Z,1390812026-07-06,13908,2026-07-06,CANCELED,,
2026-07-07T02:06:07Z,1390822026-07-06,13908,2026-07-06,CANCELED,,
2026-07-07T02:06:07Z,1390832026-07-06,13908,2026-07-06,CANCELED,,
2026-07-07T02:06:07Z,7185312026-07-06,71853,2026-07-06,CANCELED,,
2026-07-07T02:06:07Z,0309112026-07-06,03091,2026-07-06,CANCELED,,
2026-07-07T02:06:07Z,1301912026-07-06,13019,2026-07-06,CANCELED,,
2026-07-07T02:06:07Z,7187412026-07-06,71874,2026-07-06,CANCELED,,
2026-07-07T02:06:07Z,1303512026-07-06,13035,2026-07-06,CANCELED,,
2026-07-07T02:06:07Z,7187212026-07-06,71872,2026-07-06,CANCELED,,
2026-07-07T02:06:07Z,3503522026-07-06,35035,2026-07-06,CANCELED,,
2026-07-07T02:06:07Z,3503512026-07-06,35035,2026-07-06,CANCELED,,
2026-07-07T02:06:07Z,3803512026-07-06,38035,2026-07-06,CANCELED,,
2026-07-07T02:11:26Z,1305212026-07-06,13052,2026-07-06,CANCELED,,
2026-07-07T02:11:26Z,3890812026-07-06,38908,2026-07-06,CANCELED,,
2026-07-07T02:11:26Z,1322622026-07-06,13226,2026-07-06,CANCELED,,
2026-07-07T02:11:26Z,1570012026-07-06,15700,2026-07-06,CANCELED,,
2026-07-07T02:11:26Z,1303512026-07-06,13035,2026-07-06,CANCELED,,
2026-07-07T02:11:26Z,1572612026-07-06,15726,2026-07-06,CANCELED,,
2026-07-07T02:11:26Z,1578612026-07-06,15786,2026-07-06,CANCELED,,
2026-07-07T02:11:26Z,3503522026-07-06,35035,2026-07-06,CANCELED,,
2026-07-07T02:11:26Z,3503512026-07-06,35035,2026-07-06,CANCELED,,
2026-07-07T02:11:26Z,1821912026-07-06,18219,2026-07-06,CANCELED,,
2026-07-07T02:11:26Z,7182212026-07-06,71822,2026-07-06,CANCELED,,
2026-07-07T02:11:26Z,7183112026-07-06,71831,2026-07-06,CANCELED,,
2026-07-07T02:11:26Z,1390812026-07-06,13908,2026-07-06,CANCELED,,
2026-07-07T02:11:26Z,1390822026-07-06,13908,2026-07-06,CANCELED,,
2026-07-07T02:11:26Z,1390832026-07-06,13908,2026-07-06,CANCELED,,
2026-07-07T02:11:26Z,7185312026-07-06,71853,2026-07-06,CANCELED,,
2026-07-07T02:11:26Z,0309112026-07-06,03091,2026-07-06,CANCELED,,
2026-07-07T02:11:26Z,1301912026-07-06,13019,2026-07-06,CANCELED,,
2026-07-07T02:11:26Z,7187412026-07-06,71874,2026-07-06,CANCELED,,
2026-07-07T02:11:26Z,1303512026-07-06,13035,2026-07-06,CANCELED,,
2026-07-07T02:11:26Z,7187212026-07-06,71872,2026-07-06,CANCELED,,
2026-07-07T02:11:26Z,3503522026-07-06,35035,2026-07-06,CANCELED,,
2026-07-07T02:11:26Z,3503512026-07-06,35035,2026-07-06,CANCELED,,
2026-07-07T02:11:26Z,3803512026-07-06,38035,2026-07-06,CANCELED,,
2026-07-07T02:16:14Z,1305212026-07-06,13052,2026-07-06,CANCELED,,
2026-07-07T02:16:14Z,3890812026-07-06,38908,2026-07-06,CANCELED,,
2026-07-07T02:16:14Z,1570012026-07-06,15700,2026-07-06,CANCELED,,
2026-07-07T02:16:14Z,1322622026-07-06,13226,2026-07-06,CANCELED,,
2026-07-07T02:16:14Z,1303512026-07-06,13035,2026-07-06,CANCELED,,
2026-07-07T02:16:14Z,1572612026-07-06,15726,2026-07-06,CANCELED,,
2026-07-07T02:16:14Z,1578612026-07-06,15786,2026-07-06,CANCELED,,
2026-07-07T02:16:14Z,1821912026-07-06,18219,2026-07-06,CANCELED,,
2026-07-07T02:16:14Z,3503522026-07-06,35035,2026-07-06,CANCELED,,
2026-07-07T02:16:14Z,3503512026-07-06,35035,2026-07-06,CANCELED,,
2026-07-07T02:16:14Z,7182212026-07-06,71822,2026-07-06,CANCELED,,
2026-07-07T02:16:14Z,7183112026-07-06,71831,2026-07-06,CANCELED,,
2026-07-07T02:16:14Z,7185312026-07-06,71853,2026-07-06,CANCELED,,
2026-07-07T02:16:14Z,1390812026-07-06,13908,2026-07-06,CANCELED,,
2026-07-07T02:16:14Z,1390822026-07-06,13908,2026-07-06,CANCELED,,
2026-07-07T02:16:14Z,1390832026-07-06,13908,2026-07-06,CANCELED,,
2026-07-07T02:16:14Z,0309112026-07-06,03091,2026-07-06,CANCELED,,
2026-07-07T02:16:14Z,7187412026-07-06,71874,2026-07-06,CANCELED,,
2026-07-07T02:16:14Z,1301912026-07-06,13019,2026-07-06,CANCELED,,
2026-07-07T02:16:14Z,7187212026-07-06,71872,2026-07-06,CANCELED,,
2026-07-07T02:16:14Z,1303512026-07-06,13035,2026-07-06,CANCELED,,
2026-07-07T02:16:14Z,3503522026-07-06,35035,2026-07-06,CANCELED,,
2026-07-07T02:16:14Z,3503512026-07-06,35035,2026-07-06,CANCELED,,
2026-07-07T02:16:14Z,3803512026-07-06,38035,2026-07-06,CANCELED,,
2026-07-07T02:21:30Z,3890812026-07-06,38908,2026-07-06,CANCELED,,
2026-07-07T02:21:30Z,1305212026-07-06,13052,2026-07-06,CANCELED,,
2026-07-07T02:21:30Z,1322622026-07-06,13226,2026-07-06,CANCELED,,
2026-07-07T02:21:30Z,1570012026-07-06,15700,2026-07-06,CANCELED,,
2026-07-07T02:21:30Z,1303512026-07-06,13035,2026-07-06,CANCELED,,
2026-07-07T02:21:30Z,1572612026-07-06,15726,2026-07-06,CANCELED,,
2026-07-07T02:21:30Z,1578612026-07-06,15786,2026-07-06,CANCELED,,
2026-07-07T02:21:30Z,3503522026-07-06,35035,2026-07-06,CANCELED,,
2026-07-07T02:21:30Z,3503512026-07-06,35035,2026-07-06,CANCELED,,
2026-07-07T02:21:30Z,1821912026-07-06,18219,2026-07-06,CANCELED,,
2026-07-07T02:21:30Z,7182212026-07-06,71822,2026-07-06,CANCELED,,
2026-07-07T02:21:30Z,7183112026-07-06,71831,2026-07-06,CANCELED,,
2026-07-07T02:21:30Z,1390812026-07-06,13908,2026-07-06,CANCELED,,
2026-07-07T02:21:30Z,1390822026-07-06,13908,2026-07-06,CANCELED,,
2026-07-07T02:21:30Z,1390832026-07-06,13908,2026-07-06,CANCELED,,
2026-07-07T02:21:30Z,7185312026-07-06,71853,2026-07-06,CANCELED,,
2026-07-07T02:21:30Z,0309112026-07-06,03091,2026-07-06,CANCELED,,
2026-07-07T02:21:30Z,1301912026-07-06,13019,2026-07-06,CANCELED,,
2026-07-07T02:21:30Z,7187412026-07-06,71874,2026-07-06,CANCELED,,
2026-07-07T02:21:30Z,1303512026-07-06,13035,2026-07-06,CANCELED,,
2026-07-07T02:21:30Z,7187212026-07-06,71872,2026-07-06,CANCELED,,
2026-07-07T02:21:30Z,3503522026-07-06,35035,2026-07-06,CANCELED,,
2026-07-07T02:21:30Z,3503512026-07-06,35035,2026-07-06,CANCELED,,
2026-07-07T02:21:30Z,3803512026-07-06,38035,2026-07-06,CANCELED,,
2026-07-07T02:26:08Z,1305212026-07-06,13052,2026-07-06,CANCELED,,
2026-07-07T02:26:08Z,3890812026-07-06,38908,2026-07-06,CANCELED,,
2026-07-07T02:26:08Z,1322622026-07-06,13226,2026-07-06,CANCELED,,
2026-07-07T02:26:08Z,1570012026-07-06,15700,2026-07-06,CANCELED,,
2026-07-07T02:26:08Z,1303512026-07-06,13035,2026-07-06,CANCELED,,
2026-07-07T02:26:08Z,1572612026-07-06,15726,2026-07-06,CANCELED,,
2026-07-07T02:26:08Z,1578612026-07-06,15786,2026-07-06,CANCELED,,
2026-07-07T02:26:08Z,3503522026-07-06,35035,2026-07-06,CANCELED,,
2026-07-07T02:26:08Z,3503512026-07-06,35035,2026-07-06,CANCELED,,
2026-07-07T02:26:08Z,1821912026-07-06,18219,2026-07-06,CANCELED,,
2026-07-07T02:26:08Z,7182212026-07-06,71822,2026-07-06,CANCELED,,
2026-07-07T02:26:08Z,7183112026-07-06,71831,2026-07-06,CANCELED,,
2026-07-07T02:26:08Z,1390812026-07-06,13908,2026-07-06,CANCELED,,
2026-07-07T02:26:08Z,1390822026-07-06,13908,2026-07-06,CANCELED,,
2026-07-07T02:26:08Z,1390832026-07-06,13908,2026-07-06,CANCELED,,
2026-07-07T02:26:08Z,7185312026-07-06,71853,2026-07-06,CANCELED,,
2026-07-07T02:26:08Z,0309112026-07-06,03091,2026-07-06,CANCELED,,
2026-07-07T02:26:08Z,1301912026-07-06,13019,2026-07-06,CANCELED,,
2026-07-07T02:26:08Z,7187412026-07-06,71874,2026-07-06,CANCELED,,
2026-07-07T02:26:08Z,1303512026-07-06,13035,2026-07-06,CANCELED,,
2026-07-07T02:26:08Z,7187212026-07-06,71872,2026-07-06,CANCELED,,
2026-07-07T02:26:08Z,3503522026-07-06,35035,2026-07-06,CANCELED,,
2026-07-07T02:26:08Z,3503512026-07-06,35035,2026-07-06,CANCELED,,
2026-07-07T02:26:08Z,3803512026-07-06,38035,2026-07-06,CANCELED,,
2026-07-07T02:31:41Z,3890812026-07-06,38908,2026-07-06,CANCELED,,
2026-07-07T02:31:41Z,1305212026-07-06,13052,2026-07-06,CANCELED,,
2026-07-07T02:31:41Z,1570012026-07-06,15700,2026-07-06,CANCELED,,
2026-07-07T02:31:41Z,1322622026-07-06,13226,2026-07-06,CANCELED,,
2026-07-07T02:31:41Z,1572612026-07-06,15726,2026-07-06,CANCELED,,
2026-07-07T02:31:41Z,1303512026-07-06,13035,2026-07-06,CANCELED,,
2026-07-07T02:31:41Z,1578612026-07-06,15786,2026-07-06,CANCELED,,
2026-07-07T02:31:41Z,1821912026-07-06,18219,2026-07-06,CANCELED,,
2026-07-07T02:31:41Z,3503522026-07-06,35035,2026-07-06,CANCELED,,
2026-07-07T02:31:41Z,3503512026-07-06,35035,2026-07-06,CANCELED,,
2026-07-07T02:31:41Z,7182212026-07-06,71822,2026-07-06,CANCELED,,
2026-07-07T02:31:41Z,7183112026-07-06,71831,2026-07-06,CANCELED,,
2026-07-07T02:31:41Z,7185312026-07-06,71853,2026-07-06,CANCELED,,
2026-07-07T02:31:41Z,1390812026-07-06,13908,2026-07-06,CANCELED,,
2026-07-07T02:31:41Z,1390822026-07-06,13908,2026-07-06,CANCELED,,
2026-07-07T02:31:41Z,1390832026-07-06,13908,2026-07-06,CANCELED,,
2026-07-07T02:31:41Z,0309112026-07-06,03091,2026-07-06,CANCELED,,
2026-07-07T02:31:41Z,7187412026-07-06,71874,2026-07-06,CANCELED,,
2026-07-07T02:31:41Z,1301912026-07-06,13019,2026-07-06,CANCELED,,
2026-07-07T02:31:41Z,7187212026-07-06,71872,2026-07-06,CANCELED,,
2026-07-07T02:31:41Z,1303512026-07-06,13035,2026-07-06,CANCELED,,
2026-07-07T02:31:41Z,3503522026-07-06,35035,2026-07-06,CANCELED,,
2026-07-07T02:31:41Z,3503512026-07-06,35035,2026-07-06,CANCELED,,
2026-07-07T02:31:41Z,3803512026-07-06,38035,2026-07-06,CANCELED,,
2026-07-07T02:36:07Z,3890812026-07-06,38908,2026-07-06,CANCELED,,
2026-07-07T02:36:07Z,1305212026-07-06,13052,2026-07-06,CANCELED,,
2026-07-07T02:36:07Z,1570012026-07-06,15700,2026-07-06,CANCELED,,
2026-07-07T02:36:07Z,1322622026-07-06,13226,2026-07-06,CANCELED,,
2026-07-07T02:36:07Z,1572612026-07-06,15726,2026-07-06,CANCELED,,
2026-07-07T02:36:07Z,1303512026-07-06,13035,2026-07-06,CANCELED,,
2026-07-07T02:36:07Z,1578612026-07-06,15786,2026-07-06,CANCELED,,
2026-07-07T02:36:07Z,1821912026-07-06,18219,2026-07-06,CANCELED,,
2026-07-07T02:36:07Z,3503522026-07-06,35035,2026-07-06,CANCELED,,
2026-07-07T02:36:07Z,3503512026-07-06,35035,2026-07-06,CANCELED,,
2026-07-07T02:36:07Z,7182212026-07-06,71822,2026-07-06,CANCELED,,
2026-07-07T02:36:07Z,7183112026-07-06,71831,2026-07-06,CANCELED,,
2026-07-07T02:36:07Z,7185312026-07-06,71853,2026-07-06,CANCELED,,
2026-07-07T02:36:07Z,1390812026-07-06,13908,2026-07-06,CANCELED,,
2026-07-07T02:36:07Z,1390822026-07-06,13908,2026-07-06,CANCELED,,
2026-07-07T02:36:07Z,1390832026-07-06,13908,2026-07-06,CANCELED,,
2026-07-07T02:36:07Z,0309112026-07-06,03091,2026-07-06,CANCELED,,
2026-07-07T02:36:07Z,7187412026-07-06,71874,2026-07-06,CANCELED,,
2026-07-07T02:36:07Z,1301912026-07-06,13019,2026-07-06,CANCELED,,
2026-07-07T02:36:07Z,7187212026-07-06,71872,2026-07-06,CANCELED,,
2026-07-07T02:36:07Z,1303512026-07-06,13035,2026-07-06,CANCELED,,
2026-07-07T02:36:07Z,3503522026-07-06,35035,2026-07-06,CANCELED,,
2026-07-07T02:36:07Z,3503512026-07-06,35035,2026-07-06,CANCELED,,
2026-07-07T02:36:07Z,3803512026-07-06,38035,2026-07-06,CANCELED,,
2026-07-07T02:41:28Z,1305212026-07-06,13052,2026-07-06,CANCELED,,
2026-07-07T02:41:28Z,3890812026-07-06,38908,2026-07-06,CANCELED,,
2026-07-07T02:41:28Z,1322622026-07-06,13226,2026-07-06,CANCELED,,
2026-07-07T02:41:28Z,1570012026-07-06,15700,2026-07-06,CANCELED,,
2026-07-07T02:41:28Z,1303512026-07-06,13035,2026-07-06,CANCELED,,
2026-07-07T02:41:28Z,1572612026-07-06,15726,2026-07-06,CANCELED,,
2026-07-07T02:41:28Z,3503522026-07-06,35035,2026-07-06,CANCELED,,
2026-07-07T02:41:28Z,3503512026-07-06,35035,2026-07-06,CANCELED,,
2026-07-07T02:41:28Z,1578612026-07-06,15786,2026-07-06,CANCELED,,
2026-07-07T02:41:28Z,1821912026-07-06,18219,2026-07-06,CANCELED,,
2026-07-07T02:41:28Z,7182212026-07-06,71822,2026-07-06,CANCELED,,
2026-07-07T02:41:28Z,1390812026-07-06,13908,2026-07-06,CANCELED,,
2026-07-07T02:41:28Z,1390822026-07-06,13908,2026-07-06,CANCELED,,
2026-07-07T02:41:28Z,1390832026-07-06,13908,2026-07-06,CANCELED,,
2026-07-07T02:41:28Z,7183112026-07-06,71831,2026-07-06,CANCELED,,
2026-07-07T02:41:28Z,0309112026-07-06,03091,2026-07-06,CANCELED,,
2026-07-07T02:41:28Z,7185312026-07-06,71853,2026-07-06,CANCELED,,
2026-07-07T02:41:28Z,1301912026-07-06,13019,2026-07-06,CANCELED,,
2026-07-07T02:41:28Z,1303512026-07-06,13035,2026-07-06,CANCELED,,
2026-07-07T02:41:28Z,7187412026-07-06,71874,2026-07-06,CANCELED,,
2026-07-07T02:41:28Z,7187212026-07-06,71872,2026-07-06,CANCELED,,
2026-07-07T02:41:28Z,3503522026-07-06,35035,2026-07-06,CANCELED,,
2026-07-07T02:41:28Z,3503512026-07-06,35035,2026-07-06,CANCELED,,
2026-07-07T02:41:28Z,3803512026-07-06,38035,2026-07-06,CANCELED,,
2026-07-07T02:46:12Z,3890812026-07-06,38908,2026-07-06,CANCELED,,
2026-07-07T02:46:12Z,1305212026-07-06,13052,2026-07-06,CANCELED,,
2026-07-07T02:46:12Z,1570012026-07-06,15700,2026-07-06,CANCELED,,
2026-07-07T02:46:12Z,1322622026-07-06,13226,2026-07-06,CANCELED,,
2026-07-07T02:46:12Z,1572612026-07-06,15726,2026-07-06,CANCELED,,
2026-07-07T02:46:12Z,1303512026-07-06,13035,2026-07-06,CANCELED,,
2026-07-07T02:46:12Z,1578612026-07-06,15786,2026-07-06,CANCELED,,
2026-07-07T02:46:12Z,1821912026-07-06,18219,2026-07-06,CANCELED,,
2026-07-07T02:46:12Z,3503522026-07-06,35035,2026-07-06,CANCELED,,
2026-07-07T02:46:12Z,3503512026-07-06,35035,2026-07-06,CANCELED,,
2026-07-07T02:46:12Z,7182212026-07-06,71822,2026-07-06,CANCELED,,
2026-07-07T02:46:12Z,7183112026-07-06,71831,2026-07-06,CANCELED,,
2026-07-07T02:46:12Z,1390812026-07-06,13908,2026-07-06,CANCELED,,
2026-07-07T02:46:12Z,1390822026-07-06,13908,2026-07-06,CANCELED,,
2026-07-07T02:46:12Z,1390832026-07-06,13908,2026-07-06,CANCELED,,
2026-07-07T02:46:12Z,7185312026-07-06,71853,2026-07-06,CANCELED,,
2026-07-07T02:46:12Z,0309112026-07-06,03091,2026-07-06,CANCELED,,
2026-07-07T02:46:12Z,1301912026-07-06,13019,2026-07-06,CANCELED,,
2026-07-07T02:46:12Z,7187412026-07-06,71874,2026-07-06,CANCELED,,
2026-07-07T02:46:12Z,1303512026-07-06,13035,2026-07-06,CANCELED,,
2026-07-07T02:46:12Z,7187212026-07-06,71872,2026-07-06,CANCELED,,
2026-07-07T02:46:12Z,3503522026-07-06,35035,2026-07-06,CANCELED,,
2026-07-07T02:46:12Z,3503512026-07-06,35035,2026-07-06,CANCELED,,
2026-07-07T02:46:12Z,3803512026-07-06,38035,2026-07-06,CANCELED,,
2026-07-07T02:51:29Z,3890812026-07-06,38908,2026-07-06,CANCELED,,
2026-07-07T02:51:29Z,1305212026-07-06,13052,2026-07-06,CANCELED,,
2026-07-07T02:51:29Z,1570012026-07-06,15700,2026-07-06,CANCELED,,
2026-07-07T02:51:29Z,1322622026-07-06,13226,2026-07-06,CANCELED,,
2026-07-07T02:51:29Z,1572612026-07-06,15726,2026-07-06,CANCELED,,
2026-07-07T02:51:29Z,1303512026-07-06,13035,2026-07-06,CANCELED,,
2026-07-07T02:51:29Z,1578612026-07-06,15786,2026-07-06,CANCELED,,
2026-07-07T02:51:29Z,1821912026-07-06,18219,2026-07-06,CANCELED,,
2026-07-07T02:51:29Z,3503522026-07-06,35035,2026-07-06,CANCELED,,
2026-07-07T02:51:29Z,3503512026-07-06,35035,2026-07-06,CANCELED,,
2026-07-07T02:51:29Z,7182212026-07-06,71822,2026-07-06,CANCELED,,
2026-07-07T02:51:29Z,7183112026-07-06,71831,2026-07-06,CANCELED,,
2026-07-07T02:51:29Z,7185312026-07-06,71853,2026-07-06,CANCELED,,
2026-07-07T02:51:29Z,1390812026-07-06,13908,2026-07-06,CANCELED,,
2026-07-07T02:51:29Z,1390822026-07-06,13908,2026-07-06,CANCELED,,
2026-07-07T02:51:29Z,1390832026-07-06,13908,2026-07-06,CANCELED,,
2026-07-07T02:51:29Z,0309112026-07-06,03091,2026-07-06,CANCELED,,
2026-07-07T02:51:29Z,7187412026-07-06,71874,2026-07-06,CANCELED,,
2026-07-07T02:51:29Z,1301912026-07-06,13019,2026-07-06,CANCELED,,
2026-07-07T02:51:29Z,7187212026-07-06,71872,2026-07-06,CANCELED,,
2026-07-07T02:51:29Z,1303512026-07-06,13035,2026-07-06,CANCELED,,
2026-07-07T02:51:29Z,3503522026-07-06,35035,2026-07-06,CANCELED,,
2026-07-07T02:51:29Z,3503512026-07-06,35035,2026-07-06,CANCELED,,
2026-07-07T02:51:29Z,3803512026-07-06,38035,2026-07-06,CANCELED,,
2026-07-07T02:56:04Z,1303512026-07-06,13035,2026-07-06,CANCELED,,
2026-07-07T02:56:04Z,3503522026-07-06,35035,2026-07-06,CANCELED,,
2026-07-07T02:56:04Z,3503512026-07-06,35035,2026-07-06,CANCELED,,
2026-07-07T02:56:04Z,3503522026-07-06,35035,2026-07-06,CANCELED,,
2026-07-07T02:56:04Z,3503512026-07-06,35035,2026-07-06,CANCELED,,
2026-07-07T02:56:04Z,3803512026-07-06,38035,2026-07-06,CANCELED,,
2026-07-07T02:56:04Z,1305212026-07-06,13052,2026-07-06,CANCELED,,
2026-07-07T02:56:04Z,1322622026-07-06,13226,2026-07-06,CANCELED,,
2026-07-07T02:56:04Z,1390812026-07-06,13908,2026-07-06,CANCELED,,
2026-07-07T02:56:04Z,1390822026-07-06,13908,2026-07-06,CANCELED,,
2026-07-07T02:56:04Z,1390832026-07-06,13908,2026-07-06,CANCELED,,
2026-07-07T02:56:04Z,1303512026-07-06,13035,2026-07-06,CANCELED,,
2026-07-07T02:56:04Z,3890812026-07-06,38908,2026-07-06,CANCELED,,
2026-07-07T02:56:04Z,0309112026-07-06,03091,2026-07-06,CANCELED,,
2026-07-07T02:56:04Z,1570012026-07-06,15700,2026-07-06,CANCELED,,
2026-07-07T02:56:04Z,1300112026-07-06,13001,2026-07-06,CANCELED,,
2026-07-07T02:56:04Z,1572612026-07-06,15726,2026-07-06,CANCELED,,
2026-07-07T02:56:04Z,1578612026-07-06,15786,2026-07-06,CANCELED,,
2026-07-07T02:56:04Z,3500122026-07-06,35001,2026-07-06,CANCELED,,
2026-07-07T02:56:04Z,3500112026-07-06,35001,2026-07-06,CANCELED,,
2026-07-07T02:56:04Z,1821912026-07-06,18219,2026-07-06,CANCELED,,
2026-07-07T02:56:04Z,1300812026-07-06,13008,2026-07-06,CANCELED,,
2026-07-07T02:56:04Z,7182212026-07-06,71822,2026-07-06,CANCELED,,
2026-07-07T02:56:04Z,1301512026-07-06,13015,2026-07-06,CANCELED,,
2026-07-07T02:56:04Z,7183112026-07-06,71831,2026-07-06,CANCELED,,
2026-07-07T02:56:04Z,1301912026-07-06,13019,2026-07-06,CANCELED,,
2026-07-07T02:56:04Z,7185312026-07-06,71853,2026-07-06,CANCELED,,
2026-07-07T02:56:04Z,7187412026-07-06,71874,2026-07-06,CANCELED,,
2026-07-07T02:56:04Z,7187212026-07-06,71872,2026-07-06,CANCELED,,
2026-07-07T03:01:51Z,1303512026-07-06,13035,2026-07-06,CANCELED,,
2026-07-07T03:01:51Z,3503522026-07-06,35035,2026-07-06,CANCELED,,
2026-07-07T03:01:51Z,3503512026-07-06,35035,2026-07-06,CANCELED,,
2026-07-07T03:01:51Z,3503522026-07-06,35035,2026-07-06,CANCELED,,
2026-07-07T03:01:51Z,3503512026-07-06,35035,2026-07-06,CANCELED,,
2026-07-07T03:01:51Z,3803512026-07-06,38035,2026-07-06,CANCELED,,
2026-07-07T03:01:51Z,1390812026-07-06,13908,2026-07-06,CANCELED,,
2026-07-07T03:01:51Z,1390822026-07-06,13908,2026-07-06,CANCELED,,
2026-07-07T03:01:51Z,1390832026-07-06,13908,2026-07-06,CANCELED,,
2026-07-07T03:01:51Z,1305212026-07-06,13052,2026-07-06,CANCELED,,
2026-07-07T03:01:51Z,3890812026-07-06,38908,2026-07-06,CANCELED,,
2026-07-07T03:01:51Z,1322622026-07-06,13226,2026-07-06,CANCELED,,
2026-07-07T03:01:51Z,1570012026-07-06,15700,2026-07-06,CANCELED,,
2026-07-07T03:01:51Z,1303512026-07-06,13035,2026-07-06,CANCELED,,
2026-07-07T03:01:51Z,1572612026-07-06,15726,2026-07-06,CANCELED,,
2026-07-07T03:01:51Z,0309112026-07-06,03091,2026-07-06,CANCELED,,
2026-07-07T03:01:51Z,1578612026-07-06,15786,2026-07-06,CANCELED,,
2026-07-07T03:01:51Z,1300112026-07-06,13001,2026-07-06,CANCELED,,
2026-07-07T03:01:51Z,1821912026-07-06,18219,2026-07-06,CANCELED,,
2026-07-07T03:01:51Z,7182212026-07-06,71822,2026-07-06,CANCELED,,
2026-07-07T03:01:51Z,3500122026-07-06,35001,2026-07-06,CANCELED,,
2026-07-07T03:01:51Z,3500112026-07-06,35001,2026-07-06,CANCELED,,
2026-07-07T03:01:51Z,7183112026-07-06,71831,2026-07-06,CANCELED,,
2026-07-07T03:01:51Z,1300812026-07-06,13008,2026-07-06,CANCELED,,
2026-07-07T03:01:51Z,7185312026-07-06,71853,2026-07-06,CANCELED,,
2026-07-07T03:01:51Z,1301512026-07-06,13015,2026-07-06,CANCELED,,
2026-07-07T03:01:51Z,1301912026-07-06,13019,2026-07-06,CANCELED,,
2026-07-07T03:01:51Z,7187412026-07-06,71874,2026-07-06,CANCELED,,
2026-07-07T03:01:51Z,7187212026-07-06,71872,2026-07-06,CANCELED,,
2026-07-07T03:06:09Z,1562012026-07-06,15620,2026-07-06,SCHEDULED,0,0.0
2026-07-07T03:06:09Z,0405612026-07-07,04056,2026-07-07,SCHEDULED,60,1.0
2026-07-07T03:06:09Z,1303512026-07-06,13035,2026-07-06,CANCELED,,
2026-07-07T03:06:09Z,3503522026-07-06,35035,2026-07-06,CANCELED,,
2026-07-07T03:06:09Z,3503512026-07-06,35035,2026-07-06,CANCELED,,
2026-07-07T03:06:09Z,3503522026-07-06,35035,2026-07-06,CANCELED,,
2026-07-07T03:06:09Z,3503512026-07-06,35035,2026-07-06,CANCELED,,
2026-07-07T03:06:09Z,3803512026-07-06,38035,2026-07-06,CANCELED,,
2026-07-07T03:06:09Z,1390812026-07-06,13908,2026-07-06,CANCELED,,
2026-07-07T03:06:09Z,1390822026-07-06,13908,2026-07-06,CANCELED,,
2026-07-07T03:06:09Z,1390832026-07-06,13908,2026-07-06,CANCELED,,
2026-07-07T03:06:09Z,1305212026-07-06,13052,2026-07-06,CANCELED,,
2026-07-07T03:06:09Z,3890812026-07-06,38908,2026-07-06,CANCELED,,
2026-07-07T03:06:09Z,1322622026-07-06,13226,2026-07-06,CANCELED,,
2026-07-07T03:06:09Z,1570012026-07-06,15700,2026-07-06,CANCELED,,
2026-07-07T03:06:09Z,1303512026-07-06,13035,2026-07-06,CANCELED,,
2026-07-07T03:06:09Z,0309112026-07-06,03091,2026-07-06,CANCELED,,
2026-07-07T03:06:09Z,1572612026-07-06,15726,2026-07-06,CANCELED,,
2026-07-07T03:06:09Z,1300112026-07-06,13001,2026-07-06,CANCELED,,
2026-07-07T03:06:09Z,1578612026-07-06,15786,2026-07-06,CANCELED,,
2026-07-07T03:06:09Z,1821912026-07-06,18219,2026-07-06,CANCELED,,
2026-07-07T03:06:09Z,3500122026-07-06,35001,2026-07-06,CANCELED,,
2026-07-07T03:06:09Z,3500112026-07-06,35001,2026-07-06,CANCELED,,
2026-07-07T03:06:09Z,7182212026-07-06,71822,2026-07-06,CANCELED,,
2026-07-07T03:06:09Z,1300812026-07-06,13008,2026-07-06,CANCELED,,
2026-07-07T03:06:09Z,7183112026-07-06,71831,2026-07-06,CANCELED,,
2026-07-07T03:06:09Z,1301512026-07-06,13015,2026-07-06,CANCELED,,
2026-07-07T03:06:09Z,7185312026-07-06,71853,2026-07-06,CANCELED,,
2026-07-07T03:06:09Z,1301912026-07-06,13019,2026-07-06,CANCELED,,
2026-07-07T03:06:09Z,7187412026-07-06,71874,2026-07-06,CANCELED,,
2026-07-07T03:06:09Z,7187212026-07-06,71872,2026-07-06,CANCELED,,
2026-07-07T03:11:25Z,1562012026-07-06,15620,2026-07-06,SCHEDULED,0,0.0
2026-07-07T03:11:25Z,1251212026-07-06,12512,2026-07-06,SCHEDULED,120,2.0
2026-07-07T03:11:25Z,1454112026-07-06,14541,2026-07-06,SCHEDULED,0,0.0
2026-07-07T03:11:25Z,1454122026-07-06,14541,2026-07-06,SCHEDULED,0,0.0
2026-07-07T03:11:25Z,1454132026-07-06,14541,2026-07-06,SCHEDULED,0,0.0
2026-07-07T03:11:25Z,0405612026-07-07,04056,2026-07-07,SCHEDULED,120,2.0
2026-07-07T03:11:25Z,1303512026-07-06,13035,2026-07-06,CANCELED,,
2026-07-07T03:11:25Z,3503522026-07-06,35035,2026-07-06,CANCELED,,
2026-07-07T03:11:25Z,3503512026-07-06,35035,2026-07-06,CANCELED,,
2026-07-07T03:11:25Z,3503522026-07-06,35035,2026-07-06,CANCELED,,
2026-07-07T03:11:25Z,3503512026-07-06,35035,2026-07-06,CANCELED,,
2026-07-07T03:11:25Z,3803512026-07-06,38035,2026-07-06,CANCELED,,
2026-07-07T03:11:25Z,1390812026-07-06,13908,2026-07-06,CANCELED,,
2026-07-07T03:11:25Z,1390822026-07-06,13908,2026-07-06,CANCELED,,
2026-07-07T03:11:25Z,1390832026-07-06,13908,2026-07-06,CANCELED,,
2026-07-07T03:11:25Z,1305212026-07-06,13052,2026-07-06,CANCELED,,
2026-07-07T03:11:25Z,3890812026-07-06,38908,2026-07-06,CANCELED,,
2026-07-07T03:11:25Z,1322622026-07-06,13226,2026-07-06,CANCELED,,
2026-07-07T03:11:25Z,1570012026-07-06,15700,2026-07-06,CANCELED,,
2026-07-07T03:11:25Z,1303512026-07-06,13035,2026-07-06,CANCELED,,
2026-07-07T03:11:25Z,1572612026-07-06,15726,2026-07-06,CANCELED,,
2026-07-07T03:11:25Z,0309112026-07-06,03091,2026-07-06,CANCELED,,
2026-07-07T03:11:25Z,1578612026-07-06,15786,2026-07-06,CANCELED,,
2026-07-07T03:11:25Z,1300112026-07-06,13001,2026-07-06,CANCELED,,
2026-07-07T03:11:25Z,1821912026-07-06,18219,2026-07-06,CANCELED,,
2026-07-07T03:11:25Z,7182212026-07-06,71822,2026-07-06,CANCELED,,
2026-07-07T03:11:25Z,3500122026-07-06,35001,2026-07-06,CANCELED,,
2026-07-07T03:11:25Z,3500112026-07-06,35001,2026-07-06,CANCELED,,
2026-07-07T03:11:25Z,7183112026-07-06,71831,2026-07-06,CANCELED,,
2026-07-07T03:11:25Z,1300812026-07-06,13008,2026-07-06,CANCELED,,
2026-07-07T03:11:25Z,7185312026-07-06,71853,2026-07-06,CANCELED,,
2026-07-07T03:11:25Z,1301512026-07-06,13015,2026-07-06,CANCELED,,
2026-07-07T03:11:25Z,1301912026-07-06,13019,2026-07-06,CANCELED,,
2026-07-07T03:11:25Z,7187412026-07-06,71874,2026-07-06,CANCELED,,
2026-07-07T03:11:25Z,7187212026-07-06,71872,2026-07-06,CANCELED,,
2026-07-07T03:16:09Z,1562012026-07-06,15620,2026-07-06,SCHEDULED,0,0.0
2026-07-07T03:16:09Z,1251212026-07-06,12512,2026-07-06,SCHEDULED,120,2.0
2026-07-07T03:16:09Z,0405612026-07-07,04056,2026-07-07,SCHEDULED,120,2.0
2026-07-07T03:16:09Z,1454112026-07-06,14541,2026-07-06,SCHEDULED,0,0.0
2026-07-07T03:16:09Z,1454122026-07-06,14541,2026-07-06,SCHEDULED,0,0.0
2026-07-07T03:16:09Z,1454132026-07-06,14541,2026-07-06,SCHEDULED,0,0.0
2026-07-07T03:16:09Z,1303512026-07-06,13035,2026-07-06,CANCELED,,
2026-07-07T03:16:09Z,3503522026-07-06,35035,2026-07-06,CANCELED,,
2026-07-07T03:16:09Z,3503512026-07-06,35035,2026-07-06,CANCELED,,
2026-07-07T03:16:09Z,3503522026-07-06,35035,2026-07-06,CANCELED,,
2026-07-07T03:16:09Z,3503512026-07-06,35035,2026-07-06,CANCELED,,
2026-07-07T03:16:09Z,3803512026-07-06,38035,2026-07-06,CANCELED,,
2026-07-07T03:16:09Z,1305212026-07-06,13052,2026-07-06,CANCELED,,
2026-07-07T03:16:09Z,1390812026-07-06,13908,2026-07-06,CANCELED,,
2026-07-07T03:16:09Z,1390822026-07-06,13908,2026-07-06,CANCELED,,
2026-07-07T03:16:09Z,1390832026-07-06,13908,2026-07-06,CANCELED,,
2026-07-07T03:16:09Z,1322622026-07-06,13226,2026-07-06,CANCELED,,
2026-07-07T03:16:09Z,3890812026-07-06,38908,2026-07-06,CANCELED,,
2026-07-07T03:16:09Z,1303512026-07-06,13035,2026-07-06,CANCELED,,
2026-07-07T03:16:09Z,1570012026-07-06,15700,2026-07-06,CANCELED,,
2026-07-07T03:16:09Z,0309112026-07-06,03091,2026-07-06,CANCELED,,
2026-07-07T03:16:09Z,1572612026-07-06,15726,2026-07-06,CANCELED,,
2026-07-07T03:16:09Z,1300112026-07-06,13001,2026-07-06,CANCELED,,
2026-07-07T03:16:09Z,1578612026-07-06,15786,2026-07-06,CANCELED,,
2026-07-07T03:16:09Z,1821912026-07-06,18219,2026-07-06,CANCELED,,
2026-07-07T03:16:09Z,3500122026-07-06,35001,2026-07-06,CANCELED,,
2026-07-07T03:16:09Z,3500112026-07-06,35001,2026-07-06,CANCELED,,
2026-07-07T03:16:09Z,7182212026-07-06,71822,2026-07-06,CANCELED,,
2026-07-07T03:16:09Z,7183112026-07-06,71831,2026-07-06,CANCELED,,
2026-07-07T03:16:09Z,1300812026-07-06,13008,2026-07-06,CANCELED,,
2026-07-07T03:16:09Z,1301512026-07-06,13015,2026-07-06,CANCELED,,
2026-07-07T03:16:09Z,7185312026-07-06,71853,2026-07-06,CANCELED,,
2026-07-07T03:16:09Z,1301912026-07-06,13019,2026-07-06,CANCELED,,
2026-07-07T03:16:09Z,7187412026-07-06,71874,2026-07-06,CANCELED,,
2026-07-07T03:16:09Z,7187212026-07-06,71872,2026-07-06,CANCELED,,
2026-07-07T03:21:28Z,0405612026-07-07,04056,2026-07-07,SCHEDULED,0,0.0
2026-07-07T03:21:28Z,1454112026-07-06,14541,2026-07-06,SCHEDULED,-60,-1.0
2026-07-07T03:21:28Z,1454122026-07-06,14541,2026-07-06,SCHEDULED,-60,-1.0
2026-07-07T03:21:28Z,1454132026-07-06,14541,2026-07-06,SCHEDULED,-60,-1.0
2026-07-07T03:21:28Z,0411422026-07-07,04114,2026-07-07,SCHEDULED,-60,-1.0
2026-07-07T03:21:28Z,0411412026-07-07,04114,2026-07-07,SCHEDULED,-60,-1.0
2026-07-07T03:21:28Z,1251212026-07-06,12512,2026-07-06,SCHEDULED,120,2.0
2026-07-07T03:21:28Z,1562012026-07-06,15620,2026-07-06,SCHEDULED,-60,-1.0
2026-07-07T03:21:28Z,1303512026-07-06,13035,2026-07-06,CANCELED,,
2026-07-07T03:21:28Z,3503522026-07-06,35035,2026-07-06,CANCELED,,
2026-07-07T03:21:28Z,3503512026-07-06,35035,2026-07-06,CANCELED,,
2026-07-07T03:21:28Z,3503522026-07-06,35035,2026-07-06,CANCELED,,
2026-07-07T03:21:28Z,3503512026-07-06,35035,2026-07-06,CANCELED,,
2026-07-07T03:21:28Z,3803512026-07-06,38035,2026-07-06,CANCELED,,
2026-07-07T03:21:28Z,1305212026-07-06,13052,2026-07-06,CANCELED,,
2026-07-07T03:21:28Z,1390812026-07-06,13908,2026-07-06,CANCELED,,
2026-07-07T03:21:28Z,1390822026-07-06,13908,2026-07-06,CANCELED,,
2026-07-07T03:21:28Z,1390832026-07-06,13908,2026-07-06,CANCELED,,
2026-07-07T03:21:28Z,1322622026-07-06,13226,2026-07-06,CANCELED,,
2026-07-07T03:21:28Z,3890812026-07-06,38908,2026-07-06,CANCELED,,
2026-07-07T03:21:28Z,1303512026-07-06,13035,2026-07-06,CANCELED,,
2026-07-07T03:21:28Z,1570012026-07-06,15700,2026-07-06,CANCELED,,
2026-07-07T03:21:28Z,0309112026-07-06,03091,2026-07-06,CANCELED,,
2026-07-07T03:21:28Z,1572612026-07-06,15726,2026-07-06,CANCELED,,
2026-07-07T03:21:28Z,1300112026-07-06,13001,2026-07-06,CANCELED,,
2026-07-07T03:21:28Z,1578612026-07-06,15786,2026-07-06,CANCELED,,
2026-07-07T03:21:28Z,1821912026-07-06,18219,2026-07-06,CANCELED,,
2026-07-07T03:21:28Z,7182212026-07-06,71822,2026-07-06,CANCELED,,
2026-07-07T03:21:28Z,3500122026-07-06,35001,2026-07-06,CANCELED,,
2026-07-07T03:21:28Z,3500112026-07-06,35001,2026-07-06,CANCELED,,
2026-07-07T03:21:28Z,7183112026-07-06,71831,2026-07-06,CANCELED,,
2026-07-07T03:21:28Z,1300812026-07-06,13008,2026-07-06,CANCELED,,
2026-07-07T03:21:28Z,7185312026-07-06,71853,2026-07-06,CANCELED,,
2026-07-07T03:21:28Z,1301512026-07-06,13015,2026-07-06,CANCELED,,
2026-07-07T03:21:28Z,1301912026-07-06,13019,2026-07-06,CANCELED,,
2026-07-07T03:21:28Z,7187412026-07-06,71874,2026-07-06,CANCELED,,
2026-07-07T03:21:28Z,7187212026-07-06,71872,2026-07-06,CANCELED,,
2026-07-07T03:26:05Z,0405612026-07-07,04056,2026-07-07,SCHEDULED,0,0.0
2026-07-07T03:26:05Z,1804722026-07-06,18047,2026-07-06,SCHEDULED,0,0.0
2026-07-07T03:26:05Z,1454112026-07-06,14541,2026-07-06,SCHEDULED,-60,-1.0
2026-07-07T03:26:05Z,1454122026-07-06,14541,2026-07-06,SCHEDULED,-60,-1.0
2026-07-07T03:26:05Z,1454132026-07-06,14541,2026-07-06,SCHEDULED,-60,-1.0
2026-07-07T03:26:05Z,1251212026-07-06,12512,2026-07-06,SCHEDULED,180,3.0
2026-07-07T03:26:05Z,0411422026-07-07,04114,2026-07-07,SCHEDULED,-60,-1.0
2026-07-07T03:26:05Z,0411412026-07-07,04114,2026-07-07,SCHEDULED,-60,-1.0
2026-07-07T03:26:05Z,1562012026-07-06,15620,2026-07-06,SCHEDULED,0,0.0
2026-07-07T03:26:05Z,1303512026-07-06,13035,2026-07-06,CANCELED,,
2026-07-07T03:26:05Z,3503522026-07-06,35035,2026-07-06,CANCELED,,
2026-07-07T03:26:05Z,3503512026-07-06,35035,2026-07-06,CANCELED,,
2026-07-07T03:26:05Z,3503522026-07-06,35035,2026-07-06,CANCELED,,
2026-07-07T03:26:05Z,3503512026-07-06,35035,2026-07-06,CANCELED,,
2026-07-07T03:26:05Z,3803512026-07-06,38035,2026-07-06,CANCELED,,
2026-07-07T03:26:05Z,1390812026-07-06,13908,2026-07-06,CANCELED,,
2026-07-07T03:26:05Z,1390822026-07-06,13908,2026-07-06,CANCELED,,
2026-07-07T03:26:05Z,1390832026-07-06,13908,2026-07-06,CANCELED,,
2026-07-07T03:26:05Z,1305212026-07-06,13052,2026-07-06,CANCELED,,
2026-07-07T03:26:05Z,3890812026-07-06,38908,2026-07-06,CANCELED,,
2026-07-07T03:26:05Z,1322622026-07-06,13226,2026-07-06,CANCELED,,
2026-07-07T03:26:05Z,1303512026-07-06,13035,2026-07-06,CANCELED,,
2026-07-07T03:26:05Z,1570012026-07-06,15700,2026-07-06,CANCELED,,
2026-07-07T03:26:05Z,0309112026-07-06,03091,2026-07-06,CANCELED,,
2026-07-07T03:26:05Z,1572612026-07-06,15726,2026-07-06,CANCELED,,
2026-07-07T03:26:05Z,1300112026-07-06,13001,2026-07-06,CANCELED,,
2026-07-07T03:26:05Z,1578612026-07-06,15786,2026-07-06,CANCELED,,
2026-07-07T03:26:05Z,1821912026-07-06,18219,2026-07-06,CANCELED,,
2026-07-07T03:26:05Z,3500122026-07-06,35001,2026-07-06,CANCELED,,
2026-07-07T03:26:05Z,3500112026-07-06,35001,2026-07-06,CANCELED,,
2026-07-07T03:26:05Z,7182212026-07-06,71822,2026-07-06,CANCELED,,
2026-07-07T03:26:05Z,1300812026-07-06,13008,2026-07-06,CANCELED,,
2026-07-07T03:26:05Z,7183112026-07-06,71831,2026-07-06,CANCELED,,
2026-07-07T03:26:05Z,1301512026-07-06,13015,2026-07-06,CANCELED,,
2026-07-07T03:26:05Z,7185312026-07-06,71853,2026-07-06,CANCELED,,
2026-07-07T03:26:05Z,1301912026-07-06,13019,2026-07-06,CANCELED,,
2026-07-07T03:26:05Z,7187412026-07-06,71874,2026-07-06,CANCELED,,
2026-07-07T03:26:05Z,7187212026-07-06,71872,2026-07-06,CANCELED,,
2026-07-07T03:31:37Z,0411422026-07-07,04114,2026-07-07,SCHEDULED,-60,-1.0
2026-07-07T03:31:37Z,0411412026-07-07,04114,2026-07-07,SCHEDULED,-60,-1.0
2026-07-07T03:31:37Z,1454112026-07-06,14541,2026-07-06,SCHEDULED,0,0.0
2026-07-07T03:31:37Z,1454122026-07-06,14541,2026-07-06,SCHEDULED,0,0.0
2026-07-07T03:31:37Z,1454132026-07-06,14541,2026-07-06,SCHEDULED,0,0.0
2026-07-07T03:31:37Z,0405612026-07-07,04056,2026-07-07,SCHEDULED,0,0.0
2026-07-07T03:31:37Z,1804722026-07-06,18047,2026-07-06,SCHEDULED,-60,-1.0
2026-07-07T03:31:37Z,1251212026-07-06,12512,2026-07-06,SCHEDULED,180,3.0
2026-07-07T03:31:37Z,1562012026-07-06,15620,2026-07-06,SCHEDULED,0,0.0
2026-07-07T03:31:37Z,0306242026-07-06,03062,2026-07-06,SCHEDULED,0,0.0
2026-07-07T03:31:37Z,0306232026-07-06,03062,2026-07-06,SCHEDULED,0,0.0
2026-07-07T03:31:37Z,0306212026-07-06,03062,2026-07-06,SCHEDULED,0,0.0
2026-07-07T03:31:37Z,0306222026-07-06,03062,2026-07-06,SCHEDULED,0,0.0
2026-07-07T03:31:37Z,1303512026-07-06,13035,2026-07-06,CANCELED,,
2026-07-07T03:31:37Z,3503522026-07-06,35035,2026-07-06,CANCELED,,
2026-07-07T03:31:37Z,3503512026-07-06,35035,2026-07-06,CANCELED,,
2026-07-07T03:31:37Z,3503522026-07-06,35035,2026-07-06,CANCELED,,
2026-07-07T03:31:37Z,3503512026-07-06,35035,2026-07-06,CANCELED,,
2026-07-07T03:31:37Z,3803512026-07-06,38035,2026-07-06,CANCELED,,
2026-07-07T03:31:37Z,1390812026-07-06,13908,2026-07-06,CANCELED,,
2026-07-07T03:31:37Z,1390822026-07-06,13908,2026-07-06,CANCELED,,
2026-07-07T03:31:37Z,1390832026-07-06,13908,2026-07-06,CANCELED,,
2026-07-07T03:31:37Z,1305212026-07-06,13052,2026-07-06,CANCELED,,
2026-07-07T03:31:37Z,3890812026-07-06,38908,2026-07-06,CANCELED,,
2026-07-07T03:31:37Z,1322622026-07-06,13226,2026-07-06,CANCELED,,
2026-07-07T03:31:37Z,1570012026-07-06,15700,2026-07-06,CANCELED,,
2026-07-07T03:31:37Z,1303512026-07-06,13035,2026-07-06,CANCELED,,
2026-07-07T03:31:37Z,1572612026-07-06,15726,2026-07-06,CANCELED,,
2026-07-07T03:31:37Z,0309112026-07-06,03091,2026-07-06,CANCELED,,
2026-07-07T03:31:37Z,1578612026-07-06,15786,2026-07-06,CANCELED,,
2026-07-07T03:31:37Z,1300112026-07-06,13001,2026-07-06,CANCELED,,
2026-07-07T03:31:37Z,1821912026-07-06,18219,2026-07-06,CANCELED,,
2026-07-07T03:31:37Z,7182212026-07-06,71822,2026-07-06,CANCELED,,
2026-07-07T03:31:37Z,3500122026-07-06,35001,2026-07-06,CANCELED,,
2026-07-07T03:31:37Z,3500112026-07-06,35001,2026-07-06,CANCELED,,
2026-07-07T03:31:37Z,7183112026-07-06,71831,2026-07-06,CANCELED,,
2026-07-07T03:31:37Z,1300812026-07-06,13008,2026-07-06,CANCELED,,
2026-07-07T03:31:37Z,7185312026-07-06,71853,2026-07-06,CANCELED,,
2026-07-07T03:31:37Z,1301512026-07-06,13015,2026-07-06,CANCELED,,
2026-07-07T03:31:37Z,1301912026-07-06,13019,2026-07-06,CANCELED,,
2026-07-07T03:31:37Z,7187412026-07-06,71874,2026-07-06,CANCELED,,
2026-07-07T03:31:37Z,7187212026-07-06,71872,2026-07-06,CANCELED,,
2026-07-07T03:36:08Z,1804722026-07-06,18047,2026-07-06,SCHEDULED,0,0.0
2026-07-07T03:36:08Z,0411422026-07-07,04114,2026-07-07,SCHEDULED,-60,-1.0
2026-07-07T03:36:08Z,0411412026-07-07,04114,2026-07-07,SCHEDULED,-60,-1.0
2026-07-07T03:36:08Z,1530912026-07-06,15309,2026-07-06,SCHEDULED,0,0.0
2026-07-07T03:36:08Z,0405612026-07-07,04056,2026-07-07,SCHEDULED,240,4.0
2026-07-07T03:36:08Z,1562012026-07-06,15620,2026-07-06,SCHEDULED,0,0.0
2026-07-07T03:36:08Z,1251212026-07-06,12512,2026-07-06,SCHEDULED,120,2.0
2026-07-07T03:36:08Z,0306242026-07-06,03062,2026-07-06,SCHEDULED,0,0.0
2026-07-07T03:36:08Z,0306232026-07-06,03062,2026-07-06,SCHEDULED,0,0.0
2026-07-07T03:36:08Z,0306212026-07-06,03062,2026-07-06,SCHEDULED,0,0.0
2026-07-07T03:36:08Z,0306222026-07-06,03062,2026-07-06,SCHEDULED,0,0.0
2026-07-07T03:36:08Z,1454112026-07-06,14541,2026-07-06,SCHEDULED,0,0.0
2026-07-07T03:36:08Z,1454122026-07-06,14541,2026-07-06,SCHEDULED,0,0.0
2026-07-07T03:36:08Z,1454132026-07-06,14541,2026-07-06,SCHEDULED,0,0.0
2026-07-07T03:36:08Z,0807212026-07-06,08072,2026-07-06,SCHEDULED,120,2.0
2026-07-07T03:36:08Z,1303512026-07-06,13035,2026-07-06,CANCELED,,
2026-07-07T03:36:08Z,3503522026-07-06,35035,2026-07-06,CANCELED,,
2026-07-07T03:36:08Z,3503512026-07-06,35035,2026-07-06,CANCELED,,
2026-07-07T03:36:08Z,3503522026-07-06,35035,2026-07-06,CANCELED,,
2026-07-07T03:36:08Z,3503512026-07-06,35035,2026-07-06,CANCELED,,
2026-07-07T03:36:08Z,3803512026-07-06,38035,2026-07-06,CANCELED,,
2026-07-07T03:36:08Z,1390812026-07-06,13908,2026-07-06,CANCELED,,
2026-07-07T03:36:08Z,1390822026-07-06,13908,2026-07-06,CANCELED,,
2026-07-07T03:36:08Z,1390832026-07-06,13908,2026-07-06,CANCELED,,
2026-07-07T03:36:08Z,1305212026-07-06,13052,2026-07-06,CANCELED,,
2026-07-07T03:36:08Z,3890812026-07-06,38908,2026-07-06,CANCELED,,
2026-07-07T03:36:08Z,1322622026-07-06,13226,2026-07-06,CANCELED,,
2026-07-07T03:36:08Z,1303512026-07-06,13035,2026-07-06,CANCELED,,
2026-07-07T03:36:08Z,1570012026-07-06,15700,2026-07-06,CANCELED,,
2026-07-07T03:36:08Z,1572612026-07-06,15726,2026-07-06,CANCELED,,
2026-07-07T03:36:08Z,0309112026-07-06,03091,2026-07-06,CANCELED,,
2026-07-07T03:36:08Z,1578612026-07-06,15786,2026-07-06,CANCELED,,
2026-07-07T03:36:08Z,1300112026-07-06,13001,2026-07-06,CANCELED,,
2026-07-07T03:36:08Z,7183112026-07-06,71831,2026-07-06,CANCELED,,
2026-07-07T03:36:08Z,3500122026-07-06,35001,2026-07-06,CANCELED,,
2026-07-07T03:36:08Z,3500112026-07-06,35001,2026-07-06,CANCELED,,
2026-07-07T03:36:08Z,7185312026-07-06,71853,2026-07-06,CANCELED,,
2026-07-07T03:36:08Z,1300812026-07-06,13008,2026-07-06,CANCELED,,
2026-07-07T03:36:08Z,1301512026-07-06,13015,2026-07-06,CANCELED,,
2026-07-07T03:36:08Z,7187412026-07-06,71874,2026-07-06,CANCELED,,
2026-07-07T03:36:08Z,1301912026-07-06,13019,2026-07-06,CANCELED,,
2026-07-07T03:36:08Z,7187212026-07-06,71872,2026-07-06,CANCELED,,
2026-07-07T03:36:08Z,1821612026-07-06,18216,2026-07-06,CANCELED,,
2026-07-07T03:36:08Z,1821912026-07-06,18219,2026-07-06,CANCELED,,
2026-07-07T03:36:08Z,7182212026-07-06,71822,2026-07-06,CANCELED,,
2026-07-07T03:41:28Z,1770712026-07-06,17707,2026-07-06,SCHEDULED,120,2.0
2026-07-07T03:41:28Z,0411422026-07-07,04114,2026-07-07,SCHEDULED,-60,-1.0
2026-07-07T03:41:28Z,0411412026-07-07,04114,2026-07-07,SCHEDULED,-60,-1.0
2026-07-07T03:41:28Z,1804722026-07-06,18047,2026-07-06,SCHEDULED,-120,-2.0
2026-07-07T03:41:28Z,0405612026-07-07,04056,2026-07-07,SCHEDULED,60,1.0
2026-07-07T03:41:28Z,1268912026-07-06,12689,2026-07-06,SCHEDULED,0,0.0
2026-07-07T03:41:28Z,1530912026-07-06,15309,2026-07-06,SCHEDULED,0,0.0
2026-07-07T03:41:28Z,0206312026-07-06,02063,2026-07-06,SCHEDULED,0,0.0
2026-07-07T03:41:28Z,1454112026-07-06,14541,2026-07-06,SCHEDULED,0,0.0
2026-07-07T03:41:28Z,1454122026-07-06,14541,2026-07-06,SCHEDULED,0,0.0
2026-07-07T03:41:28Z,1454132026-07-06,14541,2026-07-06,SCHEDULED,0,0.0
2026-07-07T03:41:28Z,1562012026-07-06,15620,2026-07-06,SCHEDULED,0,0.0
2026-07-07T03:41:28Z,1251212026-07-06,12512,2026-07-06,SCHEDULED,60,1.0
2026-07-07T03:41:28Z,0306242026-07-06,03062,2026-07-06,SCHEDULED,0,0.0
2026-07-07T03:41:28Z,0306232026-07-06,03062,2026-07-06,SCHEDULED,0,0.0
2026-07-07T03:41:28Z,0306212026-07-06,03062,2026-07-06,SCHEDULED,0,0.0
2026-07-07T03:41:28Z,0306222026-07-06,03062,2026-07-06,SCHEDULED,0,0.0
2026-07-07T03:41:28Z,0807212026-07-06,08072,2026-07-06,SCHEDULED,0,0.0
2026-07-07T03:41:28Z,1303512026-07-06,13035,2026-07-06,CANCELED,,
2026-07-07T03:41:28Z,3503522026-07-06,35035,2026-07-06,CANCELED,,
2026-07-07T03:41:28Z,3503512026-07-06,35035,2026-07-06,CANCELED,,
2026-07-07T03:41:28Z,3503522026-07-06,35035,2026-07-06,CANCELED,,
2026-07-07T03:41:28Z,3503512026-07-06,35035,2026-07-06,CANCELED,,
2026-07-07T03:41:28Z,3803512026-07-06,38035,2026-07-06,CANCELED,,
2026-07-07T03:41:28Z,1390812026-07-06,13908,2026-07-06,CANCELED,,
2026-07-07T03:41:28Z,1390822026-07-06,13908,2026-07-06,CANCELED,,
2026-07-07T03:41:28Z,1390832026-07-06,13908,2026-07-06,CANCELED,,
2026-07-07T03:41:28Z,1305212026-07-06,13052,2026-07-06,CANCELED,,
2026-07-07T03:41:28Z,3890812026-07-06,38908,2026-07-06,CANCELED,,
2026-07-07T03:41:28Z,1322622026-07-06,13226,2026-07-06,CANCELED,,
2026-07-07T03:41:28Z,1570012026-07-06,15700,2026-07-06,CANCELED,,
2026-07-07T03:41:28Z,1303512026-07-06,13035,2026-07-06,CANCELED,,
2026-07-07T03:41:28Z,1572612026-07-06,15726,2026-07-06,CANCELED,,
2026-07-07T03:41:28Z,0309112026-07-06,03091,2026-07-06,CANCELED,,
2026-07-07T03:41:28Z,1578612026-07-06,15786,2026-07-06,CANCELED,,
2026-07-07T03:41:28Z,1300112026-07-06,13001,2026-07-06,CANCELED,,
2026-07-07T03:41:28Z,7183112026-07-06,71831,2026-07-06,CANCELED,,
2026-07-07T03:41:28Z,7185312026-07-06,71853,2026-07-06,CANCELED,,
2026-07-07T03:41:28Z,3500122026-07-06,35001,2026-07-06,CANCELED,,
2026-07-07T03:41:28Z,3500112026-07-06,35001,2026-07-06,CANCELED,,
2026-07-07T03:41:28Z,1300812026-07-06,13008,2026-07-06,CANCELED,,
2026-07-07T03:41:28Z,7187412026-07-06,71874,2026-07-06,CANCELED,,
2026-07-07T03:41:28Z,1301512026-07-06,13015,2026-07-06,CANCELED,,
2026-07-07T03:41:28Z,7187212026-07-06,71872,2026-07-06,CANCELED,,
2026-07-07T03:41:28Z,1301912026-07-06,13019,2026-07-06,CANCELED,,
2026-07-07T03:41:28Z,1821612026-07-06,18216,2026-07-06,CANCELED,,
2026-07-07T03:41:28Z,1821912026-07-06,18219,2026-07-06,CANCELED,,
2026-07-07T03:41:28Z,7182212026-07-06,71822,2026-07-06,CANCELED,,
2026-07-07T03:46:16Z,1770712026-07-06,17707,2026-07-06,SCHEDULED,120,2.0
2026-07-07T03:46:16Z,0411422026-07-07,04114,2026-07-07,SCHEDULED,120,2.0
2026-07-07T03:46:16Z,0411412026-07-07,04114,2026-07-07,SCHEDULED,120,2.0
2026-07-07T03:46:16Z,1804722026-07-06,18047,2026-07-06,SCHEDULED,60,1.0
2026-07-07T03:46:16Z,0405612026-07-07,04056,2026-07-07,SCHEDULED,-60,-1.0
2026-07-07T03:46:16Z,1530912026-07-06,15309,2026-07-06,SCHEDULED,-120,-2.0
2026-07-07T03:46:16Z,1268912026-07-06,12689,2026-07-06,SCHEDULED,60,1.0
2026-07-07T03:46:16Z,1504012026-07-06,15040,2026-07-06,SCHEDULED,60,1.0
2026-07-07T03:46:16Z,1500012026-07-06,15000,2026-07-06,SCHEDULED,0,0.0
2026-07-07T03:46:16Z,0206312026-07-06,02063,2026-07-06,SCHEDULED,60,1.0
2026-07-07T03:46:16Z,0305212026-07-06,03052,2026-07-06,SCHEDULED,0,0.0
2026-07-07T03:46:16Z,1454112026-07-06,14541,2026-07-06,SCHEDULED,60,1.0
2026-07-07T03:46:16Z,1454122026-07-06,14541,2026-07-06,SCHEDULED,60,1.0
2026-07-07T03:46:16Z,1454132026-07-06,14541,2026-07-06,SCHEDULED,60,1.0
2026-07-07T03:46:16Z,1562012026-07-06,15620,2026-07-06,SCHEDULED,60,1.0
2026-07-07T03:46:16Z,1562112026-07-06,15621,2026-07-06,SCHEDULED,0,0.0
2026-07-07T03:46:16Z,1251212026-07-06,12512,2026-07-06,SCHEDULED,60,1.0
2026-07-07T03:46:16Z,0306242026-07-06,03062,2026-07-06,SCHEDULED,0,0.0
2026-07-07T03:46:16Z,0306232026-07-06,03062,2026-07-06,SCHEDULED,0,0.0
2026-07-07T03:46:16Z,0306212026-07-06,03062,2026-07-06,SCHEDULED,0,0.0
2026-07-07T03:46:16Z,0306222026-07-06,03062,2026-07-06,SCHEDULED,0,0.0
2026-07-07T03:46:16Z,0807212026-07-06,08072,2026-07-06,SCHEDULED,0,0.0
2026-07-07T03:46:16Z,1303512026-07-06,13035,2026-07-06,CANCELED,,
2026-07-07T03:46:16Z,3503522026-07-06,35035,2026-07-06,CANCELED,,
2026-07-07T03:46:16Z,3503512026-07-06,35035,2026-07-06,CANCELED,,
2026-07-07T03:46:16Z,3503522026-07-06,35035,2026-07-06,CANCELED,,
2026-07-07T03:46:16Z,3503512026-07-06,35035,2026-07-06,CANCELED,,
2026-07-07T03:46:16Z,3803512026-07-06,38035,2026-07-06,CANCELED,,
2026-07-07T03:46:16Z,1390812026-07-06,13908,2026-07-06,CANCELED,,
2026-07-07T03:46:16Z,1390822026-07-06,13908,2026-07-06,CANCELED,,
2026-07-07T03:46:16Z,1390832026-07-06,13908,2026-07-06,CANCELED,,
2026-07-07T03:46:16Z,1305212026-07-06,13052,2026-07-06,CANCELED,,
2026-07-07T03:46:16Z,3890812026-07-06,38908,2026-07-06,CANCELED,,
2026-07-07T03:46:16Z,1322622026-07-06,13226,2026-07-06,CANCELED,,
2026-07-07T03:46:16Z,1570012026-07-06,15700,2026-07-06,CANCELED,,
2026-07-07T03:46:16Z,1303512026-07-06,13035,2026-07-06,CANCELED,,
2026-07-07T03:46:16Z,1572612026-07-06,15726,2026-07-06,CANCELED,,
2026-07-07T03:46:16Z,0309112026-07-06,03091,2026-07-06,CANCELED,,
2026-07-07T03:46:16Z,1578612026-07-06,15786,2026-07-06,CANCELED,,
2026-07-07T03:46:16Z,1300112026-07-06,13001,2026-07-06,CANCELED,,
2026-07-07T03:46:16Z,7183112026-07-06,71831,2026-07-06,CANCELED,,
2026-07-07T03:46:16Z,7185312026-07-06,71853,2026-07-06,CANCELED,,
2026-07-07T03:46:16Z,3500122026-07-06,35001,2026-07-06,CANCELED,,
2026-07-07T03:46:16Z,3500112026-07-06,35001,2026-07-06,CANCELED,,
2026-07-07T03:46:16Z,1300812026-07-06,13008,2026-07-06,CANCELED,,
2026-07-07T03:46:16Z,7187412026-07-06,71874,2026-07-06,CANCELED,,
2026-07-07T03:46:16Z,1301512026-07-06,13015,2026-07-06,CANCELED,,
2026-07-07T03:46:16Z,7187212026-07-06,71872,2026-07-06,CANCELED,,
2026-07-07T03:46:16Z,1301912026-07-06,13019,2026-07-06,CANCELED,,
2026-07-07T03:46:16Z,1821612026-07-06,18216,2026-07-06,CANCELED,,
2026-07-07T03:46:16Z,1821912026-07-06,18219,2026-07-06,CANCELED,,
2026-07-07T03:46:16Z,7182212026-07-06,71822,2026-07-06,CANCELED,,
2026-07-07T03:51:29Z,1804722026-07-06,18047,2026-07-06,SCHEDULED,120,2.0
2026-07-07T03:51:29Z,0411422026-07-07,04114,2026-07-07,SCHEDULED,120,2.0
2026-07-07T03:51:29Z,0411412026-07-07,04114,2026-07-07,SCHEDULED,120,2.0
2026-07-07T03:51:29Z,1806612026-07-06,18066,2026-07-06,SCHEDULED,0,0.0
2026-07-07T03:51:29Z,0405612026-07-07,04056,2026-07-07,SCHEDULED,-60,-1.0
2026-07-07T03:51:29Z,1812112026-07-06,18121,2026-07-06,SCHEDULED,-60,-1.0
2026-07-07T03:51:29Z,1268912026-07-06,12689,2026-07-06,SCHEDULED,120,2.0
2026-07-07T03:51:29Z,1891012026-07-06,18910,2026-07-06,SCHEDULED,0,0.0
2026-07-07T03:51:29Z,1500012026-07-06,15000,2026-07-06,SCHEDULED,0,0.0
2026-07-07T03:51:29Z,1530912026-07-06,15309,2026-07-06,SCHEDULED,0,0.0
2026-07-07T03:51:29Z,1770712026-07-06,17707,2026-07-06,SCHEDULED,120,2.0
2026-07-07T03:51:29Z,1562012026-07-06,15620,2026-07-06,SCHEDULED,60,1.0
2026-07-07T03:51:29Z,0206312026-07-06,02063,2026-07-06,SCHEDULED,60,1.0
2026-07-07T03:51:29Z,0305212026-07-06,03052,2026-07-06,SCHEDULED,0,0.0
2026-07-07T03:51:29Z,1562112026-07-06,15621,2026-07-06,SCHEDULED,0,0.0
2026-07-07T03:51:29Z,1251212026-07-06,12512,2026-07-06,SCHEDULED,120,2.0
2026-07-07T03:51:29Z,1504012026-07-06,15040,2026-07-06,SCHEDULED,120,2.0
2026-07-07T03:51:29Z,1600012026-07-06,16000,2026-07-06,SCHEDULED,0,0.0
2026-07-07T03:51:29Z,0306242026-07-06,03062,2026-07-06,SCHEDULED,60,1.0
2026-07-07T03:51:29Z,0306232026-07-06,03062,2026-07-06,SCHEDULED,60,1.0
2026-07-07T03:51:29Z,0306212026-07-06,03062,2026-07-06,SCHEDULED,60,1.0
2026-07-07T03:51:29Z,0306222026-07-06,03062,2026-07-06,SCHEDULED,60,1.0
2026-07-07T03:51:29Z,0506312026-07-06,05063,2026-07-06,SCHEDULED,60,1.0
2026-07-07T03:51:29Z,0807212026-07-06,08072,2026-07-06,SCHEDULED,-60,-1.0
2026-07-07T03:51:29Z,1454132026-07-06,14541,2026-07-06,SCHEDULED,60,1.0
2026-07-07T03:51:29Z,1454112026-07-06,14541,2026-07-06,SCHEDULED,60,1.0
2026-07-07T03:51:29Z,1454122026-07-06,14541,2026-07-06,SCHEDULED,60,1.0
2026-07-07T03:51:29Z,1303512026-07-06,13035,2026-07-06,CANCELED,,
2026-07-07T03:51:29Z,3503522026-07-06,35035,2026-07-06,CANCELED,,
2026-07-07T03:51:29Z,3503512026-07-06,35035,2026-07-06,CANCELED,,
2026-07-07T03:51:29Z,3503522026-07-06,35035,2026-07-06,CANCELED,,
2026-07-07T03:51:29Z,3503512026-07-06,35035,2026-07-06,CANCELED,,
2026-07-07T03:51:29Z,3803512026-07-06,38035,2026-07-06,CANCELED,,
2026-07-07T03:51:29Z,1390812026-07-06,13908,2026-07-06,CANCELED,,
2026-07-07T03:51:29Z,1390822026-07-06,13908,2026-07-06,CANCELED,,
2026-07-07T03:51:29Z,1390832026-07-06,13908,2026-07-06,CANCELED,,
2026-07-07T03:51:29Z,1305212026-07-06,13052,2026-07-06,CANCELED,,
2026-07-07T03:51:29Z,3890812026-07-06,38908,2026-07-06,CANCELED,,
2026-07-07T03:51:29Z,1322622026-07-06,13226,2026-07-06,CANCELED,,
2026-07-07T03:51:29Z,1570012026-07-06,15700,2026-07-06,CANCELED,,
2026-07-07T03:51:29Z,1303512026-07-06,13035,2026-07-06,CANCELED,,
2026-07-07T03:51:29Z,1572612026-07-06,15726,2026-07-06,CANCELED,,
2026-07-07T03:51:29Z,0309112026-07-06,03091,2026-07-06,CANCELED,,
2026-07-07T03:51:29Z,1578612026-07-06,15786,2026-07-06,CANCELED,,
2026-07-07T03:51:29Z,1300112026-07-06,13001,2026-07-06,CANCELED,,
2026-07-07T03:51:29Z,7183112026-07-06,71831,2026-07-06,CANCELED,,
2026-07-07T03:51:29Z,7185312026-07-06,71853,2026-07-06,CANCELED,,
2026-07-07T03:51:29Z,3500122026-07-06,35001,2026-07-06,CANCELED,,
2026-07-07T03:51:29Z,3500112026-07-06,35001,2026-07-06,CANCELED,,
2026-07-07T03:51:29Z,1300812026-07-06,13008,2026-07-06,CANCELED,,
2026-07-07T03:51:29Z,7187412026-07-06,71874,2026-07-06,CANCELED,,
2026-07-07T03:51:29Z,1301512026-07-06,13015,2026-07-06,CANCELED,,
2026-07-07T03:51:29Z,7187212026-07-06,71872,2026-07-06,CANCELED,,
2026-07-07T03:51:29Z,1301912026-07-06,13019,2026-07-06,CANCELED,,
2026-07-07T03:51:29Z,1821612026-07-06,18216,2026-07-06,CANCELED,,
2026-07-07T03:51:29Z,1821912026-07-06,18219,2026-07-06,CANCELED,,
2026-07-07T03:51:29Z,7182212026-07-06,71822,2026-07-06,CANCELED,,
2026-07-07T03:56:06Z,1505112026-07-06,15051,2026-07-06,SCHEDULED,0,0.0
2026-07-07T03:56:06Z,0411422026-07-07,04114,2026-07-07,SCHEDULED,120,2.0
2026-07-07T03:56:06Z,0411412026-07-07,04114,2026-07-07,SCHEDULED,120,2.0
2026-07-07T03:56:06Z,1770712026-07-06,17707,2026-07-06,SCHEDULED,120,2.0
2026-07-07T03:56:06Z,0405612026-07-07,04056,2026-07-07,SCHEDULED,0,0.0
2026-07-07T03:56:06Z,1804722026-07-06,18047,2026-07-06,SCHEDULED,120,2.0
2026-07-07T03:56:06Z,0446412026-07-06,04464,2026-07-06,SCHEDULED,60,1.0
2026-07-07T03:56:06Z,1806612026-07-06,18066,2026-07-06,SCHEDULED,0,0.0
2026-07-07T03:56:06Z,0415422026-07-06,04154,2026-07-06,SCHEDULED,0,0.0
2026-07-07T03:56:06Z,0415412026-07-06,04154,2026-07-06,SCHEDULED,0,0.0
2026-07-07T03:56:06Z,1812112026-07-06,18121,2026-07-06,SCHEDULED,-120,-2.0
2026-07-07T03:56:06Z,1268912026-07-06,12689,2026-07-06,SCHEDULED,120,2.0
2026-07-07T03:56:06Z,1891012026-07-06,18910,2026-07-06,SCHEDULED,0,0.0
2026-07-07T03:56:06Z,1500012026-07-06,15000,2026-07-06,SCHEDULED,-120,-2.0
2026-07-07T03:56:06Z,0206312026-07-06,02063,2026-07-06,SCHEDULED,240,4.0
2026-07-07T03:56:06Z,0305212026-07-06,03052,2026-07-06,SCHEDULED,0,0.0
2026-07-07T03:56:06Z,1454112026-07-06,14541,2026-07-06,SCHEDULED,60,1.0
2026-07-07T03:56:06Z,1454122026-07-06,14541,2026-07-06,SCHEDULED,60,1.0
2026-07-07T03:56:06Z,1454132026-07-06,14541,2026-07-06,SCHEDULED,60,1.0
2026-07-07T03:56:06Z,1562012026-07-06,15620,2026-07-06,SCHEDULED,0,0.0
2026-07-07T03:56:06Z,1562112026-07-06,15621,2026-07-06,SCHEDULED,0,0.0
2026-07-07T03:56:06Z,1251212026-07-06,12512,2026-07-06,SCHEDULED,60,1.0
2026-07-07T03:56:06Z,0306242026-07-06,03062,2026-07-06,SCHEDULED,60,1.0
2026-07-07T03:56:06Z,0306232026-07-06,03062,2026-07-06,SCHEDULED,60,1.0
2026-07-07T03:56:06Z,0306212026-07-06,03062,2026-07-06,SCHEDULED,60,1.0
2026-07-07T03:56:06Z,0306222026-07-06,03062,2026-07-06,SCHEDULED,60,1.0
2026-07-07T03:56:06Z,1530912026-07-06,15309,2026-07-06,SCHEDULED,-60,-1.0
2026-07-07T03:56:06Z,1504012026-07-06,15040,2026-07-06,SCHEDULED,120,2.0
2026-07-07T03:56:06Z,1600012026-07-06,16000,2026-07-06,SCHEDULED,0,0.0
2026-07-07T03:56:06Z,0306242026-07-06,03062,2026-07-06,SCHEDULED,60,1.0
2026-07-07T03:56:06Z,0306232026-07-06,03062,2026-07-06,SCHEDULED,60,1.0
2026-07-07T03:56:06Z,0306212026-07-06,03062,2026-07-06,SCHEDULED,60,1.0
2026-07-07T03:56:06Z,0306222026-07-06,03062,2026-07-06,SCHEDULED,60,1.0
2026-07-07T03:56:06Z,0506312026-07-06,05063,2026-07-06,SCHEDULED,60,1.0
2026-07-07T03:56:06Z,0807212026-07-06,08072,2026-07-06,SCHEDULED,0,0.0
2026-07-07T03:56:06Z,1303512026-07-06,13035,2026-07-06,CANCELED,,
2026-07-07T03:56:06Z,3503522026-07-06,35035,2026-07-06,CANCELED,,
2026-07-07T03:56:06Z,3503512026-07-06,35035,2026-07-06,CANCELED,,
2026-07-07T03:56:06Z,3503522026-07-06,35035,2026-07-06,CANCELED,,
2026-07-07T03:56:06Z,3503512026-07-06,35035,2026-07-06,CANCELED,,
2026-07-07T03:56:06Z,3803512026-07-06,38035,2026-07-06,CANCELED,,
2026-07-07T03:56:06Z,1390812026-07-06,13908,2026-07-06,CANCELED,,
2026-07-07T03:56:06Z,1390822026-07-06,13908,2026-07-06,CANCELED,,
2026-07-07T03:56:06Z,1390832026-07-06,13908,2026-07-06,CANCELED,,
2026-07-07T03:56:06Z,1305212026-07-06,13052,2026-07-06,CANCELED,,
2026-07-07T03:56:06Z,3890812026-07-06,38908,2026-07-06,CANCELED,,
2026-07-07T03:56:06Z,1322622026-07-06,13226,2026-07-06,CANCELED,,
2026-07-07T03:56:06Z,1303512026-07-06,13035,2026-07-06,CANCELED,,
2026-07-07T03:56:06Z,1570012026-07-06,15700,2026-07-06,CANCELED,,
2026-07-07T03:56:06Z,0309112026-07-06,03091,2026-07-06,CANCELED,,
2026-07-07T03:56:06Z,1572612026-07-06,15726,2026-07-06,CANCELED,,
2026-07-07T03:56:06Z,1300112026-07-06,13001,2026-07-06,CANCELED,,
2026-07-07T03:56:06Z,1578612026-07-06,15786,2026-07-06,CANCELED,,
2026-07-07T03:56:06Z,7183112026-07-06,71831,2026-07-06,CANCELED,,
2026-07-07T03:56:06Z,3500122026-07-06,35001,2026-07-06,CANCELED,,
2026-07-07T03:56:06Z,3500112026-07-06,35001,2026-07-06,CANCELED,,
2026-07-07T03:56:06Z,7185312026-07-06,71853,2026-07-06,CANCELED,,
2026-07-07T03:56:06Z,1300812026-07-06,13008,2026-07-06,CANCELED,,
2026-07-07T03:56:06Z,1301512026-07-06,13015,2026-07-06,CANCELED,,
2026-07-07T03:56:06Z,7187412026-07-06,71874,2026-07-06,CANCELED,,
2026-07-07T03:56:06Z,1301912026-07-06,13019,2026-07-06,CANCELED,,
2026-07-07T03:56:06Z,7187212026-07-06,71872,2026-07-06,CANCELED,,
2026-07-07T03:56:06Z,1821612026-07-06,18216,2026-07-06,CANCELED,,
2026-07-07T03:56:06Z,1821912026-07-06,18219,2026-07-06,CANCELED,,
2026-07-07T03:56:06Z,7182212026-07-06,71822,2026-07-06,CANCELED,,
2026-07-07T04:01:50Z,0406012026-07-06,04060,2026-07-06,SCHEDULED,0,0.0
2026-07-07T04:01:50Z,1577212026-07-06,15772,2026-07-06,SCHEDULED,0,0.0
2026-07-07T04:01:50Z,0446412026-07-06,04464,2026-07-06,SCHEDULED,120,2.0
2026-07-07T04:01:50Z,1710612026-07-06,17106,2026-07-06,SCHEDULED,-60,-1.0
2026-07-07T04:01:50Z,1770712026-07-06,17707,2026-07-06,SCHEDULED,180,3.0
2026-07-07T04:01:50Z,0415422026-07-06,04154,2026-07-06,SCHEDULED,0,0.0
2026-07-07T04:01:50Z,0415412026-07-06,04154,2026-07-06,SCHEDULED,0,0.0
2026-07-07T04:01:50Z,1268912026-07-06,12689,2026-07-06,SCHEDULED,180,3.0
2026-07-07T04:01:50Z,1500012026-07-06,15000,2026-07-06,SCHEDULED,0,0.0
2026-07-07T04:01:50Z,1804722026-07-06,18047,2026-07-06,SCHEDULED,240,4.0
2026-07-07T04:01:50Z,1807112026-07-06,18071,2026-07-06,SCHEDULED,0,0.0
2026-07-07T04:01:50Z,1505112026-07-06,15051,2026-07-06,SCHEDULED,0,0.0
2026-07-07T04:01:50Z,1806612026-07-06,18066,2026-07-06,SCHEDULED,0,0.0
2026-07-07T04:01:50Z,1572012026-07-06,15720,2026-07-06,SCHEDULED,60,1.0
2026-07-07T04:01:50Z,1812112026-07-06,18121,2026-07-06,SCHEDULED,60,1.0
2026-07-07T04:01:50Z,0206312026-07-06,02063,2026-07-06,SCHEDULED,180,3.0
2026-07-07T04:01:50Z,1831012026-07-06,18310,2026-07-06,SCHEDULED,60,1.0
2026-07-07T04:01:50Z,0305212026-07-06,03052,2026-07-06,SCHEDULED,0,0.0
2026-07-07T04:01:50Z,1600012026-07-06,16000,2026-07-06,SCHEDULED,-120,-2.0
2026-07-07T04:01:50Z,1454112026-07-06,14541,2026-07-06,SCHEDULED,60,1.0
2026-07-07T04:01:50Z,1454122026-07-06,14541,2026-07-06,SCHEDULED,60,1.0
2026-07-07T04:01:50Z,1454132026-07-06,14541,2026-07-06,SCHEDULED,60,1.0
2026-07-07T04:01:50Z,0306242026-07-06,03062,2026-07-06,SCHEDULED,120,2.0
2026-07-07T04:01:50Z,0306232026-07-06,03062,2026-07-06,SCHEDULED,120,2.0
2026-07-07T04:01:50Z,0306212026-07-06,03062,2026-07-06,SCHEDULED,120,2.0
2026-07-07T04:01:50Z,0306222026-07-06,03062,2026-07-06,SCHEDULED,120,2.0
2026-07-07T04:01:50Z,1562012026-07-06,15620,2026-07-06,SCHEDULED,0,0.0
2026-07-07T04:01:50Z,1562112026-07-06,15621,2026-07-06,SCHEDULED,0,0.0
2026-07-07T04:01:50Z,1251212026-07-06,12512,2026-07-06,SCHEDULED,60,1.0
2026-07-07T04:01:50Z,0306242026-07-06,03062,2026-07-06,SCHEDULED,60,1.0
2026-07-07T04:01:50Z,0306232026-07-06,03062,2026-07-06,SCHEDULED,60,1.0
2026-07-07T04:01:50Z,0306212026-07-06,03062,2026-07-06,SCHEDULED,60,1.0
2026-07-07T04:01:50Z,0306222026-07-06,03062,2026-07-06,SCHEDULED,60,1.0
2026-07-07T04:01:50Z,3586912026-07-06,35869,2026-07-06,SCHEDULED,60,1.0
2026-07-07T04:01:50Z,0506312026-07-06,05063,2026-07-06,SCHEDULED,0,0.0
2026-07-07T04:01:50Z,1891012026-07-06,18910,2026-07-06,SCHEDULED,120,2.0
2026-07-07T04:01:50Z,0807212026-07-06,08072,2026-07-06,SCHEDULED,0,0.0
2026-07-07T04:01:50Z,1530912026-07-06,15309,2026-07-06,SCHEDULED,-180,-3.0
2026-07-07T04:01:50Z,1504012026-07-06,15040,2026-07-06,SCHEDULED,180,3.0
2026-07-07T04:01:50Z,0411422026-07-07,04114,2026-07-07,SCHEDULED,60,1.0
2026-07-07T04:01:50Z,0411412026-07-07,04114,2026-07-07,SCHEDULED,60,1.0
2026-07-07T04:01:50Z,0405612026-07-07,04056,2026-07-07,SCHEDULED,-300,-5.0
2026-07-07T04:01:50Z,1303512026-07-06,13035,2026-07-06,CANCELED,,
2026-07-07T04:01:50Z,3503522026-07-06,35035,2026-07-06,CANCELED,,
2026-07-07T04:01:50Z,3503512026-07-06,35035,2026-07-06,CANCELED,,
2026-07-07T04:01:50Z,3503522026-07-06,35035,2026-07-06,CANCELED,,
2026-07-07T04:01:50Z,3503512026-07-06,35035,2026-07-06,CANCELED,,
2026-07-07T04:01:50Z,3803512026-07-06,38035,2026-07-06,CANCELED,,
2026-07-07T04:01:50Z,1305212026-07-06,13052,2026-07-06,CANCELED,,
2026-07-07T04:01:50Z,1390812026-07-06,13908,2026-07-06,CANCELED,,
2026-07-07T04:01:50Z,1390822026-07-06,13908,2026-07-06,CANCELED,,
2026-07-07T04:01:50Z,1390832026-07-06,13908,2026-07-06,CANCELED,,
2026-07-07T04:01:50Z,3890812026-07-06,38908,2026-07-06,CANCELED,,
2026-07-07T04:01:50Z,1322622026-07-06,13226,2026-07-06,CANCELED,,
2026-07-07T04:01:50Z,1570012026-07-06,15700,2026-07-06,CANCELED,,
2026-07-07T04:01:50Z,1303512026-07-06,13035,2026-07-06,CANCELED,,
2026-07-07T04:01:50Z,1572612026-07-06,15726,2026-07-06,CANCELED,,
2026-07-07T04:01:50Z,0309112026-07-06,03091,2026-07-06,CANCELED,,
2026-07-07T04:01:50Z,1578612026-07-06,15786,2026-07-06,CANCELED,,
2026-07-07T04:01:50Z,1300112026-07-06,13001,2026-07-06,CANCELED,,
2026-07-07T04:01:50Z,7183112026-07-06,71831,2026-07-06,CANCELED,,
2026-07-07T04:01:50Z,7185312026-07-06,71853,2026-07-06,CANCELED,,
2026-07-07T04:01:50Z,3500122026-07-06,35001,2026-07-06,CANCELED,,
2026-07-07T04:01:50Z,3500112026-07-06,35001,2026-07-06,CANCELED,,
2026-07-07T04:01:50Z,1300812026-07-06,13008,2026-07-06,CANCELED,,
2026-07-07T04:01:50Z,7187412026-07-06,71874,2026-07-06,CANCELED,,
2026-07-07T04:01:50Z,1301512026-07-06,13015,2026-07-06,CANCELED,,
2026-07-07T04:01:50Z,7187212026-07-06,71872,2026-07-06,CANCELED,,
2026-07-07T04:01:50Z,1301912026-07-06,13019,2026-07-06,CANCELED,,
2026-07-07T04:01:50Z,1821612026-07-06,18216,2026-07-06,CANCELED,,
2026-07-07T04:01:50Z,1821912026-07-06,18219,2026-07-06,CANCELED,,
2026-07-07T04:01:50Z,7182212026-07-06,71822,2026-07-06,CANCELED,,
2026-07-07T04:06:08Z,1572012026-07-06,15720,2026-07-06,SCHEDULED,60,1.0
2026-07-07T04:06:08Z,0405612026-07-07,04056,2026-07-07,SCHEDULED,-300,-5.0
2026-07-07T04:06:08Z,1577212026-07-06,15772,2026-07-06,SCHEDULED,-60,-1.0
2026-07-07T04:06:08Z,0406012026-07-06,04060,2026-07-06,SCHEDULED,60,1.0
2026-07-07T04:06:08Z,1710612026-07-06,17106,2026-07-06,SCHEDULED,-60,-1.0
2026-07-07T04:06:08Z,0446412026-07-06,04464,2026-07-06,SCHEDULED,120,2.0
2026-07-07T04:06:08Z,1770712026-07-06,17707,2026-07-06,SCHEDULED,180,3.0
2026-07-07T04:06:08Z,0415422026-07-06,04154,2026-07-06,SCHEDULED,0,0.0
2026-07-07T04:06:08Z,0415412026-07-06,04154,2026-07-06,SCHEDULED,0,0.0
2026-07-07T04:06:08Z,1804722026-07-06,18047,2026-07-06,SCHEDULED,240,4.0
2026-07-07T04:06:08Z,1268912026-07-06,12689,2026-07-06,SCHEDULED,180,3.0
2026-07-07T04:06:08Z,1807112026-07-06,18071,2026-07-06,SCHEDULED,-60,-1.0
2026-07-07T04:06:08Z,1320212026-07-06,13202,2026-07-06,SCHEDULED,0,0.0
2026-07-07T04:06:08Z,1806612026-07-06,18066,2026-07-06,SCHEDULED,-60,-1.0
2026-07-07T04:06:08Z,1500012026-07-06,15000,2026-07-06,SCHEDULED,0,0.0
2026-07-07T04:06:08Z,1812112026-07-06,18121,2026-07-06,SCHEDULED,0,0.0
2026-07-07T04:06:08Z,1505112026-07-06,15051,2026-07-06,SCHEDULED,-60,-1.0
2026-07-07T04:06:08Z,1831012026-07-06,18310,2026-07-06,SCHEDULED,60,1.0
2026-07-07T04:06:08Z,0206312026-07-06,02063,2026-07-06,SCHEDULED,180,3.0
2026-07-07T04:06:08Z,3586912026-07-06,35869,2026-07-06,SCHEDULED,60,1.0
2026-07-07T04:06:08Z,0206712026-07-06,02067,2026-07-06,SCHEDULED,-60,-1.0
2026-07-07T04:06:08Z,1891012026-07-06,18910,2026-07-06,SCHEDULED,120,2.0
2026-07-07T04:06:08Z,0305212026-07-06,03052,2026-07-06,SCHEDULED,0,0.0
2026-07-07T04:06:08Z,1530912026-07-06,15309,2026-07-06,SCHEDULED,-180,-3.0
2026-07-07T04:06:08Z,1504012026-07-06,15040,2026-07-06,SCHEDULED,300,5.0
2026-07-07T04:06:08Z,1600012026-07-06,16000,2026-07-06,SCHEDULED,-180,-3.0
2026-07-07T04:06:08Z,0306242026-07-06,03062,2026-07-06,SCHEDULED,180,3.0
2026-07-07T04:06:08Z,0306232026-07-06,03062,2026-07-06,SCHEDULED,180,3.0
2026-07-07T04:06:08Z,0306212026-07-06,03062,2026-07-06,SCHEDULED,180,3.0
2026-07-07T04:06:08Z,0306222026-07-06,03062,2026-07-06,SCHEDULED,180,3.0
2026-07-07T04:06:08Z,1454112026-07-06,14541,2026-07-06,SCHEDULED,360,6.0
2026-07-07T04:06:08Z,1454122026-07-06,14541,2026-07-06,SCHEDULED,360,6.0
2026-07-07T04:06:08Z,1454132026-07-06,14541,2026-07-06,SCHEDULED,360,6.0
2026-07-07T04:06:08Z,1562012026-07-06,15620,2026-07-06,SCHEDULED,0,0.0
2026-07-07T04:06:08Z,0306242026-07-06,03062,2026-07-06,SCHEDULED,120,2.0
2026-07-07T04:06:08Z,0306232026-07-06,03062,2026-07-06,SCHEDULED,120,2.0
2026-07-07T04:06:08Z,0306212026-07-06,03062,2026-07-06,SCHEDULED,120,2.0
2026-07-07T04:06:08Z,0306222026-07-06,03062,2026-07-06,SCHEDULED,120,2.0
2026-07-07T04:06:08Z,1562112026-07-06,15621,2026-07-06,SCHEDULED,0,0.0
2026-07-07T04:06:08Z,0506312026-07-06,05063,2026-07-06,SCHEDULED,0,0.0
2026-07-07T04:06:08Z,1251212026-07-06,12512,2026-07-06,SCHEDULED,60,1.0
2026-07-07T04:06:08Z,0587112026-07-06,05871,2026-07-06,SCHEDULED,60,1.0
2026-07-07T04:06:08Z,0807212026-07-06,08072,2026-07-06,SCHEDULED,-60,-1.0
2026-07-07T04:06:08Z,0411422026-07-07,04114,2026-07-07,SCHEDULED,60,1.0
2026-07-07T04:06:08Z,0411412026-07-07,04114,2026-07-07,SCHEDULED,60,1.0
2026-07-07T04:06:08Z,3890812026-07-06,38908,2026-07-06,CANCELED,,
2026-07-07T04:06:08Z,1570012026-07-06,15700,2026-07-06,CANCELED,,
2026-07-07T04:06:08Z,1572612026-07-06,15726,2026-07-06,CANCELED,,
2026-07-07T04:06:08Z,1578612026-07-06,15786,2026-07-06,CANCELED,,
2026-07-07T04:06:08Z,1303512026-07-06,13035,2026-07-06,CANCELED,,
2026-07-07T04:06:08Z,3503522026-07-06,35035,2026-07-06,CANCELED,,
2026-07-07T04:06:08Z,3503512026-07-06,35035,2026-07-06,CANCELED,,
2026-07-07T04:06:08Z,1390812026-07-06,13908,2026-07-06,CANCELED,,
2026-07-07T04:06:08Z,1390822026-07-06,13908,2026-07-06,CANCELED,,
2026-07-07T04:06:08Z,1390832026-07-06,13908,2026-07-06,CANCELED,,
2026-07-07T04:06:08Z,7183112026-07-06,71831,2026-07-06,CANCELED,,
2026-07-07T04:06:08Z,7185312026-07-06,71853,2026-07-06,CANCELED,,
2026-07-07T04:06:08Z,7187412026-07-06,71874,2026-07-06,CANCELED,,
2026-07-07T04:06:08Z,7187212026-07-06,71872,2026-07-06,CANCELED,,
2026-07-07T04:06:08Z,1821612026-07-06,18216,2026-07-06,CANCELED,,
2026-07-07T04:06:08Z,1821912026-07-06,18219,2026-07-06,CANCELED,,
2026-07-07T04:06:08Z,7182212026-07-06,71822,2026-07-06,CANCELED,,
2026-07-07T04:06:08Z,1301512026-07-06,13015,2026-07-06,CANCELED,,
2026-07-07T04:06:08Z,1301912026-07-06,13019,2026-07-06,CANCELED,,
2026-07-07T04:06:08Z,1303512026-07-06,13035,2026-07-06,CANCELED,,
2026-07-07T04:06:08Z,3503522026-07-06,35035,2026-07-06,CANCELED,,
2026-07-07T04:06:08Z,3503512026-07-06,35035,2026-07-06,CANCELED,,
2026-07-07T04:06:08Z,3803512026-07-06,38035,2026-07-06,CANCELED,,
2026-07-07T04:06:08Z,1305212026-07-06,13052,2026-07-06,CANCELED,,
2026-07-07T04:06:08Z,1322622026-07-06,13226,2026-07-06,CANCELED,,
2026-07-07T04:06:08Z,0309112026-07-06,03091,2026-07-06,CANCELED,,
2026-07-07T04:06:08Z,1268012026-07-06,12680,2026-07-06,CANCELED,,
2026-07-07T04:06:08Z,1268112026-07-06,12681,2026-07-06,CANCELED,,
2026-07-07T04:06:08Z,1300112026-07-06,13001,2026-07-06,CANCELED,,
2026-07-07T04:06:08Z,3500112026-07-06,35001,2026-07-06,CANCELED,,
2026-07-07T04:06:08Z,3500122026-07-06,35001,2026-07-06,CANCELED,,
2026-07-07T04:06:08Z,1300812026-07-06,13008,2026-07-06,CANCELED,,
2026-07-07T04:16:12Z,0406012026-07-06,04060,2026-07-06,SCHEDULED,0,0.0
2026-07-07T04:16:12Z,1577012026-07-06,15770,2026-07-06,SCHEDULED,0,0.0
2026-07-07T04:16:12Z,0446412026-07-06,04464,2026-07-06,SCHEDULED,60,1.0
2026-07-07T04:16:12Z,1577212026-07-06,15772,2026-07-06,SCHEDULED,0,0.0
2026-07-07T04:16:12Z,1710612026-07-06,17106,2026-07-06,SCHEDULED,0,0.0
2026-07-07T04:16:12Z,0415422026-07-06,04154,2026-07-06,SCHEDULED,-60,-1.0
2026-07-07T04:16:12Z,0415412026-07-06,04154,2026-07-06,SCHEDULED,-60,-1.0
2026-07-07T04:16:12Z,1770712026-07-06,17707,2026-07-06,SCHEDULED,180,3.0
2026-07-07T04:16:12Z,1804112026-07-06,18041,2026-07-06,SCHEDULED,120,2.0
2026-07-07T04:16:12Z,1268912026-07-06,12689,2026-07-06,SCHEDULED,180,3.0
2026-07-07T04:16:12Z,1804612026-07-06,18046,2026-07-06,SCHEDULED,60,1.0
2026-07-07T04:16:12Z,1320112026-07-06,13201,2026-07-06,SCHEDULED,0,0.0
2026-07-07T04:16:12Z,1320212026-07-06,13202,2026-07-06,SCHEDULED,60,1.0
2026-07-07T04:16:12Z,1804722026-07-06,18047,2026-07-06,SCHEDULED,420,7.0
2026-07-07T04:16:12Z,1500012026-07-06,15000,2026-07-06,SCHEDULED,240,4.0
2026-07-07T04:16:12Z,1808412026-07-06,18084,2026-07-06,SCHEDULED,-60,-1.0
2026-07-07T04:16:12Z,1505112026-07-06,15051,2026-07-06,SCHEDULED,120,2.0
2026-07-07T04:16:12Z,1806812026-07-06,18068,2026-07-06,SCHEDULED,0,0.0
2026-07-07T04:16:12Z,1565012026-07-06,15650,2026-07-06,SCHEDULED,-60,-1.0
2026-07-07T04:16:12Z,1807112026-07-06,18071,2026-07-06,SCHEDULED,-180,-3.0
2026-07-07T04:16:12Z,1572012026-07-06,15720,2026-07-06,SCHEDULED,180,3.0
2026-07-07T04:16:12Z,1806612026-07-06,18066,2026-07-06,SCHEDULED,-120,-2.0
2026-07-07T04:16:12Z,0206112026-07-06,02061,2026-07-06,SCHEDULED,120,2.0
2026-07-07T04:16:12Z,1812012026-07-06,18120,2026-07-06,SCHEDULED,1380,23.0
2026-07-07T04:16:12Z,0206312026-07-06,02063,2026-07-06,SCHEDULED,120,2.0
2026-07-07T04:16:12Z,1812112026-07-06,18121,2026-07-06,SCHEDULED,0,0.0
2026-07-07T04:16:12Z,0206712026-07-06,02067,2026-07-06,SCHEDULED,0,0.0
2026-07-07T04:16:12Z,1831012026-07-06,18310,2026-07-06,SCHEDULED,0,0.0
2026-07-07T04:16:12Z,0305212026-07-06,03052,2026-07-06,SCHEDULED,120,2.0
2026-07-07T04:16:12Z,3586912026-07-06,35869,2026-07-06,SCHEDULED,180,3.0
2026-07-07T04:16:12Z,1891012026-07-06,18910,2026-07-06,SCHEDULED,120,2.0
2026-07-07T04:16:12Z,1530912026-07-06,15309,2026-07-06,SCHEDULED,-120,-2.0
2026-07-07T04:16:12Z,1504012026-07-06,15040,2026-07-06,SCHEDULED,360,6.0
2026-07-07T04:16:12Z,0306242026-07-06,03062,2026-07-06,SCHEDULED,180,3.0
2026-07-07T04:16:12Z,0306232026-07-06,03062,2026-07-06,SCHEDULED,180,3.0
2026-07-07T04:16:12Z,0306212026-07-06,03062,2026-07-06,SCHEDULED,180,3.0
2026-07-07T04:16:12Z,0306222026-07-06,03062,2026-07-06,SCHEDULED,180,3.0
2026-07-07T04:16:12Z,1600012026-07-06,16000,2026-07-06,SCHEDULED,-120,-2.0
2026-07-07T04:16:12Z,1562012026-07-06,15620,2026-07-06,SCHEDULED,0,0.0
2026-07-07T04:16:12Z,1562112026-07-06,15621,2026-07-06,SCHEDULED,0,0.0
2026-07-07T04:16:12Z,1251212026-07-06,12512,2026-07-06,SCHEDULED,120,2.0
2026-07-07T04:16:12Z,0306242026-07-06,03062,2026-07-06,SCHEDULED,240,4.0
2026-07-07T04:16:12Z,0306232026-07-06,03062,2026-07-06,SCHEDULED,240,4.0
2026-07-07T04:16:12Z,0306212026-07-06,03062,2026-07-06,SCHEDULED,240,4.0
2026-07-07T04:16:12Z,0306222026-07-06,03062,2026-07-06,SCHEDULED,240,4.0
2026-07-07T04:16:12Z,0506312026-07-06,05063,2026-07-06,SCHEDULED,0,0.0
2026-07-07T04:16:12Z,0587112026-07-06,05871,2026-07-06,SCHEDULED,180,3.0
2026-07-07T04:16:12Z,0807212026-07-06,08072,2026-07-06,SCHEDULED,0,0.0
2026-07-07T04:16:12Z,0411422026-07-07,04114,2026-07-07,SCHEDULED,240,4.0
2026-07-07T04:16:12Z,0411412026-07-07,04114,2026-07-07,SCHEDULED,240,4.0
2026-07-07T04:16:12Z,0405612026-07-07,04056,2026-07-07,SCHEDULED,-300,-5.0
2026-07-07T04:16:12Z,3890812026-07-06,38908,2026-07-06,CANCELED,,
2026-07-07T04:16:12Z,1301512026-07-06,13015,2026-07-06,CANCELED,,
2026-07-07T04:16:12Z,1570012026-07-06,15700,2026-07-06,CANCELED,,
2026-07-07T04:16:12Z,1301912026-07-06,13019,2026-07-06,CANCELED,,
2026-07-07T04:16:12Z,1303512026-07-06,13035,2026-07-06,CANCELED,,
2026-07-07T04:16:12Z,1572612026-07-06,15726,2026-07-06,CANCELED,,
2026-07-07T04:16:12Z,1578612026-07-06,15786,2026-07-06,CANCELED,,
2026-07-07T04:16:12Z,3503522026-07-06,35035,2026-07-06,CANCELED,,
2026-07-07T04:16:12Z,3503512026-07-06,35035,2026-07-06,CANCELED,,
2026-07-07T04:16:12Z,1303512026-07-06,13035,2026-07-06,CANCELED,,
2026-07-07T04:16:12Z,3803512026-07-06,38035,2026-07-06,CANCELED,,
2026-07-07T04:16:12Z,3503522026-07-06,35035,2026-07-06,CANCELED,,
2026-07-07T04:16:12Z,3503512026-07-06,35035,2026-07-06,CANCELED,,
2026-07-07T04:16:12Z,1305212026-07-06,13052,2026-07-06,CANCELED,,
2026-07-07T04:16:12Z,1322622026-07-06,13226,2026-07-06,CANCELED,,
2026-07-07T04:16:12Z,0309112026-07-06,03091,2026-07-06,CANCELED,,
2026-07-07T04:16:12Z,1390812026-07-06,13908,2026-07-06,CANCELED,,
2026-07-07T04:16:12Z,1390822026-07-06,13908,2026-07-06,CANCELED,,
2026-07-07T04:16:12Z,1390832026-07-06,13908,2026-07-06,CANCELED,,
2026-07-07T04:16:12Z,1268012026-07-06,12680,2026-07-06,CANCELED,,
2026-07-07T04:16:12Z,7183112026-07-06,71831,2026-07-06,CANCELED,,
2026-07-07T04:16:12Z,1268112026-07-06,12681,2026-07-06,CANCELED,,
2026-07-07T04:16:12Z,7185312026-07-06,71853,2026-07-06,CANCELED,,
2026-07-07T04:16:12Z,1300112026-07-06,13001,2026-07-06,CANCELED,,
2026-07-07T04:16:12Z,7187412026-07-06,71874,2026-07-06,CANCELED,,
2026-07-07T04:16:12Z,7187212026-07-06,71872,2026-07-06,CANCELED,,
2026-07-07T04:16:12Z,3500122026-07-06,35001,2026-07-06,CANCELED,,
2026-07-07T04:16:12Z,3500112026-07-06,35001,2026-07-06,CANCELED,,
2026-07-07T04:16:12Z,1821612026-07-06,18216,2026-07-06,CANCELED,,
2026-07-07T04:16:12Z,1300812026-07-06,13008,2026-07-06,CANCELED,,
2026-07-07T04:16:12Z,1821912026-07-06,18219,2026-07-06,CANCELED,,
2026-07-07T04:16:12Z,7182212026-07-06,71822,2026-07-06,CANCELED,,
