timestamp_utc,trip_id,tren,fecha_tren,estado,retraso_seg,retraso_min
2026-07-15T00:01:53Z,1305212026-07-13,13052,2026-07-13,CANCELED,,
2026-07-15T00:01:53Z,1719312026-07-13,17193,2026-07-13,CANCELED,,
2026-07-15T00:01:53Z,1391122026-07-13,13911,2026-07-13,CANCELED,,
2026-07-15T00:01:53Z,1391112026-07-13,13911,2026-07-13,CANCELED,,
2026-07-15T00:01:53Z,1810222026-07-13,18102,2026-07-13,CANCELED,,
2026-07-15T00:01:53Z,1810232026-07-13,18102,2026-07-13,CANCELED,,
2026-07-15T00:01:53Z,1810242026-07-13,18102,2026-07-13,CANCELED,,
2026-07-15T00:01:53Z,1501212026-07-13,15012,2026-07-13,CANCELED,,
2026-07-15T00:01:53Z,1810412026-07-13,18104,2026-07-13,CANCELED,,
2026-07-15T00:01:53Z,1504212026-07-13,15042,2026-07-13,CANCELED,,
2026-07-15T00:01:53Z,3810412026-07-13,38104,2026-07-13,CANCELED,,
2026-07-15T00:01:53Z,1611112026-07-13,16111,2026-07-13,CANCELED,,
2026-07-15T00:01:53Z,1611112026-07-13,16111,2026-07-13,CANCELED,,
2026-07-15T00:01:53Z,1602512026-07-13,16025,2026-07-13,CANCELED,,
2026-07-15T00:01:53Z,1719212026-07-13,17192,2026-07-13,CANCELED,,
2026-07-15T00:01:53Z,1562212026-07-13,15622,2026-07-13,CANCELED,,
2026-07-15T00:01:53Z,0029122026-07-14,00291,2026-07-14,CANCELED,,
2026-07-15T00:01:53Z,0029112026-07-14,00291,2026-07-14,CANCELED,,
2026-07-15T00:01:53Z,3709122026-07-13,37091,2026-07-13,CANCELED,,
2026-07-15T00:01:53Z,3709112026-07-13,37091,2026-07-13,CANCELED,,
2026-07-15T00:01:53Z,1810132026-07-13,18101,2026-07-13,CANCELED,,
2026-07-15T00:01:53Z,1810142026-07-13,18101,2026-07-13,CANCELED,,
2026-07-15T00:01:53Z,1810152026-07-13,18101,2026-07-13,CANCELED,,
2026-07-15T00:01:53Z,3739112026-07-13,37391,2026-07-13,CANCELED,,
2026-07-15T00:01:53Z,1703012026-07-13,17030,2026-07-13,CANCELED,,
2026-07-15T00:01:53Z,1307912026-07-15,13079,2026-07-15,CANCELED,,
2026-07-15T00:01:53Z,7187412026-07-13,71874,2026-07-13,CANCELED,,
2026-07-15T00:01:53Z,3507922026-07-15,35079,2026-07-15,CANCELED,,
2026-07-15T00:01:53Z,3507912026-07-15,35079,2026-07-15,CANCELED,,
2026-07-15T00:01:53Z,1301312026-07-13,13013,2026-07-13,CANCELED,,
2026-07-15T00:01:53Z,1800612026-07-13,18006,2026-07-13,CANCELED,,
2026-07-15T00:01:53Z,3800612026-07-13,38006,2026-07-13,CANCELED,,
2026-07-15T00:01:53Z,1813212026-07-13,18132,2026-07-13,CANCELED,,
2026-07-15T00:06:08Z,1719312026-07-13,17193,2026-07-13,CANCELED,,
2026-07-15T00:06:08Z,1305212026-07-13,13052,2026-07-13,CANCELED,,
2026-07-15T00:06:08Z,1391122026-07-13,13911,2026-07-13,CANCELED,,
2026-07-15T00:06:08Z,1391112026-07-13,13911,2026-07-13,CANCELED,,
2026-07-15T00:06:08Z,1810222026-07-13,18102,2026-07-13,CANCELED,,
2026-07-15T00:06:08Z,1810232026-07-13,18102,2026-07-13,CANCELED,,
2026-07-15T00:06:08Z,1810242026-07-13,18102,2026-07-13,CANCELED,,
2026-07-15T00:06:08Z,1501212026-07-13,15012,2026-07-13,CANCELED,,
2026-07-15T00:06:08Z,1810412026-07-13,18104,2026-07-13,CANCELED,,
2026-07-15T00:06:08Z,1504212026-07-13,15042,2026-07-13,CANCELED,,
2026-07-15T00:06:08Z,3810412026-07-13,38104,2026-07-13,CANCELED,,
2026-07-15T00:06:08Z,1611112026-07-13,16111,2026-07-13,CANCELED,,
2026-07-15T00:06:08Z,1611112026-07-13,16111,2026-07-13,CANCELED,,
2026-07-15T00:06:08Z,1602512026-07-13,16025,2026-07-13,CANCELED,,
2026-07-15T00:06:08Z,1719212026-07-13,17192,2026-07-13,CANCELED,,
2026-07-15T00:06:08Z,1562212026-07-13,15622,2026-07-13,CANCELED,,
2026-07-15T00:06:08Z,0029122026-07-14,00291,2026-07-14,CANCELED,,
2026-07-15T00:06:08Z,0029112026-07-14,00291,2026-07-14,CANCELED,,
2026-07-15T00:06:08Z,3709122026-07-13,37091,2026-07-13,CANCELED,,
2026-07-15T00:06:08Z,3709112026-07-13,37091,2026-07-13,CANCELED,,
2026-07-15T00:06:08Z,1810132026-07-13,18101,2026-07-13,CANCELED,,
2026-07-15T00:06:08Z,1810142026-07-13,18101,2026-07-13,CANCELED,,
2026-07-15T00:06:08Z,1810152026-07-13,18101,2026-07-13,CANCELED,,
2026-07-15T00:06:08Z,3739112026-07-13,37391,2026-07-13,CANCELED,,
2026-07-15T00:06:08Z,1703012026-07-13,17030,2026-07-13,CANCELED,,
2026-07-15T00:06:08Z,1307912026-07-15,13079,2026-07-15,CANCELED,,
2026-07-15T00:06:08Z,7187412026-07-13,71874,2026-07-13,CANCELED,,
2026-07-15T00:06:08Z,3507922026-07-15,35079,2026-07-15,CANCELED,,
2026-07-15T00:06:08Z,3507912026-07-15,35079,2026-07-15,CANCELED,,
2026-07-15T00:06:08Z,1301312026-07-13,13013,2026-07-13,CANCELED,,
2026-07-15T00:06:08Z,1800612026-07-13,18006,2026-07-13,CANCELED,,
2026-07-15T00:06:08Z,3800612026-07-13,38006,2026-07-13,CANCELED,,
2026-07-15T00:06:08Z,1813212026-07-13,18132,2026-07-13,CANCELED,,
2026-07-15T00:11:36Z,1719312026-07-13,17193,2026-07-13,CANCELED,,
2026-07-15T00:11:36Z,1305212026-07-13,13052,2026-07-13,CANCELED,,
2026-07-15T00:11:36Z,1391122026-07-13,13911,2026-07-13,CANCELED,,
2026-07-15T00:11:36Z,1391112026-07-13,13911,2026-07-13,CANCELED,,
2026-07-15T00:11:36Z,1810222026-07-13,18102,2026-07-13,CANCELED,,
2026-07-15T00:11:36Z,1810232026-07-13,18102,2026-07-13,CANCELED,,
2026-07-15T00:11:36Z,1810242026-07-13,18102,2026-07-13,CANCELED,,
2026-07-15T00:11:36Z,1501212026-07-13,15012,2026-07-13,CANCELED,,
2026-07-15T00:11:36Z,1810412026-07-13,18104,2026-07-13,CANCELED,,
2026-07-15T00:11:36Z,1504212026-07-13,15042,2026-07-13,CANCELED,,
2026-07-15T00:11:36Z,3810412026-07-13,38104,2026-07-13,CANCELED,,
2026-07-15T00:11:36Z,1611112026-07-13,16111,2026-07-13,CANCELED,,
2026-07-15T00:11:36Z,1611112026-07-13,16111,2026-07-13,CANCELED,,
2026-07-15T00:11:36Z,1602512026-07-13,16025,2026-07-13,CANCELED,,
2026-07-15T00:11:36Z,1719212026-07-13,17192,2026-07-13,CANCELED,,
2026-07-15T00:11:36Z,1562212026-07-13,15622,2026-07-13,CANCELED,,
2026-07-15T00:11:36Z,0029122026-07-14,00291,2026-07-14,CANCELED,,
2026-07-15T00:11:36Z,0029112026-07-14,00291,2026-07-14,CANCELED,,
2026-07-15T00:11:36Z,1810132026-07-13,18101,2026-07-13,CANCELED,,
2026-07-15T00:11:36Z,1810142026-07-13,18101,2026-07-13,CANCELED,,
2026-07-15T00:11:36Z,1810152026-07-13,18101,2026-07-13,CANCELED,,
2026-07-15T00:11:36Z,3709122026-07-13,37091,2026-07-13,CANCELED,,
2026-07-15T00:11:36Z,3709112026-07-13,37091,2026-07-13,CANCELED,,
2026-07-15T00:11:36Z,1703012026-07-13,17030,2026-07-13,CANCELED,,
2026-07-15T00:11:36Z,3739112026-07-13,37391,2026-07-13,CANCELED,,
2026-07-15T00:11:36Z,1307912026-07-15,13079,2026-07-15,CANCELED,,
2026-07-15T00:11:36Z,7187412026-07-13,71874,2026-07-13,CANCELED,,
2026-07-15T00:11:36Z,3507922026-07-15,35079,2026-07-15,CANCELED,,
2026-07-15T00:11:36Z,3507912026-07-15,35079,2026-07-15,CANCELED,,
2026-07-15T00:11:36Z,1800612026-07-13,18006,2026-07-13,CANCELED,,
2026-07-15T00:11:36Z,1301312026-07-13,13013,2026-07-13,CANCELED,,
2026-07-15T00:11:36Z,3800612026-07-13,38006,2026-07-13,CANCELED,,
2026-07-15T00:11:36Z,1813212026-07-13,18132,2026-07-13,CANCELED,,
2026-07-15T00:16:18Z,1719312026-07-13,17193,2026-07-13,CANCELED,,
2026-07-15T00:16:18Z,1305212026-07-13,13052,2026-07-13,CANCELED,,
2026-07-15T00:16:18Z,1391122026-07-13,13911,2026-07-13,CANCELED,,
2026-07-15T00:16:18Z,1391112026-07-13,13911,2026-07-13,CANCELED,,
2026-07-15T00:16:18Z,1501212026-07-13,15012,2026-07-13,CANCELED,,
2026-07-15T00:16:18Z,1810222026-07-13,18102,2026-07-13,CANCELED,,
2026-07-15T00:16:18Z,1810232026-07-13,18102,2026-07-13,CANCELED,,
2026-07-15T00:16:18Z,1810242026-07-13,18102,2026-07-13,CANCELED,,
2026-07-15T00:16:18Z,1504212026-07-13,15042,2026-07-13,CANCELED,,
2026-07-15T00:16:18Z,1810412026-07-13,18104,2026-07-13,CANCELED,,
2026-07-15T00:16:18Z,3810412026-07-13,38104,2026-07-13,CANCELED,,
2026-07-15T00:16:18Z,1611112026-07-13,16111,2026-07-13,CANCELED,,
2026-07-15T00:16:18Z,1602512026-07-13,16025,2026-07-13,CANCELED,,
2026-07-15T00:16:18Z,1611112026-07-13,16111,2026-07-13,CANCELED,,
2026-07-15T00:16:18Z,1719212026-07-13,17192,2026-07-13,CANCELED,,
2026-07-15T00:16:18Z,0029122026-07-14,00291,2026-07-14,CANCELED,,
2026-07-15T00:16:18Z,0029112026-07-14,00291,2026-07-14,CANCELED,,
2026-07-15T00:16:18Z,1562212026-07-13,15622,2026-07-13,CANCELED,,
2026-07-15T00:16:18Z,3709122026-07-13,37091,2026-07-13,CANCELED,,
2026-07-15T00:16:18Z,3709112026-07-13,37091,2026-07-13,CANCELED,,
2026-07-15T00:16:18Z,1810132026-07-13,18101,2026-07-13,CANCELED,,
2026-07-15T00:16:18Z,1810142026-07-13,18101,2026-07-13,CANCELED,,
2026-07-15T00:16:18Z,1810152026-07-13,18101,2026-07-13,CANCELED,,
2026-07-15T00:16:18Z,3739112026-07-13,37391,2026-07-13,CANCELED,,
2026-07-15T00:16:18Z,1703012026-07-13,17030,2026-07-13,CANCELED,,
2026-07-15T00:16:18Z,1307912026-07-15,13079,2026-07-15,CANCELED,,
2026-07-15T00:16:18Z,7187412026-07-13,71874,2026-07-13,CANCELED,,
2026-07-15T00:16:18Z,3507922026-07-15,35079,2026-07-15,CANCELED,,
2026-07-15T00:16:18Z,3507912026-07-15,35079,2026-07-15,CANCELED,,
2026-07-15T00:16:18Z,1301312026-07-13,13013,2026-07-13,CANCELED,,
2026-07-15T00:16:18Z,1800612026-07-13,18006,2026-07-13,CANCELED,,
2026-07-15T00:16:18Z,3800612026-07-13,38006,2026-07-13,CANCELED,,
2026-07-15T00:16:18Z,1813212026-07-13,18132,2026-07-13,CANCELED,,
2026-07-15T00:21:38Z,1305212026-07-14,13052,2026-07-14,CANCELED,,
2026-07-15T00:21:38Z,1719312026-07-14,17193,2026-07-14,CANCELED,,
2026-07-15T00:21:38Z,1391122026-07-14,13911,2026-07-14,CANCELED,,
2026-07-15T00:21:38Z,1391112026-07-14,13911,2026-07-14,CANCELED,,
2026-07-15T00:21:38Z,1501212026-07-14,15012,2026-07-14,CANCELED,,
2026-07-15T00:21:38Z,1810222026-07-14,18102,2026-07-14,CANCELED,,
2026-07-15T00:21:38Z,1810232026-07-14,18102,2026-07-14,CANCELED,,
2026-07-15T00:21:38Z,1810242026-07-14,18102,2026-07-14,CANCELED,,
2026-07-15T00:21:38Z,1504212026-07-14,15042,2026-07-14,CANCELED,,
2026-07-15T00:21:38Z,1810412026-07-14,18104,2026-07-14,CANCELED,,
2026-07-15T00:21:38Z,1611112026-07-14,16111,2026-07-14,CANCELED,,
2026-07-15T00:21:38Z,3810412026-07-14,38104,2026-07-14,CANCELED,,
2026-07-15T00:21:38Z,1602512026-07-14,16025,2026-07-14,CANCELED,,
2026-07-15T00:21:38Z,1611112026-07-14,16111,2026-07-14,CANCELED,,
2026-07-15T00:21:38Z,1719212026-07-14,17192,2026-07-14,CANCELED,,
2026-07-15T00:21:38Z,0029122026-07-15,00291,2026-07-15,CANCELED,,
2026-07-15T00:21:38Z,0029112026-07-15,00291,2026-07-15,CANCELED,,
2026-07-15T00:21:38Z,1562212026-07-14,15622,2026-07-14,CANCELED,,
2026-07-15T00:21:38Z,3709122026-07-14,37091,2026-07-14,CANCELED,,
2026-07-15T00:21:38Z,3709112026-07-14,37091,2026-07-14,CANCELED,,
2026-07-15T00:21:38Z,3739112026-07-14,37391,2026-07-14,CANCELED,,
2026-07-15T00:21:38Z,1307912026-07-15,13079,2026-07-15,CANCELED,,
2026-07-15T00:21:38Z,1810132026-07-14,18101,2026-07-14,CANCELED,,
2026-07-15T00:21:38Z,1810142026-07-14,18101,2026-07-14,CANCELED,,
2026-07-15T00:21:38Z,1810152026-07-14,18101,2026-07-14,CANCELED,,
2026-07-15T00:21:38Z,1703012026-07-14,17030,2026-07-14,CANCELED,,
2026-07-15T00:21:38Z,3507922026-07-15,35079,2026-07-15,CANCELED,,
2026-07-15T00:21:38Z,3507912026-07-15,35079,2026-07-15,CANCELED,,
2026-07-15T00:21:38Z,1301312026-07-14,13013,2026-07-14,CANCELED,,
2026-07-15T00:21:38Z,7187412026-07-14,71874,2026-07-14,CANCELED,,
2026-07-15T00:21:38Z,1800612026-07-14,18006,2026-07-14,CANCELED,,
2026-07-15T00:21:38Z,3800612026-07-14,38006,2026-07-14,CANCELED,,
2026-07-15T00:21:38Z,1813212026-07-14,18132,2026-07-14,CANCELED,,
2026-07-15T00:26:10Z,1305212026-07-14,13052,2026-07-14,CANCELED,,
2026-07-15T00:26:10Z,1719312026-07-14,17193,2026-07-14,CANCELED,,
2026-07-15T00:26:10Z,1391122026-07-14,13911,2026-07-14,CANCELED,,
2026-07-15T00:26:10Z,1391112026-07-14,13911,2026-07-14,CANCELED,,
2026-07-15T00:26:10Z,1501212026-07-14,15012,2026-07-14,CANCELED,,
2026-07-15T00:26:10Z,1810222026-07-14,18102,2026-07-14,CANCELED,,
2026-07-15T00:26:10Z,1810232026-07-14,18102,2026-07-14,CANCELED,,
2026-07-15T00:26:10Z,1810242026-07-14,18102,2026-07-14,CANCELED,,
2026-07-15T00:26:10Z,1504212026-07-14,15042,2026-07-14,CANCELED,,
2026-07-15T00:26:10Z,1810412026-07-14,18104,2026-07-14,CANCELED,,
2026-07-15T00:26:10Z,3810412026-07-14,38104,2026-07-14,CANCELED,,
2026-07-15T00:26:10Z,1611112026-07-14,16111,2026-07-14,CANCELED,,
2026-07-15T00:26:10Z,1602512026-07-14,16025,2026-07-14,CANCELED,,
2026-07-15T00:26:10Z,1611112026-07-14,16111,2026-07-14,CANCELED,,
2026-07-15T00:26:10Z,1719212026-07-14,17192,2026-07-14,CANCELED,,
2026-07-15T00:26:10Z,0029122026-07-15,00291,2026-07-15,CANCELED,,
2026-07-15T00:26:10Z,0029112026-07-15,00291,2026-07-15,CANCELED,,
2026-07-15T00:26:10Z,1562212026-07-14,15622,2026-07-14,CANCELED,,
2026-07-15T00:26:10Z,3709122026-07-14,37091,2026-07-14,CANCELED,,
2026-07-15T00:26:10Z,3709112026-07-14,37091,2026-07-14,CANCELED,,
2026-07-15T00:26:10Z,1810132026-07-14,18101,2026-07-14,CANCELED,,
2026-07-15T00:26:10Z,1810142026-07-14,18101,2026-07-14,CANCELED,,
2026-07-15T00:26:10Z,1810152026-07-14,18101,2026-07-14,CANCELED,,
2026-07-15T00:26:10Z,3739112026-07-14,37391,2026-07-14,CANCELED,,
2026-07-15T00:26:10Z,1703012026-07-14,17030,2026-07-14,CANCELED,,
2026-07-15T00:26:10Z,1307912026-07-15,13079,2026-07-15,CANCELED,,
2026-07-15T00:26:10Z,7187412026-07-14,71874,2026-07-14,CANCELED,,
2026-07-15T00:26:10Z,3507922026-07-15,35079,2026-07-15,CANCELED,,
2026-07-15T00:26:10Z,3507912026-07-15,35079,2026-07-15,CANCELED,,
2026-07-15T00:26:10Z,1301312026-07-14,13013,2026-07-14,CANCELED,,
2026-07-15T00:26:10Z,1800612026-07-14,18006,2026-07-14,CANCELED,,
2026-07-15T00:26:10Z,3800612026-07-14,38006,2026-07-14,CANCELED,,
2026-07-15T00:26:10Z,1813212026-07-14,18132,2026-07-14,CANCELED,,
2026-07-15T00:31:45Z,1305212026-07-14,13052,2026-07-14,CANCELED,,
2026-07-15T00:31:45Z,1719312026-07-14,17193,2026-07-14,CANCELED,,
2026-07-15T00:31:45Z,1391122026-07-14,13911,2026-07-14,CANCELED,,
2026-07-15T00:31:45Z,1391112026-07-14,13911,2026-07-14,CANCELED,,
2026-07-15T00:31:45Z,1501212026-07-14,15012,2026-07-14,CANCELED,,
2026-07-15T00:31:45Z,1810222026-07-14,18102,2026-07-14,CANCELED,,
2026-07-15T00:31:45Z,1810232026-07-14,18102,2026-07-14,CANCELED,,
2026-07-15T00:31:45Z,1810242026-07-14,18102,2026-07-14,CANCELED,,
2026-07-15T00:31:45Z,1504212026-07-14,15042,2026-07-14,CANCELED,,
2026-07-15T00:31:45Z,1810412026-07-14,18104,2026-07-14,CANCELED,,
2026-07-15T00:31:45Z,3810412026-07-14,38104,2026-07-14,CANCELED,,
2026-07-15T00:31:45Z,1611112026-07-14,16111,2026-07-14,CANCELED,,
2026-07-15T00:31:45Z,1602512026-07-14,16025,2026-07-14,CANCELED,,
2026-07-15T00:31:45Z,1611112026-07-14,16111,2026-07-14,CANCELED,,
2026-07-15T00:31:45Z,1719212026-07-14,17192,2026-07-14,CANCELED,,
2026-07-15T00:31:45Z,0029122026-07-15,00291,2026-07-15,CANCELED,,
2026-07-15T00:31:45Z,0029112026-07-15,00291,2026-07-15,CANCELED,,
2026-07-15T00:31:45Z,1562212026-07-14,15622,2026-07-14,CANCELED,,
2026-07-15T00:31:45Z,3709122026-07-14,37091,2026-07-14,CANCELED,,
2026-07-15T00:31:45Z,3709112026-07-14,37091,2026-07-14,CANCELED,,
2026-07-15T00:31:45Z,3739112026-07-14,37391,2026-07-14,CANCELED,,
2026-07-15T00:31:45Z,1810132026-07-14,18101,2026-07-14,CANCELED,,
2026-07-15T00:31:45Z,1810142026-07-14,18101,2026-07-14,CANCELED,,
2026-07-15T00:31:45Z,1810152026-07-14,18101,2026-07-14,CANCELED,,
2026-07-15T00:31:45Z,1307912026-07-15,13079,2026-07-15,CANCELED,,
2026-07-15T00:31:45Z,1703012026-07-14,17030,2026-07-14,CANCELED,,
2026-07-15T00:31:45Z,3507922026-07-15,35079,2026-07-15,CANCELED,,
2026-07-15T00:31:45Z,3507912026-07-15,35079,2026-07-15,CANCELED,,
2026-07-15T00:31:45Z,1301312026-07-14,13013,2026-07-14,CANCELED,,
2026-07-15T00:31:45Z,7187412026-07-14,71874,2026-07-14,CANCELED,,
2026-07-15T00:31:45Z,1800612026-07-14,18006,2026-07-14,CANCELED,,
2026-07-15T00:31:45Z,3800612026-07-14,38006,2026-07-14,CANCELED,,
2026-07-15T00:31:45Z,1813212026-07-14,18132,2026-07-14,CANCELED,,
2026-07-15T00:36:09Z,1305212026-07-14,13052,2026-07-14,CANCELED,,
2026-07-15T00:36:09Z,1719312026-07-14,17193,2026-07-14,CANCELED,,
2026-07-15T00:36:09Z,1391122026-07-14,13911,2026-07-14,CANCELED,,
2026-07-15T00:36:09Z,1391112026-07-14,13911,2026-07-14,CANCELED,,
2026-07-15T00:36:09Z,1501212026-07-14,15012,2026-07-14,CANCELED,,
2026-07-15T00:36:09Z,1810222026-07-14,18102,2026-07-14,CANCELED,,
2026-07-15T00:36:09Z,1810232026-07-14,18102,2026-07-14,CANCELED,,
2026-07-15T00:36:09Z,1810242026-07-14,18102,2026-07-14,CANCELED,,
2026-07-15T00:36:09Z,1504212026-07-14,15042,2026-07-14,CANCELED,,
2026-07-15T00:36:09Z,1810412026-07-14,18104,2026-07-14,CANCELED,,
2026-07-15T00:36:09Z,3810412026-07-14,38104,2026-07-14,CANCELED,,
2026-07-15T00:36:09Z,1611112026-07-14,16111,2026-07-14,CANCELED,,
2026-07-15T00:36:09Z,1602512026-07-14,16025,2026-07-14,CANCELED,,
2026-07-15T00:36:09Z,1611112026-07-14,16111,2026-07-14,CANCELED,,
2026-07-15T00:36:09Z,1719212026-07-14,17192,2026-07-14,CANCELED,,
2026-07-15T00:36:09Z,0029122026-07-15,00291,2026-07-15,CANCELED,,
2026-07-15T00:36:09Z,0029112026-07-15,00291,2026-07-15,CANCELED,,
2026-07-15T00:36:09Z,1562212026-07-14,15622,2026-07-14,CANCELED,,
2026-07-15T00:36:09Z,3709122026-07-14,37091,2026-07-14,CANCELED,,
2026-07-15T00:36:09Z,3709112026-07-14,37091,2026-07-14,CANCELED,,
2026-07-15T00:36:09Z,3739112026-07-14,37391,2026-07-14,CANCELED,,
2026-07-15T00:36:09Z,1810132026-07-14,18101,2026-07-14,CANCELED,,
2026-07-15T00:36:09Z,1810142026-07-14,18101,2026-07-14,CANCELED,,
2026-07-15T00:36:09Z,1810152026-07-14,18101,2026-07-14,CANCELED,,
2026-07-15T00:36:09Z,1307912026-07-15,13079,2026-07-15,CANCELED,,
2026-07-15T00:36:09Z,1703012026-07-14,17030,2026-07-14,CANCELED,,
2026-07-15T00:36:09Z,3507922026-07-15,35079,2026-07-15,CANCELED,,
2026-07-15T00:36:09Z,3507912026-07-15,35079,2026-07-15,CANCELED,,
2026-07-15T00:36:09Z,1301312026-07-14,13013,2026-07-14,CANCELED,,
2026-07-15T00:36:09Z,7187412026-07-14,71874,2026-07-14,CANCELED,,
2026-07-15T00:36:09Z,1800612026-07-14,18006,2026-07-14,CANCELED,,
2026-07-15T00:36:09Z,3800612026-07-14,38006,2026-07-14,CANCELED,,
2026-07-15T00:36:09Z,1813212026-07-14,18132,2026-07-14,CANCELED,,
2026-07-15T00:41:37Z,1305212026-07-14,13052,2026-07-14,CANCELED,,
2026-07-15T00:41:37Z,1719312026-07-14,17193,2026-07-14,CANCELED,,
2026-07-15T00:41:37Z,1391122026-07-14,13911,2026-07-14,CANCELED,,
2026-07-15T00:41:37Z,1391112026-07-14,13911,2026-07-14,CANCELED,,
2026-07-15T00:41:37Z,1501212026-07-14,15012,2026-07-14,CANCELED,,
2026-07-15T00:41:37Z,1810222026-07-14,18102,2026-07-14,CANCELED,,
2026-07-15T00:41:37Z,1810232026-07-14,18102,2026-07-14,CANCELED,,
2026-07-15T00:41:37Z,1810242026-07-14,18102,2026-07-14,CANCELED,,
2026-07-15T00:41:37Z,1504212026-07-14,15042,2026-07-14,CANCELED,,
2026-07-15T00:41:37Z,1810412026-07-14,18104,2026-07-14,CANCELED,,
2026-07-15T00:41:37Z,3810412026-07-14,38104,2026-07-14,CANCELED,,
2026-07-15T00:41:37Z,1611112026-07-14,16111,2026-07-14,CANCELED,,
2026-07-15T00:41:37Z,1602512026-07-14,16025,2026-07-14,CANCELED,,
2026-07-15T00:41:37Z,1611112026-07-14,16111,2026-07-14,CANCELED,,
2026-07-15T00:41:37Z,1719212026-07-14,17192,2026-07-14,CANCELED,,
2026-07-15T00:41:37Z,0029122026-07-15,00291,2026-07-15,CANCELED,,
2026-07-15T00:41:37Z,0029112026-07-15,00291,2026-07-15,CANCELED,,
2026-07-15T00:41:37Z,1562212026-07-14,15622,2026-07-14,CANCELED,,
2026-07-15T00:41:37Z,3709122026-07-14,37091,2026-07-14,CANCELED,,
2026-07-15T00:41:37Z,3709112026-07-14,37091,2026-07-14,CANCELED,,
2026-07-15T00:41:37Z,3739112026-07-14,37391,2026-07-14,CANCELED,,
2026-07-15T00:41:37Z,1307912026-07-15,13079,2026-07-15,CANCELED,,
2026-07-15T00:41:37Z,1810132026-07-14,18101,2026-07-14,CANCELED,,
2026-07-15T00:41:37Z,1810142026-07-14,18101,2026-07-14,CANCELED,,
2026-07-15T00:41:37Z,1810152026-07-14,18101,2026-07-14,CANCELED,,
2026-07-15T00:41:37Z,1703012026-07-14,17030,2026-07-14,CANCELED,,
2026-07-15T00:41:37Z,3507922026-07-15,35079,2026-07-15,CANCELED,,
2026-07-15T00:41:37Z,3507912026-07-15,35079,2026-07-15,CANCELED,,
2026-07-15T00:41:37Z,1301312026-07-14,13013,2026-07-14,CANCELED,,
2026-07-15T00:41:37Z,7187412026-07-14,71874,2026-07-14,CANCELED,,
2026-07-15T00:41:37Z,1800612026-07-14,18006,2026-07-14,CANCELED,,
2026-07-15T00:41:37Z,3800612026-07-14,38006,2026-07-14,CANCELED,,
2026-07-15T00:41:37Z,1813212026-07-14,18132,2026-07-14,CANCELED,,
2026-07-15T00:46:14Z,1305212026-07-14,13052,2026-07-14,CANCELED,,
2026-07-15T00:46:14Z,1719312026-07-14,17193,2026-07-14,CANCELED,,
2026-07-15T00:46:14Z,1391122026-07-14,13911,2026-07-14,CANCELED,,
2026-07-15T00:46:14Z,1391112026-07-14,13911,2026-07-14,CANCELED,,
2026-07-15T00:46:14Z,1501212026-07-14,15012,2026-07-14,CANCELED,,
2026-07-15T00:46:14Z,1810222026-07-14,18102,2026-07-14,CANCELED,,
2026-07-15T00:46:14Z,1810232026-07-14,18102,2026-07-14,CANCELED,,
2026-07-15T00:46:14Z,1810242026-07-14,18102,2026-07-14,CANCELED,,
2026-07-15T00:46:14Z,1504212026-07-14,15042,2026-07-14,CANCELED,,
2026-07-15T00:46:14Z,1810412026-07-14,18104,2026-07-14,CANCELED,,
2026-07-15T00:46:14Z,3810412026-07-14,38104,2026-07-14,CANCELED,,
2026-07-15T00:46:14Z,1611112026-07-14,16111,2026-07-14,CANCELED,,
2026-07-15T00:46:14Z,1602512026-07-14,16025,2026-07-14,CANCELED,,
2026-07-15T00:46:14Z,1611112026-07-14,16111,2026-07-14,CANCELED,,
2026-07-15T00:46:14Z,1719212026-07-14,17192,2026-07-14,CANCELED,,
2026-07-15T00:46:14Z,0029122026-07-15,00291,2026-07-15,CANCELED,,
2026-07-15T00:46:14Z,0029112026-07-15,00291,2026-07-15,CANCELED,,
2026-07-15T00:46:14Z,1562212026-07-14,15622,2026-07-14,CANCELED,,
2026-07-15T00:46:14Z,3709122026-07-14,37091,2026-07-14,CANCELED,,
2026-07-15T00:46:14Z,3709112026-07-14,37091,2026-07-14,CANCELED,,
2026-07-15T00:46:14Z,3739112026-07-14,37391,2026-07-14,CANCELED,,
2026-07-15T00:46:14Z,1810132026-07-14,18101,2026-07-14,CANCELED,,
2026-07-15T00:46:14Z,1810142026-07-14,18101,2026-07-14,CANCELED,,
2026-07-15T00:46:14Z,1810152026-07-14,18101,2026-07-14,CANCELED,,
2026-07-15T00:46:14Z,1307912026-07-15,13079,2026-07-15,CANCELED,,
2026-07-15T00:46:14Z,1703012026-07-14,17030,2026-07-14,CANCELED,,
2026-07-15T00:46:14Z,3507922026-07-15,35079,2026-07-15,CANCELED,,
2026-07-15T00:46:14Z,3507912026-07-15,35079,2026-07-15,CANCELED,,
2026-07-15T00:46:14Z,7187412026-07-14,71874,2026-07-14,CANCELED,,
2026-07-15T00:46:14Z,1301312026-07-14,13013,2026-07-14,CANCELED,,
2026-07-15T00:46:14Z,1800612026-07-14,18006,2026-07-14,CANCELED,,
2026-07-15T00:46:14Z,3800612026-07-14,38006,2026-07-14,CANCELED,,
2026-07-15T00:46:14Z,1813212026-07-14,18132,2026-07-14,CANCELED,,
2026-07-15T00:51:40Z,1719312026-07-14,17193,2026-07-14,CANCELED,,
2026-07-15T00:51:40Z,1305212026-07-14,13052,2026-07-14,CANCELED,,
2026-07-15T00:51:40Z,1391122026-07-14,13911,2026-07-14,CANCELED,,
2026-07-15T00:51:40Z,1391112026-07-14,13911,2026-07-14,CANCELED,,
2026-07-15T00:51:40Z,1810222026-07-14,18102,2026-07-14,CANCELED,,
2026-07-15T00:51:40Z,1810232026-07-14,18102,2026-07-14,CANCELED,,
2026-07-15T00:51:40Z,1810242026-07-14,18102,2026-07-14,CANCELED,,
2026-07-15T00:51:40Z,1501212026-07-14,15012,2026-07-14,CANCELED,,
2026-07-15T00:51:40Z,1810412026-07-14,18104,2026-07-14,CANCELED,,
2026-07-15T00:51:40Z,1504212026-07-14,15042,2026-07-14,CANCELED,,
2026-07-15T00:51:40Z,3810412026-07-14,38104,2026-07-14,CANCELED,,
2026-07-15T00:51:40Z,1611112026-07-14,16111,2026-07-14,CANCELED,,
2026-07-15T00:51:40Z,1611112026-07-14,16111,2026-07-14,CANCELED,,
2026-07-15T00:51:40Z,1719212026-07-14,17192,2026-07-14,CANCELED,,
2026-07-15T00:51:40Z,1602512026-07-14,16025,2026-07-14,CANCELED,,
2026-07-15T00:51:40Z,1562212026-07-14,15622,2026-07-14,CANCELED,,
2026-07-15T00:51:40Z,0029122026-07-15,00291,2026-07-15,CANCELED,,
2026-07-15T00:51:40Z,0029112026-07-15,00291,2026-07-15,CANCELED,,
2026-07-15T00:51:40Z,1810132026-07-14,18101,2026-07-14,CANCELED,,
2026-07-15T00:51:40Z,1810142026-07-14,18101,2026-07-14,CANCELED,,
2026-07-15T00:51:40Z,1810152026-07-14,18101,2026-07-14,CANCELED,,
2026-07-15T00:51:40Z,3709122026-07-14,37091,2026-07-14,CANCELED,,
2026-07-15T00:51:40Z,3709112026-07-14,37091,2026-07-14,CANCELED,,
2026-07-15T00:51:40Z,1703012026-07-14,17030,2026-07-14,CANCELED,,
2026-07-15T00:51:40Z,3739112026-07-14,37391,2026-07-14,CANCELED,,
2026-07-15T00:51:40Z,1307912026-07-15,13079,2026-07-15,CANCELED,,
2026-07-15T00:51:40Z,7187412026-07-14,71874,2026-07-14,CANCELED,,
2026-07-15T00:51:40Z,3507922026-07-15,35079,2026-07-15,CANCELED,,
2026-07-15T00:51:40Z,3507912026-07-15,35079,2026-07-15,CANCELED,,
2026-07-15T00:51:40Z,1800612026-07-14,18006,2026-07-14,CANCELED,,
2026-07-15T00:51:40Z,1301312026-07-14,13013,2026-07-14,CANCELED,,
2026-07-15T00:51:40Z,3800612026-07-14,38006,2026-07-14,CANCELED,,
2026-07-15T00:51:40Z,1813212026-07-14,18132,2026-07-14,CANCELED,,
2026-07-15T00:54:18Z,1305212026-07-14,13052,2026-07-14,CANCELED,,
2026-07-15T00:54:18Z,1719312026-07-14,17193,2026-07-14,CANCELED,,
2026-07-15T00:54:18Z,1391122026-07-14,13911,2026-07-14,CANCELED,,
2026-07-15T00:54:18Z,1391112026-07-14,13911,2026-07-14,CANCELED,,
2026-07-15T00:54:18Z,1501212026-07-14,15012,2026-07-14,CANCELED,,
2026-07-15T00:54:18Z,1810222026-07-14,18102,2026-07-14,CANCELED,,
2026-07-15T00:54:18Z,1810232026-07-14,18102,2026-07-14,CANCELED,,
2026-07-15T00:54:18Z,1810242026-07-14,18102,2026-07-14,CANCELED,,
2026-07-15T00:54:18Z,1810412026-07-14,18104,2026-07-14,CANCELED,,
2026-07-15T00:54:18Z,1504212026-07-14,15042,2026-07-14,CANCELED,,
2026-07-15T00:54:18Z,3810412026-07-14,38104,2026-07-14,CANCELED,,
2026-07-15T00:54:18Z,1611112026-07-14,16111,2026-07-14,CANCELED,,
2026-07-15T00:54:18Z,1611112026-07-14,16111,2026-07-14,CANCELED,,
2026-07-15T00:54:18Z,1602512026-07-14,16025,2026-07-14,CANCELED,,
2026-07-15T00:54:18Z,1719212026-07-14,17192,2026-07-14,CANCELED,,
2026-07-15T00:54:18Z,1562212026-07-14,15622,2026-07-14,CANCELED,,
2026-07-15T00:54:18Z,0029122026-07-15,00291,2026-07-15,CANCELED,,
2026-07-15T00:54:18Z,0029112026-07-15,00291,2026-07-15,CANCELED,,
2026-07-15T00:54:18Z,1810132026-07-14,18101,2026-07-14,CANCELED,,
2026-07-15T00:54:18Z,1810142026-07-14,18101,2026-07-14,CANCELED,,
2026-07-15T00:54:18Z,1810152026-07-14,18101,2026-07-14,CANCELED,,
2026-07-15T00:54:18Z,3709122026-07-14,37091,2026-07-14,CANCELED,,
2026-07-15T00:54:18Z,3709112026-07-14,37091,2026-07-14,CANCELED,,
2026-07-15T00:54:18Z,1703012026-07-14,17030,2026-07-14,CANCELED,,
2026-07-15T00:54:18Z,3739112026-07-14,37391,2026-07-14,CANCELED,,
2026-07-15T00:54:18Z,7187412026-07-14,71874,2026-07-14,CANCELED,,
2026-07-15T00:54:18Z,1307912026-07-15,13079,2026-07-15,CANCELED,,
2026-07-15T00:54:18Z,1800612026-07-14,18006,2026-07-14,CANCELED,,
2026-07-15T00:54:18Z,3507922026-07-15,35079,2026-07-15,CANCELED,,
2026-07-15T00:54:18Z,3507912026-07-15,35079,2026-07-15,CANCELED,,
2026-07-15T00:54:18Z,3800612026-07-14,38006,2026-07-14,CANCELED,,
2026-07-15T00:54:18Z,1301312026-07-14,13013,2026-07-14,CANCELED,,
2026-07-15T00:54:18Z,1813212026-07-14,18132,2026-07-14,CANCELED,,
2026-07-15T00:56:12Z,1305212026-07-14,13052,2026-07-14,CANCELED,,
2026-07-15T00:56:12Z,1719312026-07-14,17193,2026-07-14,CANCELED,,
2026-07-15T00:56:12Z,1391122026-07-14,13911,2026-07-14,CANCELED,,
2026-07-15T00:56:12Z,1391112026-07-14,13911,2026-07-14,CANCELED,,
2026-07-15T00:56:12Z,1501212026-07-14,15012,2026-07-14,CANCELED,,
2026-07-15T00:56:12Z,1810222026-07-14,18102,2026-07-14,CANCELED,,
2026-07-15T00:56:12Z,1810232026-07-14,18102,2026-07-14,CANCELED,,
2026-07-15T00:56:12Z,1810242026-07-14,18102,2026-07-14,CANCELED,,
2026-07-15T00:56:12Z,1504212026-07-14,15042,2026-07-14,CANCELED,,
2026-07-15T00:56:12Z,1810412026-07-14,18104,2026-07-14,CANCELED,,
2026-07-15T00:56:12Z,3810412026-07-14,38104,2026-07-14,CANCELED,,
2026-07-15T00:56:12Z,1611112026-07-14,16111,2026-07-14,CANCELED,,
2026-07-15T00:56:12Z,1602512026-07-14,16025,2026-07-14,CANCELED,,
2026-07-15T00:56:12Z,1611112026-07-14,16111,2026-07-14,CANCELED,,
2026-07-15T00:56:12Z,1719212026-07-14,17192,2026-07-14,CANCELED,,
2026-07-15T00:56:12Z,0029122026-07-15,00291,2026-07-15,CANCELED,,
2026-07-15T00:56:12Z,0029112026-07-15,00291,2026-07-15,CANCELED,,
2026-07-15T00:56:12Z,1562212026-07-14,15622,2026-07-14,CANCELED,,
2026-07-15T00:56:12Z,3709122026-07-14,37091,2026-07-14,CANCELED,,
2026-07-15T00:56:12Z,3709112026-07-14,37091,2026-07-14,CANCELED,,
2026-07-15T00:56:12Z,3739112026-07-14,37391,2026-07-14,CANCELED,,
2026-07-15T00:56:12Z,1810132026-07-14,18101,2026-07-14,CANCELED,,
2026-07-15T00:56:12Z,1810142026-07-14,18101,2026-07-14,CANCELED,,
2026-07-15T00:56:12Z,1810152026-07-14,18101,2026-07-14,CANCELED,,
2026-07-15T00:56:12Z,1307912026-07-15,13079,2026-07-15,CANCELED,,
2026-07-15T00:56:12Z,1703012026-07-14,17030,2026-07-14,CANCELED,,
2026-07-15T00:56:12Z,3507922026-07-15,35079,2026-07-15,CANCELED,,
2026-07-15T00:56:12Z,3507912026-07-15,35079,2026-07-15,CANCELED,,
2026-07-15T00:56:12Z,7187412026-07-14,71874,2026-07-14,CANCELED,,
2026-07-15T00:56:12Z,1301312026-07-14,13013,2026-07-14,CANCELED,,
2026-07-15T00:56:12Z,1800612026-07-14,18006,2026-07-14,CANCELED,,
2026-07-15T00:56:12Z,3800612026-07-14,38006,2026-07-14,CANCELED,,
2026-07-15T00:56:12Z,1813212026-07-14,18132,2026-07-14,CANCELED,,
2026-07-15T01:01:49Z,1719312026-07-14,17193,2026-07-14,CANCELED,,
2026-07-15T01:01:49Z,1305212026-07-14,13052,2026-07-14,CANCELED,,
2026-07-15T01:01:49Z,1391122026-07-14,13911,2026-07-14,CANCELED,,
2026-07-15T01:01:49Z,1391112026-07-14,13911,2026-07-14,CANCELED,,
2026-07-15T01:01:49Z,1501212026-07-14,15012,2026-07-14,CANCELED,,
2026-07-15T01:01:49Z,1810222026-07-14,18102,2026-07-14,CANCELED,,
2026-07-15T01:01:49Z,1810232026-07-14,18102,2026-07-14,CANCELED,,
2026-07-15T01:01:49Z,1810242026-07-14,18102,2026-07-14,CANCELED,,
2026-07-15T01:01:49Z,1504212026-07-14,15042,2026-07-14,CANCELED,,
2026-07-15T01:01:49Z,1810412026-07-14,18104,2026-07-14,CANCELED,,
2026-07-15T01:01:49Z,3810412026-07-14,38104,2026-07-14,CANCELED,,
2026-07-15T01:01:49Z,1611112026-07-14,16111,2026-07-14,CANCELED,,
2026-07-15T01:01:49Z,1602512026-07-14,16025,2026-07-14,CANCELED,,
2026-07-15T01:01:49Z,1611112026-07-14,16111,2026-07-14,CANCELED,,
2026-07-15T01:01:49Z,1719212026-07-14,17192,2026-07-14,CANCELED,,
2026-07-15T01:01:49Z,0029122026-07-15,00291,2026-07-15,CANCELED,,
2026-07-15T01:01:49Z,0029112026-07-15,00291,2026-07-15,CANCELED,,
2026-07-15T01:01:49Z,1562212026-07-14,15622,2026-07-14,CANCELED,,
2026-07-15T01:01:49Z,3709122026-07-14,37091,2026-07-14,CANCELED,,
2026-07-15T01:01:49Z,3709112026-07-14,37091,2026-07-14,CANCELED,,
2026-07-15T01:01:49Z,3739112026-07-14,37391,2026-07-14,CANCELED,,
2026-07-15T01:01:49Z,1810132026-07-14,18101,2026-07-14,CANCELED,,
2026-07-15T01:01:49Z,1810142026-07-14,18101,2026-07-14,CANCELED,,
2026-07-15T01:01:49Z,1810152026-07-14,18101,2026-07-14,CANCELED,,
2026-07-15T01:01:49Z,1307912026-07-15,13079,2026-07-15,CANCELED,,
2026-07-15T01:01:49Z,1703012026-07-14,17030,2026-07-14,CANCELED,,
2026-07-15T01:01:49Z,3507922026-07-15,35079,2026-07-15,CANCELED,,
2026-07-15T01:01:49Z,3507912026-07-15,35079,2026-07-15,CANCELED,,
2026-07-15T01:01:49Z,7187412026-07-14,71874,2026-07-14,CANCELED,,
2026-07-15T01:01:49Z,1301312026-07-14,13013,2026-07-14,CANCELED,,
2026-07-15T01:01:49Z,1800612026-07-14,18006,2026-07-14,CANCELED,,
2026-07-15T01:01:49Z,3800612026-07-14,38006,2026-07-14,CANCELED,,
2026-07-15T01:01:49Z,1813212026-07-14,18132,2026-07-14,CANCELED,,
2026-07-15T01:06:10Z,1305212026-07-14,13052,2026-07-14,CANCELED,,
2026-07-15T01:06:10Z,1719312026-07-14,17193,2026-07-14,CANCELED,,
2026-07-15T01:06:10Z,1391122026-07-14,13911,2026-07-14,CANCELED,,
2026-07-15T01:06:10Z,1391112026-07-14,13911,2026-07-14,CANCELED,,
2026-07-15T01:06:10Z,1501212026-07-14,15012,2026-07-14,CANCELED,,
2026-07-15T01:06:10Z,1810222026-07-14,18102,2026-07-14,CANCELED,,
2026-07-15T01:06:10Z,1810232026-07-14,18102,2026-07-14,CANCELED,,
2026-07-15T01:06:10Z,1810242026-07-14,18102,2026-07-14,CANCELED,,
2026-07-15T01:06:10Z,1504212026-07-14,15042,2026-07-14,CANCELED,,
2026-07-15T01:06:10Z,1810412026-07-14,18104,2026-07-14,CANCELED,,
2026-07-15T01:06:10Z,3810412026-07-14,38104,2026-07-14,CANCELED,,
2026-07-15T01:06:10Z,1611112026-07-14,16111,2026-07-14,CANCELED,,
2026-07-15T01:06:10Z,1611112026-07-14,16111,2026-07-14,CANCELED,,
2026-07-15T01:06:10Z,1602512026-07-14,16025,2026-07-14,CANCELED,,
2026-07-15T01:06:10Z,1719212026-07-14,17192,2026-07-14,CANCELED,,
2026-07-15T01:06:10Z,1562212026-07-14,15622,2026-07-14,CANCELED,,
2026-07-15T01:06:10Z,0029122026-07-15,00291,2026-07-15,CANCELED,,
2026-07-15T01:06:10Z,0029112026-07-15,00291,2026-07-15,CANCELED,,
2026-07-15T01:06:10Z,3709122026-07-14,37091,2026-07-14,CANCELED,,
2026-07-15T01:06:10Z,3709112026-07-14,37091,2026-07-14,CANCELED,,
2026-07-15T01:06:10Z,1810132026-07-14,18101,2026-07-14,CANCELED,,
2026-07-15T01:06:10Z,1810142026-07-14,18101,2026-07-14,CANCELED,,
2026-07-15T01:06:10Z,1810152026-07-14,18101,2026-07-14,CANCELED,,
2026-07-15T01:06:10Z,3739112026-07-14,37391,2026-07-14,CANCELED,,
2026-07-15T01:06:10Z,1703012026-07-14,17030,2026-07-14,CANCELED,,
2026-07-15T01:06:10Z,1307912026-07-15,13079,2026-07-15,CANCELED,,
2026-07-15T01:06:10Z,7187412026-07-14,71874,2026-07-14,CANCELED,,
2026-07-15T01:06:10Z,3507922026-07-15,35079,2026-07-15,CANCELED,,
2026-07-15T01:06:10Z,3507912026-07-15,35079,2026-07-15,CANCELED,,
2026-07-15T01:06:10Z,1301312026-07-14,13013,2026-07-14,CANCELED,,
2026-07-15T01:06:10Z,1800612026-07-14,18006,2026-07-14,CANCELED,,
2026-07-15T01:06:10Z,3800612026-07-14,38006,2026-07-14,CANCELED,,
2026-07-15T01:06:10Z,1813212026-07-14,18132,2026-07-14,CANCELED,,
2026-07-15T01:11:38Z,1305212026-07-14,13052,2026-07-14,CANCELED,,
2026-07-15T01:11:38Z,1719312026-07-14,17193,2026-07-14,CANCELED,,
2026-07-15T01:11:38Z,1391122026-07-14,13911,2026-07-14,CANCELED,,
2026-07-15T01:11:38Z,1391112026-07-14,13911,2026-07-14,CANCELED,,
2026-07-15T01:11:38Z,1810222026-07-14,18102,2026-07-14,CANCELED,,
2026-07-15T01:11:38Z,1810232026-07-14,18102,2026-07-14,CANCELED,,
2026-07-15T01:11:38Z,1810242026-07-14,18102,2026-07-14,CANCELED,,
2026-07-15T01:11:38Z,1501212026-07-14,15012,2026-07-14,CANCELED,,
2026-07-15T01:11:38Z,1810412026-07-14,18104,2026-07-14,CANCELED,,
2026-07-15T01:11:38Z,1504212026-07-14,15042,2026-07-14,CANCELED,,
2026-07-15T01:11:38Z,3810412026-07-14,38104,2026-07-14,CANCELED,,
2026-07-15T01:11:38Z,1611112026-07-14,16111,2026-07-14,CANCELED,,
2026-07-15T01:11:38Z,1611112026-07-14,16111,2026-07-14,CANCELED,,
2026-07-15T01:11:38Z,1602512026-07-14,16025,2026-07-14,CANCELED,,
2026-07-15T01:11:38Z,1719212026-07-14,17192,2026-07-14,CANCELED,,
2026-07-15T01:11:38Z,1562212026-07-14,15622,2026-07-14,CANCELED,,
2026-07-15T01:11:38Z,0029122026-07-15,00291,2026-07-15,CANCELED,,
2026-07-15T01:11:38Z,0029112026-07-15,00291,2026-07-15,CANCELED,,
2026-07-15T01:11:38Z,1810132026-07-14,18101,2026-07-14,CANCELED,,
2026-07-15T01:11:38Z,1810142026-07-14,18101,2026-07-14,CANCELED,,
2026-07-15T01:11:38Z,1810152026-07-14,18101,2026-07-14,CANCELED,,
2026-07-15T01:11:38Z,3709122026-07-14,37091,2026-07-14,CANCELED,,
2026-07-15T01:11:38Z,3709112026-07-14,37091,2026-07-14,CANCELED,,
2026-07-15T01:11:38Z,1703012026-07-14,17030,2026-07-14,CANCELED,,
2026-07-15T01:11:38Z,3739112026-07-14,37391,2026-07-14,CANCELED,,
2026-07-15T01:11:38Z,1307912026-07-15,13079,2026-07-15,CANCELED,,
2026-07-15T01:11:38Z,7187412026-07-14,71874,2026-07-14,CANCELED,,
2026-07-15T01:11:38Z,1800612026-07-14,18006,2026-07-14,CANCELED,,
2026-07-15T01:11:38Z,3507922026-07-15,35079,2026-07-15,CANCELED,,
2026-07-15T01:11:38Z,3507912026-07-15,35079,2026-07-15,CANCELED,,
2026-07-15T01:11:38Z,3800612026-07-14,38006,2026-07-14,CANCELED,,
2026-07-15T01:11:38Z,1301312026-07-14,13013,2026-07-14,CANCELED,,
2026-07-15T01:11:38Z,1813212026-07-14,18132,2026-07-14,CANCELED,,
2026-07-15T01:16:15Z,1719312026-07-14,17193,2026-07-14,CANCELED,,
2026-07-15T01:16:15Z,1305212026-07-14,13052,2026-07-14,CANCELED,,
2026-07-15T01:16:15Z,1391122026-07-14,13911,2026-07-14,CANCELED,,
2026-07-15T01:16:15Z,1391112026-07-14,13911,2026-07-14,CANCELED,,
2026-07-15T01:16:15Z,1501212026-07-14,15012,2026-07-14,CANCELED,,
2026-07-15T01:16:15Z,1810222026-07-14,18102,2026-07-14,CANCELED,,
2026-07-15T01:16:15Z,1810232026-07-14,18102,2026-07-14,CANCELED,,
2026-07-15T01:16:15Z,1810242026-07-14,18102,2026-07-14,CANCELED,,
2026-07-15T01:16:15Z,1504212026-07-14,15042,2026-07-14,CANCELED,,
2026-07-15T01:16:15Z,1810412026-07-14,18104,2026-07-14,CANCELED,,
2026-07-15T01:16:15Z,1611112026-07-14,16111,2026-07-14,CANCELED,,
2026-07-15T01:16:15Z,3810412026-07-14,38104,2026-07-14,CANCELED,,
2026-07-15T01:16:15Z,1602512026-07-14,16025,2026-07-14,CANCELED,,
2026-07-15T01:16:15Z,1611112026-07-14,16111,2026-07-14,CANCELED,,
2026-07-15T01:16:15Z,0029122026-07-15,00291,2026-07-15,CANCELED,,
2026-07-15T01:16:15Z,0029112026-07-15,00291,2026-07-15,CANCELED,,
2026-07-15T01:16:15Z,1719212026-07-14,17192,2026-07-14,CANCELED,,
2026-07-15T01:16:15Z,1562212026-07-14,15622,2026-07-14,CANCELED,,
2026-07-15T01:16:15Z,3709122026-07-14,37091,2026-07-14,CANCELED,,
2026-07-15T01:16:15Z,3709112026-07-14,37091,2026-07-14,CANCELED,,
2026-07-15T01:16:15Z,3739112026-07-14,37391,2026-07-14,CANCELED,,
2026-07-15T01:16:15Z,1307912026-07-15,13079,2026-07-15,CANCELED,,
2026-07-15T01:16:15Z,1810132026-07-14,18101,2026-07-14,CANCELED,,
2026-07-15T01:16:15Z,1810142026-07-14,18101,2026-07-14,CANCELED,,
2026-07-15T01:16:15Z,1810152026-07-14,18101,2026-07-14,CANCELED,,
2026-07-15T01:16:15Z,1703012026-07-14,17030,2026-07-14,CANCELED,,
2026-07-15T01:16:15Z,3507922026-07-15,35079,2026-07-15,CANCELED,,
2026-07-15T01:16:15Z,3507912026-07-15,35079,2026-07-15,CANCELED,,
2026-07-15T01:16:15Z,7187412026-07-14,71874,2026-07-14,CANCELED,,
2026-07-15T01:16:15Z,1301312026-07-14,13013,2026-07-14,CANCELED,,
2026-07-15T01:16:15Z,1800612026-07-14,18006,2026-07-14,CANCELED,,
2026-07-15T01:16:15Z,3800612026-07-14,38006,2026-07-14,CANCELED,,
2026-07-15T01:16:15Z,1813212026-07-14,18132,2026-07-14,CANCELED,,
2026-07-15T01:21:37Z,1719312026-07-14,17193,2026-07-14,CANCELED,,
2026-07-15T01:21:37Z,1305212026-07-14,13052,2026-07-14,CANCELED,,
2026-07-15T01:21:37Z,1391122026-07-14,13911,2026-07-14,CANCELED,,
2026-07-15T01:21:37Z,1391112026-07-14,13911,2026-07-14,CANCELED,,
2026-07-15T01:21:37Z,1501212026-07-14,15012,2026-07-14,CANCELED,,
2026-07-15T01:21:37Z,1810222026-07-14,18102,2026-07-14,CANCELED,,
2026-07-15T01:21:37Z,1810232026-07-14,18102,2026-07-14,CANCELED,,
2026-07-15T01:21:37Z,1810242026-07-14,18102,2026-07-14,CANCELED,,
2026-07-15T01:21:37Z,1504212026-07-14,15042,2026-07-14,CANCELED,,
2026-07-15T01:21:37Z,1810412026-07-14,18104,2026-07-14,CANCELED,,
2026-07-15T01:21:37Z,3810412026-07-14,38104,2026-07-14,CANCELED,,
2026-07-15T01:21:37Z,1611112026-07-14,16111,2026-07-14,CANCELED,,
2026-07-15T01:21:37Z,1602512026-07-14,16025,2026-07-14,CANCELED,,
2026-07-15T01:21:37Z,1611112026-07-14,16111,2026-07-14,CANCELED,,
2026-07-15T01:21:37Z,1719212026-07-14,17192,2026-07-14,CANCELED,,
2026-07-15T01:21:37Z,0029122026-07-15,00291,2026-07-15,CANCELED,,
2026-07-15T01:21:37Z,0029112026-07-15,00291,2026-07-15,CANCELED,,
2026-07-15T01:21:37Z,1562212026-07-14,15622,2026-07-14,CANCELED,,
2026-07-15T01:21:37Z,3709122026-07-14,37091,2026-07-14,CANCELED,,
2026-07-15T01:21:37Z,3709112026-07-14,37091,2026-07-14,CANCELED,,
2026-07-15T01:21:37Z,1810132026-07-14,18101,2026-07-14,CANCELED,,
2026-07-15T01:21:37Z,1810142026-07-14,18101,2026-07-14,CANCELED,,
2026-07-15T01:21:37Z,1810152026-07-14,18101,2026-07-14,CANCELED,,
2026-07-15T01:21:37Z,3739112026-07-14,37391,2026-07-14,CANCELED,,
2026-07-15T01:21:37Z,1703012026-07-14,17030,2026-07-14,CANCELED,,
2026-07-15T01:21:37Z,1307912026-07-15,13079,2026-07-15,CANCELED,,
2026-07-15T01:21:37Z,7187412026-07-14,71874,2026-07-14,CANCELED,,
2026-07-15T01:21:37Z,3507922026-07-15,35079,2026-07-15,CANCELED,,
2026-07-15T01:21:37Z,3507912026-07-15,35079,2026-07-15,CANCELED,,
2026-07-15T01:21:37Z,1301312026-07-14,13013,2026-07-14,CANCELED,,
2026-07-15T01:21:37Z,1800612026-07-14,18006,2026-07-14,CANCELED,,
2026-07-15T01:21:37Z,3800612026-07-14,38006,2026-07-14,CANCELED,,
2026-07-15T01:21:37Z,1813212026-07-14,18132,2026-07-14,CANCELED,,
2026-07-15T01:26:09Z,1719312026-07-14,17193,2026-07-14,CANCELED,,
2026-07-15T01:26:09Z,1305212026-07-14,13052,2026-07-14,CANCELED,,
2026-07-15T01:26:09Z,1391122026-07-14,13911,2026-07-14,CANCELED,,
2026-07-15T01:26:09Z,1391112026-07-14,13911,2026-07-14,CANCELED,,
2026-07-15T01:26:09Z,1810222026-07-14,18102,2026-07-14,CANCELED,,
2026-07-15T01:26:09Z,1810232026-07-14,18102,2026-07-14,CANCELED,,
2026-07-15T01:26:09Z,1810242026-07-14,18102,2026-07-14,CANCELED,,
2026-07-15T01:26:09Z,1501212026-07-14,15012,2026-07-14,CANCELED,,
2026-07-15T01:26:09Z,1810412026-07-14,18104,2026-07-14,CANCELED,,
2026-07-15T01:26:09Z,1504212026-07-14,15042,2026-07-14,CANCELED,,
2026-07-15T01:26:09Z,3810412026-07-14,38104,2026-07-14,CANCELED,,
2026-07-15T01:26:09Z,1611112026-07-14,16111,2026-07-14,CANCELED,,
2026-07-15T01:26:09Z,1602512026-07-14,16025,2026-07-14,CANCELED,,
2026-07-15T01:26:09Z,1611112026-07-14,16111,2026-07-14,CANCELED,,
2026-07-15T01:26:09Z,1719212026-07-14,17192,2026-07-14,CANCELED,,
2026-07-15T01:26:09Z,0029122026-07-15,00291,2026-07-15,CANCELED,,
2026-07-15T01:26:09Z,0029112026-07-15,00291,2026-07-15,CANCELED,,
2026-07-15T01:26:09Z,1562212026-07-14,15622,2026-07-14,CANCELED,,
2026-07-15T01:26:09Z,3709122026-07-14,37091,2026-07-14,CANCELED,,
2026-07-15T01:26:09Z,3709112026-07-14,37091,2026-07-14,CANCELED,,
2026-07-15T01:26:09Z,3739112026-07-14,37391,2026-07-14,CANCELED,,
2026-07-15T01:26:09Z,1810132026-07-14,18101,2026-07-14,CANCELED,,
2026-07-15T01:26:09Z,1810142026-07-14,18101,2026-07-14,CANCELED,,
2026-07-15T01:26:09Z,1810152026-07-14,18101,2026-07-14,CANCELED,,
2026-07-15T01:26:09Z,1703012026-07-14,17030,2026-07-14,CANCELED,,
2026-07-15T01:26:09Z,1307912026-07-15,13079,2026-07-15,CANCELED,,
2026-07-15T01:26:09Z,7187412026-07-14,71874,2026-07-14,CANCELED,,
2026-07-15T01:26:09Z,3507922026-07-15,35079,2026-07-15,CANCELED,,
2026-07-15T01:26:09Z,3507912026-07-15,35079,2026-07-15,CANCELED,,
2026-07-15T01:26:09Z,1800612026-07-14,18006,2026-07-14,CANCELED,,
2026-07-15T01:26:09Z,1301312026-07-14,13013,2026-07-14,CANCELED,,
2026-07-15T01:26:09Z,3800612026-07-14,38006,2026-07-14,CANCELED,,
2026-07-15T01:26:09Z,1813212026-07-14,18132,2026-07-14,CANCELED,,
2026-07-15T01:31:45Z,1305212026-07-14,13052,2026-07-14,CANCELED,,
2026-07-15T01:31:45Z,1719312026-07-14,17193,2026-07-14,CANCELED,,
2026-07-15T01:31:45Z,1391122026-07-14,13911,2026-07-14,CANCELED,,
2026-07-15T01:31:45Z,1391112026-07-14,13911,2026-07-14,CANCELED,,
2026-07-15T01:31:45Z,1810222026-07-14,18102,2026-07-14,CANCELED,,
2026-07-15T01:31:45Z,1810232026-07-14,18102,2026-07-14,CANCELED,,
2026-07-15T01:31:45Z,1810242026-07-14,18102,2026-07-14,CANCELED,,
2026-07-15T01:31:45Z,1501212026-07-14,15012,2026-07-14,CANCELED,,
2026-07-15T01:31:45Z,1810412026-07-14,18104,2026-07-14,CANCELED,,
2026-07-15T01:31:45Z,1504212026-07-14,15042,2026-07-14,CANCELED,,
2026-07-15T01:31:45Z,3810412026-07-14,38104,2026-07-14,CANCELED,,
2026-07-15T01:31:45Z,1611112026-07-14,16111,2026-07-14,CANCELED,,
2026-07-15T01:31:45Z,1611112026-07-14,16111,2026-07-14,CANCELED,,
2026-07-15T01:31:45Z,1602512026-07-14,16025,2026-07-14,CANCELED,,
2026-07-15T01:31:45Z,1719212026-07-14,17192,2026-07-14,CANCELED,,
2026-07-15T01:31:45Z,1562212026-07-14,15622,2026-07-14,CANCELED,,
2026-07-15T01:31:45Z,0029122026-07-15,00291,2026-07-15,CANCELED,,
2026-07-15T01:31:45Z,0029112026-07-15,00291,2026-07-15,CANCELED,,
2026-07-15T01:31:45Z,3709122026-07-14,37091,2026-07-14,CANCELED,,
2026-07-15T01:31:45Z,3709112026-07-14,37091,2026-07-14,CANCELED,,
2026-07-15T01:31:45Z,1810132026-07-14,18101,2026-07-14,CANCELED,,
2026-07-15T01:31:45Z,1810142026-07-14,18101,2026-07-14,CANCELED,,
2026-07-15T01:31:45Z,1810152026-07-14,18101,2026-07-14,CANCELED,,
2026-07-15T01:31:45Z,3739112026-07-14,37391,2026-07-14,CANCELED,,
2026-07-15T01:31:45Z,1703012026-07-14,17030,2026-07-14,CANCELED,,
2026-07-15T01:31:45Z,1307912026-07-15,13079,2026-07-15,CANCELED,,
2026-07-15T01:31:45Z,7187412026-07-14,71874,2026-07-14,CANCELED,,
2026-07-15T01:31:45Z,3507922026-07-15,35079,2026-07-15,CANCELED,,
2026-07-15T01:31:45Z,3507912026-07-15,35079,2026-07-15,CANCELED,,
2026-07-15T01:31:45Z,1800612026-07-14,18006,2026-07-14,CANCELED,,
2026-07-15T01:31:45Z,1301312026-07-14,13013,2026-07-14,CANCELED,,
2026-07-15T01:31:45Z,3800612026-07-14,38006,2026-07-14,CANCELED,,
2026-07-15T01:31:45Z,1813212026-07-14,18132,2026-07-14,CANCELED,,
2026-07-15T01:36:10Z,1305212026-07-14,13052,2026-07-14,CANCELED,,
2026-07-15T01:36:10Z,1719312026-07-14,17193,2026-07-14,CANCELED,,
2026-07-15T01:36:10Z,1391122026-07-14,13911,2026-07-14,CANCELED,,
2026-07-15T01:36:10Z,1391112026-07-14,13911,2026-07-14,CANCELED,,
2026-07-15T01:36:10Z,1501212026-07-14,15012,2026-07-14,CANCELED,,
2026-07-15T01:36:10Z,1810222026-07-14,18102,2026-07-14,CANCELED,,
2026-07-15T01:36:10Z,1810232026-07-14,18102,2026-07-14,CANCELED,,
2026-07-15T01:36:10Z,1810242026-07-14,18102,2026-07-14,CANCELED,,
2026-07-15T01:36:10Z,1504212026-07-14,15042,2026-07-14,CANCELED,,
2026-07-15T01:36:10Z,1810412026-07-14,18104,2026-07-14,CANCELED,,
2026-07-15T01:36:10Z,3810412026-07-14,38104,2026-07-14,CANCELED,,
2026-07-15T01:36:10Z,1611112026-07-14,16111,2026-07-14,CANCELED,,
2026-07-15T01:36:10Z,1602512026-07-14,16025,2026-07-14,CANCELED,,
2026-07-15T01:36:10Z,1611112026-07-14,16111,2026-07-14,CANCELED,,
2026-07-15T01:36:10Z,1719212026-07-14,17192,2026-07-14,CANCELED,,
2026-07-15T01:36:10Z,0029122026-07-15,00291,2026-07-15,CANCELED,,
2026-07-15T01:36:10Z,0029112026-07-15,00291,2026-07-15,CANCELED,,
2026-07-15T01:36:10Z,1562212026-07-14,15622,2026-07-14,CANCELED,,
2026-07-15T01:36:10Z,3709122026-07-14,37091,2026-07-14,CANCELED,,
2026-07-15T01:36:10Z,3709112026-07-14,37091,2026-07-14,CANCELED,,
2026-07-15T01:36:10Z,3739112026-07-14,37391,2026-07-14,CANCELED,,
2026-07-15T01:36:10Z,1810132026-07-14,18101,2026-07-14,CANCELED,,
2026-07-15T01:36:10Z,1810142026-07-14,18101,2026-07-14,CANCELED,,
2026-07-15T01:36:10Z,1810152026-07-14,18101,2026-07-14,CANCELED,,
2026-07-15T01:36:10Z,1307912026-07-15,13079,2026-07-15,CANCELED,,
2026-07-15T01:36:10Z,1703012026-07-14,17030,2026-07-14,CANCELED,,
2026-07-15T01:36:10Z,3507922026-07-15,35079,2026-07-15,CANCELED,,
2026-07-15T01:36:10Z,3507912026-07-15,35079,2026-07-15,CANCELED,,
2026-07-15T01:36:10Z,7187412026-07-14,71874,2026-07-14,CANCELED,,
2026-07-15T01:36:10Z,1301312026-07-14,13013,2026-07-14,CANCELED,,
2026-07-15T01:36:10Z,1800612026-07-14,18006,2026-07-14,CANCELED,,
2026-07-15T01:36:10Z,3800612026-07-14,38006,2026-07-14,CANCELED,,
2026-07-15T01:36:10Z,1813212026-07-14,18132,2026-07-14,CANCELED,,
2026-07-15T01:41:39Z,1719312026-07-14,17193,2026-07-14,CANCELED,,
2026-07-15T01:41:39Z,1305212026-07-14,13052,2026-07-14,CANCELED,,
2026-07-15T01:41:39Z,1391122026-07-14,13911,2026-07-14,CANCELED,,
2026-07-15T01:41:39Z,1391112026-07-14,13911,2026-07-14,CANCELED,,
2026-07-15T01:41:39Z,1810222026-07-14,18102,2026-07-14,CANCELED,,
2026-07-15T01:41:39Z,1810232026-07-14,18102,2026-07-14,CANCELED,,
2026-07-15T01:41:39Z,1810242026-07-14,18102,2026-07-14,CANCELED,,
2026-07-15T01:41:39Z,1501212026-07-14,15012,2026-07-14,CANCELED,,
2026-07-15T01:41:39Z,1810412026-07-14,18104,2026-07-14,CANCELED,,
2026-07-15T01:41:39Z,1504212026-07-14,15042,2026-07-14,CANCELED,,
2026-07-15T01:41:39Z,3810412026-07-14,38104,2026-07-14,CANCELED,,
2026-07-15T01:41:39Z,1611112026-07-14,16111,2026-07-14,CANCELED,,
2026-07-15T01:41:39Z,1611112026-07-14,16111,2026-07-14,CANCELED,,
2026-07-15T01:41:39Z,1602512026-07-14,16025,2026-07-14,CANCELED,,
2026-07-15T01:41:39Z,1719212026-07-14,17192,2026-07-14,CANCELED,,
2026-07-15T01:41:39Z,1562212026-07-14,15622,2026-07-14,CANCELED,,
2026-07-15T01:41:39Z,0029122026-07-15,00291,2026-07-15,CANCELED,,
2026-07-15T01:41:39Z,0029112026-07-15,00291,2026-07-15,CANCELED,,
2026-07-15T01:41:39Z,3709122026-07-14,37091,2026-07-14,CANCELED,,
2026-07-15T01:41:39Z,3709112026-07-14,37091,2026-07-14,CANCELED,,
2026-07-15T01:41:39Z,1810132026-07-14,18101,2026-07-14,CANCELED,,
2026-07-15T01:41:39Z,1810142026-07-14,18101,2026-07-14,CANCELED,,
2026-07-15T01:41:39Z,1810152026-07-14,18101,2026-07-14,CANCELED,,
2026-07-15T01:41:39Z,1703012026-07-14,17030,2026-07-14,CANCELED,,
2026-07-15T01:41:39Z,3739112026-07-14,37391,2026-07-14,CANCELED,,
2026-07-15T01:41:39Z,1307912026-07-15,13079,2026-07-15,CANCELED,,
2026-07-15T01:41:39Z,7187412026-07-14,71874,2026-07-14,CANCELED,,
2026-07-15T01:41:39Z,3507922026-07-15,35079,2026-07-15,CANCELED,,
2026-07-15T01:41:39Z,3507912026-07-15,35079,2026-07-15,CANCELED,,
2026-07-15T01:41:39Z,1800612026-07-14,18006,2026-07-14,CANCELED,,
2026-07-15T01:41:39Z,1301312026-07-14,13013,2026-07-14,CANCELED,,
2026-07-15T01:41:39Z,3800612026-07-14,38006,2026-07-14,CANCELED,,
2026-07-15T01:41:39Z,1813212026-07-14,18132,2026-07-14,CANCELED,,
2026-07-15T01:46:17Z,1305212026-07-14,13052,2026-07-14,CANCELED,,
2026-07-15T01:46:17Z,1719312026-07-14,17193,2026-07-14,CANCELED,,
2026-07-15T01:46:17Z,1391122026-07-14,13911,2026-07-14,CANCELED,,
2026-07-15T01:46:17Z,1391112026-07-14,13911,2026-07-14,CANCELED,,
2026-07-15T01:46:17Z,1501212026-07-14,15012,2026-07-14,CANCELED,,
2026-07-15T01:46:17Z,1810222026-07-14,18102,2026-07-14,CANCELED,,
2026-07-15T01:46:17Z,1810232026-07-14,18102,2026-07-14,CANCELED,,
2026-07-15T01:46:17Z,1810242026-07-14,18102,2026-07-14,CANCELED,,
2026-07-15T01:46:17Z,1504212026-07-14,15042,2026-07-14,CANCELED,,
2026-07-15T01:46:17Z,1810412026-07-14,18104,2026-07-14,CANCELED,,
2026-07-15T01:46:17Z,3810412026-07-14,38104,2026-07-14,CANCELED,,
2026-07-15T01:46:17Z,1611112026-07-14,16111,2026-07-14,CANCELED,,
2026-07-15T01:46:17Z,1602512026-07-14,16025,2026-07-14,CANCELED,,
2026-07-15T01:46:17Z,1611112026-07-14,16111,2026-07-14,CANCELED,,
2026-07-15T01:46:17Z,1719212026-07-14,17192,2026-07-14,CANCELED,,
2026-07-15T01:46:17Z,0029122026-07-15,00291,2026-07-15,CANCELED,,
2026-07-15T01:46:17Z,0029112026-07-15,00291,2026-07-15,CANCELED,,
2026-07-15T01:46:17Z,1562212026-07-14,15622,2026-07-14,CANCELED,,
2026-07-15T01:46:17Z,3709122026-07-14,37091,2026-07-14,CANCELED,,
2026-07-15T01:46:17Z,3709112026-07-14,37091,2026-07-14,CANCELED,,
2026-07-15T01:46:17Z,3739112026-07-14,37391,2026-07-14,CANCELED,,
2026-07-15T01:46:17Z,1810132026-07-14,18101,2026-07-14,CANCELED,,
2026-07-15T01:46:17Z,1810142026-07-14,18101,2026-07-14,CANCELED,,
2026-07-15T01:46:17Z,1810152026-07-14,18101,2026-07-14,CANCELED,,
2026-07-15T01:46:17Z,1307912026-07-15,13079,2026-07-15,CANCELED,,
2026-07-15T01:46:17Z,1703012026-07-14,17030,2026-07-14,CANCELED,,
2026-07-15T01:46:17Z,3507922026-07-15,35079,2026-07-15,CANCELED,,
2026-07-15T01:46:17Z,3507912026-07-15,35079,2026-07-15,CANCELED,,
2026-07-15T01:46:17Z,7187412026-07-14,71874,2026-07-14,CANCELED,,
2026-07-15T01:46:17Z,1301312026-07-14,13013,2026-07-14,CANCELED,,
2026-07-15T01:46:17Z,1800612026-07-14,18006,2026-07-14,CANCELED,,
2026-07-15T01:46:17Z,3800612026-07-14,38006,2026-07-14,CANCELED,,
2026-07-15T01:46:17Z,1813212026-07-14,18132,2026-07-14,CANCELED,,
2026-07-15T01:51:37Z,1719312026-07-14,17193,2026-07-14,CANCELED,,
2026-07-15T01:51:37Z,1305212026-07-14,13052,2026-07-14,CANCELED,,
2026-07-15T01:51:37Z,1391122026-07-14,13911,2026-07-14,CANCELED,,
2026-07-15T01:51:37Z,1391112026-07-14,13911,2026-07-14,CANCELED,,
2026-07-15T01:51:37Z,1810222026-07-14,18102,2026-07-14,CANCELED,,
2026-07-15T01:51:37Z,1810232026-07-14,18102,2026-07-14,CANCELED,,
2026-07-15T01:51:37Z,1810242026-07-14,18102,2026-07-14,CANCELED,,
2026-07-15T01:51:37Z,1501212026-07-14,15012,2026-07-14,CANCELED,,
2026-07-15T01:51:37Z,1810412026-07-14,18104,2026-07-14,CANCELED,,
2026-07-15T01:51:37Z,1504212026-07-14,15042,2026-07-14,CANCELED,,
2026-07-15T01:51:37Z,3810412026-07-14,38104,2026-07-14,CANCELED,,
2026-07-15T01:51:37Z,1611112026-07-14,16111,2026-07-14,CANCELED,,
2026-07-15T01:51:37Z,1611112026-07-14,16111,2026-07-14,CANCELED,,
2026-07-15T01:51:37Z,1602512026-07-14,16025,2026-07-14,CANCELED,,
2026-07-15T01:51:37Z,1719212026-07-14,17192,2026-07-14,CANCELED,,
2026-07-15T01:51:37Z,1562212026-07-14,15622,2026-07-14,CANCELED,,
2026-07-15T01:51:37Z,0029122026-07-15,00291,2026-07-15,CANCELED,,
2026-07-15T01:51:37Z,0029112026-07-15,00291,2026-07-15,CANCELED,,
2026-07-15T01:51:37Z,3709122026-07-14,37091,2026-07-14,CANCELED,,
2026-07-15T01:51:37Z,3709112026-07-14,37091,2026-07-14,CANCELED,,
2026-07-15T01:51:37Z,1810132026-07-14,18101,2026-07-14,CANCELED,,
2026-07-15T01:51:37Z,1810142026-07-14,18101,2026-07-14,CANCELED,,
2026-07-15T01:51:37Z,1810152026-07-14,18101,2026-07-14,CANCELED,,
2026-07-15T01:51:37Z,3739112026-07-14,37391,2026-07-14,CANCELED,,
2026-07-15T01:51:37Z,1703012026-07-14,17030,2026-07-14,CANCELED,,
2026-07-15T01:51:37Z,1307912026-07-15,13079,2026-07-15,CANCELED,,
2026-07-15T01:51:37Z,7187412026-07-14,71874,2026-07-14,CANCELED,,
2026-07-15T01:51:37Z,3507922026-07-15,35079,2026-07-15,CANCELED,,
2026-07-15T01:51:37Z,3507912026-07-15,35079,2026-07-15,CANCELED,,
2026-07-15T01:51:37Z,1301312026-07-14,13013,2026-07-14,CANCELED,,
2026-07-15T01:51:37Z,1800612026-07-14,18006,2026-07-14,CANCELED,,
2026-07-15T01:51:37Z,3800612026-07-14,38006,2026-07-14,CANCELED,,
2026-07-15T01:51:37Z,1813212026-07-14,18132,2026-07-14,CANCELED,,
2026-07-15T01:56:12Z,1305212026-07-14,13052,2026-07-14,CANCELED,,
2026-07-15T01:56:12Z,1719312026-07-14,17193,2026-07-14,CANCELED,,
2026-07-15T01:56:12Z,1391122026-07-14,13911,2026-07-14,CANCELED,,
2026-07-15T01:56:12Z,1391112026-07-14,13911,2026-07-14,CANCELED,,
2026-07-15T01:56:12Z,1810222026-07-14,18102,2026-07-14,CANCELED,,
2026-07-15T01:56:12Z,1810232026-07-14,18102,2026-07-14,CANCELED,,
2026-07-15T01:56:12Z,1810242026-07-14,18102,2026-07-14,CANCELED,,
2026-07-15T01:56:12Z,1501212026-07-14,15012,2026-07-14,CANCELED,,
2026-07-15T01:56:12Z,1810412026-07-14,18104,2026-07-14,CANCELED,,
2026-07-15T01:56:12Z,1504212026-07-14,15042,2026-07-14,CANCELED,,
2026-07-15T01:56:12Z,3810412026-07-14,38104,2026-07-14,CANCELED,,
2026-07-15T01:56:12Z,1611112026-07-14,16111,2026-07-14,CANCELED,,
2026-07-15T01:56:12Z,1611112026-07-14,16111,2026-07-14,CANCELED,,
2026-07-15T01:56:12Z,1602512026-07-14,16025,2026-07-14,CANCELED,,
2026-07-15T01:56:12Z,1719212026-07-14,17192,2026-07-14,CANCELED,,
2026-07-15T01:56:12Z,1562212026-07-14,15622,2026-07-14,CANCELED,,
2026-07-15T01:56:12Z,0029122026-07-15,00291,2026-07-15,CANCELED,,
2026-07-15T01:56:12Z,0029112026-07-15,00291,2026-07-15,CANCELED,,
2026-07-15T01:56:12Z,3709122026-07-14,37091,2026-07-14,CANCELED,,
2026-07-15T01:56:12Z,3709112026-07-14,37091,2026-07-14,CANCELED,,
2026-07-15T01:56:12Z,3739112026-07-14,37391,2026-07-14,CANCELED,,
2026-07-15T01:56:12Z,1810132026-07-14,18101,2026-07-14,CANCELED,,
2026-07-15T01:56:12Z,1810142026-07-14,18101,2026-07-14,CANCELED,,
2026-07-15T01:56:12Z,1810152026-07-14,18101,2026-07-14,CANCELED,,
2026-07-15T01:56:12Z,1307912026-07-15,13079,2026-07-15,CANCELED,,
2026-07-15T01:56:12Z,1703012026-07-14,17030,2026-07-14,CANCELED,,
2026-07-15T01:56:12Z,3507922026-07-15,35079,2026-07-15,CANCELED,,
2026-07-15T01:56:12Z,3507912026-07-15,35079,2026-07-15,CANCELED,,
2026-07-15T01:56:12Z,7187412026-07-14,71874,2026-07-14,CANCELED,,
2026-07-15T01:56:12Z,1301312026-07-14,13013,2026-07-14,CANCELED,,
2026-07-15T01:56:12Z,1800612026-07-14,18006,2026-07-14,CANCELED,,
2026-07-15T01:56:12Z,3800612026-07-14,38006,2026-07-14,CANCELED,,
2026-07-15T01:56:12Z,1813212026-07-14,18132,2026-07-14,CANCELED,,
2026-07-15T02:01:48Z,1305212026-07-14,13052,2026-07-14,CANCELED,,
2026-07-15T02:01:48Z,1719312026-07-14,17193,2026-07-14,CANCELED,,
2026-07-15T02:01:48Z,1391122026-07-14,13911,2026-07-14,CANCELED,,
2026-07-15T02:01:48Z,1391112026-07-14,13911,2026-07-14,CANCELED,,
2026-07-15T02:01:48Z,1501212026-07-14,15012,2026-07-14,CANCELED,,
2026-07-15T02:01:48Z,1810222026-07-14,18102,2026-07-14,CANCELED,,
2026-07-15T02:01:48Z,1810232026-07-14,18102,2026-07-14,CANCELED,,
2026-07-15T02:01:48Z,1810242026-07-14,18102,2026-07-14,CANCELED,,
2026-07-15T02:01:48Z,1504212026-07-14,15042,2026-07-14,CANCELED,,
2026-07-15T02:01:48Z,1810412026-07-14,18104,2026-07-14,CANCELED,,
2026-07-15T02:01:48Z,3810412026-07-14,38104,2026-07-14,CANCELED,,
2026-07-15T02:01:48Z,1611112026-07-14,16111,2026-07-14,CANCELED,,
2026-07-15T02:01:48Z,1602512026-07-14,16025,2026-07-14,CANCELED,,
2026-07-15T02:01:48Z,1611112026-07-14,16111,2026-07-14,CANCELED,,
2026-07-15T02:01:48Z,1719212026-07-14,17192,2026-07-14,CANCELED,,
2026-07-15T02:01:48Z,0029122026-07-15,00291,2026-07-15,CANCELED,,
2026-07-15T02:01:48Z,0029112026-07-15,00291,2026-07-15,CANCELED,,
2026-07-15T02:01:48Z,1562212026-07-14,15622,2026-07-14,CANCELED,,
2026-07-15T02:01:48Z,3709122026-07-14,37091,2026-07-14,CANCELED,,
2026-07-15T02:01:48Z,3709112026-07-14,37091,2026-07-14,CANCELED,,
2026-07-15T02:01:48Z,3739112026-07-14,37391,2026-07-14,CANCELED,,
2026-07-15T02:01:48Z,1810132026-07-14,18101,2026-07-14,CANCELED,,
2026-07-15T02:01:48Z,1810142026-07-14,18101,2026-07-14,CANCELED,,
2026-07-15T02:01:48Z,1810152026-07-14,18101,2026-07-14,CANCELED,,
2026-07-15T02:01:48Z,1703012026-07-14,17030,2026-07-14,CANCELED,,
2026-07-15T02:01:48Z,1307912026-07-15,13079,2026-07-15,CANCELED,,
2026-07-15T02:01:48Z,7187412026-07-14,71874,2026-07-14,CANCELED,,
2026-07-15T02:01:48Z,3507922026-07-15,35079,2026-07-15,CANCELED,,
2026-07-15T02:01:48Z,3507912026-07-15,35079,2026-07-15,CANCELED,,
2026-07-15T02:01:48Z,1800612026-07-14,18006,2026-07-14,CANCELED,,
2026-07-15T02:01:48Z,1301312026-07-14,13013,2026-07-14,CANCELED,,
2026-07-15T02:01:48Z,3800612026-07-14,38006,2026-07-14,CANCELED,,
2026-07-15T02:01:48Z,1813212026-07-14,18132,2026-07-14,CANCELED,,
2026-07-15T02:06:09Z,1719312026-07-14,17193,2026-07-14,CANCELED,,
2026-07-15T02:06:09Z,1305212026-07-14,13052,2026-07-14,CANCELED,,
2026-07-15T02:06:09Z,1391122026-07-14,13911,2026-07-14,CANCELED,,
2026-07-15T02:06:09Z,1391112026-07-14,13911,2026-07-14,CANCELED,,
2026-07-15T02:06:09Z,1501212026-07-14,15012,2026-07-14,CANCELED,,
2026-07-15T02:06:09Z,1810222026-07-14,18102,2026-07-14,CANCELED,,
2026-07-15T02:06:09Z,1810232026-07-14,18102,2026-07-14,CANCELED,,
2026-07-15T02:06:09Z,1810242026-07-14,18102,2026-07-14,CANCELED,,
2026-07-15T02:06:09Z,1504212026-07-14,15042,2026-07-14,CANCELED,,
2026-07-15T02:06:09Z,1810412026-07-14,18104,2026-07-14,CANCELED,,
2026-07-15T02:06:09Z,3810412026-07-14,38104,2026-07-14,CANCELED,,
2026-07-15T02:06:09Z,1611112026-07-14,16111,2026-07-14,CANCELED,,
2026-07-15T02:06:09Z,1602512026-07-14,16025,2026-07-14,CANCELED,,
2026-07-15T02:06:09Z,1611112026-07-14,16111,2026-07-14,CANCELED,,
2026-07-15T02:06:09Z,1719212026-07-14,17192,2026-07-14,CANCELED,,
2026-07-15T02:06:09Z,0029122026-07-15,00291,2026-07-15,CANCELED,,
2026-07-15T02:06:09Z,0029112026-07-15,00291,2026-07-15,CANCELED,,
2026-07-15T02:06:09Z,1562212026-07-14,15622,2026-07-14,CANCELED,,
2026-07-15T02:06:09Z,3709122026-07-14,37091,2026-07-14,CANCELED,,
2026-07-15T02:06:09Z,3709112026-07-14,37091,2026-07-14,CANCELED,,
2026-07-15T02:06:09Z,3739112026-07-14,37391,2026-07-14,CANCELED,,
2026-07-15T02:06:09Z,1810132026-07-14,18101,2026-07-14,CANCELED,,
2026-07-15T02:06:09Z,1810142026-07-14,18101,2026-07-14,CANCELED,,
2026-07-15T02:06:09Z,1810152026-07-14,18101,2026-07-14,CANCELED,,
2026-07-15T02:06:09Z,1307912026-07-15,13079,2026-07-15,CANCELED,,
2026-07-15T02:06:09Z,1703012026-07-14,17030,2026-07-14,CANCELED,,
2026-07-15T02:06:09Z,3507922026-07-15,35079,2026-07-15,CANCELED,,
2026-07-15T02:06:09Z,3507912026-07-15,35079,2026-07-15,CANCELED,,
2026-07-15T02:06:09Z,7187412026-07-14,71874,2026-07-14,CANCELED,,
2026-07-15T02:06:09Z,1301312026-07-14,13013,2026-07-14,CANCELED,,
2026-07-15T02:06:09Z,1800612026-07-14,18006,2026-07-14,CANCELED,,
2026-07-15T02:06:09Z,3800612026-07-14,38006,2026-07-14,CANCELED,,
2026-07-15T02:06:09Z,1813212026-07-14,18132,2026-07-14,CANCELED,,
2026-07-15T02:11:35Z,1719312026-07-14,17193,2026-07-14,CANCELED,,
2026-07-15T02:11:35Z,1305212026-07-14,13052,2026-07-14,CANCELED,,
2026-07-15T02:11:35Z,1391122026-07-14,13911,2026-07-14,CANCELED,,
2026-07-15T02:11:35Z,1391112026-07-14,13911,2026-07-14,CANCELED,,
2026-07-15T02:11:35Z,1810222026-07-14,18102,2026-07-14,CANCELED,,
2026-07-15T02:11:35Z,1810232026-07-14,18102,2026-07-14,CANCELED,,
2026-07-15T02:11:35Z,1810242026-07-14,18102,2026-07-14,CANCELED,,
2026-07-15T02:11:35Z,1501212026-07-14,15012,2026-07-14,CANCELED,,
2026-07-15T02:11:35Z,1810412026-07-14,18104,2026-07-14,CANCELED,,
2026-07-15T02:11:35Z,1504212026-07-14,15042,2026-07-14,CANCELED,,
2026-07-15T02:11:35Z,3810412026-07-14,38104,2026-07-14,CANCELED,,
2026-07-15T02:11:35Z,1611112026-07-14,16111,2026-07-14,CANCELED,,
2026-07-15T02:11:35Z,1611112026-07-14,16111,2026-07-14,CANCELED,,
2026-07-15T02:11:35Z,1602512026-07-14,16025,2026-07-14,CANCELED,,
2026-07-15T02:11:35Z,1719212026-07-14,17192,2026-07-14,CANCELED,,
2026-07-15T02:11:35Z,1562212026-07-14,15622,2026-07-14,CANCELED,,
2026-07-15T02:11:35Z,0029122026-07-15,00291,2026-07-15,CANCELED,,
2026-07-15T02:11:35Z,0029112026-07-15,00291,2026-07-15,CANCELED,,
2026-07-15T02:11:35Z,1810132026-07-14,18101,2026-07-14,CANCELED,,
2026-07-15T02:11:35Z,1810142026-07-14,18101,2026-07-14,CANCELED,,
2026-07-15T02:11:35Z,1810152026-07-14,18101,2026-07-14,CANCELED,,
2026-07-15T02:11:35Z,3709122026-07-14,37091,2026-07-14,CANCELED,,
2026-07-15T02:11:35Z,3709112026-07-14,37091,2026-07-14,CANCELED,,
2026-07-15T02:11:35Z,1703012026-07-14,17030,2026-07-14,CANCELED,,
2026-07-15T02:11:35Z,3739112026-07-14,37391,2026-07-14,CANCELED,,
2026-07-15T02:11:35Z,1307912026-07-15,13079,2026-07-15,CANCELED,,
2026-07-15T02:11:35Z,7187412026-07-14,71874,2026-07-14,CANCELED,,
2026-07-15T02:11:35Z,3507922026-07-15,35079,2026-07-15,CANCELED,,
2026-07-15T02:11:35Z,3507912026-07-15,35079,2026-07-15,CANCELED,,
2026-07-15T02:11:35Z,1301312026-07-14,13013,2026-07-14,CANCELED,,
2026-07-15T02:11:35Z,1800612026-07-14,18006,2026-07-14,CANCELED,,
2026-07-15T02:11:35Z,3800612026-07-14,38006,2026-07-14,CANCELED,,
2026-07-15T02:11:35Z,1813212026-07-14,18132,2026-07-14,CANCELED,,
2026-07-15T02:16:16Z,1719312026-07-14,17193,2026-07-14,CANCELED,,
2026-07-15T02:16:16Z,1305212026-07-14,13052,2026-07-14,CANCELED,,
2026-07-15T02:16:16Z,1391122026-07-14,13911,2026-07-14,CANCELED,,
2026-07-15T02:16:16Z,1391112026-07-14,13911,2026-07-14,CANCELED,,
2026-07-15T02:16:16Z,1501212026-07-14,15012,2026-07-14,CANCELED,,
2026-07-15T02:16:16Z,1810222026-07-14,18102,2026-07-14,CANCELED,,
2026-07-15T02:16:16Z,1810232026-07-14,18102,2026-07-14,CANCELED,,
2026-07-15T02:16:16Z,1810242026-07-14,18102,2026-07-14,CANCELED,,
2026-07-15T02:16:16Z,1504212026-07-14,15042,2026-07-14,CANCELED,,
2026-07-15T02:16:16Z,1810412026-07-14,18104,2026-07-14,CANCELED,,
2026-07-15T02:16:16Z,3810412026-07-14,38104,2026-07-14,CANCELED,,
2026-07-15T02:16:16Z,1611112026-07-14,16111,2026-07-14,CANCELED,,
2026-07-15T02:16:16Z,1602512026-07-14,16025,2026-07-14,CANCELED,,
2026-07-15T02:16:16Z,1611112026-07-14,16111,2026-07-14,CANCELED,,
2026-07-15T02:16:16Z,1719212026-07-14,17192,2026-07-14,CANCELED,,
2026-07-15T02:16:16Z,0029122026-07-15,00291,2026-07-15,CANCELED,,
2026-07-15T02:16:16Z,0029112026-07-15,00291,2026-07-15,CANCELED,,
2026-07-15T02:16:16Z,1562212026-07-14,15622,2026-07-14,CANCELED,,
2026-07-15T02:16:16Z,3709122026-07-14,37091,2026-07-14,CANCELED,,
2026-07-15T02:16:16Z,3709112026-07-14,37091,2026-07-14,CANCELED,,
2026-07-15T02:16:16Z,3739112026-07-14,37391,2026-07-14,CANCELED,,
2026-07-15T02:16:16Z,1810132026-07-14,18101,2026-07-14,CANCELED,,
2026-07-15T02:16:16Z,1810142026-07-14,18101,2026-07-14,CANCELED,,
2026-07-15T02:16:16Z,1810152026-07-14,18101,2026-07-14,CANCELED,,
2026-07-15T02:16:16Z,1307912026-07-15,13079,2026-07-15,CANCELED,,
2026-07-15T02:16:16Z,1703012026-07-14,17030,2026-07-14,CANCELED,,
2026-07-15T02:16:16Z,3507922026-07-15,35079,2026-07-15,CANCELED,,
2026-07-15T02:16:16Z,3507912026-07-15,35079,2026-07-15,CANCELED,,
2026-07-15T02:16:16Z,7187412026-07-14,71874,2026-07-14,CANCELED,,
2026-07-15T02:16:16Z,1301312026-07-14,13013,2026-07-14,CANCELED,,
2026-07-15T02:16:16Z,1800612026-07-14,18006,2026-07-14,CANCELED,,
2026-07-15T02:16:16Z,3800612026-07-14,38006,2026-07-14,CANCELED,,
2026-07-15T02:16:16Z,1813212026-07-14,18132,2026-07-14,CANCELED,,
2026-07-15T02:21:37Z,1719312026-07-14,17193,2026-07-14,CANCELED,,
2026-07-15T02:21:37Z,1305212026-07-14,13052,2026-07-14,CANCELED,,
2026-07-15T02:21:37Z,1391122026-07-14,13911,2026-07-14,CANCELED,,
2026-07-15T02:21:37Z,1391112026-07-14,13911,2026-07-14,CANCELED,,
2026-07-15T02:21:37Z,1810222026-07-14,18102,2026-07-14,CANCELED,,
2026-07-15T02:21:37Z,1810232026-07-14,18102,2026-07-14,CANCELED,,
2026-07-15T02:21:37Z,1810242026-07-14,18102,2026-07-14,CANCELED,,
2026-07-15T02:21:37Z,1501212026-07-14,15012,2026-07-14,CANCELED,,
2026-07-15T02:21:37Z,1810412026-07-14,18104,2026-07-14,CANCELED,,
2026-07-15T02:21:37Z,1504212026-07-14,15042,2026-07-14,CANCELED,,
2026-07-15T02:21:37Z,3810412026-07-14,38104,2026-07-14,CANCELED,,
2026-07-15T02:21:37Z,1611112026-07-14,16111,2026-07-14,CANCELED,,
2026-07-15T02:21:37Z,1611112026-07-14,16111,2026-07-14,CANCELED,,
2026-07-15T02:21:37Z,1602512026-07-14,16025,2026-07-14,CANCELED,,
2026-07-15T02:21:37Z,1719212026-07-14,17192,2026-07-14,CANCELED,,
2026-07-15T02:21:37Z,1562212026-07-14,15622,2026-07-14,CANCELED,,
2026-07-15T02:21:37Z,0029122026-07-15,00291,2026-07-15,CANCELED,,
2026-07-15T02:21:37Z,0029112026-07-15,00291,2026-07-15,CANCELED,,
2026-07-15T02:21:37Z,3709122026-07-14,37091,2026-07-14,CANCELED,,
2026-07-15T02:21:37Z,3709112026-07-14,37091,2026-07-14,CANCELED,,
2026-07-15T02:21:37Z,1810132026-07-14,18101,2026-07-14,CANCELED,,
2026-07-15T02:21:37Z,1810142026-07-14,18101,2026-07-14,CANCELED,,
2026-07-15T02:21:37Z,1810152026-07-14,18101,2026-07-14,CANCELED,,
2026-07-15T02:21:37Z,3739112026-07-14,37391,2026-07-14,CANCELED,,
2026-07-15T02:21:37Z,1703012026-07-14,17030,2026-07-14,CANCELED,,
2026-07-15T02:21:37Z,1307912026-07-15,13079,2026-07-15,CANCELED,,
2026-07-15T02:21:37Z,7187412026-07-14,71874,2026-07-14,CANCELED,,
2026-07-15T02:21:37Z,3507922026-07-15,35079,2026-07-15,CANCELED,,
2026-07-15T02:21:37Z,3507912026-07-15,35079,2026-07-15,CANCELED,,
2026-07-15T02:21:37Z,1800612026-07-14,18006,2026-07-14,CANCELED,,
2026-07-15T02:21:37Z,1301312026-07-14,13013,2026-07-14,CANCELED,,
2026-07-15T02:21:37Z,3800612026-07-14,38006,2026-07-14,CANCELED,,
2026-07-15T02:21:37Z,1813212026-07-14,18132,2026-07-14,CANCELED,,
2026-07-15T02:26:11Z,1305212026-07-14,13052,2026-07-14,CANCELED,,
2026-07-15T02:26:11Z,1719312026-07-14,17193,2026-07-14,CANCELED,,
2026-07-15T02:26:11Z,1391122026-07-14,13911,2026-07-14,CANCELED,,
2026-07-15T02:26:11Z,1391112026-07-14,13911,2026-07-14,CANCELED,,
2026-07-15T02:26:11Z,1501212026-07-14,15012,2026-07-14,CANCELED,,
2026-07-15T02:26:11Z,1810222026-07-14,18102,2026-07-14,CANCELED,,
2026-07-15T02:26:11Z,1810232026-07-14,18102,2026-07-14,CANCELED,,
2026-07-15T02:26:11Z,1810242026-07-14,18102,2026-07-14,CANCELED,,
2026-07-15T02:26:11Z,1504212026-07-14,15042,2026-07-14,CANCELED,,
2026-07-15T02:26:11Z,1810412026-07-14,18104,2026-07-14,CANCELED,,
2026-07-15T02:26:11Z,3810412026-07-14,38104,2026-07-14,CANCELED,,
2026-07-15T02:26:11Z,1611112026-07-14,16111,2026-07-14,CANCELED,,
2026-07-15T02:26:11Z,1602512026-07-14,16025,2026-07-14,CANCELED,,
2026-07-15T02:26:11Z,1611112026-07-14,16111,2026-07-14,CANCELED,,
2026-07-15T02:26:11Z,1719212026-07-14,17192,2026-07-14,CANCELED,,
2026-07-15T02:26:11Z,0029122026-07-15,00291,2026-07-15,CANCELED,,
2026-07-15T02:26:11Z,0029112026-07-15,00291,2026-07-15,CANCELED,,
2026-07-15T02:26:11Z,1562212026-07-14,15622,2026-07-14,CANCELED,,
2026-07-15T02:26:11Z,3709122026-07-14,37091,2026-07-14,CANCELED,,
2026-07-15T02:26:11Z,3709112026-07-14,37091,2026-07-14,CANCELED,,
2026-07-15T02:26:11Z,3739112026-07-14,37391,2026-07-14,CANCELED,,
2026-07-15T02:26:11Z,1810132026-07-14,18101,2026-07-14,CANCELED,,
2026-07-15T02:26:11Z,1810142026-07-14,18101,2026-07-14,CANCELED,,
2026-07-15T02:26:11Z,1810152026-07-14,18101,2026-07-14,CANCELED,,
2026-07-15T02:26:11Z,1307912026-07-15,13079,2026-07-15,CANCELED,,
2026-07-15T02:26:11Z,1703012026-07-14,17030,2026-07-14,CANCELED,,
2026-07-15T02:26:11Z,3507922026-07-15,35079,2026-07-15,CANCELED,,
2026-07-15T02:26:11Z,3507912026-07-15,35079,2026-07-15,CANCELED,,
2026-07-15T02:26:11Z,7187412026-07-14,71874,2026-07-14,CANCELED,,
2026-07-15T02:26:11Z,1301312026-07-14,13013,2026-07-14,CANCELED,,
2026-07-15T02:26:11Z,1800612026-07-14,18006,2026-07-14,CANCELED,,
2026-07-15T02:26:11Z,3800612026-07-14,38006,2026-07-14,CANCELED,,
2026-07-15T02:26:11Z,1813212026-07-14,18132,2026-07-14,CANCELED,,
2026-07-15T02:31:44Z,1719312026-07-14,17193,2026-07-14,CANCELED,,
2026-07-15T02:31:44Z,1305212026-07-14,13052,2026-07-14,CANCELED,,
2026-07-15T02:31:44Z,1391122026-07-14,13911,2026-07-14,CANCELED,,
2026-07-15T02:31:44Z,1391112026-07-14,13911,2026-07-14,CANCELED,,
2026-07-15T02:31:44Z,1810222026-07-14,18102,2026-07-14,CANCELED,,
2026-07-15T02:31:44Z,1810232026-07-14,18102,2026-07-14,CANCELED,,
2026-07-15T02:31:44Z,1810242026-07-14,18102,2026-07-14,CANCELED,,
2026-07-15T02:31:44Z,1501212026-07-14,15012,2026-07-14,CANCELED,,
2026-07-15T02:31:44Z,1810412026-07-14,18104,2026-07-14,CANCELED,,
2026-07-15T02:31:44Z,1504212026-07-14,15042,2026-07-14,CANCELED,,
2026-07-15T02:31:44Z,3810412026-07-14,38104,2026-07-14,CANCELED,,
2026-07-15T02:31:44Z,1611112026-07-14,16111,2026-07-14,CANCELED,,
2026-07-15T02:31:44Z,1611112026-07-14,16111,2026-07-14,CANCELED,,
2026-07-15T02:31:44Z,1602512026-07-14,16025,2026-07-14,CANCELED,,
2026-07-15T02:31:44Z,1719212026-07-14,17192,2026-07-14,CANCELED,,
2026-07-15T02:31:44Z,1562212026-07-14,15622,2026-07-14,CANCELED,,
2026-07-15T02:31:44Z,0029122026-07-15,00291,2026-07-15,CANCELED,,
2026-07-15T02:31:44Z,0029112026-07-15,00291,2026-07-15,CANCELED,,
2026-07-15T02:31:44Z,3709122026-07-14,37091,2026-07-14,CANCELED,,
2026-07-15T02:31:44Z,3709112026-07-14,37091,2026-07-14,CANCELED,,
2026-07-15T02:31:44Z,1810132026-07-14,18101,2026-07-14,CANCELED,,
2026-07-15T02:31:44Z,1810142026-07-14,18101,2026-07-14,CANCELED,,
2026-07-15T02:31:44Z,1810152026-07-14,18101,2026-07-14,CANCELED,,
2026-07-15T02:31:44Z,3739112026-07-14,37391,2026-07-14,CANCELED,,
2026-07-15T02:31:44Z,1703012026-07-14,17030,2026-07-14,CANCELED,,
2026-07-15T02:31:44Z,1307912026-07-15,13079,2026-07-15,CANCELED,,
2026-07-15T02:31:44Z,7187412026-07-14,71874,2026-07-14,CANCELED,,
2026-07-15T02:31:44Z,3507922026-07-15,35079,2026-07-15,CANCELED,,
2026-07-15T02:31:44Z,3507912026-07-15,35079,2026-07-15,CANCELED,,
2026-07-15T02:31:44Z,1800612026-07-14,18006,2026-07-14,CANCELED,,
2026-07-15T02:31:44Z,1301312026-07-14,13013,2026-07-14,CANCELED,,
2026-07-15T02:31:44Z,3800612026-07-14,38006,2026-07-14,CANCELED,,
2026-07-15T02:31:44Z,1813212026-07-14,18132,2026-07-14,CANCELED,,
2026-07-15T02:36:10Z,1719312026-07-14,17193,2026-07-14,CANCELED,,
2026-07-15T02:36:10Z,1305212026-07-14,13052,2026-07-14,CANCELED,,
2026-07-15T02:36:10Z,1391122026-07-14,13911,2026-07-14,CANCELED,,
2026-07-15T02:36:10Z,1391112026-07-14,13911,2026-07-14,CANCELED,,
2026-07-15T02:36:10Z,1810222026-07-14,18102,2026-07-14,CANCELED,,
2026-07-15T02:36:10Z,1810232026-07-14,18102,2026-07-14,CANCELED,,
2026-07-15T02:36:10Z,1810242026-07-14,18102,2026-07-14,CANCELED,,
2026-07-15T02:36:10Z,1501212026-07-14,15012,2026-07-14,CANCELED,,
2026-07-15T02:36:10Z,1810412026-07-14,18104,2026-07-14,CANCELED,,
2026-07-15T02:36:10Z,1504212026-07-14,15042,2026-07-14,CANCELED,,
2026-07-15T02:36:10Z,3810412026-07-14,38104,2026-07-14,CANCELED,,
2026-07-15T02:36:10Z,1611112026-07-14,16111,2026-07-14,CANCELED,,
2026-07-15T02:36:10Z,1611112026-07-14,16111,2026-07-14,CANCELED,,
2026-07-15T02:36:10Z,1602512026-07-14,16025,2026-07-14,CANCELED,,
2026-07-15T02:36:10Z,1719212026-07-14,17192,2026-07-14,CANCELED,,
2026-07-15T02:36:10Z,1562212026-07-14,15622,2026-07-14,CANCELED,,
2026-07-15T02:36:10Z,0029122026-07-15,00291,2026-07-15,CANCELED,,
2026-07-15T02:36:10Z,0029112026-07-15,00291,2026-07-15,CANCELED,,
2026-07-15T02:36:10Z,3709122026-07-14,37091,2026-07-14,CANCELED,,
2026-07-15T02:36:10Z,3709112026-07-14,37091,2026-07-14,CANCELED,,
2026-07-15T02:36:10Z,1810132026-07-14,18101,2026-07-14,CANCELED,,
2026-07-15T02:36:10Z,1810142026-07-14,18101,2026-07-14,CANCELED,,
2026-07-15T02:36:10Z,1810152026-07-14,18101,2026-07-14,CANCELED,,
2026-07-15T02:36:10Z,1703012026-07-14,17030,2026-07-14,CANCELED,,
2026-07-15T02:36:10Z,3739112026-07-14,37391,2026-07-14,CANCELED,,
2026-07-15T02:36:10Z,1307912026-07-15,13079,2026-07-15,CANCELED,,
2026-07-15T02:36:10Z,7187412026-07-14,71874,2026-07-14,CANCELED,,
2026-07-15T02:36:10Z,3507922026-07-15,35079,2026-07-15,CANCELED,,
2026-07-15T02:36:10Z,3507912026-07-15,35079,2026-07-15,CANCELED,,
2026-07-15T02:36:10Z,1800612026-07-14,18006,2026-07-14,CANCELED,,
2026-07-15T02:36:10Z,1301312026-07-14,13013,2026-07-14,CANCELED,,
2026-07-15T02:36:10Z,3800612026-07-14,38006,2026-07-14,CANCELED,,
2026-07-15T02:36:10Z,1813212026-07-14,18132,2026-07-14,CANCELED,,
2026-07-15T02:41:41Z,1719312026-07-14,17193,2026-07-14,CANCELED,,
2026-07-15T02:41:41Z,1305212026-07-14,13052,2026-07-14,CANCELED,,
2026-07-15T02:41:41Z,1391122026-07-14,13911,2026-07-14,CANCELED,,
2026-07-15T02:41:41Z,1391112026-07-14,13911,2026-07-14,CANCELED,,
2026-07-15T02:41:41Z,1810222026-07-14,18102,2026-07-14,CANCELED,,
2026-07-15T02:41:41Z,1810232026-07-14,18102,2026-07-14,CANCELED,,
2026-07-15T02:41:41Z,1810242026-07-14,18102,2026-07-14,CANCELED,,
2026-07-15T02:41:41Z,1501212026-07-14,15012,2026-07-14,CANCELED,,
2026-07-15T02:41:41Z,1810412026-07-14,18104,2026-07-14,CANCELED,,
2026-07-15T02:41:41Z,1504212026-07-14,15042,2026-07-14,CANCELED,,
2026-07-15T02:41:41Z,3810412026-07-14,38104,2026-07-14,CANCELED,,
2026-07-15T02:41:41Z,1611112026-07-14,16111,2026-07-14,CANCELED,,
2026-07-15T02:41:41Z,1611112026-07-14,16111,2026-07-14,CANCELED,,
2026-07-15T02:41:41Z,1602512026-07-14,16025,2026-07-14,CANCELED,,
2026-07-15T02:41:41Z,1719212026-07-14,17192,2026-07-14,CANCELED,,
2026-07-15T02:41:41Z,1562212026-07-14,15622,2026-07-14,CANCELED,,
2026-07-15T02:41:41Z,0029122026-07-15,00291,2026-07-15,CANCELED,,
2026-07-15T02:41:41Z,0029112026-07-15,00291,2026-07-15,CANCELED,,
2026-07-15T02:41:41Z,3709122026-07-14,37091,2026-07-14,CANCELED,,
2026-07-15T02:41:41Z,3709112026-07-14,37091,2026-07-14,CANCELED,,
2026-07-15T02:41:41Z,1810132026-07-14,18101,2026-07-14,CANCELED,,
2026-07-15T02:41:41Z,1810142026-07-14,18101,2026-07-14,CANCELED,,
2026-07-15T02:41:41Z,1810152026-07-14,18101,2026-07-14,CANCELED,,
2026-07-15T02:41:41Z,3739112026-07-14,37391,2026-07-14,CANCELED,,
2026-07-15T02:41:41Z,1703012026-07-14,17030,2026-07-14,CANCELED,,
2026-07-15T02:41:41Z,1307912026-07-15,13079,2026-07-15,CANCELED,,
2026-07-15T02:41:41Z,7187412026-07-14,71874,2026-07-14,CANCELED,,
2026-07-15T02:41:41Z,3507922026-07-15,35079,2026-07-15,CANCELED,,
2026-07-15T02:41:41Z,3507912026-07-15,35079,2026-07-15,CANCELED,,
2026-07-15T02:41:41Z,1800612026-07-14,18006,2026-07-14,CANCELED,,
2026-07-15T02:41:41Z,1301312026-07-14,13013,2026-07-14,CANCELED,,
2026-07-15T02:41:41Z,3800612026-07-14,38006,2026-07-14,CANCELED,,
2026-07-15T02:41:41Z,1813212026-07-14,18132,2026-07-14,CANCELED,,
2026-07-15T02:46:15Z,1305212026-07-14,13052,2026-07-14,CANCELED,,
2026-07-15T02:46:15Z,1719312026-07-14,17193,2026-07-14,CANCELED,,
2026-07-15T02:46:15Z,1391122026-07-14,13911,2026-07-14,CANCELED,,
2026-07-15T02:46:15Z,1391112026-07-14,13911,2026-07-14,CANCELED,,
2026-07-15T02:46:15Z,1810222026-07-14,18102,2026-07-14,CANCELED,,
2026-07-15T02:46:15Z,1810232026-07-14,18102,2026-07-14,CANCELED,,
2026-07-15T02:46:15Z,1810242026-07-14,18102,2026-07-14,CANCELED,,
2026-07-15T02:46:15Z,1501212026-07-14,15012,2026-07-14,CANCELED,,
2026-07-15T02:46:15Z,1810412026-07-14,18104,2026-07-14,CANCELED,,
2026-07-15T02:46:15Z,1504212026-07-14,15042,2026-07-14,CANCELED,,
2026-07-15T02:46:15Z,3810412026-07-14,38104,2026-07-14,CANCELED,,
2026-07-15T02:46:15Z,1611112026-07-14,16111,2026-07-14,CANCELED,,
2026-07-15T02:46:15Z,1611112026-07-14,16111,2026-07-14,CANCELED,,
2026-07-15T02:46:15Z,1602512026-07-14,16025,2026-07-14,CANCELED,,
2026-07-15T02:46:15Z,1719212026-07-14,17192,2026-07-14,CANCELED,,
2026-07-15T02:46:15Z,1562212026-07-14,15622,2026-07-14,CANCELED,,
2026-07-15T02:46:15Z,0029122026-07-15,00291,2026-07-15,CANCELED,,
2026-07-15T02:46:15Z,0029112026-07-15,00291,2026-07-15,CANCELED,,
2026-07-15T02:46:15Z,3709122026-07-14,37091,2026-07-14,CANCELED,,
2026-07-15T02:46:15Z,3709112026-07-14,37091,2026-07-14,CANCELED,,
2026-07-15T02:46:15Z,1810132026-07-14,18101,2026-07-14,CANCELED,,
2026-07-15T02:46:15Z,1810142026-07-14,18101,2026-07-14,CANCELED,,
2026-07-15T02:46:15Z,1810152026-07-14,18101,2026-07-14,CANCELED,,
2026-07-15T02:46:15Z,3739112026-07-14,37391,2026-07-14,CANCELED,,
2026-07-15T02:46:15Z,1703012026-07-14,17030,2026-07-14,CANCELED,,
2026-07-15T02:46:15Z,1307912026-07-15,13079,2026-07-15,CANCELED,,
2026-07-15T02:46:15Z,7187412026-07-14,71874,2026-07-14,CANCELED,,
2026-07-15T02:46:15Z,3507922026-07-15,35079,2026-07-15,CANCELED,,
2026-07-15T02:46:15Z,3507912026-07-15,35079,2026-07-15,CANCELED,,
2026-07-15T02:46:15Z,1301312026-07-14,13013,2026-07-14,CANCELED,,
2026-07-15T02:46:15Z,1800612026-07-14,18006,2026-07-14,CANCELED,,
2026-07-15T02:46:15Z,3800612026-07-14,38006,2026-07-14,CANCELED,,
2026-07-15T02:46:15Z,1813212026-07-14,18132,2026-07-14,CANCELED,,
2026-07-15T02:51:40Z,1305212026-07-14,13052,2026-07-14,CANCELED,,
2026-07-15T02:51:40Z,1719312026-07-14,17193,2026-07-14,CANCELED,,
2026-07-15T02:51:40Z,1391122026-07-14,13911,2026-07-14,CANCELED,,
2026-07-15T02:51:40Z,1391112026-07-14,13911,2026-07-14,CANCELED,,
2026-07-15T02:51:40Z,1810222026-07-14,18102,2026-07-14,CANCELED,,
2026-07-15T02:51:40Z,1810232026-07-14,18102,2026-07-14,CANCELED,,
2026-07-15T02:51:40Z,1810242026-07-14,18102,2026-07-14,CANCELED,,
2026-07-15T02:51:40Z,1501212026-07-14,15012,2026-07-14,CANCELED,,
2026-07-15T02:51:40Z,1810412026-07-14,18104,2026-07-14,CANCELED,,
2026-07-15T02:51:40Z,1504212026-07-14,15042,2026-07-14,CANCELED,,
2026-07-15T02:51:40Z,3810412026-07-14,38104,2026-07-14,CANCELED,,
2026-07-15T02:51:40Z,1611112026-07-14,16111,2026-07-14,CANCELED,,
2026-07-15T02:51:40Z,1611112026-07-14,16111,2026-07-14,CANCELED,,
2026-07-15T02:51:40Z,1719212026-07-14,17192,2026-07-14,CANCELED,,
2026-07-15T02:51:40Z,1602512026-07-14,16025,2026-07-14,CANCELED,,
2026-07-15T02:51:40Z,1562212026-07-14,15622,2026-07-14,CANCELED,,
2026-07-15T02:51:40Z,0029122026-07-15,00291,2026-07-15,CANCELED,,
2026-07-15T02:51:40Z,0029112026-07-15,00291,2026-07-15,CANCELED,,
2026-07-15T02:51:40Z,1810132026-07-14,18101,2026-07-14,CANCELED,,
2026-07-15T02:51:40Z,1810142026-07-14,18101,2026-07-14,CANCELED,,
2026-07-15T02:51:40Z,1810152026-07-14,18101,2026-07-14,CANCELED,,
2026-07-15T02:51:40Z,3709122026-07-14,37091,2026-07-14,CANCELED,,
2026-07-15T02:51:40Z,3709112026-07-14,37091,2026-07-14,CANCELED,,
2026-07-15T02:51:40Z,1703012026-07-14,17030,2026-07-14,CANCELED,,
2026-07-15T02:51:40Z,3739112026-07-14,37391,2026-07-14,CANCELED,,
2026-07-15T02:51:40Z,1307912026-07-15,13079,2026-07-15,CANCELED,,
2026-07-15T02:51:40Z,7187412026-07-14,71874,2026-07-14,CANCELED,,
2026-07-15T02:51:40Z,3507922026-07-15,35079,2026-07-15,CANCELED,,
2026-07-15T02:51:40Z,3507912026-07-15,35079,2026-07-15,CANCELED,,
2026-07-15T02:51:40Z,1800612026-07-14,18006,2026-07-14,CANCELED,,
2026-07-15T02:51:40Z,1301312026-07-14,13013,2026-07-14,CANCELED,,
2026-07-15T02:51:40Z,3800612026-07-14,38006,2026-07-14,CANCELED,,
2026-07-15T02:51:40Z,1813212026-07-14,18132,2026-07-14,CANCELED,,
2026-07-15T02:56:09Z,1305212026-07-14,13052,2026-07-14,CANCELED,,
2026-07-15T02:56:09Z,1719312026-07-14,17193,2026-07-14,CANCELED,,
2026-07-15T02:56:09Z,1391122026-07-14,13911,2026-07-14,CANCELED,,
2026-07-15T02:56:09Z,1391112026-07-14,13911,2026-07-14,CANCELED,,
2026-07-15T02:56:09Z,1501212026-07-14,15012,2026-07-14,CANCELED,,
2026-07-15T02:56:09Z,1810222026-07-14,18102,2026-07-14,CANCELED,,
2026-07-15T02:56:09Z,1810232026-07-14,18102,2026-07-14,CANCELED,,
2026-07-15T02:56:09Z,1810242026-07-14,18102,2026-07-14,CANCELED,,
2026-07-15T02:56:09Z,1504212026-07-14,15042,2026-07-14,CANCELED,,
2026-07-15T02:56:09Z,1810412026-07-14,18104,2026-07-14,CANCELED,,
2026-07-15T02:56:09Z,3810412026-07-14,38104,2026-07-14,CANCELED,,
2026-07-15T02:56:09Z,1611112026-07-14,16111,2026-07-14,CANCELED,,
2026-07-15T02:56:09Z,1602512026-07-14,16025,2026-07-14,CANCELED,,
2026-07-15T02:56:09Z,1611112026-07-14,16111,2026-07-14,CANCELED,,
2026-07-15T02:56:09Z,1719212026-07-14,17192,2026-07-14,CANCELED,,
2026-07-15T02:56:09Z,0029122026-07-15,00291,2026-07-15,CANCELED,,
2026-07-15T02:56:09Z,0029112026-07-15,00291,2026-07-15,CANCELED,,
2026-07-15T02:56:09Z,1562212026-07-14,15622,2026-07-14,CANCELED,,
2026-07-15T02:56:09Z,3709122026-07-14,37091,2026-07-14,CANCELED,,
2026-07-15T02:56:09Z,3709112026-07-14,37091,2026-07-14,CANCELED,,
2026-07-15T02:56:09Z,3739112026-07-14,37391,2026-07-14,CANCELED,,
2026-07-15T02:56:09Z,1810132026-07-14,18101,2026-07-14,CANCELED,,
2026-07-15T02:56:09Z,1810142026-07-14,18101,2026-07-14,CANCELED,,
2026-07-15T02:56:09Z,1810152026-07-14,18101,2026-07-14,CANCELED,,
2026-07-15T02:56:09Z,1307912026-07-15,13079,2026-07-15,CANCELED,,
2026-07-15T02:56:09Z,1703012026-07-14,17030,2026-07-14,CANCELED,,
2026-07-15T02:56:09Z,7187412026-07-14,71874,2026-07-14,CANCELED,,
2026-07-15T02:56:09Z,3507922026-07-15,35079,2026-07-15,CANCELED,,
2026-07-15T02:56:09Z,3507912026-07-15,35079,2026-07-15,CANCELED,,
2026-07-15T02:56:09Z,1301312026-07-14,13013,2026-07-14,CANCELED,,
2026-07-15T02:56:09Z,1800612026-07-14,18006,2026-07-14,CANCELED,,
2026-07-15T02:56:09Z,3800612026-07-14,38006,2026-07-14,CANCELED,,
2026-07-15T02:56:09Z,1813212026-07-14,18132,2026-07-14,CANCELED,,
2026-07-15T03:01:50Z,1719312026-07-14,17193,2026-07-14,CANCELED,,
2026-07-15T03:01:50Z,1305212026-07-14,13052,2026-07-14,CANCELED,,
2026-07-15T03:01:50Z,1391122026-07-14,13911,2026-07-14,CANCELED,,
2026-07-15T03:01:50Z,1391112026-07-14,13911,2026-07-14,CANCELED,,
2026-07-15T03:01:50Z,1810222026-07-14,18102,2026-07-14,CANCELED,,
2026-07-15T03:01:50Z,1810232026-07-14,18102,2026-07-14,CANCELED,,
2026-07-15T03:01:50Z,1810242026-07-14,18102,2026-07-14,CANCELED,,
2026-07-15T03:01:50Z,1501212026-07-14,15012,2026-07-14,CANCELED,,
2026-07-15T03:01:50Z,1810412026-07-14,18104,2026-07-14,CANCELED,,
2026-07-15T03:01:50Z,1504212026-07-14,15042,2026-07-14,CANCELED,,
2026-07-15T03:01:50Z,3810412026-07-14,38104,2026-07-14,CANCELED,,
2026-07-15T03:01:50Z,1611112026-07-14,16111,2026-07-14,CANCELED,,
2026-07-15T03:01:50Z,1611112026-07-14,16111,2026-07-14,CANCELED,,
2026-07-15T03:01:50Z,1602512026-07-14,16025,2026-07-14,CANCELED,,
2026-07-15T03:01:50Z,1719212026-07-14,17192,2026-07-14,CANCELED,,
2026-07-15T03:01:50Z,1562212026-07-14,15622,2026-07-14,CANCELED,,
2026-07-15T03:01:50Z,0029122026-07-15,00291,2026-07-15,CANCELED,,
2026-07-15T03:01:50Z,0029112026-07-15,00291,2026-07-15,CANCELED,,
2026-07-15T03:01:50Z,3709122026-07-14,37091,2026-07-14,CANCELED,,
2026-07-15T03:01:50Z,3709112026-07-14,37091,2026-07-14,CANCELED,,
2026-07-15T03:01:50Z,1810132026-07-14,18101,2026-07-14,CANCELED,,
2026-07-15T03:01:50Z,1810142026-07-14,18101,2026-07-14,CANCELED,,
2026-07-15T03:01:50Z,1810152026-07-14,18101,2026-07-14,CANCELED,,
2026-07-15T03:01:50Z,3739112026-07-14,37391,2026-07-14,CANCELED,,
2026-07-15T03:01:50Z,1703012026-07-14,17030,2026-07-14,CANCELED,,
2026-07-15T03:01:50Z,1307912026-07-15,13079,2026-07-15,CANCELED,,
2026-07-15T03:01:50Z,7187412026-07-14,71874,2026-07-14,CANCELED,,
2026-07-15T03:01:50Z,3507922026-07-15,35079,2026-07-15,CANCELED,,
2026-07-15T03:01:50Z,3507912026-07-15,35079,2026-07-15,CANCELED,,
2026-07-15T03:01:50Z,1800612026-07-14,18006,2026-07-14,CANCELED,,
2026-07-15T03:01:50Z,1301312026-07-14,13013,2026-07-14,CANCELED,,
2026-07-15T03:01:50Z,3800612026-07-14,38006,2026-07-14,CANCELED,,
2026-07-15T03:01:50Z,1813212026-07-14,18132,2026-07-14,CANCELED,,
2026-07-15T03:06:08Z,1305212026-07-14,13052,2026-07-14,CANCELED,,
2026-07-15T03:06:08Z,1719312026-07-14,17193,2026-07-14,CANCELED,,
2026-07-15T03:06:08Z,1391122026-07-14,13911,2026-07-14,CANCELED,,
2026-07-15T03:06:08Z,1391112026-07-14,13911,2026-07-14,CANCELED,,
2026-07-15T03:06:08Z,1501212026-07-14,15012,2026-07-14,CANCELED,,
2026-07-15T03:06:08Z,1810222026-07-14,18102,2026-07-14,CANCELED,,
2026-07-15T03:06:08Z,1810232026-07-14,18102,2026-07-14,CANCELED,,
2026-07-15T03:06:08Z,1810242026-07-14,18102,2026-07-14,CANCELED,,
2026-07-15T03:06:08Z,1504212026-07-14,15042,2026-07-14,CANCELED,,
2026-07-15T03:06:08Z,1810412026-07-14,18104,2026-07-14,CANCELED,,
2026-07-15T03:06:08Z,3810412026-07-14,38104,2026-07-14,CANCELED,,
2026-07-15T03:06:08Z,1611112026-07-14,16111,2026-07-14,CANCELED,,
2026-07-15T03:06:08Z,1602512026-07-14,16025,2026-07-14,CANCELED,,
2026-07-15T03:06:08Z,1611112026-07-14,16111,2026-07-14,CANCELED,,
2026-07-15T03:06:08Z,1719212026-07-14,17192,2026-07-14,CANCELED,,
2026-07-15T03:06:08Z,0029122026-07-15,00291,2026-07-15,CANCELED,,
2026-07-15T03:06:08Z,0029112026-07-15,00291,2026-07-15,CANCELED,,
2026-07-15T03:06:08Z,1562212026-07-14,15622,2026-07-14,CANCELED,,
2026-07-15T03:06:08Z,3709122026-07-14,37091,2026-07-14,CANCELED,,
2026-07-15T03:06:08Z,3709112026-07-14,37091,2026-07-14,CANCELED,,
2026-07-15T03:06:08Z,1810132026-07-14,18101,2026-07-14,CANCELED,,
2026-07-15T03:06:08Z,1810142026-07-14,18101,2026-07-14,CANCELED,,
2026-07-15T03:06:08Z,1810152026-07-14,18101,2026-07-14,CANCELED,,
2026-07-15T03:06:08Z,3739112026-07-14,37391,2026-07-14,CANCELED,,
2026-07-15T03:06:08Z,1703012026-07-14,17030,2026-07-14,CANCELED,,
2026-07-15T03:06:08Z,1307912026-07-15,13079,2026-07-15,CANCELED,,
2026-07-15T03:06:08Z,7187412026-07-14,71874,2026-07-14,CANCELED,,
2026-07-15T03:06:08Z,3507922026-07-15,35079,2026-07-15,CANCELED,,
2026-07-15T03:06:08Z,3507912026-07-15,35079,2026-07-15,CANCELED,,
2026-07-15T03:06:08Z,1301312026-07-14,13013,2026-07-14,CANCELED,,
2026-07-15T03:06:08Z,1800612026-07-14,18006,2026-07-14,CANCELED,,
2026-07-15T03:06:08Z,3800612026-07-14,38006,2026-07-14,CANCELED,,
2026-07-15T03:06:08Z,1813212026-07-14,18132,2026-07-14,CANCELED,,
2026-07-15T03:11:41Z,1251212026-07-14,12512,2026-07-14,SCHEDULED,0,0.0
2026-07-15T03:11:41Z,1454112026-07-14,14541,2026-07-14,SCHEDULED,0,0.0
2026-07-15T03:11:41Z,1454122026-07-14,14541,2026-07-14,SCHEDULED,0,0.0
2026-07-15T03:11:41Z,1454132026-07-14,14541,2026-07-14,SCHEDULED,0,0.0
2026-07-15T03:11:41Z,1305212026-07-14,13052,2026-07-14,CANCELED,,
2026-07-15T03:11:41Z,1719312026-07-14,17193,2026-07-14,CANCELED,,
2026-07-15T03:11:41Z,1391122026-07-14,13911,2026-07-14,CANCELED,,
2026-07-15T03:11:41Z,1391112026-07-14,13911,2026-07-14,CANCELED,,
2026-07-15T03:11:41Z,1501212026-07-14,15012,2026-07-14,CANCELED,,
2026-07-15T03:11:41Z,1810222026-07-14,18102,2026-07-14,CANCELED,,
2026-07-15T03:11:41Z,1810232026-07-14,18102,2026-07-14,CANCELED,,
2026-07-15T03:11:41Z,1810242026-07-14,18102,2026-07-14,CANCELED,,
2026-07-15T03:11:41Z,1504212026-07-14,15042,2026-07-14,CANCELED,,
2026-07-15T03:11:41Z,1810412026-07-14,18104,2026-07-14,CANCELED,,
2026-07-15T03:11:41Z,3810412026-07-14,38104,2026-07-14,CANCELED,,
2026-07-15T03:11:41Z,1611112026-07-14,16111,2026-07-14,CANCELED,,
2026-07-15T03:11:41Z,1611112026-07-14,16111,2026-07-14,CANCELED,,
2026-07-15T03:11:41Z,1602512026-07-14,16025,2026-07-14,CANCELED,,
2026-07-15T03:11:41Z,1719212026-07-14,17192,2026-07-14,CANCELED,,
2026-07-15T03:11:41Z,0029122026-07-15,00291,2026-07-15,CANCELED,,
2026-07-15T03:11:41Z,0029112026-07-15,00291,2026-07-15,CANCELED,,
2026-07-15T03:11:41Z,1562212026-07-14,15622,2026-07-14,CANCELED,,
2026-07-15T03:11:41Z,3709122026-07-14,37091,2026-07-14,CANCELED,,
2026-07-15T03:11:41Z,3709112026-07-14,37091,2026-07-14,CANCELED,,
2026-07-15T03:11:41Z,3739112026-07-14,37391,2026-07-14,CANCELED,,
2026-07-15T03:11:41Z,1810132026-07-14,18101,2026-07-14,CANCELED,,
2026-07-15T03:11:41Z,1810142026-07-14,18101,2026-07-14,CANCELED,,
2026-07-15T03:11:41Z,1810152026-07-14,18101,2026-07-14,CANCELED,,
2026-07-15T03:11:41Z,1307912026-07-15,13079,2026-07-15,CANCELED,,
2026-07-15T03:11:41Z,1703012026-07-14,17030,2026-07-14,CANCELED,,
2026-07-15T03:11:41Z,3507922026-07-15,35079,2026-07-15,CANCELED,,
2026-07-15T03:11:41Z,3507912026-07-15,35079,2026-07-15,CANCELED,,
2026-07-15T03:11:41Z,7187412026-07-14,71874,2026-07-14,CANCELED,,
2026-07-15T03:11:41Z,1301312026-07-14,13013,2026-07-14,CANCELED,,
2026-07-15T03:11:41Z,1800612026-07-14,18006,2026-07-14,CANCELED,,
2026-07-15T03:11:41Z,3800612026-07-14,38006,2026-07-14,CANCELED,,
2026-07-15T03:11:41Z,1813212026-07-14,18132,2026-07-14,CANCELED,,
2026-07-15T03:16:15Z,1251212026-07-14,12512,2026-07-14,SCHEDULED,0,0.0
2026-07-15T03:16:15Z,1454112026-07-14,14541,2026-07-14,SCHEDULED,0,0.0
2026-07-15T03:16:15Z,1454122026-07-14,14541,2026-07-14,SCHEDULED,0,0.0
2026-07-15T03:16:15Z,1454132026-07-14,14541,2026-07-14,SCHEDULED,0,0.0
2026-07-15T03:16:15Z,1611112026-07-14,16111,2026-07-14,CANCELED,,
2026-07-15T03:16:15Z,1305212026-07-14,13052,2026-07-14,CANCELED,,
2026-07-15T03:16:15Z,1719212026-07-14,17192,2026-07-14,CANCELED,,
2026-07-15T03:16:15Z,1391122026-07-14,13911,2026-07-14,CANCELED,,
2026-07-15T03:16:15Z,1391112026-07-14,13911,2026-07-14,CANCELED,,
2026-07-15T03:16:15Z,1719312026-07-14,17193,2026-07-14,CANCELED,,
2026-07-15T03:16:15Z,1611112026-07-14,16111,2026-07-14,CANCELED,,
2026-07-15T03:16:15Z,1602512026-07-14,16025,2026-07-14,CANCELED,,
2026-07-15T03:16:15Z,1810222026-07-14,18102,2026-07-14,CANCELED,,
2026-07-15T03:16:15Z,1810232026-07-14,18102,2026-07-14,CANCELED,,
2026-07-15T03:16:15Z,1810242026-07-14,18102,2026-07-14,CANCELED,,
2026-07-15T03:16:15Z,1810412026-07-14,18104,2026-07-14,CANCELED,,
2026-07-15T03:16:15Z,3810412026-07-14,38104,2026-07-14,CANCELED,,
2026-07-15T03:16:15Z,0029122026-07-15,00291,2026-07-15,CANCELED,,
2026-07-15T03:16:15Z,0029112026-07-15,00291,2026-07-15,CANCELED,,
2026-07-15T03:16:15Z,1800612026-07-14,18006,2026-07-14,CANCELED,,
2026-07-15T03:16:15Z,3709122026-07-14,37091,2026-07-14,CANCELED,,
2026-07-15T03:16:15Z,3709112026-07-14,37091,2026-07-14,CANCELED,,
2026-07-15T03:16:15Z,3800612026-07-14,38006,2026-07-14,CANCELED,,
2026-07-15T03:16:15Z,3739112026-07-14,37391,2026-07-14,CANCELED,,
2026-07-15T03:16:15Z,1562212026-07-14,15622,2026-07-14,CANCELED,,
2026-07-15T03:16:15Z,1307912026-07-15,13079,2026-07-15,CANCELED,,
2026-07-15T03:16:15Z,1810132026-07-14,18101,2026-07-14,CANCELED,,
2026-07-15T03:16:15Z,1810142026-07-14,18101,2026-07-14,CANCELED,,
2026-07-15T03:16:15Z,1810152026-07-14,18101,2026-07-14,CANCELED,,
2026-07-15T03:16:15Z,3507922026-07-15,35079,2026-07-15,CANCELED,,
2026-07-15T03:16:15Z,3507912026-07-15,35079,2026-07-15,CANCELED,,
2026-07-15T03:16:15Z,1703012026-07-14,17030,2026-07-14,CANCELED,,
2026-07-15T03:16:15Z,1301312026-07-14,13013,2026-07-14,CANCELED,,
2026-07-15T03:16:15Z,7187412026-07-14,71874,2026-07-14,CANCELED,,
2026-07-15T03:21:37Z,0415422026-07-15,04154,2026-07-15,SCHEDULED,-60,-1.0
2026-07-15T03:21:37Z,0415412026-07-15,04154,2026-07-15,SCHEDULED,-60,-1.0
2026-07-15T03:21:37Z,1454112026-07-14,14541,2026-07-14,SCHEDULED,-60,-1.0
2026-07-15T03:21:37Z,1454122026-07-14,14541,2026-07-14,SCHEDULED,-60,-1.0
2026-07-15T03:21:37Z,1454132026-07-14,14541,2026-07-14,SCHEDULED,-60,-1.0
2026-07-15T03:21:37Z,1251212026-07-14,12512,2026-07-14,SCHEDULED,120,2.0
2026-07-15T03:21:37Z,1301312026-07-14,13013,2026-07-14,CANCELED,,
2026-07-15T03:21:37Z,1719312026-07-14,17193,2026-07-14,CANCELED,,
2026-07-15T03:21:37Z,1305212026-07-14,13052,2026-07-14,CANCELED,,
2026-07-15T03:21:37Z,1810222026-07-14,18102,2026-07-14,CANCELED,,
2026-07-15T03:21:37Z,1810232026-07-14,18102,2026-07-14,CANCELED,,
2026-07-15T03:21:37Z,1810242026-07-14,18102,2026-07-14,CANCELED,,
2026-07-15T03:21:37Z,1391122026-07-14,13911,2026-07-14,CANCELED,,
2026-07-15T03:21:37Z,1391112026-07-14,13911,2026-07-14,CANCELED,,
2026-07-15T03:21:37Z,1810412026-07-14,18104,2026-07-14,CANCELED,,
2026-07-15T03:21:37Z,1611112026-07-14,16111,2026-07-14,CANCELED,,
2026-07-15T03:21:37Z,1611112026-07-14,16111,2026-07-14,CANCELED,,
2026-07-15T03:21:37Z,1719212026-07-14,17192,2026-07-14,CANCELED,,
2026-07-15T03:21:37Z,1602512026-07-14,16025,2026-07-14,CANCELED,,
2026-07-15T03:21:37Z,0029122026-07-15,00291,2026-07-15,CANCELED,,
2026-07-15T03:21:37Z,0029112026-07-15,00291,2026-07-15,CANCELED,,
2026-07-15T03:21:37Z,1810132026-07-14,18101,2026-07-14,CANCELED,,
2026-07-15T03:21:37Z,1810142026-07-14,18101,2026-07-14,CANCELED,,
2026-07-15T03:21:37Z,1810152026-07-14,18101,2026-07-14,CANCELED,,
2026-07-15T03:21:37Z,1703012026-07-14,17030,2026-07-14,CANCELED,,
2026-07-15T03:21:37Z,3709122026-07-14,37091,2026-07-14,CANCELED,,
2026-07-15T03:21:37Z,3709112026-07-14,37091,2026-07-14,CANCELED,,
2026-07-15T03:21:37Z,3739112026-07-14,37391,2026-07-14,CANCELED,,
2026-07-15T03:21:37Z,7187412026-07-14,71874,2026-07-14,CANCELED,,
2026-07-15T03:21:37Z,1307912026-07-15,13079,2026-07-15,CANCELED,,
2026-07-15T03:21:37Z,3810412026-07-14,38104,2026-07-14,CANCELED,,
2026-07-15T03:21:37Z,3507922026-07-15,35079,2026-07-15,CANCELED,,
2026-07-15T03:21:37Z,3507912026-07-15,35079,2026-07-15,CANCELED,,
2026-07-15T03:21:37Z,1800612026-07-14,18006,2026-07-14,CANCELED,,
2026-07-15T03:21:37Z,3800612026-07-14,38006,2026-07-14,CANCELED,,
2026-07-15T03:26:10Z,1804722026-07-14,18047,2026-07-14,SCHEDULED,0,0.0
2026-07-15T03:26:10Z,1454112026-07-14,14541,2026-07-14,SCHEDULED,-60,-1.0
2026-07-15T03:26:10Z,1454122026-07-14,14541,2026-07-14,SCHEDULED,-60,-1.0
2026-07-15T03:26:10Z,1454132026-07-14,14541,2026-07-14,SCHEDULED,-60,-1.0
2026-07-15T03:26:10Z,0415422026-07-15,04154,2026-07-15,SCHEDULED,-120,-2.0
2026-07-15T03:26:10Z,0415412026-07-15,04154,2026-07-15,SCHEDULED,-120,-2.0
2026-07-15T03:26:10Z,1251212026-07-14,12512,2026-07-14,SCHEDULED,180,3.0
2026-07-15T03:26:10Z,1562012026-07-14,15620,2026-07-14,SCHEDULED,420,7.0
2026-07-15T03:26:10Z,1301312026-07-14,13013,2026-07-14,CANCELED,,
2026-07-15T03:26:10Z,1719312026-07-14,17193,2026-07-14,CANCELED,,
2026-07-15T03:26:10Z,1305212026-07-14,13052,2026-07-14,CANCELED,,
2026-07-15T03:26:10Z,1391122026-07-14,13911,2026-07-14,CANCELED,,
2026-07-15T03:26:10Z,1391112026-07-14,13911,2026-07-14,CANCELED,,
2026-07-15T03:26:10Z,1810222026-07-14,18102,2026-07-14,CANCELED,,
2026-07-15T03:26:10Z,1810232026-07-14,18102,2026-07-14,CANCELED,,
2026-07-15T03:26:10Z,1810242026-07-14,18102,2026-07-14,CANCELED,,
2026-07-15T03:26:10Z,1810412026-07-14,18104,2026-07-14,CANCELED,,
2026-07-15T03:26:10Z,1611112026-07-14,16111,2026-07-14,CANCELED,,
2026-07-15T03:26:10Z,1602512026-07-14,16025,2026-07-14,CANCELED,,
2026-07-15T03:26:10Z,1611112026-07-14,16111,2026-07-14,CANCELED,,
2026-07-15T03:26:10Z,1719212026-07-14,17192,2026-07-14,CANCELED,,
2026-07-15T03:26:10Z,0029122026-07-15,00291,2026-07-15,CANCELED,,
2026-07-15T03:26:10Z,0029112026-07-15,00291,2026-07-15,CANCELED,,
2026-07-15T03:26:10Z,3709122026-07-14,37091,2026-07-14,CANCELED,,
2026-07-15T03:26:10Z,3709112026-07-14,37091,2026-07-14,CANCELED,,
2026-07-15T03:26:10Z,1810132026-07-14,18101,2026-07-14,CANCELED,,
2026-07-15T03:26:10Z,1810142026-07-14,18101,2026-07-14,CANCELED,,
2026-07-15T03:26:10Z,1810152026-07-14,18101,2026-07-14,CANCELED,,
2026-07-15T03:26:10Z,1703012026-07-14,17030,2026-07-14,CANCELED,,
2026-07-15T03:26:10Z,3739112026-07-14,37391,2026-07-14,CANCELED,,
2026-07-15T03:26:10Z,1307912026-07-15,13079,2026-07-15,CANCELED,,
2026-07-15T03:26:10Z,7187412026-07-14,71874,2026-07-14,CANCELED,,
2026-07-15T03:26:10Z,3810412026-07-14,38104,2026-07-14,CANCELED,,
2026-07-15T03:26:10Z,3507922026-07-15,35079,2026-07-15,CANCELED,,
2026-07-15T03:26:10Z,3507912026-07-15,35079,2026-07-15,CANCELED,,
2026-07-15T03:26:10Z,1800612026-07-14,18006,2026-07-14,CANCELED,,
2026-07-15T03:26:10Z,3800612026-07-14,38006,2026-07-14,CANCELED,,
2026-07-15T03:31:41Z,1804722026-07-14,18047,2026-07-14,SCHEDULED,-60,-1.0
2026-07-15T03:31:41Z,1454112026-07-14,14541,2026-07-14,SCHEDULED,-120,-2.0
2026-07-15T03:31:41Z,1454122026-07-14,14541,2026-07-14,SCHEDULED,-120,-2.0
2026-07-15T03:31:41Z,1454132026-07-14,14541,2026-07-14,SCHEDULED,-120,-2.0
2026-07-15T03:31:41Z,1251212026-07-14,12512,2026-07-14,SCHEDULED,180,3.0
2026-07-15T03:31:41Z,0415422026-07-15,04154,2026-07-15,SCHEDULED,-120,-2.0
2026-07-15T03:31:41Z,0415412026-07-15,04154,2026-07-15,SCHEDULED,-120,-2.0
2026-07-15T03:31:41Z,1562012026-07-14,15620,2026-07-14,SCHEDULED,480,8.0
2026-07-15T03:31:41Z,1301312026-07-14,13013,2026-07-14,CANCELED,,
2026-07-15T03:31:41Z,1719312026-07-14,17193,2026-07-14,CANCELED,,
2026-07-15T03:31:41Z,1305212026-07-14,13052,2026-07-14,CANCELED,,
2026-07-15T03:31:41Z,1391122026-07-14,13911,2026-07-14,CANCELED,,
2026-07-15T03:31:41Z,1391112026-07-14,13911,2026-07-14,CANCELED,,
2026-07-15T03:31:41Z,1810222026-07-14,18102,2026-07-14,CANCELED,,
2026-07-15T03:31:41Z,1810232026-07-14,18102,2026-07-14,CANCELED,,
2026-07-15T03:31:41Z,1810242026-07-14,18102,2026-07-14,CANCELED,,
2026-07-15T03:31:41Z,1810412026-07-14,18104,2026-07-14,CANCELED,,
2026-07-15T03:31:41Z,1611112026-07-14,16111,2026-07-14,CANCELED,,
2026-07-15T03:31:41Z,1611112026-07-14,16111,2026-07-14,CANCELED,,
2026-07-15T03:31:41Z,1602512026-07-14,16025,2026-07-14,CANCELED,,
2026-07-15T03:31:41Z,1719212026-07-14,17192,2026-07-14,CANCELED,,
2026-07-15T03:31:41Z,0029122026-07-15,00291,2026-07-15,CANCELED,,
2026-07-15T03:31:41Z,0029112026-07-15,00291,2026-07-15,CANCELED,,
2026-07-15T03:31:41Z,3709122026-07-14,37091,2026-07-14,CANCELED,,
2026-07-15T03:31:41Z,3709112026-07-14,37091,2026-07-14,CANCELED,,
2026-07-15T03:31:41Z,1810132026-07-14,18101,2026-07-14,CANCELED,,
2026-07-15T03:31:41Z,1810142026-07-14,18101,2026-07-14,CANCELED,,
2026-07-15T03:31:41Z,1810152026-07-14,18101,2026-07-14,CANCELED,,
2026-07-15T03:31:41Z,1703012026-07-14,17030,2026-07-14,CANCELED,,
2026-07-15T03:31:41Z,3739112026-07-14,37391,2026-07-14,CANCELED,,
2026-07-15T03:31:41Z,1307912026-07-15,13079,2026-07-15,CANCELED,,
2026-07-15T03:31:41Z,7187412026-07-14,71874,2026-07-14,CANCELED,,
2026-07-15T03:31:41Z,3810412026-07-14,38104,2026-07-14,CANCELED,,
2026-07-15T03:31:41Z,3507922026-07-15,35079,2026-07-15,CANCELED,,
2026-07-15T03:31:41Z,3507912026-07-15,35079,2026-07-15,CANCELED,,
2026-07-15T03:31:41Z,1800612026-07-14,18006,2026-07-14,CANCELED,,
2026-07-15T03:31:41Z,3800612026-07-14,38006,2026-07-14,CANCELED,,
2026-07-15T03:36:08Z,0807212026-07-14,08072,2026-07-14,SCHEDULED,180,3.0
2026-07-15T03:36:08Z,1804722026-07-14,18047,2026-07-14,SCHEDULED,0,0.0
2026-07-15T03:36:08Z,0405612026-07-15,04056,2026-07-15,SCHEDULED,0,0.0
2026-07-15T03:36:08Z,1530912026-07-14,15309,2026-07-14,SCHEDULED,0,0.0
2026-07-15T03:36:08Z,1562012026-07-14,15620,2026-07-14,SCHEDULED,480,8.0
2026-07-15T03:36:08Z,1251212026-07-14,12512,2026-07-14,SCHEDULED,60,1.0
2026-07-15T03:36:08Z,0306242026-07-14,03062,2026-07-14,SCHEDULED,60,1.0
2026-07-15T03:36:08Z,0306232026-07-14,03062,2026-07-14,SCHEDULED,60,1.0
2026-07-15T03:36:08Z,0306212026-07-14,03062,2026-07-14,SCHEDULED,60,1.0
2026-07-15T03:36:08Z,0306222026-07-14,03062,2026-07-14,SCHEDULED,60,1.0
2026-07-15T03:36:08Z,0415422026-07-15,04154,2026-07-15,SCHEDULED,-120,-2.0
2026-07-15T03:36:08Z,0415412026-07-15,04154,2026-07-15,SCHEDULED,-120,-2.0
2026-07-15T03:36:08Z,1454112026-07-14,14541,2026-07-14,SCHEDULED,0,0.0
2026-07-15T03:36:08Z,1454132026-07-14,14541,2026-07-14,SCHEDULED,0,0.0
2026-07-15T03:36:08Z,1301312026-07-14,13013,2026-07-14,CANCELED,,
2026-07-15T03:36:08Z,1719312026-07-14,17193,2026-07-14,CANCELED,,
2026-07-15T03:36:08Z,1305212026-07-14,13052,2026-07-14,CANCELED,,
2026-07-15T03:36:08Z,1391122026-07-14,13911,2026-07-14,CANCELED,,
2026-07-15T03:36:08Z,1391112026-07-14,13911,2026-07-14,CANCELED,,
2026-07-15T03:36:08Z,1810222026-07-14,18102,2026-07-14,CANCELED,,
2026-07-15T03:36:08Z,1810232026-07-14,18102,2026-07-14,CANCELED,,
2026-07-15T03:36:08Z,1810242026-07-14,18102,2026-07-14,CANCELED,,
2026-07-15T03:36:08Z,1810412026-07-14,18104,2026-07-14,CANCELED,,
2026-07-15T03:36:08Z,1611112026-07-14,16111,2026-07-14,CANCELED,,
2026-07-15T03:36:08Z,1602512026-07-14,16025,2026-07-14,CANCELED,,
2026-07-15T03:36:08Z,1611112026-07-14,16111,2026-07-14,CANCELED,,
2026-07-15T03:36:08Z,1719212026-07-14,17192,2026-07-14,CANCELED,,
2026-07-15T03:36:08Z,0029122026-07-15,00291,2026-07-15,CANCELED,,
2026-07-15T03:36:08Z,0029112026-07-15,00291,2026-07-15,CANCELED,,
2026-07-15T03:36:08Z,3709122026-07-14,37091,2026-07-14,CANCELED,,
2026-07-15T03:36:08Z,3709112026-07-14,37091,2026-07-14,CANCELED,,
2026-07-15T03:36:08Z,1810132026-07-14,18101,2026-07-14,CANCELED,,
2026-07-15T03:36:08Z,1810142026-07-14,18101,2026-07-14,CANCELED,,
2026-07-15T03:36:08Z,1810152026-07-14,18101,2026-07-14,CANCELED,,
2026-07-15T03:36:08Z,3739112026-07-14,37391,2026-07-14,CANCELED,,
2026-07-15T03:36:08Z,1307912026-07-15,13079,2026-07-15,CANCELED,,
2026-07-15T03:36:08Z,1703012026-07-14,17030,2026-07-14,CANCELED,,
2026-07-15T03:36:08Z,3507922026-07-15,35079,2026-07-15,CANCELED,,
2026-07-15T03:36:08Z,3507912026-07-15,35079,2026-07-15,CANCELED,,
2026-07-15T03:36:08Z,7187412026-07-14,71874,2026-07-14,CANCELED,,
2026-07-15T03:36:08Z,3810412026-07-14,38104,2026-07-14,CANCELED,,
2026-07-15T03:36:08Z,1800612026-07-14,18006,2026-07-14,CANCELED,,
2026-07-15T03:36:08Z,3800612026-07-14,38006,2026-07-14,CANCELED,,
2026-07-15T03:41:37Z,0807212026-07-14,08072,2026-07-14,SCHEDULED,120,2.0
2026-07-15T03:41:37Z,1504012026-07-14,15040,2026-07-14,SCHEDULED,0,0.0
2026-07-15T03:41:37Z,0405612026-07-15,04056,2026-07-15,SCHEDULED,180,3.0
2026-07-15T03:41:37Z,1770712026-07-14,17707,2026-07-14,SCHEDULED,0,0.0
2026-07-15T03:41:37Z,1241112026-07-14,12411,2026-07-14,SCHEDULED,60,1.0
2026-07-15T03:41:37Z,1804722026-07-14,18047,2026-07-14,SCHEDULED,-60,-1.0
2026-07-15T03:41:37Z,1268912026-07-14,12689,2026-07-14,SCHEDULED,0,0.0
2026-07-15T03:41:37Z,1562012026-07-14,15620,2026-07-14,SCHEDULED,480,8.0
2026-07-15T03:41:37Z,0206312026-07-14,02063,2026-07-14,SCHEDULED,-120,-2.0
2026-07-15T03:41:37Z,1251212026-07-14,12512,2026-07-14,SCHEDULED,0,0.0
2026-07-15T03:41:37Z,1530912026-07-14,15309,2026-07-14,SCHEDULED,0,0.0
2026-07-15T03:41:37Z,0306242026-07-14,03062,2026-07-14,SCHEDULED,60,1.0
2026-07-15T03:41:37Z,0306232026-07-14,03062,2026-07-14,SCHEDULED,60,1.0
2026-07-15T03:41:37Z,0306212026-07-14,03062,2026-07-14,SCHEDULED,60,1.0
2026-07-15T03:41:37Z,0306222026-07-14,03062,2026-07-14,SCHEDULED,60,1.0
2026-07-15T03:41:37Z,1454112026-07-14,14541,2026-07-14,SCHEDULED,0,0.0
2026-07-15T03:41:37Z,1454122026-07-14,14541,2026-07-14,SCHEDULED,0,0.0
2026-07-15T03:41:37Z,1454132026-07-14,14541,2026-07-14,SCHEDULED,0,0.0
2026-07-15T03:41:37Z,0415422026-07-15,04154,2026-07-15,SCHEDULED,-120,-2.0
2026-07-15T03:41:37Z,0415412026-07-15,04154,2026-07-15,SCHEDULED,-120,-2.0
2026-07-15T03:41:37Z,1301312026-07-14,13013,2026-07-14,CANCELED,,
2026-07-15T03:41:37Z,1611112026-07-14,16111,2026-07-14,CANCELED,,
2026-07-15T03:41:37Z,1305112026-07-14,13051,2026-07-14,CANCELED,,
2026-07-15T03:41:37Z,1719212026-07-14,17192,2026-07-14,CANCELED,,
2026-07-15T03:41:37Z,1305212026-07-14,13052,2026-07-14,CANCELED,,
2026-07-15T03:41:37Z,1719312026-07-14,17193,2026-07-14,CANCELED,,
2026-07-15T03:41:37Z,1390412026-07-14,13904,2026-07-14,CANCELED,,
2026-07-15T03:41:37Z,1390422026-07-14,13904,2026-07-14,CANCELED,,
2026-07-15T03:41:37Z,1390432026-07-14,13904,2026-07-14,CANCELED,,
2026-07-15T03:41:37Z,1810222026-07-14,18102,2026-07-14,CANCELED,,
2026-07-15T03:41:37Z,1810232026-07-14,18102,2026-07-14,CANCELED,,
2026-07-15T03:41:37Z,1810242026-07-14,18102,2026-07-14,CANCELED,,
2026-07-15T03:41:37Z,3890412026-07-14,38904,2026-07-14,CANCELED,,
2026-07-15T03:41:37Z,1611112026-07-14,16111,2026-07-14,CANCELED,,
2026-07-15T03:41:37Z,1602512026-07-14,16025,2026-07-14,CANCELED,,
2026-07-15T03:41:37Z,1391122026-07-14,13911,2026-07-14,CANCELED,,
2026-07-15T03:41:37Z,1391112026-07-14,13911,2026-07-14,CANCELED,,
2026-07-15T03:41:37Z,3800612026-07-14,38006,2026-07-14,CANCELED,,
2026-07-15T03:41:37Z,0029122026-07-15,00291,2026-07-15,CANCELED,,
2026-07-15T03:41:37Z,0029112026-07-15,00291,2026-07-15,CANCELED,,
2026-07-15T03:41:37Z,1810132026-07-14,18101,2026-07-14,CANCELED,,
2026-07-15T03:41:37Z,1810142026-07-14,18101,2026-07-14,CANCELED,,
2026-07-15T03:41:37Z,1810152026-07-14,18101,2026-07-14,CANCELED,,
2026-07-15T03:41:37Z,3709122026-07-14,37091,2026-07-14,CANCELED,,
2026-07-15T03:41:37Z,3709112026-07-14,37091,2026-07-14,CANCELED,,
2026-07-15T03:41:37Z,1703012026-07-14,17030,2026-07-14,CANCELED,,
2026-07-15T03:41:37Z,3739112026-07-14,37391,2026-07-14,CANCELED,,
2026-07-15T03:41:37Z,1300112026-07-15,13001,2026-07-15,CANCELED,,
2026-07-15T03:41:37Z,7187412026-07-14,71874,2026-07-14,CANCELED,,
2026-07-15T03:41:37Z,1307912026-07-15,13079,2026-07-15,CANCELED,,
2026-07-15T03:41:37Z,1810412026-07-14,18104,2026-07-14,CANCELED,,
2026-07-15T03:41:37Z,3810412026-07-14,38104,2026-07-14,CANCELED,,
2026-07-15T03:41:37Z,3507922026-07-15,35079,2026-07-15,CANCELED,,
2026-07-15T03:41:37Z,3507912026-07-15,35079,2026-07-15,CANCELED,,
2026-07-15T03:41:37Z,1800612026-07-14,18006,2026-07-14,CANCELED,,
2026-07-15T03:46:16Z,0405612026-07-15,04056,2026-07-15,SCHEDULED,240,4.0
2026-07-15T03:46:16Z,1770712026-07-14,17707,2026-07-14,SCHEDULED,-60,-1.0
2026-07-15T03:46:16Z,1800112026-07-14,18001,2026-07-14,SCHEDULED,0,0.0
2026-07-15T03:46:16Z,1241112026-07-14,12411,2026-07-14,SCHEDULED,60,1.0
2026-07-15T03:46:16Z,1268912026-07-14,12689,2026-07-14,SCHEDULED,0,0.0
2026-07-15T03:46:16Z,1804722026-07-14,18047,2026-07-14,SCHEDULED,60,1.0
2026-07-15T03:46:16Z,1500012026-07-14,15000,2026-07-14,SCHEDULED,0,0.0
2026-07-15T03:46:16Z,1504012026-07-14,15040,2026-07-14,SCHEDULED,0,0.0
2026-07-15T03:46:16Z,0206312026-07-14,02063,2026-07-14,SCHEDULED,60,1.0
2026-07-15T03:46:16Z,1454112026-07-14,14541,2026-07-14,SCHEDULED,0,0.0
2026-07-15T03:46:16Z,1454122026-07-14,14541,2026-07-14,SCHEDULED,0,0.0
2026-07-15T03:46:16Z,1454132026-07-14,14541,2026-07-14,SCHEDULED,0,0.0
2026-07-15T03:46:16Z,1562012026-07-14,15620,2026-07-14,SCHEDULED,480,8.0
2026-07-15T03:46:16Z,1251212026-07-14,12512,2026-07-14,SCHEDULED,0,0.0
2026-07-15T03:46:16Z,1812012026-07-14,18120,2026-07-14,SCHEDULED,0,0.0
2026-07-15T03:46:16Z,1530912026-07-14,15309,2026-07-14,SCHEDULED,-180,-3.0
2026-07-15T03:46:16Z,0306242026-07-14,03062,2026-07-14,SCHEDULED,60,1.0
2026-07-15T03:46:16Z,0306232026-07-14,03062,2026-07-14,SCHEDULED,60,1.0
2026-07-15T03:46:16Z,0306212026-07-14,03062,2026-07-14,SCHEDULED,60,1.0
2026-07-15T03:46:16Z,0306222026-07-14,03062,2026-07-14,SCHEDULED,60,1.0
2026-07-15T03:46:16Z,0415422026-07-15,04154,2026-07-15,SCHEDULED,-60,-1.0
2026-07-15T03:46:16Z,0415412026-07-15,04154,2026-07-15,SCHEDULED,-60,-1.0
2026-07-15T03:46:16Z,0807212026-07-14,08072,2026-07-14,SCHEDULED,60,1.0
2026-07-15T03:46:16Z,1305112026-07-14,13051,2026-07-14,CANCELED,,
2026-07-15T03:46:16Z,1611112026-07-14,16111,2026-07-14,CANCELED,,
2026-07-15T03:46:16Z,1305212026-07-14,13052,2026-07-14,CANCELED,,
2026-07-15T03:46:16Z,1602512026-07-14,16025,2026-07-14,CANCELED,,
2026-07-15T03:46:16Z,1611112026-07-14,16111,2026-07-14,CANCELED,,
2026-07-15T03:46:16Z,1390412026-07-14,13904,2026-07-14,CANCELED,,
2026-07-15T03:46:16Z,1390422026-07-14,13904,2026-07-14,CANCELED,,
2026-07-15T03:46:16Z,1390432026-07-14,13904,2026-07-14,CANCELED,,
2026-07-15T03:46:16Z,1719212026-07-14,17192,2026-07-14,CANCELED,,
2026-07-15T03:46:16Z,3890412026-07-14,38904,2026-07-14,CANCELED,,
2026-07-15T03:46:16Z,1719312026-07-14,17193,2026-07-14,CANCELED,,
2026-07-15T03:46:16Z,3800612026-07-14,38006,2026-07-14,CANCELED,,
2026-07-15T03:46:16Z,1390512026-07-14,13905,2026-07-14,CANCELED,,
2026-07-15T03:46:16Z,1390522026-07-14,13905,2026-07-14,CANCELED,,
2026-07-15T03:46:16Z,1390532026-07-14,13905,2026-07-14,CANCELED,,
2026-07-15T03:46:16Z,3890512026-07-14,38905,2026-07-14,CANCELED,,
2026-07-15T03:46:16Z,1810132026-07-14,18101,2026-07-14,CANCELED,,
2026-07-15T03:46:16Z,1810142026-07-14,18101,2026-07-14,CANCELED,,
2026-07-15T03:46:16Z,1810152026-07-14,18101,2026-07-14,CANCELED,,
2026-07-15T03:46:16Z,1391122026-07-14,13911,2026-07-14,CANCELED,,
2026-07-15T03:46:16Z,1391112026-07-14,13911,2026-07-14,CANCELED,,
2026-07-15T03:46:16Z,1703012026-07-14,17030,2026-07-14,CANCELED,,
2026-07-15T03:46:16Z,7187412026-07-14,71874,2026-07-14,CANCELED,,
2026-07-15T03:46:16Z,0029122026-07-15,00291,2026-07-15,CANCELED,,
2026-07-15T03:46:16Z,0029112026-07-15,00291,2026-07-15,CANCELED,,
2026-07-15T03:46:16Z,3709122026-07-14,37091,2026-07-14,CANCELED,,
2026-07-15T03:46:16Z,3709112026-07-14,37091,2026-07-14,CANCELED,,
2026-07-15T03:46:16Z,1810222026-07-14,18102,2026-07-14,CANCELED,,
2026-07-15T03:46:16Z,1810232026-07-14,18102,2026-07-14,CANCELED,,
2026-07-15T03:46:16Z,1810242026-07-14,18102,2026-07-14,CANCELED,,
2026-07-15T03:46:16Z,3739112026-07-14,37391,2026-07-14,CANCELED,,
2026-07-15T03:46:16Z,1810412026-07-14,18104,2026-07-14,CANCELED,,
2026-07-15T03:46:16Z,1300112026-07-15,13001,2026-07-15,CANCELED,,
2026-07-15T03:46:16Z,3810412026-07-14,38104,2026-07-14,CANCELED,,
2026-07-15T03:46:16Z,1307912026-07-15,13079,2026-07-15,CANCELED,,
2026-07-15T03:46:16Z,1800612026-07-14,18006,2026-07-14,CANCELED,,
2026-07-15T03:46:16Z,3507922026-07-15,35079,2026-07-15,CANCELED,,
2026-07-15T03:46:16Z,3507912026-07-15,35079,2026-07-15,CANCELED,,
2026-07-15T03:46:16Z,1301312026-07-14,13013,2026-07-14,CANCELED,,
2026-07-15T03:50:49Z,0405612026-07-15,04056,2026-07-15,SCHEDULED,120,2.0
2026-07-15T03:50:49Z,1770712026-07-14,17707,2026-07-14,SCHEDULED,0,0.0
2026-07-15T03:50:49Z,1241112026-07-14,12411,2026-07-14,SCHEDULED,60,1.0
2026-07-15T03:50:49Z,1800112026-07-14,18001,2026-07-14,SCHEDULED,0,0.0
2026-07-15T03:50:49Z,1268912026-07-14,12689,2026-07-14,SCHEDULED,60,1.0
2026-07-15T03:50:49Z,1500012026-07-14,15000,2026-07-14,SCHEDULED,0,0.0
2026-07-15T03:50:49Z,1804722026-07-14,18047,2026-07-14,SCHEDULED,60,1.0
2026-07-15T03:50:49Z,1806612026-07-14,18066,2026-07-14,SCHEDULED,-60,-1.0
2026-07-15T03:50:49Z,1504012026-07-14,15040,2026-07-14,SCHEDULED,0,0.0
2026-07-15T03:50:49Z,1812012026-07-14,18120,2026-07-14,SCHEDULED,0,0.0
2026-07-15T03:50:49Z,0206312026-07-14,02063,2026-07-14,SCHEDULED,60,1.0
2026-07-15T03:50:49Z,1454112026-07-14,14541,2026-07-14,SCHEDULED,0,0.0
2026-07-15T03:50:49Z,1454122026-07-14,14541,2026-07-14,SCHEDULED,0,0.0
2026-07-15T03:50:49Z,1454132026-07-14,14541,2026-07-14,SCHEDULED,0,0.0
2026-07-15T03:50:49Z,1562012026-07-14,15620,2026-07-14,SCHEDULED,480,8.0
2026-07-15T03:50:49Z,0306242026-07-14,03062,2026-07-14,SCHEDULED,60,1.0
2026-07-15T03:50:49Z,0306232026-07-14,03062,2026-07-14,SCHEDULED,60,1.0
2026-07-15T03:50:49Z,0306212026-07-14,03062,2026-07-14,SCHEDULED,60,1.0
2026-07-15T03:50:49Z,0306222026-07-14,03062,2026-07-14,SCHEDULED,60,1.0
2026-07-15T03:50:49Z,1251212026-07-14,12512,2026-07-14,SCHEDULED,0,0.0
2026-07-15T03:50:49Z,0446412026-07-15,04464,2026-07-15,SCHEDULED,-60,-1.0
2026-07-15T03:50:49Z,1831012026-07-14,18310,2026-07-14,SCHEDULED,-780,-13.0
2026-07-15T03:50:49Z,1891012026-07-14,18910,2026-07-14,SCHEDULED,0,0.0
2026-07-15T03:50:49Z,0415422026-07-15,04154,2026-07-15,SCHEDULED,0,0.0
2026-07-15T03:50:49Z,0415412026-07-15,04154,2026-07-15,SCHEDULED,0,0.0
2026-07-15T03:50:49Z,1530912026-07-14,15309,2026-07-14,SCHEDULED,-60,-1.0
2026-07-15T03:50:49Z,0807212026-07-14,08072,2026-07-14,SCHEDULED,60,1.0
2026-07-15T03:50:49Z,1305112026-07-14,13051,2026-07-14,CANCELED,,
2026-07-15T03:50:49Z,1611112026-07-14,16111,2026-07-14,CANCELED,,
2026-07-15T03:50:49Z,1305212026-07-14,13052,2026-07-14,CANCELED,,
2026-07-15T03:50:49Z,1602512026-07-14,16025,2026-07-14,CANCELED,,
2026-07-15T03:50:49Z,1611112026-07-14,16111,2026-07-14,CANCELED,,
2026-07-15T03:50:49Z,1390412026-07-14,13904,2026-07-14,CANCELED,,
2026-07-15T03:50:49Z,1390422026-07-14,13904,2026-07-14,CANCELED,,
2026-07-15T03:50:49Z,1390432026-07-14,13904,2026-07-14,CANCELED,,
2026-07-15T03:50:49Z,1719212026-07-14,17192,2026-07-14,CANCELED,,
2026-07-15T03:50:49Z,3890412026-07-14,38904,2026-07-14,CANCELED,,
2026-07-15T03:50:49Z,1719312026-07-14,17193,2026-07-14,CANCELED,,
2026-07-15T03:50:49Z,3800612026-07-14,38006,2026-07-14,CANCELED,,
2026-07-15T03:50:49Z,1390512026-07-14,13905,2026-07-14,CANCELED,,
2026-07-15T03:50:49Z,1390522026-07-14,13905,2026-07-14,CANCELED,,
2026-07-15T03:50:49Z,1390532026-07-14,13905,2026-07-14,CANCELED,,
2026-07-15T03:50:49Z,3890512026-07-14,38905,2026-07-14,CANCELED,,
2026-07-15T03:50:49Z,1810132026-07-14,18101,2026-07-14,CANCELED,,
2026-07-15T03:50:49Z,1810142026-07-14,18101,2026-07-14,CANCELED,,
2026-07-15T03:50:49Z,1810152026-07-14,18101,2026-07-14,CANCELED,,
2026-07-15T03:50:49Z,1391122026-07-14,13911,2026-07-14,CANCELED,,
2026-07-15T03:50:49Z,1391112026-07-14,13911,2026-07-14,CANCELED,,
2026-07-15T03:50:49Z,1703012026-07-14,17030,2026-07-14,CANCELED,,
2026-07-15T03:50:49Z,0029122026-07-15,00291,2026-07-15,CANCELED,,
2026-07-15T03:50:49Z,0029112026-07-15,00291,2026-07-15,CANCELED,,
2026-07-15T03:50:49Z,7187412026-07-14,71874,2026-07-14,CANCELED,,
2026-07-15T03:50:49Z,3709122026-07-14,37091,2026-07-14,CANCELED,,
2026-07-15T03:50:49Z,3709112026-07-14,37091,2026-07-14,CANCELED,,
2026-07-15T03:50:49Z,3739112026-07-14,37391,2026-07-14,CANCELED,,
2026-07-15T03:50:49Z,1810222026-07-14,18102,2026-07-14,CANCELED,,
2026-07-15T03:50:49Z,1810232026-07-14,18102,2026-07-14,CANCELED,,
2026-07-15T03:50:49Z,1810242026-07-14,18102,2026-07-14,CANCELED,,
2026-07-15T03:50:49Z,1300112026-07-15,13001,2026-07-15,CANCELED,,
2026-07-15T03:50:49Z,1810412026-07-14,18104,2026-07-14,CANCELED,,
2026-07-15T03:50:49Z,1307912026-07-15,13079,2026-07-15,CANCELED,,
2026-07-15T03:50:49Z,3810412026-07-14,38104,2026-07-14,CANCELED,,
2026-07-15T03:50:49Z,3507922026-07-15,35079,2026-07-15,CANCELED,,
2026-07-15T03:50:49Z,3507912026-07-15,35079,2026-07-15,CANCELED,,
2026-07-15T03:50:49Z,1800612026-07-14,18006,2026-07-14,CANCELED,,
2026-07-15T03:50:49Z,1301312026-07-14,13013,2026-07-14,CANCELED,,
2026-07-15T03:56:13Z,1241112026-07-14,12411,2026-07-14,SCHEDULED,60,1.0
2026-07-15T03:56:13Z,1770712026-07-14,17707,2026-07-14,SCHEDULED,-60,-1.0
2026-07-15T03:56:13Z,1268912026-07-14,12689,2026-07-14,SCHEDULED,60,1.0
2026-07-15T03:56:13Z,1800112026-07-14,18001,2026-07-14,SCHEDULED,0,0.0
2026-07-15T03:56:13Z,1500012026-07-14,15000,2026-07-14,SCHEDULED,-120,-2.0
2026-07-15T03:56:13Z,1504012026-07-14,15040,2026-07-14,SCHEDULED,60,1.0
2026-07-15T03:56:13Z,1804722026-07-14,18047,2026-07-14,SCHEDULED,60,1.0
2026-07-15T03:56:13Z,1505112026-07-14,15051,2026-07-14,SCHEDULED,0,0.0
2026-07-15T03:56:13Z,1807112026-07-14,18071,2026-07-14,SCHEDULED,-60,-1.0
2026-07-15T03:56:13Z,1577212026-07-14,15772,2026-07-14,SCHEDULED,120,2.0
2026-07-15T03:56:13Z,1806612026-07-14,18066,2026-07-14,SCHEDULED,-60,-1.0
2026-07-15T03:56:13Z,0206312026-07-14,02063,2026-07-14,SCHEDULED,60,1.0
2026-07-15T03:56:13Z,1812012026-07-14,18120,2026-07-14,SCHEDULED,-120,-2.0
2026-07-15T03:56:13Z,1812112026-07-14,18121,2026-07-14,SCHEDULED,180,3.0
2026-07-15T03:56:13Z,1831012026-07-14,18310,2026-07-14,SCHEDULED,-780,-13.0
2026-07-15T03:56:13Z,1891012026-07-14,18910,2026-07-14,SCHEDULED,0,0.0
2026-07-15T03:56:13Z,0306242026-07-14,03062,2026-07-14,SCHEDULED,120,2.0
2026-07-15T03:56:13Z,0306232026-07-14,03062,2026-07-14,SCHEDULED,120,2.0
2026-07-15T03:56:13Z,0306212026-07-14,03062,2026-07-14,SCHEDULED,120,2.0
2026-07-15T03:56:13Z,0306222026-07-14,03062,2026-07-14,SCHEDULED,120,2.0
2026-07-15T03:56:13Z,1530912026-07-14,15309,2026-07-14,SCHEDULED,-60,-1.0
2026-07-15T03:56:13Z,0446412026-07-15,04464,2026-07-15,SCHEDULED,0,0.0
2026-07-15T03:56:13Z,1600012026-07-14,16000,2026-07-14,SCHEDULED,420,7.0
2026-07-15T03:56:13Z,0415422026-07-15,04154,2026-07-15,SCHEDULED,0,0.0
2026-07-15T03:56:13Z,0415412026-07-15,04154,2026-07-15,SCHEDULED,0,0.0
2026-07-15T03:56:13Z,0506312026-07-14,05063,2026-07-14,SCHEDULED,120,2.0
2026-07-15T03:56:13Z,1454112026-07-14,14541,2026-07-14,SCHEDULED,0,0.0
2026-07-15T03:56:13Z,1454122026-07-14,14541,2026-07-14,SCHEDULED,0,0.0
2026-07-15T03:56:13Z,1454132026-07-14,14541,2026-07-14,SCHEDULED,0,0.0
2026-07-15T03:56:13Z,0807212026-07-14,08072,2026-07-14,SCHEDULED,0,0.0
2026-07-15T03:56:13Z,1562012026-07-14,15620,2026-07-14,SCHEDULED,540,9.0
2026-07-15T03:56:13Z,1251212026-07-14,12512,2026-07-14,SCHEDULED,0,0.0
2026-07-15T03:56:13Z,0405612026-07-15,04056,2026-07-15,SCHEDULED,-60,-1.0
2026-07-15T03:56:13Z,1305112026-07-14,13051,2026-07-14,CANCELED,,
2026-07-15T03:56:13Z,1611112026-07-14,16111,2026-07-14,CANCELED,,
2026-07-15T03:56:13Z,1305212026-07-14,13052,2026-07-14,CANCELED,,
2026-07-15T03:56:13Z,1602512026-07-14,16025,2026-07-14,CANCELED,,
2026-07-15T03:56:13Z,1611112026-07-14,16111,2026-07-14,CANCELED,,
2026-07-15T03:56:13Z,1719212026-07-14,17192,2026-07-14,CANCELED,,
2026-07-15T03:56:13Z,1390412026-07-14,13904,2026-07-14,CANCELED,,
2026-07-15T03:56:13Z,1390422026-07-14,13904,2026-07-14,CANCELED,,
2026-07-15T03:56:13Z,1390432026-07-14,13904,2026-07-14,CANCELED,,
2026-07-15T03:56:13Z,1719312026-07-14,17193,2026-07-14,CANCELED,,
2026-07-15T03:56:13Z,3890412026-07-14,38904,2026-07-14,CANCELED,,
2026-07-15T03:56:13Z,3800612026-07-14,38006,2026-07-14,CANCELED,,
2026-07-15T03:56:13Z,1390512026-07-14,13905,2026-07-14,CANCELED,,
2026-07-15T03:56:13Z,1390522026-07-14,13905,2026-07-14,CANCELED,,
2026-07-15T03:56:13Z,1390532026-07-14,13905,2026-07-14,CANCELED,,
2026-07-15T03:56:13Z,1810132026-07-14,18101,2026-07-14,CANCELED,,
2026-07-15T03:56:13Z,1810142026-07-14,18101,2026-07-14,CANCELED,,
2026-07-15T03:56:13Z,1810152026-07-14,18101,2026-07-14,CANCELED,,
2026-07-15T03:56:13Z,3890512026-07-14,38905,2026-07-14,CANCELED,,
2026-07-15T03:56:13Z,1703012026-07-14,17030,2026-07-14,CANCELED,,
2026-07-15T03:56:13Z,1391122026-07-14,13911,2026-07-14,CANCELED,,
2026-07-15T03:56:13Z,1391112026-07-14,13911,2026-07-14,CANCELED,,
2026-07-15T03:56:13Z,7187412026-07-14,71874,2026-07-14,CANCELED,,
2026-07-15T03:56:13Z,0029122026-07-15,00291,2026-07-15,CANCELED,,
2026-07-15T03:56:13Z,0029112026-07-15,00291,2026-07-15,CANCELED,,
2026-07-15T03:56:13Z,1810222026-07-14,18102,2026-07-14,CANCELED,,
2026-07-15T03:56:13Z,1810232026-07-14,18102,2026-07-14,CANCELED,,
2026-07-15T03:56:13Z,1810242026-07-14,18102,2026-07-14,CANCELED,,
2026-07-15T03:56:13Z,1810412026-07-14,18104,2026-07-14,CANCELED,,
2026-07-15T03:56:13Z,3709122026-07-14,37091,2026-07-14,CANCELED,,
2026-07-15T03:56:13Z,3709112026-07-14,37091,2026-07-14,CANCELED,,
2026-07-15T03:56:13Z,3810412026-07-14,38104,2026-07-14,CANCELED,,
2026-07-15T03:56:13Z,3739112026-07-14,37391,2026-07-14,CANCELED,,
2026-07-15T03:56:13Z,1300112026-07-15,13001,2026-07-15,CANCELED,,
2026-07-15T03:56:13Z,1800612026-07-14,18006,2026-07-14,CANCELED,,
2026-07-15T03:56:13Z,1307912026-07-15,13079,2026-07-15,CANCELED,,
2026-07-15T03:56:13Z,3507922026-07-15,35079,2026-07-15,CANCELED,,
2026-07-15T03:56:13Z,3507912026-07-15,35079,2026-07-15,CANCELED,,
2026-07-15T03:56:13Z,1301312026-07-14,13013,2026-07-14,CANCELED,,
2026-07-15T04:01:50Z,0807212026-07-14,08072,2026-07-14,SCHEDULED,0,0.0
2026-07-15T04:01:50Z,1577212026-07-14,15772,2026-07-14,SCHEDULED,120,2.0
2026-07-15T04:01:50Z,0405612026-07-15,04056,2026-07-15,SCHEDULED,0,0.0
2026-07-15T04:01:50Z,1710612026-07-14,17106,2026-07-14,SCHEDULED,0,0.0
2026-07-15T04:01:50Z,1241112026-07-14,12411,2026-07-14,SCHEDULED,180,3.0
2026-07-15T04:01:50Z,1770712026-07-14,17707,2026-07-14,SCHEDULED,-60,-1.0
2026-07-15T04:01:50Z,1268912026-07-14,12689,2026-07-14,SCHEDULED,60,1.0
2026-07-15T04:01:50Z,1800112026-07-14,18001,2026-07-14,SCHEDULED,0,0.0
2026-07-15T04:01:50Z,1500012026-07-14,15000,2026-07-14,SCHEDULED,0,0.0
2026-07-15T04:01:50Z,1504012026-07-14,15040,2026-07-14,SCHEDULED,180,3.0
2026-07-15T04:01:50Z,1804722026-07-14,18047,2026-07-14,SCHEDULED,180,3.0
2026-07-15T04:01:50Z,1807112026-07-14,18071,2026-07-14,SCHEDULED,0,0.0
2026-07-15T04:01:50Z,1505112026-07-14,15051,2026-07-14,SCHEDULED,0,0.0
2026-07-15T04:01:50Z,0206312026-07-14,02063,2026-07-14,SCHEDULED,-60,-1.0
2026-07-15T04:01:50Z,1806612026-07-14,18066,2026-07-14,SCHEDULED,0,0.0
2026-07-15T04:01:50Z,1812012026-07-14,18120,2026-07-14,SCHEDULED,0,0.0
2026-07-15T04:01:50Z,1530912026-07-14,15309,2026-07-14,SCHEDULED,-180,-3.0
2026-07-15T04:01:50Z,1600012026-07-14,16000,2026-07-14,SCHEDULED,420,7.0
2026-07-15T04:01:50Z,0306242026-07-14,03062,2026-07-14,SCHEDULED,120,2.0
2026-07-15T04:01:50Z,0306232026-07-14,03062,2026-07-14,SCHEDULED,120,2.0
2026-07-15T04:01:50Z,0306212026-07-14,03062,2026-07-14,SCHEDULED,120,2.0
2026-07-15T04:01:50Z,0306222026-07-14,03062,2026-07-14,SCHEDULED,120,2.0
2026-07-15T04:01:50Z,1454112026-07-14,14541,2026-07-14,SCHEDULED,120,2.0
2026-07-15T04:01:50Z,1454122026-07-14,14541,2026-07-14,SCHEDULED,120,2.0
2026-07-15T04:01:50Z,1454132026-07-14,14541,2026-07-14,SCHEDULED,120,2.0
2026-07-15T04:01:50Z,1562012026-07-14,15620,2026-07-14,SCHEDULED,720,12.0
2026-07-15T04:01:50Z,0306242026-07-14,03062,2026-07-14,SCHEDULED,120,2.0
2026-07-15T04:01:50Z,0306232026-07-14,03062,2026-07-14,SCHEDULED,120,2.0
2026-07-15T04:01:50Z,0306212026-07-14,03062,2026-07-14,SCHEDULED,120,2.0
2026-07-15T04:01:50Z,0306222026-07-14,03062,2026-07-14,SCHEDULED,120,2.0
2026-07-15T04:01:50Z,1251212026-07-14,12512,2026-07-14,SCHEDULED,0,0.0
2026-07-15T04:01:50Z,0406012026-07-15,04060,2026-07-15,SCHEDULED,60,1.0
2026-07-15T04:01:50Z,1812112026-07-14,18121,2026-07-14,SCHEDULED,120,2.0
2026-07-15T04:01:50Z,0446412026-07-15,04464,2026-07-15,SCHEDULED,0,0.0
2026-07-15T04:01:50Z,1831012026-07-14,18310,2026-07-14,SCHEDULED,0,0.0
2026-07-15T04:01:50Z,3586912026-07-14,35869,2026-07-14,SCHEDULED,60,1.0
2026-07-15T04:01:50Z,1891012026-07-14,18910,2026-07-14,SCHEDULED,120,2.0
2026-07-15T04:01:50Z,0415422026-07-15,04154,2026-07-15,SCHEDULED,0,0.0
2026-07-15T04:01:50Z,0415412026-07-15,04154,2026-07-15,SCHEDULED,0,0.0
2026-07-15T04:01:50Z,0506312026-07-14,05063,2026-07-14,SCHEDULED,120,2.0
2026-07-15T04:01:50Z,0587112026-07-14,05871,2026-07-14,SCHEDULED,0,0.0
2026-07-15T04:01:50Z,1305112026-07-14,13051,2026-07-14,CANCELED,,
2026-07-15T04:01:50Z,1611112026-07-14,16111,2026-07-14,CANCELED,,
2026-07-15T04:01:50Z,1305212026-07-14,13052,2026-07-14,CANCELED,,
2026-07-15T04:01:50Z,1602512026-07-14,16025,2026-07-14,CANCELED,,
2026-07-15T04:01:50Z,1611112026-07-14,16111,2026-07-14,CANCELED,,
2026-07-15T04:01:50Z,1390412026-07-14,13904,2026-07-14,CANCELED,,
2026-07-15T04:01:50Z,1390422026-07-14,13904,2026-07-14,CANCELED,,
2026-07-15T04:01:50Z,1390432026-07-14,13904,2026-07-14,CANCELED,,
2026-07-15T04:01:50Z,1719212026-07-14,17192,2026-07-14,CANCELED,,
2026-07-15T04:01:50Z,3890412026-07-14,38904,2026-07-14,CANCELED,,
2026-07-15T04:01:50Z,1719312026-07-14,17193,2026-07-14,CANCELED,,
2026-07-15T04:01:50Z,3800612026-07-14,38006,2026-07-14,CANCELED,,
2026-07-15T04:01:50Z,1390512026-07-14,13905,2026-07-14,CANCELED,,
2026-07-15T04:01:50Z,1390522026-07-14,13905,2026-07-14,CANCELED,,
2026-07-15T04:01:50Z,1390532026-07-14,13905,2026-07-14,CANCELED,,
2026-07-15T04:01:50Z,3890512026-07-14,38905,2026-07-14,CANCELED,,
2026-07-15T04:01:50Z,1810132026-07-14,18101,2026-07-14,CANCELED,,
2026-07-15T04:01:50Z,1810142026-07-14,18101,2026-07-14,CANCELED,,
2026-07-15T04:01:50Z,1810152026-07-14,18101,2026-07-14,CANCELED,,
2026-07-15T04:01:50Z,1703012026-07-14,17030,2026-07-14,CANCELED,,
2026-07-15T04:01:50Z,1391122026-07-14,13911,2026-07-14,CANCELED,,
2026-07-15T04:01:50Z,1391112026-07-14,13911,2026-07-14,CANCELED,,
2026-07-15T04:01:50Z,7187412026-07-14,71874,2026-07-14,CANCELED,,
2026-07-15T04:01:50Z,0029122026-07-15,00291,2026-07-15,CANCELED,,
2026-07-15T04:01:50Z,0029112026-07-15,00291,2026-07-15,CANCELED,,
2026-07-15T04:01:50Z,3709122026-07-14,37091,2026-07-14,CANCELED,,
2026-07-15T04:01:50Z,3709112026-07-14,37091,2026-07-14,CANCELED,,
2026-07-15T04:01:50Z,3739112026-07-14,37391,2026-07-14,CANCELED,,
2026-07-15T04:01:50Z,1810222026-07-14,18102,2026-07-14,CANCELED,,
2026-07-15T04:01:50Z,1810232026-07-14,18102,2026-07-14,CANCELED,,
2026-07-15T04:01:50Z,1810242026-07-14,18102,2026-07-14,CANCELED,,
2026-07-15T04:01:50Z,1300112026-07-15,13001,2026-07-15,CANCELED,,
2026-07-15T04:01:50Z,1810412026-07-14,18104,2026-07-14,CANCELED,,
2026-07-15T04:01:50Z,1307912026-07-15,13079,2026-07-15,CANCELED,,
2026-07-15T04:01:50Z,3810412026-07-14,38104,2026-07-14,CANCELED,,
2026-07-15T04:01:50Z,1800612026-07-14,18006,2026-07-14,CANCELED,,
2026-07-15T04:01:50Z,3507922026-07-15,35079,2026-07-15,CANCELED,,
2026-07-15T04:01:50Z,3507912026-07-15,35079,2026-07-15,CANCELED,,
2026-07-15T04:01:50Z,1301312026-07-14,13013,2026-07-14,CANCELED,,
2026-07-15T04:06:10Z,0807212026-07-14,08072,2026-07-14,SCHEDULED,-60,-1.0
2026-07-15T04:06:10Z,1572012026-07-14,15720,2026-07-14,SCHEDULED,360,6.0
2026-07-15T04:06:10Z,0405612026-07-15,04056,2026-07-15,SCHEDULED,0,0.0
2026-07-15T04:06:10Z,1577212026-07-14,15772,2026-07-14,SCHEDULED,120,2.0
2026-07-15T04:06:10Z,1241112026-07-14,12411,2026-07-14,SCHEDULED,180,3.0
2026-07-15T04:06:10Z,1710612026-07-14,17106,2026-07-14,SCHEDULED,0,0.0
2026-07-15T04:06:10Z,1268912026-07-14,12689,2026-07-14,SCHEDULED,60,1.0
2026-07-15T04:06:10Z,1770712026-07-14,17707,2026-07-14,SCHEDULED,-120,-2.0
2026-07-15T04:06:10Z,1320212026-07-14,13202,2026-07-14,SCHEDULED,0,0.0
2026-07-15T04:06:10Z,1800112026-07-14,18001,2026-07-14,SCHEDULED,0,0.0
2026-07-15T04:06:10Z,1500012026-07-14,15000,2026-07-14,SCHEDULED,0,0.0
2026-07-15T04:06:10Z,1504012026-07-14,15040,2026-07-14,SCHEDULED,240,4.0
2026-07-15T04:06:10Z,1804722026-07-14,18047,2026-07-14,SCHEDULED,240,4.0
2026-07-15T04:06:10Z,1505112026-07-14,15051,2026-07-14,SCHEDULED,-60,-1.0
2026-07-15T04:06:10Z,1807112026-07-14,18071,2026-07-14,SCHEDULED,-120,-2.0
2026-07-15T04:06:10Z,0206312026-07-14,02063,2026-07-14,SCHEDULED,0,0.0
2026-07-15T04:06:10Z,1806612026-07-14,18066,2026-07-14,SCHEDULED,-60,-1.0
2026-07-15T04:06:10Z,0206712026-07-14,02067,2026-07-14,SCHEDULED,0,0.0
2026-07-15T04:06:10Z,1530912026-07-14,15309,2026-07-14,SCHEDULED,-180,-3.0
2026-07-15T04:06:10Z,1600012026-07-14,16000,2026-07-14,SCHEDULED,420,7.0
2026-07-15T04:06:10Z,0306242026-07-14,03062,2026-07-14,SCHEDULED,180,3.0
2026-07-15T04:06:10Z,0306232026-07-14,03062,2026-07-14,SCHEDULED,180,3.0
2026-07-15T04:06:10Z,0306212026-07-14,03062,2026-07-14,SCHEDULED,180,3.0
2026-07-15T04:06:10Z,0306222026-07-14,03062,2026-07-14,SCHEDULED,180,3.0
2026-07-15T04:06:10Z,1454112026-07-14,14541,2026-07-14,SCHEDULED,240,4.0
2026-07-15T04:06:10Z,1454122026-07-14,14541,2026-07-14,SCHEDULED,240,4.0
2026-07-15T04:06:10Z,1454132026-07-14,14541,2026-07-14,SCHEDULED,240,4.0
2026-07-15T04:06:10Z,1562012026-07-14,15620,2026-07-14,SCHEDULED,660,11.0
2026-07-15T04:06:10Z,1251212026-07-14,12512,2026-07-14,SCHEDULED,0,0.0
2026-07-15T04:06:10Z,1812012026-07-14,18120,2026-07-14,SCHEDULED,0,0.0
2026-07-15T04:06:10Z,0306242026-07-14,03062,2026-07-14,SCHEDULED,120,2.0
2026-07-15T04:06:10Z,0306232026-07-14,03062,2026-07-14,SCHEDULED,120,2.0
2026-07-15T04:06:10Z,0306212026-07-14,03062,2026-07-14,SCHEDULED,120,2.0
2026-07-15T04:06:10Z,0306222026-07-14,03062,2026-07-14,SCHEDULED,120,2.0
2026-07-15T04:06:10Z,1812112026-07-14,18121,2026-07-14,SCHEDULED,180,3.0
2026-07-15T04:06:10Z,0406012026-07-15,04060,2026-07-15,SCHEDULED,60,1.0
2026-07-15T04:06:10Z,1831012026-07-14,18310,2026-07-14,SCHEDULED,0,0.0
2026-07-15T04:06:10Z,0446412026-07-15,04464,2026-07-15,SCHEDULED,-60,-1.0
2026-07-15T04:06:10Z,3586912026-07-14,35869,2026-07-14,SCHEDULED,60,1.0
2026-07-15T04:06:10Z,1891012026-07-14,18910,2026-07-14,SCHEDULED,120,2.0
2026-07-15T04:06:10Z,0415422026-07-15,04154,2026-07-15,SCHEDULED,0,0.0
2026-07-15T04:06:10Z,0415412026-07-15,04154,2026-07-15,SCHEDULED,0,0.0
2026-07-15T04:06:10Z,0506312026-07-14,05063,2026-07-14,SCHEDULED,120,2.0
2026-07-15T04:06:10Z,0587112026-07-14,05871,2026-07-14,SCHEDULED,0,0.0
2026-07-15T04:06:10Z,1611112026-07-14,16111,2026-07-14,CANCELED,,
2026-07-15T04:06:10Z,3507922026-07-15,35079,2026-07-15,CANCELED,,
2026-07-15T04:06:10Z,3507912026-07-15,35079,2026-07-15,CANCELED,,
2026-07-15T04:06:10Z,1719212026-07-14,17192,2026-07-14,CANCELED,,
2026-07-15T04:06:10Z,1301312026-07-14,13013,2026-07-14,CANCELED,,
2026-07-15T04:06:10Z,1719312026-07-14,17193,2026-07-14,CANCELED,,
2026-07-15T04:06:10Z,1305112026-07-14,13051,2026-07-14,CANCELED,,
2026-07-15T04:06:10Z,1305212026-07-14,13052,2026-07-14,CANCELED,,
2026-07-15T04:06:10Z,1391122026-07-14,13911,2026-07-14,CANCELED,,
2026-07-15T04:06:10Z,1391112026-07-14,13911,2026-07-14,CANCELED,,
2026-07-15T04:06:10Z,1611112026-07-14,16111,2026-07-14,CANCELED,,
2026-07-15T04:06:10Z,1602512026-07-14,16025,2026-07-14,CANCELED,,
2026-07-15T04:06:10Z,1390412026-07-14,13904,2026-07-14,CANCELED,,
2026-07-15T04:06:10Z,1390422026-07-14,13904,2026-07-14,CANCELED,,
2026-07-15T04:06:10Z,1390432026-07-14,13904,2026-07-14,CANCELED,,
2026-07-15T04:06:10Z,3800612026-07-14,38006,2026-07-14,CANCELED,,
2026-07-15T04:06:10Z,3890412026-07-14,38904,2026-07-14,CANCELED,,
2026-07-15T04:06:10Z,1810132026-07-14,18101,2026-07-14,CANCELED,,
2026-07-15T04:06:10Z,1810142026-07-14,18101,2026-07-14,CANCELED,,
2026-07-15T04:06:10Z,1810152026-07-14,18101,2026-07-14,CANCELED,,
2026-07-15T04:06:10Z,1390512026-07-14,13905,2026-07-14,CANCELED,,
2026-07-15T04:06:10Z,1390522026-07-14,13905,2026-07-14,CANCELED,,
2026-07-15T04:06:10Z,1390532026-07-14,13905,2026-07-14,CANCELED,,
2026-07-15T04:06:10Z,3890512026-07-14,38905,2026-07-14,CANCELED,,
2026-07-15T04:06:10Z,1703012026-07-14,17030,2026-07-14,CANCELED,,
2026-07-15T04:06:10Z,0029122026-07-15,00291,2026-07-15,CANCELED,,
2026-07-15T04:06:10Z,0029112026-07-15,00291,2026-07-15,CANCELED,,
2026-07-15T04:06:10Z,7187412026-07-14,71874,2026-07-14,CANCELED,,
2026-07-15T04:06:10Z,3709122026-07-14,37091,2026-07-14,CANCELED,,
2026-07-15T04:06:10Z,3709112026-07-14,37091,2026-07-14,CANCELED,,
2026-07-15T04:06:10Z,1810222026-07-14,18102,2026-07-14,CANCELED,,
2026-07-15T04:06:10Z,1810232026-07-14,18102,2026-07-14,CANCELED,,
2026-07-15T04:06:10Z,1810242026-07-14,18102,2026-07-14,CANCELED,,
2026-07-15T04:06:10Z,3739112026-07-14,37391,2026-07-14,CANCELED,,
2026-07-15T04:06:10Z,1810412026-07-14,18104,2026-07-14,CANCELED,,
2026-07-15T04:06:10Z,1242112026-07-14,12421,2026-07-14,CANCELED,,
2026-07-15T04:06:10Z,3810412026-07-14,38104,2026-07-14,CANCELED,,
2026-07-15T04:06:10Z,1252812026-07-14,12528,2026-07-14,CANCELED,,
2026-07-15T04:06:10Z,1300112026-07-15,13001,2026-07-15,CANCELED,,
2026-07-15T04:06:10Z,1800612026-07-14,18006,2026-07-14,CANCELED,,
2026-07-15T04:06:10Z,1307912026-07-15,13079,2026-07-15,CANCELED,,
2026-07-15T04:11:38Z,1572012026-07-14,15720,2026-07-14,SCHEDULED,360,6.0
2026-07-15T04:11:38Z,0807212026-07-14,08072,2026-07-14,SCHEDULED,-60,-1.0
2026-07-15T04:11:38Z,1577212026-07-14,15772,2026-07-14,SCHEDULED,120,2.0
2026-07-15T04:11:38Z,0405612026-07-15,04056,2026-07-15,SCHEDULED,300,5.0
2026-07-15T04:11:38Z,1710612026-07-14,17106,2026-07-14,SCHEDULED,-60,-1.0
2026-07-15T04:11:38Z,1241112026-07-14,12411,2026-07-14,SCHEDULED,180,3.0
2026-07-15T04:11:38Z,1770712026-07-14,17707,2026-07-14,SCHEDULED,0,0.0
2026-07-15T04:11:38Z,1268912026-07-14,12689,2026-07-14,SCHEDULED,60,1.0
2026-07-15T04:11:38Z,1800112026-07-14,18001,2026-07-14,SCHEDULED,0,0.0
2026-07-15T04:11:38Z,1320112026-07-14,13201,2026-07-14,SCHEDULED,60,1.0
2026-07-15T04:11:38Z,1804112026-07-14,18041,2026-07-14,SCHEDULED,0,0.0
2026-07-15T04:11:38Z,1320212026-07-14,13202,2026-07-14,SCHEDULED,60,1.0
2026-07-15T04:11:38Z,1804612026-07-14,18046,2026-07-14,SCHEDULED,0,0.0
2026-07-15T04:11:38Z,1500012026-07-14,15000,2026-07-14,SCHEDULED,120,2.0
2026-07-15T04:11:38Z,1504012026-07-14,15040,2026-07-14,SCHEDULED,240,4.0
2026-07-15T04:11:38Z,1804722026-07-14,18047,2026-07-14,SCHEDULED,300,5.0
2026-07-15T04:11:38Z,1505112026-07-14,15051,2026-07-14,SCHEDULED,-60,-1.0
2026-07-15T04:11:38Z,1806812026-07-14,18068,2026-07-14,SCHEDULED,-180,-3.0
2026-07-15T04:11:38Z,0206112026-07-14,02061,2026-07-14,SCHEDULED,0,0.0
2026-07-15T04:11:38Z,1807112026-07-14,18071,2026-07-14,SCHEDULED,-180,-3.0
2026-07-15T04:11:38Z,0206312026-07-14,02063,2026-07-14,SCHEDULED,0,0.0
2026-07-15T04:11:38Z,1891012026-07-14,18910,2026-07-14,SCHEDULED,120,2.0
2026-07-15T04:11:38Z,0206712026-07-14,02067,2026-07-14,SCHEDULED,0,0.0
2026-07-15T04:11:38Z,1530912026-07-14,15309,2026-07-14,SCHEDULED,-60,-1.0
2026-07-15T04:11:38Z,1600012026-07-14,16000,2026-07-14,SCHEDULED,240,4.0
2026-07-15T04:11:38Z,0906112026-07-14,09061,2026-07-14,SCHEDULED,60,1.0
2026-07-15T04:11:38Z,1562012026-07-14,15620,2026-07-14,SCHEDULED,780,13.0
2026-07-15T04:11:38Z,0306242026-07-14,03062,2026-07-14,SCHEDULED,180,3.0
2026-07-15T04:11:38Z,0306232026-07-14,03062,2026-07-14,SCHEDULED,180,3.0
2026-07-15T04:11:38Z,0306212026-07-14,03062,2026-07-14,SCHEDULED,180,3.0
2026-07-15T04:11:38Z,0306222026-07-14,03062,2026-07-14,SCHEDULED,180,3.0
2026-07-15T04:11:38Z,1251212026-07-14,12512,2026-07-14,SCHEDULED,60,1.0
2026-07-15T04:11:38Z,1806612026-07-14,18066,2026-07-14,SCHEDULED,-60,-1.0
2026-07-15T04:11:38Z,1812012026-07-14,18120,2026-07-14,SCHEDULED,0,0.0
2026-07-15T04:11:38Z,1812112026-07-14,18121,2026-07-14,SCHEDULED,0,0.0
2026-07-15T04:11:38Z,0306242026-07-14,03062,2026-07-14,SCHEDULED,240,4.0
2026-07-15T04:11:38Z,0306232026-07-14,03062,2026-07-14,SCHEDULED,240,4.0
2026-07-15T04:11:38Z,0306212026-07-14,03062,2026-07-14,SCHEDULED,240,4.0
2026-07-15T04:11:38Z,0306222026-07-14,03062,2026-07-14,SCHEDULED,240,4.0
2026-07-15T04:11:38Z,0406012026-07-15,04060,2026-07-15,SCHEDULED,60,1.0
2026-07-15T04:11:38Z,1831012026-07-14,18310,2026-07-14,SCHEDULED,60,1.0
2026-07-15T04:11:38Z,0446412026-07-15,04464,2026-07-15,SCHEDULED,0,0.0
2026-07-15T04:11:38Z,3586912026-07-14,35869,2026-07-14,SCHEDULED,120,2.0
2026-07-15T04:11:38Z,0415422026-07-15,04154,2026-07-15,SCHEDULED,0,0.0
2026-07-15T04:11:38Z,0415412026-07-15,04154,2026-07-15,SCHEDULED,0,0.0
2026-07-15T04:11:38Z,0506312026-07-14,05063,2026-07-14,SCHEDULED,120,2.0
2026-07-15T04:11:38Z,0587112026-07-14,05871,2026-07-14,SCHEDULED,180,3.0
2026-07-15T04:11:38Z,1611112026-07-14,16111,2026-07-14,CANCELED,,
2026-07-15T04:11:38Z,1719212026-07-14,17192,2026-07-14,CANCELED,,
2026-07-15T04:11:38Z,1719312026-07-14,17193,2026-07-14,CANCELED,,
2026-07-15T04:11:38Z,1391122026-07-14,13911,2026-07-14,CANCELED,,
2026-07-15T04:11:38Z,1391112026-07-14,13911,2026-07-14,CANCELED,,
2026-07-15T04:11:38Z,1611112026-07-14,16111,2026-07-14,CANCELED,,
2026-07-15T04:11:38Z,1602512026-07-14,16025,2026-07-14,CANCELED,,
2026-07-15T04:11:38Z,3800612026-07-14,38006,2026-07-14,CANCELED,,
2026-07-15T04:11:38Z,1810132026-07-14,18101,2026-07-14,CANCELED,,
2026-07-15T04:11:38Z,1810142026-07-14,18101,2026-07-14,CANCELED,,
2026-07-15T04:11:38Z,1810152026-07-14,18101,2026-07-14,CANCELED,,
2026-07-15T04:11:38Z,1703012026-07-14,17030,2026-07-14,CANCELED,,
2026-07-15T04:11:38Z,7187412026-07-14,71874,2026-07-14,CANCELED,,
2026-07-15T04:11:38Z,1810222026-07-14,18102,2026-07-14,CANCELED,,
2026-07-15T04:11:38Z,1810232026-07-14,18102,2026-07-14,CANCELED,,
2026-07-15T04:11:38Z,1810242026-07-14,18102,2026-07-14,CANCELED,,
2026-07-15T04:11:38Z,1810412026-07-14,18104,2026-07-14,CANCELED,,
2026-07-15T04:11:38Z,3810412026-07-14,38104,2026-07-14,CANCELED,,
2026-07-15T04:11:38Z,1800612026-07-14,18006,2026-07-14,CANCELED,,
2026-07-15T04:11:38Z,3507922026-07-15,35079,2026-07-15,CANCELED,,
2026-07-15T04:11:38Z,3507912026-07-15,35079,2026-07-15,CANCELED,,
2026-07-15T04:11:38Z,1301312026-07-14,13013,2026-07-14,CANCELED,,
2026-07-15T04:11:38Z,1305112026-07-14,13051,2026-07-14,CANCELED,,
2026-07-15T04:11:38Z,1305212026-07-14,13052,2026-07-14,CANCELED,,
2026-07-15T04:11:38Z,1390412026-07-14,13904,2026-07-14,CANCELED,,
2026-07-15T04:11:38Z,1390422026-07-14,13904,2026-07-14,CANCELED,,
2026-07-15T04:11:38Z,1390432026-07-14,13904,2026-07-14,CANCELED,,
2026-07-15T04:11:38Z,3890412026-07-14,38904,2026-07-14,CANCELED,,
2026-07-15T04:11:38Z,0029122026-07-15,00291,2026-07-15,CANCELED,,
2026-07-15T04:11:38Z,0029112026-07-15,00291,2026-07-15,CANCELED,,
2026-07-15T04:11:38Z,1390512026-07-14,13905,2026-07-14,CANCELED,,
2026-07-15T04:11:38Z,1390522026-07-14,13905,2026-07-14,CANCELED,,
2026-07-15T04:11:38Z,1390532026-07-14,13905,2026-07-14,CANCELED,,
2026-07-15T04:11:38Z,3709122026-07-14,37091,2026-07-14,CANCELED,,
2026-07-15T04:11:38Z,3709112026-07-14,37091,2026-07-14,CANCELED,,
2026-07-15T04:11:38Z,3890512026-07-14,38905,2026-07-14,CANCELED,,
2026-07-15T04:11:38Z,3739112026-07-14,37391,2026-07-14,CANCELED,,
2026-07-15T04:11:38Z,1242112026-07-14,12421,2026-07-14,CANCELED,,
2026-07-15T04:11:38Z,1252812026-07-14,12528,2026-07-14,CANCELED,,
2026-07-15T04:11:38Z,1300112026-07-15,13001,2026-07-15,CANCELED,,
2026-07-15T04:11:38Z,1307912026-07-15,13079,2026-07-15,CANCELED,,
2026-07-15T04:16:15Z,1572012026-07-14,15720,2026-07-14,SCHEDULED,360,6.0
2026-07-15T04:16:15Z,0405612026-07-15,04056,2026-07-15,SCHEDULED,180,3.0
2026-07-15T04:16:15Z,1577012026-07-14,15770,2026-07-14,SCHEDULED,0,0.0
2026-07-15T04:16:15Z,1241112026-07-14,12411,2026-07-14,SCHEDULED,0,0.0
2026-07-15T04:16:15Z,1268912026-07-14,12689,2026-07-14,SCHEDULED,60,1.0
2026-07-15T04:16:15Z,1577212026-07-14,15772,2026-07-14,SCHEDULED,60,1.0
2026-07-15T04:16:15Z,1320112026-07-14,13201,2026-07-14,SCHEDULED,120,2.0
2026-07-15T04:16:15Z,1710612026-07-14,17106,2026-07-14,SCHEDULED,0,0.0
2026-07-15T04:16:15Z,1320212026-07-14,13202,2026-07-14,SCHEDULED,0,0.0
2026-07-15T04:16:15Z,1770712026-07-14,17707,2026-07-14,SCHEDULED,-60,-1.0
2026-07-15T04:16:15Z,1500012026-07-14,15000,2026-07-14,SCHEDULED,120,2.0
2026-07-15T04:16:15Z,1800112026-07-14,18001,2026-07-14,SCHEDULED,0,0.0
2026-07-15T04:16:15Z,1803112026-07-14,18031,2026-07-14,SCHEDULED,60,1.0
2026-07-15T04:16:15Z,1500212026-07-14,15002,2026-07-14,SCHEDULED,0,0.0
2026-07-15T04:16:15Z,1504012026-07-14,15040,2026-07-14,SCHEDULED,240,4.0
2026-07-15T04:16:15Z,1804112026-07-14,18041,2026-07-14,SCHEDULED,120,2.0
2026-07-15T04:16:15Z,1505112026-07-14,15051,2026-07-14,SCHEDULED,-120,-2.0
2026-07-15T04:16:15Z,1804612026-07-14,18046,2026-07-14,SCHEDULED,0,0.0
2026-07-15T04:16:15Z,1565012026-07-14,15650,2026-07-14,SCHEDULED,-120,-2.0
2026-07-15T04:16:15Z,1804722026-07-14,18047,2026-07-14,SCHEDULED,300,5.0
2026-07-15T04:16:15Z,0206112026-07-14,02061,2026-07-14,SCHEDULED,60,1.0
2026-07-15T04:16:15Z,1806812026-07-14,18068,2026-07-14,SCHEDULED,0,0.0
2026-07-15T04:16:15Z,0206312026-07-14,02063,2026-07-14,SCHEDULED,-180,-3.0
2026-07-15T04:16:15Z,1891012026-07-14,18910,2026-07-14,SCHEDULED,120,2.0
2026-07-15T04:16:15Z,0206712026-07-14,02067,2026-07-14,SCHEDULED,0,0.0
2026-07-15T04:16:15Z,1530912026-07-14,15309,2026-07-14,SCHEDULED,-60,-1.0
2026-07-15T04:16:15Z,1600012026-07-14,16000,2026-07-14,SCHEDULED,180,3.0
2026-07-15T04:16:15Z,0906112026-07-14,09061,2026-07-14,SCHEDULED,60,1.0
2026-07-15T04:16:15Z,1562012026-07-14,15620,2026-07-14,SCHEDULED,780,13.0
2026-07-15T04:16:15Z,0306242026-07-14,03062,2026-07-14,SCHEDULED,240,4.0
2026-07-15T04:16:15Z,0306232026-07-14,03062,2026-07-14,SCHEDULED,240,4.0
2026-07-15T04:16:15Z,0306212026-07-14,03062,2026-07-14,SCHEDULED,240,4.0
2026-07-15T04:16:15Z,0306222026-07-14,03062,2026-07-14,SCHEDULED,240,4.0
2026-07-15T04:16:15Z,1251212026-07-14,12512,2026-07-14,SCHEDULED,60,1.0
2026-07-15T04:16:15Z,1807112026-07-14,18071,2026-07-14,SCHEDULED,-180,-3.0
2026-07-15T04:16:15Z,1806612026-07-14,18066,2026-07-14,SCHEDULED,-120,-2.0
2026-07-15T04:16:15Z,0306242026-07-14,03062,2026-07-14,SCHEDULED,240,4.0
2026-07-15T04:16:15Z,0306232026-07-14,03062,2026-07-14,SCHEDULED,240,4.0
2026-07-15T04:16:15Z,0306212026-07-14,03062,2026-07-14,SCHEDULED,240,4.0
2026-07-15T04:16:15Z,0306222026-07-14,03062,2026-07-14,SCHEDULED,240,4.0
2026-07-15T04:16:15Z,1812012026-07-14,18120,2026-07-14,SCHEDULED,0,0.0
2026-07-15T04:16:15Z,1812112026-07-14,18121,2026-07-14,SCHEDULED,60,1.0
2026-07-15T04:16:15Z,0406012026-07-15,04060,2026-07-15,SCHEDULED,60,1.0
2026-07-15T04:16:15Z,1831012026-07-14,18310,2026-07-14,SCHEDULED,60,1.0
2026-07-15T04:16:15Z,0446412026-07-15,04464,2026-07-15,SCHEDULED,-60,-1.0
2026-07-15T04:16:15Z,3586912026-07-14,35869,2026-07-14,SCHEDULED,180,3.0
2026-07-15T04:16:15Z,0415422026-07-15,04154,2026-07-15,SCHEDULED,0,0.0
2026-07-15T04:16:15Z,0415412026-07-15,04154,2026-07-15,SCHEDULED,0,0.0
2026-07-15T04:16:15Z,0506312026-07-14,05063,2026-07-14,SCHEDULED,180,3.0
2026-07-15T04:16:15Z,0587112026-07-14,05871,2026-07-14,SCHEDULED,180,3.0
2026-07-15T04:16:15Z,0807212026-07-14,08072,2026-07-14,SCHEDULED,0,0.0
2026-07-15T04:16:15Z,1611112026-07-14,16111,2026-07-14,CANCELED,,
2026-07-15T04:16:15Z,3507922026-07-15,35079,2026-07-15,CANCELED,,
2026-07-15T04:16:15Z,3507912026-07-15,35079,2026-07-15,CANCELED,,
2026-07-15T04:16:15Z,1719212026-07-14,17192,2026-07-14,CANCELED,,
2026-07-15T04:16:15Z,1301312026-07-14,13013,2026-07-14,CANCELED,,
2026-07-15T04:16:15Z,1719312026-07-14,17193,2026-07-14,CANCELED,,
2026-07-15T04:16:15Z,1305112026-07-14,13051,2026-07-14,CANCELED,,
2026-07-15T04:16:15Z,1305212026-07-14,13052,2026-07-14,CANCELED,,
2026-07-15T04:16:15Z,1391122026-07-14,13911,2026-07-14,CANCELED,,
2026-07-15T04:16:15Z,1391112026-07-14,13911,2026-07-14,CANCELED,,
2026-07-15T04:16:15Z,1611112026-07-14,16111,2026-07-14,CANCELED,,
2026-07-15T04:16:15Z,1390412026-07-14,13904,2026-07-14,CANCELED,,
2026-07-15T04:16:15Z,1390422026-07-14,13904,2026-07-14,CANCELED,,
2026-07-15T04:16:15Z,1390432026-07-14,13904,2026-07-14,CANCELED,,
2026-07-15T04:16:15Z,1602512026-07-14,16025,2026-07-14,CANCELED,,
2026-07-15T04:16:15Z,3890412026-07-14,38904,2026-07-14,CANCELED,,
2026-07-15T04:16:15Z,3800612026-07-14,38006,2026-07-14,CANCELED,,
2026-07-15T04:16:15Z,1390512026-07-14,13905,2026-07-14,CANCELED,,
2026-07-15T04:16:15Z,1390522026-07-14,13905,2026-07-14,CANCELED,,
2026-07-15T04:16:15Z,1390532026-07-14,13905,2026-07-14,CANCELED,,
2026-07-15T04:16:15Z,1810132026-07-14,18101,2026-07-14,CANCELED,,
2026-07-15T04:16:15Z,1810142026-07-14,18101,2026-07-14,CANCELED,,
2026-07-15T04:16:15Z,1810152026-07-14,18101,2026-07-14,CANCELED,,
2026-07-15T04:16:15Z,3890512026-07-14,38905,2026-07-14,CANCELED,,
2026-07-15T04:16:15Z,1703012026-07-14,17030,2026-07-14,CANCELED,,
2026-07-15T04:16:15Z,7187412026-07-14,71874,2026-07-14,CANCELED,,
2026-07-15T04:16:15Z,0029122026-07-15,00291,2026-07-15,CANCELED,,
2026-07-15T04:16:15Z,0029112026-07-15,00291,2026-07-15,CANCELED,,
2026-07-15T04:16:15Z,3709122026-07-14,37091,2026-07-14,CANCELED,,
2026-07-15T04:16:15Z,3709112026-07-14,37091,2026-07-14,CANCELED,,
2026-07-15T04:16:15Z,1810222026-07-14,18102,2026-07-14,CANCELED,,
2026-07-15T04:16:15Z,1810232026-07-14,18102,2026-07-14,CANCELED,,
2026-07-15T04:16:15Z,1810242026-07-14,18102,2026-07-14,CANCELED,,
2026-07-15T04:16:15Z,3739112026-07-14,37391,2026-07-14,CANCELED,,
2026-07-15T04:16:15Z,1810412026-07-14,18104,2026-07-14,CANCELED,,
2026-07-15T04:16:15Z,1242112026-07-14,12421,2026-07-14,CANCELED,,
2026-07-15T04:16:15Z,3810412026-07-14,38104,2026-07-14,CANCELED,,
2026-07-15T04:16:15Z,1252812026-07-14,12528,2026-07-14,CANCELED,,
2026-07-15T04:16:15Z,1300112026-07-15,13001,2026-07-15,CANCELED,,
2026-07-15T04:16:15Z,1800612026-07-14,18006,2026-07-14,CANCELED,,
2026-07-15T04:16:15Z,1307912026-07-15,13079,2026-07-15,CANCELED,,
2026-07-15T04:21:38Z,0407312026-07-15,04073,2026-07-15,SCHEDULED,-1920,-32.0
2026-07-15T04:21:38Z,1577012026-07-14,15770,2026-07-14,SCHEDULED,60,1.0
2026-07-15T04:21:38Z,1577212026-07-14,15772,2026-07-14,SCHEDULED,0,0.0
2026-07-15T04:21:38Z,1241112026-07-14,12411,2026-07-14,SCHEDULED,0,0.0
2026-07-15T04:21:38Z,1590012026-07-14,15900,2026-07-14,SCHEDULED,60,1.0
2026-07-15T04:21:38Z,1268912026-07-14,12689,2026-07-14,SCHEDULED,240,4.0
2026-07-15T04:21:38Z,1710612026-07-14,17106,2026-07-14,SCHEDULED,0,0.0
2026-07-15T04:21:38Z,1308412026-07-14,13084,2026-07-14,SCHEDULED,60,1.0
2026-07-15T04:21:38Z,1770712026-07-14,17707,2026-07-14,SCHEDULED,-60,-1.0
2026-07-15T04:21:38Z,1320112026-07-14,13201,2026-07-14,SCHEDULED,120,2.0
2026-07-15T04:21:38Z,1800112026-07-14,18001,2026-07-14,SCHEDULED,0,0.0
2026-07-15T04:21:38Z,1320212026-07-14,13202,2026-07-14,SCHEDULED,0,0.0
2026-07-15T04:21:38Z,1803112026-07-14,18031,2026-07-14,SCHEDULED,60,1.0
2026-07-15T04:21:38Z,1500012026-07-14,15000,2026-07-14,SCHEDULED,120,2.0
2026-07-15T04:21:38Z,1804112026-07-14,18041,2026-07-14,SCHEDULED,120,2.0
2026-07-15T04:21:38Z,1500212026-07-14,15002,2026-07-14,SCHEDULED,180,3.0
2026-07-15T04:21:38Z,1804612026-07-14,18046,2026-07-14,SCHEDULED,0,0.0
2026-07-15T04:21:38Z,1504012026-07-14,15040,2026-07-14,SCHEDULED,300,5.0
2026-07-15T04:21:38Z,1505112026-07-14,15051,2026-07-14,SCHEDULED,0,0.0
2026-07-15T04:21:38Z,1565012026-07-14,15650,2026-07-14,SCHEDULED,-60,-1.0
2026-07-15T04:21:38Z,1804722026-07-14,18047,2026-07-14,SCHEDULED,300,5.0
2026-07-15T04:21:38Z,1572012026-07-14,15720,2026-07-14,SCHEDULED,360,6.0
2026-07-15T04:21:38Z,1806812026-07-14,18068,2026-07-14,SCHEDULED,0,0.0
2026-07-15T04:21:38Z,0206112026-07-14,02061,2026-07-14,SCHEDULED,0,0.0
2026-07-15T04:21:38Z,1807112026-07-14,18071,2026-07-14,SCHEDULED,-60,-1.0
2026-07-15T04:21:38Z,0206312026-07-14,02063,2026-07-14,SCHEDULED,-60,-1.0
2026-07-15T04:21:38Z,1807212026-07-14,18072,2026-07-14,SCHEDULED,0,0.0
2026-07-15T04:21:38Z,0206712026-07-14,02067,2026-07-14,SCHEDULED,0,0.0
2026-07-15T04:21:38Z,1530912026-07-14,15309,2026-07-14,SCHEDULED,-60,-1.0
2026-07-15T04:21:38Z,1503112026-07-14,15031,2026-07-14,SCHEDULED,0,0.0
2026-07-15T04:21:38Z,1600012026-07-14,16000,2026-07-14,SCHEDULED,180,3.0
2026-07-15T04:21:38Z,0306242026-07-14,03062,2026-07-14,SCHEDULED,240,4.0
2026-07-15T04:21:38Z,0306232026-07-14,03062,2026-07-14,SCHEDULED,240,4.0
2026-07-15T04:21:38Z,0306212026-07-14,03062,2026-07-14,SCHEDULED,240,4.0
2026-07-15T04:21:38Z,0306222026-07-14,03062,2026-07-14,SCHEDULED,240,4.0
2026-07-15T04:21:38Z,1447012026-07-14,14470,2026-07-14,SCHEDULED,0,0.0
2026-07-15T04:21:38Z,0906112026-07-14,09061,2026-07-14,SCHEDULED,0,0.0
2026-07-15T04:21:38Z,1562012026-07-14,15620,2026-07-14,SCHEDULED,780,13.0
2026-07-15T04:21:38Z,1251212026-07-14,12512,2026-07-14,SCHEDULED,120,2.0
2026-07-15T04:21:38Z,0306242026-07-14,03062,2026-07-14,SCHEDULED,240,4.0
2026-07-15T04:21:38Z,0306232026-07-14,03062,2026-07-14,SCHEDULED,240,4.0
2026-07-15T04:21:38Z,0306212026-07-14,03062,2026-07-14,SCHEDULED,240,4.0
2026-07-15T04:21:38Z,0306222026-07-14,03062,2026-07-14,SCHEDULED,240,4.0
2026-07-15T04:21:38Z,1806612026-07-14,18066,2026-07-14,SCHEDULED,-180,-3.0
2026-07-15T04:21:38Z,0406012026-07-15,04060,2026-07-15,SCHEDULED,240,4.0
2026-07-15T04:21:38Z,1812012026-07-14,18120,2026-07-14,SCHEDULED,0,0.0
2026-07-15T04:21:38Z,0446412026-07-15,04464,2026-07-15,SCHEDULED,-60,-1.0
2026-07-15T04:21:38Z,1812112026-07-14,18121,2026-07-14,SCHEDULED,0,0.0
2026-07-15T04:21:38Z,1831012026-07-14,18310,2026-07-14,SCHEDULED,-60,-1.0
2026-07-15T04:21:38Z,0415422026-07-15,04154,2026-07-15,SCHEDULED,-300,-5.0
2026-07-15T04:21:38Z,0415412026-07-15,04154,2026-07-15,SCHEDULED,-300,-5.0
2026-07-15T04:21:38Z,3586912026-07-14,35869,2026-07-14,SCHEDULED,180,3.0
2026-07-15T04:21:38Z,0506312026-07-14,05063,2026-07-14,SCHEDULED,180,3.0
2026-07-15T04:21:38Z,1891012026-07-14,18910,2026-07-14,SCHEDULED,120,2.0
2026-07-15T04:21:38Z,0566812026-07-14,05668,2026-07-14,SCHEDULED,300,5.0
2026-07-15T04:21:38Z,1443312026-07-14,14433,2026-07-14,SCHEDULED,0,0.0
2026-07-15T04:21:38Z,0587112026-07-14,05871,2026-07-14,SCHEDULED,180,3.0
2026-07-15T04:21:38Z,0807212026-07-14,08072,2026-07-14,SCHEDULED,0,0.0
2026-07-15T04:21:38Z,0405612026-07-15,04056,2026-07-15,SCHEDULED,180,3.0
2026-07-15T04:21:38Z,1301312026-07-14,13013,2026-07-14,CANCELED,,
2026-07-15T04:21:38Z,1611112026-07-14,16111,2026-07-14,CANCELED,,
2026-07-15T04:21:38Z,1305112026-07-14,13051,2026-07-14,CANCELED,,
2026-07-15T04:21:38Z,1602512026-07-14,16025,2026-07-14,CANCELED,,
2026-07-15T04:21:38Z,1305212026-07-14,13052,2026-07-14,CANCELED,,
2026-07-15T04:21:38Z,1611112026-07-14,16111,2026-07-14,CANCELED,,
2026-07-15T04:21:38Z,1719212026-07-14,17192,2026-07-14,CANCELED,,
2026-07-15T04:21:38Z,1390412026-07-14,13904,2026-07-14,CANCELED,,
2026-07-15T04:21:38Z,1390422026-07-14,13904,2026-07-14,CANCELED,,
2026-07-15T04:21:38Z,1390432026-07-14,13904,2026-07-14,CANCELED,,
2026-07-15T04:21:38Z,1719312026-07-14,17193,2026-07-14,CANCELED,,
2026-07-15T04:21:38Z,3890412026-07-14,38904,2026-07-14,CANCELED,,
2026-07-15T04:21:38Z,1810222026-07-14,18102,2026-07-14,CANCELED,,
2026-07-15T04:21:38Z,1810232026-07-14,18102,2026-07-14,CANCELED,,
2026-07-15T04:21:38Z,1810242026-07-14,18102,2026-07-14,CANCELED,,
2026-07-15T04:21:38Z,1390512026-07-14,13905,2026-07-14,CANCELED,,
2026-07-15T04:21:38Z,1390522026-07-14,13905,2026-07-14,CANCELED,,
2026-07-15T04:21:38Z,1390532026-07-14,13905,2026-07-14,CANCELED,,
2026-07-15T04:21:38Z,1810412026-07-14,18104,2026-07-14,CANCELED,,
2026-07-15T04:21:38Z,3890512026-07-14,38905,2026-07-14,CANCELED,,
2026-07-15T04:21:38Z,3810412026-07-14,38104,2026-07-14,CANCELED,,
2026-07-15T04:21:38Z,1391122026-07-14,13911,2026-07-14,CANCELED,,
2026-07-15T04:21:38Z,1391112026-07-14,13911,2026-07-14,CANCELED,,
2026-07-15T04:21:38Z,1800612026-07-14,18006,2026-07-14,CANCELED,,
2026-07-15T04:21:38Z,3800612026-07-14,38006,2026-07-14,CANCELED,,
2026-07-15T04:21:38Z,0029122026-07-15,00291,2026-07-15,CANCELED,,
2026-07-15T04:21:38Z,0029112026-07-15,00291,2026-07-15,CANCELED,,
2026-07-15T04:21:38Z,3709122026-07-14,37091,2026-07-14,CANCELED,,
2026-07-15T04:21:38Z,3709112026-07-14,37091,2026-07-14,CANCELED,,
2026-07-15T04:21:38Z,1810132026-07-14,18101,2026-07-14,CANCELED,,
2026-07-15T04:21:38Z,1810142026-07-14,18101,2026-07-14,CANCELED,,
2026-07-15T04:21:38Z,1810152026-07-14,18101,2026-07-14,CANCELED,,
2026-07-15T04:21:38Z,3739112026-07-14,37391,2026-07-14,CANCELED,,
2026-07-15T04:21:38Z,1703012026-07-14,17030,2026-07-14,CANCELED,,
2026-07-15T04:21:38Z,1242112026-07-14,12421,2026-07-14,CANCELED,,
2026-07-15T04:21:38Z,1252812026-07-14,12528,2026-07-14,CANCELED,,
2026-07-15T04:21:38Z,1833112026-07-14,18331,2026-07-14,CANCELED,,
2026-07-15T04:21:38Z,1300112026-07-15,13001,2026-07-15,CANCELED,,
2026-07-15T04:21:38Z,1307912026-07-15,13079,2026-07-15,CANCELED,,
2026-07-15T04:21:38Z,7187412026-07-14,71874,2026-07-14,CANCELED,,
2026-07-15T04:21:38Z,3507922026-07-15,35079,2026-07-15,CANCELED,,
2026-07-15T04:21:38Z,3507912026-07-15,35079,2026-07-15,CANCELED,,
2026-07-15T04:26:11Z,0847512026-07-14,08475,2026-07-14,SCHEDULED,0,0.0
2026-07-15T04:26:11Z,1572012026-07-14,15720,2026-07-14,SCHEDULED,360,6.0
2026-07-15T04:26:11Z,1575112026-07-14,15751,2026-07-14,SCHEDULED,0,0.0
2026-07-15T04:26:11Z,0807212026-07-14,08072,2026-07-14,SCHEDULED,0,0.0
2026-07-15T04:26:11Z,1577012026-07-14,15770,2026-07-14,SCHEDULED,-60,-1.0
2026-07-15T04:26:11Z,0405612026-07-15,04056,2026-07-15,SCHEDULED,0,0.0
2026-07-15T04:26:11Z,1577212026-07-14,15772,2026-07-14,SCHEDULED,-60,-1.0
2026-07-15T04:26:11Z,0407312026-07-15,04073,2026-07-15,SCHEDULED,-1920,-32.0
2026-07-15T04:26:11Z,1590012026-07-14,15900,2026-07-14,SCHEDULED,180,3.0
2026-07-15T04:26:11Z,1241112026-07-14,12411,2026-07-14,SCHEDULED,0,0.0
2026-07-15T04:26:11Z,1710612026-07-14,17106,2026-07-14,SCHEDULED,0,0.0
2026-07-15T04:26:11Z,1248012026-07-14,12480,2026-07-14,SCHEDULED,-2340,-39.0
2026-07-15T04:26:11Z,1770312026-07-14,17703,2026-07-14,SCHEDULED,60,1.0
2026-07-15T04:26:11Z,1268912026-07-14,12689,2026-07-14,SCHEDULED,240,4.0
2026-07-15T04:26:11Z,1770712026-07-14,17707,2026-07-14,SCHEDULED,0,0.0
2026-07-15T04:26:11Z,1780612026-07-14,17806,2026-07-14,SCHEDULED,0,0.0
2026-07-15T04:26:11Z,1308412026-07-14,13084,2026-07-14,SCHEDULED,60,1.0
2026-07-15T04:26:11Z,1800112026-07-14,18001,2026-07-14,SCHEDULED,0,0.0
2026-07-15T04:26:11Z,1320112026-07-14,13201,2026-07-14,SCHEDULED,180,3.0
2026-07-15T04:26:11Z,1320212026-07-14,13202,2026-07-14,SCHEDULED,120,2.0
2026-07-15T04:26:11Z,1803112026-07-14,18031,2026-07-14,SCHEDULED,60,1.0
2026-07-15T04:26:11Z,1500012026-07-14,15000,2026-07-14,SCHEDULED,180,3.0
2026-07-15T04:26:11Z,1804112026-07-14,18041,2026-07-14,SCHEDULED,60,1.0
2026-07-15T04:26:11Z,1500212026-07-14,15002,2026-07-14,SCHEDULED,60,1.0
2026-07-15T04:26:11Z,1804612026-07-14,18046,2026-07-14,SCHEDULED,120,2.0
2026-07-15T04:26:11Z,1504012026-07-14,15040,2026-07-14,SCHEDULED,420,7.0
2026-07-15T04:26:11Z,1505112026-07-14,15051,2026-07-14,SCHEDULED,0,0.0
2026-07-15T04:26:11Z,1804722026-07-14,18047,2026-07-14,SCHEDULED,300,5.0
2026-07-15T04:26:11Z,1565012026-07-14,15650,2026-07-14,SCHEDULED,-60,-1.0
2026-07-15T04:26:11Z,1806812026-07-14,18068,2026-07-14,SCHEDULED,-120,-2.0
2026-07-15T04:26:11Z,1807112026-07-14,18071,2026-07-14,SCHEDULED,-60,-1.0
2026-07-15T04:26:11Z,0411422026-07-15,04114,2026-07-15,SCHEDULED,720,12.0
2026-07-15T04:26:11Z,0411412026-07-15,04114,2026-07-15,SCHEDULED,720,12.0
2026-07-15T04:26:11Z,1807212026-07-14,18072,2026-07-14,SCHEDULED,60,1.0
2026-07-15T04:26:11Z,0206112026-07-14,02061,2026-07-14,SCHEDULED,0,0.0
2026-07-15T04:26:11Z,1806612026-07-14,18066,2026-07-14,SCHEDULED,0,0.0
2026-07-15T04:26:11Z,0206312026-07-14,02063,2026-07-14,SCHEDULED,-60,-1.0
2026-07-15T04:26:11Z,1812012026-07-14,18120,2026-07-14,SCHEDULED,0,0.0
2026-07-15T04:26:11Z,0206712026-07-14,02067,2026-07-14,SCHEDULED,0,0.0
2026-07-15T04:26:11Z,1812112026-07-14,18121,2026-07-14,SCHEDULED,0,0.0
2026-07-15T04:26:11Z,0330112026-07-14,03301,2026-07-14,SCHEDULED,300,5.0
2026-07-15T04:26:11Z,1831012026-07-14,18310,2026-07-14,SCHEDULED,-60,-1.0
2026-07-15T04:26:11Z,3586912026-07-14,35869,2026-07-14,SCHEDULED,180,3.0
2026-07-15T04:26:11Z,1891012026-07-14,18910,2026-07-14,SCHEDULED,120,2.0
2026-07-15T04:26:11Z,0306242026-07-14,03062,2026-07-14,SCHEDULED,240,4.0
2026-07-15T04:26:11Z,0306232026-07-14,03062,2026-07-14,SCHEDULED,240,4.0
2026-07-15T04:26:11Z,0306212026-07-14,03062,2026-07-14,SCHEDULED,240,4.0
2026-07-15T04:26:11Z,0306222026-07-14,03062,2026-07-14,SCHEDULED,240,4.0
2026-07-15T04:26:11Z,1443312026-07-14,14433,2026-07-14,SCHEDULED,0,0.0
2026-07-15T04:26:11Z,1530912026-07-14,15309,2026-07-14,SCHEDULED,-60,-1.0
2026-07-15T04:26:11Z,1503112026-07-14,15031,2026-07-14,SCHEDULED,0,0.0
2026-07-15T04:26:11Z,1600012026-07-14,16000,2026-07-14,SCHEDULED,180,3.0
2026-07-15T04:26:11Z,0306242026-07-14,03062,2026-07-14,SCHEDULED,300,5.0
2026-07-15T04:26:11Z,0306232026-07-14,03062,2026-07-14,SCHEDULED,300,5.0
2026-07-15T04:26:11Z,0306212026-07-14,03062,2026-07-14,SCHEDULED,300,5.0
2026-07-15T04:26:11Z,0306222026-07-14,03062,2026-07-14,SCHEDULED,300,5.0
2026-07-15T04:26:11Z,1447012026-07-14,14470,2026-07-14,SCHEDULED,0,0.0
2026-07-15T04:26:11Z,0906112026-07-14,09061,2026-07-14,SCHEDULED,0,0.0
2026-07-15T04:26:11Z,0366222026-07-14,03662,2026-07-14,SCHEDULED,60,1.0
2026-07-15T04:26:11Z,0366212026-07-14,03662,2026-07-14,SCHEDULED,60,1.0
2026-07-15T04:26:11Z,1562012026-07-14,15620,2026-07-14,SCHEDULED,780,13.0
2026-07-15T04:26:11Z,0406012026-07-15,04060,2026-07-15,SCHEDULED,300,5.0
2026-07-15T04:26:11Z,1563012026-07-14,15630,2026-07-14,SCHEDULED,0,0.0
2026-07-15T04:26:11Z,0408822026-07-15,04088,2026-07-15,SCHEDULED,60,1.0
2026-07-15T04:26:11Z,1251212026-07-14,12512,2026-07-14,SCHEDULED,120,2.0
2026-07-15T04:26:11Z,0446412026-07-15,04464,2026-07-15,SCHEDULED,-60,-1.0
2026-07-15T04:26:11Z,0415422026-07-15,04154,2026-07-15,SCHEDULED,0,0.0
2026-07-15T04:26:11Z,0415412026-07-15,04154,2026-07-15,SCHEDULED,0,0.0
2026-07-15T04:26:11Z,0486822026-07-15,04868,2026-07-15,SCHEDULED,0,0.0
2026-07-15T04:26:11Z,0486812026-07-15,04868,2026-07-15,SCHEDULED,0,0.0
2026-07-15T04:26:11Z,0506312026-07-14,05063,2026-07-14,SCHEDULED,180,3.0
2026-07-15T04:26:11Z,0566812026-07-14,05668,2026-07-14,SCHEDULED,300,5.0
2026-07-15T04:26:11Z,0587112026-07-14,05871,2026-07-14,SCHEDULED,180,3.0
2026-07-15T04:26:11Z,1300112026-07-15,13001,2026-07-15,CANCELED,,
2026-07-15T04:26:11Z,1602512026-07-14,16025,2026-07-14,CANCELED,,
2026-07-15T04:26:11Z,1307912026-07-15,13079,2026-07-15,CANCELED,,
2026-07-15T04:26:11Z,1611112026-07-14,16111,2026-07-14,CANCELED,,
2026-07-15T04:26:11Z,3507922026-07-15,35079,2026-07-15,CANCELED,,
2026-07-15T04:26:11Z,3507912026-07-15,35079,2026-07-15,CANCELED,,
2026-07-15T04:26:11Z,1719212026-07-14,17192,2026-07-14,CANCELED,,
2026-07-15T04:26:11Z,1301312026-07-14,13013,2026-07-14,CANCELED,,
2026-07-15T04:26:11Z,1719312026-07-14,17193,2026-07-14,CANCELED,,
2026-07-15T04:26:11Z,1305112026-07-14,13051,2026-07-14,CANCELED,,
2026-07-15T04:26:11Z,3890512026-07-14,38905,2026-07-14,CANCELED,,
2026-07-15T04:26:11Z,1305212026-07-14,13052,2026-07-14,CANCELED,,
2026-07-15T04:26:11Z,1391122026-07-14,13911,2026-07-14,CANCELED,,
2026-07-15T04:26:11Z,1391112026-07-14,13911,2026-07-14,CANCELED,,
2026-07-15T04:26:11Z,1611112026-07-14,16111,2026-07-14,CANCELED,,
2026-07-15T04:26:11Z,1390412026-07-14,13904,2026-07-14,CANCELED,,
2026-07-15T04:26:11Z,1390422026-07-14,13904,2026-07-14,CANCELED,,
2026-07-15T04:26:11Z,1390432026-07-14,13904,2026-07-14,CANCELED,,
2026-07-15T04:26:11Z,3800612026-07-14,38006,2026-07-14,CANCELED,,
2026-07-15T04:26:11Z,3890412026-07-14,38904,2026-07-14,CANCELED,,
2026-07-15T04:26:11Z,1810132026-07-14,18101,2026-07-14,CANCELED,,
2026-07-15T04:26:11Z,1810142026-07-14,18101,2026-07-14,CANCELED,,
2026-07-15T04:26:11Z,1810152026-07-14,18101,2026-07-14,CANCELED,,
2026-07-15T04:26:11Z,1390512026-07-14,13905,2026-07-14,CANCELED,,
2026-07-15T04:26:11Z,1390522026-07-14,13905,2026-07-14,CANCELED,,
2026-07-15T04:26:11Z,1390532026-07-14,13905,2026-07-14,CANCELED,,
2026-07-15T04:26:11Z,1703012026-07-14,17030,2026-07-14,CANCELED,,
2026-07-15T04:26:11Z,1833112026-07-14,18331,2026-07-14,CANCELED,,
2026-07-15T04:26:11Z,0029122026-07-15,00291,2026-07-15,CANCELED,,
2026-07-15T04:26:11Z,0029112026-07-15,00291,2026-07-15,CANCELED,,
2026-07-15T04:26:11Z,7187412026-07-14,71874,2026-07-14,CANCELED,,
2026-07-15T04:26:11Z,0029122026-07-15,00291,2026-07-15,CANCELED,,
2026-07-15T04:26:11Z,0029112026-07-15,00291,2026-07-15,CANCELED,,
2026-07-15T04:26:11Z,3709122026-07-14,37091,2026-07-14,CANCELED,,
2026-07-15T04:26:11Z,3709112026-07-14,37091,2026-07-14,CANCELED,,
2026-07-15T04:26:11Z,1810222026-07-14,18102,2026-07-14,CANCELED,,
2026-07-15T04:26:11Z,1810232026-07-14,18102,2026-07-14,CANCELED,,
2026-07-15T04:26:11Z,1810242026-07-14,18102,2026-07-14,CANCELED,,
2026-07-15T04:26:11Z,1810412026-07-14,18104,2026-07-14,CANCELED,,
2026-07-15T04:26:11Z,3709122026-07-14,37091,2026-07-14,CANCELED,,
2026-07-15T04:26:11Z,3709112026-07-14,37091,2026-07-14,CANCELED,,
2026-07-15T04:26:11Z,3810412026-07-14,38104,2026-07-14,CANCELED,,
2026-07-15T04:26:11Z,3739112026-07-14,37391,2026-07-14,CANCELED,,
2026-07-15T04:26:11Z,1800612026-07-14,18006,2026-07-14,CANCELED,,
2026-07-15T04:26:11Z,3739112026-07-14,37391,2026-07-14,CANCELED,,
2026-07-15T04:26:11Z,1242112026-07-14,12421,2026-07-14,CANCELED,,
2026-07-15T04:26:11Z,1252812026-07-14,12528,2026-07-14,CANCELED,,
2026-07-15T04:31:41Z,1770312026-07-14,17703,2026-07-14,SCHEDULED,60,1.0
2026-07-15T04:31:41Z,0587112026-07-14,05871,2026-07-14,SCHEDULED,240,4.0
2026-07-15T04:31:41Z,0806312026-07-14,08063,2026-07-14,SCHEDULED,120,2.0
2026-07-15T04:31:41Z,1770712026-07-14,17707,2026-07-14,SCHEDULED,120,2.0
2026-07-15T04:31:41Z,1780612026-07-14,17806,2026-07-14,SCHEDULED,0,0.0
2026-07-15T04:31:41Z,0847512026-07-14,08475,2026-07-14,SCHEDULED,0,0.0
2026-07-15T04:31:41Z,1800112026-07-14,18001,2026-07-14,SCHEDULED,0,0.0
2026-07-15T04:31:41Z,0865412026-07-14,08654,2026-07-14,SCHEDULED,600,10.0
2026-07-15T04:31:41Z,1803112026-07-14,18031,2026-07-14,SCHEDULED,60,1.0
2026-07-15T04:31:41Z,0807212026-07-14,08072,2026-07-14,SCHEDULED,0,0.0
2026-07-15T04:31:41Z,1804112026-07-14,18041,2026-07-14,SCHEDULED,60,1.0
2026-07-15T04:31:41Z,0405612026-07-15,04056,2026-07-15,SCHEDULED,-60,-1.0
2026-07-15T04:31:41Z,1804612026-07-14,18046,2026-07-14,SCHEDULED,180,3.0
2026-07-15T04:31:41Z,0407312026-07-15,04073,2026-07-15,SCHEDULED,-1920,-32.0
2026-07-15T04:31:41Z,1241112026-07-14,12411,2026-07-14,SCHEDULED,120,2.0
2026-07-15T04:31:41Z,1804722026-07-14,18047,2026-07-14,SCHEDULED,180,3.0
2026-07-15T04:31:41Z,1248012026-07-14,12480,2026-07-14,SCHEDULED,-2340,-39.0
2026-07-15T04:31:41Z,1805412026-07-14,18054,2026-07-14,SCHEDULED,60,1.0
2026-07-15T04:31:41Z,1268912026-07-14,12689,2026-07-14,SCHEDULED,180,3.0
2026-07-15T04:31:41Z,1806812026-07-14,18068,2026-07-14,SCHEDULED,-60,-1.0
2026-07-15T04:31:41Z,1308412026-07-14,13084,2026-07-14,SCHEDULED,60,1.0
2026-07-15T04:31:41Z,1564612026-07-14,15646,2026-07-14,SCHEDULED,0,0.0
2026-07-15T04:31:41Z,1395112026-07-14,13951,2026-07-14,SCHEDULED,120,2.0
2026-07-15T04:31:41Z,1565012026-07-14,15650,2026-07-14,SCHEDULED,-60,-1.0
2026-07-15T04:31:41Z,1320112026-07-14,13201,2026-07-14,SCHEDULED,120,2.0
2026-07-15T04:31:41Z,1572012026-07-14,15720,2026-07-14,SCHEDULED,180,3.0
2026-07-15T04:31:41Z,1320212026-07-14,13202,2026-07-14,SCHEDULED,120,2.0
2026-07-15T04:31:41Z,1575112026-07-14,15751,2026-07-14,SCHEDULED,0,0.0
2026-07-15T04:31:41Z,1500012026-07-14,15000,2026-07-14,SCHEDULED,120,2.0
2026-07-15T04:31:41Z,1577012026-07-14,15770,2026-07-14,SCHEDULED,0,0.0
2026-07-15T04:31:41Z,1500212026-07-14,15002,2026-07-14,SCHEDULED,60,1.0
2026-07-15T04:31:41Z,1577212026-07-14,15772,2026-07-14,SCHEDULED,0,0.0
2026-07-15T04:31:41Z,1504012026-07-14,15040,2026-07-14,SCHEDULED,420,7.0
2026-07-15T04:31:41Z,1590012026-07-14,15900,2026-07-14,SCHEDULED,60,1.0
2026-07-15T04:31:41Z,1505112026-07-14,15051,2026-07-14,SCHEDULED,0,0.0
2026-07-15T04:31:41Z,1710612026-07-14,17106,2026-07-14,SCHEDULED,0,0.0
2026-07-15T04:31:41Z,1750312026-07-14,17503,2026-07-14,SCHEDULED,0,0.0
2026-07-15T04:31:41Z,0411422026-07-15,04114,2026-07-15,SCHEDULED,780,13.0
2026-07-15T04:31:41Z,0411412026-07-15,04114,2026-07-15,SCHEDULED,780,13.0
2026-07-15T04:31:41Z,1530912026-07-14,15309,2026-07-14,SCHEDULED,0,0.0
2026-07-15T04:31:41Z,0206112026-07-14,02061,2026-07-14,SCHEDULED,0,0.0
2026-07-15T04:31:41Z,1503112026-07-14,15031,2026-07-14,SCHEDULED,60,1.0
2026-07-15T04:31:41Z,0206312026-07-14,02063,2026-07-14,SCHEDULED,-60,-1.0
2026-07-15T04:31:41Z,1600012026-07-14,16000,2026-07-14,SCHEDULED,-60,-1.0
2026-07-15T04:31:41Z,0206712026-07-14,02067,2026-07-14,SCHEDULED,60,1.0
2026-07-15T04:31:41Z,1447012026-07-14,14470,2026-07-14,SCHEDULED,0,0.0
2026-07-15T04:31:41Z,0226112026-07-14,02261,2026-07-14,SCHEDULED,0,0.0
2026-07-15T04:31:41Z,0330112026-07-14,03301,2026-07-14,SCHEDULED,120,2.0
2026-07-15T04:31:41Z,1702112026-07-14,17021,2026-07-14,SCHEDULED,120,2.0
2026-07-15T04:31:41Z,1702122026-07-14,17021,2026-07-14,SCHEDULED,120,2.0
2026-07-15T04:31:41Z,1702132026-07-14,17021,2026-07-14,SCHEDULED,120,2.0
2026-07-15T04:31:41Z,0906112026-07-14,09061,2026-07-14,SCHEDULED,0,0.0
2026-07-15T04:31:41Z,0947012026-07-14,09470,2026-07-14,SCHEDULED,0,0.0
2026-07-15T04:31:41Z,0306242026-07-14,03062,2026-07-14,SCHEDULED,300,5.0
2026-07-15T04:31:41Z,0306232026-07-14,03062,2026-07-14,SCHEDULED,300,5.0
2026-07-15T04:31:41Z,0306212026-07-14,03062,2026-07-14,SCHEDULED,300,5.0
2026-07-15T04:31:41Z,0306222026-07-14,03062,2026-07-14,SCHEDULED,300,5.0
2026-07-15T04:31:41Z,1562012026-07-14,15620,2026-07-14,SCHEDULED,780,13.0
2026-07-15T04:31:41Z,1563012026-07-14,15630,2026-07-14,SCHEDULED,0,0.0
2026-07-15T04:31:41Z,0306312026-07-14,03063,2026-07-14,SCHEDULED,-60,-1.0
2026-07-15T04:31:41Z,0306322026-07-14,03063,2026-07-14,SCHEDULED,-60,-1.0
2026-07-15T04:31:41Z,0306332026-07-14,03063,2026-07-14,SCHEDULED,-60,-1.0
2026-07-15T04:31:41Z,1251212026-07-14,12512,2026-07-14,SCHEDULED,120,2.0
2026-07-15T04:31:41Z,1807112026-07-14,18071,2026-07-14,SCHEDULED,60,1.0
2026-07-15T04:31:41Z,1807212026-07-14,18072,2026-07-14,SCHEDULED,180,3.0
2026-07-15T04:31:41Z,1806612026-07-14,18066,2026-07-14,SCHEDULED,0,0.0
2026-07-15T04:31:41Z,0306242026-07-14,03062,2026-07-14,SCHEDULED,300,5.0
2026-07-15T04:31:41Z,0306232026-07-14,03062,2026-07-14,SCHEDULED,300,5.0
2026-07-15T04:31:41Z,0306212026-07-14,03062,2026-07-14,SCHEDULED,300,5.0
2026-07-15T04:31:41Z,0306222026-07-14,03062,2026-07-14,SCHEDULED,300,5.0
2026-07-15T04:31:41Z,1812012026-07-14,18120,2026-07-14,SCHEDULED,120,2.0
2026-07-15T04:31:41Z,1812112026-07-14,18121,2026-07-14,SCHEDULED,60,1.0
2026-07-15T04:31:41Z,0366222026-07-14,03662,2026-07-14,SCHEDULED,60,1.0
2026-07-15T04:31:41Z,0366212026-07-14,03662,2026-07-14,SCHEDULED,60,1.0
2026-07-15T04:31:41Z,1831012026-07-14,18310,2026-07-14,SCHEDULED,-60,-1.0
2026-07-15T04:31:41Z,0406012026-07-15,04060,2026-07-15,SCHEDULED,180,3.0
2026-07-15T04:31:41Z,3586912026-07-14,35869,2026-07-14,SCHEDULED,60,1.0
2026-07-15T04:31:41Z,0408822026-07-15,04088,2026-07-15,SCHEDULED,60,1.0
2026-07-15T04:31:41Z,1891012026-07-14,18910,2026-07-14,SCHEDULED,240,4.0
2026-07-15T04:31:41Z,0446412026-07-15,04464,2026-07-15,SCHEDULED,-120,-2.0
2026-07-15T04:31:41Z,1443312026-07-14,14433,2026-07-14,SCHEDULED,60,1.0
2026-07-15T04:31:41Z,0415422026-07-15,04154,2026-07-15,SCHEDULED,0,0.0
2026-07-15T04:31:41Z,0415412026-07-15,04154,2026-07-15,SCHEDULED,0,0.0
2026-07-15T04:31:41Z,0486822026-07-15,04868,2026-07-15,SCHEDULED,0,0.0
2026-07-15T04:31:41Z,0486812026-07-15,04868,2026-07-15,SCHEDULED,0,0.0
2026-07-15T04:31:41Z,0506312026-07-14,05063,2026-07-14,SCHEDULED,0,0.0
2026-07-15T04:31:41Z,0566812026-07-14,05668,2026-07-14,SCHEDULED,300,5.0
2026-07-15T04:31:41Z,0576312026-07-14,05763,2026-07-14,SCHEDULED,0,0.0
2026-07-15T04:31:41Z,0576322026-07-14,05763,2026-07-14,SCHEDULED,0,0.0
2026-07-15T04:31:41Z,0576332026-07-14,05763,2026-07-14,SCHEDULED,0,0.0
2026-07-15T04:31:41Z,1300112026-07-15,13001,2026-07-15,CANCELED,,
2026-07-15T04:31:41Z,3890512026-07-14,38905,2026-07-14,CANCELED,,
2026-07-15T04:31:41Z,1307912026-07-15,13079,2026-07-15,CANCELED,,
2026-07-15T04:31:41Z,1391122026-07-14,13911,2026-07-14,CANCELED,,
2026-07-15T04:31:41Z,1391112026-07-14,13911,2026-07-14,CANCELED,,
2026-07-15T04:31:41Z,3507922026-07-15,35079,2026-07-15,CANCELED,,
2026-07-15T04:31:41Z,3507912026-07-15,35079,2026-07-15,CANCELED,,
2026-07-15T04:31:41Z,1602512026-07-14,16025,2026-07-14,CANCELED,,
2026-07-15T04:31:41Z,1301312026-07-14,13013,2026-07-14,CANCELED,,
2026-07-15T04:31:41Z,1611112026-07-14,16111,2026-07-14,CANCELED,,
2026-07-15T04:31:41Z,1305112026-07-14,13051,2026-07-14,CANCELED,,
2026-07-15T04:31:41Z,1719212026-07-14,17192,2026-07-14,CANCELED,,
2026-07-15T04:31:41Z,1305212026-07-14,13052,2026-07-14,CANCELED,,
2026-07-15T04:31:41Z,1719312026-07-14,17193,2026-07-14,CANCELED,,
2026-07-15T04:31:41Z,1390412026-07-14,13904,2026-07-14,CANCELED,,
2026-07-15T04:31:41Z,1390422026-07-14,13904,2026-07-14,CANCELED,,
2026-07-15T04:31:41Z,1390432026-07-14,13904,2026-07-14,CANCELED,,
2026-07-15T04:31:41Z,1810222026-07-14,18102,2026-07-14,CANCELED,,
2026-07-15T04:31:41Z,1810232026-07-14,18102,2026-07-14,CANCELED,,
2026-07-15T04:31:41Z,1810242026-07-14,18102,2026-07-14,CANCELED,,
2026-07-15T04:31:41Z,3890412026-07-14,38904,2026-07-14,CANCELED,,
2026-07-15T04:31:41Z,1810132026-07-14,18101,2026-07-14,CANCELED,,
2026-07-15T04:31:41Z,1810142026-07-14,18101,2026-07-14,CANCELED,,
2026-07-15T04:31:41Z,1810152026-07-14,18101,2026-07-14,CANCELED,,
2026-07-15T04:31:41Z,1390512026-07-14,13905,2026-07-14,CANCELED,,
2026-07-15T04:31:41Z,1390522026-07-14,13905,2026-07-14,CANCELED,,
2026-07-15T04:31:41Z,1390532026-07-14,13905,2026-07-14,CANCELED,,
2026-07-15T04:31:41Z,1703012026-07-14,17030,2026-07-14,CANCELED,,
2026-07-15T04:31:41Z,1703012026-07-14,17030,2026-07-14,CANCELED,,
2026-07-15T04:31:41Z,0029122026-07-15,00291,2026-07-15,CANCELED,,
2026-07-15T04:31:41Z,0029112026-07-15,00291,2026-07-15,CANCELED,,
2026-07-15T04:31:41Z,1833112026-07-14,18331,2026-07-14,CANCELED,,
2026-07-15T04:31:41Z,0029122026-07-15,00291,2026-07-15,CANCELED,,
2026-07-15T04:31:41Z,0029112026-07-15,00291,2026-07-15,CANCELED,,
2026-07-15T04:31:41Z,7187412026-07-14,71874,2026-07-14,CANCELED,,
2026-07-15T04:31:41Z,3709122026-07-14,37091,2026-07-14,CANCELED,,
2026-07-15T04:31:41Z,3709112026-07-14,37091,2026-07-14,CANCELED,,
2026-07-15T04:31:41Z,1810412026-07-14,18104,2026-07-14,CANCELED,,
2026-07-15T04:31:41Z,3709122026-07-14,37091,2026-07-14,CANCELED,,
2026-07-15T04:31:41Z,3709112026-07-14,37091,2026-07-14,CANCELED,,
2026-07-15T04:31:41Z,3810412026-07-14,38104,2026-07-14,CANCELED,,
2026-07-15T04:31:41Z,3739112026-07-14,37391,2026-07-14,CANCELED,,
2026-07-15T04:31:41Z,1800612026-07-14,18006,2026-07-14,CANCELED,,
2026-07-15T04:31:41Z,3739112026-07-14,37391,2026-07-14,CANCELED,,
2026-07-15T04:31:41Z,3800612026-07-14,38006,2026-07-14,CANCELED,,
2026-07-15T04:31:41Z,1242112026-07-14,12421,2026-07-14,CANCELED,,
2026-07-15T04:31:41Z,1252812026-07-14,12528,2026-07-14,CANCELED,,
2026-07-15T04:36:07Z,0566812026-07-14,05668,2026-07-14,SCHEDULED,300,5.0
2026-07-15T04:36:07Z,1504012026-07-14,15040,2026-07-14,SCHEDULED,420,7.0
2026-07-15T04:36:07Z,1505112026-07-14,15051,2026-07-14,SCHEDULED,0,0.0
2026-07-15T04:36:07Z,1564612026-07-14,15646,2026-07-14,SCHEDULED,60,1.0
2026-07-15T04:36:07Z,0576312026-07-14,05763,2026-07-14,SCHEDULED,0,0.0
2026-07-15T04:36:07Z,0576322026-07-14,05763,2026-07-14,SCHEDULED,0,0.0
2026-07-15T04:36:07Z,0576332026-07-14,05763,2026-07-14,SCHEDULED,0,0.0
2026-07-15T04:36:07Z,1565012026-07-14,15650,2026-07-14,SCHEDULED,-120,-2.0
2026-07-15T04:36:07Z,0587112026-07-14,05871,2026-07-14,SCHEDULED,360,6.0
2026-07-15T04:36:07Z,1572012026-07-14,15720,2026-07-14,SCHEDULED,120,2.0
2026-07-15T04:36:07Z,0806312026-07-14,08063,2026-07-14,SCHEDULED,120,2.0
2026-07-15T04:36:07Z,1575112026-07-14,15751,2026-07-14,SCHEDULED,0,0.0
2026-07-15T04:36:07Z,1577012026-07-14,15770,2026-07-14,SCHEDULED,-60,-1.0
2026-07-15T04:36:07Z,0826012026-07-14,08260,2026-07-14,SCHEDULED,300,5.0
2026-07-15T04:36:07Z,1577212026-07-14,15772,2026-07-14,SCHEDULED,-120,-2.0
2026-07-15T04:36:07Z,0826112026-07-14,08261,2026-07-14,SCHEDULED,120,2.0
2026-07-15T04:36:07Z,1590012026-07-14,15900,2026-07-14,SCHEDULED,60,1.0
2026-07-15T04:36:07Z,0847512026-07-14,08475,2026-07-14,SCHEDULED,-60,-1.0
2026-07-15T04:36:07Z,1710612026-07-14,17106,2026-07-14,SCHEDULED,-120,-2.0
2026-07-15T04:36:07Z,0865412026-07-14,08654,2026-07-14,SCHEDULED,540,9.0
2026-07-15T04:36:07Z,1710012026-07-14,17100,2026-07-14,SCHEDULED,60,1.0
2026-07-15T04:36:07Z,0866412026-07-14,08664,2026-07-14,SCHEDULED,0,0.0
2026-07-15T04:36:07Z,1750312026-07-14,17503,2026-07-14,SCHEDULED,0,0.0
2026-07-15T04:36:07Z,0807212026-07-14,08072,2026-07-14,SCHEDULED,0,0.0
2026-07-15T04:36:07Z,1770312026-07-14,17703,2026-07-14,SCHEDULED,0,0.0
2026-07-15T04:36:07Z,0405612026-07-15,04056,2026-07-15,SCHEDULED,-60,-1.0
2026-07-15T04:36:07Z,1770712026-07-14,17707,2026-07-14,SCHEDULED,120,2.0
2026-07-15T04:36:07Z,0407312026-07-15,04073,2026-07-15,SCHEDULED,-1920,-32.0
2026-07-15T04:36:07Z,1780612026-07-14,17806,2026-07-14,SCHEDULED,0,0.0
2026-07-15T04:36:07Z,1241112026-07-14,12411,2026-07-14,SCHEDULED,60,1.0
2026-07-15T04:36:07Z,1800112026-07-14,18001,2026-07-14,SCHEDULED,0,0.0
2026-07-15T04:36:07Z,1248012026-07-14,12480,2026-07-14,SCHEDULED,-2340,-39.0
2026-07-15T04:36:07Z,1803112026-07-14,18031,2026-07-14,SCHEDULED,-60,-1.0
2026-07-15T04:36:07Z,1268912026-07-14,12689,2026-07-14,SCHEDULED,180,3.0
2026-07-15T04:36:07Z,1804112026-07-14,18041,2026-07-14,SCHEDULED,60,1.0
2026-07-15T04:36:07Z,1304112026-07-14,13041,2026-07-14,SCHEDULED,120,2.0
2026-07-15T04:36:07Z,1804612026-07-14,18046,2026-07-14,SCHEDULED,120,2.0
2026-07-15T04:36:07Z,1308412026-07-14,13084,2026-07-14,SCHEDULED,60,1.0
2026-07-15T04:36:07Z,1804722026-07-14,18047,2026-07-14,SCHEDULED,120,2.0
2026-07-15T04:36:07Z,1395112026-07-14,13951,2026-07-14,SCHEDULED,120,2.0
2026-07-15T04:36:07Z,1530912026-07-14,15309,2026-07-14,SCHEDULED,-60,-1.0
2026-07-15T04:36:07Z,1320112026-07-14,13201,2026-07-14,SCHEDULED,180,3.0
2026-07-15T04:36:07Z,1503022026-07-14,15030,2026-07-14,SCHEDULED,0,0.0
2026-07-15T04:36:07Z,1320212026-07-14,13202,2026-07-14,SCHEDULED,120,2.0
2026-07-15T04:36:07Z,1503112026-07-14,15031,2026-07-14,SCHEDULED,0,0.0
2026-07-15T04:36:07Z,1500012026-07-14,15000,2026-07-14,SCHEDULED,300,5.0
2026-07-15T04:36:07Z,1600012026-07-14,16000,2026-07-14,SCHEDULED,0,0.0
2026-07-15T04:36:07Z,1500212026-07-14,15002,2026-07-14,SCHEDULED,60,1.0
2026-07-15T04:36:07Z,1447012026-07-14,14470,2026-07-14,SCHEDULED,0,0.0
2026-07-15T04:36:07Z,0411422026-07-15,04114,2026-07-15,SCHEDULED,780,13.0
2026-07-15T04:36:07Z,0411412026-07-15,04114,2026-07-15,SCHEDULED,780,13.0
2026-07-15T04:36:07Z,0107212026-07-14,01072,2026-07-14,SCHEDULED,120,2.0
2026-07-15T04:36:07Z,1702112026-07-14,17021,2026-07-14,SCHEDULED,120,2.0
2026-07-15T04:36:07Z,1702122026-07-14,17021,2026-07-14,SCHEDULED,120,2.0
2026-07-15T04:36:07Z,1702132026-07-14,17021,2026-07-14,SCHEDULED,120,2.0
2026-07-15T04:36:07Z,0206112026-07-14,02061,2026-07-14,SCHEDULED,0,0.0
2026-07-15T04:36:07Z,0906112026-07-14,09061,2026-07-14,SCHEDULED,0,0.0
2026-07-15T04:36:07Z,0206312026-07-14,02063,2026-07-14,SCHEDULED,-600,-10.0
2026-07-15T04:36:07Z,0947012026-07-14,09470,2026-07-14,SCHEDULED,0,0.0
2026-07-15T04:36:07Z,0206712026-07-14,02067,2026-07-14,SCHEDULED,-60,-1.0
2026-07-15T04:36:07Z,1562012026-07-14,15620,2026-07-14,SCHEDULED,900,15.0
2026-07-15T04:36:07Z,0226112026-07-14,02261,2026-07-14,SCHEDULED,0,0.0
2026-07-15T04:36:07Z,0306012026-07-14,03060,2026-07-14,SCHEDULED,540,9.0
2026-07-15T04:36:07Z,1563012026-07-14,15630,2026-07-14,SCHEDULED,60,1.0
2026-07-15T04:36:07Z,1251212026-07-14,12512,2026-07-14,SCHEDULED,120,2.0
2026-07-15T04:36:07Z,0330112026-07-14,03301,2026-07-14,SCHEDULED,120,2.0
2026-07-15T04:36:07Z,1805412026-07-14,18054,2026-07-14,SCHEDULED,60,1.0
2026-07-15T04:36:07Z,1806812026-07-14,18068,2026-07-14,SCHEDULED,-60,-1.0
2026-07-15T04:36:07Z,1807112026-07-14,18071,2026-07-14,SCHEDULED,-60,-1.0
2026-07-15T04:36:07Z,1807212026-07-14,18072,2026-07-14,SCHEDULED,180,3.0
2026-07-15T04:36:07Z,0306242026-07-14,03062,2026-07-14,SCHEDULED,300,5.0
2026-07-15T04:36:07Z,0306232026-07-14,03062,2026-07-14,SCHEDULED,300,5.0
2026-07-15T04:36:07Z,0306212026-07-14,03062,2026-07-14,SCHEDULED,300,5.0
2026-07-15T04:36:07Z,0306222026-07-14,03062,2026-07-14,SCHEDULED,300,5.0
2026-07-15T04:36:07Z,1806612026-07-14,18066,2026-07-14,SCHEDULED,0,0.0
2026-07-15T04:36:07Z,1812012026-07-14,18120,2026-07-14,SCHEDULED,0,0.0
2026-07-15T04:36:07Z,1812112026-07-14,18121,2026-07-14,SCHEDULED,180,3.0
2026-07-15T04:36:07Z,0306312026-07-14,03063,2026-07-14,SCHEDULED,-60,-1.0
2026-07-15T04:36:07Z,0306322026-07-14,03063,2026-07-14,SCHEDULED,-60,-1.0
2026-07-15T04:36:07Z,0306332026-07-14,03063,2026-07-14,SCHEDULED,-60,-1.0
2026-07-15T04:36:07Z,1831012026-07-14,18310,2026-07-14,SCHEDULED,-60,-1.0
2026-07-15T04:36:07Z,3586912026-07-14,35869,2026-07-14,SCHEDULED,180,3.0
2026-07-15T04:36:07Z,1891012026-07-14,18910,2026-07-14,SCHEDULED,240,4.0
2026-07-15T04:36:07Z,1443312026-07-14,14433,2026-07-14,SCHEDULED,60,1.0
2026-07-15T04:36:07Z,0306242026-07-14,03062,2026-07-14,SCHEDULED,600,10.0
2026-07-15T04:36:07Z,0306232026-07-14,03062,2026-07-14,SCHEDULED,600,10.0
2026-07-15T04:36:07Z,0306212026-07-14,03062,2026-07-14,SCHEDULED,600,10.0
2026-07-15T04:36:07Z,0306222026-07-14,03062,2026-07-14,SCHEDULED,600,10.0
2026-07-15T04:36:07Z,0366222026-07-14,03662,2026-07-14,SCHEDULED,120,2.0
2026-07-15T04:36:07Z,0366212026-07-14,03662,2026-07-14,SCHEDULED,120,2.0
2026-07-15T04:36:07Z,0406012026-07-15,04060,2026-07-15,SCHEDULED,180,3.0
2026-07-15T04:36:07Z,0408822026-07-15,04088,2026-07-15,SCHEDULED,120,2.0
2026-07-15T04:36:07Z,0429522026-07-14,04295,2026-07-14,SCHEDULED,120,2.0
2026-07-15T04:36:07Z,0429512026-07-14,04295,2026-07-14,SCHEDULED,120,2.0
2026-07-15T04:36:07Z,0446412026-07-15,04464,2026-07-15,SCHEDULED,-60,-1.0
2026-07-15T04:36:07Z,0415422026-07-15,04154,2026-07-15,SCHEDULED,0,0.0
2026-07-15T04:36:07Z,0415412026-07-15,04154,2026-07-15,SCHEDULED,0,0.0
2026-07-15T04:36:07Z,0486822026-07-15,04868,2026-07-15,SCHEDULED,0,0.0
2026-07-15T04:36:07Z,0486812026-07-15,04868,2026-07-15,SCHEDULED,0,0.0
2026-07-15T04:36:07Z,0506312026-07-14,05063,2026-07-14,SCHEDULED,0,0.0
2026-07-15T04:36:07Z,0506422026-07-14,05064,2026-07-14,SCHEDULED,180,3.0
2026-07-15T04:36:07Z,0506412026-07-14,05064,2026-07-14,SCHEDULED,180,3.0
2026-07-15T04:36:07Z,0506522026-07-14,05065,2026-07-14,SCHEDULED,60,1.0
2026-07-15T04:36:07Z,0506512026-07-14,05065,2026-07-14,SCHEDULED,60,1.0
2026-07-15T04:36:07Z,3890512026-07-14,38905,2026-07-14,CANCELED,,
2026-07-15T04:36:07Z,1300112026-07-15,13001,2026-07-15,CANCELED,,
2026-07-15T04:36:07Z,1307912026-07-15,13079,2026-07-15,CANCELED,,
2026-07-15T04:36:07Z,1391122026-07-14,13911,2026-07-14,CANCELED,,
2026-07-15T04:36:07Z,1391112026-07-14,13911,2026-07-14,CANCELED,,
2026-07-15T04:36:07Z,1602512026-07-14,16025,2026-07-14,CANCELED,,
2026-07-15T04:36:07Z,3507922026-07-15,35079,2026-07-15,CANCELED,,
2026-07-15T04:36:07Z,3507912026-07-15,35079,2026-07-15,CANCELED,,
2026-07-15T04:36:07Z,1301312026-07-14,13013,2026-07-14,CANCELED,,
2026-07-15T04:36:07Z,1611112026-07-14,16111,2026-07-14,CANCELED,,
2026-07-15T04:36:07Z,1305112026-07-14,13051,2026-07-14,CANCELED,,
2026-07-15T04:36:07Z,1719212026-07-14,17192,2026-07-14,CANCELED,,
2026-07-15T04:36:07Z,1305212026-07-14,13052,2026-07-14,CANCELED,,
2026-07-15T04:36:07Z,1719312026-07-14,17193,2026-07-14,CANCELED,,
2026-07-15T04:36:07Z,1390412026-07-14,13904,2026-07-14,CANCELED,,
2026-07-15T04:36:07Z,1390422026-07-14,13904,2026-07-14,CANCELED,,
2026-07-15T04:36:07Z,1390432026-07-14,13904,2026-07-14,CANCELED,,
2026-07-15T04:36:07Z,1810222026-07-14,18102,2026-07-14,CANCELED,,
2026-07-15T04:36:07Z,1810232026-07-14,18102,2026-07-14,CANCELED,,
2026-07-15T04:36:07Z,1810242026-07-14,18102,2026-07-14,CANCELED,,
2026-07-15T04:36:07Z,3890412026-07-14,38904,2026-07-14,CANCELED,,
2026-07-15T04:36:07Z,1810412026-07-14,18104,2026-07-14,CANCELED,,
2026-07-15T04:36:07Z,3810412026-07-14,38104,2026-07-14,CANCELED,,
2026-07-15T04:36:07Z,1800612026-07-14,18006,2026-07-14,CANCELED,,
2026-07-15T04:36:07Z,1390512026-07-14,13905,2026-07-14,CANCELED,,
2026-07-15T04:36:07Z,1390522026-07-14,13905,2026-07-14,CANCELED,,
2026-07-15T04:36:07Z,1390532026-07-14,13905,2026-07-14,CANCELED,,
2026-07-15T04:36:07Z,3800612026-07-14,38006,2026-07-14,CANCELED,,
2026-07-15T04:36:07Z,1262312026-07-14,12623,2026-07-14,CANCELED,,
2026-07-15T04:36:07Z,0029122026-07-15,00291,2026-07-15,CANCELED,,
2026-07-15T04:36:07Z,0029112026-07-15,00291,2026-07-15,CANCELED,,
2026-07-15T04:36:07Z,0029122026-07-15,00291,2026-07-15,CANCELED,,
2026-07-15T04:36:07Z,0029112026-07-15,00291,2026-07-15,CANCELED,,
2026-07-15T04:36:07Z,1810132026-07-14,18101,2026-07-14,CANCELED,,
2026-07-15T04:36:07Z,1810142026-07-14,18101,2026-07-14,CANCELED,,
2026-07-15T04:36:07Z,1810152026-07-14,18101,2026-07-14,CANCELED,,
2026-07-15T04:36:07Z,1703012026-07-14,17030,2026-07-14,CANCELED,,
2026-07-15T04:36:07Z,3709122026-07-14,37091,2026-07-14,CANCELED,,
2026-07-15T04:36:07Z,3709112026-07-14,37091,2026-07-14,CANCELED,,
2026-07-15T04:36:07Z,1703012026-07-14,17030,2026-07-14,CANCELED,,
2026-07-15T04:36:07Z,1833112026-07-14,18331,2026-07-14,CANCELED,,
2026-07-15T04:36:07Z,3709122026-07-14,37091,2026-07-14,CANCELED,,
2026-07-15T04:36:07Z,3709112026-07-14,37091,2026-07-14,CANCELED,,
2026-07-15T04:36:07Z,3739112026-07-14,37391,2026-07-14,CANCELED,,
2026-07-15T04:36:07Z,7187412026-07-14,71874,2026-07-14,CANCELED,,
2026-07-15T04:36:07Z,3739112026-07-14,37391,2026-07-14,CANCELED,,
2026-07-15T04:36:07Z,1242112026-07-14,12421,2026-07-14,CANCELED,,
2026-07-15T04:36:07Z,1252812026-07-14,12528,2026-07-14,CANCELED,,
2026-07-15T04:36:07Z,1261112026-07-14,12611,2026-07-14,CANCELED,,
2026-07-15T04:41:40Z,1504012026-07-14,15040,2026-07-14,SCHEDULED,420,7.0
2026-07-15T04:41:40Z,0506522026-07-14,05065,2026-07-14,SCHEDULED,-60,-1.0
2026-07-15T04:41:40Z,0506512026-07-14,05065,2026-07-14,SCHEDULED,-60,-1.0
2026-07-15T04:41:40Z,1505112026-07-14,15051,2026-07-14,SCHEDULED,0,0.0
2026-07-15T04:41:40Z,1521112026-07-14,15211,2026-07-14,SCHEDULED,0,0.0
2026-07-15T04:41:40Z,0566812026-07-14,05668,2026-07-14,SCHEDULED,300,5.0
2026-07-15T04:41:40Z,1564612026-07-14,15646,2026-07-14,SCHEDULED,60,1.0
2026-07-15T04:41:40Z,1565012026-07-14,15650,2026-07-14,SCHEDULED,0,0.0
2026-07-15T04:41:40Z,0576312026-07-14,05763,2026-07-14,SCHEDULED,-60,-1.0
2026-07-15T04:41:40Z,0576322026-07-14,05763,2026-07-14,SCHEDULED,-60,-1.0
2026-07-15T04:41:40Z,0576332026-07-14,05763,2026-07-14,SCHEDULED,-60,-1.0
2026-07-15T04:41:40Z,1572012026-07-14,15720,2026-07-14,SCHEDULED,180,3.0
2026-07-15T04:41:40Z,1575112026-07-14,15751,2026-07-14,SCHEDULED,0,0.0
2026-07-15T04:41:40Z,0587112026-07-14,05871,2026-07-14,SCHEDULED,300,5.0
2026-07-15T04:41:40Z,1577012026-07-14,15770,2026-07-14,SCHEDULED,0,0.0
2026-07-15T04:41:40Z,0806312026-07-14,08063,2026-07-14,SCHEDULED,240,4.0
2026-07-15T04:41:40Z,1577212026-07-14,15772,2026-07-14,SCHEDULED,0,0.0
2026-07-15T04:41:40Z,0826012026-07-14,08260,2026-07-14,SCHEDULED,300,5.0
2026-07-15T04:41:40Z,1590012026-07-14,15900,2026-07-14,SCHEDULED,240,4.0
2026-07-15T04:41:40Z,0826112026-07-14,08261,2026-07-14,SCHEDULED,240,4.0
2026-07-15T04:41:40Z,1710612026-07-14,17106,2026-07-14,SCHEDULED,0,0.0
2026-07-15T04:41:40Z,0847512026-07-14,08475,2026-07-14,SCHEDULED,-60,-1.0
2026-07-15T04:41:40Z,1710012026-07-14,17100,2026-07-14,SCHEDULED,60,1.0
2026-07-15T04:41:40Z,0865412026-07-14,08654,2026-07-14,SCHEDULED,600,10.0
2026-07-15T04:41:40Z,1750312026-07-14,17503,2026-07-14,SCHEDULED,0,0.0
2026-07-15T04:41:40Z,0866412026-07-14,08664,2026-07-14,SCHEDULED,120,2.0
2026-07-15T04:41:40Z,1770312026-07-14,17703,2026-07-14,SCHEDULED,0,0.0
2026-07-15T04:41:40Z,0807212026-07-14,08072,2026-07-14,SCHEDULED,0,0.0
2026-07-15T04:41:40Z,1770712026-07-14,17707,2026-07-14,SCHEDULED,0,0.0
2026-07-15T04:41:40Z,0405612026-07-15,04056,2026-07-15,SCHEDULED,-60,-1.0
2026-07-15T04:41:40Z,0407312026-07-15,04073,2026-07-15,SCHEDULED,-1920,-32.0
2026-07-15T04:41:40Z,1780612026-07-14,17806,2026-07-14,SCHEDULED,0,0.0
2026-07-15T04:41:40Z,1241112026-07-14,12411,2026-07-14,SCHEDULED,60,1.0
2026-07-15T04:41:40Z,1800112026-07-14,18001,2026-07-14,SCHEDULED,0,0.0
2026-07-15T04:41:40Z,1248012026-07-14,12480,2026-07-14,SCHEDULED,-2340,-39.0
2026-07-15T04:41:40Z,1803112026-07-14,18031,2026-07-14,SCHEDULED,60,1.0
2026-07-15T04:41:40Z,1268912026-07-14,12689,2026-07-14,SCHEDULED,120,2.0
2026-07-15T04:41:40Z,1804112026-07-14,18041,2026-07-14,SCHEDULED,60,1.0
2026-07-15T04:41:40Z,1804612026-07-14,18046,2026-07-14,SCHEDULED,300,5.0
2026-07-15T04:41:40Z,1304112026-07-14,13041,2026-07-14,SCHEDULED,60,1.0
2026-07-15T04:41:40Z,1308412026-07-14,13084,2026-07-14,SCHEDULED,60,1.0
2026-07-15T04:41:40Z,1804722026-07-14,18047,2026-07-14,SCHEDULED,60,1.0
2026-07-15T04:41:40Z,1395112026-07-14,13951,2026-07-14,SCHEDULED,180,3.0
2026-07-15T04:41:40Z,1805412026-07-14,18054,2026-07-14,SCHEDULED,60,1.0
2026-07-15T04:41:40Z,1806812026-07-14,18068,2026-07-14,SCHEDULED,0,0.0
2026-07-15T04:41:40Z,1320112026-07-14,13201,2026-07-14,SCHEDULED,60,1.0
2026-07-15T04:41:40Z,1807112026-07-14,18071,2026-07-14,SCHEDULED,-60,-1.0
2026-07-15T04:41:40Z,1320212026-07-14,13202,2026-07-14,SCHEDULED,120,2.0
2026-07-15T04:41:40Z,1807212026-07-14,18072,2026-07-14,SCHEDULED,180,3.0
2026-07-15T04:41:40Z,1500012026-07-14,15000,2026-07-14,SCHEDULED,300,5.0
2026-07-15T04:41:40Z,1806612026-07-14,18066,2026-07-14,SCHEDULED,0,0.0
2026-07-15T04:41:40Z,1500212026-07-14,15002,2026-07-14,SCHEDULED,60,1.0
2026-07-15T04:41:40Z,1812012026-07-14,18120,2026-07-14,SCHEDULED,0,0.0
2026-07-15T04:41:40Z,1812112026-07-14,18121,2026-07-14,SCHEDULED,180,3.0
2026-07-15T04:41:40Z,0411422026-07-15,04114,2026-07-15,SCHEDULED,600,10.0
2026-07-15T04:41:40Z,0411412026-07-15,04114,2026-07-15,SCHEDULED,600,10.0
2026-07-15T04:41:40Z,1831012026-07-14,18310,2026-07-14,SCHEDULED,-60,-1.0
2026-07-15T04:41:40Z,3586912026-07-14,35869,2026-07-14,SCHEDULED,120,2.0
2026-07-15T04:41:40Z,1891012026-07-14,18910,2026-07-14,SCHEDULED,240,4.0
2026-07-15T04:41:40Z,0075222026-07-15,00752,2026-07-15,SCHEDULED,840,14.0
2026-07-15T04:41:40Z,0075212026-07-15,00752,2026-07-15,SCHEDULED,840,14.0
2026-07-15T04:41:40Z,1443312026-07-14,14433,2026-07-14,SCHEDULED,-60,-1.0
2026-07-15T04:41:40Z,1530912026-07-14,15309,2026-07-14,SCHEDULED,-180,-3.0
2026-07-15T04:41:40Z,0075222026-07-15,00752,2026-07-15,SCHEDULED,120,2.0
2026-07-15T04:41:40Z,0075212026-07-15,00752,2026-07-15,SCHEDULED,120,2.0
2026-07-15T04:41:40Z,1503022026-07-14,15030,2026-07-14,SCHEDULED,-120,-2.0
2026-07-15T04:41:40Z,0107212026-07-14,01072,2026-07-14,SCHEDULED,300,5.0
2026-07-15T04:41:40Z,1503112026-07-14,15031,2026-07-14,SCHEDULED,0,0.0
2026-07-15T04:41:40Z,0206112026-07-14,02061,2026-07-14,SCHEDULED,480,8.0
2026-07-15T04:41:40Z,1600012026-07-14,16000,2026-07-14,SCHEDULED,60,1.0
2026-07-15T04:41:40Z,0206312026-07-14,02063,2026-07-14,SCHEDULED,-600,-10.0
2026-07-15T04:41:40Z,1447012026-07-14,14470,2026-07-14,SCHEDULED,60,1.0
2026-07-15T04:41:40Z,0206712026-07-14,02067,2026-07-14,SCHEDULED,-60,-1.0
2026-07-15T04:41:40Z,0207512026-07-15,02075,2026-07-15,SCHEDULED,0,0.0
2026-07-15T04:41:40Z,0226112026-07-14,02261,2026-07-14,SCHEDULED,0,0.0
2026-07-15T04:41:40Z,1702112026-07-14,17021,2026-07-14,SCHEDULED,120,2.0
2026-07-15T04:41:40Z,1702122026-07-14,17021,2026-07-14,SCHEDULED,120,2.0
2026-07-15T04:41:40Z,1702132026-07-14,17021,2026-07-14,SCHEDULED,120,2.0
2026-07-15T04:41:40Z,0306012026-07-14,03060,2026-07-14,SCHEDULED,540,9.0
2026-07-15T04:41:40Z,0906112026-07-14,09061,2026-07-14,SCHEDULED,0,0.0
2026-07-15T04:41:40Z,0947012026-07-14,09470,2026-07-14,SCHEDULED,0,0.0
2026-07-15T04:41:40Z,0330112026-07-14,03301,2026-07-14,SCHEDULED,180,3.0
2026-07-15T04:41:40Z,1562012026-07-14,15620,2026-07-14,SCHEDULED,900,15.0
2026-07-15T04:41:40Z,1562112026-07-14,15621,2026-07-14,SCHEDULED,720,12.0
2026-07-15T04:41:40Z,0306242026-07-14,03062,2026-07-14,SCHEDULED,300,5.0
2026-07-15T04:41:40Z,0306232026-07-14,03062,2026-07-14,SCHEDULED,300,5.0
2026-07-15T04:41:40Z,0306212026-07-14,03062,2026-07-14,SCHEDULED,300,5.0
2026-07-15T04:41:40Z,0306222026-07-14,03062,2026-07-14,SCHEDULED,300,5.0
2026-07-15T04:41:40Z,1563012026-07-14,15630,2026-07-14,SCHEDULED,60,1.0
2026-07-15T04:41:40Z,1401812026-07-14,14018,2026-07-14,SCHEDULED,60,1.0
2026-07-15T04:41:40Z,1251212026-07-14,12512,2026-07-14,SCHEDULED,0,0.0
2026-07-15T04:41:40Z,0306312026-07-14,03063,2026-07-14,SCHEDULED,0,0.0
2026-07-15T04:41:40Z,0306322026-07-14,03063,2026-07-14,SCHEDULED,0,0.0
2026-07-15T04:41:40Z,0306332026-07-14,03063,2026-07-14,SCHEDULED,0,0.0
2026-07-15T04:41:40Z,0306242026-07-14,03062,2026-07-14,SCHEDULED,660,11.0
2026-07-15T04:41:40Z,0306232026-07-14,03062,2026-07-14,SCHEDULED,660,11.0
2026-07-15T04:41:40Z,0306212026-07-14,03062,2026-07-14,SCHEDULED,660,11.0
2026-07-15T04:41:40Z,0306222026-07-14,03062,2026-07-14,SCHEDULED,660,11.0
2026-07-15T04:41:40Z,0366222026-07-14,03662,2026-07-14,SCHEDULED,180,3.0
2026-07-15T04:41:40Z,0366212026-07-14,03662,2026-07-14,SCHEDULED,180,3.0
2026-07-15T04:41:40Z,0406012026-07-15,04060,2026-07-15,SCHEDULED,240,4.0
2026-07-15T04:41:40Z,0408822026-07-15,04088,2026-07-15,SCHEDULED,180,3.0
2026-07-15T04:41:40Z,0429522026-07-14,04295,2026-07-14,SCHEDULED,120,2.0
2026-07-15T04:41:40Z,0429512026-07-14,04295,2026-07-14,SCHEDULED,120,2.0
2026-07-15T04:41:40Z,0446412026-07-15,04464,2026-07-15,SCHEDULED,-60,-1.0
2026-07-15T04:41:40Z,0415422026-07-15,04154,2026-07-15,SCHEDULED,-60,-1.0
2026-07-15T04:41:40Z,0415412026-07-15,04154,2026-07-15,SCHEDULED,-60,-1.0
2026-07-15T04:41:40Z,0486822026-07-15,04868,2026-07-15,SCHEDULED,0,0.0
2026-07-15T04:41:40Z,0486812026-07-15,04868,2026-07-15,SCHEDULED,0,0.0
2026-07-15T04:41:40Z,0506312026-07-14,05063,2026-07-14,SCHEDULED,0,0.0
2026-07-15T04:41:40Z,0506422026-07-14,05064,2026-07-14,SCHEDULED,240,4.0
2026-07-15T04:41:40Z,0506412026-07-14,05064,2026-07-14,SCHEDULED,240,4.0
2026-07-15T04:41:40Z,1300112026-07-15,13001,2026-07-15,CANCELED,,
2026-07-15T04:41:40Z,3890512026-07-14,38905,2026-07-14,CANCELED,,
2026-07-15T04:41:40Z,1307912026-07-15,13079,2026-07-15,CANCELED,,
2026-07-15T04:41:40Z,1391122026-07-14,13911,2026-07-14,CANCELED,,
2026-07-15T04:41:40Z,1391112026-07-14,13911,2026-07-14,CANCELED,,
2026-07-15T04:41:40Z,3507922026-07-15,35079,2026-07-15,CANCELED,,
2026-07-15T04:41:40Z,3507912026-07-15,35079,2026-07-15,CANCELED,,
2026-07-15T04:41:40Z,1602512026-07-14,16025,2026-07-14,CANCELED,,
2026-07-15T04:41:40Z,1301312026-07-14,13013,2026-07-14,CANCELED,,
2026-07-15T04:41:40Z,1611112026-07-14,16111,2026-07-14,CANCELED,,
2026-07-15T04:41:40Z,1305112026-07-14,13051,2026-07-14,CANCELED,,
2026-07-15T04:41:40Z,1719212026-07-14,17192,2026-07-14,CANCELED,,
2026-07-15T04:41:40Z,1305212026-07-14,13052,2026-07-14,CANCELED,,
2026-07-15T04:41:40Z,1719312026-07-14,17193,2026-07-14,CANCELED,,
2026-07-15T04:41:40Z,1390412026-07-14,13904,2026-07-14,CANCELED,,
2026-07-15T04:41:40Z,1390422026-07-14,13904,2026-07-14,CANCELED,,
2026-07-15T04:41:40Z,1390432026-07-14,13904,2026-07-14,CANCELED,,
2026-07-15T04:41:40Z,1810222026-07-14,18102,2026-07-14,CANCELED,,
2026-07-15T04:41:40Z,1810232026-07-14,18102,2026-07-14,CANCELED,,
2026-07-15T04:41:40Z,1810242026-07-14,18102,2026-07-14,CANCELED,,
2026-07-15T04:41:40Z,3890412026-07-14,38904,2026-07-14,CANCELED,,
2026-07-15T04:41:40Z,1810412026-07-14,18104,2026-07-14,CANCELED,,
2026-07-15T04:41:40Z,3810412026-07-14,38104,2026-07-14,CANCELED,,
2026-07-15T04:41:40Z,1390512026-07-14,13905,2026-07-14,CANCELED,,
2026-07-15T04:41:40Z,1390522026-07-14,13905,2026-07-14,CANCELED,,
2026-07-15T04:41:40Z,1390532026-07-14,13905,2026-07-14,CANCELED,,
2026-07-15T04:41:40Z,1800612026-07-14,18006,2026-07-14,CANCELED,,
2026-07-15T04:41:40Z,3800612026-07-14,38006,2026-07-14,CANCELED,,
2026-07-15T04:41:40Z,0029122026-07-15,00291,2026-07-15,CANCELED,,
2026-07-15T04:41:40Z,0029112026-07-15,00291,2026-07-15,CANCELED,,
2026-07-15T04:41:40Z,1262312026-07-14,12623,2026-07-14,CANCELED,,
2026-07-15T04:41:40Z,0029122026-07-15,00291,2026-07-15,CANCELED,,
2026-07-15T04:41:40Z,0029112026-07-15,00291,2026-07-15,CANCELED,,
2026-07-15T04:41:40Z,1810132026-07-14,18101,2026-07-14,CANCELED,,
2026-07-15T04:41:40Z,1810142026-07-14,18101,2026-07-14,CANCELED,,
2026-07-15T04:41:40Z,1810152026-07-14,18101,2026-07-14,CANCELED,,
2026-07-15T04:41:40Z,3709122026-07-14,37091,2026-07-14,CANCELED,,
2026-07-15T04:41:40Z,3709112026-07-14,37091,2026-07-14,CANCELED,,
2026-07-15T04:41:40Z,1703012026-07-14,17030,2026-07-14,CANCELED,,
2026-07-15T04:41:40Z,1703012026-07-14,17030,2026-07-14,CANCELED,,
2026-07-15T04:41:40Z,3709122026-07-14,37091,2026-07-14,CANCELED,,
2026-07-15T04:41:40Z,3709112026-07-14,37091,2026-07-14,CANCELED,,
2026-07-15T04:41:40Z,3739112026-07-14,37391,2026-07-14,CANCELED,,
2026-07-15T04:41:40Z,1833112026-07-14,18331,2026-07-14,CANCELED,,
2026-07-15T04:41:40Z,3739112026-07-14,37391,2026-07-14,CANCELED,,
2026-07-15T04:41:40Z,1242112026-07-14,12421,2026-07-14,CANCELED,,
2026-07-15T04:41:40Z,7187412026-07-14,71874,2026-07-14,CANCELED,,
2026-07-15T04:41:40Z,1252812026-07-14,12528,2026-07-14,CANCELED,,
2026-07-15T04:41:40Z,1261112026-07-14,12611,2026-07-14,CANCELED,,
2026-07-15T04:46:18Z,1395112026-07-14,13951,2026-07-14,SCHEDULED,180,3.0
2026-07-15T04:46:18Z,1320112026-07-14,13201,2026-07-14,SCHEDULED,0,0.0
2026-07-15T04:46:18Z,0509222026-07-15,05092,2026-07-15,SCHEDULED,120,2.0
2026-07-15T04:46:18Z,0509212026-07-15,05092,2026-07-15,SCHEDULED,120,2.0
2026-07-15T04:46:18Z,1320212026-07-14,13202,2026-07-14,SCHEDULED,60,1.0
2026-07-15T04:46:18Z,0508012026-07-15,05080,2026-07-15,SCHEDULED,120,2.0
2026-07-15T04:46:18Z,0508032026-07-15,05080,2026-07-15,SCHEDULED,120,2.0
2026-07-15T04:46:18Z,0508022026-07-15,05080,2026-07-15,SCHEDULED,120,2.0
2026-07-15T04:46:18Z,0566812026-07-14,05668,2026-07-14,SCHEDULED,360,6.0
2026-07-15T04:46:18Z,1412322026-07-14,14123,2026-07-14,SCHEDULED,0,0.0
2026-07-15T04:46:18Z,1412342026-07-14,14123,2026-07-14,SCHEDULED,0,0.0
2026-07-15T04:46:18Z,1412332026-07-14,14123,2026-07-14,SCHEDULED,0,0.0
2026-07-15T04:46:18Z,1500012026-07-14,15000,2026-07-14,SCHEDULED,300,5.0
2026-07-15T04:46:18Z,1500212026-07-14,15002,2026-07-14,SCHEDULED,240,4.0
2026-07-15T04:46:18Z,0576312026-07-14,05763,2026-07-14,SCHEDULED,-60,-1.0
2026-07-15T04:46:18Z,0576322026-07-14,05763,2026-07-14,SCHEDULED,-60,-1.0
2026-07-15T04:46:18Z,0576332026-07-14,05763,2026-07-14,SCHEDULED,-60,-1.0
2026-07-15T04:46:18Z,0587112026-07-14,05871,2026-07-14,SCHEDULED,120,2.0
2026-07-15T04:46:18Z,1504012026-07-14,15040,2026-07-14,SCHEDULED,1320,22.0
2026-07-15T04:46:18Z,1505112026-07-14,15051,2026-07-14,SCHEDULED,0,0.0
2026-07-15T04:46:18Z,0805812026-07-15,08058,2026-07-15,SCHEDULED,0,0.0
2026-07-15T04:46:18Z,1521112026-07-14,15211,2026-07-14,SCHEDULED,-120,-2.0
2026-07-15T04:46:18Z,0806312026-07-14,08063,2026-07-14,SCHEDULED,180,3.0
2026-07-15T04:46:18Z,1564612026-07-14,15646,2026-07-14,SCHEDULED,-60,-1.0
2026-07-15T04:46:18Z,0806812026-07-15,08068,2026-07-15,SCHEDULED,0,0.0
2026-07-15T04:46:18Z,1565012026-07-14,15650,2026-07-14,SCHEDULED,0,0.0
2026-07-15T04:46:18Z,0806912026-07-14,08069,2026-07-14,SCHEDULED,360,6.0
2026-07-15T04:46:18Z,1572012026-07-14,15720,2026-07-14,SCHEDULED,180,3.0
2026-07-15T04:46:18Z,0807512026-07-14,08075,2026-07-14,SCHEDULED,240,4.0
2026-07-15T04:46:18Z,1575112026-07-14,15751,2026-07-14,SCHEDULED,60,1.0
2026-07-15T04:46:18Z,0826012026-07-14,08260,2026-07-14,SCHEDULED,300,5.0
2026-07-15T04:46:18Z,1577012026-07-14,15770,2026-07-14,SCHEDULED,60,1.0
2026-07-15T04:46:18Z,0826112026-07-14,08261,2026-07-14,SCHEDULED,240,4.0
2026-07-15T04:46:18Z,1577212026-07-14,15772,2026-07-14,SCHEDULED,0,0.0
2026-07-15T04:46:18Z,0847512026-07-14,08475,2026-07-14,SCHEDULED,0,0.0
2026-07-15T04:46:18Z,1590012026-07-14,15900,2026-07-14,SCHEDULED,180,3.0
2026-07-15T04:46:18Z,0865412026-07-14,08654,2026-07-14,SCHEDULED,300,5.0
2026-07-15T04:46:18Z,1710612026-07-14,17106,2026-07-14,SCHEDULED,60,1.0
2026-07-15T04:46:18Z,0866412026-07-14,08664,2026-07-14,SCHEDULED,120,2.0
2026-07-15T04:46:18Z,1710012026-07-14,17100,2026-07-14,SCHEDULED,120,2.0
2026-07-15T04:46:18Z,1750312026-07-14,17503,2026-07-14,SCHEDULED,180,3.0
2026-07-15T04:46:18Z,0807212026-07-14,08072,2026-07-14,SCHEDULED,0,0.0
2026-07-15T04:46:18Z,1770312026-07-14,17703,2026-07-14,SCHEDULED,0,0.0
2026-07-15T04:46:18Z,0906712026-07-14,09067,2026-07-14,SCHEDULED,-60,-1.0
2026-07-15T04:46:18Z,1780612026-07-14,17806,2026-07-14,SCHEDULED,60,1.0
2026-07-15T04:46:18Z,0405612026-07-15,04056,2026-07-15,SCHEDULED,-60,-1.0
2026-07-15T04:46:18Z,1800112026-07-14,18001,2026-07-14,SCHEDULED,0,0.0
2026-07-15T04:46:18Z,0407312026-07-15,04073,2026-07-15,SCHEDULED,-1920,-32.0
2026-07-15T04:46:18Z,1803112026-07-14,18031,2026-07-14,SCHEDULED,60,1.0
2026-07-15T04:46:18Z,1241112026-07-14,12411,2026-07-14,SCHEDULED,360,6.0
2026-07-15T04:46:18Z,1804112026-07-14,18041,2026-07-14,SCHEDULED,0,0.0
2026-07-15T04:46:18Z,1248012026-07-14,12480,2026-07-14,SCHEDULED,-2340,-39.0
2026-07-15T04:46:18Z,1530912026-07-14,15309,2026-07-14,SCHEDULED,-60,-1.0
2026-07-15T04:46:18Z,1268912026-07-14,12689,2026-07-14,SCHEDULED,120,2.0
2026-07-15T04:46:18Z,1503022026-07-14,15030,2026-07-14,SCHEDULED,-120,-2.0
2026-07-15T04:46:18Z,1300012026-07-14,13000,2026-07-14,SCHEDULED,60,1.0
2026-07-15T04:46:18Z,1503112026-07-14,15031,2026-07-14,SCHEDULED,120,2.0
2026-07-15T04:46:18Z,1303012026-07-14,13030,2026-07-14,SCHEDULED,0,0.0
2026-07-15T04:46:18Z,1600012026-07-14,16000,2026-07-14,SCHEDULED,-60,-1.0
2026-07-15T04:46:18Z,1304112026-07-14,13041,2026-07-14,SCHEDULED,180,3.0
2026-07-15T04:46:18Z,1447012026-07-14,14470,2026-07-14,SCHEDULED,0,0.0
2026-07-15T04:46:18Z,1308412026-07-14,13084,2026-07-14,SCHEDULED,240,4.0
2026-07-15T04:46:18Z,1702112026-07-14,17021,2026-07-14,SCHEDULED,120,2.0
2026-07-15T04:46:18Z,1702122026-07-14,17021,2026-07-14,SCHEDULED,120,2.0
2026-07-15T04:46:18Z,1702132026-07-14,17021,2026-07-14,SCHEDULED,120,2.0
2026-07-15T04:46:18Z,0411422026-07-15,04114,2026-07-15,SCHEDULED,420,7.0
2026-07-15T04:46:18Z,0411412026-07-15,04114,2026-07-15,SCHEDULED,420,7.0
2026-07-15T04:46:18Z,0906112026-07-14,09061,2026-07-14,SCHEDULED,0,0.0
2026-07-15T04:46:18Z,0947012026-07-14,09470,2026-07-14,SCHEDULED,0,0.0
2026-07-15T04:46:18Z,0075222026-07-15,00752,2026-07-15,SCHEDULED,900,15.0
2026-07-15T04:46:18Z,0075212026-07-15,00752,2026-07-15,SCHEDULED,900,15.0
2026-07-15T04:46:18Z,1562012026-07-14,15620,2026-07-14,SCHEDULED,900,15.0
2026-07-15T04:46:18Z,0075222026-07-15,00752,2026-07-15,SCHEDULED,180,3.0
2026-07-15T04:46:18Z,0075212026-07-15,00752,2026-07-15,SCHEDULED,180,3.0
2026-07-15T04:46:18Z,1562112026-07-14,15621,2026-07-14,SCHEDULED,720,12.0
2026-07-15T04:46:18Z,3460912026-07-14,34609,2026-07-14,SCHEDULED,120,2.0
2026-07-15T04:46:18Z,0107212026-07-14,01072,2026-07-14,SCHEDULED,300,5.0
2026-07-15T04:46:18Z,1563012026-07-14,15630,2026-07-14,SCHEDULED,60,1.0
2026-07-15T04:46:18Z,0206112026-07-14,02061,2026-07-14,SCHEDULED,360,6.0
2026-07-15T04:46:18Z,1401812026-07-14,14018,2026-07-14,SCHEDULED,120,2.0
2026-07-15T04:46:18Z,0206312026-07-14,02063,2026-07-14,SCHEDULED,-300,-5.0
2026-07-15T04:46:18Z,1251212026-07-14,12512,2026-07-14,SCHEDULED,0,0.0
2026-07-15T04:46:18Z,0206712026-07-14,02067,2026-07-14,SCHEDULED,0,0.0
2026-07-15T04:46:18Z,1804612026-07-14,18046,2026-07-14,SCHEDULED,300,5.0
2026-07-15T04:46:18Z,0207512026-07-15,02075,2026-07-15,SCHEDULED,60,1.0
2026-07-15T04:46:18Z,0226112026-07-14,02261,2026-07-14,SCHEDULED,0,0.0
2026-07-15T04:46:18Z,1804722026-07-14,18047,2026-07-14,SCHEDULED,0,0.0
2026-07-15T04:46:18Z,0306012026-07-14,03060,2026-07-14,SCHEDULED,540,9.0
2026-07-15T04:46:18Z,1805412026-07-14,18054,2026-07-14,SCHEDULED,-60,-1.0
2026-07-15T04:46:18Z,1806812026-07-14,18068,2026-07-14,SCHEDULED,-60,-1.0
2026-07-15T04:46:18Z,0330112026-07-14,03301,2026-07-14,SCHEDULED,240,4.0
2026-07-15T04:46:18Z,1807112026-07-14,18071,2026-07-14,SCHEDULED,0,0.0
2026-07-15T04:46:18Z,1807212026-07-14,18072,2026-07-14,SCHEDULED,240,4.0
2026-07-15T04:46:18Z,1806612026-07-14,18066,2026-07-14,SCHEDULED,0,0.0
2026-07-15T04:46:18Z,0306242026-07-14,03062,2026-07-14,SCHEDULED,240,4.0
2026-07-15T04:46:18Z,0306232026-07-14,03062,2026-07-14,SCHEDULED,240,4.0
2026-07-15T04:46:18Z,0306212026-07-14,03062,2026-07-14,SCHEDULED,240,4.0
2026-07-15T04:46:18Z,0306222026-07-14,03062,2026-07-14,SCHEDULED,240,4.0
2026-07-15T04:46:18Z,1812012026-07-14,18120,2026-07-14,SCHEDULED,0,0.0
2026-07-15T04:46:18Z,1812112026-07-14,18121,2026-07-14,SCHEDULED,120,2.0
2026-07-15T04:46:18Z,1831012026-07-14,18310,2026-07-14,SCHEDULED,60,1.0
2026-07-15T04:46:18Z,0306312026-07-14,03063,2026-07-14,SCHEDULED,60,1.0
2026-07-15T04:46:18Z,0306322026-07-14,03063,2026-07-14,SCHEDULED,60,1.0
2026-07-15T04:46:18Z,0306332026-07-14,03063,2026-07-14,SCHEDULED,60,1.0
2026-07-15T04:46:18Z,3586912026-07-14,35869,2026-07-14,SCHEDULED,180,3.0
2026-07-15T04:46:18Z,1891012026-07-14,18910,2026-07-14,SCHEDULED,300,5.0
2026-07-15T04:46:18Z,1443312026-07-14,14433,2026-07-14,SCHEDULED,0,0.0
2026-07-15T04:46:18Z,0306242026-07-14,03062,2026-07-14,SCHEDULED,780,13.0
2026-07-15T04:46:18Z,0306232026-07-14,03062,2026-07-14,SCHEDULED,780,13.0
2026-07-15T04:46:18Z,0306212026-07-14,03062,2026-07-14,SCHEDULED,780,13.0
2026-07-15T04:46:18Z,0306222026-07-14,03062,2026-07-14,SCHEDULED,780,13.0
2026-07-15T04:46:18Z,0366222026-07-14,03662,2026-07-14,SCHEDULED,240,4.0
2026-07-15T04:46:18Z,0366212026-07-14,03662,2026-07-14,SCHEDULED,240,4.0
2026-07-15T04:46:18Z,0406012026-07-15,04060,2026-07-15,SCHEDULED,240,4.0
2026-07-15T04:46:18Z,0408822026-07-15,04088,2026-07-15,SCHEDULED,240,4.0
2026-07-15T04:46:18Z,0429522026-07-14,04295,2026-07-14,SCHEDULED,120,2.0
2026-07-15T04:46:18Z,0429512026-07-14,04295,2026-07-14,SCHEDULED,120,2.0
2026-07-15T04:46:18Z,0446412026-07-15,04464,2026-07-15,SCHEDULED,-180,-3.0
2026-07-15T04:46:18Z,0415422026-07-15,04154,2026-07-15,SCHEDULED,-60,-1.0
2026-07-15T04:46:18Z,0415412026-07-15,04154,2026-07-15,SCHEDULED,-60,-1.0
2026-07-15T04:46:18Z,0486822026-07-15,04868,2026-07-15,SCHEDULED,-60,-1.0
2026-07-15T04:46:18Z,0486812026-07-15,04868,2026-07-15,SCHEDULED,-60,-1.0
2026-07-15T04:46:18Z,0506312026-07-14,05063,2026-07-14,SCHEDULED,0,0.0
2026-07-15T04:46:18Z,0506422026-07-14,05064,2026-07-14,SCHEDULED,60,1.0
2026-07-15T04:46:18Z,0506412026-07-14,05064,2026-07-14,SCHEDULED,60,1.0
2026-07-15T04:46:18Z,0506522026-07-14,05065,2026-07-14,SCHEDULED,-60,-1.0
2026-07-15T04:46:18Z,0506512026-07-14,05065,2026-07-14,SCHEDULED,-60,-1.0
2026-07-15T04:46:18Z,1300112026-07-15,13001,2026-07-15,CANCELED,,
2026-07-15T04:46:18Z,3890512026-07-14,38905,2026-07-14,CANCELED,,
2026-07-15T04:46:18Z,1307912026-07-15,13079,2026-07-15,CANCELED,,
2026-07-15T04:46:18Z,1391122026-07-14,13911,2026-07-14,CANCELED,,
2026-07-15T04:46:18Z,1391112026-07-14,13911,2026-07-14,CANCELED,,
2026-07-15T04:46:18Z,3507922026-07-15,35079,2026-07-15,CANCELED,,
2026-07-15T04:46:18Z,3507912026-07-15,35079,2026-07-15,CANCELED,,
2026-07-15T04:46:18Z,1602512026-07-14,16025,2026-07-14,CANCELED,,
2026-07-15T04:46:18Z,1301312026-07-14,13013,2026-07-14,CANCELED,,
2026-07-15T04:46:18Z,1305112026-07-14,13051,2026-07-14,CANCELED,,
2026-07-15T04:46:18Z,1611112026-07-14,16111,2026-07-14,CANCELED,,
2026-07-15T04:46:18Z,1305212026-07-14,13052,2026-07-14,CANCELED,,
2026-07-15T04:46:18Z,1719212026-07-14,17192,2026-07-14,CANCELED,,
2026-07-15T04:46:18Z,1719312026-07-14,17193,2026-07-14,CANCELED,,
2026-07-15T04:46:18Z,1390412026-07-14,13904,2026-07-14,CANCELED,,
2026-07-15T04:46:18Z,1390422026-07-14,13904,2026-07-14,CANCELED,,
2026-07-15T04:46:18Z,1390432026-07-14,13904,2026-07-14,CANCELED,,
2026-07-15T04:46:18Z,3890412026-07-14,38904,2026-07-14,CANCELED,,
2026-07-15T04:46:18Z,1810222026-07-14,18102,2026-07-14,CANCELED,,
2026-07-15T04:46:18Z,1810232026-07-14,18102,2026-07-14,CANCELED,,
2026-07-15T04:46:18Z,1810242026-07-14,18102,2026-07-14,CANCELED,,
2026-07-15T04:46:18Z,1810412026-07-14,18104,2026-07-14,CANCELED,,
2026-07-15T04:46:18Z,3810412026-07-14,38104,2026-07-14,CANCELED,,
2026-07-15T04:46:18Z,1390512026-07-14,13905,2026-07-14,CANCELED,,
2026-07-15T04:46:18Z,1390522026-07-14,13905,2026-07-14,CANCELED,,
2026-07-15T04:46:18Z,1390532026-07-14,13905,2026-07-14,CANCELED,,
2026-07-15T04:46:18Z,1800612026-07-14,18006,2026-07-14,CANCELED,,
2026-07-15T04:46:18Z,0029122026-07-15,00291,2026-07-15,CANCELED,,
2026-07-15T04:46:18Z,0029112026-07-15,00291,2026-07-15,CANCELED,,
2026-07-15T04:46:18Z,3800612026-07-14,38006,2026-07-14,CANCELED,,
2026-07-15T04:46:18Z,1262312026-07-14,12623,2026-07-14,CANCELED,,
2026-07-15T04:46:18Z,0029122026-07-15,00291,2026-07-15,CANCELED,,
2026-07-15T04:46:18Z,0029112026-07-15,00291,2026-07-15,CANCELED,,
2026-07-15T04:46:18Z,3709122026-07-14,37091,2026-07-14,CANCELED,,
2026-07-15T04:46:18Z,3709112026-07-14,37091,2026-07-14,CANCELED,,
2026-07-15T04:46:18Z,1810132026-07-14,18101,2026-07-14,CANCELED,,
2026-07-15T04:46:18Z,1810142026-07-14,18101,2026-07-14,CANCELED,,
2026-07-15T04:46:18Z,1810152026-07-14,18101,2026-07-14,CANCELED,,
2026-07-15T04:46:18Z,1703012026-07-14,17030,2026-07-14,CANCELED,,
2026-07-15T04:46:18Z,3709122026-07-14,37091,2026-07-14,CANCELED,,
2026-07-15T04:46:18Z,3709112026-07-14,37091,2026-07-14,CANCELED,,
2026-07-15T04:46:18Z,1703012026-07-14,17030,2026-07-14,CANCELED,,
2026-07-15T04:46:18Z,3739112026-07-14,37391,2026-07-14,CANCELED,,
2026-07-15T04:46:18Z,3739112026-07-14,37391,2026-07-14,CANCELED,,
2026-07-15T04:46:18Z,1242112026-07-14,12421,2026-07-14,CANCELED,,
2026-07-15T04:46:18Z,1833112026-07-14,18331,2026-07-14,CANCELED,,
2026-07-15T04:46:18Z,1252812026-07-14,12528,2026-07-14,CANCELED,,
2026-07-15T04:46:18Z,1261112026-07-14,12611,2026-07-14,CANCELED,,
2026-07-15T04:46:18Z,7187412026-07-14,71874,2026-07-14,CANCELED,,
2026-07-15T04:51:40Z,1320112026-07-14,13201,2026-07-14,SCHEDULED,0,0.0
2026-07-15T04:51:40Z,1320212026-07-14,13202,2026-07-14,SCHEDULED,0,0.0
2026-07-15T04:51:40Z,0508012026-07-15,05080,2026-07-15,SCHEDULED,60,1.0
2026-07-15T04:51:40Z,0508032026-07-15,05080,2026-07-15,SCHEDULED,60,1.0
2026-07-15T04:51:40Z,0508022026-07-15,05080,2026-07-15,SCHEDULED,60,1.0
2026-07-15T04:51:40Z,0566812026-07-14,05668,2026-07-14,SCHEDULED,360,6.0
2026-07-15T04:51:40Z,1412322026-07-14,14123,2026-07-14,SCHEDULED,0,0.0
2026-07-15T04:51:40Z,1412342026-07-14,14123,2026-07-14,SCHEDULED,0,0.0
2026-07-15T04:51:40Z,1412332026-07-14,14123,2026-07-14,SCHEDULED,0,0.0
2026-07-15T04:51:40Z,1500012026-07-14,15000,2026-07-14,SCHEDULED,240,4.0
2026-07-15T04:51:40Z,0576312026-07-14,05763,2026-07-14,SCHEDULED,-120,-2.0
2026-07-15T04:51:40Z,0576322026-07-14,05763,2026-07-14,SCHEDULED,-120,-2.0
2026-07-15T04:51:40Z,0576332026-07-14,05763,2026-07-14,SCHEDULED,-120,-2.0
2026-07-15T04:51:40Z,1500112026-07-14,15001,2026-07-14,SCHEDULED,-60,-1.0
2026-07-15T04:51:40Z,0587112026-07-14,05871,2026-07-14,SCHEDULED,180,3.0
2026-07-15T04:51:40Z,0805812026-07-15,08058,2026-07-15,SCHEDULED,0,0.0
2026-07-15T04:51:40Z,1500212026-07-14,15002,2026-07-14,SCHEDULED,240,4.0
2026-07-15T04:51:40Z,0806212026-07-14,08062,2026-07-14,SCHEDULED,60,1.0
2026-07-15T04:51:40Z,1504012026-07-14,15040,2026-07-14,SCHEDULED,1320,22.0
2026-07-15T04:51:40Z,0806312026-07-14,08063,2026-07-14,SCHEDULED,180,3.0
2026-07-15T04:51:40Z,1505112026-07-14,15051,2026-07-14,SCHEDULED,0,0.0
2026-07-15T04:51:40Z,0806812026-07-15,08068,2026-07-15,SCHEDULED,0,0.0
2026-07-15T04:51:40Z,1564612026-07-14,15646,2026-07-14,SCHEDULED,-180,-3.0
2026-07-15T04:51:40Z,0806912026-07-14,08069,2026-07-14,SCHEDULED,360,6.0
2026-07-15T04:51:40Z,1565012026-07-14,15650,2026-07-14,SCHEDULED,60,1.0
2026-07-15T04:51:40Z,0807512026-07-14,08075,2026-07-14,SCHEDULED,180,3.0
2026-07-15T04:51:40Z,1572012026-07-14,15720,2026-07-14,SCHEDULED,180,3.0
2026-07-15T04:51:40Z,0826012026-07-14,08260,2026-07-14,SCHEDULED,300,5.0
2026-07-15T04:51:40Z,1572212026-07-14,15722,2026-07-14,SCHEDULED,0,0.0
2026-07-15T04:51:40Z,0826112026-07-14,08261,2026-07-14,SCHEDULED,300,5.0
2026-07-15T04:51:40Z,1575112026-07-14,15751,2026-07-14,SCHEDULED,0,0.0
2026-07-15T04:51:40Z,0847512026-07-14,08475,2026-07-14,SCHEDULED,0,0.0
2026-07-15T04:51:40Z,1577012026-07-14,15770,2026-07-14,SCHEDULED,60,1.0
2026-07-15T04:51:40Z,0865412026-07-14,08654,2026-07-14,SCHEDULED,300,5.0
2026-07-15T04:51:40Z,1577212026-07-14,15772,2026-07-14,SCHEDULED,-120,-2.0
2026-07-15T04:51:40Z,0866412026-07-14,08664,2026-07-14,SCHEDULED,60,1.0
2026-07-15T04:51:40Z,1590012026-07-14,15900,2026-07-14,SCHEDULED,180,3.0
2026-07-15T04:51:40Z,0807212026-07-14,08072,2026-07-14,SCHEDULED,0,0.0
2026-07-15T04:51:40Z,1710612026-07-14,17106,2026-07-14,SCHEDULED,60,1.0
2026-07-15T04:51:40Z,0906712026-07-14,09067,2026-07-14,SCHEDULED,0,0.0
2026-07-15T04:51:40Z,1710012026-07-14,17100,2026-07-14,SCHEDULED,120,2.0
2026-07-15T04:51:40Z,0405612026-07-15,04056,2026-07-15,SCHEDULED,60,1.0
2026-07-15T04:51:40Z,1720112026-07-14,17201,2026-07-14,SCHEDULED,0,0.0
2026-07-15T04:51:40Z,0407312026-07-15,04073,2026-07-15,SCHEDULED,-1920,-32.0
2026-07-15T04:51:40Z,1750312026-07-14,17503,2026-07-14,SCHEDULED,240,4.0
2026-07-15T04:51:40Z,1241112026-07-14,12411,2026-07-14,SCHEDULED,300,5.0
2026-07-15T04:51:40Z,1770312026-07-14,17703,2026-07-14,SCHEDULED,0,0.0
2026-07-15T04:51:40Z,1248012026-07-14,12480,2026-07-14,SCHEDULED,-2340,-39.0
2026-07-15T04:51:40Z,1780612026-07-14,17806,2026-07-14,SCHEDULED,60,1.0
2026-07-15T04:51:40Z,1300012026-07-14,13000,2026-07-14,SCHEDULED,240,4.0
2026-07-15T04:51:40Z,1800112026-07-14,18001,2026-07-14,SCHEDULED,0,0.0
2026-07-15T04:51:40Z,1300312026-07-15,13003,2026-07-15,SCHEDULED,60,1.0
2026-07-15T04:51:40Z,1803112026-07-14,18031,2026-07-14,SCHEDULED,60,1.0
2026-07-15T04:51:40Z,1303012026-07-14,13030,2026-07-14,SCHEDULED,60,1.0
2026-07-15T04:51:40Z,1804112026-07-14,18041,2026-07-14,SCHEDULED,0,0.0
2026-07-15T04:51:40Z,1304112026-07-14,13041,2026-07-14,SCHEDULED,180,3.0
2026-07-15T04:51:40Z,1804612026-07-14,18046,2026-07-14,SCHEDULED,360,6.0
2026-07-15T04:51:40Z,1308412026-07-14,13084,2026-07-14,SCHEDULED,240,4.0
2026-07-15T04:51:40Z,1804722026-07-14,18047,2026-07-14,SCHEDULED,0,0.0
2026-07-15T04:51:40Z,1395112026-07-14,13951,2026-07-14,SCHEDULED,180,3.0
2026-07-15T04:51:40Z,1805412026-07-14,18054,2026-07-14,SCHEDULED,60,1.0
2026-07-15T04:51:40Z,1806812026-07-14,18068,2026-07-14,SCHEDULED,-60,-1.0
2026-07-15T04:51:40Z,0411422026-07-15,04114,2026-07-15,SCHEDULED,360,6.0
2026-07-15T04:51:40Z,0411412026-07-15,04114,2026-07-15,SCHEDULED,360,6.0
2026-07-15T04:51:40Z,1807112026-07-14,18071,2026-07-14,SCHEDULED,0,0.0
2026-07-15T04:51:40Z,1807212026-07-14,18072,2026-07-14,SCHEDULED,240,4.0
2026-07-15T04:51:40Z,0075222026-07-15,00752,2026-07-15,SCHEDULED,780,13.0
2026-07-15T04:51:40Z,0075212026-07-15,00752,2026-07-15,SCHEDULED,780,13.0
2026-07-15T04:51:40Z,0075222026-07-15,00752,2026-07-15,SCHEDULED,240,4.0
2026-07-15T04:51:40Z,0075212026-07-15,00752,2026-07-15,SCHEDULED,240,4.0
2026-07-15T04:51:40Z,1800212026-07-14,18002,2026-07-14,SCHEDULED,120,2.0
2026-07-15T04:51:40Z,3460912026-07-14,34609,2026-07-14,SCHEDULED,180,3.0
2026-07-15T04:51:40Z,1806612026-07-14,18066,2026-07-14,SCHEDULED,0,0.0
2026-07-15T04:51:40Z,0107212026-07-14,01072,2026-07-14,SCHEDULED,300,5.0
2026-07-15T04:51:40Z,1812012026-07-14,18120,2026-07-14,SCHEDULED,0,0.0
2026-07-15T04:51:40Z,0206112026-07-14,02061,2026-07-14,SCHEDULED,360,6.0
2026-07-15T04:51:40Z,1812112026-07-14,18121,2026-07-14,SCHEDULED,120,2.0
2026-07-15T04:51:40Z,0206312026-07-14,02063,2026-07-14,SCHEDULED,-300,-5.0
2026-07-15T04:51:40Z,1831012026-07-14,18310,2026-07-14,SCHEDULED,60,1.0
2026-07-15T04:51:40Z,0206712026-07-14,02067,2026-07-14,SCHEDULED,-60,-1.0
2026-07-15T04:51:40Z,3586912026-07-14,35869,2026-07-14,SCHEDULED,180,3.0
2026-07-15T04:51:40Z,0207512026-07-15,02075,2026-07-15,SCHEDULED,120,2.0
2026-07-15T04:51:40Z,1891012026-07-14,18910,2026-07-14,SCHEDULED,300,5.0
2026-07-15T04:51:40Z,0226112026-07-14,02261,2026-07-14,SCHEDULED,0,0.0
2026-07-15T04:51:40Z,0306012026-07-14,03060,2026-07-14,SCHEDULED,540,9.0
2026-07-15T04:51:40Z,3560432026-07-15,35604,2026-07-15,SCHEDULED,0,0.0
2026-07-15T04:51:40Z,3560442026-07-14,35604,2026-07-14,SCHEDULED,0,0.0
2026-07-15T04:51:40Z,3560452026-07-14,35604,2026-07-14,SCHEDULED,0,0.0
2026-07-15T04:51:40Z,0330112026-07-14,03301,2026-07-14,SCHEDULED,180,3.0
2026-07-15T04:51:40Z,1443312026-07-14,14433,2026-07-14,SCHEDULED,0,0.0
2026-07-15T04:51:40Z,1530912026-07-14,15309,2026-07-14,SCHEDULED,-240,-4.0
2026-07-15T04:51:40Z,1503022026-07-14,15030,2026-07-14,SCHEDULED,-120,-2.0
2026-07-15T04:51:40Z,1503112026-07-14,15031,2026-07-14,SCHEDULED,120,2.0
2026-07-15T04:51:40Z,0306242026-07-14,03062,2026-07-14,SCHEDULED,240,4.0
2026-07-15T04:51:40Z,0306232026-07-14,03062,2026-07-14,SCHEDULED,240,4.0
2026-07-15T04:51:40Z,0306212026-07-14,03062,2026-07-14,SCHEDULED,240,4.0
2026-07-15T04:51:40Z,0306222026-07-14,03062,2026-07-14,SCHEDULED,240,4.0
2026-07-15T04:51:40Z,1600012026-07-14,16000,2026-07-14,SCHEDULED,60,1.0
2026-07-15T04:51:40Z,1447012026-07-14,14470,2026-07-14,SCHEDULED,-60,-1.0
2026-07-15T04:51:40Z,0306312026-07-14,03063,2026-07-14,SCHEDULED,180,3.0
2026-07-15T04:51:40Z,0306322026-07-14,03063,2026-07-14,SCHEDULED,180,3.0
2026-07-15T04:51:40Z,0306332026-07-14,03063,2026-07-14,SCHEDULED,180,3.0
2026-07-15T04:51:40Z,1702112026-07-14,17021,2026-07-14,SCHEDULED,120,2.0
2026-07-15T04:51:40Z,1702122026-07-14,17021,2026-07-14,SCHEDULED,120,2.0
2026-07-15T04:51:40Z,1702132026-07-14,17021,2026-07-14,SCHEDULED,120,2.0
2026-07-15T04:51:40Z,0906112026-07-14,09061,2026-07-14,SCHEDULED,0,0.0
2026-07-15T04:51:40Z,0947012026-07-14,09470,2026-07-14,SCHEDULED,0,0.0
2026-07-15T04:51:40Z,0306242026-07-14,03062,2026-07-14,SCHEDULED,900,15.0
2026-07-15T04:51:40Z,0306232026-07-14,03062,2026-07-14,SCHEDULED,900,15.0
2026-07-15T04:51:40Z,0306212026-07-14,03062,2026-07-14,SCHEDULED,900,15.0
2026-07-15T04:51:40Z,0306222026-07-14,03062,2026-07-14,SCHEDULED,900,15.0
2026-07-15T04:51:40Z,1562012026-07-14,15620,2026-07-14,SCHEDULED,900,15.0
2026-07-15T04:51:40Z,0366222026-07-14,03662,2026-07-14,SCHEDULED,240,4.0
2026-07-15T04:51:40Z,0366212026-07-14,03662,2026-07-14,SCHEDULED,240,4.0
2026-07-15T04:51:40Z,1562112026-07-14,15621,2026-07-14,SCHEDULED,720,12.0
2026-07-15T04:51:40Z,0406012026-07-15,04060,2026-07-15,SCHEDULED,300,5.0
2026-07-15T04:51:40Z,1563012026-07-14,15630,2026-07-14,SCHEDULED,60,1.0
2026-07-15T04:51:40Z,0408822026-07-15,04088,2026-07-15,SCHEDULED,180,3.0
2026-07-15T04:51:40Z,1401812026-07-14,14018,2026-07-14,SCHEDULED,180,3.0
2026-07-15T04:51:40Z,1251212026-07-14,12512,2026-07-14,SCHEDULED,60,1.0
2026-07-15T04:51:40Z,0407222026-07-15,04072,2026-07-15,SCHEDULED,0,0.0
2026-07-15T04:51:40Z,0407212026-07-15,04072,2026-07-15,SCHEDULED,0,0.0
2026-07-15T04:51:40Z,0429522026-07-14,04295,2026-07-14,SCHEDULED,180,3.0
2026-07-15T04:51:40Z,0429512026-07-14,04295,2026-07-14,SCHEDULED,180,3.0
2026-07-15T04:51:40Z,0446412026-07-15,04464,2026-07-15,SCHEDULED,-180,-3.0
2026-07-15T04:51:40Z,0415422026-07-15,04154,2026-07-15,SCHEDULED,-60,-1.0
2026-07-15T04:51:40Z,0415412026-07-15,04154,2026-07-15,SCHEDULED,-60,-1.0
2026-07-15T04:51:40Z,0486822026-07-15,04868,2026-07-15,SCHEDULED,-120,-2.0
2026-07-15T04:51:40Z,0486812026-07-15,04868,2026-07-15,SCHEDULED,-120,-2.0
2026-07-15T04:51:40Z,0506312026-07-14,05063,2026-07-14,SCHEDULED,180,3.0
2026-07-15T04:51:40Z,0506422026-07-14,05064,2026-07-14,SCHEDULED,120,2.0
2026-07-15T04:51:40Z,0506412026-07-14,05064,2026-07-14,SCHEDULED,120,2.0
2026-07-15T04:51:40Z,0506522026-07-14,05065,2026-07-14,SCHEDULED,-60,-1.0
2026-07-15T04:51:40Z,0506512026-07-14,05065,2026-07-14,SCHEDULED,-60,-1.0
2026-07-15T04:51:40Z,0509222026-07-15,05092,2026-07-15,SCHEDULED,120,2.0
2026-07-15T04:51:40Z,0509212026-07-15,05092,2026-07-15,SCHEDULED,120,2.0
2026-07-15T04:51:40Z,3890512026-07-14,38905,2026-07-14,CANCELED,,
2026-07-15T04:51:40Z,1300112026-07-15,13001,2026-07-15,CANCELED,,
2026-07-15T04:51:40Z,1307912026-07-15,13079,2026-07-15,CANCELED,,
2026-07-15T04:51:40Z,1391122026-07-14,13911,2026-07-14,CANCELED,,
2026-07-15T04:51:40Z,1391112026-07-14,13911,2026-07-14,CANCELED,,
2026-07-15T04:51:40Z,3507922026-07-15,35079,2026-07-15,CANCELED,,
2026-07-15T04:51:40Z,3507912026-07-15,35079,2026-07-15,CANCELED,,
2026-07-15T04:51:40Z,1602512026-07-14,16025,2026-07-14,CANCELED,,
2026-07-15T04:51:40Z,1301312026-07-14,13013,2026-07-14,CANCELED,,
2026-07-15T04:51:40Z,1611112026-07-14,16111,2026-07-14,CANCELED,,
2026-07-15T04:51:40Z,1305112026-07-14,13051,2026-07-14,CANCELED,,
2026-07-15T04:51:40Z,1719212026-07-14,17192,2026-07-14,CANCELED,,
2026-07-15T04:51:40Z,1305212026-07-14,13052,2026-07-14,CANCELED,,
2026-07-15T04:51:40Z,1719312026-07-14,17193,2026-07-14,CANCELED,,
2026-07-15T04:51:40Z,1390412026-07-14,13904,2026-07-14,CANCELED,,
2026-07-15T04:51:40Z,1390422026-07-14,13904,2026-07-14,CANCELED,,
2026-07-15T04:51:40Z,1390432026-07-14,13904,2026-07-14,CANCELED,,
2026-07-15T04:51:40Z,1810222026-07-14,18102,2026-07-14,CANCELED,,
2026-07-15T04:51:40Z,1810232026-07-14,18102,2026-07-14,CANCELED,,
2026-07-15T04:51:40Z,1810242026-07-14,18102,2026-07-14,CANCELED,,
2026-07-15T04:51:40Z,3890412026-07-14,38904,2026-07-14,CANCELED,,
2026-07-15T04:51:40Z,1810412026-07-14,18104,2026-07-14,CANCELED,,
2026-07-15T04:51:40Z,3810412026-07-14,38104,2026-07-14,CANCELED,,
2026-07-15T04:51:40Z,1390512026-07-14,13905,2026-07-14,CANCELED,,
2026-07-15T04:51:40Z,1390522026-07-14,13905,2026-07-14,CANCELED,,
2026-07-15T04:51:40Z,1390532026-07-14,13905,2026-07-14,CANCELED,,
2026-07-15T04:51:40Z,1800612026-07-14,18006,2026-07-14,CANCELED,,
2026-07-15T04:51:40Z,3800612026-07-14,38006,2026-07-14,CANCELED,,
2026-07-15T04:51:40Z,0029122026-07-15,00291,2026-07-15,CANCELED,,
2026-07-15T04:51:40Z,0029112026-07-15,00291,2026-07-15,CANCELED,,
2026-07-15T04:51:40Z,1262312026-07-14,12623,2026-07-14,CANCELED,,
2026-07-15T04:51:40Z,0029122026-07-15,00291,2026-07-15,CANCELED,,
2026-07-15T04:51:40Z,0029112026-07-15,00291,2026-07-15,CANCELED,,
2026-07-15T04:51:40Z,1810132026-07-14,18101,2026-07-14,CANCELED,,
2026-07-15T04:51:40Z,1810142026-07-14,18101,2026-07-14,CANCELED,,
2026-07-15T04:51:40Z,1810152026-07-14,18101,2026-07-14,CANCELED,,
2026-07-15T04:51:40Z,3709122026-07-14,37091,2026-07-14,CANCELED,,
2026-07-15T04:51:40Z,3709112026-07-14,37091,2026-07-14,CANCELED,,
2026-07-15T04:51:40Z,1703012026-07-14,17030,2026-07-14,CANCELED,,
2026-07-15T04:51:40Z,1703012026-07-14,17030,2026-07-14,CANCELED,,
2026-07-15T04:51:40Z,3709122026-07-14,37091,2026-07-14,CANCELED,,
2026-07-15T04:51:40Z,3709112026-07-14,37091,2026-07-14,CANCELED,,
2026-07-15T04:51:40Z,1833112026-07-14,18331,2026-07-14,CANCELED,,
2026-07-15T04:51:40Z,3739112026-07-14,37391,2026-07-14,CANCELED,,
2026-07-15T04:51:40Z,3739112026-07-14,37391,2026-07-14,CANCELED,,
2026-07-15T04:51:40Z,7187412026-07-14,71874,2026-07-14,CANCELED,,
2026-07-15T04:51:40Z,1242112026-07-14,12421,2026-07-14,CANCELED,,
2026-07-15T04:51:40Z,1252812026-07-14,12528,2026-07-14,CANCELED,,
2026-07-15T04:51:40Z,1261112026-07-14,12611,2026-07-14,CANCELED,,
2026-07-15T04:56:10Z,1395112026-07-14,13951,2026-07-14,SCHEDULED,180,3.0
2026-07-15T04:56:10Z,1320112026-07-14,13201,2026-07-14,SCHEDULED,60,1.0
2026-07-15T04:56:10Z,1320212026-07-14,13202,2026-07-14,SCHEDULED,0,0.0
2026-07-15T04:56:10Z,0508012026-07-15,05080,2026-07-15,SCHEDULED,60,1.0
2026-07-15T04:56:10Z,0508032026-07-15,05080,2026-07-15,SCHEDULED,60,1.0
2026-07-15T04:56:10Z,0508022026-07-15,05080,2026-07-15,SCHEDULED,60,1.0
2026-07-15T04:56:10Z,0566812026-07-14,05668,2026-07-14,SCHEDULED,240,4.0
2026-07-15T04:56:10Z,1412322026-07-14,14123,2026-07-14,SCHEDULED,240,4.0
2026-07-15T04:56:10Z,1412342026-07-14,14123,2026-07-14,SCHEDULED,240,4.0
2026-07-15T04:56:10Z,1412332026-07-14,14123,2026-07-14,SCHEDULED,240,4.0
2026-07-15T04:56:10Z,0576312026-07-14,05763,2026-07-14,SCHEDULED,0,0.0
2026-07-15T04:56:10Z,0576322026-07-14,05763,2026-07-14,SCHEDULED,0,0.0
2026-07-15T04:56:10Z,0576332026-07-14,05763,2026-07-14,SCHEDULED,0,0.0
2026-07-15T04:56:10Z,1500012026-07-14,15000,2026-07-14,SCHEDULED,360,6.0
2026-07-15T04:56:10Z,0587112026-07-14,05871,2026-07-14,SCHEDULED,180,3.0
2026-07-15T04:56:10Z,1500112026-07-14,15001,2026-07-14,SCHEDULED,0,0.0
2026-07-15T04:56:10Z,0805812026-07-15,08058,2026-07-15,SCHEDULED,0,0.0
2026-07-15T04:56:10Z,1500212026-07-14,15002,2026-07-14,SCHEDULED,300,5.0
2026-07-15T04:56:10Z,0806212026-07-14,08062,2026-07-14,SCHEDULED,60,1.0
2026-07-15T04:56:10Z,1504012026-07-14,15040,2026-07-14,SCHEDULED,1320,22.0
2026-07-15T04:56:10Z,0806312026-07-14,08063,2026-07-14,SCHEDULED,180,3.0
2026-07-15T04:56:10Z,1505112026-07-14,15051,2026-07-14,SCHEDULED,0,0.0
2026-07-15T04:56:10Z,0806812026-07-15,08068,2026-07-15,SCHEDULED,0,0.0
2026-07-15T04:56:10Z,1564612026-07-14,15646,2026-07-14,SCHEDULED,-180,-3.0
2026-07-15T04:56:10Z,0806912026-07-14,08069,2026-07-14,SCHEDULED,300,5.0
2026-07-15T04:56:10Z,1565012026-07-14,15650,2026-07-14,SCHEDULED,60,1.0
2026-07-15T04:56:10Z,0807512026-07-14,08075,2026-07-14,SCHEDULED,180,3.0
2026-07-15T04:56:10Z,0826012026-07-14,08260,2026-07-14,SCHEDULED,300,5.0
2026-07-15T04:56:10Z,1572012026-07-14,15720,2026-07-14,SCHEDULED,360,6.0
2026-07-15T04:56:10Z,0826112026-07-14,08261,2026-07-14,SCHEDULED,360,6.0
2026-07-15T04:56:10Z,1572212026-07-14,15722,2026-07-14,SCHEDULED,0,0.0
2026-07-15T04:56:10Z,0827312026-07-14,08273,2026-07-14,SCHEDULED,120,2.0
2026-07-15T04:56:10Z,0847512026-07-14,08475,2026-07-14,SCHEDULED,-60,-1.0
2026-07-15T04:56:10Z,1575112026-07-14,15751,2026-07-14,SCHEDULED,0,0.0
2026-07-15T04:56:10Z,0865412026-07-14,08654,2026-07-14,SCHEDULED,300,5.0
2026-07-15T04:56:10Z,1577012026-07-14,15770,2026-07-14,SCHEDULED,60,1.0
2026-07-15T04:56:10Z,0866412026-07-14,08664,2026-07-14,SCHEDULED,0,0.0
2026-07-15T04:56:10Z,1577212026-07-14,15772,2026-07-14,SCHEDULED,0,0.0
2026-07-15T04:56:10Z,0807212026-07-14,08072,2026-07-14,SCHEDULED,0,0.0
2026-07-15T04:56:10Z,1590012026-07-14,15900,2026-07-14,SCHEDULED,240,4.0
2026-07-15T04:56:10Z,0906712026-07-14,09067,2026-07-14,SCHEDULED,0,0.0
2026-07-15T04:56:10Z,1710012026-07-14,17100,2026-07-14,SCHEDULED,120,2.0
2026-07-15T04:56:10Z,0405612026-07-15,04056,2026-07-15,SCHEDULED,60,1.0
2026-07-15T04:56:10Z,1720112026-07-14,17201,2026-07-14,SCHEDULED,60,1.0
2026-07-15T04:56:10Z,1750312026-07-14,17503,2026-07-14,SCHEDULED,240,4.0
2026-07-15T04:56:10Z,1770312026-07-14,17703,2026-07-14,SCHEDULED,0,0.0
2026-07-15T04:56:10Z,1780612026-07-14,17806,2026-07-14,SCHEDULED,60,1.0
2026-07-15T04:56:10Z,0418612026-07-15,04186,2026-07-15,SCHEDULED,60,1.0
2026-07-15T04:56:10Z,0418642026-07-15,04186,2026-07-15,SCHEDULED,60,1.0
2026-07-15T04:56:10Z,0418622026-07-15,04186,2026-07-15,SCHEDULED,60,1.0
2026-07-15T04:56:10Z,1800112026-07-14,18001,2026-07-14,SCHEDULED,0,0.0
2026-07-15T04:56:10Z,0407312026-07-15,04073,2026-07-15,SCHEDULED,-1920,-32.0
2026-07-15T04:56:10Z,1803112026-07-14,18031,2026-07-14,SCHEDULED,60,1.0
2026-07-15T04:56:10Z,1241112026-07-14,12411,2026-07-14,SCHEDULED,360,6.0
2026-07-15T04:56:10Z,1804112026-07-14,18041,2026-07-14,SCHEDULED,0,0.0
2026-07-15T04:56:10Z,1248012026-07-14,12480,2026-07-14,SCHEDULED,-2340,-39.0
2026-07-15T04:56:10Z,1804612026-07-14,18046,2026-07-14,SCHEDULED,360,6.0
2026-07-15T04:56:10Z,1300012026-07-14,13000,2026-07-14,SCHEDULED,300,5.0
2026-07-15T04:56:10Z,1530912026-07-14,15309,2026-07-14,SCHEDULED,0,0.0
2026-07-15T04:56:10Z,1300312026-07-15,13003,2026-07-15,SCHEDULED,180,3.0
2026-07-15T04:56:10Z,1503022026-07-14,15030,2026-07-14,SCHEDULED,-120,-2.0
2026-07-15T04:56:10Z,1303012026-07-14,13030,2026-07-14,SCHEDULED,60,1.0
2026-07-15T04:56:10Z,1503112026-07-14,15031,2026-07-14,SCHEDULED,180,3.0
2026-07-15T04:56:10Z,1304112026-07-14,13041,2026-07-14,SCHEDULED,240,4.0
2026-07-15T04:56:10Z,1600012026-07-14,16000,2026-07-14,SCHEDULED,0,0.0
2026-07-15T04:56:10Z,1447012026-07-14,14470,2026-07-14,SCHEDULED,-60,-1.0
2026-07-15T04:56:10Z,1308412026-07-14,13084,2026-07-14,SCHEDULED,240,4.0
2026-07-15T04:56:10Z,0411422026-07-15,04114,2026-07-15,SCHEDULED,360,6.0
2026-07-15T04:56:10Z,0411412026-07-15,04114,2026-07-15,SCHEDULED,360,6.0
2026-07-15T04:56:10Z,1702112026-07-14,17021,2026-07-14,SCHEDULED,120,2.0
2026-07-15T04:56:10Z,1702122026-07-14,17021,2026-07-14,SCHEDULED,120,2.0
2026-07-15T04:56:10Z,1702132026-07-14,17021,2026-07-14,SCHEDULED,120,2.0
2026-07-15T04:56:10Z,0906112026-07-14,09061,2026-07-14,SCHEDULED,-120,-2.0
2026-07-15T04:56:10Z,0075222026-07-15,00752,2026-07-15,SCHEDULED,780,13.0
2026-07-15T04:56:10Z,0075212026-07-15,00752,2026-07-15,SCHEDULED,780,13.0
2026-07-15T04:56:10Z,0835812026-07-15,08358,2026-07-15,SCHEDULED,180,3.0
2026-07-15T04:56:10Z,0947012026-07-14,09470,2026-07-14,SCHEDULED,0,0.0
2026-07-15T04:56:10Z,1562012026-07-14,15620,2026-07-14,SCHEDULED,900,15.0
2026-07-15T04:56:10Z,0075222026-07-15,00752,2026-07-15,SCHEDULED,300,5.0
2026-07-15T04:56:10Z,0075212026-07-15,00752,2026-07-15,SCHEDULED,300,5.0
2026-07-15T04:56:10Z,1562112026-07-14,15621,2026-07-14,SCHEDULED,720,12.0
2026-07-15T04:56:10Z,3460912026-07-14,34609,2026-07-14,SCHEDULED,180,3.0
2026-07-15T04:56:10Z,0107212026-07-14,01072,2026-07-14,SCHEDULED,180,3.0
2026-07-15T04:56:10Z,1563012026-07-14,15630,2026-07-14,SCHEDULED,60,1.0
2026-07-15T04:56:10Z,0206112026-07-14,02061,2026-07-14,SCHEDULED,540,9.0
2026-07-15T04:56:10Z,1401812026-07-14,14018,2026-07-14,SCHEDULED,240,4.0
2026-07-15T04:56:10Z,0206312026-07-14,02063,2026-07-14,SCHEDULED,60,1.0
2026-07-15T04:56:10Z,1251212026-07-14,12512,2026-07-14,SCHEDULED,60,1.0
2026-07-15T04:56:10Z,0206712026-07-14,02067,2026-07-14,SCHEDULED,-60,-1.0
2026-07-15T04:56:10Z,1804722026-07-14,18047,2026-07-14,SCHEDULED,0,0.0
2026-07-15T04:56:10Z,0207512026-07-15,02075,2026-07-15,SCHEDULED,120,2.0
2026-07-15T04:56:10Z,1805412026-07-14,18054,2026-07-14,SCHEDULED,0,0.0
2026-07-15T04:56:10Z,0226112026-07-14,02261,2026-07-14,SCHEDULED,0,0.0
2026-07-15T04:56:10Z,1806812026-07-14,18068,2026-07-14,SCHEDULED,-60,-1.0
2026-07-15T04:56:10Z,0306012026-07-14,03060,2026-07-14,SCHEDULED,540,9.0
2026-07-15T04:56:10Z,1807112026-07-14,18071,2026-07-14,SCHEDULED,60,1.0
2026-07-15T04:56:10Z,0330112026-07-14,03301,2026-07-14,SCHEDULED,240,4.0
2026-07-15T04:56:10Z,1807212026-07-14,18072,2026-07-14,SCHEDULED,300,5.0
2026-07-15T04:56:10Z,1800212026-07-14,18002,2026-07-14,SCHEDULED,120,2.0
2026-07-15T04:56:10Z,1806612026-07-14,18066,2026-07-14,SCHEDULED,300,5.0
2026-07-15T04:56:10Z,0306242026-07-14,03062,2026-07-14,SCHEDULED,240,4.0
2026-07-15T04:56:10Z,0306232026-07-14,03062,2026-07-14,SCHEDULED,240,4.0
2026-07-15T04:56:10Z,0306212026-07-14,03062,2026-07-14,SCHEDULED,240,4.0
2026-07-15T04:56:10Z,0306222026-07-14,03062,2026-07-14,SCHEDULED,240,4.0
2026-07-15T04:56:10Z,1812012026-07-14,18120,2026-07-14,SCHEDULED,-180,-3.0
2026-07-15T04:56:10Z,1812112026-07-14,18121,2026-07-14,SCHEDULED,180,3.0
2026-07-15T04:56:10Z,0306312026-07-14,03063,2026-07-14,SCHEDULED,300,5.0
2026-07-15T04:56:10Z,0306322026-07-14,03063,2026-07-14,SCHEDULED,300,5.0
2026-07-15T04:56:10Z,0306332026-07-14,03063,2026-07-14,SCHEDULED,300,5.0
2026-07-15T04:56:10Z,1831012026-07-14,18310,2026-07-14,SCHEDULED,60,1.0
2026-07-15T04:56:10Z,3586912026-07-14,35869,2026-07-14,SCHEDULED,240,4.0
2026-07-15T04:56:10Z,1891012026-07-14,18910,2026-07-14,SCHEDULED,300,5.0
2026-07-15T04:56:10Z,0306242026-07-14,03062,2026-07-14,SCHEDULED,900,15.0
2026-07-15T04:56:10Z,0306232026-07-14,03062,2026-07-14,SCHEDULED,900,15.0
2026-07-15T04:56:10Z,0306212026-07-14,03062,2026-07-14,SCHEDULED,900,15.0
2026-07-15T04:56:10Z,0306222026-07-14,03062,2026-07-14,SCHEDULED,900,15.0
2026-07-15T04:56:10Z,3560432026-07-15,35604,2026-07-15,SCHEDULED,0,0.0
2026-07-15T04:56:10Z,3560442026-07-14,35604,2026-07-14,SCHEDULED,0,0.0
2026-07-15T04:56:10Z,3560452026-07-14,35604,2026-07-14,SCHEDULED,0,0.0
2026-07-15T04:56:10Z,1443312026-07-14,14433,2026-07-14,SCHEDULED,-60,-1.0
2026-07-15T04:56:10Z,0366222026-07-14,03662,2026-07-14,SCHEDULED,240,4.0
2026-07-15T04:56:10Z,0366212026-07-14,03662,2026-07-14,SCHEDULED,240,4.0
2026-07-15T04:56:10Z,0406012026-07-15,04060,2026-07-15,SCHEDULED,60,1.0
2026-07-15T04:56:10Z,0408822026-07-15,04088,2026-07-15,SCHEDULED,240,4.0
2026-07-15T04:56:10Z,0407222026-07-15,04072,2026-07-15,SCHEDULED,60,1.0
2026-07-15T04:56:10Z,0407212026-07-15,04072,2026-07-15,SCHEDULED,60,1.0
2026-07-15T04:56:10Z,0429522026-07-14,04295,2026-07-14,SCHEDULED,180,3.0
2026-07-15T04:56:10Z,0429512026-07-14,04295,2026-07-14,SCHEDULED,180,3.0
2026-07-15T04:56:10Z,0446412026-07-15,04464,2026-07-15,SCHEDULED,0,0.0
2026-07-15T04:56:10Z,0415422026-07-15,04154,2026-07-15,SCHEDULED,-60,-1.0
2026-07-15T04:56:10Z,0415412026-07-15,04154,2026-07-15,SCHEDULED,-60,-1.0
2026-07-15T04:56:10Z,0486822026-07-15,04868,2026-07-15,SCHEDULED,-120,-2.0
2026-07-15T04:56:10Z,0486812026-07-15,04868,2026-07-15,SCHEDULED,-120,-2.0
2026-07-15T04:56:10Z,0506312026-07-14,05063,2026-07-14,SCHEDULED,120,2.0
2026-07-15T04:56:10Z,0506422026-07-14,05064,2026-07-14,SCHEDULED,360,6.0
2026-07-15T04:56:10Z,0506412026-07-14,05064,2026-07-14,SCHEDULED,360,6.0
2026-07-15T04:56:10Z,0506522026-07-14,05065,2026-07-14,SCHEDULED,-120,-2.0
2026-07-15T04:56:10Z,0506512026-07-14,05065,2026-07-14,SCHEDULED,-120,-2.0
2026-07-15T04:56:10Z,0509222026-07-15,05092,2026-07-15,SCHEDULED,120,2.0
2026-07-15T04:56:10Z,0509212026-07-15,05092,2026-07-15,SCHEDULED,120,2.0
2026-07-15T04:56:10Z,1300112026-07-15,13001,2026-07-15,CANCELED,,
2026-07-15T04:56:10Z,3890512026-07-14,38905,2026-07-14,CANCELED,,
2026-07-15T04:56:10Z,1307912026-07-15,13079,2026-07-15,CANCELED,,
2026-07-15T04:56:10Z,1391122026-07-14,13911,2026-07-14,CANCELED,,
2026-07-15T04:56:10Z,1391112026-07-14,13911,2026-07-14,CANCELED,,
2026-07-15T04:56:10Z,3507922026-07-15,35079,2026-07-15,CANCELED,,
2026-07-15T04:56:10Z,3507912026-07-15,35079,2026-07-15,CANCELED,,
2026-07-15T04:56:10Z,1585012026-07-14,15850,2026-07-14,CANCELED,,
2026-07-15T04:56:10Z,1602512026-07-14,16025,2026-07-14,CANCELED,,
2026-07-15T04:56:10Z,1301312026-07-14,13013,2026-07-14,CANCELED,,
2026-07-15T04:56:10Z,1305112026-07-14,13051,2026-07-14,CANCELED,,
2026-07-15T04:56:10Z,1611112026-07-14,16111,2026-07-14,CANCELED,,
2026-07-15T04:56:10Z,1305212026-07-14,13052,2026-07-14,CANCELED,,
2026-07-15T04:56:10Z,1719212026-07-14,17192,2026-07-14,CANCELED,,
2026-07-15T04:56:10Z,1719312026-07-14,17193,2026-07-14,CANCELED,,
2026-07-15T04:56:10Z,1390412026-07-14,13904,2026-07-14,CANCELED,,
2026-07-15T04:56:10Z,1390422026-07-14,13904,2026-07-14,CANCELED,,
2026-07-15T04:56:10Z,1390432026-07-14,13904,2026-07-14,CANCELED,,
2026-07-15T04:56:10Z,3890412026-07-14,38904,2026-07-14,CANCELED,,
2026-07-15T04:56:10Z,1810222026-07-14,18102,2026-07-14,CANCELED,,
2026-07-15T04:56:10Z,1810232026-07-14,18102,2026-07-14,CANCELED,,
2026-07-15T04:56:10Z,1810242026-07-14,18102,2026-07-14,CANCELED,,
2026-07-15T04:56:10Z,1810132026-07-14,18101,2026-07-14,CANCELED,,
2026-07-15T04:56:10Z,1810142026-07-14,18101,2026-07-14,CANCELED,,
2026-07-15T04:56:10Z,1810152026-07-14,18101,2026-07-14,CANCELED,,
2026-07-15T04:56:10Z,1390512026-07-14,13905,2026-07-14,CANCELED,,
2026-07-15T04:56:10Z,1390522026-07-14,13905,2026-07-14,CANCELED,,
2026-07-15T04:56:10Z,1390532026-07-14,13905,2026-07-14,CANCELED,,
2026-07-15T04:56:10Z,1703012026-07-14,17030,2026-07-14,CANCELED,,
2026-07-15T04:56:10Z,0029122026-07-15,00291,2026-07-15,CANCELED,,
2026-07-15T04:56:10Z,0029112026-07-15,00291,2026-07-15,CANCELED,,
2026-07-15T04:56:10Z,1703012026-07-14,17030,2026-07-14,CANCELED,,
2026-07-15T04:56:10Z,0029122026-07-15,00291,2026-07-15,CANCELED,,
2026-07-15T04:56:10Z,0029112026-07-15,00291,2026-07-15,CANCELED,,
2026-07-15T04:56:10Z,1833112026-07-14,18331,2026-07-14,CANCELED,,
2026-07-15T04:56:10Z,3709122026-07-14,37091,2026-07-14,CANCELED,,
2026-07-15T04:56:10Z,3709112026-07-14,37091,2026-07-14,CANCELED,,
2026-07-15T04:56:10Z,7187412026-07-14,71874,2026-07-14,CANCELED,,
2026-07-15T04:56:10Z,1810412026-07-14,18104,2026-07-14,CANCELED,,
2026-07-15T04:56:10Z,3709122026-07-14,37091,2026-07-14,CANCELED,,
2026-07-15T04:56:10Z,3709112026-07-14,37091,2026-07-14,CANCELED,,
2026-07-15T04:56:10Z,3810412026-07-14,38104,2026-07-14,CANCELED,,
2026-07-15T04:56:10Z,3739112026-07-14,37391,2026-07-14,CANCELED,,
2026-07-15T04:56:10Z,1800612026-07-14,18006,2026-07-14,CANCELED,,
2026-07-15T04:56:10Z,3739112026-07-14,37391,2026-07-14,CANCELED,,
2026-07-15T04:56:10Z,3800612026-07-14,38006,2026-07-14,CANCELED,,
2026-07-15T04:56:10Z,1242112026-07-14,12421,2026-07-14,CANCELED,,
2026-07-15T04:56:10Z,1262312026-07-14,12623,2026-07-14,CANCELED,,
2026-07-15T04:56:10Z,1252812026-07-14,12528,2026-07-14,CANCELED,,
2026-07-15T04:56:10Z,1261112026-07-14,12611,2026-07-14,CANCELED,,
