timestamp_utc,trip_id,tren,fecha_tren,estado,retraso_seg,retraso_min
2026-08-03T00:01:57Z,1705212026-08-01,17052,2026-08-01,CANCELED,,
2026-08-03T00:01:57Z,3749222026-08-01,37492,2026-08-01,CANCELED,,
2026-08-03T00:01:57Z,3749212026-08-01,37492,2026-08-01,CANCELED,,
2026-08-03T00:01:57Z,1721812026-08-01,17218,2026-08-01,CANCELED,,
2026-08-03T00:01:57Z,1260712026-08-01,12607,2026-08-01,CANCELED,,
2026-08-03T00:01:57Z,3821812026-08-01,38218,2026-08-01,CANCELED,,
2026-08-03T00:01:57Z,1307912026-08-01,13079,2026-08-01,CANCELED,,
2026-08-03T00:01:57Z,1722112026-08-01,17221,2026-08-01,CANCELED,,
2026-08-03T00:01:57Z,3822112026-08-01,38221,2026-08-01,CANCELED,,
2026-08-03T00:01:57Z,1565712026-08-01,15657,2026-08-01,CANCELED,,
2026-08-03T00:01:57Z,1810512026-08-01,18105,2026-08-01,CANCELED,,
2026-08-03T00:01:57Z,0407222026-08-03,04072,2026-08-03,CANCELED,,
2026-08-03T00:01:57Z,0407212026-08-03,04072,2026-08-03,CANCELED,,
2026-08-03T00:01:57Z,3810512026-08-01,38105,2026-08-01,CANCELED,,
2026-08-03T00:01:57Z,3707212026-08-03,37072,2026-08-03,CANCELED,,
2026-08-03T00:01:57Z,1821412026-08-01,18214,2026-08-01,CANCELED,,
2026-08-03T00:01:57Z,1821512026-08-01,18215,2026-08-01,CANCELED,,
2026-08-03T00:01:57Z,0029522026-08-02,00295,2026-08-02,CANCELED,,
2026-08-03T00:01:57Z,0029512026-08-02,00295,2026-08-02,CANCELED,,
2026-08-03T00:01:57Z,1260812026-08-01,12608,2026-08-01,CANCELED,,
2026-08-03T00:01:57Z,3709522026-08-01,37095,2026-08-01,CANCELED,,
2026-08-03T00:01:57Z,3709512026-08-01,37095,2026-08-01,CANCELED,,
2026-08-03T00:01:57Z,3739512026-08-01,37395,2026-08-01,CANCELED,,
2026-08-03T00:01:57Z,1810132026-08-01,18101,2026-08-01,CANCELED,,
2026-08-03T00:01:57Z,1810142026-08-01,18101,2026-08-01,CANCELED,,
2026-08-03T00:01:57Z,1810152026-08-01,18101,2026-08-01,CANCELED,,
2026-08-03T00:01:57Z,0019222026-08-02,00192,2026-08-02,CANCELED,,
2026-08-03T00:01:57Z,0019212026-08-02,00192,2026-08-02,CANCELED,,
2026-08-03T00:01:57Z,7187212026-08-01,71872,2026-08-01,CANCELED,,
2026-08-03T00:01:57Z,3739212026-08-01,37392,2026-08-01,CANCELED,,
2026-08-03T00:06:25Z,1705212026-08-01,17052,2026-08-01,CANCELED,,
2026-08-03T00:06:25Z,3749222026-08-01,37492,2026-08-01,CANCELED,,
2026-08-03T00:06:25Z,3749212026-08-01,37492,2026-08-01,CANCELED,,
2026-08-03T00:06:25Z,1721812026-08-01,17218,2026-08-01,CANCELED,,
2026-08-03T00:06:25Z,1260712026-08-01,12607,2026-08-01,CANCELED,,
2026-08-03T00:06:25Z,3821812026-08-01,38218,2026-08-01,CANCELED,,
2026-08-03T00:06:25Z,1307912026-08-01,13079,2026-08-01,CANCELED,,
2026-08-03T00:06:25Z,1722112026-08-01,17221,2026-08-01,CANCELED,,
2026-08-03T00:06:25Z,3822112026-08-01,38221,2026-08-01,CANCELED,,
2026-08-03T00:06:25Z,1565712026-08-01,15657,2026-08-01,CANCELED,,
2026-08-03T00:06:25Z,1810512026-08-01,18105,2026-08-01,CANCELED,,
2026-08-03T00:06:25Z,0407222026-08-03,04072,2026-08-03,CANCELED,,
2026-08-03T00:06:25Z,0407212026-08-03,04072,2026-08-03,CANCELED,,
2026-08-03T00:06:25Z,3810512026-08-01,38105,2026-08-01,CANCELED,,
2026-08-03T00:06:25Z,3707212026-08-03,37072,2026-08-03,CANCELED,,
2026-08-03T00:06:25Z,1821412026-08-01,18214,2026-08-01,CANCELED,,
2026-08-03T00:06:25Z,1821512026-08-01,18215,2026-08-01,CANCELED,,
2026-08-03T00:06:25Z,0029522026-08-02,00295,2026-08-02,CANCELED,,
2026-08-03T00:06:25Z,0029512026-08-02,00295,2026-08-02,CANCELED,,
2026-08-03T00:06:25Z,1260812026-08-01,12608,2026-08-01,CANCELED,,
2026-08-03T00:06:25Z,3709522026-08-01,37095,2026-08-01,CANCELED,,
2026-08-03T00:06:25Z,3709512026-08-01,37095,2026-08-01,CANCELED,,
2026-08-03T00:06:25Z,3739512026-08-01,37395,2026-08-01,CANCELED,,
2026-08-03T00:06:25Z,1810132026-08-01,18101,2026-08-01,CANCELED,,
2026-08-03T00:06:25Z,1810142026-08-01,18101,2026-08-01,CANCELED,,
2026-08-03T00:06:25Z,1810152026-08-01,18101,2026-08-01,CANCELED,,
2026-08-03T00:06:25Z,0019222026-08-02,00192,2026-08-02,CANCELED,,
2026-08-03T00:06:25Z,0019212026-08-02,00192,2026-08-02,CANCELED,,
2026-08-03T00:06:25Z,7187212026-08-01,71872,2026-08-01,CANCELED,,
2026-08-03T00:06:25Z,3739212026-08-01,37392,2026-08-01,CANCELED,,
2026-08-03T00:09:39Z,1705212026-08-01,17052,2026-08-01,CANCELED,,
2026-08-03T00:09:39Z,3749222026-08-01,37492,2026-08-01,CANCELED,,
2026-08-03T00:09:39Z,3749212026-08-01,37492,2026-08-01,CANCELED,,
2026-08-03T00:09:39Z,1721812026-08-01,17218,2026-08-01,CANCELED,,
2026-08-03T00:09:39Z,1260712026-08-01,12607,2026-08-01,CANCELED,,
2026-08-03T00:09:39Z,3821812026-08-01,38218,2026-08-01,CANCELED,,
2026-08-03T00:09:39Z,1307912026-08-01,13079,2026-08-01,CANCELED,,
2026-08-03T00:09:39Z,1722112026-08-01,17221,2026-08-01,CANCELED,,
2026-08-03T00:09:39Z,3822112026-08-01,38221,2026-08-01,CANCELED,,
2026-08-03T00:09:39Z,1565712026-08-01,15657,2026-08-01,CANCELED,,
2026-08-03T00:09:39Z,1810512026-08-01,18105,2026-08-01,CANCELED,,
2026-08-03T00:09:39Z,0407222026-08-03,04072,2026-08-03,CANCELED,,
2026-08-03T00:09:39Z,0407212026-08-03,04072,2026-08-03,CANCELED,,
2026-08-03T00:09:39Z,3810512026-08-01,38105,2026-08-01,CANCELED,,
2026-08-03T00:09:39Z,3707212026-08-03,37072,2026-08-03,CANCELED,,
2026-08-03T00:09:39Z,1821412026-08-01,18214,2026-08-01,CANCELED,,
2026-08-03T00:09:39Z,1821512026-08-01,18215,2026-08-01,CANCELED,,
2026-08-03T00:09:39Z,0029522026-08-02,00295,2026-08-02,CANCELED,,
2026-08-03T00:09:39Z,0029512026-08-02,00295,2026-08-02,CANCELED,,
2026-08-03T00:09:39Z,1260812026-08-01,12608,2026-08-01,CANCELED,,
2026-08-03T00:09:39Z,3709522026-08-01,37095,2026-08-01,CANCELED,,
2026-08-03T00:09:39Z,3709512026-08-01,37095,2026-08-01,CANCELED,,
2026-08-03T00:09:39Z,3739512026-08-01,37395,2026-08-01,CANCELED,,
2026-08-03T00:09:39Z,1810132026-08-01,18101,2026-08-01,CANCELED,,
2026-08-03T00:09:39Z,1810142026-08-01,18101,2026-08-01,CANCELED,,
2026-08-03T00:09:39Z,1810152026-08-01,18101,2026-08-01,CANCELED,,
2026-08-03T00:09:39Z,0019222026-08-02,00192,2026-08-02,CANCELED,,
2026-08-03T00:09:39Z,0019212026-08-02,00192,2026-08-02,CANCELED,,
2026-08-03T00:09:39Z,7187212026-08-01,71872,2026-08-01,CANCELED,,
2026-08-03T00:09:39Z,3739212026-08-01,37392,2026-08-01,CANCELED,,
2026-08-03T00:11:23Z,1705212026-08-01,17052,2026-08-01,CANCELED,,
2026-08-03T00:11:23Z,3749222026-08-01,37492,2026-08-01,CANCELED,,
2026-08-03T00:11:23Z,3749212026-08-01,37492,2026-08-01,CANCELED,,
2026-08-03T00:11:23Z,1721812026-08-01,17218,2026-08-01,CANCELED,,
2026-08-03T00:11:23Z,1260712026-08-01,12607,2026-08-01,CANCELED,,
2026-08-03T00:11:23Z,3821812026-08-01,38218,2026-08-01,CANCELED,,
2026-08-03T00:11:23Z,1307912026-08-01,13079,2026-08-01,CANCELED,,
2026-08-03T00:11:23Z,1722112026-08-01,17221,2026-08-01,CANCELED,,
2026-08-03T00:11:23Z,3822112026-08-01,38221,2026-08-01,CANCELED,,
2026-08-03T00:11:23Z,1565712026-08-01,15657,2026-08-01,CANCELED,,
2026-08-03T00:11:23Z,1810512026-08-01,18105,2026-08-01,CANCELED,,
2026-08-03T00:11:23Z,0407222026-08-03,04072,2026-08-03,CANCELED,,
2026-08-03T00:11:23Z,0407212026-08-03,04072,2026-08-03,CANCELED,,
2026-08-03T00:11:23Z,3810512026-08-01,38105,2026-08-01,CANCELED,,
2026-08-03T00:11:23Z,3707212026-08-03,37072,2026-08-03,CANCELED,,
2026-08-03T00:11:23Z,1821412026-08-01,18214,2026-08-01,CANCELED,,
2026-08-03T00:11:23Z,1821512026-08-01,18215,2026-08-01,CANCELED,,
2026-08-03T00:11:23Z,0029522026-08-02,00295,2026-08-02,CANCELED,,
2026-08-03T00:11:23Z,0029512026-08-02,00295,2026-08-02,CANCELED,,
2026-08-03T00:11:23Z,1260812026-08-01,12608,2026-08-01,CANCELED,,
2026-08-03T00:11:23Z,3709522026-08-01,37095,2026-08-01,CANCELED,,
2026-08-03T00:11:23Z,3709512026-08-01,37095,2026-08-01,CANCELED,,
2026-08-03T00:11:23Z,3739512026-08-01,37395,2026-08-01,CANCELED,,
2026-08-03T00:11:23Z,1810132026-08-01,18101,2026-08-01,CANCELED,,
2026-08-03T00:11:23Z,1810142026-08-01,18101,2026-08-01,CANCELED,,
2026-08-03T00:11:23Z,1810152026-08-01,18101,2026-08-01,CANCELED,,
2026-08-03T00:11:23Z,0019222026-08-02,00192,2026-08-02,CANCELED,,
2026-08-03T00:11:23Z,0019212026-08-02,00192,2026-08-02,CANCELED,,
2026-08-03T00:11:23Z,7187212026-08-01,71872,2026-08-01,CANCELED,,
2026-08-03T00:11:23Z,3739212026-08-01,37392,2026-08-01,CANCELED,,
2026-08-03T00:16:32Z,1705212026-08-01,17052,2026-08-01,CANCELED,,
2026-08-03T00:16:32Z,3749222026-08-01,37492,2026-08-01,CANCELED,,
2026-08-03T00:16:32Z,3749212026-08-01,37492,2026-08-01,CANCELED,,
2026-08-03T00:16:32Z,1721812026-08-01,17218,2026-08-01,CANCELED,,
2026-08-03T00:16:32Z,1260712026-08-01,12607,2026-08-01,CANCELED,,
2026-08-03T00:16:32Z,3821812026-08-01,38218,2026-08-01,CANCELED,,
2026-08-03T00:16:32Z,1307912026-08-01,13079,2026-08-01,CANCELED,,
2026-08-03T00:16:32Z,1722112026-08-01,17221,2026-08-01,CANCELED,,
2026-08-03T00:16:32Z,3822112026-08-01,38221,2026-08-01,CANCELED,,
2026-08-03T00:16:32Z,1565712026-08-01,15657,2026-08-01,CANCELED,,
2026-08-03T00:16:32Z,1810512026-08-01,18105,2026-08-01,CANCELED,,
2026-08-03T00:16:32Z,0407222026-08-03,04072,2026-08-03,CANCELED,,
2026-08-03T00:16:32Z,0407212026-08-03,04072,2026-08-03,CANCELED,,
2026-08-03T00:16:32Z,3810512026-08-01,38105,2026-08-01,CANCELED,,
2026-08-03T00:16:32Z,3707212026-08-03,37072,2026-08-03,CANCELED,,
2026-08-03T00:16:32Z,1821412026-08-01,18214,2026-08-01,CANCELED,,
2026-08-03T00:16:32Z,1821512026-08-01,18215,2026-08-01,CANCELED,,
2026-08-03T00:16:32Z,0029522026-08-02,00295,2026-08-02,CANCELED,,
2026-08-03T00:16:32Z,0029512026-08-02,00295,2026-08-02,CANCELED,,
2026-08-03T00:16:32Z,1260812026-08-01,12608,2026-08-01,CANCELED,,
2026-08-03T00:16:32Z,3709522026-08-01,37095,2026-08-01,CANCELED,,
2026-08-03T00:16:32Z,3709512026-08-01,37095,2026-08-01,CANCELED,,
2026-08-03T00:16:32Z,3739512026-08-01,37395,2026-08-01,CANCELED,,
2026-08-03T00:16:32Z,1810132026-08-01,18101,2026-08-01,CANCELED,,
2026-08-03T00:16:32Z,1810142026-08-01,18101,2026-08-01,CANCELED,,
2026-08-03T00:16:32Z,1810152026-08-01,18101,2026-08-01,CANCELED,,
2026-08-03T00:16:32Z,0019222026-08-02,00192,2026-08-02,CANCELED,,
2026-08-03T00:16:32Z,0019212026-08-02,00192,2026-08-02,CANCELED,,
2026-08-03T00:16:32Z,7187212026-08-01,71872,2026-08-01,CANCELED,,
2026-08-03T00:16:32Z,3739212026-08-01,37392,2026-08-01,CANCELED,,
2026-08-03T00:21:23Z,1705212026-08-01,17052,2026-08-01,CANCELED,,
2026-08-03T00:21:23Z,3749222026-08-01,37492,2026-08-01,CANCELED,,
2026-08-03T00:21:23Z,3749212026-08-01,37492,2026-08-01,CANCELED,,
2026-08-03T00:21:23Z,1721812026-08-01,17218,2026-08-01,CANCELED,,
2026-08-03T00:21:23Z,1260712026-08-01,12607,2026-08-01,CANCELED,,
2026-08-03T00:21:23Z,3821812026-08-01,38218,2026-08-01,CANCELED,,
2026-08-03T00:21:23Z,1307912026-08-01,13079,2026-08-01,CANCELED,,
2026-08-03T00:21:23Z,1722112026-08-01,17221,2026-08-01,CANCELED,,
2026-08-03T00:21:23Z,3822112026-08-01,38221,2026-08-01,CANCELED,,
2026-08-03T00:21:23Z,1565712026-08-01,15657,2026-08-01,CANCELED,,
2026-08-03T00:21:23Z,1810512026-08-01,18105,2026-08-01,CANCELED,,
2026-08-03T00:21:23Z,0407222026-08-03,04072,2026-08-03,CANCELED,,
2026-08-03T00:21:23Z,0407212026-08-03,04072,2026-08-03,CANCELED,,
2026-08-03T00:21:23Z,3810512026-08-01,38105,2026-08-01,CANCELED,,
2026-08-03T00:21:23Z,3707212026-08-03,37072,2026-08-03,CANCELED,,
2026-08-03T00:21:23Z,1821412026-08-01,18214,2026-08-01,CANCELED,,
2026-08-03T00:21:23Z,1821512026-08-01,18215,2026-08-01,CANCELED,,
2026-08-03T00:21:23Z,0029522026-08-02,00295,2026-08-02,CANCELED,,
2026-08-03T00:21:23Z,0029512026-08-02,00295,2026-08-02,CANCELED,,
2026-08-03T00:21:23Z,1260812026-08-01,12608,2026-08-01,CANCELED,,
2026-08-03T00:21:23Z,3709522026-08-01,37095,2026-08-01,CANCELED,,
2026-08-03T00:21:23Z,3709512026-08-01,37095,2026-08-01,CANCELED,,
2026-08-03T00:21:23Z,3739512026-08-01,37395,2026-08-01,CANCELED,,
2026-08-03T00:21:23Z,1810132026-08-01,18101,2026-08-01,CANCELED,,
2026-08-03T00:21:23Z,1810142026-08-01,18101,2026-08-01,CANCELED,,
2026-08-03T00:21:23Z,1810152026-08-01,18101,2026-08-01,CANCELED,,
2026-08-03T00:21:23Z,0019222026-08-02,00192,2026-08-02,CANCELED,,
2026-08-03T00:21:23Z,0019212026-08-02,00192,2026-08-02,CANCELED,,
2026-08-03T00:21:23Z,7187212026-08-01,71872,2026-08-01,CANCELED,,
2026-08-03T00:21:23Z,3739212026-08-01,37392,2026-08-01,CANCELED,,
2026-08-03T00:26:26Z,1705212026-08-01,17052,2026-08-01,CANCELED,,
2026-08-03T00:26:26Z,3749222026-08-01,37492,2026-08-01,CANCELED,,
2026-08-03T00:26:26Z,3749212026-08-01,37492,2026-08-01,CANCELED,,
2026-08-03T00:26:26Z,1721812026-08-01,17218,2026-08-01,CANCELED,,
2026-08-03T00:26:26Z,1260712026-08-01,12607,2026-08-01,CANCELED,,
2026-08-03T00:26:26Z,3821812026-08-01,38218,2026-08-01,CANCELED,,
2026-08-03T00:26:26Z,1307912026-08-01,13079,2026-08-01,CANCELED,,
2026-08-03T00:26:26Z,1722112026-08-01,17221,2026-08-01,CANCELED,,
2026-08-03T00:26:26Z,3822112026-08-01,38221,2026-08-01,CANCELED,,
2026-08-03T00:26:26Z,1565712026-08-01,15657,2026-08-01,CANCELED,,
2026-08-03T00:26:26Z,1810512026-08-01,18105,2026-08-01,CANCELED,,
2026-08-03T00:26:26Z,0407222026-08-03,04072,2026-08-03,CANCELED,,
2026-08-03T00:26:26Z,0407212026-08-03,04072,2026-08-03,CANCELED,,
2026-08-03T00:26:26Z,3810512026-08-01,38105,2026-08-01,CANCELED,,
2026-08-03T00:26:26Z,3707212026-08-03,37072,2026-08-03,CANCELED,,
2026-08-03T00:26:26Z,1821412026-08-01,18214,2026-08-01,CANCELED,,
2026-08-03T00:26:26Z,1821512026-08-01,18215,2026-08-01,CANCELED,,
2026-08-03T00:26:26Z,0029522026-08-02,00295,2026-08-02,CANCELED,,
2026-08-03T00:26:26Z,0029512026-08-02,00295,2026-08-02,CANCELED,,
2026-08-03T00:26:26Z,1260812026-08-01,12608,2026-08-01,CANCELED,,
2026-08-03T00:26:26Z,3709522026-08-01,37095,2026-08-01,CANCELED,,
2026-08-03T00:26:26Z,3709512026-08-01,37095,2026-08-01,CANCELED,,
2026-08-03T00:26:26Z,3739512026-08-01,37395,2026-08-01,CANCELED,,
2026-08-03T00:26:26Z,1810132026-08-01,18101,2026-08-01,CANCELED,,
2026-08-03T00:26:26Z,1810142026-08-01,18101,2026-08-01,CANCELED,,
2026-08-03T00:26:26Z,1810152026-08-01,18101,2026-08-01,CANCELED,,
2026-08-03T00:26:26Z,0019222026-08-02,00192,2026-08-02,CANCELED,,
2026-08-03T00:26:26Z,0019212026-08-02,00192,2026-08-02,CANCELED,,
2026-08-03T00:26:26Z,7187212026-08-01,71872,2026-08-01,CANCELED,,
2026-08-03T00:26:26Z,3739212026-08-01,37392,2026-08-01,CANCELED,,
2026-08-03T00:31:37Z,1705212026-08-01,17052,2026-08-01,CANCELED,,
2026-08-03T00:31:37Z,3749222026-08-01,37492,2026-08-01,CANCELED,,
2026-08-03T00:31:37Z,3749212026-08-01,37492,2026-08-01,CANCELED,,
2026-08-03T00:31:37Z,1721812026-08-01,17218,2026-08-01,CANCELED,,
2026-08-03T00:31:37Z,1260712026-08-01,12607,2026-08-01,CANCELED,,
2026-08-03T00:31:37Z,3821812026-08-01,38218,2026-08-01,CANCELED,,
2026-08-03T00:31:37Z,1307912026-08-01,13079,2026-08-01,CANCELED,,
2026-08-03T00:31:37Z,1722112026-08-01,17221,2026-08-01,CANCELED,,
2026-08-03T00:31:37Z,3822112026-08-01,38221,2026-08-01,CANCELED,,
2026-08-03T00:31:37Z,1565712026-08-01,15657,2026-08-01,CANCELED,,
2026-08-03T00:31:37Z,1810512026-08-01,18105,2026-08-01,CANCELED,,
2026-08-03T00:31:37Z,0407222026-08-03,04072,2026-08-03,CANCELED,,
2026-08-03T00:31:37Z,0407212026-08-03,04072,2026-08-03,CANCELED,,
2026-08-03T00:31:37Z,3810512026-08-01,38105,2026-08-01,CANCELED,,
2026-08-03T00:31:37Z,3707212026-08-03,37072,2026-08-03,CANCELED,,
2026-08-03T00:31:37Z,1821412026-08-01,18214,2026-08-01,CANCELED,,
2026-08-03T00:31:37Z,1821512026-08-01,18215,2026-08-01,CANCELED,,
2026-08-03T00:31:37Z,0029522026-08-02,00295,2026-08-02,CANCELED,,
2026-08-03T00:31:37Z,0029512026-08-02,00295,2026-08-02,CANCELED,,
2026-08-03T00:31:37Z,1260812026-08-01,12608,2026-08-01,CANCELED,,
2026-08-03T00:31:37Z,3709522026-08-01,37095,2026-08-01,CANCELED,,
2026-08-03T00:31:37Z,3709512026-08-01,37095,2026-08-01,CANCELED,,
2026-08-03T00:31:37Z,3739512026-08-01,37395,2026-08-01,CANCELED,,
2026-08-03T00:31:37Z,1810132026-08-01,18101,2026-08-01,CANCELED,,
2026-08-03T00:31:37Z,1810142026-08-01,18101,2026-08-01,CANCELED,,
2026-08-03T00:31:37Z,1810152026-08-01,18101,2026-08-01,CANCELED,,
2026-08-03T00:31:37Z,0019222026-08-02,00192,2026-08-02,CANCELED,,
2026-08-03T00:31:37Z,0019212026-08-02,00192,2026-08-02,CANCELED,,
2026-08-03T00:31:37Z,7187212026-08-01,71872,2026-08-01,CANCELED,,
2026-08-03T00:31:37Z,3739212026-08-01,37392,2026-08-01,CANCELED,,
2026-08-03T00:36:22Z,1705212026-08-01,17052,2026-08-01,CANCELED,,
2026-08-03T00:36:22Z,3749222026-08-01,37492,2026-08-01,CANCELED,,
2026-08-03T00:36:22Z,3749212026-08-01,37492,2026-08-01,CANCELED,,
2026-08-03T00:36:22Z,1721812026-08-01,17218,2026-08-01,CANCELED,,
2026-08-03T00:36:22Z,1260712026-08-01,12607,2026-08-01,CANCELED,,
2026-08-03T00:36:22Z,3821812026-08-01,38218,2026-08-01,CANCELED,,
2026-08-03T00:36:22Z,1307912026-08-01,13079,2026-08-01,CANCELED,,
2026-08-03T00:36:22Z,1722112026-08-01,17221,2026-08-01,CANCELED,,
2026-08-03T00:36:22Z,3822112026-08-01,38221,2026-08-01,CANCELED,,
2026-08-03T00:36:22Z,1565712026-08-01,15657,2026-08-01,CANCELED,,
2026-08-03T00:36:22Z,1810512026-08-01,18105,2026-08-01,CANCELED,,
2026-08-03T00:36:22Z,0407222026-08-03,04072,2026-08-03,CANCELED,,
2026-08-03T00:36:22Z,0407212026-08-03,04072,2026-08-03,CANCELED,,
2026-08-03T00:36:22Z,3810512026-08-01,38105,2026-08-01,CANCELED,,
2026-08-03T00:36:22Z,3707212026-08-03,37072,2026-08-03,CANCELED,,
2026-08-03T00:36:22Z,1821412026-08-01,18214,2026-08-01,CANCELED,,
2026-08-03T00:36:22Z,1821512026-08-01,18215,2026-08-01,CANCELED,,
2026-08-03T00:36:22Z,0029522026-08-02,00295,2026-08-02,CANCELED,,
2026-08-03T00:36:22Z,0029512026-08-02,00295,2026-08-02,CANCELED,,
2026-08-03T00:36:22Z,1260812026-08-01,12608,2026-08-01,CANCELED,,
2026-08-03T00:36:22Z,3709522026-08-01,37095,2026-08-01,CANCELED,,
2026-08-03T00:36:22Z,3709512026-08-01,37095,2026-08-01,CANCELED,,
2026-08-03T00:36:22Z,3739512026-08-01,37395,2026-08-01,CANCELED,,
2026-08-03T00:36:22Z,1810132026-08-01,18101,2026-08-01,CANCELED,,
2026-08-03T00:36:22Z,1810142026-08-01,18101,2026-08-01,CANCELED,,
2026-08-03T00:36:22Z,1810152026-08-01,18101,2026-08-01,CANCELED,,
2026-08-03T00:36:22Z,0019222026-08-02,00192,2026-08-02,CANCELED,,
2026-08-03T00:36:22Z,0019212026-08-02,00192,2026-08-02,CANCELED,,
2026-08-03T00:36:22Z,7187212026-08-01,71872,2026-08-01,CANCELED,,
2026-08-03T00:36:22Z,3739212026-08-01,37392,2026-08-01,CANCELED,,
2026-08-03T00:46:22Z,1705212026-08-01,17052,2026-08-01,CANCELED,,
2026-08-03T00:46:22Z,3749222026-08-01,37492,2026-08-01,CANCELED,,
2026-08-03T00:46:22Z,3749212026-08-01,37492,2026-08-01,CANCELED,,
2026-08-03T00:46:22Z,1721812026-08-01,17218,2026-08-01,CANCELED,,
2026-08-03T00:46:22Z,1260712026-08-01,12607,2026-08-01,CANCELED,,
2026-08-03T00:46:22Z,3821812026-08-01,38218,2026-08-01,CANCELED,,
2026-08-03T00:46:22Z,1307912026-08-01,13079,2026-08-01,CANCELED,,
2026-08-03T00:46:22Z,1722112026-08-01,17221,2026-08-01,CANCELED,,
2026-08-03T00:46:22Z,3822112026-08-01,38221,2026-08-01,CANCELED,,
2026-08-03T00:46:22Z,1565712026-08-01,15657,2026-08-01,CANCELED,,
2026-08-03T00:46:22Z,1810512026-08-01,18105,2026-08-01,CANCELED,,
2026-08-03T00:46:22Z,0407222026-08-03,04072,2026-08-03,CANCELED,,
2026-08-03T00:46:22Z,0407212026-08-03,04072,2026-08-03,CANCELED,,
2026-08-03T00:46:22Z,3810512026-08-01,38105,2026-08-01,CANCELED,,
2026-08-03T00:46:22Z,3707212026-08-03,37072,2026-08-03,CANCELED,,
2026-08-03T00:46:22Z,1821412026-08-01,18214,2026-08-01,CANCELED,,
2026-08-03T00:46:22Z,1821512026-08-01,18215,2026-08-01,CANCELED,,
2026-08-03T00:46:22Z,0029522026-08-02,00295,2026-08-02,CANCELED,,
2026-08-03T00:46:22Z,0029512026-08-02,00295,2026-08-02,CANCELED,,
2026-08-03T00:46:22Z,1260812026-08-01,12608,2026-08-01,CANCELED,,
2026-08-03T00:46:22Z,3709522026-08-01,37095,2026-08-01,CANCELED,,
2026-08-03T00:46:22Z,3709512026-08-01,37095,2026-08-01,CANCELED,,
2026-08-03T00:46:22Z,3739512026-08-01,37395,2026-08-01,CANCELED,,
2026-08-03T00:46:22Z,1810132026-08-01,18101,2026-08-01,CANCELED,,
2026-08-03T00:46:22Z,1810142026-08-01,18101,2026-08-01,CANCELED,,
2026-08-03T00:46:22Z,1810152026-08-01,18101,2026-08-01,CANCELED,,
2026-08-03T00:46:22Z,0019222026-08-02,00192,2026-08-02,CANCELED,,
2026-08-03T00:46:22Z,0019212026-08-02,00192,2026-08-02,CANCELED,,
2026-08-03T00:46:22Z,7187212026-08-01,71872,2026-08-01,CANCELED,,
2026-08-03T00:46:22Z,3739212026-08-01,37392,2026-08-01,CANCELED,,
2026-08-03T00:51:23Z,1705212026-08-01,17052,2026-08-01,CANCELED,,
2026-08-03T00:51:23Z,3749222026-08-01,37492,2026-08-01,CANCELED,,
2026-08-03T00:51:23Z,3749212026-08-01,37492,2026-08-01,CANCELED,,
2026-08-03T00:51:23Z,1721812026-08-01,17218,2026-08-01,CANCELED,,
2026-08-03T00:51:23Z,1260712026-08-01,12607,2026-08-01,CANCELED,,
2026-08-03T00:51:23Z,3821812026-08-01,38218,2026-08-01,CANCELED,,
2026-08-03T00:51:23Z,1307912026-08-01,13079,2026-08-01,CANCELED,,
2026-08-03T00:51:23Z,1722112026-08-01,17221,2026-08-01,CANCELED,,
2026-08-03T00:51:23Z,3822112026-08-01,38221,2026-08-01,CANCELED,,
2026-08-03T00:51:23Z,1565712026-08-01,15657,2026-08-01,CANCELED,,
2026-08-03T00:51:23Z,1810512026-08-01,18105,2026-08-01,CANCELED,,
2026-08-03T00:51:23Z,0407222026-08-03,04072,2026-08-03,CANCELED,,
2026-08-03T00:51:23Z,0407212026-08-03,04072,2026-08-03,CANCELED,,
2026-08-03T00:51:23Z,3810512026-08-01,38105,2026-08-01,CANCELED,,
2026-08-03T00:51:23Z,3707212026-08-03,37072,2026-08-03,CANCELED,,
2026-08-03T00:51:23Z,1821412026-08-01,18214,2026-08-01,CANCELED,,
2026-08-03T00:51:23Z,1821512026-08-01,18215,2026-08-01,CANCELED,,
2026-08-03T00:51:23Z,0029522026-08-02,00295,2026-08-02,CANCELED,,
2026-08-03T00:51:23Z,0029512026-08-02,00295,2026-08-02,CANCELED,,
2026-08-03T00:51:23Z,1260812026-08-01,12608,2026-08-01,CANCELED,,
2026-08-03T00:51:23Z,3709522026-08-01,37095,2026-08-01,CANCELED,,
2026-08-03T00:51:23Z,3709512026-08-01,37095,2026-08-01,CANCELED,,
2026-08-03T00:51:23Z,3739512026-08-01,37395,2026-08-01,CANCELED,,
2026-08-03T00:51:23Z,1810132026-08-01,18101,2026-08-01,CANCELED,,
2026-08-03T00:51:23Z,1810142026-08-01,18101,2026-08-01,CANCELED,,
2026-08-03T00:51:23Z,1810152026-08-01,18101,2026-08-01,CANCELED,,
2026-08-03T00:51:23Z,0019222026-08-02,00192,2026-08-02,CANCELED,,
2026-08-03T00:51:23Z,0019212026-08-02,00192,2026-08-02,CANCELED,,
2026-08-03T00:51:23Z,7187212026-08-01,71872,2026-08-01,CANCELED,,
2026-08-03T00:51:23Z,3739212026-08-01,37392,2026-08-01,CANCELED,,
2026-08-03T00:56:19Z,1705212026-08-01,17052,2026-08-01,CANCELED,,
2026-08-03T00:56:19Z,3749222026-08-01,37492,2026-08-01,CANCELED,,
2026-08-03T00:56:19Z,3749212026-08-01,37492,2026-08-01,CANCELED,,
2026-08-03T00:56:19Z,1721812026-08-01,17218,2026-08-01,CANCELED,,
2026-08-03T00:56:19Z,1260712026-08-01,12607,2026-08-01,CANCELED,,
2026-08-03T00:56:19Z,3821812026-08-01,38218,2026-08-01,CANCELED,,
2026-08-03T00:56:19Z,1307912026-08-01,13079,2026-08-01,CANCELED,,
2026-08-03T00:56:19Z,1722112026-08-01,17221,2026-08-01,CANCELED,,
2026-08-03T00:56:19Z,3822112026-08-01,38221,2026-08-01,CANCELED,,
2026-08-03T00:56:19Z,1565712026-08-01,15657,2026-08-01,CANCELED,,
2026-08-03T00:56:19Z,1810512026-08-01,18105,2026-08-01,CANCELED,,
2026-08-03T00:56:19Z,0407222026-08-03,04072,2026-08-03,CANCELED,,
2026-08-03T00:56:19Z,0407212026-08-03,04072,2026-08-03,CANCELED,,
2026-08-03T00:56:19Z,3810512026-08-01,38105,2026-08-01,CANCELED,,
2026-08-03T00:56:19Z,3707212026-08-03,37072,2026-08-03,CANCELED,,
2026-08-03T00:56:19Z,1821412026-08-01,18214,2026-08-01,CANCELED,,
2026-08-03T00:56:19Z,1821512026-08-01,18215,2026-08-01,CANCELED,,
2026-08-03T00:56:19Z,0029522026-08-02,00295,2026-08-02,CANCELED,,
2026-08-03T00:56:19Z,0029512026-08-02,00295,2026-08-02,CANCELED,,
2026-08-03T00:56:19Z,1260812026-08-01,12608,2026-08-01,CANCELED,,
2026-08-03T00:56:19Z,3709522026-08-01,37095,2026-08-01,CANCELED,,
2026-08-03T00:56:19Z,3709512026-08-01,37095,2026-08-01,CANCELED,,
2026-08-03T00:56:19Z,3739512026-08-01,37395,2026-08-01,CANCELED,,
2026-08-03T00:56:19Z,1810132026-08-01,18101,2026-08-01,CANCELED,,
2026-08-03T00:56:19Z,1810142026-08-01,18101,2026-08-01,CANCELED,,
2026-08-03T00:56:19Z,1810152026-08-01,18101,2026-08-01,CANCELED,,
2026-08-03T00:56:19Z,0019222026-08-02,00192,2026-08-02,CANCELED,,
2026-08-03T00:56:19Z,0019212026-08-02,00192,2026-08-02,CANCELED,,
2026-08-03T00:56:19Z,7187212026-08-01,71872,2026-08-01,CANCELED,,
2026-08-03T00:56:19Z,3739212026-08-01,37392,2026-08-01,CANCELED,,
2026-08-03T01:01:51Z,1705212026-08-01,17052,2026-08-01,CANCELED,,
2026-08-03T01:01:51Z,3749222026-08-01,37492,2026-08-01,CANCELED,,
2026-08-03T01:01:51Z,3749212026-08-01,37492,2026-08-01,CANCELED,,
2026-08-03T01:01:51Z,1721812026-08-01,17218,2026-08-01,CANCELED,,
2026-08-03T01:01:51Z,1260712026-08-01,12607,2026-08-01,CANCELED,,
2026-08-03T01:01:51Z,3821812026-08-01,38218,2026-08-01,CANCELED,,
2026-08-03T01:01:51Z,1307912026-08-01,13079,2026-08-01,CANCELED,,
2026-08-03T01:01:51Z,1722112026-08-01,17221,2026-08-01,CANCELED,,
2026-08-03T01:01:51Z,3822112026-08-01,38221,2026-08-01,CANCELED,,
2026-08-03T01:01:51Z,1565712026-08-01,15657,2026-08-01,CANCELED,,
2026-08-03T01:01:51Z,1810512026-08-01,18105,2026-08-01,CANCELED,,
2026-08-03T01:01:51Z,0407222026-08-03,04072,2026-08-03,CANCELED,,
2026-08-03T01:01:51Z,0407212026-08-03,04072,2026-08-03,CANCELED,,
2026-08-03T01:01:51Z,3810512026-08-01,38105,2026-08-01,CANCELED,,
2026-08-03T01:01:51Z,3707212026-08-03,37072,2026-08-03,CANCELED,,
2026-08-03T01:01:51Z,1821412026-08-01,18214,2026-08-01,CANCELED,,
2026-08-03T01:01:51Z,1821512026-08-01,18215,2026-08-01,CANCELED,,
2026-08-03T01:01:51Z,0029522026-08-02,00295,2026-08-02,CANCELED,,
2026-08-03T01:01:51Z,0029512026-08-02,00295,2026-08-02,CANCELED,,
2026-08-03T01:01:51Z,1260812026-08-01,12608,2026-08-01,CANCELED,,
2026-08-03T01:01:51Z,3709522026-08-01,37095,2026-08-01,CANCELED,,
2026-08-03T01:01:51Z,3709512026-08-01,37095,2026-08-01,CANCELED,,
2026-08-03T01:01:51Z,3739512026-08-01,37395,2026-08-01,CANCELED,,
2026-08-03T01:01:51Z,1810132026-08-01,18101,2026-08-01,CANCELED,,
2026-08-03T01:01:51Z,1810142026-08-01,18101,2026-08-01,CANCELED,,
2026-08-03T01:01:51Z,1810152026-08-01,18101,2026-08-01,CANCELED,,
2026-08-03T01:01:51Z,0019222026-08-02,00192,2026-08-02,CANCELED,,
2026-08-03T01:01:51Z,0019212026-08-02,00192,2026-08-02,CANCELED,,
2026-08-03T01:01:51Z,7187212026-08-01,71872,2026-08-01,CANCELED,,
2026-08-03T01:01:51Z,3739212026-08-01,37392,2026-08-01,CANCELED,,
2026-08-03T01:06:18Z,1705212026-08-01,17052,2026-08-01,CANCELED,,
2026-08-03T01:06:18Z,3749222026-08-01,37492,2026-08-01,CANCELED,,
2026-08-03T01:06:18Z,3749212026-08-01,37492,2026-08-01,CANCELED,,
2026-08-03T01:06:18Z,1721812026-08-01,17218,2026-08-01,CANCELED,,
2026-08-03T01:06:18Z,1260712026-08-01,12607,2026-08-01,CANCELED,,
2026-08-03T01:06:18Z,3821812026-08-01,38218,2026-08-01,CANCELED,,
2026-08-03T01:06:18Z,1307912026-08-01,13079,2026-08-01,CANCELED,,
2026-08-03T01:06:18Z,1722112026-08-01,17221,2026-08-01,CANCELED,,
2026-08-03T01:06:18Z,3822112026-08-01,38221,2026-08-01,CANCELED,,
2026-08-03T01:06:18Z,1565712026-08-01,15657,2026-08-01,CANCELED,,
2026-08-03T01:06:18Z,1810512026-08-01,18105,2026-08-01,CANCELED,,
2026-08-03T01:06:18Z,0407222026-08-03,04072,2026-08-03,CANCELED,,
2026-08-03T01:06:18Z,0407212026-08-03,04072,2026-08-03,CANCELED,,
2026-08-03T01:06:18Z,3810512026-08-01,38105,2026-08-01,CANCELED,,
2026-08-03T01:06:18Z,3707212026-08-03,37072,2026-08-03,CANCELED,,
2026-08-03T01:06:18Z,1821412026-08-01,18214,2026-08-01,CANCELED,,
2026-08-03T01:06:18Z,1821512026-08-01,18215,2026-08-01,CANCELED,,
2026-08-03T01:06:18Z,0029522026-08-02,00295,2026-08-02,CANCELED,,
2026-08-03T01:06:18Z,0029512026-08-02,00295,2026-08-02,CANCELED,,
2026-08-03T01:06:18Z,1260812026-08-01,12608,2026-08-01,CANCELED,,
2026-08-03T01:06:18Z,3709522026-08-01,37095,2026-08-01,CANCELED,,
2026-08-03T01:06:18Z,3709512026-08-01,37095,2026-08-01,CANCELED,,
2026-08-03T01:06:18Z,3739512026-08-01,37395,2026-08-01,CANCELED,,
2026-08-03T01:06:18Z,1810132026-08-01,18101,2026-08-01,CANCELED,,
2026-08-03T01:06:18Z,1810142026-08-01,18101,2026-08-01,CANCELED,,
2026-08-03T01:06:18Z,1810152026-08-01,18101,2026-08-01,CANCELED,,
2026-08-03T01:06:18Z,0019222026-08-02,00192,2026-08-02,CANCELED,,
2026-08-03T01:06:18Z,0019212026-08-02,00192,2026-08-02,CANCELED,,
2026-08-03T01:06:18Z,7187212026-08-01,71872,2026-08-01,CANCELED,,
2026-08-03T01:06:18Z,3739212026-08-01,37392,2026-08-01,CANCELED,,
2026-08-03T01:11:23Z,1705212026-08-01,17052,2026-08-01,CANCELED,,
2026-08-03T01:11:23Z,3749222026-08-01,37492,2026-08-01,CANCELED,,
2026-08-03T01:11:23Z,3749212026-08-01,37492,2026-08-01,CANCELED,,
2026-08-03T01:11:23Z,1721812026-08-01,17218,2026-08-01,CANCELED,,
2026-08-03T01:11:23Z,1260712026-08-01,12607,2026-08-01,CANCELED,,
2026-08-03T01:11:23Z,3821812026-08-01,38218,2026-08-01,CANCELED,,
2026-08-03T01:11:23Z,1307912026-08-01,13079,2026-08-01,CANCELED,,
2026-08-03T01:11:23Z,1722112026-08-01,17221,2026-08-01,CANCELED,,
2026-08-03T01:11:23Z,3822112026-08-01,38221,2026-08-01,CANCELED,,
2026-08-03T01:11:23Z,1565712026-08-01,15657,2026-08-01,CANCELED,,
2026-08-03T01:11:23Z,1810512026-08-01,18105,2026-08-01,CANCELED,,
2026-08-03T01:11:23Z,0407222026-08-03,04072,2026-08-03,CANCELED,,
2026-08-03T01:11:23Z,0407212026-08-03,04072,2026-08-03,CANCELED,,
2026-08-03T01:11:23Z,3810512026-08-01,38105,2026-08-01,CANCELED,,
2026-08-03T01:11:23Z,3707212026-08-03,37072,2026-08-03,CANCELED,,
2026-08-03T01:11:23Z,1821412026-08-01,18214,2026-08-01,CANCELED,,
2026-08-03T01:11:23Z,1821512026-08-01,18215,2026-08-01,CANCELED,,
2026-08-03T01:11:23Z,0029522026-08-02,00295,2026-08-02,CANCELED,,
2026-08-03T01:11:23Z,0029512026-08-02,00295,2026-08-02,CANCELED,,
2026-08-03T01:11:23Z,1260812026-08-01,12608,2026-08-01,CANCELED,,
2026-08-03T01:11:23Z,3709522026-08-01,37095,2026-08-01,CANCELED,,
2026-08-03T01:11:23Z,3709512026-08-01,37095,2026-08-01,CANCELED,,
2026-08-03T01:11:23Z,3739512026-08-01,37395,2026-08-01,CANCELED,,
2026-08-03T01:11:23Z,1810132026-08-01,18101,2026-08-01,CANCELED,,
2026-08-03T01:11:23Z,1810142026-08-01,18101,2026-08-01,CANCELED,,
2026-08-03T01:11:23Z,1810152026-08-01,18101,2026-08-01,CANCELED,,
2026-08-03T01:11:23Z,0019222026-08-02,00192,2026-08-02,CANCELED,,
2026-08-03T01:11:23Z,0019212026-08-02,00192,2026-08-02,CANCELED,,
2026-08-03T01:11:23Z,7187212026-08-01,71872,2026-08-01,CANCELED,,
2026-08-03T01:11:23Z,3739212026-08-01,37392,2026-08-01,CANCELED,,
2026-08-03T01:16:24Z,1705212026-08-01,17052,2026-08-01,CANCELED,,
2026-08-03T01:16:24Z,3749222026-08-01,37492,2026-08-01,CANCELED,,
2026-08-03T01:16:24Z,3749212026-08-01,37492,2026-08-01,CANCELED,,
2026-08-03T01:16:24Z,1721812026-08-01,17218,2026-08-01,CANCELED,,
2026-08-03T01:16:24Z,1260712026-08-01,12607,2026-08-01,CANCELED,,
2026-08-03T01:16:24Z,3821812026-08-01,38218,2026-08-01,CANCELED,,
2026-08-03T01:16:24Z,1307912026-08-01,13079,2026-08-01,CANCELED,,
2026-08-03T01:16:24Z,1722112026-08-01,17221,2026-08-01,CANCELED,,
2026-08-03T01:16:24Z,3822112026-08-01,38221,2026-08-01,CANCELED,,
2026-08-03T01:16:24Z,1565712026-08-01,15657,2026-08-01,CANCELED,,
2026-08-03T01:16:24Z,1810512026-08-01,18105,2026-08-01,CANCELED,,
2026-08-03T01:16:24Z,0407222026-08-03,04072,2026-08-03,CANCELED,,
2026-08-03T01:16:24Z,0407212026-08-03,04072,2026-08-03,CANCELED,,
2026-08-03T01:16:24Z,3810512026-08-01,38105,2026-08-01,CANCELED,,
2026-08-03T01:16:24Z,3707212026-08-03,37072,2026-08-03,CANCELED,,
2026-08-03T01:16:24Z,1821412026-08-01,18214,2026-08-01,CANCELED,,
2026-08-03T01:16:24Z,1821512026-08-01,18215,2026-08-01,CANCELED,,
2026-08-03T01:16:24Z,0029522026-08-02,00295,2026-08-02,CANCELED,,
2026-08-03T01:16:24Z,0029512026-08-02,00295,2026-08-02,CANCELED,,
2026-08-03T01:16:24Z,1260812026-08-01,12608,2026-08-01,CANCELED,,
2026-08-03T01:16:24Z,3709522026-08-01,37095,2026-08-01,CANCELED,,
2026-08-03T01:16:24Z,3709512026-08-01,37095,2026-08-01,CANCELED,,
2026-08-03T01:16:24Z,3739512026-08-01,37395,2026-08-01,CANCELED,,
2026-08-03T01:16:24Z,1810132026-08-01,18101,2026-08-01,CANCELED,,
2026-08-03T01:16:24Z,1810142026-08-01,18101,2026-08-01,CANCELED,,
2026-08-03T01:16:24Z,1810152026-08-01,18101,2026-08-01,CANCELED,,
2026-08-03T01:16:24Z,0019222026-08-02,00192,2026-08-02,CANCELED,,
2026-08-03T01:16:24Z,0019212026-08-02,00192,2026-08-02,CANCELED,,
2026-08-03T01:16:24Z,7187212026-08-01,71872,2026-08-01,CANCELED,,
2026-08-03T01:16:24Z,3739212026-08-01,37392,2026-08-01,CANCELED,,
2026-08-03T01:21:22Z,1705212026-08-01,17052,2026-08-01,CANCELED,,
2026-08-03T01:21:22Z,3749222026-08-01,37492,2026-08-01,CANCELED,,
2026-08-03T01:21:22Z,3749212026-08-01,37492,2026-08-01,CANCELED,,
2026-08-03T01:21:22Z,1721812026-08-01,17218,2026-08-01,CANCELED,,
2026-08-03T01:21:22Z,1260712026-08-01,12607,2026-08-01,CANCELED,,
2026-08-03T01:21:22Z,3821812026-08-01,38218,2026-08-01,CANCELED,,
2026-08-03T01:21:22Z,1307912026-08-01,13079,2026-08-01,CANCELED,,
2026-08-03T01:21:22Z,1722112026-08-01,17221,2026-08-01,CANCELED,,
2026-08-03T01:21:22Z,3822112026-08-01,38221,2026-08-01,CANCELED,,
2026-08-03T01:21:22Z,1565712026-08-01,15657,2026-08-01,CANCELED,,
2026-08-03T01:21:22Z,1810512026-08-01,18105,2026-08-01,CANCELED,,
2026-08-03T01:21:22Z,0407222026-08-03,04072,2026-08-03,CANCELED,,
2026-08-03T01:21:22Z,0407212026-08-03,04072,2026-08-03,CANCELED,,
2026-08-03T01:21:22Z,3810512026-08-01,38105,2026-08-01,CANCELED,,
2026-08-03T01:21:22Z,3707212026-08-03,37072,2026-08-03,CANCELED,,
2026-08-03T01:21:22Z,1821412026-08-01,18214,2026-08-01,CANCELED,,
2026-08-03T01:21:22Z,1821512026-08-01,18215,2026-08-01,CANCELED,,
2026-08-03T01:21:22Z,0029522026-08-02,00295,2026-08-02,CANCELED,,
2026-08-03T01:21:22Z,0029512026-08-02,00295,2026-08-02,CANCELED,,
2026-08-03T01:21:22Z,1260812026-08-01,12608,2026-08-01,CANCELED,,
2026-08-03T01:21:22Z,3709522026-08-01,37095,2026-08-01,CANCELED,,
2026-08-03T01:21:22Z,3709512026-08-01,37095,2026-08-01,CANCELED,,
2026-08-03T01:21:22Z,3739512026-08-01,37395,2026-08-01,CANCELED,,
2026-08-03T01:21:22Z,1810132026-08-01,18101,2026-08-01,CANCELED,,
2026-08-03T01:21:22Z,1810142026-08-01,18101,2026-08-01,CANCELED,,
2026-08-03T01:21:22Z,1810152026-08-01,18101,2026-08-01,CANCELED,,
2026-08-03T01:21:22Z,0019222026-08-02,00192,2026-08-02,CANCELED,,
2026-08-03T01:21:22Z,0019212026-08-02,00192,2026-08-02,CANCELED,,
2026-08-03T01:21:22Z,7187212026-08-01,71872,2026-08-01,CANCELED,,
2026-08-03T01:21:22Z,3739212026-08-01,37392,2026-08-01,CANCELED,,
2026-08-03T01:26:19Z,1705212026-08-01,17052,2026-08-01,CANCELED,,
2026-08-03T01:26:19Z,3749222026-08-01,37492,2026-08-01,CANCELED,,
2026-08-03T01:26:19Z,3749212026-08-01,37492,2026-08-01,CANCELED,,
2026-08-03T01:26:19Z,1721812026-08-01,17218,2026-08-01,CANCELED,,
2026-08-03T01:26:19Z,1260712026-08-01,12607,2026-08-01,CANCELED,,
2026-08-03T01:26:19Z,3821812026-08-01,38218,2026-08-01,CANCELED,,
2026-08-03T01:26:19Z,1307912026-08-01,13079,2026-08-01,CANCELED,,
2026-08-03T01:26:19Z,1722112026-08-01,17221,2026-08-01,CANCELED,,
2026-08-03T01:26:19Z,3822112026-08-01,38221,2026-08-01,CANCELED,,
2026-08-03T01:26:19Z,1565712026-08-01,15657,2026-08-01,CANCELED,,
2026-08-03T01:26:19Z,1810512026-08-01,18105,2026-08-01,CANCELED,,
2026-08-03T01:26:19Z,0407222026-08-03,04072,2026-08-03,CANCELED,,
2026-08-03T01:26:19Z,0407212026-08-03,04072,2026-08-03,CANCELED,,
2026-08-03T01:26:19Z,3810512026-08-01,38105,2026-08-01,CANCELED,,
2026-08-03T01:26:19Z,3707212026-08-03,37072,2026-08-03,CANCELED,,
2026-08-03T01:26:19Z,1821412026-08-01,18214,2026-08-01,CANCELED,,
2026-08-03T01:26:19Z,1821512026-08-01,18215,2026-08-01,CANCELED,,
2026-08-03T01:26:19Z,0029522026-08-02,00295,2026-08-02,CANCELED,,
2026-08-03T01:26:19Z,0029512026-08-02,00295,2026-08-02,CANCELED,,
2026-08-03T01:26:19Z,1260812026-08-01,12608,2026-08-01,CANCELED,,
2026-08-03T01:26:19Z,3709522026-08-01,37095,2026-08-01,CANCELED,,
2026-08-03T01:26:19Z,3709512026-08-01,37095,2026-08-01,CANCELED,,
2026-08-03T01:26:19Z,3739512026-08-01,37395,2026-08-01,CANCELED,,
2026-08-03T01:26:19Z,1810132026-08-01,18101,2026-08-01,CANCELED,,
2026-08-03T01:26:19Z,1810142026-08-01,18101,2026-08-01,CANCELED,,
2026-08-03T01:26:19Z,1810152026-08-01,18101,2026-08-01,CANCELED,,
2026-08-03T01:26:19Z,0019222026-08-02,00192,2026-08-02,CANCELED,,
2026-08-03T01:26:19Z,0019212026-08-02,00192,2026-08-02,CANCELED,,
2026-08-03T01:26:19Z,7187212026-08-01,71872,2026-08-01,CANCELED,,
2026-08-03T01:26:19Z,3739212026-08-01,37392,2026-08-01,CANCELED,,
2026-08-03T01:31:43Z,1705212026-08-01,17052,2026-08-01,CANCELED,,
2026-08-03T01:31:43Z,3749222026-08-01,37492,2026-08-01,CANCELED,,
2026-08-03T01:31:43Z,3749212026-08-01,37492,2026-08-01,CANCELED,,
2026-08-03T01:31:43Z,1721812026-08-01,17218,2026-08-01,CANCELED,,
2026-08-03T01:31:43Z,1260712026-08-01,12607,2026-08-01,CANCELED,,
2026-08-03T01:31:43Z,3821812026-08-01,38218,2026-08-01,CANCELED,,
2026-08-03T01:31:43Z,1307912026-08-01,13079,2026-08-01,CANCELED,,
2026-08-03T01:31:43Z,1722112026-08-01,17221,2026-08-01,CANCELED,,
2026-08-03T01:31:43Z,3822112026-08-01,38221,2026-08-01,CANCELED,,
2026-08-03T01:31:43Z,1565712026-08-01,15657,2026-08-01,CANCELED,,
2026-08-03T01:31:43Z,1810512026-08-01,18105,2026-08-01,CANCELED,,
2026-08-03T01:31:43Z,0407222026-08-03,04072,2026-08-03,CANCELED,,
2026-08-03T01:31:43Z,0407212026-08-03,04072,2026-08-03,CANCELED,,
2026-08-03T01:31:43Z,3810512026-08-01,38105,2026-08-01,CANCELED,,
2026-08-03T01:31:43Z,3707212026-08-03,37072,2026-08-03,CANCELED,,
2026-08-03T01:31:43Z,1821412026-08-01,18214,2026-08-01,CANCELED,,
2026-08-03T01:31:43Z,1821512026-08-01,18215,2026-08-01,CANCELED,,
2026-08-03T01:31:43Z,0029522026-08-02,00295,2026-08-02,CANCELED,,
2026-08-03T01:31:43Z,0029512026-08-02,00295,2026-08-02,CANCELED,,
2026-08-03T01:31:43Z,1260812026-08-01,12608,2026-08-01,CANCELED,,
2026-08-03T01:31:43Z,3709522026-08-01,37095,2026-08-01,CANCELED,,
2026-08-03T01:31:43Z,3709512026-08-01,37095,2026-08-01,CANCELED,,
2026-08-03T01:31:43Z,3739512026-08-01,37395,2026-08-01,CANCELED,,
2026-08-03T01:31:43Z,1810132026-08-01,18101,2026-08-01,CANCELED,,
2026-08-03T01:31:43Z,1810142026-08-01,18101,2026-08-01,CANCELED,,
2026-08-03T01:31:43Z,1810152026-08-01,18101,2026-08-01,CANCELED,,
2026-08-03T01:31:43Z,0019222026-08-02,00192,2026-08-02,CANCELED,,
2026-08-03T01:31:43Z,0019212026-08-02,00192,2026-08-02,CANCELED,,
2026-08-03T01:31:43Z,7187212026-08-01,71872,2026-08-01,CANCELED,,
2026-08-03T01:31:43Z,3739212026-08-01,37392,2026-08-01,CANCELED,,
2026-08-03T01:41:22Z,1705212026-08-01,17052,2026-08-01,CANCELED,,
2026-08-03T01:41:22Z,3749222026-08-01,37492,2026-08-01,CANCELED,,
2026-08-03T01:41:22Z,3749212026-08-01,37492,2026-08-01,CANCELED,,
2026-08-03T01:41:22Z,1721812026-08-01,17218,2026-08-01,CANCELED,,
2026-08-03T01:41:22Z,1260712026-08-01,12607,2026-08-01,CANCELED,,
2026-08-03T01:41:22Z,3821812026-08-01,38218,2026-08-01,CANCELED,,
2026-08-03T01:41:22Z,1307912026-08-01,13079,2026-08-01,CANCELED,,
2026-08-03T01:41:22Z,1722112026-08-01,17221,2026-08-01,CANCELED,,
2026-08-03T01:41:22Z,3822112026-08-01,38221,2026-08-01,CANCELED,,
2026-08-03T01:41:22Z,1565712026-08-01,15657,2026-08-01,CANCELED,,
2026-08-03T01:41:22Z,1810512026-08-01,18105,2026-08-01,CANCELED,,
2026-08-03T01:41:22Z,0407222026-08-03,04072,2026-08-03,CANCELED,,
2026-08-03T01:41:22Z,0407212026-08-03,04072,2026-08-03,CANCELED,,
2026-08-03T01:41:22Z,3810512026-08-01,38105,2026-08-01,CANCELED,,
2026-08-03T01:41:22Z,3707212026-08-03,37072,2026-08-03,CANCELED,,
2026-08-03T01:41:22Z,1821412026-08-01,18214,2026-08-01,CANCELED,,
2026-08-03T01:41:22Z,1821512026-08-01,18215,2026-08-01,CANCELED,,
2026-08-03T01:41:22Z,0029522026-08-02,00295,2026-08-02,CANCELED,,
2026-08-03T01:41:22Z,0029512026-08-02,00295,2026-08-02,CANCELED,,
2026-08-03T01:41:22Z,1260812026-08-01,12608,2026-08-01,CANCELED,,
2026-08-03T01:41:22Z,3709522026-08-01,37095,2026-08-01,CANCELED,,
2026-08-03T01:41:22Z,3709512026-08-01,37095,2026-08-01,CANCELED,,
2026-08-03T01:41:22Z,3739512026-08-01,37395,2026-08-01,CANCELED,,
2026-08-03T01:41:22Z,1810132026-08-01,18101,2026-08-01,CANCELED,,
2026-08-03T01:41:22Z,1810142026-08-01,18101,2026-08-01,CANCELED,,
2026-08-03T01:41:22Z,1810152026-08-01,18101,2026-08-01,CANCELED,,
2026-08-03T01:41:22Z,0019222026-08-02,00192,2026-08-02,CANCELED,,
2026-08-03T01:41:22Z,0019212026-08-02,00192,2026-08-02,CANCELED,,
2026-08-03T01:41:22Z,7187212026-08-01,71872,2026-08-01,CANCELED,,
2026-08-03T01:41:22Z,3739212026-08-01,37392,2026-08-01,CANCELED,,
2026-08-03T01:46:24Z,1705212026-08-01,17052,2026-08-01,CANCELED,,
2026-08-03T01:46:24Z,3749222026-08-01,37492,2026-08-01,CANCELED,,
2026-08-03T01:46:24Z,3749212026-08-01,37492,2026-08-01,CANCELED,,
2026-08-03T01:46:24Z,1721812026-08-01,17218,2026-08-01,CANCELED,,
2026-08-03T01:46:24Z,1260712026-08-01,12607,2026-08-01,CANCELED,,
2026-08-03T01:46:24Z,3821812026-08-01,38218,2026-08-01,CANCELED,,
2026-08-03T01:46:24Z,1307912026-08-01,13079,2026-08-01,CANCELED,,
2026-08-03T01:46:24Z,1722112026-08-01,17221,2026-08-01,CANCELED,,
2026-08-03T01:46:24Z,3822112026-08-01,38221,2026-08-01,CANCELED,,
2026-08-03T01:46:24Z,1565712026-08-01,15657,2026-08-01,CANCELED,,
2026-08-03T01:46:24Z,1810512026-08-01,18105,2026-08-01,CANCELED,,
2026-08-03T01:46:24Z,0407222026-08-03,04072,2026-08-03,CANCELED,,
2026-08-03T01:46:24Z,0407212026-08-03,04072,2026-08-03,CANCELED,,
2026-08-03T01:46:24Z,3810512026-08-01,38105,2026-08-01,CANCELED,,
2026-08-03T01:46:24Z,3707212026-08-03,37072,2026-08-03,CANCELED,,
2026-08-03T01:46:24Z,1821412026-08-01,18214,2026-08-01,CANCELED,,
2026-08-03T01:46:24Z,1821512026-08-01,18215,2026-08-01,CANCELED,,
2026-08-03T01:46:24Z,0029522026-08-02,00295,2026-08-02,CANCELED,,
2026-08-03T01:46:24Z,0029512026-08-02,00295,2026-08-02,CANCELED,,
2026-08-03T01:46:24Z,1260812026-08-01,12608,2026-08-01,CANCELED,,
2026-08-03T01:46:24Z,3709522026-08-01,37095,2026-08-01,CANCELED,,
2026-08-03T01:46:24Z,3709512026-08-01,37095,2026-08-01,CANCELED,,
2026-08-03T01:46:24Z,3739512026-08-01,37395,2026-08-01,CANCELED,,
2026-08-03T01:46:24Z,1810132026-08-01,18101,2026-08-01,CANCELED,,
2026-08-03T01:46:24Z,1810142026-08-01,18101,2026-08-01,CANCELED,,
2026-08-03T01:46:24Z,1810152026-08-01,18101,2026-08-01,CANCELED,,
2026-08-03T01:46:24Z,0019222026-08-02,00192,2026-08-02,CANCELED,,
2026-08-03T01:46:24Z,0019212026-08-02,00192,2026-08-02,CANCELED,,
2026-08-03T01:46:24Z,7187212026-08-01,71872,2026-08-01,CANCELED,,
2026-08-03T01:46:24Z,3739212026-08-01,37392,2026-08-01,CANCELED,,
2026-08-03T01:51:22Z,1705212026-08-01,17052,2026-08-01,CANCELED,,
2026-08-03T01:51:22Z,3749222026-08-01,37492,2026-08-01,CANCELED,,
2026-08-03T01:51:22Z,3749212026-08-01,37492,2026-08-01,CANCELED,,
2026-08-03T01:51:22Z,1721812026-08-01,17218,2026-08-01,CANCELED,,
2026-08-03T01:51:22Z,1260712026-08-01,12607,2026-08-01,CANCELED,,
2026-08-03T01:51:22Z,3821812026-08-01,38218,2026-08-01,CANCELED,,
2026-08-03T01:51:22Z,1307912026-08-01,13079,2026-08-01,CANCELED,,
2026-08-03T01:51:22Z,1722112026-08-01,17221,2026-08-01,CANCELED,,
2026-08-03T01:51:22Z,3822112026-08-01,38221,2026-08-01,CANCELED,,
2026-08-03T01:51:22Z,1565712026-08-01,15657,2026-08-01,CANCELED,,
2026-08-03T01:51:22Z,1810512026-08-01,18105,2026-08-01,CANCELED,,
2026-08-03T01:51:22Z,0407222026-08-03,04072,2026-08-03,CANCELED,,
2026-08-03T01:51:22Z,0407212026-08-03,04072,2026-08-03,CANCELED,,
2026-08-03T01:51:22Z,3810512026-08-01,38105,2026-08-01,CANCELED,,
2026-08-03T01:51:22Z,3707212026-08-03,37072,2026-08-03,CANCELED,,
2026-08-03T01:51:22Z,1821412026-08-01,18214,2026-08-01,CANCELED,,
2026-08-03T01:51:22Z,1821512026-08-01,18215,2026-08-01,CANCELED,,
2026-08-03T01:51:22Z,0029522026-08-02,00295,2026-08-02,CANCELED,,
2026-08-03T01:51:22Z,0029512026-08-02,00295,2026-08-02,CANCELED,,
2026-08-03T01:51:22Z,1260812026-08-01,12608,2026-08-01,CANCELED,,
2026-08-03T01:51:22Z,3709522026-08-01,37095,2026-08-01,CANCELED,,
2026-08-03T01:51:22Z,3709512026-08-01,37095,2026-08-01,CANCELED,,
2026-08-03T01:51:22Z,3739512026-08-01,37395,2026-08-01,CANCELED,,
2026-08-03T01:51:22Z,1810132026-08-01,18101,2026-08-01,CANCELED,,
2026-08-03T01:51:22Z,1810142026-08-01,18101,2026-08-01,CANCELED,,
2026-08-03T01:51:22Z,1810152026-08-01,18101,2026-08-01,CANCELED,,
2026-08-03T01:51:22Z,0019222026-08-02,00192,2026-08-02,CANCELED,,
2026-08-03T01:51:22Z,0019212026-08-02,00192,2026-08-02,CANCELED,,
2026-08-03T01:51:22Z,7187212026-08-01,71872,2026-08-01,CANCELED,,
2026-08-03T01:51:22Z,3739212026-08-01,37392,2026-08-01,CANCELED,,
2026-08-03T01:56:19Z,1705212026-08-01,17052,2026-08-01,CANCELED,,
2026-08-03T01:56:19Z,3749222026-08-01,37492,2026-08-01,CANCELED,,
2026-08-03T01:56:19Z,3749212026-08-01,37492,2026-08-01,CANCELED,,
2026-08-03T01:56:19Z,1721812026-08-01,17218,2026-08-01,CANCELED,,
2026-08-03T01:56:19Z,1260712026-08-01,12607,2026-08-01,CANCELED,,
2026-08-03T01:56:19Z,3821812026-08-01,38218,2026-08-01,CANCELED,,
2026-08-03T01:56:19Z,1307912026-08-01,13079,2026-08-01,CANCELED,,
2026-08-03T01:56:19Z,1722112026-08-01,17221,2026-08-01,CANCELED,,
2026-08-03T01:56:19Z,3822112026-08-01,38221,2026-08-01,CANCELED,,
2026-08-03T01:56:19Z,1565712026-08-01,15657,2026-08-01,CANCELED,,
2026-08-03T01:56:19Z,1810512026-08-01,18105,2026-08-01,CANCELED,,
2026-08-03T01:56:19Z,0407222026-08-03,04072,2026-08-03,CANCELED,,
2026-08-03T01:56:19Z,0407212026-08-03,04072,2026-08-03,CANCELED,,
2026-08-03T01:56:19Z,3810512026-08-01,38105,2026-08-01,CANCELED,,
2026-08-03T01:56:19Z,3707212026-08-03,37072,2026-08-03,CANCELED,,
2026-08-03T01:56:19Z,1821412026-08-01,18214,2026-08-01,CANCELED,,
2026-08-03T01:56:19Z,1821512026-08-01,18215,2026-08-01,CANCELED,,
2026-08-03T01:56:19Z,0029522026-08-02,00295,2026-08-02,CANCELED,,
2026-08-03T01:56:19Z,0029512026-08-02,00295,2026-08-02,CANCELED,,
2026-08-03T01:56:19Z,1260812026-08-01,12608,2026-08-01,CANCELED,,
2026-08-03T01:56:19Z,3709522026-08-01,37095,2026-08-01,CANCELED,,
2026-08-03T01:56:19Z,3709512026-08-01,37095,2026-08-01,CANCELED,,
2026-08-03T01:56:19Z,3739512026-08-01,37395,2026-08-01,CANCELED,,
2026-08-03T01:56:19Z,1810132026-08-01,18101,2026-08-01,CANCELED,,
2026-08-03T01:56:19Z,1810142026-08-01,18101,2026-08-01,CANCELED,,
2026-08-03T01:56:19Z,1810152026-08-01,18101,2026-08-01,CANCELED,,
2026-08-03T01:56:19Z,0019222026-08-02,00192,2026-08-02,CANCELED,,
2026-08-03T01:56:19Z,0019212026-08-02,00192,2026-08-02,CANCELED,,
2026-08-03T01:56:19Z,7187212026-08-01,71872,2026-08-01,CANCELED,,
2026-08-03T01:56:19Z,3739212026-08-01,37392,2026-08-01,CANCELED,,
2026-08-03T02:06:26Z,1705212026-08-01,17052,2026-08-01,CANCELED,,
2026-08-03T02:06:26Z,3749222026-08-01,37492,2026-08-01,CANCELED,,
2026-08-03T02:06:26Z,3749212026-08-01,37492,2026-08-01,CANCELED,,
2026-08-03T02:06:26Z,1721812026-08-01,17218,2026-08-01,CANCELED,,
2026-08-03T02:06:26Z,1260712026-08-01,12607,2026-08-01,CANCELED,,
2026-08-03T02:06:26Z,3821812026-08-01,38218,2026-08-01,CANCELED,,
2026-08-03T02:06:26Z,1307912026-08-01,13079,2026-08-01,CANCELED,,
2026-08-03T02:06:26Z,1722112026-08-01,17221,2026-08-01,CANCELED,,
2026-08-03T02:06:26Z,3822112026-08-01,38221,2026-08-01,CANCELED,,
2026-08-03T02:06:26Z,1565712026-08-01,15657,2026-08-01,CANCELED,,
2026-08-03T02:06:26Z,1810512026-08-01,18105,2026-08-01,CANCELED,,
2026-08-03T02:06:26Z,0407222026-08-03,04072,2026-08-03,CANCELED,,
2026-08-03T02:06:26Z,0407212026-08-03,04072,2026-08-03,CANCELED,,
2026-08-03T02:06:26Z,3810512026-08-01,38105,2026-08-01,CANCELED,,
2026-08-03T02:06:26Z,3707212026-08-03,37072,2026-08-03,CANCELED,,
2026-08-03T02:06:26Z,1821412026-08-01,18214,2026-08-01,CANCELED,,
2026-08-03T02:06:26Z,1821512026-08-01,18215,2026-08-01,CANCELED,,
2026-08-03T02:06:26Z,0029522026-08-02,00295,2026-08-02,CANCELED,,
2026-08-03T02:06:26Z,0029512026-08-02,00295,2026-08-02,CANCELED,,
2026-08-03T02:06:26Z,1260812026-08-01,12608,2026-08-01,CANCELED,,
2026-08-03T02:06:26Z,3709522026-08-01,37095,2026-08-01,CANCELED,,
2026-08-03T02:06:26Z,3709512026-08-01,37095,2026-08-01,CANCELED,,
2026-08-03T02:06:26Z,3739512026-08-01,37395,2026-08-01,CANCELED,,
2026-08-03T02:06:26Z,1810132026-08-01,18101,2026-08-01,CANCELED,,
2026-08-03T02:06:26Z,1810142026-08-01,18101,2026-08-01,CANCELED,,
2026-08-03T02:06:26Z,1810152026-08-01,18101,2026-08-01,CANCELED,,
2026-08-03T02:06:26Z,0019222026-08-02,00192,2026-08-02,CANCELED,,
2026-08-03T02:06:26Z,0019212026-08-02,00192,2026-08-02,CANCELED,,
2026-08-03T02:06:26Z,7187212026-08-01,71872,2026-08-01,CANCELED,,
2026-08-03T02:06:26Z,3739212026-08-01,37392,2026-08-01,CANCELED,,
2026-08-03T02:11:30Z,1705212026-08-01,17052,2026-08-01,CANCELED,,
2026-08-03T02:11:30Z,3749222026-08-01,37492,2026-08-01,CANCELED,,
2026-08-03T02:11:30Z,3749212026-08-01,37492,2026-08-01,CANCELED,,
2026-08-03T02:11:30Z,1721812026-08-01,17218,2026-08-01,CANCELED,,
2026-08-03T02:11:30Z,1260712026-08-01,12607,2026-08-01,CANCELED,,
2026-08-03T02:11:30Z,3821812026-08-01,38218,2026-08-01,CANCELED,,
2026-08-03T02:11:30Z,1307912026-08-01,13079,2026-08-01,CANCELED,,
2026-08-03T02:11:30Z,1722112026-08-01,17221,2026-08-01,CANCELED,,
2026-08-03T02:11:30Z,3822112026-08-01,38221,2026-08-01,CANCELED,,
2026-08-03T02:11:30Z,1565712026-08-01,15657,2026-08-01,CANCELED,,
2026-08-03T02:11:30Z,1810512026-08-01,18105,2026-08-01,CANCELED,,
2026-08-03T02:11:30Z,0407222026-08-03,04072,2026-08-03,CANCELED,,
2026-08-03T02:11:30Z,0407212026-08-03,04072,2026-08-03,CANCELED,,
2026-08-03T02:11:30Z,3810512026-08-01,38105,2026-08-01,CANCELED,,
2026-08-03T02:11:30Z,3707212026-08-03,37072,2026-08-03,CANCELED,,
2026-08-03T02:11:30Z,1821412026-08-01,18214,2026-08-01,CANCELED,,
2026-08-03T02:11:30Z,1821512026-08-01,18215,2026-08-01,CANCELED,,
2026-08-03T02:11:30Z,0029522026-08-02,00295,2026-08-02,CANCELED,,
2026-08-03T02:11:30Z,0029512026-08-02,00295,2026-08-02,CANCELED,,
2026-08-03T02:11:30Z,1260812026-08-01,12608,2026-08-01,CANCELED,,
2026-08-03T02:11:30Z,3709522026-08-01,37095,2026-08-01,CANCELED,,
2026-08-03T02:11:30Z,3709512026-08-01,37095,2026-08-01,CANCELED,,
2026-08-03T02:11:30Z,3739512026-08-01,37395,2026-08-01,CANCELED,,
2026-08-03T02:11:30Z,1810132026-08-01,18101,2026-08-01,CANCELED,,
2026-08-03T02:11:30Z,1810142026-08-01,18101,2026-08-01,CANCELED,,
2026-08-03T02:11:30Z,1810152026-08-01,18101,2026-08-01,CANCELED,,
2026-08-03T02:11:30Z,0019222026-08-02,00192,2026-08-02,CANCELED,,
2026-08-03T02:11:30Z,0019212026-08-02,00192,2026-08-02,CANCELED,,
2026-08-03T02:11:30Z,7187212026-08-01,71872,2026-08-01,CANCELED,,
2026-08-03T02:11:30Z,3739212026-08-01,37392,2026-08-01,CANCELED,,
2026-08-03T02:16:30Z,1804712026-08-02,18047,2026-08-02,SCHEDULED,0,0.0
2026-08-03T02:16:30Z,3749222026-08-02,37492,2026-08-02,CANCELED,,
2026-08-03T02:16:30Z,3749212026-08-02,37492,2026-08-02,CANCELED,,
2026-08-03T02:16:30Z,1705212026-08-02,17052,2026-08-02,CANCELED,,
2026-08-03T02:16:30Z,1260712026-08-02,12607,2026-08-02,CANCELED,,
2026-08-03T02:16:30Z,1721812026-08-02,17218,2026-08-02,CANCELED,,
2026-08-03T02:16:30Z,1307912026-08-02,13079,2026-08-02,CANCELED,,
2026-08-03T02:16:30Z,3821812026-08-02,38218,2026-08-02,CANCELED,,
2026-08-03T02:16:30Z,1390412026-08-02,13904,2026-08-02,CANCELED,,
2026-08-03T02:16:30Z,1722112026-08-02,17221,2026-08-02,CANCELED,,
2026-08-03T02:16:30Z,3890412026-08-02,38904,2026-08-02,CANCELED,,
2026-08-03T02:16:30Z,3822112026-08-02,38221,2026-08-02,CANCELED,,
2026-08-03T02:16:30Z,1565712026-08-02,15657,2026-08-02,CANCELED,,
2026-08-03T02:16:30Z,1260812026-08-02,12608,2026-08-02,CANCELED,,
2026-08-03T02:16:30Z,0407222026-08-03,04072,2026-08-03,CANCELED,,
2026-08-03T02:16:30Z,0407212026-08-03,04072,2026-08-03,CANCELED,,
2026-08-03T02:16:30Z,3707212026-08-03,37072,2026-08-03,CANCELED,,
2026-08-03T02:16:30Z,1810132026-08-02,18101,2026-08-02,CANCELED,,
2026-08-03T02:16:30Z,1810142026-08-02,18101,2026-08-02,CANCELED,,
2026-08-03T02:16:30Z,1810152026-08-02,18101,2026-08-02,CANCELED,,
2026-08-03T02:16:30Z,7187212026-08-02,71872,2026-08-02,CANCELED,,
2026-08-03T02:16:30Z,0029522026-08-03,00295,2026-08-03,CANCELED,,
2026-08-03T02:16:30Z,0029512026-08-03,00295,2026-08-03,CANCELED,,
2026-08-03T02:16:30Z,1810512026-08-02,18105,2026-08-02,CANCELED,,
2026-08-03T02:16:30Z,3709522026-08-02,37095,2026-08-02,CANCELED,,
2026-08-03T02:16:30Z,3709512026-08-02,37095,2026-08-02,CANCELED,,
2026-08-03T02:16:30Z,3810512026-08-02,38105,2026-08-02,CANCELED,,
2026-08-03T02:16:30Z,3739512026-08-02,37395,2026-08-02,CANCELED,,
2026-08-03T02:16:30Z,1821412026-08-02,18214,2026-08-02,CANCELED,,
2026-08-03T02:16:30Z,1821512026-08-02,18215,2026-08-02,CANCELED,,
2026-08-03T02:16:30Z,0019222026-08-03,00192,2026-08-03,CANCELED,,
2026-08-03T02:16:30Z,0019212026-08-03,00192,2026-08-03,CANCELED,,
2026-08-03T02:16:30Z,3739212026-08-02,37392,2026-08-02,CANCELED,,
2026-08-03T02:21:27Z,1804712026-08-02,18047,2026-08-02,SCHEDULED,0,0.0
2026-08-03T02:21:27Z,3749222026-08-02,37492,2026-08-02,CANCELED,,
2026-08-03T02:21:27Z,3749212026-08-02,37492,2026-08-02,CANCELED,,
2026-08-03T02:21:27Z,1705212026-08-02,17052,2026-08-02,CANCELED,,
2026-08-03T02:21:27Z,1260712026-08-02,12607,2026-08-02,CANCELED,,
2026-08-03T02:21:27Z,1721812026-08-02,17218,2026-08-02,CANCELED,,
2026-08-03T02:21:27Z,1307912026-08-02,13079,2026-08-02,CANCELED,,
2026-08-03T02:21:27Z,3821812026-08-02,38218,2026-08-02,CANCELED,,
2026-08-03T02:21:27Z,1390412026-08-02,13904,2026-08-02,CANCELED,,
2026-08-03T02:21:27Z,1722112026-08-02,17221,2026-08-02,CANCELED,,
2026-08-03T02:21:27Z,3890412026-08-02,38904,2026-08-02,CANCELED,,
2026-08-03T02:21:27Z,3822112026-08-02,38221,2026-08-02,CANCELED,,
2026-08-03T02:21:27Z,1565712026-08-02,15657,2026-08-02,CANCELED,,
2026-08-03T02:21:27Z,1260812026-08-02,12608,2026-08-02,CANCELED,,
2026-08-03T02:21:27Z,0407222026-08-03,04072,2026-08-03,CANCELED,,
2026-08-03T02:21:27Z,0407212026-08-03,04072,2026-08-03,CANCELED,,
2026-08-03T02:21:27Z,3707212026-08-03,37072,2026-08-03,CANCELED,,
2026-08-03T02:21:27Z,1810132026-08-02,18101,2026-08-02,CANCELED,,
2026-08-03T02:21:27Z,1810142026-08-02,18101,2026-08-02,CANCELED,,
2026-08-03T02:21:27Z,1810152026-08-02,18101,2026-08-02,CANCELED,,
2026-08-03T02:21:27Z,7187212026-08-02,71872,2026-08-02,CANCELED,,
2026-08-03T02:21:27Z,0029522026-08-03,00295,2026-08-03,CANCELED,,
2026-08-03T02:21:27Z,0029512026-08-03,00295,2026-08-03,CANCELED,,
2026-08-03T02:21:27Z,1810512026-08-02,18105,2026-08-02,CANCELED,,
2026-08-03T02:21:27Z,3709522026-08-02,37095,2026-08-02,CANCELED,,
2026-08-03T02:21:27Z,3709512026-08-02,37095,2026-08-02,CANCELED,,
2026-08-03T02:21:27Z,3810512026-08-02,38105,2026-08-02,CANCELED,,
2026-08-03T02:21:27Z,3739512026-08-02,37395,2026-08-02,CANCELED,,
2026-08-03T02:21:27Z,1821412026-08-02,18214,2026-08-02,CANCELED,,
2026-08-03T02:21:27Z,1821512026-08-02,18215,2026-08-02,CANCELED,,
2026-08-03T02:21:27Z,0019222026-08-03,00192,2026-08-03,CANCELED,,
2026-08-03T02:21:27Z,0019212026-08-03,00192,2026-08-03,CANCELED,,
2026-08-03T02:21:27Z,3739212026-08-02,37392,2026-08-02,CANCELED,,
2026-08-03T02:26:18Z,1804712026-08-02,18047,2026-08-02,SCHEDULED,0,0.0
2026-08-03T02:26:18Z,3749222026-08-02,37492,2026-08-02,CANCELED,,
2026-08-03T02:26:18Z,3749212026-08-02,37492,2026-08-02,CANCELED,,
2026-08-03T02:26:18Z,1705212026-08-02,17052,2026-08-02,CANCELED,,
2026-08-03T02:26:18Z,1260712026-08-02,12607,2026-08-02,CANCELED,,
2026-08-03T02:26:18Z,1721812026-08-02,17218,2026-08-02,CANCELED,,
2026-08-03T02:26:18Z,1307912026-08-02,13079,2026-08-02,CANCELED,,
2026-08-03T02:26:18Z,3821812026-08-02,38218,2026-08-02,CANCELED,,
2026-08-03T02:26:18Z,1390412026-08-02,13904,2026-08-02,CANCELED,,
2026-08-03T02:26:18Z,1722112026-08-02,17221,2026-08-02,CANCELED,,
2026-08-03T02:26:18Z,3890412026-08-02,38904,2026-08-02,CANCELED,,
2026-08-03T02:26:18Z,3822112026-08-02,38221,2026-08-02,CANCELED,,
2026-08-03T02:26:18Z,1565712026-08-02,15657,2026-08-02,CANCELED,,
2026-08-03T02:26:18Z,1260812026-08-02,12608,2026-08-02,CANCELED,,
2026-08-03T02:26:18Z,0407222026-08-03,04072,2026-08-03,CANCELED,,
2026-08-03T02:26:18Z,0407212026-08-03,04072,2026-08-03,CANCELED,,
2026-08-03T02:26:18Z,3707212026-08-03,37072,2026-08-03,CANCELED,,
2026-08-03T02:26:18Z,1810132026-08-02,18101,2026-08-02,CANCELED,,
2026-08-03T02:26:18Z,1810142026-08-02,18101,2026-08-02,CANCELED,,
2026-08-03T02:26:18Z,1810152026-08-02,18101,2026-08-02,CANCELED,,
2026-08-03T02:26:18Z,7187212026-08-02,71872,2026-08-02,CANCELED,,
2026-08-03T02:26:18Z,0029522026-08-03,00295,2026-08-03,CANCELED,,
2026-08-03T02:26:18Z,0029512026-08-03,00295,2026-08-03,CANCELED,,
2026-08-03T02:26:18Z,1810512026-08-02,18105,2026-08-02,CANCELED,,
2026-08-03T02:26:18Z,3709522026-08-02,37095,2026-08-02,CANCELED,,
2026-08-03T02:26:18Z,3709512026-08-02,37095,2026-08-02,CANCELED,,
2026-08-03T02:26:18Z,3810512026-08-02,38105,2026-08-02,CANCELED,,
2026-08-03T02:26:18Z,3739512026-08-02,37395,2026-08-02,CANCELED,,
2026-08-03T02:26:18Z,1821412026-08-02,18214,2026-08-02,CANCELED,,
2026-08-03T02:26:18Z,1821512026-08-02,18215,2026-08-02,CANCELED,,
2026-08-03T02:26:18Z,0019222026-08-03,00192,2026-08-03,CANCELED,,
2026-08-03T02:26:18Z,0019212026-08-03,00192,2026-08-03,CANCELED,,
2026-08-03T02:26:18Z,3739212026-08-02,37392,2026-08-02,CANCELED,,
2026-08-03T02:31:35Z,1804712026-08-02,18047,2026-08-02,SCHEDULED,0,0.0
2026-08-03T02:31:35Z,3749222026-08-02,37492,2026-08-02,CANCELED,,
2026-08-03T02:31:35Z,3749212026-08-02,37492,2026-08-02,CANCELED,,
2026-08-03T02:31:35Z,1705212026-08-02,17052,2026-08-02,CANCELED,,
2026-08-03T02:31:35Z,1260712026-08-02,12607,2026-08-02,CANCELED,,
2026-08-03T02:31:35Z,1721812026-08-02,17218,2026-08-02,CANCELED,,
2026-08-03T02:31:35Z,1307912026-08-02,13079,2026-08-02,CANCELED,,
2026-08-03T02:31:35Z,3821812026-08-02,38218,2026-08-02,CANCELED,,
2026-08-03T02:31:35Z,1390412026-08-02,13904,2026-08-02,CANCELED,,
2026-08-03T02:31:35Z,1722112026-08-02,17221,2026-08-02,CANCELED,,
2026-08-03T02:31:35Z,3890412026-08-02,38904,2026-08-02,CANCELED,,
2026-08-03T02:31:35Z,3822112026-08-02,38221,2026-08-02,CANCELED,,
2026-08-03T02:31:35Z,1565712026-08-02,15657,2026-08-02,CANCELED,,
2026-08-03T02:31:35Z,1260812026-08-02,12608,2026-08-02,CANCELED,,
2026-08-03T02:31:35Z,0407222026-08-03,04072,2026-08-03,CANCELED,,
2026-08-03T02:31:35Z,0407212026-08-03,04072,2026-08-03,CANCELED,,
2026-08-03T02:31:35Z,3707212026-08-03,37072,2026-08-03,CANCELED,,
2026-08-03T02:31:35Z,1810132026-08-02,18101,2026-08-02,CANCELED,,
2026-08-03T02:31:35Z,1810142026-08-02,18101,2026-08-02,CANCELED,,
2026-08-03T02:31:35Z,1810152026-08-02,18101,2026-08-02,CANCELED,,
2026-08-03T02:31:35Z,7187212026-08-02,71872,2026-08-02,CANCELED,,
2026-08-03T02:31:35Z,0029522026-08-03,00295,2026-08-03,CANCELED,,
2026-08-03T02:31:35Z,0029512026-08-03,00295,2026-08-03,CANCELED,,
2026-08-03T02:31:35Z,1810512026-08-02,18105,2026-08-02,CANCELED,,
2026-08-03T02:31:35Z,3709522026-08-02,37095,2026-08-02,CANCELED,,
2026-08-03T02:31:35Z,3709512026-08-02,37095,2026-08-02,CANCELED,,
2026-08-03T02:31:35Z,3739512026-08-02,37395,2026-08-02,CANCELED,,
2026-08-03T02:31:35Z,3810512026-08-02,38105,2026-08-02,CANCELED,,
2026-08-03T02:31:35Z,1821412026-08-02,18214,2026-08-02,CANCELED,,
2026-08-03T02:31:35Z,0019222026-08-03,00192,2026-08-03,CANCELED,,
2026-08-03T02:31:35Z,0019212026-08-03,00192,2026-08-03,CANCELED,,
2026-08-03T02:31:35Z,1821512026-08-02,18215,2026-08-02,CANCELED,,
2026-08-03T02:31:35Z,3739212026-08-02,37392,2026-08-02,CANCELED,,
2026-08-03T02:36:17Z,1804712026-08-02,18047,2026-08-02,SCHEDULED,0,0.0
2026-08-03T02:36:17Z,3749222026-08-02,37492,2026-08-02,CANCELED,,
2026-08-03T02:36:17Z,3749212026-08-02,37492,2026-08-02,CANCELED,,
2026-08-03T02:36:17Z,1705212026-08-02,17052,2026-08-02,CANCELED,,
2026-08-03T02:36:17Z,1260712026-08-02,12607,2026-08-02,CANCELED,,
2026-08-03T02:36:17Z,1721812026-08-02,17218,2026-08-02,CANCELED,,
2026-08-03T02:36:17Z,1307912026-08-02,13079,2026-08-02,CANCELED,,
2026-08-03T02:36:17Z,3821812026-08-02,38218,2026-08-02,CANCELED,,
2026-08-03T02:36:17Z,1390412026-08-02,13904,2026-08-02,CANCELED,,
2026-08-03T02:36:17Z,1722112026-08-02,17221,2026-08-02,CANCELED,,
2026-08-03T02:36:17Z,3890412026-08-02,38904,2026-08-02,CANCELED,,
2026-08-03T02:36:17Z,3822112026-08-02,38221,2026-08-02,CANCELED,,
2026-08-03T02:36:17Z,1565712026-08-02,15657,2026-08-02,CANCELED,,
2026-08-03T02:36:17Z,1260812026-08-02,12608,2026-08-02,CANCELED,,
2026-08-03T02:36:17Z,0407222026-08-03,04072,2026-08-03,CANCELED,,
2026-08-03T02:36:17Z,0407212026-08-03,04072,2026-08-03,CANCELED,,
2026-08-03T02:36:17Z,3707212026-08-03,37072,2026-08-03,CANCELED,,
2026-08-03T02:36:17Z,1810132026-08-02,18101,2026-08-02,CANCELED,,
2026-08-03T02:36:17Z,1810142026-08-02,18101,2026-08-02,CANCELED,,
2026-08-03T02:36:17Z,1810152026-08-02,18101,2026-08-02,CANCELED,,
2026-08-03T02:36:17Z,7187212026-08-02,71872,2026-08-02,CANCELED,,
2026-08-03T02:36:17Z,0029522026-08-03,00295,2026-08-03,CANCELED,,
2026-08-03T02:36:17Z,0029512026-08-03,00295,2026-08-03,CANCELED,,
2026-08-03T02:36:17Z,1810512026-08-02,18105,2026-08-02,CANCELED,,
2026-08-03T02:36:17Z,3709522026-08-02,37095,2026-08-02,CANCELED,,
2026-08-03T02:36:17Z,3709512026-08-02,37095,2026-08-02,CANCELED,,
2026-08-03T02:36:17Z,3810512026-08-02,38105,2026-08-02,CANCELED,,
2026-08-03T02:36:17Z,3739512026-08-02,37395,2026-08-02,CANCELED,,
2026-08-03T02:36:17Z,1821412026-08-02,18214,2026-08-02,CANCELED,,
2026-08-03T02:36:17Z,1821512026-08-02,18215,2026-08-02,CANCELED,,
2026-08-03T02:36:17Z,0019222026-08-03,00192,2026-08-03,CANCELED,,
2026-08-03T02:36:17Z,0019212026-08-03,00192,2026-08-03,CANCELED,,
2026-08-03T02:36:17Z,3739212026-08-02,37392,2026-08-02,CANCELED,,
2026-08-03T02:41:28Z,1804712026-08-02,18047,2026-08-02,SCHEDULED,0,0.0
2026-08-03T02:41:28Z,1705212026-08-02,17052,2026-08-02,CANCELED,,
2026-08-03T02:41:28Z,3749222026-08-02,37492,2026-08-02,CANCELED,,
2026-08-03T02:41:28Z,3749212026-08-02,37492,2026-08-02,CANCELED,,
2026-08-03T02:41:28Z,1721812026-08-02,17218,2026-08-02,CANCELED,,
2026-08-03T02:41:28Z,1260712026-08-02,12607,2026-08-02,CANCELED,,
2026-08-03T02:41:28Z,3821812026-08-02,38218,2026-08-02,CANCELED,,
2026-08-03T02:41:28Z,1307912026-08-02,13079,2026-08-02,CANCELED,,
2026-08-03T02:41:28Z,1722112026-08-02,17221,2026-08-02,CANCELED,,
2026-08-03T02:41:28Z,1390412026-08-02,13904,2026-08-02,CANCELED,,
2026-08-03T02:41:28Z,3890412026-08-02,38904,2026-08-02,CANCELED,,
2026-08-03T02:41:28Z,3822112026-08-02,38221,2026-08-02,CANCELED,,
2026-08-03T02:41:28Z,1565712026-08-02,15657,2026-08-02,CANCELED,,
2026-08-03T02:41:28Z,1260812026-08-02,12608,2026-08-02,CANCELED,,
2026-08-03T02:41:28Z,0407222026-08-03,04072,2026-08-03,CANCELED,,
2026-08-03T02:41:28Z,0407212026-08-03,04072,2026-08-03,CANCELED,,
2026-08-03T02:41:28Z,3707212026-08-03,37072,2026-08-03,CANCELED,,
2026-08-03T02:41:28Z,1810132026-08-02,18101,2026-08-02,CANCELED,,
2026-08-03T02:41:28Z,1810142026-08-02,18101,2026-08-02,CANCELED,,
2026-08-03T02:41:28Z,1810152026-08-02,18101,2026-08-02,CANCELED,,
2026-08-03T02:41:28Z,7187212026-08-02,71872,2026-08-02,CANCELED,,
2026-08-03T02:41:28Z,0029522026-08-03,00295,2026-08-03,CANCELED,,
2026-08-03T02:41:28Z,0029512026-08-03,00295,2026-08-03,CANCELED,,
2026-08-03T02:41:28Z,1810512026-08-02,18105,2026-08-02,CANCELED,,
2026-08-03T02:41:28Z,3709522026-08-02,37095,2026-08-02,CANCELED,,
2026-08-03T02:41:28Z,3709512026-08-02,37095,2026-08-02,CANCELED,,
2026-08-03T02:41:28Z,3810512026-08-02,38105,2026-08-02,CANCELED,,
2026-08-03T02:41:28Z,1821412026-08-02,18214,2026-08-02,CANCELED,,
2026-08-03T02:41:28Z,3739512026-08-02,37395,2026-08-02,CANCELED,,
2026-08-03T02:41:28Z,1821512026-08-02,18215,2026-08-02,CANCELED,,
2026-08-03T02:41:28Z,0019222026-08-03,00192,2026-08-03,CANCELED,,
2026-08-03T02:41:28Z,0019212026-08-03,00192,2026-08-03,CANCELED,,
2026-08-03T02:41:28Z,3739212026-08-02,37392,2026-08-02,CANCELED,,
2026-08-03T02:46:25Z,1804712026-08-02,18047,2026-08-02,SCHEDULED,0,0.0
2026-08-03T02:46:25Z,1705212026-08-02,17052,2026-08-02,CANCELED,,
2026-08-03T02:46:25Z,3749222026-08-02,37492,2026-08-02,CANCELED,,
2026-08-03T02:46:25Z,3749212026-08-02,37492,2026-08-02,CANCELED,,
2026-08-03T02:46:25Z,1721812026-08-02,17218,2026-08-02,CANCELED,,
2026-08-03T02:46:25Z,1260712026-08-02,12607,2026-08-02,CANCELED,,
2026-08-03T02:46:25Z,3821812026-08-02,38218,2026-08-02,CANCELED,,
2026-08-03T02:46:25Z,1307912026-08-02,13079,2026-08-02,CANCELED,,
2026-08-03T02:46:25Z,1722112026-08-02,17221,2026-08-02,CANCELED,,
2026-08-03T02:46:25Z,1390412026-08-02,13904,2026-08-02,CANCELED,,
2026-08-03T02:46:25Z,3822112026-08-02,38221,2026-08-02,CANCELED,,
2026-08-03T02:46:25Z,3890412026-08-02,38904,2026-08-02,CANCELED,,
2026-08-03T02:46:25Z,1260812026-08-02,12608,2026-08-02,CANCELED,,
2026-08-03T02:46:25Z,1565712026-08-02,15657,2026-08-02,CANCELED,,
2026-08-03T02:46:25Z,0407222026-08-03,04072,2026-08-03,CANCELED,,
2026-08-03T02:46:25Z,0407212026-08-03,04072,2026-08-03,CANCELED,,
2026-08-03T02:46:25Z,1810132026-08-02,18101,2026-08-02,CANCELED,,
2026-08-03T02:46:25Z,1810142026-08-02,18101,2026-08-02,CANCELED,,
2026-08-03T02:46:25Z,1810152026-08-02,18101,2026-08-02,CANCELED,,
2026-08-03T02:46:25Z,3707212026-08-03,37072,2026-08-03,CANCELED,,
2026-08-03T02:46:25Z,7187212026-08-02,71872,2026-08-02,CANCELED,,
2026-08-03T02:46:25Z,0029522026-08-03,00295,2026-08-03,CANCELED,,
2026-08-03T02:46:25Z,0029512026-08-03,00295,2026-08-03,CANCELED,,
2026-08-03T02:46:25Z,1810512026-08-02,18105,2026-08-02,CANCELED,,
2026-08-03T02:46:25Z,3810512026-08-02,38105,2026-08-02,CANCELED,,
2026-08-03T02:46:25Z,3709522026-08-02,37095,2026-08-02,CANCELED,,
2026-08-03T02:46:25Z,3709512026-08-02,37095,2026-08-02,CANCELED,,
2026-08-03T02:46:25Z,1821412026-08-02,18214,2026-08-02,CANCELED,,
2026-08-03T02:46:25Z,3739512026-08-02,37395,2026-08-02,CANCELED,,
2026-08-03T02:46:25Z,1821512026-08-02,18215,2026-08-02,CANCELED,,
2026-08-03T02:46:25Z,0019222026-08-03,00192,2026-08-03,CANCELED,,
2026-08-03T02:46:25Z,0019212026-08-03,00192,2026-08-03,CANCELED,,
2026-08-03T02:46:25Z,3739212026-08-02,37392,2026-08-02,CANCELED,,
2026-08-03T02:51:22Z,1804712026-08-02,18047,2026-08-02,SCHEDULED,0,0.0
2026-08-03T02:51:22Z,3749222026-08-02,37492,2026-08-02,CANCELED,,
2026-08-03T02:51:22Z,3749212026-08-02,37492,2026-08-02,CANCELED,,
2026-08-03T02:51:22Z,1705212026-08-02,17052,2026-08-02,CANCELED,,
2026-08-03T02:51:22Z,1260712026-08-02,12607,2026-08-02,CANCELED,,
2026-08-03T02:51:22Z,1721812026-08-02,17218,2026-08-02,CANCELED,,
2026-08-03T02:51:22Z,1307912026-08-02,13079,2026-08-02,CANCELED,,
2026-08-03T02:51:22Z,3821812026-08-02,38218,2026-08-02,CANCELED,,
2026-08-03T02:51:22Z,1390412026-08-02,13904,2026-08-02,CANCELED,,
2026-08-03T02:51:22Z,1722112026-08-02,17221,2026-08-02,CANCELED,,
2026-08-03T02:51:22Z,3890412026-08-02,38904,2026-08-02,CANCELED,,
2026-08-03T02:51:22Z,3822112026-08-02,38221,2026-08-02,CANCELED,,
2026-08-03T02:51:22Z,1565712026-08-02,15657,2026-08-02,CANCELED,,
2026-08-03T02:51:22Z,1260812026-08-02,12608,2026-08-02,CANCELED,,
2026-08-03T02:51:22Z,0407222026-08-03,04072,2026-08-03,CANCELED,,
2026-08-03T02:51:22Z,0407212026-08-03,04072,2026-08-03,CANCELED,,
2026-08-03T02:51:22Z,3707212026-08-03,37072,2026-08-03,CANCELED,,
2026-08-03T02:51:22Z,1810132026-08-02,18101,2026-08-02,CANCELED,,
2026-08-03T02:51:22Z,1810142026-08-02,18101,2026-08-02,CANCELED,,
2026-08-03T02:51:22Z,1810152026-08-02,18101,2026-08-02,CANCELED,,
2026-08-03T02:51:22Z,7187212026-08-02,71872,2026-08-02,CANCELED,,
2026-08-03T02:51:22Z,0029522026-08-03,00295,2026-08-03,CANCELED,,
2026-08-03T02:51:22Z,0029512026-08-03,00295,2026-08-03,CANCELED,,
2026-08-03T02:51:22Z,1810512026-08-02,18105,2026-08-02,CANCELED,,
2026-08-03T02:51:22Z,3810512026-08-02,38105,2026-08-02,CANCELED,,
2026-08-03T02:51:22Z,3709522026-08-02,37095,2026-08-02,CANCELED,,
2026-08-03T02:51:22Z,3709512026-08-02,37095,2026-08-02,CANCELED,,
2026-08-03T02:51:22Z,1821412026-08-02,18214,2026-08-02,CANCELED,,
2026-08-03T02:51:22Z,3739512026-08-02,37395,2026-08-02,CANCELED,,
2026-08-03T02:51:22Z,1821512026-08-02,18215,2026-08-02,CANCELED,,
2026-08-03T02:51:22Z,0019222026-08-03,00192,2026-08-03,CANCELED,,
2026-08-03T02:51:22Z,0019212026-08-03,00192,2026-08-03,CANCELED,,
2026-08-03T02:51:22Z,3739212026-08-02,37392,2026-08-02,CANCELED,,
2026-08-03T02:56:26Z,1804712026-08-02,18047,2026-08-02,SCHEDULED,0,0.0
2026-08-03T02:56:26Z,1705212026-08-02,17052,2026-08-02,CANCELED,,
2026-08-03T02:56:26Z,3749222026-08-02,37492,2026-08-02,CANCELED,,
2026-08-03T02:56:26Z,3749212026-08-02,37492,2026-08-02,CANCELED,,
2026-08-03T02:56:26Z,1721812026-08-02,17218,2026-08-02,CANCELED,,
2026-08-03T02:56:26Z,1260712026-08-02,12607,2026-08-02,CANCELED,,
2026-08-03T02:56:26Z,3821812026-08-02,38218,2026-08-02,CANCELED,,
2026-08-03T02:56:26Z,1307912026-08-02,13079,2026-08-02,CANCELED,,
2026-08-03T02:56:26Z,1722112026-08-02,17221,2026-08-02,CANCELED,,
2026-08-03T02:56:26Z,1390412026-08-02,13904,2026-08-02,CANCELED,,
2026-08-03T02:56:26Z,3822112026-08-02,38221,2026-08-02,CANCELED,,
2026-08-03T02:56:26Z,3890412026-08-02,38904,2026-08-02,CANCELED,,
2026-08-03T02:56:26Z,1565712026-08-02,15657,2026-08-02,CANCELED,,
2026-08-03T02:56:26Z,1260812026-08-02,12608,2026-08-02,CANCELED,,
2026-08-03T02:56:26Z,0407222026-08-03,04072,2026-08-03,CANCELED,,
2026-08-03T02:56:26Z,0407212026-08-03,04072,2026-08-03,CANCELED,,
2026-08-03T02:56:26Z,3707212026-08-03,37072,2026-08-03,CANCELED,,
2026-08-03T02:56:26Z,1810132026-08-02,18101,2026-08-02,CANCELED,,
2026-08-03T02:56:26Z,1810142026-08-02,18101,2026-08-02,CANCELED,,
2026-08-03T02:56:26Z,1810152026-08-02,18101,2026-08-02,CANCELED,,
2026-08-03T02:56:26Z,7187212026-08-02,71872,2026-08-02,CANCELED,,
2026-08-03T02:56:26Z,0029522026-08-03,00295,2026-08-03,CANCELED,,
2026-08-03T02:56:26Z,0029512026-08-03,00295,2026-08-03,CANCELED,,
2026-08-03T02:56:26Z,1810512026-08-02,18105,2026-08-02,CANCELED,,
2026-08-03T02:56:26Z,3810512026-08-02,38105,2026-08-02,CANCELED,,
2026-08-03T02:56:26Z,3709522026-08-02,37095,2026-08-02,CANCELED,,
2026-08-03T02:56:26Z,3709512026-08-02,37095,2026-08-02,CANCELED,,
2026-08-03T02:56:26Z,1821412026-08-02,18214,2026-08-02,CANCELED,,
2026-08-03T02:56:26Z,3739512026-08-02,37395,2026-08-02,CANCELED,,
2026-08-03T02:56:26Z,1821512026-08-02,18215,2026-08-02,CANCELED,,
2026-08-03T02:56:26Z,0019222026-08-03,00192,2026-08-03,CANCELED,,
2026-08-03T02:56:26Z,0019212026-08-03,00192,2026-08-03,CANCELED,,
2026-08-03T02:56:26Z,3739212026-08-02,37392,2026-08-02,CANCELED,,
2026-08-03T03:01:48Z,1804712026-08-02,18047,2026-08-02,SCHEDULED,60,1.0
2026-08-03T03:01:48Z,3749222026-08-02,37492,2026-08-02,CANCELED,,
2026-08-03T03:01:48Z,3749212026-08-02,37492,2026-08-02,CANCELED,,
2026-08-03T03:01:48Z,1705212026-08-02,17052,2026-08-02,CANCELED,,
2026-08-03T03:01:48Z,1260712026-08-02,12607,2026-08-02,CANCELED,,
2026-08-03T03:01:48Z,1721812026-08-02,17218,2026-08-02,CANCELED,,
2026-08-03T03:01:48Z,3821812026-08-02,38218,2026-08-02,CANCELED,,
2026-08-03T03:01:48Z,1307912026-08-02,13079,2026-08-02,CANCELED,,
2026-08-03T03:01:48Z,1390412026-08-02,13904,2026-08-02,CANCELED,,
2026-08-03T03:01:48Z,1722112026-08-02,17221,2026-08-02,CANCELED,,
2026-08-03T03:01:48Z,3890412026-08-02,38904,2026-08-02,CANCELED,,
2026-08-03T03:01:48Z,3822112026-08-02,38221,2026-08-02,CANCELED,,
2026-08-03T03:01:48Z,1565712026-08-02,15657,2026-08-02,CANCELED,,
2026-08-03T03:01:48Z,1260812026-08-02,12608,2026-08-02,CANCELED,,
2026-08-03T03:01:48Z,0407222026-08-03,04072,2026-08-03,CANCELED,,
2026-08-03T03:01:48Z,0407212026-08-03,04072,2026-08-03,CANCELED,,
2026-08-03T03:01:48Z,3707212026-08-03,37072,2026-08-03,CANCELED,,
2026-08-03T03:01:48Z,1810132026-08-02,18101,2026-08-02,CANCELED,,
2026-08-03T03:01:48Z,1810142026-08-02,18101,2026-08-02,CANCELED,,
2026-08-03T03:01:48Z,1810152026-08-02,18101,2026-08-02,CANCELED,,
2026-08-03T03:01:48Z,7187212026-08-02,71872,2026-08-02,CANCELED,,
2026-08-03T03:01:48Z,0029522026-08-03,00295,2026-08-03,CANCELED,,
2026-08-03T03:01:48Z,0029512026-08-03,00295,2026-08-03,CANCELED,,
2026-08-03T03:01:48Z,1810512026-08-02,18105,2026-08-02,CANCELED,,
2026-08-03T03:01:48Z,3810512026-08-02,38105,2026-08-02,CANCELED,,
2026-08-03T03:01:48Z,3709522026-08-02,37095,2026-08-02,CANCELED,,
2026-08-03T03:01:48Z,3709512026-08-02,37095,2026-08-02,CANCELED,,
2026-08-03T03:01:48Z,1821412026-08-02,18214,2026-08-02,CANCELED,,
2026-08-03T03:01:48Z,3739512026-08-02,37395,2026-08-02,CANCELED,,
2026-08-03T03:01:48Z,1821512026-08-02,18215,2026-08-02,CANCELED,,
2026-08-03T03:01:48Z,0019222026-08-03,00192,2026-08-03,CANCELED,,
2026-08-03T03:01:48Z,0019212026-08-03,00192,2026-08-03,CANCELED,,
2026-08-03T03:01:48Z,3739212026-08-02,37392,2026-08-02,CANCELED,,
2026-08-03T03:06:19Z,1804712026-08-02,18047,2026-08-02,SCHEDULED,60,1.0
2026-08-03T03:06:19Z,3749222026-08-02,37492,2026-08-02,CANCELED,,
2026-08-03T03:06:19Z,3749212026-08-02,37492,2026-08-02,CANCELED,,
2026-08-03T03:06:19Z,1705212026-08-02,17052,2026-08-02,CANCELED,,
2026-08-03T03:06:19Z,1260712026-08-02,12607,2026-08-02,CANCELED,,
2026-08-03T03:06:19Z,1721812026-08-02,17218,2026-08-02,CANCELED,,
2026-08-03T03:06:19Z,1307912026-08-02,13079,2026-08-02,CANCELED,,
2026-08-03T03:06:19Z,3821812026-08-02,38218,2026-08-02,CANCELED,,
2026-08-03T03:06:19Z,1390412026-08-02,13904,2026-08-02,CANCELED,,
2026-08-03T03:06:19Z,1722112026-08-02,17221,2026-08-02,CANCELED,,
2026-08-03T03:06:19Z,3890412026-08-02,38904,2026-08-02,CANCELED,,
2026-08-03T03:06:19Z,3822112026-08-02,38221,2026-08-02,CANCELED,,
2026-08-03T03:06:19Z,1565712026-08-02,15657,2026-08-02,CANCELED,,
2026-08-03T03:06:19Z,1260812026-08-02,12608,2026-08-02,CANCELED,,
2026-08-03T03:06:19Z,0407222026-08-03,04072,2026-08-03,CANCELED,,
2026-08-03T03:06:19Z,0407212026-08-03,04072,2026-08-03,CANCELED,,
2026-08-03T03:06:19Z,3707212026-08-03,37072,2026-08-03,CANCELED,,
2026-08-03T03:06:19Z,1810132026-08-02,18101,2026-08-02,CANCELED,,
2026-08-03T03:06:19Z,1810142026-08-02,18101,2026-08-02,CANCELED,,
2026-08-03T03:06:19Z,1810152026-08-02,18101,2026-08-02,CANCELED,,
2026-08-03T03:06:19Z,7187212026-08-02,71872,2026-08-02,CANCELED,,
2026-08-03T03:06:19Z,0029522026-08-03,00295,2026-08-03,CANCELED,,
2026-08-03T03:06:19Z,0029512026-08-03,00295,2026-08-03,CANCELED,,
2026-08-03T03:06:19Z,1810512026-08-02,18105,2026-08-02,CANCELED,,
2026-08-03T03:06:19Z,3709522026-08-02,37095,2026-08-02,CANCELED,,
2026-08-03T03:06:19Z,3709512026-08-02,37095,2026-08-02,CANCELED,,
2026-08-03T03:06:19Z,3810512026-08-02,38105,2026-08-02,CANCELED,,
2026-08-03T03:06:19Z,3739512026-08-02,37395,2026-08-02,CANCELED,,
2026-08-03T03:06:19Z,1821412026-08-02,18214,2026-08-02,CANCELED,,
2026-08-03T03:06:19Z,1821512026-08-02,18215,2026-08-02,CANCELED,,
2026-08-03T03:06:19Z,0019222026-08-03,00192,2026-08-03,CANCELED,,
2026-08-03T03:06:19Z,0019212026-08-03,00192,2026-08-03,CANCELED,,
2026-08-03T03:06:19Z,3739212026-08-02,37392,2026-08-02,CANCELED,,
2026-08-03T03:11:30Z,1562012026-08-02,15620,2026-08-02,SCHEDULED,0,0.0
2026-08-03T03:11:30Z,1804712026-08-02,18047,2026-08-02,SCHEDULED,60,1.0
2026-08-03T03:11:30Z,1251212026-08-02,12512,2026-08-02,SCHEDULED,-60,-1.0
2026-08-03T03:11:30Z,1454112026-08-02,14541,2026-08-02,SCHEDULED,0,0.0
2026-08-03T03:11:30Z,3749222026-08-02,37492,2026-08-02,CANCELED,,
2026-08-03T03:11:30Z,3749212026-08-02,37492,2026-08-02,CANCELED,,
2026-08-03T03:11:30Z,1705212026-08-02,17052,2026-08-02,CANCELED,,
2026-08-03T03:11:30Z,1260712026-08-02,12607,2026-08-02,CANCELED,,
2026-08-03T03:11:30Z,1721812026-08-02,17218,2026-08-02,CANCELED,,
2026-08-03T03:11:30Z,1307912026-08-02,13079,2026-08-02,CANCELED,,
2026-08-03T03:11:30Z,3821812026-08-02,38218,2026-08-02,CANCELED,,
2026-08-03T03:11:30Z,1722112026-08-02,17221,2026-08-02,CANCELED,,
2026-08-03T03:11:30Z,1390412026-08-02,13904,2026-08-02,CANCELED,,
2026-08-03T03:11:30Z,3822112026-08-02,38221,2026-08-02,CANCELED,,
2026-08-03T03:11:30Z,3890412026-08-02,38904,2026-08-02,CANCELED,,
2026-08-03T03:11:30Z,1260812026-08-02,12608,2026-08-02,CANCELED,,
2026-08-03T03:11:30Z,1565712026-08-02,15657,2026-08-02,CANCELED,,
2026-08-03T03:11:30Z,0407222026-08-03,04072,2026-08-03,CANCELED,,
2026-08-03T03:11:30Z,0407212026-08-03,04072,2026-08-03,CANCELED,,
2026-08-03T03:11:30Z,1810132026-08-02,18101,2026-08-02,CANCELED,,
2026-08-03T03:11:30Z,1810142026-08-02,18101,2026-08-02,CANCELED,,
2026-08-03T03:11:30Z,1810152026-08-02,18101,2026-08-02,CANCELED,,
2026-08-03T03:11:30Z,3707212026-08-03,37072,2026-08-03,CANCELED,,
2026-08-03T03:11:30Z,7187212026-08-02,71872,2026-08-02,CANCELED,,
2026-08-03T03:11:30Z,0029522026-08-03,00295,2026-08-03,CANCELED,,
2026-08-03T03:11:30Z,0029512026-08-03,00295,2026-08-03,CANCELED,,
2026-08-03T03:11:30Z,1810512026-08-02,18105,2026-08-02,CANCELED,,
2026-08-03T03:11:30Z,3810512026-08-02,38105,2026-08-02,CANCELED,,
2026-08-03T03:11:30Z,3709522026-08-02,37095,2026-08-02,CANCELED,,
2026-08-03T03:11:30Z,3709512026-08-02,37095,2026-08-02,CANCELED,,
2026-08-03T03:11:30Z,1821412026-08-02,18214,2026-08-02,CANCELED,,
2026-08-03T03:11:30Z,3739512026-08-02,37395,2026-08-02,CANCELED,,
2026-08-03T03:11:30Z,1821512026-08-02,18215,2026-08-02,CANCELED,,
2026-08-03T03:11:30Z,0019222026-08-03,00192,2026-08-03,CANCELED,,
2026-08-03T03:11:30Z,0019212026-08-03,00192,2026-08-03,CANCELED,,
2026-08-03T03:11:30Z,3739212026-08-02,37392,2026-08-02,CANCELED,,
2026-08-03T03:16:26Z,1562012026-08-02,15620,2026-08-02,SCHEDULED,0,0.0
2026-08-03T03:16:26Z,1804712026-08-02,18047,2026-08-02,SCHEDULED,60,1.0
2026-08-03T03:16:26Z,1251212026-08-02,12512,2026-08-02,SCHEDULED,-60,-1.0
2026-08-03T03:16:26Z,1454112026-08-02,14541,2026-08-02,SCHEDULED,0,0.0
2026-08-03T03:16:26Z,3749222026-08-02,37492,2026-08-02,CANCELED,,
2026-08-03T03:16:26Z,3749212026-08-02,37492,2026-08-02,CANCELED,,
2026-08-03T03:16:26Z,1705212026-08-02,17052,2026-08-02,CANCELED,,
2026-08-03T03:16:26Z,1260712026-08-02,12607,2026-08-02,CANCELED,,
2026-08-03T03:16:26Z,1721812026-08-02,17218,2026-08-02,CANCELED,,
2026-08-03T03:16:26Z,1307912026-08-02,13079,2026-08-02,CANCELED,,
2026-08-03T03:16:26Z,3821812026-08-02,38218,2026-08-02,CANCELED,,
2026-08-03T03:16:26Z,1390412026-08-02,13904,2026-08-02,CANCELED,,
2026-08-03T03:16:26Z,1722112026-08-02,17221,2026-08-02,CANCELED,,
2026-08-03T03:16:26Z,3890412026-08-02,38904,2026-08-02,CANCELED,,
2026-08-03T03:16:26Z,3822112026-08-02,38221,2026-08-02,CANCELED,,
2026-08-03T03:16:26Z,1565712026-08-02,15657,2026-08-02,CANCELED,,
2026-08-03T03:16:26Z,1260812026-08-02,12608,2026-08-02,CANCELED,,
2026-08-03T03:16:26Z,0407222026-08-03,04072,2026-08-03,CANCELED,,
2026-08-03T03:16:26Z,0407212026-08-03,04072,2026-08-03,CANCELED,,
2026-08-03T03:16:26Z,3707212026-08-03,37072,2026-08-03,CANCELED,,
2026-08-03T03:16:26Z,1810132026-08-02,18101,2026-08-02,CANCELED,,
2026-08-03T03:16:26Z,1810142026-08-02,18101,2026-08-02,CANCELED,,
2026-08-03T03:16:26Z,1810152026-08-02,18101,2026-08-02,CANCELED,,
2026-08-03T03:16:26Z,7187212026-08-02,71872,2026-08-02,CANCELED,,
2026-08-03T03:16:26Z,0029522026-08-03,00295,2026-08-03,CANCELED,,
2026-08-03T03:16:26Z,0029512026-08-03,00295,2026-08-03,CANCELED,,
2026-08-03T03:16:26Z,1810512026-08-02,18105,2026-08-02,CANCELED,,
2026-08-03T03:16:26Z,3810512026-08-02,38105,2026-08-02,CANCELED,,
2026-08-03T03:16:26Z,3709522026-08-02,37095,2026-08-02,CANCELED,,
2026-08-03T03:16:26Z,3709512026-08-02,37095,2026-08-02,CANCELED,,
2026-08-03T03:16:26Z,1821412026-08-02,18214,2026-08-02,CANCELED,,
2026-08-03T03:16:26Z,3739512026-08-02,37395,2026-08-02,CANCELED,,
2026-08-03T03:16:26Z,1821512026-08-02,18215,2026-08-02,CANCELED,,
2026-08-03T03:16:26Z,0019222026-08-03,00192,2026-08-03,CANCELED,,
2026-08-03T03:16:26Z,0019212026-08-03,00192,2026-08-03,CANCELED,,
2026-08-03T03:16:26Z,3739212026-08-02,37392,2026-08-02,CANCELED,,
2026-08-03T03:21:30Z,1454112026-08-02,14541,2026-08-02,SCHEDULED,-60,-1.0
2026-08-03T03:21:30Z,1804712026-08-02,18047,2026-08-02,SCHEDULED,60,1.0
2026-08-03T03:21:30Z,1251212026-08-02,12512,2026-08-02,SCHEDULED,60,1.0
2026-08-03T03:21:30Z,0411422026-08-03,04114,2026-08-03,SCHEDULED,0,0.0
2026-08-03T03:21:30Z,0411412026-08-03,04114,2026-08-03,SCHEDULED,0,0.0
2026-08-03T03:21:30Z,1562012026-08-02,15620,2026-08-02,SCHEDULED,60,1.0
2026-08-03T03:21:30Z,3749222026-08-02,37492,2026-08-02,CANCELED,,
2026-08-03T03:21:30Z,3749212026-08-02,37492,2026-08-02,CANCELED,,
2026-08-03T03:21:30Z,1705212026-08-02,17052,2026-08-02,CANCELED,,
2026-08-03T03:21:30Z,1260712026-08-02,12607,2026-08-02,CANCELED,,
2026-08-03T03:21:30Z,1721812026-08-02,17218,2026-08-02,CANCELED,,
2026-08-03T03:21:30Z,1307912026-08-02,13079,2026-08-02,CANCELED,,
2026-08-03T03:21:30Z,3821812026-08-02,38218,2026-08-02,CANCELED,,
2026-08-03T03:21:30Z,1390412026-08-02,13904,2026-08-02,CANCELED,,
2026-08-03T03:21:30Z,1722112026-08-02,17221,2026-08-02,CANCELED,,
2026-08-03T03:21:30Z,3890412026-08-02,38904,2026-08-02,CANCELED,,
2026-08-03T03:21:30Z,3822112026-08-02,38221,2026-08-02,CANCELED,,
2026-08-03T03:21:30Z,1565712026-08-02,15657,2026-08-02,CANCELED,,
2026-08-03T03:21:30Z,1260812026-08-02,12608,2026-08-02,CANCELED,,
2026-08-03T03:21:30Z,0407222026-08-03,04072,2026-08-03,CANCELED,,
2026-08-03T03:21:30Z,0407212026-08-03,04072,2026-08-03,CANCELED,,
2026-08-03T03:21:30Z,3707212026-08-03,37072,2026-08-03,CANCELED,,
2026-08-03T03:21:30Z,1810132026-08-02,18101,2026-08-02,CANCELED,,
2026-08-03T03:21:30Z,1810142026-08-02,18101,2026-08-02,CANCELED,,
2026-08-03T03:21:30Z,1810152026-08-02,18101,2026-08-02,CANCELED,,
2026-08-03T03:21:30Z,7187212026-08-02,71872,2026-08-02,CANCELED,,
2026-08-03T03:21:30Z,0029522026-08-03,00295,2026-08-03,CANCELED,,
2026-08-03T03:21:30Z,0029512026-08-03,00295,2026-08-03,CANCELED,,
2026-08-03T03:21:30Z,1810512026-08-02,18105,2026-08-02,CANCELED,,
2026-08-03T03:21:30Z,3810512026-08-02,38105,2026-08-02,CANCELED,,
2026-08-03T03:21:30Z,3709522026-08-02,37095,2026-08-02,CANCELED,,
2026-08-03T03:21:30Z,3709512026-08-02,37095,2026-08-02,CANCELED,,
2026-08-03T03:21:30Z,1821412026-08-02,18214,2026-08-02,CANCELED,,
2026-08-03T03:21:30Z,3739512026-08-02,37395,2026-08-02,CANCELED,,
2026-08-03T03:21:30Z,1821512026-08-02,18215,2026-08-02,CANCELED,,
2026-08-03T03:21:30Z,0019222026-08-03,00192,2026-08-03,CANCELED,,
2026-08-03T03:21:30Z,0019212026-08-03,00192,2026-08-03,CANCELED,,
2026-08-03T03:21:30Z,3739212026-08-02,37392,2026-08-02,CANCELED,,
2026-08-03T03:26:20Z,1804712026-08-02,18047,2026-08-02,SCHEDULED,180,3.0
2026-08-03T03:26:20Z,0415422026-08-02,04154,2026-08-02,SCHEDULED,120,2.0
2026-08-03T03:26:20Z,0415412026-08-02,04154,2026-08-02,SCHEDULED,120,2.0
2026-08-03T03:26:20Z,1251212026-08-02,12512,2026-08-02,SCHEDULED,120,2.0
2026-08-03T03:26:20Z,1454112026-08-02,14541,2026-08-02,SCHEDULED,-60,-1.0
2026-08-03T03:26:20Z,1562012026-08-02,15620,2026-08-02,SCHEDULED,60,1.0
2026-08-03T03:26:20Z,0411422026-08-03,04114,2026-08-03,SCHEDULED,0,0.0
2026-08-03T03:26:20Z,0411412026-08-03,04114,2026-08-03,SCHEDULED,0,0.0
2026-08-03T03:26:20Z,3749222026-08-02,37492,2026-08-02,CANCELED,,
2026-08-03T03:26:20Z,3749212026-08-02,37492,2026-08-02,CANCELED,,
2026-08-03T03:26:20Z,1705212026-08-02,17052,2026-08-02,CANCELED,,
2026-08-03T03:26:20Z,1260712026-08-02,12607,2026-08-02,CANCELED,,
2026-08-03T03:26:20Z,1721812026-08-02,17218,2026-08-02,CANCELED,,
2026-08-03T03:26:20Z,1307912026-08-02,13079,2026-08-02,CANCELED,,
2026-08-03T03:26:20Z,3821812026-08-02,38218,2026-08-02,CANCELED,,
2026-08-03T03:26:20Z,1390412026-08-02,13904,2026-08-02,CANCELED,,
2026-08-03T03:26:20Z,1722112026-08-02,17221,2026-08-02,CANCELED,,
2026-08-03T03:26:20Z,3890412026-08-02,38904,2026-08-02,CANCELED,,
2026-08-03T03:26:20Z,3822112026-08-02,38221,2026-08-02,CANCELED,,
2026-08-03T03:26:20Z,1565712026-08-02,15657,2026-08-02,CANCELED,,
2026-08-03T03:26:20Z,1260812026-08-02,12608,2026-08-02,CANCELED,,
2026-08-03T03:26:20Z,0407222026-08-03,04072,2026-08-03,CANCELED,,
2026-08-03T03:26:20Z,0407212026-08-03,04072,2026-08-03,CANCELED,,
2026-08-03T03:26:20Z,3707212026-08-03,37072,2026-08-03,CANCELED,,
2026-08-03T03:26:20Z,1810132026-08-02,18101,2026-08-02,CANCELED,,
2026-08-03T03:26:20Z,1810142026-08-02,18101,2026-08-02,CANCELED,,
2026-08-03T03:26:20Z,1810152026-08-02,18101,2026-08-02,CANCELED,,
2026-08-03T03:26:20Z,7187212026-08-02,71872,2026-08-02,CANCELED,,
2026-08-03T03:26:20Z,0029522026-08-03,00295,2026-08-03,CANCELED,,
2026-08-03T03:26:20Z,0029512026-08-03,00295,2026-08-03,CANCELED,,
2026-08-03T03:26:20Z,1810512026-08-02,18105,2026-08-02,CANCELED,,
2026-08-03T03:26:20Z,3709522026-08-02,37095,2026-08-02,CANCELED,,
2026-08-03T03:26:20Z,3709512026-08-02,37095,2026-08-02,CANCELED,,
2026-08-03T03:26:20Z,3810512026-08-02,38105,2026-08-02,CANCELED,,
2026-08-03T03:26:20Z,3739512026-08-02,37395,2026-08-02,CANCELED,,
2026-08-03T03:26:20Z,1821412026-08-02,18214,2026-08-02,CANCELED,,
2026-08-03T03:26:20Z,1821512026-08-02,18215,2026-08-02,CANCELED,,
2026-08-03T03:26:20Z,0019222026-08-03,00192,2026-08-03,CANCELED,,
2026-08-03T03:26:20Z,0019212026-08-03,00192,2026-08-03,CANCELED,,
2026-08-03T03:26:20Z,3739212026-08-02,37392,2026-08-02,CANCELED,,
2026-08-03T03:31:37Z,0415422026-08-02,04154,2026-08-02,SCHEDULED,60,1.0
2026-08-03T03:31:37Z,0415412026-08-02,04154,2026-08-02,SCHEDULED,60,1.0
2026-08-03T03:31:37Z,1804712026-08-02,18047,2026-08-02,SCHEDULED,180,3.0
2026-08-03T03:31:37Z,1454112026-08-02,14541,2026-08-02,SCHEDULED,-60,-1.0
2026-08-03T03:31:37Z,1251212026-08-02,12512,2026-08-02,SCHEDULED,60,1.0
2026-08-03T03:31:37Z,1562012026-08-02,15620,2026-08-02,SCHEDULED,60,1.0
2026-08-03T03:31:37Z,0411422026-08-03,04114,2026-08-03,SCHEDULED,180,3.0
2026-08-03T03:31:37Z,0411412026-08-03,04114,2026-08-03,SCHEDULED,180,3.0
2026-08-03T03:31:37Z,3749222026-08-02,37492,2026-08-02,CANCELED,,
2026-08-03T03:31:37Z,3749212026-08-02,37492,2026-08-02,CANCELED,,
2026-08-03T03:31:37Z,1705212026-08-02,17052,2026-08-02,CANCELED,,
2026-08-03T03:31:37Z,1260712026-08-02,12607,2026-08-02,CANCELED,,
2026-08-03T03:31:37Z,1721812026-08-02,17218,2026-08-02,CANCELED,,
2026-08-03T03:31:37Z,1307912026-08-02,13079,2026-08-02,CANCELED,,
2026-08-03T03:31:37Z,3821812026-08-02,38218,2026-08-02,CANCELED,,
2026-08-03T03:31:37Z,1390412026-08-02,13904,2026-08-02,CANCELED,,
2026-08-03T03:31:37Z,1722112026-08-02,17221,2026-08-02,CANCELED,,
2026-08-03T03:31:37Z,3822112026-08-02,38221,2026-08-02,CANCELED,,
2026-08-03T03:31:37Z,3890412026-08-02,38904,2026-08-02,CANCELED,,
2026-08-03T03:31:37Z,1260812026-08-02,12608,2026-08-02,CANCELED,,
2026-08-03T03:31:37Z,1565712026-08-02,15657,2026-08-02,CANCELED,,
2026-08-03T03:31:37Z,0407222026-08-03,04072,2026-08-03,CANCELED,,
2026-08-03T03:31:37Z,0407212026-08-03,04072,2026-08-03,CANCELED,,
2026-08-03T03:31:37Z,1810132026-08-02,18101,2026-08-02,CANCELED,,
2026-08-03T03:31:37Z,1810142026-08-02,18101,2026-08-02,CANCELED,,
2026-08-03T03:31:37Z,1810152026-08-02,18101,2026-08-02,CANCELED,,
2026-08-03T03:31:37Z,3707212026-08-03,37072,2026-08-03,CANCELED,,
2026-08-03T03:31:37Z,7187212026-08-02,71872,2026-08-02,CANCELED,,
2026-08-03T03:31:37Z,0029522026-08-03,00295,2026-08-03,CANCELED,,
2026-08-03T03:31:37Z,0029512026-08-03,00295,2026-08-03,CANCELED,,
2026-08-03T03:31:37Z,1810512026-08-02,18105,2026-08-02,CANCELED,,
2026-08-03T03:31:37Z,3810512026-08-02,38105,2026-08-02,CANCELED,,
2026-08-03T03:31:37Z,3709522026-08-02,37095,2026-08-02,CANCELED,,
2026-08-03T03:31:37Z,3709512026-08-02,37095,2026-08-02,CANCELED,,
2026-08-03T03:31:37Z,1821412026-08-02,18214,2026-08-02,CANCELED,,
2026-08-03T03:31:37Z,3739512026-08-02,37395,2026-08-02,CANCELED,,
2026-08-03T03:31:37Z,1821512026-08-02,18215,2026-08-02,CANCELED,,
2026-08-03T03:31:37Z,0019222026-08-03,00192,2026-08-03,CANCELED,,
2026-08-03T03:31:37Z,0019212026-08-03,00192,2026-08-03,CANCELED,,
2026-08-03T03:31:37Z,3739212026-08-02,37392,2026-08-02,CANCELED,,
2026-08-03T03:36:18Z,1454112026-08-02,14541,2026-08-02,SCHEDULED,60,1.0
2026-08-03T03:36:18Z,0415422026-08-02,04154,2026-08-02,SCHEDULED,60,1.0
2026-08-03T03:36:18Z,0415412026-08-02,04154,2026-08-02,SCHEDULED,60,1.0
2026-08-03T03:36:18Z,1804712026-08-02,18047,2026-08-02,SCHEDULED,120,2.0
2026-08-03T03:36:18Z,0807212026-08-02,08072,2026-08-02,SCHEDULED,60,1.0
2026-08-03T03:36:18Z,1562012026-08-02,15620,2026-08-02,SCHEDULED,60,1.0
2026-08-03T03:36:18Z,1251212026-08-02,12512,2026-08-02,SCHEDULED,0,0.0
2026-08-03T03:36:18Z,0411422026-08-03,04114,2026-08-03,SCHEDULED,180,3.0
2026-08-03T03:36:18Z,0411412026-08-03,04114,2026-08-03,SCHEDULED,180,3.0
2026-08-03T03:36:18Z,0306242026-08-02,03062,2026-08-02,SCHEDULED,0,0.0
2026-08-03T03:36:18Z,0306232026-08-02,03062,2026-08-02,SCHEDULED,0,0.0
2026-08-03T03:36:18Z,0306212026-08-02,03062,2026-08-02,SCHEDULED,0,0.0
2026-08-03T03:36:18Z,0306222026-08-02,03062,2026-08-02,SCHEDULED,0,0.0
2026-08-03T03:36:18Z,3749222026-08-02,37492,2026-08-02,CANCELED,,
2026-08-03T03:36:18Z,3749212026-08-02,37492,2026-08-02,CANCELED,,
2026-08-03T03:36:18Z,1705212026-08-02,17052,2026-08-02,CANCELED,,
2026-08-03T03:36:18Z,1260712026-08-02,12607,2026-08-02,CANCELED,,
2026-08-03T03:36:18Z,1721812026-08-02,17218,2026-08-02,CANCELED,,
2026-08-03T03:36:18Z,1307912026-08-02,13079,2026-08-02,CANCELED,,
2026-08-03T03:36:18Z,3821812026-08-02,38218,2026-08-02,CANCELED,,
2026-08-03T03:36:18Z,1390412026-08-02,13904,2026-08-02,CANCELED,,
2026-08-03T03:36:18Z,1722112026-08-02,17221,2026-08-02,CANCELED,,
2026-08-03T03:36:18Z,3890412026-08-02,38904,2026-08-02,CANCELED,,
2026-08-03T03:36:18Z,3822112026-08-02,38221,2026-08-02,CANCELED,,
2026-08-03T03:36:18Z,1565712026-08-02,15657,2026-08-02,CANCELED,,
2026-08-03T03:36:18Z,1260812026-08-02,12608,2026-08-02,CANCELED,,
2026-08-03T03:36:18Z,0407222026-08-03,04072,2026-08-03,CANCELED,,
2026-08-03T03:36:18Z,0407212026-08-03,04072,2026-08-03,CANCELED,,
2026-08-03T03:36:18Z,3707212026-08-03,37072,2026-08-03,CANCELED,,
2026-08-03T03:36:18Z,1810132026-08-02,18101,2026-08-02,CANCELED,,
2026-08-03T03:36:18Z,1810142026-08-02,18101,2026-08-02,CANCELED,,
2026-08-03T03:36:18Z,1810152026-08-02,18101,2026-08-02,CANCELED,,
2026-08-03T03:36:18Z,7187212026-08-02,71872,2026-08-02,CANCELED,,
2026-08-03T03:36:18Z,0029522026-08-03,00295,2026-08-03,CANCELED,,
2026-08-03T03:36:18Z,0029512026-08-03,00295,2026-08-03,CANCELED,,
2026-08-03T03:36:18Z,1810512026-08-02,18105,2026-08-02,CANCELED,,
2026-08-03T03:36:18Z,3709522026-08-02,37095,2026-08-02,CANCELED,,
2026-08-03T03:36:18Z,3709512026-08-02,37095,2026-08-02,CANCELED,,
2026-08-03T03:36:18Z,3810512026-08-02,38105,2026-08-02,CANCELED,,
2026-08-03T03:36:18Z,3739512026-08-02,37395,2026-08-02,CANCELED,,
2026-08-03T03:36:18Z,1821412026-08-02,18214,2026-08-02,CANCELED,,
2026-08-03T03:36:18Z,0019222026-08-03,00192,2026-08-03,CANCELED,,
2026-08-03T03:36:18Z,0019212026-08-03,00192,2026-08-03,CANCELED,,
2026-08-03T03:36:18Z,1821512026-08-02,18215,2026-08-02,CANCELED,,
2026-08-03T03:36:18Z,3739212026-08-02,37392,2026-08-02,CANCELED,,
2026-08-03T03:41:23Z,1454112026-08-02,14541,2026-08-02,SCHEDULED,60,1.0
2026-08-03T03:41:23Z,1770712026-08-02,17707,2026-08-02,SCHEDULED,60,1.0
2026-08-03T03:41:23Z,0415422026-08-02,04154,2026-08-02,SCHEDULED,60,1.0
2026-08-03T03:41:23Z,0415412026-08-02,04154,2026-08-02,SCHEDULED,60,1.0
2026-08-03T03:41:23Z,0807212026-08-02,08072,2026-08-02,SCHEDULED,0,0.0
2026-08-03T03:41:23Z,1268912026-08-02,12689,2026-08-02,SCHEDULED,0,0.0
2026-08-03T03:41:23Z,1241112026-08-02,12411,2026-08-02,SCHEDULED,60,1.0
2026-08-03T03:41:23Z,1562012026-08-02,15620,2026-08-02,SCHEDULED,60,1.0
2026-08-03T03:41:23Z,1251212026-08-02,12512,2026-08-02,SCHEDULED,-60,-1.0
2026-08-03T03:41:23Z,0411422026-08-03,04114,2026-08-03,SCHEDULED,180,3.0
2026-08-03T03:41:23Z,0411412026-08-03,04114,2026-08-03,SCHEDULED,180,3.0
2026-08-03T03:41:23Z,1804712026-08-02,18047,2026-08-02,SCHEDULED,60,1.0
2026-08-03T03:41:23Z,0306242026-08-02,03062,2026-08-02,SCHEDULED,0,0.0
2026-08-03T03:41:23Z,0306232026-08-02,03062,2026-08-02,SCHEDULED,0,0.0
2026-08-03T03:41:23Z,0306212026-08-02,03062,2026-08-02,SCHEDULED,0,0.0
2026-08-03T03:41:23Z,0306222026-08-02,03062,2026-08-02,SCHEDULED,0,0.0
2026-08-03T03:41:23Z,3749222026-08-02,37492,2026-08-02,CANCELED,,
2026-08-03T03:41:23Z,3749212026-08-02,37492,2026-08-02,CANCELED,,
2026-08-03T03:41:23Z,1705212026-08-02,17052,2026-08-02,CANCELED,,
2026-08-03T03:41:23Z,1260712026-08-02,12607,2026-08-02,CANCELED,,
2026-08-03T03:41:23Z,1721812026-08-02,17218,2026-08-02,CANCELED,,
2026-08-03T03:41:23Z,1307912026-08-02,13079,2026-08-02,CANCELED,,
2026-08-03T03:41:23Z,3821812026-08-02,38218,2026-08-02,CANCELED,,
2026-08-03T03:41:23Z,1390412026-08-02,13904,2026-08-02,CANCELED,,
2026-08-03T03:41:23Z,1722112026-08-02,17221,2026-08-02,CANCELED,,
2026-08-03T03:41:23Z,3890412026-08-02,38904,2026-08-02,CANCELED,,
2026-08-03T03:41:23Z,3822112026-08-02,38221,2026-08-02,CANCELED,,
2026-08-03T03:41:23Z,1565712026-08-02,15657,2026-08-02,CANCELED,,
2026-08-03T03:41:23Z,1260812026-08-02,12608,2026-08-02,CANCELED,,
2026-08-03T03:41:23Z,0407222026-08-03,04072,2026-08-03,CANCELED,,
2026-08-03T03:41:23Z,0407212026-08-03,04072,2026-08-03,CANCELED,,
2026-08-03T03:41:23Z,3707212026-08-03,37072,2026-08-03,CANCELED,,
2026-08-03T03:41:23Z,1810132026-08-02,18101,2026-08-02,CANCELED,,
2026-08-03T03:41:23Z,1810142026-08-02,18101,2026-08-02,CANCELED,,
2026-08-03T03:41:23Z,1810152026-08-02,18101,2026-08-02,CANCELED,,
2026-08-03T03:41:23Z,7187212026-08-02,71872,2026-08-02,CANCELED,,
2026-08-03T03:41:23Z,0029522026-08-03,00295,2026-08-03,CANCELED,,
2026-08-03T03:41:23Z,0029512026-08-03,00295,2026-08-03,CANCELED,,
2026-08-03T03:41:23Z,1810512026-08-02,18105,2026-08-02,CANCELED,,
2026-08-03T03:41:23Z,3709522026-08-02,37095,2026-08-02,CANCELED,,
2026-08-03T03:41:23Z,3709512026-08-02,37095,2026-08-02,CANCELED,,
2026-08-03T03:41:23Z,3810512026-08-02,38105,2026-08-02,CANCELED,,
2026-08-03T03:41:23Z,3739512026-08-02,37395,2026-08-02,CANCELED,,
2026-08-03T03:41:23Z,1821412026-08-02,18214,2026-08-02,CANCELED,,
2026-08-03T03:41:23Z,0019222026-08-03,00192,2026-08-03,CANCELED,,
2026-08-03T03:41:23Z,0019212026-08-03,00192,2026-08-03,CANCELED,,
2026-08-03T03:41:23Z,1821512026-08-02,18215,2026-08-02,CANCELED,,
2026-08-03T03:41:23Z,3739212026-08-02,37392,2026-08-02,CANCELED,,
2026-08-03T03:46:25Z,1241112026-08-02,12411,2026-08-02,SCHEDULED,-60,-1.0
2026-08-03T03:46:25Z,1500012026-08-02,15000,2026-08-02,SCHEDULED,0,0.0
2026-08-03T03:46:25Z,1268912026-08-02,12689,2026-08-02,SCHEDULED,60,1.0
2026-08-03T03:46:25Z,1770712026-08-02,17707,2026-08-02,SCHEDULED,60,1.0
2026-08-03T03:46:25Z,1300112026-08-02,13001,2026-08-02,SCHEDULED,180,3.0
2026-08-03T03:46:25Z,1804712026-08-02,18047,2026-08-02,SCHEDULED,60,1.0
2026-08-03T03:46:25Z,1454112026-08-02,14541,2026-08-02,SCHEDULED,120,2.0
2026-08-03T03:46:25Z,1562012026-08-02,15620,2026-08-02,SCHEDULED,60,1.0
2026-08-03T03:46:25Z,0411422026-08-03,04114,2026-08-03,SCHEDULED,120,2.0
2026-08-03T03:46:25Z,0411412026-08-03,04114,2026-08-03,SCHEDULED,120,2.0
2026-08-03T03:46:25Z,1562112026-08-02,15621,2026-08-02,SCHEDULED,0,0.0
2026-08-03T03:46:25Z,1251212026-08-02,12512,2026-08-02,SCHEDULED,-60,-1.0
2026-08-03T03:46:25Z,1812012026-08-02,18120,2026-08-02,SCHEDULED,60,1.0
2026-08-03T03:46:25Z,1530912026-08-02,15309,2026-08-02,SCHEDULED,-120,-2.0
2026-08-03T03:46:25Z,0306242026-08-02,03062,2026-08-02,SCHEDULED,0,0.0
2026-08-03T03:46:25Z,0306232026-08-02,03062,2026-08-02,SCHEDULED,0,0.0
2026-08-03T03:46:25Z,0306212026-08-02,03062,2026-08-02,SCHEDULED,0,0.0
2026-08-03T03:46:25Z,0306222026-08-02,03062,2026-08-02,SCHEDULED,0,0.0
2026-08-03T03:46:25Z,0415422026-08-02,04154,2026-08-02,SCHEDULED,60,1.0
2026-08-03T03:46:25Z,0415412026-08-02,04154,2026-08-02,SCHEDULED,60,1.0
2026-08-03T03:46:25Z,0807212026-08-02,08072,2026-08-02,SCHEDULED,-60,-1.0
2026-08-03T03:46:25Z,3749222026-08-02,37492,2026-08-02,CANCELED,,
2026-08-03T03:46:25Z,3749212026-08-02,37492,2026-08-02,CANCELED,,
2026-08-03T03:46:25Z,1705212026-08-02,17052,2026-08-02,CANCELED,,
2026-08-03T03:46:25Z,1260712026-08-02,12607,2026-08-02,CANCELED,,
2026-08-03T03:46:25Z,1721812026-08-02,17218,2026-08-02,CANCELED,,
2026-08-03T03:46:25Z,1307912026-08-02,13079,2026-08-02,CANCELED,,
2026-08-03T03:46:25Z,3821812026-08-02,38218,2026-08-02,CANCELED,,
2026-08-03T03:46:25Z,1390412026-08-02,13904,2026-08-02,CANCELED,,
2026-08-03T03:46:25Z,1722112026-08-02,17221,2026-08-02,CANCELED,,
2026-08-03T03:46:25Z,3890412026-08-02,38904,2026-08-02,CANCELED,,
2026-08-03T03:46:25Z,3822112026-08-02,38221,2026-08-02,CANCELED,,
2026-08-03T03:46:25Z,1565712026-08-02,15657,2026-08-02,CANCELED,,
2026-08-03T03:46:25Z,1260812026-08-02,12608,2026-08-02,CANCELED,,
2026-08-03T03:46:25Z,0407222026-08-03,04072,2026-08-03,CANCELED,,
2026-08-03T03:46:25Z,0407212026-08-03,04072,2026-08-03,CANCELED,,
2026-08-03T03:46:25Z,1810132026-08-02,18101,2026-08-02,CANCELED,,
2026-08-03T03:46:25Z,1810142026-08-02,18101,2026-08-02,CANCELED,,
2026-08-03T03:46:25Z,1810152026-08-02,18101,2026-08-02,CANCELED,,
2026-08-03T03:46:25Z,3707212026-08-03,37072,2026-08-03,CANCELED,,
2026-08-03T03:46:25Z,7187212026-08-02,71872,2026-08-02,CANCELED,,
2026-08-03T03:46:25Z,0029522026-08-03,00295,2026-08-03,CANCELED,,
2026-08-03T03:46:25Z,0029512026-08-03,00295,2026-08-03,CANCELED,,
2026-08-03T03:46:25Z,1810512026-08-02,18105,2026-08-02,CANCELED,,
2026-08-03T03:46:25Z,3810512026-08-02,38105,2026-08-02,CANCELED,,
2026-08-03T03:46:25Z,3709522026-08-02,37095,2026-08-02,CANCELED,,
2026-08-03T03:46:25Z,3709512026-08-02,37095,2026-08-02,CANCELED,,
2026-08-03T03:46:25Z,1821412026-08-02,18214,2026-08-02,CANCELED,,
2026-08-03T03:46:25Z,3739512026-08-02,37395,2026-08-02,CANCELED,,
2026-08-03T03:46:25Z,1821512026-08-02,18215,2026-08-02,CANCELED,,
2026-08-03T03:46:25Z,0019222026-08-03,00192,2026-08-03,CANCELED,,
2026-08-03T03:46:25Z,0019212026-08-03,00192,2026-08-03,CANCELED,,
2026-08-03T03:46:25Z,3739212026-08-02,37392,2026-08-02,CANCELED,,
2026-08-03T03:49:48Z,1268912026-08-02,12689,2026-08-02,SCHEDULED,60,1.0
2026-08-03T03:49:48Z,1770712026-08-02,17707,2026-08-02,SCHEDULED,60,1.0
2026-08-03T03:49:48Z,1300112026-08-02,13001,2026-08-02,SCHEDULED,180,3.0
2026-08-03T03:49:48Z,1804712026-08-02,18047,2026-08-02,SCHEDULED,120,2.0
2026-08-03T03:49:48Z,1454112026-08-02,14541,2026-08-02,SCHEDULED,120,2.0
2026-08-03T03:49:48Z,1500012026-08-02,15000,2026-08-02,SCHEDULED,0,0.0
2026-08-03T03:49:48Z,1806612026-08-02,18066,2026-08-02,SCHEDULED,-120,-2.0
2026-08-03T03:49:48Z,1812012026-08-02,18120,2026-08-02,SCHEDULED,60,1.0
2026-08-03T03:49:48Z,0411422026-08-03,04114,2026-08-03,SCHEDULED,120,2.0
2026-08-03T03:49:48Z,0411412026-08-03,04114,2026-08-03,SCHEDULED,120,2.0
2026-08-03T03:49:48Z,1831012026-08-02,18310,2026-08-02,SCHEDULED,-720,-12.0
2026-08-03T03:49:48Z,1562012026-08-02,15620,2026-08-02,SCHEDULED,60,1.0
2026-08-03T03:49:48Z,1562112026-08-02,15621,2026-08-02,SCHEDULED,0,0.0
2026-08-03T03:49:48Z,0306242026-08-02,03062,2026-08-02,SCHEDULED,120,2.0
2026-08-03T03:49:48Z,0306232026-08-02,03062,2026-08-02,SCHEDULED,120,2.0
2026-08-03T03:49:48Z,0306212026-08-02,03062,2026-08-02,SCHEDULED,120,2.0
2026-08-03T03:49:48Z,0306222026-08-02,03062,2026-08-02,SCHEDULED,120,2.0
2026-08-03T03:49:48Z,1251212026-08-02,12512,2026-08-02,SCHEDULED,0,0.0
2026-08-03T03:49:48Z,1891012026-08-02,18910,2026-08-02,SCHEDULED,60,1.0
2026-08-03T03:49:48Z,0415422026-08-02,04154,2026-08-02,SCHEDULED,60,1.0
2026-08-03T03:49:48Z,0415412026-08-02,04154,2026-08-02,SCHEDULED,60,1.0
2026-08-03T03:49:48Z,1530912026-08-02,15309,2026-08-02,SCHEDULED,0,0.0
2026-08-03T03:49:48Z,0807212026-08-02,08072,2026-08-02,SCHEDULED,-120,-2.0
2026-08-03T03:49:48Z,0947012026-08-02,09470,2026-08-02,SCHEDULED,-2640,-44.0
2026-08-03T03:49:48Z,1241112026-08-02,12411,2026-08-02,SCHEDULED,-60,-1.0
2026-08-03T03:49:48Z,1722112026-08-02,17221,2026-08-02,CANCELED,,
2026-08-03T03:49:48Z,3749222026-08-02,37492,2026-08-02,CANCELED,,
2026-08-03T03:49:48Z,3749212026-08-02,37492,2026-08-02,CANCELED,,
2026-08-03T03:49:48Z,3822112026-08-02,38221,2026-08-02,CANCELED,,
2026-08-03T03:49:48Z,1260712026-08-02,12607,2026-08-02,CANCELED,,
2026-08-03T03:49:48Z,1307912026-08-02,13079,2026-08-02,CANCELED,,
2026-08-03T03:49:48Z,1390412026-08-02,13904,2026-08-02,CANCELED,,
2026-08-03T03:49:48Z,3890412026-08-02,38904,2026-08-02,CANCELED,,
2026-08-03T03:49:48Z,1810222026-08-02,18102,2026-08-02,CANCELED,,
2026-08-03T03:49:48Z,1810232026-08-02,18102,2026-08-02,CANCELED,,
2026-08-03T03:49:48Z,1810242026-08-02,18102,2026-08-02,CANCELED,,
2026-08-03T03:49:48Z,1565712026-08-02,15657,2026-08-02,CANCELED,,
2026-08-03T03:49:48Z,1705212026-08-02,17052,2026-08-02,CANCELED,,
2026-08-03T03:49:48Z,1721812026-08-02,17218,2026-08-02,CANCELED,,
2026-08-03T03:49:48Z,0407222026-08-03,04072,2026-08-03,CANCELED,,
2026-08-03T03:49:48Z,0407212026-08-03,04072,2026-08-03,CANCELED,,
2026-08-03T03:49:48Z,3821812026-08-02,38218,2026-08-02,CANCELED,,
2026-08-03T03:49:48Z,3707212026-08-03,37072,2026-08-03,CANCELED,,
2026-08-03T03:49:48Z,1260812026-08-02,12608,2026-08-02,CANCELED,,
2026-08-03T03:49:48Z,0029522026-08-03,00295,2026-08-03,CANCELED,,
2026-08-03T03:49:48Z,0029512026-08-03,00295,2026-08-03,CANCELED,,
2026-08-03T03:49:48Z,3709522026-08-02,37095,2026-08-02,CANCELED,,
2026-08-03T03:49:48Z,3709512026-08-02,37095,2026-08-02,CANCELED,,
2026-08-03T03:49:48Z,1810132026-08-02,18101,2026-08-02,CANCELED,,
2026-08-03T03:49:48Z,1810142026-08-02,18101,2026-08-02,CANCELED,,
2026-08-03T03:49:48Z,1810152026-08-02,18101,2026-08-02,CANCELED,,
2026-08-03T03:49:48Z,3739512026-08-02,37395,2026-08-02,CANCELED,,
2026-08-03T03:49:48Z,7187212026-08-02,71872,2026-08-02,CANCELED,,
2026-08-03T03:49:48Z,0019222026-08-03,00192,2026-08-03,CANCELED,,
2026-08-03T03:49:48Z,0019212026-08-03,00192,2026-08-03,CANCELED,,
2026-08-03T03:49:48Z,1810512026-08-02,18105,2026-08-02,CANCELED,,
2026-08-03T03:49:48Z,3739212026-08-02,37392,2026-08-02,CANCELED,,
2026-08-03T03:49:48Z,3810512026-08-02,38105,2026-08-02,CANCELED,,
2026-08-03T03:49:48Z,1821412026-08-02,18214,2026-08-02,CANCELED,,
2026-08-03T03:49:48Z,1821512026-08-02,18215,2026-08-02,CANCELED,,
2026-08-03T03:51:29Z,1770712026-08-02,17707,2026-08-02,SCHEDULED,60,1.0
2026-08-03T03:51:29Z,1241112026-08-02,12411,2026-08-02,SCHEDULED,-60,-1.0
2026-08-03T03:51:29Z,1268912026-08-02,12689,2026-08-02,SCHEDULED,60,1.0
2026-08-03T03:51:29Z,1804712026-08-02,18047,2026-08-02,SCHEDULED,120,2.0
2026-08-03T03:51:29Z,1300112026-08-02,13001,2026-08-02,SCHEDULED,180,3.0
2026-08-03T03:51:29Z,1806612026-08-02,18066,2026-08-02,SCHEDULED,-120,-2.0
2026-08-03T03:51:29Z,1454112026-08-02,14541,2026-08-02,SCHEDULED,120,2.0
2026-08-03T03:51:29Z,1812012026-08-02,18120,2026-08-02,SCHEDULED,60,1.0
2026-08-03T03:51:29Z,1500012026-08-02,15000,2026-08-02,SCHEDULED,0,0.0
2026-08-03T03:51:29Z,1831012026-08-02,18310,2026-08-02,SCHEDULED,-720,-12.0
2026-08-03T03:51:29Z,1562012026-08-02,15620,2026-08-02,SCHEDULED,60,1.0
2026-08-03T03:51:29Z,0411422026-08-03,04114,2026-08-03,SCHEDULED,120,2.0
2026-08-03T03:51:29Z,0411412026-08-03,04114,2026-08-03,SCHEDULED,120,2.0
2026-08-03T03:51:29Z,1562112026-08-02,15621,2026-08-02,SCHEDULED,0,0.0
2026-08-03T03:51:29Z,0206312026-08-02,02063,2026-08-02,SCHEDULED,0,0.0
2026-08-03T03:51:29Z,1251212026-08-02,12512,2026-08-02,SCHEDULED,0,0.0
2026-08-03T03:51:29Z,1891012026-08-02,18910,2026-08-02,SCHEDULED,60,1.0
2026-08-03T03:51:29Z,1530912026-08-02,15309,2026-08-02,SCHEDULED,0,0.0
2026-08-03T03:51:29Z,0947012026-08-02,09470,2026-08-02,SCHEDULED,-2640,-44.0
2026-08-03T03:51:29Z,0306242026-08-02,03062,2026-08-02,SCHEDULED,120,2.0
2026-08-03T03:51:29Z,0306232026-08-02,03062,2026-08-02,SCHEDULED,120,2.0
2026-08-03T03:51:29Z,0306212026-08-02,03062,2026-08-02,SCHEDULED,120,2.0
2026-08-03T03:51:29Z,0306222026-08-02,03062,2026-08-02,SCHEDULED,120,2.0
2026-08-03T03:51:29Z,0415422026-08-02,04154,2026-08-02,SCHEDULED,180,3.0
2026-08-03T03:51:29Z,0415412026-08-02,04154,2026-08-02,SCHEDULED,180,3.0
2026-08-03T03:51:29Z,0807212026-08-02,08072,2026-08-02,SCHEDULED,-120,-2.0
2026-08-03T03:51:29Z,1722112026-08-02,17221,2026-08-02,CANCELED,,
2026-08-03T03:51:29Z,3822112026-08-02,38221,2026-08-02,CANCELED,,
2026-08-03T03:51:29Z,3749222026-08-02,37492,2026-08-02,CANCELED,,
2026-08-03T03:51:29Z,3749212026-08-02,37492,2026-08-02,CANCELED,,
2026-08-03T03:51:29Z,1260712026-08-02,12607,2026-08-02,CANCELED,,
2026-08-03T03:51:29Z,1307912026-08-02,13079,2026-08-02,CANCELED,,
2026-08-03T03:51:29Z,1810222026-08-02,18102,2026-08-02,CANCELED,,
2026-08-03T03:51:29Z,1810232026-08-02,18102,2026-08-02,CANCELED,,
2026-08-03T03:51:29Z,1810242026-08-02,18102,2026-08-02,CANCELED,,
2026-08-03T03:51:29Z,1390412026-08-02,13904,2026-08-02,CANCELED,,
2026-08-03T03:51:29Z,3890412026-08-02,38904,2026-08-02,CANCELED,,
2026-08-03T03:51:29Z,1705212026-08-02,17052,2026-08-02,CANCELED,,
2026-08-03T03:51:29Z,1565712026-08-02,15657,2026-08-02,CANCELED,,
2026-08-03T03:51:29Z,1721812026-08-02,17218,2026-08-02,CANCELED,,
2026-08-03T03:51:29Z,3821812026-08-02,38218,2026-08-02,CANCELED,,
2026-08-03T03:51:29Z,0407222026-08-03,04072,2026-08-03,CANCELED,,
2026-08-03T03:51:29Z,0407212026-08-03,04072,2026-08-03,CANCELED,,
2026-08-03T03:51:29Z,1260812026-08-02,12608,2026-08-02,CANCELED,,
2026-08-03T03:51:29Z,3707212026-08-03,37072,2026-08-03,CANCELED,,
2026-08-03T03:51:29Z,0029522026-08-03,00295,2026-08-03,CANCELED,,
2026-08-03T03:51:29Z,0029512026-08-03,00295,2026-08-03,CANCELED,,
2026-08-03T03:51:29Z,1810132026-08-02,18101,2026-08-02,CANCELED,,
2026-08-03T03:51:29Z,1810142026-08-02,18101,2026-08-02,CANCELED,,
2026-08-03T03:51:29Z,1810152026-08-02,18101,2026-08-02,CANCELED,,
2026-08-03T03:51:29Z,7187212026-08-02,71872,2026-08-02,CANCELED,,
2026-08-03T03:51:29Z,3709522026-08-02,37095,2026-08-02,CANCELED,,
2026-08-03T03:51:29Z,3709512026-08-02,37095,2026-08-02,CANCELED,,
2026-08-03T03:51:29Z,3739512026-08-02,37395,2026-08-02,CANCELED,,
2026-08-03T03:51:29Z,1810512026-08-02,18105,2026-08-02,CANCELED,,
2026-08-03T03:51:29Z,3810512026-08-02,38105,2026-08-02,CANCELED,,
2026-08-03T03:51:29Z,0019222026-08-03,00192,2026-08-03,CANCELED,,
2026-08-03T03:51:29Z,0019212026-08-03,00192,2026-08-03,CANCELED,,
2026-08-03T03:51:29Z,1821412026-08-02,18214,2026-08-02,CANCELED,,
2026-08-03T03:51:29Z,3739212026-08-02,37392,2026-08-02,CANCELED,,
2026-08-03T03:51:29Z,1821512026-08-02,18215,2026-08-02,CANCELED,,
2026-08-03T03:56:18Z,1770712026-08-02,17707,2026-08-02,SCHEDULED,60,1.0
2026-08-03T03:56:18Z,1241112026-08-02,12411,2026-08-02,SCHEDULED,-60,-1.0
2026-08-03T03:56:18Z,1268912026-08-02,12689,2026-08-02,SCHEDULED,60,1.0
2026-08-03T03:56:18Z,1802412026-08-02,18024,2026-08-02,SCHEDULED,-60,-1.0
2026-08-03T03:56:18Z,1300112026-08-02,13001,2026-08-02,SCHEDULED,180,3.0
2026-08-03T03:56:18Z,1454112026-08-02,14541,2026-08-02,SCHEDULED,120,2.0
2026-08-03T03:56:18Z,1804712026-08-02,18047,2026-08-02,SCHEDULED,120,2.0
2026-08-03T03:56:18Z,1500012026-08-02,15000,2026-08-02,SCHEDULED,-120,-2.0
2026-08-03T03:56:18Z,1806612026-08-02,18066,2026-08-02,SCHEDULED,-120,-2.0
2026-08-03T03:56:18Z,1505112026-08-02,15051,2026-08-02,SCHEDULED,0,0.0
2026-08-03T03:56:18Z,1812012026-08-02,18120,2026-08-02,SCHEDULED,60,1.0
2026-08-03T03:56:18Z,1812112026-08-02,18121,2026-08-02,SCHEDULED,240,4.0
2026-08-03T03:56:18Z,0411422026-08-03,04114,2026-08-03,SCHEDULED,120,2.0
2026-08-03T03:56:18Z,0411412026-08-03,04114,2026-08-03,SCHEDULED,120,2.0
2026-08-03T03:56:18Z,0947012026-08-02,09470,2026-08-02,SCHEDULED,-2340,-39.0
2026-08-03T03:56:18Z,0206312026-08-02,02063,2026-08-02,SCHEDULED,120,2.0
2026-08-03T03:56:18Z,1562012026-08-02,15620,2026-08-02,SCHEDULED,120,2.0
2026-08-03T03:56:18Z,1562112026-08-02,15621,2026-08-02,SCHEDULED,0,0.0
2026-08-03T03:56:18Z,1251212026-08-02,12512,2026-08-02,SCHEDULED,0,0.0
2026-08-03T03:56:18Z,1831012026-08-02,18310,2026-08-02,SCHEDULED,-720,-12.0
2026-08-03T03:56:18Z,0306242026-08-02,03062,2026-08-02,SCHEDULED,180,3.0
2026-08-03T03:56:18Z,0306232026-08-02,03062,2026-08-02,SCHEDULED,180,3.0
2026-08-03T03:56:18Z,0306212026-08-02,03062,2026-08-02,SCHEDULED,180,3.0
2026-08-03T03:56:18Z,0306222026-08-02,03062,2026-08-02,SCHEDULED,180,3.0
2026-08-03T03:56:18Z,1891012026-08-02,18910,2026-08-02,SCHEDULED,60,1.0
2026-08-03T03:56:18Z,1530912026-08-02,15309,2026-08-02,SCHEDULED,-60,-1.0
2026-08-03T03:56:18Z,0415422026-08-02,04154,2026-08-02,SCHEDULED,180,3.0
2026-08-03T03:56:18Z,0415412026-08-02,04154,2026-08-02,SCHEDULED,180,3.0
2026-08-03T03:56:18Z,0506312026-08-02,05063,2026-08-02,SCHEDULED,60,1.0
2026-08-03T03:56:18Z,0807212026-08-02,08072,2026-08-02,SCHEDULED,-120,-2.0
2026-08-03T03:56:18Z,1722112026-08-02,17221,2026-08-02,CANCELED,,
2026-08-03T03:56:18Z,3749222026-08-02,37492,2026-08-02,CANCELED,,
2026-08-03T03:56:18Z,3749212026-08-02,37492,2026-08-02,CANCELED,,
2026-08-03T03:56:18Z,3822112026-08-02,38221,2026-08-02,CANCELED,,
2026-08-03T03:56:18Z,1260712026-08-02,12607,2026-08-02,CANCELED,,
2026-08-03T03:56:18Z,1307912026-08-02,13079,2026-08-02,CANCELED,,
2026-08-03T03:56:18Z,1390412026-08-02,13904,2026-08-02,CANCELED,,
2026-08-03T03:56:18Z,1810222026-08-02,18102,2026-08-02,CANCELED,,
2026-08-03T03:56:18Z,1810232026-08-02,18102,2026-08-02,CANCELED,,
2026-08-03T03:56:18Z,1810242026-08-02,18102,2026-08-02,CANCELED,,
2026-08-03T03:56:18Z,3890412026-08-02,38904,2026-08-02,CANCELED,,
2026-08-03T03:56:18Z,1565712026-08-02,15657,2026-08-02,CANCELED,,
2026-08-03T03:56:18Z,1705212026-08-02,17052,2026-08-02,CANCELED,,
2026-08-03T03:56:18Z,1721812026-08-02,17218,2026-08-02,CANCELED,,
2026-08-03T03:56:18Z,0407222026-08-03,04072,2026-08-03,CANCELED,,
2026-08-03T03:56:18Z,0407212026-08-03,04072,2026-08-03,CANCELED,,
2026-08-03T03:56:18Z,3821812026-08-02,38218,2026-08-02,CANCELED,,
2026-08-03T03:56:18Z,3707212026-08-03,37072,2026-08-03,CANCELED,,
2026-08-03T03:56:18Z,1260812026-08-02,12608,2026-08-02,CANCELED,,
2026-08-03T03:56:18Z,0029522026-08-03,00295,2026-08-03,CANCELED,,
2026-08-03T03:56:18Z,0029512026-08-03,00295,2026-08-03,CANCELED,,
2026-08-03T03:56:18Z,1810132026-08-02,18101,2026-08-02,CANCELED,,
2026-08-03T03:56:18Z,1810142026-08-02,18101,2026-08-02,CANCELED,,
2026-08-03T03:56:18Z,1810152026-08-02,18101,2026-08-02,CANCELED,,
2026-08-03T03:56:18Z,3709522026-08-02,37095,2026-08-02,CANCELED,,
2026-08-03T03:56:18Z,3709512026-08-02,37095,2026-08-02,CANCELED,,
2026-08-03T03:56:18Z,7187212026-08-02,71872,2026-08-02,CANCELED,,
2026-08-03T03:56:18Z,3739512026-08-02,37395,2026-08-02,CANCELED,,
2026-08-03T03:56:18Z,1810512026-08-02,18105,2026-08-02,CANCELED,,
2026-08-03T03:56:18Z,0019222026-08-03,00192,2026-08-03,CANCELED,,
2026-08-03T03:56:18Z,0019212026-08-03,00192,2026-08-03,CANCELED,,
2026-08-03T03:56:18Z,3810512026-08-02,38105,2026-08-02,CANCELED,,
2026-08-03T03:56:18Z,3739212026-08-02,37392,2026-08-02,CANCELED,,
2026-08-03T03:56:18Z,1821412026-08-02,18214,2026-08-02,CANCELED,,
2026-08-03T03:56:18Z,1821512026-08-02,18215,2026-08-02,CANCELED,,
2026-08-03T04:01:54Z,0405612026-08-03,04056,2026-08-03,SCHEDULED,-60,-1.0
2026-08-03T04:01:54Z,1802412026-08-02,18024,2026-08-02,SCHEDULED,60,1.0
2026-08-03T04:01:54Z,1241112026-08-02,12411,2026-08-02,SCHEDULED,0,0.0
2026-08-03T04:01:54Z,1268912026-08-02,12689,2026-08-02,SCHEDULED,180,3.0
2026-08-03T04:01:54Z,1804712026-08-02,18047,2026-08-02,SCHEDULED,240,4.0
2026-08-03T04:01:54Z,1807112026-08-02,18071,2026-08-02,SCHEDULED,60,1.0
2026-08-03T04:01:54Z,1300112026-08-02,13001,2026-08-02,SCHEDULED,180,3.0
2026-08-03T04:01:54Z,1806612026-08-02,18066,2026-08-02,SCHEDULED,0,0.0
2026-08-03T04:01:54Z,1454112026-08-02,14541,2026-08-02,SCHEDULED,120,2.0
2026-08-03T04:01:54Z,1812012026-08-02,18120,2026-08-02,SCHEDULED,180,3.0
2026-08-03T04:01:54Z,1500012026-08-02,15000,2026-08-02,SCHEDULED,0,0.0
2026-08-03T04:01:54Z,1572012026-08-02,15720,2026-08-02,SCHEDULED,120,2.0
2026-08-03T04:01:54Z,1505112026-08-02,15051,2026-08-02,SCHEDULED,0,0.0
2026-08-03T04:01:54Z,1577212026-08-02,15772,2026-08-02,SCHEDULED,0,0.0
2026-08-03T04:01:54Z,1710612026-08-02,17106,2026-08-02,SCHEDULED,60,1.0
2026-08-03T04:01:54Z,0411422026-08-03,04114,2026-08-03,SCHEDULED,60,1.0
2026-08-03T04:01:54Z,0411412026-08-03,04114,2026-08-03,SCHEDULED,60,1.0
2026-08-03T04:01:54Z,1770712026-08-02,17707,2026-08-02,SCHEDULED,60,1.0
2026-08-03T04:01:54Z,0206312026-08-02,02063,2026-08-02,SCHEDULED,180,3.0
2026-08-03T04:01:54Z,1530912026-08-02,15309,2026-08-02,SCHEDULED,-180,-3.0
2026-08-03T04:01:54Z,0947012026-08-02,09470,2026-08-02,SCHEDULED,-2340,-39.0
2026-08-03T04:01:54Z,1562012026-08-02,15620,2026-08-02,SCHEDULED,120,2.0
2026-08-03T04:01:54Z,0306242026-08-02,03062,2026-08-02,SCHEDULED,120,2.0
2026-08-03T04:01:54Z,0306232026-08-02,03062,2026-08-02,SCHEDULED,120,2.0
2026-08-03T04:01:54Z,0306212026-08-02,03062,2026-08-02,SCHEDULED,120,2.0
2026-08-03T04:01:54Z,0306222026-08-02,03062,2026-08-02,SCHEDULED,120,2.0
2026-08-03T04:01:54Z,1562112026-08-02,15621,2026-08-02,SCHEDULED,0,0.0
2026-08-03T04:01:54Z,1251212026-08-02,12512,2026-08-02,SCHEDULED,0,0.0
2026-08-03T04:01:54Z,1812112026-08-02,18121,2026-08-02,SCHEDULED,120,2.0
2026-08-03T04:01:54Z,1831012026-08-02,18310,2026-08-02,SCHEDULED,60,1.0
2026-08-03T04:01:54Z,0306242026-08-02,03062,2026-08-02,SCHEDULED,240,4.0
2026-08-03T04:01:54Z,0306232026-08-02,03062,2026-08-02,SCHEDULED,240,4.0
2026-08-03T04:01:54Z,0306212026-08-02,03062,2026-08-02,SCHEDULED,240,4.0
2026-08-03T04:01:54Z,0306222026-08-02,03062,2026-08-02,SCHEDULED,240,4.0
2026-08-03T04:01:54Z,3586912026-08-02,35869,2026-08-02,SCHEDULED,0,0.0
2026-08-03T04:01:54Z,0406012026-08-02,04060,2026-08-02,SCHEDULED,60,1.0
2026-08-03T04:01:54Z,1891012026-08-02,18910,2026-08-02,SCHEDULED,180,3.0
2026-08-03T04:01:54Z,0415422026-08-02,04154,2026-08-02,SCHEDULED,180,3.0
2026-08-03T04:01:54Z,0415412026-08-02,04154,2026-08-02,SCHEDULED,180,3.0
2026-08-03T04:01:54Z,0506312026-08-02,05063,2026-08-02,SCHEDULED,60,1.0
2026-08-03T04:01:54Z,0807212026-08-02,08072,2026-08-02,SCHEDULED,-240,-4.0
2026-08-03T04:01:54Z,1722112026-08-02,17221,2026-08-02,CANCELED,,
2026-08-03T04:01:54Z,3749222026-08-02,37492,2026-08-02,CANCELED,,
2026-08-03T04:01:54Z,3749212026-08-02,37492,2026-08-02,CANCELED,,
2026-08-03T04:01:54Z,3822112026-08-02,38221,2026-08-02,CANCELED,,
2026-08-03T04:01:54Z,1260712026-08-02,12607,2026-08-02,CANCELED,,
2026-08-03T04:01:54Z,1307912026-08-02,13079,2026-08-02,CANCELED,,
2026-08-03T04:01:54Z,1390412026-08-02,13904,2026-08-02,CANCELED,,
2026-08-03T04:01:54Z,3890412026-08-02,38904,2026-08-02,CANCELED,,
2026-08-03T04:01:54Z,1810222026-08-02,18102,2026-08-02,CANCELED,,
2026-08-03T04:01:54Z,1810232026-08-02,18102,2026-08-02,CANCELED,,
2026-08-03T04:01:54Z,1810242026-08-02,18102,2026-08-02,CANCELED,,
2026-08-03T04:01:54Z,1565712026-08-02,15657,2026-08-02,CANCELED,,
2026-08-03T04:01:54Z,1705212026-08-02,17052,2026-08-02,CANCELED,,
2026-08-03T04:01:54Z,1721812026-08-02,17218,2026-08-02,CANCELED,,
2026-08-03T04:01:54Z,0407222026-08-03,04072,2026-08-03,CANCELED,,
2026-08-03T04:01:54Z,0407212026-08-03,04072,2026-08-03,CANCELED,,
2026-08-03T04:01:54Z,3821812026-08-02,38218,2026-08-02,CANCELED,,
2026-08-03T04:01:54Z,3707212026-08-03,37072,2026-08-03,CANCELED,,
2026-08-03T04:01:54Z,1260812026-08-02,12608,2026-08-02,CANCELED,,
2026-08-03T04:01:54Z,0029522026-08-03,00295,2026-08-03,CANCELED,,
2026-08-03T04:01:54Z,0029512026-08-03,00295,2026-08-03,CANCELED,,
2026-08-03T04:01:54Z,1810132026-08-02,18101,2026-08-02,CANCELED,,
2026-08-03T04:01:54Z,1810142026-08-02,18101,2026-08-02,CANCELED,,
2026-08-03T04:01:54Z,1810152026-08-02,18101,2026-08-02,CANCELED,,
2026-08-03T04:01:54Z,3709522026-08-02,37095,2026-08-02,CANCELED,,
2026-08-03T04:01:54Z,3709512026-08-02,37095,2026-08-02,CANCELED,,
2026-08-03T04:01:54Z,7187212026-08-02,71872,2026-08-02,CANCELED,,
2026-08-03T04:01:54Z,3739512026-08-02,37395,2026-08-02,CANCELED,,
2026-08-03T04:01:54Z,1810512026-08-02,18105,2026-08-02,CANCELED,,
2026-08-03T04:01:54Z,0019222026-08-03,00192,2026-08-03,CANCELED,,
2026-08-03T04:01:54Z,0019212026-08-03,00192,2026-08-03,CANCELED,,
2026-08-03T04:01:54Z,3810512026-08-02,38105,2026-08-02,CANCELED,,
2026-08-03T04:01:54Z,3739212026-08-02,37392,2026-08-02,CANCELED,,
2026-08-03T04:01:54Z,1821412026-08-02,18214,2026-08-02,CANCELED,,
2026-08-03T04:01:54Z,1821512026-08-02,18215,2026-08-02,CANCELED,,
2026-08-03T04:06:17Z,1572012026-08-02,15720,2026-08-02,SCHEDULED,120,2.0
2026-08-03T04:06:17Z,0405612026-08-03,04056,2026-08-03,SCHEDULED,-60,-1.0
2026-08-03T04:06:17Z,1577212026-08-02,15772,2026-08-02,SCHEDULED,-60,-1.0
2026-08-03T04:06:17Z,1241112026-08-02,12411,2026-08-02,SCHEDULED,0,0.0
2026-08-03T04:06:17Z,1710612026-08-02,17106,2026-08-02,SCHEDULED,60,1.0
2026-08-03T04:06:17Z,1268912026-08-02,12689,2026-08-02,SCHEDULED,180,3.0
2026-08-03T04:06:17Z,1770712026-08-02,17707,2026-08-02,SCHEDULED,-60,-1.0
2026-08-03T04:06:17Z,1300112026-08-02,13001,2026-08-02,SCHEDULED,180,3.0
2026-08-03T04:06:17Z,1320212026-08-02,13202,2026-08-02,SCHEDULED,0,0.0
2026-08-03T04:06:17Z,1802412026-08-02,18024,2026-08-02,SCHEDULED,120,2.0
2026-08-03T04:06:17Z,1454112026-08-02,14541,2026-08-02,SCHEDULED,420,7.0
2026-08-03T04:06:17Z,1804712026-08-02,18047,2026-08-02,SCHEDULED,240,4.0
2026-08-03T04:06:17Z,1500012026-08-02,15000,2026-08-02,SCHEDULED,0,0.0
2026-08-03T04:06:17Z,1806812026-08-02,18068,2026-08-02,SCHEDULED,0,0.0
2026-08-03T04:06:17Z,1505112026-08-02,15051,2026-08-02,SCHEDULED,-60,-1.0
2026-08-03T04:06:17Z,1807112026-08-02,18071,2026-08-02,SCHEDULED,60,1.0
2026-08-03T04:06:17Z,1806612026-08-02,18066,2026-08-02,SCHEDULED,0,0.0
2026-08-03T04:06:17Z,0411422026-08-03,04114,2026-08-03,SCHEDULED,60,1.0
2026-08-03T04:06:17Z,0411412026-08-03,04114,2026-08-03,SCHEDULED,60,1.0
2026-08-03T04:06:17Z,1530912026-08-02,15309,2026-08-02,SCHEDULED,-180,-3.0
2026-08-03T04:06:17Z,0206312026-08-02,02063,2026-08-02,SCHEDULED,120,2.0
2026-08-03T04:06:17Z,0947012026-08-02,09470,2026-08-02,SCHEDULED,-2340,-39.0
2026-08-03T04:06:17Z,1562012026-08-02,15620,2026-08-02,SCHEDULED,120,2.0
2026-08-03T04:06:17Z,1562112026-08-02,15621,2026-08-02,SCHEDULED,0,0.0
2026-08-03T04:06:17Z,1251212026-08-02,12512,2026-08-02,SCHEDULED,0,0.0
2026-08-03T04:06:17Z,0306242026-08-02,03062,2026-08-02,SCHEDULED,120,2.0
2026-08-03T04:06:17Z,0306232026-08-02,03062,2026-08-02,SCHEDULED,120,2.0
2026-08-03T04:06:17Z,0306212026-08-02,03062,2026-08-02,SCHEDULED,120,2.0
2026-08-03T04:06:17Z,0306222026-08-02,03062,2026-08-02,SCHEDULED,120,2.0
2026-08-03T04:06:17Z,1812012026-08-02,18120,2026-08-02,SCHEDULED,180,3.0
2026-08-03T04:06:17Z,1812112026-08-02,18121,2026-08-02,SCHEDULED,120,2.0
2026-08-03T04:06:17Z,1831012026-08-02,18310,2026-08-02,SCHEDULED,60,1.0
2026-08-03T04:06:17Z,3586912026-08-02,35869,2026-08-02,SCHEDULED,0,0.0
2026-08-03T04:06:17Z,0306242026-08-02,03062,2026-08-02,SCHEDULED,420,7.0
2026-08-03T04:06:17Z,0306232026-08-02,03062,2026-08-02,SCHEDULED,420,7.0
2026-08-03T04:06:17Z,0306212026-08-02,03062,2026-08-02,SCHEDULED,420,7.0
2026-08-03T04:06:17Z,0306222026-08-02,03062,2026-08-02,SCHEDULED,420,7.0
2026-08-03T04:06:17Z,1891012026-08-02,18910,2026-08-02,SCHEDULED,180,3.0
2026-08-03T04:06:17Z,0406012026-08-02,04060,2026-08-02,SCHEDULED,60,1.0
2026-08-03T04:06:17Z,0415422026-08-02,04154,2026-08-02,SCHEDULED,180,3.0
2026-08-03T04:06:17Z,0415412026-08-02,04154,2026-08-02,SCHEDULED,180,3.0
2026-08-03T04:06:17Z,0506312026-08-02,05063,2026-08-02,SCHEDULED,60,1.0
2026-08-03T04:06:17Z,0587112026-08-02,05871,2026-08-02,SCHEDULED,120,2.0
2026-08-03T04:06:17Z,0807212026-08-02,08072,2026-08-02,SCHEDULED,-240,-4.0
2026-08-03T04:06:17Z,1722112026-08-02,17221,2026-08-02,CANCELED,,
2026-08-03T04:06:17Z,3822112026-08-02,38221,2026-08-02,CANCELED,,
2026-08-03T04:06:17Z,3749222026-08-02,37492,2026-08-02,CANCELED,,
2026-08-03T04:06:17Z,3749212026-08-02,37492,2026-08-02,CANCELED,,
2026-08-03T04:06:17Z,1260712026-08-02,12607,2026-08-02,CANCELED,,
2026-08-03T04:06:17Z,1307912026-08-02,13079,2026-08-02,CANCELED,,
2026-08-03T04:06:17Z,1390412026-08-02,13904,2026-08-02,CANCELED,,
2026-08-03T04:06:17Z,1810222026-08-02,18102,2026-08-02,CANCELED,,
2026-08-03T04:06:17Z,1810232026-08-02,18102,2026-08-02,CANCELED,,
2026-08-03T04:06:17Z,1810242026-08-02,18102,2026-08-02,CANCELED,,
2026-08-03T04:06:17Z,3890412026-08-02,38904,2026-08-02,CANCELED,,
2026-08-03T04:06:17Z,1705212026-08-02,17052,2026-08-02,CANCELED,,
2026-08-03T04:06:17Z,1721812026-08-02,17218,2026-08-02,CANCELED,,
2026-08-03T04:06:17Z,1565712026-08-02,15657,2026-08-02,CANCELED,,
2026-08-03T04:06:17Z,3821812026-08-02,38218,2026-08-02,CANCELED,,
2026-08-03T04:06:17Z,1260812026-08-02,12608,2026-08-02,CANCELED,,
2026-08-03T04:06:17Z,0407222026-08-03,04072,2026-08-03,CANCELED,,
2026-08-03T04:06:17Z,0407212026-08-03,04072,2026-08-03,CANCELED,,
2026-08-03T04:06:17Z,3707212026-08-03,37072,2026-08-03,CANCELED,,
2026-08-03T04:06:17Z,1810132026-08-02,18101,2026-08-02,CANCELED,,
2026-08-03T04:06:17Z,1810142026-08-02,18101,2026-08-02,CANCELED,,
2026-08-03T04:06:17Z,1810152026-08-02,18101,2026-08-02,CANCELED,,
2026-08-03T04:06:17Z,7187212026-08-02,71872,2026-08-02,CANCELED,,
2026-08-03T04:06:17Z,0029522026-08-03,00295,2026-08-03,CANCELED,,
2026-08-03T04:06:17Z,0029512026-08-03,00295,2026-08-03,CANCELED,,
2026-08-03T04:06:17Z,1810512026-08-02,18105,2026-08-02,CANCELED,,
2026-08-03T04:06:17Z,3709522026-08-02,37095,2026-08-02,CANCELED,,
2026-08-03T04:06:17Z,3709512026-08-02,37095,2026-08-02,CANCELED,,
2026-08-03T04:06:17Z,3810512026-08-02,38105,2026-08-02,CANCELED,,
2026-08-03T04:06:17Z,3739512026-08-02,37395,2026-08-02,CANCELED,,
2026-08-03T04:06:17Z,1821412026-08-02,18214,2026-08-02,CANCELED,,
2026-08-03T04:06:17Z,1821512026-08-02,18215,2026-08-02,CANCELED,,
2026-08-03T04:06:17Z,0019222026-08-03,00192,2026-08-03,CANCELED,,
2026-08-03T04:06:17Z,0019212026-08-03,00192,2026-08-03,CANCELED,,
2026-08-03T04:06:17Z,3739212026-08-02,37392,2026-08-02,CANCELED,,
2026-08-03T04:11:24Z,0405612026-08-03,04056,2026-08-03,SCHEDULED,240,4.0
2026-08-03T04:11:24Z,1572012026-08-02,15720,2026-08-02,SCHEDULED,120,2.0
2026-08-03T04:11:24Z,1241112026-08-02,12411,2026-08-02,SCHEDULED,-60,-1.0
2026-08-03T04:11:24Z,1577212026-08-02,15772,2026-08-02,SCHEDULED,0,0.0
2026-08-03T04:11:24Z,1268912026-08-02,12689,2026-08-02,SCHEDULED,180,3.0
2026-08-03T04:11:24Z,1710612026-08-02,17106,2026-08-02,SCHEDULED,120,2.0
2026-08-03T04:11:24Z,1300112026-08-02,13001,2026-08-02,SCHEDULED,180,3.0
2026-08-03T04:11:24Z,1770712026-08-02,17707,2026-08-02,SCHEDULED,0,0.0
2026-08-03T04:11:24Z,1320112026-08-02,13201,2026-08-02,SCHEDULED,60,1.0
2026-08-03T04:11:24Z,1320212026-08-02,13202,2026-08-02,SCHEDULED,180,3.0
2026-08-03T04:11:24Z,1802412026-08-02,18024,2026-08-02,SCHEDULED,60,1.0
2026-08-03T04:11:24Z,1454112026-08-02,14541,2026-08-02,SCHEDULED,420,7.0
2026-08-03T04:11:24Z,1804112026-08-02,18041,2026-08-02,SCHEDULED,60,1.0
2026-08-03T04:11:24Z,1804612026-08-02,18046,2026-08-02,SCHEDULED,0,0.0
2026-08-03T04:11:24Z,1500012026-08-02,15000,2026-08-02,SCHEDULED,120,2.0
2026-08-03T04:11:24Z,1505112026-08-02,15051,2026-08-02,SCHEDULED,-120,-2.0
2026-08-03T04:11:24Z,1804712026-08-02,18047,2026-08-02,SCHEDULED,300,5.0
2026-08-03T04:11:24Z,1806812026-08-02,18068,2026-08-02,SCHEDULED,-120,-2.0
2026-08-03T04:11:24Z,0411422026-08-03,04114,2026-08-03,SCHEDULED,0,0.0
2026-08-03T04:11:24Z,0411412026-08-03,04114,2026-08-03,SCHEDULED,0,0.0
2026-08-03T04:11:24Z,1807112026-08-02,18071,2026-08-02,SCHEDULED,-60,-1.0
2026-08-03T04:11:24Z,0206112026-08-02,02061,2026-08-02,SCHEDULED,240,4.0
2026-08-03T04:11:24Z,1806612026-08-02,18066,2026-08-02,SCHEDULED,-60,-1.0
2026-08-03T04:11:24Z,0206312026-08-02,02063,2026-08-02,SCHEDULED,120,2.0
2026-08-03T04:11:24Z,1812012026-08-02,18120,2026-08-02,SCHEDULED,180,3.0
2026-08-03T04:11:24Z,1812112026-08-02,18121,2026-08-02,SCHEDULED,60,1.0
2026-08-03T04:11:24Z,1831012026-08-02,18310,2026-08-02,SCHEDULED,0,0.0
2026-08-03T04:11:24Z,3586912026-08-02,35869,2026-08-02,SCHEDULED,180,3.0
2026-08-03T04:11:24Z,0306242026-08-02,03062,2026-08-02,SCHEDULED,120,2.0
2026-08-03T04:11:24Z,0306232026-08-02,03062,2026-08-02,SCHEDULED,120,2.0
2026-08-03T04:11:24Z,0306212026-08-02,03062,2026-08-02,SCHEDULED,120,2.0
2026-08-03T04:11:24Z,0306222026-08-02,03062,2026-08-02,SCHEDULED,120,2.0
2026-08-03T04:11:24Z,1891012026-08-02,18910,2026-08-02,SCHEDULED,120,2.0
2026-08-03T04:11:24Z,1530912026-08-02,15309,2026-08-02,SCHEDULED,-60,-1.0
2026-08-03T04:11:24Z,0306242026-08-02,03062,2026-08-02,SCHEDULED,420,7.0
2026-08-03T04:11:24Z,0306232026-08-02,03062,2026-08-02,SCHEDULED,420,7.0
2026-08-03T04:11:24Z,0306212026-08-02,03062,2026-08-02,SCHEDULED,420,7.0
2026-08-03T04:11:24Z,0306222026-08-02,03062,2026-08-02,SCHEDULED,420,7.0
2026-08-03T04:11:24Z,1702112026-08-02,17021,2026-08-02,SCHEDULED,-1020,-17.0
2026-08-03T04:11:24Z,1702122026-08-02,17021,2026-08-02,SCHEDULED,-1020,-17.0
2026-08-03T04:11:24Z,1702132026-08-02,17021,2026-08-02,SCHEDULED,-1020,-17.0
2026-08-03T04:11:24Z,0406012026-08-02,04060,2026-08-02,SCHEDULED,60,1.0
2026-08-03T04:11:24Z,0947012026-08-02,09470,2026-08-02,SCHEDULED,-2340,-39.0
2026-08-03T04:11:24Z,1562012026-08-02,15620,2026-08-02,SCHEDULED,120,2.0
2026-08-03T04:11:24Z,0415422026-08-02,04154,2026-08-02,SCHEDULED,180,3.0
2026-08-03T04:11:24Z,0415412026-08-02,04154,2026-08-02,SCHEDULED,180,3.0
2026-08-03T04:11:24Z,0506312026-08-02,05063,2026-08-02,SCHEDULED,0,0.0
2026-08-03T04:11:24Z,1562112026-08-02,15621,2026-08-02,SCHEDULED,0,0.0
2026-08-03T04:11:24Z,0587112026-08-02,05871,2026-08-02,SCHEDULED,240,4.0
2026-08-03T04:11:24Z,1251212026-08-02,12512,2026-08-02,SCHEDULED,60,1.0
2026-08-03T04:11:24Z,0807212026-08-02,08072,2026-08-02,SCHEDULED,-240,-4.0
2026-08-03T04:11:24Z,0906112026-08-02,09061,2026-08-02,SCHEDULED,120,2.0
2026-08-03T04:11:24Z,1722112026-08-02,17221,2026-08-02,CANCELED,,
2026-08-03T04:11:24Z,3749222026-08-02,37492,2026-08-02,CANCELED,,
2026-08-03T04:11:24Z,3749212026-08-02,37492,2026-08-02,CANCELED,,
2026-08-03T04:11:24Z,3822112026-08-02,38221,2026-08-02,CANCELED,,
2026-08-03T04:11:24Z,1260712026-08-02,12607,2026-08-02,CANCELED,,
2026-08-03T04:11:24Z,1307912026-08-02,13079,2026-08-02,CANCELED,,
2026-08-03T04:11:24Z,1390412026-08-02,13904,2026-08-02,CANCELED,,
2026-08-03T04:11:24Z,1810222026-08-02,18102,2026-08-02,CANCELED,,
2026-08-03T04:11:24Z,1810232026-08-02,18102,2026-08-02,CANCELED,,
2026-08-03T04:11:24Z,1810242026-08-02,18102,2026-08-02,CANCELED,,
2026-08-03T04:11:24Z,3890412026-08-02,38904,2026-08-02,CANCELED,,
2026-08-03T04:11:24Z,1565712026-08-02,15657,2026-08-02,CANCELED,,
2026-08-03T04:11:24Z,1705212026-08-02,17052,2026-08-02,CANCELED,,
2026-08-03T04:11:24Z,1721812026-08-02,17218,2026-08-02,CANCELED,,
2026-08-03T04:11:24Z,0407222026-08-03,04072,2026-08-03,CANCELED,,
2026-08-03T04:11:24Z,0407212026-08-03,04072,2026-08-03,CANCELED,,
2026-08-03T04:11:24Z,3821812026-08-02,38218,2026-08-02,CANCELED,,
2026-08-03T04:11:24Z,3707212026-08-03,37072,2026-08-03,CANCELED,,
2026-08-03T04:11:24Z,1260812026-08-02,12608,2026-08-02,CANCELED,,
2026-08-03T04:11:24Z,0029522026-08-03,00295,2026-08-03,CANCELED,,
2026-08-03T04:11:24Z,0029512026-08-03,00295,2026-08-03,CANCELED,,
2026-08-03T04:11:24Z,1810132026-08-02,18101,2026-08-02,CANCELED,,
2026-08-03T04:11:24Z,1810142026-08-02,18101,2026-08-02,CANCELED,,
2026-08-03T04:11:24Z,1810152026-08-02,18101,2026-08-02,CANCELED,,
2026-08-03T04:11:24Z,7187212026-08-02,71872,2026-08-02,CANCELED,,
2026-08-03T04:11:24Z,3709522026-08-02,37095,2026-08-02,CANCELED,,
2026-08-03T04:11:24Z,3709512026-08-02,37095,2026-08-02,CANCELED,,
2026-08-03T04:11:24Z,3739512026-08-02,37395,2026-08-02,CANCELED,,
2026-08-03T04:11:24Z,1810512026-08-02,18105,2026-08-02,CANCELED,,
2026-08-03T04:11:24Z,3810512026-08-02,38105,2026-08-02,CANCELED,,
2026-08-03T04:11:24Z,0019222026-08-03,00192,2026-08-03,CANCELED,,
2026-08-03T04:11:24Z,0019212026-08-03,00192,2026-08-03,CANCELED,,
2026-08-03T04:11:24Z,1821412026-08-02,18214,2026-08-02,CANCELED,,
2026-08-03T04:11:24Z,3739212026-08-02,37392,2026-08-02,CANCELED,,
2026-08-03T04:11:24Z,1821512026-08-02,18215,2026-08-02,CANCELED,,
2026-08-03T04:16:32Z,1565012026-08-02,15650,2026-08-02,SCHEDULED,-60,-1.0
2026-08-03T04:16:32Z,0906112026-08-02,09061,2026-08-02,SCHEDULED,60,1.0
2026-08-03T04:16:32Z,1572012026-08-02,15720,2026-08-02,SCHEDULED,120,2.0
2026-08-03T04:16:32Z,0405612026-08-03,04056,2026-08-03,SCHEDULED,60,1.0
2026-08-03T04:16:32Z,1577212026-08-02,15772,2026-08-02,SCHEDULED,0,0.0
2026-08-03T04:16:32Z,1241112026-08-02,12411,2026-08-02,SCHEDULED,-60,-1.0
2026-08-03T04:16:32Z,1710612026-08-02,17106,2026-08-02,SCHEDULED,120,2.0
2026-08-03T04:16:32Z,1268912026-08-02,12689,2026-08-02,SCHEDULED,180,3.0
2026-08-03T04:16:32Z,1770712026-08-02,17707,2026-08-02,SCHEDULED,60,1.0
2026-08-03T04:16:32Z,1300112026-08-02,13001,2026-08-02,SCHEDULED,180,3.0
2026-08-03T04:16:32Z,1320112026-08-02,13201,2026-08-02,SCHEDULED,0,0.0
2026-08-03T04:16:32Z,1802412026-08-02,18024,2026-08-02,SCHEDULED,180,3.0
2026-08-03T04:16:32Z,1320212026-08-02,13202,2026-08-02,SCHEDULED,0,0.0
2026-08-03T04:16:32Z,1803112026-08-02,18031,2026-08-02,SCHEDULED,0,0.0
2026-08-03T04:16:32Z,1500012026-08-02,15000,2026-08-02,SCHEDULED,120,2.0
2026-08-03T04:16:32Z,1804112026-08-02,18041,2026-08-02,SCHEDULED,180,3.0
2026-08-03T04:16:32Z,1500212026-08-02,15002,2026-08-02,SCHEDULED,0,0.0
2026-08-03T04:16:32Z,1804612026-08-02,18046,2026-08-02,SCHEDULED,60,1.0
2026-08-03T04:16:32Z,1505112026-08-02,15051,2026-08-02,SCHEDULED,-120,-2.0
2026-08-03T04:16:32Z,1804712026-08-02,18047,2026-08-02,SCHEDULED,360,6.0
2026-08-03T04:16:32Z,1808412026-08-02,18084,2026-08-02,SCHEDULED,60,1.0
2026-08-03T04:16:32Z,0411422026-08-03,04114,2026-08-03,SCHEDULED,120,2.0
2026-08-03T04:16:32Z,0411412026-08-03,04114,2026-08-03,SCHEDULED,120,2.0
2026-08-03T04:16:32Z,0206112026-08-02,02061,2026-08-02,SCHEDULED,240,4.0
2026-08-03T04:16:32Z,1806812026-08-02,18068,2026-08-02,SCHEDULED,0,0.0
2026-08-03T04:16:32Z,1807112026-08-02,18071,2026-08-02,SCHEDULED,-60,-1.0
2026-08-03T04:16:32Z,0206312026-08-02,02063,2026-08-02,SCHEDULED,120,2.0
2026-08-03T04:16:32Z,1806612026-08-02,18066,2026-08-02,SCHEDULED,0,0.0
2026-08-03T04:16:32Z,0206712026-08-02,02067,2026-08-02,SCHEDULED,0,0.0
2026-08-03T04:16:32Z,1812012026-08-02,18120,2026-08-02,SCHEDULED,60,1.0
2026-08-03T04:16:32Z,1831012026-08-02,18310,2026-08-02,SCHEDULED,-60,-1.0
2026-08-03T04:16:32Z,3586912026-08-02,35869,2026-08-02,SCHEDULED,120,2.0
2026-08-03T04:16:32Z,1891012026-08-02,18910,2026-08-02,SCHEDULED,120,2.0
2026-08-03T04:16:32Z,0306242026-08-02,03062,2026-08-02,SCHEDULED,180,3.0
2026-08-03T04:16:32Z,0306232026-08-02,03062,2026-08-02,SCHEDULED,180,3.0
2026-08-03T04:16:32Z,0306212026-08-02,03062,2026-08-02,SCHEDULED,180,3.0
2026-08-03T04:16:32Z,0306222026-08-02,03062,2026-08-02,SCHEDULED,180,3.0
2026-08-03T04:16:32Z,1530912026-08-02,15309,2026-08-02,SCHEDULED,0,0.0
2026-08-03T04:16:32Z,0306242026-08-02,03062,2026-08-02,SCHEDULED,480,8.0
2026-08-03T04:16:32Z,0306232026-08-02,03062,2026-08-02,SCHEDULED,480,8.0
2026-08-03T04:16:32Z,0306212026-08-02,03062,2026-08-02,SCHEDULED,480,8.0
2026-08-03T04:16:32Z,0306222026-08-02,03062,2026-08-02,SCHEDULED,480,8.0
2026-08-03T04:16:32Z,1702112026-08-02,17021,2026-08-02,SCHEDULED,-1020,-17.0
2026-08-03T04:16:32Z,1702122026-08-02,17021,2026-08-02,SCHEDULED,-1020,-17.0
2026-08-03T04:16:32Z,1702132026-08-02,17021,2026-08-02,SCHEDULED,-1020,-17.0
2026-08-03T04:16:32Z,0406012026-08-02,04060,2026-08-02,SCHEDULED,-120,-2.0
2026-08-03T04:16:32Z,0947012026-08-02,09470,2026-08-02,SCHEDULED,-2340,-39.0
2026-08-03T04:16:32Z,1562012026-08-02,15620,2026-08-02,SCHEDULED,120,2.0
2026-08-03T04:16:32Z,0446412026-08-02,04464,2026-08-02,SCHEDULED,60,1.0
2026-08-03T04:16:32Z,1562112026-08-02,15621,2026-08-02,SCHEDULED,0,0.0
2026-08-03T04:16:32Z,0415422026-08-02,04154,2026-08-02,SCHEDULED,120,2.0
2026-08-03T04:16:32Z,0415412026-08-02,04154,2026-08-02,SCHEDULED,120,2.0
2026-08-03T04:16:32Z,1251212026-08-02,12512,2026-08-02,SCHEDULED,0,0.0
2026-08-03T04:16:32Z,0506312026-08-02,05063,2026-08-02,SCHEDULED,60,1.0
2026-08-03T04:16:32Z,0587112026-08-02,05871,2026-08-02,SCHEDULED,300,5.0
2026-08-03T04:16:32Z,0807212026-08-02,08072,2026-08-02,SCHEDULED,0,0.0
2026-08-03T04:16:32Z,1722112026-08-02,17221,2026-08-02,CANCELED,,
2026-08-03T04:16:32Z,3749222026-08-02,37492,2026-08-02,CANCELED,,
2026-08-03T04:16:32Z,3749212026-08-02,37492,2026-08-02,CANCELED,,
2026-08-03T04:16:32Z,3822112026-08-02,38221,2026-08-02,CANCELED,,
2026-08-03T04:16:32Z,1260712026-08-02,12607,2026-08-02,CANCELED,,
2026-08-03T04:16:32Z,1307912026-08-02,13079,2026-08-02,CANCELED,,
2026-08-03T04:16:32Z,1390412026-08-02,13904,2026-08-02,CANCELED,,
2026-08-03T04:16:32Z,1810222026-08-02,18102,2026-08-02,CANCELED,,
2026-08-03T04:16:32Z,1810232026-08-02,18102,2026-08-02,CANCELED,,
2026-08-03T04:16:32Z,1810242026-08-02,18102,2026-08-02,CANCELED,,
2026-08-03T04:16:32Z,3890412026-08-02,38904,2026-08-02,CANCELED,,
2026-08-03T04:16:32Z,1565712026-08-02,15657,2026-08-02,CANCELED,,
2026-08-03T04:16:32Z,1705212026-08-02,17052,2026-08-02,CANCELED,,
2026-08-03T04:16:32Z,1721812026-08-02,17218,2026-08-02,CANCELED,,
2026-08-03T04:16:32Z,0407222026-08-03,04072,2026-08-03,CANCELED,,
2026-08-03T04:16:32Z,0407212026-08-03,04072,2026-08-03,CANCELED,,
2026-08-03T04:16:32Z,3821812026-08-02,38218,2026-08-02,CANCELED,,
2026-08-03T04:16:32Z,3707212026-08-03,37072,2026-08-03,CANCELED,,
2026-08-03T04:16:32Z,1260812026-08-02,12608,2026-08-02,CANCELED,,
2026-08-03T04:16:32Z,0029522026-08-03,00295,2026-08-03,CANCELED,,
2026-08-03T04:16:32Z,0029512026-08-03,00295,2026-08-03,CANCELED,,
2026-08-03T04:16:32Z,1810132026-08-02,18101,2026-08-02,CANCELED,,
2026-08-03T04:16:32Z,1810142026-08-02,18101,2026-08-02,CANCELED,,
2026-08-03T04:16:32Z,1810152026-08-02,18101,2026-08-02,CANCELED,,
2026-08-03T04:16:32Z,3709522026-08-02,37095,2026-08-02,CANCELED,,
2026-08-03T04:16:32Z,3709512026-08-02,37095,2026-08-02,CANCELED,,
2026-08-03T04:16:32Z,7187212026-08-02,71872,2026-08-02,CANCELED,,
2026-08-03T04:16:32Z,3739512026-08-02,37395,2026-08-02,CANCELED,,
2026-08-03T04:16:32Z,1810512026-08-02,18105,2026-08-02,CANCELED,,
2026-08-03T04:16:32Z,0019222026-08-03,00192,2026-08-03,CANCELED,,
2026-08-03T04:16:32Z,0019212026-08-03,00192,2026-08-03,CANCELED,,
2026-08-03T04:16:32Z,3810512026-08-02,38105,2026-08-02,CANCELED,,
2026-08-03T04:16:32Z,3739212026-08-02,37392,2026-08-02,CANCELED,,
2026-08-03T04:16:32Z,1821412026-08-02,18214,2026-08-02,CANCELED,,
2026-08-03T04:16:32Z,1821512026-08-02,18215,2026-08-02,CANCELED,,
2026-08-03T04:21:23Z,1572012026-08-02,15720,2026-08-02,SCHEDULED,120,2.0
2026-08-03T04:21:23Z,0906112026-08-02,09061,2026-08-02,SCHEDULED,0,0.0
2026-08-03T04:21:23Z,1577012026-08-02,15770,2026-08-02,SCHEDULED,240,4.0
2026-08-03T04:21:23Z,0405612026-08-03,04056,2026-08-03,SCHEDULED,-120,-2.0
2026-08-03T04:21:23Z,1577212026-08-02,15772,2026-08-02,SCHEDULED,0,0.0
2026-08-03T04:21:23Z,1241112026-08-02,12411,2026-08-02,SCHEDULED,-60,-1.0
2026-08-03T04:21:23Z,1261112026-08-02,12611,2026-08-02,SCHEDULED,0,0.0
2026-08-03T04:21:23Z,1710612026-08-02,17106,2026-08-02,SCHEDULED,120,2.0
2026-08-03T04:21:23Z,1770712026-08-02,17707,2026-08-02,SCHEDULED,60,1.0
2026-08-03T04:21:23Z,1268912026-08-02,12689,2026-08-02,SCHEDULED,420,7.0
2026-08-03T04:21:23Z,1300112026-08-02,13001,2026-08-02,SCHEDULED,180,3.0
2026-08-03T04:21:23Z,1802412026-08-02,18024,2026-08-02,SCHEDULED,120,2.0
2026-08-03T04:21:23Z,1320112026-08-02,13201,2026-08-02,SCHEDULED,0,0.0
2026-08-03T04:21:23Z,1803112026-08-02,18031,2026-08-02,SCHEDULED,0,0.0
2026-08-03T04:21:23Z,1320212026-08-02,13202,2026-08-02,SCHEDULED,60,1.0
2026-08-03T04:21:23Z,1804112026-08-02,18041,2026-08-02,SCHEDULED,180,3.0
2026-08-03T04:21:23Z,1500012026-08-02,15000,2026-08-02,SCHEDULED,120,2.0
2026-08-03T04:21:23Z,1804612026-08-02,18046,2026-08-02,SCHEDULED,180,3.0
2026-08-03T04:21:23Z,1500212026-08-02,15002,2026-08-02,SCHEDULED,0,0.0
2026-08-03T04:21:23Z,1505112026-08-02,15051,2026-08-02,SCHEDULED,0,0.0
2026-08-03T04:21:23Z,1804712026-08-02,18047,2026-08-02,SCHEDULED,360,6.0
2026-08-03T04:21:23Z,1565012026-08-02,15650,2026-08-02,SCHEDULED,-60,-1.0
2026-08-03T04:21:23Z,1808412026-08-02,18084,2026-08-02,SCHEDULED,60,1.0
2026-08-03T04:21:23Z,1806812026-08-02,18068,2026-08-02,SCHEDULED,60,1.0
2026-08-03T04:21:23Z,0411422026-08-03,04114,2026-08-03,SCHEDULED,120,2.0
2026-08-03T04:21:23Z,0411412026-08-03,04114,2026-08-03,SCHEDULED,120,2.0
2026-08-03T04:21:23Z,1807112026-08-02,18071,2026-08-02,SCHEDULED,-60,-1.0
2026-08-03T04:21:23Z,0206112026-08-02,02061,2026-08-02,SCHEDULED,240,4.0
2026-08-03T04:21:23Z,1530912026-08-02,15309,2026-08-02,SCHEDULED,0,0.0
2026-08-03T04:21:23Z,0206312026-08-02,02063,2026-08-02,SCHEDULED,120,2.0
2026-08-03T04:21:23Z,1447012026-08-02,14470,2026-08-02,SCHEDULED,0,0.0
2026-08-03T04:21:23Z,0206712026-08-02,02067,2026-08-02,SCHEDULED,0,0.0
2026-08-03T04:21:23Z,1702112026-08-02,17021,2026-08-02,SCHEDULED,-1020,-17.0
2026-08-03T04:21:23Z,1702122026-08-02,17021,2026-08-02,SCHEDULED,-1020,-17.0
2026-08-03T04:21:23Z,1702132026-08-02,17021,2026-08-02,SCHEDULED,-1020,-17.0
2026-08-03T04:21:23Z,0947012026-08-02,09470,2026-08-02,SCHEDULED,-2340,-39.0
2026-08-03T04:21:23Z,1562012026-08-02,15620,2026-08-02,SCHEDULED,120,2.0
2026-08-03T04:21:23Z,0306242026-08-02,03062,2026-08-02,SCHEDULED,180,3.0
2026-08-03T04:21:23Z,0306232026-08-02,03062,2026-08-02,SCHEDULED,180,3.0
2026-08-03T04:21:23Z,0306212026-08-02,03062,2026-08-02,SCHEDULED,180,3.0
2026-08-03T04:21:23Z,0306222026-08-02,03062,2026-08-02,SCHEDULED,180,3.0
2026-08-03T04:21:23Z,1562112026-08-02,15621,2026-08-02,SCHEDULED,0,0.0
2026-08-03T04:21:23Z,1251212026-08-02,12512,2026-08-02,SCHEDULED,60,1.0
2026-08-03T04:21:23Z,1807212026-08-02,18072,2026-08-02,SCHEDULED,0,0.0
2026-08-03T04:21:23Z,0306242026-08-02,03062,2026-08-02,SCHEDULED,480,8.0
2026-08-03T04:21:23Z,0306232026-08-02,03062,2026-08-02,SCHEDULED,480,8.0
2026-08-03T04:21:23Z,0306212026-08-02,03062,2026-08-02,SCHEDULED,480,8.0
2026-08-03T04:21:23Z,0306222026-08-02,03062,2026-08-02,SCHEDULED,480,8.0
2026-08-03T04:21:23Z,1806612026-08-02,18066,2026-08-02,SCHEDULED,60,1.0
2026-08-03T04:21:23Z,0406012026-08-02,04060,2026-08-02,SCHEDULED,60,1.0
2026-08-03T04:21:23Z,1812012026-08-02,18120,2026-08-02,SCHEDULED,60,1.0
2026-08-03T04:21:23Z,0446412026-08-02,04464,2026-08-02,SCHEDULED,60,1.0
2026-08-03T04:21:23Z,1812112026-08-02,18121,2026-08-02,SCHEDULED,-120,-2.0
2026-08-03T04:21:23Z,1831012026-08-02,18310,2026-08-02,SCHEDULED,-120,-2.0
2026-08-03T04:21:23Z,0415422026-08-02,04154,2026-08-02,SCHEDULED,120,2.0
2026-08-03T04:21:23Z,0415412026-08-02,04154,2026-08-02,SCHEDULED,120,2.0
2026-08-03T04:21:23Z,3586912026-08-02,35869,2026-08-02,SCHEDULED,120,2.0
2026-08-03T04:21:23Z,0506312026-08-02,05063,2026-08-02,SCHEDULED,120,2.0
2026-08-03T04:21:23Z,1891012026-08-02,18910,2026-08-02,SCHEDULED,120,2.0
2026-08-03T04:21:23Z,0566812026-08-02,05668,2026-08-02,SCHEDULED,120,2.0
2026-08-03T04:21:23Z,0587112026-08-02,05871,2026-08-02,SCHEDULED,300,5.0
2026-08-03T04:21:23Z,0807212026-08-02,08072,2026-08-02,SCHEDULED,0,0.0
2026-08-03T04:21:23Z,1705212026-08-02,17052,2026-08-02,CANCELED,,
2026-08-03T04:21:23Z,1721812026-08-02,17218,2026-08-02,CANCELED,,
2026-08-03T04:21:23Z,3821812026-08-02,38218,2026-08-02,CANCELED,,
2026-08-03T04:21:23Z,1722112026-08-02,17221,2026-08-02,CANCELED,,
2026-08-03T04:21:23Z,3822112026-08-02,38221,2026-08-02,CANCELED,,
2026-08-03T04:21:23Z,1821512026-08-02,18215,2026-08-02,CANCELED,,
2026-08-03T04:21:23Z,1260812026-08-02,12608,2026-08-02,CANCELED,,
2026-08-03T04:21:23Z,1810132026-08-02,18101,2026-08-02,CANCELED,,
2026-08-03T04:21:23Z,1810142026-08-02,18101,2026-08-02,CANCELED,,
2026-08-03T04:21:23Z,1810152026-08-02,18101,2026-08-02,CANCELED,,
2026-08-03T04:21:23Z,3749222026-08-02,37492,2026-08-02,CANCELED,,
2026-08-03T04:21:23Z,3749212026-08-02,37492,2026-08-02,CANCELED,,
2026-08-03T04:21:23Z,1260712026-08-02,12607,2026-08-02,CANCELED,,
2026-08-03T04:21:23Z,1307912026-08-02,13079,2026-08-02,CANCELED,,
2026-08-03T04:21:23Z,1390412026-08-02,13904,2026-08-02,CANCELED,,
2026-08-03T04:21:23Z,3890412026-08-02,38904,2026-08-02,CANCELED,,
2026-08-03T04:21:23Z,1565712026-08-02,15657,2026-08-02,CANCELED,,
2026-08-03T04:21:23Z,0407222026-08-03,04072,2026-08-03,CANCELED,,
2026-08-03T04:21:23Z,0407212026-08-03,04072,2026-08-03,CANCELED,,
2026-08-03T04:21:23Z,3707212026-08-03,37072,2026-08-03,CANCELED,,
2026-08-03T04:21:23Z,0029522026-08-03,00295,2026-08-03,CANCELED,,
2026-08-03T04:21:23Z,0029512026-08-03,00295,2026-08-03,CANCELED,,
2026-08-03T04:21:23Z,3709522026-08-02,37095,2026-08-02,CANCELED,,
2026-08-03T04:21:23Z,3709512026-08-02,37095,2026-08-02,CANCELED,,
2026-08-03T04:21:23Z,3739512026-08-02,37395,2026-08-02,CANCELED,,
2026-08-03T04:21:23Z,0019222026-08-03,00192,2026-08-03,CANCELED,,
2026-08-03T04:21:23Z,0019212026-08-03,00192,2026-08-03,CANCELED,,
2026-08-03T04:21:23Z,3739212026-08-02,37392,2026-08-02,CANCELED,,
2026-08-03T04:21:23Z,1810222026-08-02,18102,2026-08-02,CANCELED,,
2026-08-03T04:21:23Z,1810232026-08-02,18102,2026-08-02,CANCELED,,
2026-08-03T04:21:23Z,1810242026-08-02,18102,2026-08-02,CANCELED,,
2026-08-03T04:21:23Z,1810512026-08-02,18105,2026-08-02,CANCELED,,
2026-08-03T04:21:23Z,3810512026-08-02,38105,2026-08-02,CANCELED,,
2026-08-03T04:21:23Z,1821412026-08-02,18214,2026-08-02,CANCELED,,
2026-08-03T04:26:16Z,0807512026-08-02,08075,2026-08-02,SCHEDULED,240,4.0
2026-08-03T04:26:16Z,1565012026-08-02,15650,2026-08-02,SCHEDULED,-60,-1.0
2026-08-03T04:26:16Z,0807212026-08-02,08072,2026-08-02,SCHEDULED,0,0.0
2026-08-03T04:26:16Z,1572012026-08-02,15720,2026-08-02,SCHEDULED,120,2.0
2026-08-03T04:26:16Z,0906112026-08-02,09061,2026-08-02,SCHEDULED,0,0.0
2026-08-03T04:26:16Z,1575112026-08-02,15751,2026-08-02,SCHEDULED,-60,-1.0
2026-08-03T04:26:16Z,1577012026-08-02,15770,2026-08-02,SCHEDULED,240,4.0
2026-08-03T04:26:16Z,0429522026-08-02,04295,2026-08-02,SCHEDULED,60,1.0
2026-08-03T04:26:16Z,0429512026-08-02,04295,2026-08-02,SCHEDULED,60,1.0
2026-08-03T04:26:16Z,1577212026-08-02,15772,2026-08-02,SCHEDULED,0,0.0
2026-08-03T04:26:16Z,0405612026-08-03,04056,2026-08-03,SCHEDULED,-120,-2.0
2026-08-03T04:26:16Z,1710612026-08-02,17106,2026-08-02,SCHEDULED,120,2.0
2026-08-03T04:26:16Z,1241112026-08-02,12411,2026-08-02,SCHEDULED,-60,-1.0
2026-08-03T04:26:16Z,1770312026-08-02,17703,2026-08-02,SCHEDULED,0,0.0
2026-08-03T04:26:16Z,1261112026-08-02,12611,2026-08-02,SCHEDULED,0,0.0
2026-08-03T04:26:16Z,1770712026-08-02,17707,2026-08-02,SCHEDULED,0,0.0
2026-08-03T04:26:16Z,1268912026-08-02,12689,2026-08-02,SCHEDULED,420,7.0
2026-08-03T04:26:16Z,1300112026-08-02,13001,2026-08-02,SCHEDULED,180,3.0
2026-08-03T04:26:16Z,1802412026-08-02,18024,2026-08-02,SCHEDULED,240,4.0
2026-08-03T04:26:16Z,1395112026-08-02,13951,2026-08-02,SCHEDULED,60,1.0
2026-08-03T04:26:16Z,1803112026-08-02,18031,2026-08-02,SCHEDULED,0,0.0
2026-08-03T04:26:16Z,1320112026-08-02,13201,2026-08-02,SCHEDULED,0,0.0
2026-08-03T04:26:16Z,1804112026-08-02,18041,2026-08-02,SCHEDULED,120,2.0
2026-08-03T04:26:16Z,1320212026-08-02,13202,2026-08-02,SCHEDULED,180,3.0
2026-08-03T04:26:16Z,1804612026-08-02,18046,2026-08-02,SCHEDULED,240,4.0
2026-08-03T04:26:16Z,1500012026-08-02,15000,2026-08-02,SCHEDULED,240,4.0
2026-08-03T04:26:16Z,1804712026-08-02,18047,2026-08-02,SCHEDULED,360,6.0
2026-08-03T04:26:16Z,1500212026-08-02,15002,2026-08-02,SCHEDULED,-120,-2.0
2026-08-03T04:26:16Z,1806812026-08-02,18068,2026-08-02,SCHEDULED,120,2.0
2026-08-03T04:26:16Z,1505112026-08-02,15051,2026-08-02,SCHEDULED,0,0.0
2026-08-03T04:26:16Z,1807112026-08-02,18071,2026-08-02,SCHEDULED,0,0.0
2026-08-03T04:26:16Z,0411422026-08-03,04114,2026-08-03,SCHEDULED,120,2.0
2026-08-03T04:26:16Z,0411412026-08-03,04114,2026-08-03,SCHEDULED,120,2.0
2026-08-03T04:26:16Z,1807212026-08-02,18072,2026-08-02,SCHEDULED,60,1.0
2026-08-03T04:26:16Z,0206112026-08-02,02061,2026-08-02,SCHEDULED,240,4.0
2026-08-03T04:26:16Z,1806612026-08-02,18066,2026-08-02,SCHEDULED,-120,-2.0
2026-08-03T04:26:16Z,0206312026-08-02,02063,2026-08-02,SCHEDULED,120,2.0
2026-08-03T04:26:16Z,1812012026-08-02,18120,2026-08-02,SCHEDULED,60,1.0
2026-08-03T04:26:16Z,0206712026-08-02,02067,2026-08-02,SCHEDULED,60,1.0
2026-08-03T04:26:16Z,1812112026-08-02,18121,2026-08-02,SCHEDULED,-60,-1.0
2026-08-03T04:26:16Z,1831012026-08-02,18310,2026-08-02,SCHEDULED,-60,-1.0
2026-08-03T04:26:16Z,3586912026-08-02,35869,2026-08-02,SCHEDULED,120,2.0
2026-08-03T04:26:16Z,1891012026-08-02,18910,2026-08-02,SCHEDULED,120,2.0
2026-08-03T04:26:16Z,0306242026-08-02,03062,2026-08-02,SCHEDULED,180,3.0
2026-08-03T04:26:16Z,0306232026-08-02,03062,2026-08-02,SCHEDULED,180,3.0
2026-08-03T04:26:16Z,0306212026-08-02,03062,2026-08-02,SCHEDULED,180,3.0
2026-08-03T04:26:16Z,0306222026-08-02,03062,2026-08-02,SCHEDULED,180,3.0
2026-08-03T04:26:16Z,1530912026-08-02,15309,2026-08-02,SCHEDULED,0,0.0
2026-08-03T04:26:16Z,1503112026-08-02,15031,2026-08-02,SCHEDULED,60,1.0
2026-08-03T04:26:16Z,1447012026-08-02,14470,2026-08-02,SCHEDULED,0,0.0
2026-08-03T04:26:16Z,0306242026-08-02,03062,2026-08-02,SCHEDULED,480,8.0
2026-08-03T04:26:16Z,0306232026-08-02,03062,2026-08-02,SCHEDULED,480,8.0
2026-08-03T04:26:16Z,0306212026-08-02,03062,2026-08-02,SCHEDULED,480,8.0
2026-08-03T04:26:16Z,0306222026-08-02,03062,2026-08-02,SCHEDULED,480,8.0
2026-08-03T04:26:16Z,1702112026-08-02,17021,2026-08-02,SCHEDULED,-1020,-17.0
2026-08-03T04:26:16Z,1702122026-08-02,17021,2026-08-02,SCHEDULED,-1020,-17.0
2026-08-03T04:26:16Z,1702132026-08-02,17021,2026-08-02,SCHEDULED,-1020,-17.0
2026-08-03T04:26:16Z,0366222026-08-02,03662,2026-08-02,SCHEDULED,60,1.0
2026-08-03T04:26:16Z,0366212026-08-02,03662,2026-08-02,SCHEDULED,60,1.0
2026-08-03T04:26:16Z,0947012026-08-02,09470,2026-08-02,SCHEDULED,-420,-7.0
2026-08-03T04:26:16Z,0406012026-08-02,04060,2026-08-02,SCHEDULED,60,1.0
2026-08-03T04:26:16Z,1562012026-08-02,15620,2026-08-02,SCHEDULED,120,2.0
2026-08-03T04:26:16Z,0408822026-08-03,04088,2026-08-03,SCHEDULED,0,0.0
2026-08-03T04:26:16Z,1562112026-08-02,15621,2026-08-02,SCHEDULED,0,0.0
2026-08-03T04:26:16Z,0446412026-08-02,04464,2026-08-02,SCHEDULED,120,2.0
2026-08-03T04:26:16Z,1563012026-08-02,15630,2026-08-02,SCHEDULED,0,0.0
2026-08-03T04:26:16Z,0415422026-08-02,04154,2026-08-02,SCHEDULED,60,1.0
2026-08-03T04:26:16Z,0415412026-08-02,04154,2026-08-02,SCHEDULED,60,1.0
2026-08-03T04:26:16Z,1703012026-08-02,17030,2026-08-02,SCHEDULED,120,2.0
2026-08-03T04:26:16Z,1251212026-08-02,12512,2026-08-02,SCHEDULED,60,1.0
2026-08-03T04:26:16Z,0486822026-08-03,04868,2026-08-03,SCHEDULED,0,0.0
2026-08-03T04:26:16Z,0486812026-08-03,04868,2026-08-03,SCHEDULED,0,0.0
2026-08-03T04:26:16Z,0506312026-08-02,05063,2026-08-02,SCHEDULED,120,2.0
2026-08-03T04:26:16Z,0566812026-08-02,05668,2026-08-02,SCHEDULED,240,4.0
2026-08-03T04:26:16Z,0587112026-08-02,05871,2026-08-02,SCHEDULED,360,6.0
2026-08-03T04:26:16Z,0805812026-08-02,08058,2026-08-02,SCHEDULED,0,0.0
2026-08-03T04:26:16Z,3749222026-08-02,37492,2026-08-02,CANCELED,,
2026-08-03T04:26:16Z,3749212026-08-02,37492,2026-08-02,CANCELED,,
2026-08-03T04:26:16Z,1705212026-08-02,17052,2026-08-02,CANCELED,,
2026-08-03T04:26:16Z,1260712026-08-02,12607,2026-08-02,CANCELED,,
2026-08-03T04:26:16Z,1721812026-08-02,17218,2026-08-02,CANCELED,,
2026-08-03T04:26:16Z,1307912026-08-02,13079,2026-08-02,CANCELED,,
2026-08-03T04:26:16Z,3821812026-08-02,38218,2026-08-02,CANCELED,,
2026-08-03T04:26:16Z,1390412026-08-02,13904,2026-08-02,CANCELED,,
2026-08-03T04:26:16Z,1722112026-08-02,17221,2026-08-02,CANCELED,,
2026-08-03T04:26:16Z,3890412026-08-02,38904,2026-08-02,CANCELED,,
2026-08-03T04:26:16Z,3822112026-08-02,38221,2026-08-02,CANCELED,,
2026-08-03T04:26:16Z,1565712026-08-02,15657,2026-08-02,CANCELED,,
2026-08-03T04:26:16Z,1821512026-08-02,18215,2026-08-02,CANCELED,,
2026-08-03T04:26:16Z,1260812026-08-02,12608,2026-08-02,CANCELED,,
2026-08-03T04:26:16Z,0407222026-08-03,04072,2026-08-03,CANCELED,,
2026-08-03T04:26:16Z,0407212026-08-03,04072,2026-08-03,CANCELED,,
2026-08-03T04:26:16Z,3707212026-08-03,37072,2026-08-03,CANCELED,,
2026-08-03T04:26:16Z,1810132026-08-02,18101,2026-08-02,CANCELED,,
2026-08-03T04:26:16Z,1810142026-08-02,18101,2026-08-02,CANCELED,,
2026-08-03T04:26:16Z,1810152026-08-02,18101,2026-08-02,CANCELED,,
2026-08-03T04:26:16Z,0029522026-08-03,00295,2026-08-03,CANCELED,,
2026-08-03T04:26:16Z,0029512026-08-03,00295,2026-08-03,CANCELED,,
2026-08-03T04:26:16Z,3709522026-08-02,37095,2026-08-02,CANCELED,,
2026-08-03T04:26:16Z,3709512026-08-02,37095,2026-08-02,CANCELED,,
2026-08-03T04:26:16Z,1810222026-08-02,18102,2026-08-02,CANCELED,,
2026-08-03T04:26:16Z,1810232026-08-02,18102,2026-08-02,CANCELED,,
2026-08-03T04:26:16Z,1810242026-08-02,18102,2026-08-02,CANCELED,,
2026-08-03T04:26:16Z,3739512026-08-02,37395,2026-08-02,CANCELED,,
2026-08-03T04:26:16Z,1810512026-08-02,18105,2026-08-02,CANCELED,,
2026-08-03T04:26:16Z,0019222026-08-03,00192,2026-08-03,CANCELED,,
2026-08-03T04:26:16Z,0019212026-08-03,00192,2026-08-03,CANCELED,,
2026-08-03T04:26:16Z,3810512026-08-02,38105,2026-08-02,CANCELED,,
2026-08-03T04:26:16Z,3739212026-08-02,37392,2026-08-02,CANCELED,,
2026-08-03T04:26:16Z,1821412026-08-02,18214,2026-08-02,CANCELED,,
2026-08-03T04:31:35Z,1710612026-08-02,17106,2026-08-02,SCHEDULED,120,2.0
2026-08-03T04:31:35Z,0806312026-08-02,08063,2026-08-02,SCHEDULED,60,1.0
2026-08-03T04:31:35Z,1770312026-08-02,17703,2026-08-02,SCHEDULED,0,0.0
2026-08-03T04:31:35Z,0807512026-08-02,08075,2026-08-02,SCHEDULED,240,4.0
2026-08-03T04:31:35Z,1770712026-08-02,17707,2026-08-02,SCHEDULED,60,1.0
2026-08-03T04:31:35Z,0826012026-08-02,08260,2026-08-02,SCHEDULED,0,0.0
2026-08-03T04:31:35Z,0847512026-08-02,08475,2026-08-02,SCHEDULED,240,4.0
2026-08-03T04:31:35Z,1802412026-08-02,18024,2026-08-02,SCHEDULED,180,3.0
2026-08-03T04:31:35Z,0865412026-08-02,08654,2026-08-02,SCHEDULED,300,5.0
2026-08-03T04:31:35Z,1803112026-08-02,18031,2026-08-02,SCHEDULED,0,0.0
2026-08-03T04:31:35Z,0807212026-08-02,08072,2026-08-02,SCHEDULED,-60,-1.0
2026-08-03T04:31:35Z,1804112026-08-02,18041,2026-08-02,SCHEDULED,120,2.0
2026-08-03T04:31:35Z,0906112026-08-02,09061,2026-08-02,SCHEDULED,0,0.0
2026-08-03T04:31:35Z,1804612026-08-02,18046,2026-08-02,SCHEDULED,300,5.0
2026-08-03T04:31:35Z,0429522026-08-02,04295,2026-08-02,SCHEDULED,60,1.0
2026-08-03T04:31:35Z,0429512026-08-02,04295,2026-08-02,SCHEDULED,60,1.0
2026-08-03T04:31:35Z,1804712026-08-02,18047,2026-08-02,SCHEDULED,240,4.0
2026-08-03T04:31:35Z,1805412026-08-02,18054,2026-08-02,SCHEDULED,0,0.0
2026-08-03T04:31:35Z,1806812026-08-02,18068,2026-08-02,SCHEDULED,180,3.0
2026-08-03T04:31:35Z,0576312026-08-02,05763,2026-08-02,SCHEDULED,0,0.0
2026-08-03T04:31:35Z,0576322026-08-02,05763,2026-08-02,SCHEDULED,0,0.0
2026-08-03T04:31:35Z,0576332026-08-02,05763,2026-08-02,SCHEDULED,0,0.0
2026-08-03T04:31:35Z,1505112026-08-02,15051,2026-08-02,SCHEDULED,0,0.0
2026-08-03T04:31:35Z,0405612026-08-03,04056,2026-08-03,SCHEDULED,-120,-2.0
2026-08-03T04:31:35Z,1564612026-08-02,15646,2026-08-02,SCHEDULED,0,0.0
2026-08-03T04:31:35Z,1565012026-08-02,15650,2026-08-02,SCHEDULED,0,0.0
2026-08-03T04:31:35Z,1241112026-08-02,12411,2026-08-02,SCHEDULED,120,2.0
2026-08-03T04:31:35Z,1572012026-08-02,15720,2026-08-02,SCHEDULED,0,0.0
2026-08-03T04:31:35Z,1261112026-08-02,12611,2026-08-02,SCHEDULED,0,0.0
2026-08-03T04:31:35Z,1268912026-08-02,12689,2026-08-02,SCHEDULED,480,8.0
2026-08-03T04:31:35Z,1575112026-08-02,15751,2026-08-02,SCHEDULED,-60,-1.0
2026-08-03T04:31:35Z,1300112026-08-02,13001,2026-08-02,SCHEDULED,180,3.0
2026-08-03T04:31:35Z,1577012026-08-02,15770,2026-08-02,SCHEDULED,240,4.0
2026-08-03T04:31:35Z,1577212026-08-02,15772,2026-08-02,SCHEDULED,180,3.0
2026-08-03T04:31:35Z,1395112026-08-02,13951,2026-08-02,SCHEDULED,60,1.0
2026-08-03T04:31:35Z,1590012026-08-02,15900,2026-08-02,SCHEDULED,660,11.0
2026-08-03T04:31:35Z,1320112026-08-02,13201,2026-08-02,SCHEDULED,0,0.0
2026-08-03T04:31:35Z,1320212026-08-02,13202,2026-08-02,SCHEDULED,240,4.0
2026-08-03T04:31:35Z,1530912026-08-02,15309,2026-08-02,SCHEDULED,120,2.0
2026-08-03T04:31:35Z,1503112026-08-02,15031,2026-08-02,SCHEDULED,0,0.0
2026-08-03T04:31:35Z,1500012026-08-02,15000,2026-08-02,SCHEDULED,240,4.0
2026-08-03T04:31:35Z,1447012026-08-02,14470,2026-08-02,SCHEDULED,0,0.0
2026-08-03T04:31:35Z,1500212026-08-02,15002,2026-08-02,SCHEDULED,0,0.0
2026-08-03T04:31:35Z,0411422026-08-03,04114,2026-08-03,SCHEDULED,-60,-1.0
2026-08-03T04:31:35Z,0411412026-08-03,04114,2026-08-03,SCHEDULED,-60,-1.0
2026-08-03T04:31:35Z,1702112026-08-02,17021,2026-08-02,SCHEDULED,120,2.0
2026-08-03T04:31:35Z,1702122026-08-02,17021,2026-08-02,SCHEDULED,120,2.0
2026-08-03T04:31:35Z,1702132026-08-02,17021,2026-08-02,SCHEDULED,120,2.0
2026-08-03T04:31:35Z,0947012026-08-02,09470,2026-08-02,SCHEDULED,0,0.0
2026-08-03T04:31:35Z,0075222026-08-03,00752,2026-08-03,SCHEDULED,0,0.0
2026-08-03T04:31:35Z,0075212026-08-03,00752,2026-08-03,SCHEDULED,0,0.0
2026-08-03T04:31:35Z,1562012026-08-02,15620,2026-08-02,SCHEDULED,240,4.0
2026-08-03T04:31:35Z,0206112026-08-02,02061,2026-08-02,SCHEDULED,240,4.0
2026-08-03T04:31:35Z,0206312026-08-02,02063,2026-08-02,SCHEDULED,240,4.0
2026-08-03T04:31:35Z,1562112026-08-02,15621,2026-08-02,SCHEDULED,0,0.0
2026-08-03T04:31:35Z,0206712026-08-02,02067,2026-08-02,SCHEDULED,60,1.0
2026-08-03T04:31:35Z,1563012026-08-02,15630,2026-08-02,SCHEDULED,0,0.0
2026-08-03T04:31:35Z,1703012026-08-02,17030,2026-08-02,SCHEDULED,120,2.0
2026-08-03T04:31:35Z,1251212026-08-02,12512,2026-08-02,SCHEDULED,60,1.0
2026-08-03T04:31:35Z,1807112026-08-02,18071,2026-08-02,SCHEDULED,120,2.0
2026-08-03T04:31:35Z,0306242026-08-02,03062,2026-08-02,SCHEDULED,180,3.0
2026-08-03T04:31:35Z,0306232026-08-02,03062,2026-08-02,SCHEDULED,180,3.0
2026-08-03T04:31:35Z,0306212026-08-02,03062,2026-08-02,SCHEDULED,180,3.0
2026-08-03T04:31:35Z,0306222026-08-02,03062,2026-08-02,SCHEDULED,180,3.0
2026-08-03T04:31:35Z,1807212026-08-02,18072,2026-08-02,SCHEDULED,0,0.0
2026-08-03T04:31:35Z,1806612026-08-02,18066,2026-08-02,SCHEDULED,120,2.0
2026-08-03T04:31:35Z,1812012026-08-02,18120,2026-08-02,SCHEDULED,120,2.0
2026-08-03T04:31:35Z,1812112026-08-02,18121,2026-08-02,SCHEDULED,0,0.0
2026-08-03T04:31:35Z,0306242026-08-02,03062,2026-08-02,SCHEDULED,480,8.0
2026-08-03T04:31:35Z,0306232026-08-02,03062,2026-08-02,SCHEDULED,480,8.0
2026-08-03T04:31:35Z,0306212026-08-02,03062,2026-08-02,SCHEDULED,480,8.0
2026-08-03T04:31:35Z,0306222026-08-02,03062,2026-08-02,SCHEDULED,480,8.0
2026-08-03T04:31:35Z,1831012026-08-02,18310,2026-08-02,SCHEDULED,-120,-2.0
2026-08-03T04:31:35Z,3586912026-08-02,35869,2026-08-02,SCHEDULED,60,1.0
2026-08-03T04:31:35Z,0331112026-08-02,03311,2026-08-02,SCHEDULED,0,0.0
2026-08-03T04:31:35Z,0331122026-08-02,03311,2026-08-02,SCHEDULED,0,0.0
2026-08-03T04:31:35Z,0331132026-08-02,03311,2026-08-02,SCHEDULED,0,0.0
2026-08-03T04:31:35Z,1891012026-08-02,18910,2026-08-02,SCHEDULED,180,3.0
2026-08-03T04:31:35Z,1443312026-08-02,14433,2026-08-02,SCHEDULED,720,12.0
2026-08-03T04:31:35Z,0366222026-08-02,03662,2026-08-02,SCHEDULED,60,1.0
2026-08-03T04:31:35Z,0366212026-08-02,03662,2026-08-02,SCHEDULED,60,1.0
2026-08-03T04:31:35Z,0406012026-08-02,04060,2026-08-02,SCHEDULED,180,3.0
2026-08-03T04:31:35Z,0408822026-08-03,04088,2026-08-03,SCHEDULED,0,0.0
2026-08-03T04:31:35Z,0446412026-08-02,04464,2026-08-02,SCHEDULED,120,2.0
2026-08-03T04:31:35Z,0415422026-08-02,04154,2026-08-02,SCHEDULED,60,1.0
2026-08-03T04:31:35Z,0415412026-08-02,04154,2026-08-02,SCHEDULED,60,1.0
2026-08-03T04:31:35Z,0486822026-08-03,04868,2026-08-03,SCHEDULED,0,0.0
2026-08-03T04:31:35Z,0486812026-08-03,04868,2026-08-03,SCHEDULED,0,0.0
2026-08-03T04:31:35Z,0506312026-08-02,05063,2026-08-02,SCHEDULED,0,0.0
2026-08-03T04:31:35Z,0566812026-08-02,05668,2026-08-02,SCHEDULED,60,1.0
2026-08-03T04:31:35Z,0587112026-08-02,05871,2026-08-02,SCHEDULED,420,7.0
2026-08-03T04:31:35Z,0805812026-08-02,08058,2026-08-02,SCHEDULED,0,0.0
2026-08-03T04:31:35Z,3749222026-08-02,37492,2026-08-02,CANCELED,,
2026-08-03T04:31:35Z,3749212026-08-02,37492,2026-08-02,CANCELED,,
2026-08-03T04:31:35Z,1705212026-08-02,17052,2026-08-02,CANCELED,,
2026-08-03T04:31:35Z,1260712026-08-02,12607,2026-08-02,CANCELED,,
2026-08-03T04:31:35Z,1721812026-08-02,17218,2026-08-02,CANCELED,,
2026-08-03T04:31:35Z,1307912026-08-02,13079,2026-08-02,CANCELED,,
2026-08-03T04:31:35Z,3821812026-08-02,38218,2026-08-02,CANCELED,,
2026-08-03T04:31:35Z,1390412026-08-02,13904,2026-08-02,CANCELED,,
2026-08-03T04:31:35Z,1722112026-08-02,17221,2026-08-02,CANCELED,,
2026-08-03T04:31:35Z,3890412026-08-02,38904,2026-08-02,CANCELED,,
2026-08-03T04:31:35Z,3822112026-08-02,38221,2026-08-02,CANCELED,,
2026-08-03T04:31:35Z,1565712026-08-02,15657,2026-08-02,CANCELED,,
2026-08-03T04:31:35Z,1821512026-08-02,18215,2026-08-02,CANCELED,,
2026-08-03T04:31:35Z,1260812026-08-02,12608,2026-08-02,CANCELED,,
2026-08-03T04:31:35Z,0407222026-08-03,04072,2026-08-03,CANCELED,,
2026-08-03T04:31:35Z,0407212026-08-03,04072,2026-08-03,CANCELED,,
2026-08-03T04:31:35Z,3707212026-08-03,37072,2026-08-03,CANCELED,,
2026-08-03T04:31:35Z,1810132026-08-02,18101,2026-08-02,CANCELED,,
2026-08-03T04:31:35Z,1810142026-08-02,18101,2026-08-02,CANCELED,,
2026-08-03T04:31:35Z,1810152026-08-02,18101,2026-08-02,CANCELED,,
2026-08-03T04:31:35Z,0029522026-08-03,00295,2026-08-03,CANCELED,,
2026-08-03T04:31:35Z,0029512026-08-03,00295,2026-08-03,CANCELED,,
2026-08-03T04:31:35Z,3709522026-08-02,37095,2026-08-02,CANCELED,,
2026-08-03T04:31:35Z,3709512026-08-02,37095,2026-08-02,CANCELED,,
2026-08-03T04:31:35Z,1810222026-08-02,18102,2026-08-02,CANCELED,,
2026-08-03T04:31:35Z,1810232026-08-02,18102,2026-08-02,CANCELED,,
2026-08-03T04:31:35Z,1810242026-08-02,18102,2026-08-02,CANCELED,,
2026-08-03T04:31:35Z,3739512026-08-02,37395,2026-08-02,CANCELED,,
2026-08-03T04:31:35Z,1810512026-08-02,18105,2026-08-02,CANCELED,,
2026-08-03T04:31:35Z,3810512026-08-02,38105,2026-08-02,CANCELED,,
2026-08-03T04:31:35Z,0019222026-08-03,00192,2026-08-03,CANCELED,,
2026-08-03T04:31:35Z,0019212026-08-03,00192,2026-08-03,CANCELED,,
2026-08-03T04:31:35Z,3739212026-08-02,37392,2026-08-02,CANCELED,,
2026-08-03T04:31:35Z,1821412026-08-02,18214,2026-08-02,CANCELED,,
2026-08-03T04:36:23Z,0805812026-08-02,08058,2026-08-02,SCHEDULED,0,0.0
2026-08-03T04:36:23Z,1320212026-08-02,13202,2026-08-02,SCHEDULED,240,4.0
2026-08-03T04:36:23Z,0806312026-08-02,08063,2026-08-02,SCHEDULED,300,5.0
2026-08-03T04:36:23Z,1500012026-08-02,15000,2026-08-02,SCHEDULED,240,4.0
2026-08-03T04:36:23Z,0807512026-08-02,08075,2026-08-02,SCHEDULED,240,4.0
2026-08-03T04:36:23Z,1500212026-08-02,15002,2026-08-02,SCHEDULED,0,0.0
2026-08-03T04:36:23Z,0826012026-08-02,08260,2026-08-02,SCHEDULED,0,0.0
2026-08-03T04:36:23Z,1505112026-08-02,15051,2026-08-02,SCHEDULED,180,3.0
2026-08-03T04:36:23Z,0826112026-08-02,08261,2026-08-02,SCHEDULED,240,4.0
2026-08-03T04:36:23Z,1564612026-08-02,15646,2026-08-02,SCHEDULED,60,1.0
2026-08-03T04:36:23Z,0847512026-08-02,08475,2026-08-02,SCHEDULED,240,4.0
2026-08-03T04:36:23Z,1565012026-08-02,15650,2026-08-02,SCHEDULED,0,0.0
2026-08-03T04:36:23Z,0865412026-08-02,08654,2026-08-02,SCHEDULED,240,4.0
2026-08-03T04:36:23Z,1572012026-08-02,15720,2026-08-02,SCHEDULED,0,0.0
2026-08-03T04:36:23Z,0807212026-08-02,08072,2026-08-02,SCHEDULED,-60,-1.0
2026-08-03T04:36:23Z,1575112026-08-02,15751,2026-08-02,SCHEDULED,-60,-1.0
2026-08-03T04:36:23Z,0906112026-08-02,09061,2026-08-02,SCHEDULED,0,0.0
2026-08-03T04:36:23Z,1577012026-08-02,15770,2026-08-02,SCHEDULED,240,4.0
2026-08-03T04:36:23Z,1577212026-08-02,15772,2026-08-02,SCHEDULED,180,3.0
2026-08-03T04:36:23Z,0907222026-08-02,09072,2026-08-02,SCHEDULED,0,0.0
2026-08-03T04:36:23Z,0907212026-08-02,09072,2026-08-02,SCHEDULED,0,0.0
2026-08-03T04:36:23Z,1590012026-08-02,15900,2026-08-02,SCHEDULED,780,13.0
2026-08-03T04:36:23Z,1710612026-08-02,17106,2026-08-02,SCHEDULED,0,0.0
2026-08-03T04:36:23Z,0429522026-08-02,04295,2026-08-02,SCHEDULED,-120,-2.0
2026-08-03T04:36:23Z,0429512026-08-02,04295,2026-08-02,SCHEDULED,-120,-2.0
2026-08-03T04:36:23Z,1710012026-08-02,17100,2026-08-02,SCHEDULED,60,1.0
2026-08-03T04:36:23Z,1770312026-08-02,17703,2026-08-02,SCHEDULED,0,0.0
2026-08-03T04:36:23Z,1770712026-08-02,17707,2026-08-02,SCHEDULED,60,1.0
2026-08-03T04:36:23Z,0576312026-08-02,05763,2026-08-02,SCHEDULED,0,0.0
2026-08-03T04:36:23Z,0576322026-08-02,05763,2026-08-02,SCHEDULED,0,0.0
2026-08-03T04:36:23Z,0576332026-08-02,05763,2026-08-02,SCHEDULED,0,0.0
2026-08-03T04:36:23Z,1802412026-08-02,18024,2026-08-02,SCHEDULED,180,3.0
2026-08-03T04:36:23Z,0405612026-08-03,04056,2026-08-03,SCHEDULED,-120,-2.0
2026-08-03T04:36:23Z,1803112026-08-02,18031,2026-08-02,SCHEDULED,-180,-3.0
2026-08-03T04:36:23Z,1241112026-08-02,12411,2026-08-02,SCHEDULED,120,2.0
2026-08-03T04:36:23Z,1804112026-08-02,18041,2026-08-02,SCHEDULED,120,2.0
2026-08-03T04:36:23Z,1261112026-08-02,12611,2026-08-02,SCHEDULED,0,0.0
2026-08-03T04:36:23Z,1804612026-08-02,18046,2026-08-02,SCHEDULED,240,4.0
2026-08-03T04:36:23Z,1268912026-08-02,12689,2026-08-02,SCHEDULED,420,7.0
2026-08-03T04:36:23Z,1804712026-08-02,18047,2026-08-02,SCHEDULED,0,0.0
2026-08-03T04:36:23Z,1300112026-08-02,13001,2026-08-02,SCHEDULED,180,3.0
2026-08-03T04:36:23Z,1530912026-08-02,15309,2026-08-02,SCHEDULED,60,1.0
2026-08-03T04:36:23Z,1304112026-08-02,13041,2026-08-02,SCHEDULED,60,1.0
2026-08-03T04:36:23Z,1503022026-08-02,15030,2026-08-02,SCHEDULED,-60,-1.0
2026-08-03T04:36:23Z,1308412026-08-02,13084,2026-08-02,SCHEDULED,1020,17.0
2026-08-03T04:36:23Z,1503112026-08-02,15031,2026-08-02,SCHEDULED,0,0.0
2026-08-03T04:36:23Z,1395112026-08-02,13951,2026-08-02,SCHEDULED,60,1.0
2026-08-03T04:36:23Z,1447012026-08-02,14470,2026-08-02,SCHEDULED,60,1.0
2026-08-03T04:36:23Z,1320112026-08-02,13201,2026-08-02,SCHEDULED,60,1.0
2026-08-03T04:36:23Z,0411422026-08-03,04114,2026-08-03,SCHEDULED,-240,-4.0
2026-08-03T04:36:23Z,0411412026-08-03,04114,2026-08-03,SCHEDULED,-240,-4.0
2026-08-03T04:36:23Z,1702112026-08-02,17021,2026-08-02,SCHEDULED,120,2.0
2026-08-03T04:36:23Z,1702122026-08-02,17021,2026-08-02,SCHEDULED,120,2.0
2026-08-03T04:36:23Z,1702132026-08-02,17021,2026-08-02,SCHEDULED,120,2.0
2026-08-03T04:36:23Z,0075222026-08-03,00752,2026-08-03,SCHEDULED,120,2.0
2026-08-03T04:36:23Z,0075212026-08-03,00752,2026-08-03,SCHEDULED,120,2.0
2026-08-03T04:36:23Z,0947012026-08-02,09470,2026-08-02,SCHEDULED,0,0.0
2026-08-03T04:36:23Z,1562012026-08-02,15620,2026-08-02,SCHEDULED,240,4.0
2026-08-03T04:36:23Z,0075222026-08-03,00752,2026-08-03,SCHEDULED,-60,-1.0
2026-08-03T04:36:23Z,0075212026-08-03,00752,2026-08-03,SCHEDULED,-60,-1.0
2026-08-03T04:36:23Z,0107212026-08-02,01072,2026-08-02,SCHEDULED,60,1.0
2026-08-03T04:36:23Z,1562112026-08-02,15621,2026-08-02,SCHEDULED,120,2.0
2026-08-03T04:36:23Z,0206112026-08-02,02061,2026-08-02,SCHEDULED,240,4.0
2026-08-03T04:36:23Z,1563012026-08-02,15630,2026-08-02,SCHEDULED,60,1.0
2026-08-03T04:36:23Z,0206312026-08-02,02063,2026-08-02,SCHEDULED,60,1.0
2026-08-03T04:36:23Z,1703012026-08-02,17030,2026-08-02,SCHEDULED,120,2.0
2026-08-03T04:36:23Z,0206712026-08-02,02067,2026-08-02,SCHEDULED,60,1.0
2026-08-03T04:36:23Z,1251212026-08-02,12512,2026-08-02,SCHEDULED,0,0.0
2026-08-03T04:36:23Z,1805412026-08-02,18054,2026-08-02,SCHEDULED,0,0.0
2026-08-03T04:36:23Z,1806812026-08-02,18068,2026-08-02,SCHEDULED,180,3.0
2026-08-03T04:36:23Z,1807112026-08-02,18071,2026-08-02,SCHEDULED,0,0.0
2026-08-03T04:36:23Z,0306242026-08-02,03062,2026-08-02,SCHEDULED,180,3.0
2026-08-03T04:36:23Z,0306232026-08-02,03062,2026-08-02,SCHEDULED,180,3.0
2026-08-03T04:36:23Z,0306212026-08-02,03062,2026-08-02,SCHEDULED,180,3.0
2026-08-03T04:36:23Z,0306222026-08-02,03062,2026-08-02,SCHEDULED,180,3.0
2026-08-03T04:36:23Z,1807212026-08-02,18072,2026-08-02,SCHEDULED,0,0.0
2026-08-03T04:36:23Z,1806612026-08-02,18066,2026-08-02,SCHEDULED,120,2.0
2026-08-03T04:36:23Z,1812012026-08-02,18120,2026-08-02,SCHEDULED,0,0.0
2026-08-03T04:36:23Z,1812112026-08-02,18121,2026-08-02,SCHEDULED,0,0.0
2026-08-03T04:36:23Z,1831012026-08-02,18310,2026-08-02,SCHEDULED,-120,-2.0
2026-08-03T04:36:23Z,0306242026-08-02,03062,2026-08-02,SCHEDULED,540,9.0
2026-08-03T04:36:23Z,0306232026-08-02,03062,2026-08-02,SCHEDULED,540,9.0
2026-08-03T04:36:23Z,0306212026-08-02,03062,2026-08-02,SCHEDULED,540,9.0
2026-08-03T04:36:23Z,0306222026-08-02,03062,2026-08-02,SCHEDULED,540,9.0
2026-08-03T04:36:23Z,3586912026-08-02,35869,2026-08-02,SCHEDULED,60,1.0
2026-08-03T04:36:23Z,1891012026-08-02,18910,2026-08-02,SCHEDULED,180,3.0
2026-08-03T04:36:23Z,1443312026-08-02,14433,2026-08-02,SCHEDULED,840,14.0
2026-08-03T04:36:23Z,0331112026-08-02,03311,2026-08-02,SCHEDULED,0,0.0
2026-08-03T04:36:23Z,0331122026-08-02,03311,2026-08-02,SCHEDULED,0,0.0
2026-08-03T04:36:23Z,0331132026-08-02,03311,2026-08-02,SCHEDULED,0,0.0
2026-08-03T04:36:23Z,0366222026-08-02,03662,2026-08-02,SCHEDULED,60,1.0
2026-08-03T04:36:23Z,0366212026-08-02,03662,2026-08-02,SCHEDULED,60,1.0
2026-08-03T04:36:23Z,0406012026-08-02,04060,2026-08-02,SCHEDULED,300,5.0
2026-08-03T04:36:23Z,0408822026-08-03,04088,2026-08-03,SCHEDULED,0,0.0
2026-08-03T04:36:23Z,0446412026-08-02,04464,2026-08-02,SCHEDULED,60,1.0
2026-08-03T04:36:23Z,0415422026-08-02,04154,2026-08-02,SCHEDULED,60,1.0
2026-08-03T04:36:23Z,0415412026-08-02,04154,2026-08-02,SCHEDULED,60,1.0
2026-08-03T04:36:23Z,0486822026-08-03,04868,2026-08-03,SCHEDULED,0,0.0
2026-08-03T04:36:23Z,0486812026-08-03,04868,2026-08-03,SCHEDULED,0,0.0
2026-08-03T04:36:23Z,0506312026-08-02,05063,2026-08-02,SCHEDULED,0,0.0
2026-08-03T04:36:23Z,0506422026-08-02,05064,2026-08-02,SCHEDULED,180,3.0
2026-08-03T04:36:23Z,0506412026-08-02,05064,2026-08-02,SCHEDULED,180,3.0
2026-08-03T04:36:23Z,0506522026-08-02,05065,2026-08-02,SCHEDULED,60,1.0
2026-08-03T04:36:23Z,0506512026-08-02,05065,2026-08-02,SCHEDULED,60,1.0
2026-08-03T04:36:23Z,0566812026-08-02,05668,2026-08-02,SCHEDULED,120,2.0
2026-08-03T04:36:23Z,0587112026-08-02,05871,2026-08-02,SCHEDULED,360,6.0
2026-08-03T04:36:23Z,1565712026-08-02,15657,2026-08-02,CANCELED,,
2026-08-03T04:36:23Z,1705212026-08-02,17052,2026-08-02,CANCELED,,
2026-08-03T04:36:23Z,1721812026-08-02,17218,2026-08-02,CANCELED,,
2026-08-03T04:36:23Z,3821812026-08-02,38218,2026-08-02,CANCELED,,
2026-08-03T04:36:23Z,1722112026-08-02,17221,2026-08-02,CANCELED,,
2026-08-03T04:36:23Z,3822112026-08-02,38221,2026-08-02,CANCELED,,
2026-08-03T04:36:23Z,1810222026-08-02,18102,2026-08-02,CANCELED,,
2026-08-03T04:36:23Z,1810232026-08-02,18102,2026-08-02,CANCELED,,
2026-08-03T04:36:23Z,1810242026-08-02,18102,2026-08-02,CANCELED,,
2026-08-03T04:36:23Z,1810512026-08-02,18105,2026-08-02,CANCELED,,
2026-08-03T04:36:23Z,3810512026-08-02,38105,2026-08-02,CANCELED,,
2026-08-03T04:36:23Z,1821412026-08-02,18214,2026-08-02,CANCELED,,
2026-08-03T04:36:23Z,1821512026-08-02,18215,2026-08-02,CANCELED,,
2026-08-03T04:36:23Z,1260812026-08-02,12608,2026-08-02,CANCELED,,
2026-08-03T04:36:23Z,1810132026-08-02,18101,2026-08-02,CANCELED,,
2026-08-03T04:36:23Z,1810142026-08-02,18101,2026-08-02,CANCELED,,
2026-08-03T04:36:23Z,1810152026-08-02,18101,2026-08-02,CANCELED,,
2026-08-03T04:36:23Z,1261412026-08-02,12614,2026-08-02,CANCELED,,
2026-08-03T04:36:23Z,1260712026-08-02,12607,2026-08-02,CANCELED,,
2026-08-03T04:36:23Z,1260712026-08-02,12607,2026-08-02,CANCELED,,
2026-08-03T04:36:23Z,1307912026-08-02,13079,2026-08-02,CANCELED,,
2026-08-03T04:36:23Z,1390412026-08-02,13904,2026-08-02,CANCELED,,
2026-08-03T04:36:23Z,3890412026-08-02,38904,2026-08-02,CANCELED,,
2026-08-03T04:36:23Z,0407222026-08-03,04072,2026-08-03,CANCELED,,
2026-08-03T04:36:23Z,0407212026-08-03,04072,2026-08-03,CANCELED,,
2026-08-03T04:36:23Z,3707212026-08-03,37072,2026-08-03,CANCELED,,
2026-08-03T04:36:23Z,0029522026-08-03,00295,2026-08-03,CANCELED,,
2026-08-03T04:36:23Z,0029512026-08-03,00295,2026-08-03,CANCELED,,
2026-08-03T04:36:23Z,3709512026-08-02,37095,2026-08-02,CANCELED,,
2026-08-03T04:36:23Z,3709522026-08-02,37095,2026-08-02,CANCELED,,
2026-08-03T04:36:23Z,3739512026-08-02,37395,2026-08-02,CANCELED,,
2026-08-03T04:36:23Z,0019222026-08-03,00192,2026-08-03,CANCELED,,
2026-08-03T04:36:23Z,0019212026-08-03,00192,2026-08-03,CANCELED,,
2026-08-03T04:36:23Z,3739212026-08-02,37392,2026-08-02,CANCELED,,
2026-08-03T04:36:23Z,3749222026-08-02,37492,2026-08-02,CANCELED,,
2026-08-03T04:36:23Z,3749212026-08-02,37492,2026-08-02,CANCELED,,
2026-08-03T04:41:24Z,0806312026-08-02,08063,2026-08-02,SCHEDULED,240,4.0
2026-08-03T04:41:24Z,1320212026-08-02,13202,2026-08-02,SCHEDULED,240,4.0
2026-08-03T04:41:24Z,0807512026-08-02,08075,2026-08-02,SCHEDULED,540,9.0
2026-08-03T04:41:24Z,1500012026-08-02,15000,2026-08-02,SCHEDULED,420,7.0
2026-08-03T04:41:24Z,0826012026-08-02,08260,2026-08-02,SCHEDULED,180,3.0
2026-08-03T04:41:24Z,1500212026-08-02,15002,2026-08-02,SCHEDULED,60,1.0
2026-08-03T04:41:24Z,0826112026-08-02,08261,2026-08-02,SCHEDULED,300,5.0
2026-08-03T04:41:24Z,1505112026-08-02,15051,2026-08-02,SCHEDULED,180,3.0
2026-08-03T04:41:24Z,0847512026-08-02,08475,2026-08-02,SCHEDULED,120,2.0
2026-08-03T04:41:24Z,1521112026-08-02,15211,2026-08-02,SCHEDULED,0,0.0
2026-08-03T04:41:24Z,0865412026-08-02,08654,2026-08-02,SCHEDULED,60,1.0
2026-08-03T04:41:24Z,1564512026-08-02,15645,2026-08-02,SCHEDULED,0,0.0
2026-08-03T04:41:24Z,0866412026-08-02,08664,2026-08-02,SCHEDULED,0,0.0
2026-08-03T04:41:24Z,1564612026-08-02,15646,2026-08-02,SCHEDULED,120,2.0
2026-08-03T04:41:24Z,0807212026-08-02,08072,2026-08-02,SCHEDULED,-120,-2.0
2026-08-03T04:41:24Z,1565012026-08-02,15650,2026-08-02,SCHEDULED,0,0.0
2026-08-03T04:41:24Z,0906112026-08-02,09061,2026-08-02,SCHEDULED,0,0.0
2026-08-03T04:41:24Z,1572012026-08-02,15720,2026-08-02,SCHEDULED,-120,-2.0
2026-08-03T04:41:24Z,0906712026-08-02,09067,2026-08-02,SCHEDULED,0,0.0
2026-08-03T04:41:24Z,1575112026-08-02,15751,2026-08-02,SCHEDULED,0,0.0
2026-08-03T04:41:24Z,1577012026-08-02,15770,2026-08-02,SCHEDULED,240,4.0
2026-08-03T04:41:24Z,0907222026-08-02,09072,2026-08-02,SCHEDULED,0,0.0
2026-08-03T04:41:24Z,0907212026-08-02,09072,2026-08-02,SCHEDULED,0,0.0
2026-08-03T04:41:24Z,1577212026-08-02,15772,2026-08-02,SCHEDULED,60,1.0
2026-08-03T04:41:24Z,1590012026-08-02,15900,2026-08-02,SCHEDULED,720,12.0
2026-08-03T04:41:24Z,0029122026-08-03,00291,2026-08-03,SCHEDULED,0,0.0
2026-08-03T04:41:24Z,0029112026-08-03,00291,2026-08-03,SCHEDULED,0,0.0
2026-08-03T04:41:24Z,1710612026-08-02,17106,2026-08-02,SCHEDULED,0,0.0
2026-08-03T04:41:24Z,1710012026-08-02,17100,2026-08-02,SCHEDULED,120,2.0
2026-08-03T04:41:24Z,0429522026-08-02,04295,2026-08-02,SCHEDULED,-180,-3.0
2026-08-03T04:41:24Z,0429512026-08-02,04295,2026-08-02,SCHEDULED,-180,-3.0
2026-08-03T04:41:24Z,1770312026-08-02,17703,2026-08-02,SCHEDULED,-60,-1.0
2026-08-03T04:41:24Z,1770712026-08-02,17707,2026-08-02,SCHEDULED,0,0.0
2026-08-03T04:41:24Z,1802412026-08-02,18024,2026-08-02,SCHEDULED,360,6.0
2026-08-03T04:41:24Z,0576312026-08-02,05763,2026-08-02,SCHEDULED,-60,-1.0
2026-08-03T04:41:24Z,0576322026-08-02,05763,2026-08-02,SCHEDULED,-60,-1.0
2026-08-03T04:41:24Z,0576332026-08-02,05763,2026-08-02,SCHEDULED,-60,-1.0
2026-08-03T04:41:24Z,1803112026-08-02,18031,2026-08-02,SCHEDULED,-60,-1.0
2026-08-03T04:41:24Z,0405612026-08-03,04056,2026-08-03,SCHEDULED,-120,-2.0
2026-08-03T04:41:24Z,1804112026-08-02,18041,2026-08-02,SCHEDULED,120,2.0
2026-08-03T04:41:24Z,1241112026-08-02,12411,2026-08-02,SCHEDULED,120,2.0
2026-08-03T04:41:24Z,1804612026-08-02,18046,2026-08-02,SCHEDULED,300,5.0
2026-08-03T04:41:24Z,1261112026-08-02,12611,2026-08-02,SCHEDULED,60,1.0
2026-08-03T04:41:24Z,1268912026-08-02,12689,2026-08-02,SCHEDULED,420,7.0
2026-08-03T04:41:24Z,1804712026-08-02,18047,2026-08-02,SCHEDULED,60,1.0
2026-08-03T04:41:24Z,1300112026-08-02,13001,2026-08-02,SCHEDULED,240,4.0
2026-08-03T04:41:24Z,1805412026-08-02,18054,2026-08-02,SCHEDULED,0,0.0
2026-08-03T04:41:24Z,1304112026-08-02,13041,2026-08-02,SCHEDULED,-60,-1.0
2026-08-03T04:41:24Z,1806812026-08-02,18068,2026-08-02,SCHEDULED,180,3.0
2026-08-03T04:41:24Z,1308412026-08-02,13084,2026-08-02,SCHEDULED,1200,20.0
2026-08-03T04:41:24Z,1807112026-08-02,18071,2026-08-02,SCHEDULED,0,0.0
2026-08-03T04:41:24Z,1395112026-08-02,13951,2026-08-02,SCHEDULED,120,2.0
2026-08-03T04:41:24Z,1807212026-08-02,18072,2026-08-02,SCHEDULED,0,0.0
2026-08-03T04:41:24Z,1320112026-08-02,13201,2026-08-02,SCHEDULED,60,1.0
2026-08-03T04:41:24Z,1806612026-08-02,18066,2026-08-02,SCHEDULED,120,2.0
2026-08-03T04:41:24Z,1812012026-08-02,18120,2026-08-02,SCHEDULED,60,1.0
2026-08-03T04:41:24Z,0411422026-08-03,04114,2026-08-03,SCHEDULED,-180,-3.0
2026-08-03T04:41:24Z,0411412026-08-03,04114,2026-08-03,SCHEDULED,-180,-3.0
2026-08-03T04:41:24Z,1812112026-08-02,18121,2026-08-02,SCHEDULED,0,0.0
2026-08-03T04:41:24Z,1831012026-08-02,18310,2026-08-02,SCHEDULED,-120,-2.0
2026-08-03T04:41:24Z,0075222026-08-03,00752,2026-08-03,SCHEDULED,0,0.0
2026-08-03T04:41:24Z,0075212026-08-03,00752,2026-08-03,SCHEDULED,0,0.0
2026-08-03T04:41:24Z,3586912026-08-02,35869,2026-08-02,SCHEDULED,60,1.0
2026-08-03T04:41:24Z,1891012026-08-02,18910,2026-08-02,SCHEDULED,180,3.0
2026-08-03T04:41:24Z,0075222026-08-03,00752,2026-08-03,SCHEDULED,0,0.0
2026-08-03T04:41:24Z,0075212026-08-03,00752,2026-08-03,SCHEDULED,0,0.0
2026-08-03T04:41:24Z,1443312026-08-02,14433,2026-08-02,SCHEDULED,840,14.0
2026-08-03T04:41:24Z,0107212026-08-02,01072,2026-08-02,SCHEDULED,180,3.0
2026-08-03T04:41:24Z,1530912026-08-02,15309,2026-08-02,SCHEDULED,-60,-1.0
2026-08-03T04:41:24Z,0206112026-08-02,02061,2026-08-02,SCHEDULED,600,10.0
2026-08-03T04:41:24Z,1503022026-08-02,15030,2026-08-02,SCHEDULED,-120,-2.0
2026-08-03T04:41:24Z,0206312026-08-02,02063,2026-08-02,SCHEDULED,-120,-2.0
2026-08-03T04:41:24Z,1503112026-08-02,15031,2026-08-02,SCHEDULED,60,1.0
2026-08-03T04:41:24Z,0206712026-08-02,02067,2026-08-02,SCHEDULED,60,1.0
2026-08-03T04:41:24Z,1447012026-08-02,14470,2026-08-02,SCHEDULED,120,2.0
2026-08-03T04:41:24Z,0207512026-08-03,02075,2026-08-03,SCHEDULED,0,0.0
2026-08-03T04:41:24Z,1702112026-08-02,17021,2026-08-02,SCHEDULED,120,2.0
2026-08-03T04:41:24Z,1702122026-08-02,17021,2026-08-02,SCHEDULED,120,2.0
2026-08-03T04:41:24Z,1702132026-08-02,17021,2026-08-02,SCHEDULED,120,2.0
2026-08-03T04:41:24Z,1401812026-08-02,14018,2026-08-02,SCHEDULED,120,2.0
2026-08-03T04:41:24Z,0306242026-08-02,03062,2026-08-02,SCHEDULED,0,0.0
2026-08-03T04:41:24Z,0306232026-08-02,03062,2026-08-02,SCHEDULED,0,0.0
2026-08-03T04:41:24Z,0306212026-08-02,03062,2026-08-02,SCHEDULED,0,0.0
2026-08-03T04:41:24Z,0306222026-08-02,03062,2026-08-02,SCHEDULED,0,0.0
2026-08-03T04:41:24Z,0947012026-08-02,09470,2026-08-02,SCHEDULED,0,0.0
2026-08-03T04:41:24Z,1562012026-08-02,15620,2026-08-02,SCHEDULED,240,4.0
2026-08-03T04:41:24Z,1562112026-08-02,15621,2026-08-02,SCHEDULED,120,2.0
2026-08-03T04:41:24Z,0306242026-08-02,03062,2026-08-02,SCHEDULED,600,10.0
2026-08-03T04:41:24Z,0306232026-08-02,03062,2026-08-02,SCHEDULED,600,10.0
2026-08-03T04:41:24Z,0306212026-08-02,03062,2026-08-02,SCHEDULED,600,10.0
2026-08-03T04:41:24Z,0306222026-08-02,03062,2026-08-02,SCHEDULED,600,10.0
2026-08-03T04:41:24Z,1563012026-08-02,15630,2026-08-02,SCHEDULED,60,1.0
2026-08-03T04:41:24Z,1703012026-08-02,17030,2026-08-02,SCHEDULED,120,2.0
2026-08-03T04:41:24Z,1251212026-08-02,12512,2026-08-02,SCHEDULED,0,0.0
2026-08-03T04:41:24Z,0331112026-08-02,03311,2026-08-02,SCHEDULED,0,0.0
2026-08-03T04:41:24Z,0331122026-08-02,03311,2026-08-02,SCHEDULED,0,0.0
2026-08-03T04:41:24Z,0331132026-08-02,03311,2026-08-02,SCHEDULED,0,0.0
2026-08-03T04:41:24Z,0366222026-08-02,03662,2026-08-02,SCHEDULED,120,2.0
2026-08-03T04:41:24Z,0366212026-08-02,03662,2026-08-02,SCHEDULED,120,2.0
2026-08-03T04:41:24Z,0406012026-08-02,04060,2026-08-02,SCHEDULED,420,7.0
2026-08-03T04:41:24Z,0408822026-08-03,04088,2026-08-03,SCHEDULED,0,0.0
2026-08-03T04:41:24Z,0446412026-08-02,04464,2026-08-02,SCHEDULED,60,1.0
2026-08-03T04:41:24Z,0415422026-08-02,04154,2026-08-02,SCHEDULED,60,1.0
2026-08-03T04:41:24Z,0415412026-08-02,04154,2026-08-02,SCHEDULED,60,1.0
2026-08-03T04:41:24Z,0486822026-08-03,04868,2026-08-03,SCHEDULED,-60,-1.0
2026-08-03T04:41:24Z,0486812026-08-03,04868,2026-08-03,SCHEDULED,-60,-1.0
2026-08-03T04:41:24Z,0506312026-08-02,05063,2026-08-02,SCHEDULED,-60,-1.0
2026-08-03T04:41:24Z,0506422026-08-02,05064,2026-08-02,SCHEDULED,240,4.0
2026-08-03T04:41:24Z,0506412026-08-02,05064,2026-08-02,SCHEDULED,240,4.0
2026-08-03T04:41:24Z,0506522026-08-02,05065,2026-08-02,SCHEDULED,-120,-2.0
2026-08-03T04:41:24Z,0506512026-08-02,05065,2026-08-02,SCHEDULED,-120,-2.0
2026-08-03T04:41:24Z,0566812026-08-02,05668,2026-08-02,SCHEDULED,300,5.0
2026-08-03T04:41:24Z,0587112026-08-02,05871,2026-08-02,SCHEDULED,420,7.0
2026-08-03T04:41:24Z,0805812026-08-02,08058,2026-08-02,SCHEDULED,0,0.0
2026-08-03T04:41:24Z,1261412026-08-02,12614,2026-08-02,CANCELED,,
2026-08-03T04:41:24Z,1565712026-08-02,15657,2026-08-02,CANCELED,,
2026-08-03T04:41:24Z,1260712026-08-02,12607,2026-08-02,CANCELED,,
2026-08-03T04:41:24Z,1260712026-08-02,12607,2026-08-02,CANCELED,,
2026-08-03T04:41:24Z,1705212026-08-02,17052,2026-08-02,CANCELED,,
2026-08-03T04:41:24Z,1307912026-08-02,13079,2026-08-02,CANCELED,,
2026-08-03T04:41:24Z,1721812026-08-02,17218,2026-08-02,CANCELED,,
2026-08-03T04:41:24Z,1390412026-08-02,13904,2026-08-02,CANCELED,,
2026-08-03T04:41:24Z,3821812026-08-02,38218,2026-08-02,CANCELED,,
2026-08-03T04:41:24Z,3890412026-08-02,38904,2026-08-02,CANCELED,,
2026-08-03T04:41:24Z,1722112026-08-02,17221,2026-08-02,CANCELED,,
2026-08-03T04:41:24Z,3822112026-08-02,38221,2026-08-02,CANCELED,,
2026-08-03T04:41:24Z,0407222026-08-03,04072,2026-08-03,CANCELED,,
2026-08-03T04:41:24Z,0407212026-08-03,04072,2026-08-03,CANCELED,,
2026-08-03T04:41:24Z,3707212026-08-03,37072,2026-08-03,CANCELED,,
2026-08-03T04:41:24Z,1810222026-08-02,18102,2026-08-02,CANCELED,,
2026-08-03T04:41:24Z,1810232026-08-02,18102,2026-08-02,CANCELED,,
2026-08-03T04:41:24Z,1810242026-08-02,18102,2026-08-02,CANCELED,,
2026-08-03T04:41:24Z,0029522026-08-03,00295,2026-08-03,CANCELED,,
2026-08-03T04:41:24Z,0029512026-08-03,00295,2026-08-03,CANCELED,,
2026-08-03T04:41:24Z,1810512026-08-02,18105,2026-08-02,CANCELED,,
2026-08-03T04:41:24Z,3709522026-08-02,37095,2026-08-02,CANCELED,,
2026-08-03T04:41:24Z,3709512026-08-02,37095,2026-08-02,CANCELED,,
2026-08-03T04:41:24Z,3810512026-08-02,38105,2026-08-02,CANCELED,,
2026-08-03T04:41:24Z,3739512026-08-02,37395,2026-08-02,CANCELED,,
2026-08-03T04:41:24Z,1821412026-08-02,18214,2026-08-02,CANCELED,,
2026-08-03T04:41:24Z,1821512026-08-02,18215,2026-08-02,CANCELED,,
2026-08-03T04:41:24Z,0019222026-08-03,00192,2026-08-03,CANCELED,,
2026-08-03T04:41:24Z,0019212026-08-03,00192,2026-08-03,CANCELED,,
2026-08-03T04:41:24Z,1260812026-08-02,12608,2026-08-02,CANCELED,,
2026-08-03T04:41:24Z,3739212026-08-02,37392,2026-08-02,CANCELED,,
2026-08-03T04:41:24Z,3749222026-08-02,37492,2026-08-02,CANCELED,,
2026-08-03T04:41:24Z,3749212026-08-02,37492,2026-08-02,CANCELED,,
2026-08-03T04:41:24Z,1810142026-08-02,18101,2026-08-02,CANCELED,,
2026-08-03T04:41:24Z,1810132026-08-02,18101,2026-08-02,CANCELED,,
2026-08-03T04:41:24Z,1810152026-08-02,18101,2026-08-02,CANCELED,,
2026-08-03T04:46:25Z,0805812026-08-02,08058,2026-08-02,SCHEDULED,-60,-1.0
2026-08-03T04:46:25Z,1395112026-08-02,13951,2026-08-02,SCHEDULED,120,2.0
2026-08-03T04:46:25Z,0806312026-08-02,08063,2026-08-02,SCHEDULED,180,3.0
2026-08-03T04:46:25Z,1320112026-08-02,13201,2026-08-02,SCHEDULED,240,4.0
2026-08-03T04:46:25Z,0806812026-08-02,08068,2026-08-02,SCHEDULED,0,0.0
2026-08-03T04:46:25Z,1320212026-08-02,13202,2026-08-02,SCHEDULED,240,4.0
2026-08-03T04:46:25Z,0807512026-08-02,08075,2026-08-02,SCHEDULED,540,9.0
2026-08-03T04:46:25Z,1500012026-08-02,15000,2026-08-02,SCHEDULED,420,7.0
2026-08-03T04:46:25Z,0826012026-08-02,08260,2026-08-02,SCHEDULED,60,1.0
2026-08-03T04:46:25Z,1500212026-08-02,15002,2026-08-02,SCHEDULED,60,1.0
2026-08-03T04:46:25Z,0826112026-08-02,08261,2026-08-02,SCHEDULED,300,5.0
2026-08-03T04:46:25Z,1505112026-08-02,15051,2026-08-02,SCHEDULED,180,3.0
2026-08-03T04:46:25Z,0847512026-08-02,08475,2026-08-02,SCHEDULED,120,2.0
2026-08-03T04:46:25Z,1521112026-08-02,15211,2026-08-02,SCHEDULED,-180,-3.0
2026-08-03T04:46:25Z,0865412026-08-02,08654,2026-08-02,SCHEDULED,60,1.0
2026-08-03T04:46:25Z,1564512026-08-02,15645,2026-08-02,SCHEDULED,0,0.0
2026-08-03T04:46:25Z,0866412026-08-02,08664,2026-08-02,SCHEDULED,0,0.0
2026-08-03T04:46:25Z,1564612026-08-02,15646,2026-08-02,SCHEDULED,120,2.0
2026-08-03T04:46:25Z,0807212026-08-02,08072,2026-08-02,SCHEDULED,-120,-2.0
2026-08-03T04:46:25Z,1565012026-08-02,15650,2026-08-02,SCHEDULED,0,0.0
2026-08-03T04:46:25Z,0906112026-08-02,09061,2026-08-02,SCHEDULED,0,0.0
2026-08-03T04:46:25Z,1572012026-08-02,15720,2026-08-02,SCHEDULED,0,0.0
2026-08-03T04:46:25Z,0906712026-08-02,09067,2026-08-02,SCHEDULED,0,0.0
2026-08-03T04:46:25Z,1575112026-08-02,15751,2026-08-02,SCHEDULED,0,0.0
2026-08-03T04:46:25Z,1577012026-08-02,15770,2026-08-02,SCHEDULED,300,5.0
2026-08-03T04:46:25Z,0907222026-08-02,09072,2026-08-02,SCHEDULED,60,1.0
2026-08-03T04:46:25Z,0907212026-08-02,09072,2026-08-02,SCHEDULED,60,1.0
2026-08-03T04:46:25Z,1577212026-08-02,15772,2026-08-02,SCHEDULED,60,1.0
2026-08-03T04:46:25Z,1585012026-08-02,15850,2026-08-02,SCHEDULED,0,0.0
2026-08-03T04:46:25Z,0029122026-08-03,00291,2026-08-03,SCHEDULED,60,1.0
2026-08-03T04:46:25Z,0029112026-08-03,00291,2026-08-03,SCHEDULED,60,1.0
2026-08-03T04:46:25Z,1590012026-08-02,15900,2026-08-02,SCHEDULED,720,12.0
2026-08-03T04:46:25Z,1710612026-08-02,17106,2026-08-02,SCHEDULED,60,1.0
2026-08-03T04:46:25Z,0429522026-08-02,04295,2026-08-02,SCHEDULED,-180,-3.0
2026-08-03T04:46:25Z,0429512026-08-02,04295,2026-08-02,SCHEDULED,-180,-3.0
2026-08-03T04:46:25Z,1710012026-08-02,17100,2026-08-02,SCHEDULED,180,3.0
2026-08-03T04:46:25Z,1770312026-08-02,17703,2026-08-02,SCHEDULED,-60,-1.0
2026-08-03T04:46:25Z,1800112026-08-02,18001,2026-08-02,SCHEDULED,0,0.0
2026-08-03T04:46:25Z,0576312026-08-02,05763,2026-08-02,SCHEDULED,0,0.0
2026-08-03T04:46:25Z,0576322026-08-02,05763,2026-08-02,SCHEDULED,0,0.0
2026-08-03T04:46:25Z,0576332026-08-02,05763,2026-08-02,SCHEDULED,0,0.0
2026-08-03T04:46:25Z,1802412026-08-02,18024,2026-08-02,SCHEDULED,120,2.0
2026-08-03T04:46:25Z,0405612026-08-03,04056,2026-08-03,SCHEDULED,-120,-2.0
2026-08-03T04:46:25Z,1803112026-08-02,18031,2026-08-02,SCHEDULED,-60,-1.0
2026-08-03T04:46:25Z,0407312026-08-03,04073,2026-08-03,SCHEDULED,180,3.0
2026-08-03T04:46:25Z,1804112026-08-02,18041,2026-08-02,SCHEDULED,120,2.0
2026-08-03T04:46:25Z,1241112026-08-02,12411,2026-08-02,SCHEDULED,360,6.0
2026-08-03T04:46:25Z,1804612026-08-02,18046,2026-08-02,SCHEDULED,300,5.0
2026-08-03T04:46:25Z,1261112026-08-02,12611,2026-08-02,SCHEDULED,60,1.0
2026-08-03T04:46:25Z,1268912026-08-02,12689,2026-08-02,SCHEDULED,420,7.0
2026-08-03T04:46:25Z,1804712026-08-02,18047,2026-08-02,SCHEDULED,-180,-3.0
2026-08-03T04:46:25Z,1300112026-08-02,13001,2026-08-02,SCHEDULED,240,4.0
2026-08-03T04:46:25Z,1805412026-08-02,18054,2026-08-02,SCHEDULED,0,0.0
2026-08-03T04:46:25Z,1303012026-08-02,13030,2026-08-02,SCHEDULED,180,3.0
2026-08-03T04:46:25Z,1806812026-08-02,18068,2026-08-02,SCHEDULED,480,8.0
2026-08-03T04:46:25Z,1304112026-08-02,13041,2026-08-02,SCHEDULED,60,1.0
2026-08-03T04:46:25Z,1807112026-08-02,18071,2026-08-02,SCHEDULED,0,0.0
2026-08-03T04:46:25Z,1807212026-08-02,18072,2026-08-02,SCHEDULED,0,0.0
2026-08-03T04:46:25Z,1308412026-08-02,13084,2026-08-02,SCHEDULED,1200,20.0
2026-08-03T04:46:25Z,1806612026-08-02,18066,2026-08-02,SCHEDULED,180,3.0
2026-08-03T04:46:25Z,0411422026-08-03,04114,2026-08-03,SCHEDULED,-60,-1.0
2026-08-03T04:46:25Z,0411412026-08-03,04114,2026-08-03,SCHEDULED,-60,-1.0
2026-08-03T04:46:25Z,1812012026-08-02,18120,2026-08-02,SCHEDULED,60,1.0
2026-08-03T04:46:25Z,1812112026-08-02,18121,2026-08-02,SCHEDULED,60,1.0
2026-08-03T04:46:25Z,0075222026-08-03,00752,2026-08-03,SCHEDULED,0,0.0
2026-08-03T04:46:25Z,0075212026-08-03,00752,2026-08-03,SCHEDULED,0,0.0
2026-08-03T04:46:25Z,1831012026-08-02,18310,2026-08-02,SCHEDULED,-120,-2.0
2026-08-03T04:46:25Z,3586912026-08-02,35869,2026-08-02,SCHEDULED,0,0.0
2026-08-03T04:46:25Z,0075222026-08-03,00752,2026-08-03,SCHEDULED,0,0.0
2026-08-03T04:46:25Z,0075212026-08-03,00752,2026-08-03,SCHEDULED,0,0.0
2026-08-03T04:46:25Z,1891012026-08-02,18910,2026-08-02,SCHEDULED,240,4.0
2026-08-03T04:46:25Z,3460912026-08-02,34609,2026-08-02,SCHEDULED,120,2.0
2026-08-03T04:46:25Z,1443312026-08-02,14433,2026-08-02,SCHEDULED,900,15.0
2026-08-03T04:46:25Z,0107212026-08-02,01072,2026-08-02,SCHEDULED,180,3.0
2026-08-03T04:46:25Z,1530912026-08-02,15309,2026-08-02,SCHEDULED,0,0.0
2026-08-03T04:46:25Z,0206112026-08-02,02061,2026-08-02,SCHEDULED,420,7.0
2026-08-03T04:46:25Z,1503022026-08-02,15030,2026-08-02,SCHEDULED,-120,-2.0
2026-08-03T04:46:25Z,0206312026-08-02,02063,2026-08-02,SCHEDULED,-180,-3.0
2026-08-03T04:46:25Z,1503112026-08-02,15031,2026-08-02,SCHEDULED,120,2.0
2026-08-03T04:46:25Z,0206712026-08-02,02067,2026-08-02,SCHEDULED,0,0.0
2026-08-03T04:46:25Z,1600012026-08-02,16000,2026-08-02,SCHEDULED,300,5.0
2026-08-03T04:46:25Z,0207512026-08-03,02075,2026-08-03,SCHEDULED,60,1.0
2026-08-03T04:46:25Z,1447012026-08-02,14470,2026-08-02,SCHEDULED,120,2.0
2026-08-03T04:46:25Z,1702112026-08-02,17021,2026-08-02,SCHEDULED,120,2.0
2026-08-03T04:46:25Z,1702122026-08-02,17021,2026-08-02,SCHEDULED,120,2.0
2026-08-03T04:46:25Z,1702132026-08-02,17021,2026-08-02,SCHEDULED,120,2.0
2026-08-03T04:46:25Z,0306242026-08-02,03062,2026-08-02,SCHEDULED,0,0.0
2026-08-03T04:46:25Z,0306232026-08-02,03062,2026-08-02,SCHEDULED,0,0.0
2026-08-03T04:46:25Z,0306212026-08-02,03062,2026-08-02,SCHEDULED,0,0.0
2026-08-03T04:46:25Z,0306222026-08-02,03062,2026-08-02,SCHEDULED,0,0.0
2026-08-03T04:46:25Z,1401812026-08-02,14018,2026-08-02,SCHEDULED,120,2.0
2026-08-03T04:46:25Z,0947012026-08-02,09470,2026-08-02,SCHEDULED,0,0.0
2026-08-03T04:46:25Z,1562012026-08-02,15620,2026-08-02,SCHEDULED,240,4.0
2026-08-03T04:46:25Z,0306242026-08-02,03062,2026-08-02,SCHEDULED,600,10.0
2026-08-03T04:46:25Z,0306232026-08-02,03062,2026-08-02,SCHEDULED,600,10.0
2026-08-03T04:46:25Z,0306212026-08-02,03062,2026-08-02,SCHEDULED,600,10.0
2026-08-03T04:46:25Z,0306222026-08-02,03062,2026-08-02,SCHEDULED,600,10.0
2026-08-03T04:46:25Z,1562112026-08-02,15621,2026-08-02,SCHEDULED,120,2.0
2026-08-03T04:46:25Z,1563012026-08-02,15630,2026-08-02,SCHEDULED,60,1.0
2026-08-03T04:46:25Z,1703012026-08-02,17030,2026-08-02,SCHEDULED,180,3.0
2026-08-03T04:46:25Z,0331112026-08-02,03311,2026-08-02,SCHEDULED,60,1.0
2026-08-03T04:46:25Z,0331122026-08-02,03311,2026-08-02,SCHEDULED,60,1.0
2026-08-03T04:46:25Z,0331132026-08-02,03311,2026-08-02,SCHEDULED,60,1.0
2026-08-03T04:46:25Z,1251212026-08-02,12512,2026-08-02,SCHEDULED,0,0.0
2026-08-03T04:46:25Z,0366222026-08-02,03662,2026-08-02,SCHEDULED,120,2.0
2026-08-03T04:46:25Z,0366212026-08-02,03662,2026-08-02,SCHEDULED,120,2.0
2026-08-03T04:46:25Z,0406012026-08-02,04060,2026-08-02,SCHEDULED,480,8.0
2026-08-03T04:46:25Z,0408822026-08-03,04088,2026-08-03,SCHEDULED,0,0.0
2026-08-03T04:46:25Z,0446412026-08-02,04464,2026-08-02,SCHEDULED,-60,-1.0
2026-08-03T04:46:25Z,0415422026-08-02,04154,2026-08-02,SCHEDULED,60,1.0
2026-08-03T04:46:25Z,0415412026-08-02,04154,2026-08-02,SCHEDULED,60,1.0
2026-08-03T04:46:25Z,0486822026-08-03,04868,2026-08-03,SCHEDULED,-120,-2.0
2026-08-03T04:46:25Z,0486812026-08-03,04868,2026-08-03,SCHEDULED,-120,-2.0
2026-08-03T04:46:25Z,0506312026-08-02,05063,2026-08-02,SCHEDULED,-60,-1.0
2026-08-03T04:46:25Z,0506422026-08-02,05064,2026-08-02,SCHEDULED,180,3.0
2026-08-03T04:46:25Z,0506412026-08-02,05064,2026-08-02,SCHEDULED,180,3.0
2026-08-03T04:46:25Z,0506522026-08-02,05065,2026-08-02,SCHEDULED,-120,-2.0
2026-08-03T04:46:25Z,0506512026-08-02,05065,2026-08-02,SCHEDULED,-120,-2.0
2026-08-03T04:46:25Z,0509222026-08-02,05092,2026-08-02,SCHEDULED,0,0.0
2026-08-03T04:46:25Z,0509212026-08-02,05092,2026-08-02,SCHEDULED,0,0.0
2026-08-03T04:46:25Z,0508012026-08-02,05080,2026-08-02,SCHEDULED,120,2.0
2026-08-03T04:46:25Z,0508032026-08-02,05080,2026-08-02,SCHEDULED,120,2.0
2026-08-03T04:46:25Z,0508022026-08-02,05080,2026-08-02,SCHEDULED,120,2.0
2026-08-03T04:46:25Z,0566812026-08-02,05668,2026-08-02,SCHEDULED,180,3.0
2026-08-03T04:46:25Z,0587112026-08-02,05871,2026-08-02,SCHEDULED,180,3.0
2026-08-03T04:46:25Z,1261412026-08-02,12614,2026-08-02,CANCELED,,
2026-08-03T04:46:25Z,1565712026-08-02,15657,2026-08-02,CANCELED,,
2026-08-03T04:46:25Z,1260712026-08-02,12607,2026-08-02,CANCELED,,
2026-08-03T04:46:25Z,1260712026-08-02,12607,2026-08-02,CANCELED,,
2026-08-03T04:46:25Z,1307912026-08-02,13079,2026-08-02,CANCELED,,
2026-08-03T04:46:25Z,1705212026-08-02,17052,2026-08-02,CANCELED,,
2026-08-03T04:46:25Z,1390412026-08-02,13904,2026-08-02,CANCELED,,
2026-08-03T04:46:25Z,1721812026-08-02,17218,2026-08-02,CANCELED,,
2026-08-03T04:46:25Z,3890412026-08-02,38904,2026-08-02,CANCELED,,
2026-08-03T04:46:25Z,3821812026-08-02,38218,2026-08-02,CANCELED,,
2026-08-03T04:46:25Z,1722112026-08-02,17221,2026-08-02,CANCELED,,
2026-08-03T04:46:25Z,3822112026-08-02,38221,2026-08-02,CANCELED,,
2026-08-03T04:46:25Z,0407222026-08-03,04072,2026-08-03,CANCELED,,
2026-08-03T04:46:25Z,0407212026-08-03,04072,2026-08-03,CANCELED,,
2026-08-03T04:46:25Z,3707212026-08-03,37072,2026-08-03,CANCELED,,
2026-08-03T04:46:25Z,0029522026-08-03,00295,2026-08-03,CANCELED,,
2026-08-03T04:46:25Z,0029512026-08-03,00295,2026-08-03,CANCELED,,
2026-08-03T04:46:25Z,1810222026-08-02,18102,2026-08-02,CANCELED,,
2026-08-03T04:46:25Z,1810232026-08-02,18102,2026-08-02,CANCELED,,
2026-08-03T04:46:25Z,1810242026-08-02,18102,2026-08-02,CANCELED,,
2026-08-03T04:46:25Z,3709522026-08-02,37095,2026-08-02,CANCELED,,
2026-08-03T04:46:25Z,3709512026-08-02,37095,2026-08-02,CANCELED,,
2026-08-03T04:46:25Z,1810512026-08-02,18105,2026-08-02,CANCELED,,
2026-08-03T04:46:25Z,3739512026-08-02,37395,2026-08-02,CANCELED,,
2026-08-03T04:46:25Z,3810512026-08-02,38105,2026-08-02,CANCELED,,
2026-08-03T04:46:25Z,1821412026-08-02,18214,2026-08-02,CANCELED,,
2026-08-03T04:46:25Z,0019222026-08-03,00192,2026-08-03,CANCELED,,
2026-08-03T04:46:25Z,0019212026-08-03,00192,2026-08-03,CANCELED,,
2026-08-03T04:46:25Z,1821512026-08-02,18215,2026-08-02,CANCELED,,
2026-08-03T04:46:25Z,3739212026-08-02,37392,2026-08-02,CANCELED,,
2026-08-03T04:46:25Z,1260812026-08-02,12608,2026-08-02,CANCELED,,
2026-08-03T04:46:25Z,3749222026-08-02,37492,2026-08-02,CANCELED,,
2026-08-03T04:46:25Z,3749212026-08-02,37492,2026-08-02,CANCELED,,
2026-08-03T04:46:25Z,1810132026-08-02,18101,2026-08-02,CANCELED,,
2026-08-03T04:46:25Z,1810142026-08-02,18101,2026-08-02,CANCELED,,
2026-08-03T04:46:25Z,1810152026-08-02,18101,2026-08-02,CANCELED,,
2026-08-03T04:51:24Z,0806312026-08-02,08063,2026-08-02,SCHEDULED,180,3.0
2026-08-03T04:51:24Z,1320212026-08-02,13202,2026-08-02,SCHEDULED,240,4.0
2026-08-03T04:51:24Z,0806812026-08-02,08068,2026-08-02,SCHEDULED,0,0.0
2026-08-03T04:51:24Z,0807512026-08-02,08075,2026-08-02,SCHEDULED,660,11.0
2026-08-03T04:51:24Z,0826012026-08-02,08260,2026-08-02,SCHEDULED,60,1.0
2026-08-03T04:51:24Z,1412322026-08-03,14123,2026-08-03,SCHEDULED,0,0.0
2026-08-03T04:51:24Z,1412342026-08-02,14123,2026-08-02,SCHEDULED,0,0.0
2026-08-03T04:51:24Z,1412332026-08-02,14123,2026-08-02,SCHEDULED,0,0.0
2026-08-03T04:51:24Z,0826112026-08-02,08261,2026-08-02,SCHEDULED,360,6.0
2026-08-03T04:51:24Z,1500012026-08-02,15000,2026-08-02,SCHEDULED,480,8.0
2026-08-03T04:51:24Z,0847512026-08-02,08475,2026-08-02,SCHEDULED,240,4.0
2026-08-03T04:51:24Z,1500112026-08-02,15001,2026-08-02,SCHEDULED,0,0.0
2026-08-03T04:51:24Z,0865412026-08-02,08654,2026-08-02,SCHEDULED,60,1.0
2026-08-03T04:51:24Z,1500212026-08-02,15002,2026-08-02,SCHEDULED,60,1.0
2026-08-03T04:51:24Z,0866412026-08-02,08664,2026-08-02,SCHEDULED,60,1.0
2026-08-03T04:51:24Z,1505112026-08-02,15051,2026-08-02,SCHEDULED,180,3.0
2026-08-03T04:51:24Z,0807212026-08-02,08072,2026-08-02,SCHEDULED,-120,-2.0
2026-08-03T04:51:24Z,1564512026-08-02,15645,2026-08-02,SCHEDULED,0,0.0
2026-08-03T04:51:24Z,0906112026-08-02,09061,2026-08-02,SCHEDULED,0,0.0
2026-08-03T04:51:24Z,1564612026-08-02,15646,2026-08-02,SCHEDULED,60,1.0
2026-08-03T04:51:24Z,0906712026-08-02,09067,2026-08-02,SCHEDULED,-60,-1.0
2026-08-03T04:51:24Z,1565012026-08-02,15650,2026-08-02,SCHEDULED,60,1.0
2026-08-03T04:51:24Z,1572012026-08-02,15720,2026-08-02,SCHEDULED,120,2.0
2026-08-03T04:51:24Z,0907222026-08-02,09072,2026-08-02,SCHEDULED,0,0.0
2026-08-03T04:51:24Z,0907212026-08-02,09072,2026-08-02,SCHEDULED,0,0.0
2026-08-03T04:51:24Z,1572212026-08-02,15722,2026-08-02,SCHEDULED,60,1.0
2026-08-03T04:51:24Z,0029122026-08-03,00291,2026-08-03,SCHEDULED,180,3.0
2026-08-03T04:51:24Z,0029112026-08-03,00291,2026-08-03,SCHEDULED,180,3.0
2026-08-03T04:51:24Z,1575112026-08-02,15751,2026-08-02,SCHEDULED,0,0.0
2026-08-03T04:51:24Z,1577012026-08-02,15770,2026-08-02,SCHEDULED,180,3.0
2026-08-03T04:51:24Z,0429522026-08-02,04295,2026-08-02,SCHEDULED,-480,-8.0
2026-08-03T04:51:24Z,0429512026-08-02,04295,2026-08-02,SCHEDULED,-480,-8.0
2026-08-03T04:51:24Z,1577212026-08-02,15772,2026-08-02,SCHEDULED,0,0.0
2026-08-03T04:51:24Z,1585012026-08-02,15850,2026-08-02,SCHEDULED,0,0.0
2026-08-03T04:51:24Z,1590012026-08-02,15900,2026-08-02,SCHEDULED,900,15.0
2026-08-03T04:51:24Z,0576312026-08-02,05763,2026-08-02,SCHEDULED,0,0.0
2026-08-03T04:51:24Z,0576322026-08-02,05763,2026-08-02,SCHEDULED,0,0.0
2026-08-03T04:51:24Z,0576332026-08-02,05763,2026-08-02,SCHEDULED,0,0.0
2026-08-03T04:51:24Z,1601812026-08-02,16018,2026-08-02,SCHEDULED,0,0.0
2026-08-03T04:51:24Z,0405612026-08-03,04056,2026-08-03,SCHEDULED,60,1.0
2026-08-03T04:51:24Z,1710612026-08-02,17106,2026-08-02,SCHEDULED,120,2.0
2026-08-03T04:51:24Z,0407312026-08-03,04073,2026-08-03,SCHEDULED,180,3.0
2026-08-03T04:51:24Z,1710012026-08-02,17100,2026-08-02,SCHEDULED,180,3.0
2026-08-03T04:51:24Z,1241112026-08-02,12411,2026-08-02,SCHEDULED,300,5.0
2026-08-03T04:51:24Z,1720112026-08-02,17201,2026-08-02,SCHEDULED,0,0.0
2026-08-03T04:51:24Z,1261112026-08-02,12611,2026-08-02,SCHEDULED,120,2.0
2026-08-03T04:51:24Z,1770312026-08-02,17703,2026-08-02,SCHEDULED,-120,-2.0
2026-08-03T04:51:24Z,1268912026-08-02,12689,2026-08-02,SCHEDULED,420,7.0
2026-08-03T04:51:24Z,1780612026-08-02,17806,2026-08-02,SCHEDULED,0,0.0
2026-08-03T04:51:24Z,1300112026-08-02,13001,2026-08-02,SCHEDULED,180,3.0
2026-08-03T04:51:24Z,1781512026-08-02,17815,2026-08-02,SCHEDULED,0,0.0
2026-08-03T04:51:24Z,1300312026-08-02,13003,2026-08-02,SCHEDULED,120,2.0
2026-08-03T04:51:24Z,1800112026-08-02,18001,2026-08-02,SCHEDULED,60,1.0
2026-08-03T04:51:24Z,1303012026-08-02,13030,2026-08-02,SCHEDULED,180,3.0
2026-08-03T04:51:24Z,1802412026-08-02,18024,2026-08-02,SCHEDULED,120,2.0
2026-08-03T04:51:24Z,1304112026-08-02,13041,2026-08-02,SCHEDULED,60,1.0
2026-08-03T04:51:24Z,1803112026-08-02,18031,2026-08-02,SCHEDULED,-60,-1.0
2026-08-03T04:51:24Z,1308412026-08-02,13084,2026-08-02,SCHEDULED,1200,20.0
2026-08-03T04:51:24Z,1804112026-08-02,18041,2026-08-02,SCHEDULED,120,2.0
2026-08-03T04:51:24Z,1395112026-08-02,13951,2026-08-02,SCHEDULED,180,3.0
2026-08-03T04:51:24Z,1804612026-08-02,18046,2026-08-02,SCHEDULED,420,7.0
2026-08-03T04:51:24Z,1320112026-08-02,13201,2026-08-02,SCHEDULED,180,3.0
2026-08-03T04:51:24Z,1804712026-08-02,18047,2026-08-02,SCHEDULED,-120,-2.0
2026-08-03T04:51:24Z,1805412026-08-02,18054,2026-08-02,SCHEDULED,-60,-1.0
2026-08-03T04:51:24Z,0411422026-08-03,04114,2026-08-03,SCHEDULED,-60,-1.0
2026-08-03T04:51:24Z,0411412026-08-03,04114,2026-08-03,SCHEDULED,-60,-1.0
2026-08-03T04:51:24Z,1806812026-08-02,18068,2026-08-02,SCHEDULED,300,5.0
2026-08-03T04:51:24Z,1807112026-08-02,18071,2026-08-02,SCHEDULED,0,0.0
2026-08-03T04:51:24Z,0075222026-08-03,00752,2026-08-03,SCHEDULED,-60,-1.0
2026-08-03T04:51:24Z,0075212026-08-03,00752,2026-08-03,SCHEDULED,-60,-1.0
2026-08-03T04:51:24Z,1807212026-08-02,18072,2026-08-02,SCHEDULED,60,1.0
2026-08-03T04:51:24Z,1806612026-08-02,18066,2026-08-02,SCHEDULED,120,2.0
2026-08-03T04:51:24Z,0075222026-08-03,00752,2026-08-03,SCHEDULED,120,2.0
2026-08-03T04:51:24Z,0075212026-08-03,00752,2026-08-03,SCHEDULED,120,2.0
2026-08-03T04:51:24Z,1812012026-08-02,18120,2026-08-02,SCHEDULED,60,1.0
2026-08-03T04:51:24Z,3460912026-08-02,34609,2026-08-02,SCHEDULED,240,4.0
2026-08-03T04:51:24Z,1812112026-08-02,18121,2026-08-02,SCHEDULED,60,1.0
2026-08-03T04:51:24Z,0107212026-08-02,01072,2026-08-02,SCHEDULED,420,7.0
2026-08-03T04:51:24Z,1831012026-08-02,18310,2026-08-02,SCHEDULED,60,1.0
2026-08-03T04:51:24Z,0206112026-08-02,02061,2026-08-02,SCHEDULED,420,7.0
2026-08-03T04:51:24Z,3586912026-08-02,35869,2026-08-02,SCHEDULED,60,1.0
2026-08-03T04:51:24Z,0206312026-08-02,02063,2026-08-02,SCHEDULED,-60,-1.0
2026-08-03T04:51:24Z,1891012026-08-02,18910,2026-08-02,SCHEDULED,240,4.0
2026-08-03T04:51:24Z,0206712026-08-02,02067,2026-08-02,SCHEDULED,0,0.0
2026-08-03T04:51:24Z,1443312026-08-02,14433,2026-08-02,SCHEDULED,780,13.0
2026-08-03T04:51:24Z,0207512026-08-03,02075,2026-08-03,SCHEDULED,120,2.0
2026-08-03T04:51:24Z,1530912026-08-02,15309,2026-08-02,SCHEDULED,-180,-3.0
2026-08-03T04:51:24Z,1503022026-08-02,15030,2026-08-02,SCHEDULED,-120,-2.0
2026-08-03T04:51:24Z,1503112026-08-02,15031,2026-08-02,SCHEDULED,60,1.0
2026-08-03T04:51:24Z,1600012026-08-02,16000,2026-08-02,SCHEDULED,180,3.0
2026-08-03T04:51:24Z,0306242026-08-02,03062,2026-08-02,SCHEDULED,0,0.0
2026-08-03T04:51:24Z,0306232026-08-02,03062,2026-08-02,SCHEDULED,0,0.0
2026-08-03T04:51:24Z,0306212026-08-02,03062,2026-08-02,SCHEDULED,0,0.0
2026-08-03T04:51:24Z,0306222026-08-02,03062,2026-08-02,SCHEDULED,0,0.0
2026-08-03T04:51:24Z,1447012026-08-02,14470,2026-08-02,SCHEDULED,60,1.0
2026-08-03T04:51:24Z,0306242026-08-02,03062,2026-08-02,SCHEDULED,720,12.0
2026-08-03T04:51:24Z,0306232026-08-02,03062,2026-08-02,SCHEDULED,720,12.0
2026-08-03T04:51:24Z,0306212026-08-02,03062,2026-08-02,SCHEDULED,720,12.0
2026-08-03T04:51:24Z,0306222026-08-02,03062,2026-08-02,SCHEDULED,720,12.0
2026-08-03T04:51:24Z,1702112026-08-02,17021,2026-08-02,SCHEDULED,120,2.0
2026-08-03T04:51:24Z,1702122026-08-02,17021,2026-08-02,SCHEDULED,120,2.0
2026-08-03T04:51:24Z,1702132026-08-02,17021,2026-08-02,SCHEDULED,120,2.0
2026-08-03T04:51:24Z,1401812026-08-02,14018,2026-08-02,SCHEDULED,120,2.0
2026-08-03T04:51:24Z,0947012026-08-02,09470,2026-08-02,SCHEDULED,0,0.0
2026-08-03T04:51:24Z,1562012026-08-02,15620,2026-08-02,SCHEDULED,240,4.0
2026-08-03T04:51:24Z,0331112026-08-02,03311,2026-08-02,SCHEDULED,60,1.0
2026-08-03T04:51:24Z,0331122026-08-02,03311,2026-08-02,SCHEDULED,60,1.0
2026-08-03T04:51:24Z,0331132026-08-02,03311,2026-08-02,SCHEDULED,60,1.0
2026-08-03T04:51:24Z,1562112026-08-02,15621,2026-08-02,SCHEDULED,120,2.0
2026-08-03T04:51:24Z,0366222026-08-02,03662,2026-08-02,SCHEDULED,60,1.0
2026-08-03T04:51:24Z,0366212026-08-02,03662,2026-08-02,SCHEDULED,60,1.0
2026-08-03T04:51:24Z,1563012026-08-02,15630,2026-08-02,SCHEDULED,60,1.0
2026-08-03T04:51:24Z,0406012026-08-02,04060,2026-08-02,SCHEDULED,540,9.0
2026-08-03T04:51:24Z,1703012026-08-02,17030,2026-08-02,SCHEDULED,180,3.0
2026-08-03T04:51:24Z,0408822026-08-03,04088,2026-08-03,SCHEDULED,0,0.0
2026-08-03T04:51:24Z,1251212026-08-02,12512,2026-08-02,SCHEDULED,-60,-1.0
2026-08-03T04:51:24Z,0446412026-08-02,04464,2026-08-02,SCHEDULED,-60,-1.0
2026-08-03T04:51:24Z,0415422026-08-02,04154,2026-08-02,SCHEDULED,600,10.0
2026-08-03T04:51:24Z,0415412026-08-02,04154,2026-08-02,SCHEDULED,600,10.0
2026-08-03T04:51:24Z,0486822026-08-03,04868,2026-08-03,SCHEDULED,-60,-1.0
2026-08-03T04:51:24Z,0486812026-08-03,04868,2026-08-03,SCHEDULED,-60,-1.0
2026-08-03T04:51:24Z,0506312026-08-02,05063,2026-08-02,SCHEDULED,60,1.0
2026-08-03T04:51:24Z,0506422026-08-02,05064,2026-08-02,SCHEDULED,180,3.0
2026-08-03T04:51:24Z,0506412026-08-02,05064,2026-08-02,SCHEDULED,180,3.0
2026-08-03T04:51:24Z,0506522026-08-02,05065,2026-08-02,SCHEDULED,-120,-2.0
2026-08-03T04:51:24Z,0506512026-08-02,05065,2026-08-02,SCHEDULED,-120,-2.0
2026-08-03T04:51:24Z,0509222026-08-02,05092,2026-08-02,SCHEDULED,0,0.0
2026-08-03T04:51:24Z,0509212026-08-02,05092,2026-08-02,SCHEDULED,0,0.0
2026-08-03T04:51:24Z,0508012026-08-02,05080,2026-08-02,SCHEDULED,0,0.0
2026-08-03T04:51:24Z,0508032026-08-02,05080,2026-08-02,SCHEDULED,0,0.0
2026-08-03T04:51:24Z,0508022026-08-02,05080,2026-08-02,SCHEDULED,0,0.0
2026-08-03T04:51:24Z,0566812026-08-02,05668,2026-08-02,SCHEDULED,180,3.0
2026-08-03T04:51:24Z,0587112026-08-02,05871,2026-08-02,SCHEDULED,240,4.0
2026-08-03T04:51:24Z,0805812026-08-02,08058,2026-08-02,SCHEDULED,-60,-1.0
2026-08-03T04:51:24Z,0806212026-08-02,08062,2026-08-02,SCHEDULED,120,2.0
2026-08-03T04:51:24Z,1261412026-08-02,12614,2026-08-02,CANCELED,,
2026-08-03T04:51:24Z,1565712026-08-02,15657,2026-08-02,CANCELED,,
2026-08-03T04:51:24Z,1260712026-08-02,12607,2026-08-02,CANCELED,,
2026-08-03T04:51:24Z,1260712026-08-02,12607,2026-08-02,CANCELED,,
2026-08-03T04:51:24Z,1705212026-08-02,17052,2026-08-02,CANCELED,,
2026-08-03T04:51:24Z,1307912026-08-02,13079,2026-08-02,CANCELED,,
2026-08-03T04:51:24Z,1721812026-08-02,17218,2026-08-02,CANCELED,,
2026-08-03T04:51:24Z,1390412026-08-02,13904,2026-08-02,CANCELED,,
2026-08-03T04:51:24Z,3821812026-08-02,38218,2026-08-02,CANCELED,,
2026-08-03T04:51:24Z,3890412026-08-02,38904,2026-08-02,CANCELED,,
2026-08-03T04:51:24Z,1722112026-08-02,17221,2026-08-02,CANCELED,,
2026-08-03T04:51:24Z,3822112026-08-02,38221,2026-08-02,CANCELED,,
2026-08-03T04:51:24Z,0407222026-08-03,04072,2026-08-03,CANCELED,,
2026-08-03T04:51:24Z,0407212026-08-03,04072,2026-08-03,CANCELED,,
2026-08-03T04:51:24Z,1750312026-08-02,17503,2026-08-02,CANCELED,,
2026-08-03T04:51:24Z,1821412026-08-02,18214,2026-08-02,CANCELED,,
2026-08-03T04:51:24Z,3707212026-08-03,37072,2026-08-03,CANCELED,,
2026-08-03T04:51:24Z,1821512026-08-02,18215,2026-08-02,CANCELED,,
2026-08-03T04:51:24Z,0029522026-08-03,00295,2026-08-03,CANCELED,,
2026-08-03T04:51:24Z,0029512026-08-03,00295,2026-08-03,CANCELED,,
2026-08-03T04:51:24Z,1260812026-08-02,12608,2026-08-02,CANCELED,,
2026-08-03T04:51:24Z,3709522026-08-02,37095,2026-08-02,CANCELED,,
2026-08-03T04:51:24Z,3709512026-08-02,37095,2026-08-02,CANCELED,,
2026-08-03T04:51:24Z,3739512026-08-02,37395,2026-08-02,CANCELED,,
2026-08-03T04:51:24Z,1810132026-08-02,18101,2026-08-02,CANCELED,,
2026-08-03T04:51:24Z,1810142026-08-02,18101,2026-08-02,CANCELED,,
2026-08-03T04:51:24Z,1810152026-08-02,18101,2026-08-02,CANCELED,,
2026-08-03T04:51:24Z,0019222026-08-03,00192,2026-08-03,CANCELED,,
2026-08-03T04:51:24Z,0019212026-08-03,00192,2026-08-03,CANCELED,,
2026-08-03T04:51:24Z,3739212026-08-02,37392,2026-08-02,CANCELED,,
2026-08-03T04:51:24Z,1810222026-08-02,18102,2026-08-02,CANCELED,,
2026-08-03T04:51:24Z,1810232026-08-02,18102,2026-08-02,CANCELED,,
2026-08-03T04:51:24Z,1810242026-08-02,18102,2026-08-02,CANCELED,,
2026-08-03T04:51:24Z,3749222026-08-02,37492,2026-08-02,CANCELED,,
2026-08-03T04:51:24Z,3749212026-08-02,37492,2026-08-02,CANCELED,,
2026-08-03T04:51:24Z,1810512026-08-02,18105,2026-08-02,CANCELED,,
2026-08-03T04:51:24Z,3810512026-08-02,38105,2026-08-02,CANCELED,,
2026-08-03T04:56:23Z,0806212026-08-02,08062,2026-08-02,SCHEDULED,120,2.0
2026-08-03T04:56:23Z,1575112026-08-02,15751,2026-08-02,SCHEDULED,0,0.0
2026-08-03T04:56:23Z,0806312026-08-02,08063,2026-08-02,SCHEDULED,180,3.0
2026-08-03T04:56:23Z,1577012026-08-02,15770,2026-08-02,SCHEDULED,180,3.0
2026-08-03T04:56:23Z,0806812026-08-02,08068,2026-08-02,SCHEDULED,60,1.0
2026-08-03T04:56:23Z,1577212026-08-02,15772,2026-08-02,SCHEDULED,60,1.0
2026-08-03T04:56:23Z,0807512026-08-02,08075,2026-08-02,SCHEDULED,660,11.0
2026-08-03T04:56:23Z,1585012026-08-02,15850,2026-08-02,SCHEDULED,-60,-1.0
2026-08-03T04:56:23Z,0826012026-08-02,08260,2026-08-02,SCHEDULED,60,1.0
2026-08-03T04:56:23Z,1590012026-08-02,15900,2026-08-02,SCHEDULED,900,15.0
2026-08-03T04:56:23Z,0826112026-08-02,08261,2026-08-02,SCHEDULED,420,7.0
2026-08-03T04:56:23Z,1601812026-08-02,16018,2026-08-02,SCHEDULED,0,0.0
2026-08-03T04:56:23Z,0835812026-08-02,08358,2026-08-02,SCHEDULED,120,2.0
2026-08-03T04:56:23Z,1710012026-08-02,17100,2026-08-02,SCHEDULED,180,3.0
2026-08-03T04:56:23Z,0847512026-08-02,08475,2026-08-02,SCHEDULED,300,5.0
2026-08-03T04:56:23Z,1720112026-08-02,17201,2026-08-02,SCHEDULED,120,2.0
2026-08-03T04:56:23Z,0865412026-08-02,08654,2026-08-02,SCHEDULED,60,1.0
2026-08-03T04:56:23Z,1770312026-08-02,17703,2026-08-02,SCHEDULED,60,1.0
2026-08-03T04:56:23Z,0866412026-08-02,08664,2026-08-02,SCHEDULED,120,2.0
2026-08-03T04:56:23Z,1780612026-08-02,17806,2026-08-02,SCHEDULED,0,0.0
2026-08-03T04:56:23Z,0807212026-08-02,08072,2026-08-02,SCHEDULED,-300,-5.0
2026-08-03T04:56:23Z,1781512026-08-02,17815,2026-08-02,SCHEDULED,0,0.0
2026-08-03T04:56:23Z,0906112026-08-02,09061,2026-08-02,SCHEDULED,0,0.0
2026-08-03T04:56:23Z,1800112026-08-02,18001,2026-08-02,SCHEDULED,-60,-1.0
2026-08-03T04:56:23Z,0906712026-08-02,09067,2026-08-02,SCHEDULED,0,0.0
2026-08-03T04:56:23Z,1802412026-08-02,18024,2026-08-02,SCHEDULED,60,1.0
2026-08-03T04:56:23Z,0907222026-08-02,09072,2026-08-02,SCHEDULED,0,0.0
2026-08-03T04:56:23Z,0907212026-08-02,09072,2026-08-02,SCHEDULED,0,0.0
2026-08-03T04:56:23Z,1803112026-08-02,18031,2026-08-02,SCHEDULED,60,1.0
2026-08-03T04:56:23Z,1320212026-08-02,13202,2026-08-02,SCHEDULED,240,4.0
2026-08-03T04:56:23Z,0029122026-08-03,00291,2026-08-03,SCHEDULED,60,1.0
2026-08-03T04:56:23Z,0029112026-08-03,00291,2026-08-03,SCHEDULED,60,1.0
2026-08-03T04:56:23Z,0429522026-08-02,04295,2026-08-02,SCHEDULED,-480,-8.0
2026-08-03T04:56:23Z,0429512026-08-02,04295,2026-08-02,SCHEDULED,-480,-8.0
2026-08-03T04:56:23Z,1412322026-08-03,14123,2026-08-03,SCHEDULED,0,0.0
2026-08-03T04:56:23Z,1412342026-08-02,14123,2026-08-02,SCHEDULED,0,0.0
2026-08-03T04:56:23Z,1412332026-08-02,14123,2026-08-02,SCHEDULED,0,0.0
2026-08-03T04:56:23Z,0576312026-08-02,05763,2026-08-02,SCHEDULED,-60,-1.0
2026-08-03T04:56:23Z,0576322026-08-02,05763,2026-08-02,SCHEDULED,-60,-1.0
2026-08-03T04:56:23Z,0576332026-08-02,05763,2026-08-02,SCHEDULED,-60,-1.0
2026-08-03T04:56:23Z,0405612026-08-03,04056,2026-08-03,SCHEDULED,0,0.0
2026-08-03T04:56:23Z,0407312026-08-03,04073,2026-08-03,SCHEDULED,0,0.0
2026-08-03T04:56:23Z,3560432026-08-02,35604,2026-08-02,SCHEDULED,60,1.0
2026-08-03T04:56:23Z,3560442026-08-02,35604,2026-08-02,SCHEDULED,60,1.0
2026-08-03T04:56:23Z,3560452026-08-02,35604,2026-08-02,SCHEDULED,60,1.0
2026-08-03T04:56:23Z,1241112026-08-02,12411,2026-08-02,SCHEDULED,420,7.0
2026-08-03T04:56:23Z,1500012026-08-02,15000,2026-08-02,SCHEDULED,360,6.0
2026-08-03T04:56:23Z,1261112026-08-02,12611,2026-08-02,SCHEDULED,120,2.0
2026-08-03T04:56:23Z,1500112026-08-02,15001,2026-08-02,SCHEDULED,0,0.0
2026-08-03T04:56:23Z,1300112026-08-02,13001,2026-08-02,SCHEDULED,180,3.0
2026-08-03T04:56:23Z,1500212026-08-02,15002,2026-08-02,SCHEDULED,360,6.0
2026-08-03T04:56:23Z,1505012026-08-02,15050,2026-08-02,SCHEDULED,180,3.0
2026-08-03T04:56:23Z,1300312026-08-02,13003,2026-08-02,SCHEDULED,120,2.0
2026-08-03T04:56:23Z,1505112026-08-02,15051,2026-08-02,SCHEDULED,180,3.0
2026-08-03T04:56:23Z,1303012026-08-02,13030,2026-08-02,SCHEDULED,180,3.0
2026-08-03T04:56:23Z,1564512026-08-02,15645,2026-08-02,SCHEDULED,0,0.0
2026-08-03T04:56:23Z,1304112026-08-02,13041,2026-08-02,SCHEDULED,60,1.0
2026-08-03T04:56:23Z,1564612026-08-02,15646,2026-08-02,SCHEDULED,0,0.0
2026-08-03T04:56:23Z,1565012026-08-02,15650,2026-08-02,SCHEDULED,0,0.0
2026-08-03T04:56:23Z,1308412026-08-02,13084,2026-08-02,SCHEDULED,1200,20.0
2026-08-03T04:56:23Z,1572012026-08-02,15720,2026-08-02,SCHEDULED,120,2.0
2026-08-03T04:56:23Z,1395112026-08-02,13951,2026-08-02,SCHEDULED,180,3.0
2026-08-03T04:56:23Z,1572212026-08-02,15722,2026-08-02,SCHEDULED,60,1.0
2026-08-03T04:56:23Z,1320112026-08-02,13201,2026-08-02,SCHEDULED,180,3.0
2026-08-03T04:56:23Z,1443312026-08-02,14433,2026-08-02,SCHEDULED,780,13.0
2026-08-03T04:56:23Z,0411422026-08-03,04114,2026-08-03,SCHEDULED,-420,-7.0
2026-08-03T04:56:23Z,0411412026-08-03,04114,2026-08-03,SCHEDULED,-420,-7.0
2026-08-03T04:56:23Z,1530912026-08-02,15309,2026-08-02,SCHEDULED,-180,-3.0
2026-08-03T04:56:23Z,1503022026-08-02,15030,2026-08-02,SCHEDULED,-120,-2.0
2026-08-03T04:56:23Z,0075222026-08-03,00752,2026-08-03,SCHEDULED,-60,-1.0
2026-08-03T04:56:23Z,0075212026-08-03,00752,2026-08-03,SCHEDULED,-60,-1.0
2026-08-03T04:56:23Z,1503112026-08-02,15031,2026-08-02,SCHEDULED,60,1.0
2026-08-03T04:56:23Z,1600012026-08-02,16000,2026-08-02,SCHEDULED,300,5.0
2026-08-03T04:56:23Z,0075222026-08-03,00752,2026-08-03,SCHEDULED,120,2.0
2026-08-03T04:56:23Z,0075212026-08-03,00752,2026-08-03,SCHEDULED,120,2.0
2026-08-03T04:56:23Z,1447012026-08-02,14470,2026-08-02,SCHEDULED,60,1.0
2026-08-03T04:56:23Z,3460912026-08-02,34609,2026-08-02,SCHEDULED,240,4.0
2026-08-03T04:56:23Z,0107212026-08-02,01072,2026-08-02,SCHEDULED,420,7.0
2026-08-03T04:56:23Z,0206112026-08-02,02061,2026-08-02,SCHEDULED,540,9.0
2026-08-03T04:56:23Z,1702112026-08-02,17021,2026-08-02,SCHEDULED,120,2.0
2026-08-03T04:56:23Z,1702122026-08-02,17021,2026-08-02,SCHEDULED,120,2.0
2026-08-03T04:56:23Z,1702132026-08-02,17021,2026-08-02,SCHEDULED,120,2.0
2026-08-03T04:56:23Z,0206312026-08-02,02063,2026-08-02,SCHEDULED,60,1.0
2026-08-03T04:56:23Z,1401812026-08-02,14018,2026-08-02,SCHEDULED,60,1.0
2026-08-03T04:56:23Z,0206712026-08-02,02067,2026-08-02,SCHEDULED,0,0.0
2026-08-03T04:56:23Z,0947012026-08-02,09470,2026-08-02,SCHEDULED,0,0.0
2026-08-03T04:56:23Z,0207512026-08-03,02075,2026-08-03,SCHEDULED,120,2.0
2026-08-03T04:56:23Z,1562012026-08-02,15620,2026-08-02,SCHEDULED,240,4.0
2026-08-03T04:56:23Z,1562112026-08-02,15621,2026-08-02,SCHEDULED,120,2.0
2026-08-03T04:56:23Z,1563012026-08-02,15630,2026-08-02,SCHEDULED,60,1.0
2026-08-03T04:56:23Z,0306242026-08-02,03062,2026-08-02,SCHEDULED,0,0.0
2026-08-03T04:56:23Z,0306232026-08-02,03062,2026-08-02,SCHEDULED,0,0.0
2026-08-03T04:56:23Z,0306212026-08-02,03062,2026-08-02,SCHEDULED,0,0.0
2026-08-03T04:56:23Z,0306222026-08-02,03062,2026-08-02,SCHEDULED,0,0.0
2026-08-03T04:56:23Z,1703012026-08-02,17030,2026-08-02,SCHEDULED,420,7.0
2026-08-03T04:56:23Z,1251212026-08-02,12512,2026-08-02,SCHEDULED,-60,-1.0
2026-08-03T04:56:23Z,1804112026-08-02,18041,2026-08-02,SCHEDULED,60,1.0
2026-08-03T04:56:23Z,1804612026-08-02,18046,2026-08-02,SCHEDULED,420,7.0
2026-08-03T04:56:23Z,0306242026-08-02,03062,2026-08-02,SCHEDULED,660,11.0
2026-08-03T04:56:23Z,0306232026-08-02,03062,2026-08-02,SCHEDULED,660,11.0
2026-08-03T04:56:23Z,0306212026-08-02,03062,2026-08-02,SCHEDULED,660,11.0
2026-08-03T04:56:23Z,0306222026-08-02,03062,2026-08-02,SCHEDULED,660,11.0
2026-08-03T04:56:23Z,1804712026-08-02,18047,2026-08-02,SCHEDULED,0,0.0
2026-08-03T04:56:23Z,1805412026-08-02,18054,2026-08-02,SCHEDULED,-120,-2.0
2026-08-03T04:56:23Z,0331112026-08-02,03311,2026-08-02,SCHEDULED,120,2.0
2026-08-03T04:56:23Z,0331122026-08-02,03311,2026-08-02,SCHEDULED,120,2.0
2026-08-03T04:56:23Z,0331132026-08-02,03311,2026-08-02,SCHEDULED,120,2.0
2026-08-03T04:56:23Z,1806812026-08-02,18068,2026-08-02,SCHEDULED,300,5.0
2026-08-03T04:56:23Z,1807112026-08-02,18071,2026-08-02,SCHEDULED,600,10.0
2026-08-03T04:56:23Z,0366222026-08-02,03662,2026-08-02,SCHEDULED,60,1.0
2026-08-03T04:56:23Z,0366212026-08-02,03662,2026-08-02,SCHEDULED,60,1.0
2026-08-03T04:56:23Z,1807212026-08-02,18072,2026-08-02,SCHEDULED,60,1.0
2026-08-03T04:56:23Z,0406012026-08-02,04060,2026-08-02,SCHEDULED,480,8.0
2026-08-03T04:56:23Z,0408822026-08-03,04088,2026-08-03,SCHEDULED,0,0.0
2026-08-03T04:56:23Z,1800212026-08-02,18002,2026-08-02,SCHEDULED,840,14.0
2026-08-03T04:56:23Z,1806612026-08-02,18066,2026-08-02,SCHEDULED,120,2.0
2026-08-03T04:56:23Z,0407222026-08-03,04072,2026-08-03,SCHEDULED,60,1.0
2026-08-03T04:56:23Z,0407212026-08-03,04072,2026-08-03,SCHEDULED,60,1.0
2026-08-03T04:56:23Z,1812012026-08-02,18120,2026-08-02,SCHEDULED,-120,-2.0
2026-08-03T04:56:23Z,0446412026-08-02,04464,2026-08-02,SCHEDULED,60,1.0
2026-08-03T04:56:23Z,1812112026-08-02,18121,2026-08-02,SCHEDULED,60,1.0
2026-08-03T04:56:23Z,1831012026-08-02,18310,2026-08-02,SCHEDULED,-120,-2.0
2026-08-03T04:56:23Z,0415422026-08-02,04154,2026-08-02,SCHEDULED,600,10.0
2026-08-03T04:56:23Z,0415412026-08-02,04154,2026-08-02,SCHEDULED,600,10.0
2026-08-03T04:56:23Z,3586912026-08-02,35869,2026-08-02,SCHEDULED,0,0.0
2026-08-03T04:56:23Z,1891012026-08-02,18910,2026-08-02,SCHEDULED,240,4.0
2026-08-03T04:56:23Z,0486822026-08-03,04868,2026-08-03,SCHEDULED,-60,-1.0
2026-08-03T04:56:23Z,0486812026-08-03,04868,2026-08-03,SCHEDULED,-60,-1.0
2026-08-03T04:56:23Z,0506312026-08-02,05063,2026-08-02,SCHEDULED,0,0.0
2026-08-03T04:56:23Z,0506422026-08-02,05064,2026-08-02,SCHEDULED,180,3.0
2026-08-03T04:56:23Z,0506412026-08-02,05064,2026-08-02,SCHEDULED,180,3.0
2026-08-03T04:56:23Z,0506522026-08-02,05065,2026-08-02,SCHEDULED,-180,-3.0
2026-08-03T04:56:23Z,0506512026-08-02,05065,2026-08-02,SCHEDULED,-180,-3.0
2026-08-03T04:56:23Z,0509222026-08-02,05092,2026-08-02,SCHEDULED,0,0.0
2026-08-03T04:56:23Z,0509212026-08-02,05092,2026-08-02,SCHEDULED,0,0.0
2026-08-03T04:56:23Z,0508012026-08-02,05080,2026-08-02,SCHEDULED,0,0.0
2026-08-03T04:56:23Z,0508032026-08-02,05080,2026-08-02,SCHEDULED,0,0.0
2026-08-03T04:56:23Z,0508022026-08-02,05080,2026-08-02,SCHEDULED,0,0.0
2026-08-03T04:56:23Z,0566812026-08-02,05668,2026-08-02,SCHEDULED,0,0.0
2026-08-03T04:56:23Z,0587112026-08-02,05871,2026-08-02,SCHEDULED,360,6.0
2026-08-03T04:56:23Z,0805812026-08-02,08058,2026-08-02,SCHEDULED,-60,-1.0
2026-08-03T04:56:23Z,1261412026-08-02,12614,2026-08-02,CANCELED,,
2026-08-03T04:56:23Z,1565712026-08-02,15657,2026-08-02,CANCELED,,
2026-08-03T04:56:23Z,1260712026-08-02,12607,2026-08-02,CANCELED,,
2026-08-03T04:56:23Z,1260712026-08-02,12607,2026-08-02,CANCELED,,
2026-08-03T04:56:23Z,1705212026-08-02,17052,2026-08-02,CANCELED,,
2026-08-03T04:56:23Z,1307912026-08-02,13079,2026-08-02,CANCELED,,
2026-08-03T04:56:23Z,1721812026-08-02,17218,2026-08-02,CANCELED,,
2026-08-03T04:56:23Z,1390412026-08-02,13904,2026-08-02,CANCELED,,
2026-08-03T04:56:23Z,3821812026-08-02,38218,2026-08-02,CANCELED,,
2026-08-03T04:56:23Z,3890412026-08-02,38904,2026-08-02,CANCELED,,
2026-08-03T04:56:23Z,1722112026-08-02,17221,2026-08-02,CANCELED,,
2026-08-03T04:56:23Z,3822112026-08-02,38221,2026-08-02,CANCELED,,
2026-08-03T04:56:23Z,0407222026-08-03,04072,2026-08-03,CANCELED,,
2026-08-03T04:56:23Z,0407212026-08-03,04072,2026-08-03,CANCELED,,
2026-08-03T04:56:23Z,1750312026-08-02,17503,2026-08-02,CANCELED,,
2026-08-03T04:56:23Z,1821412026-08-02,18214,2026-08-02,CANCELED,,
2026-08-03T04:56:23Z,3707212026-08-03,37072,2026-08-03,CANCELED,,
2026-08-03T04:56:23Z,1821512026-08-02,18215,2026-08-02,CANCELED,,
2026-08-03T04:56:23Z,1260812026-08-02,12608,2026-08-02,CANCELED,,
2026-08-03T04:56:23Z,0029522026-08-03,00295,2026-08-03,CANCELED,,
2026-08-03T04:56:23Z,0029512026-08-03,00295,2026-08-03,CANCELED,,
2026-08-03T04:56:23Z,3709522026-08-02,37095,2026-08-02,CANCELED,,
2026-08-03T04:56:23Z,3709512026-08-02,37095,2026-08-02,CANCELED,,
2026-08-03T04:56:23Z,1810132026-08-02,18101,2026-08-02,CANCELED,,
2026-08-03T04:56:23Z,1810142026-08-02,18101,2026-08-02,CANCELED,,
2026-08-03T04:56:23Z,1810152026-08-02,18101,2026-08-02,CANCELED,,
2026-08-03T04:56:23Z,3739512026-08-02,37395,2026-08-02,CANCELED,,
2026-08-03T04:56:23Z,0019222026-08-03,00192,2026-08-03,CANCELED,,
2026-08-03T04:56:23Z,0019212026-08-03,00192,2026-08-03,CANCELED,,
2026-08-03T04:56:23Z,3739212026-08-02,37392,2026-08-02,CANCELED,,
2026-08-03T04:56:23Z,1810222026-08-02,18102,2026-08-02,CANCELED,,
2026-08-03T04:56:23Z,1810232026-08-02,18102,2026-08-02,CANCELED,,
2026-08-03T04:56:23Z,1810242026-08-02,18102,2026-08-02,CANCELED,,
2026-08-03T04:56:23Z,3749222026-08-02,37492,2026-08-02,CANCELED,,
2026-08-03T04:56:23Z,3749212026-08-02,37492,2026-08-02,CANCELED,,
2026-08-03T04:56:23Z,1810512026-08-02,18105,2026-08-02,CANCELED,,
2026-08-03T04:56:23Z,3810512026-08-02,38105,2026-08-02,CANCELED,,
2026-08-03T05:01:57Z,0807512026-08-02,08075,2026-08-02,SCHEDULED,660,11.0
2026-08-03T05:01:57Z,0826012026-08-02,08260,2026-08-02,SCHEDULED,-60,-1.0
2026-08-03T05:01:57Z,0826112026-08-02,08261,2026-08-02,SCHEDULED,360,6.0
2026-08-03T05:01:57Z,1412322026-08-03,14123,2026-08-03,SCHEDULED,480,8.0
2026-08-03T05:01:57Z,1412342026-08-02,14123,2026-08-02,SCHEDULED,480,8.0
2026-08-03T05:01:57Z,1412332026-08-02,14123,2026-08-02,SCHEDULED,480,8.0
2026-08-03T05:01:57Z,0835812026-08-02,08358,2026-08-02,SCHEDULED,0,0.0
2026-08-03T05:01:57Z,0847512026-08-02,08475,2026-08-02,SCHEDULED,300,5.0
2026-08-03T05:01:57Z,0865412026-08-02,08654,2026-08-02,SCHEDULED,-240,-4.0
2026-08-03T05:01:57Z,0866412026-08-02,08664,2026-08-02,SCHEDULED,0,0.0
2026-08-03T05:01:57Z,3560432026-08-02,35604,2026-08-02,SCHEDULED,-60,-1.0
2026-08-03T05:01:57Z,3560442026-08-02,35604,2026-08-02,SCHEDULED,-60,-1.0
2026-08-03T05:01:57Z,3560452026-08-02,35604,2026-08-02,SCHEDULED,-60,-1.0
2026-08-03T05:01:57Z,0807212026-08-02,08072,2026-08-02,SCHEDULED,-360,-6.0
2026-08-03T05:01:57Z,1500012026-08-02,15000,2026-08-02,SCHEDULED,540,9.0
2026-08-03T05:01:57Z,0906112026-08-02,09061,2026-08-02,SCHEDULED,0,0.0
2026-08-03T05:01:57Z,1500112026-08-02,15001,2026-08-02,SCHEDULED,0,0.0
2026-08-03T05:01:57Z,0906712026-08-02,09067,2026-08-02,SCHEDULED,0,0.0
2026-08-03T05:01:57Z,1500212026-08-02,15002,2026-08-02,SCHEDULED,360,6.0
2026-08-03T05:01:57Z,1505012026-08-02,15050,2026-08-02,SCHEDULED,180,3.0
2026-08-03T05:01:57Z,0907222026-08-02,09072,2026-08-02,SCHEDULED,0,0.0
2026-08-03T05:01:57Z,0907212026-08-02,09072,2026-08-02,SCHEDULED,0,0.0
2026-08-03T05:01:57Z,1505112026-08-02,15051,2026-08-02,SCHEDULED,180,3.0
2026-08-03T05:01:57Z,0907512026-08-02,09075,2026-08-02,SCHEDULED,60,1.0
2026-08-03T05:01:57Z,1521012026-08-02,15210,2026-08-02,SCHEDULED,0,0.0
2026-08-03T05:01:57Z,0109212026-08-02,01092,2026-08-02,SCHEDULED,180,3.0
2026-08-03T05:01:57Z,1564512026-08-02,15645,2026-08-02,SCHEDULED,0,0.0
2026-08-03T05:01:57Z,1564612026-08-02,15646,2026-08-02,SCHEDULED,60,1.0
2026-08-03T05:01:57Z,0029122026-08-03,00291,2026-08-03,SCHEDULED,60,1.0
2026-08-03T05:01:57Z,0029112026-08-03,00291,2026-08-03,SCHEDULED,60,1.0
2026-08-03T05:01:57Z,1565012026-08-02,15650,2026-08-02,SCHEDULED,0,0.0
2026-08-03T05:01:57Z,0429522026-08-02,04295,2026-08-02,SCHEDULED,0,0.0
2026-08-03T05:01:57Z,0429512026-08-02,04295,2026-08-02,SCHEDULED,0,0.0
2026-08-03T05:01:57Z,1572012026-08-02,15720,2026-08-02,SCHEDULED,120,2.0
2026-08-03T05:01:57Z,1572212026-08-02,15722,2026-08-02,SCHEDULED,0,0.0
2026-08-03T05:01:57Z,1575112026-08-02,15751,2026-08-02,SCHEDULED,60,1.0
2026-08-03T05:01:57Z,1577012026-08-02,15770,2026-08-02,SCHEDULED,60,1.0
2026-08-03T05:01:57Z,0576312026-08-02,05763,2026-08-02,SCHEDULED,0,0.0
2026-08-03T05:01:57Z,0576322026-08-02,05763,2026-08-02,SCHEDULED,0,0.0
2026-08-03T05:01:57Z,0576332026-08-02,05763,2026-08-02,SCHEDULED,0,0.0
2026-08-03T05:01:57Z,1577212026-08-02,15772,2026-08-02,SCHEDULED,60,1.0
2026-08-03T05:01:57Z,0405612026-08-03,04056,2026-08-03,SCHEDULED,-60,-1.0
2026-08-03T05:01:57Z,1585012026-08-02,15850,2026-08-02,SCHEDULED,60,1.0
2026-08-03T05:01:57Z,1590012026-08-02,15900,2026-08-02,SCHEDULED,840,14.0
2026-08-03T05:01:57Z,1601812026-08-02,16018,2026-08-02,SCHEDULED,0,0.0
2026-08-03T05:01:57Z,0418612026-08-03,04186,2026-08-03,SCHEDULED,180,3.0
2026-08-03T05:01:57Z,0418642026-08-03,04186,2026-08-03,SCHEDULED,180,3.0
2026-08-03T05:01:57Z,0418622026-08-03,04186,2026-08-03,SCHEDULED,180,3.0
2026-08-03T05:01:57Z,1710012026-08-02,17100,2026-08-02,SCHEDULED,240,4.0
2026-08-03T05:01:57Z,0407312026-08-03,04073,2026-08-03,SCHEDULED,0,0.0
2026-08-03T05:01:57Z,1720112026-08-02,17201,2026-08-02,SCHEDULED,120,2.0
2026-08-03T05:01:57Z,1241112026-08-02,12411,2026-08-02,SCHEDULED,420,7.0
2026-08-03T05:01:57Z,1722712026-08-02,17227,2026-08-02,SCHEDULED,0,0.0
2026-08-03T05:01:57Z,1261112026-08-02,12611,2026-08-02,SCHEDULED,120,2.0
2026-08-03T05:01:57Z,1770312026-08-02,17703,2026-08-02,SCHEDULED,0,0.0
2026-08-03T05:01:57Z,1300112026-08-02,13001,2026-08-02,SCHEDULED,180,3.0
2026-08-03T05:01:57Z,1780612026-08-02,17806,2026-08-02,SCHEDULED,0,0.0
2026-08-03T05:01:57Z,1781512026-08-02,17815,2026-08-02,SCHEDULED,0,0.0
2026-08-03T05:01:57Z,1300312026-08-02,13003,2026-08-02,SCHEDULED,180,3.0
2026-08-03T05:01:57Z,1800112026-08-02,18001,2026-08-02,SCHEDULED,-60,-1.0
2026-08-03T05:01:57Z,1303012026-08-02,13030,2026-08-02,SCHEDULED,120,2.0
2026-08-03T05:01:57Z,1802412026-08-02,18024,2026-08-02,SCHEDULED,60,1.0
2026-08-03T05:01:57Z,1304112026-08-02,13041,2026-08-02,SCHEDULED,0,0.0
2026-08-03T05:01:57Z,1803112026-08-02,18031,2026-08-02,SCHEDULED,-60,-1.0
2026-08-03T05:01:57Z,1308412026-08-02,13084,2026-08-02,SCHEDULED,1200,20.0
2026-08-03T05:01:57Z,1804112026-08-02,18041,2026-08-02,SCHEDULED,60,1.0
2026-08-03T05:01:57Z,1395112026-08-02,13951,2026-08-02,SCHEDULED,240,4.0
2026-08-03T05:01:57Z,1804612026-08-02,18046,2026-08-02,SCHEDULED,420,7.0
2026-08-03T05:01:57Z,1320112026-08-02,13201,2026-08-02,SCHEDULED,120,2.0
2026-08-03T05:01:57Z,1806812026-08-02,18068,2026-08-02,SCHEDULED,300,5.0
2026-08-03T05:01:57Z,1320212026-08-02,13202,2026-08-02,SCHEDULED,240,4.0
2026-08-03T05:01:57Z,1807112026-08-02,18071,2026-08-02,SCHEDULED,600,10.0
2026-08-03T05:01:57Z,1807212026-08-02,18072,2026-08-02,SCHEDULED,0,0.0
2026-08-03T05:01:57Z,0411422026-08-03,04114,2026-08-03,SCHEDULED,120,2.0
2026-08-03T05:01:57Z,0411412026-08-03,04114,2026-08-03,SCHEDULED,120,2.0
2026-08-03T05:01:57Z,1800212026-08-02,18002,2026-08-02,SCHEDULED,780,13.0
2026-08-03T05:01:57Z,0075222026-08-03,00752,2026-08-03,SCHEDULED,0,0.0
2026-08-03T05:01:57Z,0075212026-08-03,00752,2026-08-03,SCHEDULED,0,0.0
2026-08-03T05:01:57Z,1806612026-08-02,18066,2026-08-02,SCHEDULED,120,2.0
2026-08-03T05:01:57Z,1812012026-08-02,18120,2026-08-02,SCHEDULED,-120,-2.0
2026-08-03T05:01:57Z,0075222026-08-03,00752,2026-08-03,SCHEDULED,60,1.0
2026-08-03T05:01:57Z,0075212026-08-03,00752,2026-08-03,SCHEDULED,60,1.0
2026-08-03T05:01:57Z,1812112026-08-02,18121,2026-08-02,SCHEDULED,60,1.0
2026-08-03T05:01:57Z,3460912026-08-02,34609,2026-08-02,SCHEDULED,240,4.0
2026-08-03T05:01:57Z,1831012026-08-02,18310,2026-08-02,SCHEDULED,-180,-3.0
2026-08-03T05:01:57Z,0107212026-08-02,01072,2026-08-02,SCHEDULED,600,10.0
2026-08-03T05:01:57Z,3586912026-08-02,35869,2026-08-02,SCHEDULED,120,2.0
2026-08-03T05:01:57Z,0206112026-08-02,02061,2026-08-02,SCHEDULED,660,11.0
2026-08-03T05:01:57Z,1891012026-08-02,18910,2026-08-02,SCHEDULED,300,5.0
2026-08-03T05:01:57Z,0206312026-08-02,02063,2026-08-02,SCHEDULED,60,1.0
2026-08-03T05:01:57Z,1443312026-08-02,14433,2026-08-02,SCHEDULED,900,15.0
2026-08-03T05:01:57Z,0206712026-08-02,02067,2026-08-02,SCHEDULED,-60,-1.0
2026-08-03T05:01:57Z,1530912026-08-02,15309,2026-08-02,SCHEDULED,60,1.0
2026-08-03T05:01:57Z,0207512026-08-03,02075,2026-08-03,SCHEDULED,180,3.0
2026-08-03T05:01:57Z,1503022026-08-02,15030,2026-08-02,SCHEDULED,-60,-1.0
2026-08-03T05:01:57Z,1503112026-08-02,15031,2026-08-02,SCHEDULED,120,2.0
2026-08-03T05:01:57Z,1600012026-08-02,16000,2026-08-02,SCHEDULED,300,5.0
2026-08-03T05:01:57Z,1447012026-08-02,14470,2026-08-02,SCHEDULED,60,1.0
2026-08-03T05:01:57Z,0306242026-08-02,03062,2026-08-02,SCHEDULED,0,0.0
2026-08-03T05:01:57Z,0306232026-08-02,03062,2026-08-02,SCHEDULED,0,0.0
2026-08-03T05:01:57Z,0306212026-08-02,03062,2026-08-02,SCHEDULED,0,0.0
2026-08-03T05:01:57Z,0306222026-08-02,03062,2026-08-02,SCHEDULED,0,0.0
2026-08-03T05:01:57Z,1702112026-08-02,17021,2026-08-02,SCHEDULED,60,1.0
2026-08-03T05:01:57Z,1702122026-08-02,17021,2026-08-02,SCHEDULED,60,1.0
2026-08-03T05:01:57Z,1702132026-08-02,17021,2026-08-02,SCHEDULED,60,1.0
2026-08-03T05:01:57Z,1401812026-08-02,14018,2026-08-02,SCHEDULED,60,1.0
2026-08-03T05:01:57Z,0306242026-08-02,03062,2026-08-02,SCHEDULED,540,9.0
2026-08-03T05:01:57Z,0306232026-08-02,03062,2026-08-02,SCHEDULED,540,9.0
2026-08-03T05:01:57Z,0306212026-08-02,03062,2026-08-02,SCHEDULED,540,9.0
2026-08-03T05:01:57Z,0306222026-08-02,03062,2026-08-02,SCHEDULED,540,9.0
2026-08-03T05:01:57Z,0947012026-08-02,09470,2026-08-02,SCHEDULED,0,0.0
2026-08-03T05:01:57Z,1562012026-08-02,15620,2026-08-02,SCHEDULED,240,4.0
2026-08-03T05:01:57Z,1562112026-08-02,15621,2026-08-02,SCHEDULED,120,2.0
2026-08-03T05:01:57Z,0331112026-08-02,03311,2026-08-02,SCHEDULED,60,1.0
2026-08-03T05:01:57Z,0331122026-08-02,03311,2026-08-02,SCHEDULED,60,1.0
2026-08-03T05:01:57Z,0331132026-08-02,03311,2026-08-02,SCHEDULED,60,1.0
2026-08-03T05:01:57Z,1563012026-08-02,15630,2026-08-02,SCHEDULED,60,1.0
2026-08-03T05:01:57Z,1703012026-08-02,17030,2026-08-02,SCHEDULED,420,7.0
2026-08-03T05:01:57Z,0366222026-08-02,03662,2026-08-02,SCHEDULED,60,1.0
2026-08-03T05:01:57Z,0366212026-08-02,03662,2026-08-02,SCHEDULED,60,1.0
2026-08-03T05:01:57Z,0406012026-08-02,04060,2026-08-02,SCHEDULED,300,5.0
2026-08-03T05:01:57Z,1833112026-08-02,18331,2026-08-02,SCHEDULED,0,0.0
2026-08-03T05:01:57Z,1251212026-08-02,12512,2026-08-02,SCHEDULED,0,0.0
2026-08-03T05:01:57Z,0408822026-08-03,04088,2026-08-03,SCHEDULED,-60,-1.0
2026-08-03T05:01:57Z,7180012026-08-02,71800,2026-08-02,SCHEDULED,0,0.0
2026-08-03T05:01:57Z,0407222026-08-03,04072,2026-08-03,SCHEDULED,300,5.0
2026-08-03T05:01:57Z,0407212026-08-03,04072,2026-08-03,SCHEDULED,300,5.0
2026-08-03T05:01:57Z,0446412026-08-02,04464,2026-08-02,SCHEDULED,60,1.0
2026-08-03T05:01:57Z,0415422026-08-02,04154,2026-08-02,SCHEDULED,600,10.0
2026-08-03T05:01:57Z,0415412026-08-02,04154,2026-08-02,SCHEDULED,600,10.0
2026-08-03T05:01:57Z,0486822026-08-03,04868,2026-08-03,SCHEDULED,-60,-1.0
2026-08-03T05:01:57Z,0486812026-08-03,04868,2026-08-03,SCHEDULED,-60,-1.0
2026-08-03T05:01:57Z,0506312026-08-02,05063,2026-08-02,SCHEDULED,0,0.0
2026-08-03T05:01:57Z,0506422026-08-02,05064,2026-08-02,SCHEDULED,300,5.0
2026-08-03T05:01:57Z,0506412026-08-02,05064,2026-08-02,SCHEDULED,300,5.0
2026-08-03T05:01:57Z,0506522026-08-02,05065,2026-08-02,SCHEDULED,0,0.0
2026-08-03T05:01:57Z,0506512026-08-02,05065,2026-08-02,SCHEDULED,0,0.0
2026-08-03T05:01:57Z,0509222026-08-02,05092,2026-08-02,SCHEDULED,-60,-1.0
2026-08-03T05:01:57Z,0509212026-08-02,05092,2026-08-02,SCHEDULED,-60,-1.0
2026-08-03T05:01:57Z,0508012026-08-02,05080,2026-08-02,SCHEDULED,0,0.0
2026-08-03T05:01:57Z,0508032026-08-02,05080,2026-08-02,SCHEDULED,0,0.0
2026-08-03T05:01:57Z,0508022026-08-02,05080,2026-08-02,SCHEDULED,0,0.0
2026-08-03T05:01:57Z,0566812026-08-02,05668,2026-08-02,SCHEDULED,0,0.0
2026-08-03T05:01:57Z,0587112026-08-02,05871,2026-08-02,SCHEDULED,360,6.0
2026-08-03T05:01:57Z,0805812026-08-02,08058,2026-08-02,SCHEDULED,120,2.0
2026-08-03T05:01:57Z,0806212026-08-02,08062,2026-08-02,SCHEDULED,360,6.0
2026-08-03T05:01:57Z,0806812026-08-02,08068,2026-08-02,SCHEDULED,60,1.0
2026-08-03T05:01:57Z,1261412026-08-02,12614,2026-08-02,CANCELED,,
2026-08-03T05:01:57Z,1565712026-08-02,15657,2026-08-02,CANCELED,,
2026-08-03T05:01:57Z,1260712026-08-02,12607,2026-08-02,CANCELED,,
2026-08-03T05:01:57Z,1260712026-08-02,12607,2026-08-02,CANCELED,,
2026-08-03T05:01:57Z,1705212026-08-02,17052,2026-08-02,CANCELED,,
2026-08-03T05:01:57Z,1307912026-08-02,13079,2026-08-02,CANCELED,,
2026-08-03T05:01:57Z,1721812026-08-02,17218,2026-08-02,CANCELED,,
2026-08-03T05:01:57Z,1390412026-08-02,13904,2026-08-02,CANCELED,,
2026-08-03T05:01:57Z,3821812026-08-02,38218,2026-08-02,CANCELED,,
2026-08-03T05:01:57Z,3890412026-08-02,38904,2026-08-02,CANCELED,,
2026-08-03T05:01:57Z,1722112026-08-02,17221,2026-08-02,CANCELED,,
2026-08-03T05:01:57Z,3822112026-08-02,38221,2026-08-02,CANCELED,,
2026-08-03T05:01:57Z,0407222026-08-03,04072,2026-08-03,CANCELED,,
2026-08-03T05:01:57Z,0407212026-08-03,04072,2026-08-03,CANCELED,,
2026-08-03T05:01:57Z,1750312026-08-02,17503,2026-08-02,CANCELED,,
2026-08-03T05:01:57Z,3707212026-08-03,37072,2026-08-03,CANCELED,,
2026-08-03T05:01:57Z,1821412026-08-02,18214,2026-08-02,CANCELED,,
2026-08-03T05:01:57Z,1821512026-08-02,18215,2026-08-02,CANCELED,,
2026-08-03T05:01:57Z,1260812026-08-02,12608,2026-08-02,CANCELED,,
2026-08-03T05:01:57Z,0029522026-08-03,00295,2026-08-03,CANCELED,,
2026-08-03T05:01:57Z,0029512026-08-03,00295,2026-08-03,CANCELED,,
2026-08-03T05:01:57Z,3709522026-08-02,37095,2026-08-02,CANCELED,,
2026-08-03T05:01:57Z,3709512026-08-02,37095,2026-08-02,CANCELED,,
2026-08-03T05:01:57Z,1810132026-08-02,18101,2026-08-02,CANCELED,,
2026-08-03T05:01:57Z,1810142026-08-02,18101,2026-08-02,CANCELED,,
2026-08-03T05:01:57Z,1810152026-08-02,18101,2026-08-02,CANCELED,,
2026-08-03T05:01:57Z,3739512026-08-02,37395,2026-08-02,CANCELED,,
2026-08-03T05:01:57Z,0019222026-08-03,00192,2026-08-03,CANCELED,,
2026-08-03T05:01:57Z,0019212026-08-03,00192,2026-08-03,CANCELED,,
2026-08-03T05:01:57Z,3739212026-08-02,37392,2026-08-02,CANCELED,,
2026-08-03T05:01:57Z,1810222026-08-02,18102,2026-08-02,CANCELED,,
2026-08-03T05:01:57Z,1810232026-08-02,18102,2026-08-02,CANCELED,,
2026-08-03T05:01:57Z,1810242026-08-02,18102,2026-08-02,CANCELED,,
2026-08-03T05:01:57Z,3749222026-08-02,37492,2026-08-02,CANCELED,,
2026-08-03T05:01:57Z,3749212026-08-02,37492,2026-08-02,CANCELED,,
2026-08-03T05:01:57Z,1810512026-08-02,18105,2026-08-02,CANCELED,,
2026-08-03T05:01:57Z,3810512026-08-02,38105,2026-08-02,CANCELED,,
2026-08-03T05:06:18Z,0806212026-08-02,08062,2026-08-02,SCHEDULED,240,4.0
2026-08-03T05:06:18Z,1395112026-08-02,13951,2026-08-02,SCHEDULED,300,5.0
2026-08-03T05:06:18Z,0806812026-08-02,08068,2026-08-02,SCHEDULED,60,1.0
2026-08-03T05:06:18Z,1320112026-08-02,13201,2026-08-02,SCHEDULED,180,3.0
2026-08-03T05:06:18Z,0807112026-08-02,08071,2026-08-02,SCHEDULED,240,4.0
2026-08-03T05:06:18Z,1320212026-08-02,13202,2026-08-02,SCHEDULED,240,4.0
2026-08-03T05:06:18Z,0807512026-08-02,08075,2026-08-02,SCHEDULED,1020,17.0
2026-08-03T05:06:18Z,1390112026-08-02,13901,2026-08-02,SCHEDULED,0,0.0
2026-08-03T05:06:18Z,0826012026-08-02,08260,2026-08-02,SCHEDULED,-180,-3.0
2026-08-03T05:06:18Z,0826112026-08-02,08261,2026-08-02,SCHEDULED,360,6.0
2026-08-03T05:06:18Z,0835812026-08-02,08358,2026-08-02,SCHEDULED,0,0.0
2026-08-03T05:06:18Z,0847512026-08-02,08475,2026-08-02,SCHEDULED,300,5.0
2026-08-03T05:06:18Z,1412322026-08-03,14123,2026-08-03,SCHEDULED,360,6.0
2026-08-03T05:06:18Z,1412342026-08-02,14123,2026-08-02,SCHEDULED,360,6.0
2026-08-03T05:06:18Z,1412332026-08-02,14123,2026-08-02,SCHEDULED,360,6.0
2026-08-03T05:06:18Z,0865412026-08-02,08654,2026-08-02,SCHEDULED,-240,-4.0
2026-08-03T05:06:18Z,0866412026-08-02,08664,2026-08-02,SCHEDULED,0,0.0
2026-08-03T05:06:18Z,0807212026-08-02,08072,2026-08-02,SCHEDULED,-300,-5.0
2026-08-03T05:06:18Z,0906112026-08-02,09061,2026-08-02,SCHEDULED,0,0.0
2026-08-03T05:06:18Z,3560432026-08-02,35604,2026-08-02,SCHEDULED,-60,-1.0
2026-08-03T05:06:18Z,3560442026-08-02,35604,2026-08-02,SCHEDULED,-60,-1.0
2026-08-03T05:06:18Z,3560452026-08-02,35604,2026-08-02,SCHEDULED,-60,-1.0
2026-08-03T05:06:18Z,0906712026-08-02,09067,2026-08-02,SCHEDULED,60,1.0
2026-08-03T05:06:18Z,1500012026-08-02,15000,2026-08-02,SCHEDULED,480,8.0
2026-08-03T05:06:18Z,1500112026-08-02,15001,2026-08-02,SCHEDULED,0,0.0
2026-08-03T05:06:18Z,0907222026-08-02,09072,2026-08-02,SCHEDULED,0,0.0
2026-08-03T05:06:18Z,0907212026-08-02,09072,2026-08-02,SCHEDULED,0,0.0
2026-08-03T05:06:18Z,1500212026-08-02,15002,2026-08-02,SCHEDULED,360,6.0
2026-08-03T05:06:18Z,0907512026-08-02,09075,2026-08-02,SCHEDULED,60,1.0
2026-08-03T05:06:18Z,1504012026-08-02,15040,2026-08-02,SCHEDULED,900,15.0
2026-08-03T05:06:18Z,0109212026-08-02,01092,2026-08-02,SCHEDULED,120,2.0
2026-08-03T05:06:18Z,1505012026-08-02,15050,2026-08-02,SCHEDULED,60,1.0
2026-08-03T05:06:18Z,1521012026-08-02,15210,2026-08-02,SCHEDULED,0,0.0
2026-08-03T05:06:18Z,0029122026-08-03,00291,2026-08-03,SCHEDULED,-60,-1.0
2026-08-03T05:06:18Z,0029112026-08-03,00291,2026-08-03,SCHEDULED,-60,-1.0
2026-08-03T05:06:18Z,1564512026-08-02,15645,2026-08-02,SCHEDULED,0,0.0
2026-08-03T05:06:18Z,1564612026-08-02,15646,2026-08-02,SCHEDULED,60,1.0
2026-08-03T05:06:18Z,0429522026-08-02,04295,2026-08-02,SCHEDULED,0,0.0
2026-08-03T05:06:18Z,0429512026-08-02,04295,2026-08-02,SCHEDULED,0,0.0
2026-08-03T05:06:18Z,1565012026-08-02,15650,2026-08-02,SCHEDULED,0,0.0
2026-08-03T05:06:18Z,1572012026-08-02,15720,2026-08-02,SCHEDULED,120,2.0
2026-08-03T05:06:18Z,1572212026-08-02,15722,2026-08-02,SCHEDULED,60,1.0
2026-08-03T05:06:18Z,0576312026-08-02,05763,2026-08-02,SCHEDULED,0,0.0
2026-08-03T05:06:18Z,0576322026-08-02,05763,2026-08-02,SCHEDULED,0,0.0
2026-08-03T05:06:18Z,0576332026-08-02,05763,2026-08-02,SCHEDULED,0,0.0
2026-08-03T05:06:18Z,1575112026-08-02,15751,2026-08-02,SCHEDULED,60,1.0
2026-08-03T05:06:18Z,0405612026-08-03,04056,2026-08-03,SCHEDULED,-60,-1.0
2026-08-03T05:06:18Z,1577012026-08-02,15770,2026-08-02,SCHEDULED,60,1.0
2026-08-03T05:06:18Z,1577212026-08-02,15772,2026-08-02,SCHEDULED,60,1.0
2026-08-03T05:06:18Z,1585012026-08-02,15850,2026-08-02,SCHEDULED,0,0.0
2026-08-03T05:06:18Z,0418612026-08-03,04186,2026-08-03,SCHEDULED,240,4.0
2026-08-03T05:06:18Z,0418642026-08-03,04186,2026-08-03,SCHEDULED,240,4.0
2026-08-03T05:06:18Z,0418622026-08-03,04186,2026-08-03,SCHEDULED,240,4.0
2026-08-03T05:06:18Z,1590012026-08-02,15900,2026-08-02,SCHEDULED,840,14.0
2026-08-03T05:06:18Z,0407312026-08-03,04073,2026-08-03,SCHEDULED,0,0.0
2026-08-03T05:06:18Z,1601812026-08-02,16018,2026-08-02,SCHEDULED,240,4.0
2026-08-03T05:06:18Z,1710012026-08-02,17100,2026-08-02,SCHEDULED,240,4.0
2026-08-03T05:06:18Z,1210112026-08-02,12101,2026-08-02,SCHEDULED,0,0.0
2026-08-03T05:06:18Z,1720112026-08-02,17201,2026-08-02,SCHEDULED,60,1.0
2026-08-03T05:06:18Z,1241112026-08-02,12411,2026-08-02,SCHEDULED,420,7.0
2026-08-03T05:06:18Z,1722712026-08-02,17227,2026-08-02,SCHEDULED,60,1.0
2026-08-03T05:06:18Z,1248012026-08-02,12480,2026-08-02,SCHEDULED,60,1.0
2026-08-03T05:06:18Z,1770312026-08-02,17703,2026-08-02,SCHEDULED,0,0.0
2026-08-03T05:06:18Z,1261112026-08-02,12611,2026-08-02,SCHEDULED,180,3.0
2026-08-03T05:06:18Z,1780612026-08-02,17806,2026-08-02,SCHEDULED,0,0.0
2026-08-03T05:06:18Z,1300112026-08-02,13001,2026-08-02,SCHEDULED,300,5.0
2026-08-03T05:06:18Z,1781512026-08-02,17815,2026-08-02,SCHEDULED,0,0.0
2026-08-03T05:06:18Z,1300312026-08-02,13003,2026-08-02,SCHEDULED,180,3.0
2026-08-03T05:06:18Z,1443312026-08-02,14433,2026-08-02,SCHEDULED,900,15.0
2026-08-03T05:06:18Z,1530912026-08-02,15309,2026-08-02,SCHEDULED,180,3.0
2026-08-03T05:06:18Z,1303012026-08-02,13030,2026-08-02,SCHEDULED,120,2.0
2026-08-03T05:06:18Z,1503022026-08-02,15030,2026-08-02,SCHEDULED,-180,-3.0
2026-08-03T05:06:18Z,1304112026-08-02,13041,2026-08-02,SCHEDULED,0,0.0
2026-08-03T05:06:18Z,1503112026-08-02,15031,2026-08-02,SCHEDULED,180,3.0
2026-08-03T05:06:18Z,1308412026-08-02,13084,2026-08-02,SCHEDULED,1200,20.0
2026-08-03T05:06:18Z,1600012026-08-02,16000,2026-08-02,SCHEDULED,180,3.0
2026-08-03T05:06:18Z,0411422026-08-03,04114,2026-08-03,SCHEDULED,0,0.0
2026-08-03T05:06:18Z,0411412026-08-03,04114,2026-08-03,SCHEDULED,0,0.0
2026-08-03T05:06:18Z,1702112026-08-02,17021,2026-08-02,SCHEDULED,60,1.0
2026-08-03T05:06:18Z,1702122026-08-02,17021,2026-08-02,SCHEDULED,60,1.0
2026-08-03T05:06:18Z,1702132026-08-02,17021,2026-08-02,SCHEDULED,60,1.0
2026-08-03T05:06:18Z,0075222026-08-03,00752,2026-08-03,SCHEDULED,60,1.0
2026-08-03T05:06:18Z,0075212026-08-03,00752,2026-08-03,SCHEDULED,60,1.0
2026-08-03T05:06:18Z,1401812026-08-02,14018,2026-08-02,SCHEDULED,240,4.0
2026-08-03T05:06:18Z,0947012026-08-02,09470,2026-08-02,SCHEDULED,0,0.0
2026-08-03T05:06:18Z,0075222026-08-03,00752,2026-08-03,SCHEDULED,120,2.0
2026-08-03T05:06:18Z,0075212026-08-03,00752,2026-08-03,SCHEDULED,120,2.0
2026-08-03T05:06:18Z,1562012026-08-02,15620,2026-08-02,SCHEDULED,240,4.0
2026-08-03T05:06:18Z,3460912026-08-02,34609,2026-08-02,SCHEDULED,240,4.0
2026-08-03T05:06:18Z,1562112026-08-02,15621,2026-08-02,SCHEDULED,300,5.0
2026-08-03T05:06:18Z,0107212026-08-02,01072,2026-08-02,SCHEDULED,600,10.0
2026-08-03T05:06:18Z,0206112026-08-02,02061,2026-08-02,SCHEDULED,600,10.0
2026-08-03T05:06:18Z,1563012026-08-02,15630,2026-08-02,SCHEDULED,180,3.0
2026-08-03T05:06:18Z,0206312026-08-02,02063,2026-08-02,SCHEDULED,0,0.0
2026-08-03T05:06:18Z,1877312026-08-02,18773,2026-08-02,SCHEDULED,0,0.0
2026-08-03T05:06:18Z,0206712026-08-02,02067,2026-08-02,SCHEDULED,-60,-1.0
2026-08-03T05:06:18Z,1703012026-08-02,17030,2026-08-02,SCHEDULED,420,7.0
2026-08-03T05:06:18Z,0207012026-08-02,02070,2026-08-02,SCHEDULED,0,0.0
2026-08-03T05:06:18Z,0207312026-08-02,02073,2026-08-02,SCHEDULED,60,1.0
2026-08-03T05:06:18Z,1833112026-08-02,18331,2026-08-02,SCHEDULED,60,1.0
2026-08-03T05:06:18Z,0207512026-08-03,02075,2026-08-03,SCHEDULED,240,4.0
2026-08-03T05:06:18Z,1251212026-08-02,12512,2026-08-02,SCHEDULED,0,0.0
2026-08-03T05:06:18Z,7180012026-08-02,71800,2026-08-02,SCHEDULED,0,0.0
2026-08-03T05:06:18Z,1800112026-08-02,18001,2026-08-02,SCHEDULED,-60,-1.0
2026-08-03T05:06:18Z,0306242026-08-02,03062,2026-08-02,SCHEDULED,0,0.0
2026-08-03T05:06:18Z,0306232026-08-02,03062,2026-08-02,SCHEDULED,0,0.0
2026-08-03T05:06:18Z,0306212026-08-02,03062,2026-08-02,SCHEDULED,0,0.0
2026-08-03T05:06:18Z,0306222026-08-02,03062,2026-08-02,SCHEDULED,0,0.0
2026-08-03T05:06:18Z,1802412026-08-02,18024,2026-08-02,SCHEDULED,60,1.0
2026-08-03T05:06:18Z,1803112026-08-02,18031,2026-08-02,SCHEDULED,60,1.0
2026-08-03T05:06:18Z,1804112026-08-02,18041,2026-08-02,SCHEDULED,0,0.0
2026-08-03T05:06:18Z,0306242026-08-02,03062,2026-08-02,SCHEDULED,540,9.0
2026-08-03T05:06:18Z,0306232026-08-02,03062,2026-08-02,SCHEDULED,540,9.0
2026-08-03T05:06:18Z,0306212026-08-02,03062,2026-08-02,SCHEDULED,540,9.0
2026-08-03T05:06:18Z,0306222026-08-02,03062,2026-08-02,SCHEDULED,540,9.0
2026-08-03T05:06:18Z,1804612026-08-02,18046,2026-08-02,SCHEDULED,420,7.0
2026-08-03T05:06:18Z,1806812026-08-02,18068,2026-08-02,SCHEDULED,360,6.0
2026-08-03T05:06:18Z,1807112026-08-02,18071,2026-08-02,SCHEDULED,840,14.0
2026-08-03T05:06:18Z,0331112026-08-02,03311,2026-08-02,SCHEDULED,60,1.0
2026-08-03T05:06:18Z,0331122026-08-02,03311,2026-08-02,SCHEDULED,60,1.0
2026-08-03T05:06:18Z,0331132026-08-02,03311,2026-08-02,SCHEDULED,60,1.0
2026-08-03T05:06:18Z,1807212026-08-02,18072,2026-08-02,SCHEDULED,-120,-2.0
2026-08-03T05:06:18Z,0366222026-08-02,03662,2026-08-02,SCHEDULED,240,4.0
2026-08-03T05:06:18Z,0366212026-08-02,03662,2026-08-02,SCHEDULED,240,4.0
2026-08-03T05:06:18Z,1800212026-08-02,18002,2026-08-02,SCHEDULED,780,13.0
2026-08-03T05:06:18Z,0406012026-08-02,04060,2026-08-02,SCHEDULED,180,3.0
2026-08-03T05:06:18Z,1806612026-08-02,18066,2026-08-02,SCHEDULED,120,2.0
2026-08-03T05:06:18Z,1812012026-08-02,18120,2026-08-02,SCHEDULED,0,0.0
2026-08-03T05:06:18Z,0408822026-08-03,04088,2026-08-03,SCHEDULED,-60,-1.0
2026-08-03T05:06:18Z,1812112026-08-02,18121,2026-08-02,SCHEDULED,60,1.0
2026-08-03T05:06:18Z,1821612026-08-02,18216,2026-08-02,SCHEDULED,-60,-1.0
2026-08-03T05:06:18Z,0407222026-08-03,04072,2026-08-03,SCHEDULED,300,5.0
2026-08-03T05:06:18Z,0407212026-08-03,04072,2026-08-03,SCHEDULED,300,5.0
2026-08-03T05:06:18Z,3586912026-08-02,35869,2026-08-02,SCHEDULED,180,3.0
2026-08-03T05:06:18Z,0446412026-08-02,04464,2026-08-02,SCHEDULED,60,1.0
2026-08-03T05:06:18Z,1891012026-08-02,18910,2026-08-02,SCHEDULED,420,7.0
2026-08-03T05:06:18Z,0415422026-08-02,04154,2026-08-02,SCHEDULED,600,10.0
2026-08-03T05:06:18Z,0415412026-08-02,04154,2026-08-02,SCHEDULED,600,10.0
2026-08-03T05:06:18Z,0486822026-08-03,04868,2026-08-03,SCHEDULED,-180,-3.0
2026-08-03T05:06:18Z,0486812026-08-03,04868,2026-08-03,SCHEDULED,-180,-3.0
2026-08-03T05:06:18Z,0506312026-08-02,05063,2026-08-02,SCHEDULED,0,0.0
2026-08-03T05:06:18Z,0506422026-08-02,05064,2026-08-02,SCHEDULED,300,5.0
2026-08-03T05:06:18Z,0506412026-08-02,05064,2026-08-02,SCHEDULED,300,5.0
2026-08-03T05:06:18Z,0506522026-08-02,05065,2026-08-02,SCHEDULED,0,0.0
2026-08-03T05:06:18Z,0506512026-08-02,05065,2026-08-02,SCHEDULED,0,0.0
2026-08-03T05:06:18Z,0507212026-08-02,05072,2026-08-02,SCHEDULED,180,3.0
2026-08-03T05:06:18Z,0509222026-08-02,05092,2026-08-02,SCHEDULED,-180,-3.0
2026-08-03T05:06:18Z,0509212026-08-02,05092,2026-08-02,SCHEDULED,-180,-3.0
2026-08-03T05:06:18Z,0508012026-08-02,05080,2026-08-02,SCHEDULED,0,0.0
2026-08-03T05:06:18Z,0508032026-08-02,05080,2026-08-02,SCHEDULED,0,0.0
2026-08-03T05:06:18Z,0508022026-08-02,05080,2026-08-02,SCHEDULED,0,0.0
2026-08-03T05:06:18Z,0566812026-08-02,05668,2026-08-02,SCHEDULED,0,0.0
2026-08-03T05:06:18Z,0587112026-08-02,05871,2026-08-02,SCHEDULED,300,5.0
2026-08-03T05:06:18Z,0805812026-08-02,08058,2026-08-02,SCHEDULED,120,2.0
2026-08-03T05:06:18Z,1261412026-08-02,12614,2026-08-02,CANCELED,,
2026-08-03T05:06:18Z,1565712026-08-02,15657,2026-08-02,CANCELED,,
2026-08-03T05:06:18Z,1260712026-08-02,12607,2026-08-02,CANCELED,,
2026-08-03T05:06:18Z,1260712026-08-02,12607,2026-08-02,CANCELED,,
2026-08-03T05:06:18Z,1705212026-08-02,17052,2026-08-02,CANCELED,,
2026-08-03T05:06:18Z,1307912026-08-02,13079,2026-08-02,CANCELED,,
2026-08-03T05:06:18Z,1721812026-08-02,17218,2026-08-02,CANCELED,,
2026-08-03T05:06:18Z,1390412026-08-02,13904,2026-08-02,CANCELED,,
2026-08-03T05:06:18Z,3821812026-08-02,38218,2026-08-02,CANCELED,,
2026-08-03T05:06:18Z,3890412026-08-02,38904,2026-08-02,CANCELED,,
2026-08-03T05:06:18Z,1722112026-08-02,17221,2026-08-02,CANCELED,,
2026-08-03T05:06:18Z,3822112026-08-02,38221,2026-08-02,CANCELED,,
2026-08-03T05:06:18Z,0407222026-08-03,04072,2026-08-03,CANCELED,,
2026-08-03T05:06:18Z,0407212026-08-03,04072,2026-08-03,CANCELED,,
2026-08-03T05:06:18Z,1750312026-08-02,17503,2026-08-02,CANCELED,,
2026-08-03T05:06:18Z,3707212026-08-03,37072,2026-08-03,CANCELED,,
2026-08-03T05:06:18Z,1821412026-08-02,18214,2026-08-02,CANCELED,,
2026-08-03T05:06:18Z,0029522026-08-03,00295,2026-08-03,CANCELED,,
2026-08-03T05:06:18Z,0029512026-08-03,00295,2026-08-03,CANCELED,,
2026-08-03T05:06:18Z,1821512026-08-02,18215,2026-08-02,CANCELED,,
2026-08-03T05:06:18Z,1260812026-08-02,12608,2026-08-02,CANCELED,,
2026-08-03T05:06:18Z,3709522026-08-02,37095,2026-08-02,CANCELED,,
2026-08-03T05:06:18Z,3709512026-08-02,37095,2026-08-02,CANCELED,,
2026-08-03T05:06:18Z,3739512026-08-02,37395,2026-08-02,CANCELED,,
2026-08-03T05:06:18Z,1810132026-08-02,18101,2026-08-02,CANCELED,,
2026-08-03T05:06:18Z,1810142026-08-02,18101,2026-08-02,CANCELED,,
2026-08-03T05:06:18Z,1810152026-08-02,18101,2026-08-02,CANCELED,,
2026-08-03T05:06:18Z,0019222026-08-03,00192,2026-08-03,CANCELED,,
2026-08-03T05:06:18Z,0019212026-08-03,00192,2026-08-03,CANCELED,,
2026-08-03T05:06:18Z,3739212026-08-02,37392,2026-08-02,CANCELED,,
2026-08-03T05:06:18Z,3749222026-08-02,37492,2026-08-02,CANCELED,,
2026-08-03T05:06:18Z,3749212026-08-02,37492,2026-08-02,CANCELED,,
2026-08-03T05:06:18Z,1810232026-08-02,18102,2026-08-02,CANCELED,,
2026-08-03T05:06:18Z,1810222026-08-02,18102,2026-08-02,CANCELED,,
2026-08-03T05:06:18Z,1810242026-08-02,18102,2026-08-02,CANCELED,,
2026-08-03T05:06:18Z,1810512026-08-02,18105,2026-08-02,CANCELED,,
2026-08-03T05:06:18Z,3810512026-08-02,38105,2026-08-02,CANCELED,,
2026-08-03T05:11:26Z,0806812026-08-02,08068,2026-08-02,SCHEDULED,60,1.0
2026-08-03T05:11:26Z,1308412026-08-02,13084,2026-08-02,SCHEDULED,1200,20.0
2026-08-03T05:11:26Z,0807112026-08-02,08071,2026-08-02,SCHEDULED,300,5.0
2026-08-03T05:11:26Z,1395112026-08-02,13951,2026-08-02,SCHEDULED,360,6.0
2026-08-03T05:11:26Z,1320112026-08-02,13201,2026-08-02,SCHEDULED,0,0.0
2026-08-03T05:11:26Z,0807512026-08-02,08075,2026-08-02,SCHEDULED,1080,18.0
2026-08-03T05:11:26Z,1390012026-08-02,13900,2026-08-02,SCHEDULED,360,6.0
2026-08-03T05:11:26Z,0807712026-08-02,08077,2026-08-02,SCHEDULED,120,2.0
2026-08-03T05:11:26Z,1390112026-08-02,13901,2026-08-02,SCHEDULED,120,2.0
2026-08-03T05:11:26Z,0826012026-08-02,08260,2026-08-02,SCHEDULED,-180,-3.0
2026-08-03T05:11:26Z,0826112026-08-02,08261,2026-08-02,SCHEDULED,420,7.0
2026-08-03T05:11:26Z,0835812026-08-02,08358,2026-08-02,SCHEDULED,0,0.0
2026-08-03T05:11:26Z,0847512026-08-02,08475,2026-08-02,SCHEDULED,300,5.0
2026-08-03T05:11:26Z,1412322026-08-03,14123,2026-08-03,SCHEDULED,420,7.0
2026-08-03T05:11:26Z,1412342026-08-02,14123,2026-08-02,SCHEDULED,420,7.0
2026-08-03T05:11:26Z,1412332026-08-02,14123,2026-08-02,SCHEDULED,420,7.0
2026-08-03T05:11:26Z,0866412026-08-02,08664,2026-08-02,SCHEDULED,0,0.0
2026-08-03T05:11:26Z,0807212026-08-02,08072,2026-08-02,SCHEDULED,-420,-7.0
2026-08-03T05:11:26Z,0906112026-08-02,09061,2026-08-02,SCHEDULED,0,0.0
2026-08-03T05:11:26Z,3560432026-08-02,35604,2026-08-02,SCHEDULED,120,2.0
2026-08-03T05:11:26Z,3560442026-08-02,35604,2026-08-02,SCHEDULED,120,2.0
2026-08-03T05:11:26Z,3560452026-08-02,35604,2026-08-02,SCHEDULED,120,2.0
2026-08-03T05:11:26Z,0906712026-08-02,09067,2026-08-02,SCHEDULED,0,0.0
2026-08-03T05:11:26Z,1500012026-08-02,15000,2026-08-02,SCHEDULED,480,8.0
2026-08-03T05:11:26Z,1500112026-08-02,15001,2026-08-02,SCHEDULED,60,1.0
2026-08-03T05:11:26Z,0907222026-08-02,09072,2026-08-02,SCHEDULED,-60,-1.0
2026-08-03T05:11:26Z,0907212026-08-02,09072,2026-08-02,SCHEDULED,-60,-1.0
2026-08-03T05:11:26Z,1500212026-08-02,15002,2026-08-02,SCHEDULED,360,6.0
2026-08-03T05:11:26Z,0907312026-08-02,09073,2026-08-02,SCHEDULED,-60,-1.0
2026-08-03T05:11:26Z,1504012026-08-02,15040,2026-08-02,SCHEDULED,900,15.0
2026-08-03T05:11:26Z,0907512026-08-02,09075,2026-08-02,SCHEDULED,0,0.0
2026-08-03T05:11:26Z,1505012026-08-02,15050,2026-08-02,SCHEDULED,60,1.0
2026-08-03T05:11:26Z,0207412026-08-03,02074,2026-08-03,SCHEDULED,0,0.0
2026-08-03T05:11:26Z,1564512026-08-02,15645,2026-08-02,SCHEDULED,0,0.0
2026-08-03T05:11:26Z,0109212026-08-02,01092,2026-08-02,SCHEDULED,120,2.0
2026-08-03T05:11:26Z,1564612026-08-02,15646,2026-08-02,SCHEDULED,300,5.0
2026-08-03T05:11:26Z,1565012026-08-02,15650,2026-08-02,SCHEDULED,540,9.0
2026-08-03T05:11:26Z,0029122026-08-03,00291,2026-08-03,SCHEDULED,-60,-1.0
2026-08-03T05:11:26Z,0029112026-08-03,00291,2026-08-03,SCHEDULED,-60,-1.0
2026-08-03T05:11:26Z,1572012026-08-02,15720,2026-08-02,SCHEDULED,1020,17.0
2026-08-03T05:11:26Z,1572212026-08-02,15722,2026-08-02,SCHEDULED,120,2.0
2026-08-03T05:11:26Z,0429522026-08-02,04295,2026-08-02,SCHEDULED,-60,-1.0
2026-08-03T05:11:26Z,0429512026-08-02,04295,2026-08-02,SCHEDULED,-60,-1.0
2026-08-03T05:11:26Z,1575112026-08-02,15751,2026-08-02,SCHEDULED,120,2.0
2026-08-03T05:11:26Z,1577012026-08-02,15770,2026-08-02,SCHEDULED,60,1.0
2026-08-03T05:11:26Z,1577212026-08-02,15772,2026-08-02,SCHEDULED,60,1.0
2026-08-03T05:11:26Z,0576312026-08-02,05763,2026-08-02,SCHEDULED,0,0.0
2026-08-03T05:11:26Z,0576322026-08-02,05763,2026-08-02,SCHEDULED,0,0.0
2026-08-03T05:11:26Z,0576332026-08-02,05763,2026-08-02,SCHEDULED,0,0.0
2026-08-03T05:11:26Z,1577412026-08-02,15774,2026-08-02,SCHEDULED,0,0.0
2026-08-03T05:11:26Z,0405612026-08-03,04056,2026-08-03,SCHEDULED,-60,-1.0
2026-08-03T05:11:26Z,1585012026-08-02,15850,2026-08-02,SCHEDULED,0,0.0
2026-08-03T05:11:26Z,1585212026-08-02,15852,2026-08-02,SCHEDULED,0,0.0
2026-08-03T05:11:26Z,1590012026-08-02,15900,2026-08-02,SCHEDULED,840,14.0
2026-08-03T05:11:26Z,0418612026-08-03,04186,2026-08-03,SCHEDULED,240,4.0
2026-08-03T05:11:26Z,0418642026-08-03,04186,2026-08-03,SCHEDULED,240,4.0
2026-08-03T05:11:26Z,0418622026-08-03,04186,2026-08-03,SCHEDULED,240,4.0
2026-08-03T05:11:26Z,0407312026-08-03,04073,2026-08-03,SCHEDULED,-180,-3.0
2026-08-03T05:11:26Z,1801012026-08-02,18010,2026-08-02,SCHEDULED,-60,-1.0
2026-08-03T05:11:26Z,1801022026-08-02,18010,2026-08-02,SCHEDULED,-60,-1.0
2026-08-03T05:11:26Z,1801032026-08-02,18010,2026-08-02,SCHEDULED,-60,-1.0
2026-08-03T05:11:26Z,1601812026-08-02,16018,2026-08-02,SCHEDULED,240,4.0
2026-08-03T05:11:26Z,1210112026-08-02,12101,2026-08-02,SCHEDULED,0,0.0
2026-08-03T05:11:26Z,1710012026-08-02,17100,2026-08-02,SCHEDULED,240,4.0
2026-08-03T05:11:26Z,1241112026-08-02,12411,2026-08-02,SCHEDULED,540,9.0
2026-08-03T05:11:26Z,1720112026-08-02,17201,2026-08-02,SCHEDULED,60,1.0
2026-08-03T05:11:26Z,1248012026-08-02,12480,2026-08-02,SCHEDULED,240,4.0
2026-08-03T05:11:26Z,1722712026-08-02,17227,2026-08-02,SCHEDULED,60,1.0
2026-08-03T05:11:26Z,1261312026-08-02,12613,2026-08-02,SCHEDULED,180,3.0
2026-08-03T05:11:26Z,1770312026-08-02,17703,2026-08-02,SCHEDULED,-60,-1.0
2026-08-03T05:11:26Z,1261112026-08-02,12611,2026-08-02,SCHEDULED,240,4.0
2026-08-03T05:11:26Z,1780612026-08-02,17806,2026-08-02,SCHEDULED,180,3.0
2026-08-03T05:11:26Z,1300112026-08-02,13001,2026-08-02,SCHEDULED,240,4.0
2026-08-03T05:11:26Z,1891012026-08-02,18910,2026-08-02,SCHEDULED,420,7.0
2026-08-03T05:11:26Z,1300312026-08-02,13003,2026-08-02,SCHEDULED,240,4.0
2026-08-03T05:11:26Z,1443012026-08-02,14430,2026-08-02,SCHEDULED,0,0.0
2026-08-03T05:11:26Z,1303012026-08-02,13030,2026-08-02,SCHEDULED,120,2.0
2026-08-03T05:11:26Z,1443312026-08-02,14433,2026-08-02,SCHEDULED,900,15.0
2026-08-03T05:11:26Z,1530912026-08-02,15309,2026-08-02,SCHEDULED,180,3.0
2026-08-03T05:11:26Z,1304112026-08-02,13041,2026-08-02,SCHEDULED,60,1.0
2026-08-03T05:11:26Z,1503022026-08-02,15030,2026-08-02,SCHEDULED,-60,-1.0
2026-08-03T05:11:26Z,0411422026-08-03,04114,2026-08-03,SCHEDULED,0,0.0
2026-08-03T05:11:26Z,0411412026-08-03,04114,2026-08-03,SCHEDULED,0,0.0
2026-08-03T05:11:26Z,1503112026-08-02,15031,2026-08-02,SCHEDULED,300,5.0
2026-08-03T05:11:26Z,1600012026-08-02,16000,2026-08-02,SCHEDULED,60,1.0
2026-08-03T05:11:26Z,0075222026-08-03,00752,2026-08-03,SCHEDULED,60,1.0
2026-08-03T05:11:26Z,0075212026-08-03,00752,2026-08-03,SCHEDULED,60,1.0
2026-08-03T05:11:26Z,0075222026-08-03,00752,2026-08-03,SCHEDULED,120,2.0
2026-08-03T05:11:26Z,0075212026-08-03,00752,2026-08-03,SCHEDULED,120,2.0
2026-08-03T05:11:26Z,1702112026-08-02,17021,2026-08-02,SCHEDULED,60,1.0
2026-08-03T05:11:26Z,1702122026-08-02,17021,2026-08-02,SCHEDULED,60,1.0
2026-08-03T05:11:26Z,1702132026-08-02,17021,2026-08-02,SCHEDULED,60,1.0
2026-08-03T05:11:26Z,3460912026-08-02,34609,2026-08-02,SCHEDULED,240,4.0
2026-08-03T05:11:26Z,1401812026-08-02,14018,2026-08-02,SCHEDULED,240,4.0
2026-08-03T05:11:26Z,0107212026-08-02,01072,2026-08-02,SCHEDULED,660,11.0
2026-08-03T05:11:26Z,0947012026-08-02,09470,2026-08-02,SCHEDULED,0,0.0
2026-08-03T05:11:26Z,1562112026-08-02,15621,2026-08-02,SCHEDULED,180,3.0
2026-08-03T05:11:26Z,0108122026-08-02,01081,2026-08-02,SCHEDULED,60,1.0
2026-08-03T05:11:26Z,0108112026-08-02,01081,2026-08-02,SCHEDULED,60,1.0
2026-08-03T05:11:26Z,0206112026-08-02,02061,2026-08-02,SCHEDULED,600,10.0
2026-08-03T05:11:26Z,1563012026-08-02,15630,2026-08-02,SCHEDULED,240,4.0
2026-08-03T05:11:26Z,0206312026-08-02,02063,2026-08-02,SCHEDULED,0,0.0
2026-08-03T05:11:26Z,1877312026-08-02,18773,2026-08-02,SCHEDULED,0,0.0
2026-08-03T05:11:26Z,0206712026-08-02,02067,2026-08-02,SCHEDULED,-60,-1.0
2026-08-03T05:11:26Z,1703012026-08-02,17030,2026-08-02,SCHEDULED,840,14.0
2026-08-03T05:11:26Z,0207012026-08-02,02070,2026-08-02,SCHEDULED,0,0.0
2026-08-03T05:11:26Z,0207312026-08-02,02073,2026-08-02,SCHEDULED,180,3.0
2026-08-03T05:11:26Z,1833112026-08-02,18331,2026-08-02,SCHEDULED,60,1.0
2026-08-03T05:11:26Z,0207512026-08-03,02075,2026-08-03,SCHEDULED,240,4.0
2026-08-03T05:11:26Z,1251212026-08-02,12512,2026-08-02,SCHEDULED,-60,-1.0
2026-08-03T05:11:26Z,7180012026-08-02,71800,2026-08-02,SCHEDULED,0,0.0
2026-08-03T05:11:26Z,1781512026-08-02,17815,2026-08-02,SCHEDULED,0,0.0
2026-08-03T05:11:26Z,1800112026-08-02,18001,2026-08-02,SCHEDULED,-300,-5.0
2026-08-03T05:11:26Z,0306242026-08-02,03062,2026-08-02,SCHEDULED,0,0.0
2026-08-03T05:11:26Z,0306232026-08-02,03062,2026-08-02,SCHEDULED,0,0.0
2026-08-03T05:11:26Z,0306212026-08-02,03062,2026-08-02,SCHEDULED,0,0.0
2026-08-03T05:11:26Z,0306222026-08-02,03062,2026-08-02,SCHEDULED,0,0.0
2026-08-03T05:11:26Z,1802412026-08-02,18024,2026-08-02,SCHEDULED,240,4.0
2026-08-03T05:11:26Z,1803112026-08-02,18031,2026-08-02,SCHEDULED,60,1.0
2026-08-03T05:11:26Z,1804112026-08-02,18041,2026-08-02,SCHEDULED,0,0.0
2026-08-03T05:11:26Z,1804612026-08-02,18046,2026-08-02,SCHEDULED,420,7.0
2026-08-03T05:11:26Z,0306242026-08-02,03062,2026-08-02,SCHEDULED,660,11.0
2026-08-03T05:11:26Z,0306232026-08-02,03062,2026-08-02,SCHEDULED,660,11.0
2026-08-03T05:11:26Z,0306212026-08-02,03062,2026-08-02,SCHEDULED,660,11.0
2026-08-03T05:11:26Z,0306222026-08-02,03062,2026-08-02,SCHEDULED,660,11.0
2026-08-03T05:11:26Z,1805412026-08-02,18054,2026-08-02,SCHEDULED,60,1.0
2026-08-03T05:11:26Z,1806812026-08-02,18068,2026-08-02,SCHEDULED,360,6.0
2026-08-03T05:11:26Z,0331112026-08-02,03311,2026-08-02,SCHEDULED,120,2.0
2026-08-03T05:11:26Z,0331122026-08-02,03311,2026-08-02,SCHEDULED,120,2.0
2026-08-03T05:11:26Z,0331132026-08-02,03311,2026-08-02,SCHEDULED,120,2.0
2026-08-03T05:11:26Z,1807112026-08-02,18071,2026-08-02,SCHEDULED,780,13.0
2026-08-03T05:11:26Z,1807212026-08-02,18072,2026-08-02,SCHEDULED,-300,-5.0
2026-08-03T05:11:26Z,0366222026-08-02,03662,2026-08-02,SCHEDULED,240,4.0
2026-08-03T05:11:26Z,0366212026-08-02,03662,2026-08-02,SCHEDULED,240,4.0
2026-08-03T05:11:26Z,0406012026-08-02,04060,2026-08-02,SCHEDULED,120,2.0
2026-08-03T05:11:26Z,1800212026-08-02,18002,2026-08-02,SCHEDULED,780,13.0
2026-08-03T05:11:26Z,1806612026-08-02,18066,2026-08-02,SCHEDULED,120,2.0
2026-08-03T05:11:26Z,0408822026-08-03,04088,2026-08-03,SCHEDULED,-60,-1.0
2026-08-03T05:11:26Z,1812012026-08-02,18120,2026-08-02,SCHEDULED,0,0.0
2026-08-03T05:11:26Z,0407222026-08-03,04072,2026-08-03,SCHEDULED,300,5.0
2026-08-03T05:11:26Z,0407212026-08-03,04072,2026-08-03,SCHEDULED,300,5.0
2026-08-03T05:11:26Z,1812112026-08-02,18121,2026-08-02,SCHEDULED,60,1.0
2026-08-03T05:11:26Z,0446412026-08-02,04464,2026-08-02,SCHEDULED,60,1.0
2026-08-03T05:11:26Z,1821612026-08-02,18216,2026-08-02,SCHEDULED,0,0.0
2026-08-03T05:11:26Z,1832112026-08-02,18321,2026-08-02,SCHEDULED,0,0.0
2026-08-03T05:11:26Z,0415422026-08-02,04154,2026-08-02,SCHEDULED,600,10.0
2026-08-03T05:11:26Z,0415412026-08-02,04154,2026-08-02,SCHEDULED,600,10.0
2026-08-03T05:11:26Z,0486822026-08-03,04868,2026-08-03,SCHEDULED,0,0.0
2026-08-03T05:11:26Z,0486812026-08-03,04868,2026-08-03,SCHEDULED,0,0.0
2026-08-03T05:11:26Z,0506312026-08-02,05063,2026-08-02,SCHEDULED,0,0.0
2026-08-03T05:11:26Z,0506422026-08-02,05064,2026-08-02,SCHEDULED,120,2.0
2026-08-03T05:11:26Z,0506412026-08-02,05064,2026-08-02,SCHEDULED,120,2.0
2026-08-03T05:11:26Z,0506522026-08-02,05065,2026-08-02,SCHEDULED,0,0.0
2026-08-03T05:11:26Z,0506512026-08-02,05065,2026-08-02,SCHEDULED,0,0.0
2026-08-03T05:11:26Z,0507212026-08-02,05072,2026-08-02,SCHEDULED,240,4.0
2026-08-03T05:11:26Z,0509222026-08-02,05092,2026-08-02,SCHEDULED,-180,-3.0
2026-08-03T05:11:26Z,0509212026-08-02,05092,2026-08-02,SCHEDULED,-180,-3.0
2026-08-03T05:11:26Z,0508012026-08-02,05080,2026-08-02,SCHEDULED,0,0.0
2026-08-03T05:11:26Z,0508032026-08-02,05080,2026-08-02,SCHEDULED,0,0.0
2026-08-03T05:11:26Z,0508022026-08-02,05080,2026-08-02,SCHEDULED,0,0.0
2026-08-03T05:11:26Z,0566812026-08-02,05668,2026-08-02,SCHEDULED,0,0.0
2026-08-03T05:11:26Z,0587112026-08-02,05871,2026-08-02,SCHEDULED,180,3.0
2026-08-03T05:11:26Z,0805812026-08-02,08058,2026-08-02,SCHEDULED,120,2.0
2026-08-03T05:11:26Z,0806212026-08-02,08062,2026-08-02,SCHEDULED,180,3.0
2026-08-03T05:11:26Z,1261412026-08-02,12614,2026-08-02,CANCELED,,
2026-08-03T05:11:26Z,1565712026-08-02,15657,2026-08-02,CANCELED,,
2026-08-03T05:11:26Z,1260712026-08-02,12607,2026-08-02,CANCELED,,
2026-08-03T05:11:26Z,1260712026-08-02,12607,2026-08-02,CANCELED,,
2026-08-03T05:11:26Z,1705212026-08-02,17052,2026-08-02,CANCELED,,
2026-08-03T05:11:26Z,1307912026-08-02,13079,2026-08-02,CANCELED,,
2026-08-03T05:11:26Z,1721812026-08-02,17218,2026-08-02,CANCELED,,
2026-08-03T05:11:26Z,1390412026-08-02,13904,2026-08-02,CANCELED,,
2026-08-03T05:11:26Z,3821812026-08-02,38218,2026-08-02,CANCELED,,
2026-08-03T05:11:26Z,1722112026-08-02,17221,2026-08-02,CANCELED,,
2026-08-03T05:11:26Z,3890412026-08-02,38904,2026-08-02,CANCELED,,
2026-08-03T05:11:26Z,3822112026-08-02,38221,2026-08-02,CANCELED,,
2026-08-03T05:11:26Z,1750312026-08-02,17503,2026-08-02,CANCELED,,
2026-08-03T05:11:26Z,1821412026-08-02,18214,2026-08-02,CANCELED,,
2026-08-03T05:11:26Z,0407222026-08-03,04072,2026-08-03,CANCELED,,
2026-08-03T05:11:26Z,0407212026-08-03,04072,2026-08-03,CANCELED,,
2026-08-03T05:11:26Z,3707212026-08-03,37072,2026-08-03,CANCELED,,
2026-08-03T05:11:26Z,1821512026-08-02,18215,2026-08-02,CANCELED,,
2026-08-03T05:11:26Z,1260812026-08-02,12608,2026-08-02,CANCELED,,
2026-08-03T05:11:26Z,0029522026-08-03,00295,2026-08-03,CANCELED,,
2026-08-03T05:11:26Z,0029512026-08-03,00295,2026-08-03,CANCELED,,
2026-08-03T05:11:26Z,3709522026-08-02,37095,2026-08-02,CANCELED,,
2026-08-03T05:11:26Z,3709512026-08-02,37095,2026-08-02,CANCELED,,
2026-08-03T05:11:26Z,1810132026-08-02,18101,2026-08-02,CANCELED,,
2026-08-03T05:11:26Z,1810142026-08-02,18101,2026-08-02,CANCELED,,
2026-08-03T05:11:26Z,1810152026-08-02,18101,2026-08-02,CANCELED,,
2026-08-03T05:11:26Z,3739512026-08-02,37395,2026-08-02,CANCELED,,
2026-08-03T05:11:26Z,0019222026-08-03,00192,2026-08-03,CANCELED,,
2026-08-03T05:11:26Z,0019212026-08-03,00192,2026-08-03,CANCELED,,
2026-08-03T05:11:26Z,3739212026-08-02,37392,2026-08-02,CANCELED,,
2026-08-03T05:11:26Z,1810222026-08-02,18102,2026-08-02,CANCELED,,
2026-08-03T05:11:26Z,1810232026-08-02,18102,2026-08-02,CANCELED,,
2026-08-03T05:11:26Z,1810242026-08-02,18102,2026-08-02,CANCELED,,
2026-08-03T05:11:26Z,3749222026-08-02,37492,2026-08-02,CANCELED,,
2026-08-03T05:11:26Z,3749212026-08-02,37492,2026-08-02,CANCELED,,
2026-08-03T05:11:26Z,1810512026-08-02,18105,2026-08-02,CANCELED,,
2026-08-03T05:11:26Z,3810512026-08-02,38105,2026-08-02,CANCELED,,
2026-08-03T05:16:28Z,0807112026-08-02,08071,2026-08-02,SCHEDULED,300,5.0
2026-08-03T05:16:28Z,1395112026-08-02,13951,2026-08-02,SCHEDULED,360,6.0
2026-08-03T05:16:28Z,1320112026-08-02,13201,2026-08-02,SCHEDULED,-120,-2.0
2026-08-03T05:16:28Z,0807512026-08-02,08075,2026-08-02,SCHEDULED,840,14.0
2026-08-03T05:16:28Z,1390012026-08-02,13900,2026-08-02,SCHEDULED,360,6.0
2026-08-03T05:16:28Z,0807712026-08-02,08077,2026-08-02,SCHEDULED,60,1.0
2026-08-03T05:16:28Z,1390112026-08-02,13901,2026-08-02,SCHEDULED,-300,-5.0
2026-08-03T05:16:28Z,0826012026-08-02,08260,2026-08-02,SCHEDULED,-180,-3.0
2026-08-03T05:16:28Z,0826112026-08-02,08261,2026-08-02,SCHEDULED,300,5.0
2026-08-03T05:16:28Z,0847512026-08-02,08475,2026-08-02,SCHEDULED,180,3.0
2026-08-03T05:16:28Z,0866412026-08-02,08664,2026-08-02,SCHEDULED,0,0.0
2026-08-03T05:16:28Z,1412322026-08-03,14123,2026-08-03,SCHEDULED,420,7.0
2026-08-03T05:16:28Z,1412342026-08-02,14123,2026-08-02,SCHEDULED,420,7.0
2026-08-03T05:16:28Z,1412332026-08-02,14123,2026-08-02,SCHEDULED,420,7.0
2026-08-03T05:16:28Z,3586912026-08-02,35869,2026-08-02,SCHEDULED,0,0.0
2026-08-03T05:16:28Z,0807212026-08-02,08072,2026-08-02,SCHEDULED,-420,-7.0
2026-08-03T05:16:28Z,0906712026-08-02,09067,2026-08-02,SCHEDULED,0,0.0
2026-08-03T05:16:28Z,3560432026-08-02,35604,2026-08-02,SCHEDULED,120,2.0
2026-08-03T05:16:28Z,3560442026-08-02,35604,2026-08-02,SCHEDULED,120,2.0
2026-08-03T05:16:28Z,3560452026-08-02,35604,2026-08-02,SCHEDULED,120,2.0
2026-08-03T05:16:28Z,0907222026-08-02,09072,2026-08-02,SCHEDULED,-120,-2.0
2026-08-03T05:16:28Z,0907212026-08-02,09072,2026-08-02,SCHEDULED,-120,-2.0
2026-08-03T05:16:28Z,1500012026-08-02,15000,2026-08-02,SCHEDULED,420,7.0
2026-08-03T05:16:28Z,0907312026-08-02,09073,2026-08-02,SCHEDULED,-60,-1.0
2026-08-03T05:16:28Z,1500112026-08-02,15001,2026-08-02,SCHEDULED,60,1.0
2026-08-03T05:16:28Z,0907512026-08-02,09075,2026-08-02,SCHEDULED,0,0.0
2026-08-03T05:16:28Z,1500212026-08-02,15002,2026-08-02,SCHEDULED,360,6.0
2026-08-03T05:16:28Z,0207412026-08-03,02074,2026-08-03,SCHEDULED,0,0.0
2026-08-03T05:16:28Z,1504012026-08-02,15040,2026-08-02,SCHEDULED,900,15.0
2026-08-03T05:16:28Z,0109212026-08-02,01092,2026-08-02,SCHEDULED,60,1.0
2026-08-03T05:16:28Z,1504112026-08-02,15041,2026-08-02,SCHEDULED,-60,-1.0
2026-08-03T05:16:28Z,1505012026-08-02,15050,2026-08-02,SCHEDULED,60,1.0
2026-08-03T05:16:28Z,0029122026-08-03,00291,2026-08-03,SCHEDULED,-60,-1.0
2026-08-03T05:16:28Z,0029112026-08-03,00291,2026-08-03,SCHEDULED,-60,-1.0
2026-08-03T05:16:28Z,1564512026-08-02,15645,2026-08-02,SCHEDULED,0,0.0
2026-08-03T05:16:28Z,1564612026-08-02,15646,2026-08-02,SCHEDULED,180,3.0
2026-08-03T05:16:28Z,0429522026-08-02,04295,2026-08-02,SCHEDULED,-60,-1.0
2026-08-03T05:16:28Z,0429512026-08-02,04295,2026-08-02,SCHEDULED,-60,-1.0
2026-08-03T05:16:28Z,1565012026-08-02,15650,2026-08-02,SCHEDULED,540,9.0
2026-08-03T05:16:28Z,1572012026-08-02,15720,2026-08-02,SCHEDULED,1080,18.0
2026-08-03T05:16:28Z,1572212026-08-02,15722,2026-08-02,SCHEDULED,120,2.0
2026-08-03T05:16:28Z,0576312026-08-02,05763,2026-08-02,SCHEDULED,0,0.0
2026-08-03T05:16:28Z,0576322026-08-02,05763,2026-08-02,SCHEDULED,0,0.0
2026-08-03T05:16:28Z,0576332026-08-02,05763,2026-08-02,SCHEDULED,0,0.0
2026-08-03T05:16:28Z,1575112026-08-02,15751,2026-08-02,SCHEDULED,240,4.0
2026-08-03T05:16:28Z,0405612026-08-03,04056,2026-08-03,SCHEDULED,-60,-1.0
2026-08-03T05:16:28Z,1577012026-08-02,15770,2026-08-02,SCHEDULED,60,1.0
2026-08-03T05:16:28Z,1577212026-08-02,15772,2026-08-02,SCHEDULED,60,1.0
2026-08-03T05:16:28Z,1577412026-08-02,15774,2026-08-02,SCHEDULED,0,0.0
2026-08-03T05:16:28Z,0418612026-08-03,04186,2026-08-03,SCHEDULED,360,6.0
2026-08-03T05:16:28Z,0418642026-08-03,04186,2026-08-03,SCHEDULED,360,6.0
2026-08-03T05:16:28Z,0418622026-08-03,04186,2026-08-03,SCHEDULED,360,6.0
2026-08-03T05:16:28Z,1585012026-08-02,15850,2026-08-02,SCHEDULED,60,1.0
2026-08-03T05:16:28Z,0408712026-08-03,04087,2026-08-03,SCHEDULED,1560,26.0
2026-08-03T05:16:28Z,1585212026-08-02,15852,2026-08-02,SCHEDULED,0,0.0
2026-08-03T05:16:28Z,0407312026-08-03,04073,2026-08-03,SCHEDULED,-180,-3.0
2026-08-03T05:16:28Z,1590012026-08-02,15900,2026-08-02,SCHEDULED,840,14.0
2026-08-03T05:16:28Z,1210112026-08-02,12101,2026-08-02,SCHEDULED,-60,-1.0
2026-08-03T05:16:28Z,1801012026-08-02,18010,2026-08-02,SCHEDULED,-60,-1.0
2026-08-03T05:16:28Z,1801022026-08-02,18010,2026-08-02,SCHEDULED,-60,-1.0
2026-08-03T05:16:28Z,1801032026-08-02,18010,2026-08-02,SCHEDULED,-60,-1.0
2026-08-03T05:16:28Z,1241112026-08-02,12411,2026-08-02,SCHEDULED,360,6.0
2026-08-03T05:16:28Z,1620712026-08-02,16207,2026-08-02,SCHEDULED,0,0.0
2026-08-03T05:16:28Z,1248012026-08-02,12480,2026-08-02,SCHEDULED,240,4.0
2026-08-03T05:16:28Z,1601812026-08-02,16018,2026-08-02,SCHEDULED,240,4.0
2026-08-03T05:16:28Z,1261312026-08-02,12613,2026-08-02,SCHEDULED,180,3.0
2026-08-03T05:16:28Z,1261112026-08-02,12611,2026-08-02,SCHEDULED,240,4.0
2026-08-03T05:16:28Z,1710012026-08-02,17100,2026-08-02,SCHEDULED,300,5.0
2026-08-03T05:16:28Z,1300112026-08-02,13001,2026-08-02,SCHEDULED,240,4.0
2026-08-03T05:16:28Z,1720112026-08-02,17201,2026-08-02,SCHEDULED,0,0.0
2026-08-03T05:16:28Z,1722712026-08-02,17227,2026-08-02,SCHEDULED,60,1.0
2026-08-03T05:16:28Z,1300312026-08-02,13003,2026-08-02,SCHEDULED,300,5.0
2026-08-03T05:16:28Z,1770312026-08-02,17703,2026-08-02,SCHEDULED,0,0.0
2026-08-03T05:16:28Z,1303012026-08-02,13030,2026-08-02,SCHEDULED,120,2.0
2026-08-03T05:16:28Z,1780612026-08-02,17806,2026-08-02,SCHEDULED,240,4.0
2026-08-03T05:16:28Z,1304112026-08-02,13041,2026-08-02,SCHEDULED,60,1.0
2026-08-03T05:16:28Z,1781512026-08-02,17815,2026-08-02,SCHEDULED,0,0.0
2026-08-03T05:16:28Z,1308412026-08-02,13084,2026-08-02,SCHEDULED,1200,20.0
2026-08-03T05:16:28Z,1800112026-08-02,18001,2026-08-02,SCHEDULED,-60,-1.0
2026-08-03T05:16:28Z,0411422026-08-03,04114,2026-08-03,SCHEDULED,0,0.0
2026-08-03T05:16:28Z,0411412026-08-03,04114,2026-08-03,SCHEDULED,0,0.0
2026-08-03T05:16:28Z,1802412026-08-02,18024,2026-08-02,SCHEDULED,240,4.0
2026-08-03T05:16:28Z,1803112026-08-02,18031,2026-08-02,SCHEDULED,60,1.0
2026-08-03T05:16:28Z,0075222026-08-03,00752,2026-08-03,SCHEDULED,60,1.0
2026-08-03T05:16:28Z,0075212026-08-03,00752,2026-08-03,SCHEDULED,60,1.0
2026-08-03T05:16:28Z,1804112026-08-02,18041,2026-08-02,SCHEDULED,0,0.0
2026-08-03T05:16:28Z,1804612026-08-02,18046,2026-08-02,SCHEDULED,300,5.0
2026-08-03T05:16:28Z,0075222026-08-03,00752,2026-08-03,SCHEDULED,240,4.0
2026-08-03T05:16:28Z,0075212026-08-03,00752,2026-08-03,SCHEDULED,240,4.0
2026-08-03T05:16:28Z,1805412026-08-02,18054,2026-08-02,SCHEDULED,120,2.0
2026-08-03T05:16:28Z,3460912026-08-02,34609,2026-08-02,SCHEDULED,240,4.0
2026-08-03T05:16:28Z,1806812026-08-02,18068,2026-08-02,SCHEDULED,360,6.0
2026-08-03T05:16:28Z,0107212026-08-02,01072,2026-08-02,SCHEDULED,660,11.0
2026-08-03T05:16:28Z,1807112026-08-02,18071,2026-08-02,SCHEDULED,780,13.0
2026-08-03T05:16:28Z,1807212026-08-02,18072,2026-08-02,SCHEDULED,-300,-5.0
2026-08-03T05:16:28Z,0108122026-08-02,01081,2026-08-02,SCHEDULED,60,1.0
2026-08-03T05:16:28Z,0108112026-08-02,01081,2026-08-02,SCHEDULED,60,1.0
2026-08-03T05:16:28Z,0206112026-08-02,02061,2026-08-02,SCHEDULED,600,10.0
2026-08-03T05:16:28Z,1800212026-08-02,18002,2026-08-02,SCHEDULED,780,13.0
2026-08-03T05:16:28Z,0206312026-08-02,02063,2026-08-02,SCHEDULED,0,0.0
2026-08-03T05:16:28Z,1806612026-08-02,18066,2026-08-02,SCHEDULED,120,2.0
2026-08-03T05:16:28Z,0206712026-08-02,02067,2026-08-02,SCHEDULED,-60,-1.0
2026-08-03T05:16:28Z,1812012026-08-02,18120,2026-08-02,SCHEDULED,180,3.0
2026-08-03T05:16:28Z,0207012026-08-02,02070,2026-08-02,SCHEDULED,360,6.0
2026-08-03T05:16:28Z,1812112026-08-02,18121,2026-08-02,SCHEDULED,60,1.0
2026-08-03T05:16:28Z,0207312026-08-02,02073,2026-08-02,SCHEDULED,300,5.0
2026-08-03T05:16:28Z,1821612026-08-02,18216,2026-08-02,SCHEDULED,-60,-1.0
2026-08-03T05:16:28Z,0207512026-08-03,02075,2026-08-03,SCHEDULED,120,2.0
2026-08-03T05:16:28Z,1832112026-08-02,18321,2026-08-02,SCHEDULED,0,0.0
2026-08-03T05:16:28Z,1891012026-08-02,18910,2026-08-02,SCHEDULED,480,8.0
2026-08-03T05:16:28Z,1443012026-08-02,14430,2026-08-02,SCHEDULED,60,1.0
2026-08-03T05:16:28Z,0306242026-08-02,03062,2026-08-02,SCHEDULED,120,2.0
2026-08-03T05:16:28Z,0306232026-08-02,03062,2026-08-02,SCHEDULED,120,2.0
2026-08-03T05:16:28Z,0306212026-08-02,03062,2026-08-02,SCHEDULED,120,2.0
2026-08-03T05:16:28Z,0306222026-08-02,03062,2026-08-02,SCHEDULED,120,2.0
2026-08-03T05:16:28Z,1443312026-08-02,14433,2026-08-02,SCHEDULED,900,15.0
2026-08-03T05:16:28Z,1530912026-08-02,15309,2026-08-02,SCHEDULED,180,3.0
2026-08-03T05:16:28Z,1503022026-08-02,15030,2026-08-02,SCHEDULED,-60,-1.0
2026-08-03T05:16:28Z,1503112026-08-02,15031,2026-08-02,SCHEDULED,300,5.0
2026-08-03T05:16:28Z,1600012026-08-02,16000,2026-08-02,SCHEDULED,120,2.0
2026-08-03T05:16:28Z,0306242026-08-02,03062,2026-08-02,SCHEDULED,660,11.0
2026-08-03T05:16:28Z,0306232026-08-02,03062,2026-08-02,SCHEDULED,660,11.0
2026-08-03T05:16:28Z,0306212026-08-02,03062,2026-08-02,SCHEDULED,660,11.0
2026-08-03T05:16:28Z,0306222026-08-02,03062,2026-08-02,SCHEDULED,660,11.0
2026-08-03T05:16:28Z,1702112026-08-02,17021,2026-08-02,SCHEDULED,120,2.0
2026-08-03T05:16:28Z,1702122026-08-02,17021,2026-08-02,SCHEDULED,120,2.0
2026-08-03T05:16:28Z,1702132026-08-02,17021,2026-08-02,SCHEDULED,120,2.0
2026-08-03T05:16:28Z,1401812026-08-02,14018,2026-08-02,SCHEDULED,240,4.0
2026-08-03T05:16:28Z,0331112026-08-02,03311,2026-08-02,SCHEDULED,60,1.0
2026-08-03T05:16:28Z,0331122026-08-02,03311,2026-08-02,SCHEDULED,60,1.0
2026-08-03T05:16:28Z,0331132026-08-02,03311,2026-08-02,SCHEDULED,60,1.0
2026-08-03T05:16:28Z,0947012026-08-02,09470,2026-08-02,SCHEDULED,60,1.0
2026-08-03T05:16:28Z,0366222026-08-02,03662,2026-08-02,SCHEDULED,300,5.0
2026-08-03T05:16:28Z,0366212026-08-02,03662,2026-08-02,SCHEDULED,300,5.0
2026-08-03T05:16:28Z,0406012026-08-02,04060,2026-08-02,SCHEDULED,120,2.0
2026-08-03T05:16:28Z,1562112026-08-02,15621,2026-08-02,SCHEDULED,180,3.0
2026-08-03T05:16:28Z,0408822026-08-03,04088,2026-08-03,SCHEDULED,-120,-2.0
2026-08-03T05:16:28Z,1563012026-08-02,15630,2026-08-02,SCHEDULED,240,4.0
2026-08-03T05:16:28Z,0407222026-08-03,04072,2026-08-03,SCHEDULED,600,10.0
2026-08-03T05:16:28Z,0407212026-08-03,04072,2026-08-03,SCHEDULED,600,10.0
2026-08-03T05:16:28Z,1877312026-08-02,18773,2026-08-02,SCHEDULED,0,0.0
2026-08-03T05:16:28Z,0446412026-08-02,04464,2026-08-02,SCHEDULED,120,2.0
2026-08-03T05:16:28Z,1703012026-08-02,17030,2026-08-02,SCHEDULED,840,14.0
2026-08-03T05:16:28Z,0415422026-08-02,04154,2026-08-02,SCHEDULED,660,11.0
2026-08-03T05:16:28Z,0415412026-08-02,04154,2026-08-02,SCHEDULED,660,11.0
2026-08-03T05:16:28Z,1833112026-08-02,18331,2026-08-02,SCHEDULED,60,1.0
2026-08-03T05:16:28Z,1251212026-08-02,12512,2026-08-02,SCHEDULED,-60,-1.0
2026-08-03T05:16:28Z,0486822026-08-03,04868,2026-08-03,SCHEDULED,-120,-2.0
2026-08-03T05:16:28Z,0486812026-08-03,04868,2026-08-03,SCHEDULED,-120,-2.0
2026-08-03T05:16:28Z,0506312026-08-02,05063,2026-08-02,SCHEDULED,0,0.0
2026-08-03T05:16:28Z,7180012026-08-02,71800,2026-08-02,SCHEDULED,0,0.0
2026-08-03T05:16:28Z,0506422026-08-02,05064,2026-08-02,SCHEDULED,120,2.0
2026-08-03T05:16:28Z,0506412026-08-02,05064,2026-08-02,SCHEDULED,120,2.0
2026-08-03T05:16:28Z,0506522026-08-02,05065,2026-08-02,SCHEDULED,0,0.0
2026-08-03T05:16:28Z,0506512026-08-02,05065,2026-08-02,SCHEDULED,0,0.0
2026-08-03T05:16:28Z,0507212026-08-02,05072,2026-08-02,SCHEDULED,120,2.0
2026-08-03T05:16:28Z,0509222026-08-02,05092,2026-08-02,SCHEDULED,-240,-4.0
2026-08-03T05:16:28Z,0509212026-08-02,05092,2026-08-02,SCHEDULED,-240,-4.0
2026-08-03T05:16:28Z,0508012026-08-02,05080,2026-08-02,SCHEDULED,-60,-1.0
2026-08-03T05:16:28Z,0508032026-08-02,05080,2026-08-02,SCHEDULED,-60,-1.0
2026-08-03T05:16:28Z,0508022026-08-02,05080,2026-08-02,SCHEDULED,-60,-1.0
2026-08-03T05:16:28Z,0566812026-08-02,05668,2026-08-02,SCHEDULED,-60,-1.0
2026-08-03T05:16:28Z,0587112026-08-02,05871,2026-08-02,SCHEDULED,180,3.0
2026-08-03T05:16:28Z,0805812026-08-02,08058,2026-08-02,SCHEDULED,60,1.0
2026-08-03T05:16:28Z,0806212026-08-02,08062,2026-08-02,SCHEDULED,180,3.0
2026-08-03T05:16:28Z,0806812026-08-02,08068,2026-08-02,SCHEDULED,60,1.0
2026-08-03T05:16:28Z,1261412026-08-02,12614,2026-08-02,CANCELED,,
2026-08-03T05:16:28Z,1565712026-08-02,15657,2026-08-02,CANCELED,,
2026-08-03T05:16:28Z,1260712026-08-02,12607,2026-08-02,CANCELED,,
2026-08-03T05:16:28Z,1260712026-08-02,12607,2026-08-02,CANCELED,,
2026-08-03T05:16:28Z,1705212026-08-02,17052,2026-08-02,CANCELED,,
2026-08-03T05:16:28Z,1307912026-08-02,13079,2026-08-02,CANCELED,,
2026-08-03T05:16:28Z,1721812026-08-02,17218,2026-08-02,CANCELED,,
2026-08-03T05:16:28Z,1390412026-08-02,13904,2026-08-02,CANCELED,,
2026-08-03T05:16:28Z,3821812026-08-02,38218,2026-08-02,CANCELED,,
2026-08-03T05:16:28Z,3890412026-08-02,38904,2026-08-02,CANCELED,,
2026-08-03T05:16:28Z,1722112026-08-02,17221,2026-08-02,CANCELED,,
2026-08-03T05:16:28Z,3822112026-08-02,38221,2026-08-02,CANCELED,,
2026-08-03T05:16:28Z,0407222026-08-03,04072,2026-08-03,CANCELED,,
2026-08-03T05:16:28Z,0407212026-08-03,04072,2026-08-03,CANCELED,,
2026-08-03T05:16:28Z,1750312026-08-02,17503,2026-08-02,CANCELED,,
2026-08-03T05:16:28Z,3707212026-08-03,37072,2026-08-03,CANCELED,,
2026-08-03T05:16:28Z,1821412026-08-02,18214,2026-08-02,CANCELED,,
2026-08-03T05:16:28Z,1821512026-08-02,18215,2026-08-02,CANCELED,,
2026-08-03T05:16:28Z,0029522026-08-03,00295,2026-08-03,CANCELED,,
2026-08-03T05:16:28Z,0029512026-08-03,00295,2026-08-03,CANCELED,,
2026-08-03T05:16:28Z,1260812026-08-02,12608,2026-08-02,CANCELED,,
2026-08-03T05:16:28Z,3709522026-08-02,37095,2026-08-02,CANCELED,,
2026-08-03T05:16:28Z,3709512026-08-02,37095,2026-08-02,CANCELED,,
2026-08-03T05:16:28Z,1810132026-08-02,18101,2026-08-02,CANCELED,,
2026-08-03T05:16:28Z,1810142026-08-02,18101,2026-08-02,CANCELED,,
2026-08-03T05:16:28Z,1810152026-08-02,18101,2026-08-02,CANCELED,,
2026-08-03T05:16:28Z,3739512026-08-02,37395,2026-08-02,CANCELED,,
2026-08-03T05:16:28Z,0019222026-08-03,00192,2026-08-03,CANCELED,,
2026-08-03T05:16:28Z,0019212026-08-03,00192,2026-08-03,CANCELED,,
2026-08-03T05:16:28Z,3739212026-08-02,37392,2026-08-02,CANCELED,,
2026-08-03T05:16:28Z,1810222026-08-02,18102,2026-08-02,CANCELED,,
2026-08-03T05:16:28Z,1810232026-08-02,18102,2026-08-02,CANCELED,,
2026-08-03T05:16:28Z,1810242026-08-02,18102,2026-08-02,CANCELED,,
2026-08-03T05:16:28Z,3749222026-08-02,37492,2026-08-02,CANCELED,,
2026-08-03T05:16:28Z,3749212026-08-02,37492,2026-08-02,CANCELED,,
2026-08-03T05:16:28Z,1810512026-08-02,18105,2026-08-02,CANCELED,,
2026-08-03T05:16:28Z,3810512026-08-02,38105,2026-08-02,CANCELED,,
2026-08-03T05:21:30Z,0805812026-08-02,08058,2026-08-02,SCHEDULED,60,1.0
2026-08-03T05:21:30Z,1572012026-08-02,15720,2026-08-02,SCHEDULED,1080,18.0
2026-08-03T05:21:30Z,0806812026-08-02,08068,2026-08-02,SCHEDULED,60,1.0
2026-08-03T05:21:30Z,1572212026-08-02,15722,2026-08-02,SCHEDULED,120,2.0
2026-08-03T05:21:30Z,0807112026-08-02,08071,2026-08-02,SCHEDULED,300,5.0
2026-08-03T05:21:30Z,1575112026-08-02,15751,2026-08-02,SCHEDULED,240,4.0
2026-08-03T05:21:30Z,1577012026-08-02,15770,2026-08-02,SCHEDULED,120,2.0
2026-08-03T05:21:30Z,0807512026-08-02,08075,2026-08-02,SCHEDULED,840,14.0
2026-08-03T05:21:30Z,1577212026-08-02,15772,2026-08-02,SCHEDULED,180,3.0
2026-08-03T05:21:30Z,0807712026-08-02,08077,2026-08-02,SCHEDULED,60,1.0
2026-08-03T05:21:30Z,1577412026-08-02,15774,2026-08-02,SCHEDULED,-60,-1.0
2026-08-03T05:21:30Z,0826012026-08-02,08260,2026-08-02,SCHEDULED,-240,-4.0
2026-08-03T05:21:30Z,1585012026-08-02,15850,2026-08-02,SCHEDULED,180,3.0
2026-08-03T05:21:30Z,0826112026-08-02,08261,2026-08-02,SCHEDULED,300,5.0
2026-08-03T05:21:30Z,1585212026-08-02,15852,2026-08-02,SCHEDULED,0,0.0
2026-08-03T05:21:30Z,0847512026-08-02,08475,2026-08-02,SCHEDULED,240,4.0
2026-08-03T05:21:30Z,1590012026-08-02,15900,2026-08-02,SCHEDULED,720,12.0
2026-08-03T05:21:30Z,0866412026-08-02,08664,2026-08-02,SCHEDULED,0,0.0
2026-08-03T05:21:30Z,3586912026-08-02,35869,2026-08-02,SCHEDULED,60,1.0
2026-08-03T05:21:30Z,0906712026-08-02,09067,2026-08-02,SCHEDULED,0,0.0
2026-08-03T05:21:30Z,1801012026-08-02,18010,2026-08-02,SCHEDULED,0,0.0
2026-08-03T05:21:30Z,1801022026-08-02,18010,2026-08-02,SCHEDULED,0,0.0
2026-08-03T05:21:30Z,1801032026-08-02,18010,2026-08-02,SCHEDULED,0,0.0
2026-08-03T05:21:30Z,1620712026-08-02,16207,2026-08-02,SCHEDULED,0,0.0
2026-08-03T05:21:30Z,0907222026-08-02,09072,2026-08-02,SCHEDULED,-120,-2.0
2026-08-03T05:21:30Z,0907212026-08-02,09072,2026-08-02,SCHEDULED,-120,-2.0
2026-08-03T05:21:30Z,1601812026-08-02,16018,2026-08-02,SCHEDULED,240,4.0
2026-08-03T05:21:30Z,0907312026-08-02,09073,2026-08-02,SCHEDULED,-180,-3.0
2026-08-03T05:21:30Z,0907512026-08-02,09075,2026-08-02,SCHEDULED,60,1.0
2026-08-03T05:21:30Z,1700812026-08-02,17008,2026-08-02,SCHEDULED,420,7.0
2026-08-03T05:21:30Z,0207412026-08-03,02074,2026-08-03,SCHEDULED,180,3.0
2026-08-03T05:21:30Z,1710012026-08-02,17100,2026-08-02,SCHEDULED,300,5.0
2026-08-03T05:21:30Z,0109212026-08-02,01092,2026-08-02,SCHEDULED,120,2.0
2026-08-03T05:21:30Z,1720112026-08-02,17201,2026-08-02,SCHEDULED,120,2.0
2026-08-03T05:21:30Z,1722712026-08-02,17227,2026-08-02,SCHEDULED,120,2.0
2026-08-03T05:21:30Z,1770312026-08-02,17703,2026-08-02,SCHEDULED,60,1.0
2026-08-03T05:21:30Z,0029122026-08-03,00291,2026-08-03,SCHEDULED,0,0.0
2026-08-03T05:21:30Z,0029112026-08-03,00291,2026-08-03,SCHEDULED,0,0.0
2026-08-03T05:21:30Z,1308412026-08-02,13084,2026-08-02,SCHEDULED,1380,23.0
2026-08-03T05:21:30Z,0429522026-08-02,04295,2026-08-02,SCHEDULED,-120,-2.0
2026-08-03T05:21:30Z,0429512026-08-02,04295,2026-08-02,SCHEDULED,-120,-2.0
2026-08-03T05:21:30Z,1395112026-08-02,13951,2026-08-02,SCHEDULED,360,6.0
2026-08-03T05:21:30Z,1320312026-08-02,13203,2026-08-02,SCHEDULED,60,1.0
2026-08-03T05:21:30Z,1390012026-08-02,13900,2026-08-02,SCHEDULED,300,5.0
2026-08-03T05:21:30Z,0576312026-08-02,05763,2026-08-02,SCHEDULED,0,0.0
2026-08-03T05:21:30Z,0576322026-08-02,05763,2026-08-02,SCHEDULED,0,0.0
2026-08-03T05:21:30Z,0576332026-08-02,05763,2026-08-02,SCHEDULED,0,0.0
2026-08-03T05:21:30Z,1390112026-08-02,13901,2026-08-02,SCHEDULED,-360,-6.0
2026-08-03T05:21:30Z,0405612026-08-03,04056,2026-08-03,SCHEDULED,-60,-1.0
2026-08-03T05:21:30Z,0418612026-08-03,04186,2026-08-03,SCHEDULED,300,5.0
2026-08-03T05:21:30Z,0418642026-08-03,04186,2026-08-03,SCHEDULED,300,5.0
2026-08-03T05:21:30Z,0418622026-08-03,04186,2026-08-03,SCHEDULED,300,5.0
2026-08-03T05:21:30Z,1412322026-08-03,14123,2026-08-03,SCHEDULED,300,5.0
2026-08-03T05:21:30Z,1412342026-08-02,14123,2026-08-02,SCHEDULED,300,5.0
2026-08-03T05:21:30Z,1412332026-08-02,14123,2026-08-02,SCHEDULED,300,5.0
2026-08-03T05:21:30Z,0408712026-08-03,04087,2026-08-03,SCHEDULED,1560,26.0
2026-08-03T05:21:30Z,0407312026-08-03,04073,2026-08-03,SCHEDULED,-180,-3.0
2026-08-03T05:21:30Z,1210112026-08-02,12101,2026-08-02,SCHEDULED,0,0.0
2026-08-03T05:21:30Z,3560432026-08-02,35604,2026-08-02,SCHEDULED,180,3.0
2026-08-03T05:21:30Z,3560442026-08-02,35604,2026-08-02,SCHEDULED,180,3.0
2026-08-03T05:21:30Z,3560452026-08-02,35604,2026-08-02,SCHEDULED,180,3.0
2026-08-03T05:21:30Z,1241112026-08-02,12411,2026-08-02,SCHEDULED,300,5.0
2026-08-03T05:21:30Z,1500012026-08-02,15000,2026-08-02,SCHEDULED,420,7.0
2026-08-03T05:21:30Z,1248012026-08-02,12480,2026-08-02,SCHEDULED,360,6.0
2026-08-03T05:21:30Z,1261312026-08-02,12613,2026-08-02,SCHEDULED,120,2.0
2026-08-03T05:21:30Z,1500112026-08-02,15001,2026-08-02,SCHEDULED,-120,-2.0
2026-08-03T05:21:30Z,1500212026-08-02,15002,2026-08-02,SCHEDULED,360,6.0
2026-08-03T05:21:30Z,1261112026-08-02,12611,2026-08-02,SCHEDULED,240,4.0
2026-08-03T05:21:30Z,1504012026-08-02,15040,2026-08-02,SCHEDULED,900,15.0
2026-08-03T05:21:30Z,1264412026-08-02,12644,2026-08-02,SCHEDULED,0,0.0
2026-08-03T05:21:30Z,1504112026-08-02,15041,2026-08-02,SCHEDULED,-120,-2.0
2026-08-03T05:21:30Z,1300112026-08-02,13001,2026-08-02,SCHEDULED,240,4.0
2026-08-03T05:21:30Z,1505012026-08-02,15050,2026-08-02,SCHEDULED,60,1.0
2026-08-03T05:21:30Z,1300312026-08-02,13003,2026-08-02,SCHEDULED,480,8.0
2026-08-03T05:21:30Z,1564512026-08-02,15645,2026-08-02,SCHEDULED,0,0.0
2026-08-03T05:21:30Z,1303012026-08-02,13030,2026-08-02,SCHEDULED,60,1.0
2026-08-03T05:21:30Z,1564612026-08-02,15646,2026-08-02,SCHEDULED,180,3.0
2026-08-03T05:21:30Z,1565012026-08-02,15650,2026-08-02,SCHEDULED,480,8.0
2026-08-03T05:21:30Z,1304112026-08-02,13041,2026-08-02,SCHEDULED,0,0.0
2026-08-03T05:21:30Z,1832112026-08-02,18321,2026-08-02,SCHEDULED,0,0.0
2026-08-03T05:21:30Z,0411422026-08-03,04114,2026-08-03,SCHEDULED,0,0.0
2026-08-03T05:21:30Z,0411412026-08-03,04114,2026-08-03,SCHEDULED,0,0.0
2026-08-03T05:21:30Z,1891012026-08-02,18910,2026-08-02,SCHEDULED,540,9.0
2026-08-03T05:21:30Z,1443012026-08-02,14430,2026-08-02,SCHEDULED,120,2.0
2026-08-03T05:21:30Z,0075222026-08-03,00752,2026-08-03,SCHEDULED,0,0.0
2026-08-03T05:21:30Z,0075212026-08-03,00752,2026-08-03,SCHEDULED,0,0.0
2026-08-03T05:21:30Z,1443312026-08-02,14433,2026-08-02,SCHEDULED,660,11.0
2026-08-03T05:21:30Z,1530912026-08-02,15309,2026-08-02,SCHEDULED,180,3.0
2026-08-03T05:21:30Z,0075222026-08-03,00752,2026-08-03,SCHEDULED,300,5.0
2026-08-03T05:21:30Z,0075212026-08-03,00752,2026-08-03,SCHEDULED,300,5.0
2026-08-03T05:21:30Z,1503022026-08-02,15030,2026-08-02,SCHEDULED,-60,-1.0
2026-08-03T05:21:30Z,3460912026-08-02,34609,2026-08-02,SCHEDULED,240,4.0
2026-08-03T05:21:30Z,1503112026-08-02,15031,2026-08-02,SCHEDULED,300,5.0
2026-08-03T05:21:30Z,0107112026-08-02,01071,2026-08-02,SCHEDULED,0,0.0
2026-08-03T05:21:30Z,1600012026-08-02,16000,2026-08-02,SCHEDULED,180,3.0
2026-08-03T05:21:30Z,0107212026-08-02,01072,2026-08-02,SCHEDULED,720,12.0
2026-08-03T05:21:30Z,0108122026-08-02,01081,2026-08-02,SCHEDULED,60,1.0
2026-08-03T05:21:30Z,0108112026-08-02,01081,2026-08-02,SCHEDULED,60,1.0
2026-08-03T05:21:30Z,1702112026-08-02,17021,2026-08-02,SCHEDULED,60,1.0
2026-08-03T05:21:30Z,1702122026-08-02,17021,2026-08-02,SCHEDULED,60,1.0
2026-08-03T05:21:30Z,1702132026-08-02,17021,2026-08-02,SCHEDULED,60,1.0
2026-08-03T05:21:30Z,0206112026-08-02,02061,2026-08-02,SCHEDULED,780,13.0
2026-08-03T05:21:30Z,1401812026-08-02,14018,2026-08-02,SCHEDULED,300,5.0
2026-08-03T05:21:30Z,0206312026-08-02,02063,2026-08-02,SCHEDULED,120,2.0
2026-08-03T05:21:30Z,0947012026-08-02,09470,2026-08-02,SCHEDULED,60,1.0
2026-08-03T05:21:30Z,0206712026-08-02,02067,2026-08-02,SCHEDULED,120,2.0
2026-08-03T05:21:30Z,1562112026-08-02,15621,2026-08-02,SCHEDULED,180,3.0
2026-08-03T05:21:30Z,0207012026-08-02,02070,2026-08-02,SCHEDULED,360,6.0
2026-08-03T05:21:30Z,1877312026-08-02,18773,2026-08-02,SCHEDULED,60,1.0
2026-08-03T05:21:30Z,0207112026-08-02,02071,2026-08-02,SCHEDULED,60,1.0
2026-08-03T05:21:30Z,1703012026-08-02,17030,2026-08-02,SCHEDULED,960,16.0
2026-08-03T05:21:30Z,0207312026-08-02,02073,2026-08-02,SCHEDULED,300,5.0
2026-08-03T05:21:30Z,0207512026-08-03,02075,2026-08-03,SCHEDULED,120,2.0
2026-08-03T05:21:30Z,1833112026-08-02,18331,2026-08-02,SCHEDULED,60,1.0
2026-08-03T05:21:30Z,7180012026-08-02,71800,2026-08-02,SCHEDULED,0,0.0
2026-08-03T05:21:30Z,7183012026-08-02,71830,2026-08-02,SCHEDULED,0,0.0
2026-08-03T05:21:30Z,1780612026-08-02,17806,2026-08-02,SCHEDULED,240,4.0
2026-08-03T05:21:30Z,0306242026-08-02,03062,2026-08-02,SCHEDULED,120,2.0
2026-08-03T05:21:30Z,0306232026-08-02,03062,2026-08-02,SCHEDULED,120,2.0
2026-08-03T05:21:30Z,0306212026-08-02,03062,2026-08-02,SCHEDULED,120,2.0
2026-08-03T05:21:30Z,0306222026-08-02,03062,2026-08-02,SCHEDULED,120,2.0
2026-08-03T05:21:30Z,1781512026-08-02,17815,2026-08-02,SCHEDULED,60,1.0
2026-08-03T05:21:30Z,1800112026-08-02,18001,2026-08-02,SCHEDULED,0,0.0
2026-08-03T05:21:30Z,1802412026-08-02,18024,2026-08-02,SCHEDULED,60,1.0
2026-08-03T05:21:30Z,1803112026-08-02,18031,2026-08-02,SCHEDULED,60,1.0
2026-08-03T05:21:30Z,0306242026-08-02,03062,2026-08-02,SCHEDULED,600,10.0
2026-08-03T05:21:30Z,0306232026-08-02,03062,2026-08-02,SCHEDULED,600,10.0
2026-08-03T05:21:30Z,0306212026-08-02,03062,2026-08-02,SCHEDULED,600,10.0
2026-08-03T05:21:30Z,0306222026-08-02,03062,2026-08-02,SCHEDULED,600,10.0
2026-08-03T05:21:30Z,1804112026-08-02,18041,2026-08-02,SCHEDULED,0,0.0
2026-08-03T05:21:30Z,1804612026-08-02,18046,2026-08-02,SCHEDULED,360,6.0
2026-08-03T05:21:30Z,1805412026-08-02,18054,2026-08-02,SCHEDULED,60,1.0
2026-08-03T05:21:30Z,0331112026-08-02,03311,2026-08-02,SCHEDULED,60,1.0
2026-08-03T05:21:30Z,0331122026-08-02,03311,2026-08-02,SCHEDULED,60,1.0
2026-08-03T05:21:30Z,0331132026-08-02,03311,2026-08-02,SCHEDULED,60,1.0
2026-08-03T05:21:30Z,1806812026-08-02,18068,2026-08-02,SCHEDULED,180,3.0
2026-08-03T05:21:30Z,1807112026-08-02,18071,2026-08-02,SCHEDULED,780,13.0
2026-08-03T05:21:30Z,0366222026-08-02,03662,2026-08-02,SCHEDULED,360,6.0
2026-08-03T05:21:30Z,0366212026-08-02,03662,2026-08-02,SCHEDULED,360,6.0
2026-08-03T05:21:30Z,1807212026-08-02,18072,2026-08-02,SCHEDULED,-300,-5.0
2026-08-03T05:21:30Z,0406012026-08-02,04060,2026-08-02,SCHEDULED,120,2.0
2026-08-03T05:21:30Z,0408822026-08-03,04088,2026-08-03,SCHEDULED,-120,-2.0
2026-08-03T05:21:30Z,1800212026-08-02,18002,2026-08-02,SCHEDULED,780,13.0
2026-08-03T05:21:30Z,1806612026-08-02,18066,2026-08-02,SCHEDULED,120,2.0
2026-08-03T05:21:30Z,0407222026-08-03,04072,2026-08-03,SCHEDULED,540,9.0
2026-08-03T05:21:30Z,0407212026-08-03,04072,2026-08-03,SCHEDULED,540,9.0
2026-08-03T05:21:30Z,1812012026-08-02,18120,2026-08-02,SCHEDULED,180,3.0
2026-08-03T05:21:30Z,0446412026-08-02,04464,2026-08-02,SCHEDULED,120,2.0
2026-08-03T05:21:30Z,1812112026-08-02,18121,2026-08-02,SCHEDULED,60,1.0
2026-08-03T05:21:30Z,1812312026-08-02,18123,2026-08-02,SCHEDULED,60,1.0
2026-08-03T05:21:30Z,0415422026-08-02,04154,2026-08-02,SCHEDULED,660,11.0
2026-08-03T05:21:30Z,0415412026-08-02,04154,2026-08-02,SCHEDULED,660,11.0
2026-08-03T05:21:30Z,1821612026-08-02,18216,2026-08-02,SCHEDULED,-60,-1.0
2026-08-03T05:21:30Z,0436422026-08-02,04364,2026-08-02,SCHEDULED,60,1.0
2026-08-03T05:21:30Z,0436412026-08-02,04364,2026-08-02,SCHEDULED,60,1.0
2026-08-03T05:21:30Z,0486822026-08-03,04868,2026-08-03,SCHEDULED,-120,-2.0
2026-08-03T05:21:30Z,0486812026-08-03,04868,2026-08-03,SCHEDULED,-120,-2.0
2026-08-03T05:21:30Z,0506312026-08-02,05063,2026-08-02,SCHEDULED,0,0.0
2026-08-03T05:21:30Z,0506422026-08-02,05064,2026-08-02,SCHEDULED,0,0.0
2026-08-03T05:21:30Z,0506412026-08-02,05064,2026-08-02,SCHEDULED,0,0.0
2026-08-03T05:21:30Z,0506522026-08-02,05065,2026-08-02,SCHEDULED,120,2.0
2026-08-03T05:21:30Z,0506512026-08-02,05065,2026-08-02,SCHEDULED,120,2.0
2026-08-03T05:21:30Z,0507212026-08-02,05072,2026-08-02,SCHEDULED,120,2.0
2026-08-03T05:21:30Z,0509222026-08-02,05092,2026-08-02,SCHEDULED,0,0.0
2026-08-03T05:21:30Z,0509212026-08-02,05092,2026-08-02,SCHEDULED,0,0.0
2026-08-03T05:21:30Z,0508012026-08-02,05080,2026-08-02,SCHEDULED,60,1.0
2026-08-03T05:21:30Z,0508032026-08-02,05080,2026-08-02,SCHEDULED,60,1.0
2026-08-03T05:21:30Z,0508022026-08-02,05080,2026-08-02,SCHEDULED,60,1.0
2026-08-03T05:21:30Z,0566812026-08-02,05668,2026-08-02,SCHEDULED,60,1.0
2026-08-03T05:21:30Z,0587112026-08-02,05871,2026-08-02,SCHEDULED,120,2.0
2026-08-03T05:21:30Z,1261412026-08-02,12614,2026-08-02,CANCELED,,
2026-08-03T05:21:30Z,1565712026-08-02,15657,2026-08-02,CANCELED,,
2026-08-03T05:21:30Z,1260712026-08-02,12607,2026-08-02,CANCELED,,
2026-08-03T05:21:30Z,1260712026-08-02,12607,2026-08-02,CANCELED,,
2026-08-03T05:21:30Z,1705212026-08-02,17052,2026-08-02,CANCELED,,
2026-08-03T05:21:30Z,1307912026-08-02,13079,2026-08-02,CANCELED,,
2026-08-03T05:21:30Z,1721812026-08-02,17218,2026-08-02,CANCELED,,
2026-08-03T05:21:30Z,1390412026-08-02,13904,2026-08-02,CANCELED,,
2026-08-03T05:21:30Z,3821812026-08-02,38218,2026-08-02,CANCELED,,
2026-08-03T05:21:30Z,3890412026-08-02,38904,2026-08-02,CANCELED,,
2026-08-03T05:21:30Z,1722112026-08-02,17221,2026-08-02,CANCELED,,
2026-08-03T05:21:30Z,3822112026-08-02,38221,2026-08-02,CANCELED,,
2026-08-03T05:21:30Z,0407222026-08-03,04072,2026-08-03,CANCELED,,
2026-08-03T05:21:30Z,0407212026-08-03,04072,2026-08-03,CANCELED,,
2026-08-03T05:21:30Z,1750312026-08-02,17503,2026-08-02,CANCELED,,
2026-08-03T05:21:30Z,3707212026-08-03,37072,2026-08-03,CANCELED,,
2026-08-03T05:21:30Z,1821412026-08-02,18214,2026-08-02,CANCELED,,
2026-08-03T05:21:30Z,1821512026-08-02,18215,2026-08-02,CANCELED,,
2026-08-03T05:21:30Z,0029522026-08-03,00295,2026-08-03,CANCELED,,
2026-08-03T05:21:30Z,0029512026-08-03,00295,2026-08-03,CANCELED,,
2026-08-03T05:21:30Z,1260812026-08-02,12608,2026-08-02,CANCELED,,
2026-08-03T05:21:30Z,3709522026-08-02,37095,2026-08-02,CANCELED,,
2026-08-03T05:21:30Z,3709512026-08-02,37095,2026-08-02,CANCELED,,
2026-08-03T05:21:30Z,3739512026-08-02,37395,2026-08-02,CANCELED,,
2026-08-03T05:21:30Z,1810132026-08-02,18101,2026-08-02,CANCELED,,
2026-08-03T05:21:30Z,1810142026-08-02,18101,2026-08-02,CANCELED,,
2026-08-03T05:21:30Z,1810152026-08-02,18101,2026-08-02,CANCELED,,
2026-08-03T05:21:30Z,0019222026-08-03,00192,2026-08-03,CANCELED,,
2026-08-03T05:21:30Z,0019212026-08-03,00192,2026-08-03,CANCELED,,
2026-08-03T05:21:30Z,3739212026-08-02,37392,2026-08-02,CANCELED,,
2026-08-03T05:21:30Z,1810222026-08-02,18102,2026-08-02,CANCELED,,
2026-08-03T05:21:30Z,1810232026-08-02,18102,2026-08-02,CANCELED,,
2026-08-03T05:21:30Z,1810242026-08-02,18102,2026-08-02,CANCELED,,
2026-08-03T05:21:30Z,3749222026-08-02,37492,2026-08-02,CANCELED,,
2026-08-03T05:21:30Z,3749212026-08-02,37492,2026-08-02,CANCELED,,
2026-08-03T05:21:30Z,1810512026-08-02,18105,2026-08-02,CANCELED,,
2026-08-03T05:21:30Z,3810512026-08-02,38105,2026-08-02,CANCELED,,
2026-08-03T05:26:16Z,0806812026-08-02,08068,2026-08-02,SCHEDULED,60,1.0
2026-08-03T05:26:16Z,1304112026-08-02,13041,2026-08-02,SCHEDULED,120,2.0
2026-08-03T05:26:16Z,0807112026-08-02,08071,2026-08-02,SCHEDULED,420,7.0
2026-08-03T05:26:16Z,1308412026-08-02,13084,2026-08-02,SCHEDULED,1380,23.0
2026-08-03T05:26:16Z,0807512026-08-02,08075,2026-08-02,SCHEDULED,840,14.0
2026-08-03T05:26:16Z,1395112026-08-02,13951,2026-08-02,SCHEDULED,360,6.0
2026-08-03T05:26:16Z,0807712026-08-02,08077,2026-08-02,SCHEDULED,60,1.0
2026-08-03T05:26:16Z,1320312026-08-02,13203,2026-08-02,SCHEDULED,60,1.0
2026-08-03T05:26:16Z,0826012026-08-02,08260,2026-08-02,SCHEDULED,-240,-4.0
2026-08-03T05:26:16Z,1390012026-08-02,13900,2026-08-02,SCHEDULED,240,4.0
2026-08-03T05:26:16Z,0826112026-08-02,08261,2026-08-02,SCHEDULED,240,4.0
2026-08-03T05:26:16Z,1390112026-08-02,13901,2026-08-02,SCHEDULED,-360,-6.0
2026-08-03T05:26:16Z,0827112026-08-02,08271,2026-08-02,SCHEDULED,60,1.0
2026-08-03T05:26:16Z,0847512026-08-02,08475,2026-08-02,SCHEDULED,180,3.0
2026-08-03T05:26:16Z,0866412026-08-02,08664,2026-08-02,SCHEDULED,120,2.0
2026-08-03T05:26:16Z,1412322026-08-03,14123,2026-08-03,SCHEDULED,300,5.0
2026-08-03T05:26:16Z,1412342026-08-02,14123,2026-08-02,SCHEDULED,300,5.0
2026-08-03T05:26:16Z,1412332026-08-02,14123,2026-08-02,SCHEDULED,300,5.0
2026-08-03T05:26:16Z,3586912026-08-02,35869,2026-08-02,SCHEDULED,60,1.0
2026-08-03T05:26:16Z,0906712026-08-02,09067,2026-08-02,SCHEDULED,0,0.0
2026-08-03T05:26:16Z,0907222026-08-02,09072,2026-08-02,SCHEDULED,-60,-1.0
2026-08-03T05:26:16Z,0907212026-08-02,09072,2026-08-02,SCHEDULED,-60,-1.0
2026-08-03T05:26:16Z,3560432026-08-02,35604,2026-08-02,SCHEDULED,180,3.0
2026-08-03T05:26:16Z,3560442026-08-02,35604,2026-08-02,SCHEDULED,180,3.0
2026-08-03T05:26:16Z,3560452026-08-02,35604,2026-08-02,SCHEDULED,180,3.0
2026-08-03T05:26:16Z,0907312026-08-02,09073,2026-08-02,SCHEDULED,-180,-3.0
2026-08-03T05:26:16Z,1451012026-08-02,14510,2026-08-02,SCHEDULED,60,1.0
2026-08-03T05:26:16Z,0907512026-08-02,09075,2026-08-02,SCHEDULED,120,2.0
2026-08-03T05:26:16Z,1500012026-08-02,15000,2026-08-02,SCHEDULED,420,7.0
2026-08-03T05:26:16Z,0207412026-08-03,02074,2026-08-03,SCHEDULED,240,4.0
2026-08-03T05:26:16Z,1500112026-08-02,15001,2026-08-02,SCHEDULED,-120,-2.0
2026-08-03T05:26:16Z,0109212026-08-02,01092,2026-08-02,SCHEDULED,240,4.0
2026-08-03T05:26:16Z,1500212026-08-02,15002,2026-08-02,SCHEDULED,360,6.0
2026-08-03T05:26:16Z,1504012026-08-02,15040,2026-08-02,SCHEDULED,900,15.0
2026-08-03T05:26:16Z,0029122026-08-03,00291,2026-08-03,SCHEDULED,0,0.0
2026-08-03T05:26:16Z,0029112026-08-03,00291,2026-08-03,SCHEDULED,0,0.0
2026-08-03T05:26:16Z,1504112026-08-02,15041,2026-08-02,SCHEDULED,-180,-3.0
2026-08-03T05:26:16Z,0527312026-08-02,05273,2026-08-02,SCHEDULED,0,0.0
2026-08-03T05:26:16Z,1505012026-08-02,15050,2026-08-02,SCHEDULED,-60,-1.0
2026-08-03T05:26:16Z,0429522026-08-02,04295,2026-08-02,SCHEDULED,0,0.0
2026-08-03T05:26:16Z,0429512026-08-02,04295,2026-08-02,SCHEDULED,0,0.0
2026-08-03T05:26:16Z,1564512026-08-02,15645,2026-08-02,SCHEDULED,60,1.0
2026-08-03T05:26:16Z,1564612026-08-02,15646,2026-08-02,SCHEDULED,180,3.0
2026-08-03T05:26:16Z,1565012026-08-02,15650,2026-08-02,SCHEDULED,660,11.0
2026-08-03T05:26:16Z,0576312026-08-02,05763,2026-08-02,SCHEDULED,-120,-2.0
2026-08-03T05:26:16Z,0576322026-08-02,05763,2026-08-02,SCHEDULED,-120,-2.0
2026-08-03T05:26:16Z,0576332026-08-02,05763,2026-08-02,SCHEDULED,-120,-2.0
2026-08-03T05:26:16Z,1572012026-08-02,15720,2026-08-02,SCHEDULED,1020,17.0
2026-08-03T05:26:16Z,1572212026-08-02,15722,2026-08-02,SCHEDULED,60,1.0
2026-08-03T05:26:16Z,0405612026-08-03,04056,2026-08-03,SCHEDULED,120,2.0
2026-08-03T05:26:16Z,1575112026-08-02,15751,2026-08-02,SCHEDULED,300,5.0
2026-08-03T05:26:16Z,1577012026-08-02,15770,2026-08-02,SCHEDULED,240,4.0
2026-08-03T05:26:16Z,1577212026-08-02,15772,2026-08-02,SCHEDULED,180,3.0
2026-08-03T05:26:16Z,0418612026-08-03,04186,2026-08-03,SCHEDULED,300,5.0
2026-08-03T05:26:16Z,0418642026-08-03,04186,2026-08-03,SCHEDULED,300,5.0
2026-08-03T05:26:16Z,0418622026-08-03,04186,2026-08-03,SCHEDULED,300,5.0
2026-08-03T05:26:16Z,1577412026-08-02,15774,2026-08-02,SCHEDULED,-60,-1.0
2026-08-03T05:26:16Z,0408712026-08-03,04087,2026-08-03,SCHEDULED,1380,23.0
2026-08-03T05:26:16Z,1585012026-08-02,15850,2026-08-02,SCHEDULED,180,3.0
2026-08-03T05:26:16Z,0407312026-08-03,04073,2026-08-03,SCHEDULED,-180,-3.0
2026-08-03T05:26:16Z,1585212026-08-02,15852,2026-08-02,SCHEDULED,0,0.0
2026-08-03T05:26:16Z,1210112026-08-02,12101,2026-08-02,SCHEDULED,-120,-2.0
2026-08-03T05:26:16Z,1590012026-08-02,15900,2026-08-02,SCHEDULED,780,13.0
2026-08-03T05:26:16Z,1241112026-08-02,12411,2026-08-02,SCHEDULED,240,4.0
2026-08-03T05:26:16Z,1590412026-08-02,15904,2026-08-02,SCHEDULED,300,5.0
2026-08-03T05:26:16Z,1248012026-08-02,12480,2026-08-02,SCHEDULED,360,6.0
2026-08-03T05:26:16Z,1261312026-08-02,12613,2026-08-02,SCHEDULED,0,0.0
2026-08-03T05:26:16Z,1801012026-08-02,18010,2026-08-02,SCHEDULED,0,0.0
2026-08-03T05:26:16Z,1801022026-08-02,18010,2026-08-02,SCHEDULED,0,0.0
2026-08-03T05:26:16Z,1801032026-08-02,18010,2026-08-02,SCHEDULED,0,0.0
2026-08-03T05:26:16Z,1261112026-08-02,12611,2026-08-02,SCHEDULED,240,4.0
2026-08-03T05:26:16Z,1620712026-08-02,16207,2026-08-02,SCHEDULED,0,0.0
2026-08-03T05:26:16Z,1264412026-08-02,12644,2026-08-02,SCHEDULED,0,0.0
2026-08-03T05:26:16Z,1601812026-08-02,16018,2026-08-02,SCHEDULED,240,4.0
2026-08-03T05:26:16Z,1300012026-08-02,13000,2026-08-02,SCHEDULED,2460,41.0
2026-08-03T05:26:16Z,1700812026-08-02,17008,2026-08-02,SCHEDULED,420,7.0
2026-08-03T05:26:16Z,1300112026-08-02,13001,2026-08-02,SCHEDULED,360,6.0
2026-08-03T05:26:16Z,1710012026-08-02,17100,2026-08-02,SCHEDULED,300,5.0
2026-08-03T05:26:16Z,1300312026-08-02,13003,2026-08-02,SCHEDULED,480,8.0
2026-08-03T05:26:16Z,1720112026-08-02,17201,2026-08-02,SCHEDULED,120,2.0
2026-08-03T05:26:16Z,1303012026-08-02,13030,2026-08-02,SCHEDULED,120,2.0
2026-08-03T05:26:16Z,1722712026-08-02,17227,2026-08-02,SCHEDULED,60,1.0
2026-08-03T05:26:16Z,1770312026-08-02,17703,2026-08-02,SCHEDULED,0,0.0
2026-08-03T05:26:16Z,0411422026-08-03,04114,2026-08-03,SCHEDULED,180,3.0
2026-08-03T05:26:16Z,0411412026-08-03,04114,2026-08-03,SCHEDULED,180,3.0
2026-08-03T05:26:16Z,1780612026-08-02,17806,2026-08-02,SCHEDULED,240,4.0
2026-08-03T05:26:16Z,1781512026-08-02,17815,2026-08-02,SCHEDULED,60,1.0
2026-08-03T05:26:16Z,1800112026-08-02,18001,2026-08-02,SCHEDULED,0,0.0
2026-08-03T05:26:16Z,1802412026-08-02,18024,2026-08-02,SCHEDULED,0,0.0
2026-08-03T05:26:16Z,0063142026-08-03,00631,2026-08-03,SCHEDULED,60,1.0
2026-08-03T05:26:16Z,0063132026-08-03,00631,2026-08-03,SCHEDULED,60,1.0
2026-08-03T05:26:16Z,0063112026-08-03,00631,2026-08-03,SCHEDULED,60,1.0
2026-08-03T05:26:16Z,0063122026-08-03,00631,2026-08-03,SCHEDULED,60,1.0
2026-08-03T05:26:16Z,1803112026-08-02,18031,2026-08-02,SCHEDULED,360,6.0
2026-08-03T05:26:16Z,1804112026-08-02,18041,2026-08-02,SCHEDULED,-60,-1.0
2026-08-03T05:26:16Z,0075222026-08-03,00752,2026-08-03,SCHEDULED,0,0.0
2026-08-03T05:26:16Z,0075212026-08-03,00752,2026-08-03,SCHEDULED,0,0.0
2026-08-03T05:26:16Z,1804612026-08-02,18046,2026-08-02,SCHEDULED,360,6.0
2026-08-03T05:26:16Z,1805412026-08-02,18054,2026-08-02,SCHEDULED,60,1.0
2026-08-03T05:26:16Z,0075222026-08-03,00752,2026-08-03,SCHEDULED,300,5.0
2026-08-03T05:26:16Z,0075212026-08-03,00752,2026-08-03,SCHEDULED,300,5.0
2026-08-03T05:26:16Z,1806812026-08-02,18068,2026-08-02,SCHEDULED,360,6.0
2026-08-03T05:26:16Z,3460912026-08-02,34609,2026-08-02,SCHEDULED,180,3.0
2026-08-03T05:26:16Z,1807112026-08-02,18071,2026-08-02,SCHEDULED,900,15.0
2026-08-03T05:26:16Z,0107112026-08-02,01071,2026-08-02,SCHEDULED,0,0.0
2026-08-03T05:26:16Z,1807212026-08-02,18072,2026-08-02,SCHEDULED,-120,-2.0
2026-08-03T05:26:16Z,0107212026-08-02,01072,2026-08-02,SCHEDULED,840,14.0
2026-08-03T05:26:16Z,1800212026-08-02,18002,2026-08-02,SCHEDULED,660,11.0
2026-08-03T05:26:16Z,0108122026-08-02,01081,2026-08-02,SCHEDULED,60,1.0
2026-08-03T05:26:16Z,0108112026-08-02,01081,2026-08-02,SCHEDULED,60,1.0
2026-08-03T05:26:16Z,1806612026-08-02,18066,2026-08-02,SCHEDULED,60,1.0
2026-08-03T05:26:16Z,0206112026-08-02,02061,2026-08-02,SCHEDULED,780,13.0
2026-08-03T05:26:16Z,1812012026-08-02,18120,2026-08-02,SCHEDULED,180,3.0
2026-08-03T05:26:16Z,1812112026-08-02,18121,2026-08-02,SCHEDULED,60,1.0
2026-08-03T05:26:16Z,0206312026-08-02,02063,2026-08-02,SCHEDULED,180,3.0
2026-08-03T05:26:16Z,1812312026-08-02,18123,2026-08-02,SCHEDULED,60,1.0
2026-08-03T05:26:16Z,0206712026-08-02,02067,2026-08-02,SCHEDULED,0,0.0
2026-08-03T05:26:16Z,1821612026-08-02,18216,2026-08-02,SCHEDULED,0,0.0
2026-08-03T05:26:16Z,0207012026-08-02,02070,2026-08-02,SCHEDULED,360,6.0
2026-08-03T05:26:16Z,0207112026-08-02,02071,2026-08-02,SCHEDULED,60,1.0
2026-08-03T05:26:16Z,1832112026-08-02,18321,2026-08-02,SCHEDULED,0,0.0
2026-08-03T05:26:16Z,0207312026-08-02,02073,2026-08-02,SCHEDULED,360,6.0
2026-08-03T05:26:16Z,1891012026-08-02,18910,2026-08-02,SCHEDULED,600,10.0
2026-08-03T05:26:16Z,1443012026-08-02,14430,2026-08-02,SCHEDULED,120,2.0
2026-08-03T05:26:16Z,0207512026-08-03,02075,2026-08-03,SCHEDULED,120,2.0
2026-08-03T05:26:16Z,1530912026-08-02,15309,2026-08-02,SCHEDULED,120,2.0
2026-08-03T05:26:16Z,0207212026-08-02,02072,2026-08-02,SCHEDULED,60,1.0
2026-08-03T05:26:16Z,1503022026-08-02,15030,2026-08-02,SCHEDULED,-60,-1.0
2026-08-03T05:26:16Z,1503112026-08-02,15031,2026-08-02,SCHEDULED,300,5.0
2026-08-03T05:26:16Z,1600012026-08-02,16000,2026-08-02,SCHEDULED,180,3.0
2026-08-03T05:26:16Z,0306242026-08-02,03062,2026-08-02,SCHEDULED,0,0.0
2026-08-03T05:26:16Z,0306232026-08-02,03062,2026-08-02,SCHEDULED,0,0.0
2026-08-03T05:26:16Z,0306212026-08-02,03062,2026-08-02,SCHEDULED,0,0.0
2026-08-03T05:26:16Z,0306222026-08-02,03062,2026-08-02,SCHEDULED,0,0.0
2026-08-03T05:26:16Z,1702112026-08-02,17021,2026-08-02,SCHEDULED,60,1.0
2026-08-03T05:26:16Z,1702122026-08-02,17021,2026-08-02,SCHEDULED,60,1.0
2026-08-03T05:26:16Z,1702132026-08-02,17021,2026-08-02,SCHEDULED,60,1.0
2026-08-03T05:26:16Z,1401812026-08-02,14018,2026-08-02,SCHEDULED,300,5.0
2026-08-03T05:26:16Z,0947012026-08-02,09470,2026-08-02,SCHEDULED,0,0.0
2026-08-03T05:26:16Z,0306242026-08-02,03062,2026-08-02,SCHEDULED,600,10.0
2026-08-03T05:26:16Z,0306232026-08-02,03062,2026-08-02,SCHEDULED,600,10.0
2026-08-03T05:26:16Z,0306212026-08-02,03062,2026-08-02,SCHEDULED,600,10.0
2026-08-03T05:26:16Z,0306222026-08-02,03062,2026-08-02,SCHEDULED,600,10.0
2026-08-03T05:26:16Z,1562112026-08-02,15621,2026-08-02,SCHEDULED,180,3.0
2026-08-03T05:26:16Z,1877312026-08-02,18773,2026-08-02,SCHEDULED,60,1.0
2026-08-03T05:26:16Z,0331112026-08-02,03311,2026-08-02,SCHEDULED,60,1.0
2026-08-03T05:26:16Z,0331122026-08-02,03311,2026-08-02,SCHEDULED,60,1.0
2026-08-03T05:26:16Z,0331132026-08-02,03311,2026-08-02,SCHEDULED,60,1.0
2026-08-03T05:26:16Z,1703012026-08-02,17030,2026-08-02,SCHEDULED,1020,17.0
2026-08-03T05:26:16Z,1833112026-08-02,18331,2026-08-02,SCHEDULED,900,15.0
2026-08-03T05:26:16Z,0366222026-08-02,03662,2026-08-02,SCHEDULED,360,6.0
2026-08-03T05:26:16Z,0366212026-08-02,03662,2026-08-02,SCHEDULED,360,6.0
2026-08-03T05:26:16Z,7180012026-08-02,71800,2026-08-02,SCHEDULED,0,0.0
2026-08-03T05:26:16Z,0406012026-08-02,04060,2026-08-02,SCHEDULED,120,2.0
2026-08-03T05:26:16Z,7183012026-08-02,71830,2026-08-02,SCHEDULED,0,0.0
2026-08-03T05:26:16Z,0408822026-08-03,04088,2026-08-03,SCHEDULED,-180,-3.0
2026-08-03T05:26:16Z,0407222026-08-03,04072,2026-08-03,SCHEDULED,540,9.0
2026-08-03T05:26:16Z,0407212026-08-03,04072,2026-08-03,SCHEDULED,540,9.0
2026-08-03T05:26:16Z,0446412026-08-02,04464,2026-08-02,SCHEDULED,120,2.0
2026-08-03T05:26:16Z,0415422026-08-02,04154,2026-08-02,SCHEDULED,600,10.0
2026-08-03T05:26:16Z,0415412026-08-02,04154,2026-08-02,SCHEDULED,600,10.0
2026-08-03T05:26:16Z,0436422026-08-02,04364,2026-08-02,SCHEDULED,60,1.0
2026-08-03T05:26:16Z,0436412026-08-02,04364,2026-08-02,SCHEDULED,60,1.0
2026-08-03T05:26:16Z,0486822026-08-03,04868,2026-08-03,SCHEDULED,-180,-3.0
2026-08-03T05:26:16Z,0486812026-08-03,04868,2026-08-03,SCHEDULED,-180,-3.0
2026-08-03T05:26:16Z,0506312026-08-02,05063,2026-08-02,SCHEDULED,180,3.0
2026-08-03T05:26:16Z,0506422026-08-02,05064,2026-08-02,SCHEDULED,0,0.0
2026-08-03T05:26:16Z,0506412026-08-02,05064,2026-08-02,SCHEDULED,0,0.0
2026-08-03T05:26:16Z,0506522026-08-02,05065,2026-08-02,SCHEDULED,240,4.0
2026-08-03T05:26:16Z,0506512026-08-02,05065,2026-08-02,SCHEDULED,240,4.0
2026-08-03T05:26:16Z,0507212026-08-02,05072,2026-08-02,SCHEDULED,240,4.0
2026-08-03T05:26:16Z,0509222026-08-02,05092,2026-08-02,SCHEDULED,0,0.0
2026-08-03T05:26:16Z,0509212026-08-02,05092,2026-08-02,SCHEDULED,0,0.0
2026-08-03T05:26:16Z,0508012026-08-02,05080,2026-08-02,SCHEDULED,60,1.0
2026-08-03T05:26:16Z,0508032026-08-02,05080,2026-08-02,SCHEDULED,60,1.0
2026-08-03T05:26:16Z,0508022026-08-02,05080,2026-08-02,SCHEDULED,60,1.0
2026-08-03T05:26:16Z,0566812026-08-02,05668,2026-08-02,SCHEDULED,60,1.0
2026-08-03T05:26:16Z,0587112026-08-02,05871,2026-08-02,SCHEDULED,60,1.0
2026-08-03T05:26:16Z,1261412026-08-02,12614,2026-08-02,CANCELED,,
2026-08-03T05:26:16Z,1565712026-08-02,15657,2026-08-02,CANCELED,,
2026-08-03T05:26:16Z,1260712026-08-02,12607,2026-08-02,CANCELED,,
2026-08-03T05:26:16Z,1260712026-08-02,12607,2026-08-02,CANCELED,,
2026-08-03T05:26:16Z,1705212026-08-02,17052,2026-08-02,CANCELED,,
2026-08-03T05:26:16Z,1307912026-08-02,13079,2026-08-02,CANCELED,,
2026-08-03T05:26:16Z,1721812026-08-02,17218,2026-08-02,CANCELED,,
2026-08-03T05:26:16Z,1390412026-08-02,13904,2026-08-02,CANCELED,,
2026-08-03T05:26:16Z,3821812026-08-02,38218,2026-08-02,CANCELED,,
2026-08-03T05:26:16Z,3890412026-08-02,38904,2026-08-02,CANCELED,,
2026-08-03T05:26:16Z,1722112026-08-02,17221,2026-08-02,CANCELED,,
2026-08-03T05:26:16Z,3822112026-08-02,38221,2026-08-02,CANCELED,,
2026-08-03T05:26:16Z,0407222026-08-03,04072,2026-08-03,CANCELED,,
2026-08-03T05:26:16Z,0407212026-08-03,04072,2026-08-03,CANCELED,,
2026-08-03T05:26:16Z,1750312026-08-02,17503,2026-08-02,CANCELED,,
2026-08-03T05:26:16Z,3707212026-08-03,37072,2026-08-03,CANCELED,,
2026-08-03T05:26:16Z,1821412026-08-02,18214,2026-08-02,CANCELED,,
2026-08-03T05:26:16Z,1821512026-08-02,18215,2026-08-02,CANCELED,,
2026-08-03T05:26:16Z,0029522026-08-03,00295,2026-08-03,CANCELED,,
2026-08-03T05:26:16Z,0029512026-08-03,00295,2026-08-03,CANCELED,,
2026-08-03T05:26:16Z,1260812026-08-02,12608,2026-08-02,CANCELED,,
2026-08-03T05:26:16Z,3709522026-08-02,37095,2026-08-02,CANCELED,,
2026-08-03T05:26:16Z,3709512026-08-02,37095,2026-08-02,CANCELED,,
2026-08-03T05:26:16Z,3739512026-08-02,37395,2026-08-02,CANCELED,,
2026-08-03T05:26:16Z,1810132026-08-02,18101,2026-08-02,CANCELED,,
2026-08-03T05:26:16Z,1810142026-08-02,18101,2026-08-02,CANCELED,,
2026-08-03T05:26:16Z,1810152026-08-02,18101,2026-08-02,CANCELED,,
2026-08-03T05:26:16Z,0019222026-08-03,00192,2026-08-03,CANCELED,,
2026-08-03T05:26:16Z,0019212026-08-03,00192,2026-08-03,CANCELED,,
2026-08-03T05:26:16Z,3739212026-08-02,37392,2026-08-02,CANCELED,,
2026-08-03T05:26:16Z,1810222026-08-02,18102,2026-08-02,CANCELED,,
2026-08-03T05:26:16Z,1810232026-08-02,18102,2026-08-02,CANCELED,,
2026-08-03T05:26:16Z,1810242026-08-02,18102,2026-08-02,CANCELED,,
2026-08-03T05:26:16Z,3749222026-08-02,37492,2026-08-02,CANCELED,,
2026-08-03T05:26:16Z,3749212026-08-02,37492,2026-08-02,CANCELED,,
2026-08-03T05:26:16Z,1810512026-08-02,18105,2026-08-02,CANCELED,,
2026-08-03T05:26:16Z,3810512026-08-02,38105,2026-08-02,CANCELED,,
2026-08-03T05:31:41Z,1521312026-08-02,15213,2026-08-02,SCHEDULED,-180,-3.0
2026-08-03T05:31:41Z,0587112026-08-02,05871,2026-08-02,SCHEDULED,180,3.0
2026-08-03T05:31:41Z,1564512026-08-02,15645,2026-08-02,SCHEDULED,60,1.0
2026-08-03T05:31:41Z,0806812026-08-02,08068,2026-08-02,SCHEDULED,240,4.0
2026-08-03T05:31:41Z,1565012026-08-02,15650,2026-08-02,SCHEDULED,900,15.0
2026-08-03T05:31:41Z,0807112026-08-02,08071,2026-08-02,SCHEDULED,420,7.0
2026-08-03T05:31:41Z,1572012026-08-02,15720,2026-08-02,SCHEDULED,1260,21.0
2026-08-03T05:31:41Z,0807312026-08-02,08073,2026-08-02,SCHEDULED,60,1.0
2026-08-03T05:31:41Z,0807512026-08-02,08075,2026-08-02,SCHEDULED,840,14.0
2026-08-03T05:31:41Z,1572212026-08-02,15722,2026-08-02,SCHEDULED,180,3.0
2026-08-03T05:31:41Z,1577012026-08-02,15770,2026-08-02,SCHEDULED,180,3.0
2026-08-03T05:31:41Z,0807712026-08-02,08077,2026-08-02,SCHEDULED,180,3.0
2026-08-03T05:31:41Z,1577212026-08-02,15772,2026-08-02,SCHEDULED,240,4.0
2026-08-03T05:31:41Z,0807812026-08-02,08078,2026-08-02,SCHEDULED,0,0.0
2026-08-03T05:31:41Z,1577412026-08-02,15774,2026-08-02,SCHEDULED,0,0.0
2026-08-03T05:31:41Z,0826012026-08-02,08260,2026-08-02,SCHEDULED,-180,-3.0
2026-08-03T05:31:41Z,1585012026-08-02,15850,2026-08-02,SCHEDULED,180,3.0
2026-08-03T05:31:41Z,0826112026-08-02,08261,2026-08-02,SCHEDULED,180,3.0
2026-08-03T05:31:41Z,0827112026-08-02,08271,2026-08-02,SCHEDULED,60,1.0
2026-08-03T05:31:41Z,1585212026-08-02,15852,2026-08-02,SCHEDULED,0,0.0
2026-08-03T05:31:41Z,0847512026-08-02,08475,2026-08-02,SCHEDULED,180,3.0
2026-08-03T05:31:41Z,1590012026-08-02,15900,2026-08-02,SCHEDULED,900,15.0
2026-08-03T05:31:41Z,0866412026-08-02,08664,2026-08-02,SCHEDULED,120,2.0
2026-08-03T05:31:41Z,1590412026-08-02,15904,2026-08-02,SCHEDULED,300,5.0
2026-08-03T05:31:41Z,3586912026-08-02,35869,2026-08-02,SCHEDULED,0,0.0
2026-08-03T05:31:41Z,0906712026-08-02,09067,2026-08-02,SCHEDULED,0,0.0
2026-08-03T05:31:41Z,1801012026-08-02,18010,2026-08-02,SCHEDULED,0,0.0
2026-08-03T05:31:41Z,1801022026-08-02,18010,2026-08-02,SCHEDULED,0,0.0
2026-08-03T05:31:41Z,1801032026-08-02,18010,2026-08-02,SCHEDULED,0,0.0
2026-08-03T05:31:41Z,1620712026-08-02,16207,2026-08-02,SCHEDULED,60,1.0
2026-08-03T05:31:41Z,0907222026-08-02,09072,2026-08-02,SCHEDULED,-60,-1.0
2026-08-03T05:31:41Z,0907212026-08-02,09072,2026-08-02,SCHEDULED,-60,-1.0
2026-08-03T05:31:41Z,1601812026-08-02,16018,2026-08-02,SCHEDULED,240,4.0
2026-08-03T05:31:41Z,0907312026-08-02,09073,2026-08-02,SCHEDULED,-180,-3.0
2026-08-03T05:31:41Z,1700812026-08-02,17008,2026-08-02,SCHEDULED,360,6.0
2026-08-03T05:31:41Z,0907512026-08-02,09075,2026-08-02,SCHEDULED,60,1.0
2026-08-03T05:31:41Z,1704212026-08-02,17042,2026-08-02,SCHEDULED,120,2.0
2026-08-03T05:31:41Z,0207412026-08-03,02074,2026-08-03,SCHEDULED,240,4.0
2026-08-03T05:31:41Z,1300112026-08-02,13001,2026-08-02,SCHEDULED,480,8.0
2026-08-03T05:31:41Z,0109212026-08-02,01092,2026-08-02,SCHEDULED,360,6.0
2026-08-03T05:31:41Z,1300312026-08-02,13003,2026-08-02,SCHEDULED,540,9.0
2026-08-03T05:31:41Z,0029122026-08-03,00291,2026-08-03,SCHEDULED,120,2.0
2026-08-03T05:31:41Z,0029112026-08-03,00291,2026-08-03,SCHEDULED,120,2.0
2026-08-03T05:31:41Z,1303012026-08-02,13030,2026-08-02,SCHEDULED,120,2.0
2026-08-03T05:31:41Z,0527312026-08-02,05273,2026-08-02,SCHEDULED,0,0.0
2026-08-03T05:31:41Z,1304112026-08-02,13041,2026-08-02,SCHEDULED,60,1.0
2026-08-03T05:31:41Z,1308412026-08-02,13084,2026-08-02,SCHEDULED,1380,23.0
2026-08-03T05:31:41Z,0429522026-08-02,04295,2026-08-02,SCHEDULED,0,0.0
2026-08-03T05:31:41Z,0429512026-08-02,04295,2026-08-02,SCHEDULED,0,0.0
2026-08-03T05:31:41Z,1395112026-08-02,13951,2026-08-02,SCHEDULED,360,6.0
2026-08-03T05:31:41Z,1320312026-08-02,13203,2026-08-02,SCHEDULED,60,1.0
2026-08-03T05:31:41Z,1390012026-08-02,13900,2026-08-02,SCHEDULED,240,4.0
2026-08-03T05:31:41Z,0576312026-08-02,05763,2026-08-02,SCHEDULED,-120,-2.0
2026-08-03T05:31:41Z,0576322026-08-02,05763,2026-08-02,SCHEDULED,-120,-2.0
2026-08-03T05:31:41Z,0576332026-08-02,05763,2026-08-02,SCHEDULED,-120,-2.0
2026-08-03T05:31:41Z,1390112026-08-02,13901,2026-08-02,SCHEDULED,-360,-6.0
2026-08-03T05:31:41Z,0405612026-08-03,04056,2026-08-03,SCHEDULED,120,2.0
2026-08-03T05:31:41Z,0418612026-08-03,04186,2026-08-03,SCHEDULED,300,5.0
2026-08-03T05:31:41Z,0418642026-08-03,04186,2026-08-03,SCHEDULED,300,5.0
2026-08-03T05:31:41Z,0418622026-08-03,04186,2026-08-03,SCHEDULED,300,5.0
2026-08-03T05:31:41Z,1412322026-08-03,14123,2026-08-03,SCHEDULED,360,6.0
2026-08-03T05:31:41Z,1412342026-08-02,14123,2026-08-02,SCHEDULED,360,6.0
2026-08-03T05:31:41Z,1412332026-08-02,14123,2026-08-02,SCHEDULED,360,6.0
2026-08-03T05:31:41Z,0408712026-08-03,04087,2026-08-03,SCHEDULED,1260,21.0
2026-08-03T05:31:41Z,0407312026-08-03,04073,2026-08-03,SCHEDULED,-180,-3.0
2026-08-03T05:31:41Z,1210112026-08-02,12101,2026-08-02,SCHEDULED,-180,-3.0
2026-08-03T05:31:41Z,3560432026-08-02,35604,2026-08-02,SCHEDULED,180,3.0
2026-08-03T05:31:41Z,3560442026-08-02,35604,2026-08-02,SCHEDULED,180,3.0
2026-08-03T05:31:41Z,3560452026-08-02,35604,2026-08-02,SCHEDULED,180,3.0
2026-08-03T05:31:41Z,1241112026-08-02,12411,2026-08-02,SCHEDULED,240,4.0
2026-08-03T05:31:41Z,1451012026-08-02,14510,2026-08-02,SCHEDULED,0,0.0
2026-08-03T05:31:41Z,1248012026-08-02,12480,2026-08-02,SCHEDULED,420,7.0
2026-08-03T05:31:41Z,1500112026-08-02,15001,2026-08-02,SCHEDULED,-60,-1.0
2026-08-03T05:31:41Z,1261312026-08-02,12613,2026-08-02,SCHEDULED,0,0.0
2026-08-03T05:31:41Z,1500212026-08-02,15002,2026-08-02,SCHEDULED,360,6.0
2026-08-03T05:31:41Z,1261112026-08-02,12611,2026-08-02,SCHEDULED,180,3.0
2026-08-03T05:31:41Z,1504012026-08-02,15040,2026-08-02,SCHEDULED,1020,17.0
2026-08-03T05:31:41Z,1264412026-08-02,12644,2026-08-02,SCHEDULED,0,0.0
2026-08-03T05:31:41Z,1504112026-08-02,15041,2026-08-02,SCHEDULED,-60,-1.0
2026-08-03T05:31:41Z,1300012026-08-02,13000,2026-08-02,SCHEDULED,2580,43.0
2026-08-03T05:31:41Z,1505012026-08-02,15050,2026-08-02,SCHEDULED,0,0.0
2026-08-03T05:31:41Z,1812312026-08-02,18123,2026-08-02,SCHEDULED,0,0.0
2026-08-03T05:31:41Z,0411422026-08-03,04114,2026-08-03,SCHEDULED,180,3.0
2026-08-03T05:31:41Z,0411412026-08-03,04114,2026-08-03,SCHEDULED,180,3.0
2026-08-03T05:31:41Z,1821612026-08-02,18216,2026-08-02,SCHEDULED,0,0.0
2026-08-03T05:31:41Z,1832112026-08-02,18321,2026-08-02,SCHEDULED,0,0.0
2026-08-03T05:31:41Z,1891012026-08-02,18910,2026-08-02,SCHEDULED,660,11.0
2026-08-03T05:31:41Z,0063142026-08-03,00631,2026-08-03,SCHEDULED,60,1.0
2026-08-03T05:31:41Z,0063132026-08-03,00631,2026-08-03,SCHEDULED,60,1.0
2026-08-03T05:31:41Z,0063112026-08-03,00631,2026-08-03,SCHEDULED,60,1.0
2026-08-03T05:31:41Z,0063122026-08-03,00631,2026-08-03,SCHEDULED,60,1.0
2026-08-03T05:31:41Z,1443012026-08-02,14430,2026-08-02,SCHEDULED,120,2.0
2026-08-03T05:31:41Z,1530912026-08-02,15309,2026-08-02,SCHEDULED,180,3.0
2026-08-03T05:31:41Z,1503022026-08-02,15030,2026-08-02,SCHEDULED,-60,-1.0
2026-08-03T05:31:41Z,0075222026-08-03,00752,2026-08-03,SCHEDULED,0,0.0
2026-08-03T05:31:41Z,0075212026-08-03,00752,2026-08-03,SCHEDULED,0,0.0
2026-08-03T05:31:41Z,1503112026-08-02,15031,2026-08-02,SCHEDULED,300,5.0
2026-08-03T05:31:41Z,1600012026-08-02,16000,2026-08-02,SCHEDULED,300,5.0
2026-08-03T05:31:41Z,0075222026-08-03,00752,2026-08-03,SCHEDULED,180,3.0
2026-08-03T05:31:41Z,0075212026-08-03,00752,2026-08-03,SCHEDULED,180,3.0
2026-08-03T05:31:41Z,3460912026-08-02,34609,2026-08-02,SCHEDULED,180,3.0
2026-08-03T05:31:41Z,0107112026-08-02,01071,2026-08-02,SCHEDULED,0,0.0
2026-08-03T05:31:41Z,1702112026-08-02,17021,2026-08-02,SCHEDULED,0,0.0
2026-08-03T05:31:41Z,1702122026-08-02,17021,2026-08-02,SCHEDULED,0,0.0
2026-08-03T05:31:41Z,1702132026-08-02,17021,2026-08-02,SCHEDULED,0,0.0
2026-08-03T05:31:41Z,0107212026-08-02,01072,2026-08-02,SCHEDULED,840,14.0
2026-08-03T05:31:41Z,1401812026-08-02,14018,2026-08-02,SCHEDULED,600,10.0
2026-08-03T05:31:41Z,0947012026-08-02,09470,2026-08-02,SCHEDULED,0,0.0
2026-08-03T05:31:41Z,0108122026-08-02,01081,2026-08-02,SCHEDULED,120,2.0
2026-08-03T05:31:41Z,0108112026-08-02,01081,2026-08-02,SCHEDULED,120,2.0
2026-08-03T05:31:41Z,0206112026-08-02,02061,2026-08-02,SCHEDULED,1020,17.0
2026-08-03T05:31:41Z,1562112026-08-02,15621,2026-08-02,SCHEDULED,120,2.0
2026-08-03T05:31:41Z,0206312026-08-02,02063,2026-08-02,SCHEDULED,180,3.0
2026-08-03T05:31:41Z,1877312026-08-02,18773,2026-08-02,SCHEDULED,180,3.0
2026-08-03T05:31:41Z,0206712026-08-02,02067,2026-08-02,SCHEDULED,-60,-1.0
2026-08-03T05:31:41Z,1833112026-08-02,18331,2026-08-02,SCHEDULED,960,16.0
2026-08-03T05:31:41Z,0207012026-08-02,02070,2026-08-02,SCHEDULED,300,5.0
2026-08-03T05:31:41Z,7180012026-08-02,71800,2026-08-02,SCHEDULED,0,0.0
2026-08-03T05:31:41Z,0207112026-08-02,02071,2026-08-02,SCHEDULED,60,1.0
2026-08-03T05:31:41Z,7182012026-08-02,71820,2026-08-02,SCHEDULED,0,0.0
2026-08-03T05:31:41Z,0207312026-08-02,02073,2026-08-02,SCHEDULED,360,6.0
2026-08-03T05:31:41Z,7183012026-08-02,71830,2026-08-02,SCHEDULED,0,0.0
2026-08-03T05:31:41Z,0207512026-08-03,02075,2026-08-03,SCHEDULED,240,4.0
2026-08-03T05:31:41Z,1720112026-08-02,17201,2026-08-02,SCHEDULED,120,2.0
2026-08-03T05:31:41Z,0207212026-08-02,02072,2026-08-02,SCHEDULED,60,1.0
2026-08-03T05:31:41Z,1770312026-08-02,17703,2026-08-02,SCHEDULED,-120,-2.0
2026-08-03T05:31:41Z,1780612026-08-02,17806,2026-08-02,SCHEDULED,240,4.0
2026-08-03T05:31:41Z,1781512026-08-02,17815,2026-08-02,SCHEDULED,60,1.0
2026-08-03T05:31:41Z,1800112026-08-02,18001,2026-08-02,SCHEDULED,0,0.0
2026-08-03T05:31:41Z,0306242026-08-02,03062,2026-08-02,SCHEDULED,60,1.0
2026-08-03T05:31:41Z,0306232026-08-02,03062,2026-08-02,SCHEDULED,60,1.0
2026-08-03T05:31:41Z,0306212026-08-02,03062,2026-08-02,SCHEDULED,60,1.0
2026-08-03T05:31:41Z,0306222026-08-02,03062,2026-08-02,SCHEDULED,60,1.0
2026-08-03T05:31:41Z,1802412026-08-02,18024,2026-08-02,SCHEDULED,0,0.0
2026-08-03T05:31:41Z,1803112026-08-02,18031,2026-08-02,SCHEDULED,360,6.0
2026-08-03T05:31:41Z,1804112026-08-02,18041,2026-08-02,SCHEDULED,0,0.0
2026-08-03T05:31:41Z,1804612026-08-02,18046,2026-08-02,SCHEDULED,300,5.0
2026-08-03T05:31:41Z,0306242026-08-02,03062,2026-08-02,SCHEDULED,540,9.0
2026-08-03T05:31:41Z,0306232026-08-02,03062,2026-08-02,SCHEDULED,540,9.0
2026-08-03T05:31:41Z,0306212026-08-02,03062,2026-08-02,SCHEDULED,540,9.0
2026-08-03T05:31:41Z,0306222026-08-02,03062,2026-08-02,SCHEDULED,540,9.0
2026-08-03T05:31:41Z,1805412026-08-02,18054,2026-08-02,SCHEDULED,60,1.0
2026-08-03T05:31:41Z,1806812026-08-02,18068,2026-08-02,SCHEDULED,360,6.0
2026-08-03T05:31:41Z,0331112026-08-02,03311,2026-08-02,SCHEDULED,60,1.0
2026-08-03T05:31:41Z,0331122026-08-02,03311,2026-08-02,SCHEDULED,60,1.0
2026-08-03T05:31:41Z,0331132026-08-02,03311,2026-08-02,SCHEDULED,60,1.0
2026-08-03T05:31:41Z,1807112026-08-02,18071,2026-08-02,SCHEDULED,900,15.0
2026-08-03T05:31:41Z,1807212026-08-02,18072,2026-08-02,SCHEDULED,-60,-1.0
2026-08-03T05:31:41Z,0366222026-08-02,03662,2026-08-02,SCHEDULED,360,6.0
2026-08-03T05:31:41Z,0366212026-08-02,03662,2026-08-02,SCHEDULED,360,6.0
2026-08-03T05:31:41Z,0406012026-08-02,04060,2026-08-02,SCHEDULED,60,1.0
2026-08-03T05:31:41Z,1800212026-08-02,18002,2026-08-02,SCHEDULED,660,11.0
2026-08-03T05:31:41Z,0408822026-08-03,04088,2026-08-03,SCHEDULED,0,0.0
2026-08-03T05:31:41Z,1806612026-08-02,18066,2026-08-02,SCHEDULED,0,0.0
2026-08-03T05:31:41Z,1812012026-08-02,18120,2026-08-02,SCHEDULED,180,3.0
2026-08-03T05:31:41Z,0407222026-08-03,04072,2026-08-03,SCHEDULED,540,9.0
2026-08-03T05:31:41Z,0407212026-08-03,04072,2026-08-03,SCHEDULED,540,9.0
2026-08-03T05:31:41Z,1812112026-08-02,18121,2026-08-02,SCHEDULED,60,1.0
2026-08-03T05:31:41Z,0446412026-08-02,04464,2026-08-02,SCHEDULED,360,6.0
2026-08-03T05:31:41Z,0415422026-08-02,04154,2026-08-02,SCHEDULED,600,10.0
2026-08-03T05:31:41Z,0415412026-08-02,04154,2026-08-02,SCHEDULED,600,10.0
2026-08-03T05:31:41Z,0436422026-08-02,04364,2026-08-02,SCHEDULED,60,1.0
2026-08-03T05:31:41Z,0436412026-08-02,04364,2026-08-02,SCHEDULED,60,1.0
2026-08-03T05:31:41Z,0486822026-08-03,04868,2026-08-03,SCHEDULED,-120,-2.0
2026-08-03T05:31:41Z,0486812026-08-03,04868,2026-08-03,SCHEDULED,-120,-2.0
2026-08-03T05:31:41Z,0506312026-08-02,05063,2026-08-02,SCHEDULED,120,2.0
2026-08-03T05:31:41Z,0506422026-08-02,05064,2026-08-02,SCHEDULED,0,0.0
2026-08-03T05:31:41Z,0506412026-08-02,05064,2026-08-02,SCHEDULED,0,0.0
2026-08-03T05:31:41Z,0506522026-08-02,05065,2026-08-02,SCHEDULED,180,3.0
2026-08-03T05:31:41Z,0506512026-08-02,05065,2026-08-02,SCHEDULED,180,3.0
2026-08-03T05:31:41Z,0507212026-08-02,05072,2026-08-02,SCHEDULED,180,3.0
2026-08-03T05:31:41Z,0509222026-08-02,05092,2026-08-02,SCHEDULED,-60,-1.0
2026-08-03T05:31:41Z,0509212026-08-02,05092,2026-08-02,SCHEDULED,-60,-1.0
2026-08-03T05:31:41Z,0508012026-08-02,05080,2026-08-02,SCHEDULED,0,0.0
2026-08-03T05:31:41Z,0508032026-08-02,05080,2026-08-02,SCHEDULED,0,0.0
2026-08-03T05:31:41Z,0508022026-08-02,05080,2026-08-02,SCHEDULED,0,0.0
2026-08-03T05:31:41Z,0566812026-08-02,05668,2026-08-02,SCHEDULED,0,0.0
2026-08-03T05:31:41Z,1565712026-08-02,15657,2026-08-02,CANCELED,,
2026-08-03T05:31:41Z,1705212026-08-02,17052,2026-08-02,CANCELED,,
2026-08-03T05:31:41Z,1721812026-08-02,17218,2026-08-02,CANCELED,,
2026-08-03T05:31:41Z,3821812026-08-02,38218,2026-08-02,CANCELED,,
2026-08-03T05:31:41Z,1722112026-08-02,17221,2026-08-02,CANCELED,,
2026-08-03T05:31:41Z,3822112026-08-02,38221,2026-08-02,CANCELED,,
2026-08-03T05:31:41Z,1750312026-08-02,17503,2026-08-02,CANCELED,,
2026-08-03T05:31:41Z,1821412026-08-02,18214,2026-08-02,CANCELED,,
2026-08-03T05:31:41Z,1821512026-08-02,18215,2026-08-02,CANCELED,,
2026-08-03T05:31:41Z,1260812026-08-02,12608,2026-08-02,CANCELED,,
2026-08-03T05:31:41Z,1810132026-08-02,18101,2026-08-02,CANCELED,,
2026-08-03T05:31:41Z,1810142026-08-02,18101,2026-08-02,CANCELED,,
2026-08-03T05:31:41Z,1810152026-08-02,18101,2026-08-02,CANCELED,,
2026-08-03T05:31:41Z,1261412026-08-02,12614,2026-08-02,CANCELED,,
2026-08-03T05:31:41Z,1260712026-08-02,12607,2026-08-02,CANCELED,,
2026-08-03T05:31:41Z,1260712026-08-02,12607,2026-08-02,CANCELED,,
2026-08-03T05:31:41Z,1307912026-08-02,13079,2026-08-02,CANCELED,,
2026-08-03T05:31:41Z,1390412026-08-02,13904,2026-08-02,CANCELED,,
2026-08-03T05:31:41Z,3890412026-08-02,38904,2026-08-02,CANCELED,,
2026-08-03T05:31:41Z,0407222026-08-03,04072,2026-08-03,CANCELED,,
2026-08-03T05:31:41Z,0407212026-08-03,04072,2026-08-03,CANCELED,,
2026-08-03T05:31:41Z,3707212026-08-03,37072,2026-08-03,CANCELED,,
2026-08-03T05:31:41Z,0029522026-08-03,00295,2026-08-03,CANCELED,,
2026-08-03T05:31:41Z,0029512026-08-03,00295,2026-08-03,CANCELED,,
2026-08-03T05:31:41Z,3709522026-08-02,37095,2026-08-02,CANCELED,,
2026-08-03T05:31:41Z,3709512026-08-02,37095,2026-08-02,CANCELED,,
2026-08-03T05:31:41Z,3739512026-08-02,37395,2026-08-02,CANCELED,,
2026-08-03T05:31:41Z,0019222026-08-03,00192,2026-08-03,CANCELED,,
2026-08-03T05:31:41Z,0019212026-08-03,00192,2026-08-03,CANCELED,,
2026-08-03T05:31:41Z,3739212026-08-02,37392,2026-08-02,CANCELED,,
2026-08-03T05:31:41Z,3749222026-08-02,37492,2026-08-02,CANCELED,,
2026-08-03T05:31:41Z,3749212026-08-02,37492,2026-08-02,CANCELED,,
2026-08-03T05:31:41Z,1810222026-08-02,18102,2026-08-02,CANCELED,,
2026-08-03T05:31:41Z,1810232026-08-02,18102,2026-08-02,CANCELED,,
2026-08-03T05:31:41Z,1810242026-08-02,18102,2026-08-02,CANCELED,,
2026-08-03T05:31:41Z,1810512026-08-02,18105,2026-08-02,CANCELED,,
2026-08-03T05:31:41Z,3810512026-08-02,38105,2026-08-02,CANCELED,,
2026-08-03T05:36:25Z,1264412026-08-02,12644,2026-08-02,SCHEDULED,60,1.0
2026-08-03T05:36:25Z,0566812026-08-02,05668,2026-08-02,SCHEDULED,0,0.0
2026-08-03T05:36:25Z,1300012026-08-02,13000,2026-08-02,SCHEDULED,2640,44.0
2026-08-03T05:36:25Z,0587112026-08-02,05871,2026-08-02,SCHEDULED,120,2.0
2026-08-03T05:36:25Z,1300112026-08-02,13001,2026-08-02,SCHEDULED,480,8.0
2026-08-03T05:36:25Z,0806812026-08-02,08068,2026-08-02,SCHEDULED,180,3.0
2026-08-03T05:36:25Z,0807112026-08-02,08071,2026-08-02,SCHEDULED,420,7.0
2026-08-03T05:36:25Z,1300312026-08-02,13003,2026-08-02,SCHEDULED,660,11.0
2026-08-03T05:36:25Z,0807312026-08-02,08073,2026-08-02,SCHEDULED,180,3.0
2026-08-03T05:36:25Z,1303012026-08-02,13030,2026-08-02,SCHEDULED,120,2.0
2026-08-03T05:36:25Z,0807512026-08-02,08075,2026-08-02,SCHEDULED,840,14.0
2026-08-03T05:36:25Z,1304112026-08-02,13041,2026-08-02,SCHEDULED,60,1.0
2026-08-03T05:36:25Z,0807712026-08-02,08077,2026-08-02,SCHEDULED,180,3.0
2026-08-03T05:36:25Z,0807812026-08-02,08078,2026-08-02,SCHEDULED,0,0.0
2026-08-03T05:36:25Z,1308412026-08-02,13084,2026-08-02,SCHEDULED,1380,23.0
2026-08-03T05:36:25Z,0826012026-08-02,08260,2026-08-02,SCHEDULED,-180,-3.0
2026-08-03T05:36:25Z,1395112026-08-02,13951,2026-08-02,SCHEDULED,420,7.0
2026-08-03T05:36:25Z,0826112026-08-02,08261,2026-08-02,SCHEDULED,60,1.0
2026-08-03T05:36:25Z,1320312026-08-02,13203,2026-08-02,SCHEDULED,60,1.0
2026-08-03T05:36:25Z,0827112026-08-02,08271,2026-08-02,SCHEDULED,60,1.0
2026-08-03T05:36:25Z,1390012026-08-02,13900,2026-08-02,SCHEDULED,240,4.0
2026-08-03T05:36:25Z,0847512026-08-02,08475,2026-08-02,SCHEDULED,420,7.0
2026-08-03T05:36:25Z,1390112026-08-02,13901,2026-08-02,SCHEDULED,-360,-6.0
2026-08-03T05:36:25Z,0866412026-08-02,08664,2026-08-02,SCHEDULED,120,2.0
2026-08-03T05:36:25Z,3586912026-08-02,35869,2026-08-02,SCHEDULED,0,0.0
2026-08-03T05:36:25Z,0907222026-08-02,09072,2026-08-02,SCHEDULED,-60,-1.0
2026-08-03T05:36:25Z,0907212026-08-02,09072,2026-08-02,SCHEDULED,-60,-1.0
2026-08-03T05:36:25Z,1412322026-08-03,14123,2026-08-03,SCHEDULED,300,5.0
2026-08-03T05:36:25Z,1412342026-08-02,14123,2026-08-02,SCHEDULED,300,5.0
2026-08-03T05:36:25Z,1412332026-08-02,14123,2026-08-02,SCHEDULED,300,5.0
2026-08-03T05:36:25Z,0907312026-08-02,09073,2026-08-02,SCHEDULED,0,0.0
2026-08-03T05:36:25Z,0907512026-08-02,09075,2026-08-02,SCHEDULED,120,2.0
2026-08-03T05:36:25Z,0207412026-08-03,02074,2026-08-03,SCHEDULED,240,4.0
2026-08-03T05:36:25Z,0109212026-08-02,01092,2026-08-02,SCHEDULED,360,6.0
2026-08-03T05:36:25Z,3560432026-08-02,35604,2026-08-02,SCHEDULED,180,3.0
2026-08-03T05:36:25Z,3560442026-08-02,35604,2026-08-02,SCHEDULED,180,3.0
2026-08-03T05:36:25Z,3560452026-08-02,35604,2026-08-02,SCHEDULED,180,3.0
2026-08-03T05:36:25Z,0029122026-08-03,00291,2026-08-03,SCHEDULED,180,3.0
2026-08-03T05:36:25Z,0029112026-08-03,00291,2026-08-03,SCHEDULED,180,3.0
2026-08-03T05:36:25Z,1451012026-08-02,14510,2026-08-02,SCHEDULED,0,0.0
2026-08-03T05:36:25Z,1500112026-08-02,15001,2026-08-02,SCHEDULED,-60,-1.0
2026-08-03T05:36:25Z,0527312026-08-02,05273,2026-08-02,SCHEDULED,0,0.0
2026-08-03T05:36:25Z,1500212026-08-02,15002,2026-08-02,SCHEDULED,360,6.0
2026-08-03T05:36:25Z,1504012026-08-02,15040,2026-08-02,SCHEDULED,1020,17.0
2026-08-03T05:36:25Z,0429522026-08-02,04295,2026-08-02,SCHEDULED,0,0.0
2026-08-03T05:36:25Z,0429512026-08-02,04295,2026-08-02,SCHEDULED,0,0.0
2026-08-03T05:36:25Z,1504112026-08-02,15041,2026-08-02,SCHEDULED,0,0.0
2026-08-03T05:36:25Z,1505012026-08-02,15050,2026-08-02,SCHEDULED,0,0.0
2026-08-03T05:36:25Z,0576312026-08-02,05763,2026-08-02,SCHEDULED,-120,-2.0
2026-08-03T05:36:25Z,0576322026-08-02,05763,2026-08-02,SCHEDULED,-120,-2.0
2026-08-03T05:36:25Z,0576332026-08-02,05763,2026-08-02,SCHEDULED,-120,-2.0
2026-08-03T05:36:25Z,1564512026-08-02,15645,2026-08-02,SCHEDULED,60,1.0
2026-08-03T05:36:25Z,0405612026-08-03,04056,2026-08-03,SCHEDULED,0,0.0
2026-08-03T05:36:25Z,1565012026-08-02,15650,2026-08-02,SCHEDULED,960,16.0
2026-08-03T05:36:25Z,1572012026-08-02,15720,2026-08-02,SCHEDULED,1320,22.0
2026-08-03T05:36:25Z,1572212026-08-02,15722,2026-08-02,SCHEDULED,120,2.0
2026-08-03T05:36:25Z,0418612026-08-03,04186,2026-08-03,SCHEDULED,300,5.0
2026-08-03T05:36:25Z,0418642026-08-03,04186,2026-08-03,SCHEDULED,300,5.0
2026-08-03T05:36:25Z,0418622026-08-03,04186,2026-08-03,SCHEDULED,300,5.0
2026-08-03T05:36:25Z,1577012026-08-02,15770,2026-08-02,SCHEDULED,180,3.0
2026-08-03T05:36:25Z,0408712026-08-03,04087,2026-08-03,SCHEDULED,1260,21.0
2026-08-03T05:36:25Z,1577212026-08-02,15772,2026-08-02,SCHEDULED,240,4.0
2026-08-03T05:36:25Z,1577412026-08-02,15774,2026-08-02,SCHEDULED,0,0.0
2026-08-03T05:36:25Z,0029322026-08-03,00293,2026-08-03,SCHEDULED,720,12.0
2026-08-03T05:36:25Z,0029312026-08-03,00293,2026-08-03,SCHEDULED,720,12.0
2026-08-03T05:36:25Z,1585012026-08-02,15850,2026-08-02,SCHEDULED,180,3.0
2026-08-03T05:36:25Z,0407312026-08-03,04073,2026-08-03,SCHEDULED,-180,-3.0
2026-08-03T05:36:25Z,1585212026-08-02,15852,2026-08-02,SCHEDULED,60,1.0
2026-08-03T05:36:25Z,1590012026-08-02,15900,2026-08-02,SCHEDULED,900,15.0
2026-08-03T05:36:25Z,1210112026-08-02,12101,2026-08-02,SCHEDULED,-60,-1.0
2026-08-03T05:36:25Z,1590412026-08-02,15904,2026-08-02,SCHEDULED,300,5.0
2026-08-03T05:36:25Z,1241112026-08-02,12411,2026-08-02,SCHEDULED,240,4.0
2026-08-03T05:36:25Z,1601812026-08-02,16018,2026-08-02,SCHEDULED,240,4.0
2026-08-03T05:36:25Z,1248012026-08-02,12480,2026-08-02,SCHEDULED,360,6.0
2026-08-03T05:36:25Z,1700812026-08-02,17008,2026-08-02,SCHEDULED,360,6.0
2026-08-03T05:36:25Z,1261312026-08-02,12613,2026-08-02,SCHEDULED,60,1.0
2026-08-03T05:36:25Z,1261112026-08-02,12611,2026-08-02,SCHEDULED,120,2.0
2026-08-03T05:36:25Z,1704212026-08-02,17042,2026-08-02,SCHEDULED,180,3.0
2026-08-03T05:36:25Z,1720112026-08-02,17201,2026-08-02,SCHEDULED,240,4.0
2026-08-03T05:36:25Z,0411422026-08-03,04114,2026-08-03,SCHEDULED,180,3.0
2026-08-03T05:36:25Z,0411412026-08-03,04114,2026-08-03,SCHEDULED,180,3.0
2026-08-03T05:36:25Z,1770312026-08-02,17703,2026-08-02,SCHEDULED,-180,-3.0
2026-08-03T05:36:25Z,0060112026-08-03,00601,2026-08-03,SCHEDULED,-60,-1.0
2026-08-03T05:36:25Z,1780612026-08-02,17806,2026-08-02,SCHEDULED,240,4.0
2026-08-03T05:36:25Z,1781512026-08-02,17815,2026-08-02,SCHEDULED,60,1.0
2026-08-03T05:36:25Z,1800112026-08-02,18001,2026-08-02,SCHEDULED,0,0.0
2026-08-03T05:36:25Z,0063142026-08-03,00631,2026-08-03,SCHEDULED,60,1.0
2026-08-03T05:36:25Z,0063132026-08-03,00631,2026-08-03,SCHEDULED,60,1.0
2026-08-03T05:36:25Z,0063112026-08-03,00631,2026-08-03,SCHEDULED,60,1.0
2026-08-03T05:36:25Z,0063122026-08-03,00631,2026-08-03,SCHEDULED,60,1.0
2026-08-03T05:36:25Z,1802412026-08-02,18024,2026-08-02,SCHEDULED,60,1.0
2026-08-03T05:36:25Z,1803112026-08-02,18031,2026-08-02,SCHEDULED,480,8.0
2026-08-03T05:36:25Z,0075222026-08-03,00752,2026-08-03,SCHEDULED,180,3.0
2026-08-03T05:36:25Z,0075212026-08-03,00752,2026-08-03,SCHEDULED,180,3.0
2026-08-03T05:36:25Z,1804112026-08-02,18041,2026-08-02,SCHEDULED,0,0.0
2026-08-03T05:36:25Z,3460912026-08-02,34609,2026-08-02,SCHEDULED,180,3.0
2026-08-03T05:36:25Z,1804612026-08-02,18046,2026-08-02,SCHEDULED,300,5.0
2026-08-03T05:36:25Z,0107112026-08-02,01071,2026-08-02,SCHEDULED,0,0.0
2026-08-03T05:36:25Z,1805412026-08-02,18054,2026-08-02,SCHEDULED,60,1.0
2026-08-03T05:36:25Z,0107212026-08-02,01072,2026-08-02,SCHEDULED,840,14.0
2026-08-03T05:36:25Z,1807112026-08-02,18071,2026-08-02,SCHEDULED,900,15.0
2026-08-03T05:36:25Z,1807212026-08-02,18072,2026-08-02,SCHEDULED,-120,-2.0
2026-08-03T05:36:25Z,0108122026-08-02,01081,2026-08-02,SCHEDULED,120,2.0
2026-08-03T05:36:25Z,0108112026-08-02,01081,2026-08-02,SCHEDULED,120,2.0
2026-08-03T05:36:25Z,0206112026-08-02,02061,2026-08-02,SCHEDULED,1020,17.0
2026-08-03T05:36:25Z,0206312026-08-02,02063,2026-08-02,SCHEDULED,240,4.0
2026-08-03T05:36:25Z,1800212026-08-02,18002,2026-08-02,SCHEDULED,600,10.0
2026-08-03T05:36:25Z,0206712026-08-02,02067,2026-08-02,SCHEDULED,-120,-2.0
2026-08-03T05:36:25Z,1806612026-08-02,18066,2026-08-02,SCHEDULED,0,0.0
2026-08-03T05:36:25Z,0207012026-08-02,02070,2026-08-02,SCHEDULED,300,5.0
2026-08-03T05:36:25Z,1812012026-08-02,18120,2026-08-02,SCHEDULED,180,3.0
2026-08-03T05:36:25Z,0207112026-08-02,02071,2026-08-02,SCHEDULED,60,1.0
2026-08-03T05:36:25Z,1812112026-08-02,18121,2026-08-02,SCHEDULED,60,1.0
2026-08-03T05:36:25Z,0207312026-08-02,02073,2026-08-02,SCHEDULED,480,8.0
2026-08-03T05:36:25Z,1812312026-08-02,18123,2026-08-02,SCHEDULED,60,1.0
2026-08-03T05:36:25Z,0207512026-08-03,02075,2026-08-03,SCHEDULED,240,4.0
2026-08-03T05:36:25Z,0207212026-08-02,02072,2026-08-02,SCHEDULED,180,3.0
2026-08-03T05:36:25Z,1821612026-08-02,18216,2026-08-02,SCHEDULED,-60,-1.0
2026-08-03T05:36:25Z,1832112026-08-02,18321,2026-08-02,SCHEDULED,240,4.0
2026-08-03T05:36:25Z,1891012026-08-02,18910,2026-08-02,SCHEDULED,600,10.0
2026-08-03T05:36:25Z,1443012026-08-02,14430,2026-08-02,SCHEDULED,180,3.0
2026-08-03T05:36:25Z,0306242026-08-02,03062,2026-08-02,SCHEDULED,0,0.0
2026-08-03T05:36:25Z,0306232026-08-02,03062,2026-08-02,SCHEDULED,0,0.0
2026-08-03T05:36:25Z,0306212026-08-02,03062,2026-08-02,SCHEDULED,0,0.0
2026-08-03T05:36:25Z,0306222026-08-02,03062,2026-08-02,SCHEDULED,0,0.0
2026-08-03T05:36:25Z,1530912026-08-02,15309,2026-08-02,SCHEDULED,180,3.0
2026-08-03T05:36:25Z,1503022026-08-02,15030,2026-08-02,SCHEDULED,-60,-1.0
2026-08-03T05:36:25Z,1503112026-08-02,15031,2026-08-02,SCHEDULED,300,5.0
2026-08-03T05:36:25Z,1600012026-08-02,16000,2026-08-02,SCHEDULED,300,5.0
2026-08-03T05:36:25Z,0306242026-08-02,03062,2026-08-02,SCHEDULED,540,9.0
2026-08-03T05:36:25Z,0306232026-08-02,03062,2026-08-02,SCHEDULED,540,9.0
2026-08-03T05:36:25Z,0306212026-08-02,03062,2026-08-02,SCHEDULED,540,9.0
2026-08-03T05:36:25Z,0306222026-08-02,03062,2026-08-02,SCHEDULED,540,9.0
2026-08-03T05:36:25Z,1702112026-08-02,17021,2026-08-02,SCHEDULED,0,0.0
2026-08-03T05:36:25Z,1702122026-08-02,17021,2026-08-02,SCHEDULED,0,0.0
2026-08-03T05:36:25Z,1702132026-08-02,17021,2026-08-02,SCHEDULED,0,0.0
2026-08-03T05:36:25Z,0331112026-08-02,03311,2026-08-02,SCHEDULED,0,0.0
2026-08-03T05:36:25Z,0331122026-08-02,03311,2026-08-02,SCHEDULED,0,0.0
2026-08-03T05:36:25Z,0331132026-08-02,03311,2026-08-02,SCHEDULED,0,0.0
2026-08-03T05:36:25Z,1401812026-08-02,14018,2026-08-02,SCHEDULED,600,10.0
2026-08-03T05:36:25Z,0947012026-08-02,09470,2026-08-02,SCHEDULED,0,0.0
2026-08-03T05:36:25Z,0366222026-08-02,03662,2026-08-02,SCHEDULED,60,1.0
2026-08-03T05:36:25Z,0366212026-08-02,03662,2026-08-02,SCHEDULED,60,1.0
2026-08-03T05:36:25Z,0406012026-08-02,04060,2026-08-02,SCHEDULED,0,0.0
2026-08-03T05:36:25Z,1562112026-08-02,15621,2026-08-02,SCHEDULED,180,3.0
2026-08-03T05:36:25Z,1877312026-08-02,18773,2026-08-02,SCHEDULED,-120,-2.0
2026-08-03T05:36:25Z,0408822026-08-03,04088,2026-08-03,SCHEDULED,60,1.0
2026-08-03T05:36:25Z,1833112026-08-02,18331,2026-08-02,SCHEDULED,720,12.0
2026-08-03T05:36:25Z,7180012026-08-02,71800,2026-08-02,SCHEDULED,0,0.0
2026-08-03T05:36:25Z,0407222026-08-03,04072,2026-08-03,SCHEDULED,540,9.0
2026-08-03T05:36:25Z,0407212026-08-03,04072,2026-08-03,SCHEDULED,540,9.0
2026-08-03T05:36:25Z,7182012026-08-02,71820,2026-08-02,SCHEDULED,0,0.0
2026-08-03T05:36:25Z,0446412026-08-02,04464,2026-08-02,SCHEDULED,420,7.0
2026-08-03T05:36:25Z,7183012026-08-02,71830,2026-08-02,SCHEDULED,0,0.0
2026-08-03T05:36:25Z,0415422026-08-02,04154,2026-08-02,SCHEDULED,600,10.0
2026-08-03T05:36:25Z,0415412026-08-02,04154,2026-08-02,SCHEDULED,600,10.0
2026-08-03T05:36:25Z,0436422026-08-02,04364,2026-08-02,SCHEDULED,60,1.0
2026-08-03T05:36:25Z,0436412026-08-02,04364,2026-08-02,SCHEDULED,60,1.0
2026-08-03T05:36:25Z,0486822026-08-03,04868,2026-08-03,SCHEDULED,-180,-3.0
2026-08-03T05:36:25Z,0486812026-08-03,04868,2026-08-03,SCHEDULED,-180,-3.0
2026-08-03T05:36:25Z,0506312026-08-02,05063,2026-08-02,SCHEDULED,120,2.0
2026-08-03T05:36:25Z,0506422026-08-02,05064,2026-08-02,SCHEDULED,0,0.0
2026-08-03T05:36:25Z,0506412026-08-02,05064,2026-08-02,SCHEDULED,0,0.0
2026-08-03T05:36:25Z,0506522026-08-02,05065,2026-08-02,SCHEDULED,180,3.0
2026-08-03T05:36:25Z,0506512026-08-02,05065,2026-08-02,SCHEDULED,180,3.0
2026-08-03T05:36:25Z,0507012026-08-02,05070,2026-08-02,SCHEDULED,300,5.0
2026-08-03T05:36:25Z,0507212026-08-02,05072,2026-08-02,SCHEDULED,180,3.0
2026-08-03T05:36:25Z,0509222026-08-02,05092,2026-08-02,SCHEDULED,-60,-1.0
2026-08-03T05:36:25Z,0509212026-08-02,05092,2026-08-02,SCHEDULED,-60,-1.0
2026-08-03T05:36:25Z,0508012026-08-02,05080,2026-08-02,SCHEDULED,0,0.0
2026-08-03T05:36:25Z,0508032026-08-02,05080,2026-08-02,SCHEDULED,0,0.0
2026-08-03T05:36:25Z,0508022026-08-02,05080,2026-08-02,SCHEDULED,0,0.0
2026-08-03T05:36:25Z,1261412026-08-02,12614,2026-08-02,CANCELED,,
2026-08-03T05:36:25Z,1565712026-08-02,15657,2026-08-02,CANCELED,,
2026-08-03T05:36:25Z,1260712026-08-02,12607,2026-08-02,CANCELED,,
2026-08-03T05:36:25Z,1260712026-08-02,12607,2026-08-02,CANCELED,,
2026-08-03T05:36:25Z,1705212026-08-02,17052,2026-08-02,CANCELED,,
2026-08-03T05:36:25Z,1307912026-08-02,13079,2026-08-02,CANCELED,,
2026-08-03T05:36:25Z,1721812026-08-02,17218,2026-08-02,CANCELED,,
2026-08-03T05:36:25Z,1390412026-08-02,13904,2026-08-02,CANCELED,,
2026-08-03T05:36:25Z,3821812026-08-02,38218,2026-08-02,CANCELED,,
2026-08-03T05:36:25Z,3890412026-08-02,38904,2026-08-02,CANCELED,,
2026-08-03T05:36:25Z,1722112026-08-02,17221,2026-08-02,CANCELED,,
2026-08-03T05:36:25Z,3822112026-08-02,38221,2026-08-02,CANCELED,,
2026-08-03T05:36:25Z,1750312026-08-02,17503,2026-08-02,CANCELED,,
2026-08-03T05:36:25Z,0407222026-08-03,04072,2026-08-03,CANCELED,,
2026-08-03T05:36:25Z,0407212026-08-03,04072,2026-08-03,CANCELED,,
2026-08-03T05:36:25Z,1821412026-08-02,18214,2026-08-02,CANCELED,,
2026-08-03T05:36:25Z,3707212026-08-03,37072,2026-08-03,CANCELED,,
2026-08-03T05:36:25Z,1821512026-08-02,18215,2026-08-02,CANCELED,,
2026-08-03T05:36:25Z,1260812026-08-02,12608,2026-08-02,CANCELED,,
2026-08-03T05:36:25Z,0029522026-08-03,00295,2026-08-03,CANCELED,,
2026-08-03T05:36:25Z,0029512026-08-03,00295,2026-08-03,CANCELED,,
2026-08-03T05:36:25Z,3709522026-08-02,37095,2026-08-02,CANCELED,,
2026-08-03T05:36:25Z,3709512026-08-02,37095,2026-08-02,CANCELED,,
2026-08-03T05:36:25Z,1810132026-08-02,18101,2026-08-02,CANCELED,,
2026-08-03T05:36:25Z,1810142026-08-02,18101,2026-08-02,CANCELED,,
2026-08-03T05:36:25Z,1810152026-08-02,18101,2026-08-02,CANCELED,,
2026-08-03T05:36:25Z,3739512026-08-02,37395,2026-08-02,CANCELED,,
2026-08-03T05:36:25Z,0019222026-08-03,00192,2026-08-03,CANCELED,,
2026-08-03T05:36:25Z,0019212026-08-03,00192,2026-08-03,CANCELED,,
2026-08-03T05:36:25Z,1810222026-08-02,18102,2026-08-02,CANCELED,,
2026-08-03T05:36:25Z,1810232026-08-02,18102,2026-08-02,CANCELED,,
2026-08-03T05:36:25Z,1810242026-08-02,18102,2026-08-02,CANCELED,,
2026-08-03T05:36:25Z,3739212026-08-02,37392,2026-08-02,CANCELED,,
2026-08-03T05:36:25Z,1810512026-08-02,18105,2026-08-02,CANCELED,,
2026-08-03T05:36:25Z,3810512026-08-02,38105,2026-08-02,CANCELED,,
2026-08-03T05:36:25Z,3749222026-08-02,37492,2026-08-02,CANCELED,,
2026-08-03T05:36:25Z,3749212026-08-02,37492,2026-08-02,CANCELED,,
2026-08-03T05:41:28Z,0566812026-08-02,05668,2026-08-02,SCHEDULED,0,0.0
2026-08-03T05:41:28Z,1300312026-08-02,13003,2026-08-02,SCHEDULED,660,11.0
2026-08-03T05:41:28Z,0587112026-08-02,05871,2026-08-02,SCHEDULED,120,2.0
2026-08-03T05:41:28Z,1303012026-08-02,13030,2026-08-02,SCHEDULED,180,3.0
2026-08-03T05:41:28Z,0806812026-08-02,08068,2026-08-02,SCHEDULED,120,2.0
2026-08-03T05:41:28Z,1304112026-08-02,13041,2026-08-02,SCHEDULED,60,1.0
2026-08-03T05:41:28Z,0807112026-08-02,08071,2026-08-02,SCHEDULED,420,7.0
2026-08-03T05:41:28Z,0807312026-08-02,08073,2026-08-02,SCHEDULED,180,3.0
2026-08-03T05:41:28Z,1308412026-08-02,13084,2026-08-02,SCHEDULED,1380,23.0
2026-08-03T05:41:28Z,0807512026-08-02,08075,2026-08-02,SCHEDULED,1140,19.0
2026-08-03T05:41:28Z,1395112026-08-02,13951,2026-08-02,SCHEDULED,420,7.0
2026-08-03T05:41:28Z,0807712026-08-02,08077,2026-08-02,SCHEDULED,180,3.0
2026-08-03T05:41:28Z,1320312026-08-02,13203,2026-08-02,SCHEDULED,60,1.0
2026-08-03T05:41:28Z,0807812026-08-02,08078,2026-08-02,SCHEDULED,0,0.0
2026-08-03T05:41:28Z,1390012026-08-02,13900,2026-08-02,SCHEDULED,480,8.0
2026-08-03T05:41:28Z,0826012026-08-02,08260,2026-08-02,SCHEDULED,-60,-1.0
2026-08-03T05:41:28Z,1390112026-08-02,13901,2026-08-02,SCHEDULED,-360,-6.0
2026-08-03T05:41:28Z,0826112026-08-02,08261,2026-08-02,SCHEDULED,60,1.0
2026-08-03T05:41:28Z,0827112026-08-02,08271,2026-08-02,SCHEDULED,60,1.0
2026-08-03T05:41:28Z,0847512026-08-02,08475,2026-08-02,SCHEDULED,420,7.0
2026-08-03T05:41:28Z,0866412026-08-02,08664,2026-08-02,SCHEDULED,-180,-3.0
2026-08-03T05:41:28Z,1412322026-08-03,14123,2026-08-03,SCHEDULED,300,5.0
2026-08-03T05:41:28Z,1412342026-08-02,14123,2026-08-02,SCHEDULED,300,5.0
2026-08-03T05:41:28Z,1412332026-08-02,14123,2026-08-02,SCHEDULED,300,5.0
2026-08-03T05:41:28Z,3586912026-08-02,35869,2026-08-02,SCHEDULED,0,0.0
2026-08-03T05:41:28Z,0907222026-08-02,09072,2026-08-02,SCHEDULED,-120,-2.0
2026-08-03T05:41:28Z,0907212026-08-02,09072,2026-08-02,SCHEDULED,-120,-2.0
2026-08-03T05:41:28Z,0907312026-08-02,09073,2026-08-02,SCHEDULED,0,0.0
2026-08-03T05:41:28Z,3560432026-08-02,35604,2026-08-02,SCHEDULED,120,2.0
2026-08-03T05:41:28Z,3560442026-08-02,35604,2026-08-02,SCHEDULED,120,2.0
2026-08-03T05:41:28Z,3560452026-08-02,35604,2026-08-02,SCHEDULED,120,2.0
2026-08-03T05:41:28Z,0907512026-08-02,09075,2026-08-02,SCHEDULED,180,3.0
2026-08-03T05:41:28Z,1451012026-08-02,14510,2026-08-02,SCHEDULED,720,12.0
2026-08-03T05:41:28Z,0207412026-08-03,02074,2026-08-03,SCHEDULED,120,2.0
2026-08-03T05:41:28Z,1500112026-08-02,15001,2026-08-02,SCHEDULED,-60,-1.0
2026-08-03T05:41:28Z,0109212026-08-02,01092,2026-08-02,SCHEDULED,540,9.0
2026-08-03T05:41:28Z,1500212026-08-02,15002,2026-08-02,SCHEDULED,360,6.0
2026-08-03T05:41:28Z,1504012026-08-02,15040,2026-08-02,SCHEDULED,1020,17.0
2026-08-03T05:41:28Z,0527312026-08-02,05273,2026-08-02,SCHEDULED,0,0.0
2026-08-03T05:41:28Z,1504112026-08-02,15041,2026-08-02,SCHEDULED,60,1.0
2026-08-03T05:41:28Z,0429522026-08-02,04295,2026-08-02,SCHEDULED,0,0.0
2026-08-03T05:41:28Z,0429512026-08-02,04295,2026-08-02,SCHEDULED,0,0.0
2026-08-03T05:41:28Z,1505012026-08-02,15050,2026-08-02,SCHEDULED,0,0.0
2026-08-03T05:41:28Z,1562112026-08-02,15621,2026-08-02,SCHEDULED,0,0.0
2026-08-03T05:41:28Z,1564512026-08-02,15645,2026-08-02,SCHEDULED,60,1.0
2026-08-03T05:41:28Z,0576312026-08-02,05763,2026-08-02,SCHEDULED,-120,-2.0
2026-08-03T05:41:28Z,0576322026-08-02,05763,2026-08-02,SCHEDULED,-120,-2.0
2026-08-03T05:41:28Z,0576332026-08-02,05763,2026-08-02,SCHEDULED,-120,-2.0
2026-08-03T05:41:28Z,1565012026-08-02,15650,2026-08-02,SCHEDULED,720,12.0
2026-08-03T05:41:28Z,0405612026-08-03,04056,2026-08-03,SCHEDULED,60,1.0
2026-08-03T05:41:28Z,1572012026-08-02,15720,2026-08-02,SCHEDULED,1260,21.0
2026-08-03T05:41:28Z,1572212026-08-02,15722,2026-08-02,SCHEDULED,360,6.0
2026-08-03T05:41:28Z,1575312026-08-02,15753,2026-08-02,SCHEDULED,-60,-1.0
2026-08-03T05:41:28Z,0418612026-08-03,04186,2026-08-03,SCHEDULED,360,6.0
2026-08-03T05:41:28Z,0418642026-08-03,04186,2026-08-03,SCHEDULED,360,6.0
2026-08-03T05:41:28Z,0418622026-08-03,04186,2026-08-03,SCHEDULED,360,6.0
2026-08-03T05:41:28Z,1577012026-08-02,15770,2026-08-02,SCHEDULED,180,3.0
2026-08-03T05:41:28Z,0408712026-08-03,04087,2026-08-03,SCHEDULED,960,16.0
2026-08-03T05:41:28Z,1577212026-08-02,15772,2026-08-02,SCHEDULED,360,6.0
2026-08-03T05:41:28Z,1577412026-08-02,15774,2026-08-02,SCHEDULED,0,0.0
2026-08-03T05:41:28Z,0029322026-08-03,00293,2026-08-03,SCHEDULED,780,13.0
2026-08-03T05:41:28Z,0029312026-08-03,00293,2026-08-03,SCHEDULED,780,13.0
2026-08-03T05:41:28Z,1585012026-08-02,15850,2026-08-02,SCHEDULED,180,3.0
2026-08-03T05:41:28Z,0407312026-08-03,04073,2026-08-03,SCHEDULED,-180,-3.0
2026-08-03T05:41:28Z,1585212026-08-02,15852,2026-08-02,SCHEDULED,60,1.0
2026-08-03T05:41:28Z,1590012026-08-02,15900,2026-08-02,SCHEDULED,960,16.0
2026-08-03T05:41:28Z,1210112026-08-02,12101,2026-08-02,SCHEDULED,0,0.0
2026-08-03T05:41:28Z,1590412026-08-02,15904,2026-08-02,SCHEDULED,240,4.0
2026-08-03T05:41:28Z,1241112026-08-02,12411,2026-08-02,SCHEDULED,420,7.0
2026-08-03T05:41:28Z,1601812026-08-02,16018,2026-08-02,SCHEDULED,240,4.0
2026-08-03T05:41:28Z,1248012026-08-02,12480,2026-08-02,SCHEDULED,360,6.0
2026-08-03T05:41:28Z,1700812026-08-02,17008,2026-08-02,SCHEDULED,360,6.0
2026-08-03T05:41:28Z,1261312026-08-02,12613,2026-08-02,SCHEDULED,60,1.0
2026-08-03T05:41:28Z,1704212026-08-02,17042,2026-08-02,SCHEDULED,180,3.0
2026-08-03T05:41:28Z,1261112026-08-02,12611,2026-08-02,SCHEDULED,180,3.0
2026-08-03T05:41:28Z,1720112026-08-02,17201,2026-08-02,SCHEDULED,240,4.0
2026-08-03T05:41:28Z,1264412026-08-02,12644,2026-08-02,SCHEDULED,60,1.0
2026-08-03T05:41:28Z,1770312026-08-02,17703,2026-08-02,SCHEDULED,-120,-2.0
2026-08-03T05:41:28Z,1300012026-08-02,13000,2026-08-02,SCHEDULED,2640,44.0
2026-08-03T05:41:28Z,1890012026-08-02,18900,2026-08-02,SCHEDULED,0,0.0
2026-08-03T05:41:28Z,1891012026-08-02,18910,2026-08-02,SCHEDULED,600,10.0
2026-08-03T05:41:28Z,0411422026-08-03,04114,2026-08-03,SCHEDULED,180,3.0
2026-08-03T05:41:28Z,0411412026-08-03,04114,2026-08-03,SCHEDULED,180,3.0
2026-08-03T05:41:28Z,1443012026-08-02,14430,2026-08-02,SCHEDULED,240,4.0
2026-08-03T05:41:28Z,0060112026-08-03,00601,2026-08-03,SCHEDULED,-60,-1.0
2026-08-03T05:41:28Z,1530912026-08-02,15309,2026-08-02,SCHEDULED,180,3.0
2026-08-03T05:41:28Z,1503022026-08-02,15030,2026-08-02,SCHEDULED,0,0.0
2026-08-03T05:41:28Z,1503112026-08-02,15031,2026-08-02,SCHEDULED,300,5.0
2026-08-03T05:41:28Z,1600012026-08-02,16000,2026-08-02,SCHEDULED,300,5.0
2026-08-03T05:41:28Z,0062122026-08-03,00621,2026-08-03,SCHEDULED,120,2.0
2026-08-03T05:41:28Z,0062132026-08-03,00621,2026-08-03,SCHEDULED,120,2.0
2026-08-03T05:41:28Z,0062152026-08-03,00621,2026-08-03,SCHEDULED,120,2.0
2026-08-03T05:41:28Z,0062112026-08-03,00621,2026-08-03,SCHEDULED,120,2.0
2026-08-03T05:41:28Z,0062142026-08-03,00621,2026-08-03,SCHEDULED,120,2.0
2026-08-03T05:41:28Z,1447112026-08-02,14471,2026-08-02,SCHEDULED,240,4.0
2026-08-03T05:41:28Z,1702112026-08-02,17021,2026-08-02,SCHEDULED,0,0.0
2026-08-03T05:41:28Z,1702122026-08-02,17021,2026-08-02,SCHEDULED,0,0.0
2026-08-03T05:41:28Z,1702132026-08-02,17021,2026-08-02,SCHEDULED,0,0.0
2026-08-03T05:41:28Z,0063142026-08-03,00631,2026-08-03,SCHEDULED,-60,-1.0
2026-08-03T05:41:28Z,0063132026-08-03,00631,2026-08-03,SCHEDULED,-60,-1.0
2026-08-03T05:41:28Z,0063112026-08-03,00631,2026-08-03,SCHEDULED,-60,-1.0
2026-08-03T05:41:28Z,0063122026-08-03,00631,2026-08-03,SCHEDULED,-60,-1.0
2026-08-03T05:41:28Z,1401812026-08-02,14018,2026-08-02,SCHEDULED,540,9.0
2026-08-03T05:41:28Z,0947012026-08-02,09470,2026-08-02,SCHEDULED,0,0.0
2026-08-03T05:41:28Z,0075222026-08-03,00752,2026-08-03,SCHEDULED,180,3.0
2026-08-03T05:41:28Z,0075212026-08-03,00752,2026-08-03,SCHEDULED,180,3.0
2026-08-03T05:41:28Z,1562112026-08-02,15621,2026-08-02,SCHEDULED,180,3.0
2026-08-03T05:41:28Z,0107112026-08-02,01071,2026-08-02,SCHEDULED,0,0.0
2026-08-03T05:41:28Z,1877312026-08-02,18773,2026-08-02,SCHEDULED,-120,-2.0
2026-08-03T05:41:28Z,0107212026-08-02,01072,2026-08-02,SCHEDULED,720,12.0
2026-08-03T05:41:28Z,0891512026-08-02,08915,2026-08-02,SCHEDULED,60,1.0
2026-08-03T05:41:28Z,0108122026-08-02,01081,2026-08-02,SCHEDULED,120,2.0
2026-08-03T05:41:28Z,0108112026-08-02,01081,2026-08-02,SCHEDULED,120,2.0
2026-08-03T05:41:28Z,1833112026-08-02,18331,2026-08-02,SCHEDULED,900,15.0
2026-08-03T05:41:28Z,0206112026-08-02,02061,2026-08-02,SCHEDULED,1020,17.0
2026-08-03T05:41:28Z,7180012026-08-02,71800,2026-08-02,SCHEDULED,0,0.0
2026-08-03T05:41:28Z,0206312026-08-02,02063,2026-08-02,SCHEDULED,240,4.0
2026-08-03T05:41:28Z,7182012026-08-02,71820,2026-08-02,SCHEDULED,0,0.0
2026-08-03T05:41:28Z,0206712026-08-02,02067,2026-08-02,SCHEDULED,-60,-1.0
2026-08-03T05:41:28Z,7183012026-08-02,71830,2026-08-02,SCHEDULED,-240,-4.0
2026-08-03T05:41:28Z,0207012026-08-02,02070,2026-08-02,SCHEDULED,180,3.0
2026-08-03T05:41:28Z,1780612026-08-02,17806,2026-08-02,SCHEDULED,240,4.0
2026-08-03T05:41:28Z,0207112026-08-02,02071,2026-08-02,SCHEDULED,60,1.0
2026-08-03T05:41:28Z,1781512026-08-02,17815,2026-08-02,SCHEDULED,60,1.0
2026-08-03T05:41:28Z,0207312026-08-02,02073,2026-08-02,SCHEDULED,480,8.0
2026-08-03T05:41:28Z,1800112026-08-02,18001,2026-08-02,SCHEDULED,0,0.0
2026-08-03T05:41:28Z,0207512026-08-03,02075,2026-08-03,SCHEDULED,300,5.0
2026-08-03T05:41:28Z,0207212026-08-02,02072,2026-08-02,SCHEDULED,120,2.0
2026-08-03T05:41:28Z,1802412026-08-02,18024,2026-08-02,SCHEDULED,60,1.0
2026-08-03T05:41:28Z,1803112026-08-02,18031,2026-08-02,SCHEDULED,480,8.0
2026-08-03T05:41:28Z,1804112026-08-02,18041,2026-08-02,SCHEDULED,60,1.0
2026-08-03T05:41:28Z,1804612026-08-02,18046,2026-08-02,SCHEDULED,480,8.0
2026-08-03T05:41:28Z,0306242026-08-02,03062,2026-08-02,SCHEDULED,-120,-2.0
2026-08-03T05:41:28Z,0306232026-08-02,03062,2026-08-02,SCHEDULED,-120,-2.0
2026-08-03T05:41:28Z,0306212026-08-02,03062,2026-08-02,SCHEDULED,-120,-2.0
2026-08-03T05:41:28Z,0306222026-08-02,03062,2026-08-02,SCHEDULED,-120,-2.0
2026-08-03T05:41:28Z,1805412026-08-02,18054,2026-08-02,SCHEDULED,-60,-1.0
2026-08-03T05:41:28Z,0307322026-08-02,03073,2026-08-02,SCHEDULED,600,10.0
2026-08-03T05:41:28Z,0307312026-08-02,03073,2026-08-02,SCHEDULED,600,10.0
2026-08-03T05:41:28Z,1807112026-08-02,18071,2026-08-02,SCHEDULED,660,11.0
2026-08-03T05:41:28Z,1807212026-08-02,18072,2026-08-02,SCHEDULED,-180,-3.0
2026-08-03T05:41:28Z,1800212026-08-02,18002,2026-08-02,SCHEDULED,600,10.0
2026-08-03T05:41:28Z,0306242026-08-02,03062,2026-08-02,SCHEDULED,480,8.0
2026-08-03T05:41:28Z,0306232026-08-02,03062,2026-08-02,SCHEDULED,480,8.0
2026-08-03T05:41:28Z,0306212026-08-02,03062,2026-08-02,SCHEDULED,480,8.0
2026-08-03T05:41:28Z,0306222026-08-02,03062,2026-08-02,SCHEDULED,480,8.0
2026-08-03T05:41:28Z,1806612026-08-02,18066,2026-08-02,SCHEDULED,-120,-2.0
2026-08-03T05:41:28Z,1812012026-08-02,18120,2026-08-02,SCHEDULED,180,3.0
2026-08-03T05:41:28Z,1812112026-08-02,18121,2026-08-02,SCHEDULED,60,1.0
2026-08-03T05:41:28Z,0331112026-08-02,03311,2026-08-02,SCHEDULED,-120,-2.0
2026-08-03T05:41:28Z,0331122026-08-02,03311,2026-08-02,SCHEDULED,-120,-2.0
2026-08-03T05:41:28Z,0331132026-08-02,03311,2026-08-02,SCHEDULED,-120,-2.0
2026-08-03T05:41:28Z,1812312026-08-02,18123,2026-08-02,SCHEDULED,120,2.0
2026-08-03T05:41:28Z,1821612026-08-02,18216,2026-08-02,SCHEDULED,-120,-2.0
2026-08-03T05:41:28Z,0366222026-08-02,03662,2026-08-02,SCHEDULED,60,1.0
2026-08-03T05:41:28Z,0366212026-08-02,03662,2026-08-02,SCHEDULED,60,1.0
2026-08-03T05:41:28Z,1830012026-08-02,18300,2026-08-02,SCHEDULED,-120,-2.0
2026-08-03T05:41:28Z,0406012026-08-02,04060,2026-08-02,SCHEDULED,180,3.0
2026-08-03T05:41:28Z,0408822026-08-03,04088,2026-08-03,SCHEDULED,120,2.0
2026-08-03T05:41:28Z,1832112026-08-02,18321,2026-08-02,SCHEDULED,240,4.0
2026-08-03T05:41:28Z,0407222026-08-03,04072,2026-08-03,SCHEDULED,1140,19.0
2026-08-03T05:41:28Z,0407212026-08-03,04072,2026-08-03,SCHEDULED,1140,19.0
2026-08-03T05:41:28Z,0446412026-08-02,04464,2026-08-02,SCHEDULED,480,8.0
2026-08-03T05:41:28Z,0415422026-08-02,04154,2026-08-02,SCHEDULED,600,10.0
2026-08-03T05:41:28Z,0415412026-08-02,04154,2026-08-02,SCHEDULED,600,10.0
2026-08-03T05:41:28Z,0436422026-08-02,04364,2026-08-02,SCHEDULED,0,0.0
2026-08-03T05:41:28Z,0436412026-08-02,04364,2026-08-02,SCHEDULED,0,0.0
2026-08-03T05:41:28Z,0486822026-08-03,04868,2026-08-03,SCHEDULED,60,1.0
2026-08-03T05:41:28Z,0486812026-08-03,04868,2026-08-03,SCHEDULED,60,1.0
2026-08-03T05:41:28Z,0506312026-08-02,05063,2026-08-02,SCHEDULED,120,2.0
2026-08-03T05:41:28Z,0506422026-08-02,05064,2026-08-02,SCHEDULED,120,2.0
2026-08-03T05:41:28Z,0506412026-08-02,05064,2026-08-02,SCHEDULED,120,2.0
2026-08-03T05:41:28Z,0506522026-08-02,05065,2026-08-02,SCHEDULED,180,3.0
2026-08-03T05:41:28Z,0506512026-08-02,05065,2026-08-02,SCHEDULED,180,3.0
2026-08-03T05:41:28Z,0507012026-08-02,05070,2026-08-02,SCHEDULED,300,5.0
2026-08-03T05:41:28Z,0507212026-08-02,05072,2026-08-02,SCHEDULED,0,0.0
2026-08-03T05:41:28Z,0509222026-08-02,05092,2026-08-02,SCHEDULED,-120,-2.0
2026-08-03T05:41:28Z,0509212026-08-02,05092,2026-08-02,SCHEDULED,-120,-2.0
2026-08-03T05:41:28Z,0508012026-08-02,05080,2026-08-02,SCHEDULED,0,0.0
2026-08-03T05:41:28Z,0508032026-08-02,05080,2026-08-02,SCHEDULED,0,0.0
2026-08-03T05:41:28Z,0508022026-08-02,05080,2026-08-02,SCHEDULED,0,0.0
2026-08-03T05:41:28Z,1261412026-08-02,12614,2026-08-02,CANCELED,,
2026-08-03T05:41:28Z,1565712026-08-02,15657,2026-08-02,CANCELED,,
2026-08-03T05:41:28Z,1260712026-08-02,12607,2026-08-02,CANCELED,,
2026-08-03T05:41:28Z,1260712026-08-02,12607,2026-08-02,CANCELED,,
2026-08-03T05:41:28Z,1705212026-08-02,17052,2026-08-02,CANCELED,,
2026-08-03T05:41:28Z,1307912026-08-02,13079,2026-08-02,CANCELED,,
2026-08-03T05:41:28Z,1390412026-08-02,13904,2026-08-02,CANCELED,,
2026-08-03T05:41:28Z,1721812026-08-02,17218,2026-08-02,CANCELED,,
2026-08-03T05:41:28Z,3890412026-08-02,38904,2026-08-02,CANCELED,,
2026-08-03T05:41:28Z,3821812026-08-02,38218,2026-08-02,CANCELED,,
2026-08-03T05:41:28Z,1722112026-08-02,17221,2026-08-02,CANCELED,,
2026-08-03T05:41:28Z,0407222026-08-03,04072,2026-08-03,CANCELED,,
2026-08-03T05:41:28Z,0407212026-08-03,04072,2026-08-03,CANCELED,,
2026-08-03T05:41:28Z,3822112026-08-02,38221,2026-08-02,CANCELED,,
2026-08-03T05:41:28Z,3707212026-08-03,37072,2026-08-03,CANCELED,,
2026-08-03T05:41:28Z,1750312026-08-02,17503,2026-08-02,CANCELED,,
2026-08-03T05:41:28Z,1821412026-08-02,18214,2026-08-02,CANCELED,,
2026-08-03T05:41:28Z,0029522026-08-03,00295,2026-08-03,CANCELED,,
2026-08-03T05:41:28Z,0029512026-08-03,00295,2026-08-03,CANCELED,,
2026-08-03T05:41:28Z,1821512026-08-02,18215,2026-08-02,CANCELED,,
2026-08-03T05:41:28Z,1260812026-08-02,12608,2026-08-02,CANCELED,,
2026-08-03T05:41:28Z,3709522026-08-02,37095,2026-08-02,CANCELED,,
2026-08-03T05:41:28Z,3709512026-08-02,37095,2026-08-02,CANCELED,,
2026-08-03T05:41:28Z,3739512026-08-02,37395,2026-08-02,CANCELED,,
2026-08-03T05:41:28Z,1810132026-08-02,18101,2026-08-02,CANCELED,,
2026-08-03T05:41:28Z,1810142026-08-02,18101,2026-08-02,CANCELED,,
2026-08-03T05:41:28Z,1810152026-08-02,18101,2026-08-02,CANCELED,,
2026-08-03T05:41:28Z,0019222026-08-03,00192,2026-08-03,CANCELED,,
2026-08-03T05:41:28Z,0019212026-08-03,00192,2026-08-03,CANCELED,,
2026-08-03T05:41:28Z,3739212026-08-02,37392,2026-08-02,CANCELED,,
2026-08-03T05:41:28Z,3749222026-08-02,37492,2026-08-02,CANCELED,,
2026-08-03T05:41:28Z,3749212026-08-02,37492,2026-08-02,CANCELED,,
2026-08-03T05:41:28Z,1810222026-08-02,18102,2026-08-02,CANCELED,,
2026-08-03T05:41:28Z,1810232026-08-02,18102,2026-08-02,CANCELED,,
2026-08-03T05:41:28Z,1810242026-08-02,18102,2026-08-02,CANCELED,,
2026-08-03T05:41:28Z,1810512026-08-02,18105,2026-08-02,CANCELED,,
2026-08-03T05:41:28Z,3810512026-08-02,38105,2026-08-02,CANCELED,,
2026-08-03T05:46:27Z,0587112026-08-02,05871,2026-08-02,SCHEDULED,240,4.0
2026-08-03T05:46:27Z,1300312026-08-02,13003,2026-08-02,SCHEDULED,660,11.0
2026-08-03T05:46:27Z,0806812026-08-02,08068,2026-08-02,SCHEDULED,120,2.0
2026-08-03T05:46:27Z,1303012026-08-02,13030,2026-08-02,SCHEDULED,180,3.0
2026-08-03T05:46:27Z,0807112026-08-02,08071,2026-08-02,SCHEDULED,360,6.0
2026-08-03T05:46:27Z,1304112026-08-02,13041,2026-08-02,SCHEDULED,300,5.0
2026-08-03T05:46:27Z,0807312026-08-02,08073,2026-08-02,SCHEDULED,0,0.0
2026-08-03T05:46:27Z,1300112026-08-02,13001,2026-08-02,SCHEDULED,360,6.0
2026-08-03T05:46:27Z,0807512026-08-02,08075,2026-08-02,SCHEDULED,1140,19.0
2026-08-03T05:46:27Z,0807712026-08-02,08077,2026-08-02,SCHEDULED,360,6.0
2026-08-03T05:46:27Z,1308412026-08-02,13084,2026-08-02,SCHEDULED,840,14.0
2026-08-03T05:46:27Z,0807812026-08-02,08078,2026-08-02,SCHEDULED,0,0.0
2026-08-03T05:46:27Z,1395112026-08-02,13951,2026-08-02,SCHEDULED,360,6.0
2026-08-03T05:46:27Z,0827112026-08-02,08271,2026-08-02,SCHEDULED,60,1.0
2026-08-03T05:46:27Z,1320312026-08-02,13203,2026-08-02,SCHEDULED,120,2.0
2026-08-03T05:46:27Z,0827512026-08-02,08275,2026-08-02,SCHEDULED,180,3.0
2026-08-03T05:46:27Z,1390012026-08-02,13900,2026-08-02,SCHEDULED,360,6.0
2026-08-03T05:46:27Z,0847512026-08-02,08475,2026-08-02,SCHEDULED,540,9.0
2026-08-03T05:46:27Z,1390112026-08-02,13901,2026-08-02,SCHEDULED,-240,-4.0
2026-08-03T05:46:27Z,0866412026-08-02,08664,2026-08-02,SCHEDULED,-180,-3.0
2026-08-03T05:46:27Z,0907222026-08-02,09072,2026-08-02,SCHEDULED,-180,-3.0
2026-08-03T05:46:27Z,0907212026-08-02,09072,2026-08-02,SCHEDULED,-180,-3.0
2026-08-03T05:46:27Z,0907312026-08-02,09073,2026-08-02,SCHEDULED,0,0.0
2026-08-03T05:46:27Z,1412322026-08-03,14123,2026-08-03,SCHEDULED,240,4.0
2026-08-03T05:46:27Z,1412342026-08-02,14123,2026-08-02,SCHEDULED,240,4.0
2026-08-03T05:46:27Z,1412332026-08-02,14123,2026-08-02,SCHEDULED,240,4.0
2026-08-03T05:46:27Z,0907512026-08-02,09075,2026-08-02,SCHEDULED,60,1.0
2026-08-03T05:46:27Z,0207412026-08-03,02074,2026-08-03,SCHEDULED,0,0.0
2026-08-03T05:46:27Z,0109212026-08-02,01092,2026-08-02,SCHEDULED,540,9.0
2026-08-03T05:46:27Z,3560432026-08-02,35604,2026-08-02,SCHEDULED,240,4.0
2026-08-03T05:46:27Z,3560442026-08-02,35604,2026-08-02,SCHEDULED,240,4.0
2026-08-03T05:46:27Z,3560452026-08-02,35604,2026-08-02,SCHEDULED,240,4.0
2026-08-03T05:46:27Z,0507112026-08-02,05071,2026-08-02,SCHEDULED,60,1.0
2026-08-03T05:46:27Z,1451012026-08-02,14510,2026-08-02,SCHEDULED,720,12.0
2026-08-03T05:46:27Z,0029122026-08-03,00291,2026-08-03,SCHEDULED,120,2.0
2026-08-03T05:46:27Z,0029112026-08-03,00291,2026-08-03,SCHEDULED,120,2.0
2026-08-03T05:46:27Z,1500112026-08-02,15001,2026-08-02,SCHEDULED,-60,-1.0
2026-08-03T05:46:27Z,1500212026-08-02,15002,2026-08-02,SCHEDULED,360,6.0
2026-08-03T05:46:27Z,0527312026-08-02,05273,2026-08-02,SCHEDULED,0,0.0
2026-08-03T05:46:27Z,1504012026-08-02,15040,2026-08-02,SCHEDULED,1020,17.0
2026-08-03T05:46:27Z,1504112026-08-02,15041,2026-08-02,SCHEDULED,-60,-1.0
2026-08-03T05:46:27Z,0429522026-08-02,04295,2026-08-02,SCHEDULED,0,0.0
2026-08-03T05:46:27Z,0429512026-08-02,04295,2026-08-02,SCHEDULED,0,0.0
2026-08-03T05:46:27Z,1505012026-08-02,15050,2026-08-02,SCHEDULED,0,0.0
2026-08-03T05:46:27Z,1562112026-08-02,15621,2026-08-02,SCHEDULED,0,0.0
2026-08-03T05:46:27Z,0576312026-08-02,05763,2026-08-02,SCHEDULED,-180,-3.0
2026-08-03T05:46:27Z,0576322026-08-02,05763,2026-08-02,SCHEDULED,-180,-3.0
2026-08-03T05:46:27Z,0576332026-08-02,05763,2026-08-02,SCHEDULED,-180,-3.0
2026-08-03T05:46:27Z,1564512026-08-02,15645,2026-08-02,SCHEDULED,60,1.0
2026-08-03T05:46:27Z,0405612026-08-03,04056,2026-08-03,SCHEDULED,180,3.0
2026-08-03T05:46:27Z,1565012026-08-02,15650,2026-08-02,SCHEDULED,720,12.0
2026-08-03T05:46:27Z,1572012026-08-02,15720,2026-08-02,SCHEDULED,1260,21.0
2026-08-03T05:46:27Z,0418612026-08-03,04186,2026-08-03,SCHEDULED,360,6.0
2026-08-03T05:46:27Z,0418642026-08-03,04186,2026-08-03,SCHEDULED,360,6.0
2026-08-03T05:46:27Z,0418622026-08-03,04186,2026-08-03,SCHEDULED,360,6.0
2026-08-03T05:46:27Z,1572212026-08-02,15722,2026-08-02,SCHEDULED,420,7.0
2026-08-03T05:46:27Z,0408712026-08-03,04087,2026-08-03,SCHEDULED,1080,18.0
2026-08-03T05:46:27Z,1575312026-08-02,15753,2026-08-02,SCHEDULED,-60,-1.0
2026-08-03T05:46:27Z,1577212026-08-02,15772,2026-08-02,SCHEDULED,360,6.0
2026-08-03T05:46:27Z,0029322026-08-03,00293,2026-08-03,SCHEDULED,900,15.0
2026-08-03T05:46:27Z,0029312026-08-03,00293,2026-08-03,SCHEDULED,900,15.0
2026-08-03T05:46:27Z,1577412026-08-02,15774,2026-08-02,SCHEDULED,0,0.0
2026-08-03T05:46:27Z,0407312026-08-03,04073,2026-08-03,SCHEDULED,-180,-3.0
2026-08-03T05:46:27Z,1585012026-08-02,15850,2026-08-02,SCHEDULED,240,4.0
2026-08-03T05:46:27Z,1210112026-08-02,12101,2026-08-02,SCHEDULED,0,0.0
2026-08-03T05:46:27Z,1241112026-08-02,12411,2026-08-02,SCHEDULED,420,7.0
2026-08-03T05:46:27Z,1585212026-08-02,15852,2026-08-02,SCHEDULED,60,1.0
2026-08-03T05:46:27Z,1248012026-08-02,12480,2026-08-02,SCHEDULED,360,6.0
2026-08-03T05:46:27Z,1590012026-08-02,15900,2026-08-02,SCHEDULED,960,16.0
2026-08-03T05:46:27Z,1261312026-08-02,12613,2026-08-02,SCHEDULED,120,2.0
2026-08-03T05:46:27Z,1590412026-08-02,15904,2026-08-02,SCHEDULED,360,6.0
2026-08-03T05:46:27Z,1261112026-08-02,12611,2026-08-02,SCHEDULED,0,0.0
2026-08-03T05:46:27Z,1620712026-08-02,16207,2026-08-02,SCHEDULED,240,4.0
2026-08-03T05:46:27Z,1264112026-08-02,12641,2026-08-02,SCHEDULED,240,4.0
2026-08-03T05:46:27Z,1601812026-08-02,16018,2026-08-02,SCHEDULED,240,4.0
2026-08-03T05:46:27Z,1264412026-08-02,12644,2026-08-02,SCHEDULED,60,1.0
2026-08-03T05:46:27Z,1700812026-08-02,17008,2026-08-02,SCHEDULED,360,6.0
2026-08-03T05:46:27Z,1268012026-08-02,12680,2026-08-02,SCHEDULED,0,0.0
2026-08-03T05:46:27Z,1704212026-08-02,17042,2026-08-02,SCHEDULED,180,3.0
2026-08-03T05:46:27Z,1300012026-08-02,13000,2026-08-02,SCHEDULED,2640,44.0
2026-08-03T05:46:27Z,1720112026-08-02,17201,2026-08-02,SCHEDULED,240,4.0
2026-08-03T05:46:27Z,1770312026-08-02,17703,2026-08-02,SCHEDULED,-120,-2.0
2026-08-03T05:46:27Z,0411422026-08-03,04114,2026-08-03,SCHEDULED,120,2.0
2026-08-03T05:46:27Z,0411412026-08-03,04114,2026-08-03,SCHEDULED,120,2.0
2026-08-03T05:46:27Z,0060112026-08-03,00601,2026-08-03,SCHEDULED,-120,-2.0
2026-08-03T05:46:27Z,1801012026-08-02,18010,2026-08-02,SCHEDULED,0,0.0
2026-08-03T05:46:27Z,1801022026-08-02,18010,2026-08-02,SCHEDULED,0,0.0
2026-08-03T05:46:27Z,1801032026-08-02,18010,2026-08-02,SCHEDULED,0,0.0
2026-08-03T05:46:27Z,1890112026-08-02,18901,2026-08-02,SCHEDULED,0,0.0
2026-08-03T05:46:27Z,1890012026-08-02,18900,2026-08-02,SCHEDULED,0,0.0
2026-08-03T05:46:27Z,1891012026-08-02,18910,2026-08-02,SCHEDULED,600,10.0
2026-08-03T05:46:27Z,0062122026-08-03,00621,2026-08-03,SCHEDULED,60,1.0
2026-08-03T05:46:27Z,0062132026-08-03,00621,2026-08-03,SCHEDULED,60,1.0
2026-08-03T05:46:27Z,0062152026-08-03,00621,2026-08-03,SCHEDULED,60,1.0
2026-08-03T05:46:27Z,0062112026-08-03,00621,2026-08-03,SCHEDULED,60,1.0
2026-08-03T05:46:27Z,0062142026-08-03,00621,2026-08-03,SCHEDULED,60,1.0
2026-08-03T05:46:27Z,1443012026-08-02,14430,2026-08-02,SCHEDULED,240,4.0
2026-08-03T05:46:27Z,1530912026-08-02,15309,2026-08-02,SCHEDULED,240,4.0
2026-08-03T05:46:27Z,1503022026-08-02,15030,2026-08-02,SCHEDULED,-60,-1.0
2026-08-03T05:46:27Z,1503112026-08-02,15031,2026-08-02,SCHEDULED,300,5.0
2026-08-03T05:46:27Z,0063142026-08-03,00631,2026-08-03,SCHEDULED,120,2.0
2026-08-03T05:46:27Z,0063132026-08-03,00631,2026-08-03,SCHEDULED,120,2.0
2026-08-03T05:46:27Z,0063112026-08-03,00631,2026-08-03,SCHEDULED,120,2.0
2026-08-03T05:46:27Z,0063122026-08-03,00631,2026-08-03,SCHEDULED,120,2.0
2026-08-03T05:46:27Z,1600012026-08-02,16000,2026-08-02,SCHEDULED,300,5.0
2026-08-03T05:46:27Z,1447112026-08-02,14471,2026-08-02,SCHEDULED,60,1.0
2026-08-03T05:46:27Z,0075222026-08-03,00752,2026-08-03,SCHEDULED,180,3.0
2026-08-03T05:46:27Z,0075212026-08-03,00752,2026-08-03,SCHEDULED,180,3.0
2026-08-03T05:46:27Z,0107112026-08-02,01071,2026-08-02,SCHEDULED,0,0.0
2026-08-03T05:46:27Z,0107212026-08-02,01072,2026-08-02,SCHEDULED,780,13.0
2026-08-03T05:46:27Z,1702112026-08-02,17021,2026-08-02,SCHEDULED,0,0.0
2026-08-03T05:46:27Z,1702122026-08-02,17021,2026-08-02,SCHEDULED,0,0.0
2026-08-03T05:46:27Z,1702132026-08-02,17021,2026-08-02,SCHEDULED,0,0.0
2026-08-03T05:46:27Z,0108122026-08-02,01081,2026-08-02,SCHEDULED,60,1.0
2026-08-03T05:46:27Z,0108112026-08-02,01081,2026-08-02,SCHEDULED,60,1.0
2026-08-03T05:46:27Z,1401812026-08-02,14018,2026-08-02,SCHEDULED,600,10.0
2026-08-03T05:46:27Z,0206112026-08-02,02061,2026-08-02,SCHEDULED,1020,17.0
2026-08-03T05:46:27Z,0947012026-08-02,09470,2026-08-02,SCHEDULED,0,0.0
2026-08-03T05:46:27Z,0206312026-08-02,02063,2026-08-02,SCHEDULED,240,4.0
2026-08-03T05:46:27Z,1877312026-08-02,18773,2026-08-02,SCHEDULED,-120,-2.0
2026-08-03T05:46:27Z,0206712026-08-02,02067,2026-08-02,SCHEDULED,60,1.0
2026-08-03T05:46:27Z,0891512026-08-02,08915,2026-08-02,SCHEDULED,60,1.0
2026-08-03T05:46:27Z,0207012026-08-02,02070,2026-08-02,SCHEDULED,180,3.0
2026-08-03T05:46:27Z,0207112026-08-02,02071,2026-08-02,SCHEDULED,60,1.0
2026-08-03T05:46:27Z,1833112026-08-02,18331,2026-08-02,SCHEDULED,900,15.0
2026-08-03T05:46:27Z,7180012026-08-02,71800,2026-08-02,SCHEDULED,0,0.0
2026-08-03T05:46:27Z,0207312026-08-02,02073,2026-08-02,SCHEDULED,480,8.0
2026-08-03T05:46:27Z,7182012026-08-02,71820,2026-08-02,SCHEDULED,0,0.0
2026-08-03T05:46:27Z,0207512026-08-03,02075,2026-08-03,SCHEDULED,540,9.0
2026-08-03T05:46:27Z,7183012026-08-02,71830,2026-08-02,SCHEDULED,-240,-4.0
2026-08-03T05:46:27Z,0207212026-08-02,02072,2026-08-02,SCHEDULED,0,0.0
2026-08-03T05:46:27Z,1780612026-08-02,17806,2026-08-02,SCHEDULED,240,4.0
2026-08-03T05:46:27Z,1781512026-08-02,17815,2026-08-02,SCHEDULED,60,1.0
2026-08-03T05:46:27Z,1800112026-08-02,18001,2026-08-02,SCHEDULED,0,0.0
2026-08-03T05:46:27Z,0306242026-08-02,03062,2026-08-02,SCHEDULED,-60,-1.0
2026-08-03T05:46:27Z,0306232026-08-02,03062,2026-08-02,SCHEDULED,-60,-1.0
2026-08-03T05:46:27Z,0306212026-08-02,03062,2026-08-02,SCHEDULED,-60,-1.0
2026-08-03T05:46:27Z,0306222026-08-02,03062,2026-08-02,SCHEDULED,-60,-1.0
2026-08-03T05:46:27Z,1802412026-08-02,18024,2026-08-02,SCHEDULED,0,0.0
2026-08-03T05:46:27Z,1803112026-08-02,18031,2026-08-02,SCHEDULED,480,8.0
2026-08-03T05:46:27Z,0307322026-08-02,03073,2026-08-02,SCHEDULED,540,9.0
2026-08-03T05:46:27Z,0307312026-08-02,03073,2026-08-02,SCHEDULED,540,9.0
2026-08-03T05:46:27Z,1804112026-08-02,18041,2026-08-02,SCHEDULED,60,1.0
2026-08-03T05:46:27Z,1804612026-08-02,18046,2026-08-02,SCHEDULED,420,7.0
2026-08-03T05:46:27Z,1805412026-08-02,18054,2026-08-02,SCHEDULED,60,1.0
2026-08-03T05:46:27Z,1807112026-08-02,18071,2026-08-02,SCHEDULED,540,9.0
2026-08-03T05:46:27Z,0306242026-08-02,03062,2026-08-02,SCHEDULED,420,7.0
2026-08-03T05:46:27Z,0306232026-08-02,03062,2026-08-02,SCHEDULED,420,7.0
2026-08-03T05:46:27Z,0306212026-08-02,03062,2026-08-02,SCHEDULED,420,7.0
2026-08-03T05:46:27Z,0306222026-08-02,03062,2026-08-02,SCHEDULED,420,7.0
2026-08-03T05:46:27Z,1807212026-08-02,18072,2026-08-02,SCHEDULED,-120,-2.0
2026-08-03T05:46:27Z,1800212026-08-02,18002,2026-08-02,SCHEDULED,540,9.0
2026-08-03T05:46:27Z,0331112026-08-02,03311,2026-08-02,SCHEDULED,0,0.0
2026-08-03T05:46:27Z,0331122026-08-02,03311,2026-08-02,SCHEDULED,0,0.0
2026-08-03T05:46:27Z,0331132026-08-02,03311,2026-08-02,SCHEDULED,0,0.0
2026-08-03T05:46:27Z,1806612026-08-02,18066,2026-08-02,SCHEDULED,60,1.0
2026-08-03T05:46:27Z,1812012026-08-02,18120,2026-08-02,SCHEDULED,180,3.0
2026-08-03T05:46:27Z,0366222026-08-02,03662,2026-08-02,SCHEDULED,120,2.0
2026-08-03T05:46:27Z,0366212026-08-02,03662,2026-08-02,SCHEDULED,120,2.0
2026-08-03T05:46:27Z,1812112026-08-02,18121,2026-08-02,SCHEDULED,60,1.0
2026-08-03T05:46:27Z,0406012026-08-02,04060,2026-08-02,SCHEDULED,180,3.0
2026-08-03T05:46:27Z,1812312026-08-02,18123,2026-08-02,SCHEDULED,180,3.0
2026-08-03T05:46:27Z,0408822026-08-03,04088,2026-08-03,SCHEDULED,0,0.0
2026-08-03T05:46:27Z,1821612026-08-02,18216,2026-08-02,SCHEDULED,0,0.0
2026-08-03T05:46:27Z,1830012026-08-02,18300,2026-08-02,SCHEDULED,-120,-2.0
2026-08-03T05:46:27Z,0407222026-08-03,04072,2026-08-03,SCHEDULED,1140,19.0
2026-08-03T05:46:27Z,0407212026-08-03,04072,2026-08-03,SCHEDULED,1140,19.0
2026-08-03T05:46:27Z,0446412026-08-02,04464,2026-08-02,SCHEDULED,480,8.0
2026-08-03T05:46:27Z,1832112026-08-02,18321,2026-08-02,SCHEDULED,240,4.0
2026-08-03T05:46:27Z,0415422026-08-02,04154,2026-08-02,SCHEDULED,540,9.0
2026-08-03T05:46:27Z,0415412026-08-02,04154,2026-08-02,SCHEDULED,540,9.0
2026-08-03T05:46:27Z,0436422026-08-02,04364,2026-08-02,SCHEDULED,60,1.0
2026-08-03T05:46:27Z,0436412026-08-02,04364,2026-08-02,SCHEDULED,60,1.0
2026-08-03T05:46:27Z,0486822026-08-03,04868,2026-08-03,SCHEDULED,60,1.0
2026-08-03T05:46:27Z,0486812026-08-03,04868,2026-08-03,SCHEDULED,60,1.0
2026-08-03T05:46:27Z,0506312026-08-02,05063,2026-08-02,SCHEDULED,60,1.0
2026-08-03T05:46:27Z,0506422026-08-02,05064,2026-08-02,SCHEDULED,120,2.0
2026-08-03T05:46:27Z,0506412026-08-02,05064,2026-08-02,SCHEDULED,120,2.0
2026-08-03T05:46:27Z,0506522026-08-02,05065,2026-08-02,SCHEDULED,360,6.0
2026-08-03T05:46:27Z,0506512026-08-02,05065,2026-08-02,SCHEDULED,360,6.0
2026-08-03T05:46:27Z,0507012026-08-02,05070,2026-08-02,SCHEDULED,180,3.0
2026-08-03T05:46:27Z,0507212026-08-02,05072,2026-08-02,SCHEDULED,0,0.0
2026-08-03T05:46:27Z,0509222026-08-02,05092,2026-08-02,SCHEDULED,-120,-2.0
2026-08-03T05:46:27Z,0509212026-08-02,05092,2026-08-02,SCHEDULED,-120,-2.0
2026-08-03T05:46:27Z,0508012026-08-02,05080,2026-08-02,SCHEDULED,0,0.0
2026-08-03T05:46:27Z,0508032026-08-02,05080,2026-08-02,SCHEDULED,0,0.0
2026-08-03T05:46:27Z,0508022026-08-02,05080,2026-08-02,SCHEDULED,0,0.0
2026-08-03T05:46:27Z,0566812026-08-02,05668,2026-08-02,SCHEDULED,0,0.0
2026-08-03T05:46:27Z,1565712026-08-02,15657,2026-08-02,CANCELED,,
2026-08-03T05:46:27Z,1705212026-08-02,17052,2026-08-02,CANCELED,,
2026-08-03T05:46:27Z,1721812026-08-02,17218,2026-08-02,CANCELED,,
2026-08-03T05:46:27Z,3821812026-08-02,38218,2026-08-02,CANCELED,,
2026-08-03T05:46:27Z,1722112026-08-02,17221,2026-08-02,CANCELED,,
2026-08-03T05:46:27Z,3822112026-08-02,38221,2026-08-02,CANCELED,,
2026-08-03T05:46:27Z,1750312026-08-02,17503,2026-08-02,CANCELED,,
2026-08-03T05:46:27Z,1821412026-08-02,18214,2026-08-02,CANCELED,,
2026-08-03T05:46:27Z,1821512026-08-02,18215,2026-08-02,CANCELED,,
2026-08-03T05:46:27Z,1260812026-08-02,12608,2026-08-02,CANCELED,,
2026-08-03T05:46:27Z,1810132026-08-02,18101,2026-08-02,CANCELED,,
2026-08-03T05:46:27Z,1810142026-08-02,18101,2026-08-02,CANCELED,,
2026-08-03T05:46:27Z,1810152026-08-02,18101,2026-08-02,CANCELED,,
2026-08-03T05:46:27Z,1261412026-08-02,12614,2026-08-02,CANCELED,,
2026-08-03T05:46:27Z,1260712026-08-02,12607,2026-08-02,CANCELED,,
2026-08-03T05:46:27Z,1260712026-08-02,12607,2026-08-02,CANCELED,,
2026-08-03T05:46:27Z,1307912026-08-02,13079,2026-08-02,CANCELED,,
2026-08-03T05:46:27Z,1390412026-08-02,13904,2026-08-02,CANCELED,,
2026-08-03T05:46:27Z,3890412026-08-02,38904,2026-08-02,CANCELED,,
2026-08-03T05:46:27Z,0407222026-08-03,04072,2026-08-03,CANCELED,,
2026-08-03T05:46:27Z,0407212026-08-03,04072,2026-08-03,CANCELED,,
2026-08-03T05:46:27Z,3707212026-08-03,37072,2026-08-03,CANCELED,,
2026-08-03T05:46:27Z,0029522026-08-03,00295,2026-08-03,CANCELED,,
2026-08-03T05:46:27Z,0029512026-08-03,00295,2026-08-03,CANCELED,,
2026-08-03T05:46:27Z,3709522026-08-02,37095,2026-08-02,CANCELED,,
2026-08-03T05:46:27Z,3709512026-08-02,37095,2026-08-02,CANCELED,,
2026-08-03T05:46:27Z,3739512026-08-02,37395,2026-08-02,CANCELED,,
2026-08-03T05:46:27Z,0019222026-08-03,00192,2026-08-03,CANCELED,,
2026-08-03T05:46:27Z,0019212026-08-03,00192,2026-08-03,CANCELED,,
2026-08-03T05:46:27Z,3739212026-08-02,37392,2026-08-02,CANCELED,,
2026-08-03T05:46:27Z,3749222026-08-02,37492,2026-08-02,CANCELED,,
2026-08-03T05:46:27Z,3749212026-08-02,37492,2026-08-02,CANCELED,,
2026-08-03T05:46:27Z,1810222026-08-02,18102,2026-08-02,CANCELED,,
2026-08-03T05:46:27Z,1810232026-08-02,18102,2026-08-02,CANCELED,,
2026-08-03T05:46:27Z,1810242026-08-02,18102,2026-08-02,CANCELED,,
2026-08-03T05:46:27Z,1810512026-08-02,18105,2026-08-02,CANCELED,,
2026-08-03T05:46:27Z,3810512026-08-02,38105,2026-08-02,CANCELED,,
2026-08-03T05:51:28Z,0807112026-08-02,08071,2026-08-02,SCHEDULED,360,6.0
2026-08-03T05:51:28Z,1304112026-08-02,13041,2026-08-02,SCHEDULED,360,6.0
2026-08-03T05:51:28Z,0807212026-08-02,08072,2026-08-02,SCHEDULED,0,0.0
2026-08-03T05:51:28Z,1300112026-08-02,13001,2026-08-02,SCHEDULED,480,8.0
2026-08-03T05:51:28Z,0807312026-08-02,08073,2026-08-02,SCHEDULED,0,0.0
2026-08-03T05:51:28Z,1308412026-08-02,13084,2026-08-02,SCHEDULED,1020,17.0
2026-08-03T05:51:28Z,0807512026-08-02,08075,2026-08-02,SCHEDULED,1080,18.0
2026-08-03T05:51:28Z,1395112026-08-02,13951,2026-08-02,SCHEDULED,360,6.0
2026-08-03T05:51:28Z,1320312026-08-02,13203,2026-08-02,SCHEDULED,120,2.0
2026-08-03T05:51:28Z,0807712026-08-02,08077,2026-08-02,SCHEDULED,300,5.0
2026-08-03T05:51:28Z,1320612026-08-02,13206,2026-08-02,SCHEDULED,60,1.0
2026-08-03T05:51:28Z,0807812026-08-02,08078,2026-08-02,SCHEDULED,0,0.0
2026-08-03T05:51:28Z,1390012026-08-02,13900,2026-08-02,SCHEDULED,360,6.0
2026-08-03T05:51:28Z,0827112026-08-02,08271,2026-08-02,SCHEDULED,60,1.0
2026-08-03T05:51:28Z,1390112026-08-02,13901,2026-08-02,SCHEDULED,-240,-4.0
2026-08-03T05:51:28Z,0827512026-08-02,08275,2026-08-02,SCHEDULED,240,4.0
2026-08-03T05:51:28Z,0847512026-08-02,08475,2026-08-02,SCHEDULED,600,10.0
2026-08-03T05:51:28Z,0866412026-08-02,08664,2026-08-02,SCHEDULED,-180,-3.0
2026-08-03T05:51:28Z,1412322026-08-03,14123,2026-08-03,SCHEDULED,-360,-6.0
2026-08-03T05:51:28Z,1412342026-08-02,14123,2026-08-02,SCHEDULED,-360,-6.0
2026-08-03T05:51:28Z,1412332026-08-02,14123,2026-08-02,SCHEDULED,-360,-6.0
2026-08-03T05:51:28Z,0907222026-08-02,09072,2026-08-02,SCHEDULED,-180,-3.0
2026-08-03T05:51:28Z,0907212026-08-02,09072,2026-08-02,SCHEDULED,-180,-3.0
2026-08-03T05:51:28Z,0907312026-08-02,09073,2026-08-02,SCHEDULED,0,0.0
2026-08-03T05:51:28Z,0907512026-08-02,09075,2026-08-02,SCHEDULED,180,3.0
2026-08-03T05:51:28Z,0207412026-08-03,02074,2026-08-03,SCHEDULED,0,0.0
2026-08-03T05:51:28Z,3560432026-08-02,35604,2026-08-02,SCHEDULED,120,2.0
2026-08-03T05:51:28Z,3560442026-08-02,35604,2026-08-02,SCHEDULED,120,2.0
2026-08-03T05:51:28Z,3560452026-08-02,35604,2026-08-02,SCHEDULED,120,2.0
2026-08-03T05:51:28Z,0109212026-08-02,01092,2026-08-02,SCHEDULED,660,11.0
2026-08-03T05:51:28Z,1451012026-08-02,14510,2026-08-02,SCHEDULED,720,12.0
2026-08-03T05:51:28Z,0507112026-08-02,05071,2026-08-02,SCHEDULED,-120,-2.0
2026-08-03T05:51:28Z,1500112026-08-02,15001,2026-08-02,SCHEDULED,-60,-1.0
2026-08-03T05:51:28Z,1500212026-08-02,15002,2026-08-02,SCHEDULED,360,6.0
2026-08-03T05:51:28Z,0029122026-08-03,00291,2026-08-03,SCHEDULED,120,2.0
2026-08-03T05:51:28Z,0029112026-08-03,00291,2026-08-03,SCHEDULED,120,2.0
2026-08-03T05:51:28Z,1500312026-08-02,15003,2026-08-02,SCHEDULED,120,2.0
2026-08-03T05:51:28Z,0527312026-08-02,05273,2026-08-02,SCHEDULED,0,0.0
2026-08-03T05:51:28Z,1504012026-08-02,15040,2026-08-02,SCHEDULED,1020,17.0
2026-08-03T05:51:28Z,1504112026-08-02,15041,2026-08-02,SCHEDULED,-60,-1.0
2026-08-03T05:51:28Z,0429522026-08-02,04295,2026-08-02,SCHEDULED,60,1.0
2026-08-03T05:51:28Z,0429512026-08-02,04295,2026-08-02,SCHEDULED,60,1.0
2026-08-03T05:51:28Z,1505012026-08-02,15050,2026-08-02,SCHEDULED,900,15.0
2026-08-03T05:51:28Z,0069712026-08-03,00697,2026-08-03,SCHEDULED,360,6.0
2026-08-03T05:51:28Z,1521212026-08-02,15212,2026-08-02,SCHEDULED,0,0.0
2026-08-03T05:51:28Z,1562112026-08-02,15621,2026-08-02,SCHEDULED,60,1.0
2026-08-03T05:51:28Z,1564512026-08-02,15645,2026-08-02,SCHEDULED,60,1.0
2026-08-03T05:51:28Z,0576312026-08-02,05763,2026-08-02,SCHEDULED,-180,-3.0
2026-08-03T05:51:28Z,0576322026-08-02,05763,2026-08-02,SCHEDULED,-180,-3.0
2026-08-03T05:51:28Z,0576332026-08-02,05763,2026-08-02,SCHEDULED,-180,-3.0
2026-08-03T05:51:28Z,1565012026-08-02,15650,2026-08-02,SCHEDULED,720,12.0
2026-08-03T05:51:28Z,0405612026-08-03,04056,2026-08-03,SCHEDULED,180,3.0
2026-08-03T05:51:28Z,1572012026-08-02,15720,2026-08-02,SCHEDULED,1260,21.0
2026-08-03T05:51:28Z,1572212026-08-02,15722,2026-08-02,SCHEDULED,480,8.0
2026-08-03T05:51:28Z,1575312026-08-02,15753,2026-08-02,SCHEDULED,-60,-1.0
2026-08-03T05:51:28Z,0418612026-08-03,04186,2026-08-03,SCHEDULED,240,4.0
2026-08-03T05:51:28Z,0418642026-08-03,04186,2026-08-03,SCHEDULED,240,4.0
2026-08-03T05:51:28Z,0418622026-08-03,04186,2026-08-03,SCHEDULED,240,4.0
2026-08-03T05:51:28Z,0408712026-08-03,04087,2026-08-03,SCHEDULED,1020,17.0
2026-08-03T05:51:28Z,1577212026-08-02,15772,2026-08-02,SCHEDULED,300,5.0
2026-08-03T05:51:28Z,1577412026-08-02,15774,2026-08-02,SCHEDULED,120,2.0
2026-08-03T05:51:28Z,0029322026-08-03,00293,2026-08-03,SCHEDULED,780,13.0
2026-08-03T05:51:28Z,0029312026-08-03,00293,2026-08-03,SCHEDULED,780,13.0
2026-08-03T05:51:28Z,1585012026-08-02,15850,2026-08-02,SCHEDULED,180,3.0
2026-08-03T05:51:28Z,0407312026-08-03,04073,2026-08-03,SCHEDULED,-300,-5.0
2026-08-03T05:51:28Z,1585212026-08-02,15852,2026-08-02,SCHEDULED,0,0.0
2026-08-03T05:51:28Z,1590012026-08-02,15900,2026-08-02,SCHEDULED,840,14.0
2026-08-03T05:51:28Z,1210112026-08-02,12101,2026-08-02,SCHEDULED,0,0.0
2026-08-03T05:51:28Z,1590412026-08-02,15904,2026-08-02,SCHEDULED,240,4.0
2026-08-03T05:51:28Z,1248012026-08-02,12480,2026-08-02,SCHEDULED,300,5.0
2026-08-03T05:51:28Z,1620712026-08-02,16207,2026-08-02,SCHEDULED,240,4.0
2026-08-03T05:51:28Z,1261312026-08-02,12613,2026-08-02,SCHEDULED,120,2.0
2026-08-03T05:51:28Z,1607112026-08-02,16071,2026-08-02,SCHEDULED,540,9.0
2026-08-03T05:51:28Z,1261112026-08-02,12611,2026-08-02,SCHEDULED,0,0.0
2026-08-03T05:51:28Z,1700812026-08-02,17008,2026-08-02,SCHEDULED,-60,-1.0
2026-08-03T05:51:28Z,1264112026-08-02,12641,2026-08-02,SCHEDULED,240,4.0
2026-08-03T05:51:28Z,1704212026-08-02,17042,2026-08-02,SCHEDULED,240,4.0
2026-08-03T05:51:28Z,1264412026-08-02,12644,2026-08-02,SCHEDULED,360,6.0
2026-08-03T05:51:28Z,1719012026-08-02,17190,2026-08-02,SCHEDULED,0,0.0
2026-08-03T05:51:28Z,1268012026-08-02,12680,2026-08-02,SCHEDULED,0,0.0
2026-08-03T05:51:28Z,1720112026-08-02,17201,2026-08-02,SCHEDULED,240,4.0
2026-08-03T05:51:28Z,1300012026-08-02,13000,2026-08-02,SCHEDULED,2820,47.0
2026-08-03T05:51:28Z,1770312026-08-02,17703,2026-08-02,SCHEDULED,-120,-2.0
2026-08-03T05:51:28Z,1300212026-08-02,13002,2026-08-02,SCHEDULED,120,2.0
2026-08-03T05:51:28Z,1890112026-08-02,18901,2026-08-02,SCHEDULED,60,1.0
2026-08-03T05:51:28Z,1300312026-08-02,13003,2026-08-02,SCHEDULED,660,11.0
2026-08-03T05:51:28Z,1890012026-08-02,18900,2026-08-02,SCHEDULED,120,2.0
2026-08-03T05:51:28Z,1891012026-08-02,18910,2026-08-02,SCHEDULED,600,10.0
2026-08-03T05:51:28Z,1303012026-08-02,13030,2026-08-02,SCHEDULED,180,3.0
2026-08-03T05:51:28Z,1443012026-08-02,14430,2026-08-02,SCHEDULED,240,4.0
2026-08-03T05:51:28Z,1530912026-08-02,15309,2026-08-02,SCHEDULED,240,4.0
2026-08-03T05:51:28Z,0411422026-08-03,04114,2026-08-03,SCHEDULED,240,4.0
2026-08-03T05:51:28Z,0411412026-08-03,04114,2026-08-03,SCHEDULED,240,4.0
2026-08-03T05:51:28Z,1503022026-08-02,15030,2026-08-02,SCHEDULED,-60,-1.0
2026-08-03T05:51:28Z,0060112026-08-03,00601,2026-08-03,SCHEDULED,-60,-1.0
2026-08-03T05:51:28Z,1503112026-08-02,15031,2026-08-02,SCHEDULED,300,5.0
2026-08-03T05:51:28Z,1600012026-08-02,16000,2026-08-02,SCHEDULED,540,9.0
2026-08-03T05:51:28Z,1447112026-08-02,14471,2026-08-02,SCHEDULED,-60,-1.0
2026-08-03T05:51:28Z,1702112026-08-02,17021,2026-08-02,SCHEDULED,0,0.0
2026-08-03T05:51:28Z,1702122026-08-02,17021,2026-08-02,SCHEDULED,0,0.0
2026-08-03T05:51:28Z,1702132026-08-02,17021,2026-08-02,SCHEDULED,0,0.0
2026-08-03T05:51:28Z,0062122026-08-03,00621,2026-08-03,SCHEDULED,60,1.0
2026-08-03T05:51:28Z,0062132026-08-03,00621,2026-08-03,SCHEDULED,60,1.0
2026-08-03T05:51:28Z,0062152026-08-03,00621,2026-08-03,SCHEDULED,60,1.0
2026-08-03T05:51:28Z,0062112026-08-03,00621,2026-08-03,SCHEDULED,60,1.0
2026-08-03T05:51:28Z,0062142026-08-03,00621,2026-08-03,SCHEDULED,60,1.0
2026-08-03T05:51:28Z,0807922026-08-02,08079,2026-08-02,SCHEDULED,240,4.0
2026-08-03T05:51:28Z,1401812026-08-02,14018,2026-08-02,SCHEDULED,660,11.0
2026-08-03T05:51:28Z,0947012026-08-02,09470,2026-08-02,SCHEDULED,0,0.0
2026-08-03T05:51:28Z,1877312026-08-02,18773,2026-08-02,SCHEDULED,-120,-2.0
2026-08-03T05:51:28Z,0063142026-08-03,00631,2026-08-03,SCHEDULED,120,2.0
2026-08-03T05:51:28Z,0063132026-08-03,00631,2026-08-03,SCHEDULED,120,2.0
2026-08-03T05:51:28Z,0063112026-08-03,00631,2026-08-03,SCHEDULED,120,2.0
2026-08-03T05:51:28Z,0063122026-08-03,00631,2026-08-03,SCHEDULED,120,2.0
2026-08-03T05:51:28Z,0891512026-08-02,08915,2026-08-02,SCHEDULED,0,0.0
2026-08-03T05:51:28Z,0075222026-08-03,00752,2026-08-03,SCHEDULED,420,7.0
2026-08-03T05:51:28Z,0075212026-08-03,00752,2026-08-03,SCHEDULED,420,7.0
2026-08-03T05:51:28Z,1833112026-08-02,18331,2026-08-02,SCHEDULED,960,16.0
2026-08-03T05:51:28Z,0107112026-08-02,01071,2026-08-02,SCHEDULED,60,1.0
2026-08-03T05:51:28Z,0948012026-08-02,09480,2026-08-02,SCHEDULED,120,2.0
2026-08-03T05:51:28Z,0107212026-08-02,01072,2026-08-02,SCHEDULED,780,13.0
2026-08-03T05:51:28Z,7180012026-08-02,71800,2026-08-02,SCHEDULED,0,0.0
2026-08-03T05:51:28Z,7182012026-08-02,71820,2026-08-02,SCHEDULED,0,0.0
2026-08-03T05:51:28Z,0108122026-08-02,01081,2026-08-02,SCHEDULED,60,1.0
2026-08-03T05:51:28Z,0108112026-08-02,01081,2026-08-02,SCHEDULED,60,1.0
2026-08-03T05:51:28Z,7183012026-08-02,71830,2026-08-02,SCHEDULED,180,3.0
2026-08-03T05:51:28Z,0206112026-08-02,02061,2026-08-02,SCHEDULED,1140,19.0
2026-08-03T05:51:28Z,1780612026-08-02,17806,2026-08-02,SCHEDULED,240,4.0
2026-08-03T05:51:28Z,0206312026-08-02,02063,2026-08-02,SCHEDULED,300,5.0
2026-08-03T05:51:28Z,1781512026-08-02,17815,2026-08-02,SCHEDULED,60,1.0
2026-08-03T05:51:28Z,0206712026-08-02,02067,2026-08-02,SCHEDULED,60,1.0
2026-08-03T05:51:28Z,1800112026-08-02,18001,2026-08-02,SCHEDULED,0,0.0
2026-08-03T05:51:28Z,0207012026-08-02,02070,2026-08-02,SCHEDULED,180,3.0
2026-08-03T05:51:28Z,0207112026-08-02,02071,2026-08-02,SCHEDULED,420,7.0
2026-08-03T05:51:28Z,1802412026-08-02,18024,2026-08-02,SCHEDULED,0,0.0
2026-08-03T05:51:28Z,1803112026-08-02,18031,2026-08-02,SCHEDULED,480,8.0
2026-08-03T05:51:28Z,0207312026-08-02,02073,2026-08-02,SCHEDULED,420,7.0
2026-08-03T05:51:28Z,1804112026-08-02,18041,2026-08-02,SCHEDULED,60,1.0
2026-08-03T05:51:28Z,0207512026-08-03,02075,2026-08-03,SCHEDULED,600,10.0
2026-08-03T05:51:28Z,0207212026-08-02,02072,2026-08-02,SCHEDULED,-60,-1.0
2026-08-03T05:51:28Z,1804612026-08-02,18046,2026-08-02,SCHEDULED,420,7.0
2026-08-03T05:51:28Z,1805412026-08-02,18054,2026-08-02,SCHEDULED,60,1.0
2026-08-03T05:51:28Z,1807112026-08-02,18071,2026-08-02,SCHEDULED,600,10.0
2026-08-03T05:51:28Z,1807212026-08-02,18072,2026-08-02,SCHEDULED,-120,-2.0
2026-08-03T05:51:28Z,0306242026-08-02,03062,2026-08-02,SCHEDULED,-180,-3.0
2026-08-03T05:51:28Z,0306232026-08-02,03062,2026-08-02,SCHEDULED,-180,-3.0
2026-08-03T05:51:28Z,0306212026-08-02,03062,2026-08-02,SCHEDULED,-180,-3.0
2026-08-03T05:51:28Z,0306222026-08-02,03062,2026-08-02,SCHEDULED,-180,-3.0
2026-08-03T05:51:28Z,1800212026-08-02,18002,2026-08-02,SCHEDULED,420,7.0
2026-08-03T05:51:28Z,0307322026-08-02,03073,2026-08-02,SCHEDULED,480,8.0
2026-08-03T05:51:28Z,0307312026-08-02,03073,2026-08-02,SCHEDULED,480,8.0
2026-08-03T05:51:28Z,1806612026-08-02,18066,2026-08-02,SCHEDULED,120,2.0
2026-08-03T05:51:28Z,1812012026-08-02,18120,2026-08-02,SCHEDULED,2160,36.0
2026-08-03T05:51:28Z,1812112026-08-02,18121,2026-08-02,SCHEDULED,60,1.0
2026-08-03T05:51:28Z,1812312026-08-02,18123,2026-08-02,SCHEDULED,180,3.0
2026-08-03T05:51:28Z,0306242026-08-02,03062,2026-08-02,SCHEDULED,480,8.0
2026-08-03T05:51:28Z,0306232026-08-02,03062,2026-08-02,SCHEDULED,480,8.0
2026-08-03T05:51:28Z,0306212026-08-02,03062,2026-08-02,SCHEDULED,480,8.0
2026-08-03T05:51:28Z,0306222026-08-02,03062,2026-08-02,SCHEDULED,480,8.0
2026-08-03T05:51:28Z,1821612026-08-02,18216,2026-08-02,SCHEDULED,-60,-1.0
2026-08-03T05:51:28Z,1830012026-08-02,18300,2026-08-02,SCHEDULED,-180,-3.0
2026-08-03T05:51:28Z,1832112026-08-02,18321,2026-08-02,SCHEDULED,300,5.0
2026-08-03T05:51:28Z,0331112026-08-02,03311,2026-08-02,SCHEDULED,0,0.0
2026-08-03T05:51:28Z,0331122026-08-02,03311,2026-08-02,SCHEDULED,0,0.0
2026-08-03T05:51:28Z,0331132026-08-02,03311,2026-08-02,SCHEDULED,0,0.0
2026-08-03T05:51:28Z,0366222026-08-02,03662,2026-08-02,SCHEDULED,120,2.0
2026-08-03T05:51:28Z,0366212026-08-02,03662,2026-08-02,SCHEDULED,120,2.0
2026-08-03T05:51:28Z,1801012026-08-02,18010,2026-08-02,SCHEDULED,120,2.0
2026-08-03T05:51:28Z,1801022026-08-02,18010,2026-08-02,SCHEDULED,120,2.0
2026-08-03T05:51:28Z,1801032026-08-02,18010,2026-08-02,SCHEDULED,120,2.0
2026-08-03T05:51:28Z,0406012026-08-02,04060,2026-08-02,SCHEDULED,120,2.0
2026-08-03T05:51:28Z,0408822026-08-03,04088,2026-08-03,SCHEDULED,-120,-2.0
2026-08-03T05:51:28Z,0407222026-08-03,04072,2026-08-03,SCHEDULED,1140,19.0
2026-08-03T05:51:28Z,0407212026-08-03,04072,2026-08-03,SCHEDULED,1140,19.0
2026-08-03T05:51:28Z,0446412026-08-02,04464,2026-08-02,SCHEDULED,480,8.0
2026-08-03T05:51:28Z,0415422026-08-02,04154,2026-08-02,SCHEDULED,540,9.0
2026-08-03T05:51:28Z,0415412026-08-02,04154,2026-08-02,SCHEDULED,540,9.0
2026-08-03T05:51:28Z,0436422026-08-02,04364,2026-08-02,SCHEDULED,60,1.0
2026-08-03T05:51:28Z,0436412026-08-02,04364,2026-08-02,SCHEDULED,60,1.0
2026-08-03T05:51:28Z,0486822026-08-03,04868,2026-08-03,SCHEDULED,0,0.0
2026-08-03T05:51:28Z,0486812026-08-03,04868,2026-08-03,SCHEDULED,0,0.0
2026-08-03T05:51:28Z,0506312026-08-02,05063,2026-08-02,SCHEDULED,60,1.0
2026-08-03T05:51:28Z,0506422026-08-02,05064,2026-08-02,SCHEDULED,60,1.0
2026-08-03T05:51:28Z,0506412026-08-02,05064,2026-08-02,SCHEDULED,60,1.0
2026-08-03T05:51:28Z,0506522026-08-02,05065,2026-08-02,SCHEDULED,360,6.0
2026-08-03T05:51:28Z,0506512026-08-02,05065,2026-08-02,SCHEDULED,360,6.0
2026-08-03T05:51:28Z,0507012026-08-02,05070,2026-08-02,SCHEDULED,240,4.0
2026-08-03T05:51:28Z,0507212026-08-02,05072,2026-08-02,SCHEDULED,-60,-1.0
2026-08-03T05:51:28Z,0509222026-08-02,05092,2026-08-02,SCHEDULED,120,2.0
2026-08-03T05:51:28Z,0509212026-08-02,05092,2026-08-02,SCHEDULED,120,2.0
2026-08-03T05:51:28Z,0508012026-08-02,05080,2026-08-02,SCHEDULED,0,0.0
2026-08-03T05:51:28Z,0508032026-08-02,05080,2026-08-02,SCHEDULED,0,0.0
2026-08-03T05:51:28Z,0508022026-08-02,05080,2026-08-02,SCHEDULED,0,0.0
2026-08-03T05:51:28Z,0566812026-08-02,05668,2026-08-02,SCHEDULED,0,0.0
2026-08-03T05:51:28Z,0587112026-08-02,05871,2026-08-02,SCHEDULED,300,5.0
2026-08-03T05:51:28Z,0806812026-08-02,08068,2026-08-02,SCHEDULED,120,2.0
2026-08-03T05:51:28Z,1261412026-08-02,12614,2026-08-02,CANCELED,,
2026-08-03T05:51:28Z,1565712026-08-02,15657,2026-08-02,CANCELED,,
2026-08-03T05:51:28Z,1260712026-08-02,12607,2026-08-02,CANCELED,,
2026-08-03T05:51:28Z,1260712026-08-02,12607,2026-08-02,CANCELED,,
2026-08-03T05:51:28Z,1705212026-08-02,17052,2026-08-02,CANCELED,,
2026-08-03T05:51:28Z,1307912026-08-02,13079,2026-08-02,CANCELED,,
2026-08-03T05:51:28Z,1721812026-08-02,17218,2026-08-02,CANCELED,,
2026-08-03T05:51:28Z,1390412026-08-02,13904,2026-08-02,CANCELED,,
2026-08-03T05:51:28Z,3821812026-08-02,38218,2026-08-02,CANCELED,,
2026-08-03T05:51:28Z,3890412026-08-02,38904,2026-08-02,CANCELED,,
2026-08-03T05:51:28Z,1722112026-08-02,17221,2026-08-02,CANCELED,,
2026-08-03T05:51:28Z,3822112026-08-02,38221,2026-08-02,CANCELED,,
2026-08-03T05:51:28Z,0407222026-08-03,04072,2026-08-03,CANCELED,,
2026-08-03T05:51:28Z,0407212026-08-03,04072,2026-08-03,CANCELED,,
2026-08-03T05:51:28Z,1750312026-08-02,17503,2026-08-02,CANCELED,,
2026-08-03T05:51:28Z,3707212026-08-03,37072,2026-08-03,CANCELED,,
2026-08-03T05:51:28Z,1821412026-08-02,18214,2026-08-02,CANCELED,,
2026-08-03T05:51:28Z,1821512026-08-02,18215,2026-08-02,CANCELED,,
2026-08-03T05:51:28Z,0029522026-08-03,00295,2026-08-03,CANCELED,,
2026-08-03T05:51:28Z,0029512026-08-03,00295,2026-08-03,CANCELED,,
2026-08-03T05:51:28Z,1260812026-08-02,12608,2026-08-02,CANCELED,,
2026-08-03T05:51:28Z,3709522026-08-02,37095,2026-08-02,CANCELED,,
2026-08-03T05:51:28Z,3709512026-08-02,37095,2026-08-02,CANCELED,,
2026-08-03T05:51:28Z,3739512026-08-02,37395,2026-08-02,CANCELED,,
2026-08-03T05:51:28Z,1810132026-08-02,18101,2026-08-02,CANCELED,,
2026-08-03T05:51:28Z,1810142026-08-02,18101,2026-08-02,CANCELED,,
2026-08-03T05:51:28Z,1810152026-08-02,18101,2026-08-02,CANCELED,,
2026-08-03T05:51:28Z,0019222026-08-03,00192,2026-08-03,CANCELED,,
2026-08-03T05:51:28Z,0019212026-08-03,00192,2026-08-03,CANCELED,,
2026-08-03T05:51:28Z,3739212026-08-02,37392,2026-08-02,CANCELED,,
2026-08-03T05:51:28Z,1810222026-08-02,18102,2026-08-02,CANCELED,,
2026-08-03T05:51:28Z,1810232026-08-02,18102,2026-08-02,CANCELED,,
2026-08-03T05:51:28Z,1810242026-08-02,18102,2026-08-02,CANCELED,,
2026-08-03T05:51:28Z,3749222026-08-02,37492,2026-08-02,CANCELED,,
2026-08-03T05:51:28Z,3749212026-08-02,37492,2026-08-02,CANCELED,,
2026-08-03T05:51:28Z,1810512026-08-02,18105,2026-08-02,CANCELED,,
2026-08-03T05:51:28Z,3810512026-08-02,38105,2026-08-02,CANCELED,,
2026-08-03T05:56:27Z,0807112026-08-02,08071,2026-08-02,SCHEDULED,360,6.0
2026-08-03T05:56:27Z,1562112026-08-02,15621,2026-08-02,SCHEDULED,60,1.0
2026-08-03T05:56:27Z,0807212026-08-02,08072,2026-08-02,SCHEDULED,0,0.0
2026-08-03T05:56:27Z,1564512026-08-02,15645,2026-08-02,SCHEDULED,60,1.0
2026-08-03T05:56:27Z,0807512026-08-02,08075,2026-08-02,SCHEDULED,1080,18.0
2026-08-03T05:56:27Z,1565012026-08-02,15650,2026-08-02,SCHEDULED,780,13.0
2026-08-03T05:56:27Z,0807712026-08-02,08077,2026-08-02,SCHEDULED,300,5.0
2026-08-03T05:56:27Z,1572012026-08-02,15720,2026-08-02,SCHEDULED,1260,21.0
2026-08-03T05:56:27Z,0807812026-08-02,08078,2026-08-02,SCHEDULED,0,0.0
2026-08-03T05:56:27Z,1572212026-08-02,15722,2026-08-02,SCHEDULED,420,7.0
2026-08-03T05:56:27Z,0808512026-08-02,08085,2026-08-02,SCHEDULED,60,1.0
2026-08-03T05:56:27Z,1575312026-08-02,15753,2026-08-02,SCHEDULED,0,0.0
2026-08-03T05:56:27Z,0827112026-08-02,08271,2026-08-02,SCHEDULED,60,1.0
2026-08-03T05:56:27Z,1577212026-08-02,15772,2026-08-02,SCHEDULED,300,5.0
2026-08-03T05:56:27Z,0827512026-08-02,08275,2026-08-02,SCHEDULED,240,4.0
2026-08-03T05:56:27Z,1577412026-08-02,15774,2026-08-02,SCHEDULED,0,0.0
2026-08-03T05:56:27Z,0827812026-08-02,08278,2026-08-02,SCHEDULED,0,0.0
2026-08-03T05:56:27Z,1585012026-08-02,15850,2026-08-02,SCHEDULED,180,3.0
2026-08-03T05:56:27Z,0847512026-08-02,08475,2026-08-02,SCHEDULED,360,6.0
2026-08-03T05:56:27Z,1585212026-08-02,15852,2026-08-02,SCHEDULED,0,0.0
2026-08-03T05:56:27Z,0866412026-08-02,08664,2026-08-02,SCHEDULED,-60,-1.0
2026-08-03T05:56:27Z,1590012026-08-02,15900,2026-08-02,SCHEDULED,1080,18.0
2026-08-03T05:56:27Z,0907112026-08-02,09071,2026-08-02,SCHEDULED,360,6.0
2026-08-03T05:56:27Z,1590412026-08-02,15904,2026-08-02,SCHEDULED,60,1.0
2026-08-03T05:56:27Z,1620712026-08-02,16207,2026-08-02,SCHEDULED,180,3.0
2026-08-03T05:56:27Z,0907222026-08-02,09072,2026-08-02,SCHEDULED,-180,-3.0
2026-08-03T05:56:27Z,0907212026-08-02,09072,2026-08-02,SCHEDULED,-180,-3.0
2026-08-03T05:56:27Z,1607112026-08-02,16071,2026-08-02,SCHEDULED,360,6.0
2026-08-03T05:56:27Z,0907312026-08-02,09073,2026-08-02,SCHEDULED,0,0.0
2026-08-03T05:56:27Z,1700812026-08-02,17008,2026-08-02,SCHEDULED,0,0.0
2026-08-03T05:56:27Z,0907512026-08-02,09075,2026-08-02,SCHEDULED,180,3.0
2026-08-03T05:56:27Z,1704212026-08-02,17042,2026-08-02,SCHEDULED,240,4.0
2026-08-03T05:56:27Z,0207412026-08-03,02074,2026-08-03,SCHEDULED,0,0.0
2026-08-03T05:56:27Z,1719012026-08-02,17190,2026-08-02,SCHEDULED,0,0.0
2026-08-03T05:56:27Z,0109212026-08-02,01092,2026-08-02,SCHEDULED,660,11.0
2026-08-03T05:56:27Z,1720112026-08-02,17201,2026-08-02,SCHEDULED,180,3.0
2026-08-03T05:56:27Z,0507112026-08-02,05071,2026-08-02,SCHEDULED,-120,-2.0
2026-08-03T05:56:27Z,1300312026-08-02,13003,2026-08-02,SCHEDULED,720,12.0
2026-08-03T05:56:27Z,0029122026-08-03,00291,2026-08-03,SCHEDULED,60,1.0
2026-08-03T05:56:27Z,0029112026-08-03,00291,2026-08-03,SCHEDULED,60,1.0
2026-08-03T05:56:27Z,1303012026-08-02,13030,2026-08-02,SCHEDULED,240,4.0
2026-08-03T05:56:27Z,0527312026-08-02,05273,2026-08-02,SCHEDULED,-120,-2.0
2026-08-03T05:56:27Z,1304112026-08-02,13041,2026-08-02,SCHEDULED,420,7.0
2026-08-03T05:56:27Z,1300112026-08-02,13001,2026-08-02,SCHEDULED,480,8.0
2026-08-03T05:56:27Z,0429522026-08-02,04295,2026-08-02,SCHEDULED,240,4.0
2026-08-03T05:56:27Z,0429512026-08-02,04295,2026-08-02,SCHEDULED,240,4.0
2026-08-03T05:56:27Z,1308412026-08-02,13084,2026-08-02,SCHEDULED,1020,17.0
2026-08-03T05:56:27Z,0069712026-08-03,00697,2026-08-03,SCHEDULED,360,6.0
2026-08-03T05:56:27Z,1395112026-08-02,13951,2026-08-02,SCHEDULED,300,5.0
2026-08-03T05:56:27Z,1320312026-08-02,13203,2026-08-02,SCHEDULED,120,2.0
2026-08-03T05:56:27Z,0576312026-08-02,05763,2026-08-02,SCHEDULED,-180,-3.0
2026-08-03T05:56:27Z,0576322026-08-02,05763,2026-08-02,SCHEDULED,-180,-3.0
2026-08-03T05:56:27Z,0576332026-08-02,05763,2026-08-02,SCHEDULED,-180,-3.0
2026-08-03T05:56:27Z,1320612026-08-02,13206,2026-08-02,SCHEDULED,120,2.0
2026-08-03T05:56:27Z,0405612026-08-03,04056,2026-08-03,SCHEDULED,120,2.0
2026-08-03T05:56:27Z,1390012026-08-02,13900,2026-08-02,SCHEDULED,300,5.0
2026-08-03T05:56:27Z,1390112026-08-02,13901,2026-08-02,SCHEDULED,-240,-4.0
2026-08-03T05:56:27Z,0418612026-08-03,04186,2026-08-03,SCHEDULED,240,4.0
2026-08-03T05:56:27Z,0418642026-08-03,04186,2026-08-03,SCHEDULED,240,4.0
2026-08-03T05:56:27Z,0418622026-08-03,04186,2026-08-03,SCHEDULED,240,4.0
2026-08-03T05:56:27Z,0408712026-08-03,04087,2026-08-03,SCHEDULED,960,16.0
2026-08-03T05:56:27Z,1412322026-08-03,14123,2026-08-03,SCHEDULED,-360,-6.0
2026-08-03T05:56:27Z,1412342026-08-02,14123,2026-08-02,SCHEDULED,-360,-6.0
2026-08-03T05:56:27Z,1412332026-08-02,14123,2026-08-02,SCHEDULED,-360,-6.0
2026-08-03T05:56:27Z,0029322026-08-03,00293,2026-08-03,SCHEDULED,780,13.0
2026-08-03T05:56:27Z,0029312026-08-03,00293,2026-08-03,SCHEDULED,780,13.0
2026-08-03T05:56:27Z,0407312026-08-03,04073,2026-08-03,SCHEDULED,-420,-7.0
2026-08-03T05:56:27Z,1210112026-08-02,12101,2026-08-02,SCHEDULED,0,0.0
2026-08-03T05:56:27Z,1248012026-08-02,12480,2026-08-02,SCHEDULED,240,4.0
2026-08-03T05:56:27Z,3560432026-08-02,35604,2026-08-02,SCHEDULED,120,2.0
2026-08-03T05:56:27Z,3560442026-08-02,35604,2026-08-02,SCHEDULED,120,2.0
2026-08-03T05:56:27Z,3560452026-08-02,35604,2026-08-02,SCHEDULED,120,2.0
2026-08-03T05:56:27Z,1451012026-08-02,14510,2026-08-02,SCHEDULED,720,12.0
2026-08-03T05:56:27Z,1261312026-08-02,12613,2026-08-02,SCHEDULED,60,1.0
2026-08-03T05:56:27Z,1500112026-08-02,15001,2026-08-02,SCHEDULED,-60,-1.0
2026-08-03T05:56:27Z,1261112026-08-02,12611,2026-08-02,SCHEDULED,60,1.0
2026-08-03T05:56:27Z,1500212026-08-02,15002,2026-08-02,SCHEDULED,360,6.0
2026-08-03T05:56:27Z,1264112026-08-02,12641,2026-08-02,SCHEDULED,720,12.0
2026-08-03T05:56:27Z,1500312026-08-02,15003,2026-08-02,SCHEDULED,60,1.0
2026-08-03T05:56:27Z,1264412026-08-02,12644,2026-08-02,SCHEDULED,360,6.0
2026-08-03T05:56:27Z,1504012026-08-02,15040,2026-08-02,SCHEDULED,1080,18.0
2026-08-03T05:56:27Z,1268012026-08-02,12680,2026-08-02,SCHEDULED,0,0.0
2026-08-03T05:56:27Z,1504112026-08-02,15041,2026-08-02,SCHEDULED,0,0.0
2026-08-03T05:56:27Z,1296112026-08-02,12961,2026-08-02,SCHEDULED,60,1.0
2026-08-03T05:56:27Z,1505012026-08-02,15050,2026-08-02,SCHEDULED,780,13.0
2026-08-03T05:56:27Z,1300012026-08-02,13000,2026-08-02,SCHEDULED,2940,49.0
2026-08-03T05:56:27Z,1890112026-08-02,18901,2026-08-02,SCHEDULED,60,1.0
2026-08-03T05:56:27Z,1300212026-08-02,13002,2026-08-02,SCHEDULED,120,2.0
2026-08-03T05:56:27Z,1890012026-08-02,18900,2026-08-02,SCHEDULED,180,3.0
2026-08-03T05:56:27Z,1891012026-08-02,18910,2026-08-02,SCHEDULED,600,10.0
2026-08-03T05:56:27Z,1443012026-08-02,14430,2026-08-02,SCHEDULED,180,3.0
2026-08-03T05:56:27Z,0411422026-08-03,04114,2026-08-03,SCHEDULED,180,3.0
2026-08-03T05:56:27Z,0411412026-08-03,04114,2026-08-03,SCHEDULED,180,3.0
2026-08-03T05:56:27Z,1530912026-08-02,15309,2026-08-02,SCHEDULED,240,4.0
2026-08-03T05:56:27Z,0060112026-08-03,00601,2026-08-03,SCHEDULED,-60,-1.0
2026-08-03T05:56:27Z,1503022026-08-02,15030,2026-08-02,SCHEDULED,-120,-2.0
2026-08-03T05:56:27Z,1503112026-08-02,15031,2026-08-02,SCHEDULED,300,5.0
2026-08-03T05:56:27Z,1600012026-08-02,16000,2026-08-02,SCHEDULED,360,6.0
2026-08-03T05:56:27Z,1447112026-08-02,14471,2026-08-02,SCHEDULED,0,0.0
2026-08-03T05:56:27Z,0062122026-08-03,00621,2026-08-03,SCHEDULED,60,1.0
2026-08-03T05:56:27Z,0062132026-08-03,00621,2026-08-03,SCHEDULED,60,1.0
2026-08-03T05:56:27Z,0062152026-08-03,00621,2026-08-03,SCHEDULED,60,1.0
2026-08-03T05:56:27Z,0062112026-08-03,00621,2026-08-03,SCHEDULED,60,1.0
2026-08-03T05:56:27Z,0062142026-08-03,00621,2026-08-03,SCHEDULED,60,1.0
2026-08-03T05:56:27Z,1702112026-08-02,17021,2026-08-02,SCHEDULED,-120,-2.0
2026-08-03T05:56:27Z,1702122026-08-02,17021,2026-08-02,SCHEDULED,-120,-2.0
2026-08-03T05:56:27Z,1702132026-08-02,17021,2026-08-02,SCHEDULED,-120,-2.0
2026-08-03T05:56:27Z,0807922026-08-02,08079,2026-08-02,SCHEDULED,240,4.0
2026-08-03T05:56:27Z,0063142026-08-03,00631,2026-08-03,SCHEDULED,180,3.0
2026-08-03T05:56:27Z,0063132026-08-03,00631,2026-08-03,SCHEDULED,180,3.0
2026-08-03T05:56:27Z,0063112026-08-03,00631,2026-08-03,SCHEDULED,180,3.0
2026-08-03T05:56:27Z,0063122026-08-03,00631,2026-08-03,SCHEDULED,180,3.0
2026-08-03T05:56:27Z,1401812026-08-02,14018,2026-08-02,SCHEDULED,720,12.0
2026-08-03T05:56:27Z,0947012026-08-02,09470,2026-08-02,SCHEDULED,0,0.0
2026-08-03T05:56:27Z,0075222026-08-03,00752,2026-08-03,SCHEDULED,420,7.0
2026-08-03T05:56:27Z,0075212026-08-03,00752,2026-08-03,SCHEDULED,420,7.0
2026-08-03T05:56:27Z,1877312026-08-02,18773,2026-08-02,SCHEDULED,-120,-2.0
2026-08-03T05:56:27Z,0107112026-08-02,01071,2026-08-02,SCHEDULED,180,3.0
2026-08-03T05:56:27Z,0891512026-08-02,08915,2026-08-02,SCHEDULED,0,0.0
2026-08-03T05:56:27Z,0107212026-08-02,01072,2026-08-02,SCHEDULED,780,13.0
2026-08-03T05:56:27Z,1833112026-08-02,18331,2026-08-02,SCHEDULED,1020,17.0
2026-08-03T05:56:27Z,0108122026-08-02,01081,2026-08-02,SCHEDULED,180,3.0
2026-08-03T05:56:27Z,0108112026-08-02,01081,2026-08-02,SCHEDULED,180,3.0
2026-08-03T05:56:27Z,0948012026-08-02,09480,2026-08-02,SCHEDULED,120,2.0
2026-08-03T05:56:27Z,0206112026-08-02,02061,2026-08-02,SCHEDULED,1260,21.0
2026-08-03T05:56:27Z,7180012026-08-02,71800,2026-08-02,SCHEDULED,0,0.0
2026-08-03T05:56:27Z,0206312026-08-02,02063,2026-08-02,SCHEDULED,300,5.0
2026-08-03T05:56:27Z,7182012026-08-02,71820,2026-08-02,SCHEDULED,0,0.0
2026-08-03T05:56:27Z,0206712026-08-02,02067,2026-08-02,SCHEDULED,60,1.0
2026-08-03T05:56:27Z,7183012026-08-02,71830,2026-08-02,SCHEDULED,60,1.0
2026-08-03T05:56:27Z,0207012026-08-02,02070,2026-08-02,SCHEDULED,120,2.0
2026-08-03T05:56:27Z,1770312026-08-02,17703,2026-08-02,SCHEDULED,-120,-2.0
2026-08-03T05:56:27Z,0207112026-08-02,02071,2026-08-02,SCHEDULED,420,7.0
2026-08-03T05:56:27Z,1780612026-08-02,17806,2026-08-02,SCHEDULED,180,3.0
2026-08-03T05:56:27Z,0207312026-08-02,02073,2026-08-02,SCHEDULED,360,6.0
2026-08-03T05:56:27Z,1800112026-08-02,18001,2026-08-02,SCHEDULED,0,0.0
2026-08-03T05:56:27Z,0207512026-08-03,02075,2026-08-03,SCHEDULED,600,10.0
2026-08-03T05:56:27Z,1802412026-08-02,18024,2026-08-02,SCHEDULED,0,0.0
2026-08-03T05:56:27Z,0207212026-08-02,02072,2026-08-02,SCHEDULED,-60,-1.0
2026-08-03T05:56:27Z,1803112026-08-02,18031,2026-08-02,SCHEDULED,420,7.0
2026-08-03T05:56:27Z,0208312026-08-02,02083,2026-08-02,SCHEDULED,120,2.0
2026-08-03T05:56:27Z,1804112026-08-02,18041,2026-08-02,SCHEDULED,120,2.0
2026-08-03T05:56:27Z,1804612026-08-02,18046,2026-08-02,SCHEDULED,300,5.0
2026-08-03T05:56:27Z,1805412026-08-02,18054,2026-08-02,SCHEDULED,120,2.0
2026-08-03T05:56:27Z,1807112026-08-02,18071,2026-08-02,SCHEDULED,600,10.0
2026-08-03T05:56:27Z,0306242026-08-02,03062,2026-08-02,SCHEDULED,-180,-3.0
2026-08-03T05:56:27Z,0306232026-08-02,03062,2026-08-02,SCHEDULED,-180,-3.0
2026-08-03T05:56:27Z,0306212026-08-02,03062,2026-08-02,SCHEDULED,-180,-3.0
2026-08-03T05:56:27Z,0306222026-08-02,03062,2026-08-02,SCHEDULED,-180,-3.0
2026-08-03T05:56:27Z,1807212026-08-02,18072,2026-08-02,SCHEDULED,60,1.0
2026-08-03T05:56:27Z,1807412026-08-02,18074,2026-08-02,SCHEDULED,120,2.0
2026-08-03T05:56:27Z,0307322026-08-02,03073,2026-08-02,SCHEDULED,480,8.0
2026-08-03T05:56:27Z,0307312026-08-02,03073,2026-08-02,SCHEDULED,480,8.0
2026-08-03T05:56:27Z,1800212026-08-02,18002,2026-08-02,SCHEDULED,420,7.0
2026-08-03T05:56:27Z,1806612026-08-02,18066,2026-08-02,SCHEDULED,60,1.0
2026-08-03T05:56:27Z,1812012026-08-02,18120,2026-08-02,SCHEDULED,2160,36.0
2026-08-03T05:56:27Z,0306242026-08-02,03062,2026-08-02,SCHEDULED,480,8.0
2026-08-03T05:56:27Z,0306232026-08-02,03062,2026-08-02,SCHEDULED,480,8.0
2026-08-03T05:56:27Z,0306212026-08-02,03062,2026-08-02,SCHEDULED,480,8.0
2026-08-03T05:56:27Z,0306222026-08-02,03062,2026-08-02,SCHEDULED,480,8.0
2026-08-03T05:56:27Z,1812112026-08-02,18121,2026-08-02,SCHEDULED,60,1.0
2026-08-03T05:56:27Z,1812312026-08-02,18123,2026-08-02,SCHEDULED,120,2.0
2026-08-03T05:56:27Z,0331112026-08-02,03311,2026-08-02,SCHEDULED,-120,-2.0
2026-08-03T05:56:27Z,0331122026-08-02,03311,2026-08-02,SCHEDULED,-120,-2.0
2026-08-03T05:56:27Z,0331132026-08-02,03311,2026-08-02,SCHEDULED,-120,-2.0
2026-08-03T05:56:27Z,1830012026-08-02,18300,2026-08-02,SCHEDULED,-60,-1.0
2026-08-03T05:56:27Z,0366222026-08-02,03662,2026-08-02,SCHEDULED,120,2.0
2026-08-03T05:56:27Z,0366212026-08-02,03662,2026-08-02,SCHEDULED,120,2.0
2026-08-03T05:56:27Z,1832112026-08-02,18321,2026-08-02,SCHEDULED,300,5.0
2026-08-03T05:56:27Z,0406012026-08-02,04060,2026-08-02,SCHEDULED,120,2.0
2026-08-03T05:56:27Z,0408822026-08-03,04088,2026-08-03,SCHEDULED,0,0.0
2026-08-03T05:56:27Z,1801012026-08-02,18010,2026-08-02,SCHEDULED,120,2.0
2026-08-03T05:56:27Z,1801022026-08-02,18010,2026-08-02,SCHEDULED,120,2.0
2026-08-03T05:56:27Z,1801032026-08-02,18010,2026-08-02,SCHEDULED,120,2.0
2026-08-03T05:56:27Z,0407222026-08-03,04072,2026-08-03,SCHEDULED,1140,19.0
2026-08-03T05:56:27Z,0407212026-08-03,04072,2026-08-03,SCHEDULED,1140,19.0
2026-08-03T05:56:27Z,0446412026-08-02,04464,2026-08-02,SCHEDULED,540,9.0
2026-08-03T05:56:27Z,0415422026-08-02,04154,2026-08-02,SCHEDULED,600,10.0
2026-08-03T05:56:27Z,0415412026-08-02,04154,2026-08-02,SCHEDULED,600,10.0
2026-08-03T05:56:27Z,0436422026-08-02,04364,2026-08-02,SCHEDULED,60,1.0
2026-08-03T05:56:27Z,0436412026-08-02,04364,2026-08-02,SCHEDULED,60,1.0
2026-08-03T05:56:27Z,0486822026-08-03,04868,2026-08-03,SCHEDULED,-60,-1.0
2026-08-03T05:56:27Z,0486812026-08-03,04868,2026-08-03,SCHEDULED,-60,-1.0
2026-08-03T05:56:27Z,0506312026-08-02,05063,2026-08-02,SCHEDULED,60,1.0
2026-08-03T05:56:27Z,0506422026-08-02,05064,2026-08-02,SCHEDULED,60,1.0
2026-08-03T05:56:27Z,0506412026-08-02,05064,2026-08-02,SCHEDULED,60,1.0
2026-08-03T05:56:27Z,0506522026-08-02,05065,2026-08-02,SCHEDULED,360,6.0
2026-08-03T05:56:27Z,0506512026-08-02,05065,2026-08-02,SCHEDULED,360,6.0
2026-08-03T05:56:27Z,0507012026-08-02,05070,2026-08-02,SCHEDULED,240,4.0
2026-08-03T05:56:27Z,0507212026-08-02,05072,2026-08-02,SCHEDULED,-60,-1.0
2026-08-03T05:56:27Z,0509222026-08-02,05092,2026-08-02,SCHEDULED,0,0.0
2026-08-03T05:56:27Z,0509212026-08-02,05092,2026-08-02,SCHEDULED,0,0.0
2026-08-03T05:56:27Z,0508012026-08-02,05080,2026-08-02,SCHEDULED,-120,-2.0
2026-08-03T05:56:27Z,0508032026-08-02,05080,2026-08-02,SCHEDULED,-120,-2.0
2026-08-03T05:56:27Z,0508022026-08-02,05080,2026-08-02,SCHEDULED,-120,-2.0
2026-08-03T05:56:27Z,0566812026-08-02,05668,2026-08-02,SCHEDULED,60,1.0
2026-08-03T05:56:27Z,0587112026-08-02,05871,2026-08-02,SCHEDULED,480,8.0
2026-08-03T05:56:27Z,1565712026-08-02,15657,2026-08-02,CANCELED,,
2026-08-03T05:56:27Z,1705212026-08-02,17052,2026-08-02,CANCELED,,
2026-08-03T05:56:27Z,1721812026-08-02,17218,2026-08-02,CANCELED,,
2026-08-03T05:56:27Z,3821812026-08-02,38218,2026-08-02,CANCELED,,
2026-08-03T05:56:27Z,1722112026-08-02,17221,2026-08-02,CANCELED,,
2026-08-03T05:56:27Z,3822112026-08-02,38221,2026-08-02,CANCELED,,
2026-08-03T05:56:27Z,1750312026-08-02,17503,2026-08-02,CANCELED,,
2026-08-03T05:56:27Z,1821412026-08-02,18214,2026-08-02,CANCELED,,
2026-08-03T05:56:27Z,1821512026-08-02,18215,2026-08-02,CANCELED,,
2026-08-03T05:56:27Z,1260812026-08-02,12608,2026-08-02,CANCELED,,
2026-08-03T05:56:27Z,1810132026-08-02,18101,2026-08-02,CANCELED,,
2026-08-03T05:56:27Z,1810142026-08-02,18101,2026-08-02,CANCELED,,
2026-08-03T05:56:27Z,1810152026-08-02,18101,2026-08-02,CANCELED,,
2026-08-03T05:56:27Z,1261412026-08-02,12614,2026-08-02,CANCELED,,
2026-08-03T05:56:27Z,1260712026-08-02,12607,2026-08-02,CANCELED,,
2026-08-03T05:56:27Z,1260712026-08-02,12607,2026-08-02,CANCELED,,
2026-08-03T05:56:27Z,1307912026-08-02,13079,2026-08-02,CANCELED,,
2026-08-03T05:56:27Z,1390412026-08-02,13904,2026-08-02,CANCELED,,
2026-08-03T05:56:27Z,3890412026-08-02,38904,2026-08-02,CANCELED,,
2026-08-03T05:56:27Z,0407222026-08-03,04072,2026-08-03,CANCELED,,
2026-08-03T05:56:27Z,0407212026-08-03,04072,2026-08-03,CANCELED,,
2026-08-03T05:56:27Z,3707212026-08-03,37072,2026-08-03,CANCELED,,
2026-08-03T05:56:27Z,0029522026-08-03,00295,2026-08-03,CANCELED,,
2026-08-03T05:56:27Z,0029512026-08-03,00295,2026-08-03,CANCELED,,
2026-08-03T05:56:27Z,3709522026-08-02,37095,2026-08-02,CANCELED,,
2026-08-03T05:56:27Z,3709512026-08-02,37095,2026-08-02,CANCELED,,
2026-08-03T05:56:27Z,3739512026-08-02,37395,2026-08-02,CANCELED,,
2026-08-03T05:56:27Z,0019222026-08-03,00192,2026-08-03,CANCELED,,
2026-08-03T05:56:27Z,0019212026-08-03,00192,2026-08-03,CANCELED,,
2026-08-03T05:56:27Z,3739212026-08-02,37392,2026-08-02,CANCELED,,
2026-08-03T05:56:27Z,3749222026-08-02,37492,2026-08-02,CANCELED,,
2026-08-03T05:56:27Z,3749212026-08-02,37492,2026-08-02,CANCELED,,
2026-08-03T05:56:27Z,1810222026-08-02,18102,2026-08-02,CANCELED,,
2026-08-03T05:56:27Z,1810232026-08-02,18102,2026-08-02,CANCELED,,
2026-08-03T05:56:27Z,1810242026-08-02,18102,2026-08-02,CANCELED,,
2026-08-03T05:56:27Z,1810512026-08-02,18105,2026-08-02,CANCELED,,
2026-08-03T05:56:27Z,3810512026-08-02,38105,2026-08-02,CANCELED,,
2026-08-03T06:01:55Z,0807512026-08-02,08075,2026-08-02,SCHEDULED,1020,17.0
2026-08-03T06:01:55Z,1300312026-08-02,13003,2026-08-02,SCHEDULED,660,11.0
2026-08-03T06:01:55Z,0807712026-08-02,08077,2026-08-02,SCHEDULED,300,5.0
2026-08-03T06:01:55Z,0807812026-08-02,08078,2026-08-02,SCHEDULED,-60,-1.0
2026-08-03T06:01:55Z,1303012026-08-02,13030,2026-08-02,SCHEDULED,180,3.0
2026-08-03T06:01:55Z,0808512026-08-02,08085,2026-08-02,SCHEDULED,60,1.0
2026-08-03T06:01:55Z,1304112026-08-02,13041,2026-08-02,SCHEDULED,720,12.0
2026-08-03T06:01:55Z,0827112026-08-02,08271,2026-08-02,SCHEDULED,0,0.0
2026-08-03T06:01:55Z,1300112026-08-02,13001,2026-08-02,SCHEDULED,360,6.0
2026-08-03T06:01:55Z,0827512026-08-02,08275,2026-08-02,SCHEDULED,180,3.0
2026-08-03T06:01:55Z,1308412026-08-02,13084,2026-08-02,SCHEDULED,900,15.0
2026-08-03T06:01:55Z,0827812026-08-02,08278,2026-08-02,SCHEDULED,0,0.0
2026-08-03T06:01:55Z,1395112026-08-02,13951,2026-08-02,SCHEDULED,180,3.0
2026-08-03T06:01:55Z,0828312026-08-02,08283,2026-08-02,SCHEDULED,120,2.0
2026-08-03T06:01:55Z,1320312026-08-02,13203,2026-08-02,SCHEDULED,120,2.0
2026-08-03T06:01:55Z,0847512026-08-02,08475,2026-08-02,SCHEDULED,360,6.0
2026-08-03T06:01:55Z,0866412026-08-02,08664,2026-08-02,SCHEDULED,-240,-4.0
2026-08-03T06:01:55Z,1320612026-08-02,13206,2026-08-02,SCHEDULED,0,0.0
2026-08-03T06:01:55Z,0907112026-08-02,09071,2026-08-02,SCHEDULED,360,6.0
2026-08-03T06:01:55Z,1390012026-08-02,13900,2026-08-02,SCHEDULED,300,5.0
2026-08-03T06:01:55Z,1390112026-08-02,13901,2026-08-02,SCHEDULED,-240,-4.0
2026-08-03T06:01:55Z,0907222026-08-02,09072,2026-08-02,SCHEDULED,-180,-3.0
2026-08-03T06:01:55Z,0907212026-08-02,09072,2026-08-02,SCHEDULED,-180,-3.0
2026-08-03T06:01:55Z,0907312026-08-02,09073,2026-08-02,SCHEDULED,0,0.0
2026-08-03T06:01:55Z,0908212026-08-02,09082,2026-08-02,SCHEDULED,-60,-1.0
2026-08-03T06:01:55Z,0207412026-08-03,02074,2026-08-03,SCHEDULED,0,0.0
2026-08-03T06:01:55Z,1412322026-08-03,14123,2026-08-03,SCHEDULED,-360,-6.0
2026-08-03T06:01:55Z,1412342026-08-02,14123,2026-08-02,SCHEDULED,-360,-6.0
2026-08-03T06:01:55Z,1412332026-08-02,14123,2026-08-02,SCHEDULED,-360,-6.0
2026-08-03T06:01:55Z,0109212026-08-02,01092,2026-08-02,SCHEDULED,660,11.0
2026-08-03T06:01:55Z,0507112026-08-02,05071,2026-08-02,SCHEDULED,-180,-3.0
2026-08-03T06:01:55Z,0029122026-08-03,00291,2026-08-03,SCHEDULED,-120,-2.0
2026-08-03T06:01:55Z,0029112026-08-03,00291,2026-08-03,SCHEDULED,-120,-2.0
2026-08-03T06:01:55Z,3560432026-08-02,35604,2026-08-02,SCHEDULED,120,2.0
2026-08-03T06:01:55Z,3560442026-08-02,35604,2026-08-02,SCHEDULED,120,2.0
2026-08-03T06:01:55Z,3560452026-08-02,35604,2026-08-02,SCHEDULED,120,2.0
2026-08-03T06:01:55Z,1451012026-08-02,14510,2026-08-02,SCHEDULED,720,12.0
2026-08-03T06:01:55Z,1500112026-08-02,15001,2026-08-02,SCHEDULED,-60,-1.0
2026-08-03T06:01:55Z,0309222026-08-02,03092,2026-08-02,SCHEDULED,60,1.0
2026-08-03T06:01:55Z,0309212026-08-02,03092,2026-08-02,SCHEDULED,60,1.0
2026-08-03T06:01:55Z,1500212026-08-02,15002,2026-08-02,SCHEDULED,360,6.0
2026-08-03T06:01:55Z,0527312026-08-02,05273,2026-08-02,SCHEDULED,-120,-2.0
2026-08-03T06:01:55Z,1500312026-08-02,15003,2026-08-02,SCHEDULED,-60,-1.0
2026-08-03T06:01:55Z,1504012026-08-02,15040,2026-08-02,SCHEDULED,1080,18.0
2026-08-03T06:01:55Z,0429522026-08-02,04295,2026-08-02,SCHEDULED,240,4.0
2026-08-03T06:01:55Z,0429512026-08-02,04295,2026-08-02,SCHEDULED,240,4.0
2026-08-03T06:01:55Z,1504112026-08-02,15041,2026-08-02,SCHEDULED,180,3.0
2026-08-03T06:01:55Z,0069712026-08-03,00697,2026-08-03,SCHEDULED,360,6.0
2026-08-03T06:01:55Z,1505012026-08-02,15050,2026-08-02,SCHEDULED,780,13.0
2026-08-03T06:01:55Z,1562112026-08-02,15621,2026-08-02,SCHEDULED,60,1.0
2026-08-03T06:01:55Z,0576312026-08-02,05763,2026-08-02,SCHEDULED,-60,-1.0
2026-08-03T06:01:55Z,0576322026-08-02,05763,2026-08-02,SCHEDULED,-60,-1.0
2026-08-03T06:01:55Z,0576332026-08-02,05763,2026-08-02,SCHEDULED,-60,-1.0
2026-08-03T06:01:55Z,1564512026-08-02,15645,2026-08-02,SCHEDULED,60,1.0
2026-08-03T06:01:55Z,0405612026-08-03,04056,2026-08-03,SCHEDULED,120,2.0
2026-08-03T06:01:55Z,1565012026-08-02,15650,2026-08-02,SCHEDULED,960,16.0
2026-08-03T06:01:55Z,1572012026-08-02,15720,2026-08-02,SCHEDULED,1320,22.0
2026-08-03T06:01:55Z,1572212026-08-02,15722,2026-08-02,SCHEDULED,420,7.0
2026-08-03T06:01:55Z,0418612026-08-03,04186,2026-08-03,SCHEDULED,240,4.0
2026-08-03T06:01:55Z,0418642026-08-03,04186,2026-08-03,SCHEDULED,240,4.0
2026-08-03T06:01:55Z,0418622026-08-03,04186,2026-08-03,SCHEDULED,240,4.0
2026-08-03T06:01:55Z,1575312026-08-02,15753,2026-08-02,SCHEDULED,0,0.0
2026-08-03T06:01:55Z,0408712026-08-03,04087,2026-08-03,SCHEDULED,960,16.0
2026-08-03T06:01:55Z,1577212026-08-02,15772,2026-08-02,SCHEDULED,300,5.0
2026-08-03T06:01:55Z,1577412026-08-02,15774,2026-08-02,SCHEDULED,60,1.0
2026-08-03T06:01:55Z,0029322026-08-03,00293,2026-08-03,SCHEDULED,960,16.0
2026-08-03T06:01:55Z,0029312026-08-03,00293,2026-08-03,SCHEDULED,960,16.0
2026-08-03T06:01:55Z,1585012026-08-02,15850,2026-08-02,SCHEDULED,120,2.0
2026-08-03T06:01:55Z,0407312026-08-03,04073,2026-08-03,SCHEDULED,-420,-7.0
2026-08-03T06:01:55Z,1585212026-08-02,15852,2026-08-02,SCHEDULED,-60,-1.0
2026-08-03T06:01:55Z,1210112026-08-02,12101,2026-08-02,SCHEDULED,0,0.0
2026-08-03T06:01:55Z,1590012026-08-02,15900,2026-08-02,SCHEDULED,1080,18.0
2026-08-03T06:01:55Z,1248012026-08-02,12480,2026-08-02,SCHEDULED,240,4.0
2026-08-03T06:01:55Z,1590412026-08-02,15904,2026-08-02,SCHEDULED,-60,-1.0
2026-08-03T06:01:55Z,1261312026-08-02,12613,2026-08-02,SCHEDULED,60,1.0
2026-08-03T06:01:55Z,1620712026-08-02,16207,2026-08-02,SCHEDULED,240,4.0
2026-08-03T06:01:55Z,1261112026-08-02,12611,2026-08-02,SCHEDULED,60,1.0
2026-08-03T06:01:55Z,1607112026-08-02,16071,2026-08-02,SCHEDULED,360,6.0
2026-08-03T06:01:55Z,1264112026-08-02,12641,2026-08-02,SCHEDULED,840,14.0
2026-08-03T06:01:55Z,1700812026-08-02,17008,2026-08-02,SCHEDULED,120,2.0
2026-08-03T06:01:55Z,1264412026-08-02,12644,2026-08-02,SCHEDULED,360,6.0
2026-08-03T06:01:55Z,1704212026-08-02,17042,2026-08-02,SCHEDULED,120,2.0
2026-08-03T06:01:55Z,1268012026-08-02,12680,2026-08-02,SCHEDULED,60,1.0
2026-08-03T06:01:55Z,1720112026-08-02,17201,2026-08-02,SCHEDULED,180,3.0
2026-08-03T06:01:55Z,1296112026-08-02,12961,2026-08-02,SCHEDULED,60,1.0
2026-08-03T06:01:55Z,1770312026-08-02,17703,2026-08-02,SCHEDULED,-120,-2.0
2026-08-03T06:01:55Z,1300012026-08-02,13000,2026-08-02,SCHEDULED,2940,49.0
2026-08-03T06:01:55Z,1780612026-08-02,17806,2026-08-02,SCHEDULED,180,3.0
2026-08-03T06:01:55Z,1300212026-08-02,13002,2026-08-02,SCHEDULED,360,6.0
2026-08-03T06:01:55Z,1800112026-08-02,18001,2026-08-02,SCHEDULED,0,0.0
2026-08-03T06:01:55Z,0411422026-08-03,04114,2026-08-03,SCHEDULED,180,3.0
2026-08-03T06:01:55Z,0411412026-08-03,04114,2026-08-03,SCHEDULED,180,3.0
2026-08-03T06:01:55Z,1802412026-08-02,18024,2026-08-02,SCHEDULED,0,0.0
2026-08-03T06:01:55Z,0060112026-08-03,00601,2026-08-03,SCHEDULED,-180,-3.0
2026-08-03T06:01:55Z,1803112026-08-02,18031,2026-08-02,SCHEDULED,480,8.0
2026-08-03T06:01:55Z,1804112026-08-02,18041,2026-08-02,SCHEDULED,240,4.0
2026-08-03T06:01:55Z,1804612026-08-02,18046,2026-08-02,SCHEDULED,300,5.0
2026-08-03T06:01:55Z,1805412026-08-02,18054,2026-08-02,SCHEDULED,0,0.0
2026-08-03T06:01:55Z,0062122026-08-03,00621,2026-08-03,SCHEDULED,60,1.0
2026-08-03T06:01:55Z,0062132026-08-03,00621,2026-08-03,SCHEDULED,60,1.0
2026-08-03T06:01:55Z,0062152026-08-03,00621,2026-08-03,SCHEDULED,60,1.0
2026-08-03T06:01:55Z,0062112026-08-03,00621,2026-08-03,SCHEDULED,60,1.0
2026-08-03T06:01:55Z,0062142026-08-03,00621,2026-08-03,SCHEDULED,60,1.0
2026-08-03T06:01:55Z,1807112026-08-02,18071,2026-08-02,SCHEDULED,780,13.0
2026-08-03T06:01:55Z,1807212026-08-02,18072,2026-08-02,SCHEDULED,120,2.0
2026-08-03T06:01:55Z,1807412026-08-02,18074,2026-08-02,SCHEDULED,300,5.0
2026-08-03T06:01:55Z,0063142026-08-03,00631,2026-08-03,SCHEDULED,180,3.0
2026-08-03T06:01:55Z,0063132026-08-03,00631,2026-08-03,SCHEDULED,180,3.0
2026-08-03T06:01:55Z,0063112026-08-03,00631,2026-08-03,SCHEDULED,180,3.0
2026-08-03T06:01:55Z,0063122026-08-03,00631,2026-08-03,SCHEDULED,180,3.0
2026-08-03T06:01:55Z,1800212026-08-02,18002,2026-08-02,SCHEDULED,420,7.0
2026-08-03T06:01:55Z,0075222026-08-03,00752,2026-08-03,SCHEDULED,600,10.0
2026-08-03T06:01:55Z,0075212026-08-03,00752,2026-08-03,SCHEDULED,600,10.0
2026-08-03T06:01:55Z,1806612026-08-02,18066,2026-08-02,SCHEDULED,60,1.0
2026-08-03T06:01:55Z,0107112026-08-02,01071,2026-08-02,SCHEDULED,0,0.0
2026-08-03T06:01:55Z,1812012026-08-02,18120,2026-08-02,SCHEDULED,2220,37.0
2026-08-03T06:01:55Z,0107212026-08-02,01072,2026-08-02,SCHEDULED,780,13.0
2026-08-03T06:01:55Z,1812112026-08-02,18121,2026-08-02,SCHEDULED,60,1.0
2026-08-03T06:01:55Z,1812312026-08-02,18123,2026-08-02,SCHEDULED,300,5.0
2026-08-03T06:01:55Z,0108122026-08-02,01081,2026-08-02,SCHEDULED,240,4.0
2026-08-03T06:01:55Z,0108112026-08-02,01081,2026-08-02,SCHEDULED,240,4.0
2026-08-03T06:01:55Z,1830012026-08-02,18300,2026-08-02,SCHEDULED,0,0.0
2026-08-03T06:01:55Z,0206112026-08-02,02061,2026-08-02,SCHEDULED,1260,21.0
2026-08-03T06:01:55Z,1832112026-08-02,18321,2026-08-02,SCHEDULED,300,5.0
2026-08-03T06:01:55Z,0206312026-08-02,02063,2026-08-02,SCHEDULED,300,5.0
2026-08-03T06:01:55Z,0206712026-08-02,02067,2026-08-02,SCHEDULED,60,1.0
2026-08-03T06:01:55Z,0207012026-08-02,02070,2026-08-02,SCHEDULED,240,4.0
2026-08-03T06:01:55Z,0207112026-08-02,02071,2026-08-02,SCHEDULED,180,3.0
2026-08-03T06:01:55Z,1801012026-08-02,18010,2026-08-02,SCHEDULED,120,2.0
2026-08-03T06:01:55Z,1801022026-08-02,18010,2026-08-02,SCHEDULED,120,2.0
2026-08-03T06:01:55Z,1801032026-08-02,18010,2026-08-02,SCHEDULED,120,2.0
2026-08-03T06:01:55Z,0207312026-08-02,02073,2026-08-02,SCHEDULED,420,7.0
2026-08-03T06:01:55Z,1890112026-08-02,18901,2026-08-02,SCHEDULED,180,3.0
2026-08-03T06:01:55Z,0207512026-08-03,02075,2026-08-03,SCHEDULED,540,9.0
2026-08-03T06:01:55Z,1890012026-08-02,18900,2026-08-02,SCHEDULED,180,3.0
2026-08-03T06:01:55Z,0207212026-08-02,02072,2026-08-02,SCHEDULED,-60,-1.0
2026-08-03T06:01:55Z,1891012026-08-02,18910,2026-08-02,SCHEDULED,660,11.0
2026-08-03T06:01:55Z,0208312026-08-02,02083,2026-08-02,SCHEDULED,120,2.0
2026-08-03T06:01:55Z,1443012026-08-02,14430,2026-08-02,SCHEDULED,-300,-5.0
2026-08-03T06:01:55Z,1530912026-08-02,15309,2026-08-02,SCHEDULED,300,5.0
2026-08-03T06:01:55Z,1503022026-08-02,15030,2026-08-02,SCHEDULED,60,1.0
2026-08-03T06:01:55Z,1503112026-08-02,15031,2026-08-02,SCHEDULED,300,5.0
2026-08-03T06:01:55Z,0306242026-08-02,03062,2026-08-02,SCHEDULED,-240,-4.0
2026-08-03T06:01:55Z,0306232026-08-02,03062,2026-08-02,SCHEDULED,-240,-4.0
2026-08-03T06:01:55Z,0306212026-08-02,03062,2026-08-02,SCHEDULED,-240,-4.0
2026-08-03T06:01:55Z,0306222026-08-02,03062,2026-08-02,SCHEDULED,-240,-4.0
2026-08-03T06:01:55Z,1600012026-08-02,16000,2026-08-02,SCHEDULED,420,7.0
2026-08-03T06:01:55Z,1447112026-08-02,14471,2026-08-02,SCHEDULED,60,1.0
2026-08-03T06:01:55Z,0307322026-08-02,03073,2026-08-02,SCHEDULED,600,10.0
2026-08-03T06:01:55Z,0307312026-08-02,03073,2026-08-02,SCHEDULED,600,10.0
2026-08-03T06:01:55Z,1702112026-08-02,17021,2026-08-02,SCHEDULED,0,0.0
2026-08-03T06:01:55Z,1702122026-08-02,17021,2026-08-02,SCHEDULED,0,0.0
2026-08-03T06:01:55Z,1702132026-08-02,17021,2026-08-02,SCHEDULED,0,0.0
2026-08-03T06:01:55Z,0306242026-08-02,03062,2026-08-02,SCHEDULED,480,8.0
2026-08-03T06:01:55Z,0306232026-08-02,03062,2026-08-02,SCHEDULED,480,8.0
2026-08-03T06:01:55Z,0306212026-08-02,03062,2026-08-02,SCHEDULED,480,8.0
2026-08-03T06:01:55Z,0306222026-08-02,03062,2026-08-02,SCHEDULED,480,8.0
2026-08-03T06:01:55Z,0807922026-08-02,08079,2026-08-02,SCHEDULED,0,0.0
2026-08-03T06:01:55Z,1401812026-08-02,14018,2026-08-02,SCHEDULED,720,12.0
2026-08-03T06:01:55Z,0947012026-08-02,09470,2026-08-02,SCHEDULED,0,0.0
2026-08-03T06:01:55Z,0331112026-08-02,03311,2026-08-02,SCHEDULED,-120,-2.0
2026-08-03T06:01:55Z,0331122026-08-02,03311,2026-08-02,SCHEDULED,-120,-2.0
2026-08-03T06:01:55Z,0331132026-08-02,03311,2026-08-02,SCHEDULED,-120,-2.0
2026-08-03T06:01:55Z,1877312026-08-02,18773,2026-08-02,SCHEDULED,-120,-2.0
2026-08-03T06:01:55Z,0891512026-08-02,08915,2026-08-02,SCHEDULED,60,1.0
2026-08-03T06:01:55Z,0366222026-08-02,03662,2026-08-02,SCHEDULED,120,2.0
2026-08-03T06:01:55Z,0366212026-08-02,03662,2026-08-02,SCHEDULED,120,2.0
2026-08-03T06:01:55Z,0406012026-08-02,04060,2026-08-02,SCHEDULED,120,2.0
2026-08-03T06:01:55Z,1833112026-08-02,18331,2026-08-02,SCHEDULED,600,10.0
2026-08-03T06:01:55Z,0948012026-08-02,09480,2026-08-02,SCHEDULED,120,2.0
2026-08-03T06:01:55Z,0408822026-08-03,04088,2026-08-03,SCHEDULED,0,0.0
2026-08-03T06:01:55Z,7180012026-08-02,71800,2026-08-02,SCHEDULED,0,0.0
2026-08-03T06:01:55Z,7182012026-08-02,71820,2026-08-02,SCHEDULED,0,0.0
2026-08-03T06:01:55Z,0407222026-08-03,04072,2026-08-03,SCHEDULED,1140,19.0
2026-08-03T06:01:55Z,0407212026-08-03,04072,2026-08-03,SCHEDULED,1140,19.0
2026-08-03T06:01:55Z,7183012026-08-02,71830,2026-08-02,SCHEDULED,120,2.0
2026-08-03T06:01:55Z,0446412026-08-02,04464,2026-08-02,SCHEDULED,600,10.0
2026-08-03T06:01:55Z,7183112026-08-02,71831,2026-08-02,SCHEDULED,0,0.0
2026-08-03T06:01:55Z,0415422026-08-02,04154,2026-08-02,SCHEDULED,780,13.0
2026-08-03T06:01:55Z,0415412026-08-02,04154,2026-08-02,SCHEDULED,780,13.0
2026-08-03T06:01:55Z,0436422026-08-02,04364,2026-08-02,SCHEDULED,60,1.0
2026-08-03T06:01:55Z,0436412026-08-02,04364,2026-08-02,SCHEDULED,60,1.0
2026-08-03T06:01:55Z,0506312026-08-02,05063,2026-08-02,SCHEDULED,-180,-3.0
2026-08-03T06:01:55Z,0506422026-08-02,05064,2026-08-02,SCHEDULED,60,1.0
2026-08-03T06:01:55Z,0506412026-08-02,05064,2026-08-02,SCHEDULED,60,1.0
2026-08-03T06:01:55Z,0506522026-08-02,05065,2026-08-02,SCHEDULED,300,5.0
2026-08-03T06:01:55Z,0506512026-08-02,05065,2026-08-02,SCHEDULED,300,5.0
2026-08-03T06:01:55Z,0507012026-08-02,05070,2026-08-02,SCHEDULED,300,5.0
2026-08-03T06:01:55Z,0507212026-08-02,05072,2026-08-02,SCHEDULED,-120,-2.0
2026-08-03T06:01:55Z,0509222026-08-02,05092,2026-08-02,SCHEDULED,0,0.0
2026-08-03T06:01:55Z,0509212026-08-02,05092,2026-08-02,SCHEDULED,0,0.0
2026-08-03T06:01:55Z,0508012026-08-02,05080,2026-08-02,SCHEDULED,-120,-2.0
2026-08-03T06:01:55Z,0508032026-08-02,05080,2026-08-02,SCHEDULED,-120,-2.0
2026-08-03T06:01:55Z,0508022026-08-02,05080,2026-08-02,SCHEDULED,-120,-2.0
2026-08-03T06:01:55Z,0566812026-08-02,05668,2026-08-02,SCHEDULED,60,1.0
2026-08-03T06:01:55Z,0587112026-08-02,05871,2026-08-02,SCHEDULED,420,7.0
2026-08-03T06:01:55Z,0807112026-08-02,08071,2026-08-02,SCHEDULED,240,4.0
2026-08-03T06:01:55Z,0807212026-08-02,08072,2026-08-02,SCHEDULED,300,5.0
2026-08-03T06:01:55Z,1565712026-08-02,15657,2026-08-02,CANCELED,,
2026-08-03T06:01:55Z,1705212026-08-02,17052,2026-08-02,CANCELED,,
2026-08-03T06:01:55Z,1721812026-08-02,17218,2026-08-02,CANCELED,,
2026-08-03T06:01:55Z,3821812026-08-02,38218,2026-08-02,CANCELED,,
2026-08-03T06:01:55Z,1722112026-08-02,17221,2026-08-02,CANCELED,,
2026-08-03T06:01:55Z,3822112026-08-02,38221,2026-08-02,CANCELED,,
2026-08-03T06:01:55Z,1750312026-08-02,17503,2026-08-02,CANCELED,,
2026-08-03T06:01:55Z,1821412026-08-02,18214,2026-08-02,CANCELED,,
2026-08-03T06:01:55Z,1821512026-08-02,18215,2026-08-02,CANCELED,,
2026-08-03T06:01:55Z,1260812026-08-02,12608,2026-08-02,CANCELED,,
2026-08-03T06:01:55Z,1810132026-08-02,18101,2026-08-02,CANCELED,,
2026-08-03T06:01:55Z,1810142026-08-02,18101,2026-08-02,CANCELED,,
2026-08-03T06:01:55Z,1810152026-08-02,18101,2026-08-02,CANCELED,,
2026-08-03T06:01:55Z,1261412026-08-02,12614,2026-08-02,CANCELED,,
2026-08-03T06:01:55Z,1260712026-08-02,12607,2026-08-02,CANCELED,,
2026-08-03T06:01:55Z,1260712026-08-02,12607,2026-08-02,CANCELED,,
2026-08-03T06:01:55Z,1307912026-08-02,13079,2026-08-02,CANCELED,,
2026-08-03T06:01:55Z,1390412026-08-02,13904,2026-08-02,CANCELED,,
2026-08-03T06:01:55Z,3890412026-08-02,38904,2026-08-02,CANCELED,,
2026-08-03T06:01:55Z,0407222026-08-03,04072,2026-08-03,CANCELED,,
2026-08-03T06:01:55Z,0407212026-08-03,04072,2026-08-03,CANCELED,,
2026-08-03T06:01:55Z,3707212026-08-03,37072,2026-08-03,CANCELED,,
2026-08-03T06:01:55Z,0029522026-08-03,00295,2026-08-03,CANCELED,,
2026-08-03T06:01:55Z,0029512026-08-03,00295,2026-08-03,CANCELED,,
2026-08-03T06:01:55Z,3709522026-08-02,37095,2026-08-02,CANCELED,,
2026-08-03T06:01:55Z,3709512026-08-02,37095,2026-08-02,CANCELED,,
2026-08-03T06:01:55Z,3739512026-08-02,37395,2026-08-02,CANCELED,,
2026-08-03T06:01:55Z,0019222026-08-03,00192,2026-08-03,CANCELED,,
2026-08-03T06:01:55Z,0019212026-08-03,00192,2026-08-03,CANCELED,,
2026-08-03T06:01:55Z,3739212026-08-02,37392,2026-08-02,CANCELED,,
2026-08-03T06:01:55Z,3749222026-08-02,37492,2026-08-02,CANCELED,,
2026-08-03T06:01:55Z,3749212026-08-02,37492,2026-08-02,CANCELED,,
2026-08-03T06:01:55Z,1810222026-08-02,18102,2026-08-02,CANCELED,,
2026-08-03T06:01:55Z,1810232026-08-02,18102,2026-08-02,CANCELED,,
2026-08-03T06:01:55Z,1810242026-08-02,18102,2026-08-02,CANCELED,,
2026-08-03T06:01:55Z,1810512026-08-02,18105,2026-08-02,CANCELED,,
2026-08-03T06:01:55Z,3810512026-08-02,38105,2026-08-02,CANCELED,,
2026-08-03T06:06:28Z,1300212026-08-02,13002,2026-08-02,SCHEDULED,360,6.0
2026-08-03T06:06:28Z,0807112026-08-02,08071,2026-08-02,SCHEDULED,120,2.0
2026-08-03T06:06:28Z,0807212026-08-02,08072,2026-08-02,SCHEDULED,180,3.0
2026-08-03T06:06:28Z,1300312026-08-02,13003,2026-08-02,SCHEDULED,660,11.0
2026-08-03T06:06:28Z,0807512026-08-02,08075,2026-08-02,SCHEDULED,1080,18.0
2026-08-03T06:06:28Z,1303012026-08-02,13030,2026-08-02,SCHEDULED,180,3.0
2026-08-03T06:06:28Z,0807712026-08-02,08077,2026-08-02,SCHEDULED,240,4.0
2026-08-03T06:06:28Z,1304112026-08-02,13041,2026-08-02,SCHEDULED,840,14.0
2026-08-03T06:06:28Z,0807812026-08-02,08078,2026-08-02,SCHEDULED,0,0.0
2026-08-03T06:06:28Z,1300112026-08-02,13001,2026-08-02,SCHEDULED,420,7.0
2026-08-03T06:06:28Z,0808512026-08-02,08085,2026-08-02,SCHEDULED,60,1.0
2026-08-03T06:06:28Z,1308412026-08-02,13084,2026-08-02,SCHEDULED,900,15.0
2026-08-03T06:06:28Z,0827112026-08-02,08271,2026-08-02,SCHEDULED,0,0.0
2026-08-03T06:06:28Z,1395112026-08-02,13951,2026-08-02,SCHEDULED,180,3.0
2026-08-03T06:06:28Z,0827512026-08-02,08275,2026-08-02,SCHEDULED,180,3.0
2026-08-03T06:06:28Z,1320312026-08-02,13203,2026-08-02,SCHEDULED,180,3.0
2026-08-03T06:06:28Z,0827812026-08-02,08278,2026-08-02,SCHEDULED,0,0.0
2026-08-03T06:06:28Z,1320612026-08-02,13206,2026-08-02,SCHEDULED,0,0.0
2026-08-03T06:06:28Z,0828312026-08-02,08283,2026-08-02,SCHEDULED,240,4.0
2026-08-03T06:06:28Z,1390012026-08-02,13900,2026-08-02,SCHEDULED,420,7.0
2026-08-03T06:06:28Z,0847512026-08-02,08475,2026-08-02,SCHEDULED,180,3.0
2026-08-03T06:06:28Z,1390112026-08-02,13901,2026-08-02,SCHEDULED,0,0.0
2026-08-03T06:06:28Z,0866412026-08-02,08664,2026-08-02,SCHEDULED,-420,-7.0
2026-08-03T06:06:28Z,0907112026-08-02,09071,2026-08-02,SCHEDULED,360,6.0
2026-08-03T06:06:28Z,0907222026-08-02,09072,2026-08-02,SCHEDULED,0,0.0
2026-08-03T06:06:28Z,0907212026-08-02,09072,2026-08-02,SCHEDULED,0,0.0
2026-08-03T06:06:28Z,1412322026-08-03,14123,2026-08-03,SCHEDULED,-360,-6.0
2026-08-03T06:06:28Z,1412342026-08-02,14123,2026-08-02,SCHEDULED,-360,-6.0
2026-08-03T06:06:28Z,1412332026-08-02,14123,2026-08-02,SCHEDULED,-360,-6.0
2026-08-03T06:06:28Z,0907312026-08-02,09073,2026-08-02,SCHEDULED,0,0.0
2026-08-03T06:06:28Z,0908212026-08-02,09082,2026-08-02,SCHEDULED,-60,-1.0
2026-08-03T06:06:28Z,0207412026-08-03,02074,2026-08-03,SCHEDULED,60,1.0
2026-08-03T06:06:28Z,0109212026-08-02,01092,2026-08-02,SCHEDULED,600,10.0
2026-08-03T06:06:28Z,3560432026-08-02,35604,2026-08-02,SCHEDULED,60,1.0
2026-08-03T06:06:28Z,3560442026-08-02,35604,2026-08-02,SCHEDULED,60,1.0
2026-08-03T06:06:28Z,3560452026-08-02,35604,2026-08-02,SCHEDULED,60,1.0
2026-08-03T06:06:28Z,0507112026-08-02,05071,2026-08-02,SCHEDULED,-120,-2.0
2026-08-03T06:06:28Z,1451012026-08-02,14510,2026-08-02,SCHEDULED,420,7.0
2026-08-03T06:06:28Z,1500112026-08-02,15001,2026-08-02,SCHEDULED,-60,-1.0
2026-08-03T06:06:28Z,0029122026-08-03,00291,2026-08-03,SCHEDULED,-120,-2.0
2026-08-03T06:06:28Z,0029112026-08-03,00291,2026-08-03,SCHEDULED,-120,-2.0
2026-08-03T06:06:28Z,1500212026-08-02,15002,2026-08-02,SCHEDULED,360,6.0
2026-08-03T06:06:28Z,1500312026-08-02,15003,2026-08-02,SCHEDULED,0,0.0
2026-08-03T06:06:28Z,0309222026-08-02,03092,2026-08-02,SCHEDULED,60,1.0
2026-08-03T06:06:28Z,0309212026-08-02,03092,2026-08-02,SCHEDULED,60,1.0
2026-08-03T06:06:28Z,1504012026-08-02,15040,2026-08-02,SCHEDULED,1080,18.0
2026-08-03T06:06:28Z,1504112026-08-02,15041,2026-08-02,SCHEDULED,240,4.0
2026-08-03T06:06:28Z,0527312026-08-02,05273,2026-08-02,SCHEDULED,-120,-2.0
2026-08-03T06:06:28Z,1505012026-08-02,15050,2026-08-02,SCHEDULED,780,13.0
2026-08-03T06:06:28Z,0429522026-08-02,04295,2026-08-02,SCHEDULED,240,4.0
2026-08-03T06:06:28Z,0429512026-08-02,04295,2026-08-02,SCHEDULED,240,4.0
2026-08-03T06:06:28Z,1563212026-08-02,15632,2026-08-02,SCHEDULED,0,0.0
2026-08-03T06:06:28Z,0069712026-08-03,00697,2026-08-03,SCHEDULED,360,6.0
2026-08-03T06:06:28Z,1562112026-08-02,15621,2026-08-02,SCHEDULED,60,1.0
2026-08-03T06:06:28Z,1564512026-08-02,15645,2026-08-02,SCHEDULED,60,1.0
2026-08-03T06:06:28Z,1565012026-08-02,15650,2026-08-02,SCHEDULED,960,16.0
2026-08-03T06:06:28Z,0576312026-08-02,05763,2026-08-02,SCHEDULED,0,0.0
2026-08-03T06:06:28Z,0576322026-08-02,05763,2026-08-02,SCHEDULED,0,0.0
2026-08-03T06:06:28Z,0576332026-08-02,05763,2026-08-02,SCHEDULED,0,0.0
2026-08-03T06:06:28Z,1572012026-08-02,15720,2026-08-02,SCHEDULED,1260,21.0
2026-08-03T06:06:28Z,0405612026-08-03,04056,2026-08-03,SCHEDULED,180,3.0
2026-08-03T06:06:28Z,1572212026-08-02,15722,2026-08-02,SCHEDULED,480,8.0
2026-08-03T06:06:28Z,1575312026-08-02,15753,2026-08-02,SCHEDULED,0,0.0
2026-08-03T06:06:28Z,1577212026-08-02,15772,2026-08-02,SCHEDULED,900,15.0
2026-08-03T06:06:28Z,0418612026-08-03,04186,2026-08-03,SCHEDULED,120,2.0
2026-08-03T06:06:28Z,0418642026-08-03,04186,2026-08-03,SCHEDULED,120,2.0
2026-08-03T06:06:28Z,0418622026-08-03,04186,2026-08-03,SCHEDULED,120,2.0
2026-08-03T06:06:28Z,1577412026-08-02,15774,2026-08-02,SCHEDULED,60,1.0
2026-08-03T06:06:28Z,0408712026-08-03,04087,2026-08-03,SCHEDULED,900,15.0
2026-08-03T06:06:28Z,1585012026-08-02,15850,2026-08-02,SCHEDULED,60,1.0
2026-08-03T06:06:28Z,1585212026-08-02,15852,2026-08-02,SCHEDULED,-60,-1.0
2026-08-03T06:06:28Z,0029322026-08-03,00293,2026-08-03,SCHEDULED,960,16.0
2026-08-03T06:06:28Z,0029312026-08-03,00293,2026-08-03,SCHEDULED,960,16.0
2026-08-03T06:06:28Z,1590012026-08-02,15900,2026-08-02,SCHEDULED,1200,20.0
2026-08-03T06:06:28Z,1590412026-08-02,15904,2026-08-02,SCHEDULED,-120,-2.0
2026-08-03T06:06:28Z,0407312026-08-03,04073,2026-08-03,SCHEDULED,0,0.0
2026-08-03T06:06:28Z,1620712026-08-02,16207,2026-08-02,SCHEDULED,180,3.0
2026-08-03T06:06:28Z,1607112026-08-02,16071,2026-08-02,SCHEDULED,360,6.0
2026-08-03T06:06:28Z,1210112026-08-02,12101,2026-08-02,SCHEDULED,600,10.0
2026-08-03T06:06:28Z,1700812026-08-02,17008,2026-08-02,SCHEDULED,240,4.0
2026-08-03T06:06:28Z,1248012026-08-02,12480,2026-08-02,SCHEDULED,360,6.0
2026-08-03T06:06:28Z,1704212026-08-02,17042,2026-08-02,SCHEDULED,120,2.0
2026-08-03T06:06:28Z,1261312026-08-02,12613,2026-08-02,SCHEDULED,180,3.0
2026-08-03T06:06:28Z,1720112026-08-02,17201,2026-08-02,SCHEDULED,240,4.0
2026-08-03T06:06:28Z,1261112026-08-02,12611,2026-08-02,SCHEDULED,60,1.0
2026-08-03T06:06:28Z,1770312026-08-02,17703,2026-08-02,SCHEDULED,-120,-2.0
2026-08-03T06:06:28Z,1264112026-08-02,12641,2026-08-02,SCHEDULED,840,14.0
2026-08-03T06:06:28Z,1780612026-08-02,17806,2026-08-02,SCHEDULED,180,3.0
2026-08-03T06:06:28Z,1264412026-08-02,12644,2026-08-02,SCHEDULED,360,6.0
2026-08-03T06:06:28Z,1800112026-08-02,18001,2026-08-02,SCHEDULED,60,1.0
2026-08-03T06:06:28Z,1268012026-08-02,12680,2026-08-02,SCHEDULED,60,1.0
2026-08-03T06:06:28Z,1296112026-08-02,12961,2026-08-02,SCHEDULED,0,0.0
2026-08-03T06:06:28Z,1802412026-08-02,18024,2026-08-02,SCHEDULED,0,0.0
2026-08-03T06:06:28Z,1300012026-08-02,13000,2026-08-02,SCHEDULED,2940,49.0
2026-08-03T06:06:28Z,1803112026-08-02,18031,2026-08-02,SCHEDULED,360,6.0
2026-08-03T06:06:28Z,1804112026-08-02,18041,2026-08-02,SCHEDULED,240,4.0
2026-08-03T06:06:28Z,1805412026-08-02,18054,2026-08-02,SCHEDULED,0,0.0
2026-08-03T06:06:28Z,0411422026-08-03,04114,2026-08-03,SCHEDULED,60,1.0
2026-08-03T06:06:28Z,0411412026-08-03,04114,2026-08-03,SCHEDULED,60,1.0
2026-08-03T06:06:28Z,1807112026-08-02,18071,2026-08-02,SCHEDULED,960,16.0
2026-08-03T06:06:28Z,0060112026-08-03,00601,2026-08-03,SCHEDULED,-180,-3.0
2026-08-03T06:06:28Z,1807212026-08-02,18072,2026-08-02,SCHEDULED,120,2.0
2026-08-03T06:06:28Z,1807412026-08-02,18074,2026-08-02,SCHEDULED,360,6.0
2026-08-03T06:06:28Z,1800212026-08-02,18002,2026-08-02,SCHEDULED,480,8.0
2026-08-03T06:06:28Z,0062122026-08-03,00621,2026-08-03,SCHEDULED,60,1.0
2026-08-03T06:06:28Z,0062132026-08-03,00621,2026-08-03,SCHEDULED,60,1.0
2026-08-03T06:06:28Z,0062152026-08-03,00621,2026-08-03,SCHEDULED,60,1.0
2026-08-03T06:06:28Z,0062112026-08-03,00621,2026-08-03,SCHEDULED,60,1.0
2026-08-03T06:06:28Z,0062142026-08-03,00621,2026-08-03,SCHEDULED,60,1.0
2026-08-03T06:06:28Z,1806612026-08-02,18066,2026-08-02,SCHEDULED,120,2.0
2026-08-03T06:06:28Z,1812012026-08-02,18120,2026-08-02,SCHEDULED,2220,37.0
2026-08-03T06:06:28Z,1812112026-08-02,18121,2026-08-02,SCHEDULED,60,1.0
2026-08-03T06:06:28Z,1812312026-08-02,18123,2026-08-02,SCHEDULED,300,5.0
2026-08-03T06:06:28Z,0063142026-08-03,00631,2026-08-03,SCHEDULED,240,4.0
2026-08-03T06:06:28Z,0063132026-08-03,00631,2026-08-03,SCHEDULED,240,4.0
2026-08-03T06:06:28Z,0063112026-08-03,00631,2026-08-03,SCHEDULED,240,4.0
2026-08-03T06:06:28Z,0063122026-08-03,00631,2026-08-03,SCHEDULED,240,4.0
2026-08-03T06:06:28Z,1830012026-08-02,18300,2026-08-02,SCHEDULED,-60,-1.0
2026-08-03T06:06:28Z,0075222026-08-03,00752,2026-08-03,SCHEDULED,600,10.0
2026-08-03T06:06:28Z,0075212026-08-03,00752,2026-08-03,SCHEDULED,600,10.0
2026-08-03T06:06:28Z,1832112026-08-02,18321,2026-08-02,SCHEDULED,300,5.0
2026-08-03T06:06:28Z,0107112026-08-02,01071,2026-08-02,SCHEDULED,360,6.0
2026-08-03T06:06:28Z,0107212026-08-02,01072,2026-08-02,SCHEDULED,720,12.0
2026-08-03T06:06:28Z,1801012026-08-02,18010,2026-08-02,SCHEDULED,180,3.0
2026-08-03T06:06:28Z,1801022026-08-02,18010,2026-08-02,SCHEDULED,180,3.0
2026-08-03T06:06:28Z,1801032026-08-02,18010,2026-08-02,SCHEDULED,180,3.0
2026-08-03T06:06:28Z,0108122026-08-02,01081,2026-08-02,SCHEDULED,240,4.0
2026-08-03T06:06:28Z,0108112026-08-02,01081,2026-08-02,SCHEDULED,240,4.0
2026-08-03T06:06:28Z,1890112026-08-02,18901,2026-08-02,SCHEDULED,240,4.0
2026-08-03T06:06:28Z,0206112026-08-02,02061,2026-08-02,SCHEDULED,1260,21.0
2026-08-03T06:06:28Z,1890012026-08-02,18900,2026-08-02,SCHEDULED,180,3.0
2026-08-03T06:06:28Z,0206312026-08-02,02063,2026-08-02,SCHEDULED,300,5.0
2026-08-03T06:06:28Z,1891012026-08-02,18910,2026-08-02,SCHEDULED,660,11.0
2026-08-03T06:06:28Z,0206712026-08-02,02067,2026-08-02,SCHEDULED,300,5.0
2026-08-03T06:06:28Z,1530912026-08-02,15309,2026-08-02,SCHEDULED,300,5.0
2026-08-03T06:06:28Z,0207012026-08-02,02070,2026-08-02,SCHEDULED,240,4.0
2026-08-03T06:06:28Z,1503022026-08-02,15030,2026-08-02,SCHEDULED,60,1.0
2026-08-03T06:06:28Z,0207112026-08-02,02071,2026-08-02,SCHEDULED,300,5.0
2026-08-03T06:06:28Z,1503112026-08-02,15031,2026-08-02,SCHEDULED,300,5.0
2026-08-03T06:06:28Z,0207312026-08-02,02073,2026-08-02,SCHEDULED,420,7.0
2026-08-03T06:06:28Z,1503212026-08-02,15032,2026-08-02,SCHEDULED,0,0.0
2026-08-03T06:06:28Z,0207512026-08-03,02075,2026-08-03,SCHEDULED,720,12.0
2026-08-03T06:06:28Z,1600012026-08-02,16000,2026-08-02,SCHEDULED,360,6.0
2026-08-03T06:06:28Z,0207212026-08-02,02072,2026-08-02,SCHEDULED,-180,-3.0
2026-08-03T06:06:28Z,1447112026-08-02,14471,2026-08-02,SCHEDULED,0,0.0
2026-08-03T06:06:28Z,0208012026-08-02,02080,2026-08-02,SCHEDULED,60,1.0
2026-08-03T06:06:28Z,0208312026-08-02,02083,2026-08-02,SCHEDULED,180,3.0
2026-08-03T06:06:28Z,1702112026-08-02,17021,2026-08-02,SCHEDULED,0,0.0
2026-08-03T06:06:28Z,1702122026-08-02,17021,2026-08-02,SCHEDULED,0,0.0
2026-08-03T06:06:28Z,1702132026-08-02,17021,2026-08-02,SCHEDULED,0,0.0
2026-08-03T06:06:28Z,0228512026-08-03,02285,2026-08-03,SCHEDULED,180,3.0
2026-08-03T06:06:28Z,0807922026-08-02,08079,2026-08-02,SCHEDULED,-120,-2.0
2026-08-03T06:06:28Z,1402012026-08-02,14020,2026-08-02,SCHEDULED,180,3.0
2026-08-03T06:06:28Z,1401812026-08-02,14018,2026-08-02,SCHEDULED,780,13.0
2026-08-03T06:06:28Z,0947012026-08-02,09470,2026-08-02,SCHEDULED,0,0.0
2026-08-03T06:06:28Z,0306242026-08-02,03062,2026-08-02,SCHEDULED,-60,-1.0
2026-08-03T06:06:28Z,0306232026-08-02,03062,2026-08-02,SCHEDULED,-60,-1.0
2026-08-03T06:06:28Z,0306212026-08-02,03062,2026-08-02,SCHEDULED,-60,-1.0
2026-08-03T06:06:28Z,0306222026-08-02,03062,2026-08-02,SCHEDULED,-60,-1.0
2026-08-03T06:06:28Z,1877312026-08-02,18773,2026-08-02,SCHEDULED,-120,-2.0
2026-08-03T06:06:28Z,0891512026-08-02,08915,2026-08-02,SCHEDULED,60,1.0
2026-08-03T06:06:28Z,0307322026-08-02,03073,2026-08-02,SCHEDULED,540,9.0
2026-08-03T06:06:28Z,0307312026-08-02,03073,2026-08-02,SCHEDULED,540,9.0
2026-08-03T06:06:28Z,0308212026-08-02,03082,2026-08-02,SCHEDULED,0,0.0
2026-08-03T06:06:28Z,1833112026-08-02,18331,2026-08-02,SCHEDULED,600,10.0
2026-08-03T06:06:28Z,0948012026-08-02,09480,2026-08-02,SCHEDULED,60,1.0
2026-08-03T06:06:28Z,7180012026-08-02,71800,2026-08-02,SCHEDULED,0,0.0
2026-08-03T06:06:28Z,7182012026-08-02,71820,2026-08-02,SCHEDULED,0,0.0
2026-08-03T06:06:28Z,0306242026-08-02,03062,2026-08-02,SCHEDULED,480,8.0
2026-08-03T06:06:28Z,0306232026-08-02,03062,2026-08-02,SCHEDULED,480,8.0
2026-08-03T06:06:28Z,0306212026-08-02,03062,2026-08-02,SCHEDULED,480,8.0
2026-08-03T06:06:28Z,0306222026-08-02,03062,2026-08-02,SCHEDULED,480,8.0
2026-08-03T06:06:28Z,7183012026-08-02,71830,2026-08-02,SCHEDULED,120,2.0
2026-08-03T06:06:28Z,7183112026-08-02,71831,2026-08-02,SCHEDULED,0,0.0
2026-08-03T06:06:28Z,0331112026-08-02,03311,2026-08-02,SCHEDULED,-180,-3.0
2026-08-03T06:06:28Z,0331122026-08-02,03311,2026-08-02,SCHEDULED,-180,-3.0
2026-08-03T06:06:28Z,0331132026-08-02,03311,2026-08-02,SCHEDULED,-180,-3.0
2026-08-03T06:06:28Z,0366222026-08-02,03662,2026-08-02,SCHEDULED,180,3.0
2026-08-03T06:06:28Z,0366212026-08-02,03662,2026-08-02,SCHEDULED,180,3.0
2026-08-03T06:06:28Z,0406012026-08-02,04060,2026-08-02,SCHEDULED,60,1.0
2026-08-03T06:06:28Z,0408822026-08-03,04088,2026-08-03,SCHEDULED,0,0.0
2026-08-03T06:06:28Z,0407222026-08-03,04072,2026-08-03,SCHEDULED,1440,24.0
2026-08-03T06:06:28Z,0407212026-08-03,04072,2026-08-03,SCHEDULED,1440,24.0
2026-08-03T06:06:28Z,0446412026-08-02,04464,2026-08-02,SCHEDULED,600,10.0
2026-08-03T06:06:28Z,0415422026-08-02,04154,2026-08-02,SCHEDULED,780,13.0
2026-08-03T06:06:28Z,0415412026-08-02,04154,2026-08-02,SCHEDULED,780,13.0
2026-08-03T06:06:28Z,0436422026-08-02,04364,2026-08-02,SCHEDULED,0,0.0
2026-08-03T06:06:28Z,0436412026-08-02,04364,2026-08-02,SCHEDULED,0,0.0
2026-08-03T06:06:28Z,0506312026-08-02,05063,2026-08-02,SCHEDULED,-180,-3.0
2026-08-03T06:06:28Z,0506422026-08-02,05064,2026-08-02,SCHEDULED,60,1.0
2026-08-03T06:06:28Z,0506412026-08-02,05064,2026-08-02,SCHEDULED,60,1.0
2026-08-03T06:06:28Z,0506522026-08-02,05065,2026-08-02,SCHEDULED,300,5.0
2026-08-03T06:06:28Z,0506512026-08-02,05065,2026-08-02,SCHEDULED,300,5.0
2026-08-03T06:06:28Z,0507012026-08-02,05070,2026-08-02,SCHEDULED,300,5.0
2026-08-03T06:06:28Z,0507212026-08-02,05072,2026-08-02,SCHEDULED,-120,-2.0
2026-08-03T06:06:28Z,0509222026-08-02,05092,2026-08-02,SCHEDULED,0,0.0
2026-08-03T06:06:28Z,0509212026-08-02,05092,2026-08-02,SCHEDULED,0,0.0
2026-08-03T06:06:28Z,0508012026-08-02,05080,2026-08-02,SCHEDULED,-120,-2.0
2026-08-03T06:06:28Z,0508032026-08-02,05080,2026-08-02,SCHEDULED,-120,-2.0
2026-08-03T06:06:28Z,0508022026-08-02,05080,2026-08-02,SCHEDULED,-120,-2.0
2026-08-03T06:06:28Z,0566812026-08-02,05668,2026-08-02,SCHEDULED,60,1.0
2026-08-03T06:06:28Z,0587112026-08-02,05871,2026-08-02,SCHEDULED,420,7.0
2026-08-03T06:06:28Z,1565712026-08-02,15657,2026-08-02,CANCELED,,
2026-08-03T06:06:28Z,1705212026-08-02,17052,2026-08-02,CANCELED,,
2026-08-03T06:06:28Z,1721812026-08-02,17218,2026-08-02,CANCELED,,
2026-08-03T06:06:28Z,3821812026-08-02,38218,2026-08-02,CANCELED,,
2026-08-03T06:06:28Z,1722112026-08-02,17221,2026-08-02,CANCELED,,
2026-08-03T06:06:28Z,3822112026-08-02,38221,2026-08-02,CANCELED,,
2026-08-03T06:06:28Z,1750312026-08-02,17503,2026-08-02,CANCELED,,
2026-08-03T06:06:28Z,1821412026-08-02,18214,2026-08-02,CANCELED,,
2026-08-03T06:06:28Z,1821512026-08-02,18215,2026-08-02,CANCELED,,
2026-08-03T06:06:28Z,1260812026-08-02,12608,2026-08-02,CANCELED,,
2026-08-03T06:06:28Z,1810132026-08-02,18101,2026-08-02,CANCELED,,
2026-08-03T06:06:28Z,1810142026-08-02,18101,2026-08-02,CANCELED,,
2026-08-03T06:06:28Z,1810152026-08-02,18101,2026-08-02,CANCELED,,
2026-08-03T06:06:28Z,1261412026-08-02,12614,2026-08-02,CANCELED,,
2026-08-03T06:06:28Z,1260712026-08-02,12607,2026-08-02,CANCELED,,
2026-08-03T06:06:28Z,1260712026-08-02,12607,2026-08-02,CANCELED,,
2026-08-03T06:06:28Z,1307912026-08-02,13079,2026-08-02,CANCELED,,
2026-08-03T06:06:28Z,1390412026-08-02,13904,2026-08-02,CANCELED,,
2026-08-03T06:06:28Z,3890412026-08-02,38904,2026-08-02,CANCELED,,
2026-08-03T06:06:28Z,0407222026-08-03,04072,2026-08-03,CANCELED,,
2026-08-03T06:06:28Z,0407212026-08-03,04072,2026-08-03,CANCELED,,
2026-08-03T06:06:28Z,3707212026-08-03,37072,2026-08-03,CANCELED,,
2026-08-03T06:06:28Z,0029522026-08-03,00295,2026-08-03,CANCELED,,
2026-08-03T06:06:28Z,0029512026-08-03,00295,2026-08-03,CANCELED,,
2026-08-03T06:06:28Z,3709522026-08-02,37095,2026-08-02,CANCELED,,
2026-08-03T06:06:28Z,3709512026-08-02,37095,2026-08-02,CANCELED,,
2026-08-03T06:06:28Z,3739512026-08-02,37395,2026-08-02,CANCELED,,
2026-08-03T06:06:28Z,0019222026-08-03,00192,2026-08-03,CANCELED,,
2026-08-03T06:06:28Z,0019212026-08-03,00192,2026-08-03,CANCELED,,
2026-08-03T06:06:28Z,3739212026-08-02,37392,2026-08-02,CANCELED,,
2026-08-03T06:06:28Z,3749222026-08-02,37492,2026-08-02,CANCELED,,
2026-08-03T06:06:28Z,3749212026-08-02,37492,2026-08-02,CANCELED,,
2026-08-03T06:06:28Z,1810222026-08-02,18102,2026-08-02,CANCELED,,
2026-08-03T06:06:28Z,1810232026-08-02,18102,2026-08-02,CANCELED,,
2026-08-03T06:06:28Z,1810242026-08-02,18102,2026-08-02,CANCELED,,
2026-08-03T06:06:28Z,1810512026-08-02,18105,2026-08-02,CANCELED,,
2026-08-03T06:06:28Z,3810512026-08-02,38105,2026-08-02,CANCELED,,
2026-08-03T06:11:33Z,0587112026-08-02,05871,2026-08-02,SCHEDULED,540,9.0
2026-08-03T06:11:33Z,1268012026-08-02,12680,2026-08-02,SCHEDULED,60,1.0
2026-08-03T06:11:33Z,0807112026-08-02,08071,2026-08-02,SCHEDULED,120,2.0
2026-08-03T06:11:33Z,1296112026-08-02,12961,2026-08-02,SCHEDULED,0,0.0
2026-08-03T06:11:33Z,1300012026-08-02,13000,2026-08-02,SCHEDULED,2880,48.0
2026-08-03T06:11:33Z,0807212026-08-02,08072,2026-08-02,SCHEDULED,120,2.0
2026-08-03T06:11:33Z,1300212026-08-02,13002,2026-08-02,SCHEDULED,360,6.0
2026-08-03T06:11:33Z,0807512026-08-02,08075,2026-08-02,SCHEDULED,1080,18.0
2026-08-03T06:11:33Z,1300312026-08-02,13003,2026-08-02,SCHEDULED,660,11.0
2026-08-03T06:11:33Z,0807712026-08-02,08077,2026-08-02,SCHEDULED,240,4.0
2026-08-03T06:11:33Z,0807812026-08-02,08078,2026-08-02,SCHEDULED,-120,-2.0
2026-08-03T06:11:33Z,1303012026-08-02,13030,2026-08-02,SCHEDULED,180,3.0
2026-08-03T06:11:33Z,0808112026-08-02,08081,2026-08-02,SCHEDULED,180,3.0
2026-08-03T06:11:33Z,1304112026-08-02,13041,2026-08-02,SCHEDULED,540,9.0
2026-08-03T06:11:33Z,0808512026-08-02,08085,2026-08-02,SCHEDULED,0,0.0
2026-08-03T06:11:33Z,1300112026-08-02,13001,2026-08-02,SCHEDULED,420,7.0
2026-08-03T06:11:33Z,0827112026-08-02,08271,2026-08-02,SCHEDULED,-60,-1.0
2026-08-03T06:11:33Z,1395112026-08-02,13951,2026-08-02,SCHEDULED,120,2.0
2026-08-03T06:11:33Z,0827512026-08-02,08275,2026-08-02,SCHEDULED,180,3.0
2026-08-03T06:11:33Z,1320312026-08-02,13203,2026-08-02,SCHEDULED,240,4.0
2026-08-03T06:11:33Z,0827812026-08-02,08278,2026-08-02,SCHEDULED,0,0.0
2026-08-03T06:11:33Z,1320612026-08-02,13206,2026-08-02,SCHEDULED,120,2.0
2026-08-03T06:11:33Z,0828312026-08-02,08283,2026-08-02,SCHEDULED,240,4.0
2026-08-03T06:11:33Z,1390012026-08-02,13900,2026-08-02,SCHEDULED,420,7.0
2026-08-03T06:11:33Z,0847512026-08-02,08475,2026-08-02,SCHEDULED,180,3.0
2026-08-03T06:11:33Z,1390112026-08-02,13901,2026-08-02,SCHEDULED,120,2.0
2026-08-03T06:11:33Z,0866412026-08-02,08664,2026-08-02,SCHEDULED,-420,-7.0
2026-08-03T06:11:33Z,0907112026-08-02,09071,2026-08-02,SCHEDULED,240,4.0
2026-08-03T06:11:33Z,0907222026-08-02,09072,2026-08-02,SCHEDULED,0,0.0
2026-08-03T06:11:33Z,0907212026-08-02,09072,2026-08-02,SCHEDULED,0,0.0
2026-08-03T06:11:33Z,1412322026-08-03,14123,2026-08-03,SCHEDULED,420,7.0
2026-08-03T06:11:33Z,1412342026-08-02,14123,2026-08-02,SCHEDULED,420,7.0
2026-08-03T06:11:33Z,1412332026-08-02,14123,2026-08-02,SCHEDULED,420,7.0
2026-08-03T06:11:33Z,0907312026-08-02,09073,2026-08-02,SCHEDULED,0,0.0
2026-08-03T06:11:33Z,0908212026-08-02,09082,2026-08-02,SCHEDULED,-60,-1.0
2026-08-03T06:11:33Z,0908312026-08-02,09083,2026-08-02,SCHEDULED,120,2.0
2026-08-03T06:11:33Z,0207412026-08-03,02074,2026-08-03,SCHEDULED,60,1.0
2026-08-03T06:11:33Z,3560432026-08-02,35604,2026-08-02,SCHEDULED,60,1.0
2026-08-03T06:11:33Z,3560442026-08-02,35604,2026-08-02,SCHEDULED,60,1.0
2026-08-03T06:11:33Z,3560452026-08-02,35604,2026-08-02,SCHEDULED,60,1.0
2026-08-03T06:11:33Z,0109212026-08-02,01092,2026-08-02,SCHEDULED,540,9.0
2026-08-03T06:11:33Z,1451012026-08-02,14510,2026-08-02,SCHEDULED,360,6.0
2026-08-03T06:11:33Z,0507112026-08-02,05071,2026-08-02,SCHEDULED,0,0.0
2026-08-03T06:11:33Z,1500112026-08-02,15001,2026-08-02,SCHEDULED,-60,-1.0
2026-08-03T06:11:33Z,1500212026-08-02,15002,2026-08-02,SCHEDULED,360,6.0
2026-08-03T06:11:33Z,0029122026-08-03,00291,2026-08-03,SCHEDULED,60,1.0
2026-08-03T06:11:33Z,0029112026-08-03,00291,2026-08-03,SCHEDULED,60,1.0
2026-08-03T06:11:33Z,1500312026-08-02,15003,2026-08-02,SCHEDULED,0,0.0
2026-08-03T06:11:33Z,1504012026-08-02,15040,2026-08-02,SCHEDULED,1080,18.0
2026-08-03T06:11:33Z,0309222026-08-02,03092,2026-08-02,SCHEDULED,60,1.0
2026-08-03T06:11:33Z,0309212026-08-02,03092,2026-08-02,SCHEDULED,60,1.0
2026-08-03T06:11:33Z,1504112026-08-02,15041,2026-08-02,SCHEDULED,480,8.0
2026-08-03T06:11:33Z,1505012026-08-02,15050,2026-08-02,SCHEDULED,1020,17.0
2026-08-03T06:11:33Z,0527312026-08-02,05273,2026-08-02,SCHEDULED,-180,-3.0
2026-08-03T06:11:33Z,1563212026-08-02,15632,2026-08-02,SCHEDULED,0,0.0
2026-08-03T06:11:33Z,0429522026-08-02,04295,2026-08-02,SCHEDULED,180,3.0
2026-08-03T06:11:33Z,0429512026-08-02,04295,2026-08-02,SCHEDULED,180,3.0
2026-08-03T06:11:33Z,0069712026-08-03,00697,2026-08-03,SCHEDULED,360,6.0
2026-08-03T06:11:33Z,1562112026-08-02,15621,2026-08-02,SCHEDULED,0,0.0
2026-08-03T06:11:33Z,1564512026-08-02,15645,2026-08-02,SCHEDULED,60,1.0
2026-08-03T06:11:33Z,1572012026-08-02,15720,2026-08-02,SCHEDULED,1260,21.0
2026-08-03T06:11:33Z,1572212026-08-02,15722,2026-08-02,SCHEDULED,480,8.0
2026-08-03T06:11:33Z,0576312026-08-02,05763,2026-08-02,SCHEDULED,0,0.0
2026-08-03T06:11:33Z,0576322026-08-02,05763,2026-08-02,SCHEDULED,0,0.0
2026-08-03T06:11:33Z,0576332026-08-02,05763,2026-08-02,SCHEDULED,0,0.0
2026-08-03T06:11:33Z,1575312026-08-02,15753,2026-08-02,SCHEDULED,0,0.0
2026-08-03T06:11:33Z,0405612026-08-03,04056,2026-08-03,SCHEDULED,120,2.0
2026-08-03T06:11:33Z,1577212026-08-02,15772,2026-08-02,SCHEDULED,900,15.0
2026-08-03T06:11:33Z,1577412026-08-02,15774,2026-08-02,SCHEDULED,60,1.0
2026-08-03T06:11:33Z,1585012026-08-02,15850,2026-08-02,SCHEDULED,60,1.0
2026-08-03T06:11:33Z,0418612026-08-03,04186,2026-08-03,SCHEDULED,60,1.0
2026-08-03T06:11:33Z,0418642026-08-03,04186,2026-08-03,SCHEDULED,60,1.0
2026-08-03T06:11:33Z,0418622026-08-03,04186,2026-08-03,SCHEDULED,60,1.0
2026-08-03T06:11:33Z,1585212026-08-02,15852,2026-08-02,SCHEDULED,60,1.0
2026-08-03T06:11:33Z,0408712026-08-03,04087,2026-08-03,SCHEDULED,900,15.0
2026-08-03T06:11:33Z,1590012026-08-02,15900,2026-08-02,SCHEDULED,1200,20.0
2026-08-03T06:11:33Z,1590412026-08-02,15904,2026-08-02,SCHEDULED,-180,-3.0
2026-08-03T06:11:33Z,0029322026-08-03,00293,2026-08-03,SCHEDULED,960,16.0
2026-08-03T06:11:33Z,0029312026-08-03,00293,2026-08-03,SCHEDULED,960,16.0
2026-08-03T06:11:33Z,1620712026-08-02,16207,2026-08-02,SCHEDULED,240,4.0
2026-08-03T06:11:33Z,1607112026-08-02,16071,2026-08-02,SCHEDULED,180,3.0
2026-08-03T06:11:33Z,0407312026-08-03,04073,2026-08-03,SCHEDULED,-60,-1.0
2026-08-03T06:11:33Z,1700812026-08-02,17008,2026-08-02,SCHEDULED,360,6.0
2026-08-03T06:11:33Z,1704212026-08-02,17042,2026-08-02,SCHEDULED,120,2.0
2026-08-03T06:11:33Z,1210112026-08-02,12101,2026-08-02,SCHEDULED,420,7.0
2026-08-03T06:11:33Z,1890012026-08-02,18900,2026-08-02,SCHEDULED,180,3.0
2026-08-03T06:11:33Z,1248012026-08-02,12480,2026-08-02,SCHEDULED,240,4.0
2026-08-03T06:11:33Z,1891012026-08-02,18910,2026-08-02,SCHEDULED,780,13.0
2026-08-03T06:11:33Z,1261312026-08-02,12613,2026-08-02,SCHEDULED,180,3.0
2026-08-03T06:11:33Z,1443212026-08-02,14432,2026-08-02,SCHEDULED,240,4.0
2026-08-03T06:11:33Z,1261112026-08-02,12611,2026-08-02,SCHEDULED,60,1.0
2026-08-03T06:11:33Z,1530912026-08-02,15309,2026-08-02,SCHEDULED,300,5.0
2026-08-03T06:11:33Z,1264112026-08-02,12641,2026-08-02,SCHEDULED,780,13.0
2026-08-03T06:11:33Z,1503022026-08-02,15030,2026-08-02,SCHEDULED,60,1.0
2026-08-03T06:11:33Z,1264412026-08-02,12644,2026-08-02,SCHEDULED,600,10.0
2026-08-03T06:11:33Z,1503112026-08-02,15031,2026-08-02,SCHEDULED,300,5.0
2026-08-03T06:11:33Z,1503212026-08-02,15032,2026-08-02,SCHEDULED,-60,-1.0
2026-08-03T06:11:33Z,0411422026-08-03,04114,2026-08-03,SCHEDULED,180,3.0
2026-08-03T06:11:33Z,0411412026-08-03,04114,2026-08-03,SCHEDULED,180,3.0
2026-08-03T06:11:33Z,1600012026-08-02,16000,2026-08-02,SCHEDULED,300,5.0
2026-08-03T06:11:33Z,0060112026-08-03,00601,2026-08-03,SCHEDULED,-360,-6.0
2026-08-03T06:11:33Z,1447112026-08-02,14471,2026-08-02,SCHEDULED,0,0.0
2026-08-03T06:11:33Z,1702112026-08-02,17021,2026-08-02,SCHEDULED,0,0.0
2026-08-03T06:11:33Z,1702122026-08-02,17021,2026-08-02,SCHEDULED,0,0.0
2026-08-03T06:11:33Z,1702132026-08-02,17021,2026-08-02,SCHEDULED,0,0.0
2026-08-03T06:11:33Z,0807922026-08-02,08079,2026-08-02,SCHEDULED,-120,-2.0
2026-08-03T06:11:33Z,1402012026-08-02,14020,2026-08-02,SCHEDULED,180,3.0
2026-08-03T06:11:33Z,0062122026-08-03,00621,2026-08-03,SCHEDULED,120,2.0
2026-08-03T06:11:33Z,0062132026-08-03,00621,2026-08-03,SCHEDULED,120,2.0
2026-08-03T06:11:33Z,0062152026-08-03,00621,2026-08-03,SCHEDULED,120,2.0
2026-08-03T06:11:33Z,0062112026-08-03,00621,2026-08-03,SCHEDULED,120,2.0
2026-08-03T06:11:33Z,0062142026-08-03,00621,2026-08-03,SCHEDULED,120,2.0
2026-08-03T06:11:33Z,1401812026-08-02,14018,2026-08-02,SCHEDULED,720,12.0
2026-08-03T06:11:33Z,1877312026-08-02,18773,2026-08-02,SCHEDULED,720,12.0
2026-08-03T06:11:33Z,0891512026-08-02,08915,2026-08-02,SCHEDULED,0,0.0
2026-08-03T06:11:33Z,0063142026-08-03,00631,2026-08-03,SCHEDULED,240,4.0
2026-08-03T06:11:33Z,0063132026-08-03,00631,2026-08-03,SCHEDULED,240,4.0
2026-08-03T06:11:33Z,0063112026-08-03,00631,2026-08-03,SCHEDULED,240,4.0
2026-08-03T06:11:33Z,0063122026-08-03,00631,2026-08-03,SCHEDULED,240,4.0
2026-08-03T06:11:33Z,1833112026-08-02,18331,2026-08-02,SCHEDULED,600,10.0
2026-08-03T06:11:33Z,0948012026-08-02,09480,2026-08-02,SCHEDULED,60,1.0
2026-08-03T06:11:33Z,0075222026-08-03,00752,2026-08-03,SCHEDULED,540,9.0
2026-08-03T06:11:33Z,0075212026-08-03,00752,2026-08-03,SCHEDULED,540,9.0
2026-08-03T06:11:33Z,7180012026-08-02,71800,2026-08-02,SCHEDULED,60,1.0
2026-08-03T06:11:33Z,0107112026-08-02,01071,2026-08-02,SCHEDULED,300,5.0
2026-08-03T06:11:33Z,7182012026-08-02,71820,2026-08-02,SCHEDULED,0,0.0
2026-08-03T06:11:33Z,0107212026-08-02,01072,2026-08-02,SCHEDULED,780,13.0
2026-08-03T06:11:33Z,7183012026-08-02,71830,2026-08-02,SCHEDULED,60,1.0
2026-08-03T06:11:33Z,7183112026-08-02,71831,2026-08-02,SCHEDULED,-120,-2.0
2026-08-03T06:11:33Z,0108122026-08-02,01081,2026-08-02,SCHEDULED,240,4.0
2026-08-03T06:11:33Z,0108112026-08-02,01081,2026-08-02,SCHEDULED,240,4.0
2026-08-03T06:11:33Z,1719112026-08-02,17191,2026-08-02,SCHEDULED,0,0.0
2026-08-03T06:11:33Z,0206112026-08-02,02061,2026-08-02,SCHEDULED,1260,21.0
2026-08-03T06:11:33Z,1770312026-08-02,17703,2026-08-02,SCHEDULED,-120,-2.0
2026-08-03T06:11:33Z,0206312026-08-02,02063,2026-08-02,SCHEDULED,180,3.0
2026-08-03T06:11:33Z,1780612026-08-02,17806,2026-08-02,SCHEDULED,180,3.0
2026-08-03T06:11:33Z,0206712026-08-02,02067,2026-08-02,SCHEDULED,360,6.0
2026-08-03T06:11:33Z,1800112026-08-02,18001,2026-08-02,SCHEDULED,120,2.0
2026-08-03T06:11:33Z,0207012026-08-02,02070,2026-08-02,SCHEDULED,240,4.0
2026-08-03T06:11:33Z,0207112026-08-02,02071,2026-08-02,SCHEDULED,420,7.0
2026-08-03T06:11:33Z,1802412026-08-02,18024,2026-08-02,SCHEDULED,0,0.0
2026-08-03T06:11:33Z,0207312026-08-02,02073,2026-08-02,SCHEDULED,420,7.0
2026-08-03T06:11:33Z,1803112026-08-02,18031,2026-08-02,SCHEDULED,540,9.0
2026-08-03T06:11:33Z,0207512026-08-03,02075,2026-08-03,SCHEDULED,780,13.0
2026-08-03T06:11:33Z,1804112026-08-02,18041,2026-08-02,SCHEDULED,240,4.0
2026-08-03T06:11:33Z,0207212026-08-02,02072,2026-08-02,SCHEDULED,-180,-3.0
2026-08-03T06:11:33Z,1805412026-08-02,18054,2026-08-02,SCHEDULED,60,1.0
2026-08-03T06:11:33Z,0208012026-08-02,02080,2026-08-02,SCHEDULED,60,1.0
2026-08-03T06:11:33Z,1807112026-08-02,18071,2026-08-02,SCHEDULED,1020,17.0
2026-08-03T06:11:33Z,0208312026-08-02,02083,2026-08-02,SCHEDULED,180,3.0
2026-08-03T06:11:33Z,1807212026-08-02,18072,2026-08-02,SCHEDULED,60,1.0
2026-08-03T06:11:33Z,0228512026-08-03,02285,2026-08-03,SCHEDULED,60,1.0
2026-08-03T06:11:33Z,1807412026-08-02,18074,2026-08-02,SCHEDULED,0,0.0
2026-08-03T06:11:33Z,1800212026-08-02,18002,2026-08-02,SCHEDULED,480,8.0
2026-08-03T06:11:33Z,1806612026-08-02,18066,2026-08-02,SCHEDULED,120,2.0
2026-08-03T06:11:33Z,0306242026-08-02,03062,2026-08-02,SCHEDULED,-60,-1.0
2026-08-03T06:11:33Z,0306232026-08-02,03062,2026-08-02,SCHEDULED,-60,-1.0
2026-08-03T06:11:33Z,0306212026-08-02,03062,2026-08-02,SCHEDULED,-60,-1.0
2026-08-03T06:11:33Z,0306222026-08-02,03062,2026-08-02,SCHEDULED,-60,-1.0
2026-08-03T06:11:33Z,1812012026-08-02,18120,2026-08-02,SCHEDULED,2220,37.0
2026-08-03T06:11:33Z,1812112026-08-02,18121,2026-08-02,SCHEDULED,60,1.0
2026-08-03T06:11:33Z,0307322026-08-02,03073,2026-08-02,SCHEDULED,540,9.0
2026-08-03T06:11:33Z,0307312026-08-02,03073,2026-08-02,SCHEDULED,540,9.0
2026-08-03T06:11:33Z,0308212026-08-02,03082,2026-08-02,SCHEDULED,0,0.0
2026-08-03T06:11:33Z,1812312026-08-02,18123,2026-08-02,SCHEDULED,300,5.0
2026-08-03T06:11:33Z,1830012026-08-02,18300,2026-08-02,SCHEDULED,-60,-1.0
2026-08-03T06:11:33Z,1832112026-08-02,18321,2026-08-02,SCHEDULED,300,5.0
2026-08-03T06:11:33Z,0306242026-08-02,03062,2026-08-02,SCHEDULED,480,8.0
2026-08-03T06:11:33Z,0306232026-08-02,03062,2026-08-02,SCHEDULED,480,8.0
2026-08-03T06:11:33Z,0306212026-08-02,03062,2026-08-02,SCHEDULED,480,8.0
2026-08-03T06:11:33Z,0306222026-08-02,03062,2026-08-02,SCHEDULED,480,8.0
2026-08-03T06:11:33Z,1801012026-08-02,18010,2026-08-02,SCHEDULED,300,5.0
2026-08-03T06:11:33Z,1801022026-08-02,18010,2026-08-02,SCHEDULED,300,5.0
2026-08-03T06:11:33Z,1801032026-08-02,18010,2026-08-02,SCHEDULED,300,5.0
2026-08-03T06:11:33Z,1890112026-08-02,18901,2026-08-02,SCHEDULED,240,4.0
2026-08-03T06:11:33Z,0331112026-08-02,03311,2026-08-02,SCHEDULED,-240,-4.0
2026-08-03T06:11:33Z,0331122026-08-02,03311,2026-08-02,SCHEDULED,-240,-4.0
2026-08-03T06:11:33Z,0331132026-08-02,03311,2026-08-02,SCHEDULED,-240,-4.0
2026-08-03T06:11:33Z,0366222026-08-02,03662,2026-08-02,SCHEDULED,180,3.0
2026-08-03T06:11:33Z,0366212026-08-02,03662,2026-08-02,SCHEDULED,180,3.0
2026-08-03T06:11:33Z,0327212026-08-02,03272,2026-08-02,SCHEDULED,0,0.0
2026-08-03T06:11:33Z,0406012026-08-02,04060,2026-08-02,SCHEDULED,0,0.0
2026-08-03T06:11:33Z,0408822026-08-03,04088,2026-08-03,SCHEDULED,120,2.0
2026-08-03T06:11:33Z,0407222026-08-03,04072,2026-08-03,SCHEDULED,1440,24.0
2026-08-03T06:11:33Z,0407212026-08-03,04072,2026-08-03,SCHEDULED,1440,24.0
2026-08-03T06:11:33Z,0446412026-08-02,04464,2026-08-02,SCHEDULED,600,10.0
2026-08-03T06:11:33Z,0415422026-08-02,04154,2026-08-02,SCHEDULED,780,13.0
2026-08-03T06:11:33Z,0415412026-08-02,04154,2026-08-02,SCHEDULED,780,13.0
2026-08-03T06:11:33Z,0436422026-08-02,04364,2026-08-02,SCHEDULED,0,0.0
2026-08-03T06:11:33Z,0436412026-08-02,04364,2026-08-02,SCHEDULED,0,0.0
2026-08-03T06:11:33Z,0506312026-08-02,05063,2026-08-02,SCHEDULED,60,1.0
2026-08-03T06:11:33Z,0506422026-08-02,05064,2026-08-02,SCHEDULED,60,1.0
2026-08-03T06:11:33Z,0506412026-08-02,05064,2026-08-02,SCHEDULED,60,1.0
2026-08-03T06:11:33Z,0506522026-08-02,05065,2026-08-02,SCHEDULED,300,5.0
2026-08-03T06:11:33Z,0506512026-08-02,05065,2026-08-02,SCHEDULED,300,5.0
2026-08-03T06:11:33Z,0507012026-08-02,05070,2026-08-02,SCHEDULED,60,1.0
2026-08-03T06:11:33Z,0507212026-08-02,05072,2026-08-02,SCHEDULED,60,1.0
2026-08-03T06:11:33Z,0509222026-08-02,05092,2026-08-02,SCHEDULED,0,0.0
2026-08-03T06:11:33Z,0509212026-08-02,05092,2026-08-02,SCHEDULED,0,0.0
2026-08-03T06:11:33Z,0508012026-08-02,05080,2026-08-02,SCHEDULED,-240,-4.0
2026-08-03T06:11:33Z,0508032026-08-02,05080,2026-08-02,SCHEDULED,-240,-4.0
2026-08-03T06:11:33Z,0508022026-08-02,05080,2026-08-02,SCHEDULED,-240,-4.0
2026-08-03T06:11:33Z,0566812026-08-02,05668,2026-08-02,SCHEDULED,0,0.0
2026-08-03T06:11:33Z,1565712026-08-02,15657,2026-08-02,CANCELED,,
2026-08-03T06:11:33Z,1705212026-08-02,17052,2026-08-02,CANCELED,,
2026-08-03T06:11:33Z,1721812026-08-02,17218,2026-08-02,CANCELED,,
2026-08-03T06:11:33Z,3821812026-08-02,38218,2026-08-02,CANCELED,,
2026-08-03T06:11:33Z,1722112026-08-02,17221,2026-08-02,CANCELED,,
2026-08-03T06:11:33Z,3822112026-08-02,38221,2026-08-02,CANCELED,,
2026-08-03T06:11:33Z,1750312026-08-02,17503,2026-08-02,CANCELED,,
2026-08-03T06:11:33Z,1821412026-08-02,18214,2026-08-02,CANCELED,,
2026-08-03T06:11:33Z,1821512026-08-02,18215,2026-08-02,CANCELED,,
2026-08-03T06:11:33Z,1260812026-08-02,12608,2026-08-02,CANCELED,,
2026-08-03T06:11:33Z,1810132026-08-02,18101,2026-08-02,CANCELED,,
2026-08-03T06:11:33Z,1810142026-08-02,18101,2026-08-02,CANCELED,,
2026-08-03T06:11:33Z,1810152026-08-02,18101,2026-08-02,CANCELED,,
2026-08-03T06:11:33Z,1261412026-08-02,12614,2026-08-02,CANCELED,,
2026-08-03T06:11:33Z,1260712026-08-02,12607,2026-08-02,CANCELED,,
2026-08-03T06:11:33Z,1260712026-08-02,12607,2026-08-02,CANCELED,,
2026-08-03T06:11:33Z,1307912026-08-02,13079,2026-08-02,CANCELED,,
2026-08-03T06:11:33Z,1390412026-08-02,13904,2026-08-02,CANCELED,,
2026-08-03T06:11:33Z,3890412026-08-02,38904,2026-08-02,CANCELED,,
2026-08-03T06:11:33Z,0407222026-08-03,04072,2026-08-03,CANCELED,,
2026-08-03T06:11:33Z,0407212026-08-03,04072,2026-08-03,CANCELED,,
2026-08-03T06:11:33Z,3707212026-08-03,37072,2026-08-03,CANCELED,,
2026-08-03T06:11:33Z,0029522026-08-03,00295,2026-08-03,CANCELED,,
2026-08-03T06:11:33Z,0029512026-08-03,00295,2026-08-03,CANCELED,,
2026-08-03T06:11:33Z,3709522026-08-02,37095,2026-08-02,CANCELED,,
2026-08-03T06:11:33Z,3709512026-08-02,37095,2026-08-02,CANCELED,,
2026-08-03T06:11:33Z,3739512026-08-02,37395,2026-08-02,CANCELED,,
2026-08-03T06:11:33Z,0019222026-08-03,00192,2026-08-03,CANCELED,,
2026-08-03T06:11:33Z,0019212026-08-03,00192,2026-08-03,CANCELED,,
2026-08-03T06:11:33Z,3739212026-08-02,37392,2026-08-02,CANCELED,,
2026-08-03T06:11:33Z,3749222026-08-02,37492,2026-08-02,CANCELED,,
2026-08-03T06:11:33Z,3749212026-08-02,37492,2026-08-02,CANCELED,,
2026-08-03T06:11:33Z,1810222026-08-02,18102,2026-08-02,CANCELED,,
2026-08-03T06:11:33Z,1810232026-08-02,18102,2026-08-02,CANCELED,,
2026-08-03T06:11:33Z,1810242026-08-02,18102,2026-08-02,CANCELED,,
2026-08-03T06:11:33Z,1810512026-08-02,18105,2026-08-02,CANCELED,,
2026-08-03T06:11:33Z,3810512026-08-02,38105,2026-08-02,CANCELED,,
2026-08-03T06:16:25Z,1264112026-08-02,12641,2026-08-02,SCHEDULED,840,14.0
2026-08-03T06:16:25Z,0587112026-08-02,05871,2026-08-02,SCHEDULED,540,9.0
2026-08-03T06:16:25Z,1264412026-08-02,12644,2026-08-02,SCHEDULED,600,10.0
2026-08-03T06:16:25Z,0807112026-08-02,08071,2026-08-02,SCHEDULED,120,2.0
2026-08-03T06:16:25Z,1268012026-08-02,12680,2026-08-02,SCHEDULED,60,1.0
2026-08-03T06:16:25Z,0807212026-08-02,08072,2026-08-02,SCHEDULED,120,2.0
2026-08-03T06:16:25Z,0807512026-08-02,08075,2026-08-02,SCHEDULED,1080,18.0
2026-08-03T06:16:25Z,1300012026-08-02,13000,2026-08-02,SCHEDULED,2820,47.0
2026-08-03T06:16:25Z,0807812026-08-02,08078,2026-08-02,SCHEDULED,-120,-2.0
2026-08-03T06:16:25Z,1300212026-08-02,13002,2026-08-02,SCHEDULED,540,9.0
2026-08-03T06:16:25Z,0808012026-08-02,08080,2026-08-02,SCHEDULED,0,0.0
2026-08-03T06:16:25Z,1300312026-08-02,13003,2026-08-02,SCHEDULED,540,9.0
2026-08-03T06:16:25Z,0808112026-08-02,08081,2026-08-02,SCHEDULED,180,3.0
2026-08-03T06:16:25Z,1302012026-08-02,13020,2026-08-02,SCHEDULED,60,1.0
2026-08-03T06:16:25Z,0808512026-08-02,08085,2026-08-02,SCHEDULED,0,0.0
2026-08-03T06:16:25Z,0808712026-08-02,08087,2026-08-02,SCHEDULED,60,1.0
2026-08-03T06:16:25Z,1303012026-08-02,13030,2026-08-02,SCHEDULED,600,10.0
2026-08-03T06:16:25Z,0827112026-08-02,08271,2026-08-02,SCHEDULED,-120,-2.0
2026-08-03T06:16:25Z,1300112026-08-02,13001,2026-08-02,SCHEDULED,420,7.0
2026-08-03T06:16:25Z,0827512026-08-02,08275,2026-08-02,SCHEDULED,420,7.0
2026-08-03T06:16:25Z,1395112026-08-02,13951,2026-08-02,SCHEDULED,120,2.0
2026-08-03T06:16:25Z,0827812026-08-02,08278,2026-08-02,SCHEDULED,0,0.0
2026-08-03T06:16:25Z,1320312026-08-02,13203,2026-08-02,SCHEDULED,120,2.0
2026-08-03T06:16:25Z,0828312026-08-02,08283,2026-08-02,SCHEDULED,60,1.0
2026-08-03T06:16:25Z,1320612026-08-02,13206,2026-08-02,SCHEDULED,240,4.0
2026-08-03T06:16:25Z,0828712026-08-02,08287,2026-08-02,SCHEDULED,300,5.0
2026-08-03T06:16:25Z,1390012026-08-02,13900,2026-08-02,SCHEDULED,420,7.0
2026-08-03T06:16:25Z,0847512026-08-02,08475,2026-08-02,SCHEDULED,240,4.0
2026-08-03T06:16:25Z,1390112026-08-02,13901,2026-08-02,SCHEDULED,180,3.0
2026-08-03T06:16:25Z,0866412026-08-02,08664,2026-08-02,SCHEDULED,-420,-7.0
2026-08-03T06:16:25Z,0907112026-08-02,09071,2026-08-02,SCHEDULED,240,4.0
2026-08-03T06:16:25Z,0907222026-08-02,09072,2026-08-02,SCHEDULED,180,3.0
2026-08-03T06:16:25Z,0907212026-08-02,09072,2026-08-02,SCHEDULED,180,3.0
2026-08-03T06:16:25Z,1412322026-08-03,14123,2026-08-03,SCHEDULED,480,8.0
2026-08-03T06:16:25Z,1412342026-08-02,14123,2026-08-02,SCHEDULED,480,8.0
2026-08-03T06:16:25Z,1412332026-08-02,14123,2026-08-02,SCHEDULED,480,8.0
2026-08-03T06:16:25Z,0907312026-08-02,09073,2026-08-02,SCHEDULED,120,2.0
2026-08-03T06:16:25Z,0908212026-08-02,09082,2026-08-02,SCHEDULED,-120,-2.0
2026-08-03T06:16:25Z,0908312026-08-02,09083,2026-08-02,SCHEDULED,180,3.0
2026-08-03T06:16:25Z,0207412026-08-03,02074,2026-08-03,SCHEDULED,60,1.0
2026-08-03T06:16:25Z,0109212026-08-02,01092,2026-08-02,SCHEDULED,540,9.0
2026-08-03T06:16:25Z,3560432026-08-02,35604,2026-08-02,SCHEDULED,60,1.0
2026-08-03T06:16:25Z,3560442026-08-02,35604,2026-08-02,SCHEDULED,60,1.0
2026-08-03T06:16:25Z,3560452026-08-02,35604,2026-08-02,SCHEDULED,60,1.0
2026-08-03T06:16:25Z,0507112026-08-02,05071,2026-08-02,SCHEDULED,60,1.0
2026-08-03T06:16:25Z,1451012026-08-02,14510,2026-08-02,SCHEDULED,360,6.0
2026-08-03T06:16:25Z,1500112026-08-02,15001,2026-08-02,SCHEDULED,-60,-1.0
2026-08-03T06:16:25Z,0029122026-08-03,00291,2026-08-03,SCHEDULED,60,1.0
2026-08-03T06:16:25Z,0029112026-08-03,00291,2026-08-03,SCHEDULED,60,1.0
2026-08-03T06:16:25Z,1500212026-08-02,15002,2026-08-02,SCHEDULED,360,6.0
2026-08-03T06:16:25Z,1500312026-08-02,15003,2026-08-02,SCHEDULED,120,2.0
2026-08-03T06:16:25Z,0309222026-08-02,03092,2026-08-02,SCHEDULED,240,4.0
2026-08-03T06:16:25Z,0309212026-08-02,03092,2026-08-02,SCHEDULED,240,4.0
2026-08-03T06:16:25Z,1504012026-08-02,15040,2026-08-02,SCHEDULED,1080,18.0
2026-08-03T06:16:25Z,0527312026-08-02,05273,2026-08-02,SCHEDULED,0,0.0
2026-08-03T06:16:25Z,1504112026-08-02,15041,2026-08-02,SCHEDULED,480,8.0
2026-08-03T06:16:25Z,1505012026-08-02,15050,2026-08-02,SCHEDULED,1020,17.0
2026-08-03T06:16:25Z,0429522026-08-02,04295,2026-08-02,SCHEDULED,180,3.0
2026-08-03T06:16:25Z,0429512026-08-02,04295,2026-08-02,SCHEDULED,180,3.0
2026-08-03T06:16:25Z,0069712026-08-03,00697,2026-08-03,SCHEDULED,300,5.0
2026-08-03T06:16:25Z,1563212026-08-02,15632,2026-08-02,SCHEDULED,0,0.0
2026-08-03T06:16:25Z,1562112026-08-02,15621,2026-08-02,SCHEDULED,180,3.0
2026-08-03T06:16:25Z,1564512026-08-02,15645,2026-08-02,SCHEDULED,60,1.0
2026-08-03T06:16:25Z,0576312026-08-02,05763,2026-08-02,SCHEDULED,60,1.0
2026-08-03T06:16:25Z,0576322026-08-02,05763,2026-08-02,SCHEDULED,60,1.0
2026-08-03T06:16:25Z,0576332026-08-02,05763,2026-08-02,SCHEDULED,60,1.0
2026-08-03T06:16:25Z,1572012026-08-02,15720,2026-08-02,SCHEDULED,1260,21.0
2026-08-03T06:16:25Z,0405612026-08-03,04056,2026-08-03,SCHEDULED,120,2.0
2026-08-03T06:16:25Z,1572212026-08-02,15722,2026-08-02,SCHEDULED,600,10.0
2026-08-03T06:16:25Z,1575312026-08-02,15753,2026-08-02,SCHEDULED,0,0.0
2026-08-03T06:16:25Z,1577412026-08-02,15774,2026-08-02,SCHEDULED,120,2.0
2026-08-03T06:16:25Z,0418612026-08-03,04186,2026-08-03,SCHEDULED,60,1.0
2026-08-03T06:16:25Z,0418642026-08-03,04186,2026-08-03,SCHEDULED,60,1.0
2026-08-03T06:16:25Z,0418622026-08-03,04186,2026-08-03,SCHEDULED,60,1.0
2026-08-03T06:16:25Z,1585012026-08-02,15850,2026-08-02,SCHEDULED,180,3.0
2026-08-03T06:16:25Z,0408712026-08-03,04087,2026-08-03,SCHEDULED,840,14.0
2026-08-03T06:16:25Z,1585212026-08-02,15852,2026-08-02,SCHEDULED,60,1.0
2026-08-03T06:16:25Z,1590012026-08-02,15900,2026-08-02,SCHEDULED,1260,21.0
2026-08-03T06:16:25Z,1590412026-08-02,15904,2026-08-02,SCHEDULED,0,0.0
2026-08-03T06:16:25Z,0029322026-08-03,00293,2026-08-03,SCHEDULED,960,16.0
2026-08-03T06:16:25Z,0029312026-08-03,00293,2026-08-03,SCHEDULED,960,16.0
2026-08-03T06:16:25Z,1607112026-08-02,16071,2026-08-02,SCHEDULED,120,2.0
2026-08-03T06:16:25Z,0407312026-08-03,04073,2026-08-03,SCHEDULED,60,1.0
2026-08-03T06:16:25Z,1700812026-08-02,17008,2026-08-02,SCHEDULED,360,6.0
2026-08-03T06:16:25Z,1210112026-08-02,12101,2026-08-02,SCHEDULED,360,6.0
2026-08-03T06:16:25Z,1704212026-08-02,17042,2026-08-02,SCHEDULED,120,2.0
2026-08-03T06:16:25Z,1891012026-08-02,18910,2026-08-02,SCHEDULED,660,11.0
2026-08-03T06:16:25Z,1248012026-08-02,12480,2026-08-02,SCHEDULED,300,5.0
2026-08-03T06:16:25Z,1443212026-08-02,14432,2026-08-02,SCHEDULED,360,6.0
2026-08-03T06:16:25Z,1261312026-08-02,12613,2026-08-02,SCHEDULED,180,3.0
2026-08-03T06:16:25Z,1530912026-08-02,15309,2026-08-02,SCHEDULED,360,6.0
2026-08-03T06:16:25Z,1261112026-08-02,12611,2026-08-02,SCHEDULED,0,0.0
2026-08-03T06:16:25Z,1503022026-08-02,15030,2026-08-02,SCHEDULED,180,3.0
2026-08-03T06:16:25Z,1503112026-08-02,15031,2026-08-02,SCHEDULED,300,5.0
2026-08-03T06:16:25Z,0411422026-08-03,04114,2026-08-03,SCHEDULED,180,3.0
2026-08-03T06:16:25Z,0411412026-08-03,04114,2026-08-03,SCHEDULED,180,3.0
2026-08-03T06:16:25Z,1503212026-08-02,15032,2026-08-02,SCHEDULED,-120,-2.0
2026-08-03T06:16:25Z,0060112026-08-03,00601,2026-08-03,SCHEDULED,-420,-7.0
2026-08-03T06:16:25Z,1600012026-08-02,16000,2026-08-02,SCHEDULED,240,4.0
2026-08-03T06:16:25Z,1600112026-08-02,16001,2026-08-02,SCHEDULED,0,0.0
2026-08-03T06:16:25Z,1447112026-08-02,14471,2026-08-02,SCHEDULED,60,1.0
2026-08-03T06:16:25Z,0062122026-08-03,00621,2026-08-03,SCHEDULED,120,2.0
2026-08-03T06:16:25Z,0062132026-08-03,00621,2026-08-03,SCHEDULED,120,2.0
2026-08-03T06:16:25Z,0062152026-08-03,00621,2026-08-03,SCHEDULED,120,2.0
2026-08-03T06:16:25Z,0062112026-08-03,00621,2026-08-03,SCHEDULED,120,2.0
2026-08-03T06:16:25Z,0062142026-08-03,00621,2026-08-03,SCHEDULED,120,2.0
2026-08-03T06:16:25Z,1702112026-08-02,17021,2026-08-02,SCHEDULED,-60,-1.0
2026-08-03T06:16:25Z,1702122026-08-02,17021,2026-08-02,SCHEDULED,-60,-1.0
2026-08-03T06:16:25Z,1702132026-08-02,17021,2026-08-02,SCHEDULED,-60,-1.0
2026-08-03T06:16:25Z,0807922026-08-02,08079,2026-08-02,SCHEDULED,-300,-5.0
2026-08-03T06:16:25Z,1402012026-08-02,14020,2026-08-02,SCHEDULED,180,3.0
2026-08-03T06:16:25Z,0063142026-08-03,00631,2026-08-03,SCHEDULED,240,4.0
2026-08-03T06:16:25Z,0063132026-08-03,00631,2026-08-03,SCHEDULED,240,4.0
2026-08-03T06:16:25Z,0063112026-08-03,00631,2026-08-03,SCHEDULED,240,4.0
2026-08-03T06:16:25Z,0063122026-08-03,00631,2026-08-03,SCHEDULED,240,4.0
2026-08-03T06:16:25Z,1401812026-08-02,14018,2026-08-02,SCHEDULED,660,11.0
2026-08-03T06:16:25Z,1877312026-08-02,18773,2026-08-02,SCHEDULED,720,12.0
2026-08-03T06:16:25Z,0075222026-08-03,00752,2026-08-03,SCHEDULED,600,10.0
2026-08-03T06:16:25Z,0075212026-08-03,00752,2026-08-03,SCHEDULED,600,10.0
2026-08-03T06:16:25Z,0891512026-08-02,08915,2026-08-02,SCHEDULED,-180,-3.0
2026-08-03T06:16:25Z,0107112026-08-02,01071,2026-08-02,SCHEDULED,60,1.0
2026-08-03T06:16:25Z,0107212026-08-02,01072,2026-08-02,SCHEDULED,780,13.0
2026-08-03T06:16:25Z,1833112026-08-02,18331,2026-08-02,SCHEDULED,480,8.0
2026-08-03T06:16:25Z,0948012026-08-02,09480,2026-08-02,SCHEDULED,60,1.0
2026-08-03T06:16:25Z,0108122026-08-02,01081,2026-08-02,SCHEDULED,240,4.0
2026-08-03T06:16:25Z,0108112026-08-02,01081,2026-08-02,SCHEDULED,240,4.0
2026-08-03T06:16:25Z,7180012026-08-02,71800,2026-08-02,SCHEDULED,60,1.0
2026-08-03T06:16:25Z,0206112026-08-02,02061,2026-08-02,SCHEDULED,1140,19.0
2026-08-03T06:16:25Z,7182012026-08-02,71820,2026-08-02,SCHEDULED,0,0.0
2026-08-03T06:16:25Z,0206312026-08-02,02063,2026-08-02,SCHEDULED,120,2.0
2026-08-03T06:16:25Z,7183012026-08-02,71830,2026-08-02,SCHEDULED,180,3.0
2026-08-03T06:16:25Z,0206712026-08-02,02067,2026-08-02,SCHEDULED,360,6.0
2026-08-03T06:16:25Z,7183112026-08-02,71831,2026-08-02,SCHEDULED,-180,-3.0
2026-08-03T06:16:25Z,1719112026-08-02,17191,2026-08-02,SCHEDULED,60,1.0
2026-08-03T06:16:25Z,0207012026-08-02,02070,2026-08-02,SCHEDULED,480,8.0
2026-08-03T06:16:25Z,0207112026-08-02,02071,2026-08-02,SCHEDULED,420,7.0
2026-08-03T06:16:25Z,1780612026-08-02,17806,2026-08-02,SCHEDULED,480,8.0
2026-08-03T06:16:25Z,0207312026-08-02,02073,2026-08-02,SCHEDULED,420,7.0
2026-08-03T06:16:25Z,1800112026-08-02,18001,2026-08-02,SCHEDULED,120,2.0
2026-08-03T06:16:25Z,0207512026-08-03,02075,2026-08-03,SCHEDULED,900,15.0
2026-08-03T06:16:25Z,1802412026-08-02,18024,2026-08-02,SCHEDULED,0,0.0
2026-08-03T06:16:25Z,0207212026-08-02,02072,2026-08-02,SCHEDULED,-180,-3.0
2026-08-03T06:16:25Z,0208012026-08-02,02080,2026-08-02,SCHEDULED,360,6.0
2026-08-03T06:16:25Z,1803112026-08-02,18031,2026-08-02,SCHEDULED,480,8.0
2026-08-03T06:16:25Z,0208312026-08-02,02083,2026-08-02,SCHEDULED,420,7.0
2026-08-03T06:16:25Z,1804112026-08-02,18041,2026-08-02,SCHEDULED,240,4.0
2026-08-03T06:16:25Z,0228512026-08-03,02285,2026-08-03,SCHEDULED,180,3.0
2026-08-03T06:16:25Z,1805412026-08-02,18054,2026-08-02,SCHEDULED,120,2.0
2026-08-03T06:16:25Z,1807112026-08-02,18071,2026-08-02,SCHEDULED,1080,18.0
2026-08-03T06:16:25Z,1807212026-08-02,18072,2026-08-02,SCHEDULED,0,0.0
2026-08-03T06:16:25Z,1807412026-08-02,18074,2026-08-02,SCHEDULED,-60,-1.0
2026-08-03T06:16:25Z,0306242026-08-02,03062,2026-08-02,SCHEDULED,-120,-2.0
2026-08-03T06:16:25Z,0306232026-08-02,03062,2026-08-02,SCHEDULED,-120,-2.0
2026-08-03T06:16:25Z,0306212026-08-02,03062,2026-08-02,SCHEDULED,-120,-2.0
2026-08-03T06:16:25Z,0306222026-08-02,03062,2026-08-02,SCHEDULED,-120,-2.0
2026-08-03T06:16:25Z,1800212026-08-02,18002,2026-08-02,SCHEDULED,540,9.0
2026-08-03T06:16:25Z,1806612026-08-02,18066,2026-08-02,SCHEDULED,120,2.0
2026-08-03T06:16:25Z,1812012026-08-02,18120,2026-08-02,SCHEDULED,2040,34.0
2026-08-03T06:16:25Z,0307322026-08-02,03073,2026-08-02,SCHEDULED,660,11.0
2026-08-03T06:16:25Z,0307312026-08-02,03073,2026-08-02,SCHEDULED,660,11.0
2026-08-03T06:16:25Z,1812112026-08-02,18121,2026-08-02,SCHEDULED,60,1.0
2026-08-03T06:16:25Z,0308212026-08-02,03082,2026-08-02,SCHEDULED,0,0.0
2026-08-03T06:16:25Z,1812312026-08-02,18123,2026-08-02,SCHEDULED,300,5.0
2026-08-03T06:16:25Z,1830012026-08-02,18300,2026-08-02,SCHEDULED,-120,-2.0
2026-08-03T06:16:25Z,1832112026-08-02,18321,2026-08-02,SCHEDULED,360,6.0
2026-08-03T06:16:25Z,0306242026-08-02,03062,2026-08-02,SCHEDULED,360,6.0
2026-08-03T06:16:25Z,0306232026-08-02,03062,2026-08-02,SCHEDULED,360,6.0
2026-08-03T06:16:25Z,0306212026-08-02,03062,2026-08-02,SCHEDULED,360,6.0
2026-08-03T06:16:25Z,0306222026-08-02,03062,2026-08-02,SCHEDULED,360,6.0
2026-08-03T06:16:25Z,1801012026-08-02,18010,2026-08-02,SCHEDULED,300,5.0
2026-08-03T06:16:25Z,1801022026-08-02,18010,2026-08-02,SCHEDULED,300,5.0
2026-08-03T06:16:25Z,1801032026-08-02,18010,2026-08-02,SCHEDULED,300,5.0
2026-08-03T06:16:25Z,1890112026-08-02,18901,2026-08-02,SCHEDULED,60,1.0
2026-08-03T06:16:25Z,0331112026-08-02,03311,2026-08-02,SCHEDULED,-180,-3.0
2026-08-03T06:16:25Z,0331122026-08-02,03311,2026-08-02,SCHEDULED,-180,-3.0
2026-08-03T06:16:25Z,0331132026-08-02,03311,2026-08-02,SCHEDULED,-180,-3.0
2026-08-03T06:16:25Z,1890012026-08-02,18900,2026-08-02,SCHEDULED,180,3.0
2026-08-03T06:16:25Z,0366222026-08-02,03662,2026-08-02,SCHEDULED,300,5.0
2026-08-03T06:16:25Z,0366212026-08-02,03662,2026-08-02,SCHEDULED,300,5.0
2026-08-03T06:16:25Z,0327212026-08-02,03272,2026-08-02,SCHEDULED,0,0.0
2026-08-03T06:16:25Z,0406012026-08-02,04060,2026-08-02,SCHEDULED,0,0.0
2026-08-03T06:16:25Z,0408822026-08-03,04088,2026-08-03,SCHEDULED,0,0.0
2026-08-03T06:16:25Z,0407222026-08-03,04072,2026-08-03,SCHEDULED,1560,26.0
2026-08-03T06:16:25Z,0407212026-08-03,04072,2026-08-03,SCHEDULED,1560,26.0
2026-08-03T06:16:25Z,0446412026-08-02,04464,2026-08-02,SCHEDULED,600,10.0
2026-08-03T06:16:25Z,0415422026-08-02,04154,2026-08-02,SCHEDULED,720,12.0
2026-08-03T06:16:25Z,0415412026-08-02,04154,2026-08-02,SCHEDULED,720,12.0
2026-08-03T06:16:25Z,0436422026-08-02,04364,2026-08-02,SCHEDULED,0,0.0
2026-08-03T06:16:25Z,0436412026-08-02,04364,2026-08-02,SCHEDULED,0,0.0
2026-08-03T06:16:25Z,0506312026-08-02,05063,2026-08-02,SCHEDULED,120,2.0
2026-08-03T06:16:25Z,0506422026-08-02,05064,2026-08-02,SCHEDULED,240,4.0
2026-08-03T06:16:25Z,0506412026-08-02,05064,2026-08-02,SCHEDULED,240,4.0
2026-08-03T06:16:25Z,0506522026-08-02,05065,2026-08-02,SCHEDULED,60,1.0
2026-08-03T06:16:25Z,0506512026-08-02,05065,2026-08-02,SCHEDULED,60,1.0
2026-08-03T06:16:25Z,0507012026-08-02,05070,2026-08-02,SCHEDULED,60,1.0
2026-08-03T06:16:25Z,0507212026-08-02,05072,2026-08-02,SCHEDULED,0,0.0
2026-08-03T06:16:25Z,0509222026-08-02,05092,2026-08-02,SCHEDULED,0,0.0
2026-08-03T06:16:25Z,0509212026-08-02,05092,2026-08-02,SCHEDULED,0,0.0
2026-08-03T06:16:25Z,0508012026-08-02,05080,2026-08-02,SCHEDULED,-240,-4.0
2026-08-03T06:16:25Z,0508032026-08-02,05080,2026-08-02,SCHEDULED,-240,-4.0
2026-08-03T06:16:25Z,0508022026-08-02,05080,2026-08-02,SCHEDULED,-240,-4.0
2026-08-03T06:16:25Z,0566812026-08-02,05668,2026-08-02,SCHEDULED,0,0.0
2026-08-03T06:16:25Z,1261412026-08-02,12614,2026-08-02,CANCELED,,
2026-08-03T06:16:25Z,1565712026-08-02,15657,2026-08-02,CANCELED,,
2026-08-03T06:16:25Z,1260712026-08-02,12607,2026-08-02,CANCELED,,
2026-08-03T06:16:25Z,1260712026-08-02,12607,2026-08-02,CANCELED,,
2026-08-03T06:16:25Z,1705212026-08-02,17052,2026-08-02,CANCELED,,
2026-08-03T06:16:25Z,1307912026-08-02,13079,2026-08-02,CANCELED,,
2026-08-03T06:16:25Z,1721812026-08-02,17218,2026-08-02,CANCELED,,
2026-08-03T06:16:25Z,1390412026-08-02,13904,2026-08-02,CANCELED,,
2026-08-03T06:16:25Z,3821812026-08-02,38218,2026-08-02,CANCELED,,
2026-08-03T06:16:25Z,3890412026-08-02,38904,2026-08-02,CANCELED,,
2026-08-03T06:16:25Z,1722112026-08-02,17221,2026-08-02,CANCELED,,
2026-08-03T06:16:25Z,3822112026-08-02,38221,2026-08-02,CANCELED,,
2026-08-03T06:16:25Z,0407222026-08-03,04072,2026-08-03,CANCELED,,
2026-08-03T06:16:25Z,0407212026-08-03,04072,2026-08-03,CANCELED,,
2026-08-03T06:16:25Z,3707212026-08-03,37072,2026-08-03,CANCELED,,
2026-08-03T06:16:25Z,1750312026-08-02,17503,2026-08-02,CANCELED,,
2026-08-03T06:16:25Z,1821412026-08-02,18214,2026-08-02,CANCELED,,
2026-08-03T06:16:25Z,0029522026-08-03,00295,2026-08-03,CANCELED,,
2026-08-03T06:16:25Z,0029512026-08-03,00295,2026-08-03,CANCELED,,
2026-08-03T06:16:25Z,1821512026-08-02,18215,2026-08-02,CANCELED,,
2026-08-03T06:16:25Z,1260812026-08-02,12608,2026-08-02,CANCELED,,
2026-08-03T06:16:25Z,3709522026-08-02,37095,2026-08-02,CANCELED,,
2026-08-03T06:16:25Z,3709512026-08-02,37095,2026-08-02,CANCELED,,
2026-08-03T06:16:25Z,3739512026-08-02,37395,2026-08-02,CANCELED,,
2026-08-03T06:16:25Z,1810132026-08-02,18101,2026-08-02,CANCELED,,
2026-08-03T06:16:25Z,1810142026-08-02,18101,2026-08-02,CANCELED,,
2026-08-03T06:16:25Z,1810152026-08-02,18101,2026-08-02,CANCELED,,
2026-08-03T06:16:25Z,0019222026-08-03,00192,2026-08-03,CANCELED,,
2026-08-03T06:16:25Z,0019212026-08-03,00192,2026-08-03,CANCELED,,
2026-08-03T06:16:25Z,3739212026-08-02,37392,2026-08-02,CANCELED,,
2026-08-03T06:16:25Z,1810222026-08-02,18102,2026-08-02,CANCELED,,
2026-08-03T06:16:25Z,1810232026-08-02,18102,2026-08-02,CANCELED,,
2026-08-03T06:16:25Z,1810242026-08-02,18102,2026-08-02,CANCELED,,
2026-08-03T06:16:25Z,3749222026-08-02,37492,2026-08-02,CANCELED,,
2026-08-03T06:16:25Z,3749212026-08-02,37492,2026-08-02,CANCELED,,
2026-08-03T06:16:25Z,1810512026-08-02,18105,2026-08-02,CANCELED,,
2026-08-03T06:16:25Z,3810512026-08-02,38105,2026-08-02,CANCELED,,
2026-08-03T06:21:24Z,0587112026-08-02,05871,2026-08-02,SCHEDULED,540,9.0
2026-08-03T06:21:24Z,1264412026-08-02,12644,2026-08-02,SCHEDULED,660,11.0
2026-08-03T06:21:24Z,0807512026-08-02,08075,2026-08-02,SCHEDULED,1380,23.0
2026-08-03T06:21:24Z,1268012026-08-02,12680,2026-08-02,SCHEDULED,60,1.0
2026-08-03T06:21:24Z,0807812026-08-02,08078,2026-08-02,SCHEDULED,-120,-2.0
2026-08-03T06:21:24Z,1300012026-08-02,13000,2026-08-02,SCHEDULED,2880,48.0
2026-08-03T06:21:24Z,0808012026-08-02,08080,2026-08-02,SCHEDULED,0,0.0
2026-08-03T06:21:24Z,1300212026-08-02,13002,2026-08-02,SCHEDULED,660,11.0
2026-08-03T06:21:24Z,0808112026-08-02,08081,2026-08-02,SCHEDULED,180,3.0
2026-08-03T06:21:24Z,1300312026-08-02,13003,2026-08-02,SCHEDULED,660,11.0
2026-08-03T06:21:24Z,0808212026-08-02,08082,2026-08-02,SCHEDULED,60,1.0
2026-08-03T06:21:24Z,1302012026-08-02,13020,2026-08-02,SCHEDULED,120,2.0
2026-08-03T06:21:24Z,0808512026-08-02,08085,2026-08-02,SCHEDULED,0,0.0
2026-08-03T06:21:24Z,0808712026-08-02,08087,2026-08-02,SCHEDULED,0,0.0
2026-08-03T06:21:24Z,1303012026-08-02,13030,2026-08-02,SCHEDULED,480,8.0
2026-08-03T06:21:24Z,0827112026-08-02,08271,2026-08-02,SCHEDULED,-240,-4.0
2026-08-03T06:21:24Z,1300112026-08-02,13001,2026-08-02,SCHEDULED,600,10.0
2026-08-03T06:21:24Z,0827512026-08-02,08275,2026-08-02,SCHEDULED,180,3.0
2026-08-03T06:21:24Z,1395112026-08-02,13951,2026-08-02,SCHEDULED,60,1.0
2026-08-03T06:21:24Z,0827812026-08-02,08278,2026-08-02,SCHEDULED,-60,-1.0
2026-08-03T06:21:24Z,1320312026-08-02,13203,2026-08-02,SCHEDULED,120,2.0
2026-08-03T06:21:24Z,0828312026-08-02,08283,2026-08-02,SCHEDULED,60,1.0
2026-08-03T06:21:24Z,1390012026-08-02,13900,2026-08-02,SCHEDULED,420,7.0
2026-08-03T06:21:24Z,0828712026-08-02,08287,2026-08-02,SCHEDULED,300,5.0
2026-08-03T06:21:24Z,1390112026-08-02,13901,2026-08-02,SCHEDULED,180,3.0
2026-08-03T06:21:24Z,0847512026-08-02,08475,2026-08-02,SCHEDULED,180,3.0
2026-08-03T06:21:24Z,0866412026-08-02,08664,2026-08-02,SCHEDULED,-480,-8.0
2026-08-03T06:21:24Z,0907112026-08-02,09071,2026-08-02,SCHEDULED,240,4.0
2026-08-03T06:21:24Z,0907312026-08-02,09073,2026-08-02,SCHEDULED,0,0.0
2026-08-03T06:21:24Z,1412322026-08-03,14123,2026-08-03,SCHEDULED,540,9.0
2026-08-03T06:21:24Z,1412342026-08-02,14123,2026-08-02,SCHEDULED,540,9.0
2026-08-03T06:21:24Z,1412332026-08-02,14123,2026-08-02,SCHEDULED,540,9.0
2026-08-03T06:21:24Z,0908212026-08-02,09082,2026-08-02,SCHEDULED,0,0.0
2026-08-03T06:21:24Z,0908312026-08-02,09083,2026-08-02,SCHEDULED,60,1.0
2026-08-03T06:21:24Z,0908712026-08-02,09087,2026-08-02,SCHEDULED,0,0.0
2026-08-03T06:21:24Z,3560432026-08-02,35604,2026-08-02,SCHEDULED,60,1.0
2026-08-03T06:21:24Z,3560442026-08-02,35604,2026-08-02,SCHEDULED,60,1.0
2026-08-03T06:21:24Z,3560452026-08-02,35604,2026-08-02,SCHEDULED,60,1.0
2026-08-03T06:21:24Z,0973722026-08-02,09737,2026-08-02,SCHEDULED,60,1.0
2026-08-03T06:21:24Z,0973712026-08-02,09737,2026-08-02,SCHEDULED,60,1.0
2026-08-03T06:21:24Z,1451012026-08-02,14510,2026-08-02,SCHEDULED,360,6.0
2026-08-03T06:21:24Z,1500112026-08-02,15001,2026-08-02,SCHEDULED,-60,-1.0
2026-08-03T06:21:24Z,0207412026-08-03,02074,2026-08-03,SCHEDULED,300,5.0
2026-08-03T06:21:24Z,1500212026-08-02,15002,2026-08-02,SCHEDULED,360,6.0
2026-08-03T06:21:24Z,0109212026-08-02,01092,2026-08-02,SCHEDULED,540,9.0
2026-08-03T06:21:24Z,1500312026-08-02,15003,2026-08-02,SCHEDULED,120,2.0
2026-08-03T06:21:24Z,0507112026-08-02,05071,2026-08-02,SCHEDULED,60,1.0
2026-08-03T06:21:24Z,1504012026-08-02,15040,2026-08-02,SCHEDULED,1080,18.0
2026-08-03T06:21:24Z,1504112026-08-02,15041,2026-08-02,SCHEDULED,480,8.0
2026-08-03T06:21:24Z,0029122026-08-03,00291,2026-08-03,SCHEDULED,-60,-1.0
2026-08-03T06:21:24Z,0029112026-08-03,00291,2026-08-03,SCHEDULED,-60,-1.0
2026-08-03T06:21:24Z,1505012026-08-02,15050,2026-08-02,SCHEDULED,1020,17.0
2026-08-03T06:21:24Z,1563212026-08-02,15632,2026-08-02,SCHEDULED,0,0.0
2026-08-03T06:21:24Z,0309222026-08-02,03092,2026-08-02,SCHEDULED,300,5.0
2026-08-03T06:21:24Z,0309212026-08-02,03092,2026-08-02,SCHEDULED,300,5.0
2026-08-03T06:21:24Z,1562112026-08-02,15621,2026-08-02,SCHEDULED,180,3.0
2026-08-03T06:21:24Z,0527312026-08-02,05273,2026-08-02,SCHEDULED,0,0.0
2026-08-03T06:21:24Z,1564512026-08-02,15645,2026-08-02,SCHEDULED,60,1.0
2026-08-03T06:21:24Z,1572212026-08-02,15722,2026-08-02,SCHEDULED,540,9.0
2026-08-03T06:21:24Z,0429522026-08-02,04295,2026-08-02,SCHEDULED,120,2.0
2026-08-03T06:21:24Z,0429512026-08-02,04295,2026-08-02,SCHEDULED,120,2.0
2026-08-03T06:21:24Z,1575312026-08-02,15753,2026-08-02,SCHEDULED,-60,-1.0
2026-08-03T06:21:24Z,0069712026-08-03,00697,2026-08-03,SCHEDULED,300,5.0
2026-08-03T06:21:24Z,1577412026-08-02,15774,2026-08-02,SCHEDULED,0,0.0
2026-08-03T06:21:24Z,1577812026-08-02,15778,2026-08-02,SCHEDULED,60,1.0
2026-08-03T06:21:24Z,1580212026-08-02,15802,2026-08-02,SCHEDULED,60,1.0
2026-08-03T06:21:24Z,0576312026-08-02,05763,2026-08-02,SCHEDULED,300,5.0
2026-08-03T06:21:24Z,0576322026-08-02,05763,2026-08-02,SCHEDULED,300,5.0
2026-08-03T06:21:24Z,0576332026-08-02,05763,2026-08-02,SCHEDULED,300,5.0
2026-08-03T06:21:24Z,1585012026-08-02,15850,2026-08-02,SCHEDULED,300,5.0
2026-08-03T06:21:24Z,0405612026-08-03,04056,2026-08-03,SCHEDULED,120,2.0
2026-08-03T06:21:24Z,1585212026-08-02,15852,2026-08-02,SCHEDULED,60,1.0
2026-08-03T06:21:24Z,1590012026-08-02,15900,2026-08-02,SCHEDULED,1380,23.0
2026-08-03T06:21:24Z,1590412026-08-02,15904,2026-08-02,SCHEDULED,0,0.0
2026-08-03T06:21:24Z,0418612026-08-03,04186,2026-08-03,SCHEDULED,60,1.0
2026-08-03T06:21:24Z,0418642026-08-03,04186,2026-08-03,SCHEDULED,60,1.0
2026-08-03T06:21:24Z,0418622026-08-03,04186,2026-08-03,SCHEDULED,60,1.0
2026-08-03T06:21:24Z,1607112026-08-02,16071,2026-08-02,SCHEDULED,120,2.0
2026-08-03T06:21:24Z,0408712026-08-03,04087,2026-08-03,SCHEDULED,960,16.0
2026-08-03T06:21:24Z,1700812026-08-02,17008,2026-08-02,SCHEDULED,420,7.0
2026-08-03T06:21:24Z,1704212026-08-02,17042,2026-08-02,SCHEDULED,60,1.0
2026-08-03T06:21:24Z,0029322026-08-03,00293,2026-08-03,SCHEDULED,840,14.0
2026-08-03T06:21:24Z,0029312026-08-03,00293,2026-08-03,SCHEDULED,840,14.0
2026-08-03T06:21:24Z,1780612026-08-02,17806,2026-08-02,SCHEDULED,480,8.0
2026-08-03T06:21:24Z,0407312026-08-03,04073,2026-08-03,SCHEDULED,0,0.0
2026-08-03T06:21:24Z,1443512026-08-02,14435,2026-08-02,SCHEDULED,60,1.0
2026-08-03T06:21:24Z,1210112026-08-02,12101,2026-08-02,SCHEDULED,360,6.0
2026-08-03T06:21:24Z,1530912026-08-02,15309,2026-08-02,SCHEDULED,300,5.0
2026-08-03T06:21:24Z,1248012026-08-02,12480,2026-08-02,SCHEDULED,300,5.0
2026-08-03T06:21:24Z,1503022026-08-02,15030,2026-08-02,SCHEDULED,180,3.0
2026-08-03T06:21:24Z,1261312026-08-02,12613,2026-08-02,SCHEDULED,240,4.0
2026-08-03T06:21:24Z,1503112026-08-02,15031,2026-08-02,SCHEDULED,300,5.0
2026-08-03T06:21:24Z,1261112026-08-02,12611,2026-08-02,SCHEDULED,0,0.0
2026-08-03T06:21:24Z,1503212026-08-02,15032,2026-08-02,SCHEDULED,-60,-1.0
2026-08-03T06:21:24Z,1264112026-08-02,12641,2026-08-02,SCHEDULED,840,14.0
2026-08-03T06:21:24Z,1600012026-08-02,16000,2026-08-02,SCHEDULED,240,4.0
2026-08-03T06:21:24Z,1600112026-08-02,16001,2026-08-02,SCHEDULED,0,0.0
2026-08-03T06:21:24Z,0411422026-08-03,04114,2026-08-03,SCHEDULED,60,1.0
2026-08-03T06:21:24Z,0411412026-08-03,04114,2026-08-03,SCHEDULED,60,1.0
2026-08-03T06:21:24Z,1447112026-08-02,14471,2026-08-02,SCHEDULED,60,1.0
2026-08-03T06:21:24Z,0060112026-08-03,00601,2026-08-03,SCHEDULED,-420,-7.0
2026-08-03T06:21:24Z,1702112026-08-02,17021,2026-08-02,SCHEDULED,-60,-1.0
2026-08-03T06:21:24Z,1702122026-08-02,17021,2026-08-02,SCHEDULED,-60,-1.0
2026-08-03T06:21:24Z,1702132026-08-02,17021,2026-08-02,SCHEDULED,-60,-1.0
2026-08-03T06:21:24Z,0807922026-08-02,08079,2026-08-02,SCHEDULED,0,0.0
2026-08-03T06:21:24Z,1402012026-08-02,14020,2026-08-02,SCHEDULED,-60,-1.0
2026-08-03T06:21:24Z,0062122026-08-03,00621,2026-08-03,SCHEDULED,120,2.0
2026-08-03T06:21:24Z,0062132026-08-03,00621,2026-08-03,SCHEDULED,120,2.0
2026-08-03T06:21:24Z,0062152026-08-03,00621,2026-08-03,SCHEDULED,120,2.0
2026-08-03T06:21:24Z,0062112026-08-03,00621,2026-08-03,SCHEDULED,120,2.0
2026-08-03T06:21:24Z,0062142026-08-03,00621,2026-08-03,SCHEDULED,120,2.0
2026-08-03T06:21:24Z,1401812026-08-02,14018,2026-08-02,SCHEDULED,660,11.0
2026-08-03T06:21:24Z,1877312026-08-02,18773,2026-08-02,SCHEDULED,660,11.0
2026-08-03T06:21:24Z,0891512026-08-02,08915,2026-08-02,SCHEDULED,-120,-2.0
2026-08-03T06:21:24Z,0063142026-08-03,00631,2026-08-03,SCHEDULED,240,4.0
2026-08-03T06:21:24Z,0063132026-08-03,00631,2026-08-03,SCHEDULED,240,4.0
2026-08-03T06:21:24Z,0063112026-08-03,00631,2026-08-03,SCHEDULED,240,4.0
2026-08-03T06:21:24Z,0063122026-08-03,00631,2026-08-03,SCHEDULED,240,4.0
2026-08-03T06:21:24Z,1833112026-08-02,18331,2026-08-02,SCHEDULED,480,8.0
2026-08-03T06:21:24Z,0075222026-08-03,00752,2026-08-03,SCHEDULED,600,10.0
2026-08-03T06:21:24Z,0075212026-08-03,00752,2026-08-03,SCHEDULED,600,10.0
2026-08-03T06:21:24Z,0948012026-08-02,09480,2026-08-02,SCHEDULED,60,1.0
2026-08-03T06:21:24Z,7180012026-08-02,71800,2026-08-02,SCHEDULED,60,1.0
2026-08-03T06:21:24Z,0107112026-08-02,01071,2026-08-02,SCHEDULED,60,1.0
2026-08-03T06:21:24Z,7181112026-08-02,71811,2026-08-02,SCHEDULED,-120,-2.0
2026-08-03T06:21:24Z,0107212026-08-02,01072,2026-08-02,SCHEDULED,960,16.0
2026-08-03T06:21:24Z,7182012026-08-02,71820,2026-08-02,SCHEDULED,0,0.0
2026-08-03T06:21:24Z,7183012026-08-02,71830,2026-08-02,SCHEDULED,180,3.0
2026-08-03T06:21:24Z,0108122026-08-02,01081,2026-08-02,SCHEDULED,240,4.0
2026-08-03T06:21:24Z,0108112026-08-02,01081,2026-08-02,SCHEDULED,240,4.0
2026-08-03T06:21:24Z,7183112026-08-02,71831,2026-08-02,SCHEDULED,-180,-3.0
2026-08-03T06:21:24Z,0206112026-08-02,02061,2026-08-02,SCHEDULED,1080,18.0
2026-08-03T06:21:24Z,1800112026-08-02,18001,2026-08-02,SCHEDULED,60,1.0
2026-08-03T06:21:24Z,0206312026-08-02,02063,2026-08-02,SCHEDULED,-60,-1.0
2026-08-03T06:21:24Z,0206712026-08-02,02067,2026-08-02,SCHEDULED,300,5.0
2026-08-03T06:21:24Z,1802412026-08-02,18024,2026-08-02,SCHEDULED,60,1.0
2026-08-03T06:21:24Z,0207012026-08-02,02070,2026-08-02,SCHEDULED,540,9.0
2026-08-03T06:21:24Z,1803112026-08-02,18031,2026-08-02,SCHEDULED,600,10.0
2026-08-03T06:21:24Z,0207112026-08-02,02071,2026-08-02,SCHEDULED,420,7.0
2026-08-03T06:21:24Z,1804112026-08-02,18041,2026-08-02,SCHEDULED,240,4.0
2026-08-03T06:21:24Z,0207312026-08-02,02073,2026-08-02,SCHEDULED,540,9.0
2026-08-03T06:21:24Z,1805412026-08-02,18054,2026-08-02,SCHEDULED,120,2.0
2026-08-03T06:21:24Z,0207512026-08-03,02075,2026-08-03,SCHEDULED,900,15.0
2026-08-03T06:21:24Z,1807112026-08-02,18071,2026-08-02,SCHEDULED,1140,19.0
2026-08-03T06:21:24Z,1807212026-08-02,18072,2026-08-02,SCHEDULED,0,0.0
2026-08-03T06:21:24Z,0207212026-08-02,02072,2026-08-02,SCHEDULED,-180,-3.0
2026-08-03T06:21:24Z,0208012026-08-02,02080,2026-08-02,SCHEDULED,300,5.0
2026-08-03T06:21:24Z,1807412026-08-02,18074,2026-08-02,SCHEDULED,-60,-1.0
2026-08-03T06:21:24Z,0208312026-08-02,02083,2026-08-02,SCHEDULED,420,7.0
2026-08-03T06:21:24Z,0228512026-08-03,02285,2026-08-03,SCHEDULED,180,3.0
2026-08-03T06:21:24Z,1800212026-08-02,18002,2026-08-02,SCHEDULED,600,10.0
2026-08-03T06:21:24Z,1806612026-08-02,18066,2026-08-02,SCHEDULED,120,2.0
2026-08-03T06:21:24Z,1812012026-08-02,18120,2026-08-02,SCHEDULED,2040,34.0
2026-08-03T06:21:24Z,1812112026-08-02,18121,2026-08-02,SCHEDULED,60,1.0
2026-08-03T06:21:24Z,0306242026-08-02,03062,2026-08-02,SCHEDULED,-60,-1.0
2026-08-03T06:21:24Z,0306232026-08-02,03062,2026-08-02,SCHEDULED,-60,-1.0
2026-08-03T06:21:24Z,0306212026-08-02,03062,2026-08-02,SCHEDULED,-60,-1.0
2026-08-03T06:21:24Z,0306222026-08-02,03062,2026-08-02,SCHEDULED,-60,-1.0
2026-08-03T06:21:24Z,1812312026-08-02,18123,2026-08-02,SCHEDULED,300,5.0
2026-08-03T06:21:24Z,0307322026-08-02,03073,2026-08-02,SCHEDULED,600,10.0
2026-08-03T06:21:24Z,0307312026-08-02,03073,2026-08-02,SCHEDULED,600,10.0
2026-08-03T06:21:24Z,1830012026-08-02,18300,2026-08-02,SCHEDULED,0,0.0
2026-08-03T06:21:24Z,0308212026-08-02,03082,2026-08-02,SCHEDULED,60,1.0
2026-08-03T06:21:24Z,1832112026-08-02,18321,2026-08-02,SCHEDULED,360,6.0
2026-08-03T06:21:24Z,0306242026-08-02,03062,2026-08-02,SCHEDULED,480,8.0
2026-08-03T06:21:24Z,0306232026-08-02,03062,2026-08-02,SCHEDULED,480,8.0
2026-08-03T06:21:24Z,0306212026-08-02,03062,2026-08-02,SCHEDULED,480,8.0
2026-08-03T06:21:24Z,0306222026-08-02,03062,2026-08-02,SCHEDULED,480,8.0
2026-08-03T06:21:24Z,1801012026-08-02,18010,2026-08-02,SCHEDULED,300,5.0
2026-08-03T06:21:24Z,1801022026-08-02,18010,2026-08-02,SCHEDULED,300,5.0
2026-08-03T06:21:24Z,1801032026-08-02,18010,2026-08-02,SCHEDULED,300,5.0
2026-08-03T06:21:24Z,1890112026-08-02,18901,2026-08-02,SCHEDULED,60,1.0
2026-08-03T06:21:24Z,1890012026-08-02,18900,2026-08-02,SCHEDULED,240,4.0
2026-08-03T06:21:24Z,0331112026-08-02,03311,2026-08-02,SCHEDULED,-120,-2.0
2026-08-03T06:21:24Z,0331122026-08-02,03311,2026-08-02,SCHEDULED,-120,-2.0
2026-08-03T06:21:24Z,0331132026-08-02,03311,2026-08-02,SCHEDULED,-120,-2.0
2026-08-03T06:21:24Z,1891012026-08-02,18910,2026-08-02,SCHEDULED,660,11.0
2026-08-03T06:21:24Z,1443212026-08-02,14432,2026-08-02,SCHEDULED,480,8.0
2026-08-03T06:21:24Z,0366222026-08-02,03662,2026-08-02,SCHEDULED,300,5.0
2026-08-03T06:21:24Z,0366212026-08-02,03662,2026-08-02,SCHEDULED,300,5.0
2026-08-03T06:21:24Z,0327212026-08-02,03272,2026-08-02,SCHEDULED,60,1.0
2026-08-03T06:21:24Z,0406012026-08-02,04060,2026-08-02,SCHEDULED,0,0.0
2026-08-03T06:21:24Z,0408822026-08-03,04088,2026-08-03,SCHEDULED,0,0.0
2026-08-03T06:21:24Z,0407222026-08-03,04072,2026-08-03,SCHEDULED,1740,29.0
2026-08-03T06:21:24Z,0407212026-08-03,04072,2026-08-03,SCHEDULED,1740,29.0
2026-08-03T06:21:24Z,0446412026-08-02,04464,2026-08-02,SCHEDULED,660,11.0
2026-08-03T06:21:24Z,0415422026-08-02,04154,2026-08-02,SCHEDULED,720,12.0
2026-08-03T06:21:24Z,0415412026-08-02,04154,2026-08-02,SCHEDULED,720,12.0
2026-08-03T06:21:24Z,0436422026-08-02,04364,2026-08-02,SCHEDULED,60,1.0
2026-08-03T06:21:24Z,0436412026-08-02,04364,2026-08-02,SCHEDULED,60,1.0
2026-08-03T06:21:24Z,0506312026-08-02,05063,2026-08-02,SCHEDULED,180,3.0
2026-08-03T06:21:24Z,0506422026-08-02,05064,2026-08-02,SCHEDULED,180,3.0
2026-08-03T06:21:24Z,0506412026-08-02,05064,2026-08-02,SCHEDULED,180,3.0
2026-08-03T06:21:24Z,0506522026-08-02,05065,2026-08-02,SCHEDULED,120,2.0
2026-08-03T06:21:24Z,0506512026-08-02,05065,2026-08-02,SCHEDULED,120,2.0
2026-08-03T06:21:24Z,0507012026-08-02,05070,2026-08-02,SCHEDULED,0,0.0
2026-08-03T06:21:24Z,0507212026-08-02,05072,2026-08-02,SCHEDULED,0,0.0
2026-08-03T06:21:24Z,0509222026-08-02,05092,2026-08-02,SCHEDULED,0,0.0
2026-08-03T06:21:24Z,0509212026-08-02,05092,2026-08-02,SCHEDULED,0,0.0
2026-08-03T06:21:24Z,0508012026-08-02,05080,2026-08-02,SCHEDULED,-240,-4.0
2026-08-03T06:21:24Z,0508032026-08-02,05080,2026-08-02,SCHEDULED,-240,-4.0
2026-08-03T06:21:24Z,0508022026-08-02,05080,2026-08-02,SCHEDULED,-240,-4.0
2026-08-03T06:21:24Z,0566812026-08-02,05668,2026-08-02,SCHEDULED,-60,-1.0
2026-08-03T06:21:24Z,1261412026-08-02,12614,2026-08-02,CANCELED,,
2026-08-03T06:21:24Z,1565712026-08-02,15657,2026-08-02,CANCELED,,
2026-08-03T06:21:24Z,1260712026-08-02,12607,2026-08-02,CANCELED,,
2026-08-03T06:21:24Z,1260712026-08-02,12607,2026-08-02,CANCELED,,
2026-08-03T06:21:24Z,1705212026-08-02,17052,2026-08-02,CANCELED,,
2026-08-03T06:21:24Z,1307912026-08-02,13079,2026-08-02,CANCELED,,
2026-08-03T06:21:24Z,1721812026-08-02,17218,2026-08-02,CANCELED,,
2026-08-03T06:21:24Z,1390412026-08-02,13904,2026-08-02,CANCELED,,
2026-08-03T06:21:24Z,3821812026-08-02,38218,2026-08-02,CANCELED,,
2026-08-03T06:21:24Z,3890412026-08-02,38904,2026-08-02,CANCELED,,
2026-08-03T06:21:24Z,1722112026-08-02,17221,2026-08-02,CANCELED,,
2026-08-03T06:21:24Z,0407222026-08-03,04072,2026-08-03,CANCELED,,
2026-08-03T06:21:24Z,0407212026-08-03,04072,2026-08-03,CANCELED,,
2026-08-03T06:21:24Z,3822112026-08-02,38221,2026-08-02,CANCELED,,
2026-08-03T06:21:24Z,1750312026-08-02,17503,2026-08-02,CANCELED,,
2026-08-03T06:21:24Z,3707212026-08-03,37072,2026-08-03,CANCELED,,
2026-08-03T06:21:24Z,1821412026-08-02,18214,2026-08-02,CANCELED,,
2026-08-03T06:21:24Z,0029522026-08-03,00295,2026-08-03,CANCELED,,
2026-08-03T06:21:24Z,0029512026-08-03,00295,2026-08-03,CANCELED,,
2026-08-03T06:21:24Z,1821512026-08-02,18215,2026-08-02,CANCELED,,
2026-08-03T06:21:24Z,1260812026-08-02,12608,2026-08-02,CANCELED,,
2026-08-03T06:21:24Z,3709522026-08-02,37095,2026-08-02,CANCELED,,
2026-08-03T06:21:24Z,3709512026-08-02,37095,2026-08-02,CANCELED,,
2026-08-03T06:21:24Z,3739512026-08-02,37395,2026-08-02,CANCELED,,
2026-08-03T06:21:24Z,1810132026-08-02,18101,2026-08-02,CANCELED,,
2026-08-03T06:21:24Z,1810142026-08-02,18101,2026-08-02,CANCELED,,
2026-08-03T06:21:24Z,1810152026-08-02,18101,2026-08-02,CANCELED,,
2026-08-03T06:21:24Z,0019222026-08-03,00192,2026-08-03,CANCELED,,
2026-08-03T06:21:24Z,0019212026-08-03,00192,2026-08-03,CANCELED,,
2026-08-03T06:21:24Z,3739212026-08-02,37392,2026-08-02,CANCELED,,
2026-08-03T06:21:24Z,1810222026-08-02,18102,2026-08-02,CANCELED,,
2026-08-03T06:21:24Z,1810232026-08-02,18102,2026-08-02,CANCELED,,
2026-08-03T06:21:24Z,1810242026-08-02,18102,2026-08-02,CANCELED,,
2026-08-03T06:21:24Z,3749222026-08-02,37492,2026-08-02,CANCELED,,
2026-08-03T06:21:24Z,3749212026-08-02,37492,2026-08-02,CANCELED,,
2026-08-03T06:21:24Z,1810512026-08-02,18105,2026-08-02,CANCELED,,
2026-08-03T06:21:24Z,3810512026-08-02,38105,2026-08-02,CANCELED,,
