timestamp_utc,trip_id,tren,fecha_tren,estado,retraso_seg,retraso_min
2026-08-16T00:01:54Z,1300322026-08-14,13003,2026-08-14,CANCELED,,
2026-08-16T00:01:54Z,1564212026-08-14,15642,2026-08-14,CANCELED,,
2026-08-16T00:01:54Z,1322112026-08-14,13221,2026-08-14,CANCELED,,
2026-08-16T00:01:54Z,1390712026-08-14,13907,2026-08-14,CANCELED,,
2026-08-16T00:01:54Z,3890712026-08-14,38907,2026-08-14,CANCELED,,
2026-08-16T00:01:54Z,1323212026-08-14,13232,2026-08-14,CANCELED,,
2026-08-16T00:01:54Z,1585412026-08-14,15854,2026-08-14,CANCELED,,
2026-08-16T00:01:54Z,1391012026-08-14,13910,2026-08-14,CANCELED,,
2026-08-16T00:01:54Z,0237512026-08-15,02375,2026-08-15,CANCELED,,
2026-08-16T00:01:54Z,7187422026-08-14,71874,2026-08-14,CANCELED,,
2026-08-16T00:01:54Z,0408612026-08-15,04086,2026-08-15,CANCELED,,
2026-08-16T00:01:54Z,3718612026-08-14,37186,2026-08-14,CANCELED,,
2026-08-16T00:06:25Z,1300322026-08-14,13003,2026-08-14,CANCELED,,
2026-08-16T00:06:25Z,1564212026-08-14,15642,2026-08-14,CANCELED,,
2026-08-16T00:06:25Z,1322112026-08-14,13221,2026-08-14,CANCELED,,
2026-08-16T00:06:25Z,1390712026-08-14,13907,2026-08-14,CANCELED,,
2026-08-16T00:06:25Z,1323212026-08-14,13232,2026-08-14,CANCELED,,
2026-08-16T00:06:25Z,3890712026-08-14,38907,2026-08-14,CANCELED,,
2026-08-16T00:06:25Z,1391012026-08-14,13910,2026-08-14,CANCELED,,
2026-08-16T00:06:25Z,1585412026-08-14,15854,2026-08-14,CANCELED,,
2026-08-16T00:06:25Z,0237512026-08-15,02375,2026-08-15,CANCELED,,
2026-08-16T00:06:25Z,7187422026-08-14,71874,2026-08-14,CANCELED,,
2026-08-16T00:06:25Z,0408612026-08-15,04086,2026-08-15,CANCELED,,
2026-08-16T00:06:25Z,3718612026-08-14,37186,2026-08-14,CANCELED,,
2026-08-16T00:11:31Z,1300322026-08-14,13003,2026-08-14,CANCELED,,
2026-08-16T00:11:31Z,1564212026-08-14,15642,2026-08-14,CANCELED,,
2026-08-16T00:11:31Z,1322112026-08-14,13221,2026-08-14,CANCELED,,
2026-08-16T00:11:31Z,1390712026-08-14,13907,2026-08-14,CANCELED,,
2026-08-16T00:11:31Z,1323212026-08-14,13232,2026-08-14,CANCELED,,
2026-08-16T00:11:31Z,3890712026-08-14,38907,2026-08-14,CANCELED,,
2026-08-16T00:11:31Z,1391012026-08-14,13910,2026-08-14,CANCELED,,
2026-08-16T00:11:31Z,1585412026-08-14,15854,2026-08-14,CANCELED,,
2026-08-16T00:11:31Z,0237512026-08-15,02375,2026-08-15,CANCELED,,
2026-08-16T00:11:31Z,0408612026-08-15,04086,2026-08-15,CANCELED,,
2026-08-16T00:11:31Z,7187422026-08-14,71874,2026-08-14,CANCELED,,
2026-08-16T00:11:31Z,3718612026-08-14,37186,2026-08-14,CANCELED,,
2026-08-16T00:16:31Z,1300322026-08-14,13003,2026-08-14,CANCELED,,
2026-08-16T00:16:31Z,1564212026-08-14,15642,2026-08-14,CANCELED,,
2026-08-16T00:16:31Z,1322112026-08-14,13221,2026-08-14,CANCELED,,
2026-08-16T00:16:31Z,1390712026-08-14,13907,2026-08-14,CANCELED,,
2026-08-16T00:16:31Z,1323212026-08-14,13232,2026-08-14,CANCELED,,
2026-08-16T00:16:31Z,3890712026-08-14,38907,2026-08-14,CANCELED,,
2026-08-16T00:16:31Z,1391012026-08-14,13910,2026-08-14,CANCELED,,
2026-08-16T00:16:31Z,1585412026-08-14,15854,2026-08-14,CANCELED,,
2026-08-16T00:16:31Z,0237512026-08-15,02375,2026-08-15,CANCELED,,
2026-08-16T00:16:31Z,0408612026-08-15,04086,2026-08-15,CANCELED,,
2026-08-16T00:16:31Z,7187422026-08-14,71874,2026-08-14,CANCELED,,
2026-08-16T00:16:31Z,3718612026-08-14,37186,2026-08-14,CANCELED,,
2026-08-16T00:21:33Z,1300322026-08-14,13003,2026-08-14,CANCELED,,
2026-08-16T00:21:33Z,1564212026-08-14,15642,2026-08-14,CANCELED,,
2026-08-16T00:21:33Z,1322112026-08-14,13221,2026-08-14,CANCELED,,
2026-08-16T00:21:33Z,1390712026-08-14,13907,2026-08-14,CANCELED,,
2026-08-16T00:21:33Z,1323212026-08-14,13232,2026-08-14,CANCELED,,
2026-08-16T00:21:33Z,3890712026-08-14,38907,2026-08-14,CANCELED,,
2026-08-16T00:21:33Z,1391012026-08-14,13910,2026-08-14,CANCELED,,
2026-08-16T00:21:33Z,1585412026-08-14,15854,2026-08-14,CANCELED,,
2026-08-16T00:21:33Z,0237512026-08-15,02375,2026-08-15,CANCELED,,
2026-08-16T00:21:33Z,0408612026-08-15,04086,2026-08-15,CANCELED,,
2026-08-16T00:21:33Z,7187422026-08-14,71874,2026-08-14,CANCELED,,
2026-08-16T00:21:33Z,3718612026-08-14,37186,2026-08-14,CANCELED,,
2026-08-16T00:26:25Z,1300322026-08-14,13003,2026-08-14,CANCELED,,
2026-08-16T00:26:25Z,1564212026-08-14,15642,2026-08-14,CANCELED,,
2026-08-16T00:26:25Z,1322112026-08-14,13221,2026-08-14,CANCELED,,
2026-08-16T00:26:25Z,1390712026-08-14,13907,2026-08-14,CANCELED,,
2026-08-16T00:26:25Z,1323212026-08-14,13232,2026-08-14,CANCELED,,
2026-08-16T00:26:25Z,3890712026-08-14,38907,2026-08-14,CANCELED,,
2026-08-16T00:26:25Z,1391012026-08-14,13910,2026-08-14,CANCELED,,
2026-08-16T00:26:25Z,1585412026-08-14,15854,2026-08-14,CANCELED,,
2026-08-16T00:26:25Z,0237512026-08-15,02375,2026-08-15,CANCELED,,
2026-08-16T00:26:25Z,0408612026-08-15,04086,2026-08-15,CANCELED,,
2026-08-16T00:26:25Z,7187422026-08-14,71874,2026-08-14,CANCELED,,
2026-08-16T00:26:25Z,3718612026-08-14,37186,2026-08-14,CANCELED,,
2026-08-16T00:31:41Z,1300322026-08-15,13003,2026-08-15,CANCELED,,
2026-08-16T00:31:41Z,1564212026-08-15,15642,2026-08-15,CANCELED,,
2026-08-16T00:31:41Z,1322112026-08-15,13221,2026-08-15,CANCELED,,
2026-08-16T00:31:41Z,1390712026-08-15,13907,2026-08-15,CANCELED,,
2026-08-16T00:31:41Z,1323212026-08-15,13232,2026-08-15,CANCELED,,
2026-08-16T00:31:41Z,3890712026-08-15,38907,2026-08-15,CANCELED,,
2026-08-16T00:31:41Z,1391012026-08-15,13910,2026-08-15,CANCELED,,
2026-08-16T00:31:41Z,1585412026-08-15,15854,2026-08-15,CANCELED,,
2026-08-16T00:31:41Z,0237512026-08-16,02375,2026-08-16,CANCELED,,
2026-08-16T00:31:41Z,0408612026-08-16,04086,2026-08-16,CANCELED,,
2026-08-16T00:31:41Z,7187422026-08-15,71874,2026-08-15,CANCELED,,
2026-08-16T00:31:41Z,3718612026-08-15,37186,2026-08-15,CANCELED,,
2026-08-16T00:36:26Z,1300322026-08-15,13003,2026-08-15,CANCELED,,
2026-08-16T00:36:26Z,1564212026-08-15,15642,2026-08-15,CANCELED,,
2026-08-16T00:36:26Z,1322112026-08-15,13221,2026-08-15,CANCELED,,
2026-08-16T00:36:26Z,1390712026-08-15,13907,2026-08-15,CANCELED,,
2026-08-16T00:36:26Z,1323212026-08-15,13232,2026-08-15,CANCELED,,
2026-08-16T00:36:26Z,3890712026-08-15,38907,2026-08-15,CANCELED,,
2026-08-16T00:36:26Z,1391012026-08-15,13910,2026-08-15,CANCELED,,
2026-08-16T00:36:26Z,1585412026-08-15,15854,2026-08-15,CANCELED,,
2026-08-16T00:36:26Z,0237512026-08-16,02375,2026-08-16,CANCELED,,
2026-08-16T00:36:26Z,0408612026-08-16,04086,2026-08-16,CANCELED,,
2026-08-16T00:36:26Z,7187422026-08-15,71874,2026-08-15,CANCELED,,
2026-08-16T00:36:26Z,3718612026-08-15,37186,2026-08-15,CANCELED,,
2026-08-16T00:41:29Z,1300322026-08-15,13003,2026-08-15,CANCELED,,
2026-08-16T00:41:29Z,1564212026-08-15,15642,2026-08-15,CANCELED,,
2026-08-16T00:41:29Z,1322112026-08-15,13221,2026-08-15,CANCELED,,
2026-08-16T00:41:29Z,1390712026-08-15,13907,2026-08-15,CANCELED,,
2026-08-16T00:41:29Z,1323212026-08-15,13232,2026-08-15,CANCELED,,
2026-08-16T00:41:29Z,3890712026-08-15,38907,2026-08-15,CANCELED,,
2026-08-16T00:41:29Z,1391012026-08-15,13910,2026-08-15,CANCELED,,
2026-08-16T00:41:29Z,1585412026-08-15,15854,2026-08-15,CANCELED,,
2026-08-16T00:41:29Z,0237512026-08-16,02375,2026-08-16,CANCELED,,
2026-08-16T00:41:29Z,0408612026-08-16,04086,2026-08-16,CANCELED,,
2026-08-16T00:41:29Z,7187422026-08-15,71874,2026-08-15,CANCELED,,
2026-08-16T00:41:29Z,3718612026-08-15,37186,2026-08-15,CANCELED,,
2026-08-16T00:46:32Z,1300322026-08-15,13003,2026-08-15,CANCELED,,
2026-08-16T00:46:32Z,1564212026-08-15,15642,2026-08-15,CANCELED,,
2026-08-16T00:46:32Z,1322112026-08-15,13221,2026-08-15,CANCELED,,
2026-08-16T00:46:32Z,1390712026-08-15,13907,2026-08-15,CANCELED,,
2026-08-16T00:46:32Z,1323212026-08-15,13232,2026-08-15,CANCELED,,
2026-08-16T00:46:32Z,3890712026-08-15,38907,2026-08-15,CANCELED,,
2026-08-16T00:46:32Z,1391012026-08-15,13910,2026-08-15,CANCELED,,
2026-08-16T00:46:32Z,1585412026-08-15,15854,2026-08-15,CANCELED,,
2026-08-16T00:46:32Z,0237512026-08-16,02375,2026-08-16,CANCELED,,
2026-08-16T00:46:32Z,0408612026-08-16,04086,2026-08-16,CANCELED,,
2026-08-16T00:46:32Z,7187422026-08-15,71874,2026-08-15,CANCELED,,
2026-08-16T00:46:32Z,3718612026-08-15,37186,2026-08-15,CANCELED,,
2026-08-16T00:50:46Z,1300322026-08-15,13003,2026-08-15,CANCELED,,
2026-08-16T00:50:46Z,1564212026-08-15,15642,2026-08-15,CANCELED,,
2026-08-16T00:50:46Z,1322112026-08-15,13221,2026-08-15,CANCELED,,
2026-08-16T00:50:46Z,1390712026-08-15,13907,2026-08-15,CANCELED,,
2026-08-16T00:50:46Z,1323212026-08-15,13232,2026-08-15,CANCELED,,
2026-08-16T00:50:46Z,3890712026-08-15,38907,2026-08-15,CANCELED,,
2026-08-16T00:50:46Z,1391012026-08-15,13910,2026-08-15,CANCELED,,
2026-08-16T00:50:46Z,1585412026-08-15,15854,2026-08-15,CANCELED,,
2026-08-16T00:50:46Z,0237512026-08-16,02375,2026-08-16,CANCELED,,
2026-08-16T00:50:46Z,0408612026-08-16,04086,2026-08-16,CANCELED,,
2026-08-16T00:50:46Z,7187422026-08-15,71874,2026-08-15,CANCELED,,
2026-08-16T00:50:46Z,3718612026-08-15,37186,2026-08-15,CANCELED,,
2026-08-16T00:56:28Z,1300322026-08-15,13003,2026-08-15,CANCELED,,
2026-08-16T00:56:28Z,1564212026-08-15,15642,2026-08-15,CANCELED,,
2026-08-16T00:56:28Z,1322112026-08-15,13221,2026-08-15,CANCELED,,
2026-08-16T00:56:28Z,1390712026-08-15,13907,2026-08-15,CANCELED,,
2026-08-16T00:56:28Z,1323212026-08-15,13232,2026-08-15,CANCELED,,
2026-08-16T00:56:28Z,3890712026-08-15,38907,2026-08-15,CANCELED,,
2026-08-16T00:56:28Z,1391012026-08-15,13910,2026-08-15,CANCELED,,
2026-08-16T00:56:28Z,1585412026-08-15,15854,2026-08-15,CANCELED,,
2026-08-16T00:56:28Z,0237512026-08-16,02375,2026-08-16,CANCELED,,
2026-08-16T00:56:28Z,0408612026-08-16,04086,2026-08-16,CANCELED,,
2026-08-16T00:56:28Z,7187422026-08-15,71874,2026-08-15,CANCELED,,
2026-08-16T00:56:28Z,3718612026-08-15,37186,2026-08-15,CANCELED,,
2026-08-16T01:01:53Z,1300322026-08-15,13003,2026-08-15,CANCELED,,
2026-08-16T01:01:53Z,1564212026-08-15,15642,2026-08-15,CANCELED,,
2026-08-16T01:01:53Z,1322112026-08-15,13221,2026-08-15,CANCELED,,
2026-08-16T01:01:53Z,1390712026-08-15,13907,2026-08-15,CANCELED,,
2026-08-16T01:01:53Z,1323212026-08-15,13232,2026-08-15,CANCELED,,
2026-08-16T01:01:53Z,3890712026-08-15,38907,2026-08-15,CANCELED,,
2026-08-16T01:01:53Z,1391012026-08-15,13910,2026-08-15,CANCELED,,
2026-08-16T01:01:53Z,1585412026-08-15,15854,2026-08-15,CANCELED,,
2026-08-16T01:01:53Z,0237512026-08-16,02375,2026-08-16,CANCELED,,
2026-08-16T01:01:53Z,0408612026-08-16,04086,2026-08-16,CANCELED,,
2026-08-16T01:01:53Z,7187422026-08-15,71874,2026-08-15,CANCELED,,
2026-08-16T01:01:53Z,3718612026-08-15,37186,2026-08-15,CANCELED,,
2026-08-16T01:06:25Z,1300322026-08-15,13003,2026-08-15,CANCELED,,
2026-08-16T01:06:25Z,1564212026-08-15,15642,2026-08-15,CANCELED,,
2026-08-16T01:06:25Z,1322112026-08-15,13221,2026-08-15,CANCELED,,
2026-08-16T01:06:25Z,1390712026-08-15,13907,2026-08-15,CANCELED,,
2026-08-16T01:06:25Z,1323212026-08-15,13232,2026-08-15,CANCELED,,
2026-08-16T01:06:25Z,3890712026-08-15,38907,2026-08-15,CANCELED,,
2026-08-16T01:06:25Z,1391012026-08-15,13910,2026-08-15,CANCELED,,
2026-08-16T01:06:25Z,1585412026-08-15,15854,2026-08-15,CANCELED,,
2026-08-16T01:06:25Z,0237512026-08-16,02375,2026-08-16,CANCELED,,
2026-08-16T01:06:25Z,0408612026-08-16,04086,2026-08-16,CANCELED,,
2026-08-16T01:06:25Z,7187422026-08-15,71874,2026-08-15,CANCELED,,
2026-08-16T01:06:25Z,3718612026-08-15,37186,2026-08-15,CANCELED,,
2026-08-16T01:11:30Z,1300322026-08-15,13003,2026-08-15,CANCELED,,
2026-08-16T01:11:30Z,1564212026-08-15,15642,2026-08-15,CANCELED,,
2026-08-16T01:11:30Z,1322112026-08-15,13221,2026-08-15,CANCELED,,
2026-08-16T01:11:30Z,1390712026-08-15,13907,2026-08-15,CANCELED,,
2026-08-16T01:11:30Z,1323212026-08-15,13232,2026-08-15,CANCELED,,
2026-08-16T01:11:30Z,3890712026-08-15,38907,2026-08-15,CANCELED,,
2026-08-16T01:11:30Z,1391012026-08-15,13910,2026-08-15,CANCELED,,
2026-08-16T01:11:30Z,1585412026-08-15,15854,2026-08-15,CANCELED,,
2026-08-16T01:11:30Z,0237512026-08-16,02375,2026-08-16,CANCELED,,
2026-08-16T01:11:30Z,0408612026-08-16,04086,2026-08-16,CANCELED,,
2026-08-16T01:11:30Z,7187422026-08-15,71874,2026-08-15,CANCELED,,
2026-08-16T01:11:30Z,3718612026-08-15,37186,2026-08-15,CANCELED,,
2026-08-16T01:16:32Z,1300322026-08-15,13003,2026-08-15,CANCELED,,
2026-08-16T01:16:32Z,1564212026-08-15,15642,2026-08-15,CANCELED,,
2026-08-16T01:16:32Z,1322112026-08-15,13221,2026-08-15,CANCELED,,
2026-08-16T01:16:32Z,1390712026-08-15,13907,2026-08-15,CANCELED,,
2026-08-16T01:16:32Z,1323212026-08-15,13232,2026-08-15,CANCELED,,
2026-08-16T01:16:32Z,3890712026-08-15,38907,2026-08-15,CANCELED,,
2026-08-16T01:16:32Z,1391012026-08-15,13910,2026-08-15,CANCELED,,
2026-08-16T01:16:32Z,1585412026-08-15,15854,2026-08-15,CANCELED,,
2026-08-16T01:16:32Z,0237512026-08-16,02375,2026-08-16,CANCELED,,
2026-08-16T01:16:32Z,0408612026-08-16,04086,2026-08-16,CANCELED,,
2026-08-16T01:16:32Z,7187422026-08-15,71874,2026-08-15,CANCELED,,
2026-08-16T01:16:32Z,3718612026-08-15,37186,2026-08-15,CANCELED,,
2026-08-16T01:21:28Z,1300322026-08-15,13003,2026-08-15,CANCELED,,
2026-08-16T01:21:28Z,1564212026-08-15,15642,2026-08-15,CANCELED,,
2026-08-16T01:21:28Z,1322112026-08-15,13221,2026-08-15,CANCELED,,
2026-08-16T01:21:28Z,1390712026-08-15,13907,2026-08-15,CANCELED,,
2026-08-16T01:21:28Z,1323212026-08-15,13232,2026-08-15,CANCELED,,
2026-08-16T01:21:28Z,3890712026-08-15,38907,2026-08-15,CANCELED,,
2026-08-16T01:21:28Z,1391012026-08-15,13910,2026-08-15,CANCELED,,
2026-08-16T01:21:28Z,1585412026-08-15,15854,2026-08-15,CANCELED,,
2026-08-16T01:21:28Z,0237512026-08-16,02375,2026-08-16,CANCELED,,
2026-08-16T01:21:28Z,0408612026-08-16,04086,2026-08-16,CANCELED,,
2026-08-16T01:21:28Z,7187422026-08-15,71874,2026-08-15,CANCELED,,
2026-08-16T01:21:28Z,3718612026-08-15,37186,2026-08-15,CANCELED,,
2026-08-16T01:26:24Z,1300322026-08-15,13003,2026-08-15,CANCELED,,
2026-08-16T01:26:24Z,1564212026-08-15,15642,2026-08-15,CANCELED,,
2026-08-16T01:26:24Z,1390712026-08-15,13907,2026-08-15,CANCELED,,
2026-08-16T01:26:24Z,1322112026-08-15,13221,2026-08-15,CANCELED,,
2026-08-16T01:26:24Z,3890712026-08-15,38907,2026-08-15,CANCELED,,
2026-08-16T01:26:24Z,1323212026-08-15,13232,2026-08-15,CANCELED,,
2026-08-16T01:26:24Z,1391012026-08-15,13910,2026-08-15,CANCELED,,
2026-08-16T01:26:24Z,1585412026-08-15,15854,2026-08-15,CANCELED,,
2026-08-16T01:26:24Z,0237512026-08-16,02375,2026-08-16,CANCELED,,
2026-08-16T01:26:24Z,0408612026-08-16,04086,2026-08-16,CANCELED,,
2026-08-16T01:26:24Z,3718612026-08-15,37186,2026-08-15,CANCELED,,
2026-08-16T01:26:24Z,7187422026-08-15,71874,2026-08-15,CANCELED,,
2026-08-16T01:31:41Z,1300322026-08-15,13003,2026-08-15,CANCELED,,
2026-08-16T01:31:41Z,1564212026-08-15,15642,2026-08-15,CANCELED,,
2026-08-16T01:31:41Z,1322112026-08-15,13221,2026-08-15,CANCELED,,
2026-08-16T01:31:41Z,1390712026-08-15,13907,2026-08-15,CANCELED,,
2026-08-16T01:31:41Z,1323212026-08-15,13232,2026-08-15,CANCELED,,
2026-08-16T01:31:41Z,3890712026-08-15,38907,2026-08-15,CANCELED,,
2026-08-16T01:31:41Z,1391012026-08-15,13910,2026-08-15,CANCELED,,
2026-08-16T01:31:41Z,1585412026-08-15,15854,2026-08-15,CANCELED,,
2026-08-16T01:31:41Z,0237512026-08-16,02375,2026-08-16,CANCELED,,
2026-08-16T01:31:41Z,0408612026-08-16,04086,2026-08-16,CANCELED,,
2026-08-16T01:31:41Z,7187422026-08-15,71874,2026-08-15,CANCELED,,
2026-08-16T01:31:41Z,3718612026-08-15,37186,2026-08-15,CANCELED,,
2026-08-16T01:36:26Z,1300322026-08-15,13003,2026-08-15,CANCELED,,
2026-08-16T01:36:26Z,1564212026-08-15,15642,2026-08-15,CANCELED,,
2026-08-16T01:36:26Z,1322112026-08-15,13221,2026-08-15,CANCELED,,
2026-08-16T01:36:26Z,1390712026-08-15,13907,2026-08-15,CANCELED,,
2026-08-16T01:36:26Z,1323212026-08-15,13232,2026-08-15,CANCELED,,
2026-08-16T01:36:26Z,3890712026-08-15,38907,2026-08-15,CANCELED,,
2026-08-16T01:36:26Z,1391012026-08-15,13910,2026-08-15,CANCELED,,
2026-08-16T01:36:26Z,1585412026-08-15,15854,2026-08-15,CANCELED,,
2026-08-16T01:36:26Z,0237512026-08-16,02375,2026-08-16,CANCELED,,
2026-08-16T01:36:26Z,0408612026-08-16,04086,2026-08-16,CANCELED,,
2026-08-16T01:36:26Z,7187422026-08-15,71874,2026-08-15,CANCELED,,
2026-08-16T01:36:26Z,3718612026-08-15,37186,2026-08-15,CANCELED,,
2026-08-16T01:41:29Z,1300322026-08-15,13003,2026-08-15,CANCELED,,
2026-08-16T01:41:29Z,1564212026-08-15,15642,2026-08-15,CANCELED,,
2026-08-16T01:41:29Z,1322112026-08-15,13221,2026-08-15,CANCELED,,
2026-08-16T01:41:29Z,1390712026-08-15,13907,2026-08-15,CANCELED,,
2026-08-16T01:41:29Z,1323212026-08-15,13232,2026-08-15,CANCELED,,
2026-08-16T01:41:29Z,3890712026-08-15,38907,2026-08-15,CANCELED,,
2026-08-16T01:41:29Z,1391012026-08-15,13910,2026-08-15,CANCELED,,
2026-08-16T01:41:29Z,1585412026-08-15,15854,2026-08-15,CANCELED,,
2026-08-16T01:41:29Z,0237512026-08-16,02375,2026-08-16,CANCELED,,
2026-08-16T01:41:29Z,0408612026-08-16,04086,2026-08-16,CANCELED,,
2026-08-16T01:41:29Z,7187422026-08-15,71874,2026-08-15,CANCELED,,
2026-08-16T01:41:29Z,3718612026-08-15,37186,2026-08-15,CANCELED,,
2026-08-16T01:46:32Z,1300322026-08-15,13003,2026-08-15,CANCELED,,
2026-08-16T01:46:32Z,1564212026-08-15,15642,2026-08-15,CANCELED,,
2026-08-16T01:46:32Z,1322112026-08-15,13221,2026-08-15,CANCELED,,
2026-08-16T01:46:32Z,1390712026-08-15,13907,2026-08-15,CANCELED,,
2026-08-16T01:46:32Z,1323212026-08-15,13232,2026-08-15,CANCELED,,
2026-08-16T01:46:32Z,3890712026-08-15,38907,2026-08-15,CANCELED,,
2026-08-16T01:46:32Z,1391012026-08-15,13910,2026-08-15,CANCELED,,
2026-08-16T01:46:32Z,1585412026-08-15,15854,2026-08-15,CANCELED,,
2026-08-16T01:46:32Z,0237512026-08-16,02375,2026-08-16,CANCELED,,
2026-08-16T01:46:32Z,0408612026-08-16,04086,2026-08-16,CANCELED,,
2026-08-16T01:46:32Z,7187422026-08-15,71874,2026-08-15,CANCELED,,
2026-08-16T01:46:32Z,3718612026-08-15,37186,2026-08-15,CANCELED,,
2026-08-16T01:51:28Z,1300322026-08-15,13003,2026-08-15,CANCELED,,
2026-08-16T01:51:28Z,1564212026-08-15,15642,2026-08-15,CANCELED,,
2026-08-16T01:51:28Z,1322112026-08-15,13221,2026-08-15,CANCELED,,
2026-08-16T01:51:28Z,1390712026-08-15,13907,2026-08-15,CANCELED,,
2026-08-16T01:51:28Z,1323212026-08-15,13232,2026-08-15,CANCELED,,
2026-08-16T01:51:28Z,3890712026-08-15,38907,2026-08-15,CANCELED,,
2026-08-16T01:51:28Z,1391012026-08-15,13910,2026-08-15,CANCELED,,
2026-08-16T01:51:28Z,1585412026-08-15,15854,2026-08-15,CANCELED,,
2026-08-16T01:51:28Z,0237512026-08-16,02375,2026-08-16,CANCELED,,
2026-08-16T01:51:28Z,0408612026-08-16,04086,2026-08-16,CANCELED,,
2026-08-16T01:51:28Z,7187422026-08-15,71874,2026-08-15,CANCELED,,
2026-08-16T01:51:28Z,3718612026-08-15,37186,2026-08-15,CANCELED,,
2026-08-16T01:56:26Z,1300322026-08-15,13003,2026-08-15,CANCELED,,
2026-08-16T01:56:26Z,1564212026-08-15,15642,2026-08-15,CANCELED,,
2026-08-16T01:56:26Z,1322112026-08-15,13221,2026-08-15,CANCELED,,
2026-08-16T01:56:26Z,1390712026-08-15,13907,2026-08-15,CANCELED,,
2026-08-16T01:56:26Z,1323212026-08-15,13232,2026-08-15,CANCELED,,
2026-08-16T01:56:26Z,3890712026-08-15,38907,2026-08-15,CANCELED,,
2026-08-16T01:56:26Z,1391012026-08-15,13910,2026-08-15,CANCELED,,
2026-08-16T01:56:26Z,1585412026-08-15,15854,2026-08-15,CANCELED,,
2026-08-16T01:56:26Z,0237512026-08-16,02375,2026-08-16,CANCELED,,
2026-08-16T01:56:26Z,0408612026-08-16,04086,2026-08-16,CANCELED,,
2026-08-16T01:56:26Z,7187422026-08-15,71874,2026-08-15,CANCELED,,
2026-08-16T01:56:26Z,3718612026-08-15,37186,2026-08-15,CANCELED,,
2026-08-16T02:01:56Z,1300322026-08-15,13003,2026-08-15,CANCELED,,
2026-08-16T02:01:56Z,1564212026-08-15,15642,2026-08-15,CANCELED,,
2026-08-16T02:01:56Z,1322112026-08-15,13221,2026-08-15,CANCELED,,
2026-08-16T02:01:56Z,1390712026-08-15,13907,2026-08-15,CANCELED,,
2026-08-16T02:01:56Z,1323212026-08-15,13232,2026-08-15,CANCELED,,
2026-08-16T02:01:56Z,3890712026-08-15,38907,2026-08-15,CANCELED,,
2026-08-16T02:01:56Z,1391012026-08-15,13910,2026-08-15,CANCELED,,
2026-08-16T02:01:56Z,1585412026-08-15,15854,2026-08-15,CANCELED,,
2026-08-16T02:01:56Z,0237512026-08-16,02375,2026-08-16,CANCELED,,
2026-08-16T02:01:56Z,0408612026-08-16,04086,2026-08-16,CANCELED,,
2026-08-16T02:01:56Z,7187422026-08-15,71874,2026-08-15,CANCELED,,
2026-08-16T02:01:56Z,3718612026-08-15,37186,2026-08-15,CANCELED,,
2026-08-16T02:06:27Z,1300322026-08-15,13003,2026-08-15,CANCELED,,
2026-08-16T02:06:27Z,1564212026-08-15,15642,2026-08-15,CANCELED,,
2026-08-16T02:06:27Z,1322112026-08-15,13221,2026-08-15,CANCELED,,
2026-08-16T02:06:27Z,1390712026-08-15,13907,2026-08-15,CANCELED,,
2026-08-16T02:06:27Z,1323212026-08-15,13232,2026-08-15,CANCELED,,
2026-08-16T02:06:27Z,3890712026-08-15,38907,2026-08-15,CANCELED,,
2026-08-16T02:06:27Z,1391012026-08-15,13910,2026-08-15,CANCELED,,
2026-08-16T02:06:27Z,1585412026-08-15,15854,2026-08-15,CANCELED,,
2026-08-16T02:06:27Z,0237512026-08-16,02375,2026-08-16,CANCELED,,
2026-08-16T02:06:27Z,0408612026-08-16,04086,2026-08-16,CANCELED,,
2026-08-16T02:06:27Z,7187422026-08-15,71874,2026-08-15,CANCELED,,
2026-08-16T02:06:27Z,3718612026-08-15,37186,2026-08-15,CANCELED,,
2026-08-16T02:11:30Z,1300322026-08-15,13003,2026-08-15,CANCELED,,
2026-08-16T02:11:30Z,1564212026-08-15,15642,2026-08-15,CANCELED,,
2026-08-16T02:11:30Z,1322112026-08-15,13221,2026-08-15,CANCELED,,
2026-08-16T02:11:30Z,1390712026-08-15,13907,2026-08-15,CANCELED,,
2026-08-16T02:11:30Z,1323212026-08-15,13232,2026-08-15,CANCELED,,
2026-08-16T02:11:30Z,3890712026-08-15,38907,2026-08-15,CANCELED,,
2026-08-16T02:11:30Z,1391012026-08-15,13910,2026-08-15,CANCELED,,
2026-08-16T02:11:30Z,1585412026-08-15,15854,2026-08-15,CANCELED,,
2026-08-16T02:11:30Z,0237512026-08-16,02375,2026-08-16,CANCELED,,
2026-08-16T02:11:30Z,7187422026-08-15,71874,2026-08-15,CANCELED,,
2026-08-16T02:11:30Z,0408612026-08-16,04086,2026-08-16,CANCELED,,
2026-08-16T02:11:30Z,3718612026-08-15,37186,2026-08-15,CANCELED,,
2026-08-16T02:16:30Z,1300322026-08-15,13003,2026-08-15,CANCELED,,
2026-08-16T02:16:30Z,1564212026-08-15,15642,2026-08-15,CANCELED,,
2026-08-16T02:16:30Z,1322112026-08-15,13221,2026-08-15,CANCELED,,
2026-08-16T02:16:30Z,1390712026-08-15,13907,2026-08-15,CANCELED,,
2026-08-16T02:16:30Z,1323212026-08-15,13232,2026-08-15,CANCELED,,
2026-08-16T02:16:30Z,3890712026-08-15,38907,2026-08-15,CANCELED,,
2026-08-16T02:16:30Z,1391012026-08-15,13910,2026-08-15,CANCELED,,
2026-08-16T02:16:30Z,1585412026-08-15,15854,2026-08-15,CANCELED,,
2026-08-16T02:16:30Z,0237512026-08-16,02375,2026-08-16,CANCELED,,
2026-08-16T02:16:30Z,0408612026-08-16,04086,2026-08-16,CANCELED,,
2026-08-16T02:16:30Z,7187422026-08-15,71874,2026-08-15,CANCELED,,
2026-08-16T02:16:30Z,3718612026-08-15,37186,2026-08-15,CANCELED,,
2026-08-16T02:21:28Z,1300322026-08-15,13003,2026-08-15,CANCELED,,
2026-08-16T02:21:28Z,1564212026-08-15,15642,2026-08-15,CANCELED,,
2026-08-16T02:21:28Z,1322112026-08-15,13221,2026-08-15,CANCELED,,
2026-08-16T02:21:28Z,1390712026-08-15,13907,2026-08-15,CANCELED,,
2026-08-16T02:21:28Z,1323212026-08-15,13232,2026-08-15,CANCELED,,
2026-08-16T02:21:28Z,3890712026-08-15,38907,2026-08-15,CANCELED,,
2026-08-16T02:21:28Z,1391012026-08-15,13910,2026-08-15,CANCELED,,
2026-08-16T02:21:28Z,1585412026-08-15,15854,2026-08-15,CANCELED,,
2026-08-16T02:21:28Z,0237512026-08-16,02375,2026-08-16,CANCELED,,
2026-08-16T02:21:28Z,0408612026-08-16,04086,2026-08-16,CANCELED,,
2026-08-16T02:21:28Z,7187422026-08-15,71874,2026-08-15,CANCELED,,
2026-08-16T02:21:28Z,3718612026-08-15,37186,2026-08-15,CANCELED,,
2026-08-16T02:26:27Z,1300322026-08-15,13003,2026-08-15,CANCELED,,
2026-08-16T02:26:27Z,1564212026-08-15,15642,2026-08-15,CANCELED,,
2026-08-16T02:26:27Z,1322112026-08-15,13221,2026-08-15,CANCELED,,
2026-08-16T02:26:27Z,1390712026-08-15,13907,2026-08-15,CANCELED,,
2026-08-16T02:26:27Z,1323212026-08-15,13232,2026-08-15,CANCELED,,
2026-08-16T02:26:27Z,3890712026-08-15,38907,2026-08-15,CANCELED,,
2026-08-16T02:26:27Z,1391012026-08-15,13910,2026-08-15,CANCELED,,
2026-08-16T02:26:27Z,1585412026-08-15,15854,2026-08-15,CANCELED,,
2026-08-16T02:26:27Z,0237512026-08-16,02375,2026-08-16,CANCELED,,
2026-08-16T02:26:27Z,0408612026-08-16,04086,2026-08-16,CANCELED,,
2026-08-16T02:26:27Z,7187422026-08-15,71874,2026-08-15,CANCELED,,
2026-08-16T02:26:27Z,3718612026-08-15,37186,2026-08-15,CANCELED,,
2026-08-16T02:31:48Z,1300322026-08-15,13003,2026-08-15,CANCELED,,
2026-08-16T02:31:48Z,1564212026-08-15,15642,2026-08-15,CANCELED,,
2026-08-16T02:31:48Z,1322112026-08-15,13221,2026-08-15,CANCELED,,
2026-08-16T02:31:48Z,1390712026-08-15,13907,2026-08-15,CANCELED,,
2026-08-16T02:31:48Z,1323212026-08-15,13232,2026-08-15,CANCELED,,
2026-08-16T02:31:48Z,3890712026-08-15,38907,2026-08-15,CANCELED,,
2026-08-16T02:31:48Z,1391012026-08-15,13910,2026-08-15,CANCELED,,
2026-08-16T02:31:48Z,1585412026-08-15,15854,2026-08-15,CANCELED,,
2026-08-16T02:31:48Z,0237512026-08-16,02375,2026-08-16,CANCELED,,
2026-08-16T02:31:48Z,0408612026-08-16,04086,2026-08-16,CANCELED,,
2026-08-16T02:31:48Z,7187422026-08-15,71874,2026-08-15,CANCELED,,
2026-08-16T02:31:48Z,3718612026-08-15,37186,2026-08-15,CANCELED,,
2026-08-16T02:36:25Z,1300322026-08-15,13003,2026-08-15,CANCELED,,
2026-08-16T02:36:25Z,1564212026-08-15,15642,2026-08-15,CANCELED,,
2026-08-16T02:36:25Z,1322112026-08-15,13221,2026-08-15,CANCELED,,
2026-08-16T02:36:25Z,1390712026-08-15,13907,2026-08-15,CANCELED,,
2026-08-16T02:36:25Z,1323212026-08-15,13232,2026-08-15,CANCELED,,
2026-08-16T02:36:25Z,3890712026-08-15,38907,2026-08-15,CANCELED,,
2026-08-16T02:36:25Z,1391012026-08-15,13910,2026-08-15,CANCELED,,
2026-08-16T02:36:25Z,1585412026-08-15,15854,2026-08-15,CANCELED,,
2026-08-16T02:36:25Z,0237512026-08-16,02375,2026-08-16,CANCELED,,
2026-08-16T02:36:25Z,7187422026-08-15,71874,2026-08-15,CANCELED,,
2026-08-16T02:36:25Z,0408612026-08-16,04086,2026-08-16,CANCELED,,
2026-08-16T02:36:25Z,3718612026-08-15,37186,2026-08-15,CANCELED,,
2026-08-16T02:41:30Z,1300322026-08-15,13003,2026-08-15,CANCELED,,
2026-08-16T02:41:30Z,1564212026-08-15,15642,2026-08-15,CANCELED,,
2026-08-16T02:41:30Z,1322112026-08-15,13221,2026-08-15,CANCELED,,
2026-08-16T02:41:30Z,1390712026-08-15,13907,2026-08-15,CANCELED,,
2026-08-16T02:41:30Z,1323212026-08-15,13232,2026-08-15,CANCELED,,
2026-08-16T02:41:30Z,3890712026-08-15,38907,2026-08-15,CANCELED,,
2026-08-16T02:41:30Z,1391012026-08-15,13910,2026-08-15,CANCELED,,
2026-08-16T02:41:30Z,1585412026-08-15,15854,2026-08-15,CANCELED,,
2026-08-16T02:41:30Z,0237512026-08-16,02375,2026-08-16,CANCELED,,
2026-08-16T02:41:30Z,0408612026-08-16,04086,2026-08-16,CANCELED,,
2026-08-16T02:41:30Z,7187422026-08-15,71874,2026-08-15,CANCELED,,
2026-08-16T02:41:30Z,3718612026-08-15,37186,2026-08-15,CANCELED,,
2026-08-16T02:46:31Z,1300322026-08-15,13003,2026-08-15,CANCELED,,
2026-08-16T02:46:31Z,1564212026-08-15,15642,2026-08-15,CANCELED,,
2026-08-16T02:46:31Z,1322112026-08-15,13221,2026-08-15,CANCELED,,
2026-08-16T02:46:31Z,1390712026-08-15,13907,2026-08-15,CANCELED,,
2026-08-16T02:46:31Z,1323212026-08-15,13232,2026-08-15,CANCELED,,
2026-08-16T02:46:31Z,3890712026-08-15,38907,2026-08-15,CANCELED,,
2026-08-16T02:46:31Z,1391012026-08-15,13910,2026-08-15,CANCELED,,
2026-08-16T02:46:31Z,1585412026-08-15,15854,2026-08-15,CANCELED,,
2026-08-16T02:46:31Z,0237512026-08-16,02375,2026-08-16,CANCELED,,
2026-08-16T02:46:31Z,0408612026-08-16,04086,2026-08-16,CANCELED,,
2026-08-16T02:46:31Z,7187422026-08-15,71874,2026-08-15,CANCELED,,
2026-08-16T02:46:31Z,3718612026-08-15,37186,2026-08-15,CANCELED,,
2026-08-16T02:51:26Z,1300322026-08-15,13003,2026-08-15,CANCELED,,
2026-08-16T02:51:26Z,1564212026-08-15,15642,2026-08-15,CANCELED,,
2026-08-16T02:51:26Z,1322112026-08-15,13221,2026-08-15,CANCELED,,
2026-08-16T02:51:26Z,1390712026-08-15,13907,2026-08-15,CANCELED,,
2026-08-16T02:51:26Z,1323212026-08-15,13232,2026-08-15,CANCELED,,
2026-08-16T02:51:26Z,3890712026-08-15,38907,2026-08-15,CANCELED,,
2026-08-16T02:51:26Z,1391012026-08-15,13910,2026-08-15,CANCELED,,
2026-08-16T02:51:26Z,1585412026-08-15,15854,2026-08-15,CANCELED,,
2026-08-16T02:51:26Z,0237512026-08-16,02375,2026-08-16,CANCELED,,
2026-08-16T02:51:26Z,0408612026-08-16,04086,2026-08-16,CANCELED,,
2026-08-16T02:51:26Z,7187422026-08-15,71874,2026-08-15,CANCELED,,
2026-08-16T02:51:26Z,3718612026-08-15,37186,2026-08-15,CANCELED,,
2026-08-16T02:56:23Z,1300322026-08-15,13003,2026-08-15,CANCELED,,
2026-08-16T02:56:23Z,1564212026-08-15,15642,2026-08-15,CANCELED,,
2026-08-16T02:56:23Z,1322112026-08-15,13221,2026-08-15,CANCELED,,
2026-08-16T02:56:23Z,1390712026-08-15,13907,2026-08-15,CANCELED,,
2026-08-16T02:56:23Z,1323212026-08-15,13232,2026-08-15,CANCELED,,
2026-08-16T02:56:23Z,3890712026-08-15,38907,2026-08-15,CANCELED,,
2026-08-16T02:56:23Z,1391012026-08-15,13910,2026-08-15,CANCELED,,
2026-08-16T02:56:23Z,1585412026-08-15,15854,2026-08-15,CANCELED,,
2026-08-16T02:56:23Z,0237512026-08-16,02375,2026-08-16,CANCELED,,
2026-08-16T02:56:23Z,0408612026-08-16,04086,2026-08-16,CANCELED,,
2026-08-16T02:56:23Z,7187422026-08-15,71874,2026-08-15,CANCELED,,
2026-08-16T02:56:23Z,3718612026-08-15,37186,2026-08-15,CANCELED,,
2026-08-16T03:01:55Z,1300322026-08-15,13003,2026-08-15,CANCELED,,
2026-08-16T03:01:55Z,1564212026-08-15,15642,2026-08-15,CANCELED,,
2026-08-16T03:01:55Z,1322112026-08-15,13221,2026-08-15,CANCELED,,
2026-08-16T03:01:55Z,1390712026-08-15,13907,2026-08-15,CANCELED,,
2026-08-16T03:01:55Z,1323212026-08-15,13232,2026-08-15,CANCELED,,
2026-08-16T03:01:55Z,3890712026-08-15,38907,2026-08-15,CANCELED,,
2026-08-16T03:01:55Z,1391012026-08-15,13910,2026-08-15,CANCELED,,
2026-08-16T03:01:55Z,1585412026-08-15,15854,2026-08-15,CANCELED,,
2026-08-16T03:01:55Z,0237512026-08-16,02375,2026-08-16,CANCELED,,
2026-08-16T03:01:55Z,0408612026-08-16,04086,2026-08-16,CANCELED,,
2026-08-16T03:01:55Z,7187422026-08-15,71874,2026-08-15,CANCELED,,
2026-08-16T03:01:55Z,3718612026-08-15,37186,2026-08-15,CANCELED,,
2026-08-16T03:06:25Z,1300322026-08-15,13003,2026-08-15,CANCELED,,
2026-08-16T03:06:25Z,1564212026-08-15,15642,2026-08-15,CANCELED,,
2026-08-16T03:06:25Z,1322112026-08-15,13221,2026-08-15,CANCELED,,
2026-08-16T03:06:25Z,1390712026-08-15,13907,2026-08-15,CANCELED,,
2026-08-16T03:06:25Z,1323212026-08-15,13232,2026-08-15,CANCELED,,
2026-08-16T03:06:25Z,3890712026-08-15,38907,2026-08-15,CANCELED,,
2026-08-16T03:06:25Z,1391012026-08-15,13910,2026-08-15,CANCELED,,
2026-08-16T03:06:25Z,1585412026-08-15,15854,2026-08-15,CANCELED,,
2026-08-16T03:06:25Z,0237512026-08-16,02375,2026-08-16,CANCELED,,
2026-08-16T03:06:25Z,0408612026-08-16,04086,2026-08-16,CANCELED,,
2026-08-16T03:06:25Z,7187422026-08-15,71874,2026-08-15,CANCELED,,
2026-08-16T03:06:25Z,3718612026-08-15,37186,2026-08-15,CANCELED,,
2026-08-16T03:11:28Z,1300322026-08-15,13003,2026-08-15,CANCELED,,
2026-08-16T03:11:28Z,1564212026-08-15,15642,2026-08-15,CANCELED,,
2026-08-16T03:11:28Z,1322112026-08-15,13221,2026-08-15,CANCELED,,
2026-08-16T03:11:28Z,1390712026-08-15,13907,2026-08-15,CANCELED,,
2026-08-16T03:11:28Z,1323212026-08-15,13232,2026-08-15,CANCELED,,
2026-08-16T03:11:28Z,3890712026-08-15,38907,2026-08-15,CANCELED,,
2026-08-16T03:11:28Z,1391012026-08-15,13910,2026-08-15,CANCELED,,
2026-08-16T03:11:28Z,1585412026-08-15,15854,2026-08-15,CANCELED,,
2026-08-16T03:11:28Z,0237512026-08-16,02375,2026-08-16,CANCELED,,
2026-08-16T03:11:28Z,0408612026-08-16,04086,2026-08-16,CANCELED,,
2026-08-16T03:11:28Z,7187422026-08-15,71874,2026-08-15,CANCELED,,
2026-08-16T03:11:28Z,3718612026-08-15,37186,2026-08-15,CANCELED,,
2026-08-16T03:16:33Z,1300322026-08-15,13003,2026-08-15,CANCELED,,
2026-08-16T03:16:33Z,1564212026-08-15,15642,2026-08-15,CANCELED,,
2026-08-16T03:16:33Z,1322112026-08-15,13221,2026-08-15,CANCELED,,
2026-08-16T03:16:33Z,1390712026-08-15,13907,2026-08-15,CANCELED,,
2026-08-16T03:16:33Z,1323212026-08-15,13232,2026-08-15,CANCELED,,
2026-08-16T03:16:33Z,3890712026-08-15,38907,2026-08-15,CANCELED,,
2026-08-16T03:16:33Z,1391012026-08-15,13910,2026-08-15,CANCELED,,
2026-08-16T03:16:33Z,0237512026-08-16,02375,2026-08-16,CANCELED,,
2026-08-16T03:16:33Z,1585412026-08-15,15854,2026-08-15,CANCELED,,
2026-08-16T03:16:33Z,0408612026-08-16,04086,2026-08-16,CANCELED,,
2026-08-16T03:16:33Z,7187422026-08-15,71874,2026-08-15,CANCELED,,
2026-08-16T03:16:33Z,3718612026-08-15,37186,2026-08-15,CANCELED,,
2026-08-16T03:21:34Z,0411412026-08-16,04114,2026-08-16,SCHEDULED,0,0.0
2026-08-16T03:21:34Z,0411422026-08-16,04114,2026-08-16,SCHEDULED,0,0.0
2026-08-16T03:21:34Z,1300322026-08-15,13003,2026-08-15,CANCELED,,
2026-08-16T03:21:34Z,1564212026-08-15,15642,2026-08-15,CANCELED,,
2026-08-16T03:21:34Z,1322112026-08-15,13221,2026-08-15,CANCELED,,
2026-08-16T03:21:34Z,1390712026-08-15,13907,2026-08-15,CANCELED,,
2026-08-16T03:21:34Z,1323212026-08-15,13232,2026-08-15,CANCELED,,
2026-08-16T03:21:34Z,3890712026-08-15,38907,2026-08-15,CANCELED,,
2026-08-16T03:21:34Z,1391012026-08-15,13910,2026-08-15,CANCELED,,
2026-08-16T03:21:34Z,1585412026-08-15,15854,2026-08-15,CANCELED,,
2026-08-16T03:21:34Z,0237512026-08-16,02375,2026-08-16,CANCELED,,
2026-08-16T03:21:34Z,0408612026-08-16,04086,2026-08-16,CANCELED,,
2026-08-16T03:21:34Z,7187422026-08-15,71874,2026-08-15,CANCELED,,
2026-08-16T03:21:34Z,3718612026-08-15,37186,2026-08-15,CANCELED,,
2026-08-16T03:26:25Z,0411412026-08-16,04114,2026-08-16,SCHEDULED,0,0.0
2026-08-16T03:26:25Z,0411422026-08-16,04114,2026-08-16,SCHEDULED,0,0.0
2026-08-16T03:26:25Z,1300322026-08-15,13003,2026-08-15,CANCELED,,
2026-08-16T03:26:25Z,1564212026-08-15,15642,2026-08-15,CANCELED,,
2026-08-16T03:26:25Z,1322112026-08-15,13221,2026-08-15,CANCELED,,
2026-08-16T03:26:25Z,1390712026-08-15,13907,2026-08-15,CANCELED,,
2026-08-16T03:26:25Z,1323212026-08-15,13232,2026-08-15,CANCELED,,
2026-08-16T03:26:25Z,3890712026-08-15,38907,2026-08-15,CANCELED,,
2026-08-16T03:26:25Z,1391012026-08-15,13910,2026-08-15,CANCELED,,
2026-08-16T03:26:25Z,1585412026-08-15,15854,2026-08-15,CANCELED,,
2026-08-16T03:26:25Z,0237512026-08-16,02375,2026-08-16,CANCELED,,
2026-08-16T03:26:25Z,0408612026-08-16,04086,2026-08-16,CANCELED,,
2026-08-16T03:26:25Z,7187422026-08-15,71874,2026-08-15,CANCELED,,
2026-08-16T03:26:25Z,3718612026-08-15,37186,2026-08-15,CANCELED,,
2026-08-16T03:31:42Z,0411422026-08-16,04114,2026-08-16,SCHEDULED,0,0.0
2026-08-16T03:31:42Z,0411412026-08-16,04114,2026-08-16,SCHEDULED,0,0.0
2026-08-16T03:31:42Z,1300322026-08-15,13003,2026-08-15,CANCELED,,
2026-08-16T03:31:42Z,1564212026-08-15,15642,2026-08-15,CANCELED,,
2026-08-16T03:31:42Z,1322112026-08-15,13221,2026-08-15,CANCELED,,
2026-08-16T03:31:42Z,1390712026-08-15,13907,2026-08-15,CANCELED,,
2026-08-16T03:31:42Z,1323212026-08-15,13232,2026-08-15,CANCELED,,
2026-08-16T03:31:42Z,3890712026-08-15,38907,2026-08-15,CANCELED,,
2026-08-16T03:31:42Z,1391012026-08-15,13910,2026-08-15,CANCELED,,
2026-08-16T03:31:42Z,1585412026-08-15,15854,2026-08-15,CANCELED,,
2026-08-16T03:31:42Z,0237512026-08-16,02375,2026-08-16,CANCELED,,
2026-08-16T03:31:42Z,0408612026-08-16,04086,2026-08-16,CANCELED,,
2026-08-16T03:31:42Z,7187422026-08-15,71874,2026-08-15,CANCELED,,
2026-08-16T03:31:42Z,3718612026-08-15,37186,2026-08-15,CANCELED,,
2026-08-16T03:36:23Z,0411422026-08-16,04114,2026-08-16,SCHEDULED,0,0.0
2026-08-16T03:36:23Z,0411412026-08-16,04114,2026-08-16,SCHEDULED,0,0.0
2026-08-16T03:36:23Z,1300322026-08-15,13003,2026-08-15,CANCELED,,
2026-08-16T03:36:23Z,1564212026-08-15,15642,2026-08-15,CANCELED,,
2026-08-16T03:36:23Z,1322112026-08-15,13221,2026-08-15,CANCELED,,
2026-08-16T03:36:23Z,1390712026-08-15,13907,2026-08-15,CANCELED,,
2026-08-16T03:36:23Z,1323212026-08-15,13232,2026-08-15,CANCELED,,
2026-08-16T03:36:23Z,3890712026-08-15,38907,2026-08-15,CANCELED,,
2026-08-16T03:36:23Z,1391012026-08-15,13910,2026-08-15,CANCELED,,
2026-08-16T03:36:23Z,1585412026-08-15,15854,2026-08-15,CANCELED,,
2026-08-16T03:36:23Z,0237512026-08-16,02375,2026-08-16,CANCELED,,
2026-08-16T03:36:23Z,0408612026-08-16,04086,2026-08-16,CANCELED,,
2026-08-16T03:36:23Z,7187422026-08-15,71874,2026-08-15,CANCELED,,
2026-08-16T03:36:23Z,3718612026-08-15,37186,2026-08-15,CANCELED,,
2026-08-16T03:41:27Z,0411422026-08-16,04114,2026-08-16,SCHEDULED,-60,-1.0
2026-08-16T03:41:27Z,0411412026-08-16,04114,2026-08-16,SCHEDULED,-60,-1.0
2026-08-16T03:41:27Z,1322112026-08-15,13221,2026-08-15,CANCELED,,
2026-08-16T03:41:27Z,3890712026-08-15,38907,2026-08-15,CANCELED,,
2026-08-16T03:41:27Z,1323212026-08-15,13232,2026-08-15,CANCELED,,
2026-08-16T03:41:27Z,1564212026-08-15,15642,2026-08-15,CANCELED,,
2026-08-16T03:41:27Z,1391012026-08-15,13910,2026-08-15,CANCELED,,
2026-08-16T03:41:27Z,1565512026-08-15,15655,2026-08-15,CANCELED,,
2026-08-16T03:41:27Z,1390712026-08-15,13907,2026-08-15,CANCELED,,
2026-08-16T03:41:27Z,0237512026-08-16,02375,2026-08-16,CANCELED,,
2026-08-16T03:41:27Z,1585412026-08-15,15854,2026-08-15,CANCELED,,
2026-08-16T03:41:27Z,0408612026-08-16,04086,2026-08-16,CANCELED,,
2026-08-16T03:41:27Z,3718612026-08-15,37186,2026-08-15,CANCELED,,
2026-08-16T03:41:27Z,7187422026-08-15,71874,2026-08-15,CANCELED,,
2026-08-16T03:41:27Z,1300322026-08-15,13003,2026-08-15,CANCELED,,
2026-08-16T03:46:31Z,1500012026-08-15,15000,2026-08-15,SCHEDULED,60,1.0
2026-08-16T03:46:31Z,0411422026-08-16,04114,2026-08-16,SCHEDULED,60,1.0
2026-08-16T03:46:31Z,0411412026-08-16,04114,2026-08-16,SCHEDULED,60,1.0
2026-08-16T03:46:31Z,3890712026-08-15,38907,2026-08-15,CANCELED,,
2026-08-16T03:46:31Z,1322112026-08-15,13221,2026-08-15,CANCELED,,
2026-08-16T03:46:31Z,1323212026-08-15,13232,2026-08-15,CANCELED,,
2026-08-16T03:46:31Z,1564212026-08-15,15642,2026-08-15,CANCELED,,
2026-08-16T03:46:31Z,1391012026-08-15,13910,2026-08-15,CANCELED,,
2026-08-16T03:46:31Z,1565512026-08-15,15655,2026-08-15,CANCELED,,
2026-08-16T03:46:31Z,1390712026-08-15,13907,2026-08-15,CANCELED,,
2026-08-16T03:46:31Z,1585412026-08-15,15854,2026-08-15,CANCELED,,
2026-08-16T03:46:31Z,0237512026-08-16,02375,2026-08-16,CANCELED,,
2026-08-16T03:46:31Z,0408612026-08-16,04086,2026-08-16,CANCELED,,
2026-08-16T03:46:31Z,7187422026-08-15,71874,2026-08-15,CANCELED,,
2026-08-16T03:46:31Z,3718612026-08-15,37186,2026-08-15,CANCELED,,
2026-08-16T03:46:31Z,1300322026-08-15,13003,2026-08-15,CANCELED,,
2026-08-16T03:51:30Z,1500012026-08-15,15000,2026-08-15,SCHEDULED,60,1.0
2026-08-16T03:51:30Z,1812112026-08-15,18121,2026-08-15,SCHEDULED,0,0.0
2026-08-16T03:51:30Z,0411422026-08-16,04114,2026-08-16,SCHEDULED,60,1.0
2026-08-16T03:51:30Z,0411412026-08-16,04114,2026-08-16,SCHEDULED,60,1.0
2026-08-16T03:51:30Z,1812012026-08-15,18120,2026-08-15,SCHEDULED,120,2.0
2026-08-16T03:51:30Z,3890712026-08-15,38907,2026-08-15,CANCELED,,
2026-08-16T03:51:30Z,1322112026-08-15,13221,2026-08-15,CANCELED,,
2026-08-16T03:51:30Z,1323212026-08-15,13232,2026-08-15,CANCELED,,
2026-08-16T03:51:30Z,1564212026-08-15,15642,2026-08-15,CANCELED,,
2026-08-16T03:51:30Z,1391012026-08-15,13910,2026-08-15,CANCELED,,
2026-08-16T03:51:30Z,1565512026-08-15,15655,2026-08-15,CANCELED,,
2026-08-16T03:51:30Z,1390712026-08-15,13907,2026-08-15,CANCELED,,
2026-08-16T03:51:30Z,1585412026-08-15,15854,2026-08-15,CANCELED,,
2026-08-16T03:51:30Z,0237512026-08-16,02375,2026-08-16,CANCELED,,
2026-08-16T03:51:30Z,0408612026-08-16,04086,2026-08-16,CANCELED,,
2026-08-16T03:51:30Z,7187422026-08-15,71874,2026-08-15,CANCELED,,
2026-08-16T03:51:30Z,3718612026-08-15,37186,2026-08-15,CANCELED,,
2026-08-16T03:51:30Z,1300322026-08-15,13003,2026-08-15,CANCELED,,
2026-08-16T03:56:24Z,1505112026-08-15,15051,2026-08-15,SCHEDULED,-60,-1.0
2026-08-16T03:56:24Z,1500012026-08-15,15000,2026-08-15,SCHEDULED,0,0.0
2026-08-16T03:56:24Z,1812112026-08-15,18121,2026-08-15,SCHEDULED,0,0.0
2026-08-16T03:56:24Z,1812012026-08-15,18120,2026-08-15,SCHEDULED,120,2.0
2026-08-16T03:56:24Z,0411422026-08-16,04114,2026-08-16,SCHEDULED,60,1.0
2026-08-16T03:56:24Z,0411412026-08-16,04114,2026-08-16,SCHEDULED,60,1.0
2026-08-16T03:56:24Z,1322112026-08-15,13221,2026-08-15,CANCELED,,
2026-08-16T03:56:24Z,3890712026-08-15,38907,2026-08-15,CANCELED,,
2026-08-16T03:56:24Z,1323212026-08-15,13232,2026-08-15,CANCELED,,
2026-08-16T03:56:24Z,1564212026-08-15,15642,2026-08-15,CANCELED,,
2026-08-16T03:56:24Z,1391012026-08-15,13910,2026-08-15,CANCELED,,
2026-08-16T03:56:24Z,1565512026-08-15,15655,2026-08-15,CANCELED,,
2026-08-16T03:56:24Z,1390712026-08-15,13907,2026-08-15,CANCELED,,
2026-08-16T03:56:24Z,1585412026-08-15,15854,2026-08-15,CANCELED,,
2026-08-16T03:56:24Z,0237512026-08-16,02375,2026-08-16,CANCELED,,
2026-08-16T03:56:24Z,0408612026-08-16,04086,2026-08-16,CANCELED,,
2026-08-16T03:56:24Z,3718612026-08-15,37186,2026-08-15,CANCELED,,
2026-08-16T03:56:24Z,7187422026-08-15,71874,2026-08-15,CANCELED,,
2026-08-16T03:56:24Z,1300322026-08-15,13003,2026-08-15,CANCELED,,
2026-08-16T04:01:55Z,1505112026-08-15,15051,2026-08-15,SCHEDULED,-60,-1.0
2026-08-16T04:01:55Z,1500012026-08-15,15000,2026-08-15,SCHEDULED,0,0.0
2026-08-16T04:01:55Z,1812112026-08-15,18121,2026-08-15,SCHEDULED,-60,-1.0
2026-08-16T04:01:55Z,1812012026-08-15,18120,2026-08-15,SCHEDULED,180,3.0
2026-08-16T04:01:55Z,0411422026-08-16,04114,2026-08-16,SCHEDULED,0,0.0
2026-08-16T04:01:55Z,0411412026-08-16,04114,2026-08-16,SCHEDULED,0,0.0
2026-08-16T04:01:55Z,1322112026-08-15,13221,2026-08-15,CANCELED,,
2026-08-16T04:01:55Z,3890712026-08-15,38907,2026-08-15,CANCELED,,
2026-08-16T04:01:55Z,1323212026-08-15,13232,2026-08-15,CANCELED,,
2026-08-16T04:01:55Z,1391012026-08-15,13910,2026-08-15,CANCELED,,
2026-08-16T04:01:55Z,1564212026-08-15,15642,2026-08-15,CANCELED,,
2026-08-16T04:01:55Z,1390712026-08-15,13907,2026-08-15,CANCELED,,
2026-08-16T04:01:55Z,1565512026-08-15,15655,2026-08-15,CANCELED,,
2026-08-16T04:01:55Z,0237512026-08-16,02375,2026-08-16,CANCELED,,
2026-08-16T04:01:55Z,1585412026-08-15,15854,2026-08-15,CANCELED,,
2026-08-16T04:01:55Z,0408612026-08-16,04086,2026-08-16,CANCELED,,
2026-08-16T04:01:55Z,3718612026-08-15,37186,2026-08-15,CANCELED,,
2026-08-16T04:01:55Z,7187422026-08-15,71874,2026-08-15,CANCELED,,
2026-08-16T04:01:55Z,1300322026-08-15,13003,2026-08-15,CANCELED,,
2026-08-16T04:06:26Z,1505112026-08-15,15051,2026-08-15,SCHEDULED,-60,-1.0
2026-08-16T04:06:26Z,0587112026-08-15,05871,2026-08-15,SCHEDULED,120,2.0
2026-08-16T04:06:26Z,1500012026-08-15,15000,2026-08-15,SCHEDULED,0,0.0
2026-08-16T04:06:26Z,1812112026-08-15,18121,2026-08-15,SCHEDULED,0,0.0
2026-08-16T04:06:26Z,0411422026-08-16,04114,2026-08-16,SCHEDULED,0,0.0
2026-08-16T04:06:26Z,0411412026-08-16,04114,2026-08-16,SCHEDULED,0,0.0
2026-08-16T04:06:26Z,1812012026-08-15,18120,2026-08-15,SCHEDULED,180,3.0
2026-08-16T04:06:26Z,3890712026-08-15,38907,2026-08-15,CANCELED,,
2026-08-16T04:06:26Z,1322112026-08-15,13221,2026-08-15,CANCELED,,
2026-08-16T04:06:26Z,1323212026-08-15,13232,2026-08-15,CANCELED,,
2026-08-16T04:06:26Z,1564212026-08-15,15642,2026-08-15,CANCELED,,
2026-08-16T04:06:26Z,1391012026-08-15,13910,2026-08-15,CANCELED,,
2026-08-16T04:06:26Z,1390712026-08-15,13907,2026-08-15,CANCELED,,
2026-08-16T04:06:26Z,1565512026-08-15,15655,2026-08-15,CANCELED,,
2026-08-16T04:06:26Z,0237512026-08-16,02375,2026-08-16,CANCELED,,
2026-08-16T04:06:26Z,1585412026-08-15,15854,2026-08-15,CANCELED,,
2026-08-16T04:06:26Z,0408612026-08-16,04086,2026-08-16,CANCELED,,
2026-08-16T04:06:26Z,3718612026-08-15,37186,2026-08-15,CANCELED,,
2026-08-16T04:06:26Z,7187422026-08-15,71874,2026-08-15,CANCELED,,
2026-08-16T04:06:26Z,1300322026-08-15,13003,2026-08-15,CANCELED,,
2026-08-16T04:11:29Z,1500012026-08-15,15000,2026-08-15,SCHEDULED,120,2.0
2026-08-16T04:11:29Z,0587112026-08-15,05871,2026-08-15,SCHEDULED,240,4.0
2026-08-16T04:11:29Z,1505112026-08-15,15051,2026-08-15,SCHEDULED,-180,-3.0
2026-08-16T04:11:29Z,1812112026-08-15,18121,2026-08-15,SCHEDULED,0,0.0
2026-08-16T04:11:29Z,0411422026-08-16,04114,2026-08-16,SCHEDULED,60,1.0
2026-08-16T04:11:29Z,0411412026-08-16,04114,2026-08-16,SCHEDULED,60,1.0
2026-08-16T04:11:29Z,3586912026-08-15,35869,2026-08-15,SCHEDULED,540,9.0
2026-08-16T04:11:29Z,0206112026-08-15,02061,2026-08-15,SCHEDULED,60,1.0
2026-08-16T04:11:29Z,1812012026-08-15,18120,2026-08-15,SCHEDULED,180,3.0
2026-08-16T04:11:29Z,1322112026-08-15,13221,2026-08-15,CANCELED,,
2026-08-16T04:11:29Z,3890712026-08-15,38907,2026-08-15,CANCELED,,
2026-08-16T04:11:29Z,1323212026-08-15,13232,2026-08-15,CANCELED,,
2026-08-16T04:11:29Z,1391012026-08-15,13910,2026-08-15,CANCELED,,
2026-08-16T04:11:29Z,1564212026-08-15,15642,2026-08-15,CANCELED,,
2026-08-16T04:11:29Z,1390712026-08-15,13907,2026-08-15,CANCELED,,
2026-08-16T04:11:29Z,1565512026-08-15,15655,2026-08-15,CANCELED,,
2026-08-16T04:11:29Z,0237512026-08-16,02375,2026-08-16,CANCELED,,
2026-08-16T04:11:29Z,1585412026-08-15,15854,2026-08-15,CANCELED,,
2026-08-16T04:11:29Z,0408612026-08-16,04086,2026-08-16,CANCELED,,
2026-08-16T04:11:29Z,7187422026-08-15,71874,2026-08-15,CANCELED,,
2026-08-16T04:11:29Z,3718612026-08-15,37186,2026-08-15,CANCELED,,
2026-08-16T04:11:29Z,1300322026-08-15,13003,2026-08-15,CANCELED,,
2026-08-16T04:16:34Z,1500012026-08-15,15000,2026-08-15,SCHEDULED,180,3.0
2026-08-16T04:16:34Z,0566812026-08-15,05668,2026-08-15,SCHEDULED,60,1.0
2026-08-16T04:16:34Z,0587112026-08-15,05871,2026-08-15,SCHEDULED,180,3.0
2026-08-16T04:16:34Z,1505112026-08-15,15051,2026-08-15,SCHEDULED,-180,-3.0
2026-08-16T04:16:34Z,1261112026-08-15,12611,2026-08-15,SCHEDULED,0,0.0
2026-08-16T04:16:34Z,1808412026-08-15,18084,2026-08-15,SCHEDULED,0,0.0
2026-08-16T04:16:34Z,1812012026-08-15,18120,2026-08-15,SCHEDULED,60,1.0
2026-08-16T04:16:34Z,0411422026-08-16,04114,2026-08-16,SCHEDULED,120,2.0
2026-08-16T04:16:34Z,0411412026-08-16,04114,2026-08-16,SCHEDULED,120,2.0
2026-08-16T04:16:34Z,1812112026-08-15,18121,2026-08-15,SCHEDULED,60,1.0
2026-08-16T04:16:34Z,3586912026-08-15,35869,2026-08-15,SCHEDULED,540,9.0
2026-08-16T04:16:34Z,0206112026-08-15,02061,2026-08-15,SCHEDULED,120,2.0
2026-08-16T04:16:34Z,3890712026-08-15,38907,2026-08-15,CANCELED,,
2026-08-16T04:16:34Z,1322112026-08-15,13221,2026-08-15,CANCELED,,
2026-08-16T04:16:34Z,1323212026-08-15,13232,2026-08-15,CANCELED,,
2026-08-16T04:16:34Z,1564212026-08-15,15642,2026-08-15,CANCELED,,
2026-08-16T04:16:34Z,1391012026-08-15,13910,2026-08-15,CANCELED,,
2026-08-16T04:16:34Z,1565512026-08-15,15655,2026-08-15,CANCELED,,
2026-08-16T04:16:34Z,1390712026-08-15,13907,2026-08-15,CANCELED,,
2026-08-16T04:16:34Z,1585412026-08-15,15854,2026-08-15,CANCELED,,
2026-08-16T04:16:34Z,0237512026-08-16,02375,2026-08-16,CANCELED,,
2026-08-16T04:16:34Z,0408612026-08-16,04086,2026-08-16,CANCELED,,
2026-08-16T04:16:34Z,7187422026-08-15,71874,2026-08-15,CANCELED,,
2026-08-16T04:16:34Z,3718612026-08-15,37186,2026-08-15,CANCELED,,
2026-08-16T04:16:34Z,1300322026-08-15,13003,2026-08-15,CANCELED,,
2026-08-16T04:21:27Z,0566812026-08-15,05668,2026-08-15,SCHEDULED,60,1.0
2026-08-16T04:21:27Z,1500012026-08-15,15000,2026-08-15,SCHEDULED,180,3.0
2026-08-16T04:21:27Z,0587112026-08-15,05871,2026-08-15,SCHEDULED,240,4.0
2026-08-16T04:21:27Z,1505112026-08-15,15051,2026-08-15,SCHEDULED,0,0.0
2026-08-16T04:21:27Z,1261112026-08-15,12611,2026-08-15,SCHEDULED,0,0.0
2026-08-16T04:21:27Z,1808412026-08-15,18084,2026-08-15,SCHEDULED,0,0.0
2026-08-16T04:21:27Z,3586912026-08-15,35869,2026-08-15,SCHEDULED,540,9.0
2026-08-16T04:21:27Z,0411422026-08-16,04114,2026-08-16,SCHEDULED,120,2.0
2026-08-16T04:21:27Z,0411412026-08-16,04114,2026-08-16,SCHEDULED,120,2.0
2026-08-16T04:21:27Z,1503112026-08-15,15031,2026-08-15,SCHEDULED,60,1.0
2026-08-16T04:21:27Z,0206112026-08-15,02061,2026-08-15,SCHEDULED,120,2.0
2026-08-16T04:21:27Z,1812012026-08-15,18120,2026-08-15,SCHEDULED,120,2.0
2026-08-16T04:21:27Z,1812112026-08-15,18121,2026-08-15,SCHEDULED,-60,-1.0
2026-08-16T04:21:27Z,3890712026-08-15,38907,2026-08-15,CANCELED,,
2026-08-16T04:21:27Z,1322112026-08-15,13221,2026-08-15,CANCELED,,
2026-08-16T04:21:27Z,1323212026-08-15,13232,2026-08-15,CANCELED,,
2026-08-16T04:21:27Z,1564212026-08-15,15642,2026-08-15,CANCELED,,
2026-08-16T04:21:27Z,1391012026-08-15,13910,2026-08-15,CANCELED,,
2026-08-16T04:21:27Z,1565512026-08-15,15655,2026-08-15,CANCELED,,
2026-08-16T04:21:27Z,1390712026-08-15,13907,2026-08-15,CANCELED,,
2026-08-16T04:21:27Z,1585412026-08-15,15854,2026-08-15,CANCELED,,
2026-08-16T04:21:27Z,0237512026-08-16,02375,2026-08-16,CANCELED,,
2026-08-16T04:21:27Z,0408612026-08-16,04086,2026-08-16,CANCELED,,
2026-08-16T04:21:27Z,7187422026-08-15,71874,2026-08-15,CANCELED,,
2026-08-16T04:21:27Z,3718612026-08-15,37186,2026-08-15,CANCELED,,
2026-08-16T04:21:27Z,1300322026-08-15,13003,2026-08-15,CANCELED,,
2026-08-16T04:26:27Z,0566812026-08-15,05668,2026-08-15,SCHEDULED,0,0.0
2026-08-16T04:26:27Z,1261112026-08-15,12611,2026-08-15,SCHEDULED,60,1.0
2026-08-16T04:26:27Z,0587112026-08-15,05871,2026-08-15,SCHEDULED,240,4.0
2026-08-16T04:26:27Z,1500012026-08-15,15000,2026-08-15,SCHEDULED,180,3.0
2026-08-16T04:26:27Z,0847512026-08-15,08475,2026-08-15,SCHEDULED,0,0.0
2026-08-16T04:26:27Z,1505112026-08-15,15051,2026-08-15,SCHEDULED,0,0.0
2026-08-16T04:26:27Z,3586912026-08-15,35869,2026-08-15,SCHEDULED,1260,21.0
2026-08-16T04:26:27Z,0411422026-08-16,04114,2026-08-16,SCHEDULED,120,2.0
2026-08-16T04:26:27Z,0411412026-08-16,04114,2026-08-16,SCHEDULED,120,2.0
2026-08-16T04:26:27Z,1503112026-08-15,15031,2026-08-15,SCHEDULED,60,1.0
2026-08-16T04:26:27Z,0206112026-08-15,02061,2026-08-15,SCHEDULED,60,1.0
2026-08-16T04:26:27Z,1812012026-08-15,18120,2026-08-15,SCHEDULED,120,2.0
2026-08-16T04:26:27Z,1812112026-08-15,18121,2026-08-15,SCHEDULED,0,0.0
2026-08-16T04:26:27Z,3890712026-08-15,38907,2026-08-15,CANCELED,,
2026-08-16T04:26:27Z,1322112026-08-15,13221,2026-08-15,CANCELED,,
2026-08-16T04:26:27Z,1323212026-08-15,13232,2026-08-15,CANCELED,,
2026-08-16T04:26:27Z,1564212026-08-15,15642,2026-08-15,CANCELED,,
2026-08-16T04:26:27Z,1391012026-08-15,13910,2026-08-15,CANCELED,,
2026-08-16T04:26:27Z,1390712026-08-15,13907,2026-08-15,CANCELED,,
2026-08-16T04:26:27Z,1565512026-08-15,15655,2026-08-15,CANCELED,,
2026-08-16T04:26:27Z,0237512026-08-16,02375,2026-08-16,CANCELED,,
2026-08-16T04:26:27Z,1585412026-08-15,15854,2026-08-15,CANCELED,,
2026-08-16T04:26:27Z,0408612026-08-16,04086,2026-08-16,CANCELED,,
2026-08-16T04:26:27Z,3718612026-08-15,37186,2026-08-15,CANCELED,,
2026-08-16T04:26:27Z,7187422026-08-15,71874,2026-08-15,CANCELED,,
2026-08-16T04:26:27Z,1300322026-08-15,13003,2026-08-15,CANCELED,,
2026-08-16T04:31:40Z,0566812026-08-15,05668,2026-08-15,SCHEDULED,60,1.0
2026-08-16T04:31:40Z,0587112026-08-15,05871,2026-08-15,SCHEDULED,300,5.0
2026-08-16T04:31:40Z,0847512026-08-15,08475,2026-08-15,SCHEDULED,0,0.0
2026-08-16T04:31:40Z,1412322026-08-16,14123,2026-08-16,SCHEDULED,0,0.0
2026-08-16T04:31:40Z,1412362026-08-15,14123,2026-08-15,SCHEDULED,0,0.0
2026-08-16T04:31:40Z,1412352026-08-15,14123,2026-08-15,SCHEDULED,0,0.0
2026-08-16T04:31:40Z,1261112026-08-15,12611,2026-08-15,SCHEDULED,120,2.0
2026-08-16T04:31:40Z,1500012026-08-15,15000,2026-08-15,SCHEDULED,120,2.0
2026-08-16T04:31:40Z,1395112026-08-15,13951,2026-08-15,SCHEDULED,120,2.0
2026-08-16T04:31:40Z,1505112026-08-15,15051,2026-08-15,SCHEDULED,-60,-1.0
2026-08-16T04:31:40Z,1602112026-08-15,16021,2026-08-15,SCHEDULED,0,0.0
2026-08-16T04:31:40Z,0411422026-08-16,04114,2026-08-16,SCHEDULED,-60,-1.0
2026-08-16T04:31:40Z,0411412026-08-16,04114,2026-08-16,SCHEDULED,-60,-1.0
2026-08-16T04:31:40Z,1812112026-08-15,18121,2026-08-15,SCHEDULED,60,1.0
2026-08-16T04:31:40Z,0206112026-08-15,02061,2026-08-15,SCHEDULED,60,1.0
2026-08-16T04:31:40Z,3586912026-08-15,35869,2026-08-15,SCHEDULED,1440,24.0
2026-08-16T04:31:40Z,1503112026-08-15,15031,2026-08-15,SCHEDULED,60,1.0
2026-08-16T04:31:40Z,0331112026-08-15,03311,2026-08-15,SCHEDULED,0,0.0
2026-08-16T04:31:40Z,1805412026-08-15,18054,2026-08-15,SCHEDULED,0,0.0
2026-08-16T04:31:40Z,1812012026-08-15,18120,2026-08-15,SCHEDULED,120,2.0
2026-08-16T04:31:40Z,1322112026-08-15,13221,2026-08-15,CANCELED,,
2026-08-16T04:31:40Z,3890712026-08-15,38907,2026-08-15,CANCELED,,
2026-08-16T04:31:40Z,1323212026-08-15,13232,2026-08-15,CANCELED,,
2026-08-16T04:31:40Z,1564212026-08-15,15642,2026-08-15,CANCELED,,
2026-08-16T04:31:40Z,1391012026-08-15,13910,2026-08-15,CANCELED,,
2026-08-16T04:31:40Z,1565512026-08-15,15655,2026-08-15,CANCELED,,
2026-08-16T04:31:40Z,1390712026-08-15,13907,2026-08-15,CANCELED,,
2026-08-16T04:31:40Z,0237512026-08-16,02375,2026-08-16,CANCELED,,
2026-08-16T04:31:40Z,1585412026-08-15,15854,2026-08-15,CANCELED,,
2026-08-16T04:31:40Z,0408612026-08-16,04086,2026-08-16,CANCELED,,
2026-08-16T04:31:40Z,3718612026-08-15,37186,2026-08-15,CANCELED,,
2026-08-16T04:31:40Z,7187422026-08-15,71874,2026-08-15,CANCELED,,
2026-08-16T04:31:40Z,1300322026-08-15,13003,2026-08-15,CANCELED,,
2026-08-16T04:36:27Z,1395112026-08-15,13951,2026-08-15,SCHEDULED,60,1.0
2026-08-16T04:36:27Z,0566812026-08-15,05668,2026-08-15,SCHEDULED,60,1.0
2026-08-16T04:36:27Z,0587112026-08-15,05871,2026-08-15,SCHEDULED,360,6.0
2026-08-16T04:36:27Z,0847512026-08-15,08475,2026-08-15,SCHEDULED,-120,-2.0
2026-08-16T04:36:27Z,1261112026-08-15,12611,2026-08-15,SCHEDULED,120,2.0
2026-08-16T04:36:27Z,1412322026-08-16,14123,2026-08-16,SCHEDULED,0,0.0
2026-08-16T04:36:27Z,1412362026-08-15,14123,2026-08-15,SCHEDULED,0,0.0
2026-08-16T04:36:27Z,1412352026-08-15,14123,2026-08-15,SCHEDULED,0,0.0
2026-08-16T04:36:27Z,1304112026-08-15,13041,2026-08-15,SCHEDULED,180,3.0
2026-08-16T04:36:27Z,1500012026-08-15,15000,2026-08-15,SCHEDULED,300,5.0
2026-08-16T04:36:27Z,1505112026-08-15,15051,2026-08-15,SCHEDULED,0,0.0
2026-08-16T04:36:27Z,0411422026-08-16,04114,2026-08-16,SCHEDULED,-240,-4.0
2026-08-16T04:36:27Z,0411412026-08-16,04114,2026-08-16,SCHEDULED,-240,-4.0
2026-08-16T04:36:27Z,1602112026-08-15,16021,2026-08-15,SCHEDULED,0,0.0
2026-08-16T04:36:27Z,0206112026-08-15,02061,2026-08-15,SCHEDULED,420,7.0
2026-08-16T04:36:27Z,1805412026-08-15,18054,2026-08-15,SCHEDULED,0,0.0
2026-08-16T04:36:27Z,1812012026-08-15,18120,2026-08-15,SCHEDULED,0,0.0
2026-08-16T04:36:27Z,0331112026-08-15,03311,2026-08-15,SCHEDULED,0,0.0
2026-08-16T04:36:27Z,1812112026-08-15,18121,2026-08-15,SCHEDULED,60,1.0
2026-08-16T04:36:27Z,0506422026-08-15,05064,2026-08-15,SCHEDULED,180,3.0
2026-08-16T04:36:27Z,0506412026-08-15,05064,2026-08-15,SCHEDULED,180,3.0
2026-08-16T04:36:27Z,3586912026-08-15,35869,2026-08-15,SCHEDULED,1380,23.0
2026-08-16T04:36:27Z,1503112026-08-15,15031,2026-08-15,SCHEDULED,0,0.0
2026-08-16T04:36:27Z,1322112026-08-15,13221,2026-08-15,CANCELED,,
2026-08-16T04:36:27Z,3890712026-08-15,38907,2026-08-15,CANCELED,,
2026-08-16T04:36:27Z,1323212026-08-15,13232,2026-08-15,CANCELED,,
2026-08-16T04:36:27Z,1564212026-08-15,15642,2026-08-15,CANCELED,,
2026-08-16T04:36:27Z,1391012026-08-15,13910,2026-08-15,CANCELED,,
2026-08-16T04:36:27Z,1565512026-08-15,15655,2026-08-15,CANCELED,,
2026-08-16T04:36:27Z,1390712026-08-15,13907,2026-08-15,CANCELED,,
2026-08-16T04:36:27Z,1585412026-08-15,15854,2026-08-15,CANCELED,,
2026-08-16T04:36:27Z,0237512026-08-16,02375,2026-08-16,CANCELED,,
2026-08-16T04:36:27Z,0408612026-08-16,04086,2026-08-16,CANCELED,,
2026-08-16T04:36:27Z,7187422026-08-15,71874,2026-08-15,CANCELED,,
2026-08-16T04:36:27Z,3718612026-08-15,37186,2026-08-15,CANCELED,,
2026-08-16T04:36:27Z,1300322026-08-15,13003,2026-08-15,CANCELED,,
2026-08-16T04:41:32Z,1395112026-08-15,13951,2026-08-15,SCHEDULED,120,2.0
2026-08-16T04:41:32Z,0506422026-08-15,05064,2026-08-15,SCHEDULED,180,3.0
2026-08-16T04:41:32Z,0506412026-08-15,05064,2026-08-15,SCHEDULED,180,3.0
2026-08-16T04:41:32Z,0566812026-08-15,05668,2026-08-15,SCHEDULED,60,1.0
2026-08-16T04:41:32Z,0587112026-08-15,05871,2026-08-15,SCHEDULED,300,5.0
2026-08-16T04:41:32Z,1412322026-08-16,14123,2026-08-16,SCHEDULED,-60,-1.0
2026-08-16T04:41:32Z,1412362026-08-15,14123,2026-08-15,SCHEDULED,-60,-1.0
2026-08-16T04:41:32Z,1412352026-08-15,14123,2026-08-15,SCHEDULED,-60,-1.0
2026-08-16T04:41:32Z,0847512026-08-15,08475,2026-08-15,SCHEDULED,-120,-2.0
2026-08-16T04:41:32Z,1500012026-08-15,15000,2026-08-15,SCHEDULED,300,5.0
2026-08-16T04:41:32Z,1261112026-08-15,12611,2026-08-15,SCHEDULED,180,3.0
2026-08-16T04:41:32Z,1505112026-08-15,15051,2026-08-15,SCHEDULED,0,0.0
2026-08-16T04:41:32Z,1304112026-08-15,13041,2026-08-15,SCHEDULED,180,3.0
2026-08-16T04:41:32Z,1602112026-08-15,16021,2026-08-15,SCHEDULED,-60,-1.0
2026-08-16T04:41:32Z,0411422026-08-16,04114,2026-08-16,SCHEDULED,-240,-4.0
2026-08-16T04:41:32Z,0411412026-08-16,04114,2026-08-16,SCHEDULED,-240,-4.0
2026-08-16T04:41:32Z,3586912026-08-15,35869,2026-08-15,SCHEDULED,1380,23.0
2026-08-16T04:41:32Z,0206112026-08-15,02061,2026-08-15,SCHEDULED,420,7.0
2026-08-16T04:41:32Z,1503022026-08-15,15030,2026-08-15,SCHEDULED,-120,-2.0
2026-08-16T04:41:32Z,1503112026-08-15,15031,2026-08-15,SCHEDULED,0,0.0
2026-08-16T04:41:32Z,0207512026-08-16,02075,2026-08-16,SCHEDULED,0,0.0
2026-08-16T04:41:32Z,1805412026-08-15,18054,2026-08-15,SCHEDULED,0,0.0
2026-08-16T04:41:32Z,0331112026-08-15,03311,2026-08-15,SCHEDULED,-180,-3.0
2026-08-16T04:41:32Z,1812012026-08-15,18120,2026-08-15,SCHEDULED,60,1.0
2026-08-16T04:41:32Z,1812112026-08-15,18121,2026-08-15,SCHEDULED,60,1.0
2026-08-16T04:41:32Z,3890712026-08-15,38907,2026-08-15,CANCELED,,
2026-08-16T04:41:32Z,1322112026-08-15,13221,2026-08-15,CANCELED,,
2026-08-16T04:41:32Z,1323212026-08-15,13232,2026-08-15,CANCELED,,
2026-08-16T04:41:32Z,1564212026-08-15,15642,2026-08-15,CANCELED,,
2026-08-16T04:41:32Z,1391012026-08-15,13910,2026-08-15,CANCELED,,
2026-08-16T04:41:32Z,1390712026-08-15,13907,2026-08-15,CANCELED,,
2026-08-16T04:41:32Z,1565512026-08-15,15655,2026-08-15,CANCELED,,
2026-08-16T04:41:32Z,0237512026-08-16,02375,2026-08-16,CANCELED,,
2026-08-16T04:41:32Z,1585412026-08-15,15854,2026-08-15,CANCELED,,
2026-08-16T04:41:32Z,0408612026-08-16,04086,2026-08-16,CANCELED,,
2026-08-16T04:41:32Z,3718612026-08-15,37186,2026-08-15,CANCELED,,
2026-08-16T04:41:32Z,7187422026-08-15,71874,2026-08-15,CANCELED,,
2026-08-16T04:41:32Z,1300322026-08-15,13003,2026-08-15,CANCELED,,
2026-08-16T04:46:32Z,0566812026-08-15,05668,2026-08-15,SCHEDULED,60,1.0
2026-08-16T04:46:32Z,1395112026-08-15,13951,2026-08-15,SCHEDULED,120,2.0
2026-08-16T04:46:32Z,0587112026-08-15,05871,2026-08-15,SCHEDULED,120,2.0
2026-08-16T04:46:32Z,0847512026-08-15,08475,2026-08-15,SCHEDULED,-60,-1.0
2026-08-16T04:46:32Z,0907212026-08-15,09072,2026-08-15,SCHEDULED,0,0.0
2026-08-16T04:46:32Z,1412322026-08-16,14123,2026-08-16,SCHEDULED,60,1.0
2026-08-16T04:46:32Z,1412362026-08-15,14123,2026-08-15,SCHEDULED,60,1.0
2026-08-16T04:46:32Z,1412352026-08-15,14123,2026-08-15,SCHEDULED,60,1.0
2026-08-16T04:46:32Z,1261112026-08-15,12611,2026-08-15,SCHEDULED,180,3.0
2026-08-16T04:46:32Z,1500012026-08-15,15000,2026-08-15,SCHEDULED,360,6.0
2026-08-16T04:46:32Z,1304112026-08-15,13041,2026-08-15,SCHEDULED,420,7.0
2026-08-16T04:46:32Z,1521112026-08-15,15211,2026-08-15,SCHEDULED,-60,-1.0
2026-08-16T04:46:32Z,1585012026-08-15,15850,2026-08-15,SCHEDULED,0,0.0
2026-08-16T04:46:32Z,0411422026-08-16,04114,2026-08-16,SCHEDULED,-240,-4.0
2026-08-16T04:46:32Z,0411412026-08-16,04114,2026-08-16,SCHEDULED,-240,-4.0
2026-08-16T04:46:32Z,1602112026-08-15,16021,2026-08-15,SCHEDULED,-60,-1.0
2026-08-16T04:46:32Z,0206112026-08-15,02061,2026-08-15,SCHEDULED,180,3.0
2026-08-16T04:46:32Z,1805412026-08-15,18054,2026-08-15,SCHEDULED,-60,-1.0
2026-08-16T04:46:32Z,0207512026-08-16,02075,2026-08-16,SCHEDULED,60,1.0
2026-08-16T04:46:32Z,1812012026-08-15,18120,2026-08-15,SCHEDULED,60,1.0
2026-08-16T04:46:32Z,1812112026-08-15,18121,2026-08-15,SCHEDULED,0,0.0
2026-08-16T04:46:32Z,0331112026-08-15,03311,2026-08-15,SCHEDULED,0,0.0
2026-08-16T04:46:32Z,3586912026-08-15,35869,2026-08-15,SCHEDULED,1380,23.0
2026-08-16T04:46:32Z,1503022026-08-15,15030,2026-08-15,SCHEDULED,-120,-2.0
2026-08-16T04:46:32Z,0506422026-08-15,05064,2026-08-15,SCHEDULED,60,1.0
2026-08-16T04:46:32Z,0506412026-08-15,05064,2026-08-15,SCHEDULED,60,1.0
2026-08-16T04:46:32Z,1503112026-08-15,15031,2026-08-15,SCHEDULED,0,0.0
2026-08-16T04:46:32Z,1322112026-08-15,13221,2026-08-15,CANCELED,,
2026-08-16T04:46:32Z,3890712026-08-15,38907,2026-08-15,CANCELED,,
2026-08-16T04:46:32Z,1323212026-08-15,13232,2026-08-15,CANCELED,,
2026-08-16T04:46:32Z,1564212026-08-15,15642,2026-08-15,CANCELED,,
2026-08-16T04:46:32Z,1391012026-08-15,13910,2026-08-15,CANCELED,,
2026-08-16T04:46:32Z,1565512026-08-15,15655,2026-08-15,CANCELED,,
2026-08-16T04:46:32Z,1390712026-08-15,13907,2026-08-15,CANCELED,,
2026-08-16T04:46:32Z,0237512026-08-16,02375,2026-08-16,CANCELED,,
2026-08-16T04:46:32Z,1585412026-08-15,15854,2026-08-15,CANCELED,,
2026-08-16T04:46:32Z,0408612026-08-16,04086,2026-08-16,CANCELED,,
2026-08-16T04:46:32Z,3718612026-08-15,37186,2026-08-15,CANCELED,,
2026-08-16T04:46:32Z,7187422026-08-15,71874,2026-08-15,CANCELED,,
2026-08-16T04:46:32Z,1300322026-08-15,13003,2026-08-15,CANCELED,,
2026-08-16T04:51:28Z,0566812026-08-15,05668,2026-08-15,SCHEDULED,-60,-1.0
2026-08-16T04:51:28Z,1395112026-08-15,13951,2026-08-15,SCHEDULED,180,3.0
2026-08-16T04:51:28Z,0587112026-08-15,05871,2026-08-15,SCHEDULED,120,2.0
2026-08-16T04:51:28Z,0847512026-08-15,08475,2026-08-15,SCHEDULED,0,0.0
2026-08-16T04:51:28Z,0907212026-08-15,09072,2026-08-15,SCHEDULED,-60,-1.0
2026-08-16T04:51:28Z,1412322026-08-16,14123,2026-08-16,SCHEDULED,60,1.0
2026-08-16T04:51:28Z,1412362026-08-15,14123,2026-08-15,SCHEDULED,60,1.0
2026-08-16T04:51:28Z,1412352026-08-15,14123,2026-08-15,SCHEDULED,60,1.0
2026-08-16T04:51:28Z,1261112026-08-15,12611,2026-08-15,SCHEDULED,360,6.0
2026-08-16T04:51:28Z,1500012026-08-15,15000,2026-08-15,SCHEDULED,240,4.0
2026-08-16T04:51:28Z,1304112026-08-15,13041,2026-08-15,SCHEDULED,540,9.0
2026-08-16T04:51:28Z,1564812026-08-15,15648,2026-08-15,SCHEDULED,0,0.0
2026-08-16T04:51:28Z,1585012026-08-15,15850,2026-08-15,SCHEDULED,60,1.0
2026-08-16T04:51:28Z,0411422026-08-16,04114,2026-08-16,SCHEDULED,-600,-10.0
2026-08-16T04:51:28Z,0411412026-08-16,04114,2026-08-16,SCHEDULED,-600,-10.0
2026-08-16T04:51:28Z,1602112026-08-15,16021,2026-08-15,SCHEDULED,-60,-1.0
2026-08-16T04:51:28Z,0206112026-08-15,02061,2026-08-15,SCHEDULED,300,5.0
2026-08-16T04:51:28Z,1812112026-08-15,18121,2026-08-15,SCHEDULED,0,0.0
2026-08-16T04:51:28Z,3586912026-08-15,35869,2026-08-15,SCHEDULED,1260,21.0
2026-08-16T04:51:28Z,0207512026-08-16,02075,2026-08-16,SCHEDULED,60,1.0
2026-08-16T04:51:28Z,1503022026-08-15,15030,2026-08-15,SCHEDULED,-120,-2.0
2026-08-16T04:51:28Z,0331112026-08-15,03311,2026-08-15,SCHEDULED,60,1.0
2026-08-16T04:51:28Z,1503112026-08-15,15031,2026-08-15,SCHEDULED,-120,-2.0
2026-08-16T04:51:28Z,1805412026-08-15,18054,2026-08-15,SCHEDULED,0,0.0
2026-08-16T04:51:28Z,0506422026-08-15,05064,2026-08-15,SCHEDULED,120,2.0
2026-08-16T04:51:28Z,0506412026-08-15,05064,2026-08-15,SCHEDULED,120,2.0
2026-08-16T04:51:28Z,1800222026-08-15,18002,2026-08-15,SCHEDULED,60,1.0
2026-08-16T04:51:28Z,1812012026-08-15,18120,2026-08-15,SCHEDULED,300,5.0
2026-08-16T04:51:28Z,3890712026-08-15,38907,2026-08-15,CANCELED,,
2026-08-16T04:51:28Z,1322112026-08-15,13221,2026-08-15,CANCELED,,
2026-08-16T04:51:28Z,1323212026-08-15,13232,2026-08-15,CANCELED,,
2026-08-16T04:51:28Z,1564212026-08-15,15642,2026-08-15,CANCELED,,
2026-08-16T04:51:28Z,1391012026-08-15,13910,2026-08-15,CANCELED,,
2026-08-16T04:51:28Z,1565512026-08-15,15655,2026-08-15,CANCELED,,
2026-08-16T04:51:28Z,1390712026-08-15,13907,2026-08-15,CANCELED,,
2026-08-16T04:51:28Z,1585412026-08-15,15854,2026-08-15,CANCELED,,
2026-08-16T04:51:28Z,0237512026-08-16,02375,2026-08-16,CANCELED,,
2026-08-16T04:51:28Z,0408612026-08-16,04086,2026-08-16,CANCELED,,
2026-08-16T04:51:28Z,7187422026-08-15,71874,2026-08-15,CANCELED,,
2026-08-16T04:51:28Z,3718612026-08-15,37186,2026-08-15,CANCELED,,
2026-08-16T04:51:28Z,1300322026-08-15,13003,2026-08-15,CANCELED,,
2026-08-16T04:56:24Z,1395112026-08-15,13951,2026-08-15,SCHEDULED,180,3.0
2026-08-16T04:56:24Z,0506422026-08-15,05064,2026-08-15,SCHEDULED,180,3.0
2026-08-16T04:56:24Z,0506412026-08-15,05064,2026-08-15,SCHEDULED,180,3.0
2026-08-16T04:56:24Z,0566812026-08-15,05668,2026-08-15,SCHEDULED,-120,-2.0
2026-08-16T04:56:24Z,0587112026-08-15,05871,2026-08-15,SCHEDULED,120,2.0
2026-08-16T04:56:24Z,1412322026-08-16,14123,2026-08-16,SCHEDULED,60,1.0
2026-08-16T04:56:24Z,1412362026-08-15,14123,2026-08-15,SCHEDULED,60,1.0
2026-08-16T04:56:24Z,1412352026-08-15,14123,2026-08-15,SCHEDULED,60,1.0
2026-08-16T04:56:24Z,0847512026-08-15,08475,2026-08-15,SCHEDULED,-60,-1.0
2026-08-16T04:56:24Z,1500012026-08-15,15000,2026-08-15,SCHEDULED,420,7.0
2026-08-16T04:56:24Z,0907212026-08-15,09072,2026-08-15,SCHEDULED,0,0.0
2026-08-16T04:56:24Z,1504012026-08-15,15040,2026-08-15,SCHEDULED,480,8.0
2026-08-16T04:56:24Z,1564812026-08-15,15648,2026-08-15,SCHEDULED,0,0.0
2026-08-16T04:56:24Z,1585012026-08-15,15850,2026-08-15,SCHEDULED,0,0.0
2026-08-16T04:56:24Z,1602112026-08-15,16021,2026-08-15,SCHEDULED,0,0.0
2026-08-16T04:56:24Z,0418612026-08-16,04186,2026-08-16,SCHEDULED,0,0.0
2026-08-16T04:56:24Z,0418632026-08-16,04186,2026-08-16,SCHEDULED,0,0.0
2026-08-16T04:56:24Z,0418622026-08-16,04186,2026-08-16,SCHEDULED,0,0.0
2026-08-16T04:56:24Z,1261112026-08-15,12611,2026-08-15,SCHEDULED,360,6.0
2026-08-16T04:56:24Z,1833122026-08-15,18331,2026-08-15,SCHEDULED,60,1.0
2026-08-16T04:56:24Z,1304112026-08-15,13041,2026-08-15,SCHEDULED,540,9.0
2026-08-16T04:56:24Z,3586912026-08-15,35869,2026-08-15,SCHEDULED,1380,23.0
2026-08-16T04:56:24Z,1503022026-08-15,15030,2026-08-15,SCHEDULED,-120,-2.0
2026-08-16T04:56:24Z,0411422026-08-16,04114,2026-08-16,SCHEDULED,-600,-10.0
2026-08-16T04:56:24Z,0411412026-08-16,04114,2026-08-16,SCHEDULED,-600,-10.0
2026-08-16T04:56:24Z,1503112026-08-15,15031,2026-08-15,SCHEDULED,0,0.0
2026-08-16T04:56:24Z,0206112026-08-15,02061,2026-08-15,SCHEDULED,300,5.0
2026-08-16T04:56:24Z,1805412026-08-15,18054,2026-08-15,SCHEDULED,-120,-2.0
2026-08-16T04:56:24Z,0207512026-08-16,02075,2026-08-16,SCHEDULED,120,2.0
2026-08-16T04:56:24Z,1800222026-08-15,18002,2026-08-15,SCHEDULED,60,1.0
2026-08-16T04:56:24Z,0207712026-08-15,02077,2026-08-15,SCHEDULED,-60,-1.0
2026-08-16T04:56:24Z,1812012026-08-15,18120,2026-08-15,SCHEDULED,300,5.0
2026-08-16T04:56:24Z,1812112026-08-15,18121,2026-08-15,SCHEDULED,0,0.0
2026-08-16T04:56:24Z,0331112026-08-15,03311,2026-08-15,SCHEDULED,60,1.0
2026-08-16T04:56:24Z,0407222026-08-16,04072,2026-08-16,SCHEDULED,60,1.0
2026-08-16T04:56:24Z,0407212026-08-16,04072,2026-08-16,SCHEDULED,60,1.0
2026-08-16T04:56:24Z,1322112026-08-15,13221,2026-08-15,CANCELED,,
2026-08-16T04:56:24Z,3890712026-08-15,38907,2026-08-15,CANCELED,,
2026-08-16T04:56:24Z,1323212026-08-15,13232,2026-08-15,CANCELED,,
2026-08-16T04:56:24Z,1564212026-08-15,15642,2026-08-15,CANCELED,,
2026-08-16T04:56:24Z,1391012026-08-15,13910,2026-08-15,CANCELED,,
2026-08-16T04:56:24Z,1390712026-08-15,13907,2026-08-15,CANCELED,,
2026-08-16T04:56:24Z,1565512026-08-15,15655,2026-08-15,CANCELED,,
2026-08-16T04:56:24Z,0237512026-08-16,02375,2026-08-16,CANCELED,,
2026-08-16T04:56:24Z,1585412026-08-15,15854,2026-08-15,CANCELED,,
2026-08-16T04:56:24Z,0408612026-08-16,04086,2026-08-16,CANCELED,,
2026-08-16T04:56:24Z,7187422026-08-15,71874,2026-08-15,CANCELED,,
2026-08-16T04:56:24Z,3718612026-08-15,37186,2026-08-15,CANCELED,,
2026-08-16T04:56:24Z,1300322026-08-15,13003,2026-08-15,CANCELED,,
2026-08-16T04:58:21Z,1304112026-08-15,13041,2026-08-15,SCHEDULED,540,9.0
2026-08-16T04:58:21Z,0506422026-08-15,05064,2026-08-15,SCHEDULED,120,2.0
2026-08-16T04:58:21Z,0506412026-08-15,05064,2026-08-15,SCHEDULED,120,2.0
2026-08-16T04:58:21Z,1395112026-08-15,13951,2026-08-15,SCHEDULED,180,3.0
2026-08-16T04:58:21Z,0566812026-08-15,05668,2026-08-15,SCHEDULED,-120,-2.0
2026-08-16T04:58:21Z,0587112026-08-15,05871,2026-08-15,SCHEDULED,0,0.0
2026-08-16T04:58:21Z,0847512026-08-15,08475,2026-08-15,SCHEDULED,-60,-1.0
2026-08-16T04:58:21Z,1412322026-08-16,14123,2026-08-16,SCHEDULED,0,0.0
2026-08-16T04:58:21Z,1412362026-08-15,14123,2026-08-15,SCHEDULED,0,0.0
2026-08-16T04:58:21Z,1412352026-08-15,14123,2026-08-15,SCHEDULED,0,0.0
2026-08-16T04:58:21Z,0907212026-08-15,09072,2026-08-15,SCHEDULED,0,0.0
2026-08-16T04:58:21Z,1500012026-08-15,15000,2026-08-15,SCHEDULED,420,7.0
2026-08-16T04:58:21Z,1504012026-08-15,15040,2026-08-15,SCHEDULED,540,9.0
2026-08-16T04:58:21Z,1564812026-08-15,15648,2026-08-15,SCHEDULED,0,0.0
2026-08-16T04:58:21Z,0418612026-08-16,04186,2026-08-16,SCHEDULED,60,1.0
2026-08-16T04:58:21Z,0418632026-08-16,04186,2026-08-16,SCHEDULED,60,1.0
2026-08-16T04:58:21Z,0418622026-08-16,04186,2026-08-16,SCHEDULED,60,1.0
2026-08-16T04:58:21Z,1585012026-08-15,15850,2026-08-15,SCHEDULED,0,0.0
2026-08-16T04:58:21Z,0408712026-08-16,04087,2026-08-16,SCHEDULED,120,2.0
2026-08-16T04:58:21Z,1602112026-08-15,16021,2026-08-15,SCHEDULED,0,0.0
2026-08-16T04:58:21Z,1261112026-08-15,12611,2026-08-15,SCHEDULED,360,6.0
2026-08-16T04:58:21Z,1722712026-08-15,17227,2026-08-15,SCHEDULED,0,0.0
2026-08-16T04:58:21Z,0411422026-08-16,04114,2026-08-16,SCHEDULED,-600,-10.0
2026-08-16T04:58:21Z,0411412026-08-16,04114,2026-08-16,SCHEDULED,-600,-10.0
2026-08-16T04:58:21Z,1800222026-08-15,18002,2026-08-15,SCHEDULED,0,0.0
2026-08-16T04:58:21Z,3460912026-08-15,34609,2026-08-15,SCHEDULED,720,12.0
2026-08-16T04:58:21Z,1812012026-08-15,18120,2026-08-15,SCHEDULED,300,5.0
2026-08-16T04:58:21Z,0206112026-08-15,02061,2026-08-15,SCHEDULED,300,5.0
2026-08-16T04:58:21Z,1812112026-08-15,18121,2026-08-15,SCHEDULED,0,0.0
2026-08-16T04:58:21Z,0207512026-08-16,02075,2026-08-16,SCHEDULED,120,2.0
2026-08-16T04:58:21Z,0207712026-08-15,02077,2026-08-15,SCHEDULED,-60,-1.0
2026-08-16T04:58:21Z,1833122026-08-15,18331,2026-08-15,SCHEDULED,120,2.0
2026-08-16T04:58:21Z,3586912026-08-15,35869,2026-08-15,SCHEDULED,1380,23.0
2026-08-16T04:58:21Z,0331112026-08-15,03311,2026-08-15,SCHEDULED,60,1.0
2026-08-16T04:58:21Z,1503022026-08-15,15030,2026-08-15,SCHEDULED,-120,-2.0
2026-08-16T04:58:21Z,1503112026-08-15,15031,2026-08-15,SCHEDULED,0,0.0
2026-08-16T04:58:21Z,0407222026-08-16,04072,2026-08-16,SCHEDULED,0,0.0
2026-08-16T04:58:21Z,0407212026-08-16,04072,2026-08-16,SCHEDULED,0,0.0
2026-08-16T04:58:21Z,1322112026-08-15,13221,2026-08-15,CANCELED,,
2026-08-16T04:58:21Z,3890712026-08-15,38907,2026-08-15,CANCELED,,
2026-08-16T04:58:21Z,1323212026-08-15,13232,2026-08-15,CANCELED,,
2026-08-16T04:58:21Z,1564212026-08-15,15642,2026-08-15,CANCELED,,
2026-08-16T04:58:21Z,1391012026-08-15,13910,2026-08-15,CANCELED,,
2026-08-16T04:58:21Z,1565512026-08-15,15655,2026-08-15,CANCELED,,
2026-08-16T04:58:21Z,1390712026-08-15,13907,2026-08-15,CANCELED,,
2026-08-16T04:58:21Z,1585412026-08-15,15854,2026-08-15,CANCELED,,
2026-08-16T04:58:21Z,0237512026-08-16,02375,2026-08-16,CANCELED,,
2026-08-16T04:58:21Z,0408612026-08-16,04086,2026-08-16,CANCELED,,
2026-08-16T04:58:21Z,7187422026-08-15,71874,2026-08-15,CANCELED,,
2026-08-16T04:58:21Z,3718612026-08-15,37186,2026-08-15,CANCELED,,
2026-08-16T04:58:21Z,1300322026-08-15,13003,2026-08-15,CANCELED,,
2026-08-16T05:01:54Z,1304112026-08-15,13041,2026-08-15,SCHEDULED,540,9.0
2026-08-16T05:01:54Z,0506422026-08-15,05064,2026-08-15,SCHEDULED,120,2.0
2026-08-16T05:01:54Z,0506412026-08-15,05064,2026-08-15,SCHEDULED,120,2.0
2026-08-16T05:01:54Z,1395112026-08-15,13951,2026-08-15,SCHEDULED,240,4.0
2026-08-16T05:01:54Z,0566812026-08-15,05668,2026-08-15,SCHEDULED,-180,-3.0
2026-08-16T05:01:54Z,0587112026-08-15,05871,2026-08-15,SCHEDULED,0,0.0
2026-08-16T05:01:54Z,0847512026-08-15,08475,2026-08-15,SCHEDULED,-120,-2.0
2026-08-16T05:01:54Z,1412322026-08-16,14123,2026-08-16,SCHEDULED,-60,-1.0
2026-08-16T05:01:54Z,1412362026-08-15,14123,2026-08-15,SCHEDULED,-60,-1.0
2026-08-16T05:01:54Z,1412352026-08-15,14123,2026-08-15,SCHEDULED,-60,-1.0
2026-08-16T05:01:54Z,0907212026-08-15,09072,2026-08-15,SCHEDULED,0,0.0
2026-08-16T05:01:54Z,1500012026-08-15,15000,2026-08-15,SCHEDULED,420,7.0
2026-08-16T05:01:54Z,1504012026-08-15,15040,2026-08-15,SCHEDULED,480,8.0
2026-08-16T05:01:54Z,1564812026-08-15,15648,2026-08-15,SCHEDULED,0,0.0
2026-08-16T05:01:54Z,0418612026-08-16,04186,2026-08-16,SCHEDULED,120,2.0
2026-08-16T05:01:54Z,0418632026-08-16,04186,2026-08-16,SCHEDULED,120,2.0
2026-08-16T05:01:54Z,0418622026-08-16,04186,2026-08-16,SCHEDULED,120,2.0
2026-08-16T05:01:54Z,1585012026-08-15,15850,2026-08-15,SCHEDULED,120,2.0
2026-08-16T05:01:54Z,0408712026-08-16,04087,2026-08-16,SCHEDULED,120,2.0
2026-08-16T05:01:54Z,1602112026-08-15,16021,2026-08-15,SCHEDULED,0,0.0
2026-08-16T05:01:54Z,1261112026-08-15,12611,2026-08-15,SCHEDULED,360,6.0
2026-08-16T05:01:54Z,1833122026-08-15,18331,2026-08-15,SCHEDULED,120,2.0
2026-08-16T05:01:54Z,0411422026-08-16,04114,2026-08-16,SCHEDULED,60,1.0
2026-08-16T05:01:54Z,0411412026-08-16,04114,2026-08-16,SCHEDULED,60,1.0
2026-08-16T05:01:54Z,3586912026-08-15,35869,2026-08-15,SCHEDULED,1260,21.0
2026-08-16T05:01:54Z,3460912026-08-15,34609,2026-08-15,SCHEDULED,840,14.0
2026-08-16T05:01:54Z,1503022026-08-15,15030,2026-08-15,SCHEDULED,60,1.0
2026-08-16T05:01:54Z,0206112026-08-15,02061,2026-08-15,SCHEDULED,660,11.0
2026-08-16T05:01:54Z,1503112026-08-15,15031,2026-08-15,SCHEDULED,60,1.0
2026-08-16T05:01:54Z,0207512026-08-16,02075,2026-08-16,SCHEDULED,120,2.0
2026-08-16T05:01:54Z,7180012026-08-15,71800,2026-08-15,SCHEDULED,0,0.0
2026-08-16T05:01:54Z,0207712026-08-15,02077,2026-08-15,SCHEDULED,0,0.0
2026-08-16T05:01:54Z,1722712026-08-15,17227,2026-08-15,SCHEDULED,0,0.0
2026-08-16T05:01:54Z,0331112026-08-15,03311,2026-08-15,SCHEDULED,60,1.0
2026-08-16T05:01:54Z,1800222026-08-15,18002,2026-08-15,SCHEDULED,0,0.0
2026-08-16T05:01:54Z,1812012026-08-15,18120,2026-08-15,SCHEDULED,180,3.0
2026-08-16T05:01:54Z,0407222026-08-16,04072,2026-08-16,SCHEDULED,0,0.0
2026-08-16T05:01:54Z,0407212026-08-16,04072,2026-08-16,SCHEDULED,0,0.0
2026-08-16T05:01:54Z,1812112026-08-15,18121,2026-08-15,SCHEDULED,60,1.0
2026-08-16T05:01:54Z,3890712026-08-15,38907,2026-08-15,CANCELED,,
2026-08-16T05:01:54Z,1322112026-08-15,13221,2026-08-15,CANCELED,,
2026-08-16T05:01:54Z,1323212026-08-15,13232,2026-08-15,CANCELED,,
2026-08-16T05:01:54Z,1391012026-08-15,13910,2026-08-15,CANCELED,,
2026-08-16T05:01:54Z,1564212026-08-15,15642,2026-08-15,CANCELED,,
2026-08-16T05:01:54Z,1390712026-08-15,13907,2026-08-15,CANCELED,,
2026-08-16T05:01:54Z,1565512026-08-15,15655,2026-08-15,CANCELED,,
2026-08-16T05:01:54Z,0237512026-08-16,02375,2026-08-16,CANCELED,,
2026-08-16T05:01:54Z,1585412026-08-15,15854,2026-08-15,CANCELED,,
2026-08-16T05:01:54Z,0408612026-08-16,04086,2026-08-16,CANCELED,,
2026-08-16T05:01:54Z,7187422026-08-15,71874,2026-08-15,CANCELED,,
2026-08-16T05:01:54Z,3718612026-08-15,37186,2026-08-15,CANCELED,,
2026-08-16T05:01:54Z,1300322026-08-15,13003,2026-08-15,CANCELED,,
2026-08-16T05:06:25Z,0566812026-08-15,05668,2026-08-15,SCHEDULED,-180,-3.0
2026-08-16T05:06:25Z,1304112026-08-15,13041,2026-08-15,SCHEDULED,540,9.0
2026-08-16T05:06:25Z,0587112026-08-15,05871,2026-08-15,SCHEDULED,-60,-1.0
2026-08-16T05:06:25Z,1395112026-08-15,13951,2026-08-15,SCHEDULED,240,4.0
2026-08-16T05:06:25Z,0847512026-08-15,08475,2026-08-15,SCHEDULED,-120,-2.0
2026-08-16T05:06:25Z,1390012026-08-15,13900,2026-08-15,SCHEDULED,180,3.0
2026-08-16T05:06:25Z,0907212026-08-15,09072,2026-08-15,SCHEDULED,0,0.0
2026-08-16T05:06:25Z,0109212026-08-15,01092,2026-08-15,SCHEDULED,60,1.0
2026-08-16T05:06:25Z,1412322026-08-16,14123,2026-08-16,SCHEDULED,0,0.0
2026-08-16T05:06:25Z,1412362026-08-15,14123,2026-08-15,SCHEDULED,0,0.0
2026-08-16T05:06:25Z,1412352026-08-15,14123,2026-08-15,SCHEDULED,0,0.0
2026-08-16T05:06:25Z,1500012026-08-15,15000,2026-08-15,SCHEDULED,420,7.0
2026-08-16T05:06:25Z,0418612026-08-16,04186,2026-08-16,SCHEDULED,180,3.0
2026-08-16T05:06:25Z,0418632026-08-16,04186,2026-08-16,SCHEDULED,180,3.0
2026-08-16T05:06:25Z,0418622026-08-16,04186,2026-08-16,SCHEDULED,180,3.0
2026-08-16T05:06:25Z,1504012026-08-15,15040,2026-08-15,SCHEDULED,480,8.0
2026-08-16T05:06:25Z,0408712026-08-16,04087,2026-08-16,SCHEDULED,120,2.0
2026-08-16T05:06:25Z,1521012026-08-15,15210,2026-08-15,SCHEDULED,60,1.0
2026-08-16T05:06:25Z,1248012026-08-15,12480,2026-08-15,SCHEDULED,0,0.0
2026-08-16T05:06:25Z,1564812026-08-15,15648,2026-08-15,SCHEDULED,0,0.0
2026-08-16T05:06:25Z,1261112026-08-15,12611,2026-08-15,SCHEDULED,420,7.0
2026-08-16T05:06:25Z,1585012026-08-15,15850,2026-08-15,SCHEDULED,120,2.0
2026-08-16T05:06:25Z,0411422026-08-16,04114,2026-08-16,SCHEDULED,60,1.0
2026-08-16T05:06:25Z,0411412026-08-16,04114,2026-08-16,SCHEDULED,60,1.0
2026-08-16T05:06:25Z,1833122026-08-15,18331,2026-08-15,SCHEDULED,180,3.0
2026-08-16T05:06:25Z,3460912026-08-15,34609,2026-08-15,SCHEDULED,840,14.0
2026-08-16T05:06:25Z,3586912026-08-15,35869,2026-08-15,SCHEDULED,1380,23.0
2026-08-16T05:06:25Z,0206112026-08-15,02061,2026-08-15,SCHEDULED,780,13.0
2026-08-16T05:06:25Z,1503022026-08-15,15030,2026-08-15,SCHEDULED,-60,-1.0
2026-08-16T05:06:25Z,0207512026-08-16,02075,2026-08-16,SCHEDULED,120,2.0
2026-08-16T05:06:25Z,1503112026-08-15,15031,2026-08-15,SCHEDULED,60,1.0
2026-08-16T05:06:25Z,0207712026-08-15,02077,2026-08-15,SCHEDULED,-60,-1.0
2026-08-16T05:06:25Z,7180012026-08-15,71800,2026-08-15,SCHEDULED,0,0.0
2026-08-16T05:06:25Z,1602112026-08-15,16021,2026-08-15,SCHEDULED,0,0.0
2026-08-16T05:06:25Z,0331112026-08-15,03311,2026-08-15,SCHEDULED,0,0.0
2026-08-16T05:06:25Z,1722712026-08-15,17227,2026-08-15,SCHEDULED,60,1.0
2026-08-16T05:06:25Z,0407222026-08-16,04072,2026-08-16,SCHEDULED,240,4.0
2026-08-16T05:06:25Z,0407212026-08-16,04072,2026-08-16,SCHEDULED,240,4.0
2026-08-16T05:06:25Z,1800222026-08-15,18002,2026-08-15,SCHEDULED,0,0.0
2026-08-16T05:06:25Z,1812012026-08-15,18120,2026-08-15,SCHEDULED,240,4.0
2026-08-16T05:06:25Z,0506422026-08-15,05064,2026-08-15,SCHEDULED,0,0.0
2026-08-16T05:06:25Z,0506412026-08-15,05064,2026-08-15,SCHEDULED,0,0.0
2026-08-16T05:06:25Z,1812112026-08-15,18121,2026-08-15,SCHEDULED,60,1.0
2026-08-16T05:06:25Z,1322112026-08-15,13221,2026-08-15,CANCELED,,
2026-08-16T05:06:25Z,3890712026-08-15,38907,2026-08-15,CANCELED,,
2026-08-16T05:06:25Z,1323212026-08-15,13232,2026-08-15,CANCELED,,
2026-08-16T05:06:25Z,1391012026-08-15,13910,2026-08-15,CANCELED,,
2026-08-16T05:06:25Z,1564212026-08-15,15642,2026-08-15,CANCELED,,
2026-08-16T05:06:25Z,1390712026-08-15,13907,2026-08-15,CANCELED,,
2026-08-16T05:06:25Z,1565512026-08-15,15655,2026-08-15,CANCELED,,
2026-08-16T05:06:25Z,0237512026-08-16,02375,2026-08-16,CANCELED,,
2026-08-16T05:06:25Z,1585412026-08-15,15854,2026-08-15,CANCELED,,
2026-08-16T05:06:25Z,0408612026-08-16,04086,2026-08-16,CANCELED,,
2026-08-16T05:06:25Z,3718612026-08-15,37186,2026-08-15,CANCELED,,
2026-08-16T05:06:25Z,7187422026-08-15,71874,2026-08-15,CANCELED,,
2026-08-16T05:06:25Z,1300322026-08-15,13003,2026-08-15,CANCELED,,
2026-08-16T05:11:29Z,0587112026-08-15,05871,2026-08-15,SCHEDULED,-60,-1.0
2026-08-16T05:11:29Z,1261112026-08-15,12611,2026-08-15,SCHEDULED,420,7.0
2026-08-16T05:11:29Z,0847512026-08-15,08475,2026-08-15,SCHEDULED,-180,-3.0
2026-08-16T05:11:29Z,1304112026-08-15,13041,2026-08-15,SCHEDULED,420,7.0
2026-08-16T05:11:29Z,1395112026-08-15,13951,2026-08-15,SCHEDULED,360,6.0
2026-08-16T05:11:29Z,0907212026-08-15,09072,2026-08-15,SCHEDULED,0,0.0
2026-08-16T05:11:29Z,1390012026-08-15,13900,2026-08-15,SCHEDULED,180,3.0
2026-08-16T05:11:29Z,0907312026-08-15,09073,2026-08-15,SCHEDULED,60,1.0
2026-08-16T05:11:29Z,1390112026-08-15,13901,2026-08-15,SCHEDULED,180,3.0
2026-08-16T05:11:29Z,0207412026-08-16,02074,2026-08-16,SCHEDULED,0,0.0
2026-08-16T05:11:29Z,0109212026-08-15,01092,2026-08-15,SCHEDULED,60,1.0
2026-08-16T05:11:29Z,1412322026-08-16,14123,2026-08-16,SCHEDULED,0,0.0
2026-08-16T05:11:29Z,1412362026-08-15,14123,2026-08-15,SCHEDULED,0,0.0
2026-08-16T05:11:29Z,1412352026-08-15,14123,2026-08-15,SCHEDULED,0,0.0
2026-08-16T05:11:29Z,0418612026-08-16,04186,2026-08-16,SCHEDULED,240,4.0
2026-08-16T05:11:29Z,0418632026-08-16,04186,2026-08-16,SCHEDULED,240,4.0
2026-08-16T05:11:29Z,0418622026-08-16,04186,2026-08-16,SCHEDULED,240,4.0
2026-08-16T05:11:29Z,1500012026-08-15,15000,2026-08-15,SCHEDULED,600,10.0
2026-08-16T05:11:29Z,0408712026-08-16,04087,2026-08-16,SCHEDULED,0,0.0
2026-08-16T05:11:29Z,1504012026-08-15,15040,2026-08-15,SCHEDULED,480,8.0
2026-08-16T05:11:29Z,1248012026-08-15,12480,2026-08-15,SCHEDULED,0,0.0
2026-08-16T05:11:29Z,1564812026-08-15,15648,2026-08-15,SCHEDULED,0,0.0
2026-08-16T05:11:29Z,1261312026-08-15,12613,2026-08-15,SCHEDULED,0,0.0
2026-08-16T05:11:29Z,1585012026-08-15,15850,2026-08-15,SCHEDULED,120,2.0
2026-08-16T05:11:29Z,1812112026-08-15,18121,2026-08-15,SCHEDULED,60,1.0
2026-08-16T05:11:29Z,0411422026-08-16,04114,2026-08-16,SCHEDULED,60,1.0
2026-08-16T05:11:29Z,0411412026-08-16,04114,2026-08-16,SCHEDULED,60,1.0
2026-08-16T05:11:29Z,3460912026-08-15,34609,2026-08-15,SCHEDULED,960,16.0
2026-08-16T05:11:29Z,1833122026-08-15,18331,2026-08-15,SCHEDULED,0,0.0
2026-08-16T05:11:29Z,0206112026-08-15,02061,2026-08-15,SCHEDULED,720,12.0
2026-08-16T05:11:29Z,3586912026-08-15,35869,2026-08-15,SCHEDULED,1380,23.0
2026-08-16T05:11:29Z,0207512026-08-16,02075,2026-08-16,SCHEDULED,540,9.0
2026-08-16T05:11:29Z,1503022026-08-15,15030,2026-08-15,SCHEDULED,-60,-1.0
2026-08-16T05:11:29Z,0207712026-08-15,02077,2026-08-15,SCHEDULED,-60,-1.0
2026-08-16T05:11:29Z,1503112026-08-15,15031,2026-08-15,SCHEDULED,0,0.0
2026-08-16T05:11:29Z,7180012026-08-15,71800,2026-08-15,SCHEDULED,0,0.0
2026-08-16T05:11:29Z,0331112026-08-15,03311,2026-08-15,SCHEDULED,120,2.0
2026-08-16T05:11:29Z,1602112026-08-15,16021,2026-08-15,SCHEDULED,0,0.0
2026-08-16T05:11:29Z,1722712026-08-15,17227,2026-08-15,SCHEDULED,60,1.0
2026-08-16T05:11:29Z,0407222026-08-16,04072,2026-08-16,SCHEDULED,240,4.0
2026-08-16T05:11:29Z,0407212026-08-16,04072,2026-08-16,SCHEDULED,240,4.0
2026-08-16T05:11:29Z,1805412026-08-15,18054,2026-08-15,SCHEDULED,120,2.0
2026-08-16T05:11:29Z,0506422026-08-15,05064,2026-08-15,SCHEDULED,0,0.0
2026-08-16T05:11:29Z,0506412026-08-15,05064,2026-08-15,SCHEDULED,0,0.0
2026-08-16T05:11:29Z,1800222026-08-15,18002,2026-08-15,SCHEDULED,120,2.0
2026-08-16T05:11:29Z,0566812026-08-15,05668,2026-08-15,SCHEDULED,-180,-3.0
2026-08-16T05:11:29Z,1812012026-08-15,18120,2026-08-15,SCHEDULED,240,4.0
2026-08-16T05:11:29Z,1322112026-08-15,13221,2026-08-15,CANCELED,,
2026-08-16T05:11:29Z,3890712026-08-15,38907,2026-08-15,CANCELED,,
2026-08-16T05:11:29Z,1323212026-08-15,13232,2026-08-15,CANCELED,,
2026-08-16T05:11:29Z,1391012026-08-15,13910,2026-08-15,CANCELED,,
2026-08-16T05:11:29Z,1564212026-08-15,15642,2026-08-15,CANCELED,,
2026-08-16T05:11:29Z,1390712026-08-15,13907,2026-08-15,CANCELED,,
2026-08-16T05:11:29Z,1565512026-08-15,15655,2026-08-15,CANCELED,,
2026-08-16T05:11:29Z,0237512026-08-16,02375,2026-08-16,CANCELED,,
2026-08-16T05:11:29Z,1585412026-08-15,15854,2026-08-15,CANCELED,,
2026-08-16T05:11:29Z,0408612026-08-16,04086,2026-08-16,CANCELED,,
2026-08-16T05:11:29Z,3718612026-08-15,37186,2026-08-15,CANCELED,,
2026-08-16T05:11:29Z,7187422026-08-15,71874,2026-08-15,CANCELED,,
2026-08-16T05:11:29Z,1300322026-08-15,13003,2026-08-15,CANCELED,,
2026-08-16T05:16:32Z,1304112026-08-15,13041,2026-08-15,SCHEDULED,420,7.0
2026-08-16T05:16:32Z,0587112026-08-15,05871,2026-08-15,SCHEDULED,-120,-2.0
2026-08-16T05:16:32Z,1395112026-08-15,13951,2026-08-15,SCHEDULED,360,6.0
2026-08-16T05:16:32Z,0847512026-08-15,08475,2026-08-15,SCHEDULED,0,0.0
2026-08-16T05:16:32Z,1390012026-08-15,13900,2026-08-15,SCHEDULED,-60,-1.0
2026-08-16T05:16:32Z,0907212026-08-15,09072,2026-08-15,SCHEDULED,-120,-2.0
2026-08-16T05:16:32Z,1390112026-08-15,13901,2026-08-15,SCHEDULED,0,0.0
2026-08-16T05:16:32Z,0907312026-08-15,09073,2026-08-15,SCHEDULED,60,1.0
2026-08-16T05:16:32Z,0207412026-08-16,02074,2026-08-16,SCHEDULED,60,1.0
2026-08-16T05:16:32Z,0109212026-08-15,01092,2026-08-15,SCHEDULED,0,0.0
2026-08-16T05:16:32Z,1412322026-08-16,14123,2026-08-16,SCHEDULED,0,0.0
2026-08-16T05:16:32Z,1412362026-08-15,14123,2026-08-15,SCHEDULED,0,0.0
2026-08-16T05:16:32Z,1412352026-08-15,14123,2026-08-15,SCHEDULED,0,0.0
2026-08-16T05:16:32Z,1500012026-08-15,15000,2026-08-15,SCHEDULED,420,7.0
2026-08-16T05:16:32Z,1504012026-08-15,15040,2026-08-15,SCHEDULED,480,8.0
2026-08-16T05:16:32Z,0418612026-08-16,04186,2026-08-16,SCHEDULED,240,4.0
2026-08-16T05:16:32Z,0418632026-08-16,04186,2026-08-16,SCHEDULED,240,4.0
2026-08-16T05:16:32Z,0418622026-08-16,04186,2026-08-16,SCHEDULED,240,4.0
2026-08-16T05:16:32Z,1564812026-08-15,15648,2026-08-15,SCHEDULED,0,0.0
2026-08-16T05:16:32Z,0408712026-08-16,04087,2026-08-16,SCHEDULED,0,0.0
2026-08-16T05:16:32Z,1585012026-08-15,15850,2026-08-15,SCHEDULED,180,3.0
2026-08-16T05:16:32Z,1248012026-08-15,12480,2026-08-15,SCHEDULED,120,2.0
2026-08-16T05:16:32Z,1602112026-08-15,16021,2026-08-15,SCHEDULED,-60,-1.0
2026-08-16T05:16:32Z,1261312026-08-15,12613,2026-08-15,SCHEDULED,0,0.0
2026-08-16T05:16:32Z,1261112026-08-15,12611,2026-08-15,SCHEDULED,480,8.0
2026-08-16T05:16:32Z,1833122026-08-15,18331,2026-08-15,SCHEDULED,60,1.0
2026-08-16T05:16:32Z,3586912026-08-15,35869,2026-08-15,SCHEDULED,1380,23.0
2026-08-16T05:16:32Z,0411422026-08-16,04114,2026-08-16,SCHEDULED,-60,-1.0
2026-08-16T05:16:32Z,0411412026-08-16,04114,2026-08-16,SCHEDULED,-60,-1.0
2026-08-16T05:16:32Z,1503022026-08-15,15030,2026-08-15,SCHEDULED,0,0.0
2026-08-16T05:16:32Z,3460912026-08-15,34609,2026-08-15,SCHEDULED,960,16.0
2026-08-16T05:16:32Z,1503112026-08-15,15031,2026-08-15,SCHEDULED,60,1.0
2026-08-16T05:16:32Z,0206112026-08-15,02061,2026-08-15,SCHEDULED,720,12.0
2026-08-16T05:16:32Z,7180012026-08-15,71800,2026-08-15,SCHEDULED,0,0.0
2026-08-16T05:16:32Z,0207512026-08-16,02075,2026-08-16,SCHEDULED,540,9.0
2026-08-16T05:16:32Z,7182012026-08-15,71820,2026-08-15,SCHEDULED,120,2.0
2026-08-16T05:16:32Z,0207712026-08-15,02077,2026-08-15,SCHEDULED,-60,-1.0
2026-08-16T05:16:32Z,1722712026-08-15,17227,2026-08-15,SCHEDULED,60,1.0
2026-08-16T05:16:32Z,1805412026-08-15,18054,2026-08-15,SCHEDULED,180,3.0
2026-08-16T05:16:32Z,0331112026-08-15,03311,2026-08-15,SCHEDULED,60,1.0
2026-08-16T05:16:32Z,1800222026-08-15,18002,2026-08-15,SCHEDULED,60,1.0
2026-08-16T05:16:32Z,0407222026-08-16,04072,2026-08-16,SCHEDULED,180,3.0
2026-08-16T05:16:32Z,0407212026-08-16,04072,2026-08-16,SCHEDULED,180,3.0
2026-08-16T05:16:32Z,1812012026-08-15,18120,2026-08-15,SCHEDULED,240,4.0
2026-08-16T05:16:32Z,1812112026-08-15,18121,2026-08-15,SCHEDULED,0,0.0
2026-08-16T05:16:32Z,0506422026-08-15,05064,2026-08-15,SCHEDULED,0,0.0
2026-08-16T05:16:32Z,0506412026-08-15,05064,2026-08-15,SCHEDULED,0,0.0
2026-08-16T05:16:32Z,0566812026-08-15,05668,2026-08-15,SCHEDULED,-300,-5.0
2026-08-16T05:16:32Z,3890712026-08-15,38907,2026-08-15,CANCELED,,
2026-08-16T05:16:32Z,1322112026-08-15,13221,2026-08-15,CANCELED,,
2026-08-16T05:16:32Z,1323212026-08-15,13232,2026-08-15,CANCELED,,
2026-08-16T05:16:32Z,1564212026-08-15,15642,2026-08-15,CANCELED,,
2026-08-16T05:16:32Z,1391012026-08-15,13910,2026-08-15,CANCELED,,
2026-08-16T05:16:32Z,1565512026-08-15,15655,2026-08-15,CANCELED,,
2026-08-16T05:16:32Z,1390712026-08-15,13907,2026-08-15,CANCELED,,
2026-08-16T05:16:32Z,1585412026-08-15,15854,2026-08-15,CANCELED,,
2026-08-16T05:16:32Z,0237512026-08-16,02375,2026-08-16,CANCELED,,
2026-08-16T05:16:32Z,0408612026-08-16,04086,2026-08-16,CANCELED,,
2026-08-16T05:16:32Z,7187422026-08-15,71874,2026-08-15,CANCELED,,
2026-08-16T05:16:32Z,3718612026-08-15,37186,2026-08-15,CANCELED,,
2026-08-16T05:16:32Z,1300322026-08-15,13003,2026-08-15,CANCELED,,
2026-08-16T05:21:31Z,0587112026-08-15,05871,2026-08-15,SCHEDULED,-180,-3.0
2026-08-16T05:21:31Z,1304112026-08-15,13041,2026-08-15,SCHEDULED,480,8.0
2026-08-16T05:21:31Z,0847512026-08-15,08475,2026-08-15,SCHEDULED,-120,-2.0
2026-08-16T05:21:31Z,1395112026-08-15,13951,2026-08-15,SCHEDULED,420,7.0
2026-08-16T05:21:31Z,1320312026-08-15,13203,2026-08-15,SCHEDULED,60,1.0
2026-08-16T05:21:31Z,0907212026-08-15,09072,2026-08-15,SCHEDULED,-120,-2.0
2026-08-16T05:21:31Z,0907312026-08-15,09073,2026-08-15,SCHEDULED,-60,-1.0
2026-08-16T05:21:31Z,1390012026-08-15,13900,2026-08-15,SCHEDULED,-180,-3.0
2026-08-16T05:21:31Z,0207412026-08-16,02074,2026-08-16,SCHEDULED,0,0.0
2026-08-16T05:21:31Z,1390112026-08-15,13901,2026-08-15,SCHEDULED,-240,-4.0
2026-08-16T05:21:31Z,0109212026-08-15,01092,2026-08-15,SCHEDULED,60,1.0
2026-08-16T05:21:31Z,1412322026-08-16,14123,2026-08-16,SCHEDULED,60,1.0
2026-08-16T05:21:31Z,1412362026-08-15,14123,2026-08-15,SCHEDULED,60,1.0
2026-08-16T05:21:31Z,1412352026-08-15,14123,2026-08-15,SCHEDULED,60,1.0
2026-08-16T05:21:31Z,0418612026-08-16,04186,2026-08-16,SCHEDULED,180,3.0
2026-08-16T05:21:31Z,0418632026-08-16,04186,2026-08-16,SCHEDULED,180,3.0
2026-08-16T05:21:31Z,0418622026-08-16,04186,2026-08-16,SCHEDULED,180,3.0
2026-08-16T05:21:31Z,0408712026-08-16,04087,2026-08-16,SCHEDULED,0,0.0
2026-08-16T05:21:31Z,1500012026-08-15,15000,2026-08-15,SCHEDULED,480,8.0
2026-08-16T05:21:31Z,1504012026-08-15,15040,2026-08-15,SCHEDULED,480,8.0
2026-08-16T05:21:31Z,1210122026-08-15,12101,2026-08-15,SCHEDULED,0,0.0
2026-08-16T05:21:31Z,1504112026-08-15,15041,2026-08-15,SCHEDULED,120,2.0
2026-08-16T05:21:31Z,1248012026-08-15,12480,2026-08-15,SCHEDULED,120,2.0
2026-08-16T05:21:31Z,1564812026-08-15,15648,2026-08-15,SCHEDULED,0,0.0
2026-08-16T05:21:31Z,1261312026-08-15,12613,2026-08-15,SCHEDULED,60,1.0
2026-08-16T05:21:31Z,1585012026-08-15,15850,2026-08-15,SCHEDULED,180,3.0
2026-08-16T05:21:31Z,1261112026-08-15,12611,2026-08-15,SCHEDULED,600,10.0
2026-08-16T05:21:31Z,1602112026-08-15,16021,2026-08-15,SCHEDULED,-60,-1.0
2026-08-16T05:21:31Z,1264412026-08-15,12644,2026-08-15,SCHEDULED,60,1.0
2026-08-16T05:21:31Z,1833122026-08-15,18331,2026-08-15,SCHEDULED,300,5.0
2026-08-16T05:21:31Z,0411422026-08-16,04114,2026-08-16,SCHEDULED,60,1.0
2026-08-16T05:21:31Z,0411412026-08-16,04114,2026-08-16,SCHEDULED,60,1.0
2026-08-16T05:21:31Z,3586912026-08-15,35869,2026-08-15,SCHEDULED,1380,23.0
2026-08-16T05:21:31Z,1503022026-08-15,15030,2026-08-15,SCHEDULED,0,0.0
2026-08-16T05:21:31Z,1503112026-08-15,15031,2026-08-15,SCHEDULED,120,2.0
2026-08-16T05:21:31Z,7180012026-08-15,71800,2026-08-15,SCHEDULED,0,0.0
2026-08-16T05:21:31Z,0063142026-08-16,00631,2026-08-16,SCHEDULED,0,0.0
2026-08-16T05:21:31Z,0063132026-08-16,00631,2026-08-16,SCHEDULED,0,0.0
2026-08-16T05:21:31Z,0063112026-08-16,00631,2026-08-16,SCHEDULED,0,0.0
2026-08-16T05:21:31Z,0063122026-08-16,00631,2026-08-16,SCHEDULED,0,0.0
2026-08-16T05:21:31Z,7182012026-08-15,71820,2026-08-15,SCHEDULED,120,2.0
2026-08-16T05:21:31Z,3460912026-08-15,34609,2026-08-15,SCHEDULED,900,15.0
2026-08-16T05:21:31Z,7183012026-08-15,71830,2026-08-15,SCHEDULED,60,1.0
2026-08-16T05:21:31Z,0206112026-08-15,02061,2026-08-15,SCHEDULED,840,14.0
2026-08-16T05:21:31Z,1722712026-08-15,17227,2026-08-15,SCHEDULED,180,3.0
2026-08-16T05:21:31Z,0207512026-08-16,02075,2026-08-16,SCHEDULED,540,9.0
2026-08-16T05:21:31Z,1805412026-08-15,18054,2026-08-15,SCHEDULED,60,1.0
2026-08-16T05:21:31Z,0207712026-08-15,02077,2026-08-15,SCHEDULED,0,0.0
2026-08-16T05:21:31Z,1810012026-08-15,18100,2026-08-15,SCHEDULED,60,1.0
2026-08-16T05:21:31Z,0331112026-08-15,03311,2026-08-15,SCHEDULED,60,1.0
2026-08-16T05:21:31Z,1800222026-08-15,18002,2026-08-15,SCHEDULED,60,1.0
2026-08-16T05:21:31Z,1812012026-08-15,18120,2026-08-15,SCHEDULED,360,6.0
2026-08-16T05:21:31Z,0407222026-08-16,04072,2026-08-16,SCHEDULED,180,3.0
2026-08-16T05:21:31Z,0407212026-08-16,04072,2026-08-16,SCHEDULED,180,3.0
2026-08-16T05:21:31Z,1812112026-08-15,18121,2026-08-15,SCHEDULED,0,0.0
2026-08-16T05:21:31Z,0436412026-08-15,04364,2026-08-15,SCHEDULED,0,0.0
2026-08-16T05:21:31Z,0506422026-08-15,05064,2026-08-15,SCHEDULED,-120,-2.0
2026-08-16T05:21:31Z,0506412026-08-15,05064,2026-08-15,SCHEDULED,-120,-2.0
2026-08-16T05:21:31Z,0566812026-08-15,05668,2026-08-15,SCHEDULED,-300,-5.0
2026-08-16T05:21:31Z,1322112026-08-15,13221,2026-08-15,CANCELED,,
2026-08-16T05:21:31Z,3890712026-08-15,38907,2026-08-15,CANCELED,,
2026-08-16T05:21:31Z,1323212026-08-15,13232,2026-08-15,CANCELED,,
2026-08-16T05:21:31Z,1564212026-08-15,15642,2026-08-15,CANCELED,,
2026-08-16T05:21:31Z,1391012026-08-15,13910,2026-08-15,CANCELED,,
2026-08-16T05:21:31Z,1565512026-08-15,15655,2026-08-15,CANCELED,,
2026-08-16T05:21:31Z,1390712026-08-15,13907,2026-08-15,CANCELED,,
2026-08-16T05:21:31Z,1585412026-08-15,15854,2026-08-15,CANCELED,,
2026-08-16T05:21:31Z,0237512026-08-16,02375,2026-08-16,CANCELED,,
2026-08-16T05:21:31Z,0408612026-08-16,04086,2026-08-16,CANCELED,,
2026-08-16T05:21:31Z,7187422026-08-15,71874,2026-08-15,CANCELED,,
2026-08-16T05:21:31Z,3718612026-08-15,37186,2026-08-15,CANCELED,,
2026-08-16T05:21:31Z,1300322026-08-15,13003,2026-08-15,CANCELED,,
2026-08-16T05:26:27Z,1304112026-08-15,13041,2026-08-15,SCHEDULED,480,8.0
2026-08-16T05:26:27Z,0587112026-08-15,05871,2026-08-15,SCHEDULED,0,0.0
2026-08-16T05:26:27Z,0847512026-08-15,08475,2026-08-15,SCHEDULED,-60,-1.0
2026-08-16T05:26:27Z,1395112026-08-15,13951,2026-08-15,SCHEDULED,360,6.0
2026-08-16T05:26:27Z,1320312026-08-15,13203,2026-08-15,SCHEDULED,0,0.0
2026-08-16T05:26:27Z,0907212026-08-15,09072,2026-08-15,SCHEDULED,-60,-1.0
2026-08-16T05:26:27Z,1390012026-08-15,13900,2026-08-15,SCHEDULED,0,0.0
2026-08-16T05:26:27Z,0907312026-08-15,09073,2026-08-15,SCHEDULED,-60,-1.0
2026-08-16T05:26:27Z,1390112026-08-15,13901,2026-08-15,SCHEDULED,-240,-4.0
2026-08-16T05:26:27Z,0207412026-08-16,02074,2026-08-16,SCHEDULED,0,0.0
2026-08-16T05:26:27Z,0109212026-08-15,01092,2026-08-15,SCHEDULED,120,2.0
2026-08-16T05:26:27Z,1412322026-08-16,14123,2026-08-16,SCHEDULED,180,3.0
2026-08-16T05:26:27Z,1412362026-08-15,14123,2026-08-15,SCHEDULED,180,3.0
2026-08-16T05:26:27Z,1412352026-08-15,14123,2026-08-15,SCHEDULED,180,3.0
2026-08-16T05:26:27Z,1500012026-08-15,15000,2026-08-15,SCHEDULED,480,8.0
2026-08-16T05:26:27Z,0418612026-08-16,04186,2026-08-16,SCHEDULED,300,5.0
2026-08-16T05:26:27Z,0418632026-08-16,04186,2026-08-16,SCHEDULED,300,5.0
2026-08-16T05:26:27Z,0418622026-08-16,04186,2026-08-16,SCHEDULED,300,5.0
2026-08-16T05:26:27Z,1504012026-08-15,15040,2026-08-15,SCHEDULED,480,8.0
2026-08-16T05:26:27Z,0408712026-08-16,04087,2026-08-16,SCHEDULED,0,0.0
2026-08-16T05:26:27Z,1504112026-08-15,15041,2026-08-15,SCHEDULED,120,2.0
2026-08-16T05:26:27Z,1210122026-08-15,12101,2026-08-15,SCHEDULED,-60,-1.0
2026-08-16T05:26:27Z,1564812026-08-15,15648,2026-08-15,SCHEDULED,0,0.0
2026-08-16T05:26:27Z,1248012026-08-15,12480,2026-08-15,SCHEDULED,60,1.0
2026-08-16T05:26:27Z,1585012026-08-15,15850,2026-08-15,SCHEDULED,180,3.0
2026-08-16T05:26:27Z,1261312026-08-15,12613,2026-08-15,SCHEDULED,-60,-1.0
2026-08-16T05:26:27Z,1602112026-08-15,16021,2026-08-15,SCHEDULED,0,0.0
2026-08-16T05:26:27Z,1261112026-08-15,12611,2026-08-15,SCHEDULED,600,10.0
2026-08-16T05:26:27Z,1722712026-08-15,17227,2026-08-15,SCHEDULED,180,3.0
2026-08-16T05:26:27Z,1264412026-08-15,12644,2026-08-15,SCHEDULED,60,1.0
2026-08-16T05:26:27Z,1781212026-08-15,17812,2026-08-15,SCHEDULED,0,0.0
2026-08-16T05:26:27Z,3586912026-08-15,35869,2026-08-15,SCHEDULED,1380,23.0
2026-08-16T05:26:27Z,0411422026-08-16,04114,2026-08-16,SCHEDULED,60,1.0
2026-08-16T05:26:27Z,0411412026-08-16,04114,2026-08-16,SCHEDULED,60,1.0
2026-08-16T05:26:27Z,1503022026-08-15,15030,2026-08-15,SCHEDULED,-120,-2.0
2026-08-16T05:26:27Z,1503112026-08-15,15031,2026-08-15,SCHEDULED,120,2.0
2026-08-16T05:26:27Z,7180012026-08-15,71800,2026-08-15,SCHEDULED,0,0.0
2026-08-16T05:26:27Z,7182012026-08-15,71820,2026-08-15,SCHEDULED,120,2.0
2026-08-16T05:26:27Z,0063142026-08-16,00631,2026-08-16,SCHEDULED,0,0.0
2026-08-16T05:26:27Z,0063132026-08-16,00631,2026-08-16,SCHEDULED,0,0.0
2026-08-16T05:26:27Z,0063112026-08-16,00631,2026-08-16,SCHEDULED,0,0.0
2026-08-16T05:26:27Z,0063122026-08-16,00631,2026-08-16,SCHEDULED,0,0.0
2026-08-16T05:26:27Z,7183012026-08-15,71830,2026-08-15,SCHEDULED,60,1.0
2026-08-16T05:26:27Z,3460912026-08-15,34609,2026-08-15,SCHEDULED,960,16.0
2026-08-16T05:26:27Z,1805412026-08-15,18054,2026-08-15,SCHEDULED,180,3.0
2026-08-16T05:26:27Z,0206112026-08-15,02061,2026-08-15,SCHEDULED,900,15.0
2026-08-16T05:26:27Z,1810012026-08-15,18100,2026-08-15,SCHEDULED,-60,-1.0
2026-08-16T05:26:27Z,0207512026-08-16,02075,2026-08-16,SCHEDULED,420,7.0
2026-08-16T05:26:27Z,0207212026-08-15,02072,2026-08-15,SCHEDULED,180,3.0
2026-08-16T05:26:27Z,1800222026-08-15,18002,2026-08-15,SCHEDULED,60,1.0
2026-08-16T05:26:27Z,0207712026-08-15,02077,2026-08-15,SCHEDULED,-120,-2.0
2026-08-16T05:26:27Z,1812012026-08-15,18120,2026-08-15,SCHEDULED,420,7.0
2026-08-16T05:26:27Z,1812112026-08-15,18121,2026-08-15,SCHEDULED,-60,-1.0
2026-08-16T05:26:27Z,0331112026-08-15,03311,2026-08-15,SCHEDULED,120,2.0
2026-08-16T05:26:27Z,1812312026-08-15,18123,2026-08-15,SCHEDULED,600,10.0
2026-08-16T05:26:27Z,0407222026-08-16,04072,2026-08-16,SCHEDULED,240,4.0
2026-08-16T05:26:27Z,0407212026-08-16,04072,2026-08-16,SCHEDULED,240,4.0
2026-08-16T05:26:27Z,1833122026-08-15,18331,2026-08-15,SCHEDULED,360,6.0
2026-08-16T05:26:27Z,0436412026-08-15,04364,2026-08-15,SCHEDULED,0,0.0
2026-08-16T05:26:27Z,0506422026-08-15,05064,2026-08-15,SCHEDULED,-120,-2.0
2026-08-16T05:26:27Z,0506412026-08-15,05064,2026-08-15,SCHEDULED,-120,-2.0
2026-08-16T05:26:27Z,0566812026-08-15,05668,2026-08-15,SCHEDULED,180,3.0
2026-08-16T05:26:27Z,3890712026-08-15,38907,2026-08-15,CANCELED,,
2026-08-16T05:26:27Z,1322112026-08-15,13221,2026-08-15,CANCELED,,
2026-08-16T05:26:27Z,1323212026-08-15,13232,2026-08-15,CANCELED,,
2026-08-16T05:26:27Z,1391012026-08-15,13910,2026-08-15,CANCELED,,
2026-08-16T05:26:27Z,1564212026-08-15,15642,2026-08-15,CANCELED,,
2026-08-16T05:26:27Z,1390712026-08-15,13907,2026-08-15,CANCELED,,
2026-08-16T05:26:27Z,1565512026-08-15,15655,2026-08-15,CANCELED,,
2026-08-16T05:26:27Z,0237512026-08-16,02375,2026-08-16,CANCELED,,
2026-08-16T05:26:27Z,1585412026-08-15,15854,2026-08-15,CANCELED,,
2026-08-16T05:26:27Z,0408612026-08-16,04086,2026-08-16,CANCELED,,
2026-08-16T05:26:27Z,3718612026-08-15,37186,2026-08-15,CANCELED,,
2026-08-16T05:26:27Z,7187422026-08-15,71874,2026-08-15,CANCELED,,
2026-08-16T05:26:27Z,1300322026-08-15,13003,2026-08-15,CANCELED,,
2026-08-16T05:31:41Z,1504012026-08-15,15040,2026-08-15,SCHEDULED,480,8.0
2026-08-16T05:31:41Z,0527322026-08-15,05273,2026-08-15,SCHEDULED,180,3.0
2026-08-16T05:31:41Z,1504112026-08-15,15041,2026-08-15,SCHEDULED,0,0.0
2026-08-16T05:31:41Z,0566812026-08-15,05668,2026-08-15,SCHEDULED,120,2.0
2026-08-16T05:31:41Z,0587112026-08-15,05871,2026-08-15,SCHEDULED,0,0.0
2026-08-16T05:31:41Z,1521312026-08-15,15213,2026-08-15,SCHEDULED,0,0.0
2026-08-16T05:31:41Z,0847512026-08-15,08475,2026-08-15,SCHEDULED,-60,-1.0
2026-08-16T05:31:41Z,1562122026-08-15,15621,2026-08-15,SCHEDULED,0,0.0
2026-08-16T05:31:41Z,0907212026-08-15,09072,2026-08-15,SCHEDULED,-60,-1.0
2026-08-16T05:31:41Z,1564812026-08-15,15648,2026-08-15,SCHEDULED,0,0.0
2026-08-16T05:31:41Z,0907312026-08-15,09073,2026-08-15,SCHEDULED,-60,-1.0
2026-08-16T05:31:41Z,1585012026-08-15,15850,2026-08-15,SCHEDULED,180,3.0
2026-08-16T05:31:41Z,0207412026-08-16,02074,2026-08-16,SCHEDULED,0,0.0
2026-08-16T05:31:41Z,1602112026-08-15,16021,2026-08-15,SCHEDULED,0,0.0
2026-08-16T05:31:41Z,0109212026-08-15,01092,2026-08-15,SCHEDULED,120,2.0
2026-08-16T05:31:41Z,1722712026-08-15,17227,2026-08-15,SCHEDULED,420,7.0
2026-08-16T05:31:41Z,1304112026-08-15,13041,2026-08-15,SCHEDULED,540,9.0
2026-08-16T05:31:41Z,1395112026-08-15,13951,2026-08-15,SCHEDULED,360,6.0
2026-08-16T05:31:41Z,0418612026-08-16,04186,2026-08-16,SCHEDULED,300,5.0
2026-08-16T05:31:41Z,0418632026-08-16,04186,2026-08-16,SCHEDULED,300,5.0
2026-08-16T05:31:41Z,0418622026-08-16,04186,2026-08-16,SCHEDULED,300,5.0
2026-08-16T05:31:41Z,1320312026-08-15,13203,2026-08-15,SCHEDULED,0,0.0
2026-08-16T05:31:41Z,0408712026-08-16,04087,2026-08-16,SCHEDULED,0,0.0
2026-08-16T05:31:41Z,1390012026-08-15,13900,2026-08-15,SCHEDULED,60,1.0
2026-08-16T05:31:41Z,1210122026-08-15,12101,2026-08-15,SCHEDULED,0,0.0
2026-08-16T05:31:41Z,1390112026-08-15,13901,2026-08-15,SCHEDULED,-300,-5.0
2026-08-16T05:31:41Z,1248012026-08-15,12480,2026-08-15,SCHEDULED,60,1.0
2026-08-16T05:31:41Z,1261312026-08-15,12613,2026-08-15,SCHEDULED,-60,-1.0
2026-08-16T05:31:41Z,1261112026-08-15,12611,2026-08-15,SCHEDULED,600,10.0
2026-08-16T05:31:41Z,1264412026-08-15,12644,2026-08-15,SCHEDULED,60,1.0
2026-08-16T05:31:41Z,1412322026-08-16,14123,2026-08-16,SCHEDULED,120,2.0
2026-08-16T05:31:41Z,1412362026-08-15,14123,2026-08-15,SCHEDULED,120,2.0
2026-08-16T05:31:41Z,1412352026-08-15,14123,2026-08-15,SCHEDULED,120,2.0
2026-08-16T05:31:41Z,1500012026-08-15,15000,2026-08-15,SCHEDULED,420,7.0
2026-08-16T05:31:41Z,0411422026-08-16,04114,2026-08-16,SCHEDULED,60,1.0
2026-08-16T05:31:41Z,0411412026-08-16,04114,2026-08-16,SCHEDULED,60,1.0
2026-08-16T05:31:41Z,1833122026-08-15,18331,2026-08-15,SCHEDULED,360,6.0
2026-08-16T05:31:41Z,1781212026-08-15,17812,2026-08-15,SCHEDULED,120,2.0
2026-08-16T05:31:41Z,3586912026-08-15,35869,2026-08-15,SCHEDULED,1500,25.0
2026-08-16T05:31:41Z,0063142026-08-16,00631,2026-08-16,SCHEDULED,0,0.0
2026-08-16T05:31:41Z,0063132026-08-16,00631,2026-08-16,SCHEDULED,0,0.0
2026-08-16T05:31:41Z,0063112026-08-16,00631,2026-08-16,SCHEDULED,0,0.0
2026-08-16T05:31:41Z,0063122026-08-16,00631,2026-08-16,SCHEDULED,0,0.0
2026-08-16T05:31:41Z,1503022026-08-15,15030,2026-08-15,SCHEDULED,-180,-3.0
2026-08-16T05:31:41Z,3460912026-08-15,34609,2026-08-15,SCHEDULED,900,15.0
2026-08-16T05:31:41Z,1503112026-08-15,15031,2026-08-15,SCHEDULED,120,2.0
2026-08-16T05:31:41Z,0206112026-08-15,02061,2026-08-15,SCHEDULED,840,14.0
2026-08-16T05:31:41Z,7180012026-08-15,71800,2026-08-15,SCHEDULED,0,0.0
2026-08-16T05:31:41Z,0207512026-08-16,02075,2026-08-16,SCHEDULED,420,7.0
2026-08-16T05:31:41Z,7182012026-08-15,71820,2026-08-15,SCHEDULED,0,0.0
2026-08-16T05:31:41Z,0207212026-08-15,02072,2026-08-15,SCHEDULED,180,3.0
2026-08-16T05:31:41Z,7183012026-08-15,71830,2026-08-15,SCHEDULED,0,0.0
2026-08-16T05:31:41Z,0207712026-08-15,02077,2026-08-15,SCHEDULED,-120,-2.0
2026-08-16T05:31:41Z,1805412026-08-15,18054,2026-08-15,SCHEDULED,180,3.0
2026-08-16T05:31:41Z,0207322026-08-15,02073,2026-08-15,SCHEDULED,120,2.0
2026-08-16T05:31:41Z,1810012026-08-15,18100,2026-08-15,SCHEDULED,-180,-3.0
2026-08-16T05:31:41Z,1800222026-08-15,18002,2026-08-15,SCHEDULED,60,1.0
2026-08-16T05:31:41Z,0307322026-08-15,03073,2026-08-15,SCHEDULED,60,1.0
2026-08-16T05:31:41Z,0307312026-08-15,03073,2026-08-15,SCHEDULED,60,1.0
2026-08-16T05:31:41Z,1812012026-08-15,18120,2026-08-15,SCHEDULED,480,8.0
2026-08-16T05:31:41Z,1812112026-08-15,18121,2026-08-15,SCHEDULED,-60,-1.0
2026-08-16T05:31:41Z,0331112026-08-15,03311,2026-08-15,SCHEDULED,120,2.0
2026-08-16T05:31:41Z,1812312026-08-15,18123,2026-08-15,SCHEDULED,360,6.0
2026-08-16T05:31:41Z,0407222026-08-16,04072,2026-08-16,SCHEDULED,240,4.0
2026-08-16T05:31:41Z,0407212026-08-16,04072,2026-08-16,SCHEDULED,240,4.0
2026-08-16T05:31:41Z,1832122026-08-15,18321,2026-08-15,SCHEDULED,0,0.0
2026-08-16T05:31:41Z,0436412026-08-15,04364,2026-08-15,SCHEDULED,-60,-1.0
2026-08-16T05:31:41Z,0506422026-08-15,05064,2026-08-15,SCHEDULED,-180,-3.0
2026-08-16T05:31:41Z,0506412026-08-15,05064,2026-08-15,SCHEDULED,-180,-3.0
2026-08-16T05:31:41Z,1390712026-08-15,13907,2026-08-15,CANCELED,,
2026-08-16T05:31:41Z,1300322026-08-15,13003,2026-08-15,CANCELED,,
2026-08-16T05:31:41Z,3890712026-08-15,38907,2026-08-15,CANCELED,,
2026-08-16T05:31:41Z,1322112026-08-15,13221,2026-08-15,CANCELED,,
2026-08-16T05:31:41Z,1323212026-08-15,13232,2026-08-15,CANCELED,,
2026-08-16T05:31:41Z,1564212026-08-15,15642,2026-08-15,CANCELED,,
2026-08-16T05:31:41Z,1391012026-08-15,13910,2026-08-15,CANCELED,,
2026-08-16T05:31:41Z,0237512026-08-16,02375,2026-08-16,CANCELED,,
2026-08-16T05:31:41Z,7187422026-08-15,71874,2026-08-15,CANCELED,,
2026-08-16T05:31:41Z,0408612026-08-16,04086,2026-08-16,CANCELED,,
2026-08-16T05:31:41Z,1565512026-08-15,15655,2026-08-15,CANCELED,,
2026-08-16T05:31:41Z,3718612026-08-15,37186,2026-08-15,CANCELED,,
2026-08-16T05:31:41Z,1585412026-08-15,15854,2026-08-15,CANCELED,,
2026-08-16T05:31:41Z,1261412026-08-15,12614,2026-08-15,CANCELED,,
2026-08-16T05:36:25Z,1261312026-08-15,12613,2026-08-15,SCHEDULED,-120,-2.0
2026-08-16T05:36:25Z,0506422026-08-15,05064,2026-08-15,SCHEDULED,0,0.0
2026-08-16T05:36:25Z,0506412026-08-15,05064,2026-08-15,SCHEDULED,0,0.0
2026-08-16T05:36:25Z,1261112026-08-15,12611,2026-08-15,SCHEDULED,540,9.0
2026-08-16T05:36:25Z,0507512026-08-15,05075,2026-08-15,SCHEDULED,60,1.0
2026-08-16T05:36:25Z,1264412026-08-15,12644,2026-08-15,SCHEDULED,60,1.0
2026-08-16T05:36:25Z,0527322026-08-15,05273,2026-08-15,SCHEDULED,120,2.0
2026-08-16T05:36:25Z,1304112026-08-15,13041,2026-08-15,SCHEDULED,540,9.0
2026-08-16T05:36:25Z,0566812026-08-15,05668,2026-08-15,SCHEDULED,60,1.0
2026-08-16T05:36:25Z,1395112026-08-15,13951,2026-08-15,SCHEDULED,420,7.0
2026-08-16T05:36:25Z,0587112026-08-15,05871,2026-08-15,SCHEDULED,0,0.0
2026-08-16T05:36:25Z,1320312026-08-15,13203,2026-08-15,SCHEDULED,60,1.0
2026-08-16T05:36:25Z,0847512026-08-15,08475,2026-08-15,SCHEDULED,-120,-2.0
2026-08-16T05:36:25Z,1390012026-08-15,13900,2026-08-15,SCHEDULED,-60,-1.0
2026-08-16T05:36:25Z,1390112026-08-15,13901,2026-08-15,SCHEDULED,-300,-5.0
2026-08-16T05:36:25Z,0907212026-08-15,09072,2026-08-15,SCHEDULED,-60,-1.0
2026-08-16T05:36:25Z,0907312026-08-15,09073,2026-08-15,SCHEDULED,0,0.0
2026-08-16T05:36:25Z,0207412026-08-16,02074,2026-08-16,SCHEDULED,-60,-1.0
2026-08-16T05:36:25Z,0109212026-08-15,01092,2026-08-15,SCHEDULED,180,3.0
2026-08-16T05:36:25Z,1412322026-08-16,14123,2026-08-16,SCHEDULED,120,2.0
2026-08-16T05:36:25Z,1412362026-08-15,14123,2026-08-15,SCHEDULED,120,2.0
2026-08-16T05:36:25Z,1412352026-08-15,14123,2026-08-15,SCHEDULED,120,2.0
2026-08-16T05:36:25Z,1504012026-08-15,15040,2026-08-15,SCHEDULED,480,8.0
2026-08-16T05:36:25Z,1504112026-08-15,15041,2026-08-15,SCHEDULED,-60,-1.0
2026-08-16T05:36:25Z,0418612026-08-16,04186,2026-08-16,SCHEDULED,480,8.0
2026-08-16T05:36:25Z,0418632026-08-16,04186,2026-08-16,SCHEDULED,480,8.0
2026-08-16T05:36:25Z,0418622026-08-16,04186,2026-08-16,SCHEDULED,480,8.0
2026-08-16T05:36:25Z,1562122026-08-15,15621,2026-08-15,SCHEDULED,0,0.0
2026-08-16T05:36:25Z,0408712026-08-16,04087,2026-08-16,SCHEDULED,-60,-1.0
2026-08-16T05:36:25Z,1564812026-08-15,15648,2026-08-15,SCHEDULED,0,0.0
2026-08-16T05:36:25Z,1210122026-08-15,12101,2026-08-15,SCHEDULED,-60,-1.0
2026-08-16T05:36:25Z,1585012026-08-15,15850,2026-08-15,SCHEDULED,180,3.0
2026-08-16T05:36:25Z,1248012026-08-15,12480,2026-08-15,SCHEDULED,60,1.0
2026-08-16T05:36:25Z,1833122026-08-15,18331,2026-08-15,SCHEDULED,360,6.0
2026-08-16T05:36:25Z,0411422026-08-16,04114,2026-08-16,SCHEDULED,60,1.0
2026-08-16T05:36:25Z,0411412026-08-16,04114,2026-08-16,SCHEDULED,60,1.0
2026-08-16T05:36:25Z,1781212026-08-15,17812,2026-08-15,SCHEDULED,120,2.0
2026-08-16T05:36:25Z,1890012026-08-15,18900,2026-08-15,SCHEDULED,0,0.0
2026-08-16T05:36:25Z,1503022026-08-15,15030,2026-08-15,SCHEDULED,-180,-3.0
2026-08-16T05:36:25Z,1503112026-08-15,15031,2026-08-15,SCHEDULED,120,2.0
2026-08-16T05:36:25Z,7180012026-08-15,71800,2026-08-15,SCHEDULED,0,0.0
2026-08-16T05:36:25Z,0062122026-08-16,00621,2026-08-16,SCHEDULED,0,0.0
2026-08-16T05:36:25Z,0062132026-08-16,00621,2026-08-16,SCHEDULED,0,0.0
2026-08-16T05:36:25Z,0062152026-08-16,00621,2026-08-16,SCHEDULED,0,0.0
2026-08-16T05:36:25Z,0062112026-08-16,00621,2026-08-16,SCHEDULED,0,0.0
2026-08-16T05:36:25Z,0062142026-08-16,00621,2026-08-16,SCHEDULED,0,0.0
2026-08-16T05:36:25Z,7182012026-08-15,71820,2026-08-15,SCHEDULED,0,0.0
2026-08-16T05:36:25Z,7183012026-08-15,71830,2026-08-15,SCHEDULED,0,0.0
2026-08-16T05:36:25Z,1805412026-08-15,18054,2026-08-15,SCHEDULED,180,3.0
2026-08-16T05:36:25Z,0063142026-08-16,00631,2026-08-16,SCHEDULED,-120,-2.0
2026-08-16T05:36:25Z,0063132026-08-16,00631,2026-08-16,SCHEDULED,-120,-2.0
2026-08-16T05:36:25Z,0063112026-08-16,00631,2026-08-16,SCHEDULED,-120,-2.0
2026-08-16T05:36:25Z,0063122026-08-16,00631,2026-08-16,SCHEDULED,-120,-2.0
2026-08-16T05:36:25Z,1810012026-08-15,18100,2026-08-15,SCHEDULED,-180,-3.0
2026-08-16T05:36:25Z,3460912026-08-15,34609,2026-08-15,SCHEDULED,840,14.0
2026-08-16T05:36:25Z,1800222026-08-15,18002,2026-08-15,SCHEDULED,60,1.0
2026-08-16T05:36:25Z,0206112026-08-15,02061,2026-08-15,SCHEDULED,840,14.0
2026-08-16T05:36:25Z,1812012026-08-15,18120,2026-08-15,SCHEDULED,420,7.0
2026-08-16T05:36:25Z,0207512026-08-16,02075,2026-08-16,SCHEDULED,480,8.0
2026-08-16T05:36:25Z,1812112026-08-15,18121,2026-08-15,SCHEDULED,0,0.0
2026-08-16T05:36:25Z,0207212026-08-15,02072,2026-08-15,SCHEDULED,240,4.0
2026-08-16T05:36:25Z,1812312026-08-15,18123,2026-08-15,SCHEDULED,300,5.0
2026-08-16T05:36:25Z,0207712026-08-15,02077,2026-08-15,SCHEDULED,-240,-4.0
2026-08-16T05:36:25Z,0207322026-08-15,02073,2026-08-15,SCHEDULED,240,4.0
2026-08-16T05:36:25Z,1832122026-08-15,18321,2026-08-15,SCHEDULED,0,0.0
2026-08-16T05:36:25Z,0307322026-08-15,03073,2026-08-15,SCHEDULED,60,1.0
2026-08-16T05:36:25Z,0307312026-08-15,03073,2026-08-15,SCHEDULED,60,1.0
2026-08-16T05:36:25Z,0331112026-08-15,03311,2026-08-15,SCHEDULED,60,1.0
2026-08-16T05:36:25Z,0407222026-08-16,04072,2026-08-16,SCHEDULED,300,5.0
2026-08-16T05:36:25Z,0407212026-08-16,04072,2026-08-16,SCHEDULED,300,5.0
2026-08-16T05:36:25Z,0436412026-08-15,04364,2026-08-15,SCHEDULED,-60,-1.0
2026-08-16T05:36:25Z,1390712026-08-15,13907,2026-08-15,CANCELED,,
2026-08-16T05:36:25Z,1300322026-08-15,13003,2026-08-15,CANCELED,,
2026-08-16T05:36:25Z,3890712026-08-15,38907,2026-08-15,CANCELED,,
2026-08-16T05:36:25Z,1322112026-08-15,13221,2026-08-15,CANCELED,,
2026-08-16T05:36:25Z,1323212026-08-15,13232,2026-08-15,CANCELED,,
2026-08-16T05:36:25Z,1564212026-08-15,15642,2026-08-15,CANCELED,,
2026-08-16T05:36:25Z,1391012026-08-15,13910,2026-08-15,CANCELED,,
2026-08-16T05:36:25Z,0237512026-08-16,02375,2026-08-16,CANCELED,,
2026-08-16T05:36:25Z,0408612026-08-16,04086,2026-08-16,CANCELED,,
2026-08-16T05:36:25Z,7187422026-08-15,71874,2026-08-15,CANCELED,,
2026-08-16T05:36:25Z,3718612026-08-15,37186,2026-08-15,CANCELED,,
2026-08-16T05:36:25Z,1565512026-08-15,15655,2026-08-15,CANCELED,,
2026-08-16T05:36:25Z,1261412026-08-15,12614,2026-08-15,CANCELED,,
2026-08-16T05:36:25Z,1585412026-08-15,15854,2026-08-15,CANCELED,,
2026-08-16T05:41:29Z,1261112026-08-15,12611,2026-08-15,SCHEDULED,480,8.0
2026-08-16T05:41:29Z,0506422026-08-15,05064,2026-08-15,SCHEDULED,0,0.0
2026-08-16T05:41:29Z,0506412026-08-15,05064,2026-08-15,SCHEDULED,0,0.0
2026-08-16T05:41:29Z,1264112026-08-15,12641,2026-08-15,SCHEDULED,60,1.0
2026-08-16T05:41:29Z,0507512026-08-15,05075,2026-08-15,SCHEDULED,-60,-1.0
2026-08-16T05:41:29Z,1264412026-08-15,12644,2026-08-15,SCHEDULED,180,3.0
2026-08-16T05:41:29Z,1304112026-08-15,13041,2026-08-15,SCHEDULED,540,9.0
2026-08-16T05:41:29Z,0527322026-08-15,05273,2026-08-15,SCHEDULED,120,2.0
2026-08-16T05:41:29Z,0566812026-08-15,05668,2026-08-15,SCHEDULED,60,1.0
2026-08-16T05:41:29Z,1395112026-08-15,13951,2026-08-15,SCHEDULED,420,7.0
2026-08-16T05:41:29Z,0587112026-08-15,05871,2026-08-15,SCHEDULED,0,0.0
2026-08-16T05:41:29Z,1320312026-08-15,13203,2026-08-15,SCHEDULED,60,1.0
2026-08-16T05:41:29Z,0847512026-08-15,08475,2026-08-15,SCHEDULED,-60,-1.0
2026-08-16T05:41:29Z,1390012026-08-15,13900,2026-08-15,SCHEDULED,-60,-1.0
2026-08-16T05:41:29Z,1390112026-08-15,13901,2026-08-15,SCHEDULED,-300,-5.0
2026-08-16T05:41:29Z,0907212026-08-15,09072,2026-08-15,SCHEDULED,-60,-1.0
2026-08-16T05:41:29Z,0907312026-08-15,09073,2026-08-15,SCHEDULED,0,0.0
2026-08-16T05:41:29Z,0207412026-08-16,02074,2026-08-16,SCHEDULED,-60,-1.0
2026-08-16T05:41:29Z,0109212026-08-15,01092,2026-08-15,SCHEDULED,180,3.0
2026-08-16T05:41:29Z,1412322026-08-16,14123,2026-08-16,SCHEDULED,120,2.0
2026-08-16T05:41:29Z,1412362026-08-15,14123,2026-08-15,SCHEDULED,120,2.0
2026-08-16T05:41:29Z,1412352026-08-15,14123,2026-08-15,SCHEDULED,120,2.0
2026-08-16T05:41:29Z,1504012026-08-15,15040,2026-08-15,SCHEDULED,480,8.0
2026-08-16T05:41:29Z,1504112026-08-15,15041,2026-08-15,SCHEDULED,0,0.0
2026-08-16T05:41:29Z,0418612026-08-16,04186,2026-08-16,SCHEDULED,420,7.0
2026-08-16T05:41:29Z,0418632026-08-16,04186,2026-08-16,SCHEDULED,420,7.0
2026-08-16T05:41:29Z,0418622026-08-16,04186,2026-08-16,SCHEDULED,420,7.0
2026-08-16T05:41:29Z,1562122026-08-15,15621,2026-08-15,SCHEDULED,60,1.0
2026-08-16T05:41:29Z,0408712026-08-16,04087,2026-08-16,SCHEDULED,-60,-1.0
2026-08-16T05:41:29Z,1564812026-08-15,15648,2026-08-15,SCHEDULED,0,0.0
2026-08-16T05:41:29Z,1210122026-08-15,12101,2026-08-15,SCHEDULED,-60,-1.0
2026-08-16T05:41:29Z,1585012026-08-15,15850,2026-08-15,SCHEDULED,120,2.0
2026-08-16T05:41:29Z,1805412026-08-15,18054,2026-08-15,SCHEDULED,180,3.0
2026-08-16T05:41:29Z,1248012026-08-15,12480,2026-08-15,SCHEDULED,60,1.0
2026-08-16T05:41:29Z,1810012026-08-15,18100,2026-08-15,SCHEDULED,60,1.0
2026-08-16T05:41:29Z,1261312026-08-15,12613,2026-08-15,SCHEDULED,-120,-2.0
2026-08-16T05:41:29Z,1800222026-08-15,18002,2026-08-15,SCHEDULED,60,1.0
2026-08-16T05:41:29Z,0411422026-08-16,04114,2026-08-16,SCHEDULED,60,1.0
2026-08-16T05:41:29Z,0411412026-08-16,04114,2026-08-16,SCHEDULED,60,1.0
2026-08-16T05:41:29Z,1812012026-08-15,18120,2026-08-15,SCHEDULED,420,7.0
2026-08-16T05:41:29Z,1812112026-08-15,18121,2026-08-15,SCHEDULED,-60,-1.0
2026-08-16T05:41:29Z,1812312026-08-15,18123,2026-08-15,SCHEDULED,300,5.0
2026-08-16T05:41:29Z,1832122026-08-15,18321,2026-08-15,SCHEDULED,0,0.0
2026-08-16T05:41:29Z,0062122026-08-16,00621,2026-08-16,SCHEDULED,-60,-1.0
2026-08-16T05:41:29Z,0062132026-08-16,00621,2026-08-16,SCHEDULED,-60,-1.0
2026-08-16T05:41:29Z,0062152026-08-16,00621,2026-08-16,SCHEDULED,-60,-1.0
2026-08-16T05:41:29Z,0062112026-08-16,00621,2026-08-16,SCHEDULED,-60,-1.0
2026-08-16T05:41:29Z,0062142026-08-16,00621,2026-08-16,SCHEDULED,-60,-1.0
2026-08-16T05:41:29Z,1833122026-08-15,18331,2026-08-15,SCHEDULED,120,2.0
2026-08-16T05:41:29Z,1781212026-08-15,17812,2026-08-15,SCHEDULED,120,2.0
2026-08-16T05:41:29Z,1890012026-08-15,18900,2026-08-15,SCHEDULED,0,0.0
2026-08-16T05:41:29Z,0063142026-08-16,00631,2026-08-16,SCHEDULED,-120,-2.0
2026-08-16T05:41:29Z,0063132026-08-16,00631,2026-08-16,SCHEDULED,-120,-2.0
2026-08-16T05:41:29Z,0063112026-08-16,00631,2026-08-16,SCHEDULED,-120,-2.0
2026-08-16T05:41:29Z,0063122026-08-16,00631,2026-08-16,SCHEDULED,-120,-2.0
2026-08-16T05:41:29Z,1503022026-08-15,15030,2026-08-15,SCHEDULED,-180,-3.0
2026-08-16T05:41:29Z,3460912026-08-15,34609,2026-08-15,SCHEDULED,900,15.0
2026-08-16T05:41:29Z,1503112026-08-15,15031,2026-08-15,SCHEDULED,120,2.0
2026-08-16T05:41:29Z,0206112026-08-15,02061,2026-08-15,SCHEDULED,900,15.0
2026-08-16T05:41:29Z,0891512026-08-15,08915,2026-08-15,SCHEDULED,60,1.0
2026-08-16T05:41:29Z,0207512026-08-16,02075,2026-08-16,SCHEDULED,540,9.0
2026-08-16T05:41:29Z,7180012026-08-15,71800,2026-08-15,SCHEDULED,0,0.0
2026-08-16T05:41:29Z,0207212026-08-15,02072,2026-08-15,SCHEDULED,180,3.0
2026-08-16T05:41:29Z,7182012026-08-15,71820,2026-08-15,SCHEDULED,0,0.0
2026-08-16T05:41:29Z,0207712026-08-15,02077,2026-08-15,SCHEDULED,-240,-4.0
2026-08-16T05:41:29Z,7183012026-08-15,71830,2026-08-15,SCHEDULED,0,0.0
2026-08-16T05:41:29Z,0227012026-08-16,02270,2026-08-16,SCHEDULED,360,6.0
2026-08-16T05:41:29Z,0207322026-08-15,02073,2026-08-15,SCHEDULED,240,4.0
2026-08-16T05:41:29Z,0307322026-08-15,03073,2026-08-15,SCHEDULED,60,1.0
2026-08-16T05:41:29Z,0307312026-08-15,03073,2026-08-15,SCHEDULED,60,1.0
2026-08-16T05:41:29Z,0331112026-08-15,03311,2026-08-15,SCHEDULED,0,0.0
2026-08-16T05:41:29Z,0407222026-08-16,04072,2026-08-16,SCHEDULED,300,5.0
2026-08-16T05:41:29Z,0407212026-08-16,04072,2026-08-16,SCHEDULED,300,5.0
2026-08-16T05:41:29Z,0436412026-08-15,04364,2026-08-15,SCHEDULED,-120,-2.0
2026-08-16T05:41:29Z,1390712026-08-15,13907,2026-08-15,CANCELED,,
2026-08-16T05:41:29Z,1300322026-08-15,13003,2026-08-15,CANCELED,,
2026-08-16T05:41:29Z,3890712026-08-15,38907,2026-08-15,CANCELED,,
2026-08-16T05:41:29Z,1322112026-08-15,13221,2026-08-15,CANCELED,,
2026-08-16T05:41:29Z,1323212026-08-15,13232,2026-08-15,CANCELED,,
2026-08-16T05:41:29Z,1564212026-08-15,15642,2026-08-15,CANCELED,,
2026-08-16T05:41:29Z,1391012026-08-15,13910,2026-08-15,CANCELED,,
2026-08-16T05:41:29Z,0237512026-08-16,02375,2026-08-16,CANCELED,,
2026-08-16T05:41:29Z,7187422026-08-15,71874,2026-08-15,CANCELED,,
2026-08-16T05:41:29Z,0408612026-08-16,04086,2026-08-16,CANCELED,,
2026-08-16T05:41:29Z,3718612026-08-15,37186,2026-08-15,CANCELED,,
2026-08-16T05:41:29Z,1565512026-08-15,15655,2026-08-15,CANCELED,,
2026-08-16T05:41:29Z,1261412026-08-15,12614,2026-08-15,CANCELED,,
2026-08-16T05:41:29Z,1585412026-08-15,15854,2026-08-15,CANCELED,,
2026-08-16T05:46:34Z,1390112026-08-15,13901,2026-08-15,SCHEDULED,-240,-4.0
2026-08-16T05:46:34Z,0506422026-08-15,05064,2026-08-15,SCHEDULED,0,0.0
2026-08-16T05:46:34Z,0506412026-08-15,05064,2026-08-15,SCHEDULED,0,0.0
2026-08-16T05:46:34Z,0507512026-08-15,05075,2026-08-15,SCHEDULED,-60,-1.0
2026-08-16T05:46:34Z,0527322026-08-15,05273,2026-08-15,SCHEDULED,60,1.0
2026-08-16T05:46:34Z,1412322026-08-16,14123,2026-08-16,SCHEDULED,120,2.0
2026-08-16T05:46:34Z,1412362026-08-15,14123,2026-08-15,SCHEDULED,120,2.0
2026-08-16T05:46:34Z,1412352026-08-15,14123,2026-08-15,SCHEDULED,120,2.0
2026-08-16T05:46:34Z,0566812026-08-15,05668,2026-08-15,SCHEDULED,60,1.0
2026-08-16T05:46:34Z,1504012026-08-15,15040,2026-08-15,SCHEDULED,480,8.0
2026-08-16T05:46:34Z,0587112026-08-15,05871,2026-08-15,SCHEDULED,120,2.0
2026-08-16T05:46:34Z,1504112026-08-15,15041,2026-08-15,SCHEDULED,-120,-2.0
2026-08-16T05:46:34Z,0827512026-08-15,08275,2026-08-15,SCHEDULED,120,2.0
2026-08-16T05:46:34Z,1562122026-08-15,15621,2026-08-15,SCHEDULED,60,1.0
2026-08-16T05:46:34Z,0847512026-08-15,08475,2026-08-15,SCHEDULED,-60,-1.0
2026-08-16T05:46:34Z,1564812026-08-15,15648,2026-08-15,SCHEDULED,0,0.0
2026-08-16T05:46:34Z,0907212026-08-15,09072,2026-08-15,SCHEDULED,-120,-2.0
2026-08-16T05:46:34Z,1585012026-08-15,15850,2026-08-15,SCHEDULED,120,2.0
2026-08-16T05:46:34Z,0907312026-08-15,09073,2026-08-15,SCHEDULED,-60,-1.0
2026-08-16T05:46:34Z,1805412026-08-15,18054,2026-08-15,SCHEDULED,60,1.0
2026-08-16T05:46:34Z,0207412026-08-16,02074,2026-08-16,SCHEDULED,-120,-2.0
2026-08-16T05:46:34Z,1261112026-08-15,12611,2026-08-15,SCHEDULED,480,8.0
2026-08-16T05:46:34Z,0109212026-08-15,01092,2026-08-15,SCHEDULED,240,4.0
2026-08-16T05:46:34Z,1264112026-08-15,12641,2026-08-15,SCHEDULED,60,1.0
2026-08-16T05:46:34Z,1264412026-08-15,12644,2026-08-15,SCHEDULED,180,3.0
2026-08-16T05:46:34Z,1268012026-08-15,12680,2026-08-15,SCHEDULED,0,0.0
2026-08-16T05:46:34Z,0418612026-08-16,04186,2026-08-16,SCHEDULED,420,7.0
2026-08-16T05:46:34Z,0418632026-08-16,04186,2026-08-16,SCHEDULED,420,7.0
2026-08-16T05:46:34Z,0418622026-08-16,04186,2026-08-16,SCHEDULED,420,7.0
2026-08-16T05:46:34Z,1304112026-08-15,13041,2026-08-15,SCHEDULED,180,3.0
2026-08-16T05:46:34Z,0408712026-08-16,04087,2026-08-16,SCHEDULED,-60,-1.0
2026-08-16T05:46:34Z,1395112026-08-15,13951,2026-08-15,SCHEDULED,360,6.0
2026-08-16T05:46:34Z,1320312026-08-15,13203,2026-08-15,SCHEDULED,120,2.0
2026-08-16T05:46:34Z,1210122026-08-15,12101,2026-08-15,SCHEDULED,-180,-3.0
2026-08-16T05:46:34Z,1390012026-08-15,13900,2026-08-15,SCHEDULED,-120,-2.0
2026-08-16T05:46:34Z,1248012026-08-15,12480,2026-08-15,SCHEDULED,120,2.0
2026-08-16T05:46:34Z,1890012026-08-15,18900,2026-08-15,SCHEDULED,120,2.0
2026-08-16T05:46:34Z,1261312026-08-15,12613,2026-08-15,SCHEDULED,0,0.0
2026-08-16T05:46:34Z,1503022026-08-15,15030,2026-08-15,SCHEDULED,60,1.0
2026-08-16T05:46:34Z,1503112026-08-15,15031,2026-08-15,SCHEDULED,60,1.0
2026-08-16T05:46:34Z,0411422026-08-16,04114,2026-08-16,SCHEDULED,60,1.0
2026-08-16T05:46:34Z,0411412026-08-16,04114,2026-08-16,SCHEDULED,60,1.0
2026-08-16T05:46:34Z,1443522026-08-15,14435,2026-08-15,SCHEDULED,120,2.0
2026-08-16T05:46:34Z,0891512026-08-15,08915,2026-08-15,SCHEDULED,60,1.0
2026-08-16T05:46:34Z,7180012026-08-15,71800,2026-08-15,SCHEDULED,0,0.0
2026-08-16T05:46:34Z,7182012026-08-15,71820,2026-08-15,SCHEDULED,0,0.0
2026-08-16T05:46:34Z,0062122026-08-16,00621,2026-08-16,SCHEDULED,-60,-1.0
2026-08-16T05:46:34Z,0062132026-08-16,00621,2026-08-16,SCHEDULED,-60,-1.0
2026-08-16T05:46:34Z,0062152026-08-16,00621,2026-08-16,SCHEDULED,-60,-1.0
2026-08-16T05:46:34Z,0062112026-08-16,00621,2026-08-16,SCHEDULED,-60,-1.0
2026-08-16T05:46:34Z,0062142026-08-16,00621,2026-08-16,SCHEDULED,-60,-1.0
2026-08-16T05:46:34Z,7183012026-08-15,71830,2026-08-15,SCHEDULED,-240,-4.0
2026-08-16T05:46:34Z,1810012026-08-15,18100,2026-08-15,SCHEDULED,120,2.0
2026-08-16T05:46:34Z,1800222026-08-15,18002,2026-08-15,SCHEDULED,0,0.0
2026-08-16T05:46:34Z,0063142026-08-16,00631,2026-08-16,SCHEDULED,0,0.0
2026-08-16T05:46:34Z,0063132026-08-16,00631,2026-08-16,SCHEDULED,0,0.0
2026-08-16T05:46:34Z,0063112026-08-16,00631,2026-08-16,SCHEDULED,0,0.0
2026-08-16T05:46:34Z,0063122026-08-16,00631,2026-08-16,SCHEDULED,0,0.0
2026-08-16T05:46:34Z,1812012026-08-15,18120,2026-08-15,SCHEDULED,540,9.0
2026-08-16T05:46:34Z,3460912026-08-15,34609,2026-08-15,SCHEDULED,900,15.0
2026-08-16T05:46:34Z,1812112026-08-15,18121,2026-08-15,SCHEDULED,-180,-3.0
2026-08-16T05:46:34Z,0206112026-08-15,02061,2026-08-15,SCHEDULED,960,16.0
2026-08-16T05:46:34Z,1812312026-08-15,18123,2026-08-15,SCHEDULED,240,4.0
2026-08-16T05:46:34Z,0207512026-08-16,02075,2026-08-16,SCHEDULED,540,9.0
2026-08-16T05:46:34Z,1832122026-08-15,18321,2026-08-15,SCHEDULED,0,0.0
2026-08-16T05:46:34Z,0207212026-08-15,02072,2026-08-15,SCHEDULED,60,1.0
2026-08-16T05:46:34Z,0207712026-08-15,02077,2026-08-15,SCHEDULED,-240,-4.0
2026-08-16T05:46:34Z,1833122026-08-15,18331,2026-08-15,SCHEDULED,120,2.0
2026-08-16T05:46:34Z,0227012026-08-16,02270,2026-08-16,SCHEDULED,360,6.0
2026-08-16T05:46:34Z,1781212026-08-15,17812,2026-08-15,SCHEDULED,120,2.0
2026-08-16T05:46:34Z,0207322026-08-15,02073,2026-08-15,SCHEDULED,300,5.0
2026-08-16T05:46:34Z,0307322026-08-15,03073,2026-08-15,SCHEDULED,480,8.0
2026-08-16T05:46:34Z,0307312026-08-15,03073,2026-08-15,SCHEDULED,480,8.0
2026-08-16T05:46:34Z,0331112026-08-15,03311,2026-08-15,SCHEDULED,0,0.0
2026-08-16T05:46:34Z,0407222026-08-16,04072,2026-08-16,SCHEDULED,240,4.0
2026-08-16T05:46:34Z,0407212026-08-16,04072,2026-08-16,SCHEDULED,240,4.0
2026-08-16T05:46:34Z,0436412026-08-15,04364,2026-08-15,SCHEDULED,0,0.0
2026-08-16T05:46:34Z,1390712026-08-15,13907,2026-08-15,CANCELED,,
2026-08-16T05:46:34Z,1300322026-08-15,13003,2026-08-15,CANCELED,,
2026-08-16T05:46:34Z,3890712026-08-15,38907,2026-08-15,CANCELED,,
2026-08-16T05:46:34Z,1322112026-08-15,13221,2026-08-15,CANCELED,,
2026-08-16T05:46:34Z,1323212026-08-15,13232,2026-08-15,CANCELED,,
2026-08-16T05:46:34Z,1564212026-08-15,15642,2026-08-15,CANCELED,,
2026-08-16T05:46:34Z,1391012026-08-15,13910,2026-08-15,CANCELED,,
2026-08-16T05:46:34Z,0237512026-08-16,02375,2026-08-16,CANCELED,,
2026-08-16T05:46:34Z,7187422026-08-15,71874,2026-08-15,CANCELED,,
2026-08-16T05:46:34Z,0408612026-08-16,04086,2026-08-16,CANCELED,,
2026-08-16T05:46:34Z,1565512026-08-15,15655,2026-08-15,CANCELED,,
2026-08-16T05:46:34Z,3718612026-08-15,37186,2026-08-15,CANCELED,,
2026-08-16T05:46:34Z,1585412026-08-15,15854,2026-08-15,CANCELED,,
2026-08-16T05:46:34Z,1261412026-08-15,12614,2026-08-15,CANCELED,,
2026-08-16T05:48:26Z,1390112026-08-15,13901,2026-08-15,SCHEDULED,-180,-3.0
2026-08-16T05:48:26Z,0506422026-08-15,05064,2026-08-15,SCHEDULED,0,0.0
2026-08-16T05:48:26Z,0506412026-08-15,05064,2026-08-15,SCHEDULED,0,0.0
2026-08-16T05:48:26Z,0507512026-08-15,05075,2026-08-15,SCHEDULED,-60,-1.0
2026-08-16T05:48:26Z,1412322026-08-16,14123,2026-08-16,SCHEDULED,120,2.0
2026-08-16T05:48:26Z,1412362026-08-15,14123,2026-08-15,SCHEDULED,120,2.0
2026-08-16T05:48:26Z,1412352026-08-15,14123,2026-08-15,SCHEDULED,120,2.0
2026-08-16T05:48:26Z,0527322026-08-15,05273,2026-08-15,SCHEDULED,60,1.0
2026-08-16T05:48:26Z,1504012026-08-15,15040,2026-08-15,SCHEDULED,480,8.0
2026-08-16T05:48:26Z,1504112026-08-15,15041,2026-08-15,SCHEDULED,-120,-2.0
2026-08-16T05:48:26Z,0566812026-08-15,05668,2026-08-15,SCHEDULED,240,4.0
2026-08-16T05:48:26Z,1562122026-08-15,15621,2026-08-15,SCHEDULED,60,1.0
2026-08-16T05:48:26Z,0587112026-08-15,05871,2026-08-15,SCHEDULED,120,2.0
2026-08-16T05:48:26Z,1564812026-08-15,15648,2026-08-15,SCHEDULED,0,0.0
2026-08-16T05:48:26Z,0827512026-08-15,08275,2026-08-15,SCHEDULED,120,2.0
2026-08-16T05:48:26Z,1585012026-08-15,15850,2026-08-15,SCHEDULED,120,2.0
2026-08-16T05:48:26Z,0847512026-08-15,08475,2026-08-15,SCHEDULED,-60,-1.0
2026-08-16T05:48:26Z,1805412026-08-15,18054,2026-08-15,SCHEDULED,60,1.0
2026-08-16T05:48:26Z,1261112026-08-15,12611,2026-08-15,SCHEDULED,480,8.0
2026-08-16T05:48:26Z,0907212026-08-15,09072,2026-08-15,SCHEDULED,-120,-2.0
2026-08-16T05:48:26Z,1264112026-08-15,12641,2026-08-15,SCHEDULED,60,1.0
2026-08-16T05:48:26Z,0907312026-08-15,09073,2026-08-15,SCHEDULED,-60,-1.0
2026-08-16T05:48:26Z,1264412026-08-15,12644,2026-08-15,SCHEDULED,180,3.0
2026-08-16T05:48:26Z,0207412026-08-16,02074,2026-08-16,SCHEDULED,-120,-2.0
2026-08-16T05:48:26Z,1268012026-08-15,12680,2026-08-15,SCHEDULED,0,0.0
2026-08-16T05:48:26Z,0109212026-08-15,01092,2026-08-15,SCHEDULED,240,4.0
2026-08-16T05:48:26Z,1304112026-08-15,13041,2026-08-15,SCHEDULED,240,4.0
2026-08-16T05:48:26Z,1395112026-08-15,13951,2026-08-15,SCHEDULED,360,6.0
2026-08-16T05:48:26Z,1320312026-08-15,13203,2026-08-15,SCHEDULED,120,2.0
2026-08-16T05:48:26Z,0418612026-08-16,04186,2026-08-16,SCHEDULED,420,7.0
2026-08-16T05:48:26Z,0418632026-08-16,04186,2026-08-16,SCHEDULED,420,7.0
2026-08-16T05:48:26Z,0418622026-08-16,04186,2026-08-16,SCHEDULED,420,7.0
2026-08-16T05:48:26Z,1390012026-08-15,13900,2026-08-15,SCHEDULED,0,0.0
2026-08-16T05:48:26Z,0408712026-08-16,04087,2026-08-16,SCHEDULED,-60,-1.0
2026-08-16T05:48:26Z,1890012026-08-15,18900,2026-08-15,SCHEDULED,120,2.0
2026-08-16T05:48:26Z,1210122026-08-15,12101,2026-08-15,SCHEDULED,-180,-3.0
2026-08-16T05:48:26Z,1503022026-08-15,15030,2026-08-15,SCHEDULED,60,1.0
2026-08-16T05:48:26Z,1248012026-08-15,12480,2026-08-15,SCHEDULED,120,2.0
2026-08-16T05:48:26Z,1503112026-08-15,15031,2026-08-15,SCHEDULED,60,1.0
2026-08-16T05:48:26Z,1261312026-08-15,12613,2026-08-15,SCHEDULED,0,0.0
2026-08-16T05:48:26Z,1443522026-08-15,14435,2026-08-15,SCHEDULED,180,3.0
2026-08-16T05:48:26Z,0411422026-08-16,04114,2026-08-16,SCHEDULED,60,1.0
2026-08-16T05:48:26Z,0411412026-08-16,04114,2026-08-16,SCHEDULED,60,1.0
2026-08-16T05:48:26Z,0891512026-08-15,08915,2026-08-15,SCHEDULED,60,1.0
2026-08-16T05:48:26Z,7180012026-08-15,71800,2026-08-15,SCHEDULED,0,0.0
2026-08-16T05:48:26Z,7182012026-08-15,71820,2026-08-15,SCHEDULED,0,0.0
2026-08-16T05:48:26Z,7183012026-08-15,71830,2026-08-15,SCHEDULED,120,2.0
2026-08-16T05:48:26Z,1810012026-08-15,18100,2026-08-15,SCHEDULED,120,2.0
2026-08-16T05:48:26Z,0062122026-08-16,00621,2026-08-16,SCHEDULED,-60,-1.0
2026-08-16T05:48:26Z,0062132026-08-16,00621,2026-08-16,SCHEDULED,-60,-1.0
2026-08-16T05:48:26Z,0062152026-08-16,00621,2026-08-16,SCHEDULED,-60,-1.0
2026-08-16T05:48:26Z,0062112026-08-16,00621,2026-08-16,SCHEDULED,-60,-1.0
2026-08-16T05:48:26Z,0062142026-08-16,00621,2026-08-16,SCHEDULED,-60,-1.0
2026-08-16T05:48:26Z,1800222026-08-15,18002,2026-08-15,SCHEDULED,0,0.0
2026-08-16T05:48:26Z,1812012026-08-15,18120,2026-08-15,SCHEDULED,540,9.0
2026-08-16T05:48:26Z,1812112026-08-15,18121,2026-08-15,SCHEDULED,-180,-3.0
2026-08-16T05:48:26Z,1812312026-08-15,18123,2026-08-15,SCHEDULED,300,5.0
2026-08-16T05:48:26Z,0063142026-08-16,00631,2026-08-16,SCHEDULED,0,0.0
2026-08-16T05:48:26Z,0063132026-08-16,00631,2026-08-16,SCHEDULED,0,0.0
2026-08-16T05:48:26Z,0063112026-08-16,00631,2026-08-16,SCHEDULED,0,0.0
2026-08-16T05:48:26Z,0063122026-08-16,00631,2026-08-16,SCHEDULED,0,0.0
2026-08-16T05:48:26Z,3460912026-08-15,34609,2026-08-15,SCHEDULED,900,15.0
2026-08-16T05:48:26Z,1832122026-08-15,18321,2026-08-15,SCHEDULED,180,3.0
2026-08-16T05:48:26Z,0206112026-08-15,02061,2026-08-15,SCHEDULED,960,16.0
2026-08-16T05:48:26Z,1833122026-08-15,18331,2026-08-15,SCHEDULED,120,2.0
2026-08-16T05:48:26Z,0207512026-08-16,02075,2026-08-16,SCHEDULED,540,9.0
2026-08-16T05:48:26Z,1781212026-08-15,17812,2026-08-15,SCHEDULED,0,0.0
2026-08-16T05:48:26Z,0207212026-08-15,02072,2026-08-15,SCHEDULED,60,1.0
2026-08-16T05:48:26Z,0207712026-08-15,02077,2026-08-15,SCHEDULED,-240,-4.0
2026-08-16T05:48:26Z,0227012026-08-16,02270,2026-08-16,SCHEDULED,360,6.0
2026-08-16T05:48:26Z,0207322026-08-15,02073,2026-08-15,SCHEDULED,300,5.0
2026-08-16T05:48:26Z,0307322026-08-15,03073,2026-08-15,SCHEDULED,420,7.0
2026-08-16T05:48:26Z,0307312026-08-15,03073,2026-08-15,SCHEDULED,420,7.0
2026-08-16T05:48:26Z,0331112026-08-15,03311,2026-08-15,SCHEDULED,60,1.0
2026-08-16T05:48:26Z,0407222026-08-16,04072,2026-08-16,SCHEDULED,240,4.0
2026-08-16T05:48:26Z,0407212026-08-16,04072,2026-08-16,SCHEDULED,240,4.0
2026-08-16T05:48:26Z,0436412026-08-15,04364,2026-08-15,SCHEDULED,0,0.0
2026-08-16T05:48:26Z,1390712026-08-15,13907,2026-08-15,CANCELED,,
2026-08-16T05:48:26Z,1300322026-08-15,13003,2026-08-15,CANCELED,,
2026-08-16T05:48:26Z,3890712026-08-15,38907,2026-08-15,CANCELED,,
2026-08-16T05:48:26Z,1322112026-08-15,13221,2026-08-15,CANCELED,,
2026-08-16T05:48:26Z,1323212026-08-15,13232,2026-08-15,CANCELED,,
2026-08-16T05:48:26Z,1564212026-08-15,15642,2026-08-15,CANCELED,,
2026-08-16T05:48:26Z,1391012026-08-15,13910,2026-08-15,CANCELED,,
2026-08-16T05:48:26Z,0237512026-08-16,02375,2026-08-16,CANCELED,,
2026-08-16T05:48:26Z,7187422026-08-15,71874,2026-08-15,CANCELED,,
2026-08-16T05:48:26Z,0408612026-08-16,04086,2026-08-16,CANCELED,,
2026-08-16T05:48:26Z,1565512026-08-15,15655,2026-08-15,CANCELED,,
2026-08-16T05:48:26Z,3718612026-08-15,37186,2026-08-15,CANCELED,,
2026-08-16T05:48:26Z,1585412026-08-15,15854,2026-08-15,CANCELED,,
2026-08-16T05:48:26Z,1261412026-08-15,12614,2026-08-15,CANCELED,,
2026-08-16T05:51:29Z,1264412026-08-15,12644,2026-08-15,SCHEDULED,180,3.0
2026-08-16T05:51:29Z,0527322026-08-15,05273,2026-08-15,SCHEDULED,60,1.0
2026-08-16T05:51:29Z,1268012026-08-15,12680,2026-08-15,SCHEDULED,0,0.0
2026-08-16T05:51:29Z,0566812026-08-15,05668,2026-08-15,SCHEDULED,240,4.0
2026-08-16T05:51:29Z,1304112026-08-15,13041,2026-08-15,SCHEDULED,240,4.0
2026-08-16T05:51:29Z,0587112026-08-15,05871,2026-08-15,SCHEDULED,240,4.0
2026-08-16T05:51:29Z,1395112026-08-15,13951,2026-08-15,SCHEDULED,360,6.0
2026-08-16T05:51:29Z,0827512026-08-15,08275,2026-08-15,SCHEDULED,180,3.0
2026-08-16T05:51:29Z,1320312026-08-15,13203,2026-08-15,SCHEDULED,120,2.0
2026-08-16T05:51:29Z,0847512026-08-15,08475,2026-08-15,SCHEDULED,-60,-1.0
2026-08-16T05:51:29Z,1390012026-08-15,13900,2026-08-15,SCHEDULED,0,0.0
2026-08-16T05:51:29Z,0907212026-08-15,09072,2026-08-15,SCHEDULED,-120,-2.0
2026-08-16T05:51:29Z,1390112026-08-15,13901,2026-08-15,SCHEDULED,-180,-3.0
2026-08-16T05:51:29Z,0907312026-08-15,09073,2026-08-15,SCHEDULED,-60,-1.0
2026-08-16T05:51:29Z,0207412026-08-16,02074,2026-08-16,SCHEDULED,-120,-2.0
2026-08-16T05:51:29Z,0109212026-08-15,01092,2026-08-15,SCHEDULED,180,3.0
2026-08-16T05:51:29Z,0069712026-08-16,00697,2026-08-16,SCHEDULED,360,6.0
2026-08-16T05:51:29Z,1412322026-08-16,14123,2026-08-16,SCHEDULED,240,4.0
2026-08-16T05:51:29Z,1412362026-08-15,14123,2026-08-15,SCHEDULED,240,4.0
2026-08-16T05:51:29Z,1412352026-08-15,14123,2026-08-15,SCHEDULED,240,4.0
2026-08-16T05:51:29Z,1504012026-08-15,15040,2026-08-15,SCHEDULED,480,8.0
2026-08-16T05:51:29Z,1504112026-08-15,15041,2026-08-15,SCHEDULED,-120,-2.0
2026-08-16T05:51:29Z,0418612026-08-16,04186,2026-08-16,SCHEDULED,420,7.0
2026-08-16T05:51:29Z,0418632026-08-16,04186,2026-08-16,SCHEDULED,420,7.0
2026-08-16T05:51:29Z,0418622026-08-16,04186,2026-08-16,SCHEDULED,420,7.0
2026-08-16T05:51:29Z,1521212026-08-15,15212,2026-08-15,SCHEDULED,60,1.0
2026-08-16T05:51:29Z,0408712026-08-16,04087,2026-08-16,SCHEDULED,-60,-1.0
2026-08-16T05:51:29Z,1562122026-08-15,15621,2026-08-15,SCHEDULED,60,1.0
2026-08-16T05:51:29Z,1210122026-08-15,12101,2026-08-15,SCHEDULED,-120,-2.0
2026-08-16T05:51:29Z,1577612026-08-15,15776,2026-08-15,SCHEDULED,0,0.0
2026-08-16T05:51:29Z,1248012026-08-15,12480,2026-08-15,SCHEDULED,120,2.0
2026-08-16T05:51:29Z,1580012026-08-15,15800,2026-08-15,SCHEDULED,60,1.0
2026-08-16T05:51:29Z,1261312026-08-15,12613,2026-08-15,SCHEDULED,0,0.0
2026-08-16T05:51:29Z,1585012026-08-15,15850,2026-08-15,SCHEDULED,60,1.0
2026-08-16T05:51:29Z,1261112026-08-15,12611,2026-08-15,SCHEDULED,360,6.0
2026-08-16T05:51:29Z,1602612026-08-15,16026,2026-08-15,SCHEDULED,-60,-1.0
2026-08-16T05:51:29Z,1264112026-08-15,12641,2026-08-15,SCHEDULED,120,2.0
2026-08-16T05:51:29Z,1805412026-08-15,18054,2026-08-15,SCHEDULED,60,1.0
2026-08-16T05:51:29Z,1890012026-08-15,18900,2026-08-15,SCHEDULED,120,2.0
2026-08-16T05:51:29Z,0411422026-08-16,04114,2026-08-16,SCHEDULED,240,4.0
2026-08-16T05:51:29Z,0411412026-08-16,04114,2026-08-16,SCHEDULED,240,4.0
2026-08-16T05:51:29Z,1503022026-08-15,15030,2026-08-15,SCHEDULED,60,1.0
2026-08-16T05:51:29Z,1503112026-08-15,15031,2026-08-15,SCHEDULED,60,1.0
2026-08-16T05:51:29Z,1443522026-08-15,14435,2026-08-15,SCHEDULED,120,2.0
2026-08-16T05:51:29Z,0891512026-08-15,08915,2026-08-15,SCHEDULED,0,0.0
2026-08-16T05:51:29Z,0062122026-08-16,00621,2026-08-16,SCHEDULED,0,0.0
2026-08-16T05:51:29Z,0062132026-08-16,00621,2026-08-16,SCHEDULED,0,0.0
2026-08-16T05:51:29Z,0062152026-08-16,00621,2026-08-16,SCHEDULED,0,0.0
2026-08-16T05:51:29Z,0062112026-08-16,00621,2026-08-16,SCHEDULED,0,0.0
2026-08-16T05:51:29Z,0062142026-08-16,00621,2026-08-16,SCHEDULED,0,0.0
2026-08-16T05:51:29Z,0948012026-08-15,09480,2026-08-15,SCHEDULED,120,2.0
2026-08-16T05:51:29Z,7180012026-08-15,71800,2026-08-15,SCHEDULED,0,0.0
2026-08-16T05:51:29Z,7182012026-08-15,71820,2026-08-15,SCHEDULED,0,0.0
2026-08-16T05:51:29Z,7183012026-08-15,71830,2026-08-15,SCHEDULED,120,2.0
2026-08-16T05:51:29Z,1810012026-08-15,18100,2026-08-15,SCHEDULED,120,2.0
2026-08-16T05:51:29Z,0063142026-08-16,00631,2026-08-16,SCHEDULED,0,0.0
2026-08-16T05:51:29Z,0063132026-08-16,00631,2026-08-16,SCHEDULED,0,0.0
2026-08-16T05:51:29Z,0063112026-08-16,00631,2026-08-16,SCHEDULED,0,0.0
2026-08-16T05:51:29Z,0063122026-08-16,00631,2026-08-16,SCHEDULED,0,0.0
2026-08-16T05:51:29Z,3460912026-08-15,34609,2026-08-15,SCHEDULED,900,15.0
2026-08-16T05:51:29Z,1800222026-08-15,18002,2026-08-15,SCHEDULED,0,0.0
2026-08-16T05:51:29Z,0206112026-08-15,02061,2026-08-15,SCHEDULED,1020,17.0
2026-08-16T05:51:29Z,1812012026-08-15,18120,2026-08-15,SCHEDULED,540,9.0
2026-08-16T05:51:29Z,0207512026-08-16,02075,2026-08-16,SCHEDULED,480,8.0
2026-08-16T05:51:29Z,1812112026-08-15,18121,2026-08-15,SCHEDULED,60,1.0
2026-08-16T05:51:29Z,0207212026-08-15,02072,2026-08-15,SCHEDULED,60,1.0
2026-08-16T05:51:29Z,1812312026-08-15,18123,2026-08-15,SCHEDULED,300,5.0
2026-08-16T05:51:29Z,0207712026-08-15,02077,2026-08-15,SCHEDULED,0,0.0
2026-08-16T05:51:29Z,0227012026-08-16,02270,2026-08-16,SCHEDULED,360,6.0
2026-08-16T05:51:29Z,1832122026-08-15,18321,2026-08-15,SCHEDULED,300,5.0
2026-08-16T05:51:29Z,0207322026-08-15,02073,2026-08-15,SCHEDULED,240,4.0
2026-08-16T05:51:29Z,1870112026-08-15,18701,2026-08-15,SCHEDULED,-60,-1.0
2026-08-16T05:51:29Z,1833122026-08-15,18331,2026-08-15,SCHEDULED,120,2.0
2026-08-16T05:51:29Z,0307322026-08-15,03073,2026-08-15,SCHEDULED,420,7.0
2026-08-16T05:51:29Z,0307312026-08-15,03073,2026-08-15,SCHEDULED,420,7.0
2026-08-16T05:51:29Z,1781212026-08-15,17812,2026-08-15,SCHEDULED,0,0.0
2026-08-16T05:51:29Z,0331112026-08-15,03311,2026-08-15,SCHEDULED,60,1.0
2026-08-16T05:51:29Z,0407222026-08-16,04072,2026-08-16,SCHEDULED,240,4.0
2026-08-16T05:51:29Z,0407212026-08-16,04072,2026-08-16,SCHEDULED,240,4.0
2026-08-16T05:51:29Z,0436412026-08-15,04364,2026-08-15,SCHEDULED,0,0.0
2026-08-16T05:51:29Z,0506422026-08-15,05064,2026-08-15,SCHEDULED,0,0.0
2026-08-16T05:51:29Z,0506412026-08-15,05064,2026-08-15,SCHEDULED,0,0.0
2026-08-16T05:51:29Z,0507512026-08-15,05075,2026-08-15,SCHEDULED,-60,-1.0
2026-08-16T05:51:29Z,3890712026-08-15,38907,2026-08-15,CANCELED,,
2026-08-16T05:51:29Z,1300322026-08-15,13003,2026-08-15,CANCELED,,
2026-08-16T05:51:29Z,1322112026-08-15,13221,2026-08-15,CANCELED,,
2026-08-16T05:51:29Z,1564212026-08-15,15642,2026-08-15,CANCELED,,
2026-08-16T05:51:29Z,1323212026-08-15,13232,2026-08-15,CANCELED,,
2026-08-16T05:51:29Z,1564812026-08-15,15648,2026-08-15,CANCELED,,
2026-08-16T05:51:29Z,1391012026-08-15,13910,2026-08-15,CANCELED,,
2026-08-16T05:51:29Z,1390712026-08-15,13907,2026-08-15,CANCELED,,
2026-08-16T05:51:29Z,7187422026-08-15,71874,2026-08-15,CANCELED,,
2026-08-16T05:51:29Z,0237512026-08-16,02375,2026-08-16,CANCELED,,
2026-08-16T05:51:29Z,0408612026-08-16,04086,2026-08-16,CANCELED,,
2026-08-16T05:51:29Z,1565512026-08-15,15655,2026-08-15,CANCELED,,
2026-08-16T05:51:29Z,3718612026-08-15,37186,2026-08-15,CANCELED,,
2026-08-16T05:51:29Z,1585412026-08-15,15854,2026-08-15,CANCELED,,
2026-08-16T05:51:29Z,1261412026-08-15,12614,2026-08-15,CANCELED,,
2026-08-16T05:56:25Z,1296112026-08-15,12961,2026-08-15,SCHEDULED,60,1.0
2026-08-16T05:56:25Z,0808512026-08-15,08085,2026-08-15,SCHEDULED,180,3.0
2026-08-16T05:56:25Z,1304112026-08-15,13041,2026-08-15,SCHEDULED,240,4.0
2026-08-16T05:56:25Z,0827512026-08-15,08275,2026-08-15,SCHEDULED,180,3.0
2026-08-16T05:56:25Z,1395112026-08-15,13951,2026-08-15,SCHEDULED,240,4.0
2026-08-16T05:56:25Z,0827812026-08-15,08278,2026-08-15,SCHEDULED,0,0.0
2026-08-16T05:56:25Z,1320312026-08-15,13203,2026-08-15,SCHEDULED,180,3.0
2026-08-16T05:56:25Z,0847512026-08-15,08475,2026-08-15,SCHEDULED,-420,-7.0
2026-08-16T05:56:25Z,1390012026-08-15,13900,2026-08-15,SCHEDULED,0,0.0
2026-08-16T05:56:25Z,0907212026-08-15,09072,2026-08-15,SCHEDULED,-180,-3.0
2026-08-16T05:56:25Z,1390112026-08-15,13901,2026-08-15,SCHEDULED,-180,-3.0
2026-08-16T05:56:25Z,0907312026-08-15,09073,2026-08-15,SCHEDULED,-60,-1.0
2026-08-16T05:56:25Z,0207412026-08-16,02074,2026-08-16,SCHEDULED,-120,-2.0
2026-08-16T05:56:25Z,0109212026-08-15,01092,2026-08-15,SCHEDULED,180,3.0
2026-08-16T05:56:25Z,0069712026-08-16,00697,2026-08-16,SCHEDULED,360,6.0
2026-08-16T05:56:25Z,1412322026-08-16,14123,2026-08-16,SCHEDULED,180,3.0
2026-08-16T05:56:25Z,1412362026-08-15,14123,2026-08-15,SCHEDULED,180,3.0
2026-08-16T05:56:25Z,1412352026-08-15,14123,2026-08-15,SCHEDULED,180,3.0
2026-08-16T05:56:25Z,1500312026-08-15,15003,2026-08-15,SCHEDULED,240,4.0
2026-08-16T05:56:25Z,1504012026-08-15,15040,2026-08-15,SCHEDULED,1620,27.0
2026-08-16T05:56:25Z,0418612026-08-16,04186,2026-08-16,SCHEDULED,420,7.0
2026-08-16T05:56:25Z,0418632026-08-16,04186,2026-08-16,SCHEDULED,420,7.0
2026-08-16T05:56:25Z,0418622026-08-16,04186,2026-08-16,SCHEDULED,420,7.0
2026-08-16T05:56:25Z,1504112026-08-15,15041,2026-08-15,SCHEDULED,0,0.0
2026-08-16T05:56:25Z,0408712026-08-16,04087,2026-08-16,SCHEDULED,-60,-1.0
2026-08-16T05:56:25Z,1521212026-08-15,15212,2026-08-15,SCHEDULED,60,1.0
2026-08-16T05:56:25Z,1210122026-08-15,12101,2026-08-15,SCHEDULED,-60,-1.0
2026-08-16T05:56:25Z,1562122026-08-15,15621,2026-08-15,SCHEDULED,60,1.0
2026-08-16T05:56:25Z,1248012026-08-15,12480,2026-08-15,SCHEDULED,60,1.0
2026-08-16T05:56:25Z,1577612026-08-15,15776,2026-08-15,SCHEDULED,0,0.0
2026-08-16T05:56:25Z,1261312026-08-15,12613,2026-08-15,SCHEDULED,0,0.0
2026-08-16T05:56:25Z,1580012026-08-15,15800,2026-08-15,SCHEDULED,60,1.0
2026-08-16T05:56:25Z,1261112026-08-15,12611,2026-08-15,SCHEDULED,360,6.0
2026-08-16T05:56:25Z,1585012026-08-15,15850,2026-08-15,SCHEDULED,60,1.0
2026-08-16T05:56:25Z,1264112026-08-15,12641,2026-08-15,SCHEDULED,120,2.0
2026-08-16T05:56:25Z,1602612026-08-15,16026,2026-08-15,SCHEDULED,-120,-2.0
2026-08-16T05:56:25Z,1264412026-08-15,12644,2026-08-15,SCHEDULED,180,3.0
2026-08-16T05:56:25Z,1805412026-08-15,18054,2026-08-15,SCHEDULED,60,1.0
2026-08-16T05:56:25Z,1268012026-08-15,12680,2026-08-15,SCHEDULED,0,0.0
2026-08-16T05:56:25Z,1810012026-08-15,18100,2026-08-15,SCHEDULED,180,3.0
2026-08-16T05:56:25Z,0411422026-08-16,04114,2026-08-16,SCHEDULED,240,4.0
2026-08-16T05:56:25Z,0411412026-08-16,04114,2026-08-16,SCHEDULED,240,4.0
2026-08-16T05:56:25Z,1800222026-08-15,18002,2026-08-15,SCHEDULED,-120,-2.0
2026-08-16T05:56:25Z,1812012026-08-15,18120,2026-08-15,SCHEDULED,600,10.0
2026-08-16T05:56:25Z,1812112026-08-15,18121,2026-08-15,SCHEDULED,60,1.0
2026-08-16T05:56:25Z,1812312026-08-15,18123,2026-08-15,SCHEDULED,120,2.0
2026-08-16T05:56:25Z,0062122026-08-16,00621,2026-08-16,SCHEDULED,0,0.0
2026-08-16T05:56:25Z,0062132026-08-16,00621,2026-08-16,SCHEDULED,0,0.0
2026-08-16T05:56:25Z,0062152026-08-16,00621,2026-08-16,SCHEDULED,0,0.0
2026-08-16T05:56:25Z,0062112026-08-16,00621,2026-08-16,SCHEDULED,0,0.0
2026-08-16T05:56:25Z,0062142026-08-16,00621,2026-08-16,SCHEDULED,0,0.0
2026-08-16T05:56:25Z,1832122026-08-15,18321,2026-08-15,SCHEDULED,240,4.0
2026-08-16T05:56:25Z,1870112026-08-15,18701,2026-08-15,SCHEDULED,-120,-2.0
2026-08-16T05:56:25Z,1833122026-08-15,18331,2026-08-15,SCHEDULED,120,2.0
2026-08-16T05:56:25Z,0063142026-08-16,00631,2026-08-16,SCHEDULED,180,3.0
2026-08-16T05:56:25Z,0063132026-08-16,00631,2026-08-16,SCHEDULED,180,3.0
2026-08-16T05:56:25Z,0063112026-08-16,00631,2026-08-16,SCHEDULED,180,3.0
2026-08-16T05:56:25Z,0063122026-08-16,00631,2026-08-16,SCHEDULED,180,3.0
2026-08-16T05:56:25Z,1781212026-08-15,17812,2026-08-15,SCHEDULED,0,0.0
2026-08-16T05:56:25Z,0206112026-08-15,02061,2026-08-15,SCHEDULED,1140,19.0
2026-08-16T05:56:25Z,1890012026-08-15,18900,2026-08-15,SCHEDULED,180,3.0
2026-08-16T05:56:25Z,0207512026-08-16,02075,2026-08-16,SCHEDULED,540,9.0
2026-08-16T05:56:25Z,1503022026-08-15,15030,2026-08-15,SCHEDULED,0,0.0
2026-08-16T05:56:25Z,0207212026-08-15,02072,2026-08-15,SCHEDULED,60,1.0
2026-08-16T05:56:25Z,1503112026-08-15,15031,2026-08-15,SCHEDULED,0,0.0
2026-08-16T05:56:25Z,0227012026-08-16,02270,2026-08-16,SCHEDULED,780,13.0
2026-08-16T05:56:25Z,0207322026-08-15,02073,2026-08-15,SCHEDULED,240,4.0
2026-08-16T05:56:25Z,1443522026-08-15,14435,2026-08-15,SCHEDULED,120,2.0
2026-08-16T05:56:25Z,1563222026-08-15,15632,2026-08-15,SCHEDULED,0,0.0
2026-08-16T05:56:25Z,0891512026-08-15,08915,2026-08-15,SCHEDULED,0,0.0
2026-08-16T05:56:25Z,0307322026-08-15,03073,2026-08-15,SCHEDULED,420,7.0
2026-08-16T05:56:25Z,0307312026-08-15,03073,2026-08-15,SCHEDULED,420,7.0
2026-08-16T05:56:25Z,0948012026-08-15,09480,2026-08-15,SCHEDULED,120,2.0
2026-08-16T05:56:25Z,0331112026-08-15,03311,2026-08-15,SCHEDULED,-60,-1.0
2026-08-16T05:56:25Z,7180012026-08-15,71800,2026-08-15,SCHEDULED,0,0.0
2026-08-16T05:56:25Z,7182012026-08-15,71820,2026-08-15,SCHEDULED,0,0.0
2026-08-16T05:56:25Z,0407222026-08-16,04072,2026-08-16,SCHEDULED,240,4.0
2026-08-16T05:56:25Z,0407212026-08-16,04072,2026-08-16,SCHEDULED,240,4.0
2026-08-16T05:56:25Z,7183012026-08-15,71830,2026-08-15,SCHEDULED,60,1.0
2026-08-16T05:56:25Z,0436412026-08-15,04364,2026-08-15,SCHEDULED,0,0.0
2026-08-16T05:56:25Z,0506422026-08-15,05064,2026-08-15,SCHEDULED,-60,-1.0
2026-08-16T05:56:25Z,0506412026-08-15,05064,2026-08-15,SCHEDULED,-60,-1.0
2026-08-16T05:56:25Z,0507512026-08-15,05075,2026-08-15,SCHEDULED,-60,-1.0
2026-08-16T05:56:25Z,0527322026-08-15,05273,2026-08-15,SCHEDULED,-60,-1.0
2026-08-16T05:56:25Z,0566812026-08-15,05668,2026-08-15,SCHEDULED,240,4.0
2026-08-16T05:56:25Z,0587112026-08-15,05871,2026-08-15,SCHEDULED,180,3.0
2026-08-16T05:56:25Z,3890712026-08-15,38907,2026-08-15,CANCELED,,
2026-08-16T05:56:25Z,1300322026-08-15,13003,2026-08-15,CANCELED,,
2026-08-16T05:56:25Z,1322112026-08-15,13221,2026-08-15,CANCELED,,
2026-08-16T05:56:25Z,1564212026-08-15,15642,2026-08-15,CANCELED,,
2026-08-16T05:56:25Z,1323212026-08-15,13232,2026-08-15,CANCELED,,
2026-08-16T05:56:25Z,1564812026-08-15,15648,2026-08-15,CANCELED,,
2026-08-16T05:56:25Z,1391012026-08-15,13910,2026-08-15,CANCELED,,
2026-08-16T05:56:25Z,1390712026-08-15,13907,2026-08-15,CANCELED,,
2026-08-16T05:56:25Z,7187422026-08-15,71874,2026-08-15,CANCELED,,
2026-08-16T05:56:25Z,0237512026-08-16,02375,2026-08-16,CANCELED,,
2026-08-16T05:56:25Z,1565512026-08-15,15655,2026-08-15,CANCELED,,
2026-08-16T05:56:25Z,0408612026-08-16,04086,2026-08-16,CANCELED,,
2026-08-16T05:56:25Z,1585412026-08-15,15854,2026-08-15,CANCELED,,
2026-08-16T05:56:25Z,3718612026-08-15,37186,2026-08-15,CANCELED,,
2026-08-16T05:56:25Z,1261412026-08-15,12614,2026-08-15,CANCELED,,
