timestamp_utc,trip_id,tren,fecha_tren,estado,retraso_seg,retraso_min
2026-08-01T00:01:48Z,3890512026-08-01,38905,2026-08-01,CANCELED,,
2026-08-01T00:01:48Z,1303222026-07-30,13032,2026-07-30,CANCELED,,
2026-08-01T00:01:48Z,1303112026-07-30,13031,2026-07-30,CANCELED,,
2026-08-01T00:01:48Z,1308932026-07-30,13089,2026-07-30,CANCELED,,
2026-08-01T00:01:48Z,1320812026-07-30,13208,2026-07-30,CANCELED,,
2026-08-01T00:01:48Z,1321922026-07-30,13219,2026-07-30,CANCELED,,
2026-08-01T00:01:48Z,1390212026-08-01,13902,2026-08-01,CANCELED,,
2026-08-01T00:01:48Z,3890212026-08-01,38902,2026-08-01,CANCELED,,
2026-08-01T00:01:48Z,1390412026-08-01,13904,2026-08-01,CANCELED,,
2026-08-01T00:01:48Z,1390412026-08-01,13904,2026-08-01,CANCELED,,
2026-08-01T00:01:48Z,3890412026-08-01,38904,2026-08-01,CANCELED,,
2026-08-01T00:01:48Z,1810522026-07-30,18105,2026-07-30,CANCELED,,
2026-08-01T00:01:48Z,3890412026-08-01,38904,2026-08-01,CANCELED,,
2026-08-01T00:01:48Z,3810512026-07-30,38105,2026-07-30,CANCELED,,
2026-08-01T00:01:48Z,1391012026-08-01,13910,2026-08-01,CANCELED,,
2026-08-01T00:01:48Z,1821712026-07-30,18217,2026-07-30,CANCELED,,
2026-08-01T00:01:48Z,1390512026-08-01,13905,2026-08-01,CANCELED,,
2026-08-01T00:01:48Z,1821812026-07-30,18218,2026-07-30,CANCELED,,
2026-08-01T00:01:48Z,1390512026-08-01,13905,2026-08-01,CANCELED,,
2026-08-01T00:01:48Z,1833012026-07-30,18330,2026-07-30,CANCELED,,
2026-08-01T00:01:48Z,3890512026-08-01,38905,2026-08-01,CANCELED,,
2026-08-01T00:01:48Z,1504212026-07-30,15042,2026-07-30,CANCELED,,
2026-08-01T00:01:48Z,1504312026-07-30,15043,2026-07-30,CANCELED,,
2026-08-01T00:01:48Z,0146012026-07-31,01460,2026-07-31,CANCELED,,
2026-08-01T00:01:48Z,0146022026-07-31,01460,2026-07-31,CANCELED,,
2026-08-01T00:01:48Z,0146032026-07-31,01460,2026-07-31,CANCELED,,
2026-08-01T00:01:48Z,1562122026-07-30,15621,2026-07-30,CANCELED,,
2026-08-01T00:01:48Z,3746012026-07-30,37460,2026-07-30,CANCELED,,
2026-08-01T00:01:48Z,1260812026-07-30,12608,2026-07-30,CANCELED,,
2026-08-01T00:01:48Z,1262312026-07-30,12623,2026-07-30,CANCELED,,
2026-08-01T00:01:48Z,0043812026-07-31,00438,2026-07-31,CANCELED,,
2026-08-01T00:01:48Z,0043822026-07-31,00438,2026-07-31,CANCELED,,
2026-08-01T00:01:48Z,0043832026-07-31,00438,2026-07-31,CANCELED,,
2026-08-01T00:01:48Z,3743812026-07-30,37438,2026-07-30,CANCELED,,
2026-08-01T00:01:48Z,1877712026-07-30,18777,2026-07-30,CANCELED,,
2026-08-01T00:01:48Z,0019222026-07-31,00192,2026-07-31,CANCELED,,
2026-08-01T00:01:48Z,0019212026-07-31,00192,2026-07-31,CANCELED,,
2026-08-01T00:01:48Z,1303512026-07-30,13035,2026-07-30,CANCELED,,
2026-08-01T00:01:48Z,3739212026-07-30,37392,2026-07-30,CANCELED,,
2026-08-01T00:01:48Z,1803512026-07-30,18035,2026-07-30,CANCELED,,
2026-08-01T00:01:48Z,3749222026-07-30,37492,2026-07-30,CANCELED,,
2026-08-01T00:01:48Z,3749212026-07-30,37492,2026-07-30,CANCELED,,
2026-08-01T00:01:48Z,1325822026-07-30,13258,2026-07-30,CANCELED,,
2026-08-01T00:01:48Z,1261112026-07-30,12611,2026-07-30,CANCELED,,
2026-08-01T00:01:48Z,1833122026-07-30,18331,2026-07-30,CANCELED,,
2026-08-01T00:01:48Z,1268912026-07-30,12689,2026-07-30,CANCELED,,
2026-08-01T00:01:48Z,7185512026-07-30,71855,2026-07-30,CANCELED,,
2026-08-01T00:01:48Z,1300212026-07-30,13002,2026-07-30,CANCELED,,
2026-08-01T00:01:48Z,1307912026-07-30,13079,2026-07-30,CANCELED,,
2026-08-01T00:06:16Z,3890512026-08-01,38905,2026-08-01,CANCELED,,
2026-08-01T00:06:16Z,1303222026-07-31,13032,2026-07-31,CANCELED,,
2026-08-01T00:06:16Z,1303112026-07-31,13031,2026-07-31,CANCELED,,
2026-08-01T00:06:16Z,1320812026-07-31,13208,2026-07-31,CANCELED,,
2026-08-01T00:06:16Z,1308932026-07-31,13089,2026-07-31,CANCELED,,
2026-08-01T00:06:16Z,1321922026-07-31,13219,2026-07-31,CANCELED,,
2026-08-01T00:06:16Z,1390212026-08-01,13902,2026-08-01,CANCELED,,
2026-08-01T00:06:16Z,3890212026-08-01,38902,2026-08-01,CANCELED,,
2026-08-01T00:06:16Z,1390412026-08-01,13904,2026-08-01,CANCELED,,
2026-08-01T00:06:16Z,1390412026-08-01,13904,2026-08-01,CANCELED,,
2026-08-01T00:06:16Z,3890412026-08-01,38904,2026-08-01,CANCELED,,
2026-08-01T00:06:16Z,1810522026-07-31,18105,2026-07-31,CANCELED,,
2026-08-01T00:06:16Z,3890412026-08-01,38904,2026-08-01,CANCELED,,
2026-08-01T00:06:16Z,3810512026-07-31,38105,2026-07-31,CANCELED,,
2026-08-01T00:06:16Z,1391012026-08-01,13910,2026-08-01,CANCELED,,
2026-08-01T00:06:16Z,1821712026-07-31,18217,2026-07-31,CANCELED,,
2026-08-01T00:06:16Z,1390512026-08-01,13905,2026-08-01,CANCELED,,
2026-08-01T00:06:16Z,1821812026-07-31,18218,2026-07-31,CANCELED,,
2026-08-01T00:06:16Z,1390512026-08-01,13905,2026-08-01,CANCELED,,
2026-08-01T00:06:16Z,1833012026-07-31,18330,2026-07-31,CANCELED,,
2026-08-01T00:06:16Z,3890512026-08-01,38905,2026-08-01,CANCELED,,
2026-08-01T00:06:16Z,1504212026-07-31,15042,2026-07-31,CANCELED,,
2026-08-01T00:06:16Z,1504312026-07-31,15043,2026-07-31,CANCELED,,
2026-08-01T00:06:16Z,0146012026-08-01,01460,2026-08-01,CANCELED,,
2026-08-01T00:06:16Z,0146022026-08-01,01460,2026-08-01,CANCELED,,
2026-08-01T00:06:16Z,0146032026-08-01,01460,2026-08-01,CANCELED,,
2026-08-01T00:06:16Z,1562122026-07-31,15621,2026-07-31,CANCELED,,
2026-08-01T00:06:16Z,3746012026-07-31,37460,2026-07-31,CANCELED,,
2026-08-01T00:06:16Z,1260812026-07-31,12608,2026-07-31,CANCELED,,
2026-08-01T00:06:16Z,1262312026-07-31,12623,2026-07-31,CANCELED,,
2026-08-01T00:06:16Z,0043812026-08-01,00438,2026-08-01,CANCELED,,
2026-08-01T00:06:16Z,0043822026-08-01,00438,2026-08-01,CANCELED,,
2026-08-01T00:06:16Z,0043832026-08-01,00438,2026-08-01,CANCELED,,
2026-08-01T00:06:16Z,3743812026-07-31,37438,2026-07-31,CANCELED,,
2026-08-01T00:06:16Z,1877712026-07-31,18777,2026-07-31,CANCELED,,
2026-08-01T00:06:16Z,0019222026-08-01,00192,2026-08-01,CANCELED,,
2026-08-01T00:06:16Z,0019212026-08-01,00192,2026-08-01,CANCELED,,
2026-08-01T00:06:16Z,1303512026-07-31,13035,2026-07-31,CANCELED,,
2026-08-01T00:06:16Z,3739212026-07-31,37392,2026-07-31,CANCELED,,
2026-08-01T00:06:16Z,1803512026-07-31,18035,2026-07-31,CANCELED,,
2026-08-01T00:06:16Z,3749222026-07-31,37492,2026-07-31,CANCELED,,
2026-08-01T00:06:16Z,3749212026-07-31,37492,2026-07-31,CANCELED,,
2026-08-01T00:06:16Z,1325822026-07-31,13258,2026-07-31,CANCELED,,
2026-08-01T00:06:16Z,1261112026-07-31,12611,2026-07-31,CANCELED,,
2026-08-01T00:06:16Z,1833122026-07-31,18331,2026-07-31,CANCELED,,
2026-08-01T00:06:16Z,1268912026-07-31,12689,2026-07-31,CANCELED,,
2026-08-01T00:06:16Z,7185512026-07-31,71855,2026-07-31,CANCELED,,
2026-08-01T00:06:16Z,1300212026-07-31,13002,2026-07-31,CANCELED,,
2026-08-01T00:06:16Z,1307912026-07-31,13079,2026-07-31,CANCELED,,
2026-08-01T00:11:22Z,3890512026-08-01,38905,2026-08-01,CANCELED,,
2026-08-01T00:11:22Z,1303222026-07-31,13032,2026-07-31,CANCELED,,
2026-08-01T00:11:22Z,1303112026-07-31,13031,2026-07-31,CANCELED,,
2026-08-01T00:11:22Z,1308932026-07-31,13089,2026-07-31,CANCELED,,
2026-08-01T00:11:22Z,1320812026-07-31,13208,2026-07-31,CANCELED,,
2026-08-01T00:11:22Z,1321922026-07-31,13219,2026-07-31,CANCELED,,
2026-08-01T00:11:22Z,1390212026-08-01,13902,2026-08-01,CANCELED,,
2026-08-01T00:11:22Z,3890212026-08-01,38902,2026-08-01,CANCELED,,
2026-08-01T00:11:22Z,1390412026-08-01,13904,2026-08-01,CANCELED,,
2026-08-01T00:11:22Z,1390412026-08-01,13904,2026-08-01,CANCELED,,
2026-08-01T00:11:22Z,1810522026-07-31,18105,2026-07-31,CANCELED,,
2026-08-01T00:11:22Z,3890412026-08-01,38904,2026-08-01,CANCELED,,
2026-08-01T00:11:22Z,3810512026-07-31,38105,2026-07-31,CANCELED,,
2026-08-01T00:11:22Z,3890412026-08-01,38904,2026-08-01,CANCELED,,
2026-08-01T00:11:22Z,1821712026-07-31,18217,2026-07-31,CANCELED,,
2026-08-01T00:11:22Z,1391012026-08-01,13910,2026-08-01,CANCELED,,
2026-08-01T00:11:22Z,1821812026-07-31,18218,2026-07-31,CANCELED,,
2026-08-01T00:11:22Z,1390512026-08-01,13905,2026-08-01,CANCELED,,
2026-08-01T00:11:22Z,1390512026-08-01,13905,2026-08-01,CANCELED,,
2026-08-01T00:11:22Z,1833012026-07-31,18330,2026-07-31,CANCELED,,
2026-08-01T00:11:22Z,3890512026-08-01,38905,2026-08-01,CANCELED,,
2026-08-01T00:11:22Z,1504212026-07-31,15042,2026-07-31,CANCELED,,
2026-08-01T00:11:22Z,1504312026-07-31,15043,2026-07-31,CANCELED,,
2026-08-01T00:11:22Z,1562122026-07-31,15621,2026-07-31,CANCELED,,
2026-08-01T00:11:22Z,0146012026-08-01,01460,2026-08-01,CANCELED,,
2026-08-01T00:11:22Z,0146022026-08-01,01460,2026-08-01,CANCELED,,
2026-08-01T00:11:22Z,0146032026-08-01,01460,2026-08-01,CANCELED,,
2026-08-01T00:11:22Z,3746012026-07-31,37460,2026-07-31,CANCELED,,
2026-08-01T00:11:22Z,1260812026-07-31,12608,2026-07-31,CANCELED,,
2026-08-01T00:11:22Z,1262312026-07-31,12623,2026-07-31,CANCELED,,
2026-08-01T00:11:22Z,0043812026-08-01,00438,2026-08-01,CANCELED,,
2026-08-01T00:11:22Z,0043822026-08-01,00438,2026-08-01,CANCELED,,
2026-08-01T00:11:22Z,0043832026-08-01,00438,2026-08-01,CANCELED,,
2026-08-01T00:11:22Z,3743812026-07-31,37438,2026-07-31,CANCELED,,
2026-08-01T00:11:22Z,1877712026-07-31,18777,2026-07-31,CANCELED,,
2026-08-01T00:11:22Z,0019222026-08-01,00192,2026-08-01,CANCELED,,
2026-08-01T00:11:22Z,0019212026-08-01,00192,2026-08-01,CANCELED,,
2026-08-01T00:11:22Z,1303512026-07-31,13035,2026-07-31,CANCELED,,
2026-08-01T00:11:22Z,1803512026-07-31,18035,2026-07-31,CANCELED,,
2026-08-01T00:11:22Z,3739212026-07-31,37392,2026-07-31,CANCELED,,
2026-08-01T00:11:22Z,1325822026-07-31,13258,2026-07-31,CANCELED,,
2026-08-01T00:11:22Z,3749222026-07-31,37492,2026-07-31,CANCELED,,
2026-08-01T00:11:22Z,3749212026-07-31,37492,2026-07-31,CANCELED,,
2026-08-01T00:11:22Z,1833122026-07-31,18331,2026-07-31,CANCELED,,
2026-08-01T00:11:22Z,1261112026-07-31,12611,2026-07-31,CANCELED,,
2026-08-01T00:11:22Z,7185512026-07-31,71855,2026-07-31,CANCELED,,
2026-08-01T00:11:22Z,1268912026-07-31,12689,2026-07-31,CANCELED,,
2026-08-01T00:11:22Z,1300212026-07-31,13002,2026-07-31,CANCELED,,
2026-08-01T00:11:22Z,1307912026-07-31,13079,2026-07-31,CANCELED,,
2026-08-01T00:16:26Z,3890512026-08-01,38905,2026-08-01,CANCELED,,
2026-08-01T00:16:26Z,1303222026-07-31,13032,2026-07-31,CANCELED,,
2026-08-01T00:16:26Z,1303112026-07-31,13031,2026-07-31,CANCELED,,
2026-08-01T00:16:26Z,1308932026-07-31,13089,2026-07-31,CANCELED,,
2026-08-01T00:16:26Z,1320812026-07-31,13208,2026-07-31,CANCELED,,
2026-08-01T00:16:26Z,1321922026-07-31,13219,2026-07-31,CANCELED,,
2026-08-01T00:16:26Z,1390212026-08-01,13902,2026-08-01,CANCELED,,
2026-08-01T00:16:26Z,3890212026-08-01,38902,2026-08-01,CANCELED,,
2026-08-01T00:16:26Z,1390412026-08-01,13904,2026-08-01,CANCELED,,
2026-08-01T00:16:26Z,1390412026-08-01,13904,2026-08-01,CANCELED,,
2026-08-01T00:16:26Z,1810522026-07-31,18105,2026-07-31,CANCELED,,
2026-08-01T00:16:26Z,3890412026-08-01,38904,2026-08-01,CANCELED,,
2026-08-01T00:16:26Z,3810512026-07-31,38105,2026-07-31,CANCELED,,
2026-08-01T00:16:26Z,1821712026-07-31,18217,2026-07-31,CANCELED,,
2026-08-01T00:16:26Z,3890412026-08-01,38904,2026-08-01,CANCELED,,
2026-08-01T00:16:26Z,1821812026-07-31,18218,2026-07-31,CANCELED,,
2026-08-01T00:16:26Z,1391012026-08-01,13910,2026-08-01,CANCELED,,
2026-08-01T00:16:26Z,1833012026-07-31,18330,2026-07-31,CANCELED,,
2026-08-01T00:16:26Z,1390512026-08-01,13905,2026-08-01,CANCELED,,
2026-08-01T00:16:26Z,1504212026-07-31,15042,2026-07-31,CANCELED,,
2026-08-01T00:16:26Z,1390512026-08-01,13905,2026-08-01,CANCELED,,
2026-08-01T00:16:26Z,1504312026-07-31,15043,2026-07-31,CANCELED,,
2026-08-01T00:16:26Z,3890512026-08-01,38905,2026-08-01,CANCELED,,
2026-08-01T00:16:26Z,1562122026-07-31,15621,2026-07-31,CANCELED,,
2026-08-01T00:16:26Z,1260812026-07-31,12608,2026-07-31,CANCELED,,
2026-08-01T00:16:26Z,0146012026-08-01,01460,2026-08-01,CANCELED,,
2026-08-01T00:16:26Z,0146022026-08-01,01460,2026-08-01,CANCELED,,
2026-08-01T00:16:26Z,0146032026-08-01,01460,2026-08-01,CANCELED,,
2026-08-01T00:16:26Z,3746012026-07-31,37460,2026-07-31,CANCELED,,
2026-08-01T00:16:26Z,1262312026-07-31,12623,2026-07-31,CANCELED,,
2026-08-01T00:16:26Z,0043812026-08-01,00438,2026-08-01,CANCELED,,
2026-08-01T00:16:26Z,0043822026-08-01,00438,2026-08-01,CANCELED,,
2026-08-01T00:16:26Z,0043832026-08-01,00438,2026-08-01,CANCELED,,
2026-08-01T00:16:26Z,1877712026-07-31,18777,2026-07-31,CANCELED,,
2026-08-01T00:16:26Z,3743812026-07-31,37438,2026-07-31,CANCELED,,
2026-08-01T00:16:26Z,0019222026-08-01,00192,2026-08-01,CANCELED,,
2026-08-01T00:16:26Z,0019212026-08-01,00192,2026-08-01,CANCELED,,
2026-08-01T00:16:26Z,1303512026-07-31,13035,2026-07-31,CANCELED,,
2026-08-01T00:16:26Z,1803512026-07-31,18035,2026-07-31,CANCELED,,
2026-08-01T00:16:26Z,3739212026-07-31,37392,2026-07-31,CANCELED,,
2026-08-01T00:16:26Z,1325822026-07-31,13258,2026-07-31,CANCELED,,
2026-08-01T00:16:26Z,3749222026-07-31,37492,2026-07-31,CANCELED,,
2026-08-01T00:16:26Z,3749212026-07-31,37492,2026-07-31,CANCELED,,
2026-08-01T00:16:26Z,1833122026-07-31,18331,2026-07-31,CANCELED,,
2026-08-01T00:16:26Z,7185512026-07-31,71855,2026-07-31,CANCELED,,
2026-08-01T00:16:26Z,1261112026-07-31,12611,2026-07-31,CANCELED,,
2026-08-01T00:16:26Z,1268912026-07-31,12689,2026-07-31,CANCELED,,
2026-08-01T00:16:26Z,1300212026-07-31,13002,2026-07-31,CANCELED,,
2026-08-01T00:16:26Z,1307912026-07-31,13079,2026-07-31,CANCELED,,
2026-08-01T00:21:23Z,3890512026-08-01,38905,2026-08-01,CANCELED,,
2026-08-01T00:21:23Z,1303222026-07-31,13032,2026-07-31,CANCELED,,
2026-08-01T00:21:23Z,1303112026-07-31,13031,2026-07-31,CANCELED,,
2026-08-01T00:21:23Z,1308932026-07-31,13089,2026-07-31,CANCELED,,
2026-08-01T00:21:23Z,1320812026-07-31,13208,2026-07-31,CANCELED,,
2026-08-01T00:21:23Z,1321922026-07-31,13219,2026-07-31,CANCELED,,
2026-08-01T00:21:23Z,1390212026-08-01,13902,2026-08-01,CANCELED,,
2026-08-01T00:21:23Z,3890212026-08-01,38902,2026-08-01,CANCELED,,
2026-08-01T00:21:23Z,1390412026-08-01,13904,2026-08-01,CANCELED,,
2026-08-01T00:21:23Z,1390412026-08-01,13904,2026-08-01,CANCELED,,
2026-08-01T00:21:23Z,1810522026-07-31,18105,2026-07-31,CANCELED,,
2026-08-01T00:21:23Z,3890412026-08-01,38904,2026-08-01,CANCELED,,
2026-08-01T00:21:23Z,3810512026-07-31,38105,2026-07-31,CANCELED,,
2026-08-01T00:21:23Z,3890412026-08-01,38904,2026-08-01,CANCELED,,
2026-08-01T00:21:23Z,1821712026-07-31,18217,2026-07-31,CANCELED,,
2026-08-01T00:21:23Z,1391012026-08-01,13910,2026-08-01,CANCELED,,
2026-08-01T00:21:23Z,1821812026-07-31,18218,2026-07-31,CANCELED,,
2026-08-01T00:21:23Z,1390512026-08-01,13905,2026-08-01,CANCELED,,
2026-08-01T00:21:23Z,1390512026-08-01,13905,2026-08-01,CANCELED,,
2026-08-01T00:21:23Z,1833012026-07-31,18330,2026-07-31,CANCELED,,
2026-08-01T00:21:23Z,3890512026-08-01,38905,2026-08-01,CANCELED,,
2026-08-01T00:21:23Z,1504212026-07-31,15042,2026-07-31,CANCELED,,
2026-08-01T00:21:23Z,1504312026-07-31,15043,2026-07-31,CANCELED,,
2026-08-01T00:21:23Z,1562122026-07-31,15621,2026-07-31,CANCELED,,
2026-08-01T00:21:23Z,0146012026-08-01,01460,2026-08-01,CANCELED,,
2026-08-01T00:21:23Z,0146022026-08-01,01460,2026-08-01,CANCELED,,
2026-08-01T00:21:23Z,0146032026-08-01,01460,2026-08-01,CANCELED,,
2026-08-01T00:21:23Z,3746012026-07-31,37460,2026-07-31,CANCELED,,
2026-08-01T00:21:23Z,1260812026-07-31,12608,2026-07-31,CANCELED,,
2026-08-01T00:21:23Z,1262312026-07-31,12623,2026-07-31,CANCELED,,
2026-08-01T00:21:23Z,0043812026-08-01,00438,2026-08-01,CANCELED,,
2026-08-01T00:21:23Z,0043822026-08-01,00438,2026-08-01,CANCELED,,
2026-08-01T00:21:23Z,0043832026-08-01,00438,2026-08-01,CANCELED,,
2026-08-01T00:21:23Z,3743812026-07-31,37438,2026-07-31,CANCELED,,
2026-08-01T00:21:23Z,1877712026-07-31,18777,2026-07-31,CANCELED,,
2026-08-01T00:21:23Z,0019222026-08-01,00192,2026-08-01,CANCELED,,
2026-08-01T00:21:23Z,0019212026-08-01,00192,2026-08-01,CANCELED,,
2026-08-01T00:21:23Z,1303512026-07-31,13035,2026-07-31,CANCELED,,
2026-08-01T00:21:23Z,1803512026-07-31,18035,2026-07-31,CANCELED,,
2026-08-01T00:21:23Z,3739212026-07-31,37392,2026-07-31,CANCELED,,
2026-08-01T00:21:23Z,1325822026-07-31,13258,2026-07-31,CANCELED,,
2026-08-01T00:21:23Z,3749222026-07-31,37492,2026-07-31,CANCELED,,
2026-08-01T00:21:23Z,3749212026-07-31,37492,2026-07-31,CANCELED,,
2026-08-01T00:21:23Z,1833122026-07-31,18331,2026-07-31,CANCELED,,
2026-08-01T00:21:23Z,1261112026-07-31,12611,2026-07-31,CANCELED,,
2026-08-01T00:21:23Z,7185512026-07-31,71855,2026-07-31,CANCELED,,
2026-08-01T00:21:23Z,1268912026-07-31,12689,2026-07-31,CANCELED,,
2026-08-01T00:21:23Z,1300212026-07-31,13002,2026-07-31,CANCELED,,
2026-08-01T00:21:23Z,1307912026-07-31,13079,2026-07-31,CANCELED,,
2026-08-01T00:26:22Z,3890512026-08-01,38905,2026-08-01,CANCELED,,
2026-08-01T00:26:22Z,1303222026-07-31,13032,2026-07-31,CANCELED,,
2026-08-01T00:26:22Z,1303112026-07-31,13031,2026-07-31,CANCELED,,
2026-08-01T00:26:22Z,1308932026-07-31,13089,2026-07-31,CANCELED,,
2026-08-01T00:26:22Z,1320812026-07-31,13208,2026-07-31,CANCELED,,
2026-08-01T00:26:22Z,1321922026-07-31,13219,2026-07-31,CANCELED,,
2026-08-01T00:26:22Z,1390212026-08-01,13902,2026-08-01,CANCELED,,
2026-08-01T00:26:22Z,3890212026-08-01,38902,2026-08-01,CANCELED,,
2026-08-01T00:26:22Z,1390412026-08-01,13904,2026-08-01,CANCELED,,
2026-08-01T00:26:22Z,1390412026-08-01,13904,2026-08-01,CANCELED,,
2026-08-01T00:26:22Z,1810522026-07-31,18105,2026-07-31,CANCELED,,
2026-08-01T00:26:22Z,3890412026-08-01,38904,2026-08-01,CANCELED,,
2026-08-01T00:26:22Z,3810512026-07-31,38105,2026-07-31,CANCELED,,
2026-08-01T00:26:22Z,3890412026-08-01,38904,2026-08-01,CANCELED,,
2026-08-01T00:26:22Z,1821712026-07-31,18217,2026-07-31,CANCELED,,
2026-08-01T00:26:22Z,1391012026-08-01,13910,2026-08-01,CANCELED,,
2026-08-01T00:26:22Z,1821812026-07-31,18218,2026-07-31,CANCELED,,
2026-08-01T00:26:22Z,1390512026-08-01,13905,2026-08-01,CANCELED,,
2026-08-01T00:26:22Z,1390512026-08-01,13905,2026-08-01,CANCELED,,
2026-08-01T00:26:22Z,1833012026-07-31,18330,2026-07-31,CANCELED,,
2026-08-01T00:26:22Z,3890512026-08-01,38905,2026-08-01,CANCELED,,
2026-08-01T00:26:22Z,1504212026-07-31,15042,2026-07-31,CANCELED,,
2026-08-01T00:26:22Z,1504312026-07-31,15043,2026-07-31,CANCELED,,
2026-08-01T00:26:22Z,1562122026-07-31,15621,2026-07-31,CANCELED,,
2026-08-01T00:26:22Z,0146012026-08-01,01460,2026-08-01,CANCELED,,
2026-08-01T00:26:22Z,0146022026-08-01,01460,2026-08-01,CANCELED,,
2026-08-01T00:26:22Z,0146032026-08-01,01460,2026-08-01,CANCELED,,
2026-08-01T00:26:22Z,3746012026-07-31,37460,2026-07-31,CANCELED,,
2026-08-01T00:26:22Z,1260812026-07-31,12608,2026-07-31,CANCELED,,
2026-08-01T00:26:22Z,1262312026-07-31,12623,2026-07-31,CANCELED,,
2026-08-01T00:26:22Z,0043812026-08-01,00438,2026-08-01,CANCELED,,
2026-08-01T00:26:22Z,0043822026-08-01,00438,2026-08-01,CANCELED,,
2026-08-01T00:26:22Z,0043832026-08-01,00438,2026-08-01,CANCELED,,
2026-08-01T00:26:22Z,3743812026-07-31,37438,2026-07-31,CANCELED,,
2026-08-01T00:26:22Z,1877712026-07-31,18777,2026-07-31,CANCELED,,
2026-08-01T00:26:22Z,0019222026-08-01,00192,2026-08-01,CANCELED,,
2026-08-01T00:26:22Z,0019212026-08-01,00192,2026-08-01,CANCELED,,
2026-08-01T00:26:22Z,1303512026-07-31,13035,2026-07-31,CANCELED,,
2026-08-01T00:26:22Z,1803512026-07-31,18035,2026-07-31,CANCELED,,
2026-08-01T00:26:22Z,3739212026-07-31,37392,2026-07-31,CANCELED,,
2026-08-01T00:26:22Z,1325822026-07-31,13258,2026-07-31,CANCELED,,
2026-08-01T00:26:22Z,3749222026-07-31,37492,2026-07-31,CANCELED,,
2026-08-01T00:26:22Z,3749212026-07-31,37492,2026-07-31,CANCELED,,
2026-08-01T00:26:22Z,1833122026-07-31,18331,2026-07-31,CANCELED,,
2026-08-01T00:26:22Z,1261112026-07-31,12611,2026-07-31,CANCELED,,
2026-08-01T00:26:22Z,7185512026-07-31,71855,2026-07-31,CANCELED,,
2026-08-01T00:26:22Z,1268912026-07-31,12689,2026-07-31,CANCELED,,
2026-08-01T00:26:22Z,1300212026-07-31,13002,2026-07-31,CANCELED,,
2026-08-01T00:26:22Z,1307912026-07-31,13079,2026-07-31,CANCELED,,
2026-08-01T00:31:35Z,3890512026-08-01,38905,2026-08-01,CANCELED,,
2026-08-01T00:31:35Z,1303222026-07-31,13032,2026-07-31,CANCELED,,
2026-08-01T00:31:35Z,1303112026-07-31,13031,2026-07-31,CANCELED,,
2026-08-01T00:31:35Z,1308932026-07-31,13089,2026-07-31,CANCELED,,
2026-08-01T00:31:35Z,1320812026-07-31,13208,2026-07-31,CANCELED,,
2026-08-01T00:31:35Z,1321922026-07-31,13219,2026-07-31,CANCELED,,
2026-08-01T00:31:35Z,1390212026-08-01,13902,2026-08-01,CANCELED,,
2026-08-01T00:31:35Z,3890212026-08-01,38902,2026-08-01,CANCELED,,
2026-08-01T00:31:35Z,1390412026-08-01,13904,2026-08-01,CANCELED,,
2026-08-01T00:31:35Z,1390412026-08-01,13904,2026-08-01,CANCELED,,
2026-08-01T00:31:35Z,1810522026-07-31,18105,2026-07-31,CANCELED,,
2026-08-01T00:31:35Z,3890412026-08-01,38904,2026-08-01,CANCELED,,
2026-08-01T00:31:35Z,3810512026-07-31,38105,2026-07-31,CANCELED,,
2026-08-01T00:31:35Z,3890412026-08-01,38904,2026-08-01,CANCELED,,
2026-08-01T00:31:35Z,1821712026-07-31,18217,2026-07-31,CANCELED,,
2026-08-01T00:31:35Z,1391012026-08-01,13910,2026-08-01,CANCELED,,
2026-08-01T00:31:35Z,1821812026-07-31,18218,2026-07-31,CANCELED,,
2026-08-01T00:31:35Z,1390512026-08-01,13905,2026-08-01,CANCELED,,
2026-08-01T00:31:35Z,1390512026-08-01,13905,2026-08-01,CANCELED,,
2026-08-01T00:31:35Z,1833012026-07-31,18330,2026-07-31,CANCELED,,
2026-08-01T00:31:35Z,1504212026-07-31,15042,2026-07-31,CANCELED,,
2026-08-01T00:31:35Z,3890512026-08-01,38905,2026-08-01,CANCELED,,
2026-08-01T00:31:35Z,1504312026-07-31,15043,2026-07-31,CANCELED,,
2026-08-01T00:31:35Z,1562122026-07-31,15621,2026-07-31,CANCELED,,
2026-08-01T00:31:35Z,0146012026-08-01,01460,2026-08-01,CANCELED,,
2026-08-01T00:31:35Z,0146022026-08-01,01460,2026-08-01,CANCELED,,
2026-08-01T00:31:35Z,0146032026-08-01,01460,2026-08-01,CANCELED,,
2026-08-01T00:31:35Z,1260812026-07-31,12608,2026-07-31,CANCELED,,
2026-08-01T00:31:35Z,3746012026-07-31,37460,2026-07-31,CANCELED,,
2026-08-01T00:31:35Z,1262312026-07-31,12623,2026-07-31,CANCELED,,
2026-08-01T00:31:35Z,0043812026-08-01,00438,2026-08-01,CANCELED,,
2026-08-01T00:31:35Z,0043822026-08-01,00438,2026-08-01,CANCELED,,
2026-08-01T00:31:35Z,0043832026-08-01,00438,2026-08-01,CANCELED,,
2026-08-01T00:31:35Z,3743812026-07-31,37438,2026-07-31,CANCELED,,
2026-08-01T00:31:35Z,1877712026-07-31,18777,2026-07-31,CANCELED,,
2026-08-01T00:31:35Z,0019222026-08-01,00192,2026-08-01,CANCELED,,
2026-08-01T00:31:35Z,0019212026-08-01,00192,2026-08-01,CANCELED,,
2026-08-01T00:31:35Z,1303512026-07-31,13035,2026-07-31,CANCELED,,
2026-08-01T00:31:35Z,1803512026-07-31,18035,2026-07-31,CANCELED,,
2026-08-01T00:31:35Z,3739212026-07-31,37392,2026-07-31,CANCELED,,
2026-08-01T00:31:35Z,1325822026-07-31,13258,2026-07-31,CANCELED,,
2026-08-01T00:31:35Z,1833122026-07-31,18331,2026-07-31,CANCELED,,
2026-08-01T00:31:35Z,3749222026-07-31,37492,2026-07-31,CANCELED,,
2026-08-01T00:31:35Z,3749212026-07-31,37492,2026-07-31,CANCELED,,
2026-08-01T00:31:35Z,7185512026-07-31,71855,2026-07-31,CANCELED,,
2026-08-01T00:31:35Z,1261112026-07-31,12611,2026-07-31,CANCELED,,
2026-08-01T00:31:35Z,1268912026-07-31,12689,2026-07-31,CANCELED,,
2026-08-01T00:31:35Z,1300212026-07-31,13002,2026-07-31,CANCELED,,
2026-08-01T00:31:35Z,1307912026-07-31,13079,2026-07-31,CANCELED,,
2026-08-01T00:36:18Z,3890512026-08-01,38905,2026-08-01,CANCELED,,
2026-08-01T00:36:18Z,1303222026-07-31,13032,2026-07-31,CANCELED,,
2026-08-01T00:36:18Z,1303112026-07-31,13031,2026-07-31,CANCELED,,
2026-08-01T00:36:18Z,1308932026-07-31,13089,2026-07-31,CANCELED,,
2026-08-01T00:36:18Z,1320812026-07-31,13208,2026-07-31,CANCELED,,
2026-08-01T00:36:18Z,1321922026-07-31,13219,2026-07-31,CANCELED,,
2026-08-01T00:36:18Z,1390212026-08-01,13902,2026-08-01,CANCELED,,
2026-08-01T00:36:18Z,3890212026-08-01,38902,2026-08-01,CANCELED,,
2026-08-01T00:36:18Z,1390412026-08-01,13904,2026-08-01,CANCELED,,
2026-08-01T00:36:18Z,1390412026-08-01,13904,2026-08-01,CANCELED,,
2026-08-01T00:36:18Z,1810522026-07-31,18105,2026-07-31,CANCELED,,
2026-08-01T00:36:18Z,3890412026-08-01,38904,2026-08-01,CANCELED,,
2026-08-01T00:36:18Z,3810512026-07-31,38105,2026-07-31,CANCELED,,
2026-08-01T00:36:18Z,3890412026-08-01,38904,2026-08-01,CANCELED,,
2026-08-01T00:36:18Z,1821712026-07-31,18217,2026-07-31,CANCELED,,
2026-08-01T00:36:18Z,1391012026-08-01,13910,2026-08-01,CANCELED,,
2026-08-01T00:36:18Z,1821812026-07-31,18218,2026-07-31,CANCELED,,
2026-08-01T00:36:18Z,1390512026-08-01,13905,2026-08-01,CANCELED,,
2026-08-01T00:36:18Z,1390512026-08-01,13905,2026-08-01,CANCELED,,
2026-08-01T00:36:18Z,1833012026-07-31,18330,2026-07-31,CANCELED,,
2026-08-01T00:36:18Z,3890512026-08-01,38905,2026-08-01,CANCELED,,
2026-08-01T00:36:18Z,1504212026-07-31,15042,2026-07-31,CANCELED,,
2026-08-01T00:36:18Z,1504312026-07-31,15043,2026-07-31,CANCELED,,
2026-08-01T00:36:18Z,1562122026-07-31,15621,2026-07-31,CANCELED,,
2026-08-01T00:36:18Z,0146012026-08-01,01460,2026-08-01,CANCELED,,
2026-08-01T00:36:18Z,0146022026-08-01,01460,2026-08-01,CANCELED,,
2026-08-01T00:36:18Z,0146032026-08-01,01460,2026-08-01,CANCELED,,
2026-08-01T00:36:18Z,3746012026-07-31,37460,2026-07-31,CANCELED,,
2026-08-01T00:36:18Z,1260812026-07-31,12608,2026-07-31,CANCELED,,
2026-08-01T00:36:18Z,1262312026-07-31,12623,2026-07-31,CANCELED,,
2026-08-01T00:36:18Z,0043812026-08-01,00438,2026-08-01,CANCELED,,
2026-08-01T00:36:18Z,0043822026-08-01,00438,2026-08-01,CANCELED,,
2026-08-01T00:36:18Z,0043832026-08-01,00438,2026-08-01,CANCELED,,
2026-08-01T00:36:18Z,3743812026-07-31,37438,2026-07-31,CANCELED,,
2026-08-01T00:36:18Z,1877712026-07-31,18777,2026-07-31,CANCELED,,
2026-08-01T00:36:18Z,0019222026-08-01,00192,2026-08-01,CANCELED,,
2026-08-01T00:36:18Z,0019212026-08-01,00192,2026-08-01,CANCELED,,
2026-08-01T00:36:18Z,1303512026-07-31,13035,2026-07-31,CANCELED,,
2026-08-01T00:36:18Z,1803512026-07-31,18035,2026-07-31,CANCELED,,
2026-08-01T00:36:18Z,3739212026-07-31,37392,2026-07-31,CANCELED,,
2026-08-01T00:36:18Z,1325822026-07-31,13258,2026-07-31,CANCELED,,
2026-08-01T00:36:18Z,3749222026-07-31,37492,2026-07-31,CANCELED,,
2026-08-01T00:36:18Z,3749212026-07-31,37492,2026-07-31,CANCELED,,
2026-08-01T00:36:18Z,1833122026-07-31,18331,2026-07-31,CANCELED,,
2026-08-01T00:36:18Z,1261112026-07-31,12611,2026-07-31,CANCELED,,
2026-08-01T00:36:18Z,7185512026-07-31,71855,2026-07-31,CANCELED,,
2026-08-01T00:36:18Z,1268912026-07-31,12689,2026-07-31,CANCELED,,
2026-08-01T00:36:18Z,1300212026-07-31,13002,2026-07-31,CANCELED,,
2026-08-01T00:36:18Z,1307912026-07-31,13079,2026-07-31,CANCELED,,
2026-08-01T00:41:24Z,3890512026-08-01,38905,2026-08-01,CANCELED,,
2026-08-01T00:41:24Z,1303222026-07-31,13032,2026-07-31,CANCELED,,
2026-08-01T00:41:24Z,1303112026-07-31,13031,2026-07-31,CANCELED,,
2026-08-01T00:41:24Z,1308932026-07-31,13089,2026-07-31,CANCELED,,
2026-08-01T00:41:24Z,1320812026-07-31,13208,2026-07-31,CANCELED,,
2026-08-01T00:41:24Z,1321922026-07-31,13219,2026-07-31,CANCELED,,
2026-08-01T00:41:24Z,1390212026-08-01,13902,2026-08-01,CANCELED,,
2026-08-01T00:41:24Z,3890212026-08-01,38902,2026-08-01,CANCELED,,
2026-08-01T00:41:24Z,1390412026-08-01,13904,2026-08-01,CANCELED,,
2026-08-01T00:41:24Z,1390412026-08-01,13904,2026-08-01,CANCELED,,
2026-08-01T00:41:24Z,3890412026-08-01,38904,2026-08-01,CANCELED,,
2026-08-01T00:41:24Z,1810522026-07-31,18105,2026-07-31,CANCELED,,
2026-08-01T00:41:24Z,3890412026-08-01,38904,2026-08-01,CANCELED,,
2026-08-01T00:41:24Z,3810512026-07-31,38105,2026-07-31,CANCELED,,
2026-08-01T00:41:24Z,1391012026-08-01,13910,2026-08-01,CANCELED,,
2026-08-01T00:41:24Z,1821712026-07-31,18217,2026-07-31,CANCELED,,
2026-08-01T00:41:24Z,1390512026-08-01,13905,2026-08-01,CANCELED,,
2026-08-01T00:41:24Z,1821812026-07-31,18218,2026-07-31,CANCELED,,
2026-08-01T00:41:24Z,1390512026-08-01,13905,2026-08-01,CANCELED,,
2026-08-01T00:41:24Z,1833012026-07-31,18330,2026-07-31,CANCELED,,
2026-08-01T00:41:24Z,3890512026-08-01,38905,2026-08-01,CANCELED,,
2026-08-01T00:41:24Z,1504212026-07-31,15042,2026-07-31,CANCELED,,
2026-08-01T00:41:24Z,1504312026-07-31,15043,2026-07-31,CANCELED,,
2026-08-01T00:41:24Z,0146012026-08-01,01460,2026-08-01,CANCELED,,
2026-08-01T00:41:24Z,0146022026-08-01,01460,2026-08-01,CANCELED,,
2026-08-01T00:41:24Z,0146032026-08-01,01460,2026-08-01,CANCELED,,
2026-08-01T00:41:24Z,1562122026-07-31,15621,2026-07-31,CANCELED,,
2026-08-01T00:41:24Z,3746012026-07-31,37460,2026-07-31,CANCELED,,
2026-08-01T00:41:24Z,1260812026-07-31,12608,2026-07-31,CANCELED,,
2026-08-01T00:41:24Z,1262312026-07-31,12623,2026-07-31,CANCELED,,
2026-08-01T00:41:24Z,0043812026-08-01,00438,2026-08-01,CANCELED,,
2026-08-01T00:41:24Z,0043822026-08-01,00438,2026-08-01,CANCELED,,
2026-08-01T00:41:24Z,0043832026-08-01,00438,2026-08-01,CANCELED,,
2026-08-01T00:41:24Z,3743812026-07-31,37438,2026-07-31,CANCELED,,
2026-08-01T00:41:24Z,1877712026-07-31,18777,2026-07-31,CANCELED,,
2026-08-01T00:41:24Z,0019222026-08-01,00192,2026-08-01,CANCELED,,
2026-08-01T00:41:24Z,0019212026-08-01,00192,2026-08-01,CANCELED,,
2026-08-01T00:41:24Z,1303512026-07-31,13035,2026-07-31,CANCELED,,
2026-08-01T00:41:24Z,3739212026-07-31,37392,2026-07-31,CANCELED,,
2026-08-01T00:41:24Z,1803512026-07-31,18035,2026-07-31,CANCELED,,
2026-08-01T00:41:24Z,1325822026-07-31,13258,2026-07-31,CANCELED,,
2026-08-01T00:41:24Z,3749222026-07-31,37492,2026-07-31,CANCELED,,
2026-08-01T00:41:24Z,3749212026-07-31,37492,2026-07-31,CANCELED,,
2026-08-01T00:41:24Z,1833122026-07-31,18331,2026-07-31,CANCELED,,
2026-08-01T00:41:24Z,1261112026-07-31,12611,2026-07-31,CANCELED,,
2026-08-01T00:41:24Z,7185512026-07-31,71855,2026-07-31,CANCELED,,
2026-08-01T00:41:24Z,1268912026-07-31,12689,2026-07-31,CANCELED,,
2026-08-01T00:41:24Z,1300212026-07-31,13002,2026-07-31,CANCELED,,
2026-08-01T00:41:24Z,1307912026-07-31,13079,2026-07-31,CANCELED,,
2026-08-01T00:46:26Z,3890512026-08-01,38905,2026-08-01,CANCELED,,
2026-08-01T00:46:26Z,1303222026-07-31,13032,2026-07-31,CANCELED,,
2026-08-01T00:46:26Z,1308932026-07-31,13089,2026-07-31,CANCELED,,
2026-08-01T00:46:26Z,1303112026-07-31,13031,2026-07-31,CANCELED,,
2026-08-01T00:46:26Z,1320812026-07-31,13208,2026-07-31,CANCELED,,
2026-08-01T00:46:26Z,1321922026-07-31,13219,2026-07-31,CANCELED,,
2026-08-01T00:46:26Z,1390212026-08-01,13902,2026-08-01,CANCELED,,
2026-08-01T00:46:26Z,3890212026-08-01,38902,2026-08-01,CANCELED,,
2026-08-01T00:46:26Z,1390412026-08-01,13904,2026-08-01,CANCELED,,
2026-08-01T00:46:26Z,1810522026-07-31,18105,2026-07-31,CANCELED,,
2026-08-01T00:46:26Z,1390412026-08-01,13904,2026-08-01,CANCELED,,
2026-08-01T00:46:26Z,3810512026-07-31,38105,2026-07-31,CANCELED,,
2026-08-01T00:46:26Z,3890412026-08-01,38904,2026-08-01,CANCELED,,
2026-08-01T00:46:26Z,1821712026-07-31,18217,2026-07-31,CANCELED,,
2026-08-01T00:46:26Z,3890412026-08-01,38904,2026-08-01,CANCELED,,
2026-08-01T00:46:26Z,1821812026-07-31,18218,2026-07-31,CANCELED,,
2026-08-01T00:46:26Z,1391012026-08-01,13910,2026-08-01,CANCELED,,
2026-08-01T00:46:26Z,1390512026-08-01,13905,2026-08-01,CANCELED,,
2026-08-01T00:46:26Z,1833012026-07-31,18330,2026-07-31,CANCELED,,
2026-08-01T00:46:26Z,1390512026-08-01,13905,2026-08-01,CANCELED,,
2026-08-01T00:46:26Z,1504212026-07-31,15042,2026-07-31,CANCELED,,
2026-08-01T00:46:26Z,3890512026-08-01,38905,2026-08-01,CANCELED,,
2026-08-01T00:46:26Z,1504312026-07-31,15043,2026-07-31,CANCELED,,
2026-08-01T00:46:26Z,1562122026-07-31,15621,2026-07-31,CANCELED,,
2026-08-01T00:46:26Z,0146012026-08-01,01460,2026-08-01,CANCELED,,
2026-08-01T00:46:26Z,0146022026-08-01,01460,2026-08-01,CANCELED,,
2026-08-01T00:46:26Z,0146032026-08-01,01460,2026-08-01,CANCELED,,
2026-08-01T00:46:26Z,1260812026-07-31,12608,2026-07-31,CANCELED,,
2026-08-01T00:46:26Z,3746012026-07-31,37460,2026-07-31,CANCELED,,
2026-08-01T00:46:26Z,1262312026-07-31,12623,2026-07-31,CANCELED,,
2026-08-01T00:46:26Z,0043812026-08-01,00438,2026-08-01,CANCELED,,
2026-08-01T00:46:26Z,0043822026-08-01,00438,2026-08-01,CANCELED,,
2026-08-01T00:46:26Z,0043832026-08-01,00438,2026-08-01,CANCELED,,
2026-08-01T00:46:26Z,3743812026-07-31,37438,2026-07-31,CANCELED,,
2026-08-01T00:46:26Z,1877712026-07-31,18777,2026-07-31,CANCELED,,
2026-08-01T00:46:26Z,0019222026-08-01,00192,2026-08-01,CANCELED,,
2026-08-01T00:46:26Z,0019212026-08-01,00192,2026-08-01,CANCELED,,
2026-08-01T00:46:26Z,1303512026-07-31,13035,2026-07-31,CANCELED,,
2026-08-01T00:46:26Z,1803512026-07-31,18035,2026-07-31,CANCELED,,
2026-08-01T00:46:26Z,3739212026-07-31,37392,2026-07-31,CANCELED,,
2026-08-01T00:46:26Z,1325822026-07-31,13258,2026-07-31,CANCELED,,
2026-08-01T00:46:26Z,3749222026-07-31,37492,2026-07-31,CANCELED,,
2026-08-01T00:46:26Z,3749212026-07-31,37492,2026-07-31,CANCELED,,
2026-08-01T00:46:26Z,1833122026-07-31,18331,2026-07-31,CANCELED,,
2026-08-01T00:46:26Z,1261112026-07-31,12611,2026-07-31,CANCELED,,
2026-08-01T00:46:26Z,7185512026-07-31,71855,2026-07-31,CANCELED,,
2026-08-01T00:46:26Z,1268912026-07-31,12689,2026-07-31,CANCELED,,
2026-08-01T00:46:26Z,1300212026-07-31,13002,2026-07-31,CANCELED,,
2026-08-01T00:46:26Z,1307912026-07-31,13079,2026-07-31,CANCELED,,
2026-08-01T00:51:27Z,3890512026-08-01,38905,2026-08-01,CANCELED,,
2026-08-01T00:51:27Z,1303222026-07-31,13032,2026-07-31,CANCELED,,
2026-08-01T00:51:27Z,1303112026-07-31,13031,2026-07-31,CANCELED,,
2026-08-01T00:51:27Z,1308932026-07-31,13089,2026-07-31,CANCELED,,
2026-08-01T00:51:27Z,1320812026-07-31,13208,2026-07-31,CANCELED,,
2026-08-01T00:51:27Z,1321922026-07-31,13219,2026-07-31,CANCELED,,
2026-08-01T00:51:27Z,1390212026-08-01,13902,2026-08-01,CANCELED,,
2026-08-01T00:51:27Z,3890212026-08-01,38902,2026-08-01,CANCELED,,
2026-08-01T00:51:27Z,1390412026-08-01,13904,2026-08-01,CANCELED,,
2026-08-01T00:51:27Z,1390412026-08-01,13904,2026-08-01,CANCELED,,
2026-08-01T00:51:27Z,1810522026-07-31,18105,2026-07-31,CANCELED,,
2026-08-01T00:51:27Z,3890412026-08-01,38904,2026-08-01,CANCELED,,
2026-08-01T00:51:27Z,3810512026-07-31,38105,2026-07-31,CANCELED,,
2026-08-01T00:51:27Z,3890412026-08-01,38904,2026-08-01,CANCELED,,
2026-08-01T00:51:27Z,1821712026-07-31,18217,2026-07-31,CANCELED,,
2026-08-01T00:51:27Z,1391012026-08-01,13910,2026-08-01,CANCELED,,
2026-08-01T00:51:27Z,1821812026-07-31,18218,2026-07-31,CANCELED,,
2026-08-01T00:51:27Z,1390512026-08-01,13905,2026-08-01,CANCELED,,
2026-08-01T00:51:27Z,1833012026-07-31,18330,2026-07-31,CANCELED,,
2026-08-01T00:51:27Z,1390512026-08-01,13905,2026-08-01,CANCELED,,
2026-08-01T00:51:27Z,1504212026-07-31,15042,2026-07-31,CANCELED,,
2026-08-01T00:51:27Z,3890512026-08-01,38905,2026-08-01,CANCELED,,
2026-08-01T00:51:27Z,1504312026-07-31,15043,2026-07-31,CANCELED,,
2026-08-01T00:51:27Z,1562122026-07-31,15621,2026-07-31,CANCELED,,
2026-08-01T00:51:27Z,0146012026-08-01,01460,2026-08-01,CANCELED,,
2026-08-01T00:51:27Z,0146022026-08-01,01460,2026-08-01,CANCELED,,
2026-08-01T00:51:27Z,0146032026-08-01,01460,2026-08-01,CANCELED,,
2026-08-01T00:51:27Z,1260812026-07-31,12608,2026-07-31,CANCELED,,
2026-08-01T00:51:27Z,3746012026-07-31,37460,2026-07-31,CANCELED,,
2026-08-01T00:51:27Z,1262312026-07-31,12623,2026-07-31,CANCELED,,
2026-08-01T00:51:27Z,0043812026-08-01,00438,2026-08-01,CANCELED,,
2026-08-01T00:51:27Z,0043822026-08-01,00438,2026-08-01,CANCELED,,
2026-08-01T00:51:27Z,0043832026-08-01,00438,2026-08-01,CANCELED,,
2026-08-01T00:51:27Z,1877712026-07-31,18777,2026-07-31,CANCELED,,
2026-08-01T00:51:27Z,3743812026-07-31,37438,2026-07-31,CANCELED,,
2026-08-01T00:51:27Z,0019222026-08-01,00192,2026-08-01,CANCELED,,
2026-08-01T00:51:27Z,0019212026-08-01,00192,2026-08-01,CANCELED,,
2026-08-01T00:51:27Z,1303512026-07-31,13035,2026-07-31,CANCELED,,
2026-08-01T00:51:27Z,1803512026-07-31,18035,2026-07-31,CANCELED,,
2026-08-01T00:51:27Z,3739212026-07-31,37392,2026-07-31,CANCELED,,
2026-08-01T00:51:27Z,1325822026-07-31,13258,2026-07-31,CANCELED,,
2026-08-01T00:51:27Z,3749222026-07-31,37492,2026-07-31,CANCELED,,
2026-08-01T00:51:27Z,3749212026-07-31,37492,2026-07-31,CANCELED,,
2026-08-01T00:51:27Z,1833122026-07-31,18331,2026-07-31,CANCELED,,
2026-08-01T00:51:27Z,7185512026-07-31,71855,2026-07-31,CANCELED,,
2026-08-01T00:51:27Z,1261112026-07-31,12611,2026-07-31,CANCELED,,
2026-08-01T00:51:27Z,1268912026-07-31,12689,2026-07-31,CANCELED,,
2026-08-01T00:51:27Z,1300212026-07-31,13002,2026-07-31,CANCELED,,
2026-08-01T00:51:27Z,1307912026-07-31,13079,2026-07-31,CANCELED,,
2026-08-01T00:56:17Z,3890512026-08-01,38905,2026-08-01,CANCELED,,
2026-08-01T00:56:17Z,1303222026-07-31,13032,2026-07-31,CANCELED,,
2026-08-01T00:56:17Z,1303112026-07-31,13031,2026-07-31,CANCELED,,
2026-08-01T00:56:17Z,1308932026-07-31,13089,2026-07-31,CANCELED,,
2026-08-01T00:56:17Z,1320812026-07-31,13208,2026-07-31,CANCELED,,
2026-08-01T00:56:17Z,1321922026-07-31,13219,2026-07-31,CANCELED,,
2026-08-01T00:56:17Z,1390212026-08-01,13902,2026-08-01,CANCELED,,
2026-08-01T00:56:17Z,3890212026-08-01,38902,2026-08-01,CANCELED,,
2026-08-01T00:56:17Z,1390412026-08-01,13904,2026-08-01,CANCELED,,
2026-08-01T00:56:17Z,1390412026-08-01,13904,2026-08-01,CANCELED,,
2026-08-01T00:56:17Z,1810522026-07-31,18105,2026-07-31,CANCELED,,
2026-08-01T00:56:17Z,3890412026-08-01,38904,2026-08-01,CANCELED,,
2026-08-01T00:56:17Z,3810512026-07-31,38105,2026-07-31,CANCELED,,
2026-08-01T00:56:17Z,3890412026-08-01,38904,2026-08-01,CANCELED,,
2026-08-01T00:56:17Z,1821712026-07-31,18217,2026-07-31,CANCELED,,
2026-08-01T00:56:17Z,1391012026-08-01,13910,2026-08-01,CANCELED,,
2026-08-01T00:56:17Z,1821812026-07-31,18218,2026-07-31,CANCELED,,
2026-08-01T00:56:17Z,1390512026-08-01,13905,2026-08-01,CANCELED,,
2026-08-01T00:56:17Z,1390512026-08-01,13905,2026-08-01,CANCELED,,
2026-08-01T00:56:17Z,1833012026-07-31,18330,2026-07-31,CANCELED,,
2026-08-01T00:56:17Z,3890512026-08-01,38905,2026-08-01,CANCELED,,
2026-08-01T00:56:17Z,1504212026-07-31,15042,2026-07-31,CANCELED,,
2026-08-01T00:56:17Z,1504312026-07-31,15043,2026-07-31,CANCELED,,
2026-08-01T00:56:17Z,1562122026-07-31,15621,2026-07-31,CANCELED,,
2026-08-01T00:56:17Z,0146012026-08-01,01460,2026-08-01,CANCELED,,
2026-08-01T00:56:17Z,0146022026-08-01,01460,2026-08-01,CANCELED,,
2026-08-01T00:56:17Z,0146032026-08-01,01460,2026-08-01,CANCELED,,
2026-08-01T00:56:17Z,3746012026-07-31,37460,2026-07-31,CANCELED,,
2026-08-01T00:56:17Z,1260812026-07-31,12608,2026-07-31,CANCELED,,
2026-08-01T00:56:17Z,1262312026-07-31,12623,2026-07-31,CANCELED,,
2026-08-01T00:56:17Z,0043812026-08-01,00438,2026-08-01,CANCELED,,
2026-08-01T00:56:17Z,0043822026-08-01,00438,2026-08-01,CANCELED,,
2026-08-01T00:56:17Z,0043832026-08-01,00438,2026-08-01,CANCELED,,
2026-08-01T00:56:17Z,3743812026-07-31,37438,2026-07-31,CANCELED,,
2026-08-01T00:56:17Z,1877712026-07-31,18777,2026-07-31,CANCELED,,
2026-08-01T00:56:17Z,0019222026-08-01,00192,2026-08-01,CANCELED,,
2026-08-01T00:56:17Z,0019212026-08-01,00192,2026-08-01,CANCELED,,
2026-08-01T00:56:17Z,1303512026-07-31,13035,2026-07-31,CANCELED,,
2026-08-01T00:56:17Z,1803512026-07-31,18035,2026-07-31,CANCELED,,
2026-08-01T00:56:17Z,3739212026-07-31,37392,2026-07-31,CANCELED,,
2026-08-01T00:56:17Z,1325822026-07-31,13258,2026-07-31,CANCELED,,
2026-08-01T00:56:17Z,3749222026-07-31,37492,2026-07-31,CANCELED,,
2026-08-01T00:56:17Z,3749212026-07-31,37492,2026-07-31,CANCELED,,
2026-08-01T00:56:17Z,1833122026-07-31,18331,2026-07-31,CANCELED,,
2026-08-01T00:56:17Z,1261112026-07-31,12611,2026-07-31,CANCELED,,
2026-08-01T00:56:17Z,7185512026-07-31,71855,2026-07-31,CANCELED,,
2026-08-01T00:56:17Z,1268912026-07-31,12689,2026-07-31,CANCELED,,
2026-08-01T00:56:17Z,1300212026-07-31,13002,2026-07-31,CANCELED,,
2026-08-01T00:56:17Z,1307912026-07-31,13079,2026-07-31,CANCELED,,
2026-08-01T01:01:45Z,3890512026-08-01,38905,2026-08-01,CANCELED,,
2026-08-01T01:01:45Z,1303222026-07-31,13032,2026-07-31,CANCELED,,
2026-08-01T01:01:45Z,1303112026-07-31,13031,2026-07-31,CANCELED,,
2026-08-01T01:01:45Z,1308932026-07-31,13089,2026-07-31,CANCELED,,
2026-08-01T01:01:45Z,1320812026-07-31,13208,2026-07-31,CANCELED,,
2026-08-01T01:01:45Z,1321922026-07-31,13219,2026-07-31,CANCELED,,
2026-08-01T01:01:45Z,1390212026-08-01,13902,2026-08-01,CANCELED,,
2026-08-01T01:01:45Z,3890212026-08-01,38902,2026-08-01,CANCELED,,
2026-08-01T01:01:45Z,1390412026-08-01,13904,2026-08-01,CANCELED,,
2026-08-01T01:01:45Z,1810522026-07-31,18105,2026-07-31,CANCELED,,
2026-08-01T01:01:45Z,1390412026-08-01,13904,2026-08-01,CANCELED,,
2026-08-01T01:01:45Z,3810512026-07-31,38105,2026-07-31,CANCELED,,
2026-08-01T01:01:45Z,3890412026-08-01,38904,2026-08-01,CANCELED,,
2026-08-01T01:01:45Z,1821712026-07-31,18217,2026-07-31,CANCELED,,
2026-08-01T01:01:45Z,3890412026-08-01,38904,2026-08-01,CANCELED,,
2026-08-01T01:01:45Z,1821812026-07-31,18218,2026-07-31,CANCELED,,
2026-08-01T01:01:45Z,1391012026-08-01,13910,2026-08-01,CANCELED,,
2026-08-01T01:01:45Z,1390512026-08-01,13905,2026-08-01,CANCELED,,
2026-08-01T01:01:45Z,1833012026-07-31,18330,2026-07-31,CANCELED,,
2026-08-01T01:01:45Z,1390512026-08-01,13905,2026-08-01,CANCELED,,
2026-08-01T01:01:45Z,1504212026-07-31,15042,2026-07-31,CANCELED,,
2026-08-01T01:01:45Z,3890512026-08-01,38905,2026-08-01,CANCELED,,
2026-08-01T01:01:45Z,1504312026-07-31,15043,2026-07-31,CANCELED,,
2026-08-01T01:01:45Z,1562122026-07-31,15621,2026-07-31,CANCELED,,
2026-08-01T01:01:45Z,1260812026-07-31,12608,2026-07-31,CANCELED,,
2026-08-01T01:01:45Z,0146012026-08-01,01460,2026-08-01,CANCELED,,
2026-08-01T01:01:45Z,0146022026-08-01,01460,2026-08-01,CANCELED,,
2026-08-01T01:01:45Z,0146032026-08-01,01460,2026-08-01,CANCELED,,
2026-08-01T01:01:45Z,1262312026-07-31,12623,2026-07-31,CANCELED,,
2026-08-01T01:01:45Z,3746012026-07-31,37460,2026-07-31,CANCELED,,
2026-08-01T01:01:45Z,0043812026-08-01,00438,2026-08-01,CANCELED,,
2026-08-01T01:01:45Z,0043822026-08-01,00438,2026-08-01,CANCELED,,
2026-08-01T01:01:45Z,0043832026-08-01,00438,2026-08-01,CANCELED,,
2026-08-01T01:01:45Z,1877712026-07-31,18777,2026-07-31,CANCELED,,
2026-08-01T01:01:45Z,3743812026-07-31,37438,2026-07-31,CANCELED,,
2026-08-01T01:01:45Z,1303512026-07-31,13035,2026-07-31,CANCELED,,
2026-08-01T01:01:45Z,0019222026-08-01,00192,2026-08-01,CANCELED,,
2026-08-01T01:01:45Z,0019212026-08-01,00192,2026-08-01,CANCELED,,
2026-08-01T01:01:45Z,1803512026-07-31,18035,2026-07-31,CANCELED,,
2026-08-01T01:01:45Z,1325822026-07-31,13258,2026-07-31,CANCELED,,
2026-08-01T01:01:45Z,3739212026-07-31,37392,2026-07-31,CANCELED,,
2026-08-01T01:01:45Z,1833122026-07-31,18331,2026-07-31,CANCELED,,
2026-08-01T01:01:45Z,7185512026-07-31,71855,2026-07-31,CANCELED,,
2026-08-01T01:01:45Z,3749222026-07-31,37492,2026-07-31,CANCELED,,
2026-08-01T01:01:45Z,3749212026-07-31,37492,2026-07-31,CANCELED,,
2026-08-01T01:01:45Z,1261112026-07-31,12611,2026-07-31,CANCELED,,
2026-08-01T01:01:45Z,1268912026-07-31,12689,2026-07-31,CANCELED,,
2026-08-01T01:01:45Z,1300212026-07-31,13002,2026-07-31,CANCELED,,
2026-08-01T01:01:45Z,1307912026-07-31,13079,2026-07-31,CANCELED,,
2026-08-01T01:06:16Z,3890512026-08-01,38905,2026-08-01,CANCELED,,
2026-08-01T01:06:16Z,1303222026-07-31,13032,2026-07-31,CANCELED,,
2026-08-01T01:06:16Z,1303112026-07-31,13031,2026-07-31,CANCELED,,
2026-08-01T01:06:16Z,1308932026-07-31,13089,2026-07-31,CANCELED,,
2026-08-01T01:06:16Z,1320812026-07-31,13208,2026-07-31,CANCELED,,
2026-08-01T01:06:16Z,1321922026-07-31,13219,2026-07-31,CANCELED,,
2026-08-01T01:06:16Z,1390212026-08-01,13902,2026-08-01,CANCELED,,
2026-08-01T01:06:16Z,3890212026-08-01,38902,2026-08-01,CANCELED,,
2026-08-01T01:06:16Z,1390412026-08-01,13904,2026-08-01,CANCELED,,
2026-08-01T01:06:16Z,1390412026-08-01,13904,2026-08-01,CANCELED,,
2026-08-01T01:06:16Z,1810522026-07-31,18105,2026-07-31,CANCELED,,
2026-08-01T01:06:16Z,3890412026-08-01,38904,2026-08-01,CANCELED,,
2026-08-01T01:06:16Z,3810512026-07-31,38105,2026-07-31,CANCELED,,
2026-08-01T01:06:16Z,3890412026-08-01,38904,2026-08-01,CANCELED,,
2026-08-01T01:06:16Z,1821712026-07-31,18217,2026-07-31,CANCELED,,
2026-08-01T01:06:16Z,1391012026-08-01,13910,2026-08-01,CANCELED,,
2026-08-01T01:06:16Z,1821812026-07-31,18218,2026-07-31,CANCELED,,
2026-08-01T01:06:16Z,1390512026-08-01,13905,2026-08-01,CANCELED,,
2026-08-01T01:06:16Z,1390512026-08-01,13905,2026-08-01,CANCELED,,
2026-08-01T01:06:16Z,1833012026-07-31,18330,2026-07-31,CANCELED,,
2026-08-01T01:06:16Z,3890512026-08-01,38905,2026-08-01,CANCELED,,
2026-08-01T01:06:16Z,1504212026-07-31,15042,2026-07-31,CANCELED,,
2026-08-01T01:06:16Z,1504312026-07-31,15043,2026-07-31,CANCELED,,
2026-08-01T01:06:16Z,0146012026-08-01,01460,2026-08-01,CANCELED,,
2026-08-01T01:06:16Z,0146022026-08-01,01460,2026-08-01,CANCELED,,
2026-08-01T01:06:16Z,0146032026-08-01,01460,2026-08-01,CANCELED,,
2026-08-01T01:06:16Z,1562122026-07-31,15621,2026-07-31,CANCELED,,
2026-08-01T01:06:16Z,3746012026-07-31,37460,2026-07-31,CANCELED,,
2026-08-01T01:06:16Z,1260812026-07-31,12608,2026-07-31,CANCELED,,
2026-08-01T01:06:16Z,1262312026-07-31,12623,2026-07-31,CANCELED,,
2026-08-01T01:06:16Z,0043812026-08-01,00438,2026-08-01,CANCELED,,
2026-08-01T01:06:16Z,0043822026-08-01,00438,2026-08-01,CANCELED,,
2026-08-01T01:06:16Z,0043832026-08-01,00438,2026-08-01,CANCELED,,
2026-08-01T01:06:16Z,3743812026-07-31,37438,2026-07-31,CANCELED,,
2026-08-01T01:06:16Z,1877712026-07-31,18777,2026-07-31,CANCELED,,
2026-08-01T01:06:16Z,0019222026-08-01,00192,2026-08-01,CANCELED,,
2026-08-01T01:06:16Z,0019212026-08-01,00192,2026-08-01,CANCELED,,
2026-08-01T01:06:16Z,1303512026-07-31,13035,2026-07-31,CANCELED,,
2026-08-01T01:06:16Z,1803512026-07-31,18035,2026-07-31,CANCELED,,
2026-08-01T01:06:16Z,3739212026-07-31,37392,2026-07-31,CANCELED,,
2026-08-01T01:06:16Z,1325822026-07-31,13258,2026-07-31,CANCELED,,
2026-08-01T01:06:16Z,3749222026-07-31,37492,2026-07-31,CANCELED,,
2026-08-01T01:06:16Z,3749212026-07-31,37492,2026-07-31,CANCELED,,
2026-08-01T01:06:16Z,1833122026-07-31,18331,2026-07-31,CANCELED,,
2026-08-01T01:06:16Z,1261112026-07-31,12611,2026-07-31,CANCELED,,
2026-08-01T01:06:16Z,7185512026-07-31,71855,2026-07-31,CANCELED,,
2026-08-01T01:06:16Z,1268912026-07-31,12689,2026-07-31,CANCELED,,
2026-08-01T01:06:16Z,1300212026-07-31,13002,2026-07-31,CANCELED,,
2026-08-01T01:06:16Z,1307912026-07-31,13079,2026-07-31,CANCELED,,
2026-08-01T01:11:22Z,3890512026-08-01,38905,2026-08-01,CANCELED,,
2026-08-01T01:11:22Z,1303222026-07-31,13032,2026-07-31,CANCELED,,
2026-08-01T01:11:22Z,1303112026-07-31,13031,2026-07-31,CANCELED,,
2026-08-01T01:11:22Z,1308932026-07-31,13089,2026-07-31,CANCELED,,
2026-08-01T01:11:22Z,1320812026-07-31,13208,2026-07-31,CANCELED,,
2026-08-01T01:11:22Z,1321922026-07-31,13219,2026-07-31,CANCELED,,
2026-08-01T01:11:22Z,1390212026-08-01,13902,2026-08-01,CANCELED,,
2026-08-01T01:11:22Z,3890212026-08-01,38902,2026-08-01,CANCELED,,
2026-08-01T01:11:22Z,1390412026-08-01,13904,2026-08-01,CANCELED,,
2026-08-01T01:11:22Z,1390412026-08-01,13904,2026-08-01,CANCELED,,
2026-08-01T01:11:22Z,1810522026-07-31,18105,2026-07-31,CANCELED,,
2026-08-01T01:11:22Z,3890412026-08-01,38904,2026-08-01,CANCELED,,
2026-08-01T01:11:22Z,3810512026-07-31,38105,2026-07-31,CANCELED,,
2026-08-01T01:11:22Z,3890412026-08-01,38904,2026-08-01,CANCELED,,
2026-08-01T01:11:22Z,1821712026-07-31,18217,2026-07-31,CANCELED,,
2026-08-01T01:11:22Z,1391012026-08-01,13910,2026-08-01,CANCELED,,
2026-08-01T01:11:22Z,1821812026-07-31,18218,2026-07-31,CANCELED,,
2026-08-01T01:11:22Z,1390512026-08-01,13905,2026-08-01,CANCELED,,
2026-08-01T01:11:22Z,1390512026-08-01,13905,2026-08-01,CANCELED,,
2026-08-01T01:11:22Z,1833012026-07-31,18330,2026-07-31,CANCELED,,
2026-08-01T01:11:22Z,3890512026-08-01,38905,2026-08-01,CANCELED,,
2026-08-01T01:11:22Z,1504212026-07-31,15042,2026-07-31,CANCELED,,
2026-08-01T01:11:22Z,1504312026-07-31,15043,2026-07-31,CANCELED,,
2026-08-01T01:11:22Z,1562122026-07-31,15621,2026-07-31,CANCELED,,
2026-08-01T01:11:22Z,0146012026-08-01,01460,2026-08-01,CANCELED,,
2026-08-01T01:11:22Z,0146022026-08-01,01460,2026-08-01,CANCELED,,
2026-08-01T01:11:22Z,0146032026-08-01,01460,2026-08-01,CANCELED,,
2026-08-01T01:11:22Z,3746012026-07-31,37460,2026-07-31,CANCELED,,
2026-08-01T01:11:22Z,1260812026-07-31,12608,2026-07-31,CANCELED,,
2026-08-01T01:11:22Z,1262312026-07-31,12623,2026-07-31,CANCELED,,
2026-08-01T01:11:22Z,0043812026-08-01,00438,2026-08-01,CANCELED,,
2026-08-01T01:11:22Z,0043822026-08-01,00438,2026-08-01,CANCELED,,
2026-08-01T01:11:22Z,0043832026-08-01,00438,2026-08-01,CANCELED,,
2026-08-01T01:11:22Z,3743812026-07-31,37438,2026-07-31,CANCELED,,
2026-08-01T01:11:22Z,1877712026-07-31,18777,2026-07-31,CANCELED,,
2026-08-01T01:11:22Z,0019222026-08-01,00192,2026-08-01,CANCELED,,
2026-08-01T01:11:22Z,0019212026-08-01,00192,2026-08-01,CANCELED,,
2026-08-01T01:11:22Z,1303512026-07-31,13035,2026-07-31,CANCELED,,
2026-08-01T01:11:22Z,1803512026-07-31,18035,2026-07-31,CANCELED,,
2026-08-01T01:11:22Z,3739212026-07-31,37392,2026-07-31,CANCELED,,
2026-08-01T01:11:22Z,1325822026-07-31,13258,2026-07-31,CANCELED,,
2026-08-01T01:11:22Z,3749222026-07-31,37492,2026-07-31,CANCELED,,
2026-08-01T01:11:22Z,3749212026-07-31,37492,2026-07-31,CANCELED,,
2026-08-01T01:11:22Z,1833122026-07-31,18331,2026-07-31,CANCELED,,
2026-08-01T01:11:22Z,1261112026-07-31,12611,2026-07-31,CANCELED,,
2026-08-01T01:11:22Z,7185512026-07-31,71855,2026-07-31,CANCELED,,
2026-08-01T01:11:22Z,1268912026-07-31,12689,2026-07-31,CANCELED,,
2026-08-01T01:11:22Z,1300212026-07-31,13002,2026-07-31,CANCELED,,
2026-08-01T01:11:22Z,1307912026-07-31,13079,2026-07-31,CANCELED,,
2026-08-01T01:16:26Z,3890512026-08-01,38905,2026-08-01,CANCELED,,
2026-08-01T01:16:26Z,1303222026-07-31,13032,2026-07-31,CANCELED,,
2026-08-01T01:16:26Z,1303112026-07-31,13031,2026-07-31,CANCELED,,
2026-08-01T01:16:26Z,1308932026-07-31,13089,2026-07-31,CANCELED,,
2026-08-01T01:16:26Z,1320812026-07-31,13208,2026-07-31,CANCELED,,
2026-08-01T01:16:26Z,1321922026-07-31,13219,2026-07-31,CANCELED,,
2026-08-01T01:16:26Z,1390212026-08-01,13902,2026-08-01,CANCELED,,
2026-08-01T01:16:26Z,3890212026-08-01,38902,2026-08-01,CANCELED,,
2026-08-01T01:16:26Z,1390412026-08-01,13904,2026-08-01,CANCELED,,
2026-08-01T01:16:26Z,1390412026-08-01,13904,2026-08-01,CANCELED,,
2026-08-01T01:16:26Z,3890412026-08-01,38904,2026-08-01,CANCELED,,
2026-08-01T01:16:26Z,1810522026-07-31,18105,2026-07-31,CANCELED,,
2026-08-01T01:16:26Z,3890412026-08-01,38904,2026-08-01,CANCELED,,
2026-08-01T01:16:26Z,3810512026-07-31,38105,2026-07-31,CANCELED,,
2026-08-01T01:16:26Z,1391012026-08-01,13910,2026-08-01,CANCELED,,
2026-08-01T01:16:26Z,1821712026-07-31,18217,2026-07-31,CANCELED,,
2026-08-01T01:16:26Z,1390512026-08-01,13905,2026-08-01,CANCELED,,
2026-08-01T01:16:26Z,1821812026-07-31,18218,2026-07-31,CANCELED,,
2026-08-01T01:16:26Z,1390512026-08-01,13905,2026-08-01,CANCELED,,
2026-08-01T01:16:26Z,1833012026-07-31,18330,2026-07-31,CANCELED,,
2026-08-01T01:16:26Z,3890512026-08-01,38905,2026-08-01,CANCELED,,
2026-08-01T01:16:26Z,1504212026-07-31,15042,2026-07-31,CANCELED,,
2026-08-01T01:16:26Z,1504312026-07-31,15043,2026-07-31,CANCELED,,
2026-08-01T01:16:26Z,0146012026-08-01,01460,2026-08-01,CANCELED,,
2026-08-01T01:16:26Z,0146022026-08-01,01460,2026-08-01,CANCELED,,
2026-08-01T01:16:26Z,0146032026-08-01,01460,2026-08-01,CANCELED,,
2026-08-01T01:16:26Z,1562122026-07-31,15621,2026-07-31,CANCELED,,
2026-08-01T01:16:26Z,3746012026-07-31,37460,2026-07-31,CANCELED,,
2026-08-01T01:16:26Z,1260812026-07-31,12608,2026-07-31,CANCELED,,
2026-08-01T01:16:26Z,1262312026-07-31,12623,2026-07-31,CANCELED,,
2026-08-01T01:16:26Z,0043812026-08-01,00438,2026-08-01,CANCELED,,
2026-08-01T01:16:26Z,0043822026-08-01,00438,2026-08-01,CANCELED,,
2026-08-01T01:16:26Z,0043832026-08-01,00438,2026-08-01,CANCELED,,
2026-08-01T01:16:26Z,3743812026-07-31,37438,2026-07-31,CANCELED,,
2026-08-01T01:16:26Z,1877712026-07-31,18777,2026-07-31,CANCELED,,
2026-08-01T01:16:26Z,0019222026-08-01,00192,2026-08-01,CANCELED,,
2026-08-01T01:16:26Z,0019212026-08-01,00192,2026-08-01,CANCELED,,
2026-08-01T01:16:26Z,1303512026-07-31,13035,2026-07-31,CANCELED,,
2026-08-01T01:16:26Z,3739212026-07-31,37392,2026-07-31,CANCELED,,
2026-08-01T01:16:26Z,1803512026-07-31,18035,2026-07-31,CANCELED,,
2026-08-01T01:16:26Z,1325822026-07-31,13258,2026-07-31,CANCELED,,
2026-08-01T01:16:26Z,3749222026-07-31,37492,2026-07-31,CANCELED,,
2026-08-01T01:16:26Z,3749212026-07-31,37492,2026-07-31,CANCELED,,
2026-08-01T01:16:26Z,1833122026-07-31,18331,2026-07-31,CANCELED,,
2026-08-01T01:16:26Z,1261112026-07-31,12611,2026-07-31,CANCELED,,
2026-08-01T01:16:26Z,7185512026-07-31,71855,2026-07-31,CANCELED,,
2026-08-01T01:16:26Z,1268912026-07-31,12689,2026-07-31,CANCELED,,
2026-08-01T01:16:26Z,1300212026-07-31,13002,2026-07-31,CANCELED,,
2026-08-01T01:16:26Z,1307912026-07-31,13079,2026-07-31,CANCELED,,
2026-08-01T01:21:26Z,1307912026-07-31,13079,2026-07-31,CANCELED,,
2026-08-01T01:21:26Z,3890512026-08-01,38905,2026-08-01,CANCELED,,
2026-08-01T01:21:26Z,3890512026-08-01,38905,2026-08-01,CANCELED,,
2026-08-01T01:21:26Z,1303222026-07-31,13032,2026-07-31,CANCELED,,
2026-08-01T01:21:26Z,1303112026-07-31,13031,2026-07-31,CANCELED,,
2026-08-01T01:21:26Z,1308932026-07-31,13089,2026-07-31,CANCELED,,
2026-08-01T01:21:26Z,1320812026-07-31,13208,2026-07-31,CANCELED,,
2026-08-01T01:21:26Z,1321922026-07-31,13219,2026-07-31,CANCELED,,
2026-08-01T01:21:26Z,1390212026-08-01,13902,2026-08-01,CANCELED,,
2026-08-01T01:21:26Z,3890212026-08-01,38902,2026-08-01,CANCELED,,
2026-08-01T01:21:26Z,1390412026-08-01,13904,2026-08-01,CANCELED,,
2026-08-01T01:21:26Z,1390412026-08-01,13904,2026-08-01,CANCELED,,
2026-08-01T01:21:26Z,1810522026-07-31,18105,2026-07-31,CANCELED,,
2026-08-01T01:21:26Z,3810512026-07-31,38105,2026-07-31,CANCELED,,
2026-08-01T01:21:26Z,3890412026-08-01,38904,2026-08-01,CANCELED,,
2026-08-01T01:21:26Z,1821712026-07-31,18217,2026-07-31,CANCELED,,
2026-08-01T01:21:26Z,3890412026-08-01,38904,2026-08-01,CANCELED,,
2026-08-01T01:21:26Z,1821812026-07-31,18218,2026-07-31,CANCELED,,
2026-08-01T01:21:26Z,1391012026-08-01,13910,2026-08-01,CANCELED,,
2026-08-01T01:21:26Z,1390512026-08-01,13905,2026-08-01,CANCELED,,
2026-08-01T01:21:26Z,1833012026-07-31,18330,2026-07-31,CANCELED,,
2026-08-01T01:21:26Z,1390512026-08-01,13905,2026-08-01,CANCELED,,
2026-08-01T01:21:26Z,1303512026-07-31,13035,2026-07-31,CANCELED,,
2026-08-01T01:21:26Z,1803512026-07-31,18035,2026-07-31,CANCELED,,
2026-08-01T01:21:26Z,0146012026-08-01,01460,2026-08-01,CANCELED,,
2026-08-01T01:21:26Z,0146022026-08-01,01460,2026-08-01,CANCELED,,
2026-08-01T01:21:26Z,0146032026-08-01,01460,2026-08-01,CANCELED,,
2026-08-01T01:21:26Z,3746012026-07-31,37460,2026-07-31,CANCELED,,
2026-08-01T01:21:26Z,1325822026-07-31,13258,2026-07-31,CANCELED,,
2026-08-01T01:21:26Z,1833122026-07-31,18331,2026-07-31,CANCELED,,
2026-08-01T01:21:26Z,0043812026-08-01,00438,2026-08-01,CANCELED,,
2026-08-01T01:21:26Z,0043822026-08-01,00438,2026-08-01,CANCELED,,
2026-08-01T01:21:26Z,0043832026-08-01,00438,2026-08-01,CANCELED,,
2026-08-01T01:21:26Z,7185512026-07-31,71855,2026-07-31,CANCELED,,
2026-08-01T01:21:26Z,1504212026-07-31,15042,2026-07-31,CANCELED,,
2026-08-01T01:21:26Z,3743812026-07-31,37438,2026-07-31,CANCELED,,
2026-08-01T01:21:26Z,1504312026-07-31,15043,2026-07-31,CANCELED,,
2026-08-01T01:21:26Z,0019222026-08-01,00192,2026-08-01,CANCELED,,
2026-08-01T01:21:26Z,0019212026-08-01,00192,2026-08-01,CANCELED,,
2026-08-01T01:21:26Z,1260812026-07-31,12608,2026-07-31,CANCELED,,
2026-08-01T01:21:26Z,1262312026-07-31,12623,2026-07-31,CANCELED,,
2026-08-01T01:21:26Z,3739212026-07-31,37392,2026-07-31,CANCELED,,
2026-08-01T01:21:26Z,1877712026-07-31,18777,2026-07-31,CANCELED,,
2026-08-01T01:21:26Z,3749222026-07-31,37492,2026-07-31,CANCELED,,
2026-08-01T01:21:26Z,3749212026-07-31,37492,2026-07-31,CANCELED,,
2026-08-01T01:21:26Z,1261112026-07-31,12611,2026-07-31,CANCELED,,
2026-08-01T01:21:26Z,1268912026-07-31,12689,2026-07-31,CANCELED,,
2026-08-01T01:21:26Z,1300212026-07-31,13002,2026-07-31,CANCELED,,
2026-08-01T01:26:17Z,3890512026-08-01,38905,2026-08-01,CANCELED,,
2026-08-01T01:26:17Z,1307912026-07-31,13079,2026-07-31,CANCELED,,
2026-08-01T01:26:17Z,3890512026-08-01,38905,2026-08-01,CANCELED,,
2026-08-01T01:26:17Z,1303222026-07-31,13032,2026-07-31,CANCELED,,
2026-08-01T01:26:17Z,1308932026-07-31,13089,2026-07-31,CANCELED,,
2026-08-01T01:26:17Z,1303112026-07-31,13031,2026-07-31,CANCELED,,
2026-08-01T01:26:17Z,1320812026-07-31,13208,2026-07-31,CANCELED,,
2026-08-01T01:26:17Z,1321922026-07-31,13219,2026-07-31,CANCELED,,
2026-08-01T01:26:17Z,1390212026-08-01,13902,2026-08-01,CANCELED,,
2026-08-01T01:26:17Z,3890212026-08-01,38902,2026-08-01,CANCELED,,
2026-08-01T01:26:17Z,1390412026-08-01,13904,2026-08-01,CANCELED,,
2026-08-01T01:26:17Z,1390412026-08-01,13904,2026-08-01,CANCELED,,
2026-08-01T01:26:17Z,1810522026-07-31,18105,2026-07-31,CANCELED,,
2026-08-01T01:26:17Z,3890412026-08-01,38904,2026-08-01,CANCELED,,
2026-08-01T01:26:17Z,3810512026-07-31,38105,2026-07-31,CANCELED,,
2026-08-01T01:26:17Z,3890412026-08-01,38904,2026-08-01,CANCELED,,
2026-08-01T01:26:17Z,1821712026-07-31,18217,2026-07-31,CANCELED,,
2026-08-01T01:26:17Z,1391012026-08-01,13910,2026-08-01,CANCELED,,
2026-08-01T01:26:17Z,1821812026-07-31,18218,2026-07-31,CANCELED,,
2026-08-01T01:26:17Z,1390512026-08-01,13905,2026-08-01,CANCELED,,
2026-08-01T01:26:17Z,1833012026-07-31,18330,2026-07-31,CANCELED,,
2026-08-01T01:26:17Z,1390512026-08-01,13905,2026-08-01,CANCELED,,
2026-08-01T01:26:17Z,1303512026-07-31,13035,2026-07-31,CANCELED,,
2026-08-01T01:26:17Z,1803512026-07-31,18035,2026-07-31,CANCELED,,
2026-08-01T01:26:17Z,0146012026-08-01,01460,2026-08-01,CANCELED,,
2026-08-01T01:26:17Z,0146022026-08-01,01460,2026-08-01,CANCELED,,
2026-08-01T01:26:17Z,0146032026-08-01,01460,2026-08-01,CANCELED,,
2026-08-01T01:26:17Z,3746012026-07-31,37460,2026-07-31,CANCELED,,
2026-08-01T01:26:17Z,1325822026-07-31,13258,2026-07-31,CANCELED,,
2026-08-01T01:26:17Z,1833122026-07-31,18331,2026-07-31,CANCELED,,
2026-08-01T01:26:17Z,0043812026-08-01,00438,2026-08-01,CANCELED,,
2026-08-01T01:26:17Z,0043822026-08-01,00438,2026-08-01,CANCELED,,
2026-08-01T01:26:17Z,0043832026-08-01,00438,2026-08-01,CANCELED,,
2026-08-01T01:26:17Z,7185512026-07-31,71855,2026-07-31,CANCELED,,
2026-08-01T01:26:17Z,1504212026-07-31,15042,2026-07-31,CANCELED,,
2026-08-01T01:26:17Z,3743812026-07-31,37438,2026-07-31,CANCELED,,
2026-08-01T01:26:17Z,1504312026-07-31,15043,2026-07-31,CANCELED,,
2026-08-01T01:26:17Z,1260812026-07-31,12608,2026-07-31,CANCELED,,
2026-08-01T01:26:17Z,0019222026-08-01,00192,2026-08-01,CANCELED,,
2026-08-01T01:26:17Z,0019212026-08-01,00192,2026-08-01,CANCELED,,
2026-08-01T01:26:17Z,1262312026-07-31,12623,2026-07-31,CANCELED,,
2026-08-01T01:26:17Z,3739212026-07-31,37392,2026-07-31,CANCELED,,
2026-08-01T01:26:17Z,1877712026-07-31,18777,2026-07-31,CANCELED,,
2026-08-01T01:26:17Z,3749222026-07-31,37492,2026-07-31,CANCELED,,
2026-08-01T01:26:17Z,3749212026-07-31,37492,2026-07-31,CANCELED,,
2026-08-01T01:26:17Z,1261112026-07-31,12611,2026-07-31,CANCELED,,
2026-08-01T01:26:17Z,1268912026-07-31,12689,2026-07-31,CANCELED,,
2026-08-01T01:26:17Z,1300212026-07-31,13002,2026-07-31,CANCELED,,
2026-08-01T01:31:36Z,1307912026-07-31,13079,2026-07-31,CANCELED,,
2026-08-01T01:31:36Z,3890512026-08-01,38905,2026-08-01,CANCELED,,
2026-08-01T01:31:36Z,3890512026-08-01,38905,2026-08-01,CANCELED,,
2026-08-01T01:31:36Z,1303222026-07-31,13032,2026-07-31,CANCELED,,
2026-08-01T01:31:36Z,1303112026-07-31,13031,2026-07-31,CANCELED,,
2026-08-01T01:31:36Z,1308932026-07-31,13089,2026-07-31,CANCELED,,
2026-08-01T01:31:36Z,1320812026-07-31,13208,2026-07-31,CANCELED,,
2026-08-01T01:31:36Z,1321922026-07-31,13219,2026-07-31,CANCELED,,
2026-08-01T01:31:36Z,1390212026-08-01,13902,2026-08-01,CANCELED,,
2026-08-01T01:31:36Z,3890212026-08-01,38902,2026-08-01,CANCELED,,
2026-08-01T01:31:36Z,1390412026-08-01,13904,2026-08-01,CANCELED,,
2026-08-01T01:31:36Z,1390412026-08-01,13904,2026-08-01,CANCELED,,
2026-08-01T01:31:36Z,1810522026-07-31,18105,2026-07-31,CANCELED,,
2026-08-01T01:31:36Z,3890412026-08-01,38904,2026-08-01,CANCELED,,
2026-08-01T01:31:36Z,3810512026-07-31,38105,2026-07-31,CANCELED,,
2026-08-01T01:31:36Z,3890412026-08-01,38904,2026-08-01,CANCELED,,
2026-08-01T01:31:36Z,1821712026-07-31,18217,2026-07-31,CANCELED,,
2026-08-01T01:31:36Z,1391012026-08-01,13910,2026-08-01,CANCELED,,
2026-08-01T01:31:36Z,1821812026-07-31,18218,2026-07-31,CANCELED,,
2026-08-01T01:31:36Z,1390512026-08-01,13905,2026-08-01,CANCELED,,
2026-08-01T01:31:36Z,1390512026-08-01,13905,2026-08-01,CANCELED,,
2026-08-01T01:31:36Z,1833012026-07-31,18330,2026-07-31,CANCELED,,
2026-08-01T01:31:36Z,1303512026-07-31,13035,2026-07-31,CANCELED,,
2026-08-01T01:31:36Z,0146012026-08-01,01460,2026-08-01,CANCELED,,
2026-08-01T01:31:36Z,0146022026-08-01,01460,2026-08-01,CANCELED,,
2026-08-01T01:31:36Z,0146032026-08-01,01460,2026-08-01,CANCELED,,
2026-08-01T01:31:36Z,1803512026-07-31,18035,2026-07-31,CANCELED,,
2026-08-01T01:31:36Z,3746012026-07-31,37460,2026-07-31,CANCELED,,
2026-08-01T01:31:36Z,1325822026-07-31,13258,2026-07-31,CANCELED,,
2026-08-01T01:31:36Z,1833122026-07-31,18331,2026-07-31,CANCELED,,
2026-08-01T01:31:36Z,0043812026-08-01,00438,2026-08-01,CANCELED,,
2026-08-01T01:31:36Z,0043822026-08-01,00438,2026-08-01,CANCELED,,
2026-08-01T01:31:36Z,0043832026-08-01,00438,2026-08-01,CANCELED,,
2026-08-01T01:31:36Z,7185512026-07-31,71855,2026-07-31,CANCELED,,
2026-08-01T01:31:36Z,3743812026-07-31,37438,2026-07-31,CANCELED,,
2026-08-01T01:31:36Z,1504212026-07-31,15042,2026-07-31,CANCELED,,
2026-08-01T01:31:36Z,0019222026-08-01,00192,2026-08-01,CANCELED,,
2026-08-01T01:31:36Z,0019212026-08-01,00192,2026-08-01,CANCELED,,
2026-08-01T01:31:36Z,1504312026-07-31,15043,2026-07-31,CANCELED,,
2026-08-01T01:31:36Z,1260812026-07-31,12608,2026-07-31,CANCELED,,
2026-08-01T01:31:36Z,1262312026-07-31,12623,2026-07-31,CANCELED,,
2026-08-01T01:31:36Z,3739212026-07-31,37392,2026-07-31,CANCELED,,
2026-08-01T01:31:36Z,3749222026-07-31,37492,2026-07-31,CANCELED,,
2026-08-01T01:31:36Z,3749212026-07-31,37492,2026-07-31,CANCELED,,
2026-08-01T01:31:36Z,1877712026-07-31,18777,2026-07-31,CANCELED,,
2026-08-01T01:31:36Z,1261112026-07-31,12611,2026-07-31,CANCELED,,
2026-08-01T01:31:36Z,1268912026-07-31,12689,2026-07-31,CANCELED,,
2026-08-01T01:31:36Z,1300212026-07-31,13002,2026-07-31,CANCELED,,
2026-08-01T01:36:18Z,3890512026-08-01,38905,2026-08-01,CANCELED,,
2026-08-01T01:36:18Z,1307912026-07-31,13079,2026-07-31,CANCELED,,
2026-08-01T01:36:18Z,3890512026-08-01,38905,2026-08-01,CANCELED,,
2026-08-01T01:36:18Z,1303222026-07-31,13032,2026-07-31,CANCELED,,
2026-08-01T01:36:18Z,1303112026-07-31,13031,2026-07-31,CANCELED,,
2026-08-01T01:36:18Z,1308932026-07-31,13089,2026-07-31,CANCELED,,
2026-08-01T01:36:18Z,1320812026-07-31,13208,2026-07-31,CANCELED,,
2026-08-01T01:36:18Z,1321922026-07-31,13219,2026-07-31,CANCELED,,
2026-08-01T01:36:18Z,1390212026-08-01,13902,2026-08-01,CANCELED,,
2026-08-01T01:36:18Z,3890212026-08-01,38902,2026-08-01,CANCELED,,
2026-08-01T01:36:18Z,1390412026-08-01,13904,2026-08-01,CANCELED,,
2026-08-01T01:36:18Z,1390412026-08-01,13904,2026-08-01,CANCELED,,
2026-08-01T01:36:18Z,1810522026-07-31,18105,2026-07-31,CANCELED,,
2026-08-01T01:36:18Z,3890412026-08-01,38904,2026-08-01,CANCELED,,
2026-08-01T01:36:18Z,3810512026-07-31,38105,2026-07-31,CANCELED,,
2026-08-01T01:36:18Z,3890412026-08-01,38904,2026-08-01,CANCELED,,
2026-08-01T01:36:18Z,1821712026-07-31,18217,2026-07-31,CANCELED,,
2026-08-01T01:36:18Z,1391012026-08-01,13910,2026-08-01,CANCELED,,
2026-08-01T01:36:18Z,1821812026-07-31,18218,2026-07-31,CANCELED,,
2026-08-01T01:36:18Z,1390512026-08-01,13905,2026-08-01,CANCELED,,
2026-08-01T01:36:18Z,1390512026-08-01,13905,2026-08-01,CANCELED,,
2026-08-01T01:36:18Z,1833012026-07-31,18330,2026-07-31,CANCELED,,
2026-08-01T01:36:18Z,1303512026-07-31,13035,2026-07-31,CANCELED,,
2026-08-01T01:36:18Z,0146012026-08-01,01460,2026-08-01,CANCELED,,
2026-08-01T01:36:18Z,0146022026-08-01,01460,2026-08-01,CANCELED,,
2026-08-01T01:36:18Z,0146032026-08-01,01460,2026-08-01,CANCELED,,
2026-08-01T01:36:18Z,1803512026-07-31,18035,2026-07-31,CANCELED,,
2026-08-01T01:36:18Z,3746012026-07-31,37460,2026-07-31,CANCELED,,
2026-08-01T01:36:18Z,1325822026-07-31,13258,2026-07-31,CANCELED,,
2026-08-01T01:36:18Z,1833122026-07-31,18331,2026-07-31,CANCELED,,
2026-08-01T01:36:18Z,0043812026-08-01,00438,2026-08-01,CANCELED,,
2026-08-01T01:36:18Z,0043822026-08-01,00438,2026-08-01,CANCELED,,
2026-08-01T01:36:18Z,0043832026-08-01,00438,2026-08-01,CANCELED,,
2026-08-01T01:36:18Z,7185512026-07-31,71855,2026-07-31,CANCELED,,
2026-08-01T01:36:18Z,3743812026-07-31,37438,2026-07-31,CANCELED,,
2026-08-01T01:36:18Z,1504212026-07-31,15042,2026-07-31,CANCELED,,
2026-08-01T01:36:18Z,1504312026-07-31,15043,2026-07-31,CANCELED,,
2026-08-01T01:36:18Z,0019222026-08-01,00192,2026-08-01,CANCELED,,
2026-08-01T01:36:18Z,0019212026-08-01,00192,2026-08-01,CANCELED,,
2026-08-01T01:36:18Z,1260812026-07-31,12608,2026-07-31,CANCELED,,
2026-08-01T01:36:18Z,1262312026-07-31,12623,2026-07-31,CANCELED,,
2026-08-01T01:36:18Z,3739212026-07-31,37392,2026-07-31,CANCELED,,
2026-08-01T01:36:18Z,3749222026-07-31,37492,2026-07-31,CANCELED,,
2026-08-01T01:36:18Z,3749212026-07-31,37492,2026-07-31,CANCELED,,
2026-08-01T01:36:18Z,1877712026-07-31,18777,2026-07-31,CANCELED,,
2026-08-01T01:36:18Z,1261112026-07-31,12611,2026-07-31,CANCELED,,
2026-08-01T01:36:18Z,1268912026-07-31,12689,2026-07-31,CANCELED,,
2026-08-01T01:36:18Z,1300212026-07-31,13002,2026-07-31,CANCELED,,
2026-08-01T01:41:24Z,3890512026-08-01,38905,2026-08-01,CANCELED,,
2026-08-01T01:41:24Z,1307912026-07-31,13079,2026-07-31,CANCELED,,
2026-08-01T01:41:24Z,3890512026-08-01,38905,2026-08-01,CANCELED,,
2026-08-01T01:41:24Z,1303222026-07-31,13032,2026-07-31,CANCELED,,
2026-08-01T01:41:24Z,1303112026-07-31,13031,2026-07-31,CANCELED,,
2026-08-01T01:41:24Z,1308932026-07-31,13089,2026-07-31,CANCELED,,
2026-08-01T01:41:24Z,1320812026-07-31,13208,2026-07-31,CANCELED,,
2026-08-01T01:41:24Z,1321922026-07-31,13219,2026-07-31,CANCELED,,
2026-08-01T01:41:24Z,1390212026-08-01,13902,2026-08-01,CANCELED,,
2026-08-01T01:41:24Z,3890212026-08-01,38902,2026-08-01,CANCELED,,
2026-08-01T01:41:24Z,1390412026-08-01,13904,2026-08-01,CANCELED,,
2026-08-01T01:41:24Z,1390412026-08-01,13904,2026-08-01,CANCELED,,
2026-08-01T01:41:24Z,3890412026-08-01,38904,2026-08-01,CANCELED,,
2026-08-01T01:41:24Z,1810522026-07-31,18105,2026-07-31,CANCELED,,
2026-08-01T01:41:24Z,3890412026-08-01,38904,2026-08-01,CANCELED,,
2026-08-01T01:41:24Z,3810512026-07-31,38105,2026-07-31,CANCELED,,
2026-08-01T01:41:24Z,1391012026-08-01,13910,2026-08-01,CANCELED,,
2026-08-01T01:41:24Z,1821712026-07-31,18217,2026-07-31,CANCELED,,
2026-08-01T01:41:24Z,1390512026-08-01,13905,2026-08-01,CANCELED,,
2026-08-01T01:41:24Z,1821812026-07-31,18218,2026-07-31,CANCELED,,
2026-08-01T01:41:24Z,1390512026-08-01,13905,2026-08-01,CANCELED,,
2026-08-01T01:41:24Z,1833012026-07-31,18330,2026-07-31,CANCELED,,
2026-08-01T01:41:24Z,0146012026-08-01,01460,2026-08-01,CANCELED,,
2026-08-01T01:41:24Z,0146022026-08-01,01460,2026-08-01,CANCELED,,
2026-08-01T01:41:24Z,0146032026-08-01,01460,2026-08-01,CANCELED,,
2026-08-01T01:41:24Z,1303512026-07-31,13035,2026-07-31,CANCELED,,
2026-08-01T01:41:24Z,3746012026-07-31,37460,2026-07-31,CANCELED,,
2026-08-01T01:41:24Z,1803512026-07-31,18035,2026-07-31,CANCELED,,
2026-08-01T01:41:24Z,1325822026-07-31,13258,2026-07-31,CANCELED,,
2026-08-01T01:41:24Z,0043812026-08-01,00438,2026-08-01,CANCELED,,
2026-08-01T01:41:24Z,0043822026-08-01,00438,2026-08-01,CANCELED,,
2026-08-01T01:41:24Z,0043832026-08-01,00438,2026-08-01,CANCELED,,
2026-08-01T01:41:24Z,1833122026-07-31,18331,2026-07-31,CANCELED,,
2026-08-01T01:41:24Z,3743812026-07-31,37438,2026-07-31,CANCELED,,
2026-08-01T01:41:24Z,7185512026-07-31,71855,2026-07-31,CANCELED,,
2026-08-01T01:41:24Z,1504212026-07-31,15042,2026-07-31,CANCELED,,
2026-08-01T01:41:24Z,0019222026-08-01,00192,2026-08-01,CANCELED,,
2026-08-01T01:41:24Z,0019212026-08-01,00192,2026-08-01,CANCELED,,
2026-08-01T01:41:24Z,1504312026-07-31,15043,2026-07-31,CANCELED,,
2026-08-01T01:41:24Z,1260812026-07-31,12608,2026-07-31,CANCELED,,
2026-08-01T01:41:24Z,3739212026-07-31,37392,2026-07-31,CANCELED,,
2026-08-01T01:41:24Z,1262312026-07-31,12623,2026-07-31,CANCELED,,
2026-08-01T01:41:24Z,3749222026-07-31,37492,2026-07-31,CANCELED,,
2026-08-01T01:41:24Z,3749212026-07-31,37492,2026-07-31,CANCELED,,
2026-08-01T01:41:24Z,1877712026-07-31,18777,2026-07-31,CANCELED,,
2026-08-01T01:41:24Z,1261112026-07-31,12611,2026-07-31,CANCELED,,
2026-08-01T01:41:24Z,1268912026-07-31,12689,2026-07-31,CANCELED,,
2026-08-01T01:41:24Z,1300212026-07-31,13002,2026-07-31,CANCELED,,
2026-08-01T01:46:22Z,1307912026-07-31,13079,2026-07-31,CANCELED,,
2026-08-01T01:46:22Z,3890512026-08-01,38905,2026-08-01,CANCELED,,
2026-08-01T01:46:22Z,3890512026-08-01,38905,2026-08-01,CANCELED,,
2026-08-01T01:46:22Z,1303222026-07-31,13032,2026-07-31,CANCELED,,
2026-08-01T01:46:22Z,1303112026-07-31,13031,2026-07-31,CANCELED,,
2026-08-01T01:46:22Z,1308932026-07-31,13089,2026-07-31,CANCELED,,
2026-08-01T01:46:22Z,1320812026-07-31,13208,2026-07-31,CANCELED,,
2026-08-01T01:46:22Z,1321922026-07-31,13219,2026-07-31,CANCELED,,
2026-08-01T01:46:22Z,1390212026-08-01,13902,2026-08-01,CANCELED,,
2026-08-01T01:46:22Z,3890212026-08-01,38902,2026-08-01,CANCELED,,
2026-08-01T01:46:22Z,1390412026-08-01,13904,2026-08-01,CANCELED,,
2026-08-01T01:46:22Z,1390412026-08-01,13904,2026-08-01,CANCELED,,
2026-08-01T01:46:22Z,3890412026-08-01,38904,2026-08-01,CANCELED,,
2026-08-01T01:46:22Z,1810522026-07-31,18105,2026-07-31,CANCELED,,
2026-08-01T01:46:22Z,3890412026-08-01,38904,2026-08-01,CANCELED,,
2026-08-01T01:46:22Z,3810512026-07-31,38105,2026-07-31,CANCELED,,
2026-08-01T01:46:22Z,1391012026-08-01,13910,2026-08-01,CANCELED,,
2026-08-01T01:46:22Z,1821712026-07-31,18217,2026-07-31,CANCELED,,
2026-08-01T01:46:22Z,1390512026-08-01,13905,2026-08-01,CANCELED,,
2026-08-01T01:46:22Z,1821812026-07-31,18218,2026-07-31,CANCELED,,
2026-08-01T01:46:22Z,1390512026-08-01,13905,2026-08-01,CANCELED,,
2026-08-01T01:46:22Z,1833012026-07-31,18330,2026-07-31,CANCELED,,
2026-08-01T01:46:22Z,0146012026-08-01,01460,2026-08-01,CANCELED,,
2026-08-01T01:46:22Z,0146022026-08-01,01460,2026-08-01,CANCELED,,
2026-08-01T01:46:22Z,0146032026-08-01,01460,2026-08-01,CANCELED,,
2026-08-01T01:46:22Z,1303512026-07-31,13035,2026-07-31,CANCELED,,
2026-08-01T01:46:22Z,3746012026-07-31,37460,2026-07-31,CANCELED,,
2026-08-01T01:46:22Z,1803512026-07-31,18035,2026-07-31,CANCELED,,
2026-08-01T01:46:22Z,1325822026-07-31,13258,2026-07-31,CANCELED,,
2026-08-01T01:46:22Z,0043812026-08-01,00438,2026-08-01,CANCELED,,
2026-08-01T01:46:22Z,0043822026-08-01,00438,2026-08-01,CANCELED,,
2026-08-01T01:46:22Z,0043832026-08-01,00438,2026-08-01,CANCELED,,
2026-08-01T01:46:22Z,1833122026-07-31,18331,2026-07-31,CANCELED,,
2026-08-01T01:46:22Z,3743812026-07-31,37438,2026-07-31,CANCELED,,
2026-08-01T01:46:22Z,7185512026-07-31,71855,2026-07-31,CANCELED,,
2026-08-01T01:46:22Z,1504212026-07-31,15042,2026-07-31,CANCELED,,
2026-08-01T01:46:22Z,0019222026-08-01,00192,2026-08-01,CANCELED,,
2026-08-01T01:46:22Z,0019212026-08-01,00192,2026-08-01,CANCELED,,
2026-08-01T01:46:22Z,1504312026-07-31,15043,2026-07-31,CANCELED,,
2026-08-01T01:46:22Z,1260812026-07-31,12608,2026-07-31,CANCELED,,
2026-08-01T01:46:22Z,1262312026-07-31,12623,2026-07-31,CANCELED,,
2026-08-01T01:46:22Z,3739212026-07-31,37392,2026-07-31,CANCELED,,
2026-08-01T01:46:22Z,3749222026-07-31,37492,2026-07-31,CANCELED,,
2026-08-01T01:46:22Z,3749212026-07-31,37492,2026-07-31,CANCELED,,
2026-08-01T01:46:22Z,1877712026-07-31,18777,2026-07-31,CANCELED,,
2026-08-01T01:46:22Z,1261112026-07-31,12611,2026-07-31,CANCELED,,
2026-08-01T01:46:22Z,1268912026-07-31,12689,2026-07-31,CANCELED,,
2026-08-01T01:46:22Z,1300212026-07-31,13002,2026-07-31,CANCELED,,
2026-08-01T01:51:22Z,1307912026-07-31,13079,2026-07-31,CANCELED,,
2026-08-01T01:51:22Z,3890512026-08-01,38905,2026-08-01,CANCELED,,
2026-08-01T01:51:22Z,3890512026-08-01,38905,2026-08-01,CANCELED,,
2026-08-01T01:51:22Z,1303222026-07-31,13032,2026-07-31,CANCELED,,
2026-08-01T01:51:22Z,1303112026-07-31,13031,2026-07-31,CANCELED,,
2026-08-01T01:51:22Z,1308932026-07-31,13089,2026-07-31,CANCELED,,
2026-08-01T01:51:22Z,1320812026-07-31,13208,2026-07-31,CANCELED,,
2026-08-01T01:51:22Z,1321922026-07-31,13219,2026-07-31,CANCELED,,
2026-08-01T01:51:22Z,1390212026-08-01,13902,2026-08-01,CANCELED,,
2026-08-01T01:51:22Z,3890212026-08-01,38902,2026-08-01,CANCELED,,
2026-08-01T01:51:22Z,1390412026-08-01,13904,2026-08-01,CANCELED,,
2026-08-01T01:51:22Z,1390412026-08-01,13904,2026-08-01,CANCELED,,
2026-08-01T01:51:22Z,1810522026-07-31,18105,2026-07-31,CANCELED,,
2026-08-01T01:51:22Z,3890412026-08-01,38904,2026-08-01,CANCELED,,
2026-08-01T01:51:22Z,3810512026-07-31,38105,2026-07-31,CANCELED,,
2026-08-01T01:51:22Z,3890412026-08-01,38904,2026-08-01,CANCELED,,
2026-08-01T01:51:22Z,1821712026-07-31,18217,2026-07-31,CANCELED,,
2026-08-01T01:51:22Z,1391012026-08-01,13910,2026-08-01,CANCELED,,
2026-08-01T01:51:22Z,1821812026-07-31,18218,2026-07-31,CANCELED,,
2026-08-01T01:51:22Z,1390512026-08-01,13905,2026-08-01,CANCELED,,
2026-08-01T01:51:22Z,1390512026-08-01,13905,2026-08-01,CANCELED,,
2026-08-01T01:51:22Z,1833012026-07-31,18330,2026-07-31,CANCELED,,
2026-08-01T01:51:22Z,1303512026-07-31,13035,2026-07-31,CANCELED,,
2026-08-01T01:51:22Z,0146012026-08-01,01460,2026-08-01,CANCELED,,
2026-08-01T01:51:22Z,0146022026-08-01,01460,2026-08-01,CANCELED,,
2026-08-01T01:51:22Z,0146032026-08-01,01460,2026-08-01,CANCELED,,
2026-08-01T01:51:22Z,1803512026-07-31,18035,2026-07-31,CANCELED,,
2026-08-01T01:51:22Z,3746012026-07-31,37460,2026-07-31,CANCELED,,
2026-08-01T01:51:22Z,1325822026-07-31,13258,2026-07-31,CANCELED,,
2026-08-01T01:51:22Z,1833122026-07-31,18331,2026-07-31,CANCELED,,
2026-08-01T01:51:22Z,0043812026-08-01,00438,2026-08-01,CANCELED,,
2026-08-01T01:51:22Z,0043822026-08-01,00438,2026-08-01,CANCELED,,
2026-08-01T01:51:22Z,0043832026-08-01,00438,2026-08-01,CANCELED,,
2026-08-01T01:51:22Z,7185512026-07-31,71855,2026-07-31,CANCELED,,
2026-08-01T01:51:22Z,3743812026-07-31,37438,2026-07-31,CANCELED,,
2026-08-01T01:51:22Z,1504212026-07-31,15042,2026-07-31,CANCELED,,
2026-08-01T01:51:22Z,1504312026-07-31,15043,2026-07-31,CANCELED,,
2026-08-01T01:51:22Z,0019222026-08-01,00192,2026-08-01,CANCELED,,
2026-08-01T01:51:22Z,0019212026-08-01,00192,2026-08-01,CANCELED,,
2026-08-01T01:51:22Z,1260812026-07-31,12608,2026-07-31,CANCELED,,
2026-08-01T01:51:22Z,1262312026-07-31,12623,2026-07-31,CANCELED,,
2026-08-01T01:51:22Z,3739212026-07-31,37392,2026-07-31,CANCELED,,
2026-08-01T01:51:22Z,3749222026-07-31,37492,2026-07-31,CANCELED,,
2026-08-01T01:51:22Z,3749212026-07-31,37492,2026-07-31,CANCELED,,
2026-08-01T01:51:22Z,1877712026-07-31,18777,2026-07-31,CANCELED,,
2026-08-01T01:51:22Z,1261112026-07-31,12611,2026-07-31,CANCELED,,
2026-08-01T01:51:22Z,1268912026-07-31,12689,2026-07-31,CANCELED,,
2026-08-01T01:51:22Z,1300212026-07-31,13002,2026-07-31,CANCELED,,
2026-08-01T01:56:21Z,3890512026-08-01,38905,2026-08-01,CANCELED,,
2026-08-01T01:56:21Z,1307912026-07-31,13079,2026-07-31,CANCELED,,
2026-08-01T01:56:21Z,3890512026-08-01,38905,2026-08-01,CANCELED,,
2026-08-01T01:56:21Z,1303222026-07-31,13032,2026-07-31,CANCELED,,
2026-08-01T01:56:21Z,1303112026-07-31,13031,2026-07-31,CANCELED,,
2026-08-01T01:56:21Z,1308932026-07-31,13089,2026-07-31,CANCELED,,
2026-08-01T01:56:21Z,1320812026-07-31,13208,2026-07-31,CANCELED,,
2026-08-01T01:56:21Z,1321922026-07-31,13219,2026-07-31,CANCELED,,
2026-08-01T01:56:21Z,1390212026-08-01,13902,2026-08-01,CANCELED,,
2026-08-01T01:56:21Z,3890212026-08-01,38902,2026-08-01,CANCELED,,
2026-08-01T01:56:21Z,1390412026-08-01,13904,2026-08-01,CANCELED,,
2026-08-01T01:56:21Z,1390412026-08-01,13904,2026-08-01,CANCELED,,
2026-08-01T01:56:21Z,1810522026-07-31,18105,2026-07-31,CANCELED,,
2026-08-01T01:56:21Z,3890412026-08-01,38904,2026-08-01,CANCELED,,
2026-08-01T01:56:21Z,3810512026-07-31,38105,2026-07-31,CANCELED,,
2026-08-01T01:56:21Z,3890412026-08-01,38904,2026-08-01,CANCELED,,
2026-08-01T01:56:21Z,1821712026-07-31,18217,2026-07-31,CANCELED,,
2026-08-01T01:56:21Z,1391012026-08-01,13910,2026-08-01,CANCELED,,
2026-08-01T01:56:21Z,1821812026-07-31,18218,2026-07-31,CANCELED,,
2026-08-01T01:56:21Z,1390512026-08-01,13905,2026-08-01,CANCELED,,
2026-08-01T01:56:21Z,1833012026-07-31,18330,2026-07-31,CANCELED,,
2026-08-01T01:56:21Z,1390512026-08-01,13905,2026-08-01,CANCELED,,
2026-08-01T01:56:21Z,1303512026-07-31,13035,2026-07-31,CANCELED,,
2026-08-01T01:56:21Z,1803512026-07-31,18035,2026-07-31,CANCELED,,
2026-08-01T01:56:21Z,0146012026-08-01,01460,2026-08-01,CANCELED,,
2026-08-01T01:56:21Z,0146022026-08-01,01460,2026-08-01,CANCELED,,
2026-08-01T01:56:21Z,0146032026-08-01,01460,2026-08-01,CANCELED,,
2026-08-01T01:56:21Z,3746012026-07-31,37460,2026-07-31,CANCELED,,
2026-08-01T01:56:21Z,1325822026-07-31,13258,2026-07-31,CANCELED,,
2026-08-01T01:56:21Z,1833122026-07-31,18331,2026-07-31,CANCELED,,
2026-08-01T01:56:21Z,0043812026-08-01,00438,2026-08-01,CANCELED,,
2026-08-01T01:56:21Z,0043822026-08-01,00438,2026-08-01,CANCELED,,
2026-08-01T01:56:21Z,0043832026-08-01,00438,2026-08-01,CANCELED,,
2026-08-01T01:56:21Z,7185512026-07-31,71855,2026-07-31,CANCELED,,
2026-08-01T01:56:21Z,3743812026-07-31,37438,2026-07-31,CANCELED,,
2026-08-01T01:56:21Z,1504212026-07-31,15042,2026-07-31,CANCELED,,
2026-08-01T01:56:21Z,1504312026-07-31,15043,2026-07-31,CANCELED,,
2026-08-01T01:56:21Z,0019222026-08-01,00192,2026-08-01,CANCELED,,
2026-08-01T01:56:21Z,0019212026-08-01,00192,2026-08-01,CANCELED,,
2026-08-01T01:56:21Z,1260812026-07-31,12608,2026-07-31,CANCELED,,
2026-08-01T01:56:21Z,1262312026-07-31,12623,2026-07-31,CANCELED,,
2026-08-01T01:56:21Z,3739212026-07-31,37392,2026-07-31,CANCELED,,
2026-08-01T01:56:21Z,1877712026-07-31,18777,2026-07-31,CANCELED,,
2026-08-01T01:56:21Z,3749222026-07-31,37492,2026-07-31,CANCELED,,
2026-08-01T01:56:21Z,3749212026-07-31,37492,2026-07-31,CANCELED,,
2026-08-01T01:56:21Z,1261112026-07-31,12611,2026-07-31,CANCELED,,
2026-08-01T01:56:21Z,1268912026-07-31,12689,2026-07-31,CANCELED,,
2026-08-01T01:56:21Z,1300212026-07-31,13002,2026-07-31,CANCELED,,
2026-08-01T02:01:47Z,3890512026-08-01,38905,2026-08-01,CANCELED,,
2026-08-01T02:01:47Z,1307912026-07-31,13079,2026-07-31,CANCELED,,
2026-08-01T02:01:47Z,3890512026-08-01,38905,2026-08-01,CANCELED,,
2026-08-01T02:01:47Z,1303222026-07-31,13032,2026-07-31,CANCELED,,
2026-08-01T02:01:47Z,1303112026-07-31,13031,2026-07-31,CANCELED,,
2026-08-01T02:01:47Z,1308932026-07-31,13089,2026-07-31,CANCELED,,
2026-08-01T02:01:47Z,1320812026-07-31,13208,2026-07-31,CANCELED,,
2026-08-01T02:01:47Z,1321922026-07-31,13219,2026-07-31,CANCELED,,
2026-08-01T02:01:47Z,1390212026-08-01,13902,2026-08-01,CANCELED,,
2026-08-01T02:01:47Z,3890212026-08-01,38902,2026-08-01,CANCELED,,
2026-08-01T02:01:47Z,1390412026-08-01,13904,2026-08-01,CANCELED,,
2026-08-01T02:01:47Z,1390412026-08-01,13904,2026-08-01,CANCELED,,
2026-08-01T02:01:47Z,1810522026-07-31,18105,2026-07-31,CANCELED,,
2026-08-01T02:01:47Z,3890412026-08-01,38904,2026-08-01,CANCELED,,
2026-08-01T02:01:47Z,3810512026-07-31,38105,2026-07-31,CANCELED,,
2026-08-01T02:01:47Z,3890412026-08-01,38904,2026-08-01,CANCELED,,
2026-08-01T02:01:47Z,1821712026-07-31,18217,2026-07-31,CANCELED,,
2026-08-01T02:01:47Z,1391012026-08-01,13910,2026-08-01,CANCELED,,
2026-08-01T02:01:47Z,1821812026-07-31,18218,2026-07-31,CANCELED,,
2026-08-01T02:01:47Z,1390512026-08-01,13905,2026-08-01,CANCELED,,
2026-08-01T02:01:47Z,1390512026-08-01,13905,2026-08-01,CANCELED,,
2026-08-01T02:01:47Z,1833012026-07-31,18330,2026-07-31,CANCELED,,
2026-08-01T02:01:47Z,1303512026-07-31,13035,2026-07-31,CANCELED,,
2026-08-01T02:01:47Z,0146012026-08-01,01460,2026-08-01,CANCELED,,
2026-08-01T02:01:47Z,0146022026-08-01,01460,2026-08-01,CANCELED,,
2026-08-01T02:01:47Z,0146032026-08-01,01460,2026-08-01,CANCELED,,
2026-08-01T02:01:47Z,1803512026-07-31,18035,2026-07-31,CANCELED,,
2026-08-01T02:01:47Z,3746012026-07-31,37460,2026-07-31,CANCELED,,
2026-08-01T02:01:47Z,1325822026-07-31,13258,2026-07-31,CANCELED,,
2026-08-01T02:01:47Z,1833122026-07-31,18331,2026-07-31,CANCELED,,
2026-08-01T02:01:47Z,0043812026-08-01,00438,2026-08-01,CANCELED,,
2026-08-01T02:01:47Z,0043822026-08-01,00438,2026-08-01,CANCELED,,
2026-08-01T02:01:47Z,0043832026-08-01,00438,2026-08-01,CANCELED,,
2026-08-01T02:01:47Z,7185512026-07-31,71855,2026-07-31,CANCELED,,
2026-08-01T02:01:47Z,3743812026-07-31,37438,2026-07-31,CANCELED,,
2026-08-01T02:01:47Z,1504212026-07-31,15042,2026-07-31,CANCELED,,
2026-08-01T02:01:47Z,1504312026-07-31,15043,2026-07-31,CANCELED,,
2026-08-01T02:01:47Z,0019222026-08-01,00192,2026-08-01,CANCELED,,
2026-08-01T02:01:47Z,0019212026-08-01,00192,2026-08-01,CANCELED,,
2026-08-01T02:01:47Z,1260812026-07-31,12608,2026-07-31,CANCELED,,
2026-08-01T02:01:47Z,1262312026-07-31,12623,2026-07-31,CANCELED,,
2026-08-01T02:01:47Z,3739212026-07-31,37392,2026-07-31,CANCELED,,
2026-08-01T02:01:47Z,1877712026-07-31,18777,2026-07-31,CANCELED,,
2026-08-01T02:01:47Z,3749222026-07-31,37492,2026-07-31,CANCELED,,
2026-08-01T02:01:47Z,3749212026-07-31,37492,2026-07-31,CANCELED,,
2026-08-01T02:01:47Z,1261112026-07-31,12611,2026-07-31,CANCELED,,
2026-08-01T02:01:47Z,1268912026-07-31,12689,2026-07-31,CANCELED,,
2026-08-01T02:01:47Z,1300212026-07-31,13002,2026-07-31,CANCELED,,
2026-08-01T02:06:16Z,3890512026-08-01,38905,2026-08-01,CANCELED,,
2026-08-01T02:06:16Z,1307912026-07-31,13079,2026-07-31,CANCELED,,
2026-08-01T02:06:16Z,3890512026-08-01,38905,2026-08-01,CANCELED,,
2026-08-01T02:06:16Z,1303222026-07-31,13032,2026-07-31,CANCELED,,
2026-08-01T02:06:16Z,1303112026-07-31,13031,2026-07-31,CANCELED,,
2026-08-01T02:06:16Z,1308932026-07-31,13089,2026-07-31,CANCELED,,
2026-08-01T02:06:16Z,1320812026-07-31,13208,2026-07-31,CANCELED,,
2026-08-01T02:06:16Z,1321922026-07-31,13219,2026-07-31,CANCELED,,
2026-08-01T02:06:16Z,1390212026-08-01,13902,2026-08-01,CANCELED,,
2026-08-01T02:06:16Z,3890212026-08-01,38902,2026-08-01,CANCELED,,
2026-08-01T02:06:16Z,1390412026-08-01,13904,2026-08-01,CANCELED,,
2026-08-01T02:06:16Z,1390412026-08-01,13904,2026-08-01,CANCELED,,
2026-08-01T02:06:16Z,1810522026-07-31,18105,2026-07-31,CANCELED,,
2026-08-01T02:06:16Z,3890412026-08-01,38904,2026-08-01,CANCELED,,
2026-08-01T02:06:16Z,3810512026-07-31,38105,2026-07-31,CANCELED,,
2026-08-01T02:06:16Z,3890412026-08-01,38904,2026-08-01,CANCELED,,
2026-08-01T02:06:16Z,1821712026-07-31,18217,2026-07-31,CANCELED,,
2026-08-01T02:06:16Z,1391012026-08-01,13910,2026-08-01,CANCELED,,
2026-08-01T02:06:16Z,1821812026-07-31,18218,2026-07-31,CANCELED,,
2026-08-01T02:06:16Z,1390512026-08-01,13905,2026-08-01,CANCELED,,
2026-08-01T02:06:16Z,1390512026-08-01,13905,2026-08-01,CANCELED,,
2026-08-01T02:06:16Z,1833012026-07-31,18330,2026-07-31,CANCELED,,
2026-08-01T02:06:16Z,1303512026-07-31,13035,2026-07-31,CANCELED,,
2026-08-01T02:06:16Z,0146012026-08-01,01460,2026-08-01,CANCELED,,
2026-08-01T02:06:16Z,0146022026-08-01,01460,2026-08-01,CANCELED,,
2026-08-01T02:06:16Z,0146032026-08-01,01460,2026-08-01,CANCELED,,
2026-08-01T02:06:16Z,1803512026-07-31,18035,2026-07-31,CANCELED,,
2026-08-01T02:06:16Z,3746012026-07-31,37460,2026-07-31,CANCELED,,
2026-08-01T02:06:16Z,1325822026-07-31,13258,2026-07-31,CANCELED,,
2026-08-01T02:06:16Z,1833122026-07-31,18331,2026-07-31,CANCELED,,
2026-08-01T02:06:16Z,0043812026-08-01,00438,2026-08-01,CANCELED,,
2026-08-01T02:06:16Z,0043822026-08-01,00438,2026-08-01,CANCELED,,
2026-08-01T02:06:16Z,0043832026-08-01,00438,2026-08-01,CANCELED,,
2026-08-01T02:06:16Z,7185512026-07-31,71855,2026-07-31,CANCELED,,
2026-08-01T02:06:16Z,3743812026-07-31,37438,2026-07-31,CANCELED,,
2026-08-01T02:06:16Z,1504212026-07-31,15042,2026-07-31,CANCELED,,
2026-08-01T02:06:16Z,0019222026-08-01,00192,2026-08-01,CANCELED,,
2026-08-01T02:06:16Z,0019212026-08-01,00192,2026-08-01,CANCELED,,
2026-08-01T02:06:16Z,1504312026-07-31,15043,2026-07-31,CANCELED,,
2026-08-01T02:06:16Z,1260812026-07-31,12608,2026-07-31,CANCELED,,
2026-08-01T02:06:16Z,1262312026-07-31,12623,2026-07-31,CANCELED,,
2026-08-01T02:06:16Z,3739212026-07-31,37392,2026-07-31,CANCELED,,
2026-08-01T02:06:16Z,3749222026-07-31,37492,2026-07-31,CANCELED,,
2026-08-01T02:06:16Z,3749212026-07-31,37492,2026-07-31,CANCELED,,
2026-08-01T02:06:16Z,1877712026-07-31,18777,2026-07-31,CANCELED,,
2026-08-01T02:06:16Z,1261112026-07-31,12611,2026-07-31,CANCELED,,
2026-08-01T02:06:16Z,1268912026-07-31,12689,2026-07-31,CANCELED,,
2026-08-01T02:06:16Z,1300212026-07-31,13002,2026-07-31,CANCELED,,
2026-08-01T02:11:27Z,1307912026-07-31,13079,2026-07-31,CANCELED,,
2026-08-01T02:11:27Z,3890512026-08-01,38905,2026-08-01,CANCELED,,
2026-08-01T02:11:27Z,3890512026-08-01,38905,2026-08-01,CANCELED,,
2026-08-01T02:11:27Z,1303222026-07-31,13032,2026-07-31,CANCELED,,
2026-08-01T02:11:27Z,1303112026-07-31,13031,2026-07-31,CANCELED,,
2026-08-01T02:11:27Z,1308932026-07-31,13089,2026-07-31,CANCELED,,
2026-08-01T02:11:27Z,1320812026-07-31,13208,2026-07-31,CANCELED,,
2026-08-01T02:11:27Z,1321922026-07-31,13219,2026-07-31,CANCELED,,
2026-08-01T02:11:27Z,1390212026-08-01,13902,2026-08-01,CANCELED,,
2026-08-01T02:11:27Z,3890212026-08-01,38902,2026-08-01,CANCELED,,
2026-08-01T02:11:27Z,1390412026-08-01,13904,2026-08-01,CANCELED,,
2026-08-01T02:11:27Z,1390412026-08-01,13904,2026-08-01,CANCELED,,
2026-08-01T02:11:27Z,1810522026-07-31,18105,2026-07-31,CANCELED,,
2026-08-01T02:11:27Z,3890412026-08-01,38904,2026-08-01,CANCELED,,
2026-08-01T02:11:27Z,3810512026-07-31,38105,2026-07-31,CANCELED,,
2026-08-01T02:11:27Z,3890412026-08-01,38904,2026-08-01,CANCELED,,
2026-08-01T02:11:27Z,1821712026-07-31,18217,2026-07-31,CANCELED,,
2026-08-01T02:11:27Z,1391012026-08-01,13910,2026-08-01,CANCELED,,
2026-08-01T02:11:27Z,1821812026-07-31,18218,2026-07-31,CANCELED,,
2026-08-01T02:11:27Z,1390512026-08-01,13905,2026-08-01,CANCELED,,
2026-08-01T02:11:27Z,1390512026-08-01,13905,2026-08-01,CANCELED,,
2026-08-01T02:11:27Z,1833012026-07-31,18330,2026-07-31,CANCELED,,
2026-08-01T02:11:27Z,1303512026-07-31,13035,2026-07-31,CANCELED,,
2026-08-01T02:11:27Z,0146012026-08-01,01460,2026-08-01,CANCELED,,
2026-08-01T02:11:27Z,0146022026-08-01,01460,2026-08-01,CANCELED,,
2026-08-01T02:11:27Z,0146032026-08-01,01460,2026-08-01,CANCELED,,
2026-08-01T02:11:27Z,1803512026-07-31,18035,2026-07-31,CANCELED,,
2026-08-01T02:11:27Z,3746012026-07-31,37460,2026-07-31,CANCELED,,
2026-08-01T02:11:27Z,1325822026-07-31,13258,2026-07-31,CANCELED,,
2026-08-01T02:11:27Z,0043812026-08-01,00438,2026-08-01,CANCELED,,
2026-08-01T02:11:27Z,0043822026-08-01,00438,2026-08-01,CANCELED,,
2026-08-01T02:11:27Z,0043832026-08-01,00438,2026-08-01,CANCELED,,
2026-08-01T02:11:27Z,1833122026-07-31,18331,2026-07-31,CANCELED,,
2026-08-01T02:11:27Z,3743812026-07-31,37438,2026-07-31,CANCELED,,
2026-08-01T02:11:27Z,7185512026-07-31,71855,2026-07-31,CANCELED,,
2026-08-01T02:11:27Z,1504212026-07-31,15042,2026-07-31,CANCELED,,
2026-08-01T02:11:27Z,0019222026-08-01,00192,2026-08-01,CANCELED,,
2026-08-01T02:11:27Z,0019212026-08-01,00192,2026-08-01,CANCELED,,
2026-08-01T02:11:27Z,1504312026-07-31,15043,2026-07-31,CANCELED,,
2026-08-01T02:11:27Z,1260812026-07-31,12608,2026-07-31,CANCELED,,
2026-08-01T02:11:27Z,3739212026-07-31,37392,2026-07-31,CANCELED,,
2026-08-01T02:11:27Z,1262312026-07-31,12623,2026-07-31,CANCELED,,
2026-08-01T02:11:27Z,3749222026-07-31,37492,2026-07-31,CANCELED,,
2026-08-01T02:11:27Z,3749212026-07-31,37492,2026-07-31,CANCELED,,
2026-08-01T02:11:27Z,1261112026-07-31,12611,2026-07-31,CANCELED,,
2026-08-01T02:11:27Z,1877712026-07-31,18777,2026-07-31,CANCELED,,
2026-08-01T02:11:27Z,1268912026-07-31,12689,2026-07-31,CANCELED,,
2026-08-01T02:11:27Z,1300212026-07-31,13002,2026-07-31,CANCELED,,
2026-08-01T02:16:29Z,3890512026-08-01,38905,2026-08-01,CANCELED,,
2026-08-01T02:16:29Z,1307912026-07-31,13079,2026-07-31,CANCELED,,
2026-08-01T02:16:29Z,3890512026-08-01,38905,2026-08-01,CANCELED,,
2026-08-01T02:16:29Z,1303222026-07-31,13032,2026-07-31,CANCELED,,
2026-08-01T02:16:29Z,1303112026-07-31,13031,2026-07-31,CANCELED,,
2026-08-01T02:16:29Z,1308932026-07-31,13089,2026-07-31,CANCELED,,
2026-08-01T02:16:29Z,1320812026-07-31,13208,2026-07-31,CANCELED,,
2026-08-01T02:16:29Z,1321922026-07-31,13219,2026-07-31,CANCELED,,
2026-08-01T02:16:29Z,1390212026-08-01,13902,2026-08-01,CANCELED,,
2026-08-01T02:16:29Z,3890212026-08-01,38902,2026-08-01,CANCELED,,
2026-08-01T02:16:29Z,1390412026-08-01,13904,2026-08-01,CANCELED,,
2026-08-01T02:16:29Z,1390412026-08-01,13904,2026-08-01,CANCELED,,
2026-08-01T02:16:29Z,1810522026-07-31,18105,2026-07-31,CANCELED,,
2026-08-01T02:16:29Z,3890412026-08-01,38904,2026-08-01,CANCELED,,
2026-08-01T02:16:29Z,3810512026-07-31,38105,2026-07-31,CANCELED,,
2026-08-01T02:16:29Z,3890412026-08-01,38904,2026-08-01,CANCELED,,
2026-08-01T02:16:29Z,1821712026-07-31,18217,2026-07-31,CANCELED,,
2026-08-01T02:16:29Z,1391012026-08-01,13910,2026-08-01,CANCELED,,
2026-08-01T02:16:29Z,1821812026-07-31,18218,2026-07-31,CANCELED,,
2026-08-01T02:16:29Z,1390512026-08-01,13905,2026-08-01,CANCELED,,
2026-08-01T02:16:29Z,1390512026-08-01,13905,2026-08-01,CANCELED,,
2026-08-01T02:16:29Z,1833012026-07-31,18330,2026-07-31,CANCELED,,
2026-08-01T02:16:29Z,1303512026-07-31,13035,2026-07-31,CANCELED,,
2026-08-01T02:16:29Z,0146012026-08-01,01460,2026-08-01,CANCELED,,
2026-08-01T02:16:29Z,0146022026-08-01,01460,2026-08-01,CANCELED,,
2026-08-01T02:16:29Z,0146032026-08-01,01460,2026-08-01,CANCELED,,
2026-08-01T02:16:29Z,1803512026-07-31,18035,2026-07-31,CANCELED,,
2026-08-01T02:16:29Z,3746012026-07-31,37460,2026-07-31,CANCELED,,
2026-08-01T02:16:29Z,1325822026-07-31,13258,2026-07-31,CANCELED,,
2026-08-01T02:16:29Z,1833122026-07-31,18331,2026-07-31,CANCELED,,
2026-08-01T02:16:29Z,0043812026-08-01,00438,2026-08-01,CANCELED,,
2026-08-01T02:16:29Z,0043822026-08-01,00438,2026-08-01,CANCELED,,
2026-08-01T02:16:29Z,0043832026-08-01,00438,2026-08-01,CANCELED,,
2026-08-01T02:16:29Z,7185512026-07-31,71855,2026-07-31,CANCELED,,
2026-08-01T02:16:29Z,3743812026-07-31,37438,2026-07-31,CANCELED,,
2026-08-01T02:16:29Z,1504212026-07-31,15042,2026-07-31,CANCELED,,
2026-08-01T02:16:29Z,1504312026-07-31,15043,2026-07-31,CANCELED,,
2026-08-01T02:16:29Z,0019222026-08-01,00192,2026-08-01,CANCELED,,
2026-08-01T02:16:29Z,0019212026-08-01,00192,2026-08-01,CANCELED,,
2026-08-01T02:16:29Z,1260812026-07-31,12608,2026-07-31,CANCELED,,
2026-08-01T02:16:29Z,1262312026-07-31,12623,2026-07-31,CANCELED,,
2026-08-01T02:16:29Z,3739212026-07-31,37392,2026-07-31,CANCELED,,
2026-08-01T02:16:29Z,1877712026-07-31,18777,2026-07-31,CANCELED,,
2026-08-01T02:16:29Z,3749222026-07-31,37492,2026-07-31,CANCELED,,
2026-08-01T02:16:29Z,3749212026-07-31,37492,2026-07-31,CANCELED,,
2026-08-01T02:16:29Z,1261112026-07-31,12611,2026-07-31,CANCELED,,
2026-08-01T02:16:29Z,1268912026-07-31,12689,2026-07-31,CANCELED,,
2026-08-01T02:16:29Z,1300212026-07-31,13002,2026-07-31,CANCELED,,
2026-08-01T02:21:21Z,3890512026-08-01,38905,2026-08-01,CANCELED,,
2026-08-01T02:21:21Z,1307912026-07-31,13079,2026-07-31,CANCELED,,
2026-08-01T02:21:21Z,3890512026-08-01,38905,2026-08-01,CANCELED,,
2026-08-01T02:21:21Z,1303222026-07-31,13032,2026-07-31,CANCELED,,
2026-08-01T02:21:21Z,1303112026-07-31,13031,2026-07-31,CANCELED,,
2026-08-01T02:21:21Z,1308932026-07-31,13089,2026-07-31,CANCELED,,
2026-08-01T02:21:21Z,1320812026-07-31,13208,2026-07-31,CANCELED,,
2026-08-01T02:21:21Z,1321922026-07-31,13219,2026-07-31,CANCELED,,
2026-08-01T02:21:21Z,1390212026-08-01,13902,2026-08-01,CANCELED,,
2026-08-01T02:21:21Z,3890212026-08-01,38902,2026-08-01,CANCELED,,
2026-08-01T02:21:21Z,1390412026-08-01,13904,2026-08-01,CANCELED,,
2026-08-01T02:21:21Z,1390412026-08-01,13904,2026-08-01,CANCELED,,
2026-08-01T02:21:21Z,1810522026-07-31,18105,2026-07-31,CANCELED,,
2026-08-01T02:21:21Z,3890412026-08-01,38904,2026-08-01,CANCELED,,
2026-08-01T02:21:21Z,3810512026-07-31,38105,2026-07-31,CANCELED,,
2026-08-01T02:21:21Z,3890412026-08-01,38904,2026-08-01,CANCELED,,
2026-08-01T02:21:21Z,1821712026-07-31,18217,2026-07-31,CANCELED,,
2026-08-01T02:21:21Z,1391012026-08-01,13910,2026-08-01,CANCELED,,
2026-08-01T02:21:21Z,1821812026-07-31,18218,2026-07-31,CANCELED,,
2026-08-01T02:21:21Z,1390512026-08-01,13905,2026-08-01,CANCELED,,
2026-08-01T02:21:21Z,1390512026-08-01,13905,2026-08-01,CANCELED,,
2026-08-01T02:21:21Z,1833012026-07-31,18330,2026-07-31,CANCELED,,
2026-08-01T02:21:21Z,1303512026-07-31,13035,2026-07-31,CANCELED,,
2026-08-01T02:21:21Z,0146012026-08-01,01460,2026-08-01,CANCELED,,
2026-08-01T02:21:21Z,0146022026-08-01,01460,2026-08-01,CANCELED,,
2026-08-01T02:21:21Z,0146032026-08-01,01460,2026-08-01,CANCELED,,
2026-08-01T02:21:21Z,1803512026-07-31,18035,2026-07-31,CANCELED,,
2026-08-01T02:21:21Z,3746012026-07-31,37460,2026-07-31,CANCELED,,
2026-08-01T02:21:21Z,1325822026-07-31,13258,2026-07-31,CANCELED,,
2026-08-01T02:21:21Z,1833122026-07-31,18331,2026-07-31,CANCELED,,
2026-08-01T02:21:21Z,0043812026-08-01,00438,2026-08-01,CANCELED,,
2026-08-01T02:21:21Z,0043822026-08-01,00438,2026-08-01,CANCELED,,
2026-08-01T02:21:21Z,0043832026-08-01,00438,2026-08-01,CANCELED,,
2026-08-01T02:21:21Z,7185512026-07-31,71855,2026-07-31,CANCELED,,
2026-08-01T02:21:21Z,3743812026-07-31,37438,2026-07-31,CANCELED,,
2026-08-01T02:21:21Z,1504212026-07-31,15042,2026-07-31,CANCELED,,
2026-08-01T02:21:21Z,1504312026-07-31,15043,2026-07-31,CANCELED,,
2026-08-01T02:21:21Z,0019222026-08-01,00192,2026-08-01,CANCELED,,
2026-08-01T02:21:21Z,0019212026-08-01,00192,2026-08-01,CANCELED,,
2026-08-01T02:21:21Z,1260812026-07-31,12608,2026-07-31,CANCELED,,
2026-08-01T02:21:21Z,1262312026-07-31,12623,2026-07-31,CANCELED,,
2026-08-01T02:21:21Z,3739212026-07-31,37392,2026-07-31,CANCELED,,
2026-08-01T02:21:21Z,3749222026-07-31,37492,2026-07-31,CANCELED,,
2026-08-01T02:21:21Z,3749212026-07-31,37492,2026-07-31,CANCELED,,
2026-08-01T02:21:21Z,1877712026-07-31,18777,2026-07-31,CANCELED,,
2026-08-01T02:21:21Z,1261112026-07-31,12611,2026-07-31,CANCELED,,
2026-08-01T02:21:21Z,1268912026-07-31,12689,2026-07-31,CANCELED,,
2026-08-01T02:21:21Z,1300212026-07-31,13002,2026-07-31,CANCELED,,
2026-08-01T02:26:18Z,1307912026-07-31,13079,2026-07-31,CANCELED,,
2026-08-01T02:26:18Z,3890512026-08-01,38905,2026-08-01,CANCELED,,
2026-08-01T02:26:18Z,3890512026-08-01,38905,2026-08-01,CANCELED,,
2026-08-01T02:26:18Z,1303222026-07-31,13032,2026-07-31,CANCELED,,
2026-08-01T02:26:18Z,1303112026-07-31,13031,2026-07-31,CANCELED,,
2026-08-01T02:26:18Z,1308932026-07-31,13089,2026-07-31,CANCELED,,
2026-08-01T02:26:18Z,1320812026-07-31,13208,2026-07-31,CANCELED,,
2026-08-01T02:26:18Z,1321922026-07-31,13219,2026-07-31,CANCELED,,
2026-08-01T02:26:18Z,1390212026-08-01,13902,2026-08-01,CANCELED,,
2026-08-01T02:26:18Z,3890212026-08-01,38902,2026-08-01,CANCELED,,
2026-08-01T02:26:18Z,1390412026-08-01,13904,2026-08-01,CANCELED,,
2026-08-01T02:26:18Z,1390412026-08-01,13904,2026-08-01,CANCELED,,
2026-08-01T02:26:18Z,1810522026-07-31,18105,2026-07-31,CANCELED,,
2026-08-01T02:26:18Z,3890412026-08-01,38904,2026-08-01,CANCELED,,
2026-08-01T02:26:18Z,3810512026-07-31,38105,2026-07-31,CANCELED,,
2026-08-01T02:26:18Z,3890412026-08-01,38904,2026-08-01,CANCELED,,
2026-08-01T02:26:18Z,1821712026-07-31,18217,2026-07-31,CANCELED,,
2026-08-01T02:26:18Z,1391012026-08-01,13910,2026-08-01,CANCELED,,
2026-08-01T02:26:18Z,1390512026-08-01,13905,2026-08-01,CANCELED,,
2026-08-01T02:26:18Z,1821812026-07-31,18218,2026-07-31,CANCELED,,
2026-08-01T02:26:18Z,1390512026-08-01,13905,2026-08-01,CANCELED,,
2026-08-01T02:26:18Z,1833012026-07-31,18330,2026-07-31,CANCELED,,
2026-08-01T02:26:18Z,0146012026-08-01,01460,2026-08-01,CANCELED,,
2026-08-01T02:26:18Z,0146022026-08-01,01460,2026-08-01,CANCELED,,
2026-08-01T02:26:18Z,0146032026-08-01,01460,2026-08-01,CANCELED,,
2026-08-01T02:26:18Z,1303512026-07-31,13035,2026-07-31,CANCELED,,
2026-08-01T02:26:18Z,3746012026-07-31,37460,2026-07-31,CANCELED,,
2026-08-01T02:26:18Z,1803512026-07-31,18035,2026-07-31,CANCELED,,
2026-08-01T02:26:18Z,1325822026-07-31,13258,2026-07-31,CANCELED,,
2026-08-01T02:26:18Z,0043812026-08-01,00438,2026-08-01,CANCELED,,
2026-08-01T02:26:18Z,0043822026-08-01,00438,2026-08-01,CANCELED,,
2026-08-01T02:26:18Z,0043832026-08-01,00438,2026-08-01,CANCELED,,
2026-08-01T02:26:18Z,1833122026-07-31,18331,2026-07-31,CANCELED,,
2026-08-01T02:26:18Z,3743812026-07-31,37438,2026-07-31,CANCELED,,
2026-08-01T02:26:18Z,7185512026-07-31,71855,2026-07-31,CANCELED,,
2026-08-01T02:26:18Z,1504212026-07-31,15042,2026-07-31,CANCELED,,
2026-08-01T02:26:18Z,0019222026-08-01,00192,2026-08-01,CANCELED,,
2026-08-01T02:26:18Z,0019212026-08-01,00192,2026-08-01,CANCELED,,
2026-08-01T02:26:18Z,1504312026-07-31,15043,2026-07-31,CANCELED,,
2026-08-01T02:26:18Z,1260812026-07-31,12608,2026-07-31,CANCELED,,
2026-08-01T02:26:18Z,1262312026-07-31,12623,2026-07-31,CANCELED,,
2026-08-01T02:26:18Z,3739212026-07-31,37392,2026-07-31,CANCELED,,
2026-08-01T02:26:18Z,3749222026-07-31,37492,2026-07-31,CANCELED,,
2026-08-01T02:26:18Z,3749212026-07-31,37492,2026-07-31,CANCELED,,
2026-08-01T02:26:18Z,1877712026-07-31,18777,2026-07-31,CANCELED,,
2026-08-01T02:26:18Z,1261112026-07-31,12611,2026-07-31,CANCELED,,
2026-08-01T02:26:18Z,1268912026-07-31,12689,2026-07-31,CANCELED,,
2026-08-01T02:26:18Z,1300212026-07-31,13002,2026-07-31,CANCELED,,
2026-08-01T02:31:35Z,1307912026-07-31,13079,2026-07-31,CANCELED,,
2026-08-01T02:31:35Z,3890512026-08-01,38905,2026-08-01,CANCELED,,
2026-08-01T02:31:35Z,3890512026-08-01,38905,2026-08-01,CANCELED,,
2026-08-01T02:31:35Z,1303222026-07-31,13032,2026-07-31,CANCELED,,
2026-08-01T02:31:35Z,1303112026-07-31,13031,2026-07-31,CANCELED,,
2026-08-01T02:31:35Z,1308932026-07-31,13089,2026-07-31,CANCELED,,
2026-08-01T02:31:35Z,1320812026-07-31,13208,2026-07-31,CANCELED,,
2026-08-01T02:31:35Z,1321922026-07-31,13219,2026-07-31,CANCELED,,
2026-08-01T02:31:35Z,1390212026-08-01,13902,2026-08-01,CANCELED,,
2026-08-01T02:31:35Z,3890212026-08-01,38902,2026-08-01,CANCELED,,
2026-08-01T02:31:35Z,1390412026-08-01,13904,2026-08-01,CANCELED,,
2026-08-01T02:31:35Z,1390412026-08-01,13904,2026-08-01,CANCELED,,
2026-08-01T02:31:35Z,1810522026-07-31,18105,2026-07-31,CANCELED,,
2026-08-01T02:31:35Z,3890412026-08-01,38904,2026-08-01,CANCELED,,
2026-08-01T02:31:35Z,3810512026-07-31,38105,2026-07-31,CANCELED,,
2026-08-01T02:31:35Z,3890412026-08-01,38904,2026-08-01,CANCELED,,
2026-08-01T02:31:35Z,1821712026-07-31,18217,2026-07-31,CANCELED,,
2026-08-01T02:31:35Z,1391012026-08-01,13910,2026-08-01,CANCELED,,
2026-08-01T02:31:35Z,1821812026-07-31,18218,2026-07-31,CANCELED,,
2026-08-01T02:31:35Z,1390512026-08-01,13905,2026-08-01,CANCELED,,
2026-08-01T02:31:35Z,1390512026-08-01,13905,2026-08-01,CANCELED,,
2026-08-01T02:31:35Z,1833012026-07-31,18330,2026-07-31,CANCELED,,
2026-08-01T02:31:35Z,1303512026-07-31,13035,2026-07-31,CANCELED,,
2026-08-01T02:31:35Z,0146012026-08-01,01460,2026-08-01,CANCELED,,
2026-08-01T02:31:35Z,0146022026-08-01,01460,2026-08-01,CANCELED,,
2026-08-01T02:31:35Z,0146032026-08-01,01460,2026-08-01,CANCELED,,
2026-08-01T02:31:35Z,1803512026-07-31,18035,2026-07-31,CANCELED,,
2026-08-01T02:31:35Z,3746012026-07-31,37460,2026-07-31,CANCELED,,
2026-08-01T02:31:35Z,1325822026-07-31,13258,2026-07-31,CANCELED,,
2026-08-01T02:31:35Z,0043812026-08-01,00438,2026-08-01,CANCELED,,
2026-08-01T02:31:35Z,0043822026-08-01,00438,2026-08-01,CANCELED,,
2026-08-01T02:31:35Z,0043832026-08-01,00438,2026-08-01,CANCELED,,
2026-08-01T02:31:35Z,1833122026-07-31,18331,2026-07-31,CANCELED,,
2026-08-01T02:31:35Z,3743812026-07-31,37438,2026-07-31,CANCELED,,
2026-08-01T02:31:35Z,7185512026-07-31,71855,2026-07-31,CANCELED,,
2026-08-01T02:31:35Z,1504212026-07-31,15042,2026-07-31,CANCELED,,
2026-08-01T02:31:35Z,0019222026-08-01,00192,2026-08-01,CANCELED,,
2026-08-01T02:31:35Z,0019212026-08-01,00192,2026-08-01,CANCELED,,
2026-08-01T02:31:35Z,1504312026-07-31,15043,2026-07-31,CANCELED,,
2026-08-01T02:31:35Z,1260812026-07-31,12608,2026-07-31,CANCELED,,
2026-08-01T02:31:35Z,1262312026-07-31,12623,2026-07-31,CANCELED,,
2026-08-01T02:31:35Z,3739212026-07-31,37392,2026-07-31,CANCELED,,
2026-08-01T02:31:35Z,3749222026-07-31,37492,2026-07-31,CANCELED,,
2026-08-01T02:31:35Z,3749212026-07-31,37492,2026-07-31,CANCELED,,
2026-08-01T02:31:35Z,1877712026-07-31,18777,2026-07-31,CANCELED,,
2026-08-01T02:31:35Z,1261112026-07-31,12611,2026-07-31,CANCELED,,
2026-08-01T02:31:35Z,1268912026-07-31,12689,2026-07-31,CANCELED,,
2026-08-01T02:31:35Z,1300212026-07-31,13002,2026-07-31,CANCELED,,
2026-08-01T02:36:18Z,3890512026-08-01,38905,2026-08-01,CANCELED,,
2026-08-01T02:36:18Z,1307912026-07-31,13079,2026-07-31,CANCELED,,
2026-08-01T02:36:18Z,3890512026-08-01,38905,2026-08-01,CANCELED,,
2026-08-01T02:36:18Z,1303222026-07-31,13032,2026-07-31,CANCELED,,
2026-08-01T02:36:18Z,1303112026-07-31,13031,2026-07-31,CANCELED,,
2026-08-01T02:36:18Z,1308932026-07-31,13089,2026-07-31,CANCELED,,
2026-08-01T02:36:18Z,1320812026-07-31,13208,2026-07-31,CANCELED,,
2026-08-01T02:36:18Z,1321922026-07-31,13219,2026-07-31,CANCELED,,
2026-08-01T02:36:18Z,1390212026-08-01,13902,2026-08-01,CANCELED,,
2026-08-01T02:36:18Z,3890212026-08-01,38902,2026-08-01,CANCELED,,
2026-08-01T02:36:18Z,1390412026-08-01,13904,2026-08-01,CANCELED,,
2026-08-01T02:36:18Z,1390412026-08-01,13904,2026-08-01,CANCELED,,
2026-08-01T02:36:18Z,1810522026-07-31,18105,2026-07-31,CANCELED,,
2026-08-01T02:36:18Z,3890412026-08-01,38904,2026-08-01,CANCELED,,
2026-08-01T02:36:18Z,3810512026-07-31,38105,2026-07-31,CANCELED,,
2026-08-01T02:36:18Z,3890412026-08-01,38904,2026-08-01,CANCELED,,
2026-08-01T02:36:18Z,1821712026-07-31,18217,2026-07-31,CANCELED,,
2026-08-01T02:36:18Z,1391012026-08-01,13910,2026-08-01,CANCELED,,
2026-08-01T02:36:18Z,1821812026-07-31,18218,2026-07-31,CANCELED,,
2026-08-01T02:36:18Z,1390512026-08-01,13905,2026-08-01,CANCELED,,
2026-08-01T02:36:18Z,1390512026-08-01,13905,2026-08-01,CANCELED,,
2026-08-01T02:36:18Z,1833012026-07-31,18330,2026-07-31,CANCELED,,
2026-08-01T02:36:18Z,1303512026-07-31,13035,2026-07-31,CANCELED,,
2026-08-01T02:36:18Z,0146012026-08-01,01460,2026-08-01,CANCELED,,
2026-08-01T02:36:18Z,0146022026-08-01,01460,2026-08-01,CANCELED,,
2026-08-01T02:36:18Z,0146032026-08-01,01460,2026-08-01,CANCELED,,
2026-08-01T02:36:18Z,1803512026-07-31,18035,2026-07-31,CANCELED,,
2026-08-01T02:36:18Z,3746012026-07-31,37460,2026-07-31,CANCELED,,
2026-08-01T02:36:18Z,1325822026-07-31,13258,2026-07-31,CANCELED,,
2026-08-01T02:36:18Z,1833122026-07-31,18331,2026-07-31,CANCELED,,
2026-08-01T02:36:18Z,0043812026-08-01,00438,2026-08-01,CANCELED,,
2026-08-01T02:36:18Z,0043822026-08-01,00438,2026-08-01,CANCELED,,
2026-08-01T02:36:18Z,0043832026-08-01,00438,2026-08-01,CANCELED,,
2026-08-01T02:36:18Z,7185512026-07-31,71855,2026-07-31,CANCELED,,
2026-08-01T02:36:18Z,3743812026-07-31,37438,2026-07-31,CANCELED,,
2026-08-01T02:36:18Z,1504212026-07-31,15042,2026-07-31,CANCELED,,
2026-08-01T02:36:18Z,1504312026-07-31,15043,2026-07-31,CANCELED,,
2026-08-01T02:36:18Z,0019222026-08-01,00192,2026-08-01,CANCELED,,
2026-08-01T02:36:18Z,0019212026-08-01,00192,2026-08-01,CANCELED,,
2026-08-01T02:36:18Z,1260812026-07-31,12608,2026-07-31,CANCELED,,
2026-08-01T02:36:18Z,1262312026-07-31,12623,2026-07-31,CANCELED,,
2026-08-01T02:36:18Z,3739212026-07-31,37392,2026-07-31,CANCELED,,
2026-08-01T02:36:18Z,1877712026-07-31,18777,2026-07-31,CANCELED,,
2026-08-01T02:36:18Z,3749222026-07-31,37492,2026-07-31,CANCELED,,
2026-08-01T02:36:18Z,3749212026-07-31,37492,2026-07-31,CANCELED,,
2026-08-01T02:36:18Z,1261112026-07-31,12611,2026-07-31,CANCELED,,
2026-08-01T02:36:18Z,1268912026-07-31,12689,2026-07-31,CANCELED,,
2026-08-01T02:36:18Z,1300212026-07-31,13002,2026-07-31,CANCELED,,
2026-08-01T02:41:29Z,3890512026-08-01,38905,2026-08-01,CANCELED,,
2026-08-01T02:41:29Z,1307912026-07-31,13079,2026-07-31,CANCELED,,
2026-08-01T02:41:29Z,3890512026-08-01,38905,2026-08-01,CANCELED,,
2026-08-01T02:41:29Z,1303222026-07-31,13032,2026-07-31,CANCELED,,
2026-08-01T02:41:29Z,1303112026-07-31,13031,2026-07-31,CANCELED,,
2026-08-01T02:41:29Z,1308932026-07-31,13089,2026-07-31,CANCELED,,
2026-08-01T02:41:29Z,1320812026-07-31,13208,2026-07-31,CANCELED,,
2026-08-01T02:41:29Z,1321922026-07-31,13219,2026-07-31,CANCELED,,
2026-08-01T02:41:29Z,1390212026-08-01,13902,2026-08-01,CANCELED,,
2026-08-01T02:41:29Z,3890212026-08-01,38902,2026-08-01,CANCELED,,
2026-08-01T02:41:29Z,1390412026-08-01,13904,2026-08-01,CANCELED,,
2026-08-01T02:41:29Z,1390412026-08-01,13904,2026-08-01,CANCELED,,
2026-08-01T02:41:29Z,3890412026-08-01,38904,2026-08-01,CANCELED,,
2026-08-01T02:41:29Z,1810522026-07-31,18105,2026-07-31,CANCELED,,
2026-08-01T02:41:29Z,3890412026-08-01,38904,2026-08-01,CANCELED,,
2026-08-01T02:41:29Z,3810512026-07-31,38105,2026-07-31,CANCELED,,
2026-08-01T02:41:29Z,1391012026-08-01,13910,2026-08-01,CANCELED,,
2026-08-01T02:41:29Z,1821712026-07-31,18217,2026-07-31,CANCELED,,
2026-08-01T02:41:29Z,1390512026-08-01,13905,2026-08-01,CANCELED,,
2026-08-01T02:41:29Z,1821812026-07-31,18218,2026-07-31,CANCELED,,
2026-08-01T02:41:29Z,1390512026-08-01,13905,2026-08-01,CANCELED,,
2026-08-01T02:41:29Z,1833012026-07-31,18330,2026-07-31,CANCELED,,
2026-08-01T02:41:29Z,0146012026-08-01,01460,2026-08-01,CANCELED,,
2026-08-01T02:41:29Z,0146022026-08-01,01460,2026-08-01,CANCELED,,
2026-08-01T02:41:29Z,0146032026-08-01,01460,2026-08-01,CANCELED,,
2026-08-01T02:41:29Z,1303512026-07-31,13035,2026-07-31,CANCELED,,
2026-08-01T02:41:29Z,3746012026-07-31,37460,2026-07-31,CANCELED,,
2026-08-01T02:41:29Z,1803512026-07-31,18035,2026-07-31,CANCELED,,
2026-08-01T02:41:29Z,1325822026-07-31,13258,2026-07-31,CANCELED,,
2026-08-01T02:41:29Z,0043812026-08-01,00438,2026-08-01,CANCELED,,
2026-08-01T02:41:29Z,0043822026-08-01,00438,2026-08-01,CANCELED,,
2026-08-01T02:41:29Z,0043832026-08-01,00438,2026-08-01,CANCELED,,
2026-08-01T02:41:29Z,1833122026-07-31,18331,2026-07-31,CANCELED,,
2026-08-01T02:41:29Z,3743812026-07-31,37438,2026-07-31,CANCELED,,
2026-08-01T02:41:29Z,7185512026-07-31,71855,2026-07-31,CANCELED,,
2026-08-01T02:41:29Z,1504212026-07-31,15042,2026-07-31,CANCELED,,
2026-08-01T02:41:29Z,0019222026-08-01,00192,2026-08-01,CANCELED,,
2026-08-01T02:41:29Z,0019212026-08-01,00192,2026-08-01,CANCELED,,
2026-08-01T02:41:29Z,1504312026-07-31,15043,2026-07-31,CANCELED,,
2026-08-01T02:41:29Z,1260812026-07-31,12608,2026-07-31,CANCELED,,
2026-08-01T02:41:29Z,1262312026-07-31,12623,2026-07-31,CANCELED,,
2026-08-01T02:41:29Z,3739212026-07-31,37392,2026-07-31,CANCELED,,
2026-08-01T02:41:29Z,3749222026-07-31,37492,2026-07-31,CANCELED,,
2026-08-01T02:41:29Z,3749212026-07-31,37492,2026-07-31,CANCELED,,
2026-08-01T02:41:29Z,1877712026-07-31,18777,2026-07-31,CANCELED,,
2026-08-01T02:41:29Z,1261112026-07-31,12611,2026-07-31,CANCELED,,
2026-08-01T02:41:29Z,1268912026-07-31,12689,2026-07-31,CANCELED,,
2026-08-01T02:41:29Z,1300212026-07-31,13002,2026-07-31,CANCELED,,
2026-08-01T02:46:29Z,1307912026-07-31,13079,2026-07-31,CANCELED,,
2026-08-01T02:46:29Z,3890512026-08-01,38905,2026-08-01,CANCELED,,
2026-08-01T02:46:29Z,3890512026-08-01,38905,2026-08-01,CANCELED,,
2026-08-01T02:46:29Z,1303222026-07-31,13032,2026-07-31,CANCELED,,
2026-08-01T02:46:29Z,1303112026-07-31,13031,2026-07-31,CANCELED,,
2026-08-01T02:46:29Z,1308932026-07-31,13089,2026-07-31,CANCELED,,
2026-08-01T02:46:29Z,1320812026-07-31,13208,2026-07-31,CANCELED,,
2026-08-01T02:46:29Z,1321922026-07-31,13219,2026-07-31,CANCELED,,
2026-08-01T02:46:29Z,1390212026-08-01,13902,2026-08-01,CANCELED,,
2026-08-01T02:46:29Z,3890212026-08-01,38902,2026-08-01,CANCELED,,
2026-08-01T02:46:29Z,1390412026-08-01,13904,2026-08-01,CANCELED,,
2026-08-01T02:46:29Z,1390412026-08-01,13904,2026-08-01,CANCELED,,
2026-08-01T02:46:29Z,3890412026-08-01,38904,2026-08-01,CANCELED,,
2026-08-01T02:46:29Z,1810522026-07-31,18105,2026-07-31,CANCELED,,
2026-08-01T02:46:29Z,3890412026-08-01,38904,2026-08-01,CANCELED,,
2026-08-01T02:46:29Z,3810512026-07-31,38105,2026-07-31,CANCELED,,
2026-08-01T02:46:29Z,1391012026-08-01,13910,2026-08-01,CANCELED,,
2026-08-01T02:46:29Z,1821712026-07-31,18217,2026-07-31,CANCELED,,
2026-08-01T02:46:29Z,1390512026-08-01,13905,2026-08-01,CANCELED,,
2026-08-01T02:46:29Z,1821812026-07-31,18218,2026-07-31,CANCELED,,
2026-08-01T02:46:29Z,1390512026-08-01,13905,2026-08-01,CANCELED,,
2026-08-01T02:46:29Z,1833012026-07-31,18330,2026-07-31,CANCELED,,
2026-08-01T02:46:29Z,0146012026-08-01,01460,2026-08-01,CANCELED,,
2026-08-01T02:46:29Z,0146022026-08-01,01460,2026-08-01,CANCELED,,
2026-08-01T02:46:29Z,0146032026-08-01,01460,2026-08-01,CANCELED,,
2026-08-01T02:46:29Z,1303512026-07-31,13035,2026-07-31,CANCELED,,
2026-08-01T02:46:29Z,3746012026-07-31,37460,2026-07-31,CANCELED,,
2026-08-01T02:46:29Z,1803512026-07-31,18035,2026-07-31,CANCELED,,
2026-08-01T02:46:29Z,1325822026-07-31,13258,2026-07-31,CANCELED,,
2026-08-01T02:46:29Z,0043812026-08-01,00438,2026-08-01,CANCELED,,
2026-08-01T02:46:29Z,0043822026-08-01,00438,2026-08-01,CANCELED,,
2026-08-01T02:46:29Z,0043832026-08-01,00438,2026-08-01,CANCELED,,
2026-08-01T02:46:29Z,3743812026-07-31,37438,2026-07-31,CANCELED,,
2026-08-01T02:46:29Z,1833122026-07-31,18331,2026-07-31,CANCELED,,
2026-08-01T02:46:29Z,7185512026-07-31,71855,2026-07-31,CANCELED,,
2026-08-01T02:46:29Z,0019222026-08-01,00192,2026-08-01,CANCELED,,
2026-08-01T02:46:29Z,0019212026-08-01,00192,2026-08-01,CANCELED,,
2026-08-01T02:46:29Z,1504212026-07-31,15042,2026-07-31,CANCELED,,
2026-08-01T02:46:29Z,1504312026-07-31,15043,2026-07-31,CANCELED,,
2026-08-01T02:46:29Z,3739212026-07-31,37392,2026-07-31,CANCELED,,
2026-08-01T02:46:29Z,1260812026-07-31,12608,2026-07-31,CANCELED,,
2026-08-01T02:46:29Z,1262312026-07-31,12623,2026-07-31,CANCELED,,
2026-08-01T02:46:29Z,3749222026-07-31,37492,2026-07-31,CANCELED,,
2026-08-01T02:46:29Z,3749212026-07-31,37492,2026-07-31,CANCELED,,
2026-08-01T02:46:29Z,1261112026-07-31,12611,2026-07-31,CANCELED,,
2026-08-01T02:46:29Z,1268912026-07-31,12689,2026-07-31,CANCELED,,
2026-08-01T02:46:29Z,1877712026-07-31,18777,2026-07-31,CANCELED,,
2026-08-01T02:46:29Z,1300212026-07-31,13002,2026-07-31,CANCELED,,
2026-08-01T02:51:28Z,1307912026-07-31,13079,2026-07-31,CANCELED,,
2026-08-01T02:51:28Z,3890512026-08-01,38905,2026-08-01,CANCELED,,
2026-08-01T02:51:28Z,1303222026-07-31,13032,2026-07-31,CANCELED,,
2026-08-01T02:51:28Z,3890512026-08-01,38905,2026-08-01,CANCELED,,
2026-08-01T02:51:28Z,1303112026-07-31,13031,2026-07-31,CANCELED,,
2026-08-01T02:51:28Z,1320812026-07-31,13208,2026-07-31,CANCELED,,
2026-08-01T02:51:28Z,1321922026-07-31,13219,2026-07-31,CANCELED,,
2026-08-01T02:51:28Z,1308932026-07-31,13089,2026-07-31,CANCELED,,
2026-08-01T02:51:28Z,1390212026-08-01,13902,2026-08-01,CANCELED,,
2026-08-01T02:51:28Z,3890212026-08-01,38902,2026-08-01,CANCELED,,
2026-08-01T02:51:28Z,1390412026-08-01,13904,2026-08-01,CANCELED,,
2026-08-01T02:51:28Z,1390412026-08-01,13904,2026-08-01,CANCELED,,
2026-08-01T02:51:28Z,3890412026-08-01,38904,2026-08-01,CANCELED,,
2026-08-01T02:51:28Z,3890412026-08-01,38904,2026-08-01,CANCELED,,
2026-08-01T02:51:28Z,1391012026-08-01,13910,2026-08-01,CANCELED,,
2026-08-01T02:51:28Z,1810522026-07-31,18105,2026-07-31,CANCELED,,
2026-08-01T02:51:28Z,1390512026-08-01,13905,2026-08-01,CANCELED,,
2026-08-01T02:51:28Z,3810512026-07-31,38105,2026-07-31,CANCELED,,
2026-08-01T02:51:28Z,1390512026-08-01,13905,2026-08-01,CANCELED,,
2026-08-01T02:51:28Z,1821712026-07-31,18217,2026-07-31,CANCELED,,
2026-08-01T02:51:28Z,1821812026-07-31,18218,2026-07-31,CANCELED,,
2026-08-01T02:51:28Z,1833012026-07-31,18330,2026-07-31,CANCELED,,
2026-08-01T02:51:28Z,0146012026-08-01,01460,2026-08-01,CANCELED,,
2026-08-01T02:51:28Z,0146022026-08-01,01460,2026-08-01,CANCELED,,
2026-08-01T02:51:28Z,0146032026-08-01,01460,2026-08-01,CANCELED,,
2026-08-01T02:51:28Z,3746012026-07-31,37460,2026-07-31,CANCELED,,
2026-08-01T02:51:28Z,1303512026-07-31,13035,2026-07-31,CANCELED,,
2026-08-01T02:51:28Z,1803512026-07-31,18035,2026-07-31,CANCELED,,
2026-08-01T02:51:28Z,0043812026-08-01,00438,2026-08-01,CANCELED,,
2026-08-01T02:51:28Z,0043822026-08-01,00438,2026-08-01,CANCELED,,
2026-08-01T02:51:28Z,0043832026-08-01,00438,2026-08-01,CANCELED,,
2026-08-01T02:51:28Z,1325822026-07-31,13258,2026-07-31,CANCELED,,
2026-08-01T02:51:28Z,3743812026-07-31,37438,2026-07-31,CANCELED,,
2026-08-01T02:51:28Z,1833122026-07-31,18331,2026-07-31,CANCELED,,
2026-08-01T02:51:28Z,0019222026-08-01,00192,2026-08-01,CANCELED,,
2026-08-01T02:51:28Z,0019212026-08-01,00192,2026-08-01,CANCELED,,
2026-08-01T02:51:28Z,7185512026-07-31,71855,2026-07-31,CANCELED,,
2026-08-01T02:51:28Z,1504212026-07-31,15042,2026-07-31,CANCELED,,
2026-08-01T02:51:28Z,1504312026-07-31,15043,2026-07-31,CANCELED,,
2026-08-01T02:51:28Z,3739212026-07-31,37392,2026-07-31,CANCELED,,
2026-08-01T02:51:28Z,1260812026-07-31,12608,2026-07-31,CANCELED,,
2026-08-01T02:51:28Z,1262312026-07-31,12623,2026-07-31,CANCELED,,
2026-08-01T02:51:28Z,3749222026-07-31,37492,2026-07-31,CANCELED,,
2026-08-01T02:51:28Z,3749212026-07-31,37492,2026-07-31,CANCELED,,
2026-08-01T02:51:28Z,1261112026-07-31,12611,2026-07-31,CANCELED,,
2026-08-01T02:51:28Z,1268912026-07-31,12689,2026-07-31,CANCELED,,
2026-08-01T02:51:28Z,1877712026-07-31,18777,2026-07-31,CANCELED,,
2026-08-01T02:51:28Z,1300212026-07-31,13002,2026-07-31,CANCELED,,
2026-08-01T02:56:22Z,3890512026-08-01,38905,2026-08-01,CANCELED,,
2026-08-01T02:56:22Z,1307912026-07-31,13079,2026-07-31,CANCELED,,
2026-08-01T02:56:22Z,3890512026-08-01,38905,2026-08-01,CANCELED,,
2026-08-01T02:56:22Z,1303222026-07-31,13032,2026-07-31,CANCELED,,
2026-08-01T02:56:22Z,1303112026-07-31,13031,2026-07-31,CANCELED,,
2026-08-01T02:56:22Z,1308932026-07-31,13089,2026-07-31,CANCELED,,
2026-08-01T02:56:22Z,1320812026-07-31,13208,2026-07-31,CANCELED,,
2026-08-01T02:56:22Z,1321922026-07-31,13219,2026-07-31,CANCELED,,
2026-08-01T02:56:22Z,1390212026-08-01,13902,2026-08-01,CANCELED,,
2026-08-01T02:56:22Z,3890212026-08-01,38902,2026-08-01,CANCELED,,
2026-08-01T02:56:22Z,1390412026-08-01,13904,2026-08-01,CANCELED,,
2026-08-01T02:56:22Z,1390412026-08-01,13904,2026-08-01,CANCELED,,
2026-08-01T02:56:22Z,3890412026-08-01,38904,2026-08-01,CANCELED,,
2026-08-01T02:56:22Z,1810522026-07-31,18105,2026-07-31,CANCELED,,
2026-08-01T02:56:22Z,3890412026-08-01,38904,2026-08-01,CANCELED,,
2026-08-01T02:56:22Z,3810512026-07-31,38105,2026-07-31,CANCELED,,
2026-08-01T02:56:22Z,1391012026-08-01,13910,2026-08-01,CANCELED,,
2026-08-01T02:56:22Z,1821712026-07-31,18217,2026-07-31,CANCELED,,
2026-08-01T02:56:22Z,1821812026-07-31,18218,2026-07-31,CANCELED,,
2026-08-01T02:56:22Z,1390512026-08-01,13905,2026-08-01,CANCELED,,
2026-08-01T02:56:22Z,1390512026-08-01,13905,2026-08-01,CANCELED,,
2026-08-01T02:56:22Z,1833012026-07-31,18330,2026-07-31,CANCELED,,
2026-08-01T02:56:22Z,0146012026-08-01,01460,2026-08-01,CANCELED,,
2026-08-01T02:56:22Z,0146022026-08-01,01460,2026-08-01,CANCELED,,
2026-08-01T02:56:22Z,0146032026-08-01,01460,2026-08-01,CANCELED,,
2026-08-01T02:56:22Z,1303512026-07-31,13035,2026-07-31,CANCELED,,
2026-08-01T02:56:22Z,3746012026-07-31,37460,2026-07-31,CANCELED,,
2026-08-01T02:56:22Z,1803512026-07-31,18035,2026-07-31,CANCELED,,
2026-08-01T02:56:22Z,1325822026-07-31,13258,2026-07-31,CANCELED,,
2026-08-01T02:56:22Z,0043812026-08-01,00438,2026-08-01,CANCELED,,
2026-08-01T02:56:22Z,0043822026-08-01,00438,2026-08-01,CANCELED,,
2026-08-01T02:56:22Z,0043832026-08-01,00438,2026-08-01,CANCELED,,
2026-08-01T02:56:22Z,1833122026-07-31,18331,2026-07-31,CANCELED,,
2026-08-01T02:56:22Z,3743812026-07-31,37438,2026-07-31,CANCELED,,
2026-08-01T02:56:22Z,7185512026-07-31,71855,2026-07-31,CANCELED,,
2026-08-01T02:56:22Z,1504212026-07-31,15042,2026-07-31,CANCELED,,
2026-08-01T02:56:22Z,0019222026-08-01,00192,2026-08-01,CANCELED,,
2026-08-01T02:56:22Z,0019212026-08-01,00192,2026-08-01,CANCELED,,
2026-08-01T02:56:22Z,1504312026-07-31,15043,2026-07-31,CANCELED,,
2026-08-01T02:56:22Z,1260812026-07-31,12608,2026-07-31,CANCELED,,
2026-08-01T02:56:22Z,1262312026-07-31,12623,2026-07-31,CANCELED,,
2026-08-01T02:56:22Z,3739212026-07-31,37392,2026-07-31,CANCELED,,
2026-08-01T02:56:22Z,3749222026-07-31,37492,2026-07-31,CANCELED,,
2026-08-01T02:56:22Z,3749212026-07-31,37492,2026-07-31,CANCELED,,
2026-08-01T02:56:22Z,1877712026-07-31,18777,2026-07-31,CANCELED,,
2026-08-01T02:56:22Z,1261112026-07-31,12611,2026-07-31,CANCELED,,
2026-08-01T02:56:22Z,1268912026-07-31,12689,2026-07-31,CANCELED,,
2026-08-01T02:56:22Z,1300212026-07-31,13002,2026-07-31,CANCELED,,
2026-08-01T03:01:47Z,3890512026-08-01,38905,2026-08-01,CANCELED,,
2026-08-01T03:01:47Z,1307912026-07-31,13079,2026-07-31,CANCELED,,
2026-08-01T03:01:47Z,3890512026-08-01,38905,2026-08-01,CANCELED,,
2026-08-01T03:01:47Z,1303222026-07-31,13032,2026-07-31,CANCELED,,
2026-08-01T03:01:47Z,1308932026-07-31,13089,2026-07-31,CANCELED,,
2026-08-01T03:01:47Z,1303112026-07-31,13031,2026-07-31,CANCELED,,
2026-08-01T03:01:47Z,1320812026-07-31,13208,2026-07-31,CANCELED,,
2026-08-01T03:01:47Z,1321922026-07-31,13219,2026-07-31,CANCELED,,
2026-08-01T03:01:47Z,1390212026-08-01,13902,2026-08-01,CANCELED,,
2026-08-01T03:01:47Z,1810522026-07-31,18105,2026-07-31,CANCELED,,
2026-08-01T03:01:47Z,3890212026-08-01,38902,2026-08-01,CANCELED,,
2026-08-01T03:01:47Z,3810512026-07-31,38105,2026-07-31,CANCELED,,
2026-08-01T03:01:47Z,1390412026-08-01,13904,2026-08-01,CANCELED,,
2026-08-01T03:01:47Z,1821712026-07-31,18217,2026-07-31,CANCELED,,
2026-08-01T03:01:47Z,1390412026-08-01,13904,2026-08-01,CANCELED,,
2026-08-01T03:01:47Z,1821812026-07-31,18218,2026-07-31,CANCELED,,
2026-08-01T03:01:47Z,3890412026-08-01,38904,2026-08-01,CANCELED,,
2026-08-01T03:01:47Z,3890412026-08-01,38904,2026-08-01,CANCELED,,
2026-08-01T03:01:47Z,1833012026-07-31,18330,2026-07-31,CANCELED,,
2026-08-01T03:01:47Z,1391012026-08-01,13910,2026-08-01,CANCELED,,
2026-08-01T03:01:47Z,1390512026-08-01,13905,2026-08-01,CANCELED,,
2026-08-01T03:01:47Z,1303512026-07-31,13035,2026-07-31,CANCELED,,
2026-08-01T03:01:47Z,1390512026-08-01,13905,2026-08-01,CANCELED,,
2026-08-01T03:01:47Z,1803512026-07-31,18035,2026-07-31,CANCELED,,
2026-08-01T03:01:47Z,1325822026-07-31,13258,2026-07-31,CANCELED,,
2026-08-01T03:01:47Z,0146012026-08-01,01460,2026-08-01,CANCELED,,
2026-08-01T03:01:47Z,0146022026-08-01,01460,2026-08-01,CANCELED,,
2026-08-01T03:01:47Z,0146032026-08-01,01460,2026-08-01,CANCELED,,
2026-08-01T03:01:47Z,1833122026-07-31,18331,2026-07-31,CANCELED,,
2026-08-01T03:01:47Z,3746012026-07-31,37460,2026-07-31,CANCELED,,
2026-08-01T03:01:47Z,7185512026-07-31,71855,2026-07-31,CANCELED,,
2026-08-01T03:01:47Z,1504212026-07-31,15042,2026-07-31,CANCELED,,
2026-08-01T03:01:47Z,1504312026-07-31,15043,2026-07-31,CANCELED,,
2026-08-01T03:01:47Z,0043812026-08-01,00438,2026-08-01,CANCELED,,
2026-08-01T03:01:47Z,0043822026-08-01,00438,2026-08-01,CANCELED,,
2026-08-01T03:01:47Z,0043832026-08-01,00438,2026-08-01,CANCELED,,
2026-08-01T03:01:47Z,1260812026-07-31,12608,2026-07-31,CANCELED,,
2026-08-01T03:01:47Z,3743812026-07-31,37438,2026-07-31,CANCELED,,
2026-08-01T03:01:47Z,1262312026-07-31,12623,2026-07-31,CANCELED,,
2026-08-01T03:01:47Z,0019222026-08-01,00192,2026-08-01,CANCELED,,
2026-08-01T03:01:47Z,0019212026-08-01,00192,2026-08-01,CANCELED,,
2026-08-01T03:01:47Z,1877712026-07-31,18777,2026-07-31,CANCELED,,
2026-08-01T03:01:47Z,3739212026-07-31,37392,2026-07-31,CANCELED,,
2026-08-01T03:01:47Z,3749222026-07-31,37492,2026-07-31,CANCELED,,
2026-08-01T03:01:47Z,3749212026-07-31,37492,2026-07-31,CANCELED,,
2026-08-01T03:01:47Z,1261112026-07-31,12611,2026-07-31,CANCELED,,
2026-08-01T03:01:47Z,1268912026-07-31,12689,2026-07-31,CANCELED,,
2026-08-01T03:01:47Z,1300212026-07-31,13002,2026-07-31,CANCELED,,
2026-08-01T03:06:16Z,3890512026-08-01,38905,2026-08-01,CANCELED,,
2026-08-01T03:06:16Z,1307912026-07-31,13079,2026-07-31,CANCELED,,
2026-08-01T03:06:16Z,3890512026-08-01,38905,2026-08-01,CANCELED,,
2026-08-01T03:06:16Z,1303222026-07-31,13032,2026-07-31,CANCELED,,
2026-08-01T03:06:16Z,1303112026-07-31,13031,2026-07-31,CANCELED,,
2026-08-01T03:06:16Z,1308932026-07-31,13089,2026-07-31,CANCELED,,
2026-08-01T03:06:16Z,1320812026-07-31,13208,2026-07-31,CANCELED,,
2026-08-01T03:06:16Z,1321922026-07-31,13219,2026-07-31,CANCELED,,
2026-08-01T03:06:16Z,1390212026-08-01,13902,2026-08-01,CANCELED,,
2026-08-01T03:06:16Z,3890212026-08-01,38902,2026-08-01,CANCELED,,
2026-08-01T03:06:16Z,1390412026-08-01,13904,2026-08-01,CANCELED,,
2026-08-01T03:06:16Z,1390412026-08-01,13904,2026-08-01,CANCELED,,
2026-08-01T03:06:16Z,1810522026-07-31,18105,2026-07-31,CANCELED,,
2026-08-01T03:06:16Z,3890412026-08-01,38904,2026-08-01,CANCELED,,
2026-08-01T03:06:16Z,3810512026-07-31,38105,2026-07-31,CANCELED,,
2026-08-01T03:06:16Z,3890412026-08-01,38904,2026-08-01,CANCELED,,
2026-08-01T03:06:16Z,1821712026-07-31,18217,2026-07-31,CANCELED,,
2026-08-01T03:06:16Z,1391012026-08-01,13910,2026-08-01,CANCELED,,
2026-08-01T03:06:16Z,1821812026-07-31,18218,2026-07-31,CANCELED,,
2026-08-01T03:06:16Z,1390512026-08-01,13905,2026-08-01,CANCELED,,
2026-08-01T03:06:16Z,1390512026-08-01,13905,2026-08-01,CANCELED,,
2026-08-01T03:06:16Z,1833012026-07-31,18330,2026-07-31,CANCELED,,
2026-08-01T03:06:16Z,1303512026-07-31,13035,2026-07-31,CANCELED,,
2026-08-01T03:06:16Z,0146012026-08-01,01460,2026-08-01,CANCELED,,
2026-08-01T03:06:16Z,0146022026-08-01,01460,2026-08-01,CANCELED,,
2026-08-01T03:06:16Z,0146032026-08-01,01460,2026-08-01,CANCELED,,
2026-08-01T03:06:16Z,1803512026-07-31,18035,2026-07-31,CANCELED,,
2026-08-01T03:06:16Z,3746012026-07-31,37460,2026-07-31,CANCELED,,
2026-08-01T03:06:16Z,1325822026-07-31,13258,2026-07-31,CANCELED,,
2026-08-01T03:06:16Z,1833122026-07-31,18331,2026-07-31,CANCELED,,
2026-08-01T03:06:16Z,0043812026-08-01,00438,2026-08-01,CANCELED,,
2026-08-01T03:06:16Z,0043822026-08-01,00438,2026-08-01,CANCELED,,
2026-08-01T03:06:16Z,0043832026-08-01,00438,2026-08-01,CANCELED,,
2026-08-01T03:06:16Z,3743812026-07-31,37438,2026-07-31,CANCELED,,
2026-08-01T03:06:16Z,7185512026-07-31,71855,2026-07-31,CANCELED,,
2026-08-01T03:06:16Z,0019222026-08-01,00192,2026-08-01,CANCELED,,
2026-08-01T03:06:16Z,0019212026-08-01,00192,2026-08-01,CANCELED,,
2026-08-01T03:06:16Z,1504212026-07-31,15042,2026-07-31,CANCELED,,
2026-08-01T03:06:16Z,1504312026-07-31,15043,2026-07-31,CANCELED,,
2026-08-01T03:06:16Z,3739212026-07-31,37392,2026-07-31,CANCELED,,
2026-08-01T03:06:16Z,1260812026-07-31,12608,2026-07-31,CANCELED,,
2026-08-01T03:06:16Z,1262312026-07-31,12623,2026-07-31,CANCELED,,
2026-08-01T03:06:16Z,3749222026-07-31,37492,2026-07-31,CANCELED,,
2026-08-01T03:06:16Z,3749212026-07-31,37492,2026-07-31,CANCELED,,
2026-08-01T03:06:16Z,1261112026-07-31,12611,2026-07-31,CANCELED,,
2026-08-01T03:06:16Z,1268912026-07-31,12689,2026-07-31,CANCELED,,
2026-08-01T03:06:16Z,1877712026-07-31,18777,2026-07-31,CANCELED,,
2026-08-01T03:06:16Z,1300212026-07-31,13002,2026-07-31,CANCELED,,
2026-08-01T03:11:46Z,1307912026-07-31,13079,2026-07-31,CANCELED,,
2026-08-01T03:11:46Z,3890512026-08-01,38905,2026-08-01,CANCELED,,
2026-08-01T03:11:46Z,3890512026-08-01,38905,2026-08-01,CANCELED,,
2026-08-01T03:11:46Z,1303222026-07-31,13032,2026-07-31,CANCELED,,
2026-08-01T03:11:46Z,1303112026-07-31,13031,2026-07-31,CANCELED,,
2026-08-01T03:11:46Z,1308932026-07-31,13089,2026-07-31,CANCELED,,
2026-08-01T03:11:46Z,1320812026-07-31,13208,2026-07-31,CANCELED,,
2026-08-01T03:11:46Z,1321922026-07-31,13219,2026-07-31,CANCELED,,
2026-08-01T03:11:46Z,1390212026-08-01,13902,2026-08-01,CANCELED,,
2026-08-01T03:11:46Z,3890212026-08-01,38902,2026-08-01,CANCELED,,
2026-08-01T03:11:46Z,1390412026-08-01,13904,2026-08-01,CANCELED,,
2026-08-01T03:11:46Z,1390412026-08-01,13904,2026-08-01,CANCELED,,
2026-08-01T03:11:46Z,1810522026-07-31,18105,2026-07-31,CANCELED,,
2026-08-01T03:11:46Z,3890412026-08-01,38904,2026-08-01,CANCELED,,
2026-08-01T03:11:46Z,3810512026-07-31,38105,2026-07-31,CANCELED,,
2026-08-01T03:11:46Z,3890412026-08-01,38904,2026-08-01,CANCELED,,
2026-08-01T03:11:46Z,1821712026-07-31,18217,2026-07-31,CANCELED,,
2026-08-01T03:11:46Z,1391012026-08-01,13910,2026-08-01,CANCELED,,
2026-08-01T03:11:46Z,1821812026-07-31,18218,2026-07-31,CANCELED,,
2026-08-01T03:11:46Z,1390512026-08-01,13905,2026-08-01,CANCELED,,
2026-08-01T03:11:46Z,1833012026-07-31,18330,2026-07-31,CANCELED,,
2026-08-01T03:11:46Z,1390512026-08-01,13905,2026-08-01,CANCELED,,
2026-08-01T03:11:46Z,1303512026-07-31,13035,2026-07-31,CANCELED,,
2026-08-01T03:11:46Z,0146012026-08-01,01460,2026-08-01,CANCELED,,
2026-08-01T03:11:46Z,0146022026-08-01,01460,2026-08-01,CANCELED,,
2026-08-01T03:11:46Z,0146032026-08-01,01460,2026-08-01,CANCELED,,
2026-08-01T03:11:46Z,1803512026-07-31,18035,2026-07-31,CANCELED,,
2026-08-01T03:11:46Z,3746012026-07-31,37460,2026-07-31,CANCELED,,
2026-08-01T03:11:46Z,1325822026-07-31,13258,2026-07-31,CANCELED,,
2026-08-01T03:11:46Z,1833122026-07-31,18331,2026-07-31,CANCELED,,
2026-08-01T03:11:46Z,0043812026-08-01,00438,2026-08-01,CANCELED,,
2026-08-01T03:11:46Z,0043822026-08-01,00438,2026-08-01,CANCELED,,
2026-08-01T03:11:46Z,0043832026-08-01,00438,2026-08-01,CANCELED,,
2026-08-01T03:11:46Z,7185512026-07-31,71855,2026-07-31,CANCELED,,
2026-08-01T03:11:46Z,3743812026-07-31,37438,2026-07-31,CANCELED,,
2026-08-01T03:11:46Z,1504212026-07-31,15042,2026-07-31,CANCELED,,
2026-08-01T03:11:46Z,1504312026-07-31,15043,2026-07-31,CANCELED,,
2026-08-01T03:11:46Z,1260812026-07-31,12608,2026-07-31,CANCELED,,
2026-08-01T03:11:46Z,0019222026-08-01,00192,2026-08-01,CANCELED,,
2026-08-01T03:11:46Z,0019212026-08-01,00192,2026-08-01,CANCELED,,
2026-08-01T03:11:46Z,1262312026-07-31,12623,2026-07-31,CANCELED,,
2026-08-01T03:11:46Z,3739212026-07-31,37392,2026-07-31,CANCELED,,
2026-08-01T03:11:46Z,1877712026-07-31,18777,2026-07-31,CANCELED,,
2026-08-01T03:11:46Z,3749222026-07-31,37492,2026-07-31,CANCELED,,
2026-08-01T03:11:46Z,3749212026-07-31,37492,2026-07-31,CANCELED,,
2026-08-01T03:11:46Z,1261112026-07-31,12611,2026-07-31,CANCELED,,
2026-08-01T03:11:46Z,1268912026-07-31,12689,2026-07-31,CANCELED,,
2026-08-01T03:11:46Z,1300212026-07-31,13002,2026-07-31,CANCELED,,
2026-08-01T03:16:25Z,1307912026-07-31,13079,2026-07-31,CANCELED,,
2026-08-01T03:16:25Z,1303222026-07-31,13032,2026-07-31,CANCELED,,
2026-08-01T03:16:25Z,1303112026-07-31,13031,2026-07-31,CANCELED,,
2026-08-01T03:16:25Z,1810522026-07-31,18105,2026-07-31,CANCELED,,
2026-08-01T03:16:25Z,1320812026-07-31,13208,2026-07-31,CANCELED,,
2026-08-01T03:16:25Z,3810512026-07-31,38105,2026-07-31,CANCELED,,
2026-08-01T03:16:25Z,1321922026-07-31,13219,2026-07-31,CANCELED,,
2026-08-01T03:16:25Z,1821712026-07-31,18217,2026-07-31,CANCELED,,
2026-08-01T03:16:25Z,1390212026-08-01,13902,2026-08-01,CANCELED,,
2026-08-01T03:16:25Z,1821812026-07-31,18218,2026-07-31,CANCELED,,
2026-08-01T03:16:25Z,3890212026-08-01,38902,2026-08-01,CANCELED,,
2026-08-01T03:16:25Z,1390412026-08-01,13904,2026-08-01,CANCELED,,
2026-08-01T03:16:25Z,1833012026-07-31,18330,2026-07-31,CANCELED,,
2026-08-01T03:16:25Z,1390412026-08-01,13904,2026-08-01,CANCELED,,
2026-08-01T03:16:25Z,1504212026-07-31,15042,2026-07-31,CANCELED,,
2026-08-01T03:16:25Z,3890412026-08-01,38904,2026-08-01,CANCELED,,
2026-08-01T03:16:25Z,3890512026-08-01,38905,2026-08-01,CANCELED,,
2026-08-01T03:16:25Z,3890412026-08-01,38904,2026-08-01,CANCELED,,
2026-08-01T03:16:25Z,3890512026-08-01,38905,2026-08-01,CANCELED,,
2026-08-01T03:16:25Z,1391012026-08-01,13910,2026-08-01,CANCELED,,
2026-08-01T03:16:25Z,1390512026-08-01,13905,2026-08-01,CANCELED,,
2026-08-01T03:16:25Z,1390512026-08-01,13905,2026-08-01,CANCELED,,
2026-08-01T03:16:25Z,1308932026-07-31,13089,2026-07-31,CANCELED,,
2026-08-01T03:16:25Z,0146012026-08-01,01460,2026-08-01,CANCELED,,
2026-08-01T03:16:25Z,0146022026-08-01,01460,2026-08-01,CANCELED,,
2026-08-01T03:16:25Z,0146032026-08-01,01460,2026-08-01,CANCELED,,
2026-08-01T03:16:25Z,1303512026-07-31,13035,2026-07-31,CANCELED,,
2026-08-01T03:16:25Z,3746012026-07-31,37460,2026-07-31,CANCELED,,
2026-08-01T03:16:25Z,1803512026-07-31,18035,2026-07-31,CANCELED,,
2026-08-01T03:16:25Z,0043812026-08-01,00438,2026-08-01,CANCELED,,
2026-08-01T03:16:25Z,0043822026-08-01,00438,2026-08-01,CANCELED,,
2026-08-01T03:16:25Z,0043832026-08-01,00438,2026-08-01,CANCELED,,
2026-08-01T03:16:25Z,1325822026-07-31,13258,2026-07-31,CANCELED,,
2026-08-01T03:16:25Z,3743812026-07-31,37438,2026-07-31,CANCELED,,
2026-08-01T03:16:25Z,1833122026-07-31,18331,2026-07-31,CANCELED,,
2026-08-01T03:16:25Z,7185512026-07-31,71855,2026-07-31,CANCELED,,
2026-08-01T03:16:25Z,0019222026-08-01,00192,2026-08-01,CANCELED,,
2026-08-01T03:16:25Z,0019212026-08-01,00192,2026-08-01,CANCELED,,
2026-08-01T03:16:25Z,1504312026-07-31,15043,2026-07-31,CANCELED,,
2026-08-01T03:16:25Z,1260812026-07-31,12608,2026-07-31,CANCELED,,
2026-08-01T03:16:25Z,3739212026-07-31,37392,2026-07-31,CANCELED,,
2026-08-01T03:16:25Z,1262312026-07-31,12623,2026-07-31,CANCELED,,
2026-08-01T03:16:25Z,3749222026-07-31,37492,2026-07-31,CANCELED,,
2026-08-01T03:16:25Z,3749212026-07-31,37492,2026-07-31,CANCELED,,
2026-08-01T03:16:25Z,1877712026-07-31,18777,2026-07-31,CANCELED,,
2026-08-01T03:16:25Z,1261112026-07-31,12611,2026-07-31,CANCELED,,
2026-08-01T03:16:25Z,1268912026-07-31,12689,2026-07-31,CANCELED,,
2026-08-01T03:16:25Z,1300212026-07-31,13002,2026-07-31,CANCELED,,
2026-08-01T03:21:27Z,1454112026-07-31,14541,2026-07-31,SCHEDULED,-60,-1.0
2026-08-01T03:21:27Z,0411422026-08-01,04114,2026-08-01,SCHEDULED,-60,-1.0
2026-08-01T03:21:27Z,0411412026-08-01,04114,2026-08-01,SCHEDULED,-60,-1.0
2026-08-01T03:21:27Z,1307912026-07-31,13079,2026-07-31,CANCELED,,
2026-08-01T03:21:27Z,1303222026-07-31,13032,2026-07-31,CANCELED,,
2026-08-01T03:21:27Z,1303112026-07-31,13031,2026-07-31,CANCELED,,
2026-08-01T03:21:27Z,1810522026-07-31,18105,2026-07-31,CANCELED,,
2026-08-01T03:21:27Z,1320812026-07-31,13208,2026-07-31,CANCELED,,
2026-08-01T03:21:27Z,3810512026-07-31,38105,2026-07-31,CANCELED,,
2026-08-01T03:21:27Z,1321922026-07-31,13219,2026-07-31,CANCELED,,
2026-08-01T03:21:27Z,1821712026-07-31,18217,2026-07-31,CANCELED,,
2026-08-01T03:21:27Z,1390212026-08-01,13902,2026-08-01,CANCELED,,
2026-08-01T03:21:27Z,1821812026-07-31,18218,2026-07-31,CANCELED,,
2026-08-01T03:21:27Z,3890212026-08-01,38902,2026-08-01,CANCELED,,
2026-08-01T03:21:27Z,1390412026-08-01,13904,2026-08-01,CANCELED,,
2026-08-01T03:21:27Z,1833012026-07-31,18330,2026-07-31,CANCELED,,
2026-08-01T03:21:27Z,1504212026-07-31,15042,2026-07-31,CANCELED,,
2026-08-01T03:21:27Z,1390412026-08-01,13904,2026-08-01,CANCELED,,
2026-08-01T03:21:27Z,3890512026-08-01,38905,2026-08-01,CANCELED,,
2026-08-01T03:21:27Z,3890412026-08-01,38904,2026-08-01,CANCELED,,
2026-08-01T03:21:27Z,3890512026-08-01,38905,2026-08-01,CANCELED,,
2026-08-01T03:21:27Z,3890412026-08-01,38904,2026-08-01,CANCELED,,
2026-08-01T03:21:27Z,1391012026-08-01,13910,2026-08-01,CANCELED,,
2026-08-01T03:21:27Z,1308932026-07-31,13089,2026-07-31,CANCELED,,
2026-08-01T03:21:27Z,1390512026-08-01,13905,2026-08-01,CANCELED,,
2026-08-01T03:21:27Z,1390512026-08-01,13905,2026-08-01,CANCELED,,
2026-08-01T03:21:27Z,1303512026-07-31,13035,2026-07-31,CANCELED,,
2026-08-01T03:21:27Z,0146012026-08-01,01460,2026-08-01,CANCELED,,
2026-08-01T03:21:27Z,0146022026-08-01,01460,2026-08-01,CANCELED,,
2026-08-01T03:21:27Z,0146032026-08-01,01460,2026-08-01,CANCELED,,
2026-08-01T03:21:27Z,1803512026-07-31,18035,2026-07-31,CANCELED,,
2026-08-01T03:21:27Z,3746012026-07-31,37460,2026-07-31,CANCELED,,
2026-08-01T03:21:27Z,1325822026-07-31,13258,2026-07-31,CANCELED,,
2026-08-01T03:21:27Z,1833122026-07-31,18331,2026-07-31,CANCELED,,
2026-08-01T03:21:27Z,0043812026-08-01,00438,2026-08-01,CANCELED,,
2026-08-01T03:21:27Z,0043822026-08-01,00438,2026-08-01,CANCELED,,
2026-08-01T03:21:27Z,0043832026-08-01,00438,2026-08-01,CANCELED,,
2026-08-01T03:21:27Z,7185512026-07-31,71855,2026-07-31,CANCELED,,
2026-08-01T03:21:27Z,3743812026-07-31,37438,2026-07-31,CANCELED,,
2026-08-01T03:21:27Z,1504312026-07-31,15043,2026-07-31,CANCELED,,
2026-08-01T03:21:27Z,0019222026-08-01,00192,2026-08-01,CANCELED,,
2026-08-01T03:21:27Z,0019212026-08-01,00192,2026-08-01,CANCELED,,
2026-08-01T03:21:27Z,1260812026-07-31,12608,2026-07-31,CANCELED,,
2026-08-01T03:21:27Z,1262312026-07-31,12623,2026-07-31,CANCELED,,
2026-08-01T03:21:27Z,3739212026-07-31,37392,2026-07-31,CANCELED,,
2026-08-01T03:21:27Z,1877712026-07-31,18777,2026-07-31,CANCELED,,
2026-08-01T03:21:27Z,3749222026-07-31,37492,2026-07-31,CANCELED,,
2026-08-01T03:21:27Z,3749212026-07-31,37492,2026-07-31,CANCELED,,
2026-08-01T03:21:27Z,1261112026-07-31,12611,2026-07-31,CANCELED,,
2026-08-01T03:21:27Z,1268912026-07-31,12689,2026-07-31,CANCELED,,
2026-08-01T03:21:27Z,1300212026-07-31,13002,2026-07-31,CANCELED,,
2026-08-01T03:26:24Z,0415422026-07-31,04154,2026-07-31,SCHEDULED,60,1.0
2026-08-01T03:26:24Z,0415412026-07-31,04154,2026-07-31,SCHEDULED,60,1.0
2026-08-01T03:26:24Z,0411422026-08-01,04114,2026-08-01,SCHEDULED,-60,-1.0
2026-08-01T03:26:24Z,0411412026-08-01,04114,2026-08-01,SCHEDULED,-60,-1.0
2026-08-01T03:26:24Z,1454112026-07-31,14541,2026-07-31,SCHEDULED,-60,-1.0
2026-08-01T03:26:24Z,1307912026-07-31,13079,2026-07-31,CANCELED,,
2026-08-01T03:26:24Z,1303222026-07-31,13032,2026-07-31,CANCELED,,
2026-08-01T03:26:24Z,1810522026-07-31,18105,2026-07-31,CANCELED,,
2026-08-01T03:26:24Z,1303112026-07-31,13031,2026-07-31,CANCELED,,
2026-08-01T03:26:24Z,3810512026-07-31,38105,2026-07-31,CANCELED,,
2026-08-01T03:26:24Z,1320812026-07-31,13208,2026-07-31,CANCELED,,
2026-08-01T03:26:24Z,1821712026-07-31,18217,2026-07-31,CANCELED,,
2026-08-01T03:26:24Z,1321922026-07-31,13219,2026-07-31,CANCELED,,
2026-08-01T03:26:24Z,1821812026-07-31,18218,2026-07-31,CANCELED,,
2026-08-01T03:26:24Z,1390212026-08-01,13902,2026-08-01,CANCELED,,
2026-08-01T03:26:24Z,3890212026-08-01,38902,2026-08-01,CANCELED,,
2026-08-01T03:26:24Z,1833012026-07-31,18330,2026-07-31,CANCELED,,
2026-08-01T03:26:24Z,1390412026-08-01,13904,2026-08-01,CANCELED,,
2026-08-01T03:26:24Z,1504212026-07-31,15042,2026-07-31,CANCELED,,
2026-08-01T03:26:24Z,1390412026-08-01,13904,2026-08-01,CANCELED,,
2026-08-01T03:26:24Z,3890512026-08-01,38905,2026-08-01,CANCELED,,
2026-08-01T03:26:24Z,3890412026-08-01,38904,2026-08-01,CANCELED,,
2026-08-01T03:26:24Z,3890512026-08-01,38905,2026-08-01,CANCELED,,
2026-08-01T03:26:24Z,3890412026-08-01,38904,2026-08-01,CANCELED,,
2026-08-01T03:26:24Z,1391012026-08-01,13910,2026-08-01,CANCELED,,
2026-08-01T03:26:24Z,1308932026-07-31,13089,2026-07-31,CANCELED,,
2026-08-01T03:26:24Z,1390512026-08-01,13905,2026-08-01,CANCELED,,
2026-08-01T03:26:24Z,1390512026-08-01,13905,2026-08-01,CANCELED,,
2026-08-01T03:26:24Z,1303512026-07-31,13035,2026-07-31,CANCELED,,
2026-08-01T03:26:24Z,0146012026-08-01,01460,2026-08-01,CANCELED,,
2026-08-01T03:26:24Z,0146022026-08-01,01460,2026-08-01,CANCELED,,
2026-08-01T03:26:24Z,0146032026-08-01,01460,2026-08-01,CANCELED,,
2026-08-01T03:26:24Z,1803512026-07-31,18035,2026-07-31,CANCELED,,
2026-08-01T03:26:24Z,3746012026-07-31,37460,2026-07-31,CANCELED,,
2026-08-01T03:26:24Z,1325822026-07-31,13258,2026-07-31,CANCELED,,
2026-08-01T03:26:24Z,0043812026-08-01,00438,2026-08-01,CANCELED,,
2026-08-01T03:26:24Z,0043822026-08-01,00438,2026-08-01,CANCELED,,
2026-08-01T03:26:24Z,0043832026-08-01,00438,2026-08-01,CANCELED,,
2026-08-01T03:26:24Z,1833122026-07-31,18331,2026-07-31,CANCELED,,
2026-08-01T03:26:24Z,3743812026-07-31,37438,2026-07-31,CANCELED,,
2026-08-01T03:26:24Z,7185512026-07-31,71855,2026-07-31,CANCELED,,
2026-08-01T03:26:24Z,1504312026-07-31,15043,2026-07-31,CANCELED,,
2026-08-01T03:26:24Z,0019222026-08-01,00192,2026-08-01,CANCELED,,
2026-08-01T03:26:24Z,0019212026-08-01,00192,2026-08-01,CANCELED,,
2026-08-01T03:26:24Z,1260812026-07-31,12608,2026-07-31,CANCELED,,
2026-08-01T03:26:24Z,1262312026-07-31,12623,2026-07-31,CANCELED,,
2026-08-01T03:26:24Z,3739212026-07-31,37392,2026-07-31,CANCELED,,
2026-08-01T03:26:24Z,1877712026-07-31,18777,2026-07-31,CANCELED,,
2026-08-01T03:26:24Z,3749222026-07-31,37492,2026-07-31,CANCELED,,
2026-08-01T03:26:24Z,3749212026-07-31,37492,2026-07-31,CANCELED,,
2026-08-01T03:26:24Z,1261112026-07-31,12611,2026-07-31,CANCELED,,
2026-08-01T03:26:24Z,1268912026-07-31,12689,2026-07-31,CANCELED,,
2026-08-01T03:26:24Z,1300212026-07-31,13002,2026-07-31,CANCELED,,
2026-08-01T03:31:34Z,0306212026-07-31,03062,2026-07-31,SCHEDULED,0,0.0
2026-08-01T03:31:34Z,0415422026-07-31,04154,2026-07-31,SCHEDULED,0,0.0
2026-08-01T03:31:34Z,0415412026-07-31,04154,2026-07-31,SCHEDULED,0,0.0
2026-08-01T03:31:34Z,1454112026-07-31,14541,2026-07-31,SCHEDULED,-60,-1.0
2026-08-01T03:31:34Z,0411422026-08-01,04114,2026-08-01,SCHEDULED,0,0.0
2026-08-01T03:31:34Z,0411412026-08-01,04114,2026-08-01,SCHEDULED,0,0.0
2026-08-01T03:31:34Z,1307912026-07-31,13079,2026-07-31,CANCELED,,
2026-08-01T03:31:34Z,1303222026-07-31,13032,2026-07-31,CANCELED,,
2026-08-01T03:31:34Z,1303112026-07-31,13031,2026-07-31,CANCELED,,
2026-08-01T03:31:34Z,1810522026-07-31,18105,2026-07-31,CANCELED,,
2026-08-01T03:31:34Z,1320812026-07-31,13208,2026-07-31,CANCELED,,
2026-08-01T03:31:34Z,3810512026-07-31,38105,2026-07-31,CANCELED,,
2026-08-01T03:31:34Z,1821712026-07-31,18217,2026-07-31,CANCELED,,
2026-08-01T03:31:34Z,1321922026-07-31,13219,2026-07-31,CANCELED,,
2026-08-01T03:31:34Z,1821812026-07-31,18218,2026-07-31,CANCELED,,
2026-08-01T03:31:34Z,1390212026-08-01,13902,2026-08-01,CANCELED,,
2026-08-01T03:31:34Z,3890212026-08-01,38902,2026-08-01,CANCELED,,
2026-08-01T03:31:34Z,1833012026-07-31,18330,2026-07-31,CANCELED,,
2026-08-01T03:31:34Z,1390412026-08-01,13904,2026-08-01,CANCELED,,
2026-08-01T03:31:34Z,1504212026-07-31,15042,2026-07-31,CANCELED,,
2026-08-01T03:31:34Z,1390412026-08-01,13904,2026-08-01,CANCELED,,
2026-08-01T03:31:34Z,3890512026-08-01,38905,2026-08-01,CANCELED,,
2026-08-01T03:31:34Z,3890412026-08-01,38904,2026-08-01,CANCELED,,
2026-08-01T03:31:34Z,3890512026-08-01,38905,2026-08-01,CANCELED,,
2026-08-01T03:31:34Z,3890412026-08-01,38904,2026-08-01,CANCELED,,
2026-08-01T03:31:34Z,1391012026-08-01,13910,2026-08-01,CANCELED,,
2026-08-01T03:31:34Z,1390512026-08-01,13905,2026-08-01,CANCELED,,
2026-08-01T03:31:34Z,1308932026-07-31,13089,2026-07-31,CANCELED,,
2026-08-01T03:31:34Z,1390512026-08-01,13905,2026-08-01,CANCELED,,
2026-08-01T03:31:34Z,0146012026-08-01,01460,2026-08-01,CANCELED,,
2026-08-01T03:31:34Z,0146022026-08-01,01460,2026-08-01,CANCELED,,
2026-08-01T03:31:34Z,0146032026-08-01,01460,2026-08-01,CANCELED,,
2026-08-01T03:31:34Z,1303512026-07-31,13035,2026-07-31,CANCELED,,
2026-08-01T03:31:34Z,3746012026-07-31,37460,2026-07-31,CANCELED,,
2026-08-01T03:31:34Z,1803512026-07-31,18035,2026-07-31,CANCELED,,
2026-08-01T03:31:34Z,1325822026-07-31,13258,2026-07-31,CANCELED,,
2026-08-01T03:31:34Z,0043812026-08-01,00438,2026-08-01,CANCELED,,
2026-08-01T03:31:34Z,0043822026-08-01,00438,2026-08-01,CANCELED,,
2026-08-01T03:31:34Z,0043832026-08-01,00438,2026-08-01,CANCELED,,
2026-08-01T03:31:34Z,1833122026-07-31,18331,2026-07-31,CANCELED,,
2026-08-01T03:31:34Z,3743812026-07-31,37438,2026-07-31,CANCELED,,
2026-08-01T03:31:34Z,7185512026-07-31,71855,2026-07-31,CANCELED,,
2026-08-01T03:31:34Z,0019222026-08-01,00192,2026-08-01,CANCELED,,
2026-08-01T03:31:34Z,0019212026-08-01,00192,2026-08-01,CANCELED,,
2026-08-01T03:31:34Z,1504312026-07-31,15043,2026-07-31,CANCELED,,
2026-08-01T03:31:34Z,1260812026-07-31,12608,2026-07-31,CANCELED,,
2026-08-01T03:31:34Z,1262312026-07-31,12623,2026-07-31,CANCELED,,
2026-08-01T03:31:34Z,3739212026-07-31,37392,2026-07-31,CANCELED,,
2026-08-01T03:31:34Z,3749222026-07-31,37492,2026-07-31,CANCELED,,
2026-08-01T03:31:34Z,3749212026-07-31,37492,2026-07-31,CANCELED,,
2026-08-01T03:31:34Z,1877712026-07-31,18777,2026-07-31,CANCELED,,
2026-08-01T03:31:34Z,1261112026-07-31,12611,2026-07-31,CANCELED,,
2026-08-01T03:31:34Z,1268912026-07-31,12689,2026-07-31,CANCELED,,
2026-08-01T03:31:34Z,1300212026-07-31,13002,2026-07-31,CANCELED,,
2026-08-01T03:36:16Z,0306212026-07-31,03062,2026-07-31,SCHEDULED,0,0.0
2026-08-01T03:36:16Z,0415422026-07-31,04154,2026-07-31,SCHEDULED,-60,-1.0
2026-08-01T03:36:16Z,0415412026-07-31,04154,2026-07-31,SCHEDULED,-60,-1.0
2026-08-01T03:36:16Z,1454112026-07-31,14541,2026-07-31,SCHEDULED,60,1.0
2026-08-01T03:36:16Z,0411422026-08-01,04114,2026-08-01,SCHEDULED,-60,-1.0
2026-08-01T03:36:16Z,0411412026-08-01,04114,2026-08-01,SCHEDULED,-60,-1.0
2026-08-01T03:36:16Z,1307912026-07-31,13079,2026-07-31,CANCELED,,
2026-08-01T03:36:16Z,1303222026-07-31,13032,2026-07-31,CANCELED,,
2026-08-01T03:36:16Z,1303112026-07-31,13031,2026-07-31,CANCELED,,
2026-08-01T03:36:16Z,1810522026-07-31,18105,2026-07-31,CANCELED,,
2026-08-01T03:36:16Z,1320812026-07-31,13208,2026-07-31,CANCELED,,
2026-08-01T03:36:16Z,3810512026-07-31,38105,2026-07-31,CANCELED,,
2026-08-01T03:36:16Z,1321922026-07-31,13219,2026-07-31,CANCELED,,
2026-08-01T03:36:16Z,1821712026-07-31,18217,2026-07-31,CANCELED,,
2026-08-01T03:36:16Z,1390212026-08-01,13902,2026-08-01,CANCELED,,
2026-08-01T03:36:16Z,1821812026-07-31,18218,2026-07-31,CANCELED,,
2026-08-01T03:36:16Z,3890212026-08-01,38902,2026-08-01,CANCELED,,
2026-08-01T03:36:16Z,1390412026-08-01,13904,2026-08-01,CANCELED,,
2026-08-01T03:36:16Z,1833012026-07-31,18330,2026-07-31,CANCELED,,
2026-08-01T03:36:16Z,1504212026-07-31,15042,2026-07-31,CANCELED,,
2026-08-01T03:36:16Z,1390412026-08-01,13904,2026-08-01,CANCELED,,
2026-08-01T03:36:16Z,3890512026-08-01,38905,2026-08-01,CANCELED,,
2026-08-01T03:36:16Z,3890412026-08-01,38904,2026-08-01,CANCELED,,
2026-08-01T03:36:16Z,3890512026-08-01,38905,2026-08-01,CANCELED,,
2026-08-01T03:36:16Z,3890412026-08-01,38904,2026-08-01,CANCELED,,
2026-08-01T03:36:16Z,1391012026-08-01,13910,2026-08-01,CANCELED,,
2026-08-01T03:36:16Z,1390512026-08-01,13905,2026-08-01,CANCELED,,
2026-08-01T03:36:16Z,1308932026-07-31,13089,2026-07-31,CANCELED,,
2026-08-01T03:36:16Z,1390512026-08-01,13905,2026-08-01,CANCELED,,
2026-08-01T03:36:16Z,0146012026-08-01,01460,2026-08-01,CANCELED,,
2026-08-01T03:36:16Z,0146022026-08-01,01460,2026-08-01,CANCELED,,
2026-08-01T03:36:16Z,0146032026-08-01,01460,2026-08-01,CANCELED,,
2026-08-01T03:36:16Z,1303512026-07-31,13035,2026-07-31,CANCELED,,
2026-08-01T03:36:16Z,3746012026-07-31,37460,2026-07-31,CANCELED,,
2026-08-01T03:36:16Z,1803512026-07-31,18035,2026-07-31,CANCELED,,
2026-08-01T03:36:16Z,1325822026-07-31,13258,2026-07-31,CANCELED,,
2026-08-01T03:36:16Z,0043812026-08-01,00438,2026-08-01,CANCELED,,
2026-08-01T03:36:16Z,0043822026-08-01,00438,2026-08-01,CANCELED,,
2026-08-01T03:36:16Z,0043832026-08-01,00438,2026-08-01,CANCELED,,
2026-08-01T03:36:16Z,1833122026-07-31,18331,2026-07-31,CANCELED,,
2026-08-01T03:36:16Z,3743812026-07-31,37438,2026-07-31,CANCELED,,
2026-08-01T03:36:16Z,7185512026-07-31,71855,2026-07-31,CANCELED,,
2026-08-01T03:36:16Z,0019222026-08-01,00192,2026-08-01,CANCELED,,
2026-08-01T03:36:16Z,0019212026-08-01,00192,2026-08-01,CANCELED,,
2026-08-01T03:36:16Z,1504312026-07-31,15043,2026-07-31,CANCELED,,
2026-08-01T03:36:16Z,1260812026-07-31,12608,2026-07-31,CANCELED,,
2026-08-01T03:36:16Z,3739212026-07-31,37392,2026-07-31,CANCELED,,
2026-08-01T03:36:16Z,1262312026-07-31,12623,2026-07-31,CANCELED,,
2026-08-01T03:36:16Z,3749222026-07-31,37492,2026-07-31,CANCELED,,
2026-08-01T03:36:16Z,3749212026-07-31,37492,2026-07-31,CANCELED,,
2026-08-01T03:36:16Z,1877712026-07-31,18777,2026-07-31,CANCELED,,
2026-08-01T03:36:16Z,1261112026-07-31,12611,2026-07-31,CANCELED,,
2026-08-01T03:36:16Z,1268912026-07-31,12689,2026-07-31,CANCELED,,
2026-08-01T03:36:16Z,1300212026-07-31,13002,2026-07-31,CANCELED,,
2026-08-01T03:41:19Z,0306212026-07-31,03062,2026-07-31,SCHEDULED,0,0.0
2026-08-01T03:41:19Z,0415422026-07-31,04154,2026-07-31,SCHEDULED,-60,-1.0
2026-08-01T03:41:19Z,0415412026-07-31,04154,2026-07-31,SCHEDULED,-60,-1.0
2026-08-01T03:41:19Z,1454112026-07-31,14541,2026-07-31,SCHEDULED,60,1.0
2026-08-01T03:41:19Z,0411422026-08-01,04114,2026-08-01,SCHEDULED,-120,-2.0
2026-08-01T03:41:19Z,0411412026-08-01,04114,2026-08-01,SCHEDULED,-120,-2.0
2026-08-01T03:41:19Z,1268912026-07-31,12689,2026-07-31,SCHEDULED,0,0.0
2026-08-01T03:41:19Z,1307912026-07-31,13079,2026-07-31,CANCELED,,
2026-08-01T03:41:19Z,1303222026-07-31,13032,2026-07-31,CANCELED,,
2026-08-01T03:41:19Z,1810522026-07-31,18105,2026-07-31,CANCELED,,
2026-08-01T03:41:19Z,1303112026-07-31,13031,2026-07-31,CANCELED,,
2026-08-01T03:41:19Z,3810512026-07-31,38105,2026-07-31,CANCELED,,
2026-08-01T03:41:19Z,1320812026-07-31,13208,2026-07-31,CANCELED,,
2026-08-01T03:41:19Z,1821712026-07-31,18217,2026-07-31,CANCELED,,
2026-08-01T03:41:19Z,1321922026-07-31,13219,2026-07-31,CANCELED,,
2026-08-01T03:41:19Z,1821812026-07-31,18218,2026-07-31,CANCELED,,
2026-08-01T03:41:19Z,1390212026-08-01,13902,2026-08-01,CANCELED,,
2026-08-01T03:41:19Z,3890212026-08-01,38902,2026-08-01,CANCELED,,
2026-08-01T03:41:19Z,1833012026-07-31,18330,2026-07-31,CANCELED,,
2026-08-01T03:41:19Z,1390412026-08-01,13904,2026-08-01,CANCELED,,
2026-08-01T03:41:19Z,1504212026-07-31,15042,2026-07-31,CANCELED,,
2026-08-01T03:41:19Z,1390412026-08-01,13904,2026-08-01,CANCELED,,
2026-08-01T03:41:19Z,3890512026-08-01,38905,2026-08-01,CANCELED,,
2026-08-01T03:41:19Z,3890412026-08-01,38904,2026-08-01,CANCELED,,
2026-08-01T03:41:19Z,3890512026-08-01,38905,2026-08-01,CANCELED,,
2026-08-01T03:41:19Z,3890412026-08-01,38904,2026-08-01,CANCELED,,
2026-08-01T03:41:19Z,1391012026-08-01,13910,2026-08-01,CANCELED,,
2026-08-01T03:41:19Z,1390512026-08-01,13905,2026-08-01,CANCELED,,
2026-08-01T03:41:19Z,1308932026-07-31,13089,2026-07-31,CANCELED,,
2026-08-01T03:41:19Z,1390512026-08-01,13905,2026-08-01,CANCELED,,
2026-08-01T03:41:19Z,1303512026-07-31,13035,2026-07-31,CANCELED,,
2026-08-01T03:41:19Z,0146012026-08-01,01460,2026-08-01,CANCELED,,
2026-08-01T03:41:19Z,0146022026-08-01,01460,2026-08-01,CANCELED,,
2026-08-01T03:41:19Z,0146032026-08-01,01460,2026-08-01,CANCELED,,
2026-08-01T03:41:19Z,1803512026-07-31,18035,2026-07-31,CANCELED,,
2026-08-01T03:41:19Z,3746012026-07-31,37460,2026-07-31,CANCELED,,
2026-08-01T03:41:19Z,1325822026-07-31,13258,2026-07-31,CANCELED,,
2026-08-01T03:41:19Z,1833122026-07-31,18331,2026-07-31,CANCELED,,
2026-08-01T03:41:19Z,0043812026-08-01,00438,2026-08-01,CANCELED,,
2026-08-01T03:41:19Z,0043822026-08-01,00438,2026-08-01,CANCELED,,
2026-08-01T03:41:19Z,0043832026-08-01,00438,2026-08-01,CANCELED,,
2026-08-01T03:41:19Z,7185512026-07-31,71855,2026-07-31,CANCELED,,
2026-08-01T03:41:19Z,3743812026-07-31,37438,2026-07-31,CANCELED,,
2026-08-01T03:41:19Z,1504312026-07-31,15043,2026-07-31,CANCELED,,
2026-08-01T03:41:19Z,1260812026-07-31,12608,2026-07-31,CANCELED,,
2026-08-01T03:41:19Z,0019222026-08-01,00192,2026-08-01,CANCELED,,
2026-08-01T03:41:19Z,0019212026-08-01,00192,2026-08-01,CANCELED,,
2026-08-01T03:41:19Z,1262312026-07-31,12623,2026-07-31,CANCELED,,
2026-08-01T03:41:19Z,3739212026-07-31,37392,2026-07-31,CANCELED,,
2026-08-01T03:41:19Z,1877712026-07-31,18777,2026-07-31,CANCELED,,
2026-08-01T03:41:19Z,3749222026-07-31,37492,2026-07-31,CANCELED,,
2026-08-01T03:41:19Z,3749212026-07-31,37492,2026-07-31,CANCELED,,
2026-08-01T03:41:19Z,1261112026-07-31,12611,2026-07-31,CANCELED,,
2026-08-01T03:41:19Z,1268912026-07-31,12689,2026-07-31,CANCELED,,
2026-08-01T03:41:19Z,1300212026-07-31,13002,2026-07-31,CANCELED,,
2026-08-01T03:46:23Z,0306212026-07-31,03062,2026-07-31,SCHEDULED,0,0.0
2026-08-01T03:46:23Z,0415422026-07-31,04154,2026-07-31,SCHEDULED,-60,-1.0
2026-08-01T03:46:23Z,0415412026-07-31,04154,2026-07-31,SCHEDULED,-60,-1.0
2026-08-01T03:46:23Z,1454112026-07-31,14541,2026-07-31,SCHEDULED,60,1.0
2026-08-01T03:46:23Z,0411422026-08-01,04114,2026-08-01,SCHEDULED,0,0.0
2026-08-01T03:46:23Z,0411412026-08-01,04114,2026-08-01,SCHEDULED,0,0.0
2026-08-01T03:46:23Z,1268912026-07-31,12689,2026-07-31,SCHEDULED,60,1.0
2026-08-01T03:46:23Z,1307912026-07-31,13079,2026-07-31,CANCELED,,
2026-08-01T03:46:23Z,1303222026-07-31,13032,2026-07-31,CANCELED,,
2026-08-01T03:46:23Z,1810522026-07-31,18105,2026-07-31,CANCELED,,
2026-08-01T03:46:23Z,1303112026-07-31,13031,2026-07-31,CANCELED,,
2026-08-01T03:46:23Z,3810512026-07-31,38105,2026-07-31,CANCELED,,
2026-08-01T03:46:23Z,1320812026-07-31,13208,2026-07-31,CANCELED,,
2026-08-01T03:46:23Z,1821712026-07-31,18217,2026-07-31,CANCELED,,
2026-08-01T03:46:23Z,1321922026-07-31,13219,2026-07-31,CANCELED,,
2026-08-01T03:46:23Z,1821812026-07-31,18218,2026-07-31,CANCELED,,
2026-08-01T03:46:23Z,1390212026-08-01,13902,2026-08-01,CANCELED,,
2026-08-01T03:46:23Z,3890212026-08-01,38902,2026-08-01,CANCELED,,
2026-08-01T03:46:23Z,1833012026-07-31,18330,2026-07-31,CANCELED,,
2026-08-01T03:46:23Z,1390412026-08-01,13904,2026-08-01,CANCELED,,
2026-08-01T03:46:23Z,1504212026-07-31,15042,2026-07-31,CANCELED,,
2026-08-01T03:46:23Z,1390412026-08-01,13904,2026-08-01,CANCELED,,
2026-08-01T03:46:23Z,3890512026-08-01,38905,2026-08-01,CANCELED,,
2026-08-01T03:46:23Z,3890412026-08-01,38904,2026-08-01,CANCELED,,
2026-08-01T03:46:23Z,3890512026-08-01,38905,2026-08-01,CANCELED,,
2026-08-01T03:46:23Z,3890412026-08-01,38904,2026-08-01,CANCELED,,
2026-08-01T03:46:23Z,1391012026-08-01,13910,2026-08-01,CANCELED,,
2026-08-01T03:46:23Z,1390512026-08-01,13905,2026-08-01,CANCELED,,
2026-08-01T03:46:23Z,1308932026-07-31,13089,2026-07-31,CANCELED,,
2026-08-01T03:46:23Z,1390512026-08-01,13905,2026-08-01,CANCELED,,
2026-08-01T03:46:23Z,0146012026-08-01,01460,2026-08-01,CANCELED,,
2026-08-01T03:46:23Z,0146022026-08-01,01460,2026-08-01,CANCELED,,
2026-08-01T03:46:23Z,0146032026-08-01,01460,2026-08-01,CANCELED,,
2026-08-01T03:46:23Z,1303512026-07-31,13035,2026-07-31,CANCELED,,
2026-08-01T03:46:23Z,3746012026-07-31,37460,2026-07-31,CANCELED,,
2026-08-01T03:46:23Z,1803512026-07-31,18035,2026-07-31,CANCELED,,
2026-08-01T03:46:23Z,1325822026-07-31,13258,2026-07-31,CANCELED,,
2026-08-01T03:46:23Z,0043812026-08-01,00438,2026-08-01,CANCELED,,
2026-08-01T03:46:23Z,0043822026-08-01,00438,2026-08-01,CANCELED,,
2026-08-01T03:46:23Z,0043832026-08-01,00438,2026-08-01,CANCELED,,
2026-08-01T03:46:23Z,1833122026-07-31,18331,2026-07-31,CANCELED,,
2026-08-01T03:46:23Z,3743812026-07-31,37438,2026-07-31,CANCELED,,
2026-08-01T03:46:23Z,7185512026-07-31,71855,2026-07-31,CANCELED,,
2026-08-01T03:46:23Z,1504312026-07-31,15043,2026-07-31,CANCELED,,
2026-08-01T03:46:23Z,0019222026-08-01,00192,2026-08-01,CANCELED,,
2026-08-01T03:46:23Z,0019212026-08-01,00192,2026-08-01,CANCELED,,
2026-08-01T03:46:23Z,1260812026-07-31,12608,2026-07-31,CANCELED,,
2026-08-01T03:46:23Z,1262312026-07-31,12623,2026-07-31,CANCELED,,
2026-08-01T03:46:23Z,3739212026-07-31,37392,2026-07-31,CANCELED,,
2026-08-01T03:46:23Z,3749222026-07-31,37492,2026-07-31,CANCELED,,
2026-08-01T03:46:23Z,3749212026-07-31,37492,2026-07-31,CANCELED,,
2026-08-01T03:46:23Z,1877712026-07-31,18777,2026-07-31,CANCELED,,
2026-08-01T03:46:23Z,1261112026-07-31,12611,2026-07-31,CANCELED,,
2026-08-01T03:46:23Z,1268912026-07-31,12689,2026-07-31,CANCELED,,
2026-08-01T03:46:23Z,1300212026-07-31,13002,2026-07-31,CANCELED,,
2026-08-01T03:51:22Z,1500012026-07-31,15000,2026-07-31,SCHEDULED,120,2.0
2026-08-01T03:51:22Z,0415422026-07-31,04154,2026-07-31,SCHEDULED,0,0.0
2026-08-01T03:51:22Z,0415412026-07-31,04154,2026-07-31,SCHEDULED,0,0.0
2026-08-01T03:51:22Z,1806612026-07-31,18066,2026-07-31,SCHEDULED,-60,-1.0
2026-08-01T03:51:22Z,1268912026-07-31,12689,2026-07-31,SCHEDULED,60,1.0
2026-08-01T03:51:22Z,1812112026-07-31,18121,2026-07-31,SCHEDULED,-60,-1.0
2026-08-01T03:51:22Z,1454112026-07-31,14541,2026-07-31,SCHEDULED,60,1.0
2026-08-01T03:51:22Z,1891012026-07-31,18910,2026-07-31,SCHEDULED,0,0.0
2026-08-01T03:51:22Z,1812012026-07-31,18120,2026-07-31,SCHEDULED,120,2.0
2026-08-01T03:51:22Z,0411422026-08-01,04114,2026-08-01,SCHEDULED,0,0.0
2026-08-01T03:51:22Z,0411412026-08-01,04114,2026-08-01,SCHEDULED,0,0.0
2026-08-01T03:51:22Z,0306212026-07-31,03062,2026-07-31,SCHEDULED,60,1.0
2026-08-01T03:51:22Z,1307912026-07-31,13079,2026-07-31,CANCELED,,
2026-08-01T03:51:22Z,1303222026-07-31,13032,2026-07-31,CANCELED,,
2026-08-01T03:51:22Z,1810522026-07-31,18105,2026-07-31,CANCELED,,
2026-08-01T03:51:22Z,1303112026-07-31,13031,2026-07-31,CANCELED,,
2026-08-01T03:51:22Z,3810512026-07-31,38105,2026-07-31,CANCELED,,
2026-08-01T03:51:22Z,1320812026-07-31,13208,2026-07-31,CANCELED,,
2026-08-01T03:51:22Z,1321922026-07-31,13219,2026-07-31,CANCELED,,
2026-08-01T03:51:22Z,1821712026-07-31,18217,2026-07-31,CANCELED,,
2026-08-01T03:51:22Z,1390212026-08-01,13902,2026-08-01,CANCELED,,
2026-08-01T03:51:22Z,1821812026-07-31,18218,2026-07-31,CANCELED,,
2026-08-01T03:51:22Z,3890212026-08-01,38902,2026-08-01,CANCELED,,
2026-08-01T03:51:22Z,1833012026-07-31,18330,2026-07-31,CANCELED,,
2026-08-01T03:51:22Z,1390412026-08-01,13904,2026-08-01,CANCELED,,
2026-08-01T03:51:22Z,1504212026-07-31,15042,2026-07-31,CANCELED,,
2026-08-01T03:51:22Z,1390412026-08-01,13904,2026-08-01,CANCELED,,
2026-08-01T03:51:22Z,3890512026-08-01,38905,2026-08-01,CANCELED,,
2026-08-01T03:51:22Z,3890412026-08-01,38904,2026-08-01,CANCELED,,
2026-08-01T03:51:22Z,3890512026-08-01,38905,2026-08-01,CANCELED,,
2026-08-01T03:51:22Z,3890412026-08-01,38904,2026-08-01,CANCELED,,
2026-08-01T03:51:22Z,1391012026-08-01,13910,2026-08-01,CANCELED,,
2026-08-01T03:51:22Z,1308932026-07-31,13089,2026-07-31,CANCELED,,
2026-08-01T03:51:22Z,1390512026-08-01,13905,2026-08-01,CANCELED,,
2026-08-01T03:51:22Z,1390512026-08-01,13905,2026-08-01,CANCELED,,
2026-08-01T03:51:22Z,1303512026-07-31,13035,2026-07-31,CANCELED,,
2026-08-01T03:51:22Z,0146012026-08-01,01460,2026-08-01,CANCELED,,
2026-08-01T03:51:22Z,0146022026-08-01,01460,2026-08-01,CANCELED,,
2026-08-01T03:51:22Z,0146032026-08-01,01460,2026-08-01,CANCELED,,
2026-08-01T03:51:22Z,1803512026-07-31,18035,2026-07-31,CANCELED,,
2026-08-01T03:51:22Z,3746012026-07-31,37460,2026-07-31,CANCELED,,
2026-08-01T03:51:22Z,1325822026-07-31,13258,2026-07-31,CANCELED,,
2026-08-01T03:51:22Z,1833122026-07-31,18331,2026-07-31,CANCELED,,
2026-08-01T03:51:22Z,0043812026-08-01,00438,2026-08-01,CANCELED,,
2026-08-01T03:51:22Z,0043822026-08-01,00438,2026-08-01,CANCELED,,
2026-08-01T03:51:22Z,0043832026-08-01,00438,2026-08-01,CANCELED,,
2026-08-01T03:51:22Z,7185512026-07-31,71855,2026-07-31,CANCELED,,
2026-08-01T03:51:22Z,3743812026-07-31,37438,2026-07-31,CANCELED,,
2026-08-01T03:51:22Z,1504312026-07-31,15043,2026-07-31,CANCELED,,
2026-08-01T03:51:22Z,1260812026-07-31,12608,2026-07-31,CANCELED,,
2026-08-01T03:51:22Z,0019222026-08-01,00192,2026-08-01,CANCELED,,
2026-08-01T03:51:22Z,0019212026-08-01,00192,2026-08-01,CANCELED,,
2026-08-01T03:51:22Z,1262312026-07-31,12623,2026-07-31,CANCELED,,
2026-08-01T03:51:22Z,3739212026-07-31,37392,2026-07-31,CANCELED,,
2026-08-01T03:51:22Z,1877712026-07-31,18777,2026-07-31,CANCELED,,
2026-08-01T03:51:22Z,3749222026-07-31,37492,2026-07-31,CANCELED,,
2026-08-01T03:51:22Z,3749212026-07-31,37492,2026-07-31,CANCELED,,
2026-08-01T03:51:22Z,1261112026-07-31,12611,2026-07-31,CANCELED,,
2026-08-01T03:51:22Z,1268912026-07-31,12689,2026-07-31,CANCELED,,
2026-08-01T03:51:22Z,1300212026-07-31,13002,2026-07-31,CANCELED,,
2026-08-01T03:56:25Z,0446412026-07-31,04464,2026-07-31,SCHEDULED,120,2.0
2026-08-01T03:56:25Z,1500012026-07-31,15000,2026-07-31,SCHEDULED,120,2.0
2026-08-01T03:56:25Z,1505112026-07-31,15051,2026-07-31,SCHEDULED,0,0.0
2026-08-01T03:56:25Z,0415422026-07-31,04154,2026-07-31,SCHEDULED,0,0.0
2026-08-01T03:56:25Z,0415412026-07-31,04154,2026-07-31,SCHEDULED,0,0.0
2026-08-01T03:56:25Z,1577212026-07-31,15772,2026-07-31,SCHEDULED,0,0.0
2026-08-01T03:56:25Z,1268912026-07-31,12689,2026-07-31,SCHEDULED,60,1.0
2026-08-01T03:56:25Z,1812112026-07-31,18121,2026-07-31,SCHEDULED,-60,-1.0
2026-08-01T03:56:25Z,1891012026-07-31,18910,2026-07-31,SCHEDULED,0,0.0
2026-08-01T03:56:25Z,1454112026-07-31,14541,2026-07-31,SCHEDULED,60,1.0
2026-08-01T03:56:25Z,1806612026-07-31,18066,2026-07-31,SCHEDULED,-60,-1.0
2026-08-01T03:56:25Z,1812012026-07-31,18120,2026-07-31,SCHEDULED,120,2.0
2026-08-01T03:56:25Z,0411422026-08-01,04114,2026-08-01,SCHEDULED,0,0.0
2026-08-01T03:56:25Z,0411412026-08-01,04114,2026-08-01,SCHEDULED,0,0.0
2026-08-01T03:56:25Z,0306212026-07-31,03062,2026-07-31,SCHEDULED,60,1.0
2026-08-01T03:56:25Z,0306212026-07-31,03062,2026-07-31,SCHEDULED,60,1.0
2026-08-01T03:56:25Z,1307912026-07-31,13079,2026-07-31,CANCELED,,
2026-08-01T03:56:25Z,1303222026-07-31,13032,2026-07-31,CANCELED,,
2026-08-01T03:56:25Z,1303112026-07-31,13031,2026-07-31,CANCELED,,
2026-08-01T03:56:25Z,1810522026-07-31,18105,2026-07-31,CANCELED,,
2026-08-01T03:56:25Z,1320812026-07-31,13208,2026-07-31,CANCELED,,
2026-08-01T03:56:25Z,3810512026-07-31,38105,2026-07-31,CANCELED,,
2026-08-01T03:56:25Z,1321922026-07-31,13219,2026-07-31,CANCELED,,
2026-08-01T03:56:25Z,1821712026-07-31,18217,2026-07-31,CANCELED,,
2026-08-01T03:56:25Z,1390212026-08-01,13902,2026-08-01,CANCELED,,
2026-08-01T03:56:25Z,1821812026-07-31,18218,2026-07-31,CANCELED,,
2026-08-01T03:56:25Z,3890212026-08-01,38902,2026-08-01,CANCELED,,
2026-08-01T03:56:25Z,1833012026-07-31,18330,2026-07-31,CANCELED,,
2026-08-01T03:56:25Z,1390412026-08-01,13904,2026-08-01,CANCELED,,
2026-08-01T03:56:25Z,1504212026-07-31,15042,2026-07-31,CANCELED,,
2026-08-01T03:56:25Z,1390412026-08-01,13904,2026-08-01,CANCELED,,
2026-08-01T03:56:25Z,3890512026-08-01,38905,2026-08-01,CANCELED,,
2026-08-01T03:56:25Z,3890412026-08-01,38904,2026-08-01,CANCELED,,
2026-08-01T03:56:25Z,3890512026-08-01,38905,2026-08-01,CANCELED,,
2026-08-01T03:56:25Z,3890412026-08-01,38904,2026-08-01,CANCELED,,
2026-08-01T03:56:25Z,1391012026-08-01,13910,2026-08-01,CANCELED,,
2026-08-01T03:56:25Z,1390512026-08-01,13905,2026-08-01,CANCELED,,
2026-08-01T03:56:25Z,1308932026-07-31,13089,2026-07-31,CANCELED,,
2026-08-01T03:56:25Z,1390512026-08-01,13905,2026-08-01,CANCELED,,
2026-08-01T03:56:25Z,0146012026-08-01,01460,2026-08-01,CANCELED,,
2026-08-01T03:56:25Z,0146022026-08-01,01460,2026-08-01,CANCELED,,
2026-08-01T03:56:25Z,0146032026-08-01,01460,2026-08-01,CANCELED,,
2026-08-01T03:56:25Z,1303512026-07-31,13035,2026-07-31,CANCELED,,
2026-08-01T03:56:25Z,1803512026-07-31,18035,2026-07-31,CANCELED,,
2026-08-01T03:56:25Z,3746012026-07-31,37460,2026-07-31,CANCELED,,
2026-08-01T03:56:25Z,1325822026-07-31,13258,2026-07-31,CANCELED,,
2026-08-01T03:56:25Z,0043812026-08-01,00438,2026-08-01,CANCELED,,
2026-08-01T03:56:25Z,0043822026-08-01,00438,2026-08-01,CANCELED,,
2026-08-01T03:56:25Z,0043832026-08-01,00438,2026-08-01,CANCELED,,
2026-08-01T03:56:25Z,1833122026-07-31,18331,2026-07-31,CANCELED,,
2026-08-01T03:56:25Z,3743812026-07-31,37438,2026-07-31,CANCELED,,
2026-08-01T03:56:25Z,7185512026-07-31,71855,2026-07-31,CANCELED,,
2026-08-01T03:56:25Z,1504312026-07-31,15043,2026-07-31,CANCELED,,
2026-08-01T03:56:25Z,0019222026-08-01,00192,2026-08-01,CANCELED,,
2026-08-01T03:56:25Z,0019212026-08-01,00192,2026-08-01,CANCELED,,
2026-08-01T03:56:25Z,1260812026-07-31,12608,2026-07-31,CANCELED,,
2026-08-01T03:56:25Z,1262312026-07-31,12623,2026-07-31,CANCELED,,
2026-08-01T03:56:25Z,3739212026-07-31,37392,2026-07-31,CANCELED,,
2026-08-01T03:56:25Z,1877712026-07-31,18777,2026-07-31,CANCELED,,
2026-08-01T03:56:25Z,3749222026-07-31,37492,2026-07-31,CANCELED,,
2026-08-01T03:56:25Z,3749212026-07-31,37492,2026-07-31,CANCELED,,
2026-08-01T03:56:25Z,1261112026-07-31,12611,2026-07-31,CANCELED,,
2026-08-01T03:56:25Z,1268912026-07-31,12689,2026-07-31,CANCELED,,
2026-08-01T03:56:25Z,1300212026-07-31,13002,2026-07-31,CANCELED,,
2026-08-01T04:02:03Z,0446412026-07-31,04464,2026-07-31,SCHEDULED,120,2.0
2026-08-01T04:02:03Z,1577212026-07-31,15772,2026-07-31,SCHEDULED,60,1.0
2026-08-01T04:02:03Z,1807112026-07-31,18071,2026-07-31,SCHEDULED,60,1.0
2026-08-01T04:02:03Z,1500012026-07-31,15000,2026-07-31,SCHEDULED,180,3.0
2026-08-01T04:02:03Z,0415422026-07-31,04154,2026-07-31,SCHEDULED,0,0.0
2026-08-01T04:02:03Z,0415412026-07-31,04154,2026-07-31,SCHEDULED,0,0.0
2026-08-01T04:02:03Z,1505112026-07-31,15051,2026-07-31,SCHEDULED,0,0.0
2026-08-01T04:02:03Z,1268912026-07-31,12689,2026-07-31,SCHEDULED,60,1.0
2026-08-01T04:02:03Z,1812112026-07-31,18121,2026-07-31,SCHEDULED,-60,-1.0
2026-08-01T04:02:03Z,1454112026-07-31,14541,2026-07-31,SCHEDULED,180,3.0
2026-08-01T04:02:03Z,1891012026-07-31,18910,2026-07-31,SCHEDULED,180,3.0
2026-08-01T04:02:03Z,1806612026-07-31,18066,2026-07-31,SCHEDULED,60,1.0
2026-08-01T04:02:03Z,0411422026-08-01,04114,2026-08-01,SCHEDULED,-60,-1.0
2026-08-01T04:02:03Z,0411412026-08-01,04114,2026-08-01,SCHEDULED,-60,-1.0
2026-08-01T04:02:03Z,1812012026-07-31,18120,2026-07-31,SCHEDULED,120,2.0
2026-08-01T04:02:03Z,0306212026-07-31,03062,2026-07-31,SCHEDULED,60,1.0
2026-08-01T04:02:03Z,0306212026-07-31,03062,2026-07-31,SCHEDULED,60,1.0
2026-08-01T04:02:03Z,1307912026-07-31,13079,2026-07-31,CANCELED,,
2026-08-01T04:02:03Z,1303222026-07-31,13032,2026-07-31,CANCELED,,
2026-08-01T04:02:03Z,1810522026-07-31,18105,2026-07-31,CANCELED,,
2026-08-01T04:02:03Z,1303112026-07-31,13031,2026-07-31,CANCELED,,
2026-08-01T04:02:03Z,3810512026-07-31,38105,2026-07-31,CANCELED,,
2026-08-01T04:02:03Z,1320812026-07-31,13208,2026-07-31,CANCELED,,
2026-08-01T04:02:03Z,1821712026-07-31,18217,2026-07-31,CANCELED,,
2026-08-01T04:02:03Z,1321922026-07-31,13219,2026-07-31,CANCELED,,
2026-08-01T04:02:03Z,1821812026-07-31,18218,2026-07-31,CANCELED,,
2026-08-01T04:02:03Z,1390212026-08-01,13902,2026-08-01,CANCELED,,
2026-08-01T04:02:03Z,3890212026-08-01,38902,2026-08-01,CANCELED,,
2026-08-01T04:02:03Z,1833012026-07-31,18330,2026-07-31,CANCELED,,
2026-08-01T04:02:03Z,1390412026-08-01,13904,2026-08-01,CANCELED,,
2026-08-01T04:02:03Z,1504212026-07-31,15042,2026-07-31,CANCELED,,
2026-08-01T04:02:03Z,1390412026-08-01,13904,2026-08-01,CANCELED,,
2026-08-01T04:02:03Z,3890512026-08-01,38905,2026-08-01,CANCELED,,
2026-08-01T04:02:03Z,3890412026-08-01,38904,2026-08-01,CANCELED,,
2026-08-01T04:02:03Z,3890512026-08-01,38905,2026-08-01,CANCELED,,
2026-08-01T04:02:03Z,3890412026-08-01,38904,2026-08-01,CANCELED,,
2026-08-01T04:02:03Z,1391012026-08-01,13910,2026-08-01,CANCELED,,
2026-08-01T04:02:03Z,1308932026-07-31,13089,2026-07-31,CANCELED,,
2026-08-01T04:02:03Z,1390512026-08-01,13905,2026-08-01,CANCELED,,
2026-08-01T04:02:03Z,1390512026-08-01,13905,2026-08-01,CANCELED,,
2026-08-01T04:02:03Z,1303512026-07-31,13035,2026-07-31,CANCELED,,
2026-08-01T04:02:03Z,0146012026-08-01,01460,2026-08-01,CANCELED,,
2026-08-01T04:02:03Z,0146022026-08-01,01460,2026-08-01,CANCELED,,
2026-08-01T04:02:03Z,0146032026-08-01,01460,2026-08-01,CANCELED,,
2026-08-01T04:02:03Z,1803512026-07-31,18035,2026-07-31,CANCELED,,
2026-08-01T04:02:03Z,3746012026-07-31,37460,2026-07-31,CANCELED,,
2026-08-01T04:02:03Z,1325822026-07-31,13258,2026-07-31,CANCELED,,
2026-08-01T04:02:03Z,1833122026-07-31,18331,2026-07-31,CANCELED,,
2026-08-01T04:02:03Z,0043812026-08-01,00438,2026-08-01,CANCELED,,
2026-08-01T04:02:03Z,0043822026-08-01,00438,2026-08-01,CANCELED,,
2026-08-01T04:02:03Z,0043832026-08-01,00438,2026-08-01,CANCELED,,
2026-08-01T04:02:03Z,7185512026-07-31,71855,2026-07-31,CANCELED,,
2026-08-01T04:02:03Z,3743812026-07-31,37438,2026-07-31,CANCELED,,
2026-08-01T04:02:03Z,1504312026-07-31,15043,2026-07-31,CANCELED,,
2026-08-01T04:02:03Z,1260812026-07-31,12608,2026-07-31,CANCELED,,
2026-08-01T04:02:03Z,0019222026-08-01,00192,2026-08-01,CANCELED,,
2026-08-01T04:02:03Z,0019212026-08-01,00192,2026-08-01,CANCELED,,
2026-08-01T04:02:03Z,1262312026-07-31,12623,2026-07-31,CANCELED,,
2026-08-01T04:02:03Z,3739212026-07-31,37392,2026-07-31,CANCELED,,
2026-08-01T04:02:03Z,1877712026-07-31,18777,2026-07-31,CANCELED,,
2026-08-01T04:02:03Z,3749222026-07-31,37492,2026-07-31,CANCELED,,
2026-08-01T04:02:03Z,3749212026-07-31,37492,2026-07-31,CANCELED,,
2026-08-01T04:02:03Z,1261112026-07-31,12611,2026-07-31,CANCELED,,
2026-08-01T04:02:03Z,1268912026-07-31,12689,2026-07-31,CANCELED,,
2026-08-01T04:02:03Z,1300212026-07-31,13002,2026-07-31,CANCELED,,
2026-08-01T04:06:16Z,1505112026-07-31,15051,2026-07-31,SCHEDULED,0,0.0
2026-08-01T04:06:16Z,0415422026-07-31,04154,2026-07-31,SCHEDULED,0,0.0
2026-08-01T04:06:16Z,0415412026-07-31,04154,2026-07-31,SCHEDULED,0,0.0
2026-08-01T04:06:16Z,1577212026-07-31,15772,2026-07-31,SCHEDULED,0,0.0
2026-08-01T04:06:16Z,1268912026-07-31,12689,2026-07-31,SCHEDULED,60,1.0
2026-08-01T04:06:16Z,1807112026-07-31,18071,2026-07-31,SCHEDULED,0,0.0
2026-08-01T04:06:16Z,1454112026-07-31,14541,2026-07-31,SCHEDULED,300,5.0
2026-08-01T04:06:16Z,1806612026-07-31,18066,2026-07-31,SCHEDULED,0,0.0
2026-08-01T04:06:16Z,1500012026-07-31,15000,2026-07-31,SCHEDULED,180,3.0
2026-08-01T04:06:16Z,1812012026-07-31,18120,2026-07-31,SCHEDULED,120,2.0
2026-08-01T04:06:16Z,1812112026-07-31,18121,2026-07-31,SCHEDULED,0,0.0
2026-08-01T04:06:16Z,0411422026-08-01,04114,2026-08-01,SCHEDULED,-60,-1.0
2026-08-01T04:06:16Z,0411412026-08-01,04114,2026-08-01,SCHEDULED,-60,-1.0
2026-08-01T04:06:16Z,3586912026-07-31,35869,2026-07-31,SCHEDULED,120,2.0
2026-08-01T04:06:16Z,1891012026-07-31,18910,2026-07-31,SCHEDULED,180,3.0
2026-08-01T04:06:16Z,0306212026-07-31,03062,2026-07-31,SCHEDULED,60,1.0
2026-08-01T04:06:16Z,0306212026-07-31,03062,2026-07-31,SCHEDULED,60,1.0
2026-08-01T04:06:16Z,0446412026-07-31,04464,2026-07-31,SCHEDULED,60,1.0
2026-08-01T04:06:16Z,1307912026-07-31,13079,2026-07-31,CANCELED,,
2026-08-01T04:06:16Z,1303222026-07-31,13032,2026-07-31,CANCELED,,
2026-08-01T04:06:16Z,1303112026-07-31,13031,2026-07-31,CANCELED,,
2026-08-01T04:06:16Z,1810522026-07-31,18105,2026-07-31,CANCELED,,
2026-08-01T04:06:16Z,1320812026-07-31,13208,2026-07-31,CANCELED,,
2026-08-01T04:06:16Z,3810512026-07-31,38105,2026-07-31,CANCELED,,
2026-08-01T04:06:16Z,1321922026-07-31,13219,2026-07-31,CANCELED,,
2026-08-01T04:06:16Z,1821712026-07-31,18217,2026-07-31,CANCELED,,
2026-08-01T04:06:16Z,1390212026-08-01,13902,2026-08-01,CANCELED,,
2026-08-01T04:06:16Z,1821812026-07-31,18218,2026-07-31,CANCELED,,
2026-08-01T04:06:16Z,3890212026-08-01,38902,2026-08-01,CANCELED,,
2026-08-01T04:06:16Z,1833012026-07-31,18330,2026-07-31,CANCELED,,
2026-08-01T04:06:16Z,1390412026-08-01,13904,2026-08-01,CANCELED,,
2026-08-01T04:06:16Z,1504212026-07-31,15042,2026-07-31,CANCELED,,
2026-08-01T04:06:16Z,1390412026-08-01,13904,2026-08-01,CANCELED,,
2026-08-01T04:06:16Z,3890512026-08-01,38905,2026-08-01,CANCELED,,
2026-08-01T04:06:16Z,3890412026-08-01,38904,2026-08-01,CANCELED,,
2026-08-01T04:06:16Z,3890512026-08-01,38905,2026-08-01,CANCELED,,
2026-08-01T04:06:16Z,3890412026-08-01,38904,2026-08-01,CANCELED,,
2026-08-01T04:06:16Z,1391012026-08-01,13910,2026-08-01,CANCELED,,
2026-08-01T04:06:16Z,1390512026-08-01,13905,2026-08-01,CANCELED,,
2026-08-01T04:06:16Z,1308932026-07-31,13089,2026-07-31,CANCELED,,
2026-08-01T04:06:16Z,1390512026-08-01,13905,2026-08-01,CANCELED,,
2026-08-01T04:06:16Z,0146012026-08-01,01460,2026-08-01,CANCELED,,
2026-08-01T04:06:16Z,0146022026-08-01,01460,2026-08-01,CANCELED,,
2026-08-01T04:06:16Z,0146032026-08-01,01460,2026-08-01,CANCELED,,
2026-08-01T04:06:16Z,1303512026-07-31,13035,2026-07-31,CANCELED,,
2026-08-01T04:06:16Z,3746012026-07-31,37460,2026-07-31,CANCELED,,
2026-08-01T04:06:16Z,1803512026-07-31,18035,2026-07-31,CANCELED,,
2026-08-01T04:06:16Z,1325822026-07-31,13258,2026-07-31,CANCELED,,
2026-08-01T04:06:16Z,0043812026-08-01,00438,2026-08-01,CANCELED,,
2026-08-01T04:06:16Z,0043822026-08-01,00438,2026-08-01,CANCELED,,
2026-08-01T04:06:16Z,0043832026-08-01,00438,2026-08-01,CANCELED,,
2026-08-01T04:06:16Z,1833122026-07-31,18331,2026-07-31,CANCELED,,
2026-08-01T04:06:16Z,3743812026-07-31,37438,2026-07-31,CANCELED,,
2026-08-01T04:06:16Z,7185512026-07-31,71855,2026-07-31,CANCELED,,
2026-08-01T04:06:16Z,1504312026-07-31,15043,2026-07-31,CANCELED,,
2026-08-01T04:06:16Z,0019222026-08-01,00192,2026-08-01,CANCELED,,
2026-08-01T04:06:16Z,0019212026-08-01,00192,2026-08-01,CANCELED,,
2026-08-01T04:06:16Z,1260812026-07-31,12608,2026-07-31,CANCELED,,
2026-08-01T04:06:16Z,1262312026-07-31,12623,2026-07-31,CANCELED,,
2026-08-01T04:06:16Z,3739212026-07-31,37392,2026-07-31,CANCELED,,
2026-08-01T04:06:16Z,1877712026-07-31,18777,2026-07-31,CANCELED,,
2026-08-01T04:06:16Z,3749222026-07-31,37492,2026-07-31,CANCELED,,
2026-08-01T04:06:16Z,3749212026-07-31,37492,2026-07-31,CANCELED,,
2026-08-01T04:06:16Z,1261112026-07-31,12611,2026-07-31,CANCELED,,
2026-08-01T04:06:16Z,1268912026-07-31,12689,2026-07-31,CANCELED,,
2026-08-01T04:06:16Z,1300212026-07-31,13002,2026-07-31,CANCELED,,
2026-08-01T04:11:22Z,0446412026-07-31,04464,2026-07-31,SCHEDULED,60,1.0
2026-08-01T04:11:22Z,1500012026-07-31,15000,2026-07-31,SCHEDULED,180,3.0
2026-08-01T04:11:22Z,1505112026-07-31,15051,2026-07-31,SCHEDULED,0,0.0
2026-08-01T04:11:22Z,1577212026-07-31,15772,2026-07-31,SCHEDULED,0,0.0
2026-08-01T04:11:22Z,0415422026-07-31,04154,2026-07-31,SCHEDULED,0,0.0
2026-08-01T04:11:22Z,0415412026-07-31,04154,2026-07-31,SCHEDULED,0,0.0
2026-08-01T04:11:22Z,1807112026-07-31,18071,2026-07-31,SCHEDULED,0,0.0
2026-08-01T04:11:22Z,0587112026-07-31,05871,2026-07-31,SCHEDULED,540,9.0
2026-08-01T04:11:22Z,1812112026-07-31,18121,2026-07-31,SCHEDULED,-60,-1.0
2026-08-01T04:11:22Z,1268912026-07-31,12689,2026-07-31,SCHEDULED,60,1.0
2026-08-01T04:11:22Z,3586912026-07-31,35869,2026-07-31,SCHEDULED,180,3.0
2026-08-01T04:11:22Z,0411422026-08-01,04114,2026-08-01,SCHEDULED,-60,-1.0
2026-08-01T04:11:22Z,0411412026-08-01,04114,2026-08-01,SCHEDULED,-60,-1.0
2026-08-01T04:11:22Z,1891012026-07-31,18910,2026-07-31,SCHEDULED,180,3.0
2026-08-01T04:11:22Z,0206112026-07-31,02061,2026-07-31,SCHEDULED,60,1.0
2026-08-01T04:11:22Z,1806612026-07-31,18066,2026-07-31,SCHEDULED,60,1.0
2026-08-01T04:11:22Z,1812012026-07-31,18120,2026-07-31,SCHEDULED,120,2.0
2026-08-01T04:11:22Z,0306212026-07-31,03062,2026-07-31,SCHEDULED,60,1.0
2026-08-01T04:11:22Z,0306212026-07-31,03062,2026-07-31,SCHEDULED,60,1.0
2026-08-01T04:11:22Z,1307912026-07-31,13079,2026-07-31,CANCELED,,
2026-08-01T04:11:22Z,1303222026-07-31,13032,2026-07-31,CANCELED,,
2026-08-01T04:11:22Z,1303112026-07-31,13031,2026-07-31,CANCELED,,
2026-08-01T04:11:22Z,1810522026-07-31,18105,2026-07-31,CANCELED,,
2026-08-01T04:11:22Z,1320812026-07-31,13208,2026-07-31,CANCELED,,
2026-08-01T04:11:22Z,3810512026-07-31,38105,2026-07-31,CANCELED,,
2026-08-01T04:11:22Z,1821712026-07-31,18217,2026-07-31,CANCELED,,
2026-08-01T04:11:22Z,1321922026-07-31,13219,2026-07-31,CANCELED,,
2026-08-01T04:11:22Z,1821812026-07-31,18218,2026-07-31,CANCELED,,
2026-08-01T04:11:22Z,1390212026-08-01,13902,2026-08-01,CANCELED,,
2026-08-01T04:11:22Z,3890212026-08-01,38902,2026-08-01,CANCELED,,
2026-08-01T04:11:22Z,1833012026-07-31,18330,2026-07-31,CANCELED,,
2026-08-01T04:11:22Z,1390412026-08-01,13904,2026-08-01,CANCELED,,
2026-08-01T04:11:22Z,1504212026-07-31,15042,2026-07-31,CANCELED,,
2026-08-01T04:11:22Z,1390412026-08-01,13904,2026-08-01,CANCELED,,
2026-08-01T04:11:22Z,3890512026-08-01,38905,2026-08-01,CANCELED,,
2026-08-01T04:11:22Z,3890412026-08-01,38904,2026-08-01,CANCELED,,
2026-08-01T04:11:22Z,3890512026-08-01,38905,2026-08-01,CANCELED,,
2026-08-01T04:11:22Z,3890412026-08-01,38904,2026-08-01,CANCELED,,
2026-08-01T04:11:22Z,1391012026-08-01,13910,2026-08-01,CANCELED,,
2026-08-01T04:11:22Z,1308932026-07-31,13089,2026-07-31,CANCELED,,
2026-08-01T04:11:22Z,1390512026-08-01,13905,2026-08-01,CANCELED,,
2026-08-01T04:11:22Z,1390512026-08-01,13905,2026-08-01,CANCELED,,
2026-08-01T04:11:22Z,0146012026-08-01,01460,2026-08-01,CANCELED,,
2026-08-01T04:11:22Z,0146022026-08-01,01460,2026-08-01,CANCELED,,
2026-08-01T04:11:22Z,0146032026-08-01,01460,2026-08-01,CANCELED,,
2026-08-01T04:11:22Z,1303512026-07-31,13035,2026-07-31,CANCELED,,
2026-08-01T04:11:22Z,3746012026-07-31,37460,2026-07-31,CANCELED,,
2026-08-01T04:11:22Z,1803512026-07-31,18035,2026-07-31,CANCELED,,
2026-08-01T04:11:22Z,1325822026-07-31,13258,2026-07-31,CANCELED,,
2026-08-01T04:11:22Z,1833122026-07-31,18331,2026-07-31,CANCELED,,
2026-08-01T04:11:22Z,0043812026-08-01,00438,2026-08-01,CANCELED,,
2026-08-01T04:11:22Z,0043822026-08-01,00438,2026-08-01,CANCELED,,
2026-08-01T04:11:22Z,0043832026-08-01,00438,2026-08-01,CANCELED,,
2026-08-01T04:11:22Z,7185512026-07-31,71855,2026-07-31,CANCELED,,
2026-08-01T04:11:22Z,3743812026-07-31,37438,2026-07-31,CANCELED,,
2026-08-01T04:11:22Z,1504312026-07-31,15043,2026-07-31,CANCELED,,
2026-08-01T04:11:22Z,1260812026-07-31,12608,2026-07-31,CANCELED,,
2026-08-01T04:11:22Z,0019222026-08-01,00192,2026-08-01,CANCELED,,
2026-08-01T04:11:22Z,0019212026-08-01,00192,2026-08-01,CANCELED,,
2026-08-01T04:11:22Z,1262312026-07-31,12623,2026-07-31,CANCELED,,
2026-08-01T04:11:22Z,3739212026-07-31,37392,2026-07-31,CANCELED,,
2026-08-01T04:11:22Z,1877712026-07-31,18777,2026-07-31,CANCELED,,
2026-08-01T04:11:22Z,3749222026-07-31,37492,2026-07-31,CANCELED,,
2026-08-01T04:11:22Z,3749212026-07-31,37492,2026-07-31,CANCELED,,
2026-08-01T04:11:22Z,1261112026-07-31,12611,2026-07-31,CANCELED,,
2026-08-01T04:11:22Z,1268912026-07-31,12689,2026-07-31,CANCELED,,
2026-08-01T04:11:22Z,1300212026-07-31,13002,2026-07-31,CANCELED,,
2026-08-01T04:16:28Z,0446412026-07-31,04464,2026-07-31,SCHEDULED,0,0.0
2026-08-01T04:16:28Z,1505112026-07-31,15051,2026-07-31,SCHEDULED,-60,-1.0
2026-08-01T04:16:28Z,1577212026-07-31,15772,2026-07-31,SCHEDULED,60,1.0
2026-08-01T04:16:28Z,1808412026-07-31,18084,2026-07-31,SCHEDULED,-60,-1.0
2026-08-01T04:16:28Z,0415422026-07-31,04154,2026-07-31,SCHEDULED,0,0.0
2026-08-01T04:16:28Z,0415412026-07-31,04154,2026-07-31,SCHEDULED,0,0.0
2026-08-01T04:16:28Z,1807112026-07-31,18071,2026-07-31,SCHEDULED,60,1.0
2026-08-01T04:16:28Z,0587112026-07-31,05871,2026-07-31,SCHEDULED,600,10.0
2026-08-01T04:16:28Z,1812112026-07-31,18121,2026-07-31,SCHEDULED,0,0.0
2026-08-01T04:16:28Z,1268912026-07-31,12689,2026-07-31,SCHEDULED,180,3.0
2026-08-01T04:16:28Z,3586912026-07-31,35869,2026-07-31,SCHEDULED,120,2.0
2026-08-01T04:16:28Z,1500012026-07-31,15000,2026-07-31,SCHEDULED,360,6.0
2026-08-01T04:16:28Z,1891012026-07-31,18910,2026-07-31,SCHEDULED,180,3.0
2026-08-01T04:16:28Z,1806612026-07-31,18066,2026-07-31,SCHEDULED,0,0.0
2026-08-01T04:16:28Z,0411422026-08-01,04114,2026-08-01,SCHEDULED,60,1.0
2026-08-01T04:16:28Z,0411412026-08-01,04114,2026-08-01,SCHEDULED,60,1.0
2026-08-01T04:16:28Z,1812012026-07-31,18120,2026-07-31,SCHEDULED,0,0.0
2026-08-01T04:16:28Z,0206112026-07-31,02061,2026-07-31,SCHEDULED,60,1.0
2026-08-01T04:16:28Z,0306212026-07-31,03062,2026-07-31,SCHEDULED,60,1.0
2026-08-01T04:16:28Z,0306212026-07-31,03062,2026-07-31,SCHEDULED,60,1.0
2026-08-01T04:16:28Z,1307912026-07-31,13079,2026-07-31,CANCELED,,
2026-08-01T04:16:28Z,1303222026-07-31,13032,2026-07-31,CANCELED,,
2026-08-01T04:16:28Z,1810522026-07-31,18105,2026-07-31,CANCELED,,
2026-08-01T04:16:28Z,1303112026-07-31,13031,2026-07-31,CANCELED,,
2026-08-01T04:16:28Z,3810512026-07-31,38105,2026-07-31,CANCELED,,
2026-08-01T04:16:28Z,1320812026-07-31,13208,2026-07-31,CANCELED,,
2026-08-01T04:16:28Z,1821712026-07-31,18217,2026-07-31,CANCELED,,
2026-08-01T04:16:28Z,1321922026-07-31,13219,2026-07-31,CANCELED,,
2026-08-01T04:16:28Z,1821812026-07-31,18218,2026-07-31,CANCELED,,
2026-08-01T04:16:28Z,1390212026-08-01,13902,2026-08-01,CANCELED,,
2026-08-01T04:16:28Z,3890212026-08-01,38902,2026-08-01,CANCELED,,
2026-08-01T04:16:28Z,1833012026-07-31,18330,2026-07-31,CANCELED,,
2026-08-01T04:16:28Z,1390412026-08-01,13904,2026-08-01,CANCELED,,
2026-08-01T04:16:28Z,1504212026-07-31,15042,2026-07-31,CANCELED,,
2026-08-01T04:16:28Z,1390412026-08-01,13904,2026-08-01,CANCELED,,
2026-08-01T04:16:28Z,3890512026-08-01,38905,2026-08-01,CANCELED,,
2026-08-01T04:16:28Z,3890412026-08-01,38904,2026-08-01,CANCELED,,
2026-08-01T04:16:28Z,3890512026-08-01,38905,2026-08-01,CANCELED,,
2026-08-01T04:16:28Z,3890412026-08-01,38904,2026-08-01,CANCELED,,
2026-08-01T04:16:28Z,1391012026-08-01,13910,2026-08-01,CANCELED,,
2026-08-01T04:16:28Z,1308932026-07-31,13089,2026-07-31,CANCELED,,
2026-08-01T04:16:28Z,1390512026-08-01,13905,2026-08-01,CANCELED,,
2026-08-01T04:16:28Z,1390512026-08-01,13905,2026-08-01,CANCELED,,
2026-08-01T04:16:28Z,1303512026-07-31,13035,2026-07-31,CANCELED,,
2026-08-01T04:16:28Z,0146012026-08-01,01460,2026-08-01,CANCELED,,
2026-08-01T04:16:28Z,0146022026-08-01,01460,2026-08-01,CANCELED,,
2026-08-01T04:16:28Z,0146032026-08-01,01460,2026-08-01,CANCELED,,
2026-08-01T04:16:28Z,1803512026-07-31,18035,2026-07-31,CANCELED,,
2026-08-01T04:16:28Z,3746012026-07-31,37460,2026-07-31,CANCELED,,
2026-08-01T04:16:28Z,1325822026-07-31,13258,2026-07-31,CANCELED,,
2026-08-01T04:16:28Z,1833122026-07-31,18331,2026-07-31,CANCELED,,
2026-08-01T04:16:28Z,0043812026-08-01,00438,2026-08-01,CANCELED,,
2026-08-01T04:16:28Z,0043822026-08-01,00438,2026-08-01,CANCELED,,
2026-08-01T04:16:28Z,0043832026-08-01,00438,2026-08-01,CANCELED,,
2026-08-01T04:16:28Z,7185512026-07-31,71855,2026-07-31,CANCELED,,
2026-08-01T04:16:28Z,3743812026-07-31,37438,2026-07-31,CANCELED,,
2026-08-01T04:16:28Z,1504312026-07-31,15043,2026-07-31,CANCELED,,
2026-08-01T04:16:28Z,1260812026-07-31,12608,2026-07-31,CANCELED,,
2026-08-01T04:16:28Z,0019222026-08-01,00192,2026-08-01,CANCELED,,
2026-08-01T04:16:28Z,0019212026-08-01,00192,2026-08-01,CANCELED,,
2026-08-01T04:16:28Z,1262312026-07-31,12623,2026-07-31,CANCELED,,
2026-08-01T04:16:28Z,3739212026-07-31,37392,2026-07-31,CANCELED,,
2026-08-01T04:16:28Z,1877712026-07-31,18777,2026-07-31,CANCELED,,
2026-08-01T04:16:28Z,3749222026-07-31,37492,2026-07-31,CANCELED,,
2026-08-01T04:16:28Z,3749212026-07-31,37492,2026-07-31,CANCELED,,
2026-08-01T04:16:28Z,1261112026-07-31,12611,2026-07-31,CANCELED,,
2026-08-01T04:16:28Z,1268912026-07-31,12689,2026-07-31,CANCELED,,
2026-08-01T04:16:28Z,1300212026-07-31,13002,2026-07-31,CANCELED,,
2026-08-01T04:21:22Z,1505112026-07-31,15051,2026-07-31,SCHEDULED,0,0.0
2026-08-01T04:21:22Z,0415422026-07-31,04154,2026-07-31,SCHEDULED,0,0.0
2026-08-01T04:21:22Z,0415412026-07-31,04154,2026-07-31,SCHEDULED,0,0.0
2026-08-01T04:21:22Z,1577212026-07-31,15772,2026-07-31,SCHEDULED,0,0.0
2026-08-01T04:21:22Z,0566812026-07-31,05668,2026-07-31,SCHEDULED,120,2.0
2026-08-01T04:21:22Z,1808412026-07-31,18084,2026-07-31,SCHEDULED,-60,-1.0
2026-08-01T04:21:22Z,0587112026-07-31,05871,2026-07-31,SCHEDULED,720,12.0
2026-08-01T04:21:22Z,1807112026-07-31,18071,2026-07-31,SCHEDULED,0,0.0
2026-08-01T04:21:22Z,1268912026-07-31,12689,2026-07-31,SCHEDULED,180,3.0
2026-08-01T04:21:22Z,1806612026-07-31,18066,2026-07-31,SCHEDULED,0,0.0
2026-08-01T04:21:22Z,1500012026-07-31,15000,2026-07-31,SCHEDULED,420,7.0
2026-08-01T04:21:22Z,1812012026-07-31,18120,2026-07-31,SCHEDULED,120,2.0
2026-08-01T04:21:22Z,1812112026-07-31,18121,2026-07-31,SCHEDULED,-60,-1.0
2026-08-01T04:21:22Z,0411422026-08-01,04114,2026-08-01,SCHEDULED,60,1.0
2026-08-01T04:21:22Z,0411412026-08-01,04114,2026-08-01,SCHEDULED,60,1.0
2026-08-01T04:21:22Z,3586912026-07-31,35869,2026-07-31,SCHEDULED,120,2.0
2026-08-01T04:21:22Z,0206112026-07-31,02061,2026-07-31,SCHEDULED,0,0.0
2026-08-01T04:21:22Z,1891012026-07-31,18910,2026-07-31,SCHEDULED,180,3.0
2026-08-01T04:21:22Z,0306212026-07-31,03062,2026-07-31,SCHEDULED,120,2.0
2026-08-01T04:21:22Z,1503112026-07-31,15031,2026-07-31,SCHEDULED,-60,-1.0
2026-08-01T04:21:22Z,0306212026-07-31,03062,2026-07-31,SCHEDULED,120,2.0
2026-08-01T04:21:22Z,0446412026-07-31,04464,2026-07-31,SCHEDULED,0,0.0
2026-08-01T04:21:22Z,1307912026-07-31,13079,2026-07-31,CANCELED,,
2026-08-01T04:21:22Z,1303222026-07-31,13032,2026-07-31,CANCELED,,
2026-08-01T04:21:22Z,1303112026-07-31,13031,2026-07-31,CANCELED,,
2026-08-01T04:21:22Z,1810522026-07-31,18105,2026-07-31,CANCELED,,
2026-08-01T04:21:22Z,1320812026-07-31,13208,2026-07-31,CANCELED,,
2026-08-01T04:21:22Z,3810512026-07-31,38105,2026-07-31,CANCELED,,
2026-08-01T04:21:22Z,1321922026-07-31,13219,2026-07-31,CANCELED,,
2026-08-01T04:21:22Z,1821712026-07-31,18217,2026-07-31,CANCELED,,
2026-08-01T04:21:22Z,1390212026-08-01,13902,2026-08-01,CANCELED,,
2026-08-01T04:21:22Z,1821812026-07-31,18218,2026-07-31,CANCELED,,
2026-08-01T04:21:22Z,3890212026-08-01,38902,2026-08-01,CANCELED,,
2026-08-01T04:21:22Z,1390412026-08-01,13904,2026-08-01,CANCELED,,
2026-08-01T04:21:22Z,1833012026-07-31,18330,2026-07-31,CANCELED,,
2026-08-01T04:21:22Z,1390412026-08-01,13904,2026-08-01,CANCELED,,
2026-08-01T04:21:22Z,1504212026-07-31,15042,2026-07-31,CANCELED,,
2026-08-01T04:21:22Z,3890412026-08-01,38904,2026-08-01,CANCELED,,
2026-08-01T04:21:22Z,3890512026-08-01,38905,2026-08-01,CANCELED,,
2026-08-01T04:21:22Z,3890412026-08-01,38904,2026-08-01,CANCELED,,
2026-08-01T04:21:22Z,3890512026-08-01,38905,2026-08-01,CANCELED,,
2026-08-01T04:21:22Z,1391012026-08-01,13910,2026-08-01,CANCELED,,
2026-08-01T04:21:22Z,1390512026-08-01,13905,2026-08-01,CANCELED,,
2026-08-01T04:21:22Z,1390512026-08-01,13905,2026-08-01,CANCELED,,
2026-08-01T04:21:22Z,1308932026-07-31,13089,2026-07-31,CANCELED,,
2026-08-01T04:21:22Z,0146012026-08-01,01460,2026-08-01,CANCELED,,
2026-08-01T04:21:22Z,0146022026-08-01,01460,2026-08-01,CANCELED,,
2026-08-01T04:21:22Z,0146032026-08-01,01460,2026-08-01,CANCELED,,
2026-08-01T04:21:22Z,1303512026-07-31,13035,2026-07-31,CANCELED,,
2026-08-01T04:21:22Z,3746012026-07-31,37460,2026-07-31,CANCELED,,
2026-08-01T04:21:22Z,1803512026-07-31,18035,2026-07-31,CANCELED,,
2026-08-01T04:21:22Z,1325822026-07-31,13258,2026-07-31,CANCELED,,
2026-08-01T04:21:22Z,0043812026-08-01,00438,2026-08-01,CANCELED,,
2026-08-01T04:21:22Z,0043822026-08-01,00438,2026-08-01,CANCELED,,
2026-08-01T04:21:22Z,0043832026-08-01,00438,2026-08-01,CANCELED,,
2026-08-01T04:21:22Z,3743812026-07-31,37438,2026-07-31,CANCELED,,
2026-08-01T04:21:22Z,1833122026-07-31,18331,2026-07-31,CANCELED,,
2026-08-01T04:21:22Z,7185512026-07-31,71855,2026-07-31,CANCELED,,
2026-08-01T04:21:22Z,0019222026-08-01,00192,2026-08-01,CANCELED,,
2026-08-01T04:21:22Z,0019212026-08-01,00192,2026-08-01,CANCELED,,
2026-08-01T04:21:22Z,1504312026-07-31,15043,2026-07-31,CANCELED,,
2026-08-01T04:21:22Z,1260812026-07-31,12608,2026-07-31,CANCELED,,
2026-08-01T04:21:22Z,1262312026-07-31,12623,2026-07-31,CANCELED,,
2026-08-01T04:21:22Z,3739212026-07-31,37392,2026-07-31,CANCELED,,
2026-08-01T04:21:22Z,3749222026-07-31,37492,2026-07-31,CANCELED,,
2026-08-01T04:21:22Z,3749212026-07-31,37492,2026-07-31,CANCELED,,
2026-08-01T04:21:22Z,1877712026-07-31,18777,2026-07-31,CANCELED,,
2026-08-01T04:21:22Z,1261112026-07-31,12611,2026-07-31,CANCELED,,
2026-08-01T04:21:22Z,1268912026-07-31,12689,2026-07-31,CANCELED,,
2026-08-01T04:21:22Z,1300212026-07-31,13002,2026-07-31,CANCELED,,
2026-08-01T04:26:21Z,1577212026-07-31,15772,2026-07-31,SCHEDULED,0,0.0
2026-08-01T04:26:21Z,0446412026-07-31,04464,2026-07-31,SCHEDULED,0,0.0
2026-08-01T04:26:21Z,1808412026-07-31,18084,2026-07-31,SCHEDULED,-60,-1.0
2026-08-01T04:26:21Z,1807112026-07-31,18071,2026-07-31,SCHEDULED,0,0.0
2026-08-01T04:26:21Z,0415422026-07-31,04154,2026-07-31,SCHEDULED,-180,-3.0
2026-08-01T04:26:21Z,0415412026-07-31,04154,2026-07-31,SCHEDULED,-180,-3.0
2026-08-01T04:26:21Z,1395112026-07-31,13951,2026-07-31,SCHEDULED,60,1.0
2026-08-01T04:26:21Z,0566812026-07-31,05668,2026-07-31,SCHEDULED,240,4.0
2026-08-01T04:26:21Z,0587112026-07-31,05871,2026-07-31,SCHEDULED,660,11.0
2026-08-01T04:26:21Z,1500012026-07-31,15000,2026-07-31,SCHEDULED,420,7.0
2026-08-01T04:26:21Z,0847512026-07-31,08475,2026-07-31,SCHEDULED,120,2.0
2026-08-01T04:26:21Z,1505112026-07-31,15051,2026-07-31,SCHEDULED,0,0.0
2026-08-01T04:26:21Z,1268912026-07-31,12689,2026-07-31,SCHEDULED,120,2.0
2026-08-01T04:26:21Z,3586912026-07-31,35869,2026-07-31,SCHEDULED,120,2.0
2026-08-01T04:26:21Z,1891012026-07-31,18910,2026-07-31,SCHEDULED,180,3.0
2026-08-01T04:26:21Z,0411422026-08-01,04114,2026-08-01,SCHEDULED,-120,-2.0
2026-08-01T04:26:21Z,0411412026-08-01,04114,2026-08-01,SCHEDULED,-120,-2.0
2026-08-01T04:26:21Z,1503112026-07-31,15031,2026-07-31,SCHEDULED,-120,-2.0
2026-08-01T04:26:21Z,0206112026-07-31,02061,2026-07-31,SCHEDULED,0,0.0
2026-08-01T04:26:21Z,1806612026-07-31,18066,2026-07-31,SCHEDULED,-120,-2.0
2026-08-01T04:26:21Z,1812012026-07-31,18120,2026-07-31,SCHEDULED,120,2.0
2026-08-01T04:26:21Z,0306212026-07-31,03062,2026-07-31,SCHEDULED,120,2.0
2026-08-01T04:26:21Z,1812112026-07-31,18121,2026-07-31,SCHEDULED,0,0.0
2026-08-01T04:26:21Z,0306212026-07-31,03062,2026-07-31,SCHEDULED,120,2.0
2026-08-01T04:26:21Z,0408832026-08-01,04088,2026-08-01,SCHEDULED,0,0.0
2026-08-01T04:26:21Z,0408812026-08-01,04088,2026-08-01,SCHEDULED,0,0.0
2026-08-01T04:26:21Z,1307912026-07-31,13079,2026-07-31,CANCELED,,
2026-08-01T04:26:21Z,1303222026-07-31,13032,2026-07-31,CANCELED,,
2026-08-01T04:26:21Z,1303112026-07-31,13031,2026-07-31,CANCELED,,
2026-08-01T04:26:21Z,1810522026-07-31,18105,2026-07-31,CANCELED,,
2026-08-01T04:26:21Z,1320812026-07-31,13208,2026-07-31,CANCELED,,
2026-08-01T04:26:21Z,3810512026-07-31,38105,2026-07-31,CANCELED,,
2026-08-01T04:26:21Z,1321922026-07-31,13219,2026-07-31,CANCELED,,
2026-08-01T04:26:21Z,1821712026-07-31,18217,2026-07-31,CANCELED,,
2026-08-01T04:26:21Z,1390212026-08-01,13902,2026-08-01,CANCELED,,
2026-08-01T04:26:21Z,1821812026-07-31,18218,2026-07-31,CANCELED,,
2026-08-01T04:26:21Z,3890212026-08-01,38902,2026-08-01,CANCELED,,
2026-08-01T04:26:21Z,1833012026-07-31,18330,2026-07-31,CANCELED,,
2026-08-01T04:26:21Z,1390412026-08-01,13904,2026-08-01,CANCELED,,
2026-08-01T04:26:21Z,1504212026-07-31,15042,2026-07-31,CANCELED,,
2026-08-01T04:26:21Z,1390412026-08-01,13904,2026-08-01,CANCELED,,
2026-08-01T04:26:21Z,3890512026-08-01,38905,2026-08-01,CANCELED,,
2026-08-01T04:26:21Z,3890412026-08-01,38904,2026-08-01,CANCELED,,
2026-08-01T04:26:21Z,3890512026-08-01,38905,2026-08-01,CANCELED,,
2026-08-01T04:26:21Z,3890412026-08-01,38904,2026-08-01,CANCELED,,
2026-08-01T04:26:21Z,1391012026-08-01,13910,2026-08-01,CANCELED,,
2026-08-01T04:26:21Z,1390512026-08-01,13905,2026-08-01,CANCELED,,
2026-08-01T04:26:21Z,1308932026-07-31,13089,2026-07-31,CANCELED,,
2026-08-01T04:26:21Z,1390512026-08-01,13905,2026-08-01,CANCELED,,
2026-08-01T04:26:21Z,0146012026-08-01,01460,2026-08-01,CANCELED,,
2026-08-01T04:26:21Z,0146022026-08-01,01460,2026-08-01,CANCELED,,
2026-08-01T04:26:21Z,0146032026-08-01,01460,2026-08-01,CANCELED,,
2026-08-01T04:26:21Z,1303512026-07-31,13035,2026-07-31,CANCELED,,
2026-08-01T04:26:21Z,1803512026-07-31,18035,2026-07-31,CANCELED,,
2026-08-01T04:26:21Z,3746012026-07-31,37460,2026-07-31,CANCELED,,
2026-08-01T04:26:21Z,1325822026-07-31,13258,2026-07-31,CANCELED,,
2026-08-01T04:26:21Z,0043812026-08-01,00438,2026-08-01,CANCELED,,
2026-08-01T04:26:21Z,0043822026-08-01,00438,2026-08-01,CANCELED,,
2026-08-01T04:26:21Z,0043832026-08-01,00438,2026-08-01,CANCELED,,
2026-08-01T04:26:21Z,1833122026-07-31,18331,2026-07-31,CANCELED,,
2026-08-01T04:26:21Z,3743812026-07-31,37438,2026-07-31,CANCELED,,
2026-08-01T04:26:21Z,7185512026-07-31,71855,2026-07-31,CANCELED,,
2026-08-01T04:26:21Z,1504312026-07-31,15043,2026-07-31,CANCELED,,
2026-08-01T04:26:21Z,0019222026-08-01,00192,2026-08-01,CANCELED,,
2026-08-01T04:26:21Z,0019212026-08-01,00192,2026-08-01,CANCELED,,
2026-08-01T04:26:21Z,1260812026-07-31,12608,2026-07-31,CANCELED,,
2026-08-01T04:26:21Z,1262312026-07-31,12623,2026-07-31,CANCELED,,
2026-08-01T04:26:21Z,3739212026-07-31,37392,2026-07-31,CANCELED,,
2026-08-01T04:26:21Z,1877712026-07-31,18777,2026-07-31,CANCELED,,
2026-08-01T04:26:21Z,3749222026-07-31,37492,2026-07-31,CANCELED,,
2026-08-01T04:26:21Z,3749212026-07-31,37492,2026-07-31,CANCELED,,
2026-08-01T04:26:21Z,1261112026-07-31,12611,2026-07-31,CANCELED,,
2026-08-01T04:26:21Z,1268912026-07-31,12689,2026-07-31,CANCELED,,
2026-08-01T04:26:21Z,1300212026-07-31,13002,2026-07-31,CANCELED,,
2026-08-01T04:29:38Z,1577212026-07-31,15772,2026-07-31,SCHEDULED,60,1.0
2026-08-01T04:29:38Z,1770312026-07-31,17703,2026-07-31,SCHEDULED,240,4.0
2026-08-01T04:29:38Z,0415422026-07-31,04154,2026-07-31,SCHEDULED,180,3.0
2026-08-01T04:29:38Z,0415412026-07-31,04154,2026-07-31,SCHEDULED,180,3.0
2026-08-01T04:29:38Z,1808412026-07-31,18084,2026-07-31,SCHEDULED,-60,-1.0
2026-08-01T04:29:38Z,0566812026-07-31,05668,2026-07-31,SCHEDULED,120,2.0
2026-08-01T04:29:38Z,1807112026-07-31,18071,2026-07-31,SCHEDULED,120,2.0
2026-08-01T04:29:38Z,0587112026-07-31,05871,2026-07-31,SCHEDULED,720,12.0
2026-08-01T04:29:38Z,1395112026-07-31,13951,2026-07-31,SCHEDULED,60,1.0
2026-08-01T04:29:38Z,0847512026-07-31,08475,2026-07-31,SCHEDULED,120,2.0
2026-08-01T04:29:38Z,1500012026-07-31,15000,2026-07-31,SCHEDULED,480,8.0
2026-08-01T04:29:38Z,1505112026-07-31,15051,2026-07-31,SCHEDULED,-120,-2.0
2026-08-01T04:29:38Z,0429522026-07-31,04295,2026-07-31,SCHEDULED,300,5.0
2026-08-01T04:29:38Z,0429512026-07-31,04295,2026-07-31,SCHEDULED,300,5.0
2026-08-01T04:29:38Z,3586912026-07-31,35869,2026-07-31,SCHEDULED,0,0.0
2026-08-01T04:29:38Z,0576312026-07-31,05763,2026-07-31,SCHEDULED,60,1.0
2026-08-01T04:29:38Z,1891012026-07-31,18910,2026-07-31,SCHEDULED,180,3.0
2026-08-01T04:29:38Z,1503112026-07-31,15031,2026-07-31,SCHEDULED,-60,-1.0
2026-08-01T04:29:38Z,1268912026-07-31,12689,2026-07-31,SCHEDULED,120,2.0
2026-08-01T04:29:38Z,0411422026-08-01,04114,2026-08-01,SCHEDULED,-120,-2.0
2026-08-01T04:29:38Z,0411412026-08-01,04114,2026-08-01,SCHEDULED,-120,-2.0
2026-08-01T04:29:38Z,1702112026-07-31,17021,2026-07-31,SCHEDULED,60,1.0
2026-08-01T04:29:38Z,1702122026-07-31,17021,2026-07-31,SCHEDULED,60,1.0
2026-08-01T04:29:38Z,1702132026-07-31,17021,2026-07-31,SCHEDULED,60,1.0
2026-08-01T04:29:38Z,0206112026-07-31,02061,2026-07-31,SCHEDULED,0,0.0
2026-08-01T04:29:38Z,1806612026-07-31,18066,2026-07-31,SCHEDULED,0,0.0
2026-08-01T04:29:38Z,0306212026-07-31,03062,2026-07-31,SCHEDULED,60,1.0
2026-08-01T04:29:38Z,1812012026-07-31,18120,2026-07-31,SCHEDULED,180,3.0
2026-08-01T04:29:38Z,1812112026-07-31,18121,2026-07-31,SCHEDULED,0,0.0
2026-08-01T04:29:38Z,0306212026-07-31,03062,2026-07-31,SCHEDULED,120,2.0
2026-08-01T04:29:38Z,0408832026-08-01,04088,2026-08-01,SCHEDULED,0,0.0
2026-08-01T04:29:38Z,0408812026-08-01,04088,2026-08-01,SCHEDULED,0,0.0
2026-08-01T04:29:38Z,0446412026-07-31,04464,2026-07-31,SCHEDULED,0,0.0
2026-08-01T04:29:38Z,1307912026-07-31,13079,2026-07-31,CANCELED,,
2026-08-01T04:29:38Z,1303222026-07-31,13032,2026-07-31,CANCELED,,
2026-08-01T04:29:38Z,1810522026-07-31,18105,2026-07-31,CANCELED,,
2026-08-01T04:29:38Z,1303112026-07-31,13031,2026-07-31,CANCELED,,
2026-08-01T04:29:38Z,3810512026-07-31,38105,2026-07-31,CANCELED,,
2026-08-01T04:29:38Z,1320812026-07-31,13208,2026-07-31,CANCELED,,
2026-08-01T04:29:38Z,1821712026-07-31,18217,2026-07-31,CANCELED,,
2026-08-01T04:29:38Z,1321922026-07-31,13219,2026-07-31,CANCELED,,
2026-08-01T04:29:38Z,1821812026-07-31,18218,2026-07-31,CANCELED,,
2026-08-01T04:29:38Z,1390212026-08-01,13902,2026-08-01,CANCELED,,
2026-08-01T04:29:38Z,3890212026-08-01,38902,2026-08-01,CANCELED,,
2026-08-01T04:29:38Z,1833012026-07-31,18330,2026-07-31,CANCELED,,
2026-08-01T04:29:38Z,1390412026-08-01,13904,2026-08-01,CANCELED,,
2026-08-01T04:29:38Z,1504212026-07-31,15042,2026-07-31,CANCELED,,
2026-08-01T04:29:38Z,1390412026-08-01,13904,2026-08-01,CANCELED,,
2026-08-01T04:29:38Z,3890512026-08-01,38905,2026-08-01,CANCELED,,
2026-08-01T04:29:38Z,3890412026-08-01,38904,2026-08-01,CANCELED,,
2026-08-01T04:29:38Z,3890512026-08-01,38905,2026-08-01,CANCELED,,
2026-08-01T04:29:38Z,3890412026-08-01,38904,2026-08-01,CANCELED,,
2026-08-01T04:29:38Z,1391012026-08-01,13910,2026-08-01,CANCELED,,
2026-08-01T04:29:38Z,1308932026-07-31,13089,2026-07-31,CANCELED,,
2026-08-01T04:29:38Z,1390512026-08-01,13905,2026-08-01,CANCELED,,
2026-08-01T04:29:38Z,1390512026-08-01,13905,2026-08-01,CANCELED,,
2026-08-01T04:29:38Z,1303512026-07-31,13035,2026-07-31,CANCELED,,
2026-08-01T04:29:38Z,0146012026-08-01,01460,2026-08-01,CANCELED,,
2026-08-01T04:29:38Z,0146022026-08-01,01460,2026-08-01,CANCELED,,
2026-08-01T04:29:38Z,0146032026-08-01,01460,2026-08-01,CANCELED,,
2026-08-01T04:29:38Z,1803512026-07-31,18035,2026-07-31,CANCELED,,
2026-08-01T04:29:38Z,3746012026-07-31,37460,2026-07-31,CANCELED,,
2026-08-01T04:29:38Z,1325822026-07-31,13258,2026-07-31,CANCELED,,
2026-08-01T04:29:38Z,1833122026-07-31,18331,2026-07-31,CANCELED,,
2026-08-01T04:29:38Z,0043812026-08-01,00438,2026-08-01,CANCELED,,
2026-08-01T04:29:38Z,0043822026-08-01,00438,2026-08-01,CANCELED,,
2026-08-01T04:29:38Z,0043832026-08-01,00438,2026-08-01,CANCELED,,
2026-08-01T04:29:38Z,7185512026-07-31,71855,2026-07-31,CANCELED,,
2026-08-01T04:29:38Z,3743812026-07-31,37438,2026-07-31,CANCELED,,
2026-08-01T04:29:38Z,1504312026-07-31,15043,2026-07-31,CANCELED,,
2026-08-01T04:29:38Z,1260812026-07-31,12608,2026-07-31,CANCELED,,
2026-08-01T04:29:38Z,0019222026-08-01,00192,2026-08-01,CANCELED,,
2026-08-01T04:29:38Z,0019212026-08-01,00192,2026-08-01,CANCELED,,
2026-08-01T04:29:38Z,1262312026-07-31,12623,2026-07-31,CANCELED,,
2026-08-01T04:29:38Z,3739212026-07-31,37392,2026-07-31,CANCELED,,
2026-08-01T04:29:38Z,1877712026-07-31,18777,2026-07-31,CANCELED,,
2026-08-01T04:29:38Z,3749222026-07-31,37492,2026-07-31,CANCELED,,
2026-08-01T04:29:38Z,3749212026-07-31,37492,2026-07-31,CANCELED,,
2026-08-01T04:29:38Z,1261112026-07-31,12611,2026-07-31,CANCELED,,
2026-08-01T04:29:38Z,1268912026-07-31,12689,2026-07-31,CANCELED,,
2026-08-01T04:29:38Z,1300212026-07-31,13002,2026-07-31,CANCELED,,
2026-08-01T04:31:33Z,1395112026-07-31,13951,2026-07-31,SCHEDULED,60,1.0
2026-08-01T04:31:33Z,0415422026-07-31,04154,2026-07-31,SCHEDULED,180,3.0
2026-08-01T04:31:33Z,0415412026-07-31,04154,2026-07-31,SCHEDULED,180,3.0
2026-08-01T04:31:33Z,1500012026-07-31,15000,2026-07-31,SCHEDULED,540,9.0
2026-08-01T04:31:33Z,0566812026-07-31,05668,2026-07-31,SCHEDULED,120,2.0
2026-08-01T04:31:33Z,1505112026-07-31,15051,2026-07-31,SCHEDULED,-120,-2.0
2026-08-01T04:31:33Z,0587112026-07-31,05871,2026-07-31,SCHEDULED,720,12.0
2026-08-01T04:31:33Z,1577212026-07-31,15772,2026-07-31,SCHEDULED,60,1.0
2026-08-01T04:31:33Z,1770312026-07-31,17703,2026-07-31,SCHEDULED,120,2.0
2026-08-01T04:31:33Z,0847512026-07-31,08475,2026-07-31,SCHEDULED,120,2.0
2026-08-01T04:31:33Z,1808412026-07-31,18084,2026-07-31,SCHEDULED,-60,-1.0
2026-08-01T04:31:33Z,0429522026-07-31,04295,2026-07-31,SCHEDULED,300,5.0
2026-08-01T04:31:33Z,0429512026-07-31,04295,2026-07-31,SCHEDULED,300,5.0
2026-08-01T04:31:33Z,1805412026-07-31,18054,2026-07-31,SCHEDULED,0,0.0
2026-08-01T04:31:33Z,3586912026-07-31,35869,2026-07-31,SCHEDULED,60,1.0
2026-08-01T04:31:33Z,0576312026-07-31,05763,2026-07-31,SCHEDULED,0,0.0
2026-08-01T04:31:33Z,1891012026-07-31,18910,2026-07-31,SCHEDULED,240,4.0
2026-08-01T04:31:33Z,1268912026-07-31,12689,2026-07-31,SCHEDULED,120,2.0
2026-08-01T04:31:33Z,1503112026-07-31,15031,2026-07-31,SCHEDULED,-60,-1.0
2026-08-01T04:31:33Z,1304112026-07-31,13041,2026-07-31,SCHEDULED,0,0.0
2026-08-01T04:31:33Z,0411422026-08-01,04114,2026-08-01,SCHEDULED,-120,-2.0
2026-08-01T04:31:33Z,0411412026-08-01,04114,2026-08-01,SCHEDULED,-120,-2.0
2026-08-01T04:31:33Z,1702112026-07-31,17021,2026-07-31,SCHEDULED,60,1.0
2026-08-01T04:31:33Z,1702122026-07-31,17021,2026-07-31,SCHEDULED,60,1.0
2026-08-01T04:31:33Z,1702132026-07-31,17021,2026-07-31,SCHEDULED,60,1.0
2026-08-01T04:31:33Z,0206112026-07-31,02061,2026-07-31,SCHEDULED,0,0.0
2026-08-01T04:31:33Z,1807112026-07-31,18071,2026-07-31,SCHEDULED,180,3.0
2026-08-01T04:31:33Z,0306212026-07-31,03062,2026-07-31,SCHEDULED,60,1.0
2026-08-01T04:31:33Z,1806612026-07-31,18066,2026-07-31,SCHEDULED,0,0.0
2026-08-01T04:31:33Z,1812012026-07-31,18120,2026-07-31,SCHEDULED,180,3.0
2026-08-01T04:31:33Z,0306212026-07-31,03062,2026-07-31,SCHEDULED,180,3.0
2026-08-01T04:31:33Z,1812112026-07-31,18121,2026-07-31,SCHEDULED,0,0.0
2026-08-01T04:31:33Z,0331112026-07-31,03311,2026-07-31,SCHEDULED,0,0.0
2026-08-01T04:31:33Z,0408832026-08-01,04088,2026-08-01,SCHEDULED,0,0.0
2026-08-01T04:31:33Z,0408812026-08-01,04088,2026-08-01,SCHEDULED,0,0.0
2026-08-01T04:31:33Z,0446412026-07-31,04464,2026-07-31,SCHEDULED,-120,-2.0
2026-08-01T04:31:33Z,1307912026-07-31,13079,2026-07-31,CANCELED,,
2026-08-01T04:31:33Z,1303222026-07-31,13032,2026-07-31,CANCELED,,
2026-08-01T04:31:33Z,1303112026-07-31,13031,2026-07-31,CANCELED,,
2026-08-01T04:31:33Z,1810522026-07-31,18105,2026-07-31,CANCELED,,
2026-08-01T04:31:33Z,3810512026-07-31,38105,2026-07-31,CANCELED,,
2026-08-01T04:31:33Z,1320812026-07-31,13208,2026-07-31,CANCELED,,
2026-08-01T04:31:33Z,1821712026-07-31,18217,2026-07-31,CANCELED,,
2026-08-01T04:31:33Z,1821812026-07-31,18218,2026-07-31,CANCELED,,
2026-08-01T04:31:33Z,1321922026-07-31,13219,2026-07-31,CANCELED,,
2026-08-01T04:31:33Z,1833012026-07-31,18330,2026-07-31,CANCELED,,
2026-08-01T04:31:33Z,1390212026-08-01,13902,2026-08-01,CANCELED,,
2026-08-01T04:31:33Z,1504212026-07-31,15042,2026-07-31,CANCELED,,
2026-08-01T04:31:33Z,3890212026-08-01,38902,2026-08-01,CANCELED,,
2026-08-01T04:31:33Z,1390412026-08-01,13904,2026-08-01,CANCELED,,
2026-08-01T04:31:33Z,3890512026-08-01,38905,2026-08-01,CANCELED,,
2026-08-01T04:31:33Z,1390412026-08-01,13904,2026-08-01,CANCELED,,
2026-08-01T04:31:33Z,3890512026-08-01,38905,2026-08-01,CANCELED,,
2026-08-01T04:31:33Z,3890412026-08-01,38904,2026-08-01,CANCELED,,
2026-08-01T04:31:33Z,3890412026-08-01,38904,2026-08-01,CANCELED,,
2026-08-01T04:31:33Z,1308932026-07-31,13089,2026-07-31,CANCELED,,
2026-08-01T04:31:33Z,1391012026-08-01,13910,2026-08-01,CANCELED,,
2026-08-01T04:31:33Z,1390512026-08-01,13905,2026-08-01,CANCELED,,
2026-08-01T04:31:33Z,1390512026-08-01,13905,2026-08-01,CANCELED,,
2026-08-01T04:31:33Z,1303512026-07-31,13035,2026-07-31,CANCELED,,
2026-08-01T04:31:33Z,1803512026-07-31,18035,2026-07-31,CANCELED,,
2026-08-01T04:31:33Z,0146012026-08-01,01460,2026-08-01,CANCELED,,
2026-08-01T04:31:33Z,0146022026-08-01,01460,2026-08-01,CANCELED,,
2026-08-01T04:31:33Z,0146032026-08-01,01460,2026-08-01,CANCELED,,
2026-08-01T04:31:33Z,1325822026-07-31,13258,2026-07-31,CANCELED,,
2026-08-01T04:31:33Z,3746012026-07-31,37460,2026-07-31,CANCELED,,
2026-08-01T04:31:33Z,1833122026-07-31,18331,2026-07-31,CANCELED,,
2026-08-01T04:31:33Z,7185512026-07-31,71855,2026-07-31,CANCELED,,
2026-08-01T04:31:33Z,0043812026-08-01,00438,2026-08-01,CANCELED,,
2026-08-01T04:31:33Z,0043822026-08-01,00438,2026-08-01,CANCELED,,
2026-08-01T04:31:33Z,0043832026-08-01,00438,2026-08-01,CANCELED,,
2026-08-01T04:31:33Z,1504312026-07-31,15043,2026-07-31,CANCELED,,
2026-08-01T04:31:33Z,3743812026-07-31,37438,2026-07-31,CANCELED,,
2026-08-01T04:31:33Z,1260812026-07-31,12608,2026-07-31,CANCELED,,
2026-08-01T04:31:33Z,1262312026-07-31,12623,2026-07-31,CANCELED,,
2026-08-01T04:31:33Z,0019222026-08-01,00192,2026-08-01,CANCELED,,
2026-08-01T04:31:33Z,0019212026-08-01,00192,2026-08-01,CANCELED,,
2026-08-01T04:31:33Z,3739212026-07-31,37392,2026-07-31,CANCELED,,
2026-08-01T04:31:33Z,1877712026-07-31,18777,2026-07-31,CANCELED,,
2026-08-01T04:31:33Z,3749222026-07-31,37492,2026-07-31,CANCELED,,
2026-08-01T04:31:33Z,3749212026-07-31,37492,2026-07-31,CANCELED,,
2026-08-01T04:31:33Z,1261112026-07-31,12611,2026-07-31,CANCELED,,
2026-08-01T04:31:33Z,1268912026-07-31,12689,2026-07-31,CANCELED,,
2026-08-01T04:31:33Z,1300212026-07-31,13002,2026-07-31,CANCELED,,
2026-08-01T04:36:18Z,1268912026-07-31,12689,2026-07-31,SCHEDULED,120,2.0
2026-08-01T04:36:18Z,0415422026-07-31,04154,2026-07-31,SCHEDULED,180,3.0
2026-08-01T04:36:18Z,0415412026-07-31,04154,2026-07-31,SCHEDULED,180,3.0
2026-08-01T04:36:18Z,1304112026-07-31,13041,2026-07-31,SCHEDULED,0,0.0
2026-08-01T04:36:18Z,1395112026-07-31,13951,2026-07-31,SCHEDULED,60,1.0
2026-08-01T04:36:18Z,1500012026-07-31,15000,2026-07-31,SCHEDULED,540,9.0
2026-08-01T04:36:18Z,0506422026-07-31,05064,2026-07-31,SCHEDULED,180,3.0
2026-08-01T04:36:18Z,0506412026-07-31,05064,2026-07-31,SCHEDULED,180,3.0
2026-08-01T04:36:18Z,1505112026-07-31,15051,2026-07-31,SCHEDULED,60,1.0
2026-08-01T04:36:18Z,0566812026-07-31,05668,2026-07-31,SCHEDULED,180,3.0
2026-08-01T04:36:18Z,1577212026-07-31,15772,2026-07-31,SCHEDULED,60,1.0
2026-08-01T04:36:18Z,0587112026-07-31,05871,2026-07-31,SCHEDULED,720,12.0
2026-08-01T04:36:18Z,1770312026-07-31,17703,2026-07-31,SCHEDULED,180,3.0
2026-08-01T04:36:18Z,0847512026-07-31,08475,2026-07-31,SCHEDULED,120,2.0
2026-08-01T04:36:18Z,1805412026-07-31,18054,2026-07-31,SCHEDULED,0,0.0
2026-08-01T04:36:18Z,0907212026-07-31,09072,2026-07-31,SCHEDULED,0,0.0
2026-08-01T04:36:18Z,1807112026-07-31,18071,2026-07-31,SCHEDULED,240,4.0
2026-08-01T04:36:18Z,1806612026-07-31,18066,2026-07-31,SCHEDULED,0,0.0
2026-08-01T04:36:18Z,0429522026-07-31,04295,2026-07-31,SCHEDULED,300,5.0
2026-08-01T04:36:18Z,0429512026-07-31,04295,2026-07-31,SCHEDULED,300,5.0
2026-08-01T04:36:18Z,1812012026-07-31,18120,2026-07-31,SCHEDULED,120,2.0
2026-08-01T04:36:18Z,0576312026-07-31,05763,2026-07-31,SCHEDULED,0,0.0
2026-08-01T04:36:18Z,1812112026-07-31,18121,2026-07-31,SCHEDULED,60,1.0
2026-08-01T04:36:18Z,3586912026-07-31,35869,2026-07-31,SCHEDULED,60,1.0
2026-08-01T04:36:18Z,0411422026-08-01,04114,2026-08-01,SCHEDULED,-300,-5.0
2026-08-01T04:36:18Z,0411412026-08-01,04114,2026-08-01,SCHEDULED,-300,-5.0
2026-08-01T04:36:18Z,1891012026-07-31,18910,2026-07-31,SCHEDULED,240,4.0
2026-08-01T04:36:18Z,0107212026-07-31,01072,2026-07-31,SCHEDULED,120,2.0
2026-08-01T04:36:18Z,1503112026-07-31,15031,2026-07-31,SCHEDULED,0,0.0
2026-08-01T04:36:18Z,0206112026-07-31,02061,2026-07-31,SCHEDULED,360,6.0
2026-08-01T04:36:18Z,0306212026-07-31,03062,2026-07-31,SCHEDULED,60,1.0
2026-08-01T04:36:18Z,1702112026-07-31,17021,2026-07-31,SCHEDULED,180,3.0
2026-08-01T04:36:18Z,1702122026-07-31,17021,2026-07-31,SCHEDULED,180,3.0
2026-08-01T04:36:18Z,1702132026-07-31,17021,2026-07-31,SCHEDULED,180,3.0
2026-08-01T04:36:18Z,0306212026-07-31,03062,2026-07-31,SCHEDULED,300,5.0
2026-08-01T04:36:18Z,0331112026-07-31,03311,2026-07-31,SCHEDULED,-60,-1.0
2026-08-01T04:36:18Z,0408832026-08-01,04088,2026-08-01,SCHEDULED,0,0.0
2026-08-01T04:36:18Z,0408812026-08-01,04088,2026-08-01,SCHEDULED,0,0.0
2026-08-01T04:36:18Z,0446412026-07-31,04464,2026-07-31,SCHEDULED,-120,-2.0
2026-08-01T04:36:18Z,1307912026-07-31,13079,2026-07-31,CANCELED,,
2026-08-01T04:36:18Z,1303222026-07-31,13032,2026-07-31,CANCELED,,
2026-08-01T04:36:18Z,1810522026-07-31,18105,2026-07-31,CANCELED,,
2026-08-01T04:36:18Z,1303112026-07-31,13031,2026-07-31,CANCELED,,
2026-08-01T04:36:18Z,3810512026-07-31,38105,2026-07-31,CANCELED,,
2026-08-01T04:36:18Z,1320812026-07-31,13208,2026-07-31,CANCELED,,
2026-08-01T04:36:18Z,1821712026-07-31,18217,2026-07-31,CANCELED,,
2026-08-01T04:36:18Z,1321922026-07-31,13219,2026-07-31,CANCELED,,
2026-08-01T04:36:18Z,1821812026-07-31,18218,2026-07-31,CANCELED,,
2026-08-01T04:36:18Z,1390212026-08-01,13902,2026-08-01,CANCELED,,
2026-08-01T04:36:18Z,3890212026-08-01,38902,2026-08-01,CANCELED,,
2026-08-01T04:36:18Z,1833012026-07-31,18330,2026-07-31,CANCELED,,
2026-08-01T04:36:18Z,1390412026-08-01,13904,2026-08-01,CANCELED,,
2026-08-01T04:36:18Z,1504212026-07-31,15042,2026-07-31,CANCELED,,
2026-08-01T04:36:18Z,1390412026-08-01,13904,2026-08-01,CANCELED,,
2026-08-01T04:36:18Z,3890512026-08-01,38905,2026-08-01,CANCELED,,
2026-08-01T04:36:18Z,3890412026-08-01,38904,2026-08-01,CANCELED,,
2026-08-01T04:36:18Z,3890512026-08-01,38905,2026-08-01,CANCELED,,
2026-08-01T04:36:18Z,3890412026-08-01,38904,2026-08-01,CANCELED,,
2026-08-01T04:36:18Z,1391012026-08-01,13910,2026-08-01,CANCELED,,
2026-08-01T04:36:18Z,1308932026-07-31,13089,2026-07-31,CANCELED,,
2026-08-01T04:36:18Z,1390512026-08-01,13905,2026-08-01,CANCELED,,
2026-08-01T04:36:18Z,1390512026-08-01,13905,2026-08-01,CANCELED,,
2026-08-01T04:36:18Z,1303512026-07-31,13035,2026-07-31,CANCELED,,
2026-08-01T04:36:18Z,0146012026-08-01,01460,2026-08-01,CANCELED,,
2026-08-01T04:36:18Z,0146022026-08-01,01460,2026-08-01,CANCELED,,
2026-08-01T04:36:18Z,0146032026-08-01,01460,2026-08-01,CANCELED,,
2026-08-01T04:36:18Z,1803512026-07-31,18035,2026-07-31,CANCELED,,
2026-08-01T04:36:18Z,3746012026-07-31,37460,2026-07-31,CANCELED,,
2026-08-01T04:36:18Z,1325822026-07-31,13258,2026-07-31,CANCELED,,
2026-08-01T04:36:18Z,1833122026-07-31,18331,2026-07-31,CANCELED,,
2026-08-01T04:36:18Z,0043812026-08-01,00438,2026-08-01,CANCELED,,
2026-08-01T04:36:18Z,0043822026-08-01,00438,2026-08-01,CANCELED,,
2026-08-01T04:36:18Z,0043832026-08-01,00438,2026-08-01,CANCELED,,
2026-08-01T04:36:18Z,7185512026-07-31,71855,2026-07-31,CANCELED,,
2026-08-01T04:36:18Z,3743812026-07-31,37438,2026-07-31,CANCELED,,
2026-08-01T04:36:18Z,1504312026-07-31,15043,2026-07-31,CANCELED,,
2026-08-01T04:36:18Z,1260812026-07-31,12608,2026-07-31,CANCELED,,
2026-08-01T04:36:18Z,0019222026-08-01,00192,2026-08-01,CANCELED,,
2026-08-01T04:36:18Z,0019212026-08-01,00192,2026-08-01,CANCELED,,
2026-08-01T04:36:18Z,1262312026-07-31,12623,2026-07-31,CANCELED,,
2026-08-01T04:36:18Z,3739212026-07-31,37392,2026-07-31,CANCELED,,
2026-08-01T04:36:18Z,1877712026-07-31,18777,2026-07-31,CANCELED,,
2026-08-01T04:36:18Z,3749222026-07-31,37492,2026-07-31,CANCELED,,
2026-08-01T04:36:18Z,3749212026-07-31,37492,2026-07-31,CANCELED,,
2026-08-01T04:36:18Z,1261112026-07-31,12611,2026-07-31,CANCELED,,
2026-08-01T04:36:18Z,1268912026-07-31,12689,2026-07-31,CANCELED,,
2026-08-01T04:36:18Z,1300212026-07-31,13002,2026-07-31,CANCELED,,
2026-08-01T04:41:22Z,0446412026-07-31,04464,2026-07-31,SCHEDULED,-120,-2.0
2026-08-01T04:41:22Z,0576312026-07-31,05763,2026-07-31,SCHEDULED,-60,-1.0
2026-08-01T04:41:22Z,1268912026-07-31,12689,2026-07-31,SCHEDULED,0,0.0
2026-08-01T04:41:22Z,0415422026-07-31,04154,2026-07-31,SCHEDULED,120,2.0
2026-08-01T04:41:22Z,0415412026-07-31,04154,2026-07-31,SCHEDULED,120,2.0
2026-08-01T04:41:22Z,1304112026-07-31,13041,2026-07-31,SCHEDULED,0,0.0
2026-08-01T04:41:22Z,1395112026-07-31,13951,2026-07-31,SCHEDULED,60,1.0
2026-08-01T04:41:22Z,0506422026-07-31,05064,2026-07-31,SCHEDULED,240,4.0
2026-08-01T04:41:22Z,0506412026-07-31,05064,2026-07-31,SCHEDULED,240,4.0
2026-08-01T04:41:22Z,1500012026-07-31,15000,2026-07-31,SCHEDULED,540,9.0
2026-08-01T04:41:22Z,0566812026-07-31,05668,2026-07-31,SCHEDULED,300,5.0
2026-08-01T04:41:22Z,1577212026-07-31,15772,2026-07-31,SCHEDULED,0,0.0
2026-08-01T04:41:22Z,0587112026-07-31,05871,2026-07-31,SCHEDULED,720,12.0
2026-08-01T04:41:22Z,1770312026-07-31,17703,2026-07-31,SCHEDULED,180,3.0
2026-08-01T04:41:22Z,0847512026-07-31,08475,2026-07-31,SCHEDULED,60,1.0
2026-08-01T04:41:22Z,1805412026-07-31,18054,2026-07-31,SCHEDULED,0,0.0
2026-08-01T04:41:22Z,0907212026-07-31,09072,2026-07-31,SCHEDULED,0,0.0
2026-08-01T04:41:22Z,1812112026-07-31,18121,2026-07-31,SCHEDULED,180,3.0
2026-08-01T04:41:22Z,3586912026-07-31,35869,2026-07-31,SCHEDULED,60,1.0
2026-08-01T04:41:22Z,0429522026-07-31,04295,2026-07-31,SCHEDULED,60,1.0
2026-08-01T04:41:22Z,0429512026-07-31,04295,2026-07-31,SCHEDULED,60,1.0
2026-08-01T04:41:22Z,1891012026-07-31,18910,2026-07-31,SCHEDULED,240,4.0
2026-08-01T04:41:22Z,1503112026-07-31,15031,2026-07-31,SCHEDULED,0,0.0
2026-08-01T04:41:22Z,0411422026-08-01,04114,2026-08-01,SCHEDULED,-300,-5.0
2026-08-01T04:41:22Z,0411412026-08-01,04114,2026-08-01,SCHEDULED,-300,-5.0
2026-08-01T04:41:22Z,0107212026-07-31,01072,2026-07-31,SCHEDULED,240,4.0
2026-08-01T04:41:22Z,0206112026-07-31,02061,2026-07-31,SCHEDULED,360,6.0
2026-08-01T04:41:22Z,1702112026-07-31,17021,2026-07-31,SCHEDULED,240,4.0
2026-08-01T04:41:22Z,1702122026-07-31,17021,2026-07-31,SCHEDULED,240,4.0
2026-08-01T04:41:22Z,1702132026-07-31,17021,2026-07-31,SCHEDULED,240,4.0
2026-08-01T04:41:22Z,0207512026-08-01,02075,2026-08-01,SCHEDULED,60,1.0
2026-08-01T04:41:22Z,1807112026-07-31,18071,2026-07-31,SCHEDULED,-120,-2.0
2026-08-01T04:41:22Z,0306212026-07-31,03062,2026-07-31,SCHEDULED,60,1.0
2026-08-01T04:41:22Z,1800222026-07-31,18002,2026-07-31,SCHEDULED,0,0.0
2026-08-01T04:41:22Z,0306212026-07-31,03062,2026-07-31,SCHEDULED,420,7.0
2026-08-01T04:41:22Z,1806612026-07-31,18066,2026-07-31,SCHEDULED,0,0.0
2026-08-01T04:41:22Z,1812012026-07-31,18120,2026-07-31,SCHEDULED,60,1.0
2026-08-01T04:41:22Z,0331112026-07-31,03311,2026-07-31,SCHEDULED,-180,-3.0
2026-08-01T04:41:22Z,0408832026-08-01,04088,2026-08-01,SCHEDULED,60,1.0
2026-08-01T04:41:22Z,0408812026-08-01,04088,2026-08-01,SCHEDULED,60,1.0
2026-08-01T04:41:22Z,1307912026-07-31,13079,2026-07-31,CANCELED,,
2026-08-01T04:41:22Z,1303222026-07-31,13032,2026-07-31,CANCELED,,
2026-08-01T04:41:22Z,1303112026-07-31,13031,2026-07-31,CANCELED,,
2026-08-01T04:41:22Z,1810522026-07-31,18105,2026-07-31,CANCELED,,
2026-08-01T04:41:22Z,1320812026-07-31,13208,2026-07-31,CANCELED,,
2026-08-01T04:41:22Z,3810512026-07-31,38105,2026-07-31,CANCELED,,
2026-08-01T04:41:22Z,1321922026-07-31,13219,2026-07-31,CANCELED,,
2026-08-01T04:41:22Z,1821712026-07-31,18217,2026-07-31,CANCELED,,
2026-08-01T04:41:22Z,1390212026-08-01,13902,2026-08-01,CANCELED,,
2026-08-01T04:41:22Z,1821812026-07-31,18218,2026-07-31,CANCELED,,
2026-08-01T04:41:22Z,3890212026-08-01,38902,2026-08-01,CANCELED,,
2026-08-01T04:41:22Z,1390412026-08-01,13904,2026-08-01,CANCELED,,
2026-08-01T04:41:22Z,1833012026-07-31,18330,2026-07-31,CANCELED,,
2026-08-01T04:41:22Z,1390412026-08-01,13904,2026-08-01,CANCELED,,
2026-08-01T04:41:22Z,1504212026-07-31,15042,2026-07-31,CANCELED,,
2026-08-01T04:41:22Z,3890412026-08-01,38904,2026-08-01,CANCELED,,
2026-08-01T04:41:22Z,3890512026-08-01,38905,2026-08-01,CANCELED,,
2026-08-01T04:41:22Z,3890412026-08-01,38904,2026-08-01,CANCELED,,
2026-08-01T04:41:22Z,3890512026-08-01,38905,2026-08-01,CANCELED,,
2026-08-01T04:41:22Z,1391012026-08-01,13910,2026-08-01,CANCELED,,
2026-08-01T04:41:22Z,1390512026-08-01,13905,2026-08-01,CANCELED,,
2026-08-01T04:41:22Z,1308932026-07-31,13089,2026-07-31,CANCELED,,
2026-08-01T04:41:22Z,1390512026-08-01,13905,2026-08-01,CANCELED,,
2026-08-01T04:41:22Z,0146012026-08-01,01460,2026-08-01,CANCELED,,
2026-08-01T04:41:22Z,0146022026-08-01,01460,2026-08-01,CANCELED,,
2026-08-01T04:41:22Z,0146032026-08-01,01460,2026-08-01,CANCELED,,
2026-08-01T04:41:22Z,1303512026-07-31,13035,2026-07-31,CANCELED,,
2026-08-01T04:41:22Z,3746012026-07-31,37460,2026-07-31,CANCELED,,
2026-08-01T04:41:22Z,1803512026-07-31,18035,2026-07-31,CANCELED,,
2026-08-01T04:41:22Z,1325822026-07-31,13258,2026-07-31,CANCELED,,
2026-08-01T04:41:22Z,0043812026-08-01,00438,2026-08-01,CANCELED,,
2026-08-01T04:41:22Z,0043822026-08-01,00438,2026-08-01,CANCELED,,
2026-08-01T04:41:22Z,0043832026-08-01,00438,2026-08-01,CANCELED,,
2026-08-01T04:41:22Z,1833122026-07-31,18331,2026-07-31,CANCELED,,
2026-08-01T04:41:22Z,3743812026-07-31,37438,2026-07-31,CANCELED,,
2026-08-01T04:41:22Z,7185512026-07-31,71855,2026-07-31,CANCELED,,
2026-08-01T04:41:22Z,1504312026-07-31,15043,2026-07-31,CANCELED,,
2026-08-01T04:41:22Z,0019222026-08-01,00192,2026-08-01,CANCELED,,
2026-08-01T04:41:22Z,0019212026-08-01,00192,2026-08-01,CANCELED,,
2026-08-01T04:41:22Z,1260812026-07-31,12608,2026-07-31,CANCELED,,
2026-08-01T04:41:22Z,1262312026-07-31,12623,2026-07-31,CANCELED,,
2026-08-01T04:41:22Z,3739212026-07-31,37392,2026-07-31,CANCELED,,
2026-08-01T04:41:22Z,3749222026-07-31,37492,2026-07-31,CANCELED,,
2026-08-01T04:41:22Z,3749212026-07-31,37492,2026-07-31,CANCELED,,
2026-08-01T04:41:22Z,1877712026-07-31,18777,2026-07-31,CANCELED,,
2026-08-01T04:41:22Z,1261112026-07-31,12611,2026-07-31,CANCELED,,
2026-08-01T04:41:22Z,1268912026-07-31,12689,2026-07-31,CANCELED,,
2026-08-01T04:41:22Z,1300212026-07-31,13002,2026-07-31,CANCELED,,
2026-08-01T04:46:30Z,1577212026-07-31,15772,2026-07-31,SCHEDULED,120,2.0
2026-08-01T04:46:30Z,0446412026-07-31,04464,2026-07-31,SCHEDULED,-240,-4.0
2026-08-01T04:46:30Z,1585012026-07-31,15850,2026-07-31,SCHEDULED,-60,-1.0
2026-08-01T04:46:30Z,1770312026-07-31,17703,2026-07-31,SCHEDULED,240,4.0
2026-08-01T04:46:30Z,0415422026-07-31,04154,2026-07-31,SCHEDULED,120,2.0
2026-08-01T04:46:30Z,0415412026-07-31,04154,2026-07-31,SCHEDULED,120,2.0
2026-08-01T04:46:30Z,1805412026-07-31,18054,2026-07-31,SCHEDULED,0,0.0
2026-08-01T04:46:30Z,1807112026-07-31,18071,2026-07-31,SCHEDULED,-120,-2.0
2026-08-01T04:46:30Z,0506422026-07-31,05064,2026-07-31,SCHEDULED,60,1.0
2026-08-01T04:46:30Z,0506412026-07-31,05064,2026-07-31,SCHEDULED,60,1.0
2026-08-01T04:46:30Z,1268912026-07-31,12689,2026-07-31,SCHEDULED,0,0.0
2026-08-01T04:46:30Z,1304112026-07-31,13041,2026-07-31,SCHEDULED,0,0.0
2026-08-01T04:46:30Z,1395112026-07-31,13951,2026-07-31,SCHEDULED,60,1.0
2026-08-01T04:46:30Z,0508012026-07-31,05080,2026-07-31,SCHEDULED,60,1.0
2026-08-01T04:46:30Z,0508032026-07-31,05080,2026-07-31,SCHEDULED,60,1.0
2026-08-01T04:46:30Z,0508022026-07-31,05080,2026-07-31,SCHEDULED,60,1.0
2026-08-01T04:46:30Z,0566812026-07-31,05668,2026-07-31,SCHEDULED,180,3.0
2026-08-01T04:46:30Z,0587112026-07-31,05871,2026-07-31,SCHEDULED,720,12.0
2026-08-01T04:46:30Z,0847512026-07-31,08475,2026-07-31,SCHEDULED,120,2.0
2026-08-01T04:46:30Z,1412322026-07-31,14123,2026-07-31,SCHEDULED,0,0.0
2026-08-01T04:46:30Z,1412342026-07-31,14123,2026-07-31,SCHEDULED,0,0.0
2026-08-01T04:46:30Z,1412332026-07-31,14123,2026-07-31,SCHEDULED,0,0.0
2026-08-01T04:46:30Z,0907212026-07-31,09072,2026-07-31,SCHEDULED,0,0.0
2026-08-01T04:46:30Z,1500012026-07-31,15000,2026-07-31,SCHEDULED,780,13.0
2026-08-01T04:46:30Z,1891012026-07-31,18910,2026-07-31,SCHEDULED,240,4.0
2026-08-01T04:46:30Z,0429522026-07-31,04295,2026-07-31,SCHEDULED,0,0.0
2026-08-01T04:46:30Z,0429512026-07-31,04295,2026-07-31,SCHEDULED,0,0.0
2026-08-01T04:46:30Z,1503022026-07-31,15030,2026-07-31,SCHEDULED,360,6.0
2026-08-01T04:46:30Z,1503112026-07-31,15031,2026-07-31,SCHEDULED,-180,-3.0
2026-08-01T04:46:30Z,0576312026-07-31,05763,2026-07-31,SCHEDULED,-60,-1.0
2026-08-01T04:46:30Z,1600012026-07-31,16000,2026-07-31,SCHEDULED,60,1.0
2026-08-01T04:46:30Z,0411422026-08-01,04114,2026-08-01,SCHEDULED,-300,-5.0
2026-08-01T04:46:30Z,0411412026-08-01,04114,2026-08-01,SCHEDULED,-300,-5.0
2026-08-01T04:46:30Z,3460912026-07-31,34609,2026-07-31,SCHEDULED,120,2.0
2026-08-01T04:46:30Z,1702112026-07-31,17021,2026-07-31,SCHEDULED,240,4.0
2026-08-01T04:46:30Z,1702122026-07-31,17021,2026-07-31,SCHEDULED,240,4.0
2026-08-01T04:46:30Z,1702132026-07-31,17021,2026-07-31,SCHEDULED,240,4.0
2026-08-01T04:46:30Z,0107212026-07-31,01072,2026-07-31,SCHEDULED,240,4.0
2026-08-01T04:46:30Z,0206112026-07-31,02061,2026-07-31,SCHEDULED,180,3.0
2026-08-01T04:46:30Z,1800222026-07-31,18002,2026-07-31,SCHEDULED,0,0.0
2026-08-01T04:46:30Z,0207512026-08-01,02075,2026-08-01,SCHEDULED,120,2.0
2026-08-01T04:46:30Z,1806612026-07-31,18066,2026-07-31,SCHEDULED,-60,-1.0
2026-08-01T04:46:30Z,1812012026-07-31,18120,2026-07-31,SCHEDULED,60,1.0
2026-08-01T04:46:30Z,0306212026-07-31,03062,2026-07-31,SCHEDULED,60,1.0
2026-08-01T04:46:30Z,1812112026-07-31,18121,2026-07-31,SCHEDULED,180,3.0
2026-08-01T04:46:30Z,0306212026-07-31,03062,2026-07-31,SCHEDULED,420,7.0
2026-08-01T04:46:30Z,3586912026-07-31,35869,2026-07-31,SCHEDULED,0,0.0
2026-08-01T04:46:30Z,0331112026-07-31,03311,2026-07-31,SCHEDULED,-60,-1.0
2026-08-01T04:46:30Z,0408832026-08-01,04088,2026-08-01,SCHEDULED,60,1.0
2026-08-01T04:46:30Z,0408812026-08-01,04088,2026-08-01,SCHEDULED,60,1.0
2026-08-01T04:46:30Z,1307912026-07-31,13079,2026-07-31,CANCELED,,
2026-08-01T04:46:30Z,1303222026-07-31,13032,2026-07-31,CANCELED,,
2026-08-01T04:46:30Z,1810522026-07-31,18105,2026-07-31,CANCELED,,
2026-08-01T04:46:30Z,1303112026-07-31,13031,2026-07-31,CANCELED,,
2026-08-01T04:46:30Z,3810512026-07-31,38105,2026-07-31,CANCELED,,
2026-08-01T04:46:30Z,1320812026-07-31,13208,2026-07-31,CANCELED,,
2026-08-01T04:46:30Z,1821712026-07-31,18217,2026-07-31,CANCELED,,
2026-08-01T04:46:30Z,1321922026-07-31,13219,2026-07-31,CANCELED,,
2026-08-01T04:46:30Z,1821812026-07-31,18218,2026-07-31,CANCELED,,
2026-08-01T04:46:30Z,1390212026-08-01,13902,2026-08-01,CANCELED,,
2026-08-01T04:46:30Z,1833012026-07-31,18330,2026-07-31,CANCELED,,
2026-08-01T04:46:30Z,3890212026-08-01,38902,2026-08-01,CANCELED,,
2026-08-01T04:46:30Z,1504212026-07-31,15042,2026-07-31,CANCELED,,
2026-08-01T04:46:30Z,1390412026-08-01,13904,2026-08-01,CANCELED,,
2026-08-01T04:46:30Z,3890512026-08-01,38905,2026-08-01,CANCELED,,
2026-08-01T04:46:30Z,1390412026-08-01,13904,2026-08-01,CANCELED,,
2026-08-01T04:46:30Z,3890512026-08-01,38905,2026-08-01,CANCELED,,
2026-08-01T04:46:30Z,3890412026-08-01,38904,2026-08-01,CANCELED,,
2026-08-01T04:46:30Z,3890412026-08-01,38904,2026-08-01,CANCELED,,
2026-08-01T04:46:30Z,1391012026-08-01,13910,2026-08-01,CANCELED,,
2026-08-01T04:46:30Z,1308932026-07-31,13089,2026-07-31,CANCELED,,
2026-08-01T04:46:30Z,1390512026-08-01,13905,2026-08-01,CANCELED,,
2026-08-01T04:46:30Z,1390512026-08-01,13905,2026-08-01,CANCELED,,
2026-08-01T04:46:30Z,1303512026-07-31,13035,2026-07-31,CANCELED,,
2026-08-01T04:46:30Z,0146012026-08-01,01460,2026-08-01,CANCELED,,
2026-08-01T04:46:30Z,0146022026-08-01,01460,2026-08-01,CANCELED,,
2026-08-01T04:46:30Z,0146032026-08-01,01460,2026-08-01,CANCELED,,
2026-08-01T04:46:30Z,1803512026-07-31,18035,2026-07-31,CANCELED,,
2026-08-01T04:46:30Z,3746012026-07-31,37460,2026-07-31,CANCELED,,
2026-08-01T04:46:30Z,1325822026-07-31,13258,2026-07-31,CANCELED,,
2026-08-01T04:46:30Z,1833122026-07-31,18331,2026-07-31,CANCELED,,
2026-08-01T04:46:30Z,0043812026-08-01,00438,2026-08-01,CANCELED,,
2026-08-01T04:46:30Z,0043822026-08-01,00438,2026-08-01,CANCELED,,
2026-08-01T04:46:30Z,0043832026-08-01,00438,2026-08-01,CANCELED,,
2026-08-01T04:46:30Z,7185512026-07-31,71855,2026-07-31,CANCELED,,
2026-08-01T04:46:30Z,3743812026-07-31,37438,2026-07-31,CANCELED,,
2026-08-01T04:46:30Z,1504312026-07-31,15043,2026-07-31,CANCELED,,
2026-08-01T04:46:30Z,1260812026-07-31,12608,2026-07-31,CANCELED,,
2026-08-01T04:46:30Z,0019222026-08-01,00192,2026-08-01,CANCELED,,
2026-08-01T04:46:30Z,0019212026-08-01,00192,2026-08-01,CANCELED,,
2026-08-01T04:46:30Z,1262312026-07-31,12623,2026-07-31,CANCELED,,
2026-08-01T04:46:30Z,3739212026-07-31,37392,2026-07-31,CANCELED,,
2026-08-01T04:46:30Z,1877712026-07-31,18777,2026-07-31,CANCELED,,
2026-08-01T04:46:30Z,3749222026-07-31,37492,2026-07-31,CANCELED,,
2026-08-01T04:46:30Z,3749212026-07-31,37492,2026-07-31,CANCELED,,
2026-08-01T04:46:30Z,1261112026-07-31,12611,2026-07-31,CANCELED,,
2026-08-01T04:46:30Z,1268912026-07-31,12689,2026-07-31,CANCELED,,
2026-08-01T04:46:30Z,1300212026-07-31,13002,2026-07-31,CANCELED,,
2026-08-01T04:51:21Z,1300322026-07-31,13003,2026-07-31,SCHEDULED,-60,-1.0
2026-08-01T04:51:21Z,0415422026-07-31,04154,2026-07-31,SCHEDULED,180,3.0
2026-08-01T04:51:21Z,0415412026-07-31,04154,2026-07-31,SCHEDULED,180,3.0
2026-08-01T04:51:21Z,1304112026-07-31,13041,2026-07-31,SCHEDULED,-60,-1.0
2026-08-01T04:51:21Z,1395112026-07-31,13951,2026-07-31,SCHEDULED,60,1.0
2026-08-01T04:51:21Z,0506422026-07-31,05064,2026-07-31,SCHEDULED,120,2.0
2026-08-01T04:51:21Z,0506412026-07-31,05064,2026-07-31,SCHEDULED,120,2.0
2026-08-01T04:51:21Z,1412322026-07-31,14123,2026-07-31,SCHEDULED,0,0.0
2026-08-01T04:51:21Z,1412342026-07-31,14123,2026-07-31,SCHEDULED,0,0.0
2026-08-01T04:51:21Z,1412332026-07-31,14123,2026-07-31,SCHEDULED,0,0.0
2026-08-01T04:51:21Z,0508012026-07-31,05080,2026-07-31,SCHEDULED,60,1.0
2026-08-01T04:51:21Z,0508032026-07-31,05080,2026-07-31,SCHEDULED,60,1.0
2026-08-01T04:51:21Z,0508022026-07-31,05080,2026-07-31,SCHEDULED,60,1.0
2026-08-01T04:51:21Z,1500012026-07-31,15000,2026-07-31,SCHEDULED,1020,17.0
2026-08-01T04:51:21Z,0566812026-07-31,05668,2026-07-31,SCHEDULED,180,3.0
2026-08-01T04:51:21Z,1577212026-07-31,15772,2026-07-31,SCHEDULED,120,2.0
2026-08-01T04:51:21Z,0587112026-07-31,05871,2026-07-31,SCHEDULED,480,8.0
2026-08-01T04:51:21Z,0847512026-07-31,08475,2026-07-31,SCHEDULED,120,2.0
2026-08-01T04:51:21Z,1585012026-07-31,15850,2026-07-31,SCHEDULED,-60,-1.0
2026-08-01T04:51:21Z,1770312026-07-31,17703,2026-07-31,SCHEDULED,240,4.0
2026-08-01T04:51:21Z,0907212026-07-31,09072,2026-07-31,SCHEDULED,0,0.0
2026-08-01T04:51:21Z,1805412026-07-31,18054,2026-07-31,SCHEDULED,60,1.0
2026-08-01T04:51:21Z,1807112026-07-31,18071,2026-07-31,SCHEDULED,-120,-2.0
2026-08-01T04:51:21Z,0429522026-07-31,04295,2026-07-31,SCHEDULED,0,0.0
2026-08-01T04:51:21Z,0429512026-07-31,04295,2026-07-31,SCHEDULED,0,0.0
2026-08-01T04:51:21Z,1800222026-07-31,18002,2026-07-31,SCHEDULED,0,0.0
2026-08-01T04:51:21Z,0576312026-07-31,05763,2026-07-31,SCHEDULED,-60,-1.0
2026-08-01T04:51:21Z,1806612026-07-31,18066,2026-07-31,SCHEDULED,-60,-1.0
2026-08-01T04:51:21Z,1268912026-07-31,12689,2026-07-31,SCHEDULED,0,0.0
2026-08-01T04:51:21Z,1812012026-07-31,18120,2026-07-31,SCHEDULED,120,2.0
2026-08-01T04:51:21Z,1812112026-07-31,18121,2026-07-31,SCHEDULED,240,4.0
2026-08-01T04:51:21Z,0411422026-08-01,04114,2026-08-01,SCHEDULED,-660,-11.0
2026-08-01T04:51:21Z,0411412026-08-01,04114,2026-08-01,SCHEDULED,-660,-11.0
2026-08-01T04:51:21Z,3586912026-07-31,35869,2026-07-31,SCHEDULED,60,1.0
2026-08-01T04:51:21Z,3460912026-07-31,34609,2026-07-31,SCHEDULED,180,3.0
2026-08-01T04:51:21Z,1891012026-07-31,18910,2026-07-31,SCHEDULED,240,4.0
2026-08-01T04:51:21Z,0107212026-07-31,01072,2026-07-31,SCHEDULED,180,3.0
2026-08-01T04:51:21Z,1503022026-07-31,15030,2026-07-31,SCHEDULED,360,6.0
2026-08-01T04:51:21Z,0206112026-07-31,02061,2026-07-31,SCHEDULED,180,3.0
2026-08-01T04:51:21Z,1503112026-07-31,15031,2026-07-31,SCHEDULED,-180,-3.0
2026-08-01T04:51:21Z,0207512026-08-01,02075,2026-08-01,SCHEDULED,240,4.0
2026-08-01T04:51:21Z,1600012026-07-31,16000,2026-07-31,SCHEDULED,0,0.0
2026-08-01T04:51:21Z,0306212026-07-31,03062,2026-07-31,SCHEDULED,60,1.0
2026-08-01T04:51:21Z,0306212026-07-31,03062,2026-07-31,SCHEDULED,360,6.0
2026-08-01T04:51:21Z,1702112026-07-31,17021,2026-07-31,SCHEDULED,240,4.0
2026-08-01T04:51:21Z,1702122026-07-31,17021,2026-07-31,SCHEDULED,240,4.0
2026-08-01T04:51:21Z,1702132026-07-31,17021,2026-07-31,SCHEDULED,240,4.0
2026-08-01T04:51:21Z,0331112026-07-31,03311,2026-07-31,SCHEDULED,0,0.0
2026-08-01T04:51:21Z,0408832026-08-01,04088,2026-08-01,SCHEDULED,60,1.0
2026-08-01T04:51:21Z,0408812026-08-01,04088,2026-08-01,SCHEDULED,60,1.0
2026-08-01T04:51:21Z,0446412026-07-31,04464,2026-07-31,SCHEDULED,-240,-4.0
2026-08-01T04:51:21Z,1307912026-07-31,13079,2026-07-31,CANCELED,,
2026-08-01T04:51:21Z,1303222026-07-31,13032,2026-07-31,CANCELED,,
2026-08-01T04:51:21Z,1303112026-07-31,13031,2026-07-31,CANCELED,,
2026-08-01T04:51:21Z,1810522026-07-31,18105,2026-07-31,CANCELED,,
2026-08-01T04:51:21Z,1320812026-07-31,13208,2026-07-31,CANCELED,,
2026-08-01T04:51:21Z,3810512026-07-31,38105,2026-07-31,CANCELED,,
2026-08-01T04:51:21Z,1321922026-07-31,13219,2026-07-31,CANCELED,,
2026-08-01T04:51:21Z,1821712026-07-31,18217,2026-07-31,CANCELED,,
2026-08-01T04:51:21Z,1821812026-07-31,18218,2026-07-31,CANCELED,,
2026-08-01T04:51:21Z,1390212026-08-01,13902,2026-08-01,CANCELED,,
2026-08-01T04:51:21Z,3890212026-08-01,38902,2026-08-01,CANCELED,,
2026-08-01T04:51:21Z,1833012026-07-31,18330,2026-07-31,CANCELED,,
2026-08-01T04:51:21Z,1390412026-08-01,13904,2026-08-01,CANCELED,,
2026-08-01T04:51:21Z,1504212026-07-31,15042,2026-07-31,CANCELED,,
2026-08-01T04:51:21Z,1390412026-08-01,13904,2026-08-01,CANCELED,,
2026-08-01T04:51:21Z,3890512026-08-01,38905,2026-08-01,CANCELED,,
2026-08-01T04:51:21Z,3890412026-08-01,38904,2026-08-01,CANCELED,,
2026-08-01T04:51:21Z,3890512026-08-01,38905,2026-08-01,CANCELED,,
2026-08-01T04:51:21Z,3890412026-08-01,38904,2026-08-01,CANCELED,,
2026-08-01T04:51:21Z,1391012026-08-01,13910,2026-08-01,CANCELED,,
2026-08-01T04:51:21Z,1308932026-07-31,13089,2026-07-31,CANCELED,,
2026-08-01T04:51:21Z,1390512026-08-01,13905,2026-08-01,CANCELED,,
2026-08-01T04:51:21Z,1390512026-08-01,13905,2026-08-01,CANCELED,,
2026-08-01T04:51:21Z,1303512026-07-31,13035,2026-07-31,CANCELED,,
2026-08-01T04:51:21Z,0146012026-08-01,01460,2026-08-01,CANCELED,,
2026-08-01T04:51:21Z,0146022026-08-01,01460,2026-08-01,CANCELED,,
2026-08-01T04:51:21Z,0146032026-08-01,01460,2026-08-01,CANCELED,,
2026-08-01T04:51:21Z,1803512026-07-31,18035,2026-07-31,CANCELED,,
2026-08-01T04:51:21Z,3746012026-07-31,37460,2026-07-31,CANCELED,,
2026-08-01T04:51:21Z,1325822026-07-31,13258,2026-07-31,CANCELED,,
2026-08-01T04:51:21Z,0043812026-08-01,00438,2026-08-01,CANCELED,,
2026-08-01T04:51:21Z,0043822026-08-01,00438,2026-08-01,CANCELED,,
2026-08-01T04:51:21Z,0043832026-08-01,00438,2026-08-01,CANCELED,,
2026-08-01T04:51:21Z,1833122026-07-31,18331,2026-07-31,CANCELED,,
2026-08-01T04:51:21Z,3743812026-07-31,37438,2026-07-31,CANCELED,,
2026-08-01T04:51:21Z,7185512026-07-31,71855,2026-07-31,CANCELED,,
2026-08-01T04:51:21Z,1504312026-07-31,15043,2026-07-31,CANCELED,,
2026-08-01T04:51:21Z,0019222026-08-01,00192,2026-08-01,CANCELED,,
2026-08-01T04:51:21Z,0019212026-08-01,00192,2026-08-01,CANCELED,,
2026-08-01T04:51:21Z,1260812026-07-31,12608,2026-07-31,CANCELED,,
2026-08-01T04:51:21Z,1262312026-07-31,12623,2026-07-31,CANCELED,,
2026-08-01T04:51:21Z,3739212026-07-31,37392,2026-07-31,CANCELED,,
2026-08-01T04:51:21Z,1877712026-07-31,18777,2026-07-31,CANCELED,,
2026-08-01T04:51:21Z,3749222026-07-31,37492,2026-07-31,CANCELED,,
2026-08-01T04:51:21Z,3749212026-07-31,37492,2026-07-31,CANCELED,,
2026-08-01T04:51:21Z,1261112026-07-31,12611,2026-07-31,CANCELED,,
2026-08-01T04:51:21Z,1268912026-07-31,12689,2026-07-31,CANCELED,,
2026-08-01T04:51:21Z,1300212026-07-31,13002,2026-07-31,CANCELED,,
2026-08-01T04:56:17Z,1304112026-07-31,13041,2026-07-31,SCHEDULED,-60,-1.0
2026-08-01T04:56:17Z,0446412026-07-31,04464,2026-07-31,SCHEDULED,0,0.0
2026-08-01T04:56:17Z,1395112026-07-31,13951,2026-07-31,SCHEDULED,60,1.0
2026-08-01T04:56:17Z,0415422026-07-31,04154,2026-07-31,SCHEDULED,180,3.0
2026-08-01T04:56:17Z,0415412026-07-31,04154,2026-07-31,SCHEDULED,180,3.0
2026-08-01T04:56:17Z,0506422026-07-31,05064,2026-07-31,SCHEDULED,300,5.0
2026-08-01T04:56:17Z,0506412026-07-31,05064,2026-07-31,SCHEDULED,300,5.0
2026-08-01T04:56:17Z,1412322026-07-31,14123,2026-07-31,SCHEDULED,-120,-2.0
2026-08-01T04:56:17Z,1412342026-07-31,14123,2026-07-31,SCHEDULED,-120,-2.0
2026-08-01T04:56:17Z,1412332026-07-31,14123,2026-07-31,SCHEDULED,-120,-2.0
2026-08-01T04:56:17Z,1500012026-07-31,15000,2026-07-31,SCHEDULED,1020,17.0
2026-08-01T04:56:17Z,1504012026-07-31,15040,2026-07-31,SCHEDULED,660,11.0
2026-08-01T04:56:17Z,0508012026-07-31,05080,2026-07-31,SCHEDULED,60,1.0
2026-08-01T04:56:17Z,0508032026-07-31,05080,2026-07-31,SCHEDULED,60,1.0
2026-08-01T04:56:17Z,0508022026-07-31,05080,2026-07-31,SCHEDULED,60,1.0
2026-08-01T04:56:17Z,1577212026-07-31,15772,2026-07-31,SCHEDULED,180,3.0
2026-08-01T04:56:17Z,0566812026-07-31,05668,2026-07-31,SCHEDULED,60,1.0
2026-08-01T04:56:17Z,1585012026-07-31,15850,2026-07-31,SCHEDULED,-60,-1.0
2026-08-01T04:56:17Z,0587112026-07-31,05871,2026-07-31,SCHEDULED,540,9.0
2026-08-01T04:56:17Z,1770312026-07-31,17703,2026-07-31,SCHEDULED,240,4.0
2026-08-01T04:56:17Z,1805412026-07-31,18054,2026-07-31,SCHEDULED,-60,-1.0
2026-08-01T04:56:17Z,0847512026-07-31,08475,2026-07-31,SCHEDULED,300,5.0
2026-08-01T04:56:17Z,1807112026-07-31,18071,2026-07-31,SCHEDULED,-60,-1.0
2026-08-01T04:56:17Z,0907212026-07-31,09072,2026-07-31,SCHEDULED,0,0.0
2026-08-01T04:56:17Z,1800222026-07-31,18002,2026-07-31,SCHEDULED,0,0.0
2026-08-01T04:56:17Z,0429522026-07-31,04295,2026-07-31,SCHEDULED,-240,-4.0
2026-08-01T04:56:17Z,0429512026-07-31,04295,2026-07-31,SCHEDULED,-240,-4.0
2026-08-01T04:56:17Z,1503022026-07-31,15030,2026-07-31,SCHEDULED,360,6.0
2026-08-01T04:56:17Z,1503112026-07-31,15031,2026-07-31,SCHEDULED,-120,-2.0
2026-08-01T04:56:17Z,0576312026-07-31,05763,2026-07-31,SCHEDULED,0,0.0
2026-08-01T04:56:17Z,1600012026-07-31,16000,2026-07-31,SCHEDULED,60,1.0
2026-08-01T04:56:17Z,1268912026-07-31,12689,2026-07-31,SCHEDULED,0,0.0
2026-08-01T04:56:17Z,1300322026-07-31,13003,2026-07-31,SCHEDULED,60,1.0
2026-08-01T04:56:17Z,1702112026-07-31,17021,2026-07-31,SCHEDULED,240,4.0
2026-08-01T04:56:17Z,1702122026-07-31,17021,2026-07-31,SCHEDULED,240,4.0
2026-08-01T04:56:17Z,1702132026-07-31,17021,2026-07-31,SCHEDULED,240,4.0
2026-08-01T04:56:17Z,0411422026-08-01,04114,2026-08-01,SCHEDULED,-660,-11.0
2026-08-01T04:56:17Z,0411412026-08-01,04114,2026-08-01,SCHEDULED,-660,-11.0
2026-08-01T04:56:17Z,7180012026-07-31,71800,2026-07-31,SCHEDULED,0,0.0
2026-08-01T04:56:17Z,3460912026-07-31,34609,2026-07-31,SCHEDULED,180,3.0
2026-08-01T04:56:17Z,0107212026-07-31,01072,2026-07-31,SCHEDULED,120,2.0
2026-08-01T04:56:17Z,1806612026-07-31,18066,2026-07-31,SCHEDULED,-60,-1.0
2026-08-01T04:56:17Z,1812012026-07-31,18120,2026-07-31,SCHEDULED,-60,-1.0
2026-08-01T04:56:17Z,0206112026-07-31,02061,2026-07-31,SCHEDULED,300,5.0
2026-08-01T04:56:17Z,1812112026-07-31,18121,2026-07-31,SCHEDULED,300,5.0
2026-08-01T04:56:17Z,0207512026-08-01,02075,2026-08-01,SCHEDULED,240,4.0
2026-08-01T04:56:17Z,0207712026-07-31,02077,2026-07-31,SCHEDULED,0,0.0
2026-08-01T04:56:17Z,1833122026-07-31,18331,2026-07-31,SCHEDULED,60,1.0
2026-08-01T04:56:17Z,0306212026-07-31,03062,2026-07-31,SCHEDULED,60,1.0
2026-08-01T04:56:17Z,3586912026-07-31,35869,2026-07-31,SCHEDULED,0,0.0
2026-08-01T04:56:17Z,1891012026-07-31,18910,2026-07-31,SCHEDULED,240,4.0
2026-08-01T04:56:17Z,0306212026-07-31,03062,2026-07-31,SCHEDULED,300,5.0
2026-08-01T04:56:17Z,0331112026-07-31,03311,2026-07-31,SCHEDULED,0,0.0
2026-08-01T04:56:17Z,0408832026-08-01,04088,2026-08-01,SCHEDULED,120,2.0
2026-08-01T04:56:17Z,0408812026-08-01,04088,2026-08-01,SCHEDULED,120,2.0
2026-08-01T04:56:17Z,0407222026-08-01,04072,2026-08-01,SCHEDULED,0,0.0
2026-08-01T04:56:17Z,0407212026-08-01,04072,2026-08-01,SCHEDULED,0,0.0
2026-08-01T04:56:17Z,1307912026-07-31,13079,2026-07-31,CANCELED,,
2026-08-01T04:56:17Z,1303222026-07-31,13032,2026-07-31,CANCELED,,
2026-08-01T04:56:17Z,1810522026-07-31,18105,2026-07-31,CANCELED,,
2026-08-01T04:56:17Z,1303112026-07-31,13031,2026-07-31,CANCELED,,
2026-08-01T04:56:17Z,3810512026-07-31,38105,2026-07-31,CANCELED,,
2026-08-01T04:56:17Z,1320812026-07-31,13208,2026-07-31,CANCELED,,
2026-08-01T04:56:17Z,1821712026-07-31,18217,2026-07-31,CANCELED,,
2026-08-01T04:56:17Z,1321922026-07-31,13219,2026-07-31,CANCELED,,
2026-08-01T04:56:17Z,1821812026-07-31,18218,2026-07-31,CANCELED,,
2026-08-01T04:56:17Z,1390212026-08-01,13902,2026-08-01,CANCELED,,
2026-08-01T04:56:17Z,3890212026-08-01,38902,2026-08-01,CANCELED,,
2026-08-01T04:56:17Z,1833012026-07-31,18330,2026-07-31,CANCELED,,
2026-08-01T04:56:17Z,1390412026-08-01,13904,2026-08-01,CANCELED,,
2026-08-01T04:56:17Z,1504212026-07-31,15042,2026-07-31,CANCELED,,
2026-08-01T04:56:17Z,1390412026-08-01,13904,2026-08-01,CANCELED,,
2026-08-01T04:56:17Z,3890512026-08-01,38905,2026-08-01,CANCELED,,
2026-08-01T04:56:17Z,3890412026-08-01,38904,2026-08-01,CANCELED,,
2026-08-01T04:56:17Z,3890512026-08-01,38905,2026-08-01,CANCELED,,
2026-08-01T04:56:17Z,3890412026-08-01,38904,2026-08-01,CANCELED,,
2026-08-01T04:56:17Z,1391012026-08-01,13910,2026-08-01,CANCELED,,
2026-08-01T04:56:17Z,1308932026-07-31,13089,2026-07-31,CANCELED,,
2026-08-01T04:56:17Z,1390512026-08-01,13905,2026-08-01,CANCELED,,
2026-08-01T04:56:17Z,1390512026-08-01,13905,2026-08-01,CANCELED,,
2026-08-01T04:56:17Z,1303512026-07-31,13035,2026-07-31,CANCELED,,
2026-08-01T04:56:17Z,0146012026-08-01,01460,2026-08-01,CANCELED,,
2026-08-01T04:56:17Z,0146022026-08-01,01460,2026-08-01,CANCELED,,
2026-08-01T04:56:17Z,0146032026-08-01,01460,2026-08-01,CANCELED,,
2026-08-01T04:56:17Z,1803512026-07-31,18035,2026-07-31,CANCELED,,
2026-08-01T04:56:17Z,3746012026-07-31,37460,2026-07-31,CANCELED,,
2026-08-01T04:56:17Z,1325822026-07-31,13258,2026-07-31,CANCELED,,
2026-08-01T04:56:17Z,0043812026-08-01,00438,2026-08-01,CANCELED,,
2026-08-01T04:56:17Z,0043822026-08-01,00438,2026-08-01,CANCELED,,
2026-08-01T04:56:17Z,0043832026-08-01,00438,2026-08-01,CANCELED,,
2026-08-01T04:56:17Z,1833122026-07-31,18331,2026-07-31,CANCELED,,
2026-08-01T04:56:17Z,3743812026-07-31,37438,2026-07-31,CANCELED,,
2026-08-01T04:56:17Z,7185512026-07-31,71855,2026-07-31,CANCELED,,
2026-08-01T04:56:17Z,1504312026-07-31,15043,2026-07-31,CANCELED,,
2026-08-01T04:56:17Z,1260812026-07-31,12608,2026-07-31,CANCELED,,
2026-08-01T04:56:17Z,0019222026-08-01,00192,2026-08-01,CANCELED,,
2026-08-01T04:56:17Z,0019212026-08-01,00192,2026-08-01,CANCELED,,
2026-08-01T04:56:17Z,1262312026-07-31,12623,2026-07-31,CANCELED,,
2026-08-01T04:56:17Z,3739212026-07-31,37392,2026-07-31,CANCELED,,
2026-08-01T04:56:17Z,1877712026-07-31,18777,2026-07-31,CANCELED,,
2026-08-01T04:56:17Z,3749222026-07-31,37492,2026-07-31,CANCELED,,
2026-08-01T04:56:17Z,3749212026-07-31,37492,2026-07-31,CANCELED,,
2026-08-01T04:56:17Z,1261112026-07-31,12611,2026-07-31,CANCELED,,
2026-08-01T04:56:17Z,1268912026-07-31,12689,2026-07-31,CANCELED,,
2026-08-01T04:56:17Z,1300212026-07-31,13002,2026-07-31,CANCELED,,
2026-08-01T05:01:49Z,1300322026-07-31,13003,2026-07-31,SCHEDULED,0,0.0
2026-08-01T05:01:49Z,0415422026-07-31,04154,2026-07-31,SCHEDULED,180,3.0
2026-08-01T05:01:49Z,0415412026-07-31,04154,2026-07-31,SCHEDULED,180,3.0
2026-08-01T05:01:49Z,1304112026-07-31,13041,2026-07-31,SCHEDULED,-60,-1.0
2026-08-01T05:01:49Z,1395112026-07-31,13951,2026-07-31,SCHEDULED,60,1.0
2026-08-01T05:01:49Z,0506422026-07-31,05064,2026-07-31,SCHEDULED,180,3.0
2026-08-01T05:01:49Z,0506412026-07-31,05064,2026-07-31,SCHEDULED,180,3.0
2026-08-01T05:01:49Z,0508012026-07-31,05080,2026-07-31,SCHEDULED,60,1.0
2026-08-01T05:01:49Z,0508032026-07-31,05080,2026-07-31,SCHEDULED,60,1.0
2026-08-01T05:01:49Z,0508022026-07-31,05080,2026-07-31,SCHEDULED,60,1.0
2026-08-01T05:01:49Z,1412322026-07-31,14123,2026-07-31,SCHEDULED,0,0.0
2026-08-01T05:01:49Z,1412342026-07-31,14123,2026-07-31,SCHEDULED,0,0.0
2026-08-01T05:01:49Z,1412332026-07-31,14123,2026-07-31,SCHEDULED,0,0.0
2026-08-01T05:01:49Z,0566812026-07-31,05668,2026-07-31,SCHEDULED,60,1.0
2026-08-01T05:01:49Z,1500012026-07-31,15000,2026-07-31,SCHEDULED,1140,19.0
2026-08-01T05:01:49Z,0587112026-07-31,05871,2026-07-31,SCHEDULED,540,9.0
2026-08-01T05:01:49Z,1504012026-07-31,15040,2026-07-31,SCHEDULED,660,11.0
2026-08-01T05:01:49Z,0847512026-07-31,08475,2026-07-31,SCHEDULED,240,4.0
2026-08-01T05:01:49Z,1521012026-07-31,15210,2026-07-31,SCHEDULED,0,0.0
2026-08-01T05:01:49Z,1564812026-07-31,15648,2026-07-31,SCHEDULED,60,1.0
2026-08-01T05:01:49Z,0907212026-07-31,09072,2026-07-31,SCHEDULED,0,0.0
2026-08-01T05:01:49Z,1577212026-07-31,15772,2026-07-31,SCHEDULED,180,3.0
2026-08-01T05:01:49Z,0109212026-07-31,01092,2026-07-31,SCHEDULED,60,1.0
2026-08-01T05:01:49Z,1585012026-07-31,15850,2026-07-31,SCHEDULED,0,0.0
2026-08-01T05:01:49Z,1601812026-07-31,16018,2026-07-31,SCHEDULED,420,7.0
2026-08-01T05:01:49Z,0429522026-07-31,04295,2026-07-31,SCHEDULED,0,0.0
2026-08-01T05:01:49Z,0429512026-07-31,04295,2026-07-31,SCHEDULED,0,0.0
2026-08-01T05:01:49Z,1770312026-07-31,17703,2026-07-31,SCHEDULED,240,4.0
2026-08-01T05:01:49Z,0576312026-07-31,05763,2026-07-31,SCHEDULED,0,0.0
2026-08-01T05:01:49Z,1807112026-07-31,18071,2026-07-31,SCHEDULED,-60,-1.0
2026-08-01T05:01:49Z,1800222026-07-31,18002,2026-07-31,SCHEDULED,0,0.0
2026-08-01T05:01:49Z,1806612026-07-31,18066,2026-07-31,SCHEDULED,-60,-1.0
2026-08-01T05:01:49Z,0418612026-08-01,04186,2026-08-01,SCHEDULED,120,2.0
2026-08-01T05:01:49Z,0418632026-08-01,04186,2026-08-01,SCHEDULED,120,2.0
2026-08-01T05:01:49Z,0418622026-08-01,04186,2026-08-01,SCHEDULED,120,2.0
2026-08-01T05:01:49Z,1812012026-07-31,18120,2026-07-31,SCHEDULED,-60,-1.0
2026-08-01T05:01:49Z,0408712026-08-01,04087,2026-08-01,SCHEDULED,780,13.0
2026-08-01T05:01:49Z,1812112026-07-31,18121,2026-07-31,SCHEDULED,300,5.0
2026-08-01T05:01:49Z,1268912026-07-31,12689,2026-07-31,SCHEDULED,0,0.0
2026-08-01T05:01:49Z,1833122026-07-31,18331,2026-07-31,SCHEDULED,120,2.0
2026-08-01T05:01:49Z,0411422026-08-01,04114,2026-08-01,SCHEDULED,60,1.0
2026-08-01T05:01:49Z,0411412026-08-01,04114,2026-08-01,SCHEDULED,60,1.0
2026-08-01T05:01:49Z,3586912026-07-31,35869,2026-07-31,SCHEDULED,0,0.0
2026-08-01T05:01:49Z,3460912026-07-31,34609,2026-07-31,SCHEDULED,180,3.0
2026-08-01T05:01:49Z,1891012026-07-31,18910,2026-07-31,SCHEDULED,240,4.0
2026-08-01T05:01:49Z,0107212026-07-31,01072,2026-07-31,SCHEDULED,120,2.0
2026-08-01T05:01:49Z,1503022026-07-31,15030,2026-07-31,SCHEDULED,360,6.0
2026-08-01T05:01:49Z,0206112026-07-31,02061,2026-07-31,SCHEDULED,180,3.0
2026-08-01T05:01:49Z,1503112026-07-31,15031,2026-07-31,SCHEDULED,-60,-1.0
2026-08-01T05:01:49Z,0207012026-07-31,02070,2026-07-31,SCHEDULED,-60,-1.0
2026-08-01T05:01:49Z,1600012026-07-31,16000,2026-07-31,SCHEDULED,60,1.0
2026-08-01T05:01:49Z,0207512026-08-01,02075,2026-08-01,SCHEDULED,300,5.0
2026-08-01T05:01:49Z,0207712026-07-31,02077,2026-07-31,SCHEDULED,0,0.0
2026-08-01T05:01:49Z,1702112026-07-31,17021,2026-07-31,SCHEDULED,240,4.0
2026-08-01T05:01:49Z,1702122026-07-31,17021,2026-07-31,SCHEDULED,240,4.0
2026-08-01T05:01:49Z,1702132026-07-31,17021,2026-07-31,SCHEDULED,240,4.0
2026-08-01T05:01:49Z,0306212026-07-31,03062,2026-07-31,SCHEDULED,60,1.0
2026-08-01T05:01:49Z,7180012026-07-31,71800,2026-07-31,SCHEDULED,0,0.0
2026-08-01T05:01:49Z,0306212026-07-31,03062,2026-07-31,SCHEDULED,300,5.0
2026-08-01T05:01:49Z,0331112026-07-31,03311,2026-07-31,SCHEDULED,0,0.0
2026-08-01T05:01:49Z,0408832026-08-01,04088,2026-08-01,SCHEDULED,60,1.0
2026-08-01T05:01:49Z,0408812026-08-01,04088,2026-08-01,SCHEDULED,60,1.0
2026-08-01T05:01:49Z,0407222026-08-01,04072,2026-08-01,SCHEDULED,0,0.0
2026-08-01T05:01:49Z,0407212026-08-01,04072,2026-08-01,SCHEDULED,0,0.0
2026-08-01T05:01:49Z,0446412026-07-31,04464,2026-07-31,SCHEDULED,0,0.0
2026-08-01T05:01:49Z,1307912026-07-31,13079,2026-07-31,CANCELED,,
2026-08-01T05:01:49Z,1303222026-07-31,13032,2026-07-31,CANCELED,,
2026-08-01T05:01:49Z,1303112026-07-31,13031,2026-07-31,CANCELED,,
2026-08-01T05:01:49Z,1810522026-07-31,18105,2026-07-31,CANCELED,,
2026-08-01T05:01:49Z,1320812026-07-31,13208,2026-07-31,CANCELED,,
2026-08-01T05:01:49Z,3810512026-07-31,38105,2026-07-31,CANCELED,,
2026-08-01T05:01:49Z,1321922026-07-31,13219,2026-07-31,CANCELED,,
2026-08-01T05:01:49Z,1821712026-07-31,18217,2026-07-31,CANCELED,,
2026-08-01T05:01:49Z,1390212026-08-01,13902,2026-08-01,CANCELED,,
2026-08-01T05:01:49Z,1821812026-07-31,18218,2026-07-31,CANCELED,,
2026-08-01T05:01:49Z,3890212026-08-01,38902,2026-08-01,CANCELED,,
2026-08-01T05:01:49Z,1833012026-07-31,18330,2026-07-31,CANCELED,,
2026-08-01T05:01:49Z,1390412026-08-01,13904,2026-08-01,CANCELED,,
2026-08-01T05:01:49Z,1504212026-07-31,15042,2026-07-31,CANCELED,,
2026-08-01T05:01:49Z,1390412026-08-01,13904,2026-08-01,CANCELED,,
2026-08-01T05:01:49Z,3890512026-08-01,38905,2026-08-01,CANCELED,,
2026-08-01T05:01:49Z,3890412026-08-01,38904,2026-08-01,CANCELED,,
2026-08-01T05:01:49Z,3890512026-08-01,38905,2026-08-01,CANCELED,,
2026-08-01T05:01:49Z,3890412026-08-01,38904,2026-08-01,CANCELED,,
2026-08-01T05:01:49Z,1391012026-08-01,13910,2026-08-01,CANCELED,,
2026-08-01T05:01:49Z,1390512026-08-01,13905,2026-08-01,CANCELED,,
2026-08-01T05:01:49Z,1308932026-07-31,13089,2026-07-31,CANCELED,,
2026-08-01T05:01:49Z,1390512026-08-01,13905,2026-08-01,CANCELED,,
2026-08-01T05:01:49Z,0146012026-08-01,01460,2026-08-01,CANCELED,,
2026-08-01T05:01:49Z,0146022026-08-01,01460,2026-08-01,CANCELED,,
2026-08-01T05:01:49Z,0146032026-08-01,01460,2026-08-01,CANCELED,,
2026-08-01T05:01:49Z,1303512026-07-31,13035,2026-07-31,CANCELED,,
2026-08-01T05:01:49Z,3746012026-07-31,37460,2026-07-31,CANCELED,,
2026-08-01T05:01:49Z,1803512026-07-31,18035,2026-07-31,CANCELED,,
2026-08-01T05:01:49Z,1325822026-07-31,13258,2026-07-31,CANCELED,,
2026-08-01T05:01:49Z,0043812026-08-01,00438,2026-08-01,CANCELED,,
2026-08-01T05:01:49Z,0043822026-08-01,00438,2026-08-01,CANCELED,,
2026-08-01T05:01:49Z,0043832026-08-01,00438,2026-08-01,CANCELED,,
2026-08-01T05:01:49Z,1833122026-07-31,18331,2026-07-31,CANCELED,,
2026-08-01T05:01:49Z,3743812026-07-31,37438,2026-07-31,CANCELED,,
2026-08-01T05:01:49Z,7185512026-07-31,71855,2026-07-31,CANCELED,,
2026-08-01T05:01:49Z,1504312026-07-31,15043,2026-07-31,CANCELED,,
2026-08-01T05:01:49Z,0019222026-08-01,00192,2026-08-01,CANCELED,,
2026-08-01T05:01:49Z,0019212026-08-01,00192,2026-08-01,CANCELED,,
2026-08-01T05:01:49Z,1260812026-07-31,12608,2026-07-31,CANCELED,,
2026-08-01T05:01:49Z,1262312026-07-31,12623,2026-07-31,CANCELED,,
2026-08-01T05:01:49Z,3739212026-07-31,37392,2026-07-31,CANCELED,,
2026-08-01T05:01:49Z,1877712026-07-31,18777,2026-07-31,CANCELED,,
2026-08-01T05:01:49Z,3749222026-07-31,37492,2026-07-31,CANCELED,,
2026-08-01T05:01:49Z,3749212026-07-31,37492,2026-07-31,CANCELED,,
2026-08-01T05:01:49Z,1261112026-07-31,12611,2026-07-31,CANCELED,,
2026-08-01T05:01:49Z,1268912026-07-31,12689,2026-07-31,CANCELED,,
2026-08-01T05:01:49Z,1300212026-07-31,13002,2026-07-31,CANCELED,,
2026-08-01T05:06:17Z,1300322026-07-31,13003,2026-07-31,SCHEDULED,0,0.0
2026-08-01T05:06:17Z,0415422026-07-31,04154,2026-07-31,SCHEDULED,180,3.0
2026-08-01T05:06:17Z,0415412026-07-31,04154,2026-07-31,SCHEDULED,180,3.0
2026-08-01T05:06:17Z,1304112026-07-31,13041,2026-07-31,SCHEDULED,-60,-1.0
2026-08-01T05:06:17Z,1395112026-07-31,13951,2026-07-31,SCHEDULED,180,3.0
2026-08-01T05:06:17Z,0506422026-07-31,05064,2026-07-31,SCHEDULED,180,3.0
2026-08-01T05:06:17Z,0506412026-07-31,05064,2026-07-31,SCHEDULED,180,3.0
2026-08-01T05:06:17Z,0508012026-07-31,05080,2026-07-31,SCHEDULED,240,4.0
2026-08-01T05:06:17Z,0508032026-07-31,05080,2026-07-31,SCHEDULED,240,4.0
2026-08-01T05:06:17Z,0508022026-07-31,05080,2026-07-31,SCHEDULED,240,4.0
2026-08-01T05:06:17Z,1412322026-07-31,14123,2026-07-31,SCHEDULED,-60,-1.0
2026-08-01T05:06:17Z,1412342026-07-31,14123,2026-07-31,SCHEDULED,-60,-1.0
2026-08-01T05:06:17Z,1412332026-07-31,14123,2026-07-31,SCHEDULED,-60,-1.0
2026-08-01T05:06:17Z,1500012026-07-31,15000,2026-07-31,SCHEDULED,1020,17.0
2026-08-01T05:06:17Z,0566812026-07-31,05668,2026-07-31,SCHEDULED,0,0.0
2026-08-01T05:06:17Z,0587112026-07-31,05871,2026-07-31,SCHEDULED,540,9.0
2026-08-01T05:06:17Z,1504012026-07-31,15040,2026-07-31,SCHEDULED,720,12.0
2026-08-01T05:06:17Z,0847512026-07-31,08475,2026-07-31,SCHEDULED,300,5.0
2026-08-01T05:06:17Z,1521012026-07-31,15210,2026-07-31,SCHEDULED,0,0.0
2026-08-01T05:06:17Z,1564812026-07-31,15648,2026-07-31,SCHEDULED,60,1.0
2026-08-01T05:06:17Z,0907212026-07-31,09072,2026-07-31,SCHEDULED,0,0.0
2026-08-01T05:06:17Z,1577212026-07-31,15772,2026-07-31,SCHEDULED,60,1.0
2026-08-01T05:06:17Z,0109212026-07-31,01092,2026-07-31,SCHEDULED,-60,-1.0
2026-08-01T05:06:17Z,1585012026-07-31,15850,2026-07-31,SCHEDULED,-60,-1.0
2026-08-01T05:06:17Z,1601812026-07-31,16018,2026-07-31,SCHEDULED,420,7.0
2026-08-01T05:06:17Z,0429522026-07-31,04295,2026-07-31,SCHEDULED,0,0.0
2026-08-01T05:06:17Z,0429512026-07-31,04295,2026-07-31,SCHEDULED,0,0.0
2026-08-01T05:06:17Z,1722712026-07-31,17227,2026-07-31,SCHEDULED,180,3.0
2026-08-01T05:06:17Z,1770312026-07-31,17703,2026-07-31,SCHEDULED,240,4.0
2026-08-01T05:06:17Z,0576312026-07-31,05763,2026-07-31,SCHEDULED,-60,-1.0
2026-08-01T05:06:17Z,1891012026-07-31,18910,2026-07-31,SCHEDULED,420,7.0
2026-08-01T05:06:17Z,1503022026-07-31,15030,2026-07-31,SCHEDULED,360,6.0
2026-08-01T05:06:17Z,1503112026-07-31,15031,2026-07-31,SCHEDULED,-60,-1.0
2026-08-01T05:06:17Z,0418612026-08-01,04186,2026-08-01,SCHEDULED,180,3.0
2026-08-01T05:06:17Z,0418632026-08-01,04186,2026-08-01,SCHEDULED,180,3.0
2026-08-01T05:06:17Z,0418622026-08-01,04186,2026-08-01,SCHEDULED,180,3.0
2026-08-01T05:06:17Z,1600012026-07-31,16000,2026-07-31,SCHEDULED,120,2.0
2026-08-01T05:06:17Z,0408712026-08-01,04087,2026-08-01,SCHEDULED,780,13.0
2026-08-01T05:06:17Z,1248012026-07-31,12480,2026-07-31,SCHEDULED,-60,-1.0
2026-08-01T05:06:17Z,1268912026-07-31,12689,2026-07-31,SCHEDULED,0,0.0
2026-08-01T05:06:17Z,1702112026-07-31,17021,2026-07-31,SCHEDULED,240,4.0
2026-08-01T05:06:17Z,1702122026-07-31,17021,2026-07-31,SCHEDULED,240,4.0
2026-08-01T05:06:17Z,1702132026-07-31,17021,2026-07-31,SCHEDULED,240,4.0
2026-08-01T05:06:17Z,7180012026-07-31,71800,2026-07-31,SCHEDULED,0,0.0
2026-08-01T05:06:17Z,0411422026-08-01,04114,2026-08-01,SCHEDULED,60,1.0
2026-08-01T05:06:17Z,0411412026-08-01,04114,2026-08-01,SCHEDULED,60,1.0
2026-08-01T05:06:17Z,1807112026-07-31,18071,2026-07-31,SCHEDULED,-60,-1.0
2026-08-01T05:06:17Z,3460912026-07-31,34609,2026-07-31,SCHEDULED,240,4.0
2026-08-01T05:06:17Z,0107212026-07-31,01072,2026-07-31,SCHEDULED,120,2.0
2026-08-01T05:06:17Z,1800222026-07-31,18002,2026-07-31,SCHEDULED,0,0.0
2026-08-01T05:06:17Z,0206112026-07-31,02061,2026-07-31,SCHEDULED,180,3.0
2026-08-01T05:06:17Z,1806612026-07-31,18066,2026-07-31,SCHEDULED,0,0.0
2026-08-01T05:06:17Z,0207012026-07-31,02070,2026-07-31,SCHEDULED,-60,-1.0
2026-08-01T05:06:17Z,1812012026-07-31,18120,2026-07-31,SCHEDULED,0,0.0
2026-08-01T05:06:17Z,0207512026-08-01,02075,2026-08-01,SCHEDULED,420,7.0
2026-08-01T05:06:17Z,1812112026-07-31,18121,2026-07-31,SCHEDULED,300,5.0
2026-08-01T05:06:17Z,0207712026-07-31,02077,2026-07-31,SCHEDULED,-60,-1.0
2026-08-01T05:06:17Z,0306212026-07-31,03062,2026-07-31,SCHEDULED,60,1.0
2026-08-01T05:06:17Z,1833122026-07-31,18331,2026-07-31,SCHEDULED,240,4.0
2026-08-01T05:06:17Z,3586912026-07-31,35869,2026-07-31,SCHEDULED,240,4.0
2026-08-01T05:06:17Z,0306212026-07-31,03062,2026-07-31,SCHEDULED,420,7.0
2026-08-01T05:06:17Z,0331112026-07-31,03311,2026-07-31,SCHEDULED,-60,-1.0
2026-08-01T05:06:17Z,0408832026-08-01,04088,2026-08-01,SCHEDULED,60,1.0
2026-08-01T05:06:17Z,0408812026-08-01,04088,2026-08-01,SCHEDULED,60,1.0
2026-08-01T05:06:17Z,0407222026-08-01,04072,2026-08-01,SCHEDULED,180,3.0
2026-08-01T05:06:17Z,0407212026-08-01,04072,2026-08-01,SCHEDULED,180,3.0
2026-08-01T05:06:17Z,0446412026-07-31,04464,2026-07-31,SCHEDULED,0,0.0
2026-08-01T05:06:17Z,3890512026-08-01,38905,2026-08-01,CANCELED,,
2026-08-01T05:06:17Z,3890512026-08-01,38905,2026-08-01,CANCELED,,
2026-08-01T05:06:17Z,1308932026-07-31,13089,2026-07-31,CANCELED,,
2026-08-01T05:06:17Z,1810522026-07-31,18105,2026-07-31,CANCELED,,
2026-08-01T05:06:17Z,3810512026-07-31,38105,2026-07-31,CANCELED,,
2026-08-01T05:06:17Z,1821712026-07-31,18217,2026-07-31,CANCELED,,
2026-08-01T05:06:17Z,1821812026-07-31,18218,2026-07-31,CANCELED,,
2026-08-01T05:06:17Z,1833012026-07-31,18330,2026-07-31,CANCELED,,
2026-08-01T05:06:17Z,1504212026-07-31,15042,2026-07-31,CANCELED,,
2026-08-01T05:06:17Z,1504312026-07-31,15043,2026-07-31,CANCELED,,
2026-08-01T05:06:17Z,1260812026-07-31,12608,2026-07-31,CANCELED,,
2026-08-01T05:06:17Z,1262312026-07-31,12623,2026-07-31,CANCELED,,
2026-08-01T05:06:17Z,1877712026-07-31,18777,2026-07-31,CANCELED,,
2026-08-01T05:06:17Z,1303512026-07-31,13035,2026-07-31,CANCELED,,
2026-08-01T05:06:17Z,1803512026-07-31,18035,2026-07-31,CANCELED,,
2026-08-01T05:06:17Z,1325822026-07-31,13258,2026-07-31,CANCELED,,
2026-08-01T05:06:17Z,1833122026-07-31,18331,2026-07-31,CANCELED,,
2026-08-01T05:06:17Z,7185512026-07-31,71855,2026-07-31,CANCELED,,
2026-08-01T05:06:17Z,1307912026-07-31,13079,2026-07-31,CANCELED,,
2026-08-01T05:06:17Z,1303222026-07-31,13032,2026-07-31,CANCELED,,
2026-08-01T05:06:17Z,1303112026-07-31,13031,2026-07-31,CANCELED,,
2026-08-01T05:06:17Z,1320812026-07-31,13208,2026-07-31,CANCELED,,
2026-08-01T05:06:17Z,1321922026-07-31,13219,2026-07-31,CANCELED,,
2026-08-01T05:06:17Z,1390212026-08-01,13902,2026-08-01,CANCELED,,
2026-08-01T05:06:17Z,3890212026-08-01,38902,2026-08-01,CANCELED,,
2026-08-01T05:06:17Z,1390412026-08-01,13904,2026-08-01,CANCELED,,
2026-08-01T05:06:17Z,1390412026-08-01,13904,2026-08-01,CANCELED,,
2026-08-01T05:06:17Z,3890412026-08-01,38904,2026-08-01,CANCELED,,
2026-08-01T05:06:17Z,3890412026-08-01,38904,2026-08-01,CANCELED,,
2026-08-01T05:06:17Z,1391012026-08-01,13910,2026-08-01,CANCELED,,
2026-08-01T05:06:17Z,1390512026-08-01,13905,2026-08-01,CANCELED,,
2026-08-01T05:06:17Z,1390512026-08-01,13905,2026-08-01,CANCELED,,
2026-08-01T05:06:17Z,0146032026-08-01,01460,2026-08-01,CANCELED,,
2026-08-01T05:06:17Z,0146012026-08-01,01460,2026-08-01,CANCELED,,
2026-08-01T05:06:17Z,0146022026-08-01,01460,2026-08-01,CANCELED,,
2026-08-01T05:06:17Z,3746012026-07-31,37460,2026-07-31,CANCELED,,
2026-08-01T05:06:17Z,0043822026-08-01,00438,2026-08-01,CANCELED,,
2026-08-01T05:06:17Z,0043832026-08-01,00438,2026-08-01,CANCELED,,
2026-08-01T05:06:17Z,0043812026-08-01,00438,2026-08-01,CANCELED,,
2026-08-01T05:06:17Z,3743812026-07-31,37438,2026-07-31,CANCELED,,
2026-08-01T05:06:17Z,0019222026-08-01,00192,2026-08-01,CANCELED,,
2026-08-01T05:06:17Z,0019212026-08-01,00192,2026-08-01,CANCELED,,
2026-08-01T05:06:17Z,3739212026-07-31,37392,2026-07-31,CANCELED,,
2026-08-01T05:06:17Z,3749222026-07-31,37492,2026-07-31,CANCELED,,
2026-08-01T05:06:17Z,3749212026-07-31,37492,2026-07-31,CANCELED,,
2026-08-01T05:06:17Z,1261112026-07-31,12611,2026-07-31,CANCELED,,
2026-08-01T05:06:17Z,1261112026-07-31,12611,2026-07-31,CANCELED,,
2026-08-01T05:06:17Z,1268912026-07-31,12689,2026-07-31,CANCELED,,
2026-08-01T05:06:17Z,1300212026-07-31,13002,2026-07-31,CANCELED,,
2026-08-01T05:11:21Z,1261312026-07-31,12613,2026-07-31,SCHEDULED,0,0.0
2026-08-01T05:11:21Z,0506422026-07-31,05064,2026-07-31,SCHEDULED,60,1.0
2026-08-01T05:11:21Z,0506412026-07-31,05064,2026-07-31,SCHEDULED,60,1.0
2026-08-01T05:11:21Z,1268912026-07-31,12689,2026-07-31,SCHEDULED,0,0.0
2026-08-01T05:11:21Z,1300322026-07-31,13003,2026-07-31,SCHEDULED,60,1.0
2026-08-01T05:11:21Z,1304112026-07-31,13041,2026-07-31,SCHEDULED,0,0.0
2026-08-01T05:11:21Z,0508012026-07-31,05080,2026-07-31,SCHEDULED,180,3.0
2026-08-01T05:11:21Z,0508032026-07-31,05080,2026-07-31,SCHEDULED,180,3.0
2026-08-01T05:11:21Z,0508022026-07-31,05080,2026-07-31,SCHEDULED,180,3.0
2026-08-01T05:11:21Z,1395112026-07-31,13951,2026-07-31,SCHEDULED,180,3.0
2026-08-01T05:11:21Z,0566812026-07-31,05668,2026-07-31,SCHEDULED,0,0.0
2026-08-01T05:11:21Z,0587112026-07-31,05871,2026-07-31,SCHEDULED,300,5.0
2026-08-01T05:11:21Z,0847512026-07-31,08475,2026-07-31,SCHEDULED,240,4.0
2026-08-01T05:11:21Z,1412322026-07-31,14123,2026-07-31,SCHEDULED,-120,-2.0
2026-08-01T05:11:21Z,1412342026-07-31,14123,2026-07-31,SCHEDULED,-120,-2.0
2026-08-01T05:11:21Z,1412332026-07-31,14123,2026-07-31,SCHEDULED,-120,-2.0
2026-08-01T05:11:21Z,0907212026-07-31,09072,2026-07-31,SCHEDULED,-60,-1.0
2026-08-01T05:11:21Z,1500012026-07-31,15000,2026-07-31,SCHEDULED,1260,21.0
2026-08-01T05:11:21Z,0907312026-07-31,09073,2026-07-31,SCHEDULED,60,1.0
2026-08-01T05:11:21Z,1504012026-07-31,15040,2026-07-31,SCHEDULED,720,12.0
2026-08-01T05:11:21Z,0207412026-08-01,02074,2026-08-01,SCHEDULED,120,2.0
2026-08-01T05:11:21Z,1521012026-07-31,15210,2026-07-31,SCHEDULED,0,0.0
2026-08-01T05:11:21Z,0109212026-07-31,01092,2026-07-31,SCHEDULED,-60,-1.0
2026-08-01T05:11:21Z,1564812026-07-31,15648,2026-07-31,SCHEDULED,60,1.0
2026-08-01T05:11:21Z,0429522026-07-31,04295,2026-07-31,SCHEDULED,60,1.0
2026-08-01T05:11:21Z,0429512026-07-31,04295,2026-07-31,SCHEDULED,60,1.0
2026-08-01T05:11:21Z,1577212026-07-31,15772,2026-07-31,SCHEDULED,60,1.0
2026-08-01T05:11:21Z,1585012026-07-31,15850,2026-07-31,SCHEDULED,-60,-1.0
2026-08-01T05:11:21Z,0576312026-07-31,05763,2026-07-31,SCHEDULED,-60,-1.0
2026-08-01T05:11:21Z,1601812026-07-31,16018,2026-07-31,SCHEDULED,420,7.0
2026-08-01T05:11:21Z,1722712026-07-31,17227,2026-07-31,SCHEDULED,240,4.0
2026-08-01T05:11:21Z,0418612026-08-01,04186,2026-08-01,SCHEDULED,300,5.0
2026-08-01T05:11:21Z,0418632026-08-01,04186,2026-08-01,SCHEDULED,300,5.0
2026-08-01T05:11:21Z,0418622026-08-01,04186,2026-08-01,SCHEDULED,300,5.0
2026-08-01T05:11:21Z,1833122026-07-31,18331,2026-07-31,SCHEDULED,60,1.0
2026-08-01T05:11:21Z,0408712026-08-01,04087,2026-08-01,SCHEDULED,540,9.0
2026-08-01T05:11:21Z,1891012026-07-31,18910,2026-07-31,SCHEDULED,420,7.0
2026-08-01T05:11:21Z,1248012026-07-31,12480,2026-07-31,SCHEDULED,-60,-1.0
2026-08-01T05:11:21Z,1503022026-07-31,15030,2026-07-31,SCHEDULED,780,13.0
2026-08-01T05:11:21Z,1503112026-07-31,15031,2026-07-31,SCHEDULED,0,0.0
2026-08-01T05:11:21Z,0411422026-08-01,04114,2026-08-01,SCHEDULED,60,1.0
2026-08-01T05:11:21Z,0411412026-08-01,04114,2026-08-01,SCHEDULED,60,1.0
2026-08-01T05:11:21Z,1600012026-07-31,16000,2026-07-31,SCHEDULED,60,1.0
2026-08-01T05:11:21Z,3460912026-07-31,34609,2026-07-31,SCHEDULED,240,4.0
2026-08-01T05:11:21Z,0107212026-07-31,01072,2026-07-31,SCHEDULED,180,3.0
2026-08-01T05:11:21Z,0206112026-07-31,02061,2026-07-31,SCHEDULED,180,3.0
2026-08-01T05:11:21Z,1702112026-07-31,17021,2026-07-31,SCHEDULED,240,4.0
2026-08-01T05:11:21Z,1702122026-07-31,17021,2026-07-31,SCHEDULED,240,4.0
2026-08-01T05:11:21Z,1702132026-07-31,17021,2026-07-31,SCHEDULED,240,4.0
2026-08-01T05:11:21Z,0207012026-07-31,02070,2026-07-31,SCHEDULED,-60,-1.0
2026-08-01T05:11:21Z,7180012026-07-31,71800,2026-07-31,SCHEDULED,0,0.0
2026-08-01T05:11:21Z,0207512026-08-01,02075,2026-08-01,SCHEDULED,540,9.0
2026-08-01T05:11:21Z,1770312026-07-31,17703,2026-07-31,SCHEDULED,180,3.0
2026-08-01T05:11:21Z,0207712026-07-31,02077,2026-07-31,SCHEDULED,-60,-1.0
2026-08-01T05:11:21Z,1805412026-07-31,18054,2026-07-31,SCHEDULED,180,3.0
2026-08-01T05:11:21Z,0306212026-07-31,03062,2026-07-31,SCHEDULED,60,1.0
2026-08-01T05:11:21Z,1807112026-07-31,18071,2026-07-31,SCHEDULED,-60,-1.0
2026-08-01T05:11:21Z,0306212026-07-31,03062,2026-07-31,SCHEDULED,420,7.0
2026-08-01T05:11:21Z,1800222026-07-31,18002,2026-07-31,SCHEDULED,0,0.0
2026-08-01T05:11:21Z,0331112026-07-31,03311,2026-07-31,SCHEDULED,60,1.0
2026-08-01T05:11:21Z,1806612026-07-31,18066,2026-07-31,SCHEDULED,0,0.0
2026-08-01T05:11:21Z,1812012026-07-31,18120,2026-07-31,SCHEDULED,0,0.0
2026-08-01T05:11:21Z,0408832026-08-01,04088,2026-08-01,SCHEDULED,60,1.0
2026-08-01T05:11:21Z,0408812026-08-01,04088,2026-08-01,SCHEDULED,60,1.0
2026-08-01T05:11:21Z,1812112026-07-31,18121,2026-07-31,SCHEDULED,300,5.0
2026-08-01T05:11:21Z,0407222026-08-01,04072,2026-08-01,SCHEDULED,180,3.0
2026-08-01T05:11:21Z,0407212026-08-01,04072,2026-08-01,SCHEDULED,180,3.0
2026-08-01T05:11:21Z,0446412026-07-31,04464,2026-07-31,SCHEDULED,-120,-2.0
2026-08-01T05:11:21Z,0415422026-07-31,04154,2026-07-31,SCHEDULED,240,4.0
2026-08-01T05:11:21Z,0415412026-07-31,04154,2026-07-31,SCHEDULED,240,4.0
2026-08-01T05:11:21Z,1307912026-07-31,13079,2026-07-31,CANCELED,,
2026-08-01T05:11:21Z,3890512026-08-01,38905,2026-08-01,CANCELED,,
2026-08-01T05:11:21Z,3890512026-08-01,38905,2026-08-01,CANCELED,,
2026-08-01T05:11:21Z,1303222026-07-31,13032,2026-07-31,CANCELED,,
2026-08-01T05:11:21Z,1303112026-07-31,13031,2026-07-31,CANCELED,,
2026-08-01T05:11:21Z,1308932026-07-31,13089,2026-07-31,CANCELED,,
2026-08-01T05:11:21Z,1320812026-07-31,13208,2026-07-31,CANCELED,,
2026-08-01T05:11:21Z,1321922026-07-31,13219,2026-07-31,CANCELED,,
2026-08-01T05:11:21Z,1390212026-08-01,13902,2026-08-01,CANCELED,,
2026-08-01T05:11:21Z,3890212026-08-01,38902,2026-08-01,CANCELED,,
2026-08-01T05:11:21Z,1390412026-08-01,13904,2026-08-01,CANCELED,,
2026-08-01T05:11:21Z,1390412026-08-01,13904,2026-08-01,CANCELED,,
2026-08-01T05:11:21Z,3890412026-08-01,38904,2026-08-01,CANCELED,,
2026-08-01T05:11:21Z,1810522026-07-31,18105,2026-07-31,CANCELED,,
2026-08-01T05:11:21Z,3890412026-08-01,38904,2026-08-01,CANCELED,,
2026-08-01T05:11:21Z,3810512026-07-31,38105,2026-07-31,CANCELED,,
2026-08-01T05:11:21Z,1391012026-08-01,13910,2026-08-01,CANCELED,,
2026-08-01T05:11:21Z,1821712026-07-31,18217,2026-07-31,CANCELED,,
2026-08-01T05:11:21Z,1390512026-08-01,13905,2026-08-01,CANCELED,,
2026-08-01T05:11:21Z,1821812026-07-31,18218,2026-07-31,CANCELED,,
2026-08-01T05:11:21Z,1390512026-08-01,13905,2026-08-01,CANCELED,,
2026-08-01T05:11:21Z,1833012026-07-31,18330,2026-07-31,CANCELED,,
2026-08-01T05:11:21Z,1504212026-07-31,15042,2026-07-31,CANCELED,,
2026-08-01T05:11:21Z,0146012026-08-01,01460,2026-08-01,CANCELED,,
2026-08-01T05:11:21Z,0146022026-08-01,01460,2026-08-01,CANCELED,,
2026-08-01T05:11:21Z,0146032026-08-01,01460,2026-08-01,CANCELED,,
2026-08-01T05:11:21Z,1504312026-07-31,15043,2026-07-31,CANCELED,,
2026-08-01T05:11:21Z,3746012026-07-31,37460,2026-07-31,CANCELED,,
2026-08-01T05:11:21Z,1260812026-07-31,12608,2026-07-31,CANCELED,,
2026-08-01T05:11:21Z,1262312026-07-31,12623,2026-07-31,CANCELED,,
2026-08-01T05:11:21Z,0043812026-08-01,00438,2026-08-01,CANCELED,,
2026-08-01T05:11:21Z,0043822026-08-01,00438,2026-08-01,CANCELED,,
2026-08-01T05:11:21Z,0043832026-08-01,00438,2026-08-01,CANCELED,,
2026-08-01T05:11:21Z,3743812026-07-31,37438,2026-07-31,CANCELED,,
2026-08-01T05:11:21Z,1877712026-07-31,18777,2026-07-31,CANCELED,,
2026-08-01T05:11:21Z,0019222026-08-01,00192,2026-08-01,CANCELED,,
2026-08-01T05:11:21Z,0019212026-08-01,00192,2026-08-01,CANCELED,,
2026-08-01T05:11:21Z,1303512026-07-31,13035,2026-07-31,CANCELED,,
2026-08-01T05:11:21Z,1803512026-07-31,18035,2026-07-31,CANCELED,,
2026-08-01T05:11:21Z,3739212026-07-31,37392,2026-07-31,CANCELED,,
2026-08-01T05:11:21Z,1325822026-07-31,13258,2026-07-31,CANCELED,,
2026-08-01T05:11:21Z,3749222026-07-31,37492,2026-07-31,CANCELED,,
2026-08-01T05:11:21Z,3749212026-07-31,37492,2026-07-31,CANCELED,,
2026-08-01T05:11:21Z,1833122026-07-31,18331,2026-07-31,CANCELED,,
2026-08-01T05:11:21Z,1261112026-07-31,12611,2026-07-31,CANCELED,,
2026-08-01T05:11:21Z,7185512026-07-31,71855,2026-07-31,CANCELED,,
2026-08-01T05:11:21Z,1261112026-07-31,12611,2026-07-31,CANCELED,,
2026-08-01T05:11:21Z,1268912026-07-31,12689,2026-07-31,CANCELED,,
2026-08-01T05:11:21Z,1300212026-07-31,13002,2026-07-31,CANCELED,,
2026-08-01T05:16:24Z,1500012026-07-31,15000,2026-07-31,SCHEDULED,1320,22.0
2026-08-01T05:16:24Z,0506422026-07-31,05064,2026-07-31,SCHEDULED,60,1.0
2026-08-01T05:16:24Z,0506412026-07-31,05064,2026-07-31,SCHEDULED,60,1.0
2026-08-01T05:16:24Z,1504012026-07-31,15040,2026-07-31,SCHEDULED,600,10.0
2026-08-01T05:16:24Z,1521012026-07-31,15210,2026-07-31,SCHEDULED,0,0.0
2026-08-01T05:16:24Z,1564812026-07-31,15648,2026-07-31,SCHEDULED,0,0.0
2026-08-01T05:16:24Z,1577212026-07-31,15772,2026-07-31,SCHEDULED,0,0.0
2026-08-01T05:16:24Z,0508012026-07-31,05080,2026-07-31,SCHEDULED,180,3.0
2026-08-01T05:16:24Z,0508032026-07-31,05080,2026-07-31,SCHEDULED,180,3.0
2026-08-01T05:16:24Z,0508022026-07-31,05080,2026-07-31,SCHEDULED,180,3.0
2026-08-01T05:16:24Z,1585012026-07-31,15850,2026-07-31,SCHEDULED,0,0.0
2026-08-01T05:16:24Z,0566812026-07-31,05668,2026-07-31,SCHEDULED,0,0.0
2026-08-01T05:16:24Z,1601812026-07-31,16018,2026-07-31,SCHEDULED,540,9.0
2026-08-01T05:16:24Z,0587112026-07-31,05871,2026-07-31,SCHEDULED,300,5.0
2026-08-01T05:16:24Z,1722712026-07-31,17227,2026-07-31,SCHEDULED,240,4.0
2026-08-01T05:16:24Z,0847512026-07-31,08475,2026-07-31,SCHEDULED,180,3.0
2026-08-01T05:16:24Z,1261312026-07-31,12613,2026-07-31,SCHEDULED,-60,-1.0
2026-08-01T05:16:24Z,3586912026-07-31,35869,2026-07-31,SCHEDULED,0,0.0
2026-08-01T05:16:24Z,1268912026-07-31,12689,2026-07-31,SCHEDULED,0,0.0
2026-08-01T05:16:24Z,0907212026-07-31,09072,2026-07-31,SCHEDULED,-120,-2.0
2026-08-01T05:16:24Z,1300322026-07-31,13003,2026-07-31,SCHEDULED,60,1.0
2026-08-01T05:16:24Z,0907312026-07-31,09073,2026-07-31,SCHEDULED,0,0.0
2026-08-01T05:16:24Z,0207412026-08-01,02074,2026-08-01,SCHEDULED,120,2.0
2026-08-01T05:16:24Z,1304112026-07-31,13041,2026-07-31,SCHEDULED,0,0.0
2026-08-01T05:16:24Z,0109212026-07-31,01092,2026-07-31,SCHEDULED,-60,-1.0
2026-08-01T05:16:24Z,1395112026-07-31,13951,2026-07-31,SCHEDULED,180,3.0
2026-08-01T05:16:24Z,1390012026-08-01,13900,2026-08-01,SCHEDULED,120,2.0
2026-08-01T05:16:24Z,0429522026-07-31,04295,2026-07-31,SCHEDULED,60,1.0
2026-08-01T05:16:24Z,0429512026-07-31,04295,2026-07-31,SCHEDULED,60,1.0
2026-08-01T05:16:24Z,0576312026-07-31,05763,2026-07-31,SCHEDULED,0,0.0
2026-08-01T05:16:24Z,1412322026-07-31,14123,2026-07-31,SCHEDULED,-120,-2.0
2026-08-01T05:16:24Z,1412342026-07-31,14123,2026-07-31,SCHEDULED,-120,-2.0
2026-08-01T05:16:24Z,1412332026-07-31,14123,2026-07-31,SCHEDULED,-120,-2.0
2026-08-01T05:16:24Z,0418612026-08-01,04186,2026-08-01,SCHEDULED,300,5.0
2026-08-01T05:16:24Z,0418632026-08-01,04186,2026-08-01,SCHEDULED,300,5.0
2026-08-01T05:16:24Z,0418622026-08-01,04186,2026-08-01,SCHEDULED,300,5.0
2026-08-01T05:16:24Z,1833122026-07-31,18331,2026-07-31,SCHEDULED,240,4.0
2026-08-01T05:16:24Z,0408712026-08-01,04087,2026-08-01,SCHEDULED,420,7.0
2026-08-01T05:16:24Z,1891012026-07-31,18910,2026-07-31,SCHEDULED,540,9.0
2026-08-01T05:16:24Z,1248012026-07-31,12480,2026-07-31,SCHEDULED,60,1.0
2026-08-01T05:16:24Z,1503022026-07-31,15030,2026-07-31,SCHEDULED,780,13.0
2026-08-01T05:16:24Z,1503112026-07-31,15031,2026-07-31,SCHEDULED,0,0.0
2026-08-01T05:16:24Z,1600012026-07-31,16000,2026-07-31,SCHEDULED,60,1.0
2026-08-01T05:16:24Z,0411422026-08-01,04114,2026-08-01,SCHEDULED,-60,-1.0
2026-08-01T05:16:24Z,0411412026-08-01,04114,2026-08-01,SCHEDULED,-60,-1.0
2026-08-01T05:16:24Z,3460912026-07-31,34609,2026-07-31,SCHEDULED,240,4.0
2026-08-01T05:16:24Z,1702112026-07-31,17021,2026-07-31,SCHEDULED,360,6.0
2026-08-01T05:16:24Z,1702122026-07-31,17021,2026-07-31,SCHEDULED,360,6.0
2026-08-01T05:16:24Z,1702132026-07-31,17021,2026-07-31,SCHEDULED,360,6.0
2026-08-01T05:16:24Z,0107212026-07-31,01072,2026-07-31,SCHEDULED,240,4.0
2026-08-01T05:16:24Z,7180012026-07-31,71800,2026-07-31,SCHEDULED,0,0.0
2026-08-01T05:16:24Z,0206112026-07-31,02061,2026-07-31,SCHEDULED,300,5.0
2026-08-01T05:16:24Z,1770312026-07-31,17703,2026-07-31,SCHEDULED,180,3.0
2026-08-01T05:16:24Z,0207012026-07-31,02070,2026-07-31,SCHEDULED,60,1.0
2026-08-01T05:16:24Z,1805412026-07-31,18054,2026-07-31,SCHEDULED,180,3.0
2026-08-01T05:16:24Z,1807112026-07-31,18071,2026-07-31,SCHEDULED,60,1.0
2026-08-01T05:16:24Z,0207512026-08-01,02075,2026-08-01,SCHEDULED,720,12.0
2026-08-01T05:16:24Z,0207712026-07-31,02077,2026-07-31,SCHEDULED,0,0.0
2026-08-01T05:16:24Z,1800222026-07-31,18002,2026-07-31,SCHEDULED,0,0.0
2026-08-01T05:16:24Z,1806612026-07-31,18066,2026-07-31,SCHEDULED,-60,-1.0
2026-08-01T05:16:24Z,0306212026-07-31,03062,2026-07-31,SCHEDULED,60,1.0
2026-08-01T05:16:24Z,1812012026-07-31,18120,2026-07-31,SCHEDULED,60,1.0
2026-08-01T05:16:24Z,0306212026-07-31,03062,2026-07-31,SCHEDULED,420,7.0
2026-08-01T05:16:24Z,1812112026-07-31,18121,2026-07-31,SCHEDULED,240,4.0
2026-08-01T05:16:24Z,0331112026-07-31,03311,2026-07-31,SCHEDULED,0,0.0
2026-08-01T05:16:24Z,0408832026-08-01,04088,2026-08-01,SCHEDULED,60,1.0
2026-08-01T05:16:24Z,0408812026-08-01,04088,2026-08-01,SCHEDULED,60,1.0
2026-08-01T05:16:24Z,0407222026-08-01,04072,2026-08-01,SCHEDULED,60,1.0
2026-08-01T05:16:24Z,0407212026-08-01,04072,2026-08-01,SCHEDULED,60,1.0
2026-08-01T05:16:24Z,0446412026-07-31,04464,2026-07-31,SCHEDULED,-120,-2.0
2026-08-01T05:16:24Z,0415422026-07-31,04154,2026-07-31,SCHEDULED,240,4.0
2026-08-01T05:16:24Z,0415412026-07-31,04154,2026-07-31,SCHEDULED,240,4.0
2026-08-01T05:16:24Z,3890512026-08-01,38905,2026-08-01,CANCELED,,
2026-08-01T05:16:24Z,1307912026-07-31,13079,2026-07-31,CANCELED,,
2026-08-01T05:16:24Z,1303222026-07-31,13032,2026-07-31,CANCELED,,
2026-08-01T05:16:24Z,1308932026-07-31,13089,2026-07-31,CANCELED,,
2026-08-01T05:16:24Z,1303112026-07-31,13031,2026-07-31,CANCELED,,
2026-08-01T05:16:24Z,1320812026-07-31,13208,2026-07-31,CANCELED,,
2026-08-01T05:16:24Z,1321922026-07-31,13219,2026-07-31,CANCELED,,
2026-08-01T05:16:24Z,1390212026-08-01,13902,2026-08-01,CANCELED,,
2026-08-01T05:16:24Z,3890212026-08-01,38902,2026-08-01,CANCELED,,
2026-08-01T05:16:24Z,1810012026-07-31,18100,2026-07-31,CANCELED,,
2026-08-01T05:16:24Z,1390412026-08-01,13904,2026-08-01,CANCELED,,
2026-08-01T05:16:24Z,3850012026-07-31,38500,2026-07-31,CANCELED,,
2026-08-01T05:16:24Z,1390412026-08-01,13904,2026-08-01,CANCELED,,
2026-08-01T05:16:24Z,3890412026-08-01,38904,2026-08-01,CANCELED,,
2026-08-01T05:16:24Z,3890412026-08-01,38904,2026-08-01,CANCELED,,
2026-08-01T05:16:24Z,1391012026-08-01,13910,2026-08-01,CANCELED,,
2026-08-01T05:16:24Z,1390512026-08-01,13905,2026-08-01,CANCELED,,
2026-08-01T05:16:24Z,1390512026-08-01,13905,2026-08-01,CANCELED,,
2026-08-01T05:16:24Z,1810522026-07-31,18105,2026-07-31,CANCELED,,
2026-08-01T05:16:24Z,3810512026-07-31,38105,2026-07-31,CANCELED,,
2026-08-01T05:16:24Z,3890512026-08-01,38905,2026-08-01,CANCELED,,
2026-08-01T05:16:24Z,1821712026-07-31,18217,2026-07-31,CANCELED,,
2026-08-01T05:16:24Z,1821812026-07-31,18218,2026-07-31,CANCELED,,
2026-08-01T05:16:24Z,0146012026-08-01,01460,2026-08-01,CANCELED,,
2026-08-01T05:16:24Z,0146022026-08-01,01460,2026-08-01,CANCELED,,
2026-08-01T05:16:24Z,0146032026-08-01,01460,2026-08-01,CANCELED,,
2026-08-01T05:16:24Z,1833012026-07-31,18330,2026-07-31,CANCELED,,
2026-08-01T05:16:24Z,3746012026-07-31,37460,2026-07-31,CANCELED,,
2026-08-01T05:16:24Z,1303512026-07-31,13035,2026-07-31,CANCELED,,
2026-08-01T05:16:24Z,1803512026-07-31,18035,2026-07-31,CANCELED,,
2026-08-01T05:16:24Z,0043812026-08-01,00438,2026-08-01,CANCELED,,
2026-08-01T05:16:24Z,0043822026-08-01,00438,2026-08-01,CANCELED,,
2026-08-01T05:16:24Z,0043832026-08-01,00438,2026-08-01,CANCELED,,
2026-08-01T05:16:24Z,1325822026-07-31,13258,2026-07-31,CANCELED,,
2026-08-01T05:16:24Z,3743812026-07-31,37438,2026-07-31,CANCELED,,
2026-08-01T05:16:24Z,1833122026-07-31,18331,2026-07-31,CANCELED,,
2026-08-01T05:16:24Z,0019222026-08-01,00192,2026-08-01,CANCELED,,
2026-08-01T05:16:24Z,0019212026-08-01,00192,2026-08-01,CANCELED,,
2026-08-01T05:16:24Z,7185512026-07-31,71855,2026-07-31,CANCELED,,
2026-08-01T05:16:24Z,1504212026-07-31,15042,2026-07-31,CANCELED,,
2026-08-01T05:16:24Z,1504312026-07-31,15043,2026-07-31,CANCELED,,
2026-08-01T05:16:24Z,3739212026-07-31,37392,2026-07-31,CANCELED,,
2026-08-01T05:16:24Z,1260812026-07-31,12608,2026-07-31,CANCELED,,
2026-08-01T05:16:24Z,1262312026-07-31,12623,2026-07-31,CANCELED,,
2026-08-01T05:16:24Z,3749222026-07-31,37492,2026-07-31,CANCELED,,
2026-08-01T05:16:24Z,3749212026-07-31,37492,2026-07-31,CANCELED,,
2026-08-01T05:16:24Z,1261112026-07-31,12611,2026-07-31,CANCELED,,
2026-08-01T05:16:24Z,1261112026-07-31,12611,2026-07-31,CANCELED,,
2026-08-01T05:16:24Z,1877712026-07-31,18777,2026-07-31,CANCELED,,
2026-08-01T05:16:24Z,1268912026-07-31,12689,2026-07-31,CANCELED,,
2026-08-01T05:16:24Z,1300212026-07-31,13002,2026-07-31,CANCELED,,
2026-08-01T05:21:31Z,0436412026-07-31,04364,2026-07-31,SCHEDULED,0,0.0
2026-08-01T05:21:31Z,0506422026-07-31,05064,2026-07-31,SCHEDULED,0,0.0
2026-08-01T05:21:31Z,0506412026-07-31,05064,2026-07-31,SCHEDULED,0,0.0
2026-08-01T05:21:31Z,1412322026-07-31,14123,2026-07-31,SCHEDULED,0,0.0
2026-08-01T05:21:31Z,1412342026-07-31,14123,2026-07-31,SCHEDULED,0,0.0
2026-08-01T05:21:31Z,1412332026-07-31,14123,2026-07-31,SCHEDULED,0,0.0
2026-08-01T05:21:31Z,1500012026-07-31,15000,2026-07-31,SCHEDULED,1320,22.0
2026-08-01T05:21:31Z,1504012026-07-31,15040,2026-07-31,SCHEDULED,540,9.0
2026-08-01T05:21:31Z,0508012026-07-31,05080,2026-07-31,SCHEDULED,180,3.0
2026-08-01T05:21:31Z,0508032026-07-31,05080,2026-07-31,SCHEDULED,180,3.0
2026-08-01T05:21:31Z,0508022026-07-31,05080,2026-07-31,SCHEDULED,180,3.0
2026-08-01T05:21:31Z,1521012026-07-31,15210,2026-07-31,SCHEDULED,0,0.0
2026-08-01T05:21:31Z,0566812026-07-31,05668,2026-07-31,SCHEDULED,-60,-1.0
2026-08-01T05:21:31Z,1564812026-07-31,15648,2026-07-31,SCHEDULED,0,0.0
2026-08-01T05:21:31Z,0587112026-07-31,05871,2026-07-31,SCHEDULED,300,5.0
2026-08-01T05:21:31Z,1577212026-07-31,15772,2026-07-31,SCHEDULED,-60,-1.0
2026-08-01T05:21:31Z,0847512026-07-31,08475,2026-07-31,SCHEDULED,180,3.0
2026-08-01T05:21:31Z,1585012026-07-31,15850,2026-07-31,SCHEDULED,0,0.0
2026-08-01T05:21:31Z,3586912026-07-31,35869,2026-07-31,SCHEDULED,60,1.0
2026-08-01T05:21:31Z,1601812026-07-31,16018,2026-07-31,SCHEDULED,600,10.0
2026-08-01T05:21:31Z,1261312026-07-31,12613,2026-07-31,SCHEDULED,0,0.0
2026-08-01T05:21:31Z,0907212026-07-31,09072,2026-07-31,SCHEDULED,-120,-2.0
2026-08-01T05:21:31Z,1264412026-07-31,12644,2026-07-31,SCHEDULED,120,2.0
2026-08-01T05:21:31Z,0907312026-07-31,09073,2026-07-31,SCHEDULED,-120,-2.0
2026-08-01T05:21:31Z,1268912026-07-31,12689,2026-07-31,SCHEDULED,0,0.0
2026-08-01T05:21:31Z,0207412026-08-01,02074,2026-08-01,SCHEDULED,240,4.0
2026-08-01T05:21:31Z,0109212026-07-31,01092,2026-07-31,SCHEDULED,0,0.0
2026-08-01T05:21:31Z,1300322026-07-31,13003,2026-07-31,SCHEDULED,240,4.0
2026-08-01T05:21:31Z,1304112026-07-31,13041,2026-07-31,SCHEDULED,0,0.0
2026-08-01T05:21:31Z,0429522026-07-31,04295,2026-07-31,SCHEDULED,60,1.0
2026-08-01T05:21:31Z,0429512026-07-31,04295,2026-07-31,SCHEDULED,60,1.0
2026-08-01T05:21:31Z,1395112026-07-31,13951,2026-07-31,SCHEDULED,120,2.0
2026-08-01T05:21:31Z,0576312026-07-31,05763,2026-07-31,SCHEDULED,0,0.0
2026-08-01T05:21:31Z,1320312026-07-31,13203,2026-07-31,SCHEDULED,60,1.0
2026-08-01T05:21:31Z,1390012026-08-01,13900,2026-08-01,SCHEDULED,120,2.0
2026-08-01T05:21:31Z,1833122026-07-31,18331,2026-07-31,SCHEDULED,240,4.0
2026-08-01T05:21:31Z,0418612026-08-01,04186,2026-08-01,SCHEDULED,240,4.0
2026-08-01T05:21:31Z,0418632026-08-01,04186,2026-08-01,SCHEDULED,240,4.0
2026-08-01T05:21:31Z,0418622026-08-01,04186,2026-08-01,SCHEDULED,240,4.0
2026-08-01T05:21:31Z,1891012026-07-31,18910,2026-07-31,SCHEDULED,540,9.0
2026-08-01T05:21:31Z,0408712026-08-01,04087,2026-08-01,SCHEDULED,420,7.0
2026-08-01T05:21:31Z,1503022026-07-31,15030,2026-07-31,SCHEDULED,660,11.0
2026-08-01T05:21:31Z,1248012026-07-31,12480,2026-07-31,SCHEDULED,60,1.0
2026-08-01T05:21:31Z,1503112026-07-31,15031,2026-07-31,SCHEDULED,60,1.0
2026-08-01T05:21:31Z,1600012026-07-31,16000,2026-07-31,SCHEDULED,60,1.0
2026-08-01T05:21:31Z,0411422026-08-01,04114,2026-08-01,SCHEDULED,60,1.0
2026-08-01T05:21:31Z,0411412026-08-01,04114,2026-08-01,SCHEDULED,60,1.0
2026-08-01T05:21:31Z,3460912026-07-31,34609,2026-07-31,SCHEDULED,240,4.0
2026-08-01T05:21:31Z,0107212026-07-31,01072,2026-07-31,SCHEDULED,180,3.0
2026-08-01T05:21:31Z,1702112026-07-31,17021,2026-07-31,SCHEDULED,360,6.0
2026-08-01T05:21:31Z,1702122026-07-31,17021,2026-07-31,SCHEDULED,360,6.0
2026-08-01T05:21:31Z,1702132026-07-31,17021,2026-07-31,SCHEDULED,360,6.0
2026-08-01T05:21:31Z,0206112026-07-31,02061,2026-07-31,SCHEDULED,360,6.0
2026-08-01T05:21:31Z,7180012026-07-31,71800,2026-07-31,SCHEDULED,0,0.0
2026-08-01T05:21:31Z,0207012026-07-31,02070,2026-07-31,SCHEDULED,60,1.0
2026-08-01T05:21:31Z,1722712026-07-31,17227,2026-07-31,SCHEDULED,360,6.0
2026-08-01T05:21:31Z,0207112026-07-31,02071,2026-07-31,SCHEDULED,120,2.0
2026-08-01T05:21:31Z,1770312026-07-31,17703,2026-07-31,SCHEDULED,240,4.0
2026-08-01T05:21:31Z,0207512026-08-01,02075,2026-08-01,SCHEDULED,660,11.0
2026-08-01T05:21:31Z,1805412026-07-31,18054,2026-07-31,SCHEDULED,120,2.0
2026-08-01T05:21:31Z,0207712026-07-31,02077,2026-07-31,SCHEDULED,60,1.0
2026-08-01T05:21:31Z,1807112026-07-31,18071,2026-07-31,SCHEDULED,0,0.0
2026-08-01T05:21:31Z,0306212026-07-31,03062,2026-07-31,SCHEDULED,60,1.0
2026-08-01T05:21:31Z,1800222026-07-31,18002,2026-07-31,SCHEDULED,0,0.0
2026-08-01T05:21:31Z,0306212026-07-31,03062,2026-07-31,SCHEDULED,420,7.0
2026-08-01T05:21:31Z,1806612026-07-31,18066,2026-07-31,SCHEDULED,-60,-1.0
2026-08-01T05:21:31Z,0331112026-07-31,03311,2026-07-31,SCHEDULED,0,0.0
2026-08-01T05:21:31Z,1812012026-07-31,18120,2026-07-31,SCHEDULED,120,2.0
2026-08-01T05:21:31Z,0408832026-08-01,04088,2026-08-01,SCHEDULED,60,1.0
2026-08-01T05:21:31Z,0408812026-08-01,04088,2026-08-01,SCHEDULED,60,1.0
2026-08-01T05:21:31Z,1812112026-07-31,18121,2026-07-31,SCHEDULED,300,5.0
2026-08-01T05:21:31Z,0407222026-08-01,04072,2026-08-01,SCHEDULED,60,1.0
2026-08-01T05:21:31Z,0407212026-08-01,04072,2026-08-01,SCHEDULED,60,1.0
2026-08-01T05:21:31Z,0446412026-07-31,04464,2026-07-31,SCHEDULED,-120,-2.0
2026-08-01T05:21:31Z,0415422026-07-31,04154,2026-07-31,SCHEDULED,240,4.0
2026-08-01T05:21:31Z,0415412026-07-31,04154,2026-07-31,SCHEDULED,240,4.0
2026-08-01T05:21:31Z,3890512026-08-01,38905,2026-08-01,CANCELED,,
2026-08-01T05:21:31Z,1307912026-07-31,13079,2026-07-31,CANCELED,,
2026-08-01T05:21:31Z,1303222026-07-31,13032,2026-07-31,CANCELED,,
2026-08-01T05:21:31Z,1308932026-07-31,13089,2026-07-31,CANCELED,,
2026-08-01T05:21:31Z,1303112026-07-31,13031,2026-07-31,CANCELED,,
2026-08-01T05:21:31Z,1320812026-07-31,13208,2026-07-31,CANCELED,,
2026-08-01T05:21:31Z,1321922026-07-31,13219,2026-07-31,CANCELED,,
2026-08-01T05:21:31Z,1390212026-08-01,13902,2026-08-01,CANCELED,,
2026-08-01T05:21:31Z,3890212026-08-01,38902,2026-08-01,CANCELED,,
2026-08-01T05:21:31Z,1390412026-08-01,13904,2026-08-01,CANCELED,,
2026-08-01T05:21:31Z,1810012026-07-31,18100,2026-07-31,CANCELED,,
2026-08-01T05:21:31Z,1390412026-08-01,13904,2026-08-01,CANCELED,,
2026-08-01T05:21:31Z,3850012026-07-31,38500,2026-07-31,CANCELED,,
2026-08-01T05:21:31Z,3890412026-08-01,38904,2026-08-01,CANCELED,,
2026-08-01T05:21:31Z,3890412026-08-01,38904,2026-08-01,CANCELED,,
2026-08-01T05:21:31Z,1391012026-08-01,13910,2026-08-01,CANCELED,,
2026-08-01T05:21:31Z,1390512026-08-01,13905,2026-08-01,CANCELED,,
2026-08-01T05:21:31Z,1810522026-07-31,18105,2026-07-31,CANCELED,,
2026-08-01T05:21:31Z,1390512026-08-01,13905,2026-08-01,CANCELED,,
2026-08-01T05:21:31Z,3810512026-07-31,38105,2026-07-31,CANCELED,,
2026-08-01T05:21:31Z,3890512026-08-01,38905,2026-08-01,CANCELED,,
2026-08-01T05:21:31Z,1821712026-07-31,18217,2026-07-31,CANCELED,,
2026-08-01T05:21:31Z,1821812026-07-31,18218,2026-07-31,CANCELED,,
2026-08-01T05:21:31Z,0146012026-08-01,01460,2026-08-01,CANCELED,,
2026-08-01T05:21:31Z,0146022026-08-01,01460,2026-08-01,CANCELED,,
2026-08-01T05:21:31Z,0146032026-08-01,01460,2026-08-01,CANCELED,,
2026-08-01T05:21:31Z,1833012026-07-31,18330,2026-07-31,CANCELED,,
2026-08-01T05:21:31Z,3746012026-07-31,37460,2026-07-31,CANCELED,,
2026-08-01T05:21:31Z,1303512026-07-31,13035,2026-07-31,CANCELED,,
2026-08-01T05:21:31Z,1803512026-07-31,18035,2026-07-31,CANCELED,,
2026-08-01T05:21:31Z,0043812026-08-01,00438,2026-08-01,CANCELED,,
2026-08-01T05:21:31Z,0043822026-08-01,00438,2026-08-01,CANCELED,,
2026-08-01T05:21:31Z,0043832026-08-01,00438,2026-08-01,CANCELED,,
2026-08-01T05:21:31Z,1325822026-07-31,13258,2026-07-31,CANCELED,,
2026-08-01T05:21:31Z,3743812026-07-31,37438,2026-07-31,CANCELED,,
2026-08-01T05:21:31Z,1833122026-07-31,18331,2026-07-31,CANCELED,,
2026-08-01T05:21:31Z,0019222026-08-01,00192,2026-08-01,CANCELED,,
2026-08-01T05:21:31Z,0019212026-08-01,00192,2026-08-01,CANCELED,,
2026-08-01T05:21:31Z,7185512026-07-31,71855,2026-07-31,CANCELED,,
2026-08-01T05:21:31Z,1504212026-07-31,15042,2026-07-31,CANCELED,,
2026-08-01T05:21:31Z,1504312026-07-31,15043,2026-07-31,CANCELED,,
2026-08-01T05:21:31Z,3739212026-07-31,37392,2026-07-31,CANCELED,,
2026-08-01T05:21:31Z,1260812026-07-31,12608,2026-07-31,CANCELED,,
2026-08-01T05:21:31Z,1262312026-07-31,12623,2026-07-31,CANCELED,,
2026-08-01T05:21:31Z,3749222026-07-31,37492,2026-07-31,CANCELED,,
2026-08-01T05:21:31Z,3749212026-07-31,37492,2026-07-31,CANCELED,,
2026-08-01T05:21:31Z,1261112026-07-31,12611,2026-07-31,CANCELED,,
2026-08-01T05:21:31Z,1261112026-07-31,12611,2026-07-31,CANCELED,,
2026-08-01T05:21:31Z,1877712026-07-31,18777,2026-07-31,CANCELED,,
2026-08-01T05:21:31Z,1268912026-07-31,12689,2026-07-31,CANCELED,,
2026-08-01T05:21:31Z,1300212026-07-31,13002,2026-07-31,CANCELED,,
2026-08-01T05:26:21Z,1268912026-07-31,12689,2026-07-31,SCHEDULED,0,0.0
2026-08-01T05:26:21Z,0506422026-07-31,05064,2026-07-31,SCHEDULED,0,0.0
2026-08-01T05:26:21Z,0506412026-07-31,05064,2026-07-31,SCHEDULED,0,0.0
2026-08-01T05:26:21Z,1300322026-07-31,13003,2026-07-31,SCHEDULED,300,5.0
2026-08-01T05:26:21Z,1304112026-07-31,13041,2026-07-31,SCHEDULED,120,2.0
2026-08-01T05:26:21Z,1395112026-07-31,13951,2026-07-31,SCHEDULED,120,2.0
2026-08-01T05:26:21Z,0508012026-07-31,05080,2026-07-31,SCHEDULED,180,3.0
2026-08-01T05:26:21Z,0508032026-07-31,05080,2026-07-31,SCHEDULED,180,3.0
2026-08-01T05:26:21Z,0508022026-07-31,05080,2026-07-31,SCHEDULED,180,3.0
2026-08-01T05:26:21Z,1320312026-07-31,13203,2026-07-31,SCHEDULED,60,1.0
2026-08-01T05:26:21Z,0566812026-07-31,05668,2026-07-31,SCHEDULED,60,1.0
2026-08-01T05:26:21Z,1390012026-08-01,13900,2026-08-01,SCHEDULED,60,1.0
2026-08-01T05:26:21Z,0587112026-07-31,05871,2026-07-31,SCHEDULED,240,4.0
2026-08-01T05:26:21Z,0847512026-07-31,08475,2026-07-31,SCHEDULED,120,2.0
2026-08-01T05:26:21Z,3586912026-07-31,35869,2026-07-31,SCHEDULED,0,0.0
2026-08-01T05:26:21Z,0907212026-07-31,09072,2026-07-31,SCHEDULED,-60,-1.0
2026-08-01T05:26:21Z,1412322026-07-31,14123,2026-07-31,SCHEDULED,0,0.0
2026-08-01T05:26:21Z,1412342026-07-31,14123,2026-07-31,SCHEDULED,0,0.0
2026-08-01T05:26:21Z,1412332026-07-31,14123,2026-07-31,SCHEDULED,0,0.0
2026-08-01T05:26:21Z,0907312026-07-31,09073,2026-07-31,SCHEDULED,-120,-2.0
2026-08-01T05:26:21Z,1500012026-07-31,15000,2026-07-31,SCHEDULED,1320,22.0
2026-08-01T05:26:21Z,0207412026-08-01,02074,2026-08-01,SCHEDULED,180,3.0
2026-08-01T05:26:21Z,1504012026-07-31,15040,2026-07-31,SCHEDULED,540,9.0
2026-08-01T05:26:21Z,0109212026-07-31,01092,2026-07-31,SCHEDULED,60,1.0
2026-08-01T05:26:21Z,1504112026-07-31,15041,2026-07-31,SCHEDULED,420,7.0
2026-08-01T05:26:21Z,1521012026-07-31,15210,2026-07-31,SCHEDULED,0,0.0
2026-08-01T05:26:21Z,0429522026-07-31,04295,2026-07-31,SCHEDULED,60,1.0
2026-08-01T05:26:21Z,0429512026-07-31,04295,2026-07-31,SCHEDULED,60,1.0
2026-08-01T05:26:21Z,1564812026-07-31,15648,2026-07-31,SCHEDULED,0,0.0
2026-08-01T05:26:21Z,0576312026-07-31,05763,2026-07-31,SCHEDULED,-120,-2.0
2026-08-01T05:26:21Z,1577212026-07-31,15772,2026-07-31,SCHEDULED,-300,-5.0
2026-08-01T05:26:21Z,1585012026-07-31,15850,2026-07-31,SCHEDULED,-60,-1.0
2026-08-01T05:26:21Z,1585212026-07-31,15852,2026-07-31,SCHEDULED,240,4.0
2026-08-01T05:26:21Z,1590212026-07-31,15902,2026-07-31,SCHEDULED,2160,36.0
2026-08-01T05:26:21Z,0418612026-08-01,04186,2026-08-01,SCHEDULED,240,4.0
2026-08-01T05:26:21Z,0418632026-08-01,04186,2026-08-01,SCHEDULED,240,4.0
2026-08-01T05:26:21Z,0418622026-08-01,04186,2026-08-01,SCHEDULED,240,4.0
2026-08-01T05:26:21Z,1601812026-07-31,16018,2026-07-31,SCHEDULED,540,9.0
2026-08-01T05:26:21Z,1781212026-07-31,17812,2026-07-31,SCHEDULED,0,0.0
2026-08-01T05:26:21Z,0408712026-08-01,04087,2026-08-01,SCHEDULED,120,2.0
2026-08-01T05:26:21Z,1891012026-07-31,18910,2026-07-31,SCHEDULED,540,9.0
2026-08-01T05:26:21Z,1248012026-07-31,12480,2026-07-31,SCHEDULED,0,0.0
2026-08-01T05:26:21Z,1503022026-07-31,15030,2026-07-31,SCHEDULED,660,11.0
2026-08-01T05:26:21Z,1261312026-07-31,12613,2026-07-31,SCHEDULED,-180,-3.0
2026-08-01T05:26:21Z,1503112026-07-31,15031,2026-07-31,SCHEDULED,60,1.0
2026-08-01T05:26:21Z,1264412026-07-31,12644,2026-07-31,SCHEDULED,120,2.0
2026-08-01T05:26:21Z,1600012026-07-31,16000,2026-07-31,SCHEDULED,120,2.0
2026-08-01T05:26:21Z,0411422026-08-01,04114,2026-08-01,SCHEDULED,60,1.0
2026-08-01T05:26:21Z,0411412026-08-01,04114,2026-08-01,SCHEDULED,60,1.0
2026-08-01T05:26:21Z,1702112026-07-31,17021,2026-07-31,SCHEDULED,300,5.0
2026-08-01T05:26:21Z,1702122026-07-31,17021,2026-07-31,SCHEDULED,300,5.0
2026-08-01T05:26:21Z,1702132026-07-31,17021,2026-07-31,SCHEDULED,300,5.0
2026-08-01T05:26:21Z,7180012026-07-31,71800,2026-07-31,SCHEDULED,0,0.0
2026-08-01T05:26:21Z,0063142026-08-01,00631,2026-08-01,SCHEDULED,0,0.0
2026-08-01T05:26:21Z,0063132026-08-01,00631,2026-08-01,SCHEDULED,0,0.0
2026-08-01T05:26:21Z,0063112026-08-01,00631,2026-08-01,SCHEDULED,0,0.0
2026-08-01T05:26:21Z,0063122026-08-01,00631,2026-08-01,SCHEDULED,0,0.0
2026-08-01T05:26:21Z,7183012026-07-31,71830,2026-07-31,SCHEDULED,120,2.0
2026-08-01T05:26:21Z,3460912026-07-31,34609,2026-07-31,SCHEDULED,180,3.0
2026-08-01T05:26:21Z,1722712026-07-31,17227,2026-07-31,SCHEDULED,360,6.0
2026-08-01T05:26:21Z,0107212026-07-31,01072,2026-07-31,SCHEDULED,60,1.0
2026-08-01T05:26:21Z,1770312026-07-31,17703,2026-07-31,SCHEDULED,360,6.0
2026-08-01T05:26:21Z,0206112026-07-31,02061,2026-07-31,SCHEDULED,300,5.0
2026-08-01T05:26:21Z,1805412026-07-31,18054,2026-07-31,SCHEDULED,180,3.0
2026-08-01T05:26:21Z,0207012026-07-31,02070,2026-07-31,SCHEDULED,0,0.0
2026-08-01T05:26:21Z,1807112026-07-31,18071,2026-07-31,SCHEDULED,0,0.0
2026-08-01T05:26:21Z,0207112026-07-31,02071,2026-07-31,SCHEDULED,120,2.0
2026-08-01T05:26:21Z,0207512026-08-01,02075,2026-08-01,SCHEDULED,780,13.0
2026-08-01T05:26:21Z,1800222026-07-31,18002,2026-07-31,SCHEDULED,0,0.0
2026-08-01T05:26:21Z,0207712026-07-31,02077,2026-07-31,SCHEDULED,-60,-1.0
2026-08-01T05:26:21Z,1806612026-07-31,18066,2026-07-31,SCHEDULED,-60,-1.0
2026-08-01T05:26:21Z,1812012026-07-31,18120,2026-07-31,SCHEDULED,180,3.0
2026-08-01T05:26:21Z,0306212026-07-31,03062,2026-07-31,SCHEDULED,120,2.0
2026-08-01T05:26:21Z,1812112026-07-31,18121,2026-07-31,SCHEDULED,300,5.0
2026-08-01T05:26:21Z,0306212026-07-31,03062,2026-07-31,SCHEDULED,360,6.0
2026-08-01T05:26:21Z,1833122026-07-31,18331,2026-07-31,SCHEDULED,300,5.0
2026-08-01T05:26:21Z,0331112026-07-31,03311,2026-07-31,SCHEDULED,0,0.0
2026-08-01T05:26:21Z,0408832026-08-01,04088,2026-08-01,SCHEDULED,-60,-1.0
2026-08-01T05:26:21Z,0408812026-08-01,04088,2026-08-01,SCHEDULED,-60,-1.0
2026-08-01T05:26:21Z,0407222026-08-01,04072,2026-08-01,SCHEDULED,360,6.0
2026-08-01T05:26:21Z,0407212026-08-01,04072,2026-08-01,SCHEDULED,360,6.0
2026-08-01T05:26:21Z,0446412026-07-31,04464,2026-07-31,SCHEDULED,-300,-5.0
2026-08-01T05:26:21Z,0415422026-07-31,04154,2026-07-31,SCHEDULED,180,3.0
2026-08-01T05:26:21Z,0415412026-07-31,04154,2026-07-31,SCHEDULED,180,3.0
2026-08-01T05:26:21Z,0436412026-07-31,04364,2026-07-31,SCHEDULED,0,0.0
2026-08-01T05:26:21Z,3890512026-08-01,38905,2026-08-01,CANCELED,,
2026-08-01T05:26:21Z,1308932026-07-31,13089,2026-07-31,CANCELED,,
2026-08-01T05:26:21Z,1810012026-07-31,18100,2026-07-31,CANCELED,,
2026-08-01T05:26:21Z,3850012026-07-31,38500,2026-07-31,CANCELED,,
2026-08-01T05:26:21Z,1810522026-07-31,18105,2026-07-31,CANCELED,,
2026-08-01T05:26:21Z,3810512026-07-31,38105,2026-07-31,CANCELED,,
2026-08-01T05:26:21Z,1821712026-07-31,18217,2026-07-31,CANCELED,,
2026-08-01T05:26:21Z,1821812026-07-31,18218,2026-07-31,CANCELED,,
2026-08-01T05:26:21Z,1833012026-07-31,18330,2026-07-31,CANCELED,,
2026-08-01T05:26:21Z,1303512026-07-31,13035,2026-07-31,CANCELED,,
2026-08-01T05:26:21Z,1803512026-07-31,18035,2026-07-31,CANCELED,,
2026-08-01T05:26:21Z,1325822026-07-31,13258,2026-07-31,CANCELED,,
2026-08-01T05:26:21Z,1833122026-07-31,18331,2026-07-31,CANCELED,,
2026-08-01T05:26:21Z,7185512026-07-31,71855,2026-07-31,CANCELED,,
2026-08-01T05:26:21Z,1307912026-07-31,13079,2026-07-31,CANCELED,,
2026-08-01T05:26:21Z,1303222026-07-31,13032,2026-07-31,CANCELED,,
2026-08-01T05:26:21Z,1504212026-07-31,15042,2026-07-31,CANCELED,,
2026-08-01T05:26:21Z,1303112026-07-31,13031,2026-07-31,CANCELED,,
2026-08-01T05:26:21Z,1320812026-07-31,13208,2026-07-31,CANCELED,,
2026-08-01T05:26:21Z,1504312026-07-31,15043,2026-07-31,CANCELED,,
2026-08-01T05:26:21Z,1321922026-07-31,13219,2026-07-31,CANCELED,,
2026-08-01T05:26:21Z,1260812026-07-31,12608,2026-07-31,CANCELED,,
2026-08-01T05:26:21Z,1390212026-08-01,13902,2026-08-01,CANCELED,,
2026-08-01T05:26:21Z,1262312026-07-31,12623,2026-07-31,CANCELED,,
2026-08-01T05:26:21Z,3890212026-08-01,38902,2026-08-01,CANCELED,,
2026-08-01T05:26:21Z,1390412026-08-01,13904,2026-08-01,CANCELED,,
2026-08-01T05:26:21Z,1390412026-08-01,13904,2026-08-01,CANCELED,,
2026-08-01T05:26:21Z,1877712026-07-31,18777,2026-07-31,CANCELED,,
2026-08-01T05:26:21Z,3890412026-08-01,38904,2026-08-01,CANCELED,,
2026-08-01T05:26:21Z,3890412026-08-01,38904,2026-08-01,CANCELED,,
2026-08-01T05:26:21Z,1391012026-08-01,13910,2026-08-01,CANCELED,,
2026-08-01T05:26:21Z,1390512026-08-01,13905,2026-08-01,CANCELED,,
2026-08-01T05:26:21Z,0146012026-08-01,01460,2026-08-01,CANCELED,,
2026-08-01T05:26:21Z,0146022026-08-01,01460,2026-08-01,CANCELED,,
2026-08-01T05:26:21Z,0146032026-08-01,01460,2026-08-01,CANCELED,,
2026-08-01T05:26:21Z,1390512026-08-01,13905,2026-08-01,CANCELED,,
2026-08-01T05:26:21Z,3746012026-07-31,37460,2026-07-31,CANCELED,,
2026-08-01T05:26:21Z,3890512026-08-01,38905,2026-08-01,CANCELED,,
2026-08-01T05:26:21Z,0043812026-08-01,00438,2026-08-01,CANCELED,,
2026-08-01T05:26:21Z,0043822026-08-01,00438,2026-08-01,CANCELED,,
2026-08-01T05:26:21Z,0043832026-08-01,00438,2026-08-01,CANCELED,,
2026-08-01T05:26:21Z,3743812026-07-31,37438,2026-07-31,CANCELED,,
2026-08-01T05:26:21Z,0019222026-08-01,00192,2026-08-01,CANCELED,,
2026-08-01T05:26:21Z,0019212026-08-01,00192,2026-08-01,CANCELED,,
2026-08-01T05:26:21Z,3739212026-07-31,37392,2026-07-31,CANCELED,,
2026-08-01T05:26:21Z,3749222026-07-31,37492,2026-07-31,CANCELED,,
2026-08-01T05:26:21Z,3749212026-07-31,37492,2026-07-31,CANCELED,,
2026-08-01T05:26:21Z,1261112026-07-31,12611,2026-07-31,CANCELED,,
2026-08-01T05:26:21Z,1261112026-07-31,12611,2026-07-31,CANCELED,,
2026-08-01T05:26:21Z,1268912026-07-31,12689,2026-07-31,CANCELED,,
2026-08-01T05:26:21Z,1300212026-07-31,13002,2026-07-31,CANCELED,,
2026-08-01T05:31:33Z,1300322026-07-31,13003,2026-07-31,SCHEDULED,480,8.0
2026-08-01T05:31:33Z,0506422026-07-31,05064,2026-07-31,SCHEDULED,0,0.0
2026-08-01T05:31:33Z,0506412026-07-31,05064,2026-07-31,SCHEDULED,0,0.0
2026-08-01T05:31:33Z,1304112026-07-31,13041,2026-07-31,SCHEDULED,120,2.0
2026-08-01T05:31:33Z,1395112026-07-31,13951,2026-07-31,SCHEDULED,120,2.0
2026-08-01T05:31:33Z,1320312026-07-31,13203,2026-07-31,SCHEDULED,60,1.0
2026-08-01T05:31:33Z,0508012026-07-31,05080,2026-07-31,SCHEDULED,960,16.0
2026-08-01T05:31:33Z,0508032026-07-31,05080,2026-07-31,SCHEDULED,960,16.0
2026-08-01T05:31:33Z,0508022026-07-31,05080,2026-07-31,SCHEDULED,960,16.0
2026-08-01T05:31:33Z,1390012026-08-01,13900,2026-08-01,SCHEDULED,60,1.0
2026-08-01T05:31:33Z,0566812026-07-31,05668,2026-07-31,SCHEDULED,0,0.0
2026-08-01T05:31:33Z,0587112026-07-31,05871,2026-07-31,SCHEDULED,180,3.0
2026-08-01T05:31:33Z,0847512026-07-31,08475,2026-07-31,SCHEDULED,120,2.0
2026-08-01T05:31:33Z,3586912026-07-31,35869,2026-07-31,SCHEDULED,0,0.0
2026-08-01T05:31:33Z,1412322026-07-31,14123,2026-07-31,SCHEDULED,0,0.0
2026-08-01T05:31:33Z,1412342026-07-31,14123,2026-07-31,SCHEDULED,0,0.0
2026-08-01T05:31:33Z,1412332026-07-31,14123,2026-07-31,SCHEDULED,0,0.0
2026-08-01T05:31:33Z,1500012026-07-31,15000,2026-07-31,SCHEDULED,1140,19.0
2026-08-01T05:31:33Z,0907212026-07-31,09072,2026-07-31,SCHEDULED,-60,-1.0
2026-08-01T05:31:33Z,1504012026-07-31,15040,2026-07-31,SCHEDULED,600,10.0
2026-08-01T05:31:33Z,0907312026-07-31,09073,2026-07-31,SCHEDULED,-60,-1.0
2026-08-01T05:31:33Z,1504112026-07-31,15041,2026-07-31,SCHEDULED,300,5.0
2026-08-01T05:31:33Z,0207412026-08-01,02074,2026-08-01,SCHEDULED,180,3.0
2026-08-01T05:31:33Z,1521312026-07-31,15213,2026-07-31,SCHEDULED,-300,-5.0
2026-08-01T05:31:33Z,0109212026-07-31,01092,2026-07-31,SCHEDULED,60,1.0
2026-08-01T05:31:33Z,0527312026-07-31,05273,2026-07-31,SCHEDULED,0,0.0
2026-08-01T05:31:33Z,1562122026-07-31,15621,2026-07-31,SCHEDULED,0,0.0
2026-08-01T05:31:33Z,1564812026-07-31,15648,2026-07-31,SCHEDULED,60,1.0
2026-08-01T05:31:33Z,0429522026-07-31,04295,2026-07-31,SCHEDULED,60,1.0
2026-08-01T05:31:33Z,0429512026-07-31,04295,2026-07-31,SCHEDULED,60,1.0
2026-08-01T05:31:33Z,1577212026-07-31,15772,2026-07-31,SCHEDULED,-300,-5.0
2026-08-01T05:31:33Z,1585012026-07-31,15850,2026-07-31,SCHEDULED,60,1.0
2026-08-01T05:31:33Z,0576312026-07-31,05763,2026-07-31,SCHEDULED,-120,-2.0
2026-08-01T05:31:33Z,1585212026-07-31,15852,2026-07-31,SCHEDULED,240,4.0
2026-08-01T05:31:33Z,1590212026-07-31,15902,2026-07-31,SCHEDULED,2280,38.0
2026-08-01T05:31:33Z,1601812026-07-31,16018,2026-07-31,SCHEDULED,600,10.0
2026-08-01T05:31:33Z,0418612026-08-01,04186,2026-08-01,SCHEDULED,240,4.0
2026-08-01T05:31:33Z,0418632026-08-01,04186,2026-08-01,SCHEDULED,240,4.0
2026-08-01T05:31:33Z,0418622026-08-01,04186,2026-08-01,SCHEDULED,240,4.0
2026-08-01T05:31:33Z,1722712026-07-31,17227,2026-07-31,SCHEDULED,360,6.0
2026-08-01T05:31:33Z,0408712026-08-01,04087,2026-08-01,SCHEDULED,180,3.0
2026-08-01T05:31:33Z,1770312026-07-31,17703,2026-07-31,SCHEDULED,360,6.0
2026-08-01T05:31:33Z,1248012026-07-31,12480,2026-07-31,SCHEDULED,-60,-1.0
2026-08-01T05:31:33Z,1804912026-07-31,18049,2026-07-31,SCHEDULED,0,0.0
2026-08-01T05:31:33Z,1261312026-07-31,12613,2026-07-31,SCHEDULED,0,0.0
2026-08-01T05:31:33Z,1805412026-07-31,18054,2026-07-31,SCHEDULED,180,3.0
2026-08-01T05:31:33Z,1264412026-07-31,12644,2026-07-31,SCHEDULED,120,2.0
2026-08-01T05:31:33Z,1807112026-07-31,18071,2026-07-31,SCHEDULED,-300,-5.0
2026-08-01T05:31:33Z,1268912026-07-31,12689,2026-07-31,SCHEDULED,0,0.0
2026-08-01T05:31:33Z,1800222026-07-31,18002,2026-07-31,SCHEDULED,0,0.0
2026-08-01T05:31:33Z,0411422026-08-01,04114,2026-08-01,SCHEDULED,60,1.0
2026-08-01T05:31:33Z,0411412026-08-01,04114,2026-08-01,SCHEDULED,60,1.0
2026-08-01T05:31:33Z,1806612026-07-31,18066,2026-07-31,SCHEDULED,-180,-3.0
2026-08-01T05:31:33Z,1812012026-07-31,18120,2026-07-31,SCHEDULED,180,3.0
2026-08-01T05:31:33Z,1812112026-07-31,18121,2026-07-31,SCHEDULED,180,3.0
2026-08-01T05:31:33Z,0063142026-08-01,00631,2026-08-01,SCHEDULED,60,1.0
2026-08-01T05:31:33Z,0063132026-08-01,00631,2026-08-01,SCHEDULED,60,1.0
2026-08-01T05:31:33Z,0063112026-08-01,00631,2026-08-01,SCHEDULED,60,1.0
2026-08-01T05:31:33Z,0063122026-08-01,00631,2026-08-01,SCHEDULED,60,1.0
2026-08-01T05:31:33Z,1812312026-07-31,18123,2026-07-31,SCHEDULED,660,11.0
2026-08-01T05:31:33Z,3460912026-07-31,34609,2026-07-31,SCHEDULED,180,3.0
2026-08-01T05:31:33Z,1832122026-07-31,18321,2026-07-31,SCHEDULED,0,0.0
2026-08-01T05:31:33Z,0107212026-07-31,01072,2026-07-31,SCHEDULED,60,1.0
2026-08-01T05:31:33Z,0206112026-07-31,02061,2026-07-31,SCHEDULED,360,6.0
2026-08-01T05:31:33Z,1833122026-07-31,18331,2026-07-31,SCHEDULED,300,5.0
2026-08-01T05:31:33Z,0207012026-07-31,02070,2026-07-31,SCHEDULED,0,0.0
2026-08-01T05:31:33Z,1781212026-07-31,17812,2026-07-31,SCHEDULED,0,0.0
2026-08-01T05:31:33Z,0207112026-07-31,02071,2026-07-31,SCHEDULED,180,3.0
2026-08-01T05:31:33Z,1891012026-07-31,18910,2026-07-31,SCHEDULED,600,10.0
2026-08-01T05:31:33Z,1503022026-07-31,15030,2026-07-31,SCHEDULED,600,10.0
2026-08-01T05:31:33Z,0207512026-08-01,02075,2026-08-01,SCHEDULED,660,11.0
2026-08-01T05:31:33Z,1503112026-07-31,15031,2026-07-31,SCHEDULED,60,1.0
2026-08-01T05:31:33Z,0207712026-07-31,02077,2026-07-31,SCHEDULED,-60,-1.0
2026-08-01T05:31:33Z,1600012026-07-31,16000,2026-07-31,SCHEDULED,180,3.0
2026-08-01T05:31:33Z,0207322026-07-31,02073,2026-07-31,SCHEDULED,120,2.0
2026-08-01T05:31:33Z,0306212026-07-31,03062,2026-07-31,SCHEDULED,120,2.0
2026-08-01T05:31:33Z,1702112026-07-31,17021,2026-07-31,SCHEDULED,120,2.0
2026-08-01T05:31:33Z,1702122026-07-31,17021,2026-07-31,SCHEDULED,120,2.0
2026-08-01T05:31:33Z,1702132026-07-31,17021,2026-07-31,SCHEDULED,120,2.0
2026-08-01T05:31:33Z,0307322026-07-31,03073,2026-07-31,SCHEDULED,0,0.0
2026-08-01T05:31:33Z,0307312026-07-31,03073,2026-07-31,SCHEDULED,0,0.0
2026-08-01T05:31:33Z,7180012026-07-31,71800,2026-07-31,SCHEDULED,0,0.0
2026-08-01T05:31:33Z,0306212026-07-31,03062,2026-07-31,SCHEDULED,360,6.0
2026-08-01T05:31:33Z,7183012026-07-31,71830,2026-07-31,SCHEDULED,60,1.0
2026-08-01T05:31:33Z,0331112026-07-31,03311,2026-07-31,SCHEDULED,-60,-1.0
2026-08-01T05:31:33Z,0408832026-08-01,04088,2026-08-01,SCHEDULED,0,0.0
2026-08-01T05:31:33Z,0408812026-08-01,04088,2026-08-01,SCHEDULED,0,0.0
2026-08-01T05:31:33Z,0407222026-08-01,04072,2026-08-01,SCHEDULED,360,6.0
2026-08-01T05:31:33Z,0407212026-08-01,04072,2026-08-01,SCHEDULED,360,6.0
2026-08-01T05:31:33Z,0446412026-07-31,04464,2026-07-31,SCHEDULED,0,0.0
2026-08-01T05:31:33Z,0415422026-07-31,04154,2026-07-31,SCHEDULED,180,3.0
2026-08-01T05:31:33Z,0415412026-07-31,04154,2026-07-31,SCHEDULED,180,3.0
2026-08-01T05:31:33Z,0436412026-07-31,04364,2026-07-31,SCHEDULED,-60,-1.0
2026-08-01T05:31:33Z,3890512026-08-01,38905,2026-08-01,CANCELED,,
2026-08-01T05:31:33Z,1307912026-07-31,13079,2026-07-31,CANCELED,,
2026-08-01T05:31:33Z,1303222026-07-31,13032,2026-07-31,CANCELED,,
2026-08-01T05:31:33Z,1308932026-07-31,13089,2026-07-31,CANCELED,,
2026-08-01T05:31:33Z,1303112026-07-31,13031,2026-07-31,CANCELED,,
2026-08-01T05:31:33Z,1320812026-07-31,13208,2026-07-31,CANCELED,,
2026-08-01T05:31:33Z,1321922026-07-31,13219,2026-07-31,CANCELED,,
2026-08-01T05:31:33Z,1390212026-08-01,13902,2026-08-01,CANCELED,,
2026-08-01T05:31:33Z,3890212026-08-01,38902,2026-08-01,CANCELED,,
2026-08-01T05:31:33Z,1810012026-07-31,18100,2026-07-31,CANCELED,,
2026-08-01T05:31:33Z,1390412026-08-01,13904,2026-08-01,CANCELED,,
2026-08-01T05:31:33Z,3850012026-07-31,38500,2026-07-31,CANCELED,,
2026-08-01T05:31:33Z,1390412026-08-01,13904,2026-08-01,CANCELED,,
2026-08-01T05:31:33Z,3890412026-08-01,38904,2026-08-01,CANCELED,,
2026-08-01T05:31:33Z,3890412026-08-01,38904,2026-08-01,CANCELED,,
2026-08-01T05:31:33Z,1391012026-08-01,13910,2026-08-01,CANCELED,,
2026-08-01T05:31:33Z,1810522026-07-31,18105,2026-07-31,CANCELED,,
2026-08-01T05:31:33Z,1390512026-08-01,13905,2026-08-01,CANCELED,,
2026-08-01T05:31:33Z,3810512026-07-31,38105,2026-07-31,CANCELED,,
2026-08-01T05:31:33Z,1390512026-08-01,13905,2026-08-01,CANCELED,,
2026-08-01T05:31:33Z,1821712026-07-31,18217,2026-07-31,CANCELED,,
2026-08-01T05:31:33Z,3890512026-08-01,38905,2026-08-01,CANCELED,,
2026-08-01T05:31:33Z,1821812026-07-31,18218,2026-07-31,CANCELED,,
2026-08-01T05:31:33Z,1833012026-07-31,18330,2026-07-31,CANCELED,,
2026-08-01T05:31:33Z,0146012026-08-01,01460,2026-08-01,CANCELED,,
2026-08-01T05:31:33Z,0146022026-08-01,01460,2026-08-01,CANCELED,,
2026-08-01T05:31:33Z,0146032026-08-01,01460,2026-08-01,CANCELED,,
2026-08-01T05:31:33Z,3746012026-07-31,37460,2026-07-31,CANCELED,,
2026-08-01T05:31:33Z,1303512026-07-31,13035,2026-07-31,CANCELED,,
2026-08-01T05:31:33Z,1803512026-07-31,18035,2026-07-31,CANCELED,,
2026-08-01T05:31:33Z,1325822026-07-31,13258,2026-07-31,CANCELED,,
2026-08-01T05:31:33Z,0043812026-08-01,00438,2026-08-01,CANCELED,,
2026-08-01T05:31:33Z,0043822026-08-01,00438,2026-08-01,CANCELED,,
2026-08-01T05:31:33Z,0043832026-08-01,00438,2026-08-01,CANCELED,,
2026-08-01T05:31:33Z,3743812026-07-31,37438,2026-07-31,CANCELED,,
2026-08-01T05:31:33Z,1833122026-07-31,18331,2026-07-31,CANCELED,,
2026-08-01T05:31:33Z,7185512026-07-31,71855,2026-07-31,CANCELED,,
2026-08-01T05:31:33Z,0019222026-08-01,00192,2026-08-01,CANCELED,,
2026-08-01T05:31:33Z,0019212026-08-01,00192,2026-08-01,CANCELED,,
2026-08-01T05:31:33Z,1504212026-07-31,15042,2026-07-31,CANCELED,,
2026-08-01T05:31:33Z,1504312026-07-31,15043,2026-07-31,CANCELED,,
2026-08-01T05:31:33Z,1260812026-07-31,12608,2026-07-31,CANCELED,,
2026-08-01T05:31:33Z,3739212026-07-31,37392,2026-07-31,CANCELED,,
2026-08-01T05:31:33Z,1262312026-07-31,12623,2026-07-31,CANCELED,,
2026-08-01T05:31:33Z,3749222026-07-31,37492,2026-07-31,CANCELED,,
2026-08-01T05:31:33Z,3749212026-07-31,37492,2026-07-31,CANCELED,,
2026-08-01T05:31:33Z,1261112026-07-31,12611,2026-07-31,CANCELED,,
2026-08-01T05:31:33Z,1877712026-07-31,18777,2026-07-31,CANCELED,,
2026-08-01T05:31:33Z,1261112026-07-31,12611,2026-07-31,CANCELED,,
2026-08-01T05:31:33Z,1268912026-07-31,12689,2026-07-31,CANCELED,,
2026-08-01T05:31:33Z,1300212026-07-31,13002,2026-07-31,CANCELED,,
2026-08-01T05:36:19Z,1268912026-07-31,12689,2026-07-31,SCHEDULED,0,0.0
2026-08-01T05:36:19Z,0436412026-07-31,04364,2026-07-31,SCHEDULED,-60,-1.0
2026-08-01T05:36:19Z,1300322026-07-31,13003,2026-07-31,SCHEDULED,480,8.0
2026-08-01T05:36:19Z,0506422026-07-31,05064,2026-07-31,SCHEDULED,60,1.0
2026-08-01T05:36:19Z,0506412026-07-31,05064,2026-07-31,SCHEDULED,60,1.0
2026-08-01T05:36:19Z,1304112026-07-31,13041,2026-07-31,SCHEDULED,120,2.0
2026-08-01T05:36:19Z,1395112026-07-31,13951,2026-07-31,SCHEDULED,120,2.0
2026-08-01T05:36:19Z,0507512026-07-31,05075,2026-07-31,SCHEDULED,60,1.0
2026-08-01T05:36:19Z,1320312026-07-31,13203,2026-07-31,SCHEDULED,180,3.0
2026-08-01T05:36:19Z,1390012026-08-01,13900,2026-08-01,SCHEDULED,300,5.0
2026-08-01T05:36:19Z,0508012026-07-31,05080,2026-07-31,SCHEDULED,1020,17.0
2026-08-01T05:36:19Z,0508032026-07-31,05080,2026-07-31,SCHEDULED,1020,17.0
2026-08-01T05:36:19Z,0508022026-07-31,05080,2026-07-31,SCHEDULED,1020,17.0
2026-08-01T05:36:19Z,0566812026-07-31,05668,2026-07-31,SCHEDULED,0,0.0
2026-08-01T05:36:19Z,0587112026-07-31,05871,2026-07-31,SCHEDULED,120,2.0
2026-08-01T05:36:19Z,1412322026-07-31,14123,2026-07-31,SCHEDULED,60,1.0
2026-08-01T05:36:19Z,1412342026-07-31,14123,2026-07-31,SCHEDULED,60,1.0
2026-08-01T05:36:19Z,1412332026-07-31,14123,2026-07-31,SCHEDULED,60,1.0
2026-08-01T05:36:19Z,0847512026-07-31,08475,2026-07-31,SCHEDULED,120,2.0
2026-08-01T05:36:19Z,1500012026-07-31,15000,2026-07-31,SCHEDULED,1260,21.0
2026-08-01T05:36:19Z,3586912026-07-31,35869,2026-07-31,SCHEDULED,0,0.0
2026-08-01T05:36:19Z,1504012026-07-31,15040,2026-07-31,SCHEDULED,600,10.0
2026-08-01T05:36:19Z,0907212026-07-31,09072,2026-07-31,SCHEDULED,-60,-1.0
2026-08-01T05:36:19Z,1504112026-07-31,15041,2026-07-31,SCHEDULED,300,5.0
2026-08-01T05:36:19Z,0907312026-07-31,09073,2026-07-31,SCHEDULED,0,0.0
2026-08-01T05:36:19Z,1562122026-07-31,15621,2026-07-31,SCHEDULED,0,0.0
2026-08-01T05:36:19Z,0207412026-08-01,02074,2026-08-01,SCHEDULED,180,3.0
2026-08-01T05:36:19Z,0109212026-07-31,01092,2026-07-31,SCHEDULED,120,2.0
2026-08-01T05:36:19Z,1564812026-07-31,15648,2026-07-31,SCHEDULED,0,0.0
2026-08-01T05:36:19Z,0527312026-07-31,05273,2026-07-31,SCHEDULED,60,1.0
2026-08-01T05:36:19Z,1577212026-07-31,15772,2026-07-31,SCHEDULED,-360,-6.0
2026-08-01T05:36:19Z,1585012026-07-31,15850,2026-07-31,SCHEDULED,60,1.0
2026-08-01T05:36:19Z,0429522026-07-31,04295,2026-07-31,SCHEDULED,60,1.0
2026-08-01T05:36:19Z,0429512026-07-31,04295,2026-07-31,SCHEDULED,60,1.0
2026-08-01T05:36:19Z,1585212026-07-31,15852,2026-07-31,SCHEDULED,240,4.0
2026-08-01T05:36:19Z,1590212026-07-31,15902,2026-07-31,SCHEDULED,2160,36.0
2026-08-01T05:36:19Z,0576312026-07-31,05763,2026-07-31,SCHEDULED,-180,-3.0
2026-08-01T05:36:19Z,1801012026-07-31,18010,2026-07-31,SCHEDULED,1500,25.0
2026-08-01T05:36:19Z,1801022026-07-31,18010,2026-07-31,SCHEDULED,1500,25.0
2026-08-01T05:36:19Z,1801032026-07-31,18010,2026-07-31,SCHEDULED,1500,25.0
2026-08-01T05:36:19Z,0418612026-08-01,04186,2026-08-01,SCHEDULED,240,4.0
2026-08-01T05:36:19Z,0418632026-08-01,04186,2026-08-01,SCHEDULED,240,4.0
2026-08-01T05:36:19Z,0418622026-08-01,04186,2026-08-01,SCHEDULED,240,4.0
2026-08-01T05:36:19Z,1601812026-07-31,16018,2026-07-31,SCHEDULED,600,10.0
2026-08-01T05:36:19Z,0408712026-08-01,04087,2026-08-01,SCHEDULED,60,1.0
2026-08-01T05:36:19Z,1722712026-07-31,17227,2026-07-31,SCHEDULED,360,6.0
2026-08-01T05:36:19Z,1248012026-07-31,12480,2026-07-31,SCHEDULED,-60,-1.0
2026-08-01T05:36:19Z,1261312026-07-31,12613,2026-07-31,SCHEDULED,-60,-1.0
2026-08-01T05:36:19Z,1833122026-07-31,18331,2026-07-31,SCHEDULED,300,5.0
2026-08-01T05:36:19Z,1264412026-07-31,12644,2026-07-31,SCHEDULED,60,1.0
2026-08-01T05:36:19Z,1781212026-07-31,17812,2026-07-31,SCHEDULED,0,0.0
2026-08-01T05:36:19Z,1891012026-07-31,18910,2026-07-31,SCHEDULED,600,10.0
2026-08-01T05:36:19Z,0411422026-08-01,04114,2026-08-01,SCHEDULED,60,1.0
2026-08-01T05:36:19Z,0411412026-08-01,04114,2026-08-01,SCHEDULED,60,1.0
2026-08-01T05:36:19Z,1503022026-07-31,15030,2026-07-31,SCHEDULED,660,11.0
2026-08-01T05:36:19Z,1503112026-07-31,15031,2026-07-31,SCHEDULED,60,1.0
2026-08-01T05:36:19Z,1600012026-07-31,16000,2026-07-31,SCHEDULED,180,3.0
2026-08-01T05:36:19Z,0062122026-08-01,00621,2026-08-01,SCHEDULED,0,0.0
2026-08-01T05:36:19Z,0062132026-08-01,00621,2026-08-01,SCHEDULED,0,0.0
2026-08-01T05:36:19Z,0062152026-08-01,00621,2026-08-01,SCHEDULED,0,0.0
2026-08-01T05:36:19Z,0062112026-08-01,00621,2026-08-01,SCHEDULED,0,0.0
2026-08-01T05:36:19Z,0062142026-08-01,00621,2026-08-01,SCHEDULED,0,0.0
2026-08-01T05:36:19Z,1702112026-07-31,17021,2026-07-31,SCHEDULED,120,2.0
2026-08-01T05:36:19Z,1702122026-07-31,17021,2026-07-31,SCHEDULED,120,2.0
2026-08-01T05:36:19Z,1702132026-07-31,17021,2026-07-31,SCHEDULED,120,2.0
2026-08-01T05:36:19Z,7180012026-07-31,71800,2026-07-31,SCHEDULED,0,0.0
2026-08-01T05:36:19Z,7183012026-07-31,71830,2026-07-31,SCHEDULED,60,1.0
2026-08-01T05:36:19Z,1770312026-07-31,17703,2026-07-31,SCHEDULED,420,7.0
2026-08-01T05:36:19Z,0063142026-08-01,00631,2026-08-01,SCHEDULED,-120,-2.0
2026-08-01T05:36:19Z,0063132026-08-01,00631,2026-08-01,SCHEDULED,-120,-2.0
2026-08-01T05:36:19Z,0063112026-08-01,00631,2026-08-01,SCHEDULED,-120,-2.0
2026-08-01T05:36:19Z,0063122026-08-01,00631,2026-08-01,SCHEDULED,-120,-2.0
2026-08-01T05:36:19Z,3460912026-07-31,34609,2026-07-31,SCHEDULED,180,3.0
2026-08-01T05:36:19Z,1804912026-07-31,18049,2026-07-31,SCHEDULED,60,1.0
2026-08-01T05:36:19Z,0107212026-07-31,01072,2026-07-31,SCHEDULED,60,1.0
2026-08-01T05:36:19Z,1805412026-07-31,18054,2026-07-31,SCHEDULED,180,3.0
2026-08-01T05:36:19Z,0206112026-07-31,02061,2026-07-31,SCHEDULED,360,6.0
2026-08-01T05:36:19Z,1807112026-07-31,18071,2026-07-31,SCHEDULED,0,0.0
2026-08-01T05:36:19Z,0207012026-07-31,02070,2026-07-31,SCHEDULED,0,0.0
2026-08-01T05:36:19Z,0207112026-07-31,02071,2026-07-31,SCHEDULED,180,3.0
2026-08-01T05:36:19Z,1800222026-07-31,18002,2026-07-31,SCHEDULED,0,0.0
2026-08-01T05:36:19Z,0207512026-08-01,02075,2026-08-01,SCHEDULED,660,11.0
2026-08-01T05:36:19Z,1806612026-07-31,18066,2026-07-31,SCHEDULED,-300,-5.0
2026-08-01T05:36:19Z,0207712026-07-31,02077,2026-07-31,SCHEDULED,-60,-1.0
2026-08-01T05:36:19Z,1812012026-07-31,18120,2026-07-31,SCHEDULED,120,2.0
2026-08-01T05:36:19Z,0207322026-07-31,02073,2026-07-31,SCHEDULED,120,2.0
2026-08-01T05:36:19Z,1812112026-07-31,18121,2026-07-31,SCHEDULED,180,3.0
2026-08-01T05:36:19Z,0306212026-07-31,03062,2026-07-31,SCHEDULED,60,1.0
2026-08-01T05:36:19Z,1812312026-07-31,18123,2026-07-31,SCHEDULED,600,10.0
2026-08-01T05:36:19Z,0307322026-07-31,03073,2026-07-31,SCHEDULED,-60,-1.0
2026-08-01T05:36:19Z,0307312026-07-31,03073,2026-07-31,SCHEDULED,-60,-1.0
2026-08-01T05:36:19Z,1832122026-07-31,18321,2026-07-31,SCHEDULED,0,0.0
2026-08-01T05:36:19Z,0306212026-07-31,03062,2026-07-31,SCHEDULED,360,6.0
2026-08-01T05:36:19Z,0331112026-07-31,03311,2026-07-31,SCHEDULED,-60,-1.0
2026-08-01T05:36:19Z,0408832026-08-01,04088,2026-08-01,SCHEDULED,60,1.0
2026-08-01T05:36:19Z,0408812026-08-01,04088,2026-08-01,SCHEDULED,60,1.0
2026-08-01T05:36:19Z,0407222026-08-01,04072,2026-08-01,SCHEDULED,300,5.0
2026-08-01T05:36:19Z,0407212026-08-01,04072,2026-08-01,SCHEDULED,300,5.0
2026-08-01T05:36:19Z,0446412026-07-31,04464,2026-07-31,SCHEDULED,0,0.0
2026-08-01T05:36:19Z,0415422026-07-31,04154,2026-07-31,SCHEDULED,180,3.0
2026-08-01T05:36:19Z,0415412026-07-31,04154,2026-07-31,SCHEDULED,180,3.0
2026-08-01T05:36:19Z,3890512026-08-01,38905,2026-08-01,CANCELED,,
2026-08-01T05:36:19Z,1308932026-07-31,13089,2026-07-31,CANCELED,,
2026-08-01T05:36:19Z,1810012026-07-31,18100,2026-07-31,CANCELED,,
2026-08-01T05:36:19Z,3850012026-07-31,38500,2026-07-31,CANCELED,,
2026-08-01T05:36:19Z,1810522026-07-31,18105,2026-07-31,CANCELED,,
2026-08-01T05:36:19Z,3810512026-07-31,38105,2026-07-31,CANCELED,,
2026-08-01T05:36:19Z,1821712026-07-31,18217,2026-07-31,CANCELED,,
2026-08-01T05:36:19Z,1821812026-07-31,18218,2026-07-31,CANCELED,,
2026-08-01T05:36:19Z,1833012026-07-31,18330,2026-07-31,CANCELED,,
2026-08-01T05:36:19Z,1303512026-07-31,13035,2026-07-31,CANCELED,,
2026-08-01T05:36:19Z,1803512026-07-31,18035,2026-07-31,CANCELED,,
2026-08-01T05:36:19Z,1325822026-07-31,13258,2026-07-31,CANCELED,,
2026-08-01T05:36:19Z,1833122026-07-31,18331,2026-07-31,CANCELED,,
2026-08-01T05:36:19Z,7185512026-07-31,71855,2026-07-31,CANCELED,,
2026-08-01T05:36:19Z,1307912026-07-31,13079,2026-07-31,CANCELED,,
2026-08-01T05:36:19Z,1303222026-07-31,13032,2026-07-31,CANCELED,,
2026-08-01T05:36:19Z,1303112026-07-31,13031,2026-07-31,CANCELED,,
2026-08-01T05:36:19Z,1320812026-07-31,13208,2026-07-31,CANCELED,,
2026-08-01T05:36:19Z,1321922026-07-31,13219,2026-07-31,CANCELED,,
2026-08-01T05:36:19Z,1390212026-08-01,13902,2026-08-01,CANCELED,,
2026-08-01T05:36:19Z,3890212026-08-01,38902,2026-08-01,CANCELED,,
2026-08-01T05:36:19Z,1390412026-08-01,13904,2026-08-01,CANCELED,,
2026-08-01T05:36:19Z,1504212026-07-31,15042,2026-07-31,CANCELED,,
2026-08-01T05:36:19Z,1390412026-08-01,13904,2026-08-01,CANCELED,,
2026-08-01T05:36:19Z,1504312026-07-31,15043,2026-07-31,CANCELED,,
2026-08-01T05:36:19Z,3890412026-08-01,38904,2026-08-01,CANCELED,,
2026-08-01T05:36:19Z,1260812026-07-31,12608,2026-07-31,CANCELED,,
2026-08-01T05:36:19Z,3890412026-08-01,38904,2026-08-01,CANCELED,,
2026-08-01T05:36:19Z,1262312026-07-31,12623,2026-07-31,CANCELED,,
2026-08-01T05:36:19Z,1391012026-08-01,13910,2026-08-01,CANCELED,,
2026-08-01T05:36:19Z,1390512026-08-01,13905,2026-08-01,CANCELED,,
2026-08-01T05:36:19Z,1390512026-08-01,13905,2026-08-01,CANCELED,,
2026-08-01T05:36:19Z,1877712026-07-31,18777,2026-07-31,CANCELED,,
2026-08-01T05:36:19Z,3890512026-08-01,38905,2026-08-01,CANCELED,,
2026-08-01T05:36:19Z,0146032026-08-01,01460,2026-08-01,CANCELED,,
2026-08-01T05:36:19Z,0146022026-08-01,01460,2026-08-01,CANCELED,,
2026-08-01T05:36:19Z,0146012026-08-01,01460,2026-08-01,CANCELED,,
2026-08-01T05:36:19Z,3746012026-07-31,37460,2026-07-31,CANCELED,,
2026-08-01T05:36:19Z,0043822026-08-01,00438,2026-08-01,CANCELED,,
2026-08-01T05:36:19Z,0043832026-08-01,00438,2026-08-01,CANCELED,,
2026-08-01T05:36:19Z,0043812026-08-01,00438,2026-08-01,CANCELED,,
2026-08-01T05:36:19Z,3743812026-07-31,37438,2026-07-31,CANCELED,,
2026-08-01T05:36:19Z,0019212026-08-01,00192,2026-08-01,CANCELED,,
2026-08-01T05:36:19Z,0019222026-08-01,00192,2026-08-01,CANCELED,,
2026-08-01T05:36:19Z,3739212026-07-31,37392,2026-07-31,CANCELED,,
2026-08-01T05:36:19Z,3749222026-07-31,37492,2026-07-31,CANCELED,,
2026-08-01T05:36:19Z,3749212026-07-31,37492,2026-07-31,CANCELED,,
2026-08-01T05:36:19Z,1261112026-07-31,12611,2026-07-31,CANCELED,,
2026-08-01T05:36:19Z,1261112026-07-31,12611,2026-07-31,CANCELED,,
2026-08-01T05:36:19Z,1268912026-07-31,12689,2026-07-31,CANCELED,,
2026-08-01T05:36:19Z,1300212026-07-31,13002,2026-07-31,CANCELED,,
2026-08-01T05:41:23Z,1504012026-07-31,15040,2026-07-31,SCHEDULED,660,11.0
2026-08-01T05:41:23Z,0436412026-07-31,04364,2026-07-31,SCHEDULED,0,0.0
2026-08-01T05:41:23Z,1504112026-07-31,15041,2026-07-31,SCHEDULED,240,4.0
2026-08-01T05:41:23Z,0506422026-07-31,05064,2026-07-31,SCHEDULED,60,1.0
2026-08-01T05:41:23Z,0506412026-07-31,05064,2026-07-31,SCHEDULED,60,1.0
2026-08-01T05:41:23Z,1562122026-07-31,15621,2026-07-31,SCHEDULED,120,2.0
2026-08-01T05:41:23Z,0507512026-07-31,05075,2026-07-31,SCHEDULED,0,0.0
2026-08-01T05:41:23Z,1564812026-07-31,15648,2026-07-31,SCHEDULED,0,0.0
2026-08-01T05:41:23Z,1577212026-07-31,15772,2026-07-31,SCHEDULED,-360,-6.0
2026-08-01T05:41:23Z,1585012026-07-31,15850,2026-07-31,SCHEDULED,60,1.0
2026-08-01T05:41:23Z,0508012026-07-31,05080,2026-07-31,SCHEDULED,1260,21.0
2026-08-01T05:41:23Z,0508032026-07-31,05080,2026-07-31,SCHEDULED,1260,21.0
2026-08-01T05:41:23Z,0508022026-07-31,05080,2026-07-31,SCHEDULED,1260,21.0
2026-08-01T05:41:23Z,1585212026-07-31,15852,2026-07-31,SCHEDULED,540,9.0
2026-08-01T05:41:23Z,0566812026-07-31,05668,2026-07-31,SCHEDULED,0,0.0
2026-08-01T05:41:23Z,1590212026-07-31,15902,2026-07-31,SCHEDULED,2220,37.0
2026-08-01T05:41:23Z,0587112026-07-31,05871,2026-07-31,SCHEDULED,120,2.0
2026-08-01T05:41:23Z,0847512026-07-31,08475,2026-07-31,SCHEDULED,180,3.0
2026-08-01T05:41:23Z,3586912026-07-31,35869,2026-07-31,SCHEDULED,0,0.0
2026-08-01T05:41:23Z,1801012026-07-31,18010,2026-07-31,SCHEDULED,1380,23.0
2026-08-01T05:41:23Z,1801022026-07-31,18010,2026-07-31,SCHEDULED,1380,23.0
2026-08-01T05:41:23Z,1801032026-07-31,18010,2026-07-31,SCHEDULED,1380,23.0
2026-08-01T05:41:23Z,1601812026-07-31,16018,2026-07-31,SCHEDULED,600,10.0
2026-08-01T05:41:23Z,0907212026-07-31,09072,2026-07-31,SCHEDULED,-60,-1.0
2026-08-01T05:41:23Z,0907312026-07-31,09073,2026-07-31,SCHEDULED,0,0.0
2026-08-01T05:41:23Z,1264112026-07-31,12641,2026-07-31,SCHEDULED,0,0.0
2026-08-01T05:41:23Z,1264412026-07-31,12644,2026-07-31,SCHEDULED,60,1.0
2026-08-01T05:41:23Z,1268912026-07-31,12689,2026-07-31,SCHEDULED,0,0.0
2026-08-01T05:41:23Z,0407122026-08-01,04071,2026-08-01,SCHEDULED,840,14.0
2026-08-01T05:41:23Z,0407112026-08-01,04071,2026-08-01,SCHEDULED,840,14.0
2026-08-01T05:41:23Z,0207412026-08-01,02074,2026-08-01,SCHEDULED,120,2.0
2026-08-01T05:41:23Z,1300322026-07-31,13003,2026-07-31,SCHEDULED,480,8.0
2026-08-01T05:41:23Z,0109212026-07-31,01092,2026-07-31,SCHEDULED,180,3.0
2026-08-01T05:41:23Z,1304112026-07-31,13041,2026-07-31,SCHEDULED,-240,-4.0
2026-08-01T05:41:23Z,0527312026-07-31,05273,2026-07-31,SCHEDULED,0,0.0
2026-08-01T05:41:23Z,1395112026-07-31,13951,2026-07-31,SCHEDULED,60,1.0
2026-08-01T05:41:23Z,1320312026-07-31,13203,2026-07-31,SCHEDULED,180,3.0
2026-08-01T05:41:23Z,0429522026-07-31,04295,2026-07-31,SCHEDULED,60,1.0
2026-08-01T05:41:23Z,0429512026-07-31,04295,2026-07-31,SCHEDULED,60,1.0
2026-08-01T05:41:23Z,1390012026-08-01,13900,2026-08-01,SCHEDULED,180,3.0
2026-08-01T05:41:23Z,0576312026-07-31,05763,2026-07-31,SCHEDULED,-180,-3.0
2026-08-01T05:41:23Z,1412322026-07-31,14123,2026-07-31,SCHEDULED,60,1.0
2026-08-01T05:41:23Z,1412342026-07-31,14123,2026-07-31,SCHEDULED,60,1.0
2026-08-01T05:41:23Z,1412332026-07-31,14123,2026-07-31,SCHEDULED,60,1.0
2026-08-01T05:41:23Z,0418612026-08-01,04186,2026-08-01,SCHEDULED,240,4.0
2026-08-01T05:41:23Z,0418632026-08-01,04186,2026-08-01,SCHEDULED,240,4.0
2026-08-01T05:41:23Z,0418622026-08-01,04186,2026-08-01,SCHEDULED,240,4.0
2026-08-01T05:41:23Z,1500012026-07-31,15000,2026-07-31,SCHEDULED,1200,20.0
2026-08-01T05:41:23Z,0408712026-08-01,04087,2026-08-01,SCHEDULED,60,1.0
2026-08-01T05:41:23Z,1833122026-07-31,18331,2026-07-31,SCHEDULED,60,1.0
2026-08-01T05:41:23Z,1248012026-07-31,12480,2026-07-31,SCHEDULED,-120,-2.0
2026-08-01T05:41:23Z,1261312026-07-31,12613,2026-07-31,SCHEDULED,0,0.0
2026-08-01T05:41:23Z,1781212026-07-31,17812,2026-07-31,SCHEDULED,0,0.0
2026-08-01T05:41:23Z,1891012026-07-31,18910,2026-07-31,SCHEDULED,600,10.0
2026-08-01T05:41:23Z,0411422026-08-01,04114,2026-08-01,SCHEDULED,60,1.0
2026-08-01T05:41:23Z,0411412026-08-01,04114,2026-08-01,SCHEDULED,60,1.0
2026-08-01T05:41:23Z,1503022026-07-31,15030,2026-07-31,SCHEDULED,660,11.0
2026-08-01T05:41:23Z,1503112026-07-31,15031,2026-07-31,SCHEDULED,60,1.0
2026-08-01T05:41:23Z,1600012026-07-31,16000,2026-07-31,SCHEDULED,180,3.0
2026-08-01T05:41:23Z,0062122026-08-01,00621,2026-08-01,SCHEDULED,60,1.0
2026-08-01T05:41:23Z,0062132026-08-01,00621,2026-08-01,SCHEDULED,60,1.0
2026-08-01T05:41:23Z,0062152026-08-01,00621,2026-08-01,SCHEDULED,60,1.0
2026-08-01T05:41:23Z,0062112026-08-01,00621,2026-08-01,SCHEDULED,60,1.0
2026-08-01T05:41:23Z,0062142026-08-01,00621,2026-08-01,SCHEDULED,60,1.0
2026-08-01T05:41:23Z,1702112026-07-31,17021,2026-07-31,SCHEDULED,60,1.0
2026-08-01T05:41:23Z,1702122026-07-31,17021,2026-07-31,SCHEDULED,60,1.0
2026-08-01T05:41:23Z,1702132026-07-31,17021,2026-07-31,SCHEDULED,60,1.0
2026-08-01T05:41:23Z,7180012026-07-31,71800,2026-07-31,SCHEDULED,0,0.0
2026-08-01T05:41:23Z,7183012026-07-31,71830,2026-07-31,SCHEDULED,60,1.0
2026-08-01T05:41:23Z,1770312026-07-31,17703,2026-07-31,SCHEDULED,300,5.0
2026-08-01T05:41:23Z,0063142026-08-01,00631,2026-08-01,SCHEDULED,-120,-2.0
2026-08-01T05:41:23Z,0063132026-08-01,00631,2026-08-01,SCHEDULED,-120,-2.0
2026-08-01T05:41:23Z,0063112026-08-01,00631,2026-08-01,SCHEDULED,-120,-2.0
2026-08-01T05:41:23Z,0063122026-08-01,00631,2026-08-01,SCHEDULED,-120,-2.0
2026-08-01T05:41:23Z,0107212026-07-31,01072,2026-07-31,SCHEDULED,60,1.0
2026-08-01T05:41:23Z,1804912026-07-31,18049,2026-07-31,SCHEDULED,60,1.0
2026-08-01T05:41:23Z,0206112026-07-31,02061,2026-07-31,SCHEDULED,420,7.0
2026-08-01T05:41:23Z,1805412026-07-31,18054,2026-07-31,SCHEDULED,180,3.0
2026-08-01T05:41:23Z,0207012026-07-31,02070,2026-07-31,SCHEDULED,-120,-2.0
2026-08-01T05:41:23Z,1807112026-07-31,18071,2026-07-31,SCHEDULED,-120,-2.0
2026-08-01T05:41:23Z,0207112026-07-31,02071,2026-07-31,SCHEDULED,180,3.0
2026-08-01T05:41:23Z,0207512026-08-01,02075,2026-08-01,SCHEDULED,780,13.0
2026-08-01T05:41:23Z,1800222026-07-31,18002,2026-07-31,SCHEDULED,0,0.0
2026-08-01T05:41:23Z,0207212026-07-31,02072,2026-07-31,SCHEDULED,960,16.0
2026-08-01T05:41:23Z,1806612026-07-31,18066,2026-07-31,SCHEDULED,-300,-5.0
2026-08-01T05:41:23Z,0207712026-07-31,02077,2026-07-31,SCHEDULED,-180,-3.0
2026-08-01T05:41:23Z,1812012026-07-31,18120,2026-07-31,SCHEDULED,240,4.0
2026-08-01T05:41:23Z,0207322026-07-31,02073,2026-07-31,SCHEDULED,180,3.0
2026-08-01T05:41:23Z,1812112026-07-31,18121,2026-07-31,SCHEDULED,0,0.0
2026-08-01T05:41:23Z,0306212026-07-31,03062,2026-07-31,SCHEDULED,0,0.0
2026-08-01T05:41:23Z,1812312026-07-31,18123,2026-07-31,SCHEDULED,540,9.0
2026-08-01T05:41:23Z,1832122026-07-31,18321,2026-07-31,SCHEDULED,0,0.0
2026-08-01T05:41:23Z,0307322026-07-31,03073,2026-07-31,SCHEDULED,-120,-2.0
2026-08-01T05:41:23Z,0307312026-07-31,03073,2026-07-31,SCHEDULED,-120,-2.0
2026-08-01T05:41:23Z,0306212026-07-31,03062,2026-07-31,SCHEDULED,300,5.0
2026-08-01T05:41:23Z,0331112026-07-31,03311,2026-07-31,SCHEDULED,-180,-3.0
2026-08-01T05:41:23Z,0408832026-08-01,04088,2026-08-01,SCHEDULED,60,1.0
2026-08-01T05:41:23Z,0408812026-08-01,04088,2026-08-01,SCHEDULED,60,1.0
2026-08-01T05:41:23Z,0407222026-08-01,04072,2026-08-01,SCHEDULED,240,4.0
2026-08-01T05:41:23Z,0407212026-08-01,04072,2026-08-01,SCHEDULED,240,4.0
2026-08-01T05:41:23Z,0446412026-07-31,04464,2026-07-31,SCHEDULED,-120,-2.0
2026-08-01T05:41:23Z,0415422026-07-31,04154,2026-07-31,SCHEDULED,180,3.0
2026-08-01T05:41:23Z,0415412026-07-31,04154,2026-07-31,SCHEDULED,180,3.0
2026-08-01T05:41:23Z,3890512026-08-01,38905,2026-08-01,CANCELED,,
2026-08-01T05:41:23Z,1308932026-07-31,13089,2026-07-31,CANCELED,,
2026-08-01T05:41:23Z,1810012026-07-31,18100,2026-07-31,CANCELED,,
2026-08-01T05:41:23Z,3850012026-07-31,38500,2026-07-31,CANCELED,,
2026-08-01T05:41:23Z,1810522026-07-31,18105,2026-07-31,CANCELED,,
2026-08-01T05:41:23Z,3810512026-07-31,38105,2026-07-31,CANCELED,,
2026-08-01T05:41:23Z,1821712026-07-31,18217,2026-07-31,CANCELED,,
2026-08-01T05:41:23Z,1821812026-07-31,18218,2026-07-31,CANCELED,,
2026-08-01T05:41:23Z,1833012026-07-31,18330,2026-07-31,CANCELED,,
2026-08-01T05:41:23Z,1303512026-07-31,13035,2026-07-31,CANCELED,,
2026-08-01T05:41:23Z,1803512026-07-31,18035,2026-07-31,CANCELED,,
2026-08-01T05:41:23Z,1325822026-07-31,13258,2026-07-31,CANCELED,,
2026-08-01T05:41:23Z,1833122026-07-31,18331,2026-07-31,CANCELED,,
2026-08-01T05:41:23Z,7185512026-07-31,71855,2026-07-31,CANCELED,,
2026-08-01T05:41:23Z,1307912026-07-31,13079,2026-07-31,CANCELED,,
2026-08-01T05:41:23Z,1303222026-07-31,13032,2026-07-31,CANCELED,,
2026-08-01T05:41:23Z,1303112026-07-31,13031,2026-07-31,CANCELED,,
2026-08-01T05:41:23Z,1320812026-07-31,13208,2026-07-31,CANCELED,,
2026-08-01T05:41:23Z,1321922026-07-31,13219,2026-07-31,CANCELED,,
2026-08-01T05:41:23Z,1390212026-08-01,13902,2026-08-01,CANCELED,,
2026-08-01T05:41:23Z,3890212026-08-01,38902,2026-08-01,CANCELED,,
2026-08-01T05:41:23Z,1390412026-08-01,13904,2026-08-01,CANCELED,,
2026-08-01T05:41:23Z,1390412026-08-01,13904,2026-08-01,CANCELED,,
2026-08-01T05:41:23Z,1504212026-07-31,15042,2026-07-31,CANCELED,,
2026-08-01T05:41:23Z,3890412026-08-01,38904,2026-08-01,CANCELED,,
2026-08-01T05:41:23Z,1504312026-07-31,15043,2026-07-31,CANCELED,,
2026-08-01T05:41:23Z,3890412026-08-01,38904,2026-08-01,CANCELED,,
2026-08-01T05:41:23Z,1260812026-07-31,12608,2026-07-31,CANCELED,,
2026-08-01T05:41:23Z,1391012026-08-01,13910,2026-08-01,CANCELED,,
2026-08-01T05:41:23Z,1262312026-07-31,12623,2026-07-31,CANCELED,,
2026-08-01T05:41:23Z,1390512026-08-01,13905,2026-08-01,CANCELED,,
2026-08-01T05:41:23Z,1390512026-08-01,13905,2026-08-01,CANCELED,,
2026-08-01T05:41:23Z,3890512026-08-01,38905,2026-08-01,CANCELED,,
2026-08-01T05:41:23Z,1877712026-07-31,18777,2026-07-31,CANCELED,,
2026-08-01T05:41:23Z,0146032026-08-01,01460,2026-08-01,CANCELED,,
2026-08-01T05:41:23Z,0146012026-08-01,01460,2026-08-01,CANCELED,,
2026-08-01T05:41:23Z,0146022026-08-01,01460,2026-08-01,CANCELED,,
2026-08-01T05:41:23Z,3746012026-07-31,37460,2026-07-31,CANCELED,,
2026-08-01T05:41:23Z,0043812026-08-01,00438,2026-08-01,CANCELED,,
2026-08-01T05:41:23Z,0043832026-08-01,00438,2026-08-01,CANCELED,,
2026-08-01T05:41:23Z,0043822026-08-01,00438,2026-08-01,CANCELED,,
2026-08-01T05:41:23Z,3743812026-07-31,37438,2026-07-31,CANCELED,,
2026-08-01T05:41:23Z,0019222026-08-01,00192,2026-08-01,CANCELED,,
2026-08-01T05:41:23Z,0019212026-08-01,00192,2026-08-01,CANCELED,,
2026-08-01T05:41:23Z,3739212026-07-31,37392,2026-07-31,CANCELED,,
2026-08-01T05:41:23Z,3749222026-07-31,37492,2026-07-31,CANCELED,,
2026-08-01T05:41:23Z,3749212026-07-31,37492,2026-07-31,CANCELED,,
2026-08-01T05:41:23Z,1261112026-07-31,12611,2026-07-31,CANCELED,,
2026-08-01T05:41:23Z,1261112026-07-31,12611,2026-07-31,CANCELED,,
2026-08-01T05:41:23Z,1268912026-07-31,12689,2026-07-31,CANCELED,,
2026-08-01T05:41:23Z,1300212026-07-31,13002,2026-07-31,CANCELED,,
2026-08-01T05:46:25Z,1504012026-07-31,15040,2026-07-31,SCHEDULED,780,13.0
2026-08-01T05:46:25Z,0506422026-07-31,05064,2026-07-31,SCHEDULED,0,0.0
2026-08-01T05:46:25Z,0506412026-07-31,05064,2026-07-31,SCHEDULED,0,0.0
2026-08-01T05:46:25Z,1504112026-07-31,15041,2026-07-31,SCHEDULED,300,5.0
2026-08-01T05:46:25Z,0507512026-07-31,05075,2026-07-31,SCHEDULED,-60,-1.0
2026-08-01T05:46:25Z,1562122026-07-31,15621,2026-07-31,SCHEDULED,60,1.0
2026-08-01T05:46:25Z,1564812026-07-31,15648,2026-07-31,SCHEDULED,0,0.0
2026-08-01T05:46:25Z,1577212026-07-31,15772,2026-07-31,SCHEDULED,-360,-6.0
2026-08-01T05:46:25Z,0508012026-07-31,05080,2026-07-31,SCHEDULED,1260,21.0
2026-08-01T05:46:25Z,0508032026-07-31,05080,2026-07-31,SCHEDULED,1260,21.0
2026-08-01T05:46:25Z,0508022026-07-31,05080,2026-07-31,SCHEDULED,1260,21.0
2026-08-01T05:46:25Z,1585012026-07-31,15850,2026-07-31,SCHEDULED,60,1.0
2026-08-01T05:46:25Z,0566812026-07-31,05668,2026-07-31,SCHEDULED,0,0.0
2026-08-01T05:46:25Z,1585212026-07-31,15852,2026-07-31,SCHEDULED,540,9.0
2026-08-01T05:46:25Z,0587112026-07-31,05871,2026-07-31,SCHEDULED,240,4.0
2026-08-01T05:46:25Z,1590212026-07-31,15902,2026-07-31,SCHEDULED,2340,39.0
2026-08-01T05:46:25Z,0827512026-07-31,08275,2026-07-31,SCHEDULED,120,2.0
2026-08-01T05:46:25Z,0847512026-07-31,08475,2026-07-31,SCHEDULED,240,4.0
2026-08-01T05:46:25Z,3586912026-07-31,35869,2026-07-31,SCHEDULED,0,0.0
2026-08-01T05:46:25Z,1801012026-07-31,18010,2026-07-31,SCHEDULED,1380,23.0
2026-08-01T05:46:25Z,1801022026-07-31,18010,2026-07-31,SCHEDULED,1380,23.0
2026-08-01T05:46:25Z,1801032026-07-31,18010,2026-07-31,SCHEDULED,1380,23.0
2026-08-01T05:46:25Z,0907212026-07-31,09072,2026-07-31,SCHEDULED,-180,-3.0
2026-08-01T05:46:25Z,1601812026-07-31,16018,2026-07-31,SCHEDULED,600,10.0
2026-08-01T05:46:25Z,0907312026-07-31,09073,2026-07-31,SCHEDULED,0,0.0
2026-08-01T05:46:25Z,1770312026-07-31,17703,2026-07-31,SCHEDULED,420,7.0
2026-08-01T05:46:25Z,1264112026-07-31,12641,2026-07-31,SCHEDULED,0,0.0
2026-08-01T05:46:25Z,0407122026-08-01,04071,2026-08-01,SCHEDULED,840,14.0
2026-08-01T05:46:25Z,0407112026-08-01,04071,2026-08-01,SCHEDULED,840,14.0
2026-08-01T05:46:25Z,1264412026-07-31,12644,2026-07-31,SCHEDULED,120,2.0
2026-08-01T05:46:25Z,0207412026-08-01,02074,2026-08-01,SCHEDULED,0,0.0
2026-08-01T05:46:25Z,1268012026-07-31,12680,2026-07-31,SCHEDULED,0,0.0
2026-08-01T05:46:25Z,0109212026-07-31,01092,2026-07-31,SCHEDULED,180,3.0
2026-08-01T05:46:25Z,1268912026-07-31,12689,2026-07-31,SCHEDULED,0,0.0
2026-08-01T05:46:25Z,0527312026-07-31,05273,2026-07-31,SCHEDULED,60,1.0
2026-08-01T05:46:25Z,1300322026-07-31,13003,2026-07-31,SCHEDULED,480,8.0
2026-08-01T05:46:25Z,1304112026-07-31,13041,2026-07-31,SCHEDULED,-180,-3.0
2026-08-01T05:46:25Z,0429522026-07-31,04295,2026-07-31,SCHEDULED,0,0.0
2026-08-01T05:46:25Z,0429512026-07-31,04295,2026-07-31,SCHEDULED,0,0.0
2026-08-01T05:46:25Z,1395112026-07-31,13951,2026-07-31,SCHEDULED,60,1.0
2026-08-01T05:46:25Z,1320312026-07-31,13203,2026-07-31,SCHEDULED,240,4.0
2026-08-01T05:46:25Z,0576312026-07-31,05763,2026-07-31,SCHEDULED,-240,-4.0
2026-08-01T05:46:25Z,1390012026-08-01,13900,2026-08-01,SCHEDULED,180,3.0
2026-08-01T05:46:25Z,0418612026-08-01,04186,2026-08-01,SCHEDULED,240,4.0
2026-08-01T05:46:25Z,0418632026-08-01,04186,2026-08-01,SCHEDULED,240,4.0
2026-08-01T05:46:25Z,0418622026-08-01,04186,2026-08-01,SCHEDULED,240,4.0
2026-08-01T05:46:25Z,0408712026-08-01,04087,2026-08-01,SCHEDULED,60,1.0
2026-08-01T05:46:25Z,1412322026-07-31,14123,2026-07-31,SCHEDULED,60,1.0
2026-08-01T05:46:25Z,1412342026-07-31,14123,2026-07-31,SCHEDULED,60,1.0
2026-08-01T05:46:25Z,1412332026-07-31,14123,2026-07-31,SCHEDULED,60,1.0
2026-08-01T05:46:25Z,1781212026-07-31,17812,2026-07-31,SCHEDULED,0,0.0
2026-08-01T05:46:25Z,1210122026-07-31,12101,2026-07-31,SCHEDULED,1080,18.0
2026-08-01T05:46:25Z,1891012026-07-31,18910,2026-07-31,SCHEDULED,600,10.0
2026-08-01T05:46:25Z,1248012026-07-31,12480,2026-07-31,SCHEDULED,-60,-1.0
2026-08-01T05:46:25Z,1503022026-07-31,15030,2026-07-31,SCHEDULED,660,11.0
2026-08-01T05:46:25Z,1261312026-07-31,12613,2026-07-31,SCHEDULED,60,1.0
2026-08-01T05:46:25Z,1503112026-07-31,15031,2026-07-31,SCHEDULED,60,1.0
2026-08-01T05:46:25Z,1600012026-07-31,16000,2026-07-31,SCHEDULED,180,3.0
2026-08-01T05:46:25Z,0411422026-08-01,04114,2026-08-01,SCHEDULED,60,1.0
2026-08-01T05:46:25Z,0411412026-08-01,04114,2026-08-01,SCHEDULED,60,1.0
2026-08-01T05:46:25Z,1702112026-07-31,17021,2026-07-31,SCHEDULED,60,1.0
2026-08-01T05:46:25Z,1702122026-07-31,17021,2026-07-31,SCHEDULED,60,1.0
2026-08-01T05:46:25Z,1702132026-07-31,17021,2026-07-31,SCHEDULED,60,1.0
2026-08-01T05:46:25Z,1443522026-07-31,14435,2026-07-31,SCHEDULED,300,5.0
2026-08-01T05:46:25Z,0891512026-07-31,08915,2026-07-31,SCHEDULED,120,2.0
2026-08-01T05:46:25Z,0062122026-08-01,00621,2026-08-01,SCHEDULED,0,0.0
2026-08-01T05:46:25Z,0062132026-08-01,00621,2026-08-01,SCHEDULED,0,0.0
2026-08-01T05:46:25Z,0062152026-08-01,00621,2026-08-01,SCHEDULED,0,0.0
2026-08-01T05:46:25Z,0062112026-08-01,00621,2026-08-01,SCHEDULED,0,0.0
2026-08-01T05:46:25Z,0062142026-08-01,00621,2026-08-01,SCHEDULED,0,0.0
2026-08-01T05:46:25Z,7180012026-07-31,71800,2026-07-31,SCHEDULED,0,0.0
2026-08-01T05:46:25Z,7183012026-07-31,71830,2026-07-31,SCHEDULED,-240,-4.0
2026-08-01T05:46:25Z,1804912026-07-31,18049,2026-07-31,SCHEDULED,120,2.0
2026-08-01T05:46:25Z,0063142026-08-01,00631,2026-08-01,SCHEDULED,180,3.0
2026-08-01T05:46:25Z,0063132026-08-01,00631,2026-08-01,SCHEDULED,180,3.0
2026-08-01T05:46:25Z,0063112026-08-01,00631,2026-08-01,SCHEDULED,180,3.0
2026-08-01T05:46:25Z,0063122026-08-01,00631,2026-08-01,SCHEDULED,180,3.0
2026-08-01T05:46:25Z,1805412026-07-31,18054,2026-07-31,SCHEDULED,60,1.0
2026-08-01T05:46:25Z,0107212026-07-31,01072,2026-07-31,SCHEDULED,60,1.0
2026-08-01T05:46:25Z,1807112026-07-31,18071,2026-07-31,SCHEDULED,-60,-1.0
2026-08-01T05:46:25Z,0206112026-07-31,02061,2026-07-31,SCHEDULED,540,9.0
2026-08-01T05:46:25Z,0207012026-07-31,02070,2026-07-31,SCHEDULED,-120,-2.0
2026-08-01T05:46:25Z,1800222026-07-31,18002,2026-07-31,SCHEDULED,0,0.0
2026-08-01T05:46:25Z,0207112026-07-31,02071,2026-07-31,SCHEDULED,180,3.0
2026-08-01T05:46:25Z,1806612026-07-31,18066,2026-07-31,SCHEDULED,0,0.0
2026-08-01T05:46:25Z,0207512026-08-01,02075,2026-08-01,SCHEDULED,780,13.0
2026-08-01T05:46:25Z,1812012026-07-31,18120,2026-07-31,SCHEDULED,240,4.0
2026-08-01T05:46:25Z,0207212026-07-31,02072,2026-07-31,SCHEDULED,960,16.0
2026-08-01T05:46:25Z,1812112026-07-31,18121,2026-07-31,SCHEDULED,-60,-1.0
2026-08-01T05:46:25Z,0207712026-07-31,02077,2026-07-31,SCHEDULED,0,0.0
2026-08-01T05:46:25Z,1812312026-07-31,18123,2026-07-31,SCHEDULED,600,10.0
2026-08-01T05:46:25Z,0207322026-07-31,02073,2026-07-31,SCHEDULED,180,3.0
2026-08-01T05:46:25Z,1832122026-07-31,18321,2026-07-31,SCHEDULED,0,0.0
2026-08-01T05:46:25Z,0306212026-07-31,03062,2026-07-31,SCHEDULED,0,0.0
2026-08-01T05:46:25Z,1833122026-07-31,18331,2026-07-31,SCHEDULED,60,1.0
2026-08-01T05:46:25Z,0307322026-07-31,03073,2026-07-31,SCHEDULED,0,0.0
2026-08-01T05:46:25Z,0307312026-07-31,03073,2026-07-31,SCHEDULED,0,0.0
2026-08-01T05:46:25Z,0306212026-07-31,03062,2026-07-31,SCHEDULED,300,5.0
2026-08-01T05:46:25Z,0331112026-07-31,03311,2026-07-31,SCHEDULED,0,0.0
2026-08-01T05:46:25Z,0408832026-08-01,04088,2026-08-01,SCHEDULED,-60,-1.0
2026-08-01T05:46:25Z,0408812026-08-01,04088,2026-08-01,SCHEDULED,-60,-1.0
2026-08-01T05:46:25Z,0407222026-08-01,04072,2026-08-01,SCHEDULED,240,4.0
2026-08-01T05:46:25Z,0407212026-08-01,04072,2026-08-01,SCHEDULED,240,4.0
2026-08-01T05:46:25Z,0446412026-07-31,04464,2026-07-31,SCHEDULED,-60,-1.0
2026-08-01T05:46:25Z,0415422026-07-31,04154,2026-07-31,SCHEDULED,180,3.0
2026-08-01T05:46:25Z,0415412026-07-31,04154,2026-07-31,SCHEDULED,180,3.0
2026-08-01T05:46:25Z,0436412026-07-31,04364,2026-07-31,SCHEDULED,120,2.0
2026-08-01T05:46:25Z,1810522026-07-31,18105,2026-07-31,CANCELED,,
2026-08-01T05:46:25Z,3810512026-07-31,38105,2026-07-31,CANCELED,,
2026-08-01T05:46:25Z,1821712026-07-31,18217,2026-07-31,CANCELED,,
2026-08-01T05:46:25Z,1821812026-07-31,18218,2026-07-31,CANCELED,,
2026-08-01T05:46:25Z,1833012026-07-31,18330,2026-07-31,CANCELED,,
2026-08-01T05:46:25Z,1504212026-07-31,15042,2026-07-31,CANCELED,,
2026-08-01T05:46:25Z,3890512026-08-01,38905,2026-08-01,CANCELED,,
2026-08-01T05:46:25Z,1308932026-07-31,13089,2026-07-31,CANCELED,,
2026-08-01T05:46:25Z,1810012026-07-31,18100,2026-07-31,CANCELED,,
2026-08-01T05:46:25Z,3850012026-07-31,38500,2026-07-31,CANCELED,,
2026-08-01T05:46:25Z,1303512026-07-31,13035,2026-07-31,CANCELED,,
2026-08-01T05:46:25Z,1803512026-07-31,18035,2026-07-31,CANCELED,,
2026-08-01T05:46:25Z,1325822026-07-31,13258,2026-07-31,CANCELED,,
2026-08-01T05:46:25Z,1833122026-07-31,18331,2026-07-31,CANCELED,,
2026-08-01T05:46:25Z,7185512026-07-31,71855,2026-07-31,CANCELED,,
2026-08-01T05:46:25Z,1307912026-07-31,13079,2026-07-31,CANCELED,,
2026-08-01T05:46:25Z,1303222026-07-31,13032,2026-07-31,CANCELED,,
2026-08-01T05:46:25Z,1303112026-07-31,13031,2026-07-31,CANCELED,,
2026-08-01T05:46:25Z,1320812026-07-31,13208,2026-07-31,CANCELED,,
2026-08-01T05:46:25Z,1321922026-07-31,13219,2026-07-31,CANCELED,,
2026-08-01T05:46:25Z,1390212026-08-01,13902,2026-08-01,CANCELED,,
2026-08-01T05:46:25Z,3890212026-08-01,38902,2026-08-01,CANCELED,,
2026-08-01T05:46:25Z,1390412026-08-01,13904,2026-08-01,CANCELED,,
2026-08-01T05:46:25Z,1390412026-08-01,13904,2026-08-01,CANCELED,,
2026-08-01T05:46:25Z,1504312026-07-31,15043,2026-07-31,CANCELED,,
2026-08-01T05:46:25Z,3890412026-08-01,38904,2026-08-01,CANCELED,,
2026-08-01T05:46:25Z,1260812026-07-31,12608,2026-07-31,CANCELED,,
2026-08-01T05:46:25Z,3890412026-08-01,38904,2026-08-01,CANCELED,,
2026-08-01T05:46:25Z,1262312026-07-31,12623,2026-07-31,CANCELED,,
2026-08-01T05:46:25Z,1391012026-08-01,13910,2026-08-01,CANCELED,,
2026-08-01T05:46:25Z,1262312026-07-31,12623,2026-07-31,CANCELED,,
2026-08-01T05:46:25Z,1390512026-08-01,13905,2026-08-01,CANCELED,,
2026-08-01T05:46:25Z,1390512026-08-01,13905,2026-08-01,CANCELED,,
2026-08-01T05:46:25Z,3890512026-08-01,38905,2026-08-01,CANCELED,,
2026-08-01T05:46:25Z,1877712026-07-31,18777,2026-07-31,CANCELED,,
2026-08-01T05:46:25Z,0146012026-08-01,01460,2026-08-01,CANCELED,,
2026-08-01T05:46:25Z,0146022026-08-01,01460,2026-08-01,CANCELED,,
2026-08-01T05:46:25Z,0146032026-08-01,01460,2026-08-01,CANCELED,,
2026-08-01T05:46:25Z,3746012026-07-31,37460,2026-07-31,CANCELED,,
2026-08-01T05:46:25Z,0043812026-08-01,00438,2026-08-01,CANCELED,,
2026-08-01T05:46:25Z,0043832026-08-01,00438,2026-08-01,CANCELED,,
2026-08-01T05:46:25Z,0043822026-08-01,00438,2026-08-01,CANCELED,,
2026-08-01T05:46:25Z,3743812026-07-31,37438,2026-07-31,CANCELED,,
2026-08-01T05:46:25Z,0019222026-08-01,00192,2026-08-01,CANCELED,,
2026-08-01T05:46:25Z,0019212026-08-01,00192,2026-08-01,CANCELED,,
2026-08-01T05:46:25Z,3739212026-07-31,37392,2026-07-31,CANCELED,,
2026-08-01T05:46:25Z,3749212026-07-31,37492,2026-07-31,CANCELED,,
2026-08-01T05:46:25Z,3749222026-07-31,37492,2026-07-31,CANCELED,,
2026-08-01T05:46:25Z,1261112026-07-31,12611,2026-07-31,CANCELED,,
2026-08-01T05:46:25Z,1261112026-07-31,12611,2026-07-31,CANCELED,,
2026-08-01T05:46:25Z,1268912026-07-31,12689,2026-07-31,CANCELED,,
2026-08-01T05:46:25Z,1300212026-07-31,13002,2026-07-31,CANCELED,,
2026-08-01T05:51:22Z,1268012026-07-31,12680,2026-07-31,SCHEDULED,0,0.0
2026-08-01T05:51:22Z,1268912026-07-31,12689,2026-07-31,SCHEDULED,0,0.0
2026-08-01T05:51:22Z,0508012026-07-31,05080,2026-07-31,SCHEDULED,1200,20.0
2026-08-01T05:51:22Z,0508032026-07-31,05080,2026-07-31,SCHEDULED,1200,20.0
2026-08-01T05:51:22Z,0508022026-07-31,05080,2026-07-31,SCHEDULED,1200,20.0
2026-08-01T05:51:22Z,1300322026-07-31,13003,2026-07-31,SCHEDULED,480,8.0
2026-08-01T05:51:22Z,0566812026-07-31,05668,2026-07-31,SCHEDULED,0,0.0
2026-08-01T05:51:22Z,1304112026-07-31,13041,2026-07-31,SCHEDULED,60,1.0
2026-08-01T05:51:22Z,0587112026-07-31,05871,2026-07-31,SCHEDULED,300,5.0
2026-08-01T05:51:22Z,1395112026-07-31,13951,2026-07-31,SCHEDULED,0,0.0
2026-08-01T05:51:22Z,0827512026-07-31,08275,2026-07-31,SCHEDULED,240,4.0
2026-08-01T05:51:22Z,1320312026-07-31,13203,2026-07-31,SCHEDULED,240,4.0
2026-08-01T05:51:22Z,0847512026-07-31,08475,2026-07-31,SCHEDULED,0,0.0
2026-08-01T05:51:22Z,1390012026-08-01,13900,2026-08-01,SCHEDULED,120,2.0
2026-08-01T05:51:22Z,0907212026-07-31,09072,2026-07-31,SCHEDULED,-180,-3.0
2026-08-01T05:51:22Z,0907312026-07-31,09073,2026-07-31,SCHEDULED,0,0.0
2026-08-01T05:51:22Z,1412322026-07-31,14123,2026-07-31,SCHEDULED,120,2.0
2026-08-01T05:51:22Z,1412342026-07-31,14123,2026-07-31,SCHEDULED,120,2.0
2026-08-01T05:51:22Z,1412332026-07-31,14123,2026-07-31,SCHEDULED,120,2.0
2026-08-01T05:51:22Z,0407122026-08-01,04071,2026-08-01,SCHEDULED,600,10.0
2026-08-01T05:51:22Z,0407112026-08-01,04071,2026-08-01,SCHEDULED,600,10.0
2026-08-01T05:51:22Z,1504012026-07-31,15040,2026-07-31,SCHEDULED,780,13.0
2026-08-01T05:51:22Z,0207412026-08-01,02074,2026-08-01,SCHEDULED,0,0.0
2026-08-01T05:51:22Z,1504112026-07-31,15041,2026-07-31,SCHEDULED,240,4.0
2026-08-01T05:51:22Z,0109212026-07-31,01092,2026-07-31,SCHEDULED,120,2.0
2026-08-01T05:51:22Z,1521212026-07-31,15212,2026-07-31,SCHEDULED,60,1.0
2026-08-01T05:51:22Z,0407312026-08-01,04073,2026-08-01,SCHEDULED,540,9.0
2026-08-01T05:51:22Z,0527312026-07-31,05273,2026-07-31,SCHEDULED,0,0.0
2026-08-01T05:51:22Z,1562122026-07-31,15621,2026-07-31,SCHEDULED,60,1.0
2026-08-01T05:51:22Z,1564812026-07-31,15648,2026-07-31,SCHEDULED,0,0.0
2026-08-01T05:51:22Z,0429522026-07-31,04295,2026-07-31,SCHEDULED,240,4.0
2026-08-01T05:51:22Z,0429512026-07-31,04295,2026-07-31,SCHEDULED,240,4.0
2026-08-01T05:51:22Z,1577212026-07-31,15772,2026-07-31,SCHEDULED,-360,-6.0
2026-08-01T05:51:22Z,0069712026-08-01,00697,2026-08-01,SCHEDULED,180,3.0
2026-08-01T05:51:22Z,1585012026-07-31,15850,2026-07-31,SCHEDULED,0,0.0
2026-08-01T05:51:22Z,1585212026-07-31,15852,2026-07-31,SCHEDULED,540,9.0
2026-08-01T05:51:22Z,0576312026-07-31,05763,2026-07-31,SCHEDULED,-240,-4.0
2026-08-01T05:51:22Z,1590212026-07-31,15902,2026-07-31,SCHEDULED,2280,38.0
2026-08-01T05:51:22Z,0418612026-08-01,04186,2026-08-01,SCHEDULED,180,3.0
2026-08-01T05:51:22Z,0418632026-08-01,04186,2026-08-01,SCHEDULED,180,3.0
2026-08-01T05:51:22Z,0418622026-08-01,04186,2026-08-01,SCHEDULED,180,3.0
2026-08-01T05:51:22Z,0408712026-08-01,04087,2026-08-01,SCHEDULED,0,0.0
2026-08-01T05:51:22Z,1801012026-07-31,18010,2026-07-31,SCHEDULED,1320,22.0
2026-08-01T05:51:22Z,1801022026-07-31,18010,2026-07-31,SCHEDULED,1320,22.0
2026-08-01T05:51:22Z,1801032026-07-31,18010,2026-07-31,SCHEDULED,1320,22.0
2026-08-01T05:51:22Z,1601812026-07-31,16018,2026-07-31,SCHEDULED,600,10.0
2026-08-01T05:51:22Z,1210122026-07-31,12101,2026-07-31,SCHEDULED,1080,18.0
2026-08-01T05:51:22Z,1770312026-07-31,17703,2026-07-31,SCHEDULED,420,7.0
2026-08-01T05:51:22Z,1248012026-07-31,12480,2026-07-31,SCHEDULED,-60,-1.0
2026-08-01T05:51:22Z,1261312026-07-31,12613,2026-07-31,SCHEDULED,60,1.0
2026-08-01T05:51:22Z,1804912026-07-31,18049,2026-07-31,SCHEDULED,120,2.0
2026-08-01T05:51:22Z,1264112026-07-31,12641,2026-07-31,SCHEDULED,0,0.0
2026-08-01T05:51:22Z,1805412026-07-31,18054,2026-07-31,SCHEDULED,60,1.0
2026-08-01T05:51:22Z,1264412026-07-31,12644,2026-07-31,SCHEDULED,120,2.0
2026-08-01T05:51:22Z,1891012026-07-31,18910,2026-07-31,SCHEDULED,600,10.0
2026-08-01T05:51:22Z,1503022026-07-31,15030,2026-07-31,SCHEDULED,360,6.0
2026-08-01T05:51:22Z,0411422026-08-01,04114,2026-08-01,SCHEDULED,0,0.0
2026-08-01T05:51:22Z,0411412026-08-01,04114,2026-08-01,SCHEDULED,0,0.0
2026-08-01T05:51:22Z,1503112026-07-31,15031,2026-07-31,SCHEDULED,60,1.0
2026-08-01T05:51:22Z,1600012026-07-31,16000,2026-07-31,SCHEDULED,480,8.0
2026-08-01T05:51:22Z,1702112026-07-31,17021,2026-07-31,SCHEDULED,60,1.0
2026-08-01T05:51:22Z,1702122026-07-31,17021,2026-07-31,SCHEDULED,60,1.0
2026-08-01T05:51:22Z,1702132026-07-31,17021,2026-07-31,SCHEDULED,60,1.0
2026-08-01T05:51:22Z,0062122026-08-01,00621,2026-08-01,SCHEDULED,60,1.0
2026-08-01T05:51:22Z,0062132026-08-01,00621,2026-08-01,SCHEDULED,60,1.0
2026-08-01T05:51:22Z,0062152026-08-01,00621,2026-08-01,SCHEDULED,60,1.0
2026-08-01T05:51:22Z,0062112026-08-01,00621,2026-08-01,SCHEDULED,60,1.0
2026-08-01T05:51:22Z,0062142026-08-01,00621,2026-08-01,SCHEDULED,60,1.0
2026-08-01T05:51:22Z,1443522026-07-31,14435,2026-07-31,SCHEDULED,360,6.0
2026-08-01T05:51:22Z,1563222026-07-31,15632,2026-07-31,SCHEDULED,300,5.0
2026-08-01T05:51:22Z,0891512026-07-31,08915,2026-07-31,SCHEDULED,60,1.0
2026-08-01T05:51:22Z,0948012026-07-31,09480,2026-07-31,SCHEDULED,60,1.0
2026-08-01T05:51:22Z,0063142026-08-01,00631,2026-08-01,SCHEDULED,240,4.0
2026-08-01T05:51:22Z,0063132026-08-01,00631,2026-08-01,SCHEDULED,240,4.0
2026-08-01T05:51:22Z,0063112026-08-01,00631,2026-08-01,SCHEDULED,240,4.0
2026-08-01T05:51:22Z,0063122026-08-01,00631,2026-08-01,SCHEDULED,240,4.0
2026-08-01T05:51:22Z,7180012026-07-31,71800,2026-07-31,SCHEDULED,0,0.0
2026-08-01T05:51:22Z,0107212026-07-31,01072,2026-07-31,SCHEDULED,120,2.0
2026-08-01T05:51:22Z,0206112026-07-31,02061,2026-07-31,SCHEDULED,540,9.0
2026-08-01T05:51:22Z,7183012026-07-31,71830,2026-07-31,SCHEDULED,240,4.0
2026-08-01T05:51:22Z,0207012026-07-31,02070,2026-07-31,SCHEDULED,-180,-3.0
2026-08-01T05:51:22Z,1807112026-07-31,18071,2026-07-31,SCHEDULED,0,0.0
2026-08-01T05:51:22Z,0207112026-07-31,02071,2026-07-31,SCHEDULED,180,3.0
2026-08-01T05:51:22Z,0207512026-08-01,02075,2026-08-01,SCHEDULED,780,13.0
2026-08-01T05:51:22Z,1800222026-07-31,18002,2026-07-31,SCHEDULED,0,0.0
2026-08-01T05:51:22Z,0207212026-07-31,02072,2026-07-31,SCHEDULED,1020,17.0
2026-08-01T05:51:22Z,1806612026-07-31,18066,2026-07-31,SCHEDULED,0,0.0
2026-08-01T05:51:22Z,0207712026-07-31,02077,2026-07-31,SCHEDULED,0,0.0
2026-08-01T05:51:22Z,1812012026-07-31,18120,2026-07-31,SCHEDULED,360,6.0
2026-08-01T05:51:22Z,0207322026-07-31,02073,2026-07-31,SCHEDULED,420,7.0
2026-08-01T05:51:22Z,1812112026-07-31,18121,2026-07-31,SCHEDULED,0,0.0
2026-08-01T05:51:22Z,0306212026-07-31,03062,2026-07-31,SCHEDULED,0,0.0
2026-08-01T05:51:22Z,1812312026-07-31,18123,2026-07-31,SCHEDULED,600,10.0
2026-08-01T05:51:22Z,1832122026-07-31,18321,2026-07-31,SCHEDULED,0,0.0
2026-08-01T05:51:22Z,0307322026-07-31,03073,2026-07-31,SCHEDULED,60,1.0
2026-08-01T05:51:22Z,0307312026-07-31,03073,2026-07-31,SCHEDULED,60,1.0
2026-08-01T05:51:22Z,1870112026-07-31,18701,2026-07-31,SCHEDULED,-60,-1.0
2026-08-01T05:51:22Z,0306212026-07-31,03062,2026-07-31,SCHEDULED,240,4.0
2026-08-01T05:51:22Z,0331112026-07-31,03311,2026-07-31,SCHEDULED,-180,-3.0
2026-08-01T05:51:22Z,1833122026-07-31,18331,2026-07-31,SCHEDULED,60,1.0
2026-08-01T05:51:22Z,1781212026-07-31,17812,2026-07-31,SCHEDULED,60,1.0
2026-08-01T05:51:22Z,1890012026-07-31,18900,2026-07-31,SCHEDULED,120,2.0
2026-08-01T05:51:22Z,0408832026-08-01,04088,2026-08-01,SCHEDULED,-180,-3.0
2026-08-01T05:51:22Z,0408812026-08-01,04088,2026-08-01,SCHEDULED,-180,-3.0
2026-08-01T05:51:22Z,0407222026-08-01,04072,2026-08-01,SCHEDULED,240,4.0
2026-08-01T05:51:22Z,0407212026-08-01,04072,2026-08-01,SCHEDULED,240,4.0
2026-08-01T05:51:22Z,0446412026-07-31,04464,2026-07-31,SCHEDULED,0,0.0
2026-08-01T05:51:22Z,0415422026-07-31,04154,2026-07-31,SCHEDULED,180,3.0
2026-08-01T05:51:22Z,0415412026-07-31,04154,2026-07-31,SCHEDULED,180,3.0
2026-08-01T05:51:22Z,0436412026-07-31,04364,2026-07-31,SCHEDULED,120,2.0
2026-08-01T05:51:22Z,0506422026-07-31,05064,2026-07-31,SCHEDULED,0,0.0
2026-08-01T05:51:22Z,0506412026-07-31,05064,2026-07-31,SCHEDULED,0,0.0
2026-08-01T05:51:22Z,0507512026-07-31,05075,2026-07-31,SCHEDULED,-60,-1.0
2026-08-01T05:51:22Z,1300212026-07-31,13002,2026-07-31,CANCELED,,
2026-08-01T05:51:22Z,3890512026-08-01,38905,2026-08-01,CANCELED,,
2026-08-01T05:51:22Z,1307912026-07-31,13079,2026-07-31,CANCELED,,
2026-08-01T05:51:22Z,3890512026-08-01,38905,2026-08-01,CANCELED,,
2026-08-01T05:51:22Z,1303222026-07-31,13032,2026-07-31,CANCELED,,
2026-08-01T05:51:22Z,1303112026-07-31,13031,2026-07-31,CANCELED,,
2026-08-01T05:51:22Z,1308932026-07-31,13089,2026-07-31,CANCELED,,
2026-08-01T05:51:22Z,1320812026-07-31,13208,2026-07-31,CANCELED,,
2026-08-01T05:51:22Z,1321922026-07-31,13219,2026-07-31,CANCELED,,
2026-08-01T05:51:22Z,1390212026-08-01,13902,2026-08-01,CANCELED,,
2026-08-01T05:51:22Z,3890212026-08-01,38902,2026-08-01,CANCELED,,
2026-08-01T05:51:22Z,1390412026-08-01,13904,2026-08-01,CANCELED,,
2026-08-01T05:51:22Z,1810012026-07-31,18100,2026-07-31,CANCELED,,
2026-08-01T05:51:22Z,1390412026-08-01,13904,2026-08-01,CANCELED,,
2026-08-01T05:51:22Z,3850012026-07-31,38500,2026-07-31,CANCELED,,
2026-08-01T05:51:22Z,3890412026-08-01,38904,2026-08-01,CANCELED,,
2026-08-01T05:51:22Z,3890412026-08-01,38904,2026-08-01,CANCELED,,
2026-08-01T05:51:22Z,1391012026-08-01,13910,2026-08-01,CANCELED,,
2026-08-01T05:51:22Z,1390512026-08-01,13905,2026-08-01,CANCELED,,
2026-08-01T05:51:22Z,1810522026-07-31,18105,2026-07-31,CANCELED,,
2026-08-01T05:51:22Z,1390512026-08-01,13905,2026-08-01,CANCELED,,
2026-08-01T05:51:22Z,3810512026-07-31,38105,2026-07-31,CANCELED,,
2026-08-01T05:51:22Z,1821712026-07-31,18217,2026-07-31,CANCELED,,
2026-08-01T05:51:22Z,1821812026-07-31,18218,2026-07-31,CANCELED,,
2026-08-01T05:51:22Z,0146012026-08-01,01460,2026-08-01,CANCELED,,
2026-08-01T05:51:22Z,0146022026-08-01,01460,2026-08-01,CANCELED,,
2026-08-01T05:51:22Z,0146032026-08-01,01460,2026-08-01,CANCELED,,
2026-08-01T05:51:22Z,3746012026-07-31,37460,2026-07-31,CANCELED,,
2026-08-01T05:51:22Z,1833012026-07-31,18330,2026-07-31,CANCELED,,
2026-08-01T05:51:22Z,0043812026-08-01,00438,2026-08-01,CANCELED,,
2026-08-01T05:51:22Z,0043822026-08-01,00438,2026-08-01,CANCELED,,
2026-08-01T05:51:22Z,0043832026-08-01,00438,2026-08-01,CANCELED,,
2026-08-01T05:51:22Z,1303512026-07-31,13035,2026-07-31,CANCELED,,
2026-08-01T05:51:22Z,3743812026-07-31,37438,2026-07-31,CANCELED,,
2026-08-01T05:51:22Z,1803512026-07-31,18035,2026-07-31,CANCELED,,
2026-08-01T05:51:22Z,0019222026-08-01,00192,2026-08-01,CANCELED,,
2026-08-01T05:51:22Z,0019212026-08-01,00192,2026-08-01,CANCELED,,
2026-08-01T05:51:22Z,1325822026-07-31,13258,2026-07-31,CANCELED,,
2026-08-01T05:51:22Z,1833122026-07-31,18331,2026-07-31,CANCELED,,
2026-08-01T05:51:22Z,3739212026-07-31,37392,2026-07-31,CANCELED,,
2026-08-01T05:51:22Z,7185512026-07-31,71855,2026-07-31,CANCELED,,
2026-08-01T05:51:22Z,1504212026-07-31,15042,2026-07-31,CANCELED,,
2026-08-01T05:51:22Z,3749222026-07-31,37492,2026-07-31,CANCELED,,
2026-08-01T05:51:22Z,3749212026-07-31,37492,2026-07-31,CANCELED,,
2026-08-01T05:51:22Z,1504312026-07-31,15043,2026-07-31,CANCELED,,
2026-08-01T05:51:22Z,1260812026-07-31,12608,2026-07-31,CANCELED,,
2026-08-01T05:51:22Z,0027622026-08-01,00276,2026-08-01,CANCELED,,
2026-08-01T05:51:22Z,0027612026-08-01,00276,2026-08-01,CANCELED,,
2026-08-01T05:51:22Z,1262312026-07-31,12623,2026-07-31,CANCELED,,
2026-08-01T05:51:22Z,3727612026-08-01,37276,2026-08-01,CANCELED,,
2026-08-01T05:51:22Z,1262312026-07-31,12623,2026-07-31,CANCELED,,
2026-08-01T05:51:22Z,1261112026-07-31,12611,2026-07-31,CANCELED,,
2026-08-01T05:51:22Z,1261112026-07-31,12611,2026-07-31,CANCELED,,
2026-08-01T05:51:22Z,1877712026-07-31,18777,2026-07-31,CANCELED,,
2026-08-01T05:51:22Z,1268912026-07-31,12689,2026-07-31,CANCELED,,
2026-08-01T05:56:22Z,1562122026-07-31,15621,2026-07-31,SCHEDULED,60,1.0
2026-08-01T05:56:22Z,1564812026-07-31,15648,2026-07-31,SCHEDULED,0,0.0
2026-08-01T05:56:22Z,0508012026-07-31,05080,2026-07-31,SCHEDULED,1140,19.0
2026-08-01T05:56:22Z,0508032026-07-31,05080,2026-07-31,SCHEDULED,1140,19.0
2026-08-01T05:56:22Z,0508022026-07-31,05080,2026-07-31,SCHEDULED,1140,19.0
2026-08-01T05:56:22Z,1580012026-07-31,15800,2026-07-31,SCHEDULED,360,6.0
2026-08-01T05:56:22Z,0566812026-07-31,05668,2026-07-31,SCHEDULED,0,0.0
2026-08-01T05:56:22Z,1585012026-07-31,15850,2026-07-31,SCHEDULED,-60,-1.0
2026-08-01T05:56:22Z,1585212026-07-31,15852,2026-07-31,SCHEDULED,540,9.0
2026-08-01T05:56:22Z,0587112026-07-31,05871,2026-07-31,SCHEDULED,420,7.0
2026-08-01T05:56:22Z,1590212026-07-31,15902,2026-07-31,SCHEDULED,2100,35.0
2026-08-01T05:56:22Z,0808512026-07-31,08085,2026-07-31,SCHEDULED,120,2.0
2026-08-01T05:56:22Z,0827512026-07-31,08275,2026-07-31,SCHEDULED,240,4.0
2026-08-01T05:56:22Z,0847512026-07-31,08475,2026-07-31,SCHEDULED,-180,-3.0
2026-08-01T05:56:22Z,1801012026-07-31,18010,2026-07-31,SCHEDULED,1320,22.0
2026-08-01T05:56:22Z,1801022026-07-31,18010,2026-07-31,SCHEDULED,1320,22.0
2026-08-01T05:56:22Z,1801032026-07-31,18010,2026-07-31,SCHEDULED,1320,22.0
2026-08-01T05:56:22Z,0907212026-07-31,09072,2026-07-31,SCHEDULED,-180,-3.0
2026-08-01T05:56:22Z,1601812026-07-31,16018,2026-07-31,SCHEDULED,600,10.0
2026-08-01T05:56:22Z,0907312026-07-31,09073,2026-07-31,SCHEDULED,0,0.0
2026-08-01T05:56:22Z,1770312026-07-31,17703,2026-07-31,SCHEDULED,420,7.0
2026-08-01T05:56:22Z,1801812026-07-31,18018,2026-07-31,SCHEDULED,0,0.0
2026-08-01T05:56:22Z,0407122026-08-01,04071,2026-08-01,SCHEDULED,480,8.0
2026-08-01T05:56:22Z,0407112026-08-01,04071,2026-08-01,SCHEDULED,480,8.0
2026-08-01T05:56:22Z,0207412026-08-01,02074,2026-08-01,SCHEDULED,0,0.0
2026-08-01T05:56:22Z,1804912026-07-31,18049,2026-07-31,SCHEDULED,120,2.0
2026-08-01T05:56:22Z,0109212026-07-31,01092,2026-07-31,SCHEDULED,0,0.0
2026-08-01T05:56:22Z,0407312026-08-01,04073,2026-08-01,SCHEDULED,540,9.0
2026-08-01T05:56:22Z,1805412026-07-31,18054,2026-07-31,SCHEDULED,120,2.0
2026-08-01T05:56:22Z,1268012026-07-31,12680,2026-07-31,SCHEDULED,0,0.0
2026-08-01T05:56:22Z,1268912026-07-31,12689,2026-07-31,SCHEDULED,0,0.0
2026-08-01T05:56:22Z,0309222026-07-31,03092,2026-07-31,SCHEDULED,0,0.0
2026-08-01T05:56:22Z,0309212026-07-31,03092,2026-07-31,SCHEDULED,0,0.0
2026-08-01T05:56:22Z,1296112026-07-31,12961,2026-07-31,SCHEDULED,60,1.0
2026-08-01T05:56:22Z,0527312026-07-31,05273,2026-07-31,SCHEDULED,-60,-1.0
2026-08-01T05:56:22Z,1300322026-07-31,13003,2026-07-31,SCHEDULED,480,8.0
2026-08-01T05:56:22Z,0429522026-07-31,04295,2026-07-31,SCHEDULED,240,4.0
2026-08-01T05:56:22Z,0429512026-07-31,04295,2026-07-31,SCHEDULED,240,4.0
2026-08-01T05:56:22Z,1304112026-07-31,13041,2026-07-31,SCHEDULED,120,2.0
2026-08-01T05:56:22Z,0069712026-08-01,00697,2026-08-01,SCHEDULED,240,4.0
2026-08-01T05:56:22Z,1395112026-07-31,13951,2026-07-31,SCHEDULED,-120,-2.0
2026-08-01T05:56:22Z,1320312026-07-31,13203,2026-07-31,SCHEDULED,360,6.0
2026-08-01T05:56:22Z,0576312026-07-31,05763,2026-07-31,SCHEDULED,-180,-3.0
2026-08-01T05:56:22Z,1390012026-08-01,13900,2026-08-01,SCHEDULED,120,2.0
2026-08-01T05:56:22Z,0418612026-08-01,04186,2026-08-01,SCHEDULED,180,3.0
2026-08-01T05:56:22Z,0418632026-08-01,04186,2026-08-01,SCHEDULED,180,3.0
2026-08-01T05:56:22Z,0418622026-08-01,04186,2026-08-01,SCHEDULED,180,3.0
2026-08-01T05:56:22Z,0408712026-08-01,04087,2026-08-01,SCHEDULED,0,0.0
2026-08-01T05:56:22Z,1412322026-07-31,14123,2026-07-31,SCHEDULED,120,2.0
2026-08-01T05:56:22Z,1412342026-07-31,14123,2026-07-31,SCHEDULED,120,2.0
2026-08-01T05:56:22Z,1412332026-07-31,14123,2026-07-31,SCHEDULED,120,2.0
2026-08-01T05:56:22Z,1504012026-07-31,15040,2026-07-31,SCHEDULED,900,15.0
2026-08-01T05:56:22Z,1210122026-07-31,12101,2026-07-31,SCHEDULED,1020,17.0
2026-08-01T05:56:22Z,1504112026-07-31,15041,2026-07-31,SCHEDULED,240,4.0
2026-08-01T05:56:22Z,1248012026-07-31,12480,2026-07-31,SCHEDULED,0,0.0
2026-08-01T05:56:22Z,1521212026-07-31,15212,2026-07-31,SCHEDULED,60,1.0
2026-08-01T05:56:22Z,1261312026-07-31,12613,2026-07-31,SCHEDULED,0,0.0
2026-08-01T05:56:22Z,1503022026-07-31,15030,2026-07-31,SCHEDULED,360,6.0
2026-08-01T05:56:22Z,1264112026-07-31,12641,2026-07-31,SCHEDULED,-60,-1.0
2026-08-01T05:56:22Z,1503112026-07-31,15031,2026-07-31,SCHEDULED,0,0.0
2026-08-01T05:56:22Z,1264412026-07-31,12644,2026-07-31,SCHEDULED,120,2.0
2026-08-01T05:56:22Z,1600012026-07-31,16000,2026-07-31,SCHEDULED,420,7.0
2026-08-01T05:56:22Z,0411422026-08-01,04114,2026-08-01,SCHEDULED,0,0.0
2026-08-01T05:56:22Z,0411412026-08-01,04114,2026-08-01,SCHEDULED,0,0.0
2026-08-01T05:56:22Z,1702112026-07-31,17021,2026-07-31,SCHEDULED,-60,-1.0
2026-08-01T05:56:22Z,1702122026-07-31,17021,2026-07-31,SCHEDULED,-60,-1.0
2026-08-01T05:56:22Z,1702132026-07-31,17021,2026-07-31,SCHEDULED,-60,-1.0
2026-08-01T05:56:22Z,1401412026-07-31,14014,2026-07-31,SCHEDULED,0,0.0
2026-08-01T05:56:22Z,1443522026-07-31,14435,2026-07-31,SCHEDULED,300,5.0
2026-08-01T05:56:22Z,0062122026-08-01,00621,2026-08-01,SCHEDULED,0,0.0
2026-08-01T05:56:22Z,0062132026-08-01,00621,2026-08-01,SCHEDULED,0,0.0
2026-08-01T05:56:22Z,0062152026-08-01,00621,2026-08-01,SCHEDULED,0,0.0
2026-08-01T05:56:22Z,0062112026-08-01,00621,2026-08-01,SCHEDULED,0,0.0
2026-08-01T05:56:22Z,0062142026-08-01,00621,2026-08-01,SCHEDULED,0,0.0
2026-08-01T05:56:22Z,1563222026-07-31,15632,2026-07-31,SCHEDULED,300,5.0
2026-08-01T05:56:22Z,0891512026-07-31,08915,2026-07-31,SCHEDULED,60,1.0
2026-08-01T05:56:22Z,0948012026-07-31,09480,2026-07-31,SCHEDULED,60,1.0
2026-08-01T05:56:22Z,7180012026-07-31,71800,2026-07-31,SCHEDULED,0,0.0
2026-08-01T05:56:22Z,0063142026-08-01,00631,2026-08-01,SCHEDULED,240,4.0
2026-08-01T05:56:22Z,0063132026-08-01,00631,2026-08-01,SCHEDULED,240,4.0
2026-08-01T05:56:22Z,0063112026-08-01,00631,2026-08-01,SCHEDULED,240,4.0
2026-08-01T05:56:22Z,0063122026-08-01,00631,2026-08-01,SCHEDULED,240,4.0
2026-08-01T05:56:22Z,7183012026-07-31,71830,2026-07-31,SCHEDULED,240,4.0
2026-08-01T05:56:22Z,0107212026-07-31,01072,2026-07-31,SCHEDULED,0,0.0
2026-08-01T05:56:22Z,1807112026-07-31,18071,2026-07-31,SCHEDULED,120,2.0
2026-08-01T05:56:22Z,0206112026-07-31,02061,2026-07-31,SCHEDULED,540,9.0
2026-08-01T05:56:22Z,0207012026-07-31,02070,2026-07-31,SCHEDULED,-60,-1.0
2026-08-01T05:56:22Z,1800222026-07-31,18002,2026-07-31,SCHEDULED,0,0.0
2026-08-01T05:56:22Z,0207112026-07-31,02071,2026-07-31,SCHEDULED,540,9.0
2026-08-01T05:56:22Z,1806612026-07-31,18066,2026-07-31,SCHEDULED,0,0.0
2026-08-01T05:56:22Z,0207512026-08-01,02075,2026-08-01,SCHEDULED,720,12.0
2026-08-01T05:56:22Z,1812012026-07-31,18120,2026-07-31,SCHEDULED,360,6.0
2026-08-01T05:56:22Z,0207212026-07-31,02072,2026-07-31,SCHEDULED,1020,17.0
2026-08-01T05:56:22Z,1812112026-07-31,18121,2026-07-31,SCHEDULED,0,0.0
2026-08-01T05:56:22Z,0207712026-07-31,02077,2026-07-31,SCHEDULED,0,0.0
2026-08-01T05:56:22Z,1812312026-07-31,18123,2026-07-31,SCHEDULED,780,13.0
2026-08-01T05:56:22Z,0208312026-07-31,02083,2026-07-31,SCHEDULED,240,4.0
2026-08-01T05:56:22Z,0207322026-07-31,02073,2026-07-31,SCHEDULED,420,7.0
2026-08-01T05:56:22Z,1832122026-07-31,18321,2026-07-31,SCHEDULED,0,0.0
2026-08-01T05:56:22Z,0306212026-07-31,03062,2026-07-31,SCHEDULED,-60,-1.0
2026-08-01T05:56:22Z,1870112026-07-31,18701,2026-07-31,SCHEDULED,0,0.0
2026-08-01T05:56:22Z,0307322026-07-31,03073,2026-07-31,SCHEDULED,60,1.0
2026-08-01T05:56:22Z,0307312026-07-31,03073,2026-07-31,SCHEDULED,60,1.0
2026-08-01T05:56:22Z,1833122026-07-31,18331,2026-07-31,SCHEDULED,0,0.0
2026-08-01T05:56:22Z,0306212026-07-31,03062,2026-07-31,SCHEDULED,360,6.0
2026-08-01T05:56:22Z,1781212026-07-31,17812,2026-07-31,SCHEDULED,60,1.0
2026-08-01T05:56:22Z,0331112026-07-31,03311,2026-07-31,SCHEDULED,-180,-3.0
2026-08-01T05:56:22Z,1890012026-07-31,18900,2026-07-31,SCHEDULED,120,2.0
2026-08-01T05:56:22Z,1891012026-07-31,18910,2026-07-31,SCHEDULED,600,10.0
2026-08-01T05:56:22Z,0408832026-08-01,04088,2026-08-01,SCHEDULED,-120,-2.0
2026-08-01T05:56:22Z,0408812026-08-01,04088,2026-08-01,SCHEDULED,-120,-2.0
2026-08-01T05:56:22Z,0407222026-08-01,04072,2026-08-01,SCHEDULED,240,4.0
2026-08-01T05:56:22Z,0407212026-08-01,04072,2026-08-01,SCHEDULED,240,4.0
2026-08-01T05:56:22Z,0446412026-07-31,04464,2026-07-31,SCHEDULED,0,0.0
2026-08-01T05:56:22Z,0415422026-07-31,04154,2026-07-31,SCHEDULED,300,5.0
2026-08-01T05:56:22Z,0415412026-07-31,04154,2026-07-31,SCHEDULED,300,5.0
2026-08-01T05:56:22Z,0436412026-07-31,04364,2026-07-31,SCHEDULED,120,2.0
2026-08-01T05:56:22Z,0506422026-07-31,05064,2026-07-31,SCHEDULED,0,0.0
2026-08-01T05:56:22Z,0506412026-07-31,05064,2026-07-31,SCHEDULED,0,0.0
2026-08-01T05:56:22Z,0507512026-07-31,05075,2026-07-31,SCHEDULED,-120,-2.0
2026-08-01T05:56:22Z,3890512026-08-01,38905,2026-08-01,CANCELED,,
2026-08-01T05:56:22Z,3890512026-08-01,38905,2026-08-01,CANCELED,,
2026-08-01T05:56:22Z,1308932026-07-31,13089,2026-07-31,CANCELED,,
2026-08-01T05:56:22Z,1810012026-07-31,18100,2026-07-31,CANCELED,,
2026-08-01T05:56:22Z,3850012026-07-31,38500,2026-07-31,CANCELED,,
2026-08-01T05:56:22Z,1810522026-07-31,18105,2026-07-31,CANCELED,,
2026-08-01T05:56:22Z,3810512026-07-31,38105,2026-07-31,CANCELED,,
2026-08-01T05:56:22Z,1821712026-07-31,18217,2026-07-31,CANCELED,,
2026-08-01T05:56:22Z,1821812026-07-31,18218,2026-07-31,CANCELED,,
2026-08-01T05:56:22Z,1833012026-07-31,18330,2026-07-31,CANCELED,,
2026-08-01T05:56:22Z,1303512026-07-31,13035,2026-07-31,CANCELED,,
2026-08-01T05:56:22Z,1803512026-07-31,18035,2026-07-31,CANCELED,,
2026-08-01T05:56:22Z,1325822026-07-31,13258,2026-07-31,CANCELED,,
2026-08-01T05:56:22Z,1833122026-07-31,18331,2026-07-31,CANCELED,,
2026-08-01T05:56:22Z,7185512026-07-31,71855,2026-07-31,CANCELED,,
2026-08-01T05:56:22Z,1300212026-07-31,13002,2026-07-31,CANCELED,,
2026-08-01T05:56:22Z,1307912026-07-31,13079,2026-07-31,CANCELED,,
2026-08-01T05:56:22Z,1303222026-07-31,13032,2026-07-31,CANCELED,,
2026-08-01T05:56:22Z,1303112026-07-31,13031,2026-07-31,CANCELED,,
2026-08-01T05:56:22Z,1320812026-07-31,13208,2026-07-31,CANCELED,,
2026-08-01T05:56:22Z,1321922026-07-31,13219,2026-07-31,CANCELED,,
2026-08-01T05:56:22Z,1390212026-08-01,13902,2026-08-01,CANCELED,,
2026-08-01T05:56:22Z,3890212026-08-01,38902,2026-08-01,CANCELED,,
2026-08-01T05:56:22Z,1390412026-08-01,13904,2026-08-01,CANCELED,,
2026-08-01T05:56:22Z,1390412026-08-01,13904,2026-08-01,CANCELED,,
2026-08-01T05:56:22Z,3890412026-08-01,38904,2026-08-01,CANCELED,,
2026-08-01T05:56:22Z,3890412026-08-01,38904,2026-08-01,CANCELED,,
2026-08-01T05:56:22Z,1391012026-08-01,13910,2026-08-01,CANCELED,,
2026-08-01T05:56:22Z,1390512026-08-01,13905,2026-08-01,CANCELED,,
2026-08-01T05:56:22Z,1390512026-08-01,13905,2026-08-01,CANCELED,,
2026-08-01T05:56:22Z,0146012026-08-01,01460,2026-08-01,CANCELED,,
2026-08-01T05:56:22Z,0146022026-08-01,01460,2026-08-01,CANCELED,,
2026-08-01T05:56:22Z,0146032026-08-01,01460,2026-08-01,CANCELED,,
2026-08-01T05:56:22Z,3746012026-07-31,37460,2026-07-31,CANCELED,,
2026-08-01T05:56:22Z,0043812026-08-01,00438,2026-08-01,CANCELED,,
2026-08-01T05:56:22Z,0043822026-08-01,00438,2026-08-01,CANCELED,,
2026-08-01T05:56:22Z,0043832026-08-01,00438,2026-08-01,CANCELED,,
2026-08-01T05:56:22Z,3743812026-07-31,37438,2026-07-31,CANCELED,,
2026-08-01T05:56:22Z,0019222026-08-01,00192,2026-08-01,CANCELED,,
2026-08-01T05:56:22Z,0019212026-08-01,00192,2026-08-01,CANCELED,,
2026-08-01T05:56:22Z,3739212026-07-31,37392,2026-07-31,CANCELED,,
2026-08-01T05:56:22Z,3749222026-07-31,37492,2026-07-31,CANCELED,,
2026-08-01T05:56:22Z,3749212026-07-31,37492,2026-07-31,CANCELED,,
2026-08-01T05:56:22Z,0027622026-08-01,00276,2026-08-01,CANCELED,,
2026-08-01T05:56:22Z,0027612026-08-01,00276,2026-08-01,CANCELED,,
2026-08-01T05:56:22Z,3727612026-08-01,37276,2026-08-01,CANCELED,,
2026-08-01T05:56:22Z,1261112026-07-31,12611,2026-07-31,CANCELED,,
2026-08-01T05:56:22Z,1261112026-07-31,12611,2026-07-31,CANCELED,,
2026-08-01T05:56:22Z,1268912026-07-31,12689,2026-07-31,CANCELED,,
2026-08-01T05:56:22Z,1504212026-07-31,15042,2026-07-31,CANCELED,,
2026-08-01T05:56:22Z,1504312026-07-31,15043,2026-07-31,CANCELED,,
2026-08-01T05:56:22Z,1260812026-07-31,12608,2026-07-31,CANCELED,,
2026-08-01T05:56:22Z,1262312026-07-31,12623,2026-07-31,CANCELED,,
2026-08-01T05:56:22Z,1262312026-07-31,12623,2026-07-31,CANCELED,,
2026-08-01T05:56:22Z,1877712026-07-31,18777,2026-07-31,CANCELED,,
2026-08-01T06:01:48Z,1268912026-07-31,12689,2026-07-31,SCHEDULED,0,0.0
2026-08-01T06:01:48Z,0587112026-07-31,05871,2026-07-31,SCHEDULED,360,6.0
2026-08-01T06:01:48Z,1296112026-07-31,12961,2026-07-31,SCHEDULED,60,1.0
2026-08-01T06:01:48Z,0808512026-07-31,08085,2026-07-31,SCHEDULED,120,2.0
2026-08-01T06:01:48Z,0827512026-07-31,08275,2026-07-31,SCHEDULED,120,2.0
2026-08-01T06:01:48Z,1300322026-07-31,13003,2026-07-31,SCHEDULED,420,7.0
2026-08-01T06:01:48Z,0827812026-07-31,08278,2026-07-31,SCHEDULED,120,2.0
2026-08-01T06:01:48Z,1304112026-07-31,13041,2026-07-31,SCHEDULED,0,0.0
2026-08-01T06:01:48Z,0847512026-07-31,08475,2026-07-31,SCHEDULED,-180,-3.0
2026-08-01T06:01:48Z,1395112026-07-31,13951,2026-07-31,SCHEDULED,-120,-2.0
2026-08-01T06:01:48Z,1320312026-07-31,13203,2026-07-31,SCHEDULED,360,6.0
2026-08-01T06:01:48Z,0907212026-07-31,09072,2026-07-31,SCHEDULED,-180,-3.0
2026-08-01T06:01:48Z,1390012026-08-01,13900,2026-08-01,SCHEDULED,120,2.0
2026-08-01T06:01:48Z,0907312026-07-31,09073,2026-07-31,SCHEDULED,60,1.0
2026-08-01T06:01:48Z,0908212026-07-31,09082,2026-07-31,SCHEDULED,0,0.0
2026-08-01T06:01:48Z,0407122026-08-01,04071,2026-08-01,SCHEDULED,480,8.0
2026-08-01T06:01:48Z,0407112026-08-01,04071,2026-08-01,SCHEDULED,480,8.0
2026-08-01T06:01:48Z,1412322026-07-31,14123,2026-07-31,SCHEDULED,-180,-3.0
2026-08-01T06:01:48Z,1412342026-07-31,14123,2026-07-31,SCHEDULED,-180,-3.0
2026-08-01T06:01:48Z,1412332026-07-31,14123,2026-07-31,SCHEDULED,-180,-3.0
2026-08-01T06:01:48Z,0207412026-08-01,02074,2026-08-01,SCHEDULED,-60,-1.0
2026-08-01T06:01:48Z,1504012026-07-31,15040,2026-07-31,SCHEDULED,900,15.0
2026-08-01T06:01:48Z,0109212026-07-31,01092,2026-07-31,SCHEDULED,-60,-1.0
2026-08-01T06:01:48Z,1504112026-07-31,15041,2026-07-31,SCHEDULED,240,4.0
2026-08-01T06:01:48Z,0407312026-08-01,04073,2026-08-01,SCHEDULED,240,4.0
2026-08-01T06:01:48Z,1521212026-07-31,15212,2026-07-31,SCHEDULED,60,1.0
2026-08-01T06:01:48Z,0309222026-07-31,03092,2026-07-31,SCHEDULED,0,0.0
2026-08-01T06:01:48Z,0309212026-07-31,03092,2026-07-31,SCHEDULED,0,0.0
2026-08-01T06:01:48Z,1562122026-07-31,15621,2026-07-31,SCHEDULED,60,1.0
2026-08-01T06:01:48Z,1564812026-07-31,15648,2026-07-31,SCHEDULED,0,0.0
2026-08-01T06:01:48Z,0527312026-07-31,05273,2026-07-31,SCHEDULED,-60,-1.0
2026-08-01T06:01:48Z,1580012026-07-31,15800,2026-07-31,SCHEDULED,360,6.0
2026-08-01T06:01:48Z,1585012026-07-31,15850,2026-07-31,SCHEDULED,-120,-2.0
2026-08-01T06:01:48Z,0429522026-07-31,04295,2026-07-31,SCHEDULED,240,4.0
2026-08-01T06:01:48Z,0429512026-07-31,04295,2026-07-31,SCHEDULED,240,4.0
2026-08-01T06:01:48Z,1585212026-07-31,15852,2026-07-31,SCHEDULED,480,8.0
2026-08-01T06:01:48Z,0069712026-08-01,00697,2026-08-01,SCHEDULED,240,4.0
2026-08-01T06:01:48Z,1590212026-07-31,15902,2026-07-31,SCHEDULED,2040,34.0
2026-08-01T06:01:48Z,0576312026-07-31,05763,2026-07-31,SCHEDULED,-60,-1.0
2026-08-01T06:01:48Z,1801012026-07-31,18010,2026-07-31,SCHEDULED,1320,22.0
2026-08-01T06:01:48Z,1801022026-07-31,18010,2026-07-31,SCHEDULED,1320,22.0
2026-08-01T06:01:48Z,1801032026-07-31,18010,2026-07-31,SCHEDULED,1320,22.0
2026-08-01T06:01:48Z,0418612026-08-01,04186,2026-08-01,SCHEDULED,180,3.0
2026-08-01T06:01:48Z,0418632026-08-01,04186,2026-08-01,SCHEDULED,180,3.0
2026-08-01T06:01:48Z,0418622026-08-01,04186,2026-08-01,SCHEDULED,180,3.0
2026-08-01T06:01:48Z,1770312026-07-31,17703,2026-07-31,SCHEDULED,420,7.0
2026-08-01T06:01:48Z,1801812026-07-31,18018,2026-07-31,SCHEDULED,0,0.0
2026-08-01T06:01:48Z,0408712026-08-01,04087,2026-08-01,SCHEDULED,0,0.0
2026-08-01T06:01:48Z,1210122026-07-31,12101,2026-07-31,SCHEDULED,960,16.0
2026-08-01T06:01:48Z,1804912026-07-31,18049,2026-07-31,SCHEDULED,120,2.0
2026-08-01T06:01:48Z,1248012026-07-31,12480,2026-07-31,SCHEDULED,60,1.0
2026-08-01T06:01:48Z,1805412026-07-31,18054,2026-07-31,SCHEDULED,60,1.0
2026-08-01T06:01:48Z,1261312026-07-31,12613,2026-07-31,SCHEDULED,60,1.0
2026-08-01T06:01:48Z,1807112026-07-31,18071,2026-07-31,SCHEDULED,60,1.0
2026-08-01T06:01:48Z,1264112026-07-31,12641,2026-07-31,SCHEDULED,0,0.0
2026-08-01T06:01:48Z,1800222026-07-31,18002,2026-07-31,SCHEDULED,0,0.0
2026-08-01T06:01:48Z,1264412026-07-31,12644,2026-07-31,SCHEDULED,120,2.0
2026-08-01T06:01:48Z,1268012026-07-31,12680,2026-07-31,SCHEDULED,120,2.0
2026-08-01T06:01:48Z,1503022026-07-31,15030,2026-07-31,SCHEDULED,120,2.0
2026-08-01T06:01:48Z,1503112026-07-31,15031,2026-07-31,SCHEDULED,0,0.0
2026-08-01T06:01:48Z,0411422026-08-01,04114,2026-08-01,SCHEDULED,-60,-1.0
2026-08-01T06:01:48Z,0411412026-08-01,04114,2026-08-01,SCHEDULED,-60,-1.0
2026-08-01T06:01:48Z,1600012026-07-31,16000,2026-07-31,SCHEDULED,300,5.0
2026-08-01T06:01:48Z,1702112026-07-31,17021,2026-07-31,SCHEDULED,60,1.0
2026-08-01T06:01:48Z,1702122026-07-31,17021,2026-07-31,SCHEDULED,60,1.0
2026-08-01T06:01:48Z,1702132026-07-31,17021,2026-07-31,SCHEDULED,60,1.0
2026-08-01T06:01:48Z,1401412026-07-31,14014,2026-07-31,SCHEDULED,0,0.0
2026-08-01T06:01:48Z,0062122026-08-01,00621,2026-08-01,SCHEDULED,0,0.0
2026-08-01T06:01:48Z,0062132026-08-01,00621,2026-08-01,SCHEDULED,0,0.0
2026-08-01T06:01:48Z,0062152026-08-01,00621,2026-08-01,SCHEDULED,0,0.0
2026-08-01T06:01:48Z,0062112026-08-01,00621,2026-08-01,SCHEDULED,0,0.0
2026-08-01T06:01:48Z,0062142026-08-01,00621,2026-08-01,SCHEDULED,0,0.0
2026-08-01T06:01:48Z,1443522026-07-31,14435,2026-07-31,SCHEDULED,360,6.0
2026-08-01T06:01:48Z,1563222026-07-31,15632,2026-07-31,SCHEDULED,360,6.0
2026-08-01T06:01:48Z,0891512026-07-31,08915,2026-07-31,SCHEDULED,120,2.0
2026-08-01T06:01:48Z,0063142026-08-01,00631,2026-08-01,SCHEDULED,360,6.0
2026-08-01T06:01:48Z,0063132026-08-01,00631,2026-08-01,SCHEDULED,360,6.0
2026-08-01T06:01:48Z,0063112026-08-01,00631,2026-08-01,SCHEDULED,360,6.0
2026-08-01T06:01:48Z,0063122026-08-01,00631,2026-08-01,SCHEDULED,360,6.0
2026-08-01T06:01:48Z,0948012026-07-31,09480,2026-07-31,SCHEDULED,0,0.0
2026-08-01T06:01:48Z,0107212026-07-31,01072,2026-07-31,SCHEDULED,60,1.0
2026-08-01T06:01:48Z,7180012026-07-31,71800,2026-07-31,SCHEDULED,0,0.0
2026-08-01T06:01:48Z,0206112026-07-31,02061,2026-07-31,SCHEDULED,420,7.0
2026-08-01T06:01:48Z,7183012026-07-31,71830,2026-07-31,SCHEDULED,240,4.0
2026-08-01T06:01:48Z,0207012026-07-31,02070,2026-07-31,SCHEDULED,-60,-1.0
2026-08-01T06:01:48Z,0207112026-07-31,02071,2026-07-31,SCHEDULED,360,6.0
2026-08-01T06:01:48Z,7183112026-07-31,71831,2026-07-31,SCHEDULED,0,0.0
2026-08-01T06:01:48Z,0207512026-08-01,02075,2026-08-01,SCHEDULED,720,12.0
2026-08-01T06:01:48Z,1806612026-07-31,18066,2026-07-31,SCHEDULED,0,0.0
2026-08-01T06:01:48Z,0207212026-07-31,02072,2026-07-31,SCHEDULED,900,15.0
2026-08-01T06:01:48Z,1812012026-07-31,18120,2026-07-31,SCHEDULED,480,8.0
2026-08-01T06:01:48Z,0208312026-07-31,02083,2026-07-31,SCHEDULED,240,4.0
2026-08-01T06:01:48Z,1812112026-07-31,18121,2026-07-31,SCHEDULED,0,0.0
2026-08-01T06:01:48Z,0207322026-07-31,02073,2026-07-31,SCHEDULED,420,7.0
2026-08-01T06:01:48Z,1812312026-07-31,18123,2026-07-31,SCHEDULED,600,10.0
2026-08-01T06:01:48Z,0306212026-07-31,03062,2026-07-31,SCHEDULED,-120,-2.0
2026-08-01T06:01:48Z,1832122026-07-31,18321,2026-07-31,SCHEDULED,0,0.0
2026-08-01T06:01:48Z,0307322026-07-31,03073,2026-07-31,SCHEDULED,0,0.0
2026-08-01T06:01:48Z,0307312026-07-31,03073,2026-07-31,SCHEDULED,0,0.0
2026-08-01T06:01:48Z,0306212026-07-31,03062,2026-07-31,SCHEDULED,300,5.0
2026-08-01T06:01:48Z,1801012026-07-31,18010,2026-07-31,SCHEDULED,1080,18.0
2026-08-01T06:01:48Z,1801022026-07-31,18010,2026-07-31,SCHEDULED,1080,18.0
2026-08-01T06:01:48Z,1801032026-07-31,18010,2026-07-31,SCHEDULED,1080,18.0
2026-08-01T06:01:48Z,0331112026-07-31,03311,2026-07-31,SCHEDULED,-240,-4.0
2026-08-01T06:01:48Z,1870112026-07-31,18701,2026-07-31,SCHEDULED,-60,-1.0
2026-08-01T06:01:48Z,0408832026-08-01,04088,2026-08-01,SCHEDULED,-60,-1.0
2026-08-01T06:01:48Z,0408812026-08-01,04088,2026-08-01,SCHEDULED,-60,-1.0
2026-08-01T06:01:48Z,1833122026-07-31,18331,2026-07-31,SCHEDULED,0,0.0
2026-08-01T06:01:48Z,1781212026-07-31,17812,2026-07-31,SCHEDULED,60,1.0
2026-08-01T06:01:48Z,0407222026-08-01,04072,2026-08-01,SCHEDULED,180,3.0
2026-08-01T06:01:48Z,0407212026-08-01,04072,2026-08-01,SCHEDULED,180,3.0
2026-08-01T06:01:48Z,1781712026-07-31,17817,2026-07-31,SCHEDULED,0,0.0
2026-08-01T06:01:48Z,0446412026-07-31,04464,2026-07-31,SCHEDULED,0,0.0
2026-08-01T06:01:48Z,1890012026-07-31,18900,2026-07-31,SCHEDULED,240,4.0
2026-08-01T06:01:48Z,1891012026-07-31,18910,2026-07-31,SCHEDULED,660,11.0
2026-08-01T06:01:48Z,0415422026-07-31,04154,2026-07-31,SCHEDULED,300,5.0
2026-08-01T06:01:48Z,0415412026-07-31,04154,2026-07-31,SCHEDULED,300,5.0
2026-08-01T06:01:48Z,0436412026-07-31,04364,2026-07-31,SCHEDULED,120,2.0
2026-08-01T06:01:48Z,0506422026-07-31,05064,2026-07-31,SCHEDULED,0,0.0
2026-08-01T06:01:48Z,0506412026-07-31,05064,2026-07-31,SCHEDULED,0,0.0
2026-08-01T06:01:48Z,0507512026-07-31,05075,2026-07-31,SCHEDULED,0,0.0
2026-08-01T06:01:48Z,0508012026-07-31,05080,2026-07-31,SCHEDULED,1140,19.0
2026-08-01T06:01:48Z,0508032026-07-31,05080,2026-07-31,SCHEDULED,1140,19.0
2026-08-01T06:01:48Z,0508022026-07-31,05080,2026-07-31,SCHEDULED,1140,19.0
2026-08-01T06:01:48Z,0566812026-07-31,05668,2026-07-31,SCHEDULED,60,1.0
2026-08-01T06:01:48Z,3890512026-08-01,38905,2026-08-01,CANCELED,,
2026-08-01T06:01:48Z,1300212026-07-31,13002,2026-07-31,CANCELED,,
2026-08-01T06:01:48Z,3890512026-08-01,38905,2026-08-01,CANCELED,,
2026-08-01T06:01:48Z,1307912026-07-31,13079,2026-07-31,CANCELED,,
2026-08-01T06:01:48Z,1303222026-07-31,13032,2026-07-31,CANCELED,,
2026-08-01T06:01:48Z,1308932026-07-31,13089,2026-07-31,CANCELED,,
2026-08-01T06:01:48Z,1303112026-07-31,13031,2026-07-31,CANCELED,,
2026-08-01T06:01:48Z,1320812026-07-31,13208,2026-07-31,CANCELED,,
2026-08-01T06:01:48Z,1321922026-07-31,13219,2026-07-31,CANCELED,,
2026-08-01T06:01:48Z,1390212026-08-01,13902,2026-08-01,CANCELED,,
2026-08-01T06:01:48Z,3890212026-08-01,38902,2026-08-01,CANCELED,,
2026-08-01T06:01:48Z,1810012026-07-31,18100,2026-07-31,CANCELED,,
2026-08-01T06:01:48Z,1390412026-08-01,13904,2026-08-01,CANCELED,,
2026-08-01T06:01:48Z,3850012026-07-31,38500,2026-07-31,CANCELED,,
2026-08-01T06:01:48Z,1390412026-08-01,13904,2026-08-01,CANCELED,,
2026-08-01T06:01:48Z,3890412026-08-01,38904,2026-08-01,CANCELED,,
2026-08-01T06:01:48Z,3890412026-08-01,38904,2026-08-01,CANCELED,,
2026-08-01T06:01:48Z,1391012026-08-01,13910,2026-08-01,CANCELED,,
2026-08-01T06:01:48Z,1810522026-07-31,18105,2026-07-31,CANCELED,,
2026-08-01T06:01:48Z,1390512026-08-01,13905,2026-08-01,CANCELED,,
2026-08-01T06:01:48Z,3810512026-07-31,38105,2026-07-31,CANCELED,,
2026-08-01T06:01:48Z,1390512026-08-01,13905,2026-08-01,CANCELED,,
2026-08-01T06:01:48Z,1821712026-07-31,18217,2026-07-31,CANCELED,,
2026-08-01T06:01:48Z,1821812026-07-31,18218,2026-07-31,CANCELED,,
2026-08-01T06:01:48Z,0146012026-08-01,01460,2026-08-01,CANCELED,,
2026-08-01T06:01:48Z,0146022026-08-01,01460,2026-08-01,CANCELED,,
2026-08-01T06:01:48Z,0146032026-08-01,01460,2026-08-01,CANCELED,,
2026-08-01T06:01:48Z,1833012026-07-31,18330,2026-07-31,CANCELED,,
2026-08-01T06:01:48Z,3746012026-07-31,37460,2026-07-31,CANCELED,,
2026-08-01T06:01:48Z,1303512026-07-31,13035,2026-07-31,CANCELED,,
2026-08-01T06:01:48Z,1803512026-07-31,18035,2026-07-31,CANCELED,,
2026-08-01T06:01:48Z,0043812026-08-01,00438,2026-08-01,CANCELED,,
2026-08-01T06:01:48Z,0043822026-08-01,00438,2026-08-01,CANCELED,,
2026-08-01T06:01:48Z,0043832026-08-01,00438,2026-08-01,CANCELED,,
2026-08-01T06:01:48Z,3743812026-07-31,37438,2026-07-31,CANCELED,,
2026-08-01T06:01:48Z,1325822026-07-31,13258,2026-07-31,CANCELED,,
2026-08-01T06:01:48Z,0019222026-08-01,00192,2026-08-01,CANCELED,,
2026-08-01T06:01:48Z,0019212026-08-01,00192,2026-08-01,CANCELED,,
2026-08-01T06:01:48Z,1833122026-07-31,18331,2026-07-31,CANCELED,,
2026-08-01T06:01:48Z,7185512026-07-31,71855,2026-07-31,CANCELED,,
2026-08-01T06:01:48Z,1504212026-07-31,15042,2026-07-31,CANCELED,,
2026-08-01T06:01:48Z,3739212026-07-31,37392,2026-07-31,CANCELED,,
2026-08-01T06:01:48Z,1504312026-07-31,15043,2026-07-31,CANCELED,,
2026-08-01T06:01:48Z,1260812026-07-31,12608,2026-07-31,CANCELED,,
2026-08-01T06:01:48Z,3749222026-07-31,37492,2026-07-31,CANCELED,,
2026-08-01T06:01:48Z,3749212026-07-31,37492,2026-07-31,CANCELED,,
2026-08-01T06:01:48Z,1262312026-07-31,12623,2026-07-31,CANCELED,,
2026-08-01T06:01:48Z,0027622026-08-01,00276,2026-08-01,CANCELED,,
2026-08-01T06:01:48Z,0027612026-08-01,00276,2026-08-01,CANCELED,,
2026-08-01T06:01:48Z,1262312026-07-31,12623,2026-07-31,CANCELED,,
2026-08-01T06:01:48Z,3727612026-08-01,37276,2026-08-01,CANCELED,,
2026-08-01T06:01:48Z,1261112026-07-31,12611,2026-07-31,CANCELED,,
2026-08-01T06:01:48Z,1877712026-07-31,18777,2026-07-31,CANCELED,,
2026-08-01T06:01:48Z,1261112026-07-31,12611,2026-07-31,CANCELED,,
2026-08-01T06:01:48Z,1268912026-07-31,12689,2026-07-31,CANCELED,,
2026-08-01T06:06:19Z,0566812026-07-31,05668,2026-07-31,SCHEDULED,60,1.0
2026-08-01T06:06:19Z,1268912026-07-31,12689,2026-07-31,SCHEDULED,0,0.0
2026-08-01T06:06:19Z,0587112026-07-31,05871,2026-07-31,SCHEDULED,360,6.0
2026-08-01T06:06:19Z,1296112026-07-31,12961,2026-07-31,SCHEDULED,0,0.0
2026-08-01T06:06:19Z,0808512026-07-31,08085,2026-07-31,SCHEDULED,120,2.0
2026-08-01T06:06:19Z,0827512026-07-31,08275,2026-07-31,SCHEDULED,120,2.0
2026-08-01T06:06:19Z,1300322026-07-31,13003,2026-07-31,SCHEDULED,420,7.0
2026-08-01T06:06:19Z,1395112026-07-31,13951,2026-07-31,SCHEDULED,-180,-3.0
2026-08-01T06:06:19Z,0827812026-07-31,08278,2026-07-31,SCHEDULED,60,1.0
2026-08-01T06:06:19Z,1320312026-07-31,13203,2026-07-31,SCHEDULED,420,7.0
2026-08-01T06:06:19Z,0847512026-07-31,08475,2026-07-31,SCHEDULED,-120,-2.0
2026-08-01T06:06:19Z,1390012026-08-01,13900,2026-08-01,SCHEDULED,120,2.0
2026-08-01T06:06:19Z,0907212026-07-31,09072,2026-07-31,SCHEDULED,-180,-3.0
2026-08-01T06:06:19Z,0907312026-07-31,09073,2026-07-31,SCHEDULED,0,0.0
2026-08-01T06:06:19Z,0908212026-07-31,09082,2026-07-31,SCHEDULED,0,0.0
2026-08-01T06:06:19Z,0407122026-08-01,04071,2026-08-01,SCHEDULED,180,3.0
2026-08-01T06:06:19Z,0407112026-08-01,04071,2026-08-01,SCHEDULED,180,3.0
2026-08-01T06:06:19Z,1412322026-07-31,14123,2026-07-31,SCHEDULED,-180,-3.0
2026-08-01T06:06:19Z,1412342026-07-31,14123,2026-07-31,SCHEDULED,-180,-3.0
2026-08-01T06:06:19Z,1412332026-07-31,14123,2026-07-31,SCHEDULED,-180,-3.0
2026-08-01T06:06:19Z,0207412026-08-01,02074,2026-08-01,SCHEDULED,-60,-1.0
2026-08-01T06:06:19Z,0109212026-07-31,01092,2026-07-31,SCHEDULED,-60,-1.0
2026-08-01T06:06:19Z,0407312026-08-01,04073,2026-08-01,SCHEDULED,240,4.0
2026-08-01T06:06:19Z,3560422026-07-31,35604,2026-07-31,SCHEDULED,0,0.0
2026-08-01T06:06:19Z,3560442026-07-31,35604,2026-07-31,SCHEDULED,0,0.0
2026-08-01T06:06:19Z,3560452026-07-31,35604,2026-07-31,SCHEDULED,0,0.0
2026-08-01T06:06:19Z,1504012026-07-31,15040,2026-07-31,SCHEDULED,900,15.0
2026-08-01T06:06:19Z,0309222026-07-31,03092,2026-07-31,SCHEDULED,0,0.0
2026-08-01T06:06:19Z,0309212026-07-31,03092,2026-07-31,SCHEDULED,0,0.0
2026-08-01T06:06:19Z,1504112026-07-31,15041,2026-07-31,SCHEDULED,240,4.0
2026-08-01T06:06:19Z,0527312026-07-31,05273,2026-07-31,SCHEDULED,-60,-1.0
2026-08-01T06:06:19Z,1521212026-07-31,15212,2026-07-31,SCHEDULED,60,1.0
2026-08-01T06:06:19Z,0429522026-07-31,04295,2026-07-31,SCHEDULED,180,3.0
2026-08-01T06:06:19Z,0429512026-07-31,04295,2026-07-31,SCHEDULED,180,3.0
2026-08-01T06:06:19Z,1562122026-07-31,15621,2026-07-31,SCHEDULED,300,5.0
2026-08-01T06:06:19Z,0069712026-08-01,00697,2026-08-01,SCHEDULED,300,5.0
2026-08-01T06:06:19Z,1564812026-07-31,15648,2026-07-31,SCHEDULED,0,0.0
2026-08-01T06:06:19Z,1580012026-07-31,15800,2026-07-31,SCHEDULED,420,7.0
2026-08-01T06:06:19Z,0576312026-07-31,05763,2026-07-31,SCHEDULED,0,0.0
2026-08-01T06:06:19Z,1585012026-07-31,15850,2026-07-31,SCHEDULED,60,1.0
2026-08-01T06:06:19Z,1585212026-07-31,15852,2026-07-31,SCHEDULED,360,6.0
2026-08-01T06:06:19Z,1590212026-07-31,15902,2026-07-31,SCHEDULED,1980,33.0
2026-08-01T06:06:19Z,0418612026-08-01,04186,2026-08-01,SCHEDULED,60,1.0
2026-08-01T06:06:19Z,0418632026-08-01,04186,2026-08-01,SCHEDULED,60,1.0
2026-08-01T06:06:19Z,0418622026-08-01,04186,2026-08-01,SCHEDULED,60,1.0
2026-08-01T06:06:19Z,0408712026-08-01,04087,2026-08-01,SCHEDULED,60,1.0
2026-08-01T06:06:19Z,1210122026-07-31,12101,2026-07-31,SCHEDULED,900,15.0
2026-08-01T06:06:19Z,1801012026-07-31,18010,2026-07-31,SCHEDULED,1320,22.0
2026-08-01T06:06:19Z,1801022026-07-31,18010,2026-07-31,SCHEDULED,1320,22.0
2026-08-01T06:06:19Z,1801032026-07-31,18010,2026-07-31,SCHEDULED,1320,22.0
2026-08-01T06:06:19Z,1248012026-07-31,12480,2026-07-31,SCHEDULED,60,1.0
2026-08-01T06:06:19Z,1770312026-07-31,17703,2026-07-31,SCHEDULED,420,7.0
2026-08-01T06:06:19Z,1261312026-07-31,12613,2026-07-31,SCHEDULED,60,1.0
2026-08-01T06:06:19Z,1801812026-07-31,18018,2026-07-31,SCHEDULED,0,0.0
2026-08-01T06:06:19Z,1264112026-07-31,12641,2026-07-31,SCHEDULED,-60,-1.0
2026-08-01T06:06:19Z,1264412026-07-31,12644,2026-07-31,SCHEDULED,180,3.0
2026-08-01T06:06:19Z,1804912026-07-31,18049,2026-07-31,SCHEDULED,60,1.0
2026-08-01T06:06:19Z,1268012026-07-31,12680,2026-07-31,SCHEDULED,60,1.0
2026-08-01T06:06:19Z,1805412026-07-31,18054,2026-07-31,SCHEDULED,60,1.0
2026-08-01T06:06:19Z,1807112026-07-31,18071,2026-07-31,SCHEDULED,60,1.0
2026-08-01T06:06:19Z,0411422026-08-01,04114,2026-08-01,SCHEDULED,0,0.0
2026-08-01T06:06:19Z,0411412026-08-01,04114,2026-08-01,SCHEDULED,0,0.0
2026-08-01T06:06:19Z,1800222026-07-31,18002,2026-07-31,SCHEDULED,0,0.0
2026-08-01T06:06:19Z,1806612026-07-31,18066,2026-07-31,SCHEDULED,0,0.0
2026-08-01T06:06:19Z,1812012026-07-31,18120,2026-07-31,SCHEDULED,540,9.0
2026-08-01T06:06:19Z,1812112026-07-31,18121,2026-07-31,SCHEDULED,0,0.0
2026-08-01T06:06:19Z,0062122026-08-01,00621,2026-08-01,SCHEDULED,60,1.0
2026-08-01T06:06:19Z,0062132026-08-01,00621,2026-08-01,SCHEDULED,60,1.0
2026-08-01T06:06:19Z,0062152026-08-01,00621,2026-08-01,SCHEDULED,60,1.0
2026-08-01T06:06:19Z,0062112026-08-01,00621,2026-08-01,SCHEDULED,60,1.0
2026-08-01T06:06:19Z,0062142026-08-01,00621,2026-08-01,SCHEDULED,60,1.0
2026-08-01T06:06:19Z,1812312026-07-31,18123,2026-07-31,SCHEDULED,600,10.0
2026-08-01T06:06:19Z,1832122026-07-31,18321,2026-07-31,SCHEDULED,0,0.0
2026-08-01T06:06:19Z,0063142026-08-01,00631,2026-08-01,SCHEDULED,360,6.0
2026-08-01T06:06:19Z,0063132026-08-01,00631,2026-08-01,SCHEDULED,360,6.0
2026-08-01T06:06:19Z,0063112026-08-01,00631,2026-08-01,SCHEDULED,360,6.0
2026-08-01T06:06:19Z,0063122026-08-01,00631,2026-08-01,SCHEDULED,360,6.0
2026-08-01T06:06:19Z,1801012026-07-31,18010,2026-07-31,SCHEDULED,1080,18.0
2026-08-01T06:06:19Z,1801022026-07-31,18010,2026-07-31,SCHEDULED,1080,18.0
2026-08-01T06:06:19Z,1801032026-07-31,18010,2026-07-31,SCHEDULED,1080,18.0
2026-08-01T06:06:19Z,0107212026-07-31,01072,2026-07-31,SCHEDULED,180,3.0
2026-08-01T06:06:19Z,0206112026-07-31,02061,2026-07-31,SCHEDULED,420,7.0
2026-08-01T06:06:19Z,1870112026-07-31,18701,2026-07-31,SCHEDULED,0,0.0
2026-08-01T06:06:19Z,0207012026-07-31,02070,2026-07-31,SCHEDULED,-60,-1.0
2026-08-01T06:06:19Z,0207112026-07-31,02071,2026-07-31,SCHEDULED,420,7.0
2026-08-01T06:06:19Z,1833122026-07-31,18331,2026-07-31,SCHEDULED,0,0.0
2026-08-01T06:06:19Z,0207512026-08-01,02075,2026-08-01,SCHEDULED,720,12.0
2026-08-01T06:06:19Z,1781212026-07-31,17812,2026-07-31,SCHEDULED,60,1.0
2026-08-01T06:06:19Z,0207212026-07-31,02072,2026-07-31,SCHEDULED,840,14.0
2026-08-01T06:06:19Z,1781712026-07-31,17817,2026-07-31,SCHEDULED,0,0.0
2026-08-01T06:06:19Z,0208012026-07-31,02080,2026-07-31,SCHEDULED,60,1.0
2026-08-01T06:06:19Z,1890012026-07-31,18900,2026-07-31,SCHEDULED,240,4.0
2026-08-01T06:06:19Z,0208312026-07-31,02083,2026-07-31,SCHEDULED,300,5.0
2026-08-01T06:06:19Z,1891012026-07-31,18910,2026-07-31,SCHEDULED,660,11.0
2026-08-01T06:06:19Z,0228512026-08-01,02285,2026-08-01,SCHEDULED,240,4.0
2026-08-01T06:06:19Z,1443212026-07-31,14432,2026-07-31,SCHEDULED,0,0.0
2026-08-01T06:06:19Z,0207322026-07-31,02073,2026-07-31,SCHEDULED,420,7.0
2026-08-01T06:06:19Z,1503022026-07-31,15030,2026-07-31,SCHEDULED,120,2.0
2026-08-01T06:06:19Z,0306212026-07-31,03062,2026-07-31,SCHEDULED,-60,-1.0
2026-08-01T06:06:19Z,1503112026-07-31,15031,2026-07-31,SCHEDULED,-60,-1.0
2026-08-01T06:06:19Z,1503212026-07-31,15032,2026-07-31,SCHEDULED,-60,-1.0
2026-08-01T06:06:19Z,0307322026-07-31,03073,2026-07-31,SCHEDULED,180,3.0
2026-08-01T06:06:19Z,0307312026-07-31,03073,2026-07-31,SCHEDULED,180,3.0
2026-08-01T06:06:19Z,1600012026-07-31,16000,2026-07-31,SCHEDULED,240,4.0
2026-08-01T06:06:19Z,0308212026-07-31,03082,2026-07-31,SCHEDULED,0,0.0
2026-08-01T06:06:19Z,0306212026-07-31,03062,2026-07-31,SCHEDULED,360,6.0
2026-08-01T06:06:19Z,1702112026-07-31,17021,2026-07-31,SCHEDULED,60,1.0
2026-08-01T06:06:19Z,1702122026-07-31,17021,2026-07-31,SCHEDULED,60,1.0
2026-08-01T06:06:19Z,1702132026-07-31,17021,2026-07-31,SCHEDULED,60,1.0
2026-08-01T06:06:19Z,0331112026-07-31,03311,2026-07-31,SCHEDULED,-300,-5.0
2026-08-01T06:06:19Z,1401412026-07-31,14014,2026-07-31,SCHEDULED,0,0.0
2026-08-01T06:06:19Z,1443522026-07-31,14435,2026-07-31,SCHEDULED,300,5.0
2026-08-01T06:06:19Z,0408832026-08-01,04088,2026-08-01,SCHEDULED,60,1.0
2026-08-01T06:06:19Z,0408812026-08-01,04088,2026-08-01,SCHEDULED,60,1.0
2026-08-01T06:06:19Z,1563222026-07-31,15632,2026-07-31,SCHEDULED,360,6.0
2026-08-01T06:06:19Z,1402012026-07-31,14020,2026-07-31,SCHEDULED,60,1.0
2026-08-01T06:06:19Z,0407222026-08-01,04072,2026-08-01,SCHEDULED,300,5.0
2026-08-01T06:06:19Z,0407212026-08-01,04072,2026-08-01,SCHEDULED,300,5.0
2026-08-01T06:06:19Z,0891512026-07-31,08915,2026-07-31,SCHEDULED,120,2.0
2026-08-01T06:06:19Z,0446412026-07-31,04464,2026-07-31,SCHEDULED,0,0.0
2026-08-01T06:06:19Z,0948012026-07-31,09480,2026-07-31,SCHEDULED,0,0.0
2026-08-01T06:06:19Z,7180012026-07-31,71800,2026-07-31,SCHEDULED,0,0.0
2026-08-01T06:06:19Z,0415422026-07-31,04154,2026-07-31,SCHEDULED,300,5.0
2026-08-01T06:06:19Z,0415412026-07-31,04154,2026-07-31,SCHEDULED,300,5.0
2026-08-01T06:06:19Z,7183012026-07-31,71830,2026-07-31,SCHEDULED,240,4.0
2026-08-01T06:06:19Z,0436412026-07-31,04364,2026-07-31,SCHEDULED,0,0.0
2026-08-01T06:06:19Z,7183112026-07-31,71831,2026-07-31,SCHEDULED,0,0.0
2026-08-01T06:06:19Z,0506422026-07-31,05064,2026-07-31,SCHEDULED,0,0.0
2026-08-01T06:06:19Z,0506412026-07-31,05064,2026-07-31,SCHEDULED,0,0.0
2026-08-01T06:06:19Z,0507512026-07-31,05075,2026-07-31,SCHEDULED,-60,-1.0
2026-08-01T06:06:19Z,0508012026-07-31,05080,2026-07-31,SCHEDULED,1680,28.0
2026-08-01T06:06:19Z,0508032026-07-31,05080,2026-07-31,SCHEDULED,1680,28.0
2026-08-01T06:06:19Z,0508022026-07-31,05080,2026-07-31,SCHEDULED,1680,28.0
2026-08-01T06:06:19Z,3890512026-08-01,38905,2026-08-01,CANCELED,,
2026-08-01T06:06:19Z,3890512026-08-01,38905,2026-08-01,CANCELED,,
2026-08-01T06:06:19Z,1308932026-07-31,13089,2026-07-31,CANCELED,,
2026-08-01T06:06:19Z,1810012026-07-31,18100,2026-07-31,CANCELED,,
2026-08-01T06:06:19Z,3850012026-07-31,38500,2026-07-31,CANCELED,,
2026-08-01T06:06:19Z,1810522026-07-31,18105,2026-07-31,CANCELED,,
2026-08-01T06:06:19Z,3810512026-07-31,38105,2026-07-31,CANCELED,,
2026-08-01T06:06:19Z,1821712026-07-31,18217,2026-07-31,CANCELED,,
2026-08-01T06:06:19Z,1821812026-07-31,18218,2026-07-31,CANCELED,,
2026-08-01T06:06:19Z,1833012026-07-31,18330,2026-07-31,CANCELED,,
2026-08-01T06:06:19Z,1303512026-07-31,13035,2026-07-31,CANCELED,,
2026-08-01T06:06:19Z,1803512026-07-31,18035,2026-07-31,CANCELED,,
2026-08-01T06:06:19Z,1325822026-07-31,13258,2026-07-31,CANCELED,,
2026-08-01T06:06:19Z,1833122026-07-31,18331,2026-07-31,CANCELED,,
2026-08-01T06:06:19Z,7185512026-07-31,71855,2026-07-31,CANCELED,,
2026-08-01T06:06:19Z,1300212026-07-31,13002,2026-07-31,CANCELED,,
2026-08-01T06:06:19Z,1307912026-07-31,13079,2026-07-31,CANCELED,,
2026-08-01T06:06:19Z,1303222026-07-31,13032,2026-07-31,CANCELED,,
2026-08-01T06:06:19Z,1303112026-07-31,13031,2026-07-31,CANCELED,,
2026-08-01T06:06:19Z,1320812026-07-31,13208,2026-07-31,CANCELED,,
2026-08-01T06:06:19Z,1321922026-07-31,13219,2026-07-31,CANCELED,,
2026-08-01T06:06:19Z,1390212026-08-01,13902,2026-08-01,CANCELED,,
2026-08-01T06:06:19Z,3890212026-08-01,38902,2026-08-01,CANCELED,,
2026-08-01T06:06:19Z,1390412026-08-01,13904,2026-08-01,CANCELED,,
2026-08-01T06:06:19Z,1390412026-08-01,13904,2026-08-01,CANCELED,,
2026-08-01T06:06:19Z,3890412026-08-01,38904,2026-08-01,CANCELED,,
2026-08-01T06:06:19Z,3890412026-08-01,38904,2026-08-01,CANCELED,,
2026-08-01T06:06:19Z,1391012026-08-01,13910,2026-08-01,CANCELED,,
2026-08-01T06:06:19Z,1390512026-08-01,13905,2026-08-01,CANCELED,,
2026-08-01T06:06:19Z,1504212026-07-31,15042,2026-07-31,CANCELED,,
2026-08-01T06:06:19Z,1390512026-08-01,13905,2026-08-01,CANCELED,,
2026-08-01T06:06:19Z,1504312026-07-31,15043,2026-07-31,CANCELED,,
2026-08-01T06:06:19Z,1260812026-07-31,12608,2026-07-31,CANCELED,,
2026-08-01T06:06:19Z,1262312026-07-31,12623,2026-07-31,CANCELED,,
2026-08-01T06:06:19Z,0146012026-08-01,01460,2026-08-01,CANCELED,,
2026-08-01T06:06:19Z,0146022026-08-01,01460,2026-08-01,CANCELED,,
2026-08-01T06:06:19Z,0146032026-08-01,01460,2026-08-01,CANCELED,,
2026-08-01T06:06:19Z,1262312026-07-31,12623,2026-07-31,CANCELED,,
2026-08-01T06:06:19Z,3746012026-07-31,37460,2026-07-31,CANCELED,,
2026-08-01T06:06:19Z,1877712026-07-31,18777,2026-07-31,CANCELED,,
2026-08-01T06:06:19Z,0043812026-08-01,00438,2026-08-01,CANCELED,,
2026-08-01T06:06:19Z,0043822026-08-01,00438,2026-08-01,CANCELED,,
2026-08-01T06:06:19Z,0043832026-08-01,00438,2026-08-01,CANCELED,,
2026-08-01T06:06:19Z,3743812026-07-31,37438,2026-07-31,CANCELED,,
2026-08-01T06:06:19Z,0019212026-08-01,00192,2026-08-01,CANCELED,,
2026-08-01T06:06:19Z,0019222026-08-01,00192,2026-08-01,CANCELED,,
2026-08-01T06:06:19Z,3739212026-07-31,37392,2026-07-31,CANCELED,,
2026-08-01T06:06:19Z,3749212026-07-31,37492,2026-07-31,CANCELED,,
2026-08-01T06:06:19Z,3749222026-07-31,37492,2026-07-31,CANCELED,,
2026-08-01T06:06:19Z,0027622026-08-01,00276,2026-08-01,CANCELED,,
2026-08-01T06:06:19Z,0027612026-08-01,00276,2026-08-01,CANCELED,,
2026-08-01T06:06:19Z,3727612026-08-01,37276,2026-08-01,CANCELED,,
2026-08-01T06:06:19Z,1261112026-07-31,12611,2026-07-31,CANCELED,,
2026-08-01T06:06:19Z,1261112026-07-31,12611,2026-07-31,CANCELED,,
2026-08-01T06:06:19Z,1268912026-07-31,12689,2026-07-31,CANCELED,,
2026-08-01T06:11:23Z,1264112026-07-31,12641,2026-07-31,SCHEDULED,-240,-4.0
2026-08-01T06:11:23Z,1264412026-07-31,12644,2026-07-31,SCHEDULED,240,4.0
2026-08-01T06:11:23Z,1268012026-07-31,12680,2026-07-31,SCHEDULED,60,1.0
2026-08-01T06:11:23Z,0508012026-07-31,05080,2026-07-31,SCHEDULED,1620,27.0
2026-08-01T06:11:23Z,0508032026-07-31,05080,2026-07-31,SCHEDULED,1620,27.0
2026-08-01T06:11:23Z,0508022026-07-31,05080,2026-07-31,SCHEDULED,1620,27.0
2026-08-01T06:11:23Z,1268912026-07-31,12689,2026-07-31,SCHEDULED,0,0.0
2026-08-01T06:11:23Z,0566812026-07-31,05668,2026-07-31,SCHEDULED,0,0.0
2026-08-01T06:11:23Z,1296112026-07-31,12961,2026-07-31,SCHEDULED,0,0.0
2026-08-01T06:11:23Z,0587112026-07-31,05871,2026-07-31,SCHEDULED,480,8.0
2026-08-01T06:11:23Z,0808112026-07-31,08081,2026-07-31,SCHEDULED,180,3.0
2026-08-01T06:11:23Z,1300322026-07-31,13003,2026-07-31,SCHEDULED,240,4.0
2026-08-01T06:11:23Z,0808512026-07-31,08085,2026-07-31,SCHEDULED,60,1.0
2026-08-01T06:11:23Z,1395112026-07-31,13951,2026-07-31,SCHEDULED,-180,-3.0
2026-08-01T06:11:23Z,0827512026-07-31,08275,2026-07-31,SCHEDULED,120,2.0
2026-08-01T06:11:23Z,1320312026-07-31,13203,2026-07-31,SCHEDULED,480,8.0
2026-08-01T06:11:23Z,0827812026-07-31,08278,2026-07-31,SCHEDULED,240,4.0
2026-08-01T06:11:23Z,1390012026-08-01,13900,2026-08-01,SCHEDULED,120,2.0
2026-08-01T06:11:23Z,0828712026-07-31,08287,2026-07-31,SCHEDULED,0,0.0
2026-08-01T06:11:23Z,0847512026-07-31,08475,2026-07-31,SCHEDULED,-120,-2.0
2026-08-01T06:11:23Z,0907212026-07-31,09072,2026-07-31,SCHEDULED,120,2.0
2026-08-01T06:11:23Z,0907312026-07-31,09073,2026-07-31,SCHEDULED,0,0.0
2026-08-01T06:11:23Z,1412322026-07-31,14123,2026-07-31,SCHEDULED,0,0.0
2026-08-01T06:11:23Z,1412342026-07-31,14123,2026-07-31,SCHEDULED,0,0.0
2026-08-01T06:11:23Z,1412332026-07-31,14123,2026-07-31,SCHEDULED,0,0.0
2026-08-01T06:11:23Z,0908212026-07-31,09082,2026-07-31,SCHEDULED,60,1.0
2026-08-01T06:11:23Z,0908312026-07-31,09083,2026-07-31,SCHEDULED,0,0.0
2026-08-01T06:11:23Z,0407122026-08-01,04071,2026-08-01,SCHEDULED,180,3.0
2026-08-01T06:11:23Z,0407112026-08-01,04071,2026-08-01,SCHEDULED,180,3.0
2026-08-01T06:11:23Z,3560422026-07-31,35604,2026-07-31,SCHEDULED,-60,-1.0
2026-08-01T06:11:23Z,3560442026-07-31,35604,2026-07-31,SCHEDULED,-60,-1.0
2026-08-01T06:11:23Z,3560452026-07-31,35604,2026-07-31,SCHEDULED,-60,-1.0
2026-08-01T06:11:23Z,0207412026-08-01,02074,2026-08-01,SCHEDULED,-60,-1.0
2026-08-01T06:11:23Z,1504012026-07-31,15040,2026-07-31,SCHEDULED,1080,18.0
2026-08-01T06:11:23Z,0109212026-07-31,01092,2026-07-31,SCHEDULED,-60,-1.0
2026-08-01T06:11:23Z,1504112026-07-31,15041,2026-07-31,SCHEDULED,600,10.0
2026-08-01T06:11:23Z,0407312026-08-01,04073,2026-08-01,SCHEDULED,0,0.0
2026-08-01T06:11:23Z,1562122026-07-31,15621,2026-07-31,SCHEDULED,420,7.0
2026-08-01T06:11:23Z,1564812026-07-31,15648,2026-07-31,SCHEDULED,0,0.0
2026-08-01T06:11:23Z,0309222026-07-31,03092,2026-07-31,SCHEDULED,0,0.0
2026-08-01T06:11:23Z,0309212026-07-31,03092,2026-07-31,SCHEDULED,0,0.0
2026-08-01T06:11:23Z,1580012026-07-31,15800,2026-07-31,SCHEDULED,420,7.0
2026-08-01T06:11:23Z,0527312026-07-31,05273,2026-07-31,SCHEDULED,-120,-2.0
2026-08-01T06:11:23Z,1585012026-07-31,15850,2026-07-31,SCHEDULED,60,1.0
2026-08-01T06:11:23Z,1585212026-07-31,15852,2026-07-31,SCHEDULED,360,6.0
2026-08-01T06:11:23Z,0429522026-07-31,04295,2026-07-31,SCHEDULED,180,3.0
2026-08-01T06:11:23Z,0429512026-07-31,04295,2026-07-31,SCHEDULED,180,3.0
2026-08-01T06:11:23Z,1590212026-07-31,15902,2026-07-31,SCHEDULED,1920,32.0
2026-08-01T06:11:23Z,0069712026-08-01,00697,2026-08-01,SCHEDULED,300,5.0
2026-08-01T06:11:23Z,0576312026-07-31,05763,2026-07-31,SCHEDULED,0,0.0
2026-08-01T06:11:23Z,1801012026-07-31,18010,2026-07-31,SCHEDULED,1320,22.0
2026-08-01T06:11:23Z,1801022026-07-31,18010,2026-07-31,SCHEDULED,1320,22.0
2026-08-01T06:11:23Z,1801032026-07-31,18010,2026-07-31,SCHEDULED,1320,22.0
2026-08-01T06:11:23Z,1801812026-07-31,18018,2026-07-31,SCHEDULED,0,0.0
2026-08-01T06:11:23Z,0418612026-08-01,04186,2026-08-01,SCHEDULED,-60,-1.0
2026-08-01T06:11:23Z,0418632026-08-01,04186,2026-08-01,SCHEDULED,-60,-1.0
2026-08-01T06:11:23Z,0418622026-08-01,04186,2026-08-01,SCHEDULED,-60,-1.0
2026-08-01T06:11:23Z,1804912026-07-31,18049,2026-07-31,SCHEDULED,60,1.0
2026-08-01T06:11:23Z,0408712026-08-01,04087,2026-08-01,SCHEDULED,120,2.0
2026-08-01T06:11:23Z,1805412026-07-31,18054,2026-07-31,SCHEDULED,60,1.0
2026-08-01T06:11:23Z,1807112026-07-31,18071,2026-07-31,SCHEDULED,120,2.0
2026-08-01T06:11:23Z,1210122026-07-31,12101,2026-07-31,SCHEDULED,900,15.0
2026-08-01T06:11:23Z,1248012026-07-31,12480,2026-07-31,SCHEDULED,120,2.0
2026-08-01T06:11:23Z,1800222026-07-31,18002,2026-07-31,SCHEDULED,0,0.0
2026-08-01T06:11:23Z,1261312026-07-31,12613,2026-07-31,SCHEDULED,60,1.0
2026-08-01T06:11:23Z,1806612026-07-31,18066,2026-07-31,SCHEDULED,-60,-1.0
2026-08-01T06:11:23Z,1503112026-07-31,15031,2026-07-31,SCHEDULED,0,0.0
2026-08-01T06:11:23Z,0411422026-08-01,04114,2026-08-01,SCHEDULED,0,0.0
2026-08-01T06:11:23Z,0411412026-08-01,04114,2026-08-01,SCHEDULED,0,0.0
2026-08-01T06:11:23Z,1503212026-07-31,15032,2026-07-31,SCHEDULED,-60,-1.0
2026-08-01T06:11:23Z,1600012026-07-31,16000,2026-07-31,SCHEDULED,180,3.0
2026-08-01T06:11:23Z,1702112026-07-31,17021,2026-07-31,SCHEDULED,60,1.0
2026-08-01T06:11:23Z,1702122026-07-31,17021,2026-07-31,SCHEDULED,60,1.0
2026-08-01T06:11:23Z,1702132026-07-31,17021,2026-07-31,SCHEDULED,60,1.0
2026-08-01T06:11:23Z,0062122026-08-01,00621,2026-08-01,SCHEDULED,180,3.0
2026-08-01T06:11:23Z,0062132026-08-01,00621,2026-08-01,SCHEDULED,180,3.0
2026-08-01T06:11:23Z,0062152026-08-01,00621,2026-08-01,SCHEDULED,180,3.0
2026-08-01T06:11:23Z,0062112026-08-01,00621,2026-08-01,SCHEDULED,180,3.0
2026-08-01T06:11:23Z,0062142026-08-01,00621,2026-08-01,SCHEDULED,180,3.0
2026-08-01T06:11:23Z,1401412026-07-31,14014,2026-07-31,SCHEDULED,-60,-1.0
2026-08-01T06:11:23Z,1443522026-07-31,14435,2026-07-31,SCHEDULED,300,5.0
2026-08-01T06:11:23Z,0063142026-08-01,00631,2026-08-01,SCHEDULED,360,6.0
2026-08-01T06:11:23Z,0063132026-08-01,00631,2026-08-01,SCHEDULED,360,6.0
2026-08-01T06:11:23Z,0063112026-08-01,00631,2026-08-01,SCHEDULED,360,6.0
2026-08-01T06:11:23Z,0063122026-08-01,00631,2026-08-01,SCHEDULED,360,6.0
2026-08-01T06:11:23Z,1563222026-07-31,15632,2026-07-31,SCHEDULED,540,9.0
2026-08-01T06:11:23Z,0107212026-07-31,01072,2026-07-31,SCHEDULED,180,3.0
2026-08-01T06:11:23Z,1402012026-07-31,14020,2026-07-31,SCHEDULED,180,3.0
2026-08-01T06:11:23Z,0206112026-07-31,02061,2026-07-31,SCHEDULED,360,6.0
2026-08-01T06:11:23Z,0891512026-07-31,08915,2026-07-31,SCHEDULED,60,1.0
2026-08-01T06:11:23Z,0207012026-07-31,02070,2026-07-31,SCHEDULED,240,4.0
2026-08-01T06:11:23Z,0948012026-07-31,09480,2026-07-31,SCHEDULED,0,0.0
2026-08-01T06:11:23Z,0207112026-07-31,02071,2026-07-31,SCHEDULED,600,10.0
2026-08-01T06:11:23Z,7180012026-07-31,71800,2026-07-31,SCHEDULED,120,2.0
2026-08-01T06:11:23Z,7183012026-07-31,71830,2026-07-31,SCHEDULED,240,4.0
2026-08-01T06:11:23Z,0207512026-08-01,02075,2026-08-01,SCHEDULED,900,15.0
2026-08-01T06:11:23Z,7183112026-07-31,71831,2026-07-31,SCHEDULED,-120,-2.0
2026-08-01T06:11:23Z,0207212026-07-31,02072,2026-07-31,SCHEDULED,840,14.0
2026-08-01T06:11:23Z,1812012026-07-31,18120,2026-07-31,SCHEDULED,480,8.0
2026-08-01T06:11:23Z,0208012026-07-31,02080,2026-07-31,SCHEDULED,60,1.0
2026-08-01T06:11:23Z,0208312026-07-31,02083,2026-07-31,SCHEDULED,300,5.0
2026-08-01T06:11:23Z,1812112026-07-31,18121,2026-07-31,SCHEDULED,0,0.0
2026-08-01T06:11:23Z,0228512026-08-01,02285,2026-08-01,SCHEDULED,240,4.0
2026-08-01T06:11:23Z,1812312026-07-31,18123,2026-07-31,SCHEDULED,600,10.0
2026-08-01T06:11:23Z,0207322026-07-31,02073,2026-07-31,SCHEDULED,780,13.0
2026-08-01T06:11:23Z,1832122026-07-31,18321,2026-07-31,SCHEDULED,0,0.0
2026-08-01T06:11:23Z,0306212026-07-31,03062,2026-07-31,SCHEDULED,0,0.0
2026-08-01T06:11:23Z,0307322026-07-31,03073,2026-07-31,SCHEDULED,120,2.0
2026-08-01T06:11:23Z,0307312026-07-31,03073,2026-07-31,SCHEDULED,120,2.0
2026-08-01T06:11:23Z,1801012026-07-31,18010,2026-07-31,SCHEDULED,1200,20.0
2026-08-01T06:11:23Z,1801022026-07-31,18010,2026-07-31,SCHEDULED,1200,20.0
2026-08-01T06:11:23Z,1801032026-07-31,18010,2026-07-31,SCHEDULED,1200,20.0
2026-08-01T06:11:23Z,0308212026-07-31,03082,2026-07-31,SCHEDULED,0,0.0
2026-08-01T06:11:23Z,0306212026-07-31,03062,2026-07-31,SCHEDULED,300,5.0
2026-08-01T06:11:23Z,1870112026-07-31,18701,2026-07-31,SCHEDULED,0,0.0
2026-08-01T06:11:23Z,0331112026-07-31,03311,2026-07-31,SCHEDULED,-300,-5.0
2026-08-01T06:11:23Z,1833122026-07-31,18331,2026-07-31,SCHEDULED,60,1.0
2026-08-01T06:11:23Z,0327212026-08-01,03272,2026-08-01,SCHEDULED,-60,-1.0
2026-08-01T06:11:23Z,0327222026-08-01,03272,2026-08-01,SCHEDULED,-60,-1.0
2026-08-01T06:11:23Z,0327232026-08-01,03272,2026-08-01,SCHEDULED,-60,-1.0
2026-08-01T06:11:23Z,1781212026-07-31,17812,2026-07-31,SCHEDULED,60,1.0
2026-08-01T06:11:23Z,1781712026-07-31,17817,2026-07-31,SCHEDULED,0,0.0
2026-08-01T06:11:23Z,0408832026-08-01,04088,2026-08-01,SCHEDULED,120,2.0
2026-08-01T06:11:23Z,0408812026-08-01,04088,2026-08-01,SCHEDULED,120,2.0
2026-08-01T06:11:23Z,1890012026-07-31,18900,2026-07-31,SCHEDULED,240,4.0
2026-08-01T06:11:23Z,0407222026-08-01,04072,2026-08-01,SCHEDULED,240,4.0
2026-08-01T06:11:23Z,0407212026-08-01,04072,2026-08-01,SCHEDULED,240,4.0
2026-08-01T06:11:23Z,1891012026-07-31,18910,2026-07-31,SCHEDULED,720,12.0
2026-08-01T06:11:23Z,0446412026-07-31,04464,2026-07-31,SCHEDULED,0,0.0
2026-08-01T06:11:23Z,1443212026-07-31,14432,2026-07-31,SCHEDULED,60,1.0
2026-08-01T06:11:23Z,1503022026-07-31,15030,2026-07-31,SCHEDULED,120,2.0
2026-08-01T06:11:23Z,0415422026-07-31,04154,2026-07-31,SCHEDULED,300,5.0
2026-08-01T06:11:23Z,0415412026-07-31,04154,2026-07-31,SCHEDULED,300,5.0
2026-08-01T06:11:23Z,0436412026-07-31,04364,2026-07-31,SCHEDULED,0,0.0
2026-08-01T06:11:23Z,0506422026-07-31,05064,2026-07-31,SCHEDULED,120,2.0
2026-08-01T06:11:23Z,0506412026-07-31,05064,2026-07-31,SCHEDULED,120,2.0
2026-08-01T06:11:23Z,0507512026-07-31,05075,2026-07-31,SCHEDULED,-60,-1.0
2026-08-01T06:11:23Z,1300212026-07-31,13002,2026-07-31,CANCELED,,
2026-08-01T06:11:23Z,3890512026-08-01,38905,2026-08-01,CANCELED,,
2026-08-01T06:11:23Z,3890512026-08-01,38905,2026-08-01,CANCELED,,
2026-08-01T06:11:23Z,1307912026-07-31,13079,2026-07-31,CANCELED,,
2026-08-01T06:11:23Z,1303222026-07-31,13032,2026-07-31,CANCELED,,
2026-08-01T06:11:23Z,1308932026-07-31,13089,2026-07-31,CANCELED,,
2026-08-01T06:11:23Z,1303112026-07-31,13031,2026-07-31,CANCELED,,
2026-08-01T06:11:23Z,1320812026-07-31,13208,2026-07-31,CANCELED,,
2026-08-01T06:11:23Z,1321922026-07-31,13219,2026-07-31,CANCELED,,
2026-08-01T06:11:23Z,1390212026-08-01,13902,2026-08-01,CANCELED,,
2026-08-01T06:11:23Z,3890212026-08-01,38902,2026-08-01,CANCELED,,
2026-08-01T06:11:23Z,1810012026-07-31,18100,2026-07-31,CANCELED,,
2026-08-01T06:11:23Z,1390412026-08-01,13904,2026-08-01,CANCELED,,
2026-08-01T06:11:23Z,3850012026-07-31,38500,2026-07-31,CANCELED,,
2026-08-01T06:11:23Z,1390412026-08-01,13904,2026-08-01,CANCELED,,
2026-08-01T06:11:23Z,3890412026-08-01,38904,2026-08-01,CANCELED,,
2026-08-01T06:11:23Z,3890412026-08-01,38904,2026-08-01,CANCELED,,
2026-08-01T06:11:23Z,1391012026-08-01,13910,2026-08-01,CANCELED,,
2026-08-01T06:11:23Z,1810522026-07-31,18105,2026-07-31,CANCELED,,
2026-08-01T06:11:23Z,1390512026-08-01,13905,2026-08-01,CANCELED,,
2026-08-01T06:11:23Z,3810512026-07-31,38105,2026-07-31,CANCELED,,
2026-08-01T06:11:23Z,1390512026-08-01,13905,2026-08-01,CANCELED,,
2026-08-01T06:11:23Z,1821712026-07-31,18217,2026-07-31,CANCELED,,
2026-08-01T06:11:23Z,1821812026-07-31,18218,2026-07-31,CANCELED,,
2026-08-01T06:11:23Z,1833012026-07-31,18330,2026-07-31,CANCELED,,
2026-08-01T06:11:23Z,0146012026-08-01,01460,2026-08-01,CANCELED,,
2026-08-01T06:11:23Z,0146022026-08-01,01460,2026-08-01,CANCELED,,
2026-08-01T06:11:23Z,0146032026-08-01,01460,2026-08-01,CANCELED,,
2026-08-01T06:11:23Z,3746012026-07-31,37460,2026-07-31,CANCELED,,
2026-08-01T06:11:23Z,1303512026-07-31,13035,2026-07-31,CANCELED,,
2026-08-01T06:11:23Z,1803512026-07-31,18035,2026-07-31,CANCELED,,
2026-08-01T06:11:23Z,0043812026-08-01,00438,2026-08-01,CANCELED,,
2026-08-01T06:11:23Z,0043822026-08-01,00438,2026-08-01,CANCELED,,
2026-08-01T06:11:23Z,0043832026-08-01,00438,2026-08-01,CANCELED,,
2026-08-01T06:11:23Z,1325822026-07-31,13258,2026-07-31,CANCELED,,
2026-08-01T06:11:23Z,3743812026-07-31,37438,2026-07-31,CANCELED,,
2026-08-01T06:11:23Z,1833122026-07-31,18331,2026-07-31,CANCELED,,
2026-08-01T06:11:23Z,0019222026-08-01,00192,2026-08-01,CANCELED,,
2026-08-01T06:11:23Z,0019212026-08-01,00192,2026-08-01,CANCELED,,
2026-08-01T06:11:23Z,7185512026-07-31,71855,2026-07-31,CANCELED,,
2026-08-01T06:11:23Z,1504212026-07-31,15042,2026-07-31,CANCELED,,
2026-08-01T06:11:23Z,1504312026-07-31,15043,2026-07-31,CANCELED,,
2026-08-01T06:11:23Z,3739212026-07-31,37392,2026-07-31,CANCELED,,
2026-08-01T06:11:23Z,1260812026-07-31,12608,2026-07-31,CANCELED,,
2026-08-01T06:11:23Z,1262312026-07-31,12623,2026-07-31,CANCELED,,
2026-08-01T06:11:23Z,3749222026-07-31,37492,2026-07-31,CANCELED,,
2026-08-01T06:11:23Z,3749212026-07-31,37492,2026-07-31,CANCELED,,
2026-08-01T06:11:23Z,1262312026-07-31,12623,2026-07-31,CANCELED,,
2026-08-01T06:11:23Z,0027622026-08-01,00276,2026-08-01,CANCELED,,
2026-08-01T06:11:23Z,0027612026-08-01,00276,2026-08-01,CANCELED,,
2026-08-01T06:11:23Z,3727612026-08-01,37276,2026-08-01,CANCELED,,
2026-08-01T06:11:23Z,1877712026-07-31,18777,2026-07-31,CANCELED,,
2026-08-01T06:11:23Z,1261112026-07-31,12611,2026-07-31,CANCELED,,
2026-08-01T06:11:23Z,1261112026-07-31,12611,2026-07-31,CANCELED,,
2026-08-01T06:11:23Z,1268912026-07-31,12689,2026-07-31,CANCELED,,
2026-08-01T06:16:24Z,1261312026-07-31,12613,2026-07-31,SCHEDULED,60,1.0
2026-08-01T06:16:24Z,0566812026-07-31,05668,2026-07-31,SCHEDULED,0,0.0
2026-08-01T06:16:24Z,0587112026-07-31,05871,2026-07-31,SCHEDULED,480,8.0
2026-08-01T06:16:24Z,1264112026-07-31,12641,2026-07-31,SCHEDULED,-240,-4.0
2026-08-01T06:16:24Z,0808112026-07-31,08081,2026-07-31,SCHEDULED,240,4.0
2026-08-01T06:16:24Z,1264412026-07-31,12644,2026-07-31,SCHEDULED,180,3.0
2026-08-01T06:16:24Z,0808512026-07-31,08085,2026-07-31,SCHEDULED,60,1.0
2026-08-01T06:16:24Z,1268012026-07-31,12680,2026-07-31,SCHEDULED,60,1.0
2026-08-01T06:16:24Z,0808712026-07-31,08087,2026-07-31,SCHEDULED,60,1.0
2026-08-01T06:16:24Z,1268912026-07-31,12689,2026-07-31,SCHEDULED,0,0.0
2026-08-01T06:16:24Z,0827512026-07-31,08275,2026-07-31,SCHEDULED,420,7.0
2026-08-01T06:16:24Z,1300322026-07-31,13003,2026-07-31,SCHEDULED,240,4.0
2026-08-01T06:16:24Z,0827812026-07-31,08278,2026-07-31,SCHEDULED,300,5.0
2026-08-01T06:16:24Z,1395112026-07-31,13951,2026-07-31,SCHEDULED,-180,-3.0
2026-08-01T06:16:24Z,0828712026-07-31,08287,2026-07-31,SCHEDULED,120,2.0
2026-08-01T06:16:24Z,1320312026-07-31,13203,2026-07-31,SCHEDULED,420,7.0
2026-08-01T06:16:24Z,0847512026-07-31,08475,2026-07-31,SCHEDULED,-120,-2.0
2026-08-01T06:16:24Z,1390012026-08-01,13900,2026-08-01,SCHEDULED,120,2.0
2026-08-01T06:16:24Z,0907212026-07-31,09072,2026-07-31,SCHEDULED,120,2.0
2026-08-01T06:16:24Z,0907312026-07-31,09073,2026-07-31,SCHEDULED,120,2.0
2026-08-01T06:16:24Z,0908212026-07-31,09082,2026-07-31,SCHEDULED,0,0.0
2026-08-01T06:16:24Z,1412322026-07-31,14123,2026-07-31,SCHEDULED,0,0.0
2026-08-01T06:16:24Z,1412342026-07-31,14123,2026-07-31,SCHEDULED,0,0.0
2026-08-01T06:16:24Z,1412332026-07-31,14123,2026-07-31,SCHEDULED,0,0.0
2026-08-01T06:16:24Z,0908312026-07-31,09083,2026-07-31,SCHEDULED,0,0.0
2026-08-01T06:16:24Z,0973012026-07-31,09730,2026-07-31,SCHEDULED,0,0.0
2026-08-01T06:16:24Z,0973022026-07-31,09730,2026-07-31,SCHEDULED,0,0.0
2026-08-01T06:16:24Z,0973032026-07-31,09730,2026-07-31,SCHEDULED,0,0.0
2026-08-01T06:16:24Z,3560422026-07-31,35604,2026-07-31,SCHEDULED,-60,-1.0
2026-08-01T06:16:24Z,3560442026-07-31,35604,2026-07-31,SCHEDULED,-60,-1.0
2026-08-01T06:16:24Z,3560452026-07-31,35604,2026-07-31,SCHEDULED,-60,-1.0
2026-08-01T06:16:24Z,1500312026-07-31,15003,2026-07-31,SCHEDULED,1620,27.0
2026-08-01T06:16:24Z,0407122026-08-01,04071,2026-08-01,SCHEDULED,120,2.0
2026-08-01T06:16:24Z,0407112026-08-01,04071,2026-08-01,SCHEDULED,120,2.0
2026-08-01T06:16:24Z,1504012026-07-31,15040,2026-07-31,SCHEDULED,1080,18.0
2026-08-01T06:16:24Z,0207412026-08-01,02074,2026-08-01,SCHEDULED,180,3.0
2026-08-01T06:16:24Z,1504112026-07-31,15041,2026-07-31,SCHEDULED,660,11.0
2026-08-01T06:16:24Z,0109212026-07-31,01092,2026-07-31,SCHEDULED,-180,-3.0
2026-08-01T06:16:24Z,0407312026-08-01,04073,2026-08-01,SCHEDULED,0,0.0
2026-08-01T06:16:24Z,1562122026-07-31,15621,2026-07-31,SCHEDULED,420,7.0
2026-08-01T06:16:24Z,1564812026-07-31,15648,2026-07-31,SCHEDULED,0,0.0
2026-08-01T06:16:24Z,0309222026-07-31,03092,2026-07-31,SCHEDULED,60,1.0
2026-08-01T06:16:24Z,0309212026-07-31,03092,2026-07-31,SCHEDULED,60,1.0
2026-08-01T06:16:24Z,1580012026-07-31,15800,2026-07-31,SCHEDULED,480,8.0
2026-08-01T06:16:24Z,1585012026-07-31,15850,2026-07-31,SCHEDULED,120,2.0
2026-08-01T06:16:24Z,0527312026-07-31,05273,2026-07-31,SCHEDULED,0,0.0
2026-08-01T06:16:24Z,1585212026-07-31,15852,2026-07-31,SCHEDULED,360,6.0
2026-08-01T06:16:24Z,1590212026-07-31,15902,2026-07-31,SCHEDULED,1860,31.0
2026-08-01T06:16:24Z,0429522026-07-31,04295,2026-07-31,SCHEDULED,180,3.0
2026-08-01T06:16:24Z,0429512026-07-31,04295,2026-07-31,SCHEDULED,180,3.0
2026-08-01T06:16:24Z,0069712026-08-01,00697,2026-08-01,SCHEDULED,300,5.0
2026-08-01T06:16:24Z,1801012026-07-31,18010,2026-07-31,SCHEDULED,1320,22.0
2026-08-01T06:16:24Z,1801022026-07-31,18010,2026-07-31,SCHEDULED,1320,22.0
2026-08-01T06:16:24Z,1801032026-07-31,18010,2026-07-31,SCHEDULED,1320,22.0
2026-08-01T06:16:24Z,0576312026-07-31,05763,2026-07-31,SCHEDULED,120,2.0
2026-08-01T06:16:24Z,1801812026-07-31,18018,2026-07-31,SCHEDULED,0,0.0
2026-08-01T06:16:24Z,1804912026-07-31,18049,2026-07-31,SCHEDULED,60,1.0
2026-08-01T06:16:24Z,1805412026-07-31,18054,2026-07-31,SCHEDULED,120,2.0
2026-08-01T06:16:24Z,0418612026-08-01,04186,2026-08-01,SCHEDULED,-60,-1.0
2026-08-01T06:16:24Z,0418632026-08-01,04186,2026-08-01,SCHEDULED,-60,-1.0
2026-08-01T06:16:24Z,0418622026-08-01,04186,2026-08-01,SCHEDULED,-60,-1.0
2026-08-01T06:16:24Z,1807112026-07-31,18071,2026-07-31,SCHEDULED,240,4.0
2026-08-01T06:16:24Z,0408712026-08-01,04087,2026-08-01,SCHEDULED,120,2.0
2026-08-01T06:16:24Z,1800222026-07-31,18002,2026-07-31,SCHEDULED,0,0.0
2026-08-01T06:16:24Z,1210122026-07-31,12101,2026-07-31,SCHEDULED,1080,18.0
2026-08-01T06:16:24Z,1806612026-07-31,18066,2026-07-31,SCHEDULED,-60,-1.0
2026-08-01T06:16:24Z,1248012026-07-31,12480,2026-07-31,SCHEDULED,120,2.0
2026-08-01T06:16:24Z,1503212026-07-31,15032,2026-07-31,SCHEDULED,-120,-2.0
2026-08-01T06:16:24Z,1600012026-07-31,16000,2026-07-31,SCHEDULED,120,2.0
2026-08-01T06:16:24Z,0411422026-08-01,04114,2026-08-01,SCHEDULED,0,0.0
2026-08-01T06:16:24Z,0411412026-08-01,04114,2026-08-01,SCHEDULED,0,0.0
2026-08-01T06:16:24Z,1600112026-07-31,16001,2026-07-31,SCHEDULED,60,1.0
2026-08-01T06:16:24Z,1702112026-07-31,17021,2026-07-31,SCHEDULED,60,1.0
2026-08-01T06:16:24Z,1702122026-07-31,17021,2026-07-31,SCHEDULED,60,1.0
2026-08-01T06:16:24Z,1702132026-07-31,17021,2026-07-31,SCHEDULED,60,1.0
2026-08-01T06:16:24Z,0062122026-08-01,00621,2026-08-01,SCHEDULED,180,3.0
2026-08-01T06:16:24Z,0062132026-08-01,00621,2026-08-01,SCHEDULED,180,3.0
2026-08-01T06:16:24Z,0062152026-08-01,00621,2026-08-01,SCHEDULED,180,3.0
2026-08-01T06:16:24Z,0062112026-08-01,00621,2026-08-01,SCHEDULED,180,3.0
2026-08-01T06:16:24Z,0062142026-08-01,00621,2026-08-01,SCHEDULED,180,3.0
2026-08-01T06:16:24Z,1401412026-07-31,14014,2026-07-31,SCHEDULED,-60,-1.0
2026-08-01T06:16:24Z,1443522026-07-31,14435,2026-07-31,SCHEDULED,300,5.0
2026-08-01T06:16:24Z,1563222026-07-31,15632,2026-07-31,SCHEDULED,540,9.0
2026-08-01T06:16:24Z,0063142026-08-01,00631,2026-08-01,SCHEDULED,360,6.0
2026-08-01T06:16:24Z,0063132026-08-01,00631,2026-08-01,SCHEDULED,360,6.0
2026-08-01T06:16:24Z,0063112026-08-01,00631,2026-08-01,SCHEDULED,360,6.0
2026-08-01T06:16:24Z,0063122026-08-01,00631,2026-08-01,SCHEDULED,360,6.0
2026-08-01T06:16:24Z,1402012026-07-31,14020,2026-07-31,SCHEDULED,180,3.0
2026-08-01T06:16:24Z,0107212026-07-31,01072,2026-07-31,SCHEDULED,180,3.0
2026-08-01T06:16:24Z,0891512026-07-31,08915,2026-07-31,SCHEDULED,60,1.0
2026-08-01T06:16:24Z,0948012026-07-31,09480,2026-07-31,SCHEDULED,0,0.0
2026-08-01T06:16:24Z,0206112026-07-31,02061,2026-07-31,SCHEDULED,240,4.0
2026-08-01T06:16:24Z,7180012026-07-31,71800,2026-07-31,SCHEDULED,120,2.0
2026-08-01T06:16:24Z,0207012026-07-31,02070,2026-07-31,SCHEDULED,240,4.0
2026-08-01T06:16:24Z,7183012026-07-31,71830,2026-07-31,SCHEDULED,300,5.0
2026-08-01T06:16:24Z,0207112026-07-31,02071,2026-07-31,SCHEDULED,720,12.0
2026-08-01T06:16:24Z,7183112026-07-31,71831,2026-07-31,SCHEDULED,-120,-2.0
2026-08-01T06:16:24Z,0207512026-08-01,02075,2026-08-01,SCHEDULED,900,15.0
2026-08-01T06:16:24Z,1812012026-07-31,18120,2026-07-31,SCHEDULED,300,5.0
2026-08-01T06:16:24Z,0207212026-07-31,02072,2026-07-31,SCHEDULED,840,14.0
2026-08-01T06:16:24Z,1812112026-07-31,18121,2026-07-31,SCHEDULED,0,0.0
2026-08-01T06:16:24Z,0208012026-07-31,02080,2026-07-31,SCHEDULED,240,4.0
2026-08-01T06:16:24Z,1812312026-07-31,18123,2026-07-31,SCHEDULED,660,11.0
2026-08-01T06:16:24Z,0208312026-07-31,02083,2026-07-31,SCHEDULED,540,9.0
2026-08-01T06:16:24Z,1832122026-07-31,18321,2026-07-31,SCHEDULED,0,0.0
2026-08-01T06:16:24Z,0228512026-08-01,02285,2026-08-01,SCHEDULED,240,4.0
2026-08-01T06:16:24Z,0207322026-07-31,02073,2026-07-31,SCHEDULED,780,13.0
2026-08-01T06:16:24Z,0306212026-07-31,03062,2026-07-31,SCHEDULED,-60,-1.0
2026-08-01T06:16:24Z,1801012026-07-31,18010,2026-07-31,SCHEDULED,1140,19.0
2026-08-01T06:16:24Z,1801022026-07-31,18010,2026-07-31,SCHEDULED,1140,19.0
2026-08-01T06:16:24Z,1801032026-07-31,18010,2026-07-31,SCHEDULED,1140,19.0
2026-08-01T06:16:24Z,0307322026-07-31,03073,2026-07-31,SCHEDULED,120,2.0
2026-08-01T06:16:24Z,0307312026-07-31,03073,2026-07-31,SCHEDULED,120,2.0
2026-08-01T06:16:24Z,1870112026-07-31,18701,2026-07-31,SCHEDULED,60,1.0
2026-08-01T06:16:24Z,0308212026-07-31,03082,2026-07-31,SCHEDULED,0,0.0
2026-08-01T06:16:24Z,1833122026-07-31,18331,2026-07-31,SCHEDULED,60,1.0
2026-08-01T06:16:24Z,0306212026-07-31,03062,2026-07-31,SCHEDULED,300,5.0
2026-08-01T06:16:24Z,1781212026-07-31,17812,2026-07-31,SCHEDULED,300,5.0
2026-08-01T06:16:24Z,1781712026-07-31,17817,2026-07-31,SCHEDULED,-60,-1.0
2026-08-01T06:16:24Z,0331112026-07-31,03311,2026-07-31,SCHEDULED,-180,-3.0
2026-08-01T06:16:24Z,1890012026-07-31,18900,2026-07-31,SCHEDULED,240,4.0
2026-08-01T06:16:24Z,1891012026-07-31,18910,2026-07-31,SCHEDULED,660,11.0
2026-08-01T06:16:24Z,0327212026-08-01,03272,2026-08-01,SCHEDULED,-60,-1.0
2026-08-01T06:16:24Z,0327222026-08-01,03272,2026-08-01,SCHEDULED,-60,-1.0
2026-08-01T06:16:24Z,0327232026-08-01,03272,2026-08-01,SCHEDULED,-60,-1.0
2026-08-01T06:16:24Z,1443212026-07-31,14432,2026-07-31,SCHEDULED,120,2.0
2026-08-01T06:16:24Z,1503022026-07-31,15030,2026-07-31,SCHEDULED,180,3.0
2026-08-01T06:16:24Z,0408832026-08-01,04088,2026-08-01,SCHEDULED,0,0.0
2026-08-01T06:16:24Z,0408812026-08-01,04088,2026-08-01,SCHEDULED,0,0.0
2026-08-01T06:16:24Z,1503112026-07-31,15031,2026-07-31,SCHEDULED,-60,-1.0
2026-08-01T06:16:24Z,0407222026-08-01,04072,2026-08-01,SCHEDULED,180,3.0
2026-08-01T06:16:24Z,0407212026-08-01,04072,2026-08-01,SCHEDULED,180,3.0
2026-08-01T06:16:24Z,0446412026-07-31,04464,2026-07-31,SCHEDULED,0,0.0
2026-08-01T06:16:24Z,0415422026-07-31,04154,2026-07-31,SCHEDULED,300,5.0
2026-08-01T06:16:24Z,0415412026-07-31,04154,2026-07-31,SCHEDULED,300,5.0
2026-08-01T06:16:24Z,0436412026-07-31,04364,2026-07-31,SCHEDULED,0,0.0
2026-08-01T06:16:24Z,0506422026-07-31,05064,2026-07-31,SCHEDULED,0,0.0
2026-08-01T06:16:24Z,0506412026-07-31,05064,2026-07-31,SCHEDULED,0,0.0
2026-08-01T06:16:24Z,0507512026-07-31,05075,2026-07-31,SCHEDULED,-60,-1.0
2026-08-01T06:16:24Z,0508012026-07-31,05080,2026-07-31,SCHEDULED,1620,27.0
2026-08-01T06:16:24Z,0508032026-07-31,05080,2026-07-31,SCHEDULED,1620,27.0
2026-08-01T06:16:24Z,0508022026-07-31,05080,2026-07-31,SCHEDULED,1620,27.0
2026-08-01T06:16:24Z,3890512026-08-01,38905,2026-08-01,CANCELED,,
2026-08-01T06:16:24Z,3890512026-08-01,38905,2026-08-01,CANCELED,,
2026-08-01T06:16:24Z,1308932026-07-31,13089,2026-07-31,CANCELED,,
2026-08-01T06:16:24Z,1810012026-07-31,18100,2026-07-31,CANCELED,,
2026-08-01T06:16:24Z,3850012026-07-31,38500,2026-07-31,CANCELED,,
2026-08-01T06:16:24Z,1810522026-07-31,18105,2026-07-31,CANCELED,,
2026-08-01T06:16:24Z,3810512026-07-31,38105,2026-07-31,CANCELED,,
2026-08-01T06:16:24Z,1821712026-07-31,18217,2026-07-31,CANCELED,,
2026-08-01T06:16:24Z,1821812026-07-31,18218,2026-07-31,CANCELED,,
2026-08-01T06:16:24Z,1833012026-07-31,18330,2026-07-31,CANCELED,,
2026-08-01T06:16:24Z,1303512026-07-31,13035,2026-07-31,CANCELED,,
2026-08-01T06:16:24Z,1803512026-07-31,18035,2026-07-31,CANCELED,,
2026-08-01T06:16:24Z,1325822026-07-31,13258,2026-07-31,CANCELED,,
2026-08-01T06:16:24Z,1833122026-07-31,18331,2026-07-31,CANCELED,,
2026-08-01T06:16:24Z,7185512026-07-31,71855,2026-07-31,CANCELED,,
2026-08-01T06:16:24Z,1300212026-07-31,13002,2026-07-31,CANCELED,,
2026-08-01T06:16:24Z,1307912026-07-31,13079,2026-07-31,CANCELED,,
2026-08-01T06:16:24Z,1303222026-07-31,13032,2026-07-31,CANCELED,,
2026-08-01T06:16:24Z,1303112026-07-31,13031,2026-07-31,CANCELED,,
2026-08-01T06:16:24Z,1320812026-07-31,13208,2026-07-31,CANCELED,,
2026-08-01T06:16:24Z,1321922026-07-31,13219,2026-07-31,CANCELED,,
2026-08-01T06:16:24Z,1390212026-08-01,13902,2026-08-01,CANCELED,,
2026-08-01T06:16:24Z,3890212026-08-01,38902,2026-08-01,CANCELED,,
2026-08-01T06:16:24Z,1390412026-08-01,13904,2026-08-01,CANCELED,,
2026-08-01T06:16:24Z,1390412026-08-01,13904,2026-08-01,CANCELED,,
2026-08-01T06:16:24Z,3890412026-08-01,38904,2026-08-01,CANCELED,,
2026-08-01T06:16:24Z,3890412026-08-01,38904,2026-08-01,CANCELED,,
2026-08-01T06:16:24Z,1391012026-08-01,13910,2026-08-01,CANCELED,,
2026-08-01T06:16:24Z,1390512026-08-01,13905,2026-08-01,CANCELED,,
2026-08-01T06:16:24Z,1390512026-08-01,13905,2026-08-01,CANCELED,,
2026-08-01T06:16:24Z,0146012026-08-01,01460,2026-08-01,CANCELED,,
2026-08-01T06:16:24Z,0146022026-08-01,01460,2026-08-01,CANCELED,,
2026-08-01T06:16:24Z,0146032026-08-01,01460,2026-08-01,CANCELED,,
2026-08-01T06:16:24Z,3746012026-07-31,37460,2026-07-31,CANCELED,,
2026-08-01T06:16:24Z,0043812026-08-01,00438,2026-08-01,CANCELED,,
2026-08-01T06:16:24Z,0043822026-08-01,00438,2026-08-01,CANCELED,,
2026-08-01T06:16:24Z,0043832026-08-01,00438,2026-08-01,CANCELED,,
2026-08-01T06:16:24Z,3743812026-07-31,37438,2026-07-31,CANCELED,,
2026-08-01T06:16:24Z,0019222026-08-01,00192,2026-08-01,CANCELED,,
2026-08-01T06:16:24Z,0019212026-08-01,00192,2026-08-01,CANCELED,,
2026-08-01T06:16:24Z,3739212026-07-31,37392,2026-07-31,CANCELED,,
2026-08-01T06:16:24Z,3749222026-07-31,37492,2026-07-31,CANCELED,,
2026-08-01T06:16:24Z,3749212026-07-31,37492,2026-07-31,CANCELED,,
2026-08-01T06:16:24Z,0027622026-08-01,00276,2026-08-01,CANCELED,,
2026-08-01T06:16:24Z,0027612026-08-01,00276,2026-08-01,CANCELED,,
2026-08-01T06:16:24Z,3727612026-08-01,37276,2026-08-01,CANCELED,,
2026-08-01T06:16:24Z,1261112026-07-31,12611,2026-07-31,CANCELED,,
2026-08-01T06:16:24Z,1261112026-07-31,12611,2026-07-31,CANCELED,,
2026-08-01T06:16:24Z,1268912026-07-31,12689,2026-07-31,CANCELED,,
2026-08-01T06:16:24Z,1504212026-07-31,15042,2026-07-31,CANCELED,,
2026-08-01T06:16:24Z,1504312026-07-31,15043,2026-07-31,CANCELED,,
2026-08-01T06:16:24Z,1260812026-07-31,12608,2026-07-31,CANCELED,,
2026-08-01T06:16:24Z,1262312026-07-31,12623,2026-07-31,CANCELED,,
2026-08-01T06:16:24Z,1262312026-07-31,12623,2026-07-31,CANCELED,,
2026-08-01T06:16:24Z,1877712026-07-31,18777,2026-07-31,CANCELED,,
2026-08-01T06:21:22Z,0587112026-07-31,05871,2026-07-31,SCHEDULED,420,7.0
2026-08-01T06:21:22Z,1264112026-07-31,12641,2026-07-31,SCHEDULED,-300,-5.0
2026-08-01T06:21:22Z,1264412026-07-31,12644,2026-07-31,SCHEDULED,240,4.0
2026-08-01T06:21:22Z,0808112026-07-31,08081,2026-07-31,SCHEDULED,240,4.0
2026-08-01T06:21:22Z,1268012026-07-31,12680,2026-07-31,SCHEDULED,60,1.0
2026-08-01T06:21:22Z,0808212026-07-31,08082,2026-07-31,SCHEDULED,0,0.0
2026-08-01T06:21:22Z,1268912026-07-31,12689,2026-07-31,SCHEDULED,0,0.0
2026-08-01T06:21:22Z,0808512026-07-31,08085,2026-07-31,SCHEDULED,60,1.0
2026-08-01T06:21:22Z,0808712026-07-31,08087,2026-07-31,SCHEDULED,-60,-1.0
2026-08-01T06:21:22Z,1300322026-07-31,13003,2026-07-31,SCHEDULED,180,3.0
2026-08-01T06:21:22Z,1302012026-07-31,13020,2026-07-31,SCHEDULED,120,2.0
2026-08-01T06:21:22Z,0827512026-07-31,08275,2026-07-31,SCHEDULED,180,3.0
2026-08-01T06:21:22Z,1395112026-07-31,13951,2026-07-31,SCHEDULED,-180,-3.0
2026-08-01T06:21:22Z,0827812026-07-31,08278,2026-07-31,SCHEDULED,300,5.0
2026-08-01T06:21:22Z,1320312026-07-31,13203,2026-07-31,SCHEDULED,300,5.0
2026-08-01T06:21:22Z,0828712026-07-31,08287,2026-07-31,SCHEDULED,120,2.0
2026-08-01T06:21:22Z,1390012026-08-01,13900,2026-08-01,SCHEDULED,60,1.0
2026-08-01T06:21:22Z,0847512026-07-31,08475,2026-07-31,SCHEDULED,-120,-2.0
2026-08-01T06:21:22Z,1390112026-08-01,13901,2026-08-01,SCHEDULED,60,1.0
2026-08-01T06:21:22Z,0907212026-07-31,09072,2026-07-31,SCHEDULED,120,2.0
2026-08-01T06:21:22Z,0907312026-07-31,09073,2026-07-31,SCHEDULED,0,0.0
2026-08-01T06:21:22Z,0908212026-07-31,09082,2026-07-31,SCHEDULED,0,0.0
2026-08-01T06:21:22Z,1412322026-07-31,14123,2026-07-31,SCHEDULED,0,0.0
2026-08-01T06:21:22Z,1412342026-07-31,14123,2026-07-31,SCHEDULED,0,0.0
2026-08-01T06:21:22Z,1412332026-07-31,14123,2026-07-31,SCHEDULED,0,0.0
2026-08-01T06:21:22Z,0908312026-07-31,09083,2026-07-31,SCHEDULED,-120,-2.0
2026-08-01T06:21:22Z,0908712026-07-31,09087,2026-07-31,SCHEDULED,-60,-1.0
2026-08-01T06:21:22Z,3560422026-07-31,35604,2026-07-31,SCHEDULED,0,0.0
2026-08-01T06:21:22Z,3560442026-07-31,35604,2026-07-31,SCHEDULED,0,0.0
2026-08-01T06:21:22Z,3560452026-07-31,35604,2026-07-31,SCHEDULED,0,0.0
2026-08-01T06:21:22Z,0973012026-07-31,09730,2026-07-31,SCHEDULED,0,0.0
2026-08-01T06:21:22Z,0973022026-07-31,09730,2026-07-31,SCHEDULED,0,0.0
2026-08-01T06:21:22Z,0973032026-07-31,09730,2026-07-31,SCHEDULED,0,0.0
2026-08-01T06:21:22Z,1500312026-07-31,15003,2026-07-31,SCHEDULED,1620,27.0
2026-08-01T06:21:22Z,1504012026-07-31,15040,2026-07-31,SCHEDULED,1140,19.0
2026-08-01T06:21:22Z,0973722026-07-31,09737,2026-07-31,SCHEDULED,60,1.0
2026-08-01T06:21:22Z,0973712026-07-31,09737,2026-07-31,SCHEDULED,60,1.0
2026-08-01T06:21:22Z,1504112026-07-31,15041,2026-07-31,SCHEDULED,660,11.0
2026-08-01T06:21:22Z,1506112026-07-31,15061,2026-07-31,SCHEDULED,60,1.0
2026-08-01T06:21:22Z,0407122026-08-01,04071,2026-08-01,SCHEDULED,180,3.0
2026-08-01T06:21:22Z,0407112026-08-01,04071,2026-08-01,SCHEDULED,180,3.0
2026-08-01T06:21:22Z,0207412026-08-01,02074,2026-08-01,SCHEDULED,180,3.0
2026-08-01T06:21:22Z,1562122026-07-31,15621,2026-07-31,SCHEDULED,480,8.0
2026-08-01T06:21:22Z,0109212026-07-31,01092,2026-07-31,SCHEDULED,-240,-4.0
2026-08-01T06:21:22Z,1564812026-07-31,15648,2026-07-31,SCHEDULED,0,0.0
2026-08-01T06:21:22Z,0407312026-08-01,04073,2026-08-01,SCHEDULED,0,0.0
2026-08-01T06:21:22Z,1577812026-07-31,15778,2026-07-31,SCHEDULED,0,0.0
2026-08-01T06:21:22Z,1580012026-07-31,15800,2026-07-31,SCHEDULED,420,7.0
2026-08-01T06:21:22Z,1585012026-07-31,15850,2026-07-31,SCHEDULED,180,3.0
2026-08-01T06:21:22Z,0309222026-07-31,03092,2026-07-31,SCHEDULED,60,1.0
2026-08-01T06:21:22Z,0309212026-07-31,03092,2026-07-31,SCHEDULED,60,1.0
2026-08-01T06:21:22Z,1585212026-07-31,15852,2026-07-31,SCHEDULED,360,6.0
2026-08-01T06:21:22Z,0527312026-07-31,05273,2026-07-31,SCHEDULED,0,0.0
2026-08-01T06:21:22Z,1590212026-07-31,15902,2026-07-31,SCHEDULED,1860,31.0
2026-08-01T06:21:22Z,0429522026-07-31,04295,2026-07-31,SCHEDULED,120,2.0
2026-08-01T06:21:22Z,0429512026-07-31,04295,2026-07-31,SCHEDULED,120,2.0
2026-08-01T06:21:22Z,0069712026-08-01,00697,2026-08-01,SCHEDULED,300,5.0
2026-08-01T06:21:22Z,1801012026-07-31,18010,2026-07-31,SCHEDULED,1320,22.0
2026-08-01T06:21:22Z,1801022026-07-31,18010,2026-07-31,SCHEDULED,1320,22.0
2026-08-01T06:21:22Z,1801032026-07-31,18010,2026-07-31,SCHEDULED,1320,22.0
2026-08-01T06:21:22Z,0576312026-07-31,05763,2026-07-31,SCHEDULED,120,2.0
2026-08-01T06:21:22Z,1801812026-07-31,18018,2026-07-31,SCHEDULED,0,0.0
2026-08-01T06:21:22Z,1804912026-07-31,18049,2026-07-31,SCHEDULED,60,1.0
2026-08-01T06:21:22Z,0418612026-08-01,04186,2026-08-01,SCHEDULED,-60,-1.0
2026-08-01T06:21:22Z,0418632026-08-01,04186,2026-08-01,SCHEDULED,-60,-1.0
2026-08-01T06:21:22Z,0418622026-08-01,04186,2026-08-01,SCHEDULED,-60,-1.0
2026-08-01T06:21:22Z,1805412026-07-31,18054,2026-07-31,SCHEDULED,60,1.0
2026-08-01T06:21:22Z,0408712026-08-01,04087,2026-08-01,SCHEDULED,60,1.0
2026-08-01T06:21:22Z,1807112026-07-31,18071,2026-07-31,SCHEDULED,120,2.0
2026-08-01T06:21:22Z,1210122026-07-31,12101,2026-07-31,SCHEDULED,1200,20.0
2026-08-01T06:21:22Z,1800222026-07-31,18002,2026-07-31,SCHEDULED,0,0.0
2026-08-01T06:21:22Z,1248012026-07-31,12480,2026-07-31,SCHEDULED,120,2.0
2026-08-01T06:21:22Z,1503212026-07-31,15032,2026-07-31,SCHEDULED,-60,-1.0
2026-08-01T06:21:22Z,1261312026-07-31,12613,2026-07-31,SCHEDULED,60,1.0
2026-08-01T06:21:22Z,1600012026-07-31,16000,2026-07-31,SCHEDULED,120,2.0
2026-08-01T06:21:22Z,1600112026-07-31,16001,2026-07-31,SCHEDULED,60,1.0
2026-08-01T06:21:22Z,0411422026-08-01,04114,2026-08-01,SCHEDULED,0,0.0
2026-08-01T06:21:22Z,0411412026-08-01,04114,2026-08-01,SCHEDULED,0,0.0
2026-08-01T06:21:22Z,1702112026-07-31,17021,2026-07-31,SCHEDULED,120,2.0
2026-08-01T06:21:22Z,1702122026-07-31,17021,2026-07-31,SCHEDULED,120,2.0
2026-08-01T06:21:22Z,1702132026-07-31,17021,2026-07-31,SCHEDULED,120,2.0
2026-08-01T06:21:22Z,1401412026-07-31,14014,2026-07-31,SCHEDULED,-60,-1.0
2026-08-01T06:21:22Z,0062122026-08-01,00621,2026-08-01,SCHEDULED,180,3.0
2026-08-01T06:21:22Z,0062132026-08-01,00621,2026-08-01,SCHEDULED,180,3.0
2026-08-01T06:21:22Z,0062152026-08-01,00621,2026-08-01,SCHEDULED,180,3.0
2026-08-01T06:21:22Z,0062112026-08-01,00621,2026-08-01,SCHEDULED,180,3.0
2026-08-01T06:21:22Z,0062142026-08-01,00621,2026-08-01,SCHEDULED,180,3.0
2026-08-01T06:21:22Z,1443522026-07-31,14435,2026-07-31,SCHEDULED,360,6.0
2026-08-01T06:21:22Z,1563222026-07-31,15632,2026-07-31,SCHEDULED,540,9.0
2026-08-01T06:21:22Z,1402012026-07-31,14020,2026-07-31,SCHEDULED,120,2.0
2026-08-01T06:21:22Z,0063142026-08-01,00631,2026-08-01,SCHEDULED,360,6.0
2026-08-01T06:21:22Z,0063132026-08-01,00631,2026-08-01,SCHEDULED,360,6.0
2026-08-01T06:21:22Z,0063112026-08-01,00631,2026-08-01,SCHEDULED,360,6.0
2026-08-01T06:21:22Z,0063122026-08-01,00631,2026-08-01,SCHEDULED,360,6.0
2026-08-01T06:21:22Z,0107212026-07-31,01072,2026-07-31,SCHEDULED,60,1.0
2026-08-01T06:21:22Z,1877522026-07-31,18775,2026-07-31,SCHEDULED,120,2.0
2026-08-01T06:21:22Z,0108122026-07-31,01081,2026-07-31,SCHEDULED,-60,-1.0
2026-08-01T06:21:22Z,0891512026-07-31,08915,2026-07-31,SCHEDULED,-60,-1.0
2026-08-01T06:21:22Z,0206112026-07-31,02061,2026-07-31,SCHEDULED,240,4.0
2026-08-01T06:21:22Z,0948012026-07-31,09480,2026-07-31,SCHEDULED,0,0.0
2026-08-01T06:21:22Z,0207012026-07-31,02070,2026-07-31,SCHEDULED,300,5.0
2026-08-01T06:21:22Z,7180012026-07-31,71800,2026-07-31,SCHEDULED,120,2.0
2026-08-01T06:21:22Z,7183012026-07-31,71830,2026-07-31,SCHEDULED,300,5.0
2026-08-01T06:21:22Z,0207112026-07-31,02071,2026-07-31,SCHEDULED,720,12.0
2026-08-01T06:21:22Z,7183112026-07-31,71831,2026-07-31,SCHEDULED,0,0.0
2026-08-01T06:21:22Z,0207512026-08-01,02075,2026-08-01,SCHEDULED,960,16.0
2026-08-01T06:21:22Z,1806612026-07-31,18066,2026-07-31,SCHEDULED,0,0.0
2026-08-01T06:21:22Z,0207212026-07-31,02072,2026-07-31,SCHEDULED,720,12.0
2026-08-01T06:21:22Z,1812012026-07-31,18120,2026-07-31,SCHEDULED,360,6.0
2026-08-01T06:21:22Z,0208012026-07-31,02080,2026-07-31,SCHEDULED,180,3.0
2026-08-01T06:21:22Z,1812112026-07-31,18121,2026-07-31,SCHEDULED,0,0.0
2026-08-01T06:21:22Z,0208312026-07-31,02083,2026-07-31,SCHEDULED,540,9.0
2026-08-01T06:21:22Z,1812312026-07-31,18123,2026-07-31,SCHEDULED,780,13.0
2026-08-01T06:21:22Z,0228512026-08-01,02285,2026-08-01,SCHEDULED,240,4.0
2026-08-01T06:21:22Z,0207322026-07-31,02073,2026-07-31,SCHEDULED,780,13.0
2026-08-01T06:21:22Z,1832122026-07-31,18321,2026-07-31,SCHEDULED,0,0.0
2026-08-01T06:21:22Z,0306212026-07-31,03062,2026-07-31,SCHEDULED,-60,-1.0
2026-08-01T06:21:22Z,0307322026-07-31,03073,2026-07-31,SCHEDULED,120,2.0
2026-08-01T06:21:22Z,0307312026-07-31,03073,2026-07-31,SCHEDULED,120,2.0
2026-08-01T06:21:22Z,1801012026-07-31,18010,2026-07-31,SCHEDULED,1200,20.0
2026-08-01T06:21:22Z,1801022026-07-31,18010,2026-07-31,SCHEDULED,1200,20.0
2026-08-01T06:21:22Z,1801032026-07-31,18010,2026-07-31,SCHEDULED,1200,20.0
2026-08-01T06:21:22Z,0308212026-07-31,03082,2026-07-31,SCHEDULED,120,2.0
2026-08-01T06:21:22Z,1870112026-07-31,18701,2026-07-31,SCHEDULED,180,3.0
2026-08-01T06:21:22Z,0306212026-07-31,03062,2026-07-31,SCHEDULED,180,3.0
2026-08-01T06:21:22Z,0331112026-07-31,03311,2026-07-31,SCHEDULED,-180,-3.0
2026-08-01T06:21:22Z,1833122026-07-31,18331,2026-07-31,SCHEDULED,-60,-1.0
2026-08-01T06:21:22Z,1781212026-07-31,17812,2026-07-31,SCHEDULED,240,4.0
2026-08-01T06:21:22Z,1781712026-07-31,17817,2026-07-31,SCHEDULED,-60,-1.0
2026-08-01T06:21:22Z,0327212026-08-01,03272,2026-08-01,SCHEDULED,0,0.0
2026-08-01T06:21:22Z,0327222026-08-01,03272,2026-08-01,SCHEDULED,0,0.0
2026-08-01T06:21:22Z,0327232026-08-01,03272,2026-08-01,SCHEDULED,0,0.0
2026-08-01T06:21:22Z,1890012026-07-31,18900,2026-07-31,SCHEDULED,240,4.0
2026-08-01T06:21:22Z,1891012026-07-31,18910,2026-07-31,SCHEDULED,660,11.0
2026-08-01T06:21:22Z,0408832026-08-01,04088,2026-08-01,SCHEDULED,0,0.0
2026-08-01T06:21:22Z,0408812026-08-01,04088,2026-08-01,SCHEDULED,0,0.0
2026-08-01T06:21:22Z,1443212026-07-31,14432,2026-07-31,SCHEDULED,120,2.0
2026-08-01T06:21:22Z,1503022026-07-31,15030,2026-07-31,SCHEDULED,180,3.0
2026-08-01T06:21:22Z,0407222026-08-01,04072,2026-08-01,SCHEDULED,180,3.0
2026-08-01T06:21:22Z,0407212026-08-01,04072,2026-08-01,SCHEDULED,180,3.0
2026-08-01T06:21:22Z,1503112026-07-31,15031,2026-07-31,SCHEDULED,-120,-2.0
2026-08-01T06:21:22Z,0446412026-07-31,04464,2026-07-31,SCHEDULED,0,0.0
2026-08-01T06:21:22Z,0415422026-07-31,04154,2026-07-31,SCHEDULED,240,4.0
2026-08-01T06:21:22Z,0415412026-07-31,04154,2026-07-31,SCHEDULED,240,4.0
2026-08-01T06:21:22Z,0436412026-07-31,04364,2026-07-31,SCHEDULED,60,1.0
2026-08-01T06:21:22Z,0506422026-07-31,05064,2026-07-31,SCHEDULED,0,0.0
2026-08-01T06:21:22Z,0506412026-07-31,05064,2026-07-31,SCHEDULED,0,0.0
2026-08-01T06:21:22Z,0507512026-07-31,05075,2026-07-31,SCHEDULED,60,1.0
2026-08-01T06:21:22Z,0508012026-07-31,05080,2026-07-31,SCHEDULED,1620,27.0
2026-08-01T06:21:22Z,0508032026-07-31,05080,2026-07-31,SCHEDULED,1620,27.0
2026-08-01T06:21:22Z,0508022026-07-31,05080,2026-07-31,SCHEDULED,1620,27.0
2026-08-01T06:21:22Z,0566812026-07-31,05668,2026-07-31,SCHEDULED,0,0.0
2026-08-01T06:21:22Z,3890512026-08-01,38905,2026-08-01,CANCELED,,
2026-08-01T06:21:22Z,1300212026-07-31,13002,2026-07-31,CANCELED,,
2026-08-01T06:21:22Z,3890512026-08-01,38905,2026-08-01,CANCELED,,
2026-08-01T06:21:22Z,1307912026-07-31,13079,2026-07-31,CANCELED,,
2026-08-01T06:21:22Z,1303222026-07-31,13032,2026-07-31,CANCELED,,
2026-08-01T06:21:22Z,1308932026-07-31,13089,2026-07-31,CANCELED,,
2026-08-01T06:21:22Z,1303112026-07-31,13031,2026-07-31,CANCELED,,
2026-08-01T06:21:22Z,1320812026-07-31,13208,2026-07-31,CANCELED,,
2026-08-01T06:21:22Z,1321922026-07-31,13219,2026-07-31,CANCELED,,
2026-08-01T06:21:22Z,1390212026-08-01,13902,2026-08-01,CANCELED,,
2026-08-01T06:21:22Z,3890212026-08-01,38902,2026-08-01,CANCELED,,
2026-08-01T06:21:22Z,1810012026-07-31,18100,2026-07-31,CANCELED,,
2026-08-01T06:21:22Z,1390412026-08-01,13904,2026-08-01,CANCELED,,
2026-08-01T06:21:22Z,3850012026-07-31,38500,2026-07-31,CANCELED,,
2026-08-01T06:21:22Z,1390412026-08-01,13904,2026-08-01,CANCELED,,
2026-08-01T06:21:22Z,3890412026-08-01,38904,2026-08-01,CANCELED,,
2026-08-01T06:21:22Z,3890412026-08-01,38904,2026-08-01,CANCELED,,
2026-08-01T06:21:22Z,1391012026-08-01,13910,2026-08-01,CANCELED,,
2026-08-01T06:21:22Z,1810522026-07-31,18105,2026-07-31,CANCELED,,
2026-08-01T06:21:22Z,1390512026-08-01,13905,2026-08-01,CANCELED,,
2026-08-01T06:21:22Z,3810512026-07-31,38105,2026-07-31,CANCELED,,
2026-08-01T06:21:22Z,1390512026-08-01,13905,2026-08-01,CANCELED,,
2026-08-01T06:21:22Z,1821712026-07-31,18217,2026-07-31,CANCELED,,
2026-08-01T06:21:22Z,1821812026-07-31,18218,2026-07-31,CANCELED,,
2026-08-01T06:21:22Z,0146012026-08-01,01460,2026-08-01,CANCELED,,
2026-08-01T06:21:22Z,0146022026-08-01,01460,2026-08-01,CANCELED,,
2026-08-01T06:21:22Z,0146032026-08-01,01460,2026-08-01,CANCELED,,
2026-08-01T06:21:22Z,1833012026-07-31,18330,2026-07-31,CANCELED,,
2026-08-01T06:21:22Z,3746012026-07-31,37460,2026-07-31,CANCELED,,
2026-08-01T06:21:22Z,1303512026-07-31,13035,2026-07-31,CANCELED,,
2026-08-01T06:21:22Z,1803512026-07-31,18035,2026-07-31,CANCELED,,
2026-08-01T06:21:22Z,0043812026-08-01,00438,2026-08-01,CANCELED,,
2026-08-01T06:21:22Z,0043822026-08-01,00438,2026-08-01,CANCELED,,
2026-08-01T06:21:22Z,0043832026-08-01,00438,2026-08-01,CANCELED,,
2026-08-01T06:21:22Z,3743812026-07-31,37438,2026-07-31,CANCELED,,
2026-08-01T06:21:22Z,1325822026-07-31,13258,2026-07-31,CANCELED,,
2026-08-01T06:21:22Z,1833122026-07-31,18331,2026-07-31,CANCELED,,
2026-08-01T06:21:22Z,0019222026-08-01,00192,2026-08-01,CANCELED,,
2026-08-01T06:21:22Z,0019212026-08-01,00192,2026-08-01,CANCELED,,
2026-08-01T06:21:22Z,7185512026-07-31,71855,2026-07-31,CANCELED,,
2026-08-01T06:21:22Z,1504212026-07-31,15042,2026-07-31,CANCELED,,
2026-08-01T06:21:22Z,3739212026-07-31,37392,2026-07-31,CANCELED,,
2026-08-01T06:21:22Z,1504312026-07-31,15043,2026-07-31,CANCELED,,
2026-08-01T06:21:22Z,1260812026-07-31,12608,2026-07-31,CANCELED,,
2026-08-01T06:21:22Z,3749222026-07-31,37492,2026-07-31,CANCELED,,
2026-08-01T06:21:22Z,3749212026-07-31,37492,2026-07-31,CANCELED,,
2026-08-01T06:21:22Z,1262312026-07-31,12623,2026-07-31,CANCELED,,
2026-08-01T06:21:22Z,1262312026-07-31,12623,2026-07-31,CANCELED,,
2026-08-01T06:21:22Z,0027622026-08-01,00276,2026-08-01,CANCELED,,
2026-08-01T06:21:22Z,0027612026-08-01,00276,2026-08-01,CANCELED,,
2026-08-01T06:21:22Z,3727612026-08-01,37276,2026-08-01,CANCELED,,
2026-08-01T06:21:22Z,1877712026-07-31,18777,2026-07-31,CANCELED,,
2026-08-01T06:21:22Z,1261112026-07-31,12611,2026-07-31,CANCELED,,
2026-08-01T06:21:22Z,1261112026-07-31,12611,2026-07-31,CANCELED,,
2026-08-01T06:21:22Z,1268912026-07-31,12689,2026-07-31,CANCELED,,
2026-08-01T06:26:17Z,1264112026-07-31,12641,2026-07-31,SCHEDULED,0,0.0
2026-08-01T06:26:17Z,0587112026-07-31,05871,2026-07-31,SCHEDULED,420,7.0
2026-08-01T06:26:17Z,1264412026-07-31,12644,2026-07-31,SCHEDULED,240,4.0
2026-08-01T06:26:17Z,0808112026-07-31,08081,2026-07-31,SCHEDULED,240,4.0
2026-08-01T06:26:17Z,0808212026-07-31,08082,2026-07-31,SCHEDULED,0,0.0
2026-08-01T06:26:17Z,1268012026-07-31,12680,2026-07-31,SCHEDULED,60,1.0
2026-08-01T06:26:17Z,0808512026-07-31,08085,2026-07-31,SCHEDULED,360,6.0
2026-08-01T06:26:17Z,1268912026-07-31,12689,2026-07-31,SCHEDULED,0,0.0
2026-08-01T06:26:17Z,0808712026-07-31,08087,2026-07-31,SCHEDULED,-60,-1.0
2026-08-01T06:26:17Z,1300322026-07-31,13003,2026-07-31,SCHEDULED,180,3.0
2026-08-01T06:26:17Z,0827512026-07-31,08275,2026-07-31,SCHEDULED,180,3.0
2026-08-01T06:26:17Z,1302012026-07-31,13020,2026-07-31,SCHEDULED,120,2.0
2026-08-01T06:26:17Z,0827812026-07-31,08278,2026-07-31,SCHEDULED,300,5.0
2026-08-01T06:26:17Z,1395112026-07-31,13951,2026-07-31,SCHEDULED,0,0.0
2026-08-01T06:26:17Z,0828712026-07-31,08287,2026-07-31,SCHEDULED,120,2.0
2026-08-01T06:26:17Z,1320312026-07-31,13203,2026-07-31,SCHEDULED,300,5.0
2026-08-01T06:26:17Z,0847512026-07-31,08475,2026-07-31,SCHEDULED,-120,-2.0
2026-08-01T06:26:17Z,1390012026-08-01,13900,2026-08-01,SCHEDULED,0,0.0
2026-08-01T06:26:17Z,0907212026-07-31,09072,2026-07-31,SCHEDULED,120,2.0
2026-08-01T06:26:17Z,1390112026-08-01,13901,2026-08-01,SCHEDULED,60,1.0
2026-08-01T06:26:17Z,0907312026-07-31,09073,2026-07-31,SCHEDULED,60,1.0
2026-08-01T06:26:17Z,0908212026-07-31,09082,2026-07-31,SCHEDULED,0,0.0
2026-08-01T06:26:17Z,0908312026-07-31,09083,2026-07-31,SCHEDULED,-120,-2.0
2026-08-01T06:26:17Z,1412322026-07-31,14123,2026-07-31,SCHEDULED,60,1.0
2026-08-01T06:26:17Z,1412342026-07-31,14123,2026-07-31,SCHEDULED,60,1.0
2026-08-01T06:26:17Z,1412332026-07-31,14123,2026-07-31,SCHEDULED,60,1.0
2026-08-01T06:26:17Z,0908712026-07-31,09087,2026-07-31,SCHEDULED,0,0.0
2026-08-01T06:26:17Z,3560422026-07-31,35604,2026-07-31,SCHEDULED,0,0.0
2026-08-01T06:26:17Z,3560442026-07-31,35604,2026-07-31,SCHEDULED,0,0.0
2026-08-01T06:26:17Z,3560452026-07-31,35604,2026-07-31,SCHEDULED,0,0.0
2026-08-01T06:26:17Z,0973012026-07-31,09730,2026-07-31,SCHEDULED,0,0.0
2026-08-01T06:26:17Z,0973022026-07-31,09730,2026-07-31,SCHEDULED,0,0.0
2026-08-01T06:26:17Z,0973032026-07-31,09730,2026-07-31,SCHEDULED,0,0.0
2026-08-01T06:26:17Z,1500312026-07-31,15003,2026-07-31,SCHEDULED,1500,25.0
2026-08-01T06:26:17Z,1504012026-07-31,15040,2026-07-31,SCHEDULED,960,16.0
2026-08-01T06:26:17Z,0973722026-07-31,09737,2026-07-31,SCHEDULED,180,3.0
2026-08-01T06:26:17Z,0973712026-07-31,09737,2026-07-31,SCHEDULED,180,3.0
2026-08-01T06:26:17Z,1504112026-07-31,15041,2026-07-31,SCHEDULED,660,11.0
2026-08-01T06:26:17Z,1506112026-07-31,15061,2026-07-31,SCHEDULED,60,1.0
2026-08-01T06:26:17Z,0407122026-08-01,04071,2026-08-01,SCHEDULED,180,3.0
2026-08-01T06:26:17Z,0407112026-08-01,04071,2026-08-01,SCHEDULED,180,3.0
2026-08-01T06:26:17Z,1562122026-07-31,15621,2026-07-31,SCHEDULED,480,8.0
2026-08-01T06:26:17Z,0207412026-08-01,02074,2026-08-01,SCHEDULED,300,5.0
2026-08-01T06:26:17Z,0109212026-07-31,01092,2026-07-31,SCHEDULED,-480,-8.0
2026-08-01T06:26:17Z,1564812026-07-31,15648,2026-07-31,SCHEDULED,0,0.0
2026-08-01T06:26:17Z,0407312026-08-01,04073,2026-08-01,SCHEDULED,0,0.0
2026-08-01T06:26:17Z,1577812026-07-31,15778,2026-07-31,SCHEDULED,60,1.0
2026-08-01T06:26:17Z,1580012026-07-31,15800,2026-07-31,SCHEDULED,180,3.0
2026-08-01T06:26:17Z,1585012026-07-31,15850,2026-07-31,SCHEDULED,240,4.0
2026-08-01T06:26:17Z,0309222026-07-31,03092,2026-07-31,SCHEDULED,0,0.0
2026-08-01T06:26:17Z,0309212026-07-31,03092,2026-07-31,SCHEDULED,0,0.0
2026-08-01T06:26:17Z,1585212026-07-31,15852,2026-07-31,SCHEDULED,360,6.0
2026-08-01T06:26:17Z,0527312026-07-31,05273,2026-07-31,SCHEDULED,0,0.0
2026-08-01T06:26:17Z,1590212026-07-31,15902,2026-07-31,SCHEDULED,1860,31.0
2026-08-01T06:26:17Z,0429522026-07-31,04295,2026-07-31,SCHEDULED,0,0.0
2026-08-01T06:26:17Z,0429512026-07-31,04295,2026-07-31,SCHEDULED,0,0.0
2026-08-01T06:26:17Z,0447512026-07-31,04475,2026-07-31,SCHEDULED,120,2.0
2026-08-01T06:26:17Z,1801012026-07-31,18010,2026-07-31,SCHEDULED,1320,22.0
2026-08-01T06:26:17Z,1801022026-07-31,18010,2026-07-31,SCHEDULED,1320,22.0
2026-08-01T06:26:17Z,1801032026-07-31,18010,2026-07-31,SCHEDULED,1320,22.0
2026-08-01T06:26:17Z,0069712026-08-01,00697,2026-08-01,SCHEDULED,60,1.0
2026-08-01T06:26:17Z,1801812026-07-31,18018,2026-07-31,SCHEDULED,0,0.0
2026-08-01T06:26:17Z,0576312026-07-31,05763,2026-07-31,SCHEDULED,300,5.0
2026-08-01T06:26:17Z,1804912026-07-31,18049,2026-07-31,SCHEDULED,60,1.0
2026-08-01T06:26:17Z,1805412026-07-31,18054,2026-07-31,SCHEDULED,-60,-1.0
2026-08-01T06:26:17Z,1807112026-07-31,18071,2026-07-31,SCHEDULED,240,4.0
2026-08-01T06:26:17Z,0418612026-08-01,04186,2026-08-01,SCHEDULED,60,1.0
2026-08-01T06:26:17Z,0418632026-08-01,04186,2026-08-01,SCHEDULED,60,1.0
2026-08-01T06:26:17Z,0418622026-08-01,04186,2026-08-01,SCHEDULED,60,1.0
2026-08-01T06:26:17Z,0408712026-08-01,04087,2026-08-01,SCHEDULED,60,1.0
2026-08-01T06:26:17Z,1800222026-07-31,18002,2026-07-31,SCHEDULED,0,0.0
2026-08-01T06:26:17Z,1210122026-07-31,12101,2026-07-31,SCHEDULED,1140,19.0
2026-08-01T06:26:17Z,1806612026-07-31,18066,2026-07-31,SCHEDULED,0,0.0
2026-08-01T06:26:17Z,1261312026-07-31,12613,2026-07-31,SCHEDULED,60,1.0
2026-08-01T06:26:17Z,1812012026-07-31,18120,2026-07-31,SCHEDULED,360,6.0
2026-08-01T06:26:17Z,1812112026-07-31,18121,2026-07-31,SCHEDULED,0,0.0
2026-08-01T06:26:17Z,0411422026-08-01,04114,2026-08-01,SCHEDULED,-60,-1.0
2026-08-01T06:26:17Z,0411412026-08-01,04114,2026-08-01,SCHEDULED,-60,-1.0
2026-08-01T06:26:17Z,1812312026-07-31,18123,2026-07-31,SCHEDULED,720,12.0
2026-08-01T06:26:17Z,1832122026-07-31,18321,2026-07-31,SCHEDULED,0,0.0
2026-08-01T06:26:17Z,0062122026-08-01,00621,2026-08-01,SCHEDULED,180,3.0
2026-08-01T06:26:17Z,0062132026-08-01,00621,2026-08-01,SCHEDULED,180,3.0
2026-08-01T06:26:17Z,0062152026-08-01,00621,2026-08-01,SCHEDULED,180,3.0
2026-08-01T06:26:17Z,0062112026-08-01,00621,2026-08-01,SCHEDULED,180,3.0
2026-08-01T06:26:17Z,0062142026-08-01,00621,2026-08-01,SCHEDULED,180,3.0
2026-08-01T06:26:17Z,1801012026-07-31,18010,2026-07-31,SCHEDULED,1200,20.0
2026-08-01T06:26:17Z,1801022026-07-31,18010,2026-07-31,SCHEDULED,1200,20.0
2026-08-01T06:26:17Z,1801032026-07-31,18010,2026-07-31,SCHEDULED,1200,20.0
2026-08-01T06:26:17Z,1870112026-07-31,18701,2026-07-31,SCHEDULED,420,7.0
2026-08-01T06:26:17Z,0063142026-08-01,00631,2026-08-01,SCHEDULED,360,6.0
2026-08-01T06:26:17Z,0063132026-08-01,00631,2026-08-01,SCHEDULED,360,6.0
2026-08-01T06:26:17Z,0063112026-08-01,00631,2026-08-01,SCHEDULED,360,6.0
2026-08-01T06:26:17Z,0063122026-08-01,00631,2026-08-01,SCHEDULED,360,6.0
2026-08-01T06:26:17Z,1833122026-07-31,18331,2026-07-31,SCHEDULED,60,1.0
2026-08-01T06:26:17Z,0107212026-07-31,01072,2026-07-31,SCHEDULED,0,0.0
2026-08-01T06:26:17Z,1781212026-07-31,17812,2026-07-31,SCHEDULED,240,4.0
2026-08-01T06:26:17Z,1781712026-07-31,17817,2026-07-31,SCHEDULED,0,0.0
2026-08-01T06:26:17Z,0108122026-07-31,01081,2026-07-31,SCHEDULED,0,0.0
2026-08-01T06:26:17Z,1890012026-07-31,18900,2026-07-31,SCHEDULED,240,4.0
2026-08-01T06:26:17Z,0206112026-07-31,02061,2026-07-31,SCHEDULED,120,2.0
2026-08-01T06:26:17Z,1891012026-07-31,18910,2026-07-31,SCHEDULED,420,7.0
2026-08-01T06:26:17Z,1443212026-07-31,14432,2026-07-31,SCHEDULED,120,2.0
2026-08-01T06:26:17Z,0207012026-07-31,02070,2026-07-31,SCHEDULED,300,5.0
2026-08-01T06:26:17Z,1503022026-07-31,15030,2026-07-31,SCHEDULED,240,4.0
2026-08-01T06:26:17Z,0207112026-07-31,02071,2026-07-31,SCHEDULED,720,12.0
2026-08-01T06:26:17Z,1503112026-07-31,15031,2026-07-31,SCHEDULED,-60,-1.0
2026-08-01T06:26:17Z,0207512026-08-01,02075,2026-08-01,SCHEDULED,1200,20.0
2026-08-01T06:26:17Z,1503212026-07-31,15032,2026-07-31,SCHEDULED,-60,-1.0
2026-08-01T06:26:17Z,0207212026-07-31,02072,2026-07-31,SCHEDULED,660,11.0
2026-08-01T06:26:17Z,1600112026-07-31,16001,2026-07-31,SCHEDULED,0,0.0
2026-08-01T06:26:17Z,0208012026-07-31,02080,2026-07-31,SCHEDULED,120,2.0
2026-08-01T06:26:17Z,0208312026-07-31,02083,2026-07-31,SCHEDULED,540,9.0
2026-08-01T06:26:17Z,0228512026-08-01,02285,2026-08-01,SCHEDULED,180,3.0
2026-08-01T06:26:17Z,1702112026-07-31,17021,2026-07-31,SCHEDULED,120,2.0
2026-08-01T06:26:17Z,1702122026-07-31,17021,2026-07-31,SCHEDULED,120,2.0
2026-08-01T06:26:17Z,1702132026-07-31,17021,2026-07-31,SCHEDULED,120,2.0
2026-08-01T06:26:17Z,0207322026-07-31,02073,2026-07-31,SCHEDULED,1200,20.0
2026-08-01T06:26:17Z,1401412026-07-31,14014,2026-07-31,SCHEDULED,60,1.0
2026-08-01T06:26:17Z,0306212026-07-31,03062,2026-07-31,SCHEDULED,-60,-1.0
2026-08-01T06:26:17Z,1443522026-07-31,14435,2026-07-31,SCHEDULED,420,7.0
2026-08-01T06:26:17Z,0307322026-07-31,03073,2026-07-31,SCHEDULED,120,2.0
2026-08-01T06:26:17Z,0307312026-07-31,03073,2026-07-31,SCHEDULED,120,2.0
2026-08-01T06:26:17Z,1563222026-07-31,15632,2026-07-31,SCHEDULED,540,9.0
2026-08-01T06:26:17Z,0308212026-07-31,03082,2026-07-31,SCHEDULED,180,3.0
2026-08-01T06:26:17Z,1402012026-07-31,14020,2026-07-31,SCHEDULED,0,0.0
2026-08-01T06:26:17Z,0306212026-07-31,03062,2026-07-31,SCHEDULED,120,2.0
2026-08-01T06:26:17Z,1877522026-07-31,18775,2026-07-31,SCHEDULED,60,1.0
2026-08-01T06:26:17Z,0331112026-07-31,03311,2026-07-31,SCHEDULED,-180,-3.0
2026-08-01T06:26:17Z,0891512026-07-31,08915,2026-07-31,SCHEDULED,-180,-3.0
2026-08-01T06:26:17Z,0948012026-07-31,09480,2026-07-31,SCHEDULED,0,0.0
2026-08-01T06:26:17Z,0327212026-08-01,03272,2026-08-01,SCHEDULED,180,3.0
2026-08-01T06:26:17Z,0327222026-08-01,03272,2026-08-01,SCHEDULED,180,3.0
2026-08-01T06:26:17Z,0327232026-08-01,03272,2026-08-01,SCHEDULED,180,3.0
2026-08-01T06:26:17Z,7180012026-07-31,71800,2026-07-31,SCHEDULED,120,2.0
2026-08-01T06:26:17Z,7181112026-07-31,71811,2026-07-31,SCHEDULED,0,0.0
2026-08-01T06:26:17Z,7183012026-07-31,71830,2026-07-31,SCHEDULED,300,5.0
2026-08-01T06:26:17Z,0408832026-08-01,04088,2026-08-01,SCHEDULED,0,0.0
2026-08-01T06:26:17Z,0408812026-08-01,04088,2026-08-01,SCHEDULED,0,0.0
2026-08-01T06:26:17Z,7183112026-07-31,71831,2026-07-31,SCHEDULED,0,0.0
2026-08-01T06:26:17Z,0407222026-08-01,04072,2026-08-01,SCHEDULED,120,2.0
2026-08-01T06:26:17Z,0407212026-08-01,04072,2026-08-01,SCHEDULED,120,2.0
2026-08-01T06:26:17Z,0446412026-07-31,04464,2026-07-31,SCHEDULED,0,0.0
2026-08-01T06:26:17Z,0415422026-07-31,04154,2026-07-31,SCHEDULED,240,4.0
2026-08-01T06:26:17Z,0415412026-07-31,04154,2026-07-31,SCHEDULED,240,4.0
2026-08-01T06:26:17Z,0436412026-07-31,04364,2026-07-31,SCHEDULED,120,2.0
2026-08-01T06:26:17Z,0506422026-07-31,05064,2026-07-31,SCHEDULED,0,0.0
2026-08-01T06:26:17Z,0506412026-07-31,05064,2026-07-31,SCHEDULED,0,0.0
2026-08-01T06:26:17Z,0507512026-07-31,05075,2026-07-31,SCHEDULED,180,3.0
2026-08-01T06:26:17Z,0508012026-07-31,05080,2026-07-31,SCHEDULED,1500,25.0
2026-08-01T06:26:17Z,0508032026-07-31,05080,2026-07-31,SCHEDULED,1500,25.0
2026-08-01T06:26:17Z,0508022026-07-31,05080,2026-07-31,SCHEDULED,1500,25.0
2026-08-01T06:26:17Z,0566812026-07-31,05668,2026-07-31,SCHEDULED,-60,-1.0
2026-08-01T06:26:17Z,1300212026-07-31,13002,2026-07-31,CANCELED,,
2026-08-01T06:26:17Z,3890512026-08-01,38905,2026-08-01,CANCELED,,
2026-08-01T06:26:17Z,1307912026-07-31,13079,2026-07-31,CANCELED,,
2026-08-01T06:26:17Z,3890512026-08-01,38905,2026-08-01,CANCELED,,
2026-08-01T06:26:17Z,1303222026-07-31,13032,2026-07-31,CANCELED,,
2026-08-01T06:26:17Z,1308932026-07-31,13089,2026-07-31,CANCELED,,
2026-08-01T06:26:17Z,1303112026-07-31,13031,2026-07-31,CANCELED,,
2026-08-01T06:26:17Z,1320812026-07-31,13208,2026-07-31,CANCELED,,
2026-08-01T06:26:17Z,1321922026-07-31,13219,2026-07-31,CANCELED,,
2026-08-01T06:26:17Z,1390212026-08-01,13902,2026-08-01,CANCELED,,
2026-08-01T06:26:17Z,3890212026-08-01,38902,2026-08-01,CANCELED,,
2026-08-01T06:26:17Z,1390412026-08-01,13904,2026-08-01,CANCELED,,
2026-08-01T06:26:17Z,1390412026-08-01,13904,2026-08-01,CANCELED,,
2026-08-01T06:26:17Z,1810012026-07-31,18100,2026-07-31,CANCELED,,
2026-08-01T06:26:17Z,3890412026-08-01,38904,2026-08-01,CANCELED,,
2026-08-01T06:26:17Z,3850012026-07-31,38500,2026-07-31,CANCELED,,
2026-08-01T06:26:17Z,3890412026-08-01,38904,2026-08-01,CANCELED,,
2026-08-01T06:26:17Z,1391012026-08-01,13910,2026-08-01,CANCELED,,
2026-08-01T06:26:17Z,1390512026-08-01,13905,2026-08-01,CANCELED,,
2026-08-01T06:26:17Z,1810522026-07-31,18105,2026-07-31,CANCELED,,
2026-08-01T06:26:17Z,1390512026-08-01,13905,2026-08-01,CANCELED,,
2026-08-01T06:26:17Z,3810512026-07-31,38105,2026-07-31,CANCELED,,
2026-08-01T06:26:17Z,1821712026-07-31,18217,2026-07-31,CANCELED,,
2026-08-01T06:26:17Z,1821812026-07-31,18218,2026-07-31,CANCELED,,
2026-08-01T06:26:17Z,0146012026-08-01,01460,2026-08-01,CANCELED,,
2026-08-01T06:26:17Z,0146022026-08-01,01460,2026-08-01,CANCELED,,
2026-08-01T06:26:17Z,0146032026-08-01,01460,2026-08-01,CANCELED,,
2026-08-01T06:26:17Z,3746012026-07-31,37460,2026-07-31,CANCELED,,
2026-08-01T06:26:17Z,1833012026-07-31,18330,2026-07-31,CANCELED,,
2026-08-01T06:26:17Z,1303512026-07-31,13035,2026-07-31,CANCELED,,
2026-08-01T06:26:17Z,1803512026-07-31,18035,2026-07-31,CANCELED,,
2026-08-01T06:26:17Z,0043812026-08-01,00438,2026-08-01,CANCELED,,
2026-08-01T06:26:17Z,0043822026-08-01,00438,2026-08-01,CANCELED,,
2026-08-01T06:26:17Z,0043832026-08-01,00438,2026-08-01,CANCELED,,
2026-08-01T06:26:17Z,3743812026-07-31,37438,2026-07-31,CANCELED,,
2026-08-01T06:26:17Z,1325822026-07-31,13258,2026-07-31,CANCELED,,
2026-08-01T06:26:17Z,0019222026-08-01,00192,2026-08-01,CANCELED,,
2026-08-01T06:26:17Z,0019212026-08-01,00192,2026-08-01,CANCELED,,
2026-08-01T06:26:17Z,1833122026-07-31,18331,2026-07-31,CANCELED,,
2026-08-01T06:26:17Z,7185512026-07-31,71855,2026-07-31,CANCELED,,
2026-08-01T06:26:17Z,1504212026-07-31,15042,2026-07-31,CANCELED,,
2026-08-01T06:26:17Z,3739212026-07-31,37392,2026-07-31,CANCELED,,
2026-08-01T06:26:17Z,1504312026-07-31,15043,2026-07-31,CANCELED,,
2026-08-01T06:26:17Z,1260812026-07-31,12608,2026-07-31,CANCELED,,
2026-08-01T06:26:17Z,3749222026-07-31,37492,2026-07-31,CANCELED,,
2026-08-01T06:26:17Z,3749212026-07-31,37492,2026-07-31,CANCELED,,
2026-08-01T06:26:17Z,1262312026-07-31,12623,2026-07-31,CANCELED,,
2026-08-01T06:26:17Z,1262312026-07-31,12623,2026-07-31,CANCELED,,
2026-08-01T06:26:17Z,0027622026-08-01,00276,2026-08-01,CANCELED,,
2026-08-01T06:26:17Z,0027612026-08-01,00276,2026-08-01,CANCELED,,
2026-08-01T06:26:17Z,3727612026-08-01,37276,2026-08-01,CANCELED,,
2026-08-01T06:26:17Z,1261112026-07-31,12611,2026-07-31,CANCELED,,
2026-08-01T06:26:17Z,1877712026-07-31,18777,2026-07-31,CANCELED,,
2026-08-01T06:26:17Z,1261112026-07-31,12611,2026-07-31,CANCELED,,
2026-08-01T06:26:17Z,1268912026-07-31,12689,2026-07-31,CANCELED,,
2026-08-01T06:31:34Z,1261312026-07-31,12613,2026-07-31,SCHEDULED,60,1.0
2026-08-01T06:31:34Z,0566812026-07-31,05668,2026-07-31,SCHEDULED,0,0.0
2026-08-01T06:31:34Z,1264112026-07-31,12641,2026-07-31,SCHEDULED,-60,-1.0
2026-08-01T06:31:34Z,0587112026-07-31,05871,2026-07-31,SCHEDULED,360,6.0
2026-08-01T06:31:34Z,0808112026-07-31,08081,2026-07-31,SCHEDULED,360,6.0
2026-08-01T06:31:34Z,1264412026-07-31,12644,2026-07-31,SCHEDULED,240,4.0
2026-08-01T06:31:34Z,1268012026-07-31,12680,2026-07-31,SCHEDULED,420,7.0
2026-08-01T06:31:34Z,0808212026-07-31,08082,2026-07-31,SCHEDULED,240,4.0
2026-08-01T06:31:34Z,0808512026-07-31,08085,2026-07-31,SCHEDULED,120,2.0
2026-08-01T06:31:34Z,1268912026-07-31,12689,2026-07-31,SCHEDULED,0,0.0
2026-08-01T06:31:34Z,0808712026-07-31,08087,2026-07-31,SCHEDULED,-120,-2.0
2026-08-01T06:31:34Z,1300322026-07-31,13003,2026-07-31,SCHEDULED,300,5.0
2026-08-01T06:31:34Z,0827512026-07-31,08275,2026-07-31,SCHEDULED,240,4.0
2026-08-01T06:31:34Z,1302012026-07-31,13020,2026-07-31,SCHEDULED,120,2.0
2026-08-01T06:31:34Z,0827812026-07-31,08278,2026-07-31,SCHEDULED,240,4.0
2026-08-01T06:31:34Z,1395112026-07-31,13951,2026-07-31,SCHEDULED,-60,-1.0
2026-08-01T06:31:34Z,0828712026-07-31,08287,2026-07-31,SCHEDULED,120,2.0
2026-08-01T06:31:34Z,1390012026-08-01,13900,2026-08-01,SCHEDULED,0,0.0
2026-08-01T06:31:34Z,0847512026-07-31,08475,2026-07-31,SCHEDULED,-360,-6.0
2026-08-01T06:31:34Z,1390112026-08-01,13901,2026-08-01,SCHEDULED,120,2.0
2026-08-01T06:31:34Z,0907212026-07-31,09072,2026-07-31,SCHEDULED,120,2.0
2026-08-01T06:31:34Z,0907312026-07-31,09073,2026-07-31,SCHEDULED,60,1.0
2026-08-01T06:31:34Z,0908212026-07-31,09082,2026-07-31,SCHEDULED,0,0.0
2026-08-01T06:31:34Z,1412322026-07-31,14123,2026-07-31,SCHEDULED,60,1.0
2026-08-01T06:31:34Z,1412342026-07-31,14123,2026-07-31,SCHEDULED,60,1.0
2026-08-01T06:31:34Z,1412332026-07-31,14123,2026-07-31,SCHEDULED,60,1.0
2026-08-01T06:31:34Z,0908312026-07-31,09083,2026-07-31,SCHEDULED,-120,-2.0
2026-08-01T06:31:34Z,0908712026-07-31,09087,2026-07-31,SCHEDULED,0,0.0
2026-08-01T06:31:34Z,3560422026-07-31,35604,2026-07-31,SCHEDULED,0,0.0
2026-08-01T06:31:34Z,3560442026-07-31,35604,2026-07-31,SCHEDULED,0,0.0
2026-08-01T06:31:34Z,3560452026-07-31,35604,2026-07-31,SCHEDULED,0,0.0
2026-08-01T06:31:34Z,0973012026-07-31,09730,2026-07-31,SCHEDULED,0,0.0
2026-08-01T06:31:34Z,0973022026-07-31,09730,2026-07-31,SCHEDULED,0,0.0
2026-08-01T06:31:34Z,0973032026-07-31,09730,2026-07-31,SCHEDULED,0,0.0
2026-08-01T06:31:34Z,1500312026-07-31,15003,2026-07-31,SCHEDULED,1500,25.0
2026-08-01T06:31:34Z,1504012026-07-31,15040,2026-07-31,SCHEDULED,1020,17.0
2026-08-01T06:31:34Z,0973722026-07-31,09737,2026-07-31,SCHEDULED,180,3.0
2026-08-01T06:31:34Z,0973712026-07-31,09737,2026-07-31,SCHEDULED,180,3.0
2026-08-01T06:31:34Z,1504112026-07-31,15041,2026-07-31,SCHEDULED,720,12.0
2026-08-01T06:31:34Z,0407122026-08-01,04071,2026-08-01,SCHEDULED,180,3.0
2026-08-01T06:31:34Z,0407112026-08-01,04071,2026-08-01,SCHEDULED,180,3.0
2026-08-01T06:31:34Z,1506112026-07-31,15061,2026-07-31,SCHEDULED,0,0.0
2026-08-01T06:31:34Z,0207412026-08-01,02074,2026-08-01,SCHEDULED,360,6.0
2026-08-01T06:31:34Z,1564812026-07-31,15648,2026-07-31,SCHEDULED,0,0.0
2026-08-01T06:31:34Z,1577812026-07-31,15778,2026-07-31,SCHEDULED,120,2.0
2026-08-01T06:31:34Z,0208722026-07-31,02087,2026-07-31,SCHEDULED,60,1.0
2026-08-01T06:31:34Z,0208712026-07-31,02087,2026-07-31,SCHEDULED,60,1.0
2026-08-01T06:31:34Z,1580012026-07-31,15800,2026-07-31,SCHEDULED,180,3.0
2026-08-01T06:31:34Z,0109212026-07-31,01092,2026-07-31,SCHEDULED,-480,-8.0
2026-08-01T06:31:34Z,1585012026-07-31,15850,2026-07-31,SCHEDULED,240,4.0
2026-08-01T06:31:34Z,0407312026-08-01,04073,2026-08-01,SCHEDULED,0,0.0
2026-08-01T06:31:34Z,1585212026-07-31,15852,2026-07-31,SCHEDULED,180,3.0
2026-08-01T06:31:34Z,1590212026-07-31,15902,2026-07-31,SCHEDULED,1860,31.0
2026-08-01T06:31:34Z,0309222026-07-31,03092,2026-07-31,SCHEDULED,0,0.0
2026-08-01T06:31:34Z,0309212026-07-31,03092,2026-07-31,SCHEDULED,0,0.0
2026-08-01T06:31:34Z,1601912026-07-31,16019,2026-07-31,SCHEDULED,60,1.0
2026-08-01T06:31:34Z,0527312026-07-31,05273,2026-07-31,SCHEDULED,0,0.0
2026-08-01T06:31:34Z,0429522026-07-31,04295,2026-07-31,SCHEDULED,0,0.0
2026-08-01T06:31:34Z,0429512026-07-31,04295,2026-07-31,SCHEDULED,0,0.0
2026-08-01T06:31:34Z,1801012026-07-31,18010,2026-07-31,SCHEDULED,1320,22.0
2026-08-01T06:31:34Z,1801022026-07-31,18010,2026-07-31,SCHEDULED,1320,22.0
2026-08-01T06:31:34Z,1801032026-07-31,18010,2026-07-31,SCHEDULED,1320,22.0
2026-08-01T06:31:34Z,0447512026-07-31,04475,2026-07-31,SCHEDULED,-60,-1.0
2026-08-01T06:31:34Z,1600012026-07-31,16000,2026-07-31,SCHEDULED,-60,-1.0
2026-08-01T06:31:34Z,0069712026-08-01,00697,2026-08-01,SCHEDULED,-120,-2.0
2026-08-01T06:31:34Z,1801812026-07-31,18018,2026-07-31,SCHEDULED,0,0.0
2026-08-01T06:31:34Z,0576312026-07-31,05763,2026-07-31,SCHEDULED,300,5.0
2026-08-01T06:31:34Z,1804912026-07-31,18049,2026-07-31,SCHEDULED,60,1.0
2026-08-01T06:31:34Z,1805412026-07-31,18054,2026-07-31,SCHEDULED,0,0.0
2026-08-01T06:31:34Z,1807112026-07-31,18071,2026-07-31,SCHEDULED,240,4.0
2026-08-01T06:31:34Z,0418612026-08-01,04186,2026-08-01,SCHEDULED,60,1.0
2026-08-01T06:31:34Z,0418632026-08-01,04186,2026-08-01,SCHEDULED,60,1.0
2026-08-01T06:31:34Z,0418622026-08-01,04186,2026-08-01,SCHEDULED,60,1.0
2026-08-01T06:31:34Z,1503212026-07-31,15032,2026-07-31,SCHEDULED,0,0.0
2026-08-01T06:31:34Z,0408712026-08-01,04087,2026-08-01,SCHEDULED,60,1.0
2026-08-01T06:31:34Z,1600112026-07-31,16001,2026-07-31,SCHEDULED,0,0.0
2026-08-01T06:31:34Z,1210122026-07-31,12101,2026-07-31,SCHEDULED,1140,19.0
2026-08-01T06:31:34Z,1702112026-07-31,17021,2026-07-31,SCHEDULED,120,2.0
2026-08-01T06:31:34Z,1702122026-07-31,17021,2026-07-31,SCHEDULED,120,2.0
2026-08-01T06:31:34Z,1702132026-07-31,17021,2026-07-31,SCHEDULED,120,2.0
2026-08-01T06:31:34Z,0411422026-08-01,04114,2026-08-01,SCHEDULED,-60,-1.0
2026-08-01T06:31:34Z,0411412026-08-01,04114,2026-08-01,SCHEDULED,-60,-1.0
2026-08-01T06:31:34Z,1401412026-07-31,14014,2026-07-31,SCHEDULED,60,1.0
2026-08-01T06:31:34Z,1443522026-07-31,14435,2026-07-31,SCHEDULED,360,6.0
2026-08-01T06:31:34Z,1563222026-07-31,15632,2026-07-31,SCHEDULED,420,7.0
2026-08-01T06:31:34Z,0062122026-08-01,00621,2026-08-01,SCHEDULED,120,2.0
2026-08-01T06:31:34Z,0062132026-08-01,00621,2026-08-01,SCHEDULED,120,2.0
2026-08-01T06:31:34Z,0062152026-08-01,00621,2026-08-01,SCHEDULED,120,2.0
2026-08-01T06:31:34Z,0062112026-08-01,00621,2026-08-01,SCHEDULED,120,2.0
2026-08-01T06:31:34Z,0062142026-08-01,00621,2026-08-01,SCHEDULED,120,2.0
2026-08-01T06:31:34Z,1563322026-07-31,15633,2026-07-31,SCHEDULED,300,5.0
2026-08-01T06:31:34Z,1402012026-07-31,14020,2026-07-31,SCHEDULED,0,0.0
2026-08-01T06:31:34Z,1877522026-07-31,18775,2026-07-31,SCHEDULED,60,1.0
2026-08-01T06:31:34Z,0063142026-08-01,00631,2026-08-01,SCHEDULED,240,4.0
2026-08-01T06:31:34Z,0063132026-08-01,00631,2026-08-01,SCHEDULED,240,4.0
2026-08-01T06:31:34Z,0063112026-08-01,00631,2026-08-01,SCHEDULED,240,4.0
2026-08-01T06:31:34Z,0063122026-08-01,00631,2026-08-01,SCHEDULED,240,4.0
2026-08-01T06:31:34Z,0891512026-07-31,08915,2026-07-31,SCHEDULED,-180,-3.0
2026-08-01T06:31:34Z,0107212026-07-31,01072,2026-07-31,SCHEDULED,-600,-10.0
2026-08-01T06:31:34Z,0948012026-07-31,09480,2026-07-31,SCHEDULED,0,0.0
2026-08-01T06:31:34Z,0108122026-07-31,01081,2026-07-31,SCHEDULED,0,0.0
2026-08-01T06:31:34Z,0206112026-07-31,02061,2026-07-31,SCHEDULED,-240,-4.0
2026-08-01T06:31:34Z,7180012026-07-31,71800,2026-07-31,SCHEDULED,120,2.0
2026-08-01T06:31:34Z,0207012026-07-31,02070,2026-07-31,SCHEDULED,360,6.0
2026-08-01T06:31:34Z,7181112026-07-31,71811,2026-07-31,SCHEDULED,0,0.0
2026-08-01T06:31:34Z,7183012026-07-31,71830,2026-07-31,SCHEDULED,240,4.0
2026-08-01T06:31:34Z,0207112026-07-31,02071,2026-07-31,SCHEDULED,720,12.0
2026-08-01T06:31:34Z,7183112026-07-31,71831,2026-07-31,SCHEDULED,0,0.0
2026-08-01T06:31:34Z,0207512026-08-01,02075,2026-08-01,SCHEDULED,1080,18.0
2026-08-01T06:31:34Z,0207212026-07-31,02072,2026-07-31,SCHEDULED,660,11.0
2026-08-01T06:31:34Z,1800222026-07-31,18002,2026-07-31,SCHEDULED,0,0.0
2026-08-01T06:31:34Z,0208012026-07-31,02080,2026-07-31,SCHEDULED,120,2.0
2026-08-01T06:31:34Z,1806612026-07-31,18066,2026-07-31,SCHEDULED,-60,-1.0
2026-08-01T06:31:34Z,0208312026-07-31,02083,2026-07-31,SCHEDULED,720,12.0
2026-08-01T06:31:34Z,1812112026-07-31,18121,2026-07-31,SCHEDULED,0,0.0
2026-08-01T06:31:34Z,0228512026-08-01,02285,2026-08-01,SCHEDULED,180,3.0
2026-08-01T06:31:34Z,1812312026-07-31,18123,2026-07-31,SCHEDULED,720,12.0
2026-08-01T06:31:34Z,0207322026-07-31,02073,2026-07-31,SCHEDULED,1080,18.0
2026-08-01T06:31:34Z,1832122026-07-31,18321,2026-07-31,SCHEDULED,0,0.0
2026-08-01T06:31:34Z,0306212026-07-31,03062,2026-07-31,SCHEDULED,-60,-1.0
2026-08-01T06:31:34Z,0307322026-07-31,03073,2026-07-31,SCHEDULED,60,1.0
2026-08-01T06:31:34Z,0307312026-07-31,03073,2026-07-31,SCHEDULED,60,1.0
2026-08-01T06:31:34Z,1801012026-07-31,18010,2026-07-31,SCHEDULED,1620,27.0
2026-08-01T06:31:34Z,1801022026-07-31,18010,2026-07-31,SCHEDULED,1620,27.0
2026-08-01T06:31:34Z,1801032026-07-31,18010,2026-07-31,SCHEDULED,1620,27.0
2026-08-01T06:31:34Z,0308212026-07-31,03082,2026-07-31,SCHEDULED,180,3.0
2026-08-01T06:31:34Z,0306212026-07-31,03062,2026-07-31,SCHEDULED,120,2.0
2026-08-01T06:31:34Z,1870112026-07-31,18701,2026-07-31,SCHEDULED,480,8.0
2026-08-01T06:31:34Z,0331112026-07-31,03311,2026-07-31,SCHEDULED,-300,-5.0
2026-08-01T06:31:34Z,1833122026-07-31,18331,2026-07-31,SCHEDULED,60,1.0
2026-08-01T06:31:34Z,1781212026-07-31,17812,2026-07-31,SCHEDULED,240,4.0
2026-08-01T06:31:34Z,1781712026-07-31,17817,2026-07-31,SCHEDULED,0,0.0
2026-08-01T06:31:34Z,0327212026-08-01,03272,2026-08-01,SCHEDULED,180,3.0
2026-08-01T06:31:34Z,0327222026-08-01,03272,2026-08-01,SCHEDULED,180,3.0
2026-08-01T06:31:34Z,0327232026-08-01,03272,2026-08-01,SCHEDULED,180,3.0
2026-08-01T06:31:34Z,1892112026-07-31,18921,2026-07-31,SCHEDULED,0,0.0
2026-08-01T06:31:34Z,1890012026-07-31,18900,2026-07-31,SCHEDULED,240,4.0
2026-08-01T06:31:34Z,0408832026-08-01,04088,2026-08-01,SCHEDULED,-60,-1.0
2026-08-01T06:31:34Z,0408812026-08-01,04088,2026-08-01,SCHEDULED,-60,-1.0
2026-08-01T06:31:34Z,1443212026-07-31,14432,2026-07-31,SCHEDULED,180,3.0
2026-08-01T06:31:34Z,1503022026-07-31,15030,2026-07-31,SCHEDULED,180,3.0
2026-08-01T06:31:34Z,0407222026-08-01,04072,2026-08-01,SCHEDULED,180,3.0
2026-08-01T06:31:34Z,0407212026-08-01,04072,2026-08-01,SCHEDULED,180,3.0
2026-08-01T06:31:34Z,1503112026-07-31,15031,2026-07-31,SCHEDULED,-60,-1.0
2026-08-01T06:31:34Z,0446412026-07-31,04464,2026-07-31,SCHEDULED,0,0.0
2026-08-01T06:31:34Z,0415422026-07-31,04154,2026-07-31,SCHEDULED,240,4.0
2026-08-01T06:31:34Z,0415412026-07-31,04154,2026-07-31,SCHEDULED,240,4.0
2026-08-01T06:31:34Z,0436412026-07-31,04364,2026-07-31,SCHEDULED,120,2.0
2026-08-01T06:31:34Z,0489822026-08-01,04898,2026-08-01,SCHEDULED,180,3.0
2026-08-01T06:31:34Z,0489812026-08-01,04898,2026-08-01,SCHEDULED,180,3.0
2026-08-01T06:31:34Z,0506422026-07-31,05064,2026-07-31,SCHEDULED,0,0.0
2026-08-01T06:31:34Z,0506412026-07-31,05064,2026-07-31,SCHEDULED,0,0.0
2026-08-01T06:31:34Z,0507512026-07-31,05075,2026-07-31,SCHEDULED,120,2.0
2026-08-01T06:31:34Z,0508012026-07-31,05080,2026-07-31,SCHEDULED,1500,25.0
2026-08-01T06:31:34Z,0508032026-07-31,05080,2026-07-31,SCHEDULED,1500,25.0
2026-08-01T06:31:34Z,0508022026-07-31,05080,2026-07-31,SCHEDULED,1500,25.0
2026-08-01T06:31:34Z,1300212026-07-31,13002,2026-07-31,CANCELED,,
2026-08-01T06:31:34Z,3890512026-08-01,38905,2026-08-01,CANCELED,,
2026-08-01T06:31:34Z,1307912026-07-31,13079,2026-07-31,CANCELED,,
2026-08-01T06:31:34Z,3890512026-08-01,38905,2026-08-01,CANCELED,,
2026-08-01T06:31:34Z,1303222026-07-31,13032,2026-07-31,CANCELED,,
2026-08-01T06:31:34Z,1308932026-07-31,13089,2026-07-31,CANCELED,,
2026-08-01T06:31:34Z,1303112026-07-31,13031,2026-07-31,CANCELED,,
2026-08-01T06:31:34Z,1320812026-07-31,13208,2026-07-31,CANCELED,,
2026-08-01T06:31:34Z,1321922026-07-31,13219,2026-07-31,CANCELED,,
2026-08-01T06:31:34Z,1390212026-08-01,13902,2026-08-01,CANCELED,,
2026-08-01T06:31:34Z,3890212026-08-01,38902,2026-08-01,CANCELED,,
2026-08-01T06:31:34Z,1390412026-08-01,13904,2026-08-01,CANCELED,,
2026-08-01T06:31:34Z,1810012026-07-31,18100,2026-07-31,CANCELED,,
2026-08-01T06:31:34Z,1390412026-08-01,13904,2026-08-01,CANCELED,,
2026-08-01T06:31:34Z,3850012026-07-31,38500,2026-07-31,CANCELED,,
2026-08-01T06:31:34Z,3890412026-08-01,38904,2026-08-01,CANCELED,,
2026-08-01T06:31:34Z,3890412026-08-01,38904,2026-08-01,CANCELED,,
2026-08-01T06:31:34Z,1391012026-08-01,13910,2026-08-01,CANCELED,,
2026-08-01T06:31:34Z,1810522026-07-31,18105,2026-07-31,CANCELED,,
2026-08-01T06:31:34Z,1390512026-08-01,13905,2026-08-01,CANCELED,,
2026-08-01T06:31:34Z,1390512026-08-01,13905,2026-08-01,CANCELED,,
2026-08-01T06:31:34Z,3810512026-07-31,38105,2026-07-31,CANCELED,,
2026-08-01T06:31:34Z,1821712026-07-31,18217,2026-07-31,CANCELED,,
2026-08-01T06:31:34Z,1821812026-07-31,18218,2026-07-31,CANCELED,,
2026-08-01T06:31:34Z,0146012026-08-01,01460,2026-08-01,CANCELED,,
2026-08-01T06:31:34Z,0146022026-08-01,01460,2026-08-01,CANCELED,,
2026-08-01T06:31:34Z,0146032026-08-01,01460,2026-08-01,CANCELED,,
2026-08-01T06:31:34Z,1833012026-07-31,18330,2026-07-31,CANCELED,,
2026-08-01T06:31:34Z,3746012026-07-31,37460,2026-07-31,CANCELED,,
2026-08-01T06:31:34Z,1303512026-07-31,13035,2026-07-31,CANCELED,,
2026-08-01T06:31:34Z,0043812026-08-01,00438,2026-08-01,CANCELED,,
2026-08-01T06:31:34Z,0043822026-08-01,00438,2026-08-01,CANCELED,,
2026-08-01T06:31:34Z,0043832026-08-01,00438,2026-08-01,CANCELED,,
2026-08-01T06:31:34Z,1803512026-07-31,18035,2026-07-31,CANCELED,,
2026-08-01T06:31:34Z,3743812026-07-31,37438,2026-07-31,CANCELED,,
2026-08-01T06:31:34Z,1325822026-07-31,13258,2026-07-31,CANCELED,,
2026-08-01T06:31:34Z,0019222026-08-01,00192,2026-08-01,CANCELED,,
2026-08-01T06:31:34Z,0019212026-08-01,00192,2026-08-01,CANCELED,,
2026-08-01T06:31:34Z,1833122026-07-31,18331,2026-07-31,CANCELED,,
2026-08-01T06:31:34Z,7185512026-07-31,71855,2026-07-31,CANCELED,,
2026-08-01T06:31:34Z,1504212026-07-31,15042,2026-07-31,CANCELED,,
2026-08-01T06:31:34Z,3739212026-07-31,37392,2026-07-31,CANCELED,,
2026-08-01T06:31:34Z,1504312026-07-31,15043,2026-07-31,CANCELED,,
2026-08-01T06:31:34Z,1260812026-07-31,12608,2026-07-31,CANCELED,,
2026-08-01T06:31:34Z,3749222026-07-31,37492,2026-07-31,CANCELED,,
2026-08-01T06:31:34Z,3749212026-07-31,37492,2026-07-31,CANCELED,,
2026-08-01T06:31:34Z,1262312026-07-31,12623,2026-07-31,CANCELED,,
2026-08-01T06:31:34Z,1262312026-07-31,12623,2026-07-31,CANCELED,,
2026-08-01T06:31:34Z,0027622026-08-01,00276,2026-08-01,CANCELED,,
2026-08-01T06:31:34Z,0027612026-08-01,00276,2026-08-01,CANCELED,,
2026-08-01T06:31:34Z,3727612026-08-01,37276,2026-08-01,CANCELED,,
2026-08-01T06:31:34Z,1261112026-07-31,12611,2026-07-31,CANCELED,,
2026-08-01T06:31:34Z,1877712026-07-31,18777,2026-07-31,CANCELED,,
2026-08-01T06:31:34Z,1261112026-07-31,12611,2026-07-31,CANCELED,,
2026-08-01T06:31:34Z,1268912026-07-31,12689,2026-07-31,CANCELED,,
2026-08-01T06:36:19Z,1210122026-07-31,12101,2026-07-31,SCHEDULED,1140,19.0
2026-08-01T06:36:19Z,1261312026-07-31,12613,2026-07-31,SCHEDULED,120,2.0
2026-08-01T06:36:19Z,0508012026-07-31,05080,2026-07-31,SCHEDULED,1500,25.0
2026-08-01T06:36:19Z,0508032026-07-31,05080,2026-07-31,SCHEDULED,1500,25.0
2026-08-01T06:36:19Z,0508022026-07-31,05080,2026-07-31,SCHEDULED,1500,25.0
2026-08-01T06:36:19Z,1264112026-07-31,12641,2026-07-31,SCHEDULED,-60,-1.0
2026-08-01T06:36:19Z,0566812026-07-31,05668,2026-07-31,SCHEDULED,0,0.0
2026-08-01T06:36:19Z,1264412026-07-31,12644,2026-07-31,SCHEDULED,240,4.0
2026-08-01T06:36:19Z,0587112026-07-31,05871,2026-07-31,SCHEDULED,360,6.0
2026-08-01T06:36:19Z,1268012026-07-31,12680,2026-07-31,SCHEDULED,420,7.0
2026-08-01T06:36:19Z,0808112026-07-31,08081,2026-07-31,SCHEDULED,360,6.0
2026-08-01T06:36:19Z,1268912026-07-31,12689,2026-07-31,SCHEDULED,0,0.0
2026-08-01T06:36:19Z,0808212026-07-31,08082,2026-07-31,SCHEDULED,180,3.0
2026-08-01T06:36:19Z,1300322026-07-31,13003,2026-07-31,SCHEDULED,360,6.0
2026-08-01T06:36:19Z,0808512026-07-31,08085,2026-07-31,SCHEDULED,120,2.0
2026-08-01T06:36:19Z,0808712026-07-31,08087,2026-07-31,SCHEDULED,-60,-1.0
2026-08-01T06:36:19Z,1303022026-07-31,13030,2026-07-31,SCHEDULED,180,3.0
2026-08-01T06:36:19Z,0827512026-07-31,08275,2026-07-31,SCHEDULED,240,4.0
2026-08-01T06:36:19Z,1302012026-07-31,13020,2026-07-31,SCHEDULED,120,2.0
2026-08-01T06:36:19Z,1395112026-07-31,13951,2026-07-31,SCHEDULED,-60,-1.0
2026-08-01T06:36:19Z,0827812026-07-31,08278,2026-07-31,SCHEDULED,240,4.0
2026-08-01T06:36:19Z,1390012026-08-01,13900,2026-08-01,SCHEDULED,0,0.0
2026-08-01T06:36:19Z,0828712026-07-31,08287,2026-07-31,SCHEDULED,120,2.0
2026-08-01T06:36:19Z,1390112026-08-01,13901,2026-08-01,SCHEDULED,120,2.0
2026-08-01T06:36:19Z,0847512026-07-31,08475,2026-07-31,SCHEDULED,-360,-6.0
2026-08-01T06:36:19Z,0907212026-07-31,09072,2026-07-31,SCHEDULED,120,2.0
2026-08-01T06:36:19Z,0907312026-07-31,09073,2026-07-31,SCHEDULED,60,1.0
2026-08-01T06:36:19Z,0908212026-07-31,09082,2026-07-31,SCHEDULED,60,1.0
2026-08-01T06:36:19Z,1412322026-07-31,14123,2026-07-31,SCHEDULED,180,3.0
2026-08-01T06:36:19Z,1412342026-07-31,14123,2026-07-31,SCHEDULED,180,3.0
2026-08-01T06:36:19Z,1412332026-07-31,14123,2026-07-31,SCHEDULED,180,3.0
2026-08-01T06:36:19Z,0908312026-07-31,09083,2026-07-31,SCHEDULED,0,0.0
2026-08-01T06:36:19Z,0908712026-07-31,09087,2026-07-31,SCHEDULED,0,0.0
2026-08-01T06:36:19Z,3560422026-07-31,35604,2026-07-31,SCHEDULED,120,2.0
2026-08-01T06:36:19Z,3560442026-07-31,35604,2026-07-31,SCHEDULED,120,2.0
2026-08-01T06:36:19Z,3560452026-07-31,35604,2026-07-31,SCHEDULED,120,2.0
2026-08-01T06:36:19Z,0973012026-07-31,09730,2026-07-31,SCHEDULED,0,0.0
2026-08-01T06:36:19Z,0973022026-07-31,09730,2026-07-31,SCHEDULED,0,0.0
2026-08-01T06:36:19Z,0973032026-07-31,09730,2026-07-31,SCHEDULED,0,0.0
2026-08-01T06:36:19Z,1500312026-07-31,15003,2026-07-31,SCHEDULED,1440,24.0
2026-08-01T06:36:19Z,1504012026-07-31,15040,2026-07-31,SCHEDULED,1020,17.0
2026-08-01T06:36:19Z,0973722026-07-31,09737,2026-07-31,SCHEDULED,180,3.0
2026-08-01T06:36:19Z,0973712026-07-31,09737,2026-07-31,SCHEDULED,180,3.0
2026-08-01T06:36:19Z,1504112026-07-31,15041,2026-07-31,SCHEDULED,720,12.0
2026-08-01T06:36:19Z,1506112026-07-31,15061,2026-07-31,SCHEDULED,60,1.0
2026-08-01T06:36:19Z,0407122026-08-01,04071,2026-08-01,SCHEDULED,120,2.0
2026-08-01T06:36:19Z,0407112026-08-01,04071,2026-08-01,SCHEDULED,120,2.0
2026-08-01T06:36:19Z,1564812026-07-31,15648,2026-07-31,SCHEDULED,360,6.0
2026-08-01T06:36:19Z,0207412026-08-01,02074,2026-08-01,SCHEDULED,360,6.0
2026-08-01T06:36:19Z,1577812026-07-31,15778,2026-07-31,SCHEDULED,120,2.0
2026-08-01T06:36:19Z,1580012026-07-31,15800,2026-07-31,SCHEDULED,0,0.0
2026-08-01T06:36:19Z,0208722026-07-31,02087,2026-07-31,SCHEDULED,60,1.0
2026-08-01T06:36:19Z,0208712026-07-31,02087,2026-07-31,SCHEDULED,60,1.0
2026-08-01T06:36:19Z,1585012026-07-31,15850,2026-07-31,SCHEDULED,240,4.0
2026-08-01T06:36:19Z,0109212026-07-31,01092,2026-07-31,SCHEDULED,-480,-8.0
2026-08-01T06:36:19Z,1585212026-07-31,15852,2026-07-31,SCHEDULED,360,6.0
2026-08-01T06:36:19Z,0407312026-08-01,04073,2026-08-01,SCHEDULED,0,0.0
2026-08-01T06:36:19Z,1590212026-07-31,15902,2026-07-31,SCHEDULED,1860,31.0
2026-08-01T06:36:19Z,1601912026-07-31,16019,2026-07-31,SCHEDULED,60,1.0
2026-08-01T06:36:19Z,0309222026-07-31,03092,2026-07-31,SCHEDULED,0,0.0
2026-08-01T06:36:19Z,0309212026-07-31,03092,2026-07-31,SCHEDULED,0,0.0
2026-08-01T06:36:19Z,0029922026-08-01,00299,2026-08-01,SCHEDULED,60,1.0
2026-08-01T06:36:19Z,0029912026-08-01,00299,2026-08-01,SCHEDULED,60,1.0
2026-08-01T06:36:19Z,1801012026-07-31,18010,2026-07-31,SCHEDULED,1320,22.0
2026-08-01T06:36:19Z,1801022026-07-31,18010,2026-07-31,SCHEDULED,1320,22.0
2026-08-01T06:36:19Z,1801032026-07-31,18010,2026-07-31,SCHEDULED,1320,22.0
2026-08-01T06:36:19Z,0527312026-07-31,05273,2026-07-31,SCHEDULED,0,0.0
2026-08-01T06:36:19Z,1600012026-07-31,16000,2026-07-31,SCHEDULED,0,0.0
2026-08-01T06:36:19Z,1801812026-07-31,18018,2026-07-31,SCHEDULED,0,0.0
2026-08-01T06:36:19Z,0429522026-07-31,04295,2026-07-31,SCHEDULED,60,1.0
2026-08-01T06:36:19Z,0429512026-07-31,04295,2026-07-31,SCHEDULED,60,1.0
2026-08-01T06:36:19Z,1803312026-08-01,18033,2026-08-01,SCHEDULED,0,0.0
2026-08-01T06:36:19Z,0447512026-07-31,04475,2026-07-31,SCHEDULED,-180,-3.0
2026-08-01T06:36:19Z,0069712026-08-01,00697,2026-08-01,SCHEDULED,120,2.0
2026-08-01T06:36:19Z,1804912026-07-31,18049,2026-07-31,SCHEDULED,0,0.0
2026-08-01T06:36:19Z,1503212026-07-31,15032,2026-07-31,SCHEDULED,60,1.0
2026-08-01T06:36:19Z,0576312026-07-31,05763,2026-07-31,SCHEDULED,300,5.0
2026-08-01T06:36:19Z,1600112026-07-31,16001,2026-07-31,SCHEDULED,0,0.0
2026-08-01T06:36:19Z,1702112026-07-31,17021,2026-07-31,SCHEDULED,-60,-1.0
2026-08-01T06:36:19Z,1702122026-07-31,17021,2026-07-31,SCHEDULED,-60,-1.0
2026-08-01T06:36:19Z,1702132026-07-31,17021,2026-07-31,SCHEDULED,-60,-1.0
2026-08-01T06:36:19Z,0418612026-08-01,04186,2026-08-01,SCHEDULED,60,1.0
2026-08-01T06:36:19Z,0418632026-08-01,04186,2026-08-01,SCHEDULED,60,1.0
2026-08-01T06:36:19Z,0418622026-08-01,04186,2026-08-01,SCHEDULED,60,1.0
2026-08-01T06:36:19Z,1401412026-07-31,14014,2026-07-31,SCHEDULED,120,2.0
2026-08-01T06:36:19Z,0408712026-08-01,04087,2026-08-01,SCHEDULED,60,1.0
2026-08-01T06:36:19Z,1443522026-07-31,14435,2026-07-31,SCHEDULED,120,2.0
2026-08-01T06:36:19Z,0411422026-08-01,04114,2026-08-01,SCHEDULED,-180,-3.0
2026-08-01T06:36:19Z,0411412026-08-01,04114,2026-08-01,SCHEDULED,-180,-3.0
2026-08-01T06:36:19Z,1563222026-07-31,15632,2026-07-31,SCHEDULED,420,7.0
2026-08-01T06:36:19Z,1563322026-07-31,15633,2026-07-31,SCHEDULED,300,5.0
2026-08-01T06:36:19Z,1402012026-07-31,14020,2026-07-31,SCHEDULED,60,1.0
2026-08-01T06:36:19Z,1877522026-07-31,18775,2026-07-31,SCHEDULED,60,1.0
2026-08-01T06:36:19Z,0062122026-08-01,00621,2026-08-01,SCHEDULED,120,2.0
2026-08-01T06:36:19Z,0062132026-08-01,00621,2026-08-01,SCHEDULED,120,2.0
2026-08-01T06:36:19Z,0062152026-08-01,00621,2026-08-01,SCHEDULED,120,2.0
2026-08-01T06:36:19Z,0062112026-08-01,00621,2026-08-01,SCHEDULED,120,2.0
2026-08-01T06:36:19Z,0062142026-08-01,00621,2026-08-01,SCHEDULED,120,2.0
2026-08-01T06:36:19Z,0891512026-07-31,08915,2026-07-31,SCHEDULED,-180,-3.0
2026-08-01T06:36:19Z,0948012026-07-31,09480,2026-07-31,SCHEDULED,0,0.0
2026-08-01T06:36:19Z,7180012026-07-31,71800,2026-07-31,SCHEDULED,120,2.0
2026-08-01T06:36:19Z,7181112026-07-31,71811,2026-07-31,SCHEDULED,0,0.0
2026-08-01T06:36:19Z,0063142026-08-01,00631,2026-08-01,SCHEDULED,120,2.0
2026-08-01T06:36:19Z,0063132026-08-01,00631,2026-08-01,SCHEDULED,120,2.0
2026-08-01T06:36:19Z,0063112026-08-01,00631,2026-08-01,SCHEDULED,120,2.0
2026-08-01T06:36:19Z,0063122026-08-01,00631,2026-08-01,SCHEDULED,120,2.0
2026-08-01T06:36:19Z,7183012026-07-31,71830,2026-07-31,SCHEDULED,240,4.0
2026-08-01T06:36:19Z,0107212026-07-31,01072,2026-07-31,SCHEDULED,-600,-10.0
2026-08-01T06:36:19Z,7183112026-07-31,71831,2026-07-31,SCHEDULED,0,0.0
2026-08-01T06:36:19Z,0108122026-07-31,01081,2026-07-31,SCHEDULED,0,0.0
2026-08-01T06:36:19Z,1805412026-07-31,18054,2026-07-31,SCHEDULED,0,0.0
2026-08-01T06:36:19Z,0206112026-07-31,02061,2026-07-31,SCHEDULED,-240,-4.0
2026-08-01T06:36:19Z,1807112026-07-31,18071,2026-07-31,SCHEDULED,240,4.0
2026-08-01T06:36:19Z,0207012026-07-31,02070,2026-07-31,SCHEDULED,300,5.0
2026-08-01T06:36:19Z,0207112026-07-31,02071,2026-07-31,SCHEDULED,720,12.0
2026-08-01T06:36:19Z,1800222026-07-31,18002,2026-07-31,SCHEDULED,3000,50.0
2026-08-01T06:36:19Z,0207512026-08-01,02075,2026-08-01,SCHEDULED,1080,18.0
2026-08-01T06:36:19Z,1806612026-07-31,18066,2026-07-31,SCHEDULED,0,0.0
2026-08-01T06:36:19Z,0207212026-07-31,02072,2026-07-31,SCHEDULED,960,16.0
2026-08-01T06:36:19Z,1812312026-07-31,18123,2026-07-31,SCHEDULED,720,12.0
2026-08-01T06:36:19Z,0208012026-07-31,02080,2026-07-31,SCHEDULED,60,1.0
2026-08-01T06:36:19Z,0208112026-07-31,02081,2026-07-31,SCHEDULED,60,1.0
2026-08-01T06:36:19Z,1832122026-07-31,18321,2026-07-31,SCHEDULED,0,0.0
2026-08-01T06:36:19Z,0208212026-07-31,02082,2026-07-31,SCHEDULED,0,0.0
2026-08-01T06:36:19Z,0208312026-07-31,02083,2026-07-31,SCHEDULED,600,10.0
2026-08-01T06:36:19Z,0228512026-08-01,02285,2026-08-01,SCHEDULED,180,3.0
2026-08-01T06:36:19Z,1801012026-07-31,18010,2026-07-31,SCHEDULED,1620,27.0
2026-08-01T06:36:19Z,1801022026-07-31,18010,2026-07-31,SCHEDULED,1620,27.0
2026-08-01T06:36:19Z,1801032026-07-31,18010,2026-07-31,SCHEDULED,1620,27.0
2026-08-01T06:36:19Z,0207322026-07-31,02073,2026-07-31,SCHEDULED,960,16.0
2026-08-01T06:36:19Z,1870112026-07-31,18701,2026-07-31,SCHEDULED,540,9.0
2026-08-01T06:36:19Z,0306212026-07-31,03062,2026-07-31,SCHEDULED,-120,-2.0
2026-08-01T06:36:19Z,1833122026-07-31,18331,2026-07-31,SCHEDULED,60,1.0
2026-08-01T06:36:19Z,0307322026-07-31,03073,2026-07-31,SCHEDULED,60,1.0
2026-08-01T06:36:19Z,0307312026-07-31,03073,2026-07-31,SCHEDULED,60,1.0
2026-08-01T06:36:19Z,1781212026-07-31,17812,2026-07-31,SCHEDULED,180,3.0
2026-08-01T06:36:19Z,0308212026-07-31,03082,2026-07-31,SCHEDULED,240,4.0
2026-08-01T06:36:19Z,1781712026-07-31,17817,2026-07-31,SCHEDULED,0,0.0
2026-08-01T06:36:19Z,0308312026-07-31,03083,2026-07-31,SCHEDULED,480,8.0
2026-08-01T06:36:19Z,1892112026-07-31,18921,2026-07-31,SCHEDULED,0,0.0
2026-08-01T06:36:19Z,0306212026-07-31,03062,2026-07-31,SCHEDULED,60,1.0
2026-08-01T06:36:19Z,1890012026-07-31,18900,2026-07-31,SCHEDULED,2340,39.0
2026-08-01T06:36:19Z,0331112026-07-31,03311,2026-07-31,SCHEDULED,-300,-5.0
2026-08-01T06:36:19Z,1443212026-07-31,14432,2026-07-31,SCHEDULED,240,4.0
2026-08-01T06:36:19Z,1503022026-07-31,15030,2026-07-31,SCHEDULED,180,3.0
2026-08-01T06:36:19Z,1503112026-07-31,15031,2026-07-31,SCHEDULED,-60,-1.0
2026-08-01T06:36:19Z,0327212026-08-01,03272,2026-08-01,SCHEDULED,240,4.0
2026-08-01T06:36:19Z,0327222026-08-01,03272,2026-08-01,SCHEDULED,240,4.0
2026-08-01T06:36:19Z,0327232026-08-01,03272,2026-08-01,SCHEDULED,240,4.0
2026-08-01T06:36:19Z,0408832026-08-01,04088,2026-08-01,SCHEDULED,-60,-1.0
2026-08-01T06:36:19Z,0408812026-08-01,04088,2026-08-01,SCHEDULED,-60,-1.0
2026-08-01T06:36:19Z,0407222026-08-01,04072,2026-08-01,SCHEDULED,180,3.0
2026-08-01T06:36:19Z,0407212026-08-01,04072,2026-08-01,SCHEDULED,180,3.0
2026-08-01T06:36:19Z,0446412026-07-31,04464,2026-07-31,SCHEDULED,0,0.0
2026-08-01T06:36:19Z,0415422026-07-31,04154,2026-07-31,SCHEDULED,120,2.0
2026-08-01T06:36:19Z,0415412026-07-31,04154,2026-07-31,SCHEDULED,120,2.0
2026-08-01T06:36:19Z,0436412026-07-31,04364,2026-07-31,SCHEDULED,60,1.0
2026-08-01T06:36:19Z,0489822026-08-01,04898,2026-08-01,SCHEDULED,240,4.0
2026-08-01T06:36:19Z,0489812026-08-01,04898,2026-08-01,SCHEDULED,240,4.0
2026-08-01T06:36:19Z,0507512026-07-31,05075,2026-07-31,SCHEDULED,60,1.0
2026-08-01T06:36:19Z,3890512026-08-01,38905,2026-08-01,CANCELED,,
2026-08-01T06:36:19Z,1300212026-07-31,13002,2026-07-31,CANCELED,,
2026-08-01T06:36:19Z,1307912026-07-31,13079,2026-07-31,CANCELED,,
2026-08-01T06:36:19Z,3890512026-08-01,38905,2026-08-01,CANCELED,,
2026-08-01T06:36:19Z,1303222026-07-31,13032,2026-07-31,CANCELED,,
2026-08-01T06:36:19Z,1303112026-07-31,13031,2026-07-31,CANCELED,,
2026-08-01T06:36:19Z,1308932026-07-31,13089,2026-07-31,CANCELED,,
2026-08-01T06:36:19Z,1320812026-07-31,13208,2026-07-31,CANCELED,,
2026-08-01T06:36:19Z,1321922026-07-31,13219,2026-07-31,CANCELED,,
2026-08-01T06:36:19Z,1390212026-08-01,13902,2026-08-01,CANCELED,,
2026-08-01T06:36:19Z,3890212026-08-01,38902,2026-08-01,CANCELED,,
2026-08-01T06:36:19Z,1390412026-08-01,13904,2026-08-01,CANCELED,,
2026-08-01T06:36:19Z,1810012026-07-31,18100,2026-07-31,CANCELED,,
2026-08-01T06:36:19Z,1390412026-08-01,13904,2026-08-01,CANCELED,,
2026-08-01T06:36:19Z,3850012026-07-31,38500,2026-07-31,CANCELED,,
2026-08-01T06:36:19Z,3890412026-08-01,38904,2026-08-01,CANCELED,,
2026-08-01T06:36:19Z,3890412026-08-01,38904,2026-08-01,CANCELED,,
2026-08-01T06:36:19Z,1391012026-08-01,13910,2026-08-01,CANCELED,,
2026-08-01T06:36:19Z,1390512026-08-01,13905,2026-08-01,CANCELED,,
2026-08-01T06:36:19Z,1810522026-07-31,18105,2026-07-31,CANCELED,,
2026-08-01T06:36:19Z,3810512026-07-31,38105,2026-07-31,CANCELED,,
2026-08-01T06:36:19Z,1390512026-08-01,13905,2026-08-01,CANCELED,,
2026-08-01T06:36:19Z,1821712026-07-31,18217,2026-07-31,CANCELED,,
2026-08-01T06:36:19Z,1821812026-07-31,18218,2026-07-31,CANCELED,,
2026-08-01T06:36:19Z,0146012026-08-01,01460,2026-08-01,CANCELED,,
2026-08-01T06:36:19Z,0146022026-08-01,01460,2026-08-01,CANCELED,,
2026-08-01T06:36:19Z,0146032026-08-01,01460,2026-08-01,CANCELED,,
2026-08-01T06:36:19Z,1833012026-07-31,18330,2026-07-31,CANCELED,,
2026-08-01T06:36:19Z,3746012026-07-31,37460,2026-07-31,CANCELED,,
2026-08-01T06:36:19Z,1303512026-07-31,13035,2026-07-31,CANCELED,,
2026-08-01T06:36:19Z,1803512026-07-31,18035,2026-07-31,CANCELED,,
2026-08-01T06:36:19Z,0043812026-08-01,00438,2026-08-01,CANCELED,,
2026-08-01T06:36:19Z,0043822026-08-01,00438,2026-08-01,CANCELED,,
2026-08-01T06:36:19Z,0043832026-08-01,00438,2026-08-01,CANCELED,,
2026-08-01T06:36:19Z,3743812026-07-31,37438,2026-07-31,CANCELED,,
2026-08-01T06:36:19Z,1325822026-07-31,13258,2026-07-31,CANCELED,,
2026-08-01T06:36:19Z,1833122026-07-31,18331,2026-07-31,CANCELED,,
2026-08-01T06:36:19Z,0019222026-08-01,00192,2026-08-01,CANCELED,,
2026-08-01T06:36:19Z,0019212026-08-01,00192,2026-08-01,CANCELED,,
2026-08-01T06:36:19Z,7185512026-07-31,71855,2026-07-31,CANCELED,,
2026-08-01T06:36:19Z,1504212026-07-31,15042,2026-07-31,CANCELED,,
2026-08-01T06:36:19Z,3739212026-07-31,37392,2026-07-31,CANCELED,,
2026-08-01T06:36:19Z,1504312026-07-31,15043,2026-07-31,CANCELED,,
2026-08-01T06:36:19Z,1260812026-07-31,12608,2026-07-31,CANCELED,,
2026-08-01T06:36:19Z,3749222026-07-31,37492,2026-07-31,CANCELED,,
2026-08-01T06:36:19Z,3749212026-07-31,37492,2026-07-31,CANCELED,,
2026-08-01T06:36:19Z,1262312026-07-31,12623,2026-07-31,CANCELED,,
2026-08-01T06:36:19Z,1262312026-07-31,12623,2026-07-31,CANCELED,,
2026-08-01T06:36:19Z,0027622026-08-01,00276,2026-08-01,CANCELED,,
2026-08-01T06:36:19Z,0027612026-08-01,00276,2026-08-01,CANCELED,,
2026-08-01T06:36:19Z,3727612026-08-01,37276,2026-08-01,CANCELED,,
2026-08-01T06:36:19Z,1877712026-07-31,18777,2026-07-31,CANCELED,,
2026-08-01T06:36:19Z,1261112026-07-31,12611,2026-07-31,CANCELED,,
2026-08-01T06:36:19Z,1261112026-07-31,12611,2026-07-31,CANCELED,,
2026-08-01T06:36:19Z,1268912026-07-31,12689,2026-07-31,CANCELED,,
