timestamp_utc,trip_id,tren,fecha_tren,estado,retraso_seg,retraso_min
2026-08-11T00:01:52Z,1722612026-08-09,17226,2026-08-09,CANCELED,,
2026-08-11T00:01:52Z,3727912026-08-09,37279,2026-08-09,CANCELED,,
2026-08-11T00:01:52Z,1803112026-08-09,18031,2026-08-09,CANCELED,,
2026-08-11T00:01:52Z,1565912026-08-09,15659,2026-08-09,CANCELED,,
2026-08-11T00:01:52Z,1803312026-08-09,18033,2026-08-09,CANCELED,,
2026-08-11T00:01:52Z,1817112026-08-09,18171,2026-08-09,CANCELED,,
2026-08-11T00:01:52Z,1803512026-08-09,18035,2026-08-09,CANCELED,,
2026-08-11T00:01:52Z,1704112026-08-09,17041,2026-08-09,CANCELED,,
2026-08-11T00:01:52Z,1803712026-08-09,18037,2026-08-09,CANCELED,,
2026-08-11T00:01:52Z,1721812026-08-09,17218,2026-08-09,CANCELED,,
2026-08-11T00:01:52Z,1804212026-08-09,18042,2026-08-09,CANCELED,,
2026-08-11T00:01:52Z,3821812026-08-09,38218,2026-08-09,CANCELED,,
2026-08-11T00:01:52Z,1804312026-08-09,18043,2026-08-09,CANCELED,,
2026-08-11T00:01:52Z,1722112026-08-09,17221,2026-08-09,CANCELED,,
2026-08-11T00:01:52Z,3822112026-08-09,38221,2026-08-09,CANCELED,,
2026-08-11T00:01:52Z,1810222026-08-09,18102,2026-08-09,CANCELED,,
2026-08-11T00:01:52Z,1810232026-08-09,18102,2026-08-09,CANCELED,,
2026-08-11T00:01:52Z,1810242026-08-09,18102,2026-08-09,CANCELED,,
2026-08-11T00:01:52Z,0029322026-08-10,00293,2026-08-10,CANCELED,,
2026-08-11T00:01:52Z,0029312026-08-10,00293,2026-08-10,CANCELED,,
2026-08-11T00:01:52Z,1810512026-08-09,18105,2026-08-09,CANCELED,,
2026-08-11T00:01:52Z,3810512026-08-09,38105,2026-08-09,CANCELED,,
2026-08-11T00:01:52Z,3709322026-08-10,37093,2026-08-10,CANCELED,,
2026-08-11T00:01:52Z,3709312026-08-10,37093,2026-08-10,CANCELED,,
2026-08-11T00:01:52Z,1821612026-08-09,18216,2026-08-09,CANCELED,,
2026-08-11T00:01:52Z,3739312026-08-10,37393,2026-08-10,CANCELED,,
2026-08-11T00:01:52Z,1821912026-08-09,18219,2026-08-09,CANCELED,,
2026-08-11T00:01:52Z,0080112026-08-10,00801,2026-08-10,CANCELED,,
2026-08-11T00:01:52Z,0029122026-08-10,00291,2026-08-10,CANCELED,,
2026-08-11T00:01:52Z,0029112026-08-10,00291,2026-08-10,CANCELED,,
2026-08-11T00:01:52Z,1810132026-08-09,18101,2026-08-09,CANCELED,,
2026-08-11T00:01:52Z,1810142026-08-09,18101,2026-08-09,CANCELED,,
2026-08-11T00:01:52Z,1810152026-08-09,18101,2026-08-09,CANCELED,,
2026-08-11T00:01:52Z,3709122026-08-10,37091,2026-08-10,CANCELED,,
2026-08-11T00:01:52Z,3709112026-08-10,37091,2026-08-10,CANCELED,,
2026-08-11T00:01:52Z,7187412026-08-09,71874,2026-08-09,CANCELED,,
2026-08-11T00:01:52Z,3739112026-08-10,37391,2026-08-10,CANCELED,,
2026-08-11T00:01:52Z,0027922026-08-10,00279,2026-08-10,CANCELED,,
2026-08-11T00:01:52Z,0027912026-08-10,00279,2026-08-10,CANCELED,,
2026-08-11T00:06:22Z,3727912026-08-09,37279,2026-08-09,CANCELED,,
2026-08-11T00:06:22Z,1722612026-08-09,17226,2026-08-09,CANCELED,,
2026-08-11T00:06:22Z,1565912026-08-09,15659,2026-08-09,CANCELED,,
2026-08-11T00:06:22Z,1803112026-08-09,18031,2026-08-09,CANCELED,,
2026-08-11T00:06:22Z,1817112026-08-09,18171,2026-08-09,CANCELED,,
2026-08-11T00:06:22Z,1803312026-08-09,18033,2026-08-09,CANCELED,,
2026-08-11T00:06:22Z,1704112026-08-09,17041,2026-08-09,CANCELED,,
2026-08-11T00:06:22Z,1803512026-08-09,18035,2026-08-09,CANCELED,,
2026-08-11T00:06:22Z,1721812026-08-09,17218,2026-08-09,CANCELED,,
2026-08-11T00:06:22Z,1803712026-08-09,18037,2026-08-09,CANCELED,,
2026-08-11T00:06:22Z,3821812026-08-09,38218,2026-08-09,CANCELED,,
2026-08-11T00:06:22Z,1804212026-08-09,18042,2026-08-09,CANCELED,,
2026-08-11T00:06:22Z,1722112026-08-09,17221,2026-08-09,CANCELED,,
2026-08-11T00:06:22Z,1804312026-08-09,18043,2026-08-09,CANCELED,,
2026-08-11T00:06:22Z,3822112026-08-09,38221,2026-08-09,CANCELED,,
2026-08-11T00:06:22Z,0029322026-08-10,00293,2026-08-10,CANCELED,,
2026-08-11T00:06:22Z,0029312026-08-10,00293,2026-08-10,CANCELED,,
2026-08-11T00:06:22Z,1810222026-08-09,18102,2026-08-09,CANCELED,,
2026-08-11T00:06:22Z,1810232026-08-09,18102,2026-08-09,CANCELED,,
2026-08-11T00:06:22Z,1810242026-08-09,18102,2026-08-09,CANCELED,,
2026-08-11T00:06:22Z,1810512026-08-09,18105,2026-08-09,CANCELED,,
2026-08-11T00:06:22Z,3709322026-08-10,37093,2026-08-10,CANCELED,,
2026-08-11T00:06:22Z,3709312026-08-10,37093,2026-08-10,CANCELED,,
2026-08-11T00:06:22Z,3810512026-08-09,38105,2026-08-09,CANCELED,,
2026-08-11T00:06:22Z,3739312026-08-10,37393,2026-08-10,CANCELED,,
2026-08-11T00:06:22Z,1821612026-08-09,18216,2026-08-09,CANCELED,,
2026-08-11T00:06:22Z,0080112026-08-10,00801,2026-08-10,CANCELED,,
2026-08-11T00:06:22Z,1821912026-08-09,18219,2026-08-09,CANCELED,,
2026-08-11T00:06:22Z,0029122026-08-10,00291,2026-08-10,CANCELED,,
2026-08-11T00:06:22Z,0029112026-08-10,00291,2026-08-10,CANCELED,,
2026-08-11T00:06:22Z,1810132026-08-09,18101,2026-08-09,CANCELED,,
2026-08-11T00:06:22Z,1810142026-08-09,18101,2026-08-09,CANCELED,,
2026-08-11T00:06:22Z,1810152026-08-09,18101,2026-08-09,CANCELED,,
2026-08-11T00:06:22Z,3709122026-08-10,37091,2026-08-10,CANCELED,,
2026-08-11T00:06:22Z,3709112026-08-10,37091,2026-08-10,CANCELED,,
2026-08-11T00:06:22Z,3739112026-08-10,37391,2026-08-10,CANCELED,,
2026-08-11T00:06:22Z,7187412026-08-09,71874,2026-08-09,CANCELED,,
2026-08-11T00:06:22Z,0027922026-08-10,00279,2026-08-10,CANCELED,,
2026-08-11T00:06:22Z,0027912026-08-10,00279,2026-08-10,CANCELED,,
2026-08-11T00:11:31Z,1722612026-08-09,17226,2026-08-09,CANCELED,,
2026-08-11T00:11:31Z,3727912026-08-09,37279,2026-08-09,CANCELED,,
2026-08-11T00:11:31Z,1803112026-08-09,18031,2026-08-09,CANCELED,,
2026-08-11T00:11:31Z,1565912026-08-09,15659,2026-08-09,CANCELED,,
2026-08-11T00:11:31Z,1817112026-08-09,18171,2026-08-09,CANCELED,,
2026-08-11T00:11:31Z,1803312026-08-09,18033,2026-08-09,CANCELED,,
2026-08-11T00:11:31Z,1704112026-08-09,17041,2026-08-09,CANCELED,,
2026-08-11T00:11:31Z,1803512026-08-09,18035,2026-08-09,CANCELED,,
2026-08-11T00:11:31Z,1721812026-08-09,17218,2026-08-09,CANCELED,,
2026-08-11T00:11:31Z,1803712026-08-09,18037,2026-08-09,CANCELED,,
2026-08-11T00:11:31Z,3821812026-08-09,38218,2026-08-09,CANCELED,,
2026-08-11T00:11:31Z,1804212026-08-09,18042,2026-08-09,CANCELED,,
2026-08-11T00:11:31Z,1722112026-08-09,17221,2026-08-09,CANCELED,,
2026-08-11T00:11:31Z,1804312026-08-09,18043,2026-08-09,CANCELED,,
2026-08-11T00:11:31Z,3822112026-08-09,38221,2026-08-09,CANCELED,,
2026-08-11T00:11:31Z,0029322026-08-10,00293,2026-08-10,CANCELED,,
2026-08-11T00:11:31Z,0029312026-08-10,00293,2026-08-10,CANCELED,,
2026-08-11T00:11:31Z,1810222026-08-09,18102,2026-08-09,CANCELED,,
2026-08-11T00:11:31Z,1810232026-08-09,18102,2026-08-09,CANCELED,,
2026-08-11T00:11:31Z,1810242026-08-09,18102,2026-08-09,CANCELED,,
2026-08-11T00:11:31Z,1810512026-08-09,18105,2026-08-09,CANCELED,,
2026-08-11T00:11:31Z,3709322026-08-10,37093,2026-08-10,CANCELED,,
2026-08-11T00:11:31Z,3709312026-08-10,37093,2026-08-10,CANCELED,,
2026-08-11T00:11:31Z,3810512026-08-09,38105,2026-08-09,CANCELED,,
2026-08-11T00:11:31Z,3739312026-08-10,37393,2026-08-10,CANCELED,,
2026-08-11T00:11:31Z,1821612026-08-09,18216,2026-08-09,CANCELED,,
2026-08-11T00:11:31Z,0080112026-08-10,00801,2026-08-10,CANCELED,,
2026-08-11T00:11:31Z,1821912026-08-09,18219,2026-08-09,CANCELED,,
2026-08-11T00:11:31Z,0029122026-08-10,00291,2026-08-10,CANCELED,,
2026-08-11T00:11:31Z,0029112026-08-10,00291,2026-08-10,CANCELED,,
2026-08-11T00:11:31Z,1810132026-08-09,18101,2026-08-09,CANCELED,,
2026-08-11T00:11:31Z,1810142026-08-09,18101,2026-08-09,CANCELED,,
2026-08-11T00:11:31Z,1810152026-08-09,18101,2026-08-09,CANCELED,,
2026-08-11T00:11:31Z,3709122026-08-10,37091,2026-08-10,CANCELED,,
2026-08-11T00:11:31Z,3709112026-08-10,37091,2026-08-10,CANCELED,,
2026-08-11T00:11:31Z,7187412026-08-09,71874,2026-08-09,CANCELED,,
2026-08-11T00:11:31Z,3739112026-08-10,37391,2026-08-10,CANCELED,,
2026-08-11T00:11:31Z,0027922026-08-10,00279,2026-08-10,CANCELED,,
2026-08-11T00:11:31Z,0027912026-08-10,00279,2026-08-10,CANCELED,,
2026-08-11T00:16:27Z,1722612026-08-09,17226,2026-08-09,CANCELED,,
2026-08-11T00:16:27Z,3727912026-08-09,37279,2026-08-09,CANCELED,,
2026-08-11T00:16:27Z,1565912026-08-09,15659,2026-08-09,CANCELED,,
2026-08-11T00:16:27Z,1803112026-08-09,18031,2026-08-09,CANCELED,,
2026-08-11T00:16:27Z,1803312026-08-09,18033,2026-08-09,CANCELED,,
2026-08-11T00:16:27Z,1817112026-08-09,18171,2026-08-09,CANCELED,,
2026-08-11T00:16:27Z,1803512026-08-09,18035,2026-08-09,CANCELED,,
2026-08-11T00:16:27Z,1704112026-08-09,17041,2026-08-09,CANCELED,,
2026-08-11T00:16:27Z,1803712026-08-09,18037,2026-08-09,CANCELED,,
2026-08-11T00:16:27Z,1721812026-08-09,17218,2026-08-09,CANCELED,,
2026-08-11T00:16:27Z,3821812026-08-09,38218,2026-08-09,CANCELED,,
2026-08-11T00:16:27Z,1804212026-08-09,18042,2026-08-09,CANCELED,,
2026-08-11T00:16:27Z,1722112026-08-09,17221,2026-08-09,CANCELED,,
2026-08-11T00:16:27Z,1804312026-08-09,18043,2026-08-09,CANCELED,,
2026-08-11T00:16:27Z,3822112026-08-09,38221,2026-08-09,CANCELED,,
2026-08-11T00:16:27Z,0029322026-08-10,00293,2026-08-10,CANCELED,,
2026-08-11T00:16:27Z,0029312026-08-10,00293,2026-08-10,CANCELED,,
2026-08-11T00:16:27Z,1810222026-08-09,18102,2026-08-09,CANCELED,,
2026-08-11T00:16:27Z,1810232026-08-09,18102,2026-08-09,CANCELED,,
2026-08-11T00:16:27Z,1810242026-08-09,18102,2026-08-09,CANCELED,,
2026-08-11T00:16:27Z,1810512026-08-09,18105,2026-08-09,CANCELED,,
2026-08-11T00:16:27Z,3709322026-08-10,37093,2026-08-10,CANCELED,,
2026-08-11T00:16:27Z,3709312026-08-10,37093,2026-08-10,CANCELED,,
2026-08-11T00:16:27Z,3810512026-08-09,38105,2026-08-09,CANCELED,,
2026-08-11T00:16:27Z,3739312026-08-10,37393,2026-08-10,CANCELED,,
2026-08-11T00:16:27Z,1821612026-08-09,18216,2026-08-09,CANCELED,,
2026-08-11T00:16:27Z,0080112026-08-10,00801,2026-08-10,CANCELED,,
2026-08-11T00:16:27Z,1821912026-08-09,18219,2026-08-09,CANCELED,,
2026-08-11T00:16:27Z,0029122026-08-10,00291,2026-08-10,CANCELED,,
2026-08-11T00:16:27Z,0029112026-08-10,00291,2026-08-10,CANCELED,,
2026-08-11T00:16:27Z,1810132026-08-09,18101,2026-08-09,CANCELED,,
2026-08-11T00:16:27Z,1810142026-08-09,18101,2026-08-09,CANCELED,,
2026-08-11T00:16:27Z,1810152026-08-09,18101,2026-08-09,CANCELED,,
2026-08-11T00:16:27Z,3709122026-08-10,37091,2026-08-10,CANCELED,,
2026-08-11T00:16:27Z,3709112026-08-10,37091,2026-08-10,CANCELED,,
2026-08-11T00:16:27Z,3739112026-08-10,37391,2026-08-10,CANCELED,,
2026-08-11T00:16:27Z,7187412026-08-09,71874,2026-08-09,CANCELED,,
2026-08-11T00:16:27Z,0027922026-08-10,00279,2026-08-10,CANCELED,,
2026-08-11T00:16:27Z,0027912026-08-10,00279,2026-08-10,CANCELED,,
2026-08-11T00:21:26Z,3727912026-08-09,37279,2026-08-09,CANCELED,,
2026-08-11T00:21:26Z,1722612026-08-09,17226,2026-08-09,CANCELED,,
2026-08-11T00:21:26Z,1565912026-08-09,15659,2026-08-09,CANCELED,,
2026-08-11T00:21:26Z,1803112026-08-09,18031,2026-08-09,CANCELED,,
2026-08-11T00:21:26Z,1817112026-08-09,18171,2026-08-09,CANCELED,,
2026-08-11T00:21:26Z,1803312026-08-09,18033,2026-08-09,CANCELED,,
2026-08-11T00:21:26Z,1803512026-08-09,18035,2026-08-09,CANCELED,,
2026-08-11T00:21:26Z,1704112026-08-09,17041,2026-08-09,CANCELED,,
2026-08-11T00:21:26Z,1803712026-08-09,18037,2026-08-09,CANCELED,,
2026-08-11T00:21:26Z,1721812026-08-09,17218,2026-08-09,CANCELED,,
2026-08-11T00:21:26Z,1804212026-08-09,18042,2026-08-09,CANCELED,,
2026-08-11T00:21:26Z,3821812026-08-09,38218,2026-08-09,CANCELED,,
2026-08-11T00:21:26Z,1804312026-08-09,18043,2026-08-09,CANCELED,,
2026-08-11T00:21:26Z,1722112026-08-09,17221,2026-08-09,CANCELED,,
2026-08-11T00:21:26Z,3822112026-08-09,38221,2026-08-09,CANCELED,,
2026-08-11T00:21:26Z,1810222026-08-09,18102,2026-08-09,CANCELED,,
2026-08-11T00:21:26Z,1810232026-08-09,18102,2026-08-09,CANCELED,,
2026-08-11T00:21:26Z,1810242026-08-09,18102,2026-08-09,CANCELED,,
2026-08-11T00:21:26Z,0029322026-08-10,00293,2026-08-10,CANCELED,,
2026-08-11T00:21:26Z,0029312026-08-10,00293,2026-08-10,CANCELED,,
2026-08-11T00:21:26Z,1810512026-08-09,18105,2026-08-09,CANCELED,,
2026-08-11T00:21:26Z,3810512026-08-09,38105,2026-08-09,CANCELED,,
2026-08-11T00:21:26Z,3709322026-08-10,37093,2026-08-10,CANCELED,,
2026-08-11T00:21:26Z,3709312026-08-10,37093,2026-08-10,CANCELED,,
2026-08-11T00:21:26Z,1821612026-08-09,18216,2026-08-09,CANCELED,,
2026-08-11T00:21:26Z,3739312026-08-10,37393,2026-08-10,CANCELED,,
2026-08-11T00:21:26Z,1821912026-08-09,18219,2026-08-09,CANCELED,,
2026-08-11T00:21:26Z,0080112026-08-10,00801,2026-08-10,CANCELED,,
2026-08-11T00:21:26Z,0029122026-08-10,00291,2026-08-10,CANCELED,,
2026-08-11T00:21:26Z,0029112026-08-10,00291,2026-08-10,CANCELED,,
2026-08-11T00:21:26Z,1810132026-08-09,18101,2026-08-09,CANCELED,,
2026-08-11T00:21:26Z,1810142026-08-09,18101,2026-08-09,CANCELED,,
2026-08-11T00:21:26Z,1810152026-08-09,18101,2026-08-09,CANCELED,,
2026-08-11T00:21:26Z,3709122026-08-10,37091,2026-08-10,CANCELED,,
2026-08-11T00:21:26Z,3709112026-08-10,37091,2026-08-10,CANCELED,,
2026-08-11T00:21:26Z,7187412026-08-09,71874,2026-08-09,CANCELED,,
2026-08-11T00:21:26Z,3739112026-08-10,37391,2026-08-10,CANCELED,,
2026-08-11T00:21:26Z,0027922026-08-10,00279,2026-08-10,CANCELED,,
2026-08-11T00:21:26Z,0027912026-08-10,00279,2026-08-10,CANCELED,,
2026-08-11T00:26:29Z,3727912026-08-09,37279,2026-08-09,CANCELED,,
2026-08-11T00:26:29Z,1722612026-08-09,17226,2026-08-09,CANCELED,,
2026-08-11T00:26:29Z,1803112026-08-09,18031,2026-08-09,CANCELED,,
2026-08-11T00:26:29Z,1565912026-08-09,15659,2026-08-09,CANCELED,,
2026-08-11T00:26:29Z,1817112026-08-09,18171,2026-08-09,CANCELED,,
2026-08-11T00:26:29Z,1803312026-08-09,18033,2026-08-09,CANCELED,,
2026-08-11T00:26:29Z,1704112026-08-09,17041,2026-08-09,CANCELED,,
2026-08-11T00:26:29Z,1803512026-08-09,18035,2026-08-09,CANCELED,,
2026-08-11T00:26:29Z,1803712026-08-09,18037,2026-08-09,CANCELED,,
2026-08-11T00:26:29Z,1721812026-08-09,17218,2026-08-09,CANCELED,,
2026-08-11T00:26:29Z,3821812026-08-09,38218,2026-08-09,CANCELED,,
2026-08-11T00:26:29Z,1804212026-08-09,18042,2026-08-09,CANCELED,,
2026-08-11T00:26:29Z,1722112026-08-09,17221,2026-08-09,CANCELED,,
2026-08-11T00:26:29Z,1804312026-08-09,18043,2026-08-09,CANCELED,,
2026-08-11T00:26:29Z,3822112026-08-09,38221,2026-08-09,CANCELED,,
2026-08-11T00:26:29Z,0029322026-08-10,00293,2026-08-10,CANCELED,,
2026-08-11T00:26:29Z,0029312026-08-10,00293,2026-08-10,CANCELED,,
2026-08-11T00:26:29Z,1810222026-08-09,18102,2026-08-09,CANCELED,,
2026-08-11T00:26:29Z,1810232026-08-09,18102,2026-08-09,CANCELED,,
2026-08-11T00:26:29Z,1810242026-08-09,18102,2026-08-09,CANCELED,,
2026-08-11T00:26:29Z,1810512026-08-09,18105,2026-08-09,CANCELED,,
2026-08-11T00:26:29Z,3810512026-08-09,38105,2026-08-09,CANCELED,,
2026-08-11T00:26:29Z,3709322026-08-10,37093,2026-08-10,CANCELED,,
2026-08-11T00:26:29Z,3709312026-08-10,37093,2026-08-10,CANCELED,,
2026-08-11T00:26:29Z,1821612026-08-09,18216,2026-08-09,CANCELED,,
2026-08-11T00:26:29Z,3739312026-08-10,37393,2026-08-10,CANCELED,,
2026-08-11T00:26:29Z,0080112026-08-10,00801,2026-08-10,CANCELED,,
2026-08-11T00:26:29Z,1821912026-08-09,18219,2026-08-09,CANCELED,,
2026-08-11T00:26:29Z,0029122026-08-10,00291,2026-08-10,CANCELED,,
2026-08-11T00:26:29Z,0029112026-08-10,00291,2026-08-10,CANCELED,,
2026-08-11T00:26:29Z,1810132026-08-09,18101,2026-08-09,CANCELED,,
2026-08-11T00:26:29Z,1810142026-08-09,18101,2026-08-09,CANCELED,,
2026-08-11T00:26:29Z,1810152026-08-09,18101,2026-08-09,CANCELED,,
2026-08-11T00:26:29Z,3709122026-08-10,37091,2026-08-10,CANCELED,,
2026-08-11T00:26:29Z,3709112026-08-10,37091,2026-08-10,CANCELED,,
2026-08-11T00:26:29Z,3739112026-08-10,37391,2026-08-10,CANCELED,,
2026-08-11T00:26:29Z,7187412026-08-09,71874,2026-08-09,CANCELED,,
2026-08-11T00:26:29Z,0027922026-08-10,00279,2026-08-10,CANCELED,,
2026-08-11T00:26:29Z,0027912026-08-10,00279,2026-08-10,CANCELED,,
2026-08-11T00:31:40Z,1722612026-08-09,17226,2026-08-09,CANCELED,,
2026-08-11T00:31:40Z,3727912026-08-09,37279,2026-08-09,CANCELED,,
2026-08-11T00:31:40Z,1803112026-08-09,18031,2026-08-09,CANCELED,,
2026-08-11T00:31:40Z,1565912026-08-09,15659,2026-08-09,CANCELED,,
2026-08-11T00:31:40Z,1803312026-08-09,18033,2026-08-09,CANCELED,,
2026-08-11T00:31:40Z,1817112026-08-09,18171,2026-08-09,CANCELED,,
2026-08-11T00:31:40Z,1704112026-08-09,17041,2026-08-09,CANCELED,,
2026-08-11T00:31:40Z,1803512026-08-09,18035,2026-08-09,CANCELED,,
2026-08-11T00:31:40Z,1721812026-08-09,17218,2026-08-09,CANCELED,,
2026-08-11T00:31:40Z,1803712026-08-09,18037,2026-08-09,CANCELED,,
2026-08-11T00:31:40Z,3821812026-08-09,38218,2026-08-09,CANCELED,,
2026-08-11T00:31:40Z,1804212026-08-09,18042,2026-08-09,CANCELED,,
2026-08-11T00:31:40Z,1722112026-08-09,17221,2026-08-09,CANCELED,,
2026-08-11T00:31:40Z,1804312026-08-09,18043,2026-08-09,CANCELED,,
2026-08-11T00:31:40Z,3822112026-08-09,38221,2026-08-09,CANCELED,,
2026-08-11T00:31:40Z,1810222026-08-09,18102,2026-08-09,CANCELED,,
2026-08-11T00:31:40Z,1810232026-08-09,18102,2026-08-09,CANCELED,,
2026-08-11T00:31:40Z,1810242026-08-09,18102,2026-08-09,CANCELED,,
2026-08-11T00:31:40Z,0029322026-08-10,00293,2026-08-10,CANCELED,,
2026-08-11T00:31:40Z,0029312026-08-10,00293,2026-08-10,CANCELED,,
2026-08-11T00:31:40Z,1810512026-08-09,18105,2026-08-09,CANCELED,,
2026-08-11T00:31:40Z,3810512026-08-09,38105,2026-08-09,CANCELED,,
2026-08-11T00:31:40Z,3709322026-08-10,37093,2026-08-10,CANCELED,,
2026-08-11T00:31:40Z,3709312026-08-10,37093,2026-08-10,CANCELED,,
2026-08-11T00:31:40Z,1821612026-08-09,18216,2026-08-09,CANCELED,,
2026-08-11T00:31:40Z,3739312026-08-10,37393,2026-08-10,CANCELED,,
2026-08-11T00:31:40Z,1821912026-08-09,18219,2026-08-09,CANCELED,,
2026-08-11T00:31:40Z,0080112026-08-10,00801,2026-08-10,CANCELED,,
2026-08-11T00:31:40Z,0029122026-08-10,00291,2026-08-10,CANCELED,,
2026-08-11T00:31:40Z,0029112026-08-10,00291,2026-08-10,CANCELED,,
2026-08-11T00:31:40Z,1810132026-08-09,18101,2026-08-09,CANCELED,,
2026-08-11T00:31:40Z,1810142026-08-09,18101,2026-08-09,CANCELED,,
2026-08-11T00:31:40Z,1810152026-08-09,18101,2026-08-09,CANCELED,,
2026-08-11T00:31:40Z,3709122026-08-10,37091,2026-08-10,CANCELED,,
2026-08-11T00:31:40Z,3709112026-08-10,37091,2026-08-10,CANCELED,,
2026-08-11T00:31:40Z,3739112026-08-10,37391,2026-08-10,CANCELED,,
2026-08-11T00:31:40Z,7187412026-08-09,71874,2026-08-09,CANCELED,,
2026-08-11T00:31:40Z,0027922026-08-10,00279,2026-08-10,CANCELED,,
2026-08-11T00:31:40Z,0027912026-08-10,00279,2026-08-10,CANCELED,,
2026-08-11T00:36:24Z,1722612026-08-09,17226,2026-08-09,CANCELED,,
2026-08-11T00:36:24Z,3727912026-08-09,37279,2026-08-09,CANCELED,,
2026-08-11T00:36:24Z,1803112026-08-09,18031,2026-08-09,CANCELED,,
2026-08-11T00:36:24Z,1565912026-08-09,15659,2026-08-09,CANCELED,,
2026-08-11T00:36:24Z,1817112026-08-09,18171,2026-08-09,CANCELED,,
2026-08-11T00:36:24Z,1803312026-08-09,18033,2026-08-09,CANCELED,,
2026-08-11T00:36:24Z,1704112026-08-09,17041,2026-08-09,CANCELED,,
2026-08-11T00:36:24Z,1803512026-08-09,18035,2026-08-09,CANCELED,,
2026-08-11T00:36:24Z,1721812026-08-09,17218,2026-08-09,CANCELED,,
2026-08-11T00:36:24Z,1803712026-08-09,18037,2026-08-09,CANCELED,,
2026-08-11T00:36:24Z,3821812026-08-09,38218,2026-08-09,CANCELED,,
2026-08-11T00:36:24Z,1804212026-08-09,18042,2026-08-09,CANCELED,,
2026-08-11T00:36:24Z,1722112026-08-09,17221,2026-08-09,CANCELED,,
2026-08-11T00:36:24Z,1804312026-08-09,18043,2026-08-09,CANCELED,,
2026-08-11T00:36:24Z,3822112026-08-09,38221,2026-08-09,CANCELED,,
2026-08-11T00:36:24Z,0029322026-08-10,00293,2026-08-10,CANCELED,,
2026-08-11T00:36:24Z,0029312026-08-10,00293,2026-08-10,CANCELED,,
2026-08-11T00:36:24Z,1810222026-08-09,18102,2026-08-09,CANCELED,,
2026-08-11T00:36:24Z,1810232026-08-09,18102,2026-08-09,CANCELED,,
2026-08-11T00:36:24Z,1810242026-08-09,18102,2026-08-09,CANCELED,,
2026-08-11T00:36:24Z,1810512026-08-09,18105,2026-08-09,CANCELED,,
2026-08-11T00:36:24Z,3709322026-08-10,37093,2026-08-10,CANCELED,,
2026-08-11T00:36:24Z,3709312026-08-10,37093,2026-08-10,CANCELED,,
2026-08-11T00:36:24Z,3810512026-08-09,38105,2026-08-09,CANCELED,,
2026-08-11T00:36:24Z,3739312026-08-10,37393,2026-08-10,CANCELED,,
2026-08-11T00:36:24Z,1821612026-08-09,18216,2026-08-09,CANCELED,,
2026-08-11T00:36:24Z,0080112026-08-10,00801,2026-08-10,CANCELED,,
2026-08-11T00:36:24Z,1821912026-08-09,18219,2026-08-09,CANCELED,,
2026-08-11T00:36:24Z,0029122026-08-10,00291,2026-08-10,CANCELED,,
2026-08-11T00:36:24Z,0029112026-08-10,00291,2026-08-10,CANCELED,,
2026-08-11T00:36:24Z,1810132026-08-09,18101,2026-08-09,CANCELED,,
2026-08-11T00:36:24Z,1810142026-08-09,18101,2026-08-09,CANCELED,,
2026-08-11T00:36:24Z,1810152026-08-09,18101,2026-08-09,CANCELED,,
2026-08-11T00:36:24Z,3709122026-08-10,37091,2026-08-10,CANCELED,,
2026-08-11T00:36:24Z,3709112026-08-10,37091,2026-08-10,CANCELED,,
2026-08-11T00:36:24Z,3739112026-08-10,37391,2026-08-10,CANCELED,,
2026-08-11T00:36:24Z,7187412026-08-09,71874,2026-08-09,CANCELED,,
2026-08-11T00:36:24Z,0027922026-08-10,00279,2026-08-10,CANCELED,,
2026-08-11T00:36:24Z,0027912026-08-10,00279,2026-08-10,CANCELED,,
2026-08-11T00:38:36Z,3727912026-08-09,37279,2026-08-09,CANCELED,,
2026-08-11T00:38:36Z,1722612026-08-09,17226,2026-08-09,CANCELED,,
2026-08-11T00:38:36Z,1565912026-08-09,15659,2026-08-09,CANCELED,,
2026-08-11T00:38:36Z,1803112026-08-09,18031,2026-08-09,CANCELED,,
2026-08-11T00:38:36Z,1817112026-08-09,18171,2026-08-09,CANCELED,,
2026-08-11T00:38:36Z,1803312026-08-09,18033,2026-08-09,CANCELED,,
2026-08-11T00:38:36Z,1704112026-08-09,17041,2026-08-09,CANCELED,,
2026-08-11T00:38:36Z,1803512026-08-09,18035,2026-08-09,CANCELED,,
2026-08-11T00:38:36Z,1803712026-08-09,18037,2026-08-09,CANCELED,,
2026-08-11T00:38:36Z,1721812026-08-09,17218,2026-08-09,CANCELED,,
2026-08-11T00:38:36Z,3821812026-08-09,38218,2026-08-09,CANCELED,,
2026-08-11T00:38:36Z,1804212026-08-09,18042,2026-08-09,CANCELED,,
2026-08-11T00:38:36Z,1722112026-08-09,17221,2026-08-09,CANCELED,,
2026-08-11T00:38:36Z,1804312026-08-09,18043,2026-08-09,CANCELED,,
2026-08-11T00:38:36Z,3822112026-08-09,38221,2026-08-09,CANCELED,,
2026-08-11T00:38:36Z,1810222026-08-09,18102,2026-08-09,CANCELED,,
2026-08-11T00:38:36Z,1810232026-08-09,18102,2026-08-09,CANCELED,,
2026-08-11T00:38:36Z,1810242026-08-09,18102,2026-08-09,CANCELED,,
2026-08-11T00:38:36Z,0029322026-08-10,00293,2026-08-10,CANCELED,,
2026-08-11T00:38:36Z,0029312026-08-10,00293,2026-08-10,CANCELED,,
2026-08-11T00:38:36Z,1810512026-08-09,18105,2026-08-09,CANCELED,,
2026-08-11T00:38:36Z,3810512026-08-09,38105,2026-08-09,CANCELED,,
2026-08-11T00:38:36Z,3709322026-08-10,37093,2026-08-10,CANCELED,,
2026-08-11T00:38:36Z,3709312026-08-10,37093,2026-08-10,CANCELED,,
2026-08-11T00:38:36Z,1821612026-08-09,18216,2026-08-09,CANCELED,,
2026-08-11T00:38:36Z,3739312026-08-10,37393,2026-08-10,CANCELED,,
2026-08-11T00:38:36Z,1821912026-08-09,18219,2026-08-09,CANCELED,,
2026-08-11T00:38:36Z,0080112026-08-10,00801,2026-08-10,CANCELED,,
2026-08-11T00:38:36Z,0029122026-08-10,00291,2026-08-10,CANCELED,,
2026-08-11T00:38:36Z,0029112026-08-10,00291,2026-08-10,CANCELED,,
2026-08-11T00:38:36Z,1810132026-08-09,18101,2026-08-09,CANCELED,,
2026-08-11T00:38:36Z,1810142026-08-09,18101,2026-08-09,CANCELED,,
2026-08-11T00:38:36Z,1810152026-08-09,18101,2026-08-09,CANCELED,,
2026-08-11T00:38:36Z,3709122026-08-10,37091,2026-08-10,CANCELED,,
2026-08-11T00:38:36Z,3709112026-08-10,37091,2026-08-10,CANCELED,,
2026-08-11T00:38:36Z,7187412026-08-09,71874,2026-08-09,CANCELED,,
2026-08-11T00:38:36Z,3739112026-08-10,37391,2026-08-10,CANCELED,,
2026-08-11T00:38:36Z,0027922026-08-10,00279,2026-08-10,CANCELED,,
2026-08-11T00:38:36Z,0027912026-08-10,00279,2026-08-10,CANCELED,,
2026-08-11T00:41:30Z,3727912026-08-09,37279,2026-08-09,CANCELED,,
2026-08-11T00:41:30Z,1722612026-08-09,17226,2026-08-09,CANCELED,,
2026-08-11T00:41:30Z,1565912026-08-09,15659,2026-08-09,CANCELED,,
2026-08-11T00:41:30Z,1803112026-08-09,18031,2026-08-09,CANCELED,,
2026-08-11T00:41:30Z,1817112026-08-09,18171,2026-08-09,CANCELED,,
2026-08-11T00:41:30Z,1803312026-08-09,18033,2026-08-09,CANCELED,,
2026-08-11T00:41:30Z,1704112026-08-09,17041,2026-08-09,CANCELED,,
2026-08-11T00:41:30Z,1803512026-08-09,18035,2026-08-09,CANCELED,,
2026-08-11T00:41:30Z,1721812026-08-09,17218,2026-08-09,CANCELED,,
2026-08-11T00:41:30Z,1803712026-08-09,18037,2026-08-09,CANCELED,,
2026-08-11T00:41:30Z,3821812026-08-09,38218,2026-08-09,CANCELED,,
2026-08-11T00:41:30Z,1722112026-08-09,17221,2026-08-09,CANCELED,,
2026-08-11T00:41:30Z,1804212026-08-09,18042,2026-08-09,CANCELED,,
2026-08-11T00:41:30Z,3822112026-08-09,38221,2026-08-09,CANCELED,,
2026-08-11T00:41:30Z,1804312026-08-09,18043,2026-08-09,CANCELED,,
2026-08-11T00:41:30Z,0029322026-08-10,00293,2026-08-10,CANCELED,,
2026-08-11T00:41:30Z,0029312026-08-10,00293,2026-08-10,CANCELED,,
2026-08-11T00:41:30Z,1810222026-08-09,18102,2026-08-09,CANCELED,,
2026-08-11T00:41:30Z,1810232026-08-09,18102,2026-08-09,CANCELED,,
2026-08-11T00:41:30Z,1810242026-08-09,18102,2026-08-09,CANCELED,,
2026-08-11T00:41:30Z,3709322026-08-10,37093,2026-08-10,CANCELED,,
2026-08-11T00:41:30Z,3709312026-08-10,37093,2026-08-10,CANCELED,,
2026-08-11T00:41:30Z,1810512026-08-09,18105,2026-08-09,CANCELED,,
2026-08-11T00:41:30Z,3739312026-08-10,37393,2026-08-10,CANCELED,,
2026-08-11T00:41:30Z,3810512026-08-09,38105,2026-08-09,CANCELED,,
2026-08-11T00:41:30Z,0080112026-08-10,00801,2026-08-10,CANCELED,,
2026-08-11T00:41:30Z,1821612026-08-09,18216,2026-08-09,CANCELED,,
2026-08-11T00:41:30Z,1821912026-08-09,18219,2026-08-09,CANCELED,,
2026-08-11T00:41:30Z,0029122026-08-10,00291,2026-08-10,CANCELED,,
2026-08-11T00:41:30Z,0029112026-08-10,00291,2026-08-10,CANCELED,,
2026-08-11T00:41:30Z,3709122026-08-10,37091,2026-08-10,CANCELED,,
2026-08-11T00:41:30Z,3709112026-08-10,37091,2026-08-10,CANCELED,,
2026-08-11T00:41:30Z,1810132026-08-09,18101,2026-08-09,CANCELED,,
2026-08-11T00:41:30Z,1810142026-08-09,18101,2026-08-09,CANCELED,,
2026-08-11T00:41:30Z,1810152026-08-09,18101,2026-08-09,CANCELED,,
2026-08-11T00:41:30Z,3739112026-08-10,37391,2026-08-10,CANCELED,,
2026-08-11T00:41:30Z,7187412026-08-09,71874,2026-08-09,CANCELED,,
2026-08-11T00:41:30Z,0027922026-08-10,00279,2026-08-10,CANCELED,,
2026-08-11T00:41:30Z,0027912026-08-10,00279,2026-08-10,CANCELED,,
2026-08-11T00:46:33Z,3727912026-08-09,37279,2026-08-09,CANCELED,,
2026-08-11T00:46:33Z,1722612026-08-09,17226,2026-08-09,CANCELED,,
2026-08-11T00:46:33Z,1565912026-08-09,15659,2026-08-09,CANCELED,,
2026-08-11T00:46:33Z,1803112026-08-09,18031,2026-08-09,CANCELED,,
2026-08-11T00:46:33Z,1817112026-08-09,18171,2026-08-09,CANCELED,,
2026-08-11T00:46:33Z,1803312026-08-09,18033,2026-08-09,CANCELED,,
2026-08-11T00:46:33Z,1704112026-08-09,17041,2026-08-09,CANCELED,,
2026-08-11T00:46:33Z,1721812026-08-09,17218,2026-08-09,CANCELED,,
2026-08-11T00:46:33Z,1803512026-08-09,18035,2026-08-09,CANCELED,,
2026-08-11T00:46:33Z,3821812026-08-09,38218,2026-08-09,CANCELED,,
2026-08-11T00:46:33Z,1803712026-08-09,18037,2026-08-09,CANCELED,,
2026-08-11T00:46:33Z,1722112026-08-09,17221,2026-08-09,CANCELED,,
2026-08-11T00:46:33Z,1804212026-08-09,18042,2026-08-09,CANCELED,,
2026-08-11T00:46:33Z,3822112026-08-09,38221,2026-08-09,CANCELED,,
2026-08-11T00:46:33Z,1804312026-08-09,18043,2026-08-09,CANCELED,,
2026-08-11T00:46:33Z,0029322026-08-10,00293,2026-08-10,CANCELED,,
2026-08-11T00:46:33Z,0029312026-08-10,00293,2026-08-10,CANCELED,,
2026-08-11T00:46:33Z,1810222026-08-09,18102,2026-08-09,CANCELED,,
2026-08-11T00:46:33Z,1810232026-08-09,18102,2026-08-09,CANCELED,,
2026-08-11T00:46:33Z,1810242026-08-09,18102,2026-08-09,CANCELED,,
2026-08-11T00:46:33Z,3709322026-08-10,37093,2026-08-10,CANCELED,,
2026-08-11T00:46:33Z,3709312026-08-10,37093,2026-08-10,CANCELED,,
2026-08-11T00:46:33Z,1810512026-08-09,18105,2026-08-09,CANCELED,,
2026-08-11T00:46:33Z,3739312026-08-10,37393,2026-08-10,CANCELED,,
2026-08-11T00:46:33Z,3810512026-08-09,38105,2026-08-09,CANCELED,,
2026-08-11T00:46:33Z,0080112026-08-10,00801,2026-08-10,CANCELED,,
2026-08-11T00:46:33Z,1821612026-08-09,18216,2026-08-09,CANCELED,,
2026-08-11T00:46:33Z,1821912026-08-09,18219,2026-08-09,CANCELED,,
2026-08-11T00:46:33Z,0029122026-08-10,00291,2026-08-10,CANCELED,,
2026-08-11T00:46:33Z,0029112026-08-10,00291,2026-08-10,CANCELED,,
2026-08-11T00:46:33Z,3709122026-08-10,37091,2026-08-10,CANCELED,,
2026-08-11T00:46:33Z,3709112026-08-10,37091,2026-08-10,CANCELED,,
2026-08-11T00:46:33Z,1810132026-08-09,18101,2026-08-09,CANCELED,,
2026-08-11T00:46:33Z,1810142026-08-09,18101,2026-08-09,CANCELED,,
2026-08-11T00:46:33Z,1810152026-08-09,18101,2026-08-09,CANCELED,,
2026-08-11T00:46:33Z,3739112026-08-10,37391,2026-08-10,CANCELED,,
2026-08-11T00:46:33Z,7187412026-08-09,71874,2026-08-09,CANCELED,,
2026-08-11T00:46:33Z,0027922026-08-10,00279,2026-08-10,CANCELED,,
2026-08-11T00:46:33Z,0027912026-08-10,00279,2026-08-10,CANCELED,,
2026-08-11T00:51:28Z,1722612026-08-09,17226,2026-08-09,CANCELED,,
2026-08-11T00:51:28Z,3727912026-08-09,37279,2026-08-09,CANCELED,,
2026-08-11T00:51:28Z,1803112026-08-09,18031,2026-08-09,CANCELED,,
2026-08-11T00:51:28Z,1565912026-08-09,15659,2026-08-09,CANCELED,,
2026-08-11T00:51:28Z,1803312026-08-09,18033,2026-08-09,CANCELED,,
2026-08-11T00:51:28Z,1817112026-08-09,18171,2026-08-09,CANCELED,,
2026-08-11T00:51:28Z,1704112026-08-09,17041,2026-08-09,CANCELED,,
2026-08-11T00:51:28Z,1803512026-08-09,18035,2026-08-09,CANCELED,,
2026-08-11T00:51:28Z,1721812026-08-09,17218,2026-08-09,CANCELED,,
2026-08-11T00:51:28Z,1803712026-08-09,18037,2026-08-09,CANCELED,,
2026-08-11T00:51:28Z,3821812026-08-09,38218,2026-08-09,CANCELED,,
2026-08-11T00:51:28Z,1804212026-08-09,18042,2026-08-09,CANCELED,,
2026-08-11T00:51:28Z,1722112026-08-09,17221,2026-08-09,CANCELED,,
2026-08-11T00:51:28Z,1804312026-08-09,18043,2026-08-09,CANCELED,,
2026-08-11T00:51:28Z,3822112026-08-09,38221,2026-08-09,CANCELED,,
2026-08-11T00:51:28Z,0029322026-08-10,00293,2026-08-10,CANCELED,,
2026-08-11T00:51:28Z,0029312026-08-10,00293,2026-08-10,CANCELED,,
2026-08-11T00:51:28Z,1810222026-08-09,18102,2026-08-09,CANCELED,,
2026-08-11T00:51:28Z,1810232026-08-09,18102,2026-08-09,CANCELED,,
2026-08-11T00:51:28Z,1810242026-08-09,18102,2026-08-09,CANCELED,,
2026-08-11T00:51:28Z,1810512026-08-09,18105,2026-08-09,CANCELED,,
2026-08-11T00:51:28Z,3709322026-08-10,37093,2026-08-10,CANCELED,,
2026-08-11T00:51:28Z,3709312026-08-10,37093,2026-08-10,CANCELED,,
2026-08-11T00:51:28Z,3810512026-08-09,38105,2026-08-09,CANCELED,,
2026-08-11T00:51:28Z,3739312026-08-10,37393,2026-08-10,CANCELED,,
2026-08-11T00:51:28Z,1821612026-08-09,18216,2026-08-09,CANCELED,,
2026-08-11T00:51:28Z,0080112026-08-10,00801,2026-08-10,CANCELED,,
2026-08-11T00:51:28Z,1821912026-08-09,18219,2026-08-09,CANCELED,,
2026-08-11T00:51:28Z,0029122026-08-10,00291,2026-08-10,CANCELED,,
2026-08-11T00:51:28Z,0029112026-08-10,00291,2026-08-10,CANCELED,,
2026-08-11T00:51:28Z,1810132026-08-09,18101,2026-08-09,CANCELED,,
2026-08-11T00:51:28Z,1810142026-08-09,18101,2026-08-09,CANCELED,,
2026-08-11T00:51:28Z,1810152026-08-09,18101,2026-08-09,CANCELED,,
2026-08-11T00:51:28Z,3709122026-08-10,37091,2026-08-10,CANCELED,,
2026-08-11T00:51:28Z,3709112026-08-10,37091,2026-08-10,CANCELED,,
2026-08-11T00:51:28Z,3739112026-08-10,37391,2026-08-10,CANCELED,,
2026-08-11T00:51:28Z,7187412026-08-09,71874,2026-08-09,CANCELED,,
2026-08-11T00:51:28Z,0027922026-08-10,00279,2026-08-10,CANCELED,,
2026-08-11T00:51:28Z,0027912026-08-10,00279,2026-08-10,CANCELED,,
2026-08-11T00:56:23Z,3727912026-08-09,37279,2026-08-09,CANCELED,,
2026-08-11T00:56:23Z,1722612026-08-09,17226,2026-08-09,CANCELED,,
2026-08-11T00:56:23Z,1565912026-08-09,15659,2026-08-09,CANCELED,,
2026-08-11T00:56:23Z,1803112026-08-09,18031,2026-08-09,CANCELED,,
2026-08-11T00:56:23Z,1817112026-08-09,18171,2026-08-09,CANCELED,,
2026-08-11T00:56:23Z,1803312026-08-09,18033,2026-08-09,CANCELED,,
2026-08-11T00:56:23Z,1704112026-08-09,17041,2026-08-09,CANCELED,,
2026-08-11T00:56:23Z,1803512026-08-09,18035,2026-08-09,CANCELED,,
2026-08-11T00:56:23Z,1721812026-08-09,17218,2026-08-09,CANCELED,,
2026-08-11T00:56:23Z,1803712026-08-09,18037,2026-08-09,CANCELED,,
2026-08-11T00:56:23Z,3821812026-08-09,38218,2026-08-09,CANCELED,,
2026-08-11T00:56:23Z,1804212026-08-09,18042,2026-08-09,CANCELED,,
2026-08-11T00:56:23Z,1722112026-08-09,17221,2026-08-09,CANCELED,,
2026-08-11T00:56:23Z,1804312026-08-09,18043,2026-08-09,CANCELED,,
2026-08-11T00:56:23Z,3822112026-08-09,38221,2026-08-09,CANCELED,,
2026-08-11T00:56:23Z,0029322026-08-10,00293,2026-08-10,CANCELED,,
2026-08-11T00:56:23Z,0029312026-08-10,00293,2026-08-10,CANCELED,,
2026-08-11T00:56:23Z,1810222026-08-09,18102,2026-08-09,CANCELED,,
2026-08-11T00:56:23Z,1810232026-08-09,18102,2026-08-09,CANCELED,,
2026-08-11T00:56:23Z,1810242026-08-09,18102,2026-08-09,CANCELED,,
2026-08-11T00:56:23Z,1810512026-08-09,18105,2026-08-09,CANCELED,,
2026-08-11T00:56:23Z,3709322026-08-10,37093,2026-08-10,CANCELED,,
2026-08-11T00:56:23Z,3709312026-08-10,37093,2026-08-10,CANCELED,,
2026-08-11T00:56:23Z,3810512026-08-09,38105,2026-08-09,CANCELED,,
2026-08-11T00:56:23Z,3739312026-08-10,37393,2026-08-10,CANCELED,,
2026-08-11T00:56:23Z,1821612026-08-09,18216,2026-08-09,CANCELED,,
2026-08-11T00:56:23Z,0080112026-08-10,00801,2026-08-10,CANCELED,,
2026-08-11T00:56:23Z,1821912026-08-09,18219,2026-08-09,CANCELED,,
2026-08-11T00:56:23Z,0029122026-08-10,00291,2026-08-10,CANCELED,,
2026-08-11T00:56:23Z,0029112026-08-10,00291,2026-08-10,CANCELED,,
2026-08-11T00:56:23Z,1810132026-08-09,18101,2026-08-09,CANCELED,,
2026-08-11T00:56:23Z,1810142026-08-09,18101,2026-08-09,CANCELED,,
2026-08-11T00:56:23Z,1810152026-08-09,18101,2026-08-09,CANCELED,,
2026-08-11T00:56:23Z,3709122026-08-10,37091,2026-08-10,CANCELED,,
2026-08-11T00:56:23Z,3709112026-08-10,37091,2026-08-10,CANCELED,,
2026-08-11T00:56:23Z,3739112026-08-10,37391,2026-08-10,CANCELED,,
2026-08-11T00:56:23Z,7187412026-08-09,71874,2026-08-09,CANCELED,,
2026-08-11T00:56:23Z,0027922026-08-10,00279,2026-08-10,CANCELED,,
2026-08-11T00:56:23Z,0027912026-08-10,00279,2026-08-10,CANCELED,,
2026-08-11T01:01:50Z,3727912026-08-09,37279,2026-08-09,CANCELED,,
2026-08-11T01:01:50Z,1722612026-08-09,17226,2026-08-09,CANCELED,,
2026-08-11T01:01:50Z,1565912026-08-09,15659,2026-08-09,CANCELED,,
2026-08-11T01:01:50Z,1803112026-08-09,18031,2026-08-09,CANCELED,,
2026-08-11T01:01:50Z,1817112026-08-09,18171,2026-08-09,CANCELED,,
2026-08-11T01:01:50Z,1803312026-08-09,18033,2026-08-09,CANCELED,,
2026-08-11T01:01:50Z,1704112026-08-09,17041,2026-08-09,CANCELED,,
2026-08-11T01:01:50Z,1803512026-08-09,18035,2026-08-09,CANCELED,,
2026-08-11T01:01:50Z,1721812026-08-09,17218,2026-08-09,CANCELED,,
2026-08-11T01:01:50Z,1803712026-08-09,18037,2026-08-09,CANCELED,,
2026-08-11T01:01:50Z,3821812026-08-09,38218,2026-08-09,CANCELED,,
2026-08-11T01:01:50Z,1804212026-08-09,18042,2026-08-09,CANCELED,,
2026-08-11T01:01:50Z,1722112026-08-09,17221,2026-08-09,CANCELED,,
2026-08-11T01:01:50Z,1804312026-08-09,18043,2026-08-09,CANCELED,,
2026-08-11T01:01:50Z,3822112026-08-09,38221,2026-08-09,CANCELED,,
2026-08-11T01:01:50Z,0029322026-08-10,00293,2026-08-10,CANCELED,,
2026-08-11T01:01:50Z,0029312026-08-10,00293,2026-08-10,CANCELED,,
2026-08-11T01:01:50Z,1810222026-08-09,18102,2026-08-09,CANCELED,,
2026-08-11T01:01:50Z,1810232026-08-09,18102,2026-08-09,CANCELED,,
2026-08-11T01:01:50Z,1810242026-08-09,18102,2026-08-09,CANCELED,,
2026-08-11T01:01:50Z,1810512026-08-09,18105,2026-08-09,CANCELED,,
2026-08-11T01:01:50Z,3709322026-08-10,37093,2026-08-10,CANCELED,,
2026-08-11T01:01:50Z,3709312026-08-10,37093,2026-08-10,CANCELED,,
2026-08-11T01:01:50Z,3810512026-08-09,38105,2026-08-09,CANCELED,,
2026-08-11T01:01:50Z,3739312026-08-10,37393,2026-08-10,CANCELED,,
2026-08-11T01:01:50Z,1821612026-08-09,18216,2026-08-09,CANCELED,,
2026-08-11T01:01:50Z,0080112026-08-10,00801,2026-08-10,CANCELED,,
2026-08-11T01:01:50Z,1821912026-08-09,18219,2026-08-09,CANCELED,,
2026-08-11T01:01:50Z,0029122026-08-10,00291,2026-08-10,CANCELED,,
2026-08-11T01:01:50Z,0029112026-08-10,00291,2026-08-10,CANCELED,,
2026-08-11T01:01:50Z,1810132026-08-09,18101,2026-08-09,CANCELED,,
2026-08-11T01:01:50Z,1810142026-08-09,18101,2026-08-09,CANCELED,,
2026-08-11T01:01:50Z,1810152026-08-09,18101,2026-08-09,CANCELED,,
2026-08-11T01:01:50Z,3709122026-08-10,37091,2026-08-10,CANCELED,,
2026-08-11T01:01:50Z,3709112026-08-10,37091,2026-08-10,CANCELED,,
2026-08-11T01:01:50Z,3739112026-08-10,37391,2026-08-10,CANCELED,,
2026-08-11T01:01:50Z,7187412026-08-09,71874,2026-08-09,CANCELED,,
2026-08-11T01:01:50Z,0027922026-08-10,00279,2026-08-10,CANCELED,,
2026-08-11T01:01:50Z,0027912026-08-10,00279,2026-08-10,CANCELED,,
2026-08-11T01:06:27Z,1722612026-08-09,17226,2026-08-09,CANCELED,,
2026-08-11T01:06:27Z,3727912026-08-09,37279,2026-08-09,CANCELED,,
2026-08-11T01:06:27Z,1803112026-08-09,18031,2026-08-09,CANCELED,,
2026-08-11T01:06:27Z,1565912026-08-09,15659,2026-08-09,CANCELED,,
2026-08-11T01:06:27Z,1803312026-08-09,18033,2026-08-09,CANCELED,,
2026-08-11T01:06:27Z,1817112026-08-09,18171,2026-08-09,CANCELED,,
2026-08-11T01:06:27Z,1803512026-08-09,18035,2026-08-09,CANCELED,,
2026-08-11T01:06:27Z,1704112026-08-09,17041,2026-08-09,CANCELED,,
2026-08-11T01:06:27Z,1803712026-08-09,18037,2026-08-09,CANCELED,,
2026-08-11T01:06:27Z,1721812026-08-09,17218,2026-08-09,CANCELED,,
2026-08-11T01:06:27Z,1804212026-08-09,18042,2026-08-09,CANCELED,,
2026-08-11T01:06:27Z,3821812026-08-09,38218,2026-08-09,CANCELED,,
2026-08-11T01:06:27Z,1804312026-08-09,18043,2026-08-09,CANCELED,,
2026-08-11T01:06:27Z,1722112026-08-09,17221,2026-08-09,CANCELED,,
2026-08-11T01:06:27Z,3822112026-08-09,38221,2026-08-09,CANCELED,,
2026-08-11T01:06:27Z,1810222026-08-09,18102,2026-08-09,CANCELED,,
2026-08-11T01:06:27Z,1810232026-08-09,18102,2026-08-09,CANCELED,,
2026-08-11T01:06:27Z,1810242026-08-09,18102,2026-08-09,CANCELED,,
2026-08-11T01:06:27Z,0029322026-08-10,00293,2026-08-10,CANCELED,,
2026-08-11T01:06:27Z,0029312026-08-10,00293,2026-08-10,CANCELED,,
2026-08-11T01:06:27Z,1810512026-08-09,18105,2026-08-09,CANCELED,,
2026-08-11T01:06:27Z,3810512026-08-09,38105,2026-08-09,CANCELED,,
2026-08-11T01:06:27Z,3709322026-08-10,37093,2026-08-10,CANCELED,,
2026-08-11T01:06:27Z,3709312026-08-10,37093,2026-08-10,CANCELED,,
2026-08-11T01:06:27Z,1821612026-08-09,18216,2026-08-09,CANCELED,,
2026-08-11T01:06:27Z,3739312026-08-10,37393,2026-08-10,CANCELED,,
2026-08-11T01:06:27Z,1821912026-08-09,18219,2026-08-09,CANCELED,,
2026-08-11T01:06:27Z,0080112026-08-10,00801,2026-08-10,CANCELED,,
2026-08-11T01:06:27Z,0029122026-08-10,00291,2026-08-10,CANCELED,,
2026-08-11T01:06:27Z,0029112026-08-10,00291,2026-08-10,CANCELED,,
2026-08-11T01:06:27Z,1810132026-08-09,18101,2026-08-09,CANCELED,,
2026-08-11T01:06:27Z,1810142026-08-09,18101,2026-08-09,CANCELED,,
2026-08-11T01:06:27Z,1810152026-08-09,18101,2026-08-09,CANCELED,,
2026-08-11T01:06:27Z,3709122026-08-10,37091,2026-08-10,CANCELED,,
2026-08-11T01:06:27Z,3709112026-08-10,37091,2026-08-10,CANCELED,,
2026-08-11T01:06:27Z,7187412026-08-09,71874,2026-08-09,CANCELED,,
2026-08-11T01:06:27Z,3739112026-08-10,37391,2026-08-10,CANCELED,,
2026-08-11T01:06:27Z,0027922026-08-10,00279,2026-08-10,CANCELED,,
2026-08-11T01:06:27Z,0027912026-08-10,00279,2026-08-10,CANCELED,,
2026-08-11T01:11:27Z,1722612026-08-09,17226,2026-08-09,CANCELED,,
2026-08-11T01:11:27Z,3727912026-08-09,37279,2026-08-09,CANCELED,,
2026-08-11T01:11:27Z,1803112026-08-09,18031,2026-08-09,CANCELED,,
2026-08-11T01:11:27Z,1565912026-08-09,15659,2026-08-09,CANCELED,,
2026-08-11T01:11:27Z,1803312026-08-09,18033,2026-08-09,CANCELED,,
2026-08-11T01:11:27Z,1817112026-08-09,18171,2026-08-09,CANCELED,,
2026-08-11T01:11:27Z,1803512026-08-09,18035,2026-08-09,CANCELED,,
2026-08-11T01:11:27Z,1704112026-08-09,17041,2026-08-09,CANCELED,,
2026-08-11T01:11:27Z,1803712026-08-09,18037,2026-08-09,CANCELED,,
2026-08-11T01:11:27Z,1721812026-08-09,17218,2026-08-09,CANCELED,,
2026-08-11T01:11:27Z,1804212026-08-09,18042,2026-08-09,CANCELED,,
2026-08-11T01:11:27Z,3821812026-08-09,38218,2026-08-09,CANCELED,,
2026-08-11T01:11:27Z,1804312026-08-09,18043,2026-08-09,CANCELED,,
2026-08-11T01:11:27Z,1722112026-08-09,17221,2026-08-09,CANCELED,,
2026-08-11T01:11:27Z,3822112026-08-09,38221,2026-08-09,CANCELED,,
2026-08-11T01:11:27Z,1810222026-08-09,18102,2026-08-09,CANCELED,,
2026-08-11T01:11:27Z,1810232026-08-09,18102,2026-08-09,CANCELED,,
2026-08-11T01:11:27Z,1810242026-08-09,18102,2026-08-09,CANCELED,,
2026-08-11T01:11:27Z,0029322026-08-10,00293,2026-08-10,CANCELED,,
2026-08-11T01:11:27Z,0029312026-08-10,00293,2026-08-10,CANCELED,,
2026-08-11T01:11:27Z,1810512026-08-09,18105,2026-08-09,CANCELED,,
2026-08-11T01:11:27Z,3810512026-08-09,38105,2026-08-09,CANCELED,,
2026-08-11T01:11:27Z,3709322026-08-10,37093,2026-08-10,CANCELED,,
2026-08-11T01:11:27Z,3709312026-08-10,37093,2026-08-10,CANCELED,,
2026-08-11T01:11:27Z,1821612026-08-09,18216,2026-08-09,CANCELED,,
2026-08-11T01:11:27Z,3739312026-08-10,37393,2026-08-10,CANCELED,,
2026-08-11T01:11:27Z,1821912026-08-09,18219,2026-08-09,CANCELED,,
2026-08-11T01:11:27Z,0080112026-08-10,00801,2026-08-10,CANCELED,,
2026-08-11T01:11:27Z,0029122026-08-10,00291,2026-08-10,CANCELED,,
2026-08-11T01:11:27Z,0029112026-08-10,00291,2026-08-10,CANCELED,,
2026-08-11T01:11:27Z,1810132026-08-09,18101,2026-08-09,CANCELED,,
2026-08-11T01:11:27Z,1810142026-08-09,18101,2026-08-09,CANCELED,,
2026-08-11T01:11:27Z,1810152026-08-09,18101,2026-08-09,CANCELED,,
2026-08-11T01:11:27Z,3709122026-08-10,37091,2026-08-10,CANCELED,,
2026-08-11T01:11:27Z,3709112026-08-10,37091,2026-08-10,CANCELED,,
2026-08-11T01:11:27Z,7187412026-08-09,71874,2026-08-09,CANCELED,,
2026-08-11T01:11:27Z,3739112026-08-10,37391,2026-08-10,CANCELED,,
2026-08-11T01:11:27Z,0027922026-08-10,00279,2026-08-10,CANCELED,,
2026-08-11T01:11:27Z,0027912026-08-10,00279,2026-08-10,CANCELED,,
2026-08-11T01:16:27Z,1722612026-08-09,17226,2026-08-09,CANCELED,,
2026-08-11T01:16:27Z,3727912026-08-09,37279,2026-08-09,CANCELED,,
2026-08-11T01:16:27Z,1803112026-08-09,18031,2026-08-09,CANCELED,,
2026-08-11T01:16:27Z,1565912026-08-09,15659,2026-08-09,CANCELED,,
2026-08-11T01:16:27Z,1803312026-08-09,18033,2026-08-09,CANCELED,,
2026-08-11T01:16:27Z,1817112026-08-09,18171,2026-08-09,CANCELED,,
2026-08-11T01:16:27Z,1803512026-08-09,18035,2026-08-09,CANCELED,,
2026-08-11T01:16:27Z,1704112026-08-09,17041,2026-08-09,CANCELED,,
2026-08-11T01:16:27Z,1803712026-08-09,18037,2026-08-09,CANCELED,,
2026-08-11T01:16:27Z,1721812026-08-09,17218,2026-08-09,CANCELED,,
2026-08-11T01:16:27Z,1804212026-08-09,18042,2026-08-09,CANCELED,,
2026-08-11T01:16:27Z,3821812026-08-09,38218,2026-08-09,CANCELED,,
2026-08-11T01:16:27Z,1804312026-08-09,18043,2026-08-09,CANCELED,,
2026-08-11T01:16:27Z,1722112026-08-09,17221,2026-08-09,CANCELED,,
2026-08-11T01:16:27Z,3822112026-08-09,38221,2026-08-09,CANCELED,,
2026-08-11T01:16:27Z,1810222026-08-09,18102,2026-08-09,CANCELED,,
2026-08-11T01:16:27Z,1810232026-08-09,18102,2026-08-09,CANCELED,,
2026-08-11T01:16:27Z,1810242026-08-09,18102,2026-08-09,CANCELED,,
2026-08-11T01:16:27Z,0029322026-08-10,00293,2026-08-10,CANCELED,,
2026-08-11T01:16:27Z,0029312026-08-10,00293,2026-08-10,CANCELED,,
2026-08-11T01:16:27Z,1810512026-08-09,18105,2026-08-09,CANCELED,,
2026-08-11T01:16:27Z,3709322026-08-10,37093,2026-08-10,CANCELED,,
2026-08-11T01:16:27Z,3709312026-08-10,37093,2026-08-10,CANCELED,,
2026-08-11T01:16:27Z,3810512026-08-09,38105,2026-08-09,CANCELED,,
2026-08-11T01:16:27Z,3739312026-08-10,37393,2026-08-10,CANCELED,,
2026-08-11T01:16:27Z,1821612026-08-09,18216,2026-08-09,CANCELED,,
2026-08-11T01:16:27Z,0080112026-08-10,00801,2026-08-10,CANCELED,,
2026-08-11T01:16:27Z,1821912026-08-09,18219,2026-08-09,CANCELED,,
2026-08-11T01:16:27Z,0029122026-08-10,00291,2026-08-10,CANCELED,,
2026-08-11T01:16:27Z,0029112026-08-10,00291,2026-08-10,CANCELED,,
2026-08-11T01:16:27Z,1810132026-08-09,18101,2026-08-09,CANCELED,,
2026-08-11T01:16:27Z,1810142026-08-09,18101,2026-08-09,CANCELED,,
2026-08-11T01:16:27Z,1810152026-08-09,18101,2026-08-09,CANCELED,,
2026-08-11T01:16:27Z,3709122026-08-10,37091,2026-08-10,CANCELED,,
2026-08-11T01:16:27Z,3709112026-08-10,37091,2026-08-10,CANCELED,,
2026-08-11T01:16:27Z,3739112026-08-10,37391,2026-08-10,CANCELED,,
2026-08-11T01:16:27Z,7187412026-08-09,71874,2026-08-09,CANCELED,,
2026-08-11T01:16:27Z,0027922026-08-10,00279,2026-08-10,CANCELED,,
2026-08-11T01:16:27Z,0027912026-08-10,00279,2026-08-10,CANCELED,,
2026-08-11T01:21:34Z,1722612026-08-09,17226,2026-08-09,CANCELED,,
2026-08-11T01:21:34Z,3727912026-08-09,37279,2026-08-09,CANCELED,,
2026-08-11T01:21:34Z,1565912026-08-09,15659,2026-08-09,CANCELED,,
2026-08-11T01:21:34Z,1803112026-08-09,18031,2026-08-09,CANCELED,,
2026-08-11T01:21:34Z,1817112026-08-09,18171,2026-08-09,CANCELED,,
2026-08-11T01:21:34Z,1803312026-08-09,18033,2026-08-09,CANCELED,,
2026-08-11T01:21:34Z,1704112026-08-09,17041,2026-08-09,CANCELED,,
2026-08-11T01:21:34Z,1803512026-08-09,18035,2026-08-09,CANCELED,,
2026-08-11T01:21:34Z,1803712026-08-09,18037,2026-08-09,CANCELED,,
2026-08-11T01:21:34Z,1721812026-08-09,17218,2026-08-09,CANCELED,,
2026-08-11T01:21:34Z,1804212026-08-09,18042,2026-08-09,CANCELED,,
2026-08-11T01:21:34Z,3821812026-08-09,38218,2026-08-09,CANCELED,,
2026-08-11T01:21:34Z,1804312026-08-09,18043,2026-08-09,CANCELED,,
2026-08-11T01:21:34Z,1722112026-08-09,17221,2026-08-09,CANCELED,,
2026-08-11T01:21:34Z,3822112026-08-09,38221,2026-08-09,CANCELED,,
2026-08-11T01:21:34Z,1810222026-08-09,18102,2026-08-09,CANCELED,,
2026-08-11T01:21:34Z,1810232026-08-09,18102,2026-08-09,CANCELED,,
2026-08-11T01:21:34Z,1810242026-08-09,18102,2026-08-09,CANCELED,,
2026-08-11T01:21:34Z,0029322026-08-10,00293,2026-08-10,CANCELED,,
2026-08-11T01:21:34Z,0029312026-08-10,00293,2026-08-10,CANCELED,,
2026-08-11T01:21:34Z,1810512026-08-09,18105,2026-08-09,CANCELED,,
2026-08-11T01:21:34Z,3810512026-08-09,38105,2026-08-09,CANCELED,,
2026-08-11T01:21:34Z,3709322026-08-10,37093,2026-08-10,CANCELED,,
2026-08-11T01:21:34Z,3709312026-08-10,37093,2026-08-10,CANCELED,,
2026-08-11T01:21:34Z,1821612026-08-09,18216,2026-08-09,CANCELED,,
2026-08-11T01:21:34Z,3739312026-08-10,37393,2026-08-10,CANCELED,,
2026-08-11T01:21:34Z,1821912026-08-09,18219,2026-08-09,CANCELED,,
2026-08-11T01:21:34Z,0080112026-08-10,00801,2026-08-10,CANCELED,,
2026-08-11T01:21:34Z,0029122026-08-10,00291,2026-08-10,CANCELED,,
2026-08-11T01:21:34Z,0029112026-08-10,00291,2026-08-10,CANCELED,,
2026-08-11T01:21:34Z,1810132026-08-09,18101,2026-08-09,CANCELED,,
2026-08-11T01:21:34Z,1810142026-08-09,18101,2026-08-09,CANCELED,,
2026-08-11T01:21:34Z,1810152026-08-09,18101,2026-08-09,CANCELED,,
2026-08-11T01:21:34Z,3709122026-08-10,37091,2026-08-10,CANCELED,,
2026-08-11T01:21:34Z,3709112026-08-10,37091,2026-08-10,CANCELED,,
2026-08-11T01:21:34Z,7187412026-08-09,71874,2026-08-09,CANCELED,,
2026-08-11T01:21:34Z,3739112026-08-10,37391,2026-08-10,CANCELED,,
2026-08-11T01:21:34Z,0027922026-08-10,00279,2026-08-10,CANCELED,,
2026-08-11T01:21:34Z,0027912026-08-10,00279,2026-08-10,CANCELED,,
2026-08-11T01:26:23Z,3727912026-08-10,37279,2026-08-10,CANCELED,,
2026-08-11T01:26:23Z,1722612026-08-10,17226,2026-08-10,CANCELED,,
2026-08-11T01:26:23Z,1803112026-08-10,18031,2026-08-10,CANCELED,,
2026-08-11T01:26:23Z,1565912026-08-10,15659,2026-08-10,CANCELED,,
2026-08-11T01:26:23Z,1803312026-08-10,18033,2026-08-10,CANCELED,,
2026-08-11T01:26:23Z,1817112026-08-10,18171,2026-08-10,CANCELED,,
2026-08-11T01:26:23Z,1704112026-08-10,17041,2026-08-10,CANCELED,,
2026-08-11T01:26:23Z,1803512026-08-10,18035,2026-08-10,CANCELED,,
2026-08-11T01:26:23Z,1721812026-08-10,17218,2026-08-10,CANCELED,,
2026-08-11T01:26:23Z,1803712026-08-10,18037,2026-08-10,CANCELED,,
2026-08-11T01:26:23Z,3821812026-08-10,38218,2026-08-10,CANCELED,,
2026-08-11T01:26:23Z,1804212026-08-10,18042,2026-08-10,CANCELED,,
2026-08-11T01:26:23Z,1722112026-08-10,17221,2026-08-10,CANCELED,,
2026-08-11T01:26:23Z,1804312026-08-10,18043,2026-08-10,CANCELED,,
2026-08-11T01:26:23Z,3822112026-08-10,38221,2026-08-10,CANCELED,,
2026-08-11T01:26:23Z,0029322026-08-11,00293,2026-08-11,CANCELED,,
2026-08-11T01:26:23Z,0029312026-08-11,00293,2026-08-11,CANCELED,,
2026-08-11T01:26:23Z,1810222026-08-10,18102,2026-08-10,CANCELED,,
2026-08-11T01:26:23Z,1810232026-08-10,18102,2026-08-10,CANCELED,,
2026-08-11T01:26:23Z,1810242026-08-10,18102,2026-08-10,CANCELED,,
2026-08-11T01:26:23Z,1810512026-08-10,18105,2026-08-10,CANCELED,,
2026-08-11T01:26:23Z,3709322026-08-10,37093,2026-08-10,CANCELED,,
2026-08-11T01:26:23Z,3709312026-08-10,37093,2026-08-10,CANCELED,,
2026-08-11T01:26:23Z,3810512026-08-10,38105,2026-08-10,CANCELED,,
2026-08-11T01:26:23Z,3739312026-08-10,37393,2026-08-10,CANCELED,,
2026-08-11T01:26:23Z,1821612026-08-10,18216,2026-08-10,CANCELED,,
2026-08-11T01:26:23Z,0080112026-08-11,00801,2026-08-11,CANCELED,,
2026-08-11T01:26:23Z,1821912026-08-10,18219,2026-08-10,CANCELED,,
2026-08-11T01:26:23Z,0029122026-08-11,00291,2026-08-11,CANCELED,,
2026-08-11T01:26:23Z,0029112026-08-11,00291,2026-08-11,CANCELED,,
2026-08-11T01:26:23Z,1810132026-08-10,18101,2026-08-10,CANCELED,,
2026-08-11T01:26:23Z,1810142026-08-10,18101,2026-08-10,CANCELED,,
2026-08-11T01:26:23Z,1810152026-08-10,18101,2026-08-10,CANCELED,,
2026-08-11T01:26:23Z,3709122026-08-10,37091,2026-08-10,CANCELED,,
2026-08-11T01:26:23Z,3709112026-08-10,37091,2026-08-10,CANCELED,,
2026-08-11T01:26:23Z,3739112026-08-10,37391,2026-08-10,CANCELED,,
2026-08-11T01:26:23Z,7187412026-08-10,71874,2026-08-10,CANCELED,,
2026-08-11T01:26:23Z,0027922026-08-11,00279,2026-08-11,CANCELED,,
2026-08-11T01:26:23Z,0027912026-08-11,00279,2026-08-11,CANCELED,,
2026-08-11T01:31:45Z,1722612026-08-10,17226,2026-08-10,CANCELED,,
2026-08-11T01:31:45Z,3727912026-08-10,37279,2026-08-10,CANCELED,,
2026-08-11T01:31:45Z,1803112026-08-10,18031,2026-08-10,CANCELED,,
2026-08-11T01:31:45Z,1565912026-08-10,15659,2026-08-10,CANCELED,,
2026-08-11T01:31:45Z,1817112026-08-10,18171,2026-08-10,CANCELED,,
2026-08-11T01:31:45Z,1803312026-08-10,18033,2026-08-10,CANCELED,,
2026-08-11T01:31:45Z,1704112026-08-10,17041,2026-08-10,CANCELED,,
2026-08-11T01:31:45Z,1803512026-08-10,18035,2026-08-10,CANCELED,,
2026-08-11T01:31:45Z,1721812026-08-10,17218,2026-08-10,CANCELED,,
2026-08-11T01:31:45Z,1803712026-08-10,18037,2026-08-10,CANCELED,,
2026-08-11T01:31:45Z,3821812026-08-10,38218,2026-08-10,CANCELED,,
2026-08-11T01:31:45Z,1804212026-08-10,18042,2026-08-10,CANCELED,,
2026-08-11T01:31:45Z,1722112026-08-10,17221,2026-08-10,CANCELED,,
2026-08-11T01:31:45Z,1804312026-08-10,18043,2026-08-10,CANCELED,,
2026-08-11T01:31:45Z,3822112026-08-10,38221,2026-08-10,CANCELED,,
2026-08-11T01:31:45Z,0029322026-08-11,00293,2026-08-11,CANCELED,,
2026-08-11T01:31:45Z,0029312026-08-11,00293,2026-08-11,CANCELED,,
2026-08-11T01:31:45Z,1810222026-08-10,18102,2026-08-10,CANCELED,,
2026-08-11T01:31:45Z,1810232026-08-10,18102,2026-08-10,CANCELED,,
2026-08-11T01:31:45Z,1810242026-08-10,18102,2026-08-10,CANCELED,,
2026-08-11T01:31:45Z,1810512026-08-10,18105,2026-08-10,CANCELED,,
2026-08-11T01:31:45Z,3709322026-08-10,37093,2026-08-10,CANCELED,,
2026-08-11T01:31:45Z,3709312026-08-10,37093,2026-08-10,CANCELED,,
2026-08-11T01:31:45Z,3810512026-08-10,38105,2026-08-10,CANCELED,,
2026-08-11T01:31:45Z,3739312026-08-10,37393,2026-08-10,CANCELED,,
2026-08-11T01:31:45Z,1821612026-08-10,18216,2026-08-10,CANCELED,,
2026-08-11T01:31:45Z,0080112026-08-11,00801,2026-08-11,CANCELED,,
2026-08-11T01:31:45Z,1821912026-08-10,18219,2026-08-10,CANCELED,,
2026-08-11T01:31:45Z,0029122026-08-11,00291,2026-08-11,CANCELED,,
2026-08-11T01:31:45Z,0029112026-08-11,00291,2026-08-11,CANCELED,,
2026-08-11T01:31:45Z,1810132026-08-10,18101,2026-08-10,CANCELED,,
2026-08-11T01:31:45Z,1810142026-08-10,18101,2026-08-10,CANCELED,,
2026-08-11T01:31:45Z,1810152026-08-10,18101,2026-08-10,CANCELED,,
2026-08-11T01:31:45Z,3709122026-08-10,37091,2026-08-10,CANCELED,,
2026-08-11T01:31:45Z,3709112026-08-10,37091,2026-08-10,CANCELED,,
2026-08-11T01:31:45Z,3739112026-08-10,37391,2026-08-10,CANCELED,,
2026-08-11T01:31:45Z,7187412026-08-10,71874,2026-08-10,CANCELED,,
2026-08-11T01:31:45Z,0027922026-08-11,00279,2026-08-11,CANCELED,,
2026-08-11T01:31:45Z,0027912026-08-11,00279,2026-08-11,CANCELED,,
2026-08-11T01:36:26Z,3727912026-08-10,37279,2026-08-10,CANCELED,,
2026-08-11T01:36:26Z,1722612026-08-10,17226,2026-08-10,CANCELED,,
2026-08-11T01:36:26Z,1803112026-08-10,18031,2026-08-10,CANCELED,,
2026-08-11T01:36:26Z,1565912026-08-10,15659,2026-08-10,CANCELED,,
2026-08-11T01:36:26Z,1803312026-08-10,18033,2026-08-10,CANCELED,,
2026-08-11T01:36:26Z,1817112026-08-10,18171,2026-08-10,CANCELED,,
2026-08-11T01:36:26Z,1803512026-08-10,18035,2026-08-10,CANCELED,,
2026-08-11T01:36:26Z,1704112026-08-10,17041,2026-08-10,CANCELED,,
2026-08-11T01:36:26Z,1803712026-08-10,18037,2026-08-10,CANCELED,,
2026-08-11T01:36:26Z,1721812026-08-10,17218,2026-08-10,CANCELED,,
2026-08-11T01:36:26Z,1804212026-08-10,18042,2026-08-10,CANCELED,,
2026-08-11T01:36:26Z,3821812026-08-10,38218,2026-08-10,CANCELED,,
2026-08-11T01:36:26Z,1804312026-08-10,18043,2026-08-10,CANCELED,,
2026-08-11T01:36:26Z,1722112026-08-10,17221,2026-08-10,CANCELED,,
2026-08-11T01:36:26Z,3822112026-08-10,38221,2026-08-10,CANCELED,,
2026-08-11T01:36:26Z,1810222026-08-10,18102,2026-08-10,CANCELED,,
2026-08-11T01:36:26Z,1810232026-08-10,18102,2026-08-10,CANCELED,,
2026-08-11T01:36:26Z,1810242026-08-10,18102,2026-08-10,CANCELED,,
2026-08-11T01:36:26Z,0029322026-08-11,00293,2026-08-11,CANCELED,,
2026-08-11T01:36:26Z,0029312026-08-11,00293,2026-08-11,CANCELED,,
2026-08-11T01:36:26Z,1810512026-08-10,18105,2026-08-10,CANCELED,,
2026-08-11T01:36:26Z,3810512026-08-10,38105,2026-08-10,CANCELED,,
2026-08-11T01:36:26Z,1821612026-08-10,18216,2026-08-10,CANCELED,,
2026-08-11T01:36:26Z,3709322026-08-10,37093,2026-08-10,CANCELED,,
2026-08-11T01:36:26Z,3709312026-08-10,37093,2026-08-10,CANCELED,,
2026-08-11T01:36:26Z,1821912026-08-10,18219,2026-08-10,CANCELED,,
2026-08-11T01:36:26Z,3739312026-08-10,37393,2026-08-10,CANCELED,,
2026-08-11T01:36:26Z,0080112026-08-11,00801,2026-08-11,CANCELED,,
2026-08-11T01:36:26Z,0029122026-08-11,00291,2026-08-11,CANCELED,,
2026-08-11T01:36:26Z,0029112026-08-11,00291,2026-08-11,CANCELED,,
2026-08-11T01:36:26Z,1810132026-08-10,18101,2026-08-10,CANCELED,,
2026-08-11T01:36:26Z,1810142026-08-10,18101,2026-08-10,CANCELED,,
2026-08-11T01:36:26Z,1810152026-08-10,18101,2026-08-10,CANCELED,,
2026-08-11T01:36:26Z,3709122026-08-10,37091,2026-08-10,CANCELED,,
2026-08-11T01:36:26Z,3709112026-08-10,37091,2026-08-10,CANCELED,,
2026-08-11T01:36:26Z,7187412026-08-10,71874,2026-08-10,CANCELED,,
2026-08-11T01:36:26Z,3739112026-08-10,37391,2026-08-10,CANCELED,,
2026-08-11T01:36:26Z,0027922026-08-11,00279,2026-08-11,CANCELED,,
2026-08-11T01:36:26Z,0027912026-08-11,00279,2026-08-11,CANCELED,,
2026-08-11T01:41:34Z,1722612026-08-10,17226,2026-08-10,CANCELED,,
2026-08-11T01:41:34Z,3727912026-08-10,37279,2026-08-10,CANCELED,,
2026-08-11T01:41:34Z,1803112026-08-10,18031,2026-08-10,CANCELED,,
2026-08-11T01:41:34Z,1565912026-08-10,15659,2026-08-10,CANCELED,,
2026-08-11T01:41:34Z,1803312026-08-10,18033,2026-08-10,CANCELED,,
2026-08-11T01:41:34Z,1817112026-08-10,18171,2026-08-10,CANCELED,,
2026-08-11T01:41:34Z,1803512026-08-10,18035,2026-08-10,CANCELED,,
2026-08-11T01:41:34Z,1704112026-08-10,17041,2026-08-10,CANCELED,,
2026-08-11T01:41:34Z,1803712026-08-10,18037,2026-08-10,CANCELED,,
2026-08-11T01:41:34Z,1721812026-08-10,17218,2026-08-10,CANCELED,,
2026-08-11T01:41:34Z,1804212026-08-10,18042,2026-08-10,CANCELED,,
2026-08-11T01:41:34Z,3821812026-08-10,38218,2026-08-10,CANCELED,,
2026-08-11T01:41:34Z,1804312026-08-10,18043,2026-08-10,CANCELED,,
2026-08-11T01:41:34Z,1722112026-08-10,17221,2026-08-10,CANCELED,,
2026-08-11T01:41:34Z,3822112026-08-10,38221,2026-08-10,CANCELED,,
2026-08-11T01:41:34Z,1810222026-08-10,18102,2026-08-10,CANCELED,,
2026-08-11T01:41:34Z,1810232026-08-10,18102,2026-08-10,CANCELED,,
2026-08-11T01:41:34Z,1810242026-08-10,18102,2026-08-10,CANCELED,,
2026-08-11T01:41:34Z,0029322026-08-11,00293,2026-08-11,CANCELED,,
2026-08-11T01:41:34Z,0029312026-08-11,00293,2026-08-11,CANCELED,,
2026-08-11T01:41:34Z,1810512026-08-10,18105,2026-08-10,CANCELED,,
2026-08-11T01:41:34Z,3810512026-08-10,38105,2026-08-10,CANCELED,,
2026-08-11T01:41:34Z,3709322026-08-10,37093,2026-08-10,CANCELED,,
2026-08-11T01:41:34Z,3709312026-08-10,37093,2026-08-10,CANCELED,,
2026-08-11T01:41:34Z,1821612026-08-10,18216,2026-08-10,CANCELED,,
2026-08-11T01:41:34Z,3739312026-08-10,37393,2026-08-10,CANCELED,,
2026-08-11T01:41:34Z,1821912026-08-10,18219,2026-08-10,CANCELED,,
2026-08-11T01:41:34Z,0080112026-08-11,00801,2026-08-11,CANCELED,,
2026-08-11T01:41:34Z,0029122026-08-11,00291,2026-08-11,CANCELED,,
2026-08-11T01:41:34Z,0029112026-08-11,00291,2026-08-11,CANCELED,,
2026-08-11T01:41:34Z,1810132026-08-10,18101,2026-08-10,CANCELED,,
2026-08-11T01:41:34Z,1810142026-08-10,18101,2026-08-10,CANCELED,,
2026-08-11T01:41:34Z,1810152026-08-10,18101,2026-08-10,CANCELED,,
2026-08-11T01:41:34Z,3709122026-08-10,37091,2026-08-10,CANCELED,,
2026-08-11T01:41:34Z,3709112026-08-10,37091,2026-08-10,CANCELED,,
2026-08-11T01:41:34Z,7187412026-08-10,71874,2026-08-10,CANCELED,,
2026-08-11T01:41:34Z,3739112026-08-10,37391,2026-08-10,CANCELED,,
2026-08-11T01:41:34Z,0027922026-08-11,00279,2026-08-11,CANCELED,,
2026-08-11T01:41:34Z,0027912026-08-11,00279,2026-08-11,CANCELED,,
2026-08-11T01:46:31Z,3727912026-08-10,37279,2026-08-10,CANCELED,,
2026-08-11T01:46:31Z,1722612026-08-10,17226,2026-08-10,CANCELED,,
2026-08-11T01:46:31Z,1803112026-08-10,18031,2026-08-10,CANCELED,,
2026-08-11T01:46:31Z,1565912026-08-10,15659,2026-08-10,CANCELED,,
2026-08-11T01:46:31Z,1803312026-08-10,18033,2026-08-10,CANCELED,,
2026-08-11T01:46:31Z,1817112026-08-10,18171,2026-08-10,CANCELED,,
2026-08-11T01:46:31Z,1803512026-08-10,18035,2026-08-10,CANCELED,,
2026-08-11T01:46:31Z,1704112026-08-10,17041,2026-08-10,CANCELED,,
2026-08-11T01:46:31Z,1803712026-08-10,18037,2026-08-10,CANCELED,,
2026-08-11T01:46:31Z,1721812026-08-10,17218,2026-08-10,CANCELED,,
2026-08-11T01:46:31Z,1804212026-08-10,18042,2026-08-10,CANCELED,,
2026-08-11T01:46:31Z,3821812026-08-10,38218,2026-08-10,CANCELED,,
2026-08-11T01:46:31Z,1722112026-08-10,17221,2026-08-10,CANCELED,,
2026-08-11T01:46:31Z,1804312026-08-10,18043,2026-08-10,CANCELED,,
2026-08-11T01:46:31Z,3822112026-08-10,38221,2026-08-10,CANCELED,,
2026-08-11T01:46:31Z,0029322026-08-11,00293,2026-08-11,CANCELED,,
2026-08-11T01:46:31Z,0029312026-08-11,00293,2026-08-11,CANCELED,,
2026-08-11T01:46:31Z,1810222026-08-10,18102,2026-08-10,CANCELED,,
2026-08-11T01:46:31Z,1810232026-08-10,18102,2026-08-10,CANCELED,,
2026-08-11T01:46:31Z,1810242026-08-10,18102,2026-08-10,CANCELED,,
2026-08-11T01:46:31Z,1810512026-08-10,18105,2026-08-10,CANCELED,,
2026-08-11T01:46:31Z,3709322026-08-10,37093,2026-08-10,CANCELED,,
2026-08-11T01:46:31Z,3709312026-08-10,37093,2026-08-10,CANCELED,,
2026-08-11T01:46:31Z,3810512026-08-10,38105,2026-08-10,CANCELED,,
2026-08-11T01:46:31Z,3739312026-08-10,37393,2026-08-10,CANCELED,,
2026-08-11T01:46:31Z,1821612026-08-10,18216,2026-08-10,CANCELED,,
2026-08-11T01:46:31Z,0080112026-08-11,00801,2026-08-11,CANCELED,,
2026-08-11T01:46:31Z,1821912026-08-10,18219,2026-08-10,CANCELED,,
2026-08-11T01:46:31Z,0029122026-08-11,00291,2026-08-11,CANCELED,,
2026-08-11T01:46:31Z,0029112026-08-11,00291,2026-08-11,CANCELED,,
2026-08-11T01:46:31Z,1810132026-08-10,18101,2026-08-10,CANCELED,,
2026-08-11T01:46:31Z,1810142026-08-10,18101,2026-08-10,CANCELED,,
2026-08-11T01:46:31Z,1810152026-08-10,18101,2026-08-10,CANCELED,,
2026-08-11T01:46:31Z,3709122026-08-10,37091,2026-08-10,CANCELED,,
2026-08-11T01:46:31Z,3709112026-08-10,37091,2026-08-10,CANCELED,,
2026-08-11T01:46:31Z,3739112026-08-10,37391,2026-08-10,CANCELED,,
2026-08-11T01:46:31Z,7187412026-08-10,71874,2026-08-10,CANCELED,,
2026-08-11T01:46:31Z,0027922026-08-11,00279,2026-08-11,CANCELED,,
2026-08-11T01:46:31Z,0027912026-08-11,00279,2026-08-11,CANCELED,,
2026-08-11T01:51:27Z,1722612026-08-10,17226,2026-08-10,CANCELED,,
2026-08-11T01:51:27Z,3727912026-08-10,37279,2026-08-10,CANCELED,,
2026-08-11T01:51:27Z,1803112026-08-10,18031,2026-08-10,CANCELED,,
2026-08-11T01:51:27Z,1565912026-08-10,15659,2026-08-10,CANCELED,,
2026-08-11T01:51:27Z,1803312026-08-10,18033,2026-08-10,CANCELED,,
2026-08-11T01:51:27Z,1817112026-08-10,18171,2026-08-10,CANCELED,,
2026-08-11T01:51:27Z,1803512026-08-10,18035,2026-08-10,CANCELED,,
2026-08-11T01:51:27Z,1704112026-08-10,17041,2026-08-10,CANCELED,,
2026-08-11T01:51:27Z,1803712026-08-10,18037,2026-08-10,CANCELED,,
2026-08-11T01:51:27Z,1721812026-08-10,17218,2026-08-10,CANCELED,,
2026-08-11T01:51:27Z,1804212026-08-10,18042,2026-08-10,CANCELED,,
2026-08-11T01:51:27Z,3821812026-08-10,38218,2026-08-10,CANCELED,,
2026-08-11T01:51:27Z,1804312026-08-10,18043,2026-08-10,CANCELED,,
2026-08-11T01:51:27Z,1722112026-08-10,17221,2026-08-10,CANCELED,,
2026-08-11T01:51:27Z,3822112026-08-10,38221,2026-08-10,CANCELED,,
2026-08-11T01:51:27Z,1810222026-08-10,18102,2026-08-10,CANCELED,,
2026-08-11T01:51:27Z,1810232026-08-10,18102,2026-08-10,CANCELED,,
2026-08-11T01:51:27Z,1810242026-08-10,18102,2026-08-10,CANCELED,,
2026-08-11T01:51:27Z,0029322026-08-11,00293,2026-08-11,CANCELED,,
2026-08-11T01:51:27Z,0029312026-08-11,00293,2026-08-11,CANCELED,,
2026-08-11T01:51:27Z,1810512026-08-10,18105,2026-08-10,CANCELED,,
2026-08-11T01:51:27Z,3810512026-08-10,38105,2026-08-10,CANCELED,,
2026-08-11T01:51:27Z,3709322026-08-10,37093,2026-08-10,CANCELED,,
2026-08-11T01:51:27Z,3709312026-08-10,37093,2026-08-10,CANCELED,,
2026-08-11T01:51:27Z,1821612026-08-10,18216,2026-08-10,CANCELED,,
2026-08-11T01:51:27Z,3739312026-08-10,37393,2026-08-10,CANCELED,,
2026-08-11T01:51:27Z,1821912026-08-10,18219,2026-08-10,CANCELED,,
2026-08-11T01:51:27Z,0080112026-08-11,00801,2026-08-11,CANCELED,,
2026-08-11T01:51:27Z,0029122026-08-11,00291,2026-08-11,CANCELED,,
2026-08-11T01:51:27Z,0029112026-08-11,00291,2026-08-11,CANCELED,,
2026-08-11T01:51:27Z,1810132026-08-10,18101,2026-08-10,CANCELED,,
2026-08-11T01:51:27Z,1810142026-08-10,18101,2026-08-10,CANCELED,,
2026-08-11T01:51:27Z,1810152026-08-10,18101,2026-08-10,CANCELED,,
2026-08-11T01:51:27Z,3709122026-08-10,37091,2026-08-10,CANCELED,,
2026-08-11T01:51:27Z,3709112026-08-10,37091,2026-08-10,CANCELED,,
2026-08-11T01:51:27Z,7187412026-08-10,71874,2026-08-10,CANCELED,,
2026-08-11T01:51:27Z,3739112026-08-10,37391,2026-08-10,CANCELED,,
2026-08-11T01:51:27Z,0027922026-08-11,00279,2026-08-11,CANCELED,,
2026-08-11T01:51:27Z,0027912026-08-11,00279,2026-08-11,CANCELED,,
2026-08-11T01:56:23Z,3727912026-08-10,37279,2026-08-10,CANCELED,,
2026-08-11T01:56:23Z,1722612026-08-10,17226,2026-08-10,CANCELED,,
2026-08-11T01:56:23Z,1565912026-08-10,15659,2026-08-10,CANCELED,,
2026-08-11T01:56:23Z,1803112026-08-10,18031,2026-08-10,CANCELED,,
2026-08-11T01:56:23Z,1817112026-08-10,18171,2026-08-10,CANCELED,,
2026-08-11T01:56:23Z,1803312026-08-10,18033,2026-08-10,CANCELED,,
2026-08-11T01:56:23Z,1704112026-08-10,17041,2026-08-10,CANCELED,,
2026-08-11T01:56:23Z,1803512026-08-10,18035,2026-08-10,CANCELED,,
2026-08-11T01:56:23Z,1803712026-08-10,18037,2026-08-10,CANCELED,,
2026-08-11T01:56:23Z,1721812026-08-10,17218,2026-08-10,CANCELED,,
2026-08-11T01:56:23Z,1804212026-08-10,18042,2026-08-10,CANCELED,,
2026-08-11T01:56:23Z,3821812026-08-10,38218,2026-08-10,CANCELED,,
2026-08-11T01:56:23Z,1722112026-08-10,17221,2026-08-10,CANCELED,,
2026-08-11T01:56:23Z,1804312026-08-10,18043,2026-08-10,CANCELED,,
2026-08-11T01:56:23Z,3822112026-08-10,38221,2026-08-10,CANCELED,,
2026-08-11T01:56:23Z,1810222026-08-10,18102,2026-08-10,CANCELED,,
2026-08-11T01:56:23Z,1810232026-08-10,18102,2026-08-10,CANCELED,,
2026-08-11T01:56:23Z,1810242026-08-10,18102,2026-08-10,CANCELED,,
2026-08-11T01:56:23Z,0029322026-08-11,00293,2026-08-11,CANCELED,,
2026-08-11T01:56:23Z,0029312026-08-11,00293,2026-08-11,CANCELED,,
2026-08-11T01:56:23Z,1810512026-08-10,18105,2026-08-10,CANCELED,,
2026-08-11T01:56:23Z,3810512026-08-10,38105,2026-08-10,CANCELED,,
2026-08-11T01:56:23Z,3709322026-08-10,37093,2026-08-10,CANCELED,,
2026-08-11T01:56:23Z,3709312026-08-10,37093,2026-08-10,CANCELED,,
2026-08-11T01:56:23Z,1821612026-08-10,18216,2026-08-10,CANCELED,,
2026-08-11T01:56:23Z,3739312026-08-10,37393,2026-08-10,CANCELED,,
2026-08-11T01:56:23Z,1821912026-08-10,18219,2026-08-10,CANCELED,,
2026-08-11T01:56:23Z,0080112026-08-11,00801,2026-08-11,CANCELED,,
2026-08-11T01:56:23Z,0029122026-08-11,00291,2026-08-11,CANCELED,,
2026-08-11T01:56:23Z,0029112026-08-11,00291,2026-08-11,CANCELED,,
2026-08-11T01:56:23Z,1810132026-08-10,18101,2026-08-10,CANCELED,,
2026-08-11T01:56:23Z,1810142026-08-10,18101,2026-08-10,CANCELED,,
2026-08-11T01:56:23Z,1810152026-08-10,18101,2026-08-10,CANCELED,,
2026-08-11T01:56:23Z,3709122026-08-10,37091,2026-08-10,CANCELED,,
2026-08-11T01:56:23Z,3709112026-08-10,37091,2026-08-10,CANCELED,,
2026-08-11T01:56:23Z,7187412026-08-10,71874,2026-08-10,CANCELED,,
2026-08-11T01:56:23Z,3739112026-08-10,37391,2026-08-10,CANCELED,,
2026-08-11T01:56:23Z,0027922026-08-11,00279,2026-08-11,CANCELED,,
2026-08-11T01:56:23Z,0027912026-08-11,00279,2026-08-11,CANCELED,,
2026-08-11T02:01:57Z,3727912026-08-10,37279,2026-08-10,CANCELED,,
2026-08-11T02:01:57Z,1722612026-08-10,17226,2026-08-10,CANCELED,,
2026-08-11T02:01:57Z,1565912026-08-10,15659,2026-08-10,CANCELED,,
2026-08-11T02:01:57Z,1803112026-08-10,18031,2026-08-10,CANCELED,,
2026-08-11T02:01:57Z,1817112026-08-10,18171,2026-08-10,CANCELED,,
2026-08-11T02:01:57Z,1803312026-08-10,18033,2026-08-10,CANCELED,,
2026-08-11T02:01:57Z,1704112026-08-10,17041,2026-08-10,CANCELED,,
2026-08-11T02:01:57Z,1803512026-08-10,18035,2026-08-10,CANCELED,,
2026-08-11T02:01:57Z,1721812026-08-10,17218,2026-08-10,CANCELED,,
2026-08-11T02:01:57Z,1803712026-08-10,18037,2026-08-10,CANCELED,,
2026-08-11T02:01:57Z,3821812026-08-10,38218,2026-08-10,CANCELED,,
2026-08-11T02:01:57Z,1804212026-08-10,18042,2026-08-10,CANCELED,,
2026-08-11T02:01:57Z,1722112026-08-10,17221,2026-08-10,CANCELED,,
2026-08-11T02:01:57Z,1804312026-08-10,18043,2026-08-10,CANCELED,,
2026-08-11T02:01:57Z,3822112026-08-10,38221,2026-08-10,CANCELED,,
2026-08-11T02:01:57Z,0029322026-08-11,00293,2026-08-11,CANCELED,,
2026-08-11T02:01:57Z,0029312026-08-11,00293,2026-08-11,CANCELED,,
2026-08-11T02:01:57Z,1810222026-08-10,18102,2026-08-10,CANCELED,,
2026-08-11T02:01:57Z,1810232026-08-10,18102,2026-08-10,CANCELED,,
2026-08-11T02:01:57Z,1810242026-08-10,18102,2026-08-10,CANCELED,,
2026-08-11T02:01:57Z,1810512026-08-10,18105,2026-08-10,CANCELED,,
2026-08-11T02:01:57Z,3709322026-08-10,37093,2026-08-10,CANCELED,,
2026-08-11T02:01:57Z,3709312026-08-10,37093,2026-08-10,CANCELED,,
2026-08-11T02:01:57Z,3810512026-08-10,38105,2026-08-10,CANCELED,,
2026-08-11T02:01:57Z,3739312026-08-10,37393,2026-08-10,CANCELED,,
2026-08-11T02:01:57Z,1821612026-08-10,18216,2026-08-10,CANCELED,,
2026-08-11T02:01:57Z,0080112026-08-11,00801,2026-08-11,CANCELED,,
2026-08-11T02:01:57Z,1821912026-08-10,18219,2026-08-10,CANCELED,,
2026-08-11T02:01:57Z,0029122026-08-11,00291,2026-08-11,CANCELED,,
2026-08-11T02:01:57Z,0029112026-08-11,00291,2026-08-11,CANCELED,,
2026-08-11T02:01:57Z,3709122026-08-10,37091,2026-08-10,CANCELED,,
2026-08-11T02:01:57Z,3709112026-08-10,37091,2026-08-10,CANCELED,,
2026-08-11T02:01:57Z,1810132026-08-10,18101,2026-08-10,CANCELED,,
2026-08-11T02:01:57Z,1810142026-08-10,18101,2026-08-10,CANCELED,,
2026-08-11T02:01:57Z,1810152026-08-10,18101,2026-08-10,CANCELED,,
2026-08-11T02:01:57Z,3739112026-08-10,37391,2026-08-10,CANCELED,,
2026-08-11T02:01:57Z,7187412026-08-10,71874,2026-08-10,CANCELED,,
2026-08-11T02:01:57Z,0027922026-08-11,00279,2026-08-11,CANCELED,,
2026-08-11T02:01:57Z,0027912026-08-11,00279,2026-08-11,CANCELED,,
2026-08-11T02:06:22Z,1722612026-08-10,17226,2026-08-10,CANCELED,,
2026-08-11T02:06:22Z,3727912026-08-10,37279,2026-08-10,CANCELED,,
2026-08-11T02:06:22Z,1803112026-08-10,18031,2026-08-10,CANCELED,,
2026-08-11T02:06:22Z,1565912026-08-10,15659,2026-08-10,CANCELED,,
2026-08-11T02:06:22Z,1803312026-08-10,18033,2026-08-10,CANCELED,,
2026-08-11T02:06:22Z,1817112026-08-10,18171,2026-08-10,CANCELED,,
2026-08-11T02:06:22Z,1803512026-08-10,18035,2026-08-10,CANCELED,,
2026-08-11T02:06:22Z,1704112026-08-10,17041,2026-08-10,CANCELED,,
2026-08-11T02:06:22Z,1803712026-08-10,18037,2026-08-10,CANCELED,,
2026-08-11T02:06:22Z,1721812026-08-10,17218,2026-08-10,CANCELED,,
2026-08-11T02:06:22Z,1804212026-08-10,18042,2026-08-10,CANCELED,,
2026-08-11T02:06:22Z,3821812026-08-10,38218,2026-08-10,CANCELED,,
2026-08-11T02:06:22Z,1804312026-08-10,18043,2026-08-10,CANCELED,,
2026-08-11T02:06:22Z,1722112026-08-10,17221,2026-08-10,CANCELED,,
2026-08-11T02:06:22Z,3822112026-08-10,38221,2026-08-10,CANCELED,,
2026-08-11T02:06:22Z,1810222026-08-10,18102,2026-08-10,CANCELED,,
2026-08-11T02:06:22Z,1810232026-08-10,18102,2026-08-10,CANCELED,,
2026-08-11T02:06:22Z,1810242026-08-10,18102,2026-08-10,CANCELED,,
2026-08-11T02:06:22Z,0029322026-08-11,00293,2026-08-11,CANCELED,,
2026-08-11T02:06:22Z,0029312026-08-11,00293,2026-08-11,CANCELED,,
2026-08-11T02:06:22Z,1810512026-08-10,18105,2026-08-10,CANCELED,,
2026-08-11T02:06:22Z,3810512026-08-10,38105,2026-08-10,CANCELED,,
2026-08-11T02:06:22Z,3709322026-08-10,37093,2026-08-10,CANCELED,,
2026-08-11T02:06:22Z,3709312026-08-10,37093,2026-08-10,CANCELED,,
2026-08-11T02:06:22Z,3739312026-08-10,37393,2026-08-10,CANCELED,,
2026-08-11T02:06:22Z,1821612026-08-10,18216,2026-08-10,CANCELED,,
2026-08-11T02:06:22Z,1821912026-08-10,18219,2026-08-10,CANCELED,,
2026-08-11T02:06:22Z,0080112026-08-11,00801,2026-08-11,CANCELED,,
2026-08-11T02:06:22Z,0029122026-08-11,00291,2026-08-11,CANCELED,,
2026-08-11T02:06:22Z,0029112026-08-11,00291,2026-08-11,CANCELED,,
2026-08-11T02:06:22Z,1810132026-08-10,18101,2026-08-10,CANCELED,,
2026-08-11T02:06:22Z,1810142026-08-10,18101,2026-08-10,CANCELED,,
2026-08-11T02:06:22Z,1810152026-08-10,18101,2026-08-10,CANCELED,,
2026-08-11T02:06:22Z,3709122026-08-10,37091,2026-08-10,CANCELED,,
2026-08-11T02:06:22Z,3709112026-08-10,37091,2026-08-10,CANCELED,,
2026-08-11T02:06:22Z,3739112026-08-10,37391,2026-08-10,CANCELED,,
2026-08-11T02:06:22Z,7187412026-08-10,71874,2026-08-10,CANCELED,,
2026-08-11T02:06:22Z,0027922026-08-11,00279,2026-08-11,CANCELED,,
2026-08-11T02:06:22Z,0027912026-08-11,00279,2026-08-11,CANCELED,,
2026-08-11T02:11:28Z,3727912026-08-10,37279,2026-08-10,CANCELED,,
2026-08-11T02:11:28Z,1722612026-08-10,17226,2026-08-10,CANCELED,,
2026-08-11T02:11:28Z,1565912026-08-10,15659,2026-08-10,CANCELED,,
2026-08-11T02:11:28Z,1803112026-08-10,18031,2026-08-10,CANCELED,,
2026-08-11T02:11:28Z,1817112026-08-10,18171,2026-08-10,CANCELED,,
2026-08-11T02:11:28Z,1803312026-08-10,18033,2026-08-10,CANCELED,,
2026-08-11T02:11:28Z,1803512026-08-10,18035,2026-08-10,CANCELED,,
2026-08-11T02:11:28Z,1704112026-08-10,17041,2026-08-10,CANCELED,,
2026-08-11T02:11:28Z,1803712026-08-10,18037,2026-08-10,CANCELED,,
2026-08-11T02:11:28Z,1721812026-08-10,17218,2026-08-10,CANCELED,,
2026-08-11T02:11:28Z,1804212026-08-10,18042,2026-08-10,CANCELED,,
2026-08-11T02:11:28Z,3821812026-08-10,38218,2026-08-10,CANCELED,,
2026-08-11T02:11:28Z,1804312026-08-10,18043,2026-08-10,CANCELED,,
2026-08-11T02:11:28Z,1722112026-08-10,17221,2026-08-10,CANCELED,,
2026-08-11T02:11:28Z,3822112026-08-10,38221,2026-08-10,CANCELED,,
2026-08-11T02:11:28Z,0029322026-08-11,00293,2026-08-11,CANCELED,,
2026-08-11T02:11:28Z,0029312026-08-11,00293,2026-08-11,CANCELED,,
2026-08-11T02:11:28Z,1810222026-08-10,18102,2026-08-10,CANCELED,,
2026-08-11T02:11:28Z,1810232026-08-10,18102,2026-08-10,CANCELED,,
2026-08-11T02:11:28Z,1810242026-08-10,18102,2026-08-10,CANCELED,,
2026-08-11T02:11:28Z,1810512026-08-10,18105,2026-08-10,CANCELED,,
2026-08-11T02:11:28Z,3709322026-08-10,37093,2026-08-10,CANCELED,,
2026-08-11T02:11:28Z,3709312026-08-10,37093,2026-08-10,CANCELED,,
2026-08-11T02:11:28Z,3810512026-08-10,38105,2026-08-10,CANCELED,,
2026-08-11T02:11:28Z,3739312026-08-10,37393,2026-08-10,CANCELED,,
2026-08-11T02:11:28Z,1821612026-08-10,18216,2026-08-10,CANCELED,,
2026-08-11T02:11:28Z,0080112026-08-11,00801,2026-08-11,CANCELED,,
2026-08-11T02:11:28Z,1821912026-08-10,18219,2026-08-10,CANCELED,,
2026-08-11T02:11:28Z,0029122026-08-11,00291,2026-08-11,CANCELED,,
2026-08-11T02:11:28Z,0029112026-08-11,00291,2026-08-11,CANCELED,,
2026-08-11T02:11:28Z,1810132026-08-10,18101,2026-08-10,CANCELED,,
2026-08-11T02:11:28Z,1810142026-08-10,18101,2026-08-10,CANCELED,,
2026-08-11T02:11:28Z,1810152026-08-10,18101,2026-08-10,CANCELED,,
2026-08-11T02:11:28Z,3709122026-08-10,37091,2026-08-10,CANCELED,,
2026-08-11T02:11:28Z,3709112026-08-10,37091,2026-08-10,CANCELED,,
2026-08-11T02:11:28Z,3739112026-08-10,37391,2026-08-10,CANCELED,,
2026-08-11T02:11:28Z,7187412026-08-10,71874,2026-08-10,CANCELED,,
2026-08-11T02:11:28Z,0027922026-08-11,00279,2026-08-11,CANCELED,,
2026-08-11T02:11:28Z,0027912026-08-11,00279,2026-08-11,CANCELED,,
2026-08-11T02:16:27Z,3727912026-08-10,37279,2026-08-10,CANCELED,,
2026-08-11T02:16:27Z,1722612026-08-10,17226,2026-08-10,CANCELED,,
2026-08-11T02:16:27Z,1565912026-08-10,15659,2026-08-10,CANCELED,,
2026-08-11T02:16:27Z,1803112026-08-10,18031,2026-08-10,CANCELED,,
2026-08-11T02:16:27Z,1817112026-08-10,18171,2026-08-10,CANCELED,,
2026-08-11T02:16:27Z,1803312026-08-10,18033,2026-08-10,CANCELED,,
2026-08-11T02:16:27Z,1704112026-08-10,17041,2026-08-10,CANCELED,,
2026-08-11T02:16:27Z,1803512026-08-10,18035,2026-08-10,CANCELED,,
2026-08-11T02:16:27Z,1721812026-08-10,17218,2026-08-10,CANCELED,,
2026-08-11T02:16:27Z,1803712026-08-10,18037,2026-08-10,CANCELED,,
2026-08-11T02:16:27Z,3821812026-08-10,38218,2026-08-10,CANCELED,,
2026-08-11T02:16:27Z,1804212026-08-10,18042,2026-08-10,CANCELED,,
2026-08-11T02:16:27Z,1722112026-08-10,17221,2026-08-10,CANCELED,,
2026-08-11T02:16:27Z,1804312026-08-10,18043,2026-08-10,CANCELED,,
2026-08-11T02:16:27Z,3822112026-08-10,38221,2026-08-10,CANCELED,,
2026-08-11T02:16:27Z,0029322026-08-11,00293,2026-08-11,CANCELED,,
2026-08-11T02:16:27Z,0029312026-08-11,00293,2026-08-11,CANCELED,,
2026-08-11T02:16:27Z,1810222026-08-10,18102,2026-08-10,CANCELED,,
2026-08-11T02:16:27Z,1810232026-08-10,18102,2026-08-10,CANCELED,,
2026-08-11T02:16:27Z,1810242026-08-10,18102,2026-08-10,CANCELED,,
2026-08-11T02:16:27Z,1810512026-08-10,18105,2026-08-10,CANCELED,,
2026-08-11T02:16:27Z,3709322026-08-10,37093,2026-08-10,CANCELED,,
2026-08-11T02:16:27Z,3709312026-08-10,37093,2026-08-10,CANCELED,,
2026-08-11T02:16:27Z,3810512026-08-10,38105,2026-08-10,CANCELED,,
2026-08-11T02:16:27Z,3739312026-08-10,37393,2026-08-10,CANCELED,,
2026-08-11T02:16:27Z,1821612026-08-10,18216,2026-08-10,CANCELED,,
2026-08-11T02:16:27Z,0080112026-08-11,00801,2026-08-11,CANCELED,,
2026-08-11T02:16:27Z,1821912026-08-10,18219,2026-08-10,CANCELED,,
2026-08-11T02:16:27Z,0029122026-08-11,00291,2026-08-11,CANCELED,,
2026-08-11T02:16:27Z,0029112026-08-11,00291,2026-08-11,CANCELED,,
2026-08-11T02:16:27Z,1810132026-08-10,18101,2026-08-10,CANCELED,,
2026-08-11T02:16:27Z,1810142026-08-10,18101,2026-08-10,CANCELED,,
2026-08-11T02:16:27Z,1810152026-08-10,18101,2026-08-10,CANCELED,,
2026-08-11T02:16:27Z,3709122026-08-10,37091,2026-08-10,CANCELED,,
2026-08-11T02:16:27Z,3709112026-08-10,37091,2026-08-10,CANCELED,,
2026-08-11T02:16:27Z,3739112026-08-10,37391,2026-08-10,CANCELED,,
2026-08-11T02:16:27Z,7187412026-08-10,71874,2026-08-10,CANCELED,,
2026-08-11T02:16:27Z,0027922026-08-11,00279,2026-08-11,CANCELED,,
2026-08-11T02:16:27Z,0027912026-08-11,00279,2026-08-11,CANCELED,,
2026-08-11T02:21:27Z,3727912026-08-10,37279,2026-08-10,CANCELED,,
2026-08-11T02:21:27Z,1722612026-08-10,17226,2026-08-10,CANCELED,,
2026-08-11T02:21:27Z,1565912026-08-10,15659,2026-08-10,CANCELED,,
2026-08-11T02:21:27Z,1803112026-08-10,18031,2026-08-10,CANCELED,,
2026-08-11T02:21:27Z,1803312026-08-10,18033,2026-08-10,CANCELED,,
2026-08-11T02:21:27Z,1817112026-08-10,18171,2026-08-10,CANCELED,,
2026-08-11T02:21:27Z,1803512026-08-10,18035,2026-08-10,CANCELED,,
2026-08-11T02:21:27Z,1704112026-08-10,17041,2026-08-10,CANCELED,,
2026-08-11T02:21:27Z,1803712026-08-10,18037,2026-08-10,CANCELED,,
2026-08-11T02:21:27Z,1721812026-08-10,17218,2026-08-10,CANCELED,,
2026-08-11T02:21:27Z,1804212026-08-10,18042,2026-08-10,CANCELED,,
2026-08-11T02:21:27Z,3821812026-08-10,38218,2026-08-10,CANCELED,,
2026-08-11T02:21:27Z,1804312026-08-10,18043,2026-08-10,CANCELED,,
2026-08-11T02:21:27Z,1722112026-08-10,17221,2026-08-10,CANCELED,,
2026-08-11T02:21:27Z,3822112026-08-10,38221,2026-08-10,CANCELED,,
2026-08-11T02:21:27Z,1810222026-08-10,18102,2026-08-10,CANCELED,,
2026-08-11T02:21:27Z,1810232026-08-10,18102,2026-08-10,CANCELED,,
2026-08-11T02:21:27Z,1810242026-08-10,18102,2026-08-10,CANCELED,,
2026-08-11T02:21:27Z,0029322026-08-11,00293,2026-08-11,CANCELED,,
2026-08-11T02:21:27Z,0029312026-08-11,00293,2026-08-11,CANCELED,,
2026-08-11T02:21:27Z,1810512026-08-10,18105,2026-08-10,CANCELED,,
2026-08-11T02:21:27Z,3810512026-08-10,38105,2026-08-10,CANCELED,,
2026-08-11T02:21:27Z,3709322026-08-10,37093,2026-08-10,CANCELED,,
2026-08-11T02:21:27Z,3709312026-08-10,37093,2026-08-10,CANCELED,,
2026-08-11T02:21:27Z,1821612026-08-10,18216,2026-08-10,CANCELED,,
2026-08-11T02:21:27Z,3739312026-08-10,37393,2026-08-10,CANCELED,,
2026-08-11T02:21:27Z,1821912026-08-10,18219,2026-08-10,CANCELED,,
2026-08-11T02:21:27Z,0080112026-08-11,00801,2026-08-11,CANCELED,,
2026-08-11T02:21:27Z,0029122026-08-11,00291,2026-08-11,CANCELED,,
2026-08-11T02:21:27Z,0029112026-08-11,00291,2026-08-11,CANCELED,,
2026-08-11T02:21:27Z,1810132026-08-10,18101,2026-08-10,CANCELED,,
2026-08-11T02:21:27Z,1810142026-08-10,18101,2026-08-10,CANCELED,,
2026-08-11T02:21:27Z,1810152026-08-10,18101,2026-08-10,CANCELED,,
2026-08-11T02:21:27Z,3709122026-08-10,37091,2026-08-10,CANCELED,,
2026-08-11T02:21:27Z,3709112026-08-10,37091,2026-08-10,CANCELED,,
2026-08-11T02:21:27Z,7187412026-08-10,71874,2026-08-10,CANCELED,,
2026-08-11T02:21:27Z,3739112026-08-10,37391,2026-08-10,CANCELED,,
2026-08-11T02:21:27Z,0027922026-08-11,00279,2026-08-11,CANCELED,,
2026-08-11T02:21:27Z,0027912026-08-11,00279,2026-08-11,CANCELED,,
2026-08-11T02:26:23Z,3727912026-08-10,37279,2026-08-10,CANCELED,,
2026-08-11T02:26:23Z,1722612026-08-10,17226,2026-08-10,CANCELED,,
2026-08-11T02:26:23Z,1803112026-08-10,18031,2026-08-10,CANCELED,,
2026-08-11T02:26:23Z,1565912026-08-10,15659,2026-08-10,CANCELED,,
2026-08-11T02:26:23Z,1803312026-08-10,18033,2026-08-10,CANCELED,,
2026-08-11T02:26:23Z,1817112026-08-10,18171,2026-08-10,CANCELED,,
2026-08-11T02:26:23Z,1803512026-08-10,18035,2026-08-10,CANCELED,,
2026-08-11T02:26:23Z,1704112026-08-10,17041,2026-08-10,CANCELED,,
2026-08-11T02:26:23Z,1721812026-08-10,17218,2026-08-10,CANCELED,,
2026-08-11T02:26:23Z,1803712026-08-10,18037,2026-08-10,CANCELED,,
2026-08-11T02:26:23Z,3821812026-08-10,38218,2026-08-10,CANCELED,,
2026-08-11T02:26:23Z,1804212026-08-10,18042,2026-08-10,CANCELED,,
2026-08-11T02:26:23Z,1722112026-08-10,17221,2026-08-10,CANCELED,,
2026-08-11T02:26:23Z,1804312026-08-10,18043,2026-08-10,CANCELED,,
2026-08-11T02:26:23Z,3822112026-08-10,38221,2026-08-10,CANCELED,,
2026-08-11T02:26:23Z,0029322026-08-11,00293,2026-08-11,CANCELED,,
2026-08-11T02:26:23Z,0029312026-08-11,00293,2026-08-11,CANCELED,,
2026-08-11T02:26:23Z,1810222026-08-10,18102,2026-08-10,CANCELED,,
2026-08-11T02:26:23Z,1810232026-08-10,18102,2026-08-10,CANCELED,,
2026-08-11T02:26:23Z,1810242026-08-10,18102,2026-08-10,CANCELED,,
2026-08-11T02:26:23Z,1810512026-08-10,18105,2026-08-10,CANCELED,,
2026-08-11T02:26:23Z,3709322026-08-10,37093,2026-08-10,CANCELED,,
2026-08-11T02:26:23Z,3709312026-08-10,37093,2026-08-10,CANCELED,,
2026-08-11T02:26:23Z,3810512026-08-10,38105,2026-08-10,CANCELED,,
2026-08-11T02:26:23Z,3739312026-08-10,37393,2026-08-10,CANCELED,,
2026-08-11T02:26:23Z,1821612026-08-10,18216,2026-08-10,CANCELED,,
2026-08-11T02:26:23Z,0080112026-08-11,00801,2026-08-11,CANCELED,,
2026-08-11T02:26:23Z,1821912026-08-10,18219,2026-08-10,CANCELED,,
2026-08-11T02:26:23Z,0029122026-08-11,00291,2026-08-11,CANCELED,,
2026-08-11T02:26:23Z,0029112026-08-11,00291,2026-08-11,CANCELED,,
2026-08-11T02:26:23Z,1810132026-08-10,18101,2026-08-10,CANCELED,,
2026-08-11T02:26:23Z,1810142026-08-10,18101,2026-08-10,CANCELED,,
2026-08-11T02:26:23Z,1810152026-08-10,18101,2026-08-10,CANCELED,,
2026-08-11T02:26:23Z,3709122026-08-10,37091,2026-08-10,CANCELED,,
2026-08-11T02:26:23Z,3709112026-08-10,37091,2026-08-10,CANCELED,,
2026-08-11T02:26:23Z,3739112026-08-10,37391,2026-08-10,CANCELED,,
2026-08-11T02:26:23Z,7187412026-08-10,71874,2026-08-10,CANCELED,,
2026-08-11T02:26:23Z,0027922026-08-11,00279,2026-08-11,CANCELED,,
2026-08-11T02:26:23Z,0027912026-08-11,00279,2026-08-11,CANCELED,,
2026-08-11T02:31:42Z,1722612026-08-10,17226,2026-08-10,CANCELED,,
2026-08-11T02:31:42Z,3727912026-08-10,37279,2026-08-10,CANCELED,,
2026-08-11T02:31:42Z,1565912026-08-10,15659,2026-08-10,CANCELED,,
2026-08-11T02:31:42Z,1803112026-08-10,18031,2026-08-10,CANCELED,,
2026-08-11T02:31:42Z,1817112026-08-10,18171,2026-08-10,CANCELED,,
2026-08-11T02:31:42Z,1803312026-08-10,18033,2026-08-10,CANCELED,,
2026-08-11T02:31:42Z,1704112026-08-10,17041,2026-08-10,CANCELED,,
2026-08-11T02:31:42Z,1803512026-08-10,18035,2026-08-10,CANCELED,,
2026-08-11T02:31:42Z,1721812026-08-10,17218,2026-08-10,CANCELED,,
2026-08-11T02:31:42Z,1803712026-08-10,18037,2026-08-10,CANCELED,,
2026-08-11T02:31:42Z,3821812026-08-10,38218,2026-08-10,CANCELED,,
2026-08-11T02:31:42Z,1804212026-08-10,18042,2026-08-10,CANCELED,,
2026-08-11T02:31:42Z,1722112026-08-10,17221,2026-08-10,CANCELED,,
2026-08-11T02:31:42Z,1804312026-08-10,18043,2026-08-10,CANCELED,,
2026-08-11T02:31:42Z,3822112026-08-10,38221,2026-08-10,CANCELED,,
2026-08-11T02:31:42Z,0029322026-08-11,00293,2026-08-11,CANCELED,,
2026-08-11T02:31:42Z,0029312026-08-11,00293,2026-08-11,CANCELED,,
2026-08-11T02:31:42Z,1810222026-08-10,18102,2026-08-10,CANCELED,,
2026-08-11T02:31:42Z,1810232026-08-10,18102,2026-08-10,CANCELED,,
2026-08-11T02:31:42Z,1810242026-08-10,18102,2026-08-10,CANCELED,,
2026-08-11T02:31:42Z,1810512026-08-10,18105,2026-08-10,CANCELED,,
2026-08-11T02:31:42Z,3709322026-08-10,37093,2026-08-10,CANCELED,,
2026-08-11T02:31:42Z,3709312026-08-10,37093,2026-08-10,CANCELED,,
2026-08-11T02:31:42Z,3810512026-08-10,38105,2026-08-10,CANCELED,,
2026-08-11T02:31:42Z,3739312026-08-10,37393,2026-08-10,CANCELED,,
2026-08-11T02:31:42Z,1821612026-08-10,18216,2026-08-10,CANCELED,,
2026-08-11T02:31:42Z,0080112026-08-11,00801,2026-08-11,CANCELED,,
2026-08-11T02:31:42Z,1821912026-08-10,18219,2026-08-10,CANCELED,,
2026-08-11T02:31:42Z,0029122026-08-11,00291,2026-08-11,CANCELED,,
2026-08-11T02:31:42Z,0029112026-08-11,00291,2026-08-11,CANCELED,,
2026-08-11T02:31:42Z,1810132026-08-10,18101,2026-08-10,CANCELED,,
2026-08-11T02:31:42Z,1810142026-08-10,18101,2026-08-10,CANCELED,,
2026-08-11T02:31:42Z,1810152026-08-10,18101,2026-08-10,CANCELED,,
2026-08-11T02:31:42Z,3709122026-08-10,37091,2026-08-10,CANCELED,,
2026-08-11T02:31:42Z,3709112026-08-10,37091,2026-08-10,CANCELED,,
2026-08-11T02:31:42Z,3739112026-08-10,37391,2026-08-10,CANCELED,,
2026-08-11T02:31:42Z,7187412026-08-10,71874,2026-08-10,CANCELED,,
2026-08-11T02:31:42Z,0027922026-08-11,00279,2026-08-11,CANCELED,,
2026-08-11T02:31:42Z,0027912026-08-11,00279,2026-08-11,CANCELED,,
2026-08-11T02:36:22Z,3727912026-08-10,37279,2026-08-10,CANCELED,,
2026-08-11T02:36:22Z,1722612026-08-10,17226,2026-08-10,CANCELED,,
2026-08-11T02:36:22Z,1803112026-08-10,18031,2026-08-10,CANCELED,,
2026-08-11T02:36:22Z,1565912026-08-10,15659,2026-08-10,CANCELED,,
2026-08-11T02:36:22Z,1803312026-08-10,18033,2026-08-10,CANCELED,,
2026-08-11T02:36:22Z,1817112026-08-10,18171,2026-08-10,CANCELED,,
2026-08-11T02:36:22Z,1803512026-08-10,18035,2026-08-10,CANCELED,,
2026-08-11T02:36:22Z,1704112026-08-10,17041,2026-08-10,CANCELED,,
2026-08-11T02:36:22Z,1803712026-08-10,18037,2026-08-10,CANCELED,,
2026-08-11T02:36:22Z,1721812026-08-10,17218,2026-08-10,CANCELED,,
2026-08-11T02:36:22Z,1804212026-08-10,18042,2026-08-10,CANCELED,,
2026-08-11T02:36:22Z,3821812026-08-10,38218,2026-08-10,CANCELED,,
2026-08-11T02:36:22Z,1804312026-08-10,18043,2026-08-10,CANCELED,,
2026-08-11T02:36:22Z,1722112026-08-10,17221,2026-08-10,CANCELED,,
2026-08-11T02:36:22Z,3822112026-08-10,38221,2026-08-10,CANCELED,,
2026-08-11T02:36:22Z,1810222026-08-10,18102,2026-08-10,CANCELED,,
2026-08-11T02:36:22Z,1810232026-08-10,18102,2026-08-10,CANCELED,,
2026-08-11T02:36:22Z,1810242026-08-10,18102,2026-08-10,CANCELED,,
2026-08-11T02:36:22Z,0029322026-08-11,00293,2026-08-11,CANCELED,,
2026-08-11T02:36:22Z,0029312026-08-11,00293,2026-08-11,CANCELED,,
2026-08-11T02:36:22Z,1810512026-08-10,18105,2026-08-10,CANCELED,,
2026-08-11T02:36:22Z,3810512026-08-10,38105,2026-08-10,CANCELED,,
2026-08-11T02:36:22Z,3709322026-08-10,37093,2026-08-10,CANCELED,,
2026-08-11T02:36:22Z,3709312026-08-10,37093,2026-08-10,CANCELED,,
2026-08-11T02:36:22Z,1821612026-08-10,18216,2026-08-10,CANCELED,,
2026-08-11T02:36:22Z,3739312026-08-10,37393,2026-08-10,CANCELED,,
2026-08-11T02:36:22Z,1821912026-08-10,18219,2026-08-10,CANCELED,,
2026-08-11T02:36:22Z,0080112026-08-11,00801,2026-08-11,CANCELED,,
2026-08-11T02:36:22Z,0029122026-08-11,00291,2026-08-11,CANCELED,,
2026-08-11T02:36:22Z,0029112026-08-11,00291,2026-08-11,CANCELED,,
2026-08-11T02:36:22Z,1810132026-08-10,18101,2026-08-10,CANCELED,,
2026-08-11T02:36:22Z,1810142026-08-10,18101,2026-08-10,CANCELED,,
2026-08-11T02:36:22Z,1810152026-08-10,18101,2026-08-10,CANCELED,,
2026-08-11T02:36:22Z,3709122026-08-10,37091,2026-08-10,CANCELED,,
2026-08-11T02:36:22Z,3709112026-08-10,37091,2026-08-10,CANCELED,,
2026-08-11T02:36:22Z,7187412026-08-10,71874,2026-08-10,CANCELED,,
2026-08-11T02:36:22Z,3739112026-08-10,37391,2026-08-10,CANCELED,,
2026-08-11T02:36:22Z,0027922026-08-11,00279,2026-08-11,CANCELED,,
2026-08-11T02:36:22Z,0027912026-08-11,00279,2026-08-11,CANCELED,,
2026-08-11T02:38:31Z,1722612026-08-10,17226,2026-08-10,CANCELED,,
2026-08-11T02:38:31Z,3727912026-08-10,37279,2026-08-10,CANCELED,,
2026-08-11T02:38:31Z,1803112026-08-10,18031,2026-08-10,CANCELED,,
2026-08-11T02:38:31Z,1565912026-08-10,15659,2026-08-10,CANCELED,,
2026-08-11T02:38:31Z,1803312026-08-10,18033,2026-08-10,CANCELED,,
2026-08-11T02:38:31Z,1817112026-08-10,18171,2026-08-10,CANCELED,,
2026-08-11T02:38:31Z,1704112026-08-10,17041,2026-08-10,CANCELED,,
2026-08-11T02:38:31Z,1803512026-08-10,18035,2026-08-10,CANCELED,,
2026-08-11T02:38:31Z,1803712026-08-10,18037,2026-08-10,CANCELED,,
2026-08-11T02:38:31Z,1721812026-08-10,17218,2026-08-10,CANCELED,,
2026-08-11T02:38:31Z,1804212026-08-10,18042,2026-08-10,CANCELED,,
2026-08-11T02:38:31Z,3821812026-08-10,38218,2026-08-10,CANCELED,,
2026-08-11T02:38:31Z,1804312026-08-10,18043,2026-08-10,CANCELED,,
2026-08-11T02:38:31Z,1722112026-08-10,17221,2026-08-10,CANCELED,,
2026-08-11T02:38:31Z,3822112026-08-10,38221,2026-08-10,CANCELED,,
2026-08-11T02:38:31Z,0029322026-08-11,00293,2026-08-11,CANCELED,,
2026-08-11T02:38:31Z,0029312026-08-11,00293,2026-08-11,CANCELED,,
2026-08-11T02:38:31Z,1810222026-08-10,18102,2026-08-10,CANCELED,,
2026-08-11T02:38:31Z,1810232026-08-10,18102,2026-08-10,CANCELED,,
2026-08-11T02:38:31Z,1810242026-08-10,18102,2026-08-10,CANCELED,,
2026-08-11T02:38:31Z,1810512026-08-10,18105,2026-08-10,CANCELED,,
2026-08-11T02:38:31Z,3709322026-08-10,37093,2026-08-10,CANCELED,,
2026-08-11T02:38:31Z,3709312026-08-10,37093,2026-08-10,CANCELED,,
2026-08-11T02:38:31Z,3810512026-08-10,38105,2026-08-10,CANCELED,,
2026-08-11T02:38:31Z,3739312026-08-10,37393,2026-08-10,CANCELED,,
2026-08-11T02:38:31Z,1821612026-08-10,18216,2026-08-10,CANCELED,,
2026-08-11T02:38:31Z,0080112026-08-11,00801,2026-08-11,CANCELED,,
2026-08-11T02:38:31Z,1821912026-08-10,18219,2026-08-10,CANCELED,,
2026-08-11T02:38:31Z,0029122026-08-11,00291,2026-08-11,CANCELED,,
2026-08-11T02:38:31Z,0029112026-08-11,00291,2026-08-11,CANCELED,,
2026-08-11T02:38:31Z,1810132026-08-10,18101,2026-08-10,CANCELED,,
2026-08-11T02:38:31Z,1810142026-08-10,18101,2026-08-10,CANCELED,,
2026-08-11T02:38:31Z,1810152026-08-10,18101,2026-08-10,CANCELED,,
2026-08-11T02:38:31Z,3709122026-08-10,37091,2026-08-10,CANCELED,,
2026-08-11T02:38:31Z,3709112026-08-10,37091,2026-08-10,CANCELED,,
2026-08-11T02:38:31Z,7187412026-08-10,71874,2026-08-10,CANCELED,,
2026-08-11T02:38:31Z,3739112026-08-10,37391,2026-08-10,CANCELED,,
2026-08-11T02:38:31Z,0027922026-08-11,00279,2026-08-11,CANCELED,,
2026-08-11T02:38:31Z,0027912026-08-11,00279,2026-08-11,CANCELED,,
2026-08-11T02:41:24Z,1722612026-08-10,17226,2026-08-10,CANCELED,,
2026-08-11T02:41:24Z,3727912026-08-10,37279,2026-08-10,CANCELED,,
2026-08-11T02:41:24Z,1565912026-08-10,15659,2026-08-10,CANCELED,,
2026-08-11T02:41:24Z,1803112026-08-10,18031,2026-08-10,CANCELED,,
2026-08-11T02:41:24Z,1817112026-08-10,18171,2026-08-10,CANCELED,,
2026-08-11T02:41:24Z,1803312026-08-10,18033,2026-08-10,CANCELED,,
2026-08-11T02:41:24Z,1704112026-08-10,17041,2026-08-10,CANCELED,,
2026-08-11T02:41:24Z,1803512026-08-10,18035,2026-08-10,CANCELED,,
2026-08-11T02:41:24Z,1721812026-08-10,17218,2026-08-10,CANCELED,,
2026-08-11T02:41:24Z,1803712026-08-10,18037,2026-08-10,CANCELED,,
2026-08-11T02:41:24Z,3821812026-08-10,38218,2026-08-10,CANCELED,,
2026-08-11T02:41:24Z,1804212026-08-10,18042,2026-08-10,CANCELED,,
2026-08-11T02:41:24Z,1804312026-08-10,18043,2026-08-10,CANCELED,,
2026-08-11T02:41:24Z,1722112026-08-10,17221,2026-08-10,CANCELED,,
2026-08-11T02:41:24Z,3822112026-08-10,38221,2026-08-10,CANCELED,,
2026-08-11T02:41:24Z,0029322026-08-11,00293,2026-08-11,CANCELED,,
2026-08-11T02:41:24Z,0029312026-08-11,00293,2026-08-11,CANCELED,,
2026-08-11T02:41:24Z,1810222026-08-10,18102,2026-08-10,CANCELED,,
2026-08-11T02:41:24Z,1810232026-08-10,18102,2026-08-10,CANCELED,,
2026-08-11T02:41:24Z,1810242026-08-10,18102,2026-08-10,CANCELED,,
2026-08-11T02:41:24Z,1810512026-08-10,18105,2026-08-10,CANCELED,,
2026-08-11T02:41:24Z,3709322026-08-10,37093,2026-08-10,CANCELED,,
2026-08-11T02:41:24Z,3709312026-08-10,37093,2026-08-10,CANCELED,,
2026-08-11T02:41:24Z,3810512026-08-10,38105,2026-08-10,CANCELED,,
2026-08-11T02:41:24Z,3739312026-08-10,37393,2026-08-10,CANCELED,,
2026-08-11T02:41:24Z,1821612026-08-10,18216,2026-08-10,CANCELED,,
2026-08-11T02:41:24Z,0080112026-08-11,00801,2026-08-11,CANCELED,,
2026-08-11T02:41:24Z,1821912026-08-10,18219,2026-08-10,CANCELED,,
2026-08-11T02:41:24Z,0029122026-08-11,00291,2026-08-11,CANCELED,,
2026-08-11T02:41:24Z,0029112026-08-11,00291,2026-08-11,CANCELED,,
2026-08-11T02:41:24Z,1810132026-08-10,18101,2026-08-10,CANCELED,,
2026-08-11T02:41:24Z,1810142026-08-10,18101,2026-08-10,CANCELED,,
2026-08-11T02:41:24Z,1810152026-08-10,18101,2026-08-10,CANCELED,,
2026-08-11T02:41:24Z,3709122026-08-10,37091,2026-08-10,CANCELED,,
2026-08-11T02:41:24Z,3709112026-08-10,37091,2026-08-10,CANCELED,,
2026-08-11T02:41:24Z,3739112026-08-10,37391,2026-08-10,CANCELED,,
2026-08-11T02:41:24Z,7187412026-08-10,71874,2026-08-10,CANCELED,,
2026-08-11T02:41:24Z,0027922026-08-11,00279,2026-08-11,CANCELED,,
2026-08-11T02:41:24Z,0027912026-08-11,00279,2026-08-11,CANCELED,,
2026-08-11T02:46:37Z,3727912026-08-10,37279,2026-08-10,CANCELED,,
2026-08-11T02:46:37Z,1722612026-08-10,17226,2026-08-10,CANCELED,,
2026-08-11T02:46:37Z,1565912026-08-10,15659,2026-08-10,CANCELED,,
2026-08-11T02:46:37Z,1803112026-08-10,18031,2026-08-10,CANCELED,,
2026-08-11T02:46:37Z,1817112026-08-10,18171,2026-08-10,CANCELED,,
2026-08-11T02:46:37Z,1803312026-08-10,18033,2026-08-10,CANCELED,,
2026-08-11T02:46:37Z,1704112026-08-10,17041,2026-08-10,CANCELED,,
2026-08-11T02:46:37Z,1803512026-08-10,18035,2026-08-10,CANCELED,,
2026-08-11T02:46:37Z,1721812026-08-10,17218,2026-08-10,CANCELED,,
2026-08-11T02:46:37Z,1803712026-08-10,18037,2026-08-10,CANCELED,,
2026-08-11T02:46:37Z,3821812026-08-10,38218,2026-08-10,CANCELED,,
2026-08-11T02:46:37Z,1804212026-08-10,18042,2026-08-10,CANCELED,,
2026-08-11T02:46:37Z,1722112026-08-10,17221,2026-08-10,CANCELED,,
2026-08-11T02:46:37Z,1804312026-08-10,18043,2026-08-10,CANCELED,,
2026-08-11T02:46:37Z,3822112026-08-10,38221,2026-08-10,CANCELED,,
2026-08-11T02:46:37Z,0029322026-08-11,00293,2026-08-11,CANCELED,,
2026-08-11T02:46:37Z,0029312026-08-11,00293,2026-08-11,CANCELED,,
2026-08-11T02:46:37Z,1810222026-08-10,18102,2026-08-10,CANCELED,,
2026-08-11T02:46:37Z,1810232026-08-10,18102,2026-08-10,CANCELED,,
2026-08-11T02:46:37Z,1810242026-08-10,18102,2026-08-10,CANCELED,,
2026-08-11T02:46:37Z,1810512026-08-10,18105,2026-08-10,CANCELED,,
2026-08-11T02:46:37Z,3709322026-08-10,37093,2026-08-10,CANCELED,,
2026-08-11T02:46:37Z,3709312026-08-10,37093,2026-08-10,CANCELED,,
2026-08-11T02:46:37Z,3810512026-08-10,38105,2026-08-10,CANCELED,,
2026-08-11T02:46:37Z,3739312026-08-10,37393,2026-08-10,CANCELED,,
2026-08-11T02:46:37Z,1821612026-08-10,18216,2026-08-10,CANCELED,,
2026-08-11T02:46:37Z,0080112026-08-11,00801,2026-08-11,CANCELED,,
2026-08-11T02:46:37Z,1821912026-08-10,18219,2026-08-10,CANCELED,,
2026-08-11T02:46:37Z,0029122026-08-11,00291,2026-08-11,CANCELED,,
2026-08-11T02:46:37Z,0029112026-08-11,00291,2026-08-11,CANCELED,,
2026-08-11T02:46:37Z,1810132026-08-10,18101,2026-08-10,CANCELED,,
2026-08-11T02:46:37Z,1810142026-08-10,18101,2026-08-10,CANCELED,,
2026-08-11T02:46:37Z,1810152026-08-10,18101,2026-08-10,CANCELED,,
2026-08-11T02:46:37Z,3709122026-08-10,37091,2026-08-10,CANCELED,,
2026-08-11T02:46:37Z,3709112026-08-10,37091,2026-08-10,CANCELED,,
2026-08-11T02:46:37Z,3739112026-08-10,37391,2026-08-10,CANCELED,,
2026-08-11T02:46:37Z,7187412026-08-10,71874,2026-08-10,CANCELED,,
2026-08-11T02:46:37Z,0027922026-08-11,00279,2026-08-11,CANCELED,,
2026-08-11T02:46:37Z,0027912026-08-11,00279,2026-08-11,CANCELED,,
2026-08-11T02:51:34Z,1722612026-08-10,17226,2026-08-10,CANCELED,,
2026-08-11T02:51:34Z,3727912026-08-10,37279,2026-08-10,CANCELED,,
2026-08-11T02:51:34Z,1803112026-08-10,18031,2026-08-10,CANCELED,,
2026-08-11T02:51:34Z,1565912026-08-10,15659,2026-08-10,CANCELED,,
2026-08-11T02:51:34Z,1803312026-08-10,18033,2026-08-10,CANCELED,,
2026-08-11T02:51:34Z,1817112026-08-10,18171,2026-08-10,CANCELED,,
2026-08-11T02:51:34Z,1803512026-08-10,18035,2026-08-10,CANCELED,,
2026-08-11T02:51:34Z,1704112026-08-10,17041,2026-08-10,CANCELED,,
2026-08-11T02:51:34Z,1803712026-08-10,18037,2026-08-10,CANCELED,,
2026-08-11T02:51:34Z,1721812026-08-10,17218,2026-08-10,CANCELED,,
2026-08-11T02:51:34Z,1804212026-08-10,18042,2026-08-10,CANCELED,,
2026-08-11T02:51:34Z,3821812026-08-10,38218,2026-08-10,CANCELED,,
2026-08-11T02:51:34Z,1804312026-08-10,18043,2026-08-10,CANCELED,,
2026-08-11T02:51:34Z,1722112026-08-10,17221,2026-08-10,CANCELED,,
2026-08-11T02:51:34Z,3822112026-08-10,38221,2026-08-10,CANCELED,,
2026-08-11T02:51:34Z,1810222026-08-10,18102,2026-08-10,CANCELED,,
2026-08-11T02:51:34Z,1810232026-08-10,18102,2026-08-10,CANCELED,,
2026-08-11T02:51:34Z,1810242026-08-10,18102,2026-08-10,CANCELED,,
2026-08-11T02:51:34Z,0029322026-08-11,00293,2026-08-11,CANCELED,,
2026-08-11T02:51:34Z,0029312026-08-11,00293,2026-08-11,CANCELED,,
2026-08-11T02:51:34Z,1810512026-08-10,18105,2026-08-10,CANCELED,,
2026-08-11T02:51:34Z,3810512026-08-10,38105,2026-08-10,CANCELED,,
2026-08-11T02:51:34Z,3709322026-08-10,37093,2026-08-10,CANCELED,,
2026-08-11T02:51:34Z,3709312026-08-10,37093,2026-08-10,CANCELED,,
2026-08-11T02:51:34Z,1821612026-08-10,18216,2026-08-10,CANCELED,,
2026-08-11T02:51:34Z,3739312026-08-10,37393,2026-08-10,CANCELED,,
2026-08-11T02:51:34Z,1821912026-08-10,18219,2026-08-10,CANCELED,,
2026-08-11T02:51:34Z,0080112026-08-11,00801,2026-08-11,CANCELED,,
2026-08-11T02:51:34Z,0029122026-08-11,00291,2026-08-11,CANCELED,,
2026-08-11T02:51:34Z,0029112026-08-11,00291,2026-08-11,CANCELED,,
2026-08-11T02:51:34Z,1810132026-08-10,18101,2026-08-10,CANCELED,,
2026-08-11T02:51:34Z,1810142026-08-10,18101,2026-08-10,CANCELED,,
2026-08-11T02:51:34Z,1810152026-08-10,18101,2026-08-10,CANCELED,,
2026-08-11T02:51:34Z,3709122026-08-10,37091,2026-08-10,CANCELED,,
2026-08-11T02:51:34Z,3709112026-08-10,37091,2026-08-10,CANCELED,,
2026-08-11T02:51:34Z,7187412026-08-10,71874,2026-08-10,CANCELED,,
2026-08-11T02:51:34Z,3739112026-08-10,37391,2026-08-10,CANCELED,,
2026-08-11T02:51:34Z,0027922026-08-11,00279,2026-08-11,CANCELED,,
2026-08-11T02:51:34Z,0027912026-08-11,00279,2026-08-11,CANCELED,,
2026-08-11T02:56:24Z,1722612026-08-10,17226,2026-08-10,CANCELED,,
2026-08-11T02:56:24Z,3727912026-08-10,37279,2026-08-10,CANCELED,,
2026-08-11T02:56:24Z,1803112026-08-10,18031,2026-08-10,CANCELED,,
2026-08-11T02:56:24Z,1565912026-08-10,15659,2026-08-10,CANCELED,,
2026-08-11T02:56:24Z,1803312026-08-10,18033,2026-08-10,CANCELED,,
2026-08-11T02:56:24Z,1817112026-08-10,18171,2026-08-10,CANCELED,,
2026-08-11T02:56:24Z,1803512026-08-10,18035,2026-08-10,CANCELED,,
2026-08-11T02:56:24Z,1704112026-08-10,17041,2026-08-10,CANCELED,,
2026-08-11T02:56:24Z,1803712026-08-10,18037,2026-08-10,CANCELED,,
2026-08-11T02:56:24Z,1721812026-08-10,17218,2026-08-10,CANCELED,,
2026-08-11T02:56:24Z,1804212026-08-10,18042,2026-08-10,CANCELED,,
2026-08-11T02:56:24Z,3821812026-08-10,38218,2026-08-10,CANCELED,,
2026-08-11T02:56:24Z,1804312026-08-10,18043,2026-08-10,CANCELED,,
2026-08-11T02:56:24Z,1722112026-08-10,17221,2026-08-10,CANCELED,,
2026-08-11T02:56:24Z,3822112026-08-10,38221,2026-08-10,CANCELED,,
2026-08-11T02:56:24Z,1810222026-08-10,18102,2026-08-10,CANCELED,,
2026-08-11T02:56:24Z,1810232026-08-10,18102,2026-08-10,CANCELED,,
2026-08-11T02:56:24Z,1810242026-08-10,18102,2026-08-10,CANCELED,,
2026-08-11T02:56:24Z,0029322026-08-11,00293,2026-08-11,CANCELED,,
2026-08-11T02:56:24Z,0029312026-08-11,00293,2026-08-11,CANCELED,,
2026-08-11T02:56:24Z,1810512026-08-10,18105,2026-08-10,CANCELED,,
2026-08-11T02:56:24Z,3810512026-08-10,38105,2026-08-10,CANCELED,,
2026-08-11T02:56:24Z,3709322026-08-10,37093,2026-08-10,CANCELED,,
2026-08-11T02:56:24Z,3709312026-08-10,37093,2026-08-10,CANCELED,,
2026-08-11T02:56:24Z,1821612026-08-10,18216,2026-08-10,CANCELED,,
2026-08-11T02:56:24Z,3739312026-08-10,37393,2026-08-10,CANCELED,,
2026-08-11T02:56:24Z,1821912026-08-10,18219,2026-08-10,CANCELED,,
2026-08-11T02:56:24Z,0080112026-08-11,00801,2026-08-11,CANCELED,,
2026-08-11T02:56:24Z,0029122026-08-11,00291,2026-08-11,CANCELED,,
2026-08-11T02:56:24Z,0029112026-08-11,00291,2026-08-11,CANCELED,,
2026-08-11T02:56:24Z,1810132026-08-10,18101,2026-08-10,CANCELED,,
2026-08-11T02:56:24Z,1810142026-08-10,18101,2026-08-10,CANCELED,,
2026-08-11T02:56:24Z,1810152026-08-10,18101,2026-08-10,CANCELED,,
2026-08-11T02:56:24Z,3709122026-08-10,37091,2026-08-10,CANCELED,,
2026-08-11T02:56:24Z,3709112026-08-10,37091,2026-08-10,CANCELED,,
2026-08-11T02:56:24Z,7187412026-08-10,71874,2026-08-10,CANCELED,,
2026-08-11T02:56:24Z,3739112026-08-10,37391,2026-08-10,CANCELED,,
2026-08-11T02:56:24Z,0027922026-08-11,00279,2026-08-11,CANCELED,,
2026-08-11T02:56:24Z,0027912026-08-11,00279,2026-08-11,CANCELED,,
2026-08-11T03:01:58Z,3727912026-08-10,37279,2026-08-10,CANCELED,,
2026-08-11T03:01:58Z,1722612026-08-10,17226,2026-08-10,CANCELED,,
2026-08-11T03:01:58Z,1565912026-08-10,15659,2026-08-10,CANCELED,,
2026-08-11T03:01:58Z,1803112026-08-10,18031,2026-08-10,CANCELED,,
2026-08-11T03:01:58Z,1817112026-08-10,18171,2026-08-10,CANCELED,,
2026-08-11T03:01:58Z,1803312026-08-10,18033,2026-08-10,CANCELED,,
2026-08-11T03:01:58Z,1704112026-08-10,17041,2026-08-10,CANCELED,,
2026-08-11T03:01:58Z,1803512026-08-10,18035,2026-08-10,CANCELED,,
2026-08-11T03:01:58Z,1721812026-08-10,17218,2026-08-10,CANCELED,,
2026-08-11T03:01:58Z,1803712026-08-10,18037,2026-08-10,CANCELED,,
2026-08-11T03:01:58Z,3821812026-08-10,38218,2026-08-10,CANCELED,,
2026-08-11T03:01:58Z,1804212026-08-10,18042,2026-08-10,CANCELED,,
2026-08-11T03:01:58Z,1722112026-08-10,17221,2026-08-10,CANCELED,,
2026-08-11T03:01:58Z,1804312026-08-10,18043,2026-08-10,CANCELED,,
2026-08-11T03:01:58Z,3822112026-08-10,38221,2026-08-10,CANCELED,,
2026-08-11T03:01:58Z,1810222026-08-10,18102,2026-08-10,CANCELED,,
2026-08-11T03:01:58Z,1810232026-08-10,18102,2026-08-10,CANCELED,,
2026-08-11T03:01:58Z,1810242026-08-10,18102,2026-08-10,CANCELED,,
2026-08-11T03:01:58Z,0029322026-08-11,00293,2026-08-11,CANCELED,,
2026-08-11T03:01:58Z,0029312026-08-11,00293,2026-08-11,CANCELED,,
2026-08-11T03:01:58Z,1810512026-08-10,18105,2026-08-10,CANCELED,,
2026-08-11T03:01:58Z,3810512026-08-10,38105,2026-08-10,CANCELED,,
2026-08-11T03:01:58Z,3709322026-08-10,37093,2026-08-10,CANCELED,,
2026-08-11T03:01:58Z,3709312026-08-10,37093,2026-08-10,CANCELED,,
2026-08-11T03:01:58Z,1821612026-08-10,18216,2026-08-10,CANCELED,,
2026-08-11T03:01:58Z,3739312026-08-10,37393,2026-08-10,CANCELED,,
2026-08-11T03:01:58Z,1821912026-08-10,18219,2026-08-10,CANCELED,,
2026-08-11T03:01:58Z,0080112026-08-11,00801,2026-08-11,CANCELED,,
2026-08-11T03:01:58Z,0029122026-08-11,00291,2026-08-11,CANCELED,,
2026-08-11T03:01:58Z,0029112026-08-11,00291,2026-08-11,CANCELED,,
2026-08-11T03:01:58Z,1810132026-08-10,18101,2026-08-10,CANCELED,,
2026-08-11T03:01:58Z,1810142026-08-10,18101,2026-08-10,CANCELED,,
2026-08-11T03:01:58Z,1810152026-08-10,18101,2026-08-10,CANCELED,,
2026-08-11T03:01:58Z,3709122026-08-10,37091,2026-08-10,CANCELED,,
2026-08-11T03:01:58Z,3709112026-08-10,37091,2026-08-10,CANCELED,,
2026-08-11T03:01:58Z,7187412026-08-10,71874,2026-08-10,CANCELED,,
2026-08-11T03:01:58Z,3739112026-08-10,37391,2026-08-10,CANCELED,,
2026-08-11T03:01:58Z,0027922026-08-11,00279,2026-08-11,CANCELED,,
2026-08-11T03:01:58Z,0027912026-08-11,00279,2026-08-11,CANCELED,,
2026-08-11T03:06:31Z,3727912026-08-10,37279,2026-08-10,CANCELED,,
2026-08-11T03:06:31Z,1722612026-08-10,17226,2026-08-10,CANCELED,,
2026-08-11T03:06:31Z,1803112026-08-10,18031,2026-08-10,CANCELED,,
2026-08-11T03:06:31Z,1565912026-08-10,15659,2026-08-10,CANCELED,,
2026-08-11T03:06:31Z,1803312026-08-10,18033,2026-08-10,CANCELED,,
2026-08-11T03:06:31Z,1817112026-08-10,18171,2026-08-10,CANCELED,,
2026-08-11T03:06:31Z,1803512026-08-10,18035,2026-08-10,CANCELED,,
2026-08-11T03:06:31Z,1704112026-08-10,17041,2026-08-10,CANCELED,,
2026-08-11T03:06:31Z,1803712026-08-10,18037,2026-08-10,CANCELED,,
2026-08-11T03:06:31Z,1721812026-08-10,17218,2026-08-10,CANCELED,,
2026-08-11T03:06:31Z,1804212026-08-10,18042,2026-08-10,CANCELED,,
2026-08-11T03:06:31Z,3821812026-08-10,38218,2026-08-10,CANCELED,,
2026-08-11T03:06:31Z,1804312026-08-10,18043,2026-08-10,CANCELED,,
2026-08-11T03:06:31Z,1722112026-08-10,17221,2026-08-10,CANCELED,,
2026-08-11T03:06:31Z,3822112026-08-10,38221,2026-08-10,CANCELED,,
2026-08-11T03:06:31Z,1810222026-08-10,18102,2026-08-10,CANCELED,,
2026-08-11T03:06:31Z,1810232026-08-10,18102,2026-08-10,CANCELED,,
2026-08-11T03:06:31Z,1810242026-08-10,18102,2026-08-10,CANCELED,,
2026-08-11T03:06:31Z,0029322026-08-11,00293,2026-08-11,CANCELED,,
2026-08-11T03:06:31Z,0029312026-08-11,00293,2026-08-11,CANCELED,,
2026-08-11T03:06:31Z,1810512026-08-10,18105,2026-08-10,CANCELED,,
2026-08-11T03:06:31Z,3810512026-08-10,38105,2026-08-10,CANCELED,,
2026-08-11T03:06:31Z,3709322026-08-10,37093,2026-08-10,CANCELED,,
2026-08-11T03:06:31Z,3709312026-08-10,37093,2026-08-10,CANCELED,,
2026-08-11T03:06:31Z,1821612026-08-10,18216,2026-08-10,CANCELED,,
2026-08-11T03:06:31Z,3739312026-08-10,37393,2026-08-10,CANCELED,,
2026-08-11T03:06:31Z,1821912026-08-10,18219,2026-08-10,CANCELED,,
2026-08-11T03:06:31Z,0080112026-08-11,00801,2026-08-11,CANCELED,,
2026-08-11T03:06:31Z,0029122026-08-11,00291,2026-08-11,CANCELED,,
2026-08-11T03:06:31Z,0029112026-08-11,00291,2026-08-11,CANCELED,,
2026-08-11T03:06:31Z,1810132026-08-10,18101,2026-08-10,CANCELED,,
2026-08-11T03:06:31Z,1810142026-08-10,18101,2026-08-10,CANCELED,,
2026-08-11T03:06:31Z,1810152026-08-10,18101,2026-08-10,CANCELED,,
2026-08-11T03:06:31Z,3709122026-08-10,37091,2026-08-10,CANCELED,,
2026-08-11T03:06:31Z,3709112026-08-10,37091,2026-08-10,CANCELED,,
2026-08-11T03:06:31Z,7187412026-08-10,71874,2026-08-10,CANCELED,,
2026-08-11T03:06:31Z,3739112026-08-10,37391,2026-08-10,CANCELED,,
2026-08-11T03:06:31Z,0027922026-08-11,00279,2026-08-11,CANCELED,,
2026-08-11T03:06:31Z,0027912026-08-11,00279,2026-08-11,CANCELED,,
2026-08-11T03:11:31Z,1562012026-08-10,15620,2026-08-10,SCHEDULED,0,0.0
2026-08-11T03:11:31Z,1454112026-08-10,14541,2026-08-10,SCHEDULED,0,0.0
2026-08-11T03:11:31Z,3727912026-08-10,37279,2026-08-10,CANCELED,,
2026-08-11T03:11:31Z,1722612026-08-10,17226,2026-08-10,CANCELED,,
2026-08-11T03:11:31Z,1565912026-08-10,15659,2026-08-10,CANCELED,,
2026-08-11T03:11:31Z,1803112026-08-10,18031,2026-08-10,CANCELED,,
2026-08-11T03:11:31Z,1817112026-08-10,18171,2026-08-10,CANCELED,,
2026-08-11T03:11:31Z,1803312026-08-10,18033,2026-08-10,CANCELED,,
2026-08-11T03:11:31Z,1704112026-08-10,17041,2026-08-10,CANCELED,,
2026-08-11T03:11:31Z,1803512026-08-10,18035,2026-08-10,CANCELED,,
2026-08-11T03:11:31Z,1721812026-08-10,17218,2026-08-10,CANCELED,,
2026-08-11T03:11:31Z,1803712026-08-10,18037,2026-08-10,CANCELED,,
2026-08-11T03:11:31Z,3821812026-08-10,38218,2026-08-10,CANCELED,,
2026-08-11T03:11:31Z,1804212026-08-10,18042,2026-08-10,CANCELED,,
2026-08-11T03:11:31Z,1722112026-08-10,17221,2026-08-10,CANCELED,,
2026-08-11T03:11:31Z,1804312026-08-10,18043,2026-08-10,CANCELED,,
2026-08-11T03:11:31Z,3822112026-08-10,38221,2026-08-10,CANCELED,,
2026-08-11T03:11:31Z,1810222026-08-10,18102,2026-08-10,CANCELED,,
2026-08-11T03:11:31Z,1810232026-08-10,18102,2026-08-10,CANCELED,,
2026-08-11T03:11:31Z,1810242026-08-10,18102,2026-08-10,CANCELED,,
2026-08-11T03:11:31Z,0029322026-08-11,00293,2026-08-11,CANCELED,,
2026-08-11T03:11:31Z,0029312026-08-11,00293,2026-08-11,CANCELED,,
2026-08-11T03:11:31Z,1810512026-08-10,18105,2026-08-10,CANCELED,,
2026-08-11T03:11:31Z,3810512026-08-10,38105,2026-08-10,CANCELED,,
2026-08-11T03:11:31Z,3709322026-08-10,37093,2026-08-10,CANCELED,,
2026-08-11T03:11:31Z,3709312026-08-10,37093,2026-08-10,CANCELED,,
2026-08-11T03:11:31Z,1821612026-08-10,18216,2026-08-10,CANCELED,,
2026-08-11T03:11:31Z,3739312026-08-10,37393,2026-08-10,CANCELED,,
2026-08-11T03:11:31Z,1821912026-08-10,18219,2026-08-10,CANCELED,,
2026-08-11T03:11:31Z,0080112026-08-11,00801,2026-08-11,CANCELED,,
2026-08-11T03:11:31Z,0029122026-08-11,00291,2026-08-11,CANCELED,,
2026-08-11T03:11:31Z,0029112026-08-11,00291,2026-08-11,CANCELED,,
2026-08-11T03:11:31Z,1810132026-08-10,18101,2026-08-10,CANCELED,,
2026-08-11T03:11:31Z,1810142026-08-10,18101,2026-08-10,CANCELED,,
2026-08-11T03:11:31Z,1810152026-08-10,18101,2026-08-10,CANCELED,,
2026-08-11T03:11:31Z,3709122026-08-10,37091,2026-08-10,CANCELED,,
2026-08-11T03:11:31Z,3709112026-08-10,37091,2026-08-10,CANCELED,,
2026-08-11T03:11:31Z,7187412026-08-10,71874,2026-08-10,CANCELED,,
2026-08-11T03:11:31Z,3739112026-08-10,37391,2026-08-10,CANCELED,,
2026-08-11T03:11:31Z,0027922026-08-11,00279,2026-08-11,CANCELED,,
2026-08-11T03:11:31Z,0027912026-08-11,00279,2026-08-11,CANCELED,,
2026-08-11T03:16:30Z,1562012026-08-10,15620,2026-08-10,SCHEDULED,0,0.0
2026-08-11T03:16:30Z,1454112026-08-10,14541,2026-08-10,SCHEDULED,0,0.0
2026-08-11T03:16:30Z,1722612026-08-10,17226,2026-08-10,CANCELED,,
2026-08-11T03:16:30Z,3727912026-08-10,37279,2026-08-10,CANCELED,,
2026-08-11T03:16:30Z,1803112026-08-10,18031,2026-08-10,CANCELED,,
2026-08-11T03:16:30Z,1565912026-08-10,15659,2026-08-10,CANCELED,,
2026-08-11T03:16:30Z,1803312026-08-10,18033,2026-08-10,CANCELED,,
2026-08-11T03:16:30Z,1817112026-08-10,18171,2026-08-10,CANCELED,,
2026-08-11T03:16:30Z,1704112026-08-10,17041,2026-08-10,CANCELED,,
2026-08-11T03:16:30Z,1803512026-08-10,18035,2026-08-10,CANCELED,,
2026-08-11T03:16:30Z,1721812026-08-10,17218,2026-08-10,CANCELED,,
2026-08-11T03:16:30Z,1803712026-08-10,18037,2026-08-10,CANCELED,,
2026-08-11T03:16:30Z,1804212026-08-10,18042,2026-08-10,CANCELED,,
2026-08-11T03:16:30Z,3821812026-08-10,38218,2026-08-10,CANCELED,,
2026-08-11T03:16:30Z,1804312026-08-10,18043,2026-08-10,CANCELED,,
2026-08-11T03:16:30Z,1722112026-08-10,17221,2026-08-10,CANCELED,,
2026-08-11T03:16:30Z,3822112026-08-10,38221,2026-08-10,CANCELED,,
2026-08-11T03:16:30Z,1810222026-08-10,18102,2026-08-10,CANCELED,,
2026-08-11T03:16:30Z,1810232026-08-10,18102,2026-08-10,CANCELED,,
2026-08-11T03:16:30Z,1810242026-08-10,18102,2026-08-10,CANCELED,,
2026-08-11T03:16:30Z,0029322026-08-11,00293,2026-08-11,CANCELED,,
2026-08-11T03:16:30Z,0029312026-08-11,00293,2026-08-11,CANCELED,,
2026-08-11T03:16:30Z,1810512026-08-10,18105,2026-08-10,CANCELED,,
2026-08-11T03:16:30Z,3810512026-08-10,38105,2026-08-10,CANCELED,,
2026-08-11T03:16:30Z,3709322026-08-10,37093,2026-08-10,CANCELED,,
2026-08-11T03:16:30Z,3709312026-08-10,37093,2026-08-10,CANCELED,,
2026-08-11T03:16:30Z,1821612026-08-10,18216,2026-08-10,CANCELED,,
2026-08-11T03:16:30Z,3739312026-08-10,37393,2026-08-10,CANCELED,,
2026-08-11T03:16:30Z,1821912026-08-10,18219,2026-08-10,CANCELED,,
2026-08-11T03:16:30Z,0080112026-08-11,00801,2026-08-11,CANCELED,,
2026-08-11T03:16:30Z,0029122026-08-11,00291,2026-08-11,CANCELED,,
2026-08-11T03:16:30Z,0029112026-08-11,00291,2026-08-11,CANCELED,,
2026-08-11T03:16:30Z,1810132026-08-10,18101,2026-08-10,CANCELED,,
2026-08-11T03:16:30Z,1810142026-08-10,18101,2026-08-10,CANCELED,,
2026-08-11T03:16:30Z,1810152026-08-10,18101,2026-08-10,CANCELED,,
2026-08-11T03:16:30Z,3709122026-08-10,37091,2026-08-10,CANCELED,,
2026-08-11T03:16:30Z,3709112026-08-10,37091,2026-08-10,CANCELED,,
2026-08-11T03:16:30Z,7187412026-08-10,71874,2026-08-10,CANCELED,,
2026-08-11T03:16:30Z,3739112026-08-10,37391,2026-08-10,CANCELED,,
2026-08-11T03:16:30Z,0027922026-08-11,00279,2026-08-11,CANCELED,,
2026-08-11T03:16:30Z,0027912026-08-11,00279,2026-08-11,CANCELED,,
2026-08-11T03:21:27Z,1562012026-08-10,15620,2026-08-10,SCHEDULED,0,0.0
2026-08-11T03:21:27Z,1251212026-08-10,12512,2026-08-10,SCHEDULED,60,1.0
2026-08-11T03:21:27Z,1454112026-08-10,14541,2026-08-10,SCHEDULED,-60,-1.0
2026-08-11T03:21:27Z,3727912026-08-10,37279,2026-08-10,CANCELED,,
2026-08-11T03:21:27Z,1722612026-08-10,17226,2026-08-10,CANCELED,,
2026-08-11T03:21:27Z,1803112026-08-10,18031,2026-08-10,CANCELED,,
2026-08-11T03:21:27Z,1565912026-08-10,15659,2026-08-10,CANCELED,,
2026-08-11T03:21:27Z,1803312026-08-10,18033,2026-08-10,CANCELED,,
2026-08-11T03:21:27Z,1817112026-08-10,18171,2026-08-10,CANCELED,,
2026-08-11T03:21:27Z,1803512026-08-10,18035,2026-08-10,CANCELED,,
2026-08-11T03:21:27Z,1704112026-08-10,17041,2026-08-10,CANCELED,,
2026-08-11T03:21:27Z,1803712026-08-10,18037,2026-08-10,CANCELED,,
2026-08-11T03:21:27Z,1721812026-08-10,17218,2026-08-10,CANCELED,,
2026-08-11T03:21:27Z,1804212026-08-10,18042,2026-08-10,CANCELED,,
2026-08-11T03:21:27Z,3821812026-08-10,38218,2026-08-10,CANCELED,,
2026-08-11T03:21:27Z,1804312026-08-10,18043,2026-08-10,CANCELED,,
2026-08-11T03:21:27Z,1722112026-08-10,17221,2026-08-10,CANCELED,,
2026-08-11T03:21:27Z,3822112026-08-10,38221,2026-08-10,CANCELED,,
2026-08-11T03:21:27Z,1810222026-08-10,18102,2026-08-10,CANCELED,,
2026-08-11T03:21:27Z,1810232026-08-10,18102,2026-08-10,CANCELED,,
2026-08-11T03:21:27Z,1810242026-08-10,18102,2026-08-10,CANCELED,,
2026-08-11T03:21:27Z,0029322026-08-11,00293,2026-08-11,CANCELED,,
2026-08-11T03:21:27Z,0029312026-08-11,00293,2026-08-11,CANCELED,,
2026-08-11T03:21:27Z,1810512026-08-10,18105,2026-08-10,CANCELED,,
2026-08-11T03:21:27Z,3810512026-08-10,38105,2026-08-10,CANCELED,,
2026-08-11T03:21:27Z,3709322026-08-10,37093,2026-08-10,CANCELED,,
2026-08-11T03:21:27Z,3709312026-08-10,37093,2026-08-10,CANCELED,,
2026-08-11T03:21:27Z,1821612026-08-10,18216,2026-08-10,CANCELED,,
2026-08-11T03:21:27Z,3739312026-08-10,37393,2026-08-10,CANCELED,,
2026-08-11T03:21:27Z,1821912026-08-10,18219,2026-08-10,CANCELED,,
2026-08-11T03:21:27Z,0080112026-08-11,00801,2026-08-11,CANCELED,,
2026-08-11T03:21:27Z,0029122026-08-11,00291,2026-08-11,CANCELED,,
2026-08-11T03:21:27Z,0029112026-08-11,00291,2026-08-11,CANCELED,,
2026-08-11T03:21:27Z,1810132026-08-10,18101,2026-08-10,CANCELED,,
2026-08-11T03:21:27Z,1810142026-08-10,18101,2026-08-10,CANCELED,,
2026-08-11T03:21:27Z,1810152026-08-10,18101,2026-08-10,CANCELED,,
2026-08-11T03:21:27Z,3709122026-08-10,37091,2026-08-10,CANCELED,,
2026-08-11T03:21:27Z,3709112026-08-10,37091,2026-08-10,CANCELED,,
2026-08-11T03:21:27Z,7187412026-08-10,71874,2026-08-10,CANCELED,,
2026-08-11T03:21:27Z,3739112026-08-10,37391,2026-08-10,CANCELED,,
2026-08-11T03:21:27Z,0027922026-08-11,00279,2026-08-11,CANCELED,,
2026-08-11T03:21:27Z,0027912026-08-11,00279,2026-08-11,CANCELED,,
2026-08-11T03:26:22Z,1562012026-08-10,15620,2026-08-10,SCHEDULED,180,3.0
2026-08-11T03:26:22Z,1454112026-08-10,14541,2026-08-10,SCHEDULED,-60,-1.0
2026-08-11T03:26:22Z,1251212026-08-10,12512,2026-08-10,SCHEDULED,120,2.0
2026-08-11T03:26:22Z,1804722026-08-10,18047,2026-08-10,SCHEDULED,0,0.0
2026-08-11T03:26:22Z,0415412026-08-10,04154,2026-08-10,SCHEDULED,-60,-1.0
2026-08-11T03:26:22Z,0415422026-08-10,04154,2026-08-10,SCHEDULED,-60,-1.0
2026-08-11T03:26:22Z,1722612026-08-10,17226,2026-08-10,CANCELED,,
2026-08-11T03:26:22Z,3727912026-08-10,37279,2026-08-10,CANCELED,,
2026-08-11T03:26:22Z,1803112026-08-10,18031,2026-08-10,CANCELED,,
2026-08-11T03:26:22Z,1565912026-08-10,15659,2026-08-10,CANCELED,,
2026-08-11T03:26:22Z,1803312026-08-10,18033,2026-08-10,CANCELED,,
2026-08-11T03:26:22Z,1817112026-08-10,18171,2026-08-10,CANCELED,,
2026-08-11T03:26:22Z,1803512026-08-10,18035,2026-08-10,CANCELED,,
2026-08-11T03:26:22Z,1704112026-08-10,17041,2026-08-10,CANCELED,,
2026-08-11T03:26:22Z,1803712026-08-10,18037,2026-08-10,CANCELED,,
2026-08-11T03:26:22Z,1721812026-08-10,17218,2026-08-10,CANCELED,,
2026-08-11T03:26:22Z,1804212026-08-10,18042,2026-08-10,CANCELED,,
2026-08-11T03:26:22Z,3821812026-08-10,38218,2026-08-10,CANCELED,,
2026-08-11T03:26:22Z,1804312026-08-10,18043,2026-08-10,CANCELED,,
2026-08-11T03:26:22Z,1722112026-08-10,17221,2026-08-10,CANCELED,,
2026-08-11T03:26:22Z,3822112026-08-10,38221,2026-08-10,CANCELED,,
2026-08-11T03:26:22Z,1810222026-08-10,18102,2026-08-10,CANCELED,,
2026-08-11T03:26:22Z,1810232026-08-10,18102,2026-08-10,CANCELED,,
2026-08-11T03:26:22Z,1810242026-08-10,18102,2026-08-10,CANCELED,,
2026-08-11T03:26:22Z,0029322026-08-11,00293,2026-08-11,CANCELED,,
2026-08-11T03:26:22Z,0029312026-08-11,00293,2026-08-11,CANCELED,,
2026-08-11T03:26:22Z,1810512026-08-10,18105,2026-08-10,CANCELED,,
2026-08-11T03:26:22Z,3810512026-08-10,38105,2026-08-10,CANCELED,,
2026-08-11T03:26:22Z,3709322026-08-10,37093,2026-08-10,CANCELED,,
2026-08-11T03:26:22Z,3709312026-08-10,37093,2026-08-10,CANCELED,,
2026-08-11T03:26:22Z,1821612026-08-10,18216,2026-08-10,CANCELED,,
2026-08-11T03:26:22Z,3739312026-08-10,37393,2026-08-10,CANCELED,,
2026-08-11T03:26:22Z,1821912026-08-10,18219,2026-08-10,CANCELED,,
2026-08-11T03:26:22Z,0080112026-08-11,00801,2026-08-11,CANCELED,,
2026-08-11T03:26:22Z,0029122026-08-11,00291,2026-08-11,CANCELED,,
2026-08-11T03:26:22Z,0029112026-08-11,00291,2026-08-11,CANCELED,,
2026-08-11T03:26:22Z,1810132026-08-10,18101,2026-08-10,CANCELED,,
2026-08-11T03:26:22Z,1810142026-08-10,18101,2026-08-10,CANCELED,,
2026-08-11T03:26:22Z,1810152026-08-10,18101,2026-08-10,CANCELED,,
2026-08-11T03:26:22Z,3709122026-08-10,37091,2026-08-10,CANCELED,,
2026-08-11T03:26:22Z,3709112026-08-10,37091,2026-08-10,CANCELED,,
2026-08-11T03:26:22Z,7187412026-08-10,71874,2026-08-10,CANCELED,,
2026-08-11T03:26:22Z,3739112026-08-10,37391,2026-08-10,CANCELED,,
2026-08-11T03:26:22Z,0027922026-08-11,00279,2026-08-11,CANCELED,,
2026-08-11T03:26:22Z,0027912026-08-11,00279,2026-08-11,CANCELED,,
2026-08-11T03:31:41Z,1454112026-08-10,14541,2026-08-10,SCHEDULED,-60,-1.0
2026-08-11T03:31:41Z,1562012026-08-10,15620,2026-08-10,SCHEDULED,180,3.0
2026-08-11T03:31:41Z,1804722026-08-10,18047,2026-08-10,SCHEDULED,0,0.0
2026-08-11T03:31:41Z,1251212026-08-10,12512,2026-08-10,SCHEDULED,60,1.0
2026-08-11T03:31:41Z,0415422026-08-10,04154,2026-08-10,SCHEDULED,-60,-1.0
2026-08-11T03:31:41Z,0415412026-08-10,04154,2026-08-10,SCHEDULED,-60,-1.0
2026-08-11T03:31:41Z,3727912026-08-10,37279,2026-08-10,CANCELED,,
2026-08-11T03:31:41Z,1722612026-08-10,17226,2026-08-10,CANCELED,,
2026-08-11T03:31:41Z,1565912026-08-10,15659,2026-08-10,CANCELED,,
2026-08-11T03:31:41Z,1803112026-08-10,18031,2026-08-10,CANCELED,,
2026-08-11T03:31:41Z,1817112026-08-10,18171,2026-08-10,CANCELED,,
2026-08-11T03:31:41Z,1803312026-08-10,18033,2026-08-10,CANCELED,,
2026-08-11T03:31:41Z,1704112026-08-10,17041,2026-08-10,CANCELED,,
2026-08-11T03:31:41Z,1803512026-08-10,18035,2026-08-10,CANCELED,,
2026-08-11T03:31:41Z,1721812026-08-10,17218,2026-08-10,CANCELED,,
2026-08-11T03:31:41Z,1803712026-08-10,18037,2026-08-10,CANCELED,,
2026-08-11T03:31:41Z,3821812026-08-10,38218,2026-08-10,CANCELED,,
2026-08-11T03:31:41Z,1804212026-08-10,18042,2026-08-10,CANCELED,,
2026-08-11T03:31:41Z,1722112026-08-10,17221,2026-08-10,CANCELED,,
2026-08-11T03:31:41Z,1804312026-08-10,18043,2026-08-10,CANCELED,,
2026-08-11T03:31:41Z,3822112026-08-10,38221,2026-08-10,CANCELED,,
2026-08-11T03:31:41Z,0029322026-08-11,00293,2026-08-11,CANCELED,,
2026-08-11T03:31:41Z,0029312026-08-11,00293,2026-08-11,CANCELED,,
2026-08-11T03:31:41Z,1810222026-08-10,18102,2026-08-10,CANCELED,,
2026-08-11T03:31:41Z,1810232026-08-10,18102,2026-08-10,CANCELED,,
2026-08-11T03:31:41Z,1810242026-08-10,18102,2026-08-10,CANCELED,,
2026-08-11T03:31:41Z,3709322026-08-10,37093,2026-08-10,CANCELED,,
2026-08-11T03:31:41Z,3709312026-08-10,37093,2026-08-10,CANCELED,,
2026-08-11T03:31:41Z,1810512026-08-10,18105,2026-08-10,CANCELED,,
2026-08-11T03:31:41Z,3739312026-08-10,37393,2026-08-10,CANCELED,,
2026-08-11T03:31:41Z,3810512026-08-10,38105,2026-08-10,CANCELED,,
2026-08-11T03:31:41Z,0080112026-08-11,00801,2026-08-11,CANCELED,,
2026-08-11T03:31:41Z,1821612026-08-10,18216,2026-08-10,CANCELED,,
2026-08-11T03:31:41Z,1821912026-08-10,18219,2026-08-10,CANCELED,,
2026-08-11T03:31:41Z,0029122026-08-11,00291,2026-08-11,CANCELED,,
2026-08-11T03:31:41Z,0029112026-08-11,00291,2026-08-11,CANCELED,,
2026-08-11T03:31:41Z,3709122026-08-10,37091,2026-08-10,CANCELED,,
2026-08-11T03:31:41Z,3709112026-08-10,37091,2026-08-10,CANCELED,,
2026-08-11T03:31:41Z,1810132026-08-10,18101,2026-08-10,CANCELED,,
2026-08-11T03:31:41Z,1810142026-08-10,18101,2026-08-10,CANCELED,,
2026-08-11T03:31:41Z,1810152026-08-10,18101,2026-08-10,CANCELED,,
2026-08-11T03:31:41Z,3739112026-08-10,37391,2026-08-10,CANCELED,,
2026-08-11T03:31:41Z,7187412026-08-10,71874,2026-08-10,CANCELED,,
2026-08-11T03:31:41Z,0027922026-08-11,00279,2026-08-11,CANCELED,,
2026-08-11T03:31:41Z,0027912026-08-11,00279,2026-08-11,CANCELED,,
2026-08-11T03:41:37Z,1804722026-08-10,18047,2026-08-10,SCHEDULED,-60,-1.0
2026-08-11T03:41:37Z,0415422026-08-10,04154,2026-08-10,SCHEDULED,-60,-1.0
2026-08-11T03:41:37Z,0415412026-08-10,04154,2026-08-10,SCHEDULED,-60,-1.0
2026-08-11T03:41:37Z,1530912026-08-10,15309,2026-08-10,SCHEDULED,0,0.0
2026-08-11T03:41:37Z,0807212026-08-10,08072,2026-08-10,SCHEDULED,120,2.0
2026-08-11T03:41:37Z,1770712026-08-10,17707,2026-08-10,SCHEDULED,60,1.0
2026-08-11T03:41:37Z,1454112026-08-10,14541,2026-08-10,SCHEDULED,60,1.0
2026-08-11T03:41:37Z,1251212026-08-10,12512,2026-08-10,SCHEDULED,180,3.0
2026-08-11T03:41:37Z,0411422026-08-11,04114,2026-08-11,SCHEDULED,0,0.0
2026-08-11T03:41:37Z,0411412026-08-11,04114,2026-08-11,SCHEDULED,0,0.0
2026-08-11T03:41:37Z,1562012026-08-10,15620,2026-08-10,SCHEDULED,180,3.0
2026-08-11T03:41:37Z,0306242026-08-10,03062,2026-08-10,SCHEDULED,60,1.0
2026-08-11T03:41:37Z,0306232026-08-10,03062,2026-08-10,SCHEDULED,60,1.0
2026-08-11T03:41:37Z,0306212026-08-10,03062,2026-08-10,SCHEDULED,60,1.0
2026-08-11T03:41:37Z,0306222026-08-10,03062,2026-08-10,SCHEDULED,60,1.0
2026-08-11T03:41:37Z,3727912026-08-10,37279,2026-08-10,CANCELED,,
2026-08-11T03:41:37Z,3822112026-08-10,38221,2026-08-10,CANCELED,,
2026-08-11T03:41:37Z,1722612026-08-10,17226,2026-08-10,CANCELED,,
2026-08-11T03:41:37Z,1300112026-08-11,13001,2026-08-11,CANCELED,,
2026-08-11T03:41:37Z,1803112026-08-10,18031,2026-08-10,CANCELED,,
2026-08-11T03:41:37Z,1565012026-08-10,15650,2026-08-10,CANCELED,,
2026-08-11T03:41:37Z,1803312026-08-10,18033,2026-08-10,CANCELED,,
2026-08-11T03:41:37Z,1565912026-08-10,15659,2026-08-10,CANCELED,,
2026-08-11T03:41:37Z,1803512026-08-10,18035,2026-08-10,CANCELED,,
2026-08-11T03:41:37Z,1817112026-08-10,18171,2026-08-10,CANCELED,,
2026-08-11T03:41:37Z,1803712026-08-10,18037,2026-08-10,CANCELED,,
2026-08-11T03:41:37Z,1704112026-08-10,17041,2026-08-10,CANCELED,,
2026-08-11T03:41:37Z,1804212026-08-10,18042,2026-08-10,CANCELED,,
2026-08-11T03:41:37Z,1721812026-08-10,17218,2026-08-10,CANCELED,,
2026-08-11T03:41:37Z,1804312026-08-10,18043,2026-08-10,CANCELED,,
2026-08-11T03:41:37Z,3821812026-08-10,38218,2026-08-10,CANCELED,,
2026-08-11T03:41:37Z,1821612026-08-10,18216,2026-08-10,CANCELED,,
2026-08-11T03:41:37Z,1722112026-08-10,17221,2026-08-10,CANCELED,,
2026-08-11T03:41:37Z,1821912026-08-10,18219,2026-08-10,CANCELED,,
2026-08-11T03:41:37Z,0029322026-08-11,00293,2026-08-11,CANCELED,,
2026-08-11T03:41:37Z,0029312026-08-11,00293,2026-08-11,CANCELED,,
2026-08-11T03:41:37Z,1810132026-08-10,18101,2026-08-10,CANCELED,,
2026-08-11T03:41:37Z,1810142026-08-10,18101,2026-08-10,CANCELED,,
2026-08-11T03:41:37Z,1810152026-08-10,18101,2026-08-10,CANCELED,,
2026-08-11T03:41:37Z,3709322026-08-10,37093,2026-08-10,CANCELED,,
2026-08-11T03:41:37Z,3709312026-08-10,37093,2026-08-10,CANCELED,,
2026-08-11T03:41:37Z,3739312026-08-10,37393,2026-08-10,CANCELED,,
2026-08-11T03:41:37Z,7187412026-08-10,71874,2026-08-10,CANCELED,,
2026-08-11T03:41:37Z,0080112026-08-11,00801,2026-08-11,CANCELED,,
2026-08-11T03:41:37Z,0029122026-08-11,00291,2026-08-11,CANCELED,,
2026-08-11T03:41:37Z,0029112026-08-11,00291,2026-08-11,CANCELED,,
2026-08-11T03:41:37Z,1810222026-08-10,18102,2026-08-10,CANCELED,,
2026-08-11T03:41:37Z,1810232026-08-10,18102,2026-08-10,CANCELED,,
2026-08-11T03:41:37Z,1810242026-08-10,18102,2026-08-10,CANCELED,,
2026-08-11T03:41:37Z,1810512026-08-10,18105,2026-08-10,CANCELED,,
2026-08-11T03:41:37Z,3709122026-08-10,37091,2026-08-10,CANCELED,,
2026-08-11T03:41:37Z,3709112026-08-10,37091,2026-08-10,CANCELED,,
2026-08-11T03:41:37Z,3810512026-08-10,38105,2026-08-10,CANCELED,,
2026-08-11T03:41:37Z,3739112026-08-10,37391,2026-08-10,CANCELED,,
2026-08-11T03:41:37Z,0027922026-08-11,00279,2026-08-11,CANCELED,,
2026-08-11T03:41:37Z,0027912026-08-11,00279,2026-08-11,CANCELED,,
2026-08-11T03:46:41Z,0807212026-08-10,08072,2026-08-10,SCHEDULED,0,0.0
2026-08-11T03:46:41Z,1804722026-08-10,18047,2026-08-10,SCHEDULED,0,0.0
2026-08-11T03:46:41Z,1268912026-08-10,12689,2026-08-10,SCHEDULED,60,1.0
2026-08-11T03:46:41Z,1812012026-08-10,18120,2026-08-10,SCHEDULED,60,1.0
2026-08-11T03:46:41Z,1454112026-08-10,14541,2026-08-10,SCHEDULED,60,1.0
2026-08-11T03:46:41Z,1770712026-08-10,17707,2026-08-10,SCHEDULED,60,1.0
2026-08-11T03:46:41Z,1500012026-08-10,15000,2026-08-10,SCHEDULED,120,2.0
2026-08-11T03:46:41Z,1251212026-08-10,12512,2026-08-10,SCHEDULED,180,3.0
2026-08-11T03:46:41Z,0411422026-08-11,04114,2026-08-11,SCHEDULED,60,1.0
2026-08-11T03:46:41Z,0411412026-08-11,04114,2026-08-11,SCHEDULED,60,1.0
2026-08-11T03:46:41Z,1530912026-08-10,15309,2026-08-10,SCHEDULED,-180,-3.0
2026-08-11T03:46:41Z,1562012026-08-10,15620,2026-08-10,SCHEDULED,180,3.0
2026-08-11T03:46:41Z,0306242026-08-10,03062,2026-08-10,SCHEDULED,60,1.0
2026-08-11T03:46:41Z,0306232026-08-10,03062,2026-08-10,SCHEDULED,60,1.0
2026-08-11T03:46:41Z,0306212026-08-10,03062,2026-08-10,SCHEDULED,60,1.0
2026-08-11T03:46:41Z,0306222026-08-10,03062,2026-08-10,SCHEDULED,60,1.0
2026-08-11T03:46:41Z,0415422026-08-10,04154,2026-08-10,SCHEDULED,-120,-2.0
2026-08-11T03:46:41Z,0415412026-08-10,04154,2026-08-10,SCHEDULED,-120,-2.0
2026-08-11T03:46:41Z,3727912026-08-10,37279,2026-08-10,CANCELED,,
2026-08-11T03:46:41Z,3822112026-08-10,38221,2026-08-10,CANCELED,,
2026-08-11T03:46:41Z,1300112026-08-11,13001,2026-08-11,CANCELED,,
2026-08-11T03:46:41Z,1722612026-08-10,17226,2026-08-10,CANCELED,,
2026-08-11T03:46:41Z,1565012026-08-10,15650,2026-08-10,CANCELED,,
2026-08-11T03:46:41Z,1803112026-08-10,18031,2026-08-10,CANCELED,,
2026-08-11T03:46:41Z,1565912026-08-10,15659,2026-08-10,CANCELED,,
2026-08-11T03:46:41Z,1803312026-08-10,18033,2026-08-10,CANCELED,,
2026-08-11T03:46:41Z,1817112026-08-10,18171,2026-08-10,CANCELED,,
2026-08-11T03:46:41Z,1803512026-08-10,18035,2026-08-10,CANCELED,,
2026-08-11T03:46:41Z,1704112026-08-10,17041,2026-08-10,CANCELED,,
2026-08-11T03:46:41Z,1803712026-08-10,18037,2026-08-10,CANCELED,,
2026-08-11T03:46:41Z,1721812026-08-10,17218,2026-08-10,CANCELED,,
2026-08-11T03:46:41Z,1804212026-08-10,18042,2026-08-10,CANCELED,,
2026-08-11T03:46:41Z,3821812026-08-10,38218,2026-08-10,CANCELED,,
2026-08-11T03:46:41Z,1804312026-08-10,18043,2026-08-10,CANCELED,,
2026-08-11T03:46:41Z,1722112026-08-10,17221,2026-08-10,CANCELED,,
2026-08-11T03:46:41Z,1821612026-08-10,18216,2026-08-10,CANCELED,,
2026-08-11T03:46:41Z,1821912026-08-10,18219,2026-08-10,CANCELED,,
2026-08-11T03:46:41Z,0029322026-08-11,00293,2026-08-11,CANCELED,,
2026-08-11T03:46:41Z,0029312026-08-11,00293,2026-08-11,CANCELED,,
2026-08-11T03:46:41Z,3709322026-08-10,37093,2026-08-10,CANCELED,,
2026-08-11T03:46:41Z,3709312026-08-10,37093,2026-08-10,CANCELED,,
2026-08-11T03:46:41Z,1810132026-08-10,18101,2026-08-10,CANCELED,,
2026-08-11T03:46:41Z,1810142026-08-10,18101,2026-08-10,CANCELED,,
2026-08-11T03:46:41Z,1810152026-08-10,18101,2026-08-10,CANCELED,,
2026-08-11T03:46:41Z,3739312026-08-10,37393,2026-08-10,CANCELED,,
2026-08-11T03:46:41Z,0080112026-08-11,00801,2026-08-11,CANCELED,,
2026-08-11T03:46:41Z,7187412026-08-10,71874,2026-08-10,CANCELED,,
2026-08-11T03:46:41Z,0029122026-08-11,00291,2026-08-11,CANCELED,,
2026-08-11T03:46:41Z,0029112026-08-11,00291,2026-08-11,CANCELED,,
2026-08-11T03:46:41Z,1810222026-08-10,18102,2026-08-10,CANCELED,,
2026-08-11T03:46:41Z,1810232026-08-10,18102,2026-08-10,CANCELED,,
2026-08-11T03:46:41Z,1810242026-08-10,18102,2026-08-10,CANCELED,,
2026-08-11T03:46:41Z,3709122026-08-10,37091,2026-08-10,CANCELED,,
2026-08-11T03:46:41Z,3709112026-08-10,37091,2026-08-10,CANCELED,,
2026-08-11T03:46:41Z,1810512026-08-10,18105,2026-08-10,CANCELED,,
2026-08-11T03:46:41Z,3739112026-08-10,37391,2026-08-10,CANCELED,,
2026-08-11T03:46:41Z,3810512026-08-10,38105,2026-08-10,CANCELED,,
2026-08-11T03:46:41Z,0027922026-08-11,00279,2026-08-11,CANCELED,,
2026-08-11T03:46:41Z,0027912026-08-11,00279,2026-08-11,CANCELED,,
2026-08-11T03:51:28Z,1812012026-08-10,18120,2026-08-10,SCHEDULED,60,1.0
2026-08-11T03:51:28Z,1268912026-08-10,12689,2026-08-10,SCHEDULED,120,2.0
2026-08-11T03:51:28Z,1812112026-08-10,18121,2026-08-10,SCHEDULED,-60,-1.0
2026-08-11T03:51:28Z,1454112026-08-10,14541,2026-08-10,SCHEDULED,60,1.0
2026-08-11T03:51:28Z,1831012026-08-10,18310,2026-08-10,SCHEDULED,-1560,-26.0
2026-08-11T03:51:28Z,1500012026-08-10,15000,2026-08-10,SCHEDULED,120,2.0
2026-08-11T03:51:28Z,1770712026-08-10,17707,2026-08-10,SCHEDULED,0,0.0
2026-08-11T03:51:28Z,1804722026-08-10,18047,2026-08-10,SCHEDULED,120,2.0
2026-08-11T03:51:28Z,1806612026-08-10,18066,2026-08-10,SCHEDULED,-60,-1.0
2026-08-11T03:51:28Z,0411422026-08-11,04114,2026-08-11,SCHEDULED,60,1.0
2026-08-11T03:51:28Z,0411412026-08-11,04114,2026-08-11,SCHEDULED,60,1.0
2026-08-11T03:51:28Z,1562012026-08-10,15620,2026-08-10,SCHEDULED,180,3.0
2026-08-11T03:51:28Z,1251212026-08-10,12512,2026-08-10,SCHEDULED,240,4.0
2026-08-11T03:51:28Z,1891012026-08-10,18910,2026-08-10,SCHEDULED,0,0.0
2026-08-11T03:51:28Z,0306242026-08-10,03062,2026-08-10,SCHEDULED,120,2.0
2026-08-11T03:51:28Z,0306232026-08-10,03062,2026-08-10,SCHEDULED,120,2.0
2026-08-11T03:51:28Z,0306212026-08-10,03062,2026-08-10,SCHEDULED,120,2.0
2026-08-11T03:51:28Z,0306222026-08-10,03062,2026-08-10,SCHEDULED,120,2.0
2026-08-11T03:51:28Z,1530912026-08-10,15309,2026-08-10,SCHEDULED,0,0.0
2026-08-11T03:51:28Z,0415422026-08-10,04154,2026-08-10,SCHEDULED,0,0.0
2026-08-11T03:51:28Z,0415412026-08-10,04154,2026-08-10,SCHEDULED,0,0.0
2026-08-11T03:51:28Z,0807212026-08-10,08072,2026-08-10,SCHEDULED,0,0.0
2026-08-11T03:51:28Z,3727912026-08-10,37279,2026-08-10,CANCELED,,
2026-08-11T03:51:28Z,3822112026-08-10,38221,2026-08-10,CANCELED,,
2026-08-11T03:51:28Z,1300112026-08-11,13001,2026-08-11,CANCELED,,
2026-08-11T03:51:28Z,1722612026-08-10,17226,2026-08-10,CANCELED,,
2026-08-11T03:51:28Z,1565012026-08-10,15650,2026-08-10,CANCELED,,
2026-08-11T03:51:28Z,1803112026-08-10,18031,2026-08-10,CANCELED,,
2026-08-11T03:51:28Z,1803312026-08-10,18033,2026-08-10,CANCELED,,
2026-08-11T03:51:28Z,1565912026-08-10,15659,2026-08-10,CANCELED,,
2026-08-11T03:51:28Z,1817112026-08-10,18171,2026-08-10,CANCELED,,
2026-08-11T03:51:28Z,1803512026-08-10,18035,2026-08-10,CANCELED,,
2026-08-11T03:51:28Z,1704112026-08-10,17041,2026-08-10,CANCELED,,
2026-08-11T03:51:28Z,1803712026-08-10,18037,2026-08-10,CANCELED,,
2026-08-11T03:51:28Z,1721812026-08-10,17218,2026-08-10,CANCELED,,
2026-08-11T03:51:28Z,1804212026-08-10,18042,2026-08-10,CANCELED,,
2026-08-11T03:51:28Z,3821812026-08-10,38218,2026-08-10,CANCELED,,
2026-08-11T03:51:28Z,1804312026-08-10,18043,2026-08-10,CANCELED,,
2026-08-11T03:51:28Z,1722112026-08-10,17221,2026-08-10,CANCELED,,
2026-08-11T03:51:28Z,1821612026-08-10,18216,2026-08-10,CANCELED,,
2026-08-11T03:51:28Z,1821912026-08-10,18219,2026-08-10,CANCELED,,
2026-08-11T03:51:28Z,0029322026-08-11,00293,2026-08-11,CANCELED,,
2026-08-11T03:51:28Z,0029312026-08-11,00293,2026-08-11,CANCELED,,
2026-08-11T03:51:28Z,3709322026-08-10,37093,2026-08-10,CANCELED,,
2026-08-11T03:51:28Z,3709312026-08-10,37093,2026-08-10,CANCELED,,
2026-08-11T03:51:28Z,1810132026-08-10,18101,2026-08-10,CANCELED,,
2026-08-11T03:51:28Z,1810142026-08-10,18101,2026-08-10,CANCELED,,
2026-08-11T03:51:28Z,1810152026-08-10,18101,2026-08-10,CANCELED,,
2026-08-11T03:51:28Z,3739312026-08-10,37393,2026-08-10,CANCELED,,
2026-08-11T03:51:28Z,0080112026-08-11,00801,2026-08-11,CANCELED,,
2026-08-11T03:51:28Z,7187412026-08-10,71874,2026-08-10,CANCELED,,
2026-08-11T03:51:28Z,0029122026-08-11,00291,2026-08-11,CANCELED,,
2026-08-11T03:51:28Z,0029112026-08-11,00291,2026-08-11,CANCELED,,
2026-08-11T03:51:28Z,3709122026-08-10,37091,2026-08-10,CANCELED,,
2026-08-11T03:51:28Z,3709112026-08-10,37091,2026-08-10,CANCELED,,
2026-08-11T03:51:28Z,1810222026-08-10,18102,2026-08-10,CANCELED,,
2026-08-11T03:51:28Z,1810232026-08-10,18102,2026-08-10,CANCELED,,
2026-08-11T03:51:28Z,1810242026-08-10,18102,2026-08-10,CANCELED,,
2026-08-11T03:51:28Z,3739112026-08-10,37391,2026-08-10,CANCELED,,
2026-08-11T03:51:28Z,1810512026-08-10,18105,2026-08-10,CANCELED,,
2026-08-11T03:51:28Z,3810512026-08-10,38105,2026-08-10,CANCELED,,
2026-08-11T03:51:28Z,0027922026-08-11,00279,2026-08-11,CANCELED,,
2026-08-11T03:51:28Z,0027912026-08-11,00279,2026-08-11,CANCELED,,
2026-08-11T03:56:31Z,1577212026-08-10,15772,2026-08-10,SCHEDULED,0,0.0
2026-08-11T03:56:31Z,0807212026-08-10,08072,2026-08-10,SCHEDULED,0,0.0
2026-08-11T03:56:31Z,1770712026-08-10,17707,2026-08-10,SCHEDULED,0,0.0
2026-08-11T03:56:31Z,1268912026-08-10,12689,2026-08-10,SCHEDULED,120,2.0
2026-08-11T03:56:31Z,1454112026-08-10,14541,2026-08-10,SCHEDULED,60,1.0
2026-08-11T03:56:31Z,1804722026-08-10,18047,2026-08-10,SCHEDULED,120,2.0
2026-08-11T03:56:31Z,1500012026-08-10,15000,2026-08-10,SCHEDULED,0,0.0
2026-08-11T03:56:31Z,1806612026-08-10,18066,2026-08-10,SCHEDULED,0,0.0
2026-08-11T03:56:31Z,1505112026-08-10,15051,2026-08-10,SCHEDULED,0,0.0
2026-08-11T03:56:31Z,1812012026-08-10,18120,2026-08-10,SCHEDULED,0,0.0
2026-08-11T03:56:31Z,1530912026-08-10,15309,2026-08-10,SCHEDULED,-60,-1.0
2026-08-11T03:56:31Z,0411422026-08-11,04114,2026-08-11,SCHEDULED,60,1.0
2026-08-11T03:56:31Z,0411412026-08-11,04114,2026-08-11,SCHEDULED,60,1.0
2026-08-11T03:56:31Z,1562012026-08-10,15620,2026-08-10,SCHEDULED,180,3.0
2026-08-11T03:56:31Z,0206312026-08-10,02063,2026-08-10,SCHEDULED,180,3.0
2026-08-11T03:56:31Z,1251212026-08-10,12512,2026-08-10,SCHEDULED,180,3.0
2026-08-11T03:56:31Z,1812112026-08-10,18121,2026-08-10,SCHEDULED,-60,-1.0
2026-08-11T03:56:31Z,1831012026-08-10,18310,2026-08-10,SCHEDULED,-1560,-26.0
2026-08-11T03:56:31Z,0306242026-08-10,03062,2026-08-10,SCHEDULED,180,3.0
2026-08-11T03:56:31Z,0306232026-08-10,03062,2026-08-10,SCHEDULED,180,3.0
2026-08-11T03:56:31Z,0306212026-08-10,03062,2026-08-10,SCHEDULED,180,3.0
2026-08-11T03:56:31Z,0306222026-08-10,03062,2026-08-10,SCHEDULED,180,3.0
2026-08-11T03:56:31Z,1891012026-08-10,18910,2026-08-10,SCHEDULED,0,0.0
2026-08-11T03:56:31Z,0306242026-08-10,03062,2026-08-10,SCHEDULED,60,1.0
2026-08-11T03:56:31Z,0306232026-08-10,03062,2026-08-10,SCHEDULED,60,1.0
2026-08-11T03:56:31Z,0306212026-08-10,03062,2026-08-10,SCHEDULED,60,1.0
2026-08-11T03:56:31Z,0306222026-08-10,03062,2026-08-10,SCHEDULED,60,1.0
2026-08-11T03:56:31Z,0415422026-08-10,04154,2026-08-10,SCHEDULED,0,0.0
2026-08-11T03:56:31Z,0415412026-08-10,04154,2026-08-10,SCHEDULED,0,0.0
2026-08-11T03:56:31Z,0506312026-08-10,05063,2026-08-10,SCHEDULED,60,1.0
2026-08-11T03:56:31Z,3822112026-08-10,38221,2026-08-10,CANCELED,,
2026-08-11T03:56:31Z,3727912026-08-10,37279,2026-08-10,CANCELED,,
2026-08-11T03:56:31Z,1300112026-08-11,13001,2026-08-11,CANCELED,,
2026-08-11T03:56:31Z,1722612026-08-10,17226,2026-08-10,CANCELED,,
2026-08-11T03:56:31Z,1565012026-08-10,15650,2026-08-10,CANCELED,,
2026-08-11T03:56:31Z,1803112026-08-10,18031,2026-08-10,CANCELED,,
2026-08-11T03:56:31Z,1565912026-08-10,15659,2026-08-10,CANCELED,,
2026-08-11T03:56:31Z,1803312026-08-10,18033,2026-08-10,CANCELED,,
2026-08-11T03:56:31Z,1817112026-08-10,18171,2026-08-10,CANCELED,,
2026-08-11T03:56:31Z,1803512026-08-10,18035,2026-08-10,CANCELED,,
2026-08-11T03:56:31Z,1704112026-08-10,17041,2026-08-10,CANCELED,,
2026-08-11T03:56:31Z,1803712026-08-10,18037,2026-08-10,CANCELED,,
2026-08-11T03:56:31Z,1721812026-08-10,17218,2026-08-10,CANCELED,,
2026-08-11T03:56:31Z,1804212026-08-10,18042,2026-08-10,CANCELED,,
2026-08-11T03:56:31Z,3821812026-08-10,38218,2026-08-10,CANCELED,,
2026-08-11T03:56:31Z,1804312026-08-10,18043,2026-08-10,CANCELED,,
2026-08-11T03:56:31Z,1722112026-08-10,17221,2026-08-10,CANCELED,,
2026-08-11T03:56:31Z,1821612026-08-10,18216,2026-08-10,CANCELED,,
2026-08-11T03:56:31Z,1821912026-08-10,18219,2026-08-10,CANCELED,,
2026-08-11T03:56:31Z,0029322026-08-11,00293,2026-08-11,CANCELED,,
2026-08-11T03:56:31Z,0029312026-08-11,00293,2026-08-11,CANCELED,,
2026-08-11T03:56:31Z,3709322026-08-10,37093,2026-08-10,CANCELED,,
2026-08-11T03:56:31Z,3709312026-08-10,37093,2026-08-10,CANCELED,,
2026-08-11T03:56:31Z,1810132026-08-10,18101,2026-08-10,CANCELED,,
2026-08-11T03:56:31Z,1810142026-08-10,18101,2026-08-10,CANCELED,,
2026-08-11T03:56:31Z,1810152026-08-10,18101,2026-08-10,CANCELED,,
2026-08-11T03:56:31Z,3739312026-08-10,37393,2026-08-10,CANCELED,,
2026-08-11T03:56:31Z,0080112026-08-11,00801,2026-08-11,CANCELED,,
2026-08-11T03:56:31Z,7187412026-08-10,71874,2026-08-10,CANCELED,,
2026-08-11T03:56:31Z,0029122026-08-11,00291,2026-08-11,CANCELED,,
2026-08-11T03:56:31Z,0029112026-08-11,00291,2026-08-11,CANCELED,,
2026-08-11T03:56:31Z,1810222026-08-10,18102,2026-08-10,CANCELED,,
2026-08-11T03:56:31Z,1810232026-08-10,18102,2026-08-10,CANCELED,,
2026-08-11T03:56:31Z,1810242026-08-10,18102,2026-08-10,CANCELED,,
2026-08-11T03:56:31Z,3709122026-08-10,37091,2026-08-10,CANCELED,,
2026-08-11T03:56:31Z,3709112026-08-10,37091,2026-08-10,CANCELED,,
2026-08-11T03:56:31Z,1810512026-08-10,18105,2026-08-10,CANCELED,,
2026-08-11T03:56:31Z,3739112026-08-10,37391,2026-08-10,CANCELED,,
2026-08-11T03:56:31Z,3810512026-08-10,38105,2026-08-10,CANCELED,,
2026-08-11T03:56:31Z,0027922026-08-11,00279,2026-08-11,CANCELED,,
2026-08-11T03:56:31Z,0027912026-08-11,00279,2026-08-11,CANCELED,,
2026-08-11T04:01:59Z,0807212026-08-10,08072,2026-08-10,SCHEDULED,-120,-2.0
2026-08-11T04:01:59Z,1572012026-08-10,15720,2026-08-10,SCHEDULED,120,2.0
2026-08-11T04:01:59Z,0405612026-08-11,04056,2026-08-11,SCHEDULED,0,0.0
2026-08-11T04:01:59Z,1577212026-08-10,15772,2026-08-10,SCHEDULED,60,1.0
2026-08-11T04:01:59Z,1268912026-08-10,12689,2026-08-10,SCHEDULED,120,2.0
2026-08-11T04:01:59Z,1770712026-08-10,17707,2026-08-10,SCHEDULED,60,1.0
2026-08-11T04:01:59Z,1454112026-08-10,14541,2026-08-10,SCHEDULED,180,3.0
2026-08-11T04:01:59Z,1804722026-08-10,18047,2026-08-10,SCHEDULED,240,4.0
2026-08-11T04:01:59Z,1500012026-08-10,15000,2026-08-10,SCHEDULED,0,0.0
2026-08-11T04:01:59Z,1807112026-08-10,18071,2026-08-10,SCHEDULED,0,0.0
2026-08-11T04:01:59Z,1505112026-08-10,15051,2026-08-10,SCHEDULED,0,0.0
2026-08-11T04:01:59Z,1806612026-08-10,18066,2026-08-10,SCHEDULED,0,0.0
2026-08-11T04:01:59Z,0411422026-08-11,04114,2026-08-11,SCHEDULED,60,1.0
2026-08-11T04:01:59Z,0411412026-08-11,04114,2026-08-11,SCHEDULED,60,1.0
2026-08-11T04:01:59Z,1812012026-08-10,18120,2026-08-10,SCHEDULED,60,1.0
2026-08-11T04:01:59Z,0206312026-08-10,02063,2026-08-10,SCHEDULED,180,3.0
2026-08-11T04:01:59Z,1530912026-08-10,15309,2026-08-10,SCHEDULED,-240,-4.0
2026-08-11T04:01:59Z,1562012026-08-10,15620,2026-08-10,SCHEDULED,180,3.0
2026-08-11T04:01:59Z,1251212026-08-10,12512,2026-08-10,SCHEDULED,120,2.0
2026-08-11T04:01:59Z,0306242026-08-10,03062,2026-08-10,SCHEDULED,120,2.0
2026-08-11T04:01:59Z,0306232026-08-10,03062,2026-08-10,SCHEDULED,120,2.0
2026-08-11T04:01:59Z,0306212026-08-10,03062,2026-08-10,SCHEDULED,120,2.0
2026-08-11T04:01:59Z,0306222026-08-10,03062,2026-08-10,SCHEDULED,120,2.0
2026-08-11T04:01:59Z,1812112026-08-10,18121,2026-08-10,SCHEDULED,-60,-1.0
2026-08-11T04:01:59Z,1831012026-08-10,18310,2026-08-10,SCHEDULED,0,0.0
2026-08-11T04:01:59Z,3586912026-08-10,35869,2026-08-10,SCHEDULED,60,1.0
2026-08-11T04:01:59Z,0306242026-08-10,03062,2026-08-10,SCHEDULED,60,1.0
2026-08-11T04:01:59Z,0306232026-08-10,03062,2026-08-10,SCHEDULED,60,1.0
2026-08-11T04:01:59Z,0306212026-08-10,03062,2026-08-10,SCHEDULED,60,1.0
2026-08-11T04:01:59Z,0306222026-08-10,03062,2026-08-10,SCHEDULED,60,1.0
2026-08-11T04:01:59Z,1891012026-08-10,18910,2026-08-10,SCHEDULED,120,2.0
2026-08-11T04:01:59Z,0406012026-08-10,04060,2026-08-10,SCHEDULED,0,0.0
2026-08-11T04:01:59Z,0415422026-08-10,04154,2026-08-10,SCHEDULED,0,0.0
2026-08-11T04:01:59Z,0415412026-08-10,04154,2026-08-10,SCHEDULED,0,0.0
2026-08-11T04:01:59Z,0506312026-08-10,05063,2026-08-10,SCHEDULED,0,0.0
2026-08-11T04:01:59Z,3727912026-08-10,37279,2026-08-10,CANCELED,,
2026-08-11T04:01:59Z,3822112026-08-10,38221,2026-08-10,CANCELED,,
2026-08-11T04:01:59Z,1300112026-08-11,13001,2026-08-11,CANCELED,,
2026-08-11T04:01:59Z,1722612026-08-10,17226,2026-08-10,CANCELED,,
2026-08-11T04:01:59Z,1565012026-08-10,15650,2026-08-10,CANCELED,,
2026-08-11T04:01:59Z,1803112026-08-10,18031,2026-08-10,CANCELED,,
2026-08-11T04:01:59Z,1565912026-08-10,15659,2026-08-10,CANCELED,,
2026-08-11T04:01:59Z,1803312026-08-10,18033,2026-08-10,CANCELED,,
2026-08-11T04:01:59Z,1817112026-08-10,18171,2026-08-10,CANCELED,,
2026-08-11T04:01:59Z,1803512026-08-10,18035,2026-08-10,CANCELED,,
2026-08-11T04:01:59Z,1704112026-08-10,17041,2026-08-10,CANCELED,,
2026-08-11T04:01:59Z,1803712026-08-10,18037,2026-08-10,CANCELED,,
2026-08-11T04:01:59Z,1721812026-08-10,17218,2026-08-10,CANCELED,,
2026-08-11T04:01:59Z,1804212026-08-10,18042,2026-08-10,CANCELED,,
2026-08-11T04:01:59Z,3821812026-08-10,38218,2026-08-10,CANCELED,,
2026-08-11T04:01:59Z,1804312026-08-10,18043,2026-08-10,CANCELED,,
2026-08-11T04:01:59Z,1722112026-08-10,17221,2026-08-10,CANCELED,,
2026-08-11T04:01:59Z,1821612026-08-10,18216,2026-08-10,CANCELED,,
2026-08-11T04:01:59Z,1821912026-08-10,18219,2026-08-10,CANCELED,,
2026-08-11T04:01:59Z,0029322026-08-11,00293,2026-08-11,CANCELED,,
2026-08-11T04:01:59Z,0029312026-08-11,00293,2026-08-11,CANCELED,,
2026-08-11T04:01:59Z,3709322026-08-10,37093,2026-08-10,CANCELED,,
2026-08-11T04:01:59Z,3709312026-08-10,37093,2026-08-10,CANCELED,,
2026-08-11T04:01:59Z,1810132026-08-10,18101,2026-08-10,CANCELED,,
2026-08-11T04:01:59Z,1810142026-08-10,18101,2026-08-10,CANCELED,,
2026-08-11T04:01:59Z,1810152026-08-10,18101,2026-08-10,CANCELED,,
2026-08-11T04:01:59Z,3739312026-08-10,37393,2026-08-10,CANCELED,,
2026-08-11T04:01:59Z,0080112026-08-11,00801,2026-08-11,CANCELED,,
2026-08-11T04:01:59Z,7187412026-08-10,71874,2026-08-10,CANCELED,,
2026-08-11T04:01:59Z,0029122026-08-11,00291,2026-08-11,CANCELED,,
2026-08-11T04:01:59Z,0029112026-08-11,00291,2026-08-11,CANCELED,,
2026-08-11T04:01:59Z,1810222026-08-10,18102,2026-08-10,CANCELED,,
2026-08-11T04:01:59Z,1810232026-08-10,18102,2026-08-10,CANCELED,,
2026-08-11T04:01:59Z,1810242026-08-10,18102,2026-08-10,CANCELED,,
2026-08-11T04:01:59Z,3709122026-08-10,37091,2026-08-10,CANCELED,,
2026-08-11T04:01:59Z,3709112026-08-10,37091,2026-08-10,CANCELED,,
2026-08-11T04:01:59Z,1810512026-08-10,18105,2026-08-10,CANCELED,,
2026-08-11T04:01:59Z,3739112026-08-10,37391,2026-08-10,CANCELED,,
2026-08-11T04:01:59Z,3810512026-08-10,38105,2026-08-10,CANCELED,,
2026-08-11T04:01:59Z,0027922026-08-11,00279,2026-08-11,CANCELED,,
2026-08-11T04:01:59Z,0027912026-08-11,00279,2026-08-11,CANCELED,,
2026-08-11T04:05:09Z,0807212026-08-10,08072,2026-08-10,SCHEDULED,-120,-2.0
2026-08-11T04:05:09Z,1572012026-08-10,15720,2026-08-10,SCHEDULED,120,2.0
2026-08-11T04:05:09Z,0405612026-08-11,04056,2026-08-11,SCHEDULED,0,0.0
2026-08-11T04:05:09Z,1577212026-08-10,15772,2026-08-10,SCHEDULED,0,0.0
2026-08-11T04:05:09Z,1710612026-08-10,17106,2026-08-10,SCHEDULED,120,2.0
2026-08-11T04:05:09Z,1241112026-08-10,12411,2026-08-10,SCHEDULED,0,0.0
2026-08-11T04:05:09Z,1268912026-08-10,12689,2026-08-10,SCHEDULED,120,2.0
2026-08-11T04:05:09Z,1770712026-08-10,17707,2026-08-10,SCHEDULED,60,1.0
2026-08-11T04:05:09Z,1320212026-08-10,13202,2026-08-10,SCHEDULED,60,1.0
2026-08-11T04:05:09Z,1804722026-08-10,18047,2026-08-10,SCHEDULED,240,4.0
2026-08-11T04:05:09Z,1454112026-08-10,14541,2026-08-10,SCHEDULED,360,6.0
2026-08-11T04:05:09Z,1807112026-08-10,18071,2026-08-10,SCHEDULED,-60,-1.0
2026-08-11T04:05:09Z,1500012026-08-10,15000,2026-08-10,SCHEDULED,0,0.0
2026-08-11T04:05:09Z,1806612026-08-10,18066,2026-08-10,SCHEDULED,0,0.0
2026-08-11T04:05:09Z,1505112026-08-10,15051,2026-08-10,SCHEDULED,0,0.0
2026-08-11T04:05:09Z,1891012026-08-10,18910,2026-08-10,SCHEDULED,120,2.0
2026-08-11T04:05:09Z,1530912026-08-10,15309,2026-08-10,SCHEDULED,-240,-4.0
2026-08-11T04:05:09Z,0411422026-08-11,04114,2026-08-11,SCHEDULED,60,1.0
2026-08-11T04:05:09Z,0411412026-08-11,04114,2026-08-11,SCHEDULED,60,1.0
2026-08-11T04:05:09Z,1562012026-08-10,15620,2026-08-10,SCHEDULED,180,3.0
2026-08-11T04:05:09Z,0206312026-08-10,02063,2026-08-10,SCHEDULED,300,5.0
2026-08-11T04:05:09Z,1251212026-08-10,12512,2026-08-10,SCHEDULED,180,3.0
2026-08-11T04:05:09Z,1812012026-08-10,18120,2026-08-10,SCHEDULED,60,1.0
2026-08-11T04:05:09Z,1812112026-08-10,18121,2026-08-10,SCHEDULED,-60,-1.0
2026-08-11T04:05:09Z,0306242026-08-10,03062,2026-08-10,SCHEDULED,120,2.0
2026-08-11T04:05:09Z,0306232026-08-10,03062,2026-08-10,SCHEDULED,120,2.0
2026-08-11T04:05:09Z,0306212026-08-10,03062,2026-08-10,SCHEDULED,120,2.0
2026-08-11T04:05:09Z,0306222026-08-10,03062,2026-08-10,SCHEDULED,120,2.0
2026-08-11T04:05:09Z,1831012026-08-10,18310,2026-08-10,SCHEDULED,0,0.0
2026-08-11T04:05:09Z,3586912026-08-10,35869,2026-08-10,SCHEDULED,60,1.0
2026-08-11T04:05:09Z,0306242026-08-10,03062,2026-08-10,SCHEDULED,60,1.0
2026-08-11T04:05:09Z,0306232026-08-10,03062,2026-08-10,SCHEDULED,60,1.0
2026-08-11T04:05:09Z,0306212026-08-10,03062,2026-08-10,SCHEDULED,60,1.0
2026-08-11T04:05:09Z,0306222026-08-10,03062,2026-08-10,SCHEDULED,60,1.0
2026-08-11T04:05:09Z,0406012026-08-10,04060,2026-08-10,SCHEDULED,-60,-1.0
2026-08-11T04:05:09Z,0415422026-08-10,04154,2026-08-10,SCHEDULED,0,0.0
2026-08-11T04:05:09Z,0415412026-08-10,04154,2026-08-10,SCHEDULED,0,0.0
2026-08-11T04:05:09Z,0506312026-08-10,05063,2026-08-10,SCHEDULED,0,0.0
2026-08-11T04:05:09Z,0587112026-08-10,05871,2026-08-10,SCHEDULED,60,1.0
2026-08-11T04:05:09Z,3727912026-08-10,37279,2026-08-10,CANCELED,,
2026-08-11T04:05:09Z,3822112026-08-10,38221,2026-08-10,CANCELED,,
2026-08-11T04:05:09Z,1300112026-08-11,13001,2026-08-11,CANCELED,,
2026-08-11T04:05:09Z,1722612026-08-10,17226,2026-08-10,CANCELED,,
2026-08-11T04:05:09Z,1565012026-08-10,15650,2026-08-10,CANCELED,,
2026-08-11T04:05:09Z,1803112026-08-10,18031,2026-08-10,CANCELED,,
2026-08-11T04:05:09Z,1565912026-08-10,15659,2026-08-10,CANCELED,,
2026-08-11T04:05:09Z,1803312026-08-10,18033,2026-08-10,CANCELED,,
2026-08-11T04:05:09Z,1817112026-08-10,18171,2026-08-10,CANCELED,,
2026-08-11T04:05:09Z,1803512026-08-10,18035,2026-08-10,CANCELED,,
2026-08-11T04:05:09Z,1704112026-08-10,17041,2026-08-10,CANCELED,,
2026-08-11T04:05:09Z,1803712026-08-10,18037,2026-08-10,CANCELED,,
2026-08-11T04:05:09Z,1721812026-08-10,17218,2026-08-10,CANCELED,,
2026-08-11T04:05:09Z,1804212026-08-10,18042,2026-08-10,CANCELED,,
2026-08-11T04:05:09Z,3821812026-08-10,38218,2026-08-10,CANCELED,,
2026-08-11T04:05:09Z,1804312026-08-10,18043,2026-08-10,CANCELED,,
2026-08-11T04:05:09Z,1722112026-08-10,17221,2026-08-10,CANCELED,,
2026-08-11T04:05:09Z,1821612026-08-10,18216,2026-08-10,CANCELED,,
2026-08-11T04:05:09Z,1821912026-08-10,18219,2026-08-10,CANCELED,,
2026-08-11T04:05:09Z,0029322026-08-11,00293,2026-08-11,CANCELED,,
2026-08-11T04:05:09Z,0029312026-08-11,00293,2026-08-11,CANCELED,,
2026-08-11T04:05:09Z,3709322026-08-10,37093,2026-08-10,CANCELED,,
2026-08-11T04:05:09Z,3709312026-08-10,37093,2026-08-10,CANCELED,,
2026-08-11T04:05:09Z,1810132026-08-10,18101,2026-08-10,CANCELED,,
2026-08-11T04:05:09Z,1810142026-08-10,18101,2026-08-10,CANCELED,,
2026-08-11T04:05:09Z,1810152026-08-10,18101,2026-08-10,CANCELED,,
2026-08-11T04:05:09Z,3739312026-08-10,37393,2026-08-10,CANCELED,,
2026-08-11T04:05:09Z,0080112026-08-11,00801,2026-08-11,CANCELED,,
2026-08-11T04:05:09Z,7187412026-08-10,71874,2026-08-10,CANCELED,,
2026-08-11T04:05:09Z,0029122026-08-11,00291,2026-08-11,CANCELED,,
2026-08-11T04:05:09Z,0029112026-08-11,00291,2026-08-11,CANCELED,,
2026-08-11T04:05:09Z,1810222026-08-10,18102,2026-08-10,CANCELED,,
2026-08-11T04:05:09Z,1810232026-08-10,18102,2026-08-10,CANCELED,,
2026-08-11T04:05:09Z,1810242026-08-10,18102,2026-08-10,CANCELED,,
2026-08-11T04:05:09Z,3709122026-08-10,37091,2026-08-10,CANCELED,,
2026-08-11T04:05:09Z,3709112026-08-10,37091,2026-08-10,CANCELED,,
2026-08-11T04:05:09Z,1810512026-08-10,18105,2026-08-10,CANCELED,,
2026-08-11T04:05:09Z,3739112026-08-10,37391,2026-08-10,CANCELED,,
2026-08-11T04:05:09Z,3810512026-08-10,38105,2026-08-10,CANCELED,,
2026-08-11T04:05:09Z,0027922026-08-11,00279,2026-08-11,CANCELED,,
2026-08-11T04:05:09Z,0027912026-08-11,00279,2026-08-11,CANCELED,,
2026-08-11T04:11:41Z,0587112026-08-10,05871,2026-08-10,SCHEDULED,180,3.0
2026-08-11T04:11:41Z,1770712026-08-10,17707,2026-08-10,SCHEDULED,120,2.0
2026-08-11T04:11:41Z,0807212026-08-10,08072,2026-08-10,SCHEDULED,-120,-2.0
2026-08-11T04:11:41Z,1804612026-08-10,18046,2026-08-10,SCHEDULED,60,1.0
2026-08-11T04:11:41Z,0906112026-08-10,09061,2026-08-10,SCHEDULED,-60,-1.0
2026-08-11T04:11:41Z,0405612026-08-11,04056,2026-08-11,SCHEDULED,300,5.0
2026-08-11T04:11:41Z,1804722026-08-10,18047,2026-08-10,SCHEDULED,420,7.0
2026-08-11T04:11:41Z,1241112026-08-10,12411,2026-08-10,SCHEDULED,120,2.0
2026-08-11T04:11:41Z,1806812026-08-10,18068,2026-08-10,SCHEDULED,-120,-2.0
2026-08-11T04:11:41Z,1268912026-08-10,12689,2026-08-10,SCHEDULED,120,2.0
2026-08-11T04:11:41Z,1807112026-08-10,18071,2026-08-10,SCHEDULED,-180,-3.0
2026-08-11T04:11:41Z,1320212026-08-10,13202,2026-08-10,SCHEDULED,60,1.0
2026-08-11T04:11:41Z,1572012026-08-10,15720,2026-08-10,SCHEDULED,120,2.0
2026-08-11T04:11:41Z,1454112026-08-10,14541,2026-08-10,SCHEDULED,360,6.0
2026-08-11T04:11:41Z,1577212026-08-10,15772,2026-08-10,SCHEDULED,0,0.0
2026-08-11T04:11:41Z,1500012026-08-10,15000,2026-08-10,SCHEDULED,60,1.0
2026-08-11T04:11:41Z,1710612026-08-10,17106,2026-08-10,SCHEDULED,120,2.0
2026-08-11T04:11:41Z,1505112026-08-10,15051,2026-08-10,SCHEDULED,0,0.0
2026-08-11T04:11:41Z,1891012026-08-10,18910,2026-08-10,SCHEDULED,120,2.0
2026-08-11T04:11:41Z,1530912026-08-10,15309,2026-08-10,SCHEDULED,-60,-1.0
2026-08-11T04:11:41Z,0411422026-08-11,04114,2026-08-11,SCHEDULED,60,1.0
2026-08-11T04:11:41Z,0411412026-08-11,04114,2026-08-11,SCHEDULED,60,1.0
2026-08-11T04:11:41Z,1562012026-08-10,15620,2026-08-10,SCHEDULED,180,3.0
2026-08-11T04:11:41Z,0206112026-08-10,02061,2026-08-10,SCHEDULED,300,5.0
2026-08-11T04:11:41Z,1251212026-08-10,12512,2026-08-10,SCHEDULED,180,3.0
2026-08-11T04:11:41Z,0206312026-08-10,02063,2026-08-10,SCHEDULED,300,5.0
2026-08-11T04:11:41Z,1806612026-08-10,18066,2026-08-10,SCHEDULED,180,3.0
2026-08-11T04:11:41Z,1812012026-08-10,18120,2026-08-10,SCHEDULED,60,1.0
2026-08-11T04:11:41Z,1812112026-08-10,18121,2026-08-10,SCHEDULED,0,0.0
2026-08-11T04:11:41Z,0306242026-08-10,03062,2026-08-10,SCHEDULED,120,2.0
2026-08-11T04:11:41Z,0306232026-08-10,03062,2026-08-10,SCHEDULED,120,2.0
2026-08-11T04:11:41Z,0306212026-08-10,03062,2026-08-10,SCHEDULED,120,2.0
2026-08-11T04:11:41Z,0306222026-08-10,03062,2026-08-10,SCHEDULED,120,2.0
2026-08-11T04:11:41Z,1831012026-08-10,18310,2026-08-10,SCHEDULED,0,0.0
2026-08-11T04:11:41Z,3586912026-08-10,35869,2026-08-10,SCHEDULED,180,3.0
2026-08-11T04:11:41Z,0306242026-08-10,03062,2026-08-10,SCHEDULED,60,1.0
2026-08-11T04:11:41Z,0306232026-08-10,03062,2026-08-10,SCHEDULED,60,1.0
2026-08-11T04:11:41Z,0306212026-08-10,03062,2026-08-10,SCHEDULED,60,1.0
2026-08-11T04:11:41Z,0306222026-08-10,03062,2026-08-10,SCHEDULED,60,1.0
2026-08-11T04:11:41Z,0406012026-08-10,04060,2026-08-10,SCHEDULED,-60,-1.0
2026-08-11T04:11:41Z,0446412026-08-10,04464,2026-08-10,SCHEDULED,0,0.0
2026-08-11T04:11:41Z,0415422026-08-10,04154,2026-08-10,SCHEDULED,-60,-1.0
2026-08-11T04:11:41Z,0415412026-08-10,04154,2026-08-10,SCHEDULED,-60,-1.0
2026-08-11T04:11:41Z,0506312026-08-10,05063,2026-08-10,SCHEDULED,0,0.0
2026-08-11T04:11:41Z,3822112026-08-10,38221,2026-08-10,CANCELED,,
2026-08-11T04:11:41Z,3727912026-08-10,37279,2026-08-10,CANCELED,,
2026-08-11T04:11:41Z,1722612026-08-10,17226,2026-08-10,CANCELED,,
2026-08-11T04:11:41Z,1300112026-08-11,13001,2026-08-11,CANCELED,,
2026-08-11T04:11:41Z,1803112026-08-10,18031,2026-08-10,CANCELED,,
2026-08-11T04:11:41Z,1565012026-08-10,15650,2026-08-10,CANCELED,,
2026-08-11T04:11:41Z,1803312026-08-10,18033,2026-08-10,CANCELED,,
2026-08-11T04:11:41Z,1565912026-08-10,15659,2026-08-10,CANCELED,,
2026-08-11T04:11:41Z,1803512026-08-10,18035,2026-08-10,CANCELED,,
2026-08-11T04:11:41Z,1817112026-08-10,18171,2026-08-10,CANCELED,,
2026-08-11T04:11:41Z,1704112026-08-10,17041,2026-08-10,CANCELED,,
2026-08-11T04:11:41Z,1803712026-08-10,18037,2026-08-10,CANCELED,,
2026-08-11T04:11:41Z,1721812026-08-10,17218,2026-08-10,CANCELED,,
2026-08-11T04:11:41Z,1804212026-08-10,18042,2026-08-10,CANCELED,,
2026-08-11T04:11:41Z,3821812026-08-10,38218,2026-08-10,CANCELED,,
2026-08-11T04:11:41Z,1804312026-08-10,18043,2026-08-10,CANCELED,,
2026-08-11T04:11:41Z,1722112026-08-10,17221,2026-08-10,CANCELED,,
2026-08-11T04:11:41Z,1821612026-08-10,18216,2026-08-10,CANCELED,,
2026-08-11T04:11:41Z,1821912026-08-10,18219,2026-08-10,CANCELED,,
2026-08-11T04:11:41Z,0029322026-08-11,00293,2026-08-11,CANCELED,,
2026-08-11T04:11:41Z,0029312026-08-11,00293,2026-08-11,CANCELED,,
2026-08-11T04:11:41Z,3709322026-08-10,37093,2026-08-10,CANCELED,,
2026-08-11T04:11:41Z,3709312026-08-10,37093,2026-08-10,CANCELED,,
2026-08-11T04:11:41Z,1810132026-08-10,18101,2026-08-10,CANCELED,,
2026-08-11T04:11:41Z,1810142026-08-10,18101,2026-08-10,CANCELED,,
2026-08-11T04:11:41Z,1810152026-08-10,18101,2026-08-10,CANCELED,,
2026-08-11T04:11:41Z,3739312026-08-10,37393,2026-08-10,CANCELED,,
2026-08-11T04:11:41Z,0080112026-08-11,00801,2026-08-11,CANCELED,,
2026-08-11T04:11:41Z,7187412026-08-10,71874,2026-08-10,CANCELED,,
2026-08-11T04:11:41Z,0029122026-08-11,00291,2026-08-11,CANCELED,,
2026-08-11T04:11:41Z,0029112026-08-11,00291,2026-08-11,CANCELED,,
2026-08-11T04:11:41Z,1810222026-08-10,18102,2026-08-10,CANCELED,,
2026-08-11T04:11:41Z,1810232026-08-10,18102,2026-08-10,CANCELED,,
2026-08-11T04:11:41Z,1810242026-08-10,18102,2026-08-10,CANCELED,,
2026-08-11T04:11:41Z,3709122026-08-10,37091,2026-08-10,CANCELED,,
2026-08-11T04:11:41Z,3709112026-08-10,37091,2026-08-10,CANCELED,,
2026-08-11T04:11:41Z,1810512026-08-10,18105,2026-08-10,CANCELED,,
2026-08-11T04:11:41Z,3739112026-08-10,37391,2026-08-10,CANCELED,,
2026-08-11T04:11:41Z,3810512026-08-10,38105,2026-08-10,CANCELED,,
2026-08-11T04:11:41Z,0027922026-08-11,00279,2026-08-11,CANCELED,,
2026-08-11T04:11:41Z,0027912026-08-11,00279,2026-08-11,CANCELED,,
2026-08-11T04:16:34Z,1770712026-08-10,17707,2026-08-10,SCHEDULED,60,1.0
2026-08-11T04:16:34Z,0587112026-08-10,05871,2026-08-10,SCHEDULED,120,2.0
2026-08-11T04:16:34Z,1803112026-08-10,18031,2026-08-10,SCHEDULED,0,0.0
2026-08-11T04:16:34Z,0807212026-08-10,08072,2026-08-10,SCHEDULED,-120,-2.0
2026-08-11T04:16:34Z,1804612026-08-10,18046,2026-08-10,SCHEDULED,180,3.0
2026-08-11T04:16:34Z,0906112026-08-10,09061,2026-08-10,SCHEDULED,-60,-1.0
2026-08-11T04:16:34Z,0405612026-08-11,04056,2026-08-11,SCHEDULED,120,2.0
2026-08-11T04:16:34Z,1804722026-08-10,18047,2026-08-10,SCHEDULED,480,8.0
2026-08-11T04:16:34Z,1241112026-08-10,12411,2026-08-10,SCHEDULED,0,0.0
2026-08-11T04:16:34Z,1808412026-08-10,18084,2026-08-10,SCHEDULED,60,1.0
2026-08-11T04:16:34Z,1268912026-08-10,12689,2026-08-10,SCHEDULED,120,2.0
2026-08-11T04:16:34Z,1320212026-08-10,13202,2026-08-10,SCHEDULED,180,3.0
2026-08-11T04:16:34Z,1806812026-08-10,18068,2026-08-10,SCHEDULED,0,0.0
2026-08-11T04:16:34Z,1572012026-08-10,15720,2026-08-10,SCHEDULED,120,2.0
2026-08-11T04:16:34Z,1500012026-08-10,15000,2026-08-10,SCHEDULED,120,2.0
2026-08-11T04:16:34Z,1577212026-08-10,15772,2026-08-10,SCHEDULED,0,0.0
2026-08-11T04:16:34Z,1500212026-08-10,15002,2026-08-10,SCHEDULED,60,1.0
2026-08-11T04:16:34Z,1702112026-08-10,17021,2026-08-10,SCHEDULED,120,2.0
2026-08-11T04:16:34Z,1505112026-08-10,15051,2026-08-10,SCHEDULED,0,0.0
2026-08-11T04:16:34Z,1710612026-08-10,17106,2026-08-10,SCHEDULED,120,2.0
2026-08-11T04:16:34Z,3586912026-08-10,35869,2026-08-10,SCHEDULED,120,2.0
2026-08-11T04:16:34Z,0411422026-08-11,04114,2026-08-11,SCHEDULED,60,1.0
2026-08-11T04:16:34Z,0411412026-08-11,04114,2026-08-11,SCHEDULED,60,1.0
2026-08-11T04:16:34Z,1891012026-08-10,18910,2026-08-10,SCHEDULED,120,2.0
2026-08-11T04:16:34Z,0206112026-08-10,02061,2026-08-10,SCHEDULED,300,5.0
2026-08-11T04:16:34Z,1530912026-08-10,15309,2026-08-10,SCHEDULED,-60,-1.0
2026-08-11T04:16:34Z,0206312026-08-10,02063,2026-08-10,SCHEDULED,300,5.0
2026-08-11T04:16:34Z,1562012026-08-10,15620,2026-08-10,SCHEDULED,180,3.0
2026-08-11T04:16:34Z,0206712026-08-10,02067,2026-08-10,SCHEDULED,0,0.0
2026-08-11T04:16:34Z,1251212026-08-10,12512,2026-08-10,SCHEDULED,120,2.0
2026-08-11T04:16:34Z,1807112026-08-10,18071,2026-08-10,SCHEDULED,-180,-3.0
2026-08-11T04:16:34Z,0306242026-08-10,03062,2026-08-10,SCHEDULED,120,2.0
2026-08-11T04:16:34Z,0306232026-08-10,03062,2026-08-10,SCHEDULED,120,2.0
2026-08-11T04:16:34Z,0306212026-08-10,03062,2026-08-10,SCHEDULED,120,2.0
2026-08-11T04:16:34Z,0306222026-08-10,03062,2026-08-10,SCHEDULED,120,2.0
2026-08-11T04:16:34Z,1806612026-08-10,18066,2026-08-10,SCHEDULED,120,2.0
2026-08-11T04:16:34Z,1812012026-08-10,18120,2026-08-10,SCHEDULED,0,0.0
2026-08-11T04:16:34Z,1812112026-08-10,18121,2026-08-10,SCHEDULED,-120,-2.0
2026-08-11T04:16:34Z,1831012026-08-10,18310,2026-08-10,SCHEDULED,0,0.0
2026-08-11T04:16:34Z,0306242026-08-10,03062,2026-08-10,SCHEDULED,60,1.0
2026-08-11T04:16:34Z,0306232026-08-10,03062,2026-08-10,SCHEDULED,60,1.0
2026-08-11T04:16:34Z,0306212026-08-10,03062,2026-08-10,SCHEDULED,60,1.0
2026-08-11T04:16:34Z,0306222026-08-10,03062,2026-08-10,SCHEDULED,60,1.0
2026-08-11T04:16:34Z,0406012026-08-10,04060,2026-08-10,SCHEDULED,-60,-1.0
2026-08-11T04:16:34Z,0446412026-08-10,04464,2026-08-10,SCHEDULED,0,0.0
2026-08-11T04:16:34Z,0415422026-08-10,04154,2026-08-10,SCHEDULED,-60,-1.0
2026-08-11T04:16:34Z,0415412026-08-10,04154,2026-08-10,SCHEDULED,-60,-1.0
2026-08-11T04:16:34Z,0506312026-08-10,05063,2026-08-10,SCHEDULED,60,1.0
2026-08-11T04:16:34Z,3822112026-08-10,38221,2026-08-10,CANCELED,,
2026-08-11T04:16:34Z,3727912026-08-10,37279,2026-08-10,CANCELED,,
2026-08-11T04:16:34Z,1722612026-08-10,17226,2026-08-10,CANCELED,,
2026-08-11T04:16:34Z,1300112026-08-11,13001,2026-08-11,CANCELED,,
2026-08-11T04:16:34Z,1803112026-08-10,18031,2026-08-10,CANCELED,,
2026-08-11T04:16:34Z,1565012026-08-10,15650,2026-08-10,CANCELED,,
2026-08-11T04:16:34Z,1803312026-08-10,18033,2026-08-10,CANCELED,,
2026-08-11T04:16:34Z,1565912026-08-10,15659,2026-08-10,CANCELED,,
2026-08-11T04:16:34Z,1817112026-08-10,18171,2026-08-10,CANCELED,,
2026-08-11T04:16:34Z,1803512026-08-10,18035,2026-08-10,CANCELED,,
2026-08-11T04:16:34Z,1704112026-08-10,17041,2026-08-10,CANCELED,,
2026-08-11T04:16:34Z,1803712026-08-10,18037,2026-08-10,CANCELED,,
2026-08-11T04:16:34Z,1721812026-08-10,17218,2026-08-10,CANCELED,,
2026-08-11T04:16:34Z,1804212026-08-10,18042,2026-08-10,CANCELED,,
2026-08-11T04:16:34Z,3821812026-08-10,38218,2026-08-10,CANCELED,,
2026-08-11T04:16:34Z,1804312026-08-10,18043,2026-08-10,CANCELED,,
2026-08-11T04:16:34Z,1722112026-08-10,17221,2026-08-10,CANCELED,,
2026-08-11T04:16:34Z,1821612026-08-10,18216,2026-08-10,CANCELED,,
2026-08-11T04:16:34Z,1821912026-08-10,18219,2026-08-10,CANCELED,,
2026-08-11T04:16:34Z,0029322026-08-11,00293,2026-08-11,CANCELED,,
2026-08-11T04:16:34Z,0029312026-08-11,00293,2026-08-11,CANCELED,,
2026-08-11T04:16:34Z,3709322026-08-10,37093,2026-08-10,CANCELED,,
2026-08-11T04:16:34Z,3709312026-08-10,37093,2026-08-10,CANCELED,,
2026-08-11T04:16:34Z,1810132026-08-10,18101,2026-08-10,CANCELED,,
2026-08-11T04:16:34Z,1810142026-08-10,18101,2026-08-10,CANCELED,,
2026-08-11T04:16:34Z,1810152026-08-10,18101,2026-08-10,CANCELED,,
2026-08-11T04:16:34Z,3739312026-08-10,37393,2026-08-10,CANCELED,,
2026-08-11T04:16:34Z,0080112026-08-11,00801,2026-08-11,CANCELED,,
2026-08-11T04:16:34Z,7187412026-08-10,71874,2026-08-10,CANCELED,,
2026-08-11T04:16:34Z,0029122026-08-11,00291,2026-08-11,CANCELED,,
2026-08-11T04:16:34Z,0029112026-08-11,00291,2026-08-11,CANCELED,,
2026-08-11T04:16:34Z,1810222026-08-10,18102,2026-08-10,CANCELED,,
2026-08-11T04:16:34Z,1810232026-08-10,18102,2026-08-10,CANCELED,,
2026-08-11T04:16:34Z,1810242026-08-10,18102,2026-08-10,CANCELED,,
2026-08-11T04:16:34Z,3709122026-08-10,37091,2026-08-10,CANCELED,,
2026-08-11T04:16:34Z,3709112026-08-10,37091,2026-08-10,CANCELED,,
2026-08-11T04:16:34Z,1810512026-08-10,18105,2026-08-10,CANCELED,,
2026-08-11T04:16:34Z,3739112026-08-10,37391,2026-08-10,CANCELED,,
2026-08-11T04:16:34Z,3810512026-08-10,38105,2026-08-10,CANCELED,,
2026-08-11T04:16:34Z,0027922026-08-11,00279,2026-08-11,CANCELED,,
2026-08-11T04:16:34Z,0027912026-08-11,00279,2026-08-11,CANCELED,,
2026-08-11T04:21:34Z,1577012026-08-10,15770,2026-08-10,SCHEDULED,60,1.0
2026-08-11T04:21:34Z,0807212026-08-10,08072,2026-08-10,SCHEDULED,0,0.0
2026-08-11T04:21:34Z,1577212026-08-10,15772,2026-08-10,SCHEDULED,0,0.0
2026-08-11T04:21:34Z,0906112026-08-10,09061,2026-08-10,SCHEDULED,-120,-2.0
2026-08-11T04:21:34Z,1590012026-08-10,15900,2026-08-10,SCHEDULED,60,1.0
2026-08-11T04:21:34Z,0405612026-08-11,04056,2026-08-11,SCHEDULED,120,2.0
2026-08-11T04:21:34Z,1702112026-08-10,17021,2026-08-10,SCHEDULED,120,2.0
2026-08-11T04:21:34Z,1241112026-08-10,12411,2026-08-10,SCHEDULED,0,0.0
2026-08-11T04:21:34Z,1710612026-08-10,17106,2026-08-10,SCHEDULED,120,2.0
2026-08-11T04:21:34Z,1268912026-08-10,12689,2026-08-10,SCHEDULED,300,5.0
2026-08-11T04:21:34Z,1770712026-08-10,17707,2026-08-10,SCHEDULED,60,1.0
2026-08-11T04:21:34Z,1320212026-08-10,13202,2026-08-10,SCHEDULED,180,3.0
2026-08-11T04:21:34Z,1803112026-08-10,18031,2026-08-10,SCHEDULED,0,0.0
2026-08-11T04:21:34Z,1500012026-08-10,15000,2026-08-10,SCHEDULED,120,2.0
2026-08-11T04:21:34Z,1804612026-08-10,18046,2026-08-10,SCHEDULED,180,3.0
2026-08-11T04:21:34Z,1500212026-08-10,15002,2026-08-10,SCHEDULED,60,1.0
2026-08-11T04:21:34Z,1505112026-08-10,15051,2026-08-10,SCHEDULED,120,2.0
2026-08-11T04:21:34Z,1804722026-08-10,18047,2026-08-10,SCHEDULED,480,8.0
2026-08-11T04:21:34Z,1572012026-08-10,15720,2026-08-10,SCHEDULED,180,3.0
2026-08-11T04:21:34Z,1808412026-08-10,18084,2026-08-10,SCHEDULED,60,1.0
2026-08-11T04:21:34Z,1806812026-08-10,18068,2026-08-10,SCHEDULED,60,1.0
2026-08-11T04:21:34Z,0411422026-08-11,04114,2026-08-11,SCHEDULED,120,2.0
2026-08-11T04:21:34Z,0411412026-08-11,04114,2026-08-11,SCHEDULED,120,2.0
2026-08-11T04:21:34Z,1807112026-08-10,18071,2026-08-10,SCHEDULED,0,0.0
2026-08-11T04:21:34Z,0206112026-08-10,02061,2026-08-10,SCHEDULED,360,6.0
2026-08-11T04:21:34Z,1807212026-08-10,18072,2026-08-10,SCHEDULED,0,0.0
2026-08-11T04:21:34Z,0206312026-08-10,02063,2026-08-10,SCHEDULED,300,5.0
2026-08-11T04:21:34Z,1806612026-08-10,18066,2026-08-10,SCHEDULED,120,2.0
2026-08-11T04:21:34Z,0206712026-08-10,02067,2026-08-10,SCHEDULED,0,0.0
2026-08-11T04:21:34Z,1812012026-08-10,18120,2026-08-10,SCHEDULED,0,0.0
2026-08-11T04:21:34Z,1812112026-08-10,18121,2026-08-10,SCHEDULED,-180,-3.0
2026-08-11T04:21:34Z,1831012026-08-10,18310,2026-08-10,SCHEDULED,180,3.0
2026-08-11T04:21:34Z,3586912026-08-10,35869,2026-08-10,SCHEDULED,120,2.0
2026-08-11T04:21:34Z,0306242026-08-10,03062,2026-08-10,SCHEDULED,120,2.0
2026-08-11T04:21:34Z,0306232026-08-10,03062,2026-08-10,SCHEDULED,120,2.0
2026-08-11T04:21:34Z,0306212026-08-10,03062,2026-08-10,SCHEDULED,120,2.0
2026-08-11T04:21:34Z,0306222026-08-10,03062,2026-08-10,SCHEDULED,120,2.0
2026-08-11T04:21:34Z,1891012026-08-10,18910,2026-08-10,SCHEDULED,120,2.0
2026-08-11T04:21:34Z,1530912026-08-10,15309,2026-08-10,SCHEDULED,0,0.0
2026-08-11T04:21:34Z,1503112026-08-10,15031,2026-08-10,SCHEDULED,0,0.0
2026-08-11T04:21:34Z,1562012026-08-10,15620,2026-08-10,SCHEDULED,180,3.0
2026-08-11T04:21:34Z,0306242026-08-10,03062,2026-08-10,SCHEDULED,60,1.0
2026-08-11T04:21:34Z,0306232026-08-10,03062,2026-08-10,SCHEDULED,60,1.0
2026-08-11T04:21:34Z,0306212026-08-10,03062,2026-08-10,SCHEDULED,60,1.0
2026-08-11T04:21:34Z,0306222026-08-10,03062,2026-08-10,SCHEDULED,60,1.0
2026-08-11T04:21:34Z,1251212026-08-10,12512,2026-08-10,SCHEDULED,180,3.0
2026-08-11T04:21:34Z,0406012026-08-10,04060,2026-08-10,SCHEDULED,60,1.0
2026-08-11T04:21:34Z,0446412026-08-10,04464,2026-08-10,SCHEDULED,0,0.0
2026-08-11T04:21:34Z,0415422026-08-10,04154,2026-08-10,SCHEDULED,-240,-4.0
2026-08-11T04:21:34Z,0415412026-08-10,04154,2026-08-10,SCHEDULED,-240,-4.0
2026-08-11T04:21:34Z,0506312026-08-10,05063,2026-08-10,SCHEDULED,60,1.0
2026-08-11T04:21:34Z,0566812026-08-10,05668,2026-08-10,SCHEDULED,60,1.0
2026-08-11T04:21:34Z,0587112026-08-10,05871,2026-08-10,SCHEDULED,180,3.0
2026-08-11T04:21:34Z,3727912026-08-10,37279,2026-08-10,CANCELED,,
2026-08-11T04:21:34Z,3822112026-08-10,38221,2026-08-10,CANCELED,,
2026-08-11T04:21:34Z,1300112026-08-11,13001,2026-08-11,CANCELED,,
2026-08-11T04:21:34Z,1722612026-08-10,17226,2026-08-10,CANCELED,,
2026-08-11T04:21:34Z,1565012026-08-10,15650,2026-08-10,CANCELED,,
2026-08-11T04:21:34Z,1803112026-08-10,18031,2026-08-10,CANCELED,,
2026-08-11T04:21:34Z,1803312026-08-10,18033,2026-08-10,CANCELED,,
2026-08-11T04:21:34Z,1565912026-08-10,15659,2026-08-10,CANCELED,,
2026-08-11T04:21:34Z,1803512026-08-10,18035,2026-08-10,CANCELED,,
2026-08-11T04:21:34Z,1817112026-08-10,18171,2026-08-10,CANCELED,,
2026-08-11T04:21:34Z,1803712026-08-10,18037,2026-08-10,CANCELED,,
2026-08-11T04:21:34Z,1704112026-08-10,17041,2026-08-10,CANCELED,,
2026-08-11T04:21:34Z,1721812026-08-10,17218,2026-08-10,CANCELED,,
2026-08-11T04:21:34Z,1804212026-08-10,18042,2026-08-10,CANCELED,,
2026-08-11T04:21:34Z,3821812026-08-10,38218,2026-08-10,CANCELED,,
2026-08-11T04:21:34Z,1804312026-08-10,18043,2026-08-10,CANCELED,,
2026-08-11T04:21:34Z,1722112026-08-10,17221,2026-08-10,CANCELED,,
2026-08-11T04:21:34Z,1821612026-08-10,18216,2026-08-10,CANCELED,,
2026-08-11T04:21:34Z,1821912026-08-10,18219,2026-08-10,CANCELED,,
2026-08-11T04:21:34Z,0029322026-08-11,00293,2026-08-11,CANCELED,,
2026-08-11T04:21:34Z,0029312026-08-11,00293,2026-08-11,CANCELED,,
2026-08-11T04:21:34Z,1810132026-08-10,18101,2026-08-10,CANCELED,,
2026-08-11T04:21:34Z,1810142026-08-10,18101,2026-08-10,CANCELED,,
2026-08-11T04:21:34Z,1810152026-08-10,18101,2026-08-10,CANCELED,,
2026-08-11T04:21:34Z,3709322026-08-10,37093,2026-08-10,CANCELED,,
2026-08-11T04:21:34Z,3709312026-08-10,37093,2026-08-10,CANCELED,,
2026-08-11T04:21:34Z,3739312026-08-10,37393,2026-08-10,CANCELED,,
2026-08-11T04:21:34Z,7187412026-08-10,71874,2026-08-10,CANCELED,,
2026-08-11T04:21:34Z,0080112026-08-11,00801,2026-08-11,CANCELED,,
2026-08-11T04:21:34Z,0029122026-08-11,00291,2026-08-11,CANCELED,,
2026-08-11T04:21:34Z,0029112026-08-11,00291,2026-08-11,CANCELED,,
2026-08-11T04:21:34Z,1810222026-08-10,18102,2026-08-10,CANCELED,,
2026-08-11T04:21:34Z,1810232026-08-10,18102,2026-08-10,CANCELED,,
2026-08-11T04:21:34Z,1810242026-08-10,18102,2026-08-10,CANCELED,,
2026-08-11T04:21:34Z,1810512026-08-10,18105,2026-08-10,CANCELED,,
2026-08-11T04:21:34Z,3709122026-08-10,37091,2026-08-10,CANCELED,,
2026-08-11T04:21:34Z,3709112026-08-10,37091,2026-08-10,CANCELED,,
2026-08-11T04:21:34Z,3810512026-08-10,38105,2026-08-10,CANCELED,,
2026-08-11T04:21:34Z,3739112026-08-10,37391,2026-08-10,CANCELED,,
2026-08-11T04:21:34Z,0027922026-08-11,00279,2026-08-11,CANCELED,,
2026-08-11T04:21:34Z,0027912026-08-11,00279,2026-08-11,CANCELED,,
2026-08-11T04:26:26Z,0807512026-08-10,08075,2026-08-10,SCHEDULED,120,2.0
2026-08-11T04:26:26Z,1577012026-08-10,15770,2026-08-10,SCHEDULED,0,0.0
2026-08-11T04:26:26Z,0847512026-08-10,08475,2026-08-10,SCHEDULED,120,2.0
2026-08-11T04:26:26Z,1577212026-08-10,15772,2026-08-10,SCHEDULED,60,1.0
2026-08-11T04:26:26Z,0865412026-08-10,08654,2026-08-10,SCHEDULED,60,1.0
2026-08-11T04:26:26Z,1590012026-08-10,15900,2026-08-10,SCHEDULED,180,3.0
2026-08-11T04:26:26Z,0807212026-08-10,08072,2026-08-10,SCHEDULED,0,0.0
2026-08-11T04:26:26Z,1702112026-08-10,17021,2026-08-10,SCHEDULED,120,2.0
2026-08-11T04:26:26Z,0906112026-08-10,09061,2026-08-10,SCHEDULED,-120,-2.0
2026-08-11T04:26:26Z,1703012026-08-10,17030,2026-08-10,SCHEDULED,60,1.0
2026-08-11T04:26:26Z,0405612026-08-11,04056,2026-08-11,SCHEDULED,180,3.0
2026-08-11T04:26:26Z,1710612026-08-10,17106,2026-08-10,SCHEDULED,120,2.0
2026-08-11T04:26:26Z,1241112026-08-10,12411,2026-08-10,SCHEDULED,0,0.0
2026-08-11T04:26:26Z,1770712026-08-10,17707,2026-08-10,SCHEDULED,60,1.0
2026-08-11T04:26:26Z,1268912026-08-10,12689,2026-08-10,SCHEDULED,300,5.0
2026-08-11T04:26:26Z,1780612026-08-10,17806,2026-08-10,SCHEDULED,0,0.0
2026-08-11T04:26:26Z,1320212026-08-10,13202,2026-08-10,SCHEDULED,180,3.0
2026-08-11T04:26:26Z,1803112026-08-10,18031,2026-08-10,SCHEDULED,0,0.0
2026-08-11T04:26:26Z,1500012026-08-10,15000,2026-08-10,SCHEDULED,180,3.0
2026-08-11T04:26:26Z,1804612026-08-10,18046,2026-08-10,SCHEDULED,420,7.0
2026-08-11T04:26:26Z,1500212026-08-10,15002,2026-08-10,SCHEDULED,-60,-1.0
2026-08-11T04:26:26Z,1804722026-08-10,18047,2026-08-10,SCHEDULED,480,8.0
2026-08-11T04:26:26Z,1505112026-08-10,15051,2026-08-10,SCHEDULED,120,2.0
2026-08-11T04:26:26Z,1808412026-08-10,18084,2026-08-10,SCHEDULED,60,1.0
2026-08-11T04:26:26Z,1572012026-08-10,15720,2026-08-10,SCHEDULED,180,3.0
2026-08-11T04:26:26Z,1806812026-08-10,18068,2026-08-10,SCHEDULED,-60,-1.0
2026-08-11T04:26:26Z,1807112026-08-10,18071,2026-08-10,SCHEDULED,-60,-1.0
2026-08-11T04:26:26Z,0411422026-08-11,04114,2026-08-11,SCHEDULED,120,2.0
2026-08-11T04:26:26Z,0411412026-08-11,04114,2026-08-11,SCHEDULED,120,2.0
2026-08-11T04:26:26Z,1807212026-08-10,18072,2026-08-10,SCHEDULED,60,1.0
2026-08-11T04:26:26Z,0206112026-08-10,02061,2026-08-10,SCHEDULED,360,6.0
2026-08-11T04:26:26Z,1530912026-08-10,15309,2026-08-10,SCHEDULED,0,0.0
2026-08-11T04:26:26Z,0206312026-08-10,02063,2026-08-10,SCHEDULED,180,3.0
2026-08-11T04:26:26Z,1503112026-08-10,15031,2026-08-10,SCHEDULED,-60,-1.0
2026-08-11T04:26:26Z,0206712026-08-10,02067,2026-08-10,SCHEDULED,60,1.0
2026-08-11T04:26:26Z,1447012026-08-10,14470,2026-08-10,SCHEDULED,300,5.0
2026-08-11T04:26:26Z,1562012026-08-10,15620,2026-08-10,SCHEDULED,240,4.0
2026-08-11T04:26:26Z,1562112026-08-10,15621,2026-08-10,SCHEDULED,240,4.0
2026-08-11T04:26:26Z,0306242026-08-10,03062,2026-08-10,SCHEDULED,120,2.0
2026-08-11T04:26:26Z,0306232026-08-10,03062,2026-08-10,SCHEDULED,120,2.0
2026-08-11T04:26:26Z,0306212026-08-10,03062,2026-08-10,SCHEDULED,120,2.0
2026-08-11T04:26:26Z,0306222026-08-10,03062,2026-08-10,SCHEDULED,120,2.0
2026-08-11T04:26:26Z,1563012026-08-10,15630,2026-08-10,SCHEDULED,0,0.0
2026-08-11T04:26:26Z,1251212026-08-10,12512,2026-08-10,SCHEDULED,180,3.0
2026-08-11T04:26:26Z,0306242026-08-10,03062,2026-08-10,SCHEDULED,60,1.0
2026-08-11T04:26:26Z,0306232026-08-10,03062,2026-08-10,SCHEDULED,60,1.0
2026-08-11T04:26:26Z,0306212026-08-10,03062,2026-08-10,SCHEDULED,60,1.0
2026-08-11T04:26:26Z,0306222026-08-10,03062,2026-08-10,SCHEDULED,60,1.0
2026-08-11T04:26:26Z,1806612026-08-10,18066,2026-08-10,SCHEDULED,120,2.0
2026-08-11T04:26:26Z,1812012026-08-10,18120,2026-08-10,SCHEDULED,-60,-1.0
2026-08-11T04:26:26Z,0366222026-08-10,03662,2026-08-10,SCHEDULED,0,0.0
2026-08-11T04:26:26Z,0366212026-08-10,03662,2026-08-10,SCHEDULED,0,0.0
2026-08-11T04:26:26Z,1812112026-08-10,18121,2026-08-10,SCHEDULED,-120,-2.0
2026-08-11T04:26:26Z,0406012026-08-10,04060,2026-08-10,SCHEDULED,120,2.0
2026-08-11T04:26:26Z,1831012026-08-10,18310,2026-08-10,SCHEDULED,120,2.0
2026-08-11T04:26:26Z,0408822026-08-11,04088,2026-08-11,SCHEDULED,0,0.0
2026-08-11T04:26:26Z,1877312026-08-10,18773,2026-08-10,SCHEDULED,0,0.0
2026-08-11T04:26:26Z,0446412026-08-10,04464,2026-08-10,SCHEDULED,-60,-1.0
2026-08-11T04:26:26Z,3586912026-08-10,35869,2026-08-10,SCHEDULED,120,2.0
2026-08-11T04:26:26Z,1891012026-08-10,18910,2026-08-10,SCHEDULED,120,2.0
2026-08-11T04:26:26Z,0415422026-08-10,04154,2026-08-10,SCHEDULED,0,0.0
2026-08-11T04:26:26Z,0415412026-08-10,04154,2026-08-10,SCHEDULED,0,0.0
2026-08-11T04:26:26Z,1443312026-08-10,14433,2026-08-10,SCHEDULED,0,0.0
2026-08-11T04:26:26Z,0506312026-08-10,05063,2026-08-10,SCHEDULED,60,1.0
2026-08-11T04:26:26Z,0566812026-08-10,05668,2026-08-10,SCHEDULED,60,1.0
2026-08-11T04:26:26Z,0587112026-08-10,05871,2026-08-10,SCHEDULED,180,3.0
2026-08-11T04:26:26Z,0805812026-08-10,08058,2026-08-10,SCHEDULED,120,2.0
2026-08-11T04:26:26Z,3727912026-08-10,37279,2026-08-10,CANCELED,,
2026-08-11T04:26:26Z,1803312026-08-10,18033,2026-08-10,CANCELED,,
2026-08-11T04:26:26Z,1300112026-08-11,13001,2026-08-11,CANCELED,,
2026-08-11T04:26:26Z,1803512026-08-10,18035,2026-08-10,CANCELED,,
2026-08-11T04:26:26Z,1565012026-08-10,15650,2026-08-10,CANCELED,,
2026-08-11T04:26:26Z,1803712026-08-10,18037,2026-08-10,CANCELED,,
2026-08-11T04:26:26Z,1804212026-08-10,18042,2026-08-10,CANCELED,,
2026-08-11T04:26:26Z,1565912026-08-10,15659,2026-08-10,CANCELED,,
2026-08-11T04:26:26Z,1817112026-08-10,18171,2026-08-10,CANCELED,,
2026-08-11T04:26:26Z,1804312026-08-10,18043,2026-08-10,CANCELED,,
2026-08-11T04:26:26Z,1704112026-08-10,17041,2026-08-10,CANCELED,,
2026-08-11T04:26:26Z,3822112026-08-10,38221,2026-08-10,CANCELED,,
2026-08-11T04:26:26Z,1722612026-08-10,17226,2026-08-10,CANCELED,,
2026-08-11T04:26:26Z,1721812026-08-10,17218,2026-08-10,CANCELED,,
2026-08-11T04:26:26Z,1722712026-08-10,17227,2026-08-10,CANCELED,,
2026-08-11T04:26:26Z,3821812026-08-10,38218,2026-08-10,CANCELED,,
2026-08-11T04:26:26Z,1803112026-08-10,18031,2026-08-10,CANCELED,,
2026-08-11T04:26:26Z,1722112026-08-10,17221,2026-08-10,CANCELED,,
2026-08-11T04:26:26Z,1821612026-08-10,18216,2026-08-10,CANCELED,,
2026-08-11T04:26:26Z,1821912026-08-10,18219,2026-08-10,CANCELED,,
2026-08-11T04:26:26Z,0029322026-08-11,00293,2026-08-11,CANCELED,,
2026-08-11T04:26:26Z,0029312026-08-11,00293,2026-08-11,CANCELED,,
2026-08-11T04:26:26Z,3709322026-08-10,37093,2026-08-10,CANCELED,,
2026-08-11T04:26:26Z,3709312026-08-10,37093,2026-08-10,CANCELED,,
2026-08-11T04:26:26Z,1810132026-08-10,18101,2026-08-10,CANCELED,,
2026-08-11T04:26:26Z,1810142026-08-10,18101,2026-08-10,CANCELED,,
2026-08-11T04:26:26Z,1810152026-08-10,18101,2026-08-10,CANCELED,,
2026-08-11T04:26:26Z,3739312026-08-10,37393,2026-08-10,CANCELED,,
2026-08-11T04:26:26Z,0080112026-08-11,00801,2026-08-11,CANCELED,,
2026-08-11T04:26:26Z,7187412026-08-10,71874,2026-08-10,CANCELED,,
2026-08-11T04:26:26Z,0029122026-08-11,00291,2026-08-11,CANCELED,,
2026-08-11T04:26:26Z,0029112026-08-11,00291,2026-08-11,CANCELED,,
2026-08-11T04:26:26Z,3709122026-08-10,37091,2026-08-10,CANCELED,,
2026-08-11T04:26:26Z,3709112026-08-10,37091,2026-08-10,CANCELED,,
2026-08-11T04:26:26Z,1810222026-08-10,18102,2026-08-10,CANCELED,,
2026-08-11T04:26:26Z,1810232026-08-10,18102,2026-08-10,CANCELED,,
2026-08-11T04:26:26Z,1810242026-08-10,18102,2026-08-10,CANCELED,,
2026-08-11T04:26:26Z,3739112026-08-10,37391,2026-08-10,CANCELED,,
2026-08-11T04:26:26Z,1810512026-08-10,18105,2026-08-10,CANCELED,,
2026-08-11T04:26:26Z,3810512026-08-10,38105,2026-08-10,CANCELED,,
2026-08-11T04:26:26Z,0027922026-08-11,00279,2026-08-11,CANCELED,,
2026-08-11T04:26:26Z,0027912026-08-11,00279,2026-08-11,CANCELED,,
2026-08-11T04:31:39Z,1564612026-08-10,15646,2026-08-10,SCHEDULED,0,0.0
2026-08-11T04:31:39Z,0805812026-08-10,08058,2026-08-10,SCHEDULED,120,2.0
2026-08-11T04:31:39Z,1572012026-08-10,15720,2026-08-10,SCHEDULED,-120,-2.0
2026-08-11T04:31:39Z,0807512026-08-10,08075,2026-08-10,SCHEDULED,60,1.0
2026-08-11T04:31:39Z,1577012026-08-10,15770,2026-08-10,SCHEDULED,0,0.0
2026-08-11T04:31:39Z,0826012026-08-10,08260,2026-08-10,SCHEDULED,0,0.0
2026-08-11T04:31:39Z,1577212026-08-10,15772,2026-08-10,SCHEDULED,60,1.0
2026-08-11T04:31:39Z,0847512026-08-10,08475,2026-08-10,SCHEDULED,60,1.0
2026-08-11T04:31:39Z,1590012026-08-10,15900,2026-08-10,SCHEDULED,240,4.0
2026-08-11T04:31:39Z,0865412026-08-10,08654,2026-08-10,SCHEDULED,60,1.0
2026-08-11T04:31:39Z,1702112026-08-10,17021,2026-08-10,SCHEDULED,120,2.0
2026-08-11T04:31:39Z,0807212026-08-10,08072,2026-08-10,SCHEDULED,0,0.0
2026-08-11T04:31:39Z,1703012026-08-10,17030,2026-08-10,SCHEDULED,120,2.0
2026-08-11T04:31:39Z,0906112026-08-10,09061,2026-08-10,SCHEDULED,-120,-2.0
2026-08-11T04:31:39Z,1710612026-08-10,17106,2026-08-10,SCHEDULED,120,2.0
2026-08-11T04:31:39Z,0405612026-08-11,04056,2026-08-11,SCHEDULED,-60,-1.0
2026-08-11T04:31:39Z,1750312026-08-10,17503,2026-08-10,SCHEDULED,0,0.0
2026-08-11T04:31:39Z,1241112026-08-10,12411,2026-08-10,SCHEDULED,180,3.0
2026-08-11T04:31:39Z,1770312026-08-10,17703,2026-08-10,SCHEDULED,60,1.0
2026-08-11T04:31:39Z,1268912026-08-10,12689,2026-08-10,SCHEDULED,240,4.0
2026-08-11T04:31:39Z,1770712026-08-10,17707,2026-08-10,SCHEDULED,120,2.0
2026-08-11T04:31:39Z,1395112026-08-10,13951,2026-08-10,SCHEDULED,180,3.0
2026-08-11T04:31:39Z,1780612026-08-10,17806,2026-08-10,SCHEDULED,0,0.0
2026-08-11T04:31:39Z,1320212026-08-10,13202,2026-08-10,SCHEDULED,420,7.0
2026-08-11T04:31:39Z,1803112026-08-10,18031,2026-08-10,SCHEDULED,0,0.0
2026-08-11T04:31:39Z,1500012026-08-10,15000,2026-08-10,SCHEDULED,180,3.0
2026-08-11T04:31:39Z,1500212026-08-10,15002,2026-08-10,SCHEDULED,0,0.0
2026-08-11T04:31:39Z,1804612026-08-10,18046,2026-08-10,SCHEDULED,420,7.0
2026-08-11T04:31:39Z,1505112026-08-10,15051,2026-08-10,SCHEDULED,120,2.0
2026-08-11T04:31:39Z,1804722026-08-10,18047,2026-08-10,SCHEDULED,540,9.0
2026-08-11T04:31:39Z,1805412026-08-10,18054,2026-08-10,SCHEDULED,0,0.0
2026-08-11T04:31:39Z,0411422026-08-11,04114,2026-08-11,SCHEDULED,0,0.0
2026-08-11T04:31:39Z,0411412026-08-11,04114,2026-08-11,SCHEDULED,0,0.0
2026-08-11T04:31:39Z,1806812026-08-10,18068,2026-08-10,SCHEDULED,0,0.0
2026-08-11T04:31:39Z,0206112026-08-10,02061,2026-08-10,SCHEDULED,540,9.0
2026-08-11T04:31:39Z,1807112026-08-10,18071,2026-08-10,SCHEDULED,60,1.0
2026-08-11T04:31:39Z,0206312026-08-10,02063,2026-08-10,SCHEDULED,180,3.0
2026-08-11T04:31:39Z,1807212026-08-10,18072,2026-08-10,SCHEDULED,60,1.0
2026-08-11T04:31:39Z,0206712026-08-10,02067,2026-08-10,SCHEDULED,60,1.0
2026-08-11T04:31:39Z,1806612026-08-10,18066,2026-08-10,SCHEDULED,60,1.0
2026-08-11T04:31:39Z,1812012026-08-10,18120,2026-08-10,SCHEDULED,-120,-2.0
2026-08-11T04:31:39Z,1812112026-08-10,18121,2026-08-10,SCHEDULED,-60,-1.0
2026-08-11T04:31:39Z,0306242026-08-10,03062,2026-08-10,SCHEDULED,180,3.0
2026-08-11T04:31:39Z,0306232026-08-10,03062,2026-08-10,SCHEDULED,180,3.0
2026-08-11T04:31:39Z,0306212026-08-10,03062,2026-08-10,SCHEDULED,180,3.0
2026-08-11T04:31:39Z,0306222026-08-10,03062,2026-08-10,SCHEDULED,180,3.0
2026-08-11T04:31:39Z,1831012026-08-10,18310,2026-08-10,SCHEDULED,240,4.0
2026-08-11T04:31:39Z,1877312026-08-10,18773,2026-08-10,SCHEDULED,0,0.0
2026-08-11T04:31:39Z,3586912026-08-10,35869,2026-08-10,SCHEDULED,120,2.0
2026-08-11T04:31:39Z,1891012026-08-10,18910,2026-08-10,SCHEDULED,180,3.0
2026-08-11T04:31:39Z,0306242026-08-10,03062,2026-08-10,SCHEDULED,180,3.0
2026-08-11T04:31:39Z,0306232026-08-10,03062,2026-08-10,SCHEDULED,180,3.0
2026-08-11T04:31:39Z,0306212026-08-10,03062,2026-08-10,SCHEDULED,180,3.0
2026-08-11T04:31:39Z,0306222026-08-10,03062,2026-08-10,SCHEDULED,180,3.0
2026-08-11T04:31:39Z,1443312026-08-10,14433,2026-08-10,SCHEDULED,120,2.0
2026-08-11T04:31:39Z,1530912026-08-10,15309,2026-08-10,SCHEDULED,60,1.0
2026-08-11T04:31:39Z,1503112026-08-10,15031,2026-08-10,SCHEDULED,-60,-1.0
2026-08-11T04:31:39Z,1447012026-08-10,14470,2026-08-10,SCHEDULED,300,5.0
2026-08-11T04:31:39Z,0331112026-08-10,03311,2026-08-10,SCHEDULED,60,1.0
2026-08-11T04:31:39Z,0331122026-08-10,03311,2026-08-10,SCHEDULED,60,1.0
2026-08-11T04:31:39Z,0331132026-08-10,03311,2026-08-10,SCHEDULED,60,1.0
2026-08-11T04:31:39Z,1562012026-08-10,15620,2026-08-10,SCHEDULED,240,4.0
2026-08-11T04:31:39Z,0366222026-08-10,03662,2026-08-10,SCHEDULED,0,0.0
2026-08-11T04:31:39Z,0366212026-08-10,03662,2026-08-10,SCHEDULED,0,0.0
2026-08-11T04:31:39Z,1562112026-08-10,15621,2026-08-10,SCHEDULED,240,4.0
2026-08-11T04:31:39Z,0406012026-08-10,04060,2026-08-10,SCHEDULED,60,1.0
2026-08-11T04:31:39Z,1563012026-08-10,15630,2026-08-10,SCHEDULED,0,0.0
2026-08-11T04:31:39Z,0408822026-08-11,04088,2026-08-11,SCHEDULED,0,0.0
2026-08-11T04:31:39Z,1251212026-08-10,12512,2026-08-10,SCHEDULED,180,3.0
2026-08-11T04:31:39Z,0446412026-08-10,04464,2026-08-10,SCHEDULED,-120,-2.0
2026-08-11T04:31:39Z,0415422026-08-10,04154,2026-08-10,SCHEDULED,0,0.0
2026-08-11T04:31:39Z,0415412026-08-10,04154,2026-08-10,SCHEDULED,0,0.0
2026-08-11T04:31:39Z,0486822026-08-11,04868,2026-08-11,SCHEDULED,60,1.0
2026-08-11T04:31:39Z,0486812026-08-11,04868,2026-08-11,SCHEDULED,60,1.0
2026-08-11T04:31:39Z,0506312026-08-10,05063,2026-08-10,SCHEDULED,0,0.0
2026-08-11T04:31:39Z,0566812026-08-10,05668,2026-08-10,SCHEDULED,60,1.0
2026-08-11T04:31:39Z,0576312026-08-10,05763,2026-08-10,SCHEDULED,0,0.0
2026-08-11T04:31:39Z,0576322026-08-10,05763,2026-08-10,SCHEDULED,0,0.0
2026-08-11T04:31:39Z,0576332026-08-10,05763,2026-08-10,SCHEDULED,0,0.0
2026-08-11T04:31:39Z,0587112026-08-10,05871,2026-08-10,SCHEDULED,180,3.0
2026-08-11T04:31:39Z,3727912026-08-10,37279,2026-08-10,CANCELED,,
2026-08-11T04:31:39Z,1803312026-08-10,18033,2026-08-10,CANCELED,,
2026-08-11T04:31:39Z,1300112026-08-11,13001,2026-08-11,CANCELED,,
2026-08-11T04:31:39Z,1803512026-08-10,18035,2026-08-10,CANCELED,,
2026-08-11T04:31:39Z,1565012026-08-10,15650,2026-08-10,CANCELED,,
2026-08-11T04:31:39Z,1803712026-08-10,18037,2026-08-10,CANCELED,,
2026-08-11T04:31:39Z,1565912026-08-10,15659,2026-08-10,CANCELED,,
2026-08-11T04:31:39Z,1804212026-08-10,18042,2026-08-10,CANCELED,,
2026-08-11T04:31:39Z,1817112026-08-10,18171,2026-08-10,CANCELED,,
2026-08-11T04:31:39Z,1804312026-08-10,18043,2026-08-10,CANCELED,,
2026-08-11T04:31:39Z,1704112026-08-10,17041,2026-08-10,CANCELED,,
2026-08-11T04:31:39Z,3822112026-08-10,38221,2026-08-10,CANCELED,,
2026-08-11T04:31:39Z,1721812026-08-10,17218,2026-08-10,CANCELED,,
2026-08-11T04:31:39Z,1722612026-08-10,17226,2026-08-10,CANCELED,,
2026-08-11T04:31:39Z,3821812026-08-10,38218,2026-08-10,CANCELED,,
2026-08-11T04:31:39Z,1722712026-08-10,17227,2026-08-10,CANCELED,,
2026-08-11T04:31:39Z,1722112026-08-10,17221,2026-08-10,CANCELED,,
2026-08-11T04:31:39Z,1803112026-08-10,18031,2026-08-10,CANCELED,,
2026-08-11T04:31:39Z,1821612026-08-10,18216,2026-08-10,CANCELED,,
2026-08-11T04:31:39Z,0029322026-08-11,00293,2026-08-11,CANCELED,,
2026-08-11T04:31:39Z,0029312026-08-11,00293,2026-08-11,CANCELED,,
2026-08-11T04:31:39Z,1821912026-08-10,18219,2026-08-10,CANCELED,,
2026-08-11T04:31:39Z,3709322026-08-10,37093,2026-08-10,CANCELED,,
2026-08-11T04:31:39Z,3709312026-08-10,37093,2026-08-10,CANCELED,,
2026-08-11T04:31:39Z,3739312026-08-10,37393,2026-08-10,CANCELED,,
2026-08-11T04:31:39Z,1810132026-08-10,18101,2026-08-10,CANCELED,,
2026-08-11T04:31:39Z,1810142026-08-10,18101,2026-08-10,CANCELED,,
2026-08-11T04:31:39Z,1810152026-08-10,18101,2026-08-10,CANCELED,,
2026-08-11T04:31:39Z,0080112026-08-11,00801,2026-08-11,CANCELED,,
2026-08-11T04:31:39Z,7187412026-08-10,71874,2026-08-10,CANCELED,,
2026-08-11T04:31:39Z,0029122026-08-11,00291,2026-08-11,CANCELED,,
2026-08-11T04:31:39Z,0029112026-08-11,00291,2026-08-11,CANCELED,,
2026-08-11T04:31:39Z,3709122026-08-10,37091,2026-08-10,CANCELED,,
2026-08-11T04:31:39Z,3709112026-08-10,37091,2026-08-10,CANCELED,,
2026-08-11T04:31:39Z,1810222026-08-10,18102,2026-08-10,CANCELED,,
2026-08-11T04:31:39Z,1810232026-08-10,18102,2026-08-10,CANCELED,,
2026-08-11T04:31:39Z,1810242026-08-10,18102,2026-08-10,CANCELED,,
2026-08-11T04:31:39Z,3739112026-08-10,37391,2026-08-10,CANCELED,,
2026-08-11T04:31:39Z,1810512026-08-10,18105,2026-08-10,CANCELED,,
2026-08-11T04:31:39Z,3810512026-08-10,38105,2026-08-10,CANCELED,,
2026-08-11T04:31:39Z,0027922026-08-11,00279,2026-08-11,CANCELED,,
2026-08-11T04:31:39Z,0027912026-08-11,00279,2026-08-11,CANCELED,,
2026-08-11T04:36:31Z,1710612026-08-10,17106,2026-08-10,SCHEDULED,0,0.0
2026-08-11T04:36:31Z,1710012026-08-10,17100,2026-08-10,SCHEDULED,120,2.0
2026-08-11T04:36:31Z,0576312026-08-10,05763,2026-08-10,SCHEDULED,0,0.0
2026-08-11T04:36:31Z,0576322026-08-10,05763,2026-08-10,SCHEDULED,0,0.0
2026-08-11T04:36:31Z,0576332026-08-10,05763,2026-08-10,SCHEDULED,0,0.0
2026-08-11T04:36:31Z,1750312026-08-10,17503,2026-08-10,SCHEDULED,0,0.0
2026-08-11T04:36:31Z,0587112026-08-10,05871,2026-08-10,SCHEDULED,300,5.0
2026-08-11T04:36:31Z,1770312026-08-10,17703,2026-08-10,SCHEDULED,60,1.0
2026-08-11T04:36:31Z,0805812026-08-10,08058,2026-08-10,SCHEDULED,60,1.0
2026-08-11T04:36:31Z,1770712026-08-10,17707,2026-08-10,SCHEDULED,120,2.0
2026-08-11T04:36:31Z,0807512026-08-10,08075,2026-08-10,SCHEDULED,60,1.0
2026-08-11T04:36:31Z,1780612026-08-10,17806,2026-08-10,SCHEDULED,0,0.0
2026-08-11T04:36:31Z,0826012026-08-10,08260,2026-08-10,SCHEDULED,0,0.0
2026-08-11T04:36:31Z,1803112026-08-10,18031,2026-08-10,SCHEDULED,0,0.0
2026-08-11T04:36:31Z,0826112026-08-10,08261,2026-08-10,SCHEDULED,240,4.0
2026-08-11T04:36:31Z,1804612026-08-10,18046,2026-08-10,SCHEDULED,420,7.0
2026-08-11T04:36:31Z,0847512026-08-10,08475,2026-08-10,SCHEDULED,60,1.0
2026-08-11T04:36:31Z,0865412026-08-10,08654,2026-08-10,SCHEDULED,-120,-2.0
2026-08-11T04:36:31Z,1804722026-08-10,18047,2026-08-10,SCHEDULED,420,7.0
2026-08-11T04:36:31Z,0807212026-08-10,08072,2026-08-10,SCHEDULED,0,0.0
2026-08-11T04:36:31Z,1805412026-08-10,18054,2026-08-10,SCHEDULED,0,0.0
2026-08-11T04:36:31Z,0906112026-08-10,09061,2026-08-10,SCHEDULED,0,0.0
2026-08-11T04:36:31Z,1505112026-08-10,15051,2026-08-10,SCHEDULED,120,2.0
2026-08-11T04:36:31Z,1564612026-08-10,15646,2026-08-10,SCHEDULED,0,0.0
2026-08-11T04:36:31Z,0907222026-08-10,09072,2026-08-10,SCHEDULED,0,0.0
2026-08-11T04:36:31Z,0907212026-08-10,09072,2026-08-10,SCHEDULED,0,0.0
2026-08-11T04:36:31Z,1572012026-08-10,15720,2026-08-10,SCHEDULED,-120,-2.0
2026-08-11T04:36:31Z,0405612026-08-11,04056,2026-08-11,SCHEDULED,0,0.0
2026-08-11T04:36:31Z,1575112026-08-10,15751,2026-08-10,SCHEDULED,0,0.0
2026-08-11T04:36:31Z,1241112026-08-10,12411,2026-08-10,SCHEDULED,180,3.0
2026-08-11T04:36:31Z,1577012026-08-10,15770,2026-08-10,SCHEDULED,0,0.0
2026-08-11T04:36:31Z,1268912026-08-10,12689,2026-08-10,SCHEDULED,240,4.0
2026-08-11T04:36:31Z,1577212026-08-10,15772,2026-08-10,SCHEDULED,60,1.0
2026-08-11T04:36:31Z,1304112026-08-10,13041,2026-08-10,SCHEDULED,0,0.0
2026-08-11T04:36:31Z,1590012026-08-10,15900,2026-08-10,SCHEDULED,240,4.0
2026-08-11T04:36:31Z,1702112026-08-10,17021,2026-08-10,SCHEDULED,120,2.0
2026-08-11T04:36:31Z,1308412026-08-10,13084,2026-08-10,SCHEDULED,60,1.0
2026-08-11T04:36:31Z,1395112026-08-10,13951,2026-08-10,SCHEDULED,240,4.0
2026-08-11T04:36:31Z,1703012026-08-10,17030,2026-08-10,SCHEDULED,60,1.0
2026-08-11T04:36:31Z,1320212026-08-10,13202,2026-08-10,SCHEDULED,420,7.0
2026-08-11T04:36:31Z,1443312026-08-10,14433,2026-08-10,SCHEDULED,0,0.0
2026-08-11T04:36:31Z,1500012026-08-10,15000,2026-08-10,SCHEDULED,180,3.0
2026-08-11T04:36:31Z,1530912026-08-10,15309,2026-08-10,SCHEDULED,0,0.0
2026-08-11T04:36:31Z,1500212026-08-10,15002,2026-08-10,SCHEDULED,0,0.0
2026-08-11T04:36:31Z,1503022026-08-10,15030,2026-08-10,SCHEDULED,0,0.0
2026-08-11T04:36:31Z,1503112026-08-10,15031,2026-08-10,SCHEDULED,0,0.0
2026-08-11T04:36:31Z,1447012026-08-10,14470,2026-08-10,SCHEDULED,300,5.0
2026-08-11T04:36:31Z,0411422026-08-11,04114,2026-08-11,SCHEDULED,-240,-4.0
2026-08-11T04:36:31Z,0411412026-08-11,04114,2026-08-11,SCHEDULED,-240,-4.0
2026-08-11T04:36:31Z,0947012026-08-10,09470,2026-08-10,SCHEDULED,0,0.0
2026-08-11T04:36:31Z,0075222026-08-11,00752,2026-08-11,SCHEDULED,360,6.0
2026-08-11T04:36:31Z,0075212026-08-11,00752,2026-08-11,SCHEDULED,360,6.0
2026-08-11T04:36:31Z,1562012026-08-10,15620,2026-08-10,SCHEDULED,240,4.0
2026-08-11T04:36:31Z,1562112026-08-10,15621,2026-08-10,SCHEDULED,240,4.0
2026-08-11T04:36:31Z,0075222026-08-11,00752,2026-08-11,SCHEDULED,0,0.0
2026-08-11T04:36:31Z,0075212026-08-11,00752,2026-08-11,SCHEDULED,0,0.0
2026-08-11T04:36:31Z,1563012026-08-10,15630,2026-08-10,SCHEDULED,60,1.0
2026-08-11T04:36:31Z,0107212026-08-10,01072,2026-08-10,SCHEDULED,120,2.0
2026-08-11T04:36:31Z,1251212026-08-10,12512,2026-08-10,SCHEDULED,0,0.0
2026-08-11T04:36:31Z,0206112026-08-10,02061,2026-08-10,SCHEDULED,540,9.0
2026-08-11T04:36:31Z,1806812026-08-10,18068,2026-08-10,SCHEDULED,0,0.0
2026-08-11T04:36:31Z,0206312026-08-10,02063,2026-08-10,SCHEDULED,0,0.0
2026-08-11T04:36:31Z,1807112026-08-10,18071,2026-08-10,SCHEDULED,0,0.0
2026-08-11T04:36:31Z,0206712026-08-10,02067,2026-08-10,SCHEDULED,60,1.0
2026-08-11T04:36:31Z,1807212026-08-10,18072,2026-08-10,SCHEDULED,60,1.0
2026-08-11T04:36:31Z,1806612026-08-10,18066,2026-08-10,SCHEDULED,180,3.0
2026-08-11T04:36:31Z,1812012026-08-10,18120,2026-08-10,SCHEDULED,-120,-2.0
2026-08-11T04:36:31Z,1812112026-08-10,18121,2026-08-10,SCHEDULED,-60,-1.0
2026-08-11T04:36:31Z,0306242026-08-10,03062,2026-08-10,SCHEDULED,180,3.0
2026-08-11T04:36:31Z,0306232026-08-10,03062,2026-08-10,SCHEDULED,180,3.0
2026-08-11T04:36:31Z,0306212026-08-10,03062,2026-08-10,SCHEDULED,180,3.0
2026-08-11T04:36:31Z,0306222026-08-10,03062,2026-08-10,SCHEDULED,180,3.0
2026-08-11T04:36:31Z,1831012026-08-10,18310,2026-08-10,SCHEDULED,120,2.0
2026-08-11T04:36:31Z,1877312026-08-10,18773,2026-08-10,SCHEDULED,420,7.0
2026-08-11T04:36:31Z,3586912026-08-10,35869,2026-08-10,SCHEDULED,120,2.0
2026-08-11T04:36:31Z,1891012026-08-10,18910,2026-08-10,SCHEDULED,180,3.0
2026-08-11T04:36:31Z,0306242026-08-10,03062,2026-08-10,SCHEDULED,120,2.0
2026-08-11T04:36:31Z,0306232026-08-10,03062,2026-08-10,SCHEDULED,120,2.0
2026-08-11T04:36:31Z,0306212026-08-10,03062,2026-08-10,SCHEDULED,120,2.0
2026-08-11T04:36:31Z,0306222026-08-10,03062,2026-08-10,SCHEDULED,120,2.0
2026-08-11T04:36:31Z,0331112026-08-10,03311,2026-08-10,SCHEDULED,-60,-1.0
2026-08-11T04:36:31Z,0331122026-08-10,03311,2026-08-10,SCHEDULED,-60,-1.0
2026-08-11T04:36:31Z,0331132026-08-10,03311,2026-08-10,SCHEDULED,-60,-1.0
2026-08-11T04:36:31Z,0366222026-08-10,03662,2026-08-10,SCHEDULED,0,0.0
2026-08-11T04:36:31Z,0366212026-08-10,03662,2026-08-10,SCHEDULED,0,0.0
2026-08-11T04:36:31Z,0406012026-08-10,04060,2026-08-10,SCHEDULED,180,3.0
2026-08-11T04:36:31Z,0408822026-08-11,04088,2026-08-11,SCHEDULED,0,0.0
2026-08-11T04:36:31Z,0429522026-08-10,04295,2026-08-10,SCHEDULED,120,2.0
2026-08-11T04:36:31Z,0429512026-08-10,04295,2026-08-10,SCHEDULED,120,2.0
2026-08-11T04:36:31Z,0446412026-08-10,04464,2026-08-10,SCHEDULED,-120,-2.0
2026-08-11T04:36:31Z,0415422026-08-10,04154,2026-08-10,SCHEDULED,-120,-2.0
2026-08-11T04:36:31Z,0415412026-08-10,04154,2026-08-10,SCHEDULED,-120,-2.0
2026-08-11T04:36:31Z,0486822026-08-11,04868,2026-08-11,SCHEDULED,60,1.0
2026-08-11T04:36:31Z,0486812026-08-11,04868,2026-08-11,SCHEDULED,60,1.0
2026-08-11T04:36:31Z,0506312026-08-10,05063,2026-08-10,SCHEDULED,0,0.0
2026-08-11T04:36:31Z,0566812026-08-10,05668,2026-08-10,SCHEDULED,60,1.0
2026-08-11T04:36:31Z,1803312026-08-10,18033,2026-08-10,CANCELED,,
2026-08-11T04:36:31Z,3727912026-08-10,37279,2026-08-10,CANCELED,,
2026-08-11T04:36:31Z,1803512026-08-10,18035,2026-08-10,CANCELED,,
2026-08-11T04:36:31Z,1300112026-08-11,13001,2026-08-11,CANCELED,,
2026-08-11T04:36:31Z,1803712026-08-10,18037,2026-08-10,CANCELED,,
2026-08-11T04:36:31Z,1565012026-08-10,15650,2026-08-10,CANCELED,,
2026-08-11T04:36:31Z,1565912026-08-10,15659,2026-08-10,CANCELED,,
2026-08-11T04:36:31Z,1804212026-08-10,18042,2026-08-10,CANCELED,,
2026-08-11T04:36:31Z,1817112026-08-10,18171,2026-08-10,CANCELED,,
2026-08-11T04:36:31Z,1804312026-08-10,18043,2026-08-10,CANCELED,,
2026-08-11T04:36:31Z,1704112026-08-10,17041,2026-08-10,CANCELED,,
2026-08-11T04:36:31Z,3822112026-08-10,38221,2026-08-10,CANCELED,,
2026-08-11T04:36:31Z,1721812026-08-10,17218,2026-08-10,CANCELED,,
2026-08-11T04:36:31Z,1722612026-08-10,17226,2026-08-10,CANCELED,,
2026-08-11T04:36:31Z,3821812026-08-10,38218,2026-08-10,CANCELED,,
2026-08-11T04:36:31Z,1722712026-08-10,17227,2026-08-10,CANCELED,,
2026-08-11T04:36:31Z,1722112026-08-10,17221,2026-08-10,CANCELED,,
2026-08-11T04:36:31Z,1803112026-08-10,18031,2026-08-10,CANCELED,,
2026-08-11T04:36:31Z,1821612026-08-10,18216,2026-08-10,CANCELED,,
2026-08-11T04:36:31Z,1821912026-08-10,18219,2026-08-10,CANCELED,,
2026-08-11T04:36:31Z,0029322026-08-11,00293,2026-08-11,CANCELED,,
2026-08-11T04:36:31Z,0029312026-08-11,00293,2026-08-11,CANCELED,,
2026-08-11T04:36:31Z,3709322026-08-10,37093,2026-08-10,CANCELED,,
2026-08-11T04:36:31Z,3709312026-08-10,37093,2026-08-10,CANCELED,,
2026-08-11T04:36:31Z,3739312026-08-10,37393,2026-08-10,CANCELED,,
2026-08-11T04:36:31Z,1810132026-08-10,18101,2026-08-10,CANCELED,,
2026-08-11T04:36:31Z,1810142026-08-10,18101,2026-08-10,CANCELED,,
2026-08-11T04:36:31Z,1810152026-08-10,18101,2026-08-10,CANCELED,,
2026-08-11T04:36:31Z,0080112026-08-11,00801,2026-08-11,CANCELED,,
2026-08-11T04:36:31Z,7187412026-08-10,71874,2026-08-10,CANCELED,,
2026-08-11T04:36:31Z,0029122026-08-11,00291,2026-08-11,CANCELED,,
2026-08-11T04:36:31Z,0029112026-08-11,00291,2026-08-11,CANCELED,,
2026-08-11T04:36:31Z,3709122026-08-10,37091,2026-08-10,CANCELED,,
2026-08-11T04:36:31Z,3709112026-08-10,37091,2026-08-10,CANCELED,,
2026-08-11T04:36:31Z,1810222026-08-10,18102,2026-08-10,CANCELED,,
2026-08-11T04:36:31Z,1810232026-08-10,18102,2026-08-10,CANCELED,,
2026-08-11T04:36:31Z,1810242026-08-10,18102,2026-08-10,CANCELED,,
2026-08-11T04:36:31Z,3739112026-08-10,37391,2026-08-10,CANCELED,,
2026-08-11T04:36:31Z,1810512026-08-10,18105,2026-08-10,CANCELED,,
2026-08-11T04:36:31Z,3810512026-08-10,38105,2026-08-10,CANCELED,,
2026-08-11T04:36:31Z,0027922026-08-11,00279,2026-08-11,CANCELED,,
2026-08-11T04:36:31Z,0027912026-08-11,00279,2026-08-11,CANCELED,,
2026-08-11T04:41:28Z,1500212026-08-10,15002,2026-08-10,SCHEDULED,60,1.0
2026-08-11T04:41:28Z,1505112026-08-10,15051,2026-08-10,SCHEDULED,120,2.0
2026-08-11T04:41:28Z,1564512026-08-10,15645,2026-08-10,SCHEDULED,0,0.0
2026-08-11T04:41:28Z,0576312026-08-10,05763,2026-08-10,SCHEDULED,0,0.0
2026-08-11T04:41:28Z,0576322026-08-10,05763,2026-08-10,SCHEDULED,0,0.0
2026-08-11T04:41:28Z,0576332026-08-10,05763,2026-08-10,SCHEDULED,0,0.0
2026-08-11T04:41:28Z,1564612026-08-10,15646,2026-08-10,SCHEDULED,120,2.0
2026-08-11T04:41:28Z,0587112026-08-10,05871,2026-08-10,SCHEDULED,240,4.0
2026-08-11T04:41:28Z,1572012026-08-10,15720,2026-08-10,SCHEDULED,-120,-2.0
2026-08-11T04:41:28Z,0805812026-08-10,08058,2026-08-10,SCHEDULED,60,1.0
2026-08-11T04:41:28Z,1575112026-08-10,15751,2026-08-10,SCHEDULED,120,2.0
2026-08-11T04:41:28Z,0806312026-08-10,08063,2026-08-10,SCHEDULED,300,5.0
2026-08-11T04:41:28Z,1577012026-08-10,15770,2026-08-10,SCHEDULED,60,1.0
2026-08-11T04:41:28Z,0807512026-08-10,08075,2026-08-10,SCHEDULED,60,1.0
2026-08-11T04:41:28Z,1577212026-08-10,15772,2026-08-10,SCHEDULED,0,0.0
2026-08-11T04:41:28Z,0826012026-08-10,08260,2026-08-10,SCHEDULED,0,0.0
2026-08-11T04:41:28Z,1590012026-08-10,15900,2026-08-10,SCHEDULED,240,4.0
2026-08-11T04:41:28Z,0826112026-08-10,08261,2026-08-10,SCHEDULED,240,4.0
2026-08-11T04:41:28Z,1702112026-08-10,17021,2026-08-10,SCHEDULED,60,1.0
2026-08-11T04:41:28Z,0847512026-08-10,08475,2026-08-10,SCHEDULED,0,0.0
2026-08-11T04:41:28Z,1703012026-08-10,17030,2026-08-10,SCHEDULED,120,2.0
2026-08-11T04:41:28Z,0865412026-08-10,08654,2026-08-10,SCHEDULED,-120,-2.0
2026-08-11T04:41:28Z,1710612026-08-10,17106,2026-08-10,SCHEDULED,0,0.0
2026-08-11T04:41:28Z,0866412026-08-10,08664,2026-08-10,SCHEDULED,60,1.0
2026-08-11T04:41:28Z,1710012026-08-10,17100,2026-08-10,SCHEDULED,120,2.0
2026-08-11T04:41:28Z,0807212026-08-10,08072,2026-08-10,SCHEDULED,-60,-1.0
2026-08-11T04:41:28Z,1750312026-08-10,17503,2026-08-10,SCHEDULED,0,0.0
2026-08-11T04:41:28Z,0906112026-08-10,09061,2026-08-10,SCHEDULED,0,0.0
2026-08-11T04:41:28Z,1770312026-08-10,17703,2026-08-10,SCHEDULED,0,0.0
2026-08-11T04:41:28Z,0907222026-08-10,09072,2026-08-10,SCHEDULED,0,0.0
2026-08-11T04:41:28Z,0907212026-08-10,09072,2026-08-10,SCHEDULED,0,0.0
2026-08-11T04:41:28Z,1770712026-08-10,17707,2026-08-10,SCHEDULED,180,3.0
2026-08-11T04:41:28Z,0405612026-08-11,04056,2026-08-11,SCHEDULED,0,0.0
2026-08-11T04:41:28Z,1780612026-08-10,17806,2026-08-10,SCHEDULED,0,0.0
2026-08-11T04:41:28Z,1241112026-08-10,12411,2026-08-10,SCHEDULED,180,3.0
2026-08-11T04:41:28Z,1803112026-08-10,18031,2026-08-10,SCHEDULED,120,2.0
2026-08-11T04:41:28Z,1268912026-08-10,12689,2026-08-10,SCHEDULED,180,3.0
2026-08-11T04:41:28Z,1804612026-08-10,18046,2026-08-10,SCHEDULED,420,7.0
2026-08-11T04:41:28Z,1304112026-08-10,13041,2026-08-10,SCHEDULED,-60,-1.0
2026-08-11T04:41:28Z,1804722026-08-10,18047,2026-08-10,SCHEDULED,240,4.0
2026-08-11T04:41:28Z,1308412026-08-10,13084,2026-08-10,SCHEDULED,60,1.0
2026-08-11T04:41:28Z,1443312026-08-10,14433,2026-08-10,SCHEDULED,60,1.0
2026-08-11T04:41:28Z,1395112026-08-10,13951,2026-08-10,SCHEDULED,240,4.0
2026-08-11T04:41:28Z,1530912026-08-10,15309,2026-08-10,SCHEDULED,-60,-1.0
2026-08-11T04:41:28Z,1320212026-08-10,13202,2026-08-10,SCHEDULED,480,8.0
2026-08-11T04:41:28Z,1503022026-08-10,15030,2026-08-10,SCHEDULED,0,0.0
2026-08-11T04:41:28Z,1500012026-08-10,15000,2026-08-10,SCHEDULED,420,7.0
2026-08-11T04:41:28Z,1503112026-08-10,15031,2026-08-10,SCHEDULED,-60,-1.0
2026-08-11T04:41:28Z,1447012026-08-10,14470,2026-08-10,SCHEDULED,360,6.0
2026-08-11T04:41:28Z,0411422026-08-11,04114,2026-08-11,SCHEDULED,-240,-4.0
2026-08-11T04:41:28Z,0411412026-08-11,04114,2026-08-11,SCHEDULED,-240,-4.0
2026-08-11T04:41:28Z,0947012026-08-10,09470,2026-08-10,SCHEDULED,0,0.0
2026-08-11T04:41:28Z,0075222026-08-11,00752,2026-08-11,SCHEDULED,180,3.0
2026-08-11T04:41:28Z,0075212026-08-11,00752,2026-08-11,SCHEDULED,180,3.0
2026-08-11T04:41:28Z,1562012026-08-10,15620,2026-08-10,SCHEDULED,240,4.0
2026-08-11T04:41:28Z,1562112026-08-10,15621,2026-08-10,SCHEDULED,240,4.0
2026-08-11T04:41:28Z,0075222026-08-11,00752,2026-08-11,SCHEDULED,60,1.0
2026-08-11T04:41:28Z,0075212026-08-11,00752,2026-08-11,SCHEDULED,60,1.0
2026-08-11T04:41:28Z,1563012026-08-10,15630,2026-08-10,SCHEDULED,60,1.0
2026-08-11T04:41:28Z,0107212026-08-10,01072,2026-08-10,SCHEDULED,240,4.0
2026-08-11T04:41:28Z,1401812026-08-10,14018,2026-08-10,SCHEDULED,120,2.0
2026-08-11T04:41:28Z,0206112026-08-10,02061,2026-08-10,SCHEDULED,540,9.0
2026-08-11T04:41:28Z,1251212026-08-10,12512,2026-08-10,SCHEDULED,0,0.0
2026-08-11T04:41:28Z,0206312026-08-10,02063,2026-08-10,SCHEDULED,-120,-2.0
2026-08-11T04:41:28Z,1805412026-08-10,18054,2026-08-10,SCHEDULED,0,0.0
2026-08-11T04:41:28Z,0206712026-08-10,02067,2026-08-10,SCHEDULED,60,1.0
2026-08-11T04:41:28Z,1806812026-08-10,18068,2026-08-10,SCHEDULED,120,2.0
2026-08-11T04:41:28Z,0207512026-08-11,02075,2026-08-11,SCHEDULED,0,0.0
2026-08-11T04:41:28Z,1807112026-08-10,18071,2026-08-10,SCHEDULED,0,0.0
2026-08-11T04:41:28Z,1807212026-08-10,18072,2026-08-10,SCHEDULED,180,3.0
2026-08-11T04:41:28Z,1806612026-08-10,18066,2026-08-10,SCHEDULED,240,4.0
2026-08-11T04:41:28Z,1812012026-08-10,18120,2026-08-10,SCHEDULED,0,0.0
2026-08-11T04:41:28Z,0306242026-08-10,03062,2026-08-10,SCHEDULED,0,0.0
2026-08-11T04:41:28Z,0306232026-08-10,03062,2026-08-10,SCHEDULED,0,0.0
2026-08-11T04:41:28Z,0306212026-08-10,03062,2026-08-10,SCHEDULED,0,0.0
2026-08-11T04:41:28Z,0306222026-08-10,03062,2026-08-10,SCHEDULED,0,0.0
2026-08-11T04:41:28Z,1812112026-08-10,18121,2026-08-10,SCHEDULED,-180,-3.0
2026-08-11T04:41:28Z,1831012026-08-10,18310,2026-08-10,SCHEDULED,180,3.0
2026-08-11T04:41:28Z,1877312026-08-10,18773,2026-08-10,SCHEDULED,420,7.0
2026-08-11T04:41:28Z,3586912026-08-10,35869,2026-08-10,SCHEDULED,120,2.0
2026-08-11T04:41:28Z,0306242026-08-10,03062,2026-08-10,SCHEDULED,240,4.0
2026-08-11T04:41:28Z,0306232026-08-10,03062,2026-08-10,SCHEDULED,240,4.0
2026-08-11T04:41:28Z,0306212026-08-10,03062,2026-08-10,SCHEDULED,240,4.0
2026-08-11T04:41:28Z,0306222026-08-10,03062,2026-08-10,SCHEDULED,240,4.0
2026-08-11T04:41:28Z,1891012026-08-10,18910,2026-08-10,SCHEDULED,180,3.0
2026-08-11T04:41:28Z,0331112026-08-10,03311,2026-08-10,SCHEDULED,-120,-2.0
2026-08-11T04:41:28Z,0331122026-08-10,03311,2026-08-10,SCHEDULED,-120,-2.0
2026-08-11T04:41:28Z,0331132026-08-10,03311,2026-08-10,SCHEDULED,-120,-2.0
2026-08-11T04:41:28Z,0366222026-08-10,03662,2026-08-10,SCHEDULED,60,1.0
2026-08-11T04:41:28Z,0366212026-08-10,03662,2026-08-10,SCHEDULED,60,1.0
2026-08-11T04:41:28Z,0406012026-08-10,04060,2026-08-10,SCHEDULED,240,4.0
2026-08-11T04:41:28Z,0408822026-08-11,04088,2026-08-11,SCHEDULED,60,1.0
2026-08-11T04:41:28Z,0429522026-08-10,04295,2026-08-10,SCHEDULED,120,2.0
2026-08-11T04:41:28Z,0429512026-08-10,04295,2026-08-10,SCHEDULED,120,2.0
2026-08-11T04:41:28Z,0446412026-08-10,04464,2026-08-10,SCHEDULED,-120,-2.0
2026-08-11T04:41:28Z,0415422026-08-10,04154,2026-08-10,SCHEDULED,-120,-2.0
2026-08-11T04:41:28Z,0415412026-08-10,04154,2026-08-10,SCHEDULED,-120,-2.0
2026-08-11T04:41:28Z,0486822026-08-11,04868,2026-08-11,SCHEDULED,0,0.0
2026-08-11T04:41:28Z,0486812026-08-11,04868,2026-08-11,SCHEDULED,0,0.0
2026-08-11T04:41:28Z,0506312026-08-10,05063,2026-08-10,SCHEDULED,-60,-1.0
2026-08-11T04:41:28Z,0508012026-08-10,05080,2026-08-10,SCHEDULED,60,1.0
2026-08-11T04:41:28Z,0508032026-08-10,05080,2026-08-10,SCHEDULED,60,1.0
2026-08-11T04:41:28Z,0508022026-08-10,05080,2026-08-10,SCHEDULED,60,1.0
2026-08-11T04:41:28Z,0566812026-08-10,05668,2026-08-10,SCHEDULED,180,3.0
2026-08-11T04:41:28Z,3727912026-08-10,37279,2026-08-10,CANCELED,,
2026-08-11T04:41:28Z,1803312026-08-10,18033,2026-08-10,CANCELED,,
2026-08-11T04:41:28Z,1300112026-08-11,13001,2026-08-11,CANCELED,,
2026-08-11T04:41:28Z,1803512026-08-10,18035,2026-08-10,CANCELED,,
2026-08-11T04:41:28Z,1565012026-08-10,15650,2026-08-10,CANCELED,,
2026-08-11T04:41:28Z,1803712026-08-10,18037,2026-08-10,CANCELED,,
2026-08-11T04:41:28Z,1565912026-08-10,15659,2026-08-10,CANCELED,,
2026-08-11T04:41:28Z,1804212026-08-10,18042,2026-08-10,CANCELED,,
2026-08-11T04:41:28Z,1817112026-08-10,18171,2026-08-10,CANCELED,,
2026-08-11T04:41:28Z,1804312026-08-10,18043,2026-08-10,CANCELED,,
2026-08-11T04:41:28Z,1704112026-08-10,17041,2026-08-10,CANCELED,,
2026-08-11T04:41:28Z,3822112026-08-10,38221,2026-08-10,CANCELED,,
2026-08-11T04:41:28Z,1721812026-08-10,17218,2026-08-10,CANCELED,,
2026-08-11T04:41:28Z,1722612026-08-10,17226,2026-08-10,CANCELED,,
2026-08-11T04:41:28Z,3821812026-08-10,38218,2026-08-10,CANCELED,,
2026-08-11T04:41:28Z,1722712026-08-10,17227,2026-08-10,CANCELED,,
2026-08-11T04:41:28Z,1722112026-08-10,17221,2026-08-10,CANCELED,,
2026-08-11T04:41:28Z,1803112026-08-10,18031,2026-08-10,CANCELED,,
2026-08-11T04:41:28Z,1821612026-08-10,18216,2026-08-10,CANCELED,,
2026-08-11T04:41:28Z,0029322026-08-11,00293,2026-08-11,CANCELED,,
2026-08-11T04:41:28Z,0029312026-08-11,00293,2026-08-11,CANCELED,,
2026-08-11T04:41:28Z,1821912026-08-10,18219,2026-08-10,CANCELED,,
2026-08-11T04:41:28Z,3709322026-08-10,37093,2026-08-10,CANCELED,,
2026-08-11T04:41:28Z,3709312026-08-10,37093,2026-08-10,CANCELED,,
2026-08-11T04:41:28Z,3739312026-08-10,37393,2026-08-10,CANCELED,,
2026-08-11T04:41:28Z,1810132026-08-10,18101,2026-08-10,CANCELED,,
2026-08-11T04:41:28Z,1810142026-08-10,18101,2026-08-10,CANCELED,,
2026-08-11T04:41:28Z,1810152026-08-10,18101,2026-08-10,CANCELED,,
2026-08-11T04:41:28Z,0080112026-08-11,00801,2026-08-11,CANCELED,,
2026-08-11T04:41:28Z,7187412026-08-10,71874,2026-08-10,CANCELED,,
2026-08-11T04:41:28Z,0029122026-08-11,00291,2026-08-11,CANCELED,,
2026-08-11T04:41:28Z,0029112026-08-11,00291,2026-08-11,CANCELED,,
2026-08-11T04:41:28Z,3709122026-08-10,37091,2026-08-10,CANCELED,,
2026-08-11T04:41:28Z,3709112026-08-10,37091,2026-08-10,CANCELED,,
2026-08-11T04:41:28Z,1810222026-08-10,18102,2026-08-10,CANCELED,,
2026-08-11T04:41:28Z,1810232026-08-10,18102,2026-08-10,CANCELED,,
2026-08-11T04:41:28Z,1810242026-08-10,18102,2026-08-10,CANCELED,,
2026-08-11T04:41:28Z,3739112026-08-10,37391,2026-08-10,CANCELED,,
2026-08-11T04:41:28Z,1810512026-08-10,18105,2026-08-10,CANCELED,,
2026-08-11T04:41:28Z,3810512026-08-10,38105,2026-08-10,CANCELED,,
2026-08-11T04:41:28Z,0027922026-08-11,00279,2026-08-11,CANCELED,,
2026-08-11T04:41:28Z,0027912026-08-11,00279,2026-08-11,CANCELED,,
2026-08-11T04:46:31Z,0587112026-08-10,05871,2026-08-10,SCHEDULED,60,1.0
2026-08-11T04:46:31Z,1500212026-08-10,15002,2026-08-10,SCHEDULED,60,1.0
2026-08-11T04:46:31Z,0805812026-08-10,08058,2026-08-10,SCHEDULED,60,1.0
2026-08-11T04:46:31Z,1505112026-08-10,15051,2026-08-10,SCHEDULED,120,2.0
2026-08-11T04:46:31Z,0806312026-08-10,08063,2026-08-10,SCHEDULED,360,6.0
2026-08-11T04:46:31Z,1564512026-08-10,15645,2026-08-10,SCHEDULED,0,0.0
2026-08-11T04:46:31Z,0806812026-08-10,08068,2026-08-10,SCHEDULED,0,0.0
2026-08-11T04:46:31Z,1564612026-08-10,15646,2026-08-10,SCHEDULED,180,3.0
2026-08-11T04:46:31Z,0807512026-08-10,08075,2026-08-10,SCHEDULED,300,5.0
2026-08-11T04:46:31Z,1572012026-08-10,15720,2026-08-10,SCHEDULED,0,0.0
2026-08-11T04:46:31Z,0826012026-08-10,08260,2026-08-10,SCHEDULED,0,0.0
2026-08-11T04:46:31Z,1575112026-08-10,15751,2026-08-10,SCHEDULED,-240,-4.0
2026-08-11T04:46:31Z,0826112026-08-10,08261,2026-08-10,SCHEDULED,420,7.0
2026-08-11T04:46:31Z,1577012026-08-10,15770,2026-08-10,SCHEDULED,60,1.0
2026-08-11T04:46:31Z,0847512026-08-10,08475,2026-08-10,SCHEDULED,60,1.0
2026-08-11T04:46:31Z,1577212026-08-10,15772,2026-08-10,SCHEDULED,60,1.0
2026-08-11T04:46:31Z,0865412026-08-10,08654,2026-08-10,SCHEDULED,-120,-2.0
2026-08-11T04:46:31Z,1585012026-08-10,15850,2026-08-10,SCHEDULED,0,0.0
2026-08-11T04:46:31Z,0866412026-08-10,08664,2026-08-10,SCHEDULED,180,3.0
2026-08-11T04:46:31Z,1590012026-08-10,15900,2026-08-10,SCHEDULED,480,8.0
2026-08-11T04:46:31Z,0807212026-08-10,08072,2026-08-10,SCHEDULED,-60,-1.0
2026-08-11T04:46:31Z,1601812026-08-10,16018,2026-08-10,SCHEDULED,0,0.0
2026-08-11T04:46:31Z,0906112026-08-10,09061,2026-08-10,SCHEDULED,0,0.0
2026-08-11T04:46:31Z,1702112026-08-10,17021,2026-08-10,SCHEDULED,0,0.0
2026-08-11T04:46:31Z,0906712026-08-10,09067,2026-08-10,SCHEDULED,60,1.0
2026-08-11T04:46:31Z,1703012026-08-10,17030,2026-08-10,SCHEDULED,120,2.0
2026-08-11T04:46:31Z,1710612026-08-10,17106,2026-08-10,SCHEDULED,60,1.0
2026-08-11T04:46:31Z,0907222026-08-10,09072,2026-08-10,SCHEDULED,0,0.0
2026-08-11T04:46:31Z,0907212026-08-10,09072,2026-08-10,SCHEDULED,0,0.0
2026-08-11T04:46:31Z,1710012026-08-10,17100,2026-08-10,SCHEDULED,180,3.0
2026-08-11T04:46:31Z,0405612026-08-11,04056,2026-08-11,SCHEDULED,0,0.0
2026-08-11T04:46:31Z,1750312026-08-10,17503,2026-08-10,SCHEDULED,60,1.0
2026-08-11T04:46:31Z,1770312026-08-10,17703,2026-08-10,SCHEDULED,0,0.0
2026-08-11T04:46:31Z,0029122026-08-11,00291,2026-08-11,SCHEDULED,60,1.0
2026-08-11T04:46:31Z,0029112026-08-11,00291,2026-08-11,SCHEDULED,60,1.0
2026-08-11T04:46:31Z,1241112026-08-10,12411,2026-08-10,SCHEDULED,180,3.0
2026-08-11T04:46:31Z,1780612026-08-10,17806,2026-08-10,SCHEDULED,0,0.0
2026-08-11T04:46:31Z,1800112026-08-10,18001,2026-08-10,SCHEDULED,-60,-1.0
2026-08-11T04:46:31Z,1268912026-08-10,12689,2026-08-10,SCHEDULED,180,3.0
2026-08-11T04:46:31Z,1803112026-08-10,18031,2026-08-10,SCHEDULED,120,2.0
2026-08-11T04:46:31Z,1303012026-08-10,13030,2026-08-10,SCHEDULED,60,1.0
2026-08-11T04:46:31Z,1804612026-08-10,18046,2026-08-10,SCHEDULED,480,8.0
2026-08-11T04:46:31Z,1304112026-08-10,13041,2026-08-10,SCHEDULED,60,1.0
2026-08-11T04:46:31Z,1308412026-08-10,13084,2026-08-10,SCHEDULED,240,4.0
2026-08-11T04:46:31Z,1804722026-08-10,18047,2026-08-10,SCHEDULED,240,4.0
2026-08-11T04:46:31Z,1395112026-08-10,13951,2026-08-10,SCHEDULED,240,4.0
2026-08-11T04:46:31Z,1443312026-08-10,14433,2026-08-10,SCHEDULED,60,1.0
2026-08-11T04:46:31Z,1320212026-08-10,13202,2026-08-10,SCHEDULED,540,9.0
2026-08-11T04:46:31Z,1530912026-08-10,15309,2026-08-10,SCHEDULED,0,0.0
2026-08-11T04:46:31Z,1500012026-08-10,15000,2026-08-10,SCHEDULED,480,8.0
2026-08-11T04:46:31Z,1503022026-08-10,15030,2026-08-10,SCHEDULED,120,2.0
2026-08-11T04:46:31Z,1503112026-08-10,15031,2026-08-10,SCHEDULED,0,0.0
2026-08-11T04:46:31Z,0411422026-08-11,04114,2026-08-11,SCHEDULED,-240,-4.0
2026-08-11T04:46:31Z,0411412026-08-11,04114,2026-08-11,SCHEDULED,-240,-4.0
2026-08-11T04:46:31Z,1600012026-08-10,16000,2026-08-10,SCHEDULED,60,1.0
2026-08-11T04:46:31Z,1447012026-08-10,14470,2026-08-10,SCHEDULED,360,6.0
2026-08-11T04:46:31Z,0075222026-08-11,00752,2026-08-11,SCHEDULED,180,3.0
2026-08-11T04:46:31Z,0075212026-08-11,00752,2026-08-11,SCHEDULED,180,3.0
2026-08-11T04:46:31Z,0947012026-08-10,09470,2026-08-10,SCHEDULED,0,0.0
2026-08-11T04:46:31Z,1562012026-08-10,15620,2026-08-10,SCHEDULED,240,4.0
2026-08-11T04:46:31Z,0075222026-08-11,00752,2026-08-11,SCHEDULED,60,1.0
2026-08-11T04:46:31Z,0075212026-08-11,00752,2026-08-11,SCHEDULED,60,1.0
2026-08-11T04:46:31Z,1562112026-08-10,15621,2026-08-10,SCHEDULED,240,4.0
2026-08-11T04:46:31Z,3460912026-08-10,34609,2026-08-10,SCHEDULED,0,0.0
2026-08-11T04:46:31Z,0107212026-08-10,01072,2026-08-10,SCHEDULED,240,4.0
2026-08-11T04:46:31Z,1563012026-08-10,15630,2026-08-10,SCHEDULED,60,1.0
2026-08-11T04:46:31Z,0206112026-08-10,02061,2026-08-10,SCHEDULED,900,15.0
2026-08-11T04:46:31Z,1401812026-08-10,14018,2026-08-10,SCHEDULED,180,3.0
2026-08-11T04:46:31Z,0206312026-08-10,02063,2026-08-10,SCHEDULED,-120,-2.0
2026-08-11T04:46:31Z,1251212026-08-10,12512,2026-08-10,SCHEDULED,0,0.0
2026-08-11T04:46:31Z,0206712026-08-10,02067,2026-08-10,SCHEDULED,-60,-1.0
2026-08-11T04:46:31Z,1805412026-08-10,18054,2026-08-10,SCHEDULED,60,1.0
2026-08-11T04:46:31Z,0207512026-08-11,02075,2026-08-11,SCHEDULED,60,1.0
2026-08-11T04:46:31Z,1806812026-08-10,18068,2026-08-10,SCHEDULED,-60,-1.0
2026-08-11T04:46:31Z,1807112026-08-10,18071,2026-08-10,SCHEDULED,180,3.0
2026-08-11T04:46:31Z,1807212026-08-10,18072,2026-08-10,SCHEDULED,180,3.0
2026-08-11T04:46:31Z,0306242026-08-10,03062,2026-08-10,SCHEDULED,0,0.0
2026-08-11T04:46:31Z,0306232026-08-10,03062,2026-08-10,SCHEDULED,0,0.0
2026-08-11T04:46:31Z,0306212026-08-10,03062,2026-08-10,SCHEDULED,0,0.0
2026-08-11T04:46:31Z,0306222026-08-10,03062,2026-08-10,SCHEDULED,0,0.0
2026-08-11T04:46:31Z,1800212026-08-10,18002,2026-08-10,SCHEDULED,-60,-1.0
2026-08-11T04:46:31Z,1806612026-08-10,18066,2026-08-10,SCHEDULED,240,4.0
2026-08-11T04:46:31Z,1812012026-08-10,18120,2026-08-10,SCHEDULED,0,0.0
2026-08-11T04:46:31Z,1812112026-08-10,18121,2026-08-10,SCHEDULED,-180,-3.0
2026-08-11T04:46:31Z,0306242026-08-10,03062,2026-08-10,SCHEDULED,240,4.0
2026-08-11T04:46:31Z,0306232026-08-10,03062,2026-08-10,SCHEDULED,240,4.0
2026-08-11T04:46:31Z,0306212026-08-10,03062,2026-08-10,SCHEDULED,240,4.0
2026-08-11T04:46:31Z,0306222026-08-10,03062,2026-08-10,SCHEDULED,240,4.0
2026-08-11T04:46:31Z,1831012026-08-10,18310,2026-08-10,SCHEDULED,180,3.0
2026-08-11T04:46:31Z,1877312026-08-10,18773,2026-08-10,SCHEDULED,420,7.0
2026-08-11T04:46:31Z,3586912026-08-10,35869,2026-08-10,SCHEDULED,60,1.0
2026-08-11T04:46:31Z,0331112026-08-10,03311,2026-08-10,SCHEDULED,-120,-2.0
2026-08-11T04:46:31Z,0331122026-08-10,03311,2026-08-10,SCHEDULED,-120,-2.0
2026-08-11T04:46:31Z,0331132026-08-10,03311,2026-08-10,SCHEDULED,-120,-2.0
2026-08-11T04:46:31Z,1891012026-08-10,18910,2026-08-10,SCHEDULED,180,3.0
2026-08-11T04:46:31Z,0366222026-08-10,03662,2026-08-10,SCHEDULED,60,1.0
2026-08-11T04:46:31Z,0366212026-08-10,03662,2026-08-10,SCHEDULED,60,1.0
2026-08-11T04:46:31Z,0406012026-08-10,04060,2026-08-10,SCHEDULED,240,4.0
2026-08-11T04:46:31Z,0408822026-08-11,04088,2026-08-11,SCHEDULED,60,1.0
2026-08-11T04:46:31Z,0429522026-08-10,04295,2026-08-10,SCHEDULED,60,1.0
2026-08-11T04:46:31Z,0429512026-08-10,04295,2026-08-10,SCHEDULED,60,1.0
2026-08-11T04:46:31Z,0446412026-08-10,04464,2026-08-10,SCHEDULED,-300,-5.0
2026-08-11T04:46:31Z,0415422026-08-10,04154,2026-08-10,SCHEDULED,-120,-2.0
2026-08-11T04:46:31Z,0415412026-08-10,04154,2026-08-10,SCHEDULED,-120,-2.0
2026-08-11T04:46:31Z,0486822026-08-11,04868,2026-08-11,SCHEDULED,-60,-1.0
2026-08-11T04:46:31Z,0486812026-08-11,04868,2026-08-11,SCHEDULED,-60,-1.0
2026-08-11T04:46:31Z,0506312026-08-10,05063,2026-08-10,SCHEDULED,0,0.0
2026-08-11T04:46:31Z,0508012026-08-10,05080,2026-08-10,SCHEDULED,60,1.0
2026-08-11T04:46:31Z,0508032026-08-10,05080,2026-08-10,SCHEDULED,60,1.0
2026-08-11T04:46:31Z,0508022026-08-10,05080,2026-08-10,SCHEDULED,60,1.0
2026-08-11T04:46:31Z,0566812026-08-10,05668,2026-08-10,SCHEDULED,120,2.0
2026-08-11T04:46:31Z,0576312026-08-10,05763,2026-08-10,SCHEDULED,-60,-1.0
2026-08-11T04:46:31Z,0576322026-08-10,05763,2026-08-10,SCHEDULED,-60,-1.0
2026-08-11T04:46:31Z,0576332026-08-10,05763,2026-08-10,SCHEDULED,-60,-1.0
2026-08-11T04:46:31Z,1803312026-08-10,18033,2026-08-10,CANCELED,,
2026-08-11T04:46:31Z,3727912026-08-10,37279,2026-08-10,CANCELED,,
2026-08-11T04:46:31Z,1803512026-08-10,18035,2026-08-10,CANCELED,,
2026-08-11T04:46:31Z,1300112026-08-11,13001,2026-08-11,CANCELED,,
2026-08-11T04:46:31Z,1803712026-08-10,18037,2026-08-10,CANCELED,,
2026-08-11T04:46:31Z,1565012026-08-10,15650,2026-08-10,CANCELED,,
2026-08-11T04:46:31Z,1804212026-08-10,18042,2026-08-10,CANCELED,,
2026-08-11T04:46:31Z,1565912026-08-10,15659,2026-08-10,CANCELED,,
2026-08-11T04:46:31Z,1804312026-08-10,18043,2026-08-10,CANCELED,,
2026-08-11T04:46:31Z,1817112026-08-10,18171,2026-08-10,CANCELED,,
2026-08-11T04:46:31Z,3822112026-08-10,38221,2026-08-10,CANCELED,,
2026-08-11T04:46:31Z,1704112026-08-10,17041,2026-08-10,CANCELED,,
2026-08-11T04:46:31Z,1722612026-08-10,17226,2026-08-10,CANCELED,,
2026-08-11T04:46:31Z,1722712026-08-10,17227,2026-08-10,CANCELED,,
2026-08-11T04:46:31Z,1721812026-08-10,17218,2026-08-10,CANCELED,,
2026-08-11T04:46:31Z,1803112026-08-10,18031,2026-08-10,CANCELED,,
2026-08-11T04:46:31Z,3821812026-08-10,38218,2026-08-10,CANCELED,,
2026-08-11T04:46:31Z,1821612026-08-10,18216,2026-08-10,CANCELED,,
2026-08-11T04:46:31Z,1722112026-08-10,17221,2026-08-10,CANCELED,,
2026-08-11T04:46:31Z,1821912026-08-10,18219,2026-08-10,CANCELED,,
2026-08-11T04:46:31Z,0029322026-08-11,00293,2026-08-11,CANCELED,,
2026-08-11T04:46:31Z,0029312026-08-11,00293,2026-08-11,CANCELED,,
2026-08-11T04:46:31Z,1810132026-08-10,18101,2026-08-10,CANCELED,,
2026-08-11T04:46:31Z,1810142026-08-10,18101,2026-08-10,CANCELED,,
2026-08-11T04:46:31Z,1810152026-08-10,18101,2026-08-10,CANCELED,,
2026-08-11T04:46:31Z,3709322026-08-10,37093,2026-08-10,CANCELED,,
2026-08-11T04:46:31Z,3709312026-08-10,37093,2026-08-10,CANCELED,,
2026-08-11T04:46:31Z,3739312026-08-10,37393,2026-08-10,CANCELED,,
2026-08-11T04:46:31Z,7187412026-08-10,71874,2026-08-10,CANCELED,,
2026-08-11T04:46:31Z,0080112026-08-11,00801,2026-08-11,CANCELED,,
2026-08-11T04:46:31Z,0029122026-08-11,00291,2026-08-11,CANCELED,,
2026-08-11T04:46:31Z,0029112026-08-11,00291,2026-08-11,CANCELED,,
2026-08-11T04:46:31Z,1810222026-08-10,18102,2026-08-10,CANCELED,,
2026-08-11T04:46:31Z,1810232026-08-10,18102,2026-08-10,CANCELED,,
2026-08-11T04:46:31Z,1810242026-08-10,18102,2026-08-10,CANCELED,,
2026-08-11T04:46:31Z,1810512026-08-10,18105,2026-08-10,CANCELED,,
2026-08-11T04:46:31Z,3709122026-08-10,37091,2026-08-10,CANCELED,,
2026-08-11T04:46:31Z,3709112026-08-10,37091,2026-08-10,CANCELED,,
2026-08-11T04:46:31Z,3810512026-08-10,38105,2026-08-10,CANCELED,,
2026-08-11T04:46:31Z,3739112026-08-10,37391,2026-08-10,CANCELED,,
2026-08-11T04:46:31Z,0027922026-08-11,00279,2026-08-11,CANCELED,,
2026-08-11T04:46:31Z,0027912026-08-11,00279,2026-08-11,CANCELED,,
2026-08-11T04:51:25Z,0587112026-08-10,05871,2026-08-10,SCHEDULED,60,1.0
2026-08-11T04:51:25Z,0805812026-08-10,08058,2026-08-10,SCHEDULED,0,0.0
2026-08-11T04:51:25Z,0806212026-08-10,08062,2026-08-10,SCHEDULED,0,0.0
2026-08-11T04:51:25Z,0806312026-08-10,08063,2026-08-10,SCHEDULED,240,4.0
2026-08-11T04:51:25Z,3560432026-08-10,35604,2026-08-10,SCHEDULED,0,0.0
2026-08-11T04:51:25Z,3560442026-08-10,35604,2026-08-10,SCHEDULED,0,0.0
2026-08-11T04:51:25Z,3560452026-08-10,35604,2026-08-10,SCHEDULED,0,0.0
2026-08-11T04:51:25Z,1500012026-08-10,15000,2026-08-10,SCHEDULED,480,8.0
2026-08-11T04:51:25Z,0806812026-08-10,08068,2026-08-10,SCHEDULED,0,0.0
2026-08-11T04:51:25Z,1500112026-08-10,15001,2026-08-10,SCHEDULED,-60,-1.0
2026-08-11T04:51:25Z,0807512026-08-10,08075,2026-08-10,SCHEDULED,300,5.0
2026-08-11T04:51:25Z,1500212026-08-10,15002,2026-08-10,SCHEDULED,120,2.0
2026-08-11T04:51:25Z,0826012026-08-10,08260,2026-08-10,SCHEDULED,0,0.0
2026-08-11T04:51:25Z,1564512026-08-10,15645,2026-08-10,SCHEDULED,0,0.0
2026-08-11T04:51:25Z,0826112026-08-10,08261,2026-08-10,SCHEDULED,420,7.0
2026-08-11T04:51:25Z,1564612026-08-10,15646,2026-08-10,SCHEDULED,120,2.0
2026-08-11T04:51:25Z,0847512026-08-10,08475,2026-08-10,SCHEDULED,60,1.0
2026-08-11T04:51:25Z,1572012026-08-10,15720,2026-08-10,SCHEDULED,0,0.0
2026-08-11T04:51:25Z,0865412026-08-10,08654,2026-08-10,SCHEDULED,-60,-1.0
2026-08-11T04:51:25Z,1572212026-08-10,15722,2026-08-10,SCHEDULED,60,1.0
2026-08-11T04:51:25Z,0866412026-08-10,08664,2026-08-10,SCHEDULED,180,3.0
2026-08-11T04:51:25Z,1575112026-08-10,15751,2026-08-10,SCHEDULED,-240,-4.0
2026-08-11T04:51:25Z,0807212026-08-10,08072,2026-08-10,SCHEDULED,-60,-1.0
2026-08-11T04:51:25Z,1577012026-08-10,15770,2026-08-10,SCHEDULED,0,0.0
2026-08-11T04:51:25Z,0906112026-08-10,09061,2026-08-10,SCHEDULED,0,0.0
2026-08-11T04:51:25Z,1577212026-08-10,15772,2026-08-10,SCHEDULED,60,1.0
2026-08-11T04:51:25Z,0906712026-08-10,09067,2026-08-10,SCHEDULED,0,0.0
2026-08-11T04:51:25Z,1585012026-08-10,15850,2026-08-10,SCHEDULED,0,0.0
2026-08-11T04:51:25Z,1590012026-08-10,15900,2026-08-10,SCHEDULED,480,8.0
2026-08-11T04:51:25Z,0907222026-08-10,09072,2026-08-10,SCHEDULED,-60,-1.0
2026-08-11T04:51:25Z,0907212026-08-10,09072,2026-08-10,SCHEDULED,-60,-1.0
2026-08-11T04:51:25Z,1601812026-08-10,16018,2026-08-10,SCHEDULED,0,0.0
2026-08-11T04:51:25Z,0405612026-08-11,04056,2026-08-11,SCHEDULED,180,3.0
2026-08-11T04:51:25Z,1702112026-08-10,17021,2026-08-10,SCHEDULED,0,0.0
2026-08-11T04:51:25Z,1703012026-08-10,17030,2026-08-10,SCHEDULED,0,0.0
2026-08-11T04:51:25Z,0029122026-08-11,00291,2026-08-11,SCHEDULED,60,1.0
2026-08-11T04:51:25Z,0029112026-08-11,00291,2026-08-11,SCHEDULED,60,1.0
2026-08-11T04:51:25Z,1710612026-08-10,17106,2026-08-10,SCHEDULED,120,2.0
2026-08-11T04:51:25Z,1241112026-08-10,12411,2026-08-10,SCHEDULED,420,7.0
2026-08-11T04:51:25Z,1710012026-08-10,17100,2026-08-10,SCHEDULED,180,3.0
2026-08-11T04:51:25Z,1268912026-08-10,12689,2026-08-10,SCHEDULED,180,3.0
2026-08-11T04:51:25Z,1720112026-08-10,17201,2026-08-10,SCHEDULED,0,0.0
2026-08-11T04:51:25Z,1300312026-08-11,13003,2026-08-11,SCHEDULED,60,1.0
2026-08-11T04:51:25Z,1750312026-08-10,17503,2026-08-10,SCHEDULED,120,2.0
2026-08-11T04:51:25Z,1770312026-08-10,17703,2026-08-10,SCHEDULED,0,0.0
2026-08-11T04:51:25Z,1303012026-08-10,13030,2026-08-10,SCHEDULED,60,1.0
2026-08-11T04:51:25Z,1304112026-08-10,13041,2026-08-10,SCHEDULED,60,1.0
2026-08-11T04:51:25Z,1780612026-08-10,17806,2026-08-10,SCHEDULED,0,0.0
2026-08-11T04:51:25Z,1800112026-08-10,18001,2026-08-10,SCHEDULED,60,1.0
2026-08-11T04:51:25Z,1308412026-08-10,13084,2026-08-10,SCHEDULED,240,4.0
2026-08-11T04:51:25Z,1803112026-08-10,18031,2026-08-10,SCHEDULED,120,2.0
2026-08-11T04:51:25Z,1395112026-08-10,13951,2026-08-10,SCHEDULED,300,5.0
2026-08-11T04:51:25Z,1891012026-08-10,18910,2026-08-10,SCHEDULED,180,3.0
2026-08-11T04:51:25Z,1320212026-08-10,13202,2026-08-10,SCHEDULED,540,9.0
2026-08-11T04:51:25Z,1443312026-08-10,14433,2026-08-10,SCHEDULED,120,2.0
2026-08-11T04:51:25Z,1530912026-08-10,15309,2026-08-10,SCHEDULED,-180,-3.0
2026-08-11T04:51:25Z,1503022026-08-10,15030,2026-08-10,SCHEDULED,180,3.0
2026-08-11T04:51:25Z,1412322026-08-10,14123,2026-08-10,SCHEDULED,120,2.0
2026-08-11T04:51:25Z,1412342026-08-10,14123,2026-08-10,SCHEDULED,120,2.0
2026-08-11T04:51:25Z,1412332026-08-10,14123,2026-08-10,SCHEDULED,120,2.0
2026-08-11T04:51:25Z,1503112026-08-10,15031,2026-08-10,SCHEDULED,-60,-1.0
2026-08-11T04:51:25Z,1600012026-08-10,16000,2026-08-10,SCHEDULED,60,1.0
2026-08-11T04:51:25Z,0411422026-08-11,04114,2026-08-11,SCHEDULED,-600,-10.0
2026-08-11T04:51:25Z,0411412026-08-11,04114,2026-08-11,SCHEDULED,-600,-10.0
2026-08-11T04:51:25Z,1447012026-08-10,14470,2026-08-10,SCHEDULED,300,5.0
2026-08-11T04:51:25Z,0947012026-08-10,09470,2026-08-10,SCHEDULED,0,0.0
2026-08-11T04:51:25Z,0075222026-08-11,00752,2026-08-11,SCHEDULED,180,3.0
2026-08-11T04:51:25Z,0075212026-08-11,00752,2026-08-11,SCHEDULED,180,3.0
2026-08-11T04:51:25Z,1562012026-08-10,15620,2026-08-10,SCHEDULED,240,4.0
2026-08-11T04:51:25Z,1562112026-08-10,15621,2026-08-10,SCHEDULED,240,4.0
2026-08-11T04:51:25Z,0075222026-08-11,00752,2026-08-11,SCHEDULED,180,3.0
2026-08-11T04:51:25Z,0075212026-08-11,00752,2026-08-11,SCHEDULED,180,3.0
2026-08-11T04:51:25Z,3460912026-08-10,34609,2026-08-10,SCHEDULED,120,2.0
2026-08-11T04:51:25Z,1563012026-08-10,15630,2026-08-10,SCHEDULED,60,1.0
2026-08-11T04:51:25Z,0107212026-08-10,01072,2026-08-10,SCHEDULED,240,4.0
2026-08-11T04:51:25Z,1401812026-08-10,14018,2026-08-10,SCHEDULED,240,4.0
2026-08-11T04:51:25Z,0206112026-08-10,02061,2026-08-10,SCHEDULED,900,15.0
2026-08-11T04:51:25Z,1251212026-08-10,12512,2026-08-10,SCHEDULED,0,0.0
2026-08-11T04:51:25Z,0206312026-08-10,02063,2026-08-10,SCHEDULED,-120,-2.0
2026-08-11T04:51:25Z,1804612026-08-10,18046,2026-08-10,SCHEDULED,480,8.0
2026-08-11T04:51:25Z,0206712026-08-10,02067,2026-08-10,SCHEDULED,-60,-1.0
2026-08-11T04:51:25Z,1804722026-08-10,18047,2026-08-10,SCHEDULED,240,4.0
2026-08-11T04:51:25Z,0207512026-08-11,02075,2026-08-11,SCHEDULED,120,2.0
2026-08-11T04:51:25Z,1805412026-08-10,18054,2026-08-10,SCHEDULED,60,1.0
2026-08-11T04:51:25Z,1806812026-08-10,18068,2026-08-10,SCHEDULED,-120,-2.0
2026-08-11T04:51:25Z,1807112026-08-10,18071,2026-08-10,SCHEDULED,180,3.0
2026-08-11T04:51:25Z,1807212026-08-10,18072,2026-08-10,SCHEDULED,180,3.0
2026-08-11T04:51:25Z,0306242026-08-10,03062,2026-08-10,SCHEDULED,0,0.0
2026-08-11T04:51:25Z,0306232026-08-10,03062,2026-08-10,SCHEDULED,0,0.0
2026-08-11T04:51:25Z,0306212026-08-10,03062,2026-08-10,SCHEDULED,0,0.0
2026-08-11T04:51:25Z,0306222026-08-10,03062,2026-08-10,SCHEDULED,0,0.0
2026-08-11T04:51:25Z,1800212026-08-10,18002,2026-08-10,SCHEDULED,60,1.0
2026-08-11T04:51:25Z,1806612026-08-10,18066,2026-08-10,SCHEDULED,180,3.0
2026-08-11T04:51:25Z,1812012026-08-10,18120,2026-08-10,SCHEDULED,0,0.0
2026-08-11T04:51:25Z,1812112026-08-10,18121,2026-08-10,SCHEDULED,-120,-2.0
2026-08-11T04:51:25Z,0306242026-08-10,03062,2026-08-10,SCHEDULED,180,3.0
2026-08-11T04:51:25Z,0306232026-08-10,03062,2026-08-10,SCHEDULED,180,3.0
2026-08-11T04:51:25Z,0306212026-08-10,03062,2026-08-10,SCHEDULED,180,3.0
2026-08-11T04:51:25Z,0306222026-08-10,03062,2026-08-10,SCHEDULED,180,3.0
2026-08-11T04:51:25Z,1831012026-08-10,18310,2026-08-10,SCHEDULED,180,3.0
2026-08-11T04:51:25Z,1877312026-08-10,18773,2026-08-10,SCHEDULED,360,6.0
2026-08-11T04:51:25Z,3586912026-08-10,35869,2026-08-10,SCHEDULED,60,1.0
2026-08-11T04:51:25Z,0331112026-08-10,03311,2026-08-10,SCHEDULED,0,0.0
2026-08-11T04:51:25Z,0331122026-08-10,03311,2026-08-10,SCHEDULED,0,0.0
2026-08-11T04:51:25Z,0331132026-08-10,03311,2026-08-10,SCHEDULED,0,0.0
2026-08-11T04:51:25Z,0366222026-08-10,03662,2026-08-10,SCHEDULED,0,0.0
2026-08-11T04:51:25Z,0366212026-08-10,03662,2026-08-10,SCHEDULED,0,0.0
2026-08-11T04:51:25Z,0406012026-08-10,04060,2026-08-10,SCHEDULED,300,5.0
2026-08-11T04:51:25Z,0408822026-08-11,04088,2026-08-11,SCHEDULED,60,1.0
2026-08-11T04:51:25Z,0407222026-08-11,04072,2026-08-11,SCHEDULED,120,2.0
2026-08-11T04:51:25Z,0407212026-08-11,04072,2026-08-11,SCHEDULED,120,2.0
2026-08-11T04:51:25Z,0429522026-08-10,04295,2026-08-10,SCHEDULED,60,1.0
2026-08-11T04:51:25Z,0429512026-08-10,04295,2026-08-10,SCHEDULED,60,1.0
2026-08-11T04:51:25Z,0446412026-08-10,04464,2026-08-10,SCHEDULED,-300,-5.0
2026-08-11T04:51:25Z,0415422026-08-10,04154,2026-08-10,SCHEDULED,-120,-2.0
2026-08-11T04:51:25Z,0415412026-08-10,04154,2026-08-10,SCHEDULED,-120,-2.0
2026-08-11T04:51:25Z,0486822026-08-11,04868,2026-08-11,SCHEDULED,-60,-1.0
2026-08-11T04:51:25Z,0486812026-08-11,04868,2026-08-11,SCHEDULED,-60,-1.0
2026-08-11T04:51:25Z,0506312026-08-10,05063,2026-08-10,SCHEDULED,60,1.0
2026-08-11T04:51:25Z,0509222026-08-10,05092,2026-08-10,SCHEDULED,240,4.0
2026-08-11T04:51:25Z,0509212026-08-10,05092,2026-08-10,SCHEDULED,240,4.0
2026-08-11T04:51:25Z,0508012026-08-10,05080,2026-08-10,SCHEDULED,0,0.0
2026-08-11T04:51:25Z,0508032026-08-10,05080,2026-08-10,SCHEDULED,0,0.0
2026-08-11T04:51:25Z,0508022026-08-10,05080,2026-08-10,SCHEDULED,0,0.0
2026-08-11T04:51:25Z,0566812026-08-10,05668,2026-08-10,SCHEDULED,0,0.0
2026-08-11T04:51:25Z,0576312026-08-10,05763,2026-08-10,SCHEDULED,-120,-2.0
2026-08-11T04:51:25Z,0576322026-08-10,05763,2026-08-10,SCHEDULED,-120,-2.0
2026-08-11T04:51:25Z,0576332026-08-10,05763,2026-08-10,SCHEDULED,-120,-2.0
2026-08-11T04:51:25Z,3727912026-08-10,37279,2026-08-10,CANCELED,,
2026-08-11T04:51:25Z,1803312026-08-10,18033,2026-08-10,CANCELED,,
2026-08-11T04:51:25Z,1300112026-08-11,13001,2026-08-11,CANCELED,,
2026-08-11T04:51:25Z,1803512026-08-10,18035,2026-08-10,CANCELED,,
2026-08-11T04:51:25Z,1565012026-08-10,15650,2026-08-10,CANCELED,,
2026-08-11T04:51:25Z,1803712026-08-10,18037,2026-08-10,CANCELED,,
2026-08-11T04:51:25Z,1565912026-08-10,15659,2026-08-10,CANCELED,,
2026-08-11T04:51:25Z,1804212026-08-10,18042,2026-08-10,CANCELED,,
2026-08-11T04:51:25Z,1804312026-08-10,18043,2026-08-10,CANCELED,,
2026-08-11T04:51:25Z,1817112026-08-10,18171,2026-08-10,CANCELED,,
2026-08-11T04:51:25Z,3822112026-08-10,38221,2026-08-10,CANCELED,,
2026-08-11T04:51:25Z,1704112026-08-10,17041,2026-08-10,CANCELED,,
2026-08-11T04:51:25Z,1722612026-08-10,17226,2026-08-10,CANCELED,,
2026-08-11T04:51:25Z,1721812026-08-10,17218,2026-08-10,CANCELED,,
2026-08-11T04:51:25Z,1722712026-08-10,17227,2026-08-10,CANCELED,,
2026-08-11T04:51:25Z,3821812026-08-10,38218,2026-08-10,CANCELED,,
2026-08-11T04:51:25Z,1803112026-08-10,18031,2026-08-10,CANCELED,,
2026-08-11T04:51:25Z,1722112026-08-10,17221,2026-08-10,CANCELED,,
2026-08-11T04:51:25Z,1821612026-08-10,18216,2026-08-10,CANCELED,,
2026-08-11T04:51:25Z,1821912026-08-10,18219,2026-08-10,CANCELED,,
2026-08-11T04:51:25Z,0029322026-08-11,00293,2026-08-11,CANCELED,,
2026-08-11T04:51:25Z,0029312026-08-11,00293,2026-08-11,CANCELED,,
2026-08-11T04:51:25Z,3709322026-08-10,37093,2026-08-10,CANCELED,,
2026-08-11T04:51:25Z,3709312026-08-10,37093,2026-08-10,CANCELED,,
2026-08-11T04:51:25Z,1810132026-08-10,18101,2026-08-10,CANCELED,,
2026-08-11T04:51:25Z,1810142026-08-10,18101,2026-08-10,CANCELED,,
2026-08-11T04:51:25Z,1810152026-08-10,18101,2026-08-10,CANCELED,,
2026-08-11T04:51:25Z,3739312026-08-10,37393,2026-08-10,CANCELED,,
2026-08-11T04:51:25Z,0080112026-08-11,00801,2026-08-11,CANCELED,,
2026-08-11T04:51:25Z,7187412026-08-10,71874,2026-08-10,CANCELED,,
2026-08-11T04:51:25Z,0029122026-08-11,00291,2026-08-11,CANCELED,,
2026-08-11T04:51:25Z,0029112026-08-11,00291,2026-08-11,CANCELED,,
2026-08-11T04:51:25Z,1810222026-08-10,18102,2026-08-10,CANCELED,,
2026-08-11T04:51:25Z,1810232026-08-10,18102,2026-08-10,CANCELED,,
2026-08-11T04:51:25Z,1810242026-08-10,18102,2026-08-10,CANCELED,,
2026-08-11T04:51:25Z,3709122026-08-10,37091,2026-08-10,CANCELED,,
2026-08-11T04:51:25Z,3709112026-08-10,37091,2026-08-10,CANCELED,,
2026-08-11T04:51:25Z,1810512026-08-10,18105,2026-08-10,CANCELED,,
2026-08-11T04:51:25Z,3739112026-08-10,37391,2026-08-10,CANCELED,,
2026-08-11T04:51:25Z,3810512026-08-10,38105,2026-08-10,CANCELED,,
2026-08-11T04:51:25Z,0027922026-08-11,00279,2026-08-11,CANCELED,,
2026-08-11T04:51:25Z,0027912026-08-11,00279,2026-08-11,CANCELED,,
2026-08-11T04:56:25Z,0587112026-08-10,05871,2026-08-10,SCHEDULED,60,1.0
2026-08-11T04:56:25Z,1577212026-08-10,15772,2026-08-10,SCHEDULED,120,2.0
2026-08-11T04:56:25Z,0805812026-08-10,08058,2026-08-10,SCHEDULED,0,0.0
2026-08-11T04:56:25Z,1585012026-08-10,15850,2026-08-10,SCHEDULED,-60,-1.0
2026-08-11T04:56:25Z,0806212026-08-10,08062,2026-08-10,SCHEDULED,0,0.0
2026-08-11T04:56:25Z,1590012026-08-10,15900,2026-08-10,SCHEDULED,420,7.0
2026-08-11T04:56:25Z,0806312026-08-10,08063,2026-08-10,SCHEDULED,240,4.0
2026-08-11T04:56:25Z,1601812026-08-10,16018,2026-08-10,SCHEDULED,0,0.0
2026-08-11T04:56:25Z,0806812026-08-10,08068,2026-08-10,SCHEDULED,0,0.0
2026-08-11T04:56:25Z,1702112026-08-10,17021,2026-08-10,SCHEDULED,0,0.0
2026-08-11T04:56:25Z,0807512026-08-10,08075,2026-08-10,SCHEDULED,300,5.0
2026-08-11T04:56:25Z,1703012026-08-10,17030,2026-08-10,SCHEDULED,-60,-1.0
2026-08-11T04:56:25Z,0826012026-08-10,08260,2026-08-10,SCHEDULED,-120,-2.0
2026-08-11T04:56:25Z,1710012026-08-10,17100,2026-08-10,SCHEDULED,180,3.0
2026-08-11T04:56:25Z,0826112026-08-10,08261,2026-08-10,SCHEDULED,480,8.0
2026-08-11T04:56:25Z,1720112026-08-10,17201,2026-08-10,SCHEDULED,120,2.0
2026-08-11T04:56:25Z,0835812026-08-10,08358,2026-08-10,SCHEDULED,180,3.0
2026-08-11T04:56:25Z,1750312026-08-10,17503,2026-08-10,SCHEDULED,120,2.0
2026-08-11T04:56:25Z,0847512026-08-10,08475,2026-08-10,SCHEDULED,180,3.0
2026-08-11T04:56:25Z,1770312026-08-10,17703,2026-08-10,SCHEDULED,60,1.0
2026-08-11T04:56:25Z,0865412026-08-10,08654,2026-08-10,SCHEDULED,-60,-1.0
2026-08-11T04:56:25Z,1780612026-08-10,17806,2026-08-10,SCHEDULED,300,5.0
2026-08-11T04:56:25Z,0866412026-08-10,08664,2026-08-10,SCHEDULED,180,3.0
2026-08-11T04:56:25Z,1800112026-08-10,18001,2026-08-10,SCHEDULED,0,0.0
2026-08-11T04:56:25Z,0807212026-08-10,08072,2026-08-10,SCHEDULED,-60,-1.0
2026-08-11T04:56:25Z,1803112026-08-10,18031,2026-08-10,SCHEDULED,120,2.0
2026-08-11T04:56:25Z,0906112026-08-10,09061,2026-08-10,SCHEDULED,0,0.0
2026-08-11T04:56:25Z,1320212026-08-10,13202,2026-08-10,SCHEDULED,660,11.0
2026-08-11T04:56:25Z,0906712026-08-10,09067,2026-08-10,SCHEDULED,0,0.0
2026-08-11T04:56:25Z,0907222026-08-10,09072,2026-08-10,SCHEDULED,0,0.0
2026-08-11T04:56:25Z,0907212026-08-10,09072,2026-08-10,SCHEDULED,0,0.0
2026-08-11T04:56:25Z,0405612026-08-11,04056,2026-08-11,SCHEDULED,180,3.0
2026-08-11T04:56:25Z,1412322026-08-10,14123,2026-08-10,SCHEDULED,120,2.0
2026-08-11T04:56:25Z,1412342026-08-10,14123,2026-08-10,SCHEDULED,120,2.0
2026-08-11T04:56:25Z,1412332026-08-10,14123,2026-08-10,SCHEDULED,120,2.0
2026-08-11T04:56:25Z,0029122026-08-11,00291,2026-08-11,SCHEDULED,60,1.0
2026-08-11T04:56:25Z,0029112026-08-11,00291,2026-08-11,SCHEDULED,60,1.0
2026-08-11T04:56:25Z,1241112026-08-10,12411,2026-08-10,SCHEDULED,420,7.0
2026-08-11T04:56:25Z,1268912026-08-10,12689,2026-08-10,SCHEDULED,180,3.0
2026-08-11T04:56:25Z,3560432026-08-10,35604,2026-08-10,SCHEDULED,0,0.0
2026-08-11T04:56:25Z,3560442026-08-10,35604,2026-08-10,SCHEDULED,0,0.0
2026-08-11T04:56:25Z,3560452026-08-10,35604,2026-08-10,SCHEDULED,0,0.0
2026-08-11T04:56:25Z,1300012026-08-10,13000,2026-08-10,SCHEDULED,780,13.0
2026-08-11T04:56:25Z,1500012026-08-10,15000,2026-08-10,SCHEDULED,300,5.0
2026-08-11T04:56:25Z,1500112026-08-10,15001,2026-08-10,SCHEDULED,-60,-1.0
2026-08-11T04:56:25Z,1300312026-08-11,13003,2026-08-11,SCHEDULED,180,3.0
2026-08-11T04:56:25Z,1500212026-08-10,15002,2026-08-10,SCHEDULED,120,2.0
2026-08-11T04:56:25Z,1303012026-08-10,13030,2026-08-10,SCHEDULED,60,1.0
2026-08-11T04:56:25Z,1564512026-08-10,15645,2026-08-10,SCHEDULED,0,0.0
2026-08-11T04:56:25Z,1304112026-08-10,13041,2026-08-10,SCHEDULED,60,1.0
2026-08-11T04:56:25Z,1564612026-08-10,15646,2026-08-10,SCHEDULED,120,2.0
2026-08-11T04:56:25Z,1572012026-08-10,15720,2026-08-10,SCHEDULED,0,0.0
2026-08-11T04:56:25Z,1308412026-08-10,13084,2026-08-10,SCHEDULED,240,4.0
2026-08-11T04:56:25Z,1572212026-08-10,15722,2026-08-10,SCHEDULED,60,1.0
2026-08-11T04:56:25Z,1395112026-08-10,13951,2026-08-10,SCHEDULED,300,5.0
2026-08-11T04:56:25Z,1575112026-08-10,15751,2026-08-10,SCHEDULED,-120,-2.0
2026-08-11T04:56:25Z,0411422026-08-11,04114,2026-08-11,SCHEDULED,-600,-10.0
2026-08-11T04:56:25Z,0411412026-08-11,04114,2026-08-11,SCHEDULED,-600,-10.0
2026-08-11T04:56:25Z,1577012026-08-10,15770,2026-08-10,SCHEDULED,0,0.0
2026-08-11T04:56:25Z,1891012026-08-10,18910,2026-08-10,SCHEDULED,180,3.0
2026-08-11T04:56:25Z,0075222026-08-11,00752,2026-08-11,SCHEDULED,180,3.0
2026-08-11T04:56:25Z,0075212026-08-11,00752,2026-08-11,SCHEDULED,180,3.0
2026-08-11T04:56:25Z,1443312026-08-10,14433,2026-08-10,SCHEDULED,120,2.0
2026-08-11T04:56:25Z,1530912026-08-10,15309,2026-08-10,SCHEDULED,-60,-1.0
2026-08-11T04:56:25Z,0075222026-08-11,00752,2026-08-11,SCHEDULED,240,4.0
2026-08-11T04:56:25Z,0075212026-08-11,00752,2026-08-11,SCHEDULED,240,4.0
2026-08-11T04:56:25Z,1503022026-08-10,15030,2026-08-10,SCHEDULED,180,3.0
2026-08-11T04:56:25Z,3460912026-08-10,34609,2026-08-10,SCHEDULED,120,2.0
2026-08-11T04:56:25Z,1503112026-08-10,15031,2026-08-10,SCHEDULED,0,0.0
2026-08-11T04:56:25Z,0107212026-08-10,01072,2026-08-10,SCHEDULED,180,3.0
2026-08-11T04:56:25Z,1600012026-08-10,16000,2026-08-10,SCHEDULED,180,3.0
2026-08-11T04:56:25Z,0206112026-08-10,02061,2026-08-10,SCHEDULED,900,15.0
2026-08-11T04:56:25Z,0206312026-08-10,02063,2026-08-10,SCHEDULED,-120,-2.0
2026-08-11T04:56:25Z,1447012026-08-10,14470,2026-08-10,SCHEDULED,240,4.0
2026-08-11T04:56:25Z,0206712026-08-10,02067,2026-08-10,SCHEDULED,0,0.0
2026-08-11T04:56:25Z,0947012026-08-10,09470,2026-08-10,SCHEDULED,0,0.0
2026-08-11T04:56:25Z,0207512026-08-11,02075,2026-08-11,SCHEDULED,240,4.0
2026-08-11T04:56:25Z,1562012026-08-10,15620,2026-08-10,SCHEDULED,240,4.0
2026-08-11T04:56:25Z,1562112026-08-10,15621,2026-08-10,SCHEDULED,240,4.0
2026-08-11T04:56:25Z,1563012026-08-10,15630,2026-08-10,SCHEDULED,60,1.0
2026-08-11T04:56:25Z,0306242026-08-10,03062,2026-08-10,SCHEDULED,60,1.0
2026-08-11T04:56:25Z,0306232026-08-10,03062,2026-08-10,SCHEDULED,60,1.0
2026-08-11T04:56:25Z,0306212026-08-10,03062,2026-08-10,SCHEDULED,60,1.0
2026-08-11T04:56:25Z,0306222026-08-10,03062,2026-08-10,SCHEDULED,60,1.0
2026-08-11T04:56:25Z,1401812026-08-10,14018,2026-08-10,SCHEDULED,180,3.0
2026-08-11T04:56:25Z,1251212026-08-10,12512,2026-08-10,SCHEDULED,0,0.0
2026-08-11T04:56:25Z,1804612026-08-10,18046,2026-08-10,SCHEDULED,720,12.0
2026-08-11T04:56:25Z,0306242026-08-10,03062,2026-08-10,SCHEDULED,60,1.0
2026-08-11T04:56:25Z,0306232026-08-10,03062,2026-08-10,SCHEDULED,60,1.0
2026-08-11T04:56:25Z,0306212026-08-10,03062,2026-08-10,SCHEDULED,60,1.0
2026-08-11T04:56:25Z,0306222026-08-10,03062,2026-08-10,SCHEDULED,60,1.0
2026-08-11T04:56:25Z,1804722026-08-10,18047,2026-08-10,SCHEDULED,240,4.0
2026-08-11T04:56:25Z,1805412026-08-10,18054,2026-08-10,SCHEDULED,-60,-1.0
2026-08-11T04:56:25Z,1806812026-08-10,18068,2026-08-10,SCHEDULED,-60,-1.0
2026-08-11T04:56:25Z,0331112026-08-10,03311,2026-08-10,SCHEDULED,-60,-1.0
2026-08-11T04:56:25Z,0331122026-08-10,03311,2026-08-10,SCHEDULED,-60,-1.0
2026-08-11T04:56:25Z,0331132026-08-10,03311,2026-08-10,SCHEDULED,-60,-1.0
2026-08-11T04:56:25Z,1807112026-08-10,18071,2026-08-10,SCHEDULED,180,3.0
2026-08-11T04:56:25Z,1807212026-08-10,18072,2026-08-10,SCHEDULED,240,4.0
2026-08-11T04:56:25Z,0366222026-08-10,03662,2026-08-10,SCHEDULED,0,0.0
2026-08-11T04:56:25Z,0366212026-08-10,03662,2026-08-10,SCHEDULED,0,0.0
2026-08-11T04:56:25Z,0406012026-08-10,04060,2026-08-10,SCHEDULED,180,3.0
2026-08-11T04:56:25Z,1800212026-08-10,18002,2026-08-10,SCHEDULED,60,1.0
2026-08-11T04:56:25Z,0408822026-08-11,04088,2026-08-11,SCHEDULED,60,1.0
2026-08-11T04:56:25Z,1806612026-08-10,18066,2026-08-10,SCHEDULED,180,3.0
2026-08-11T04:56:25Z,1812012026-08-10,18120,2026-08-10,SCHEDULED,0,0.0
2026-08-11T04:56:25Z,0407222026-08-11,04072,2026-08-11,SCHEDULED,120,2.0
2026-08-11T04:56:25Z,0407212026-08-11,04072,2026-08-11,SCHEDULED,120,2.0
2026-08-11T04:56:25Z,1812112026-08-10,18121,2026-08-10,SCHEDULED,0,0.0
2026-08-11T04:56:25Z,1831012026-08-10,18310,2026-08-10,SCHEDULED,180,3.0
2026-08-11T04:56:25Z,0429522026-08-10,04295,2026-08-10,SCHEDULED,0,0.0
2026-08-11T04:56:25Z,0429512026-08-10,04295,2026-08-10,SCHEDULED,0,0.0
2026-08-11T04:56:25Z,1877312026-08-10,18773,2026-08-10,SCHEDULED,360,6.0
2026-08-11T04:56:25Z,0446412026-08-10,04464,2026-08-10,SCHEDULED,-60,-1.0
2026-08-11T04:56:25Z,3586912026-08-10,35869,2026-08-10,SCHEDULED,60,1.0
2026-08-11T04:56:25Z,0415422026-08-10,04154,2026-08-10,SCHEDULED,-120,-2.0
2026-08-11T04:56:25Z,0415412026-08-10,04154,2026-08-10,SCHEDULED,-120,-2.0
2026-08-11T04:56:25Z,0486822026-08-11,04868,2026-08-11,SCHEDULED,-60,-1.0
2026-08-11T04:56:25Z,0486812026-08-11,04868,2026-08-11,SCHEDULED,-60,-1.0
2026-08-11T04:56:25Z,0506312026-08-10,05063,2026-08-10,SCHEDULED,60,1.0
2026-08-11T04:56:25Z,0509222026-08-10,05092,2026-08-10,SCHEDULED,240,4.0
2026-08-11T04:56:25Z,0509212026-08-10,05092,2026-08-10,SCHEDULED,240,4.0
2026-08-11T04:56:25Z,0508012026-08-10,05080,2026-08-10,SCHEDULED,0,0.0
2026-08-11T04:56:25Z,0508032026-08-10,05080,2026-08-10,SCHEDULED,0,0.0
2026-08-11T04:56:25Z,0508022026-08-10,05080,2026-08-10,SCHEDULED,0,0.0
2026-08-11T04:56:25Z,0566812026-08-10,05668,2026-08-10,SCHEDULED,0,0.0
2026-08-11T04:56:25Z,0576312026-08-10,05763,2026-08-10,SCHEDULED,0,0.0
2026-08-11T04:56:25Z,0576322026-08-10,05763,2026-08-10,SCHEDULED,0,0.0
2026-08-11T04:56:25Z,0576332026-08-10,05763,2026-08-10,SCHEDULED,0,0.0
2026-08-11T04:56:25Z,3727912026-08-10,37279,2026-08-10,CANCELED,,
2026-08-11T04:56:25Z,1803312026-08-10,18033,2026-08-10,CANCELED,,
2026-08-11T04:56:25Z,1300112026-08-11,13001,2026-08-11,CANCELED,,
2026-08-11T04:56:25Z,1803512026-08-10,18035,2026-08-10,CANCELED,,
2026-08-11T04:56:25Z,1803712026-08-10,18037,2026-08-10,CANCELED,,
2026-08-11T04:56:25Z,1565012026-08-10,15650,2026-08-10,CANCELED,,
2026-08-11T04:56:25Z,1804212026-08-10,18042,2026-08-10,CANCELED,,
2026-08-11T04:56:25Z,1565912026-08-10,15659,2026-08-10,CANCELED,,
2026-08-11T04:56:25Z,1817112026-08-10,18171,2026-08-10,CANCELED,,
2026-08-11T04:56:25Z,1804312026-08-10,18043,2026-08-10,CANCELED,,
2026-08-11T04:56:25Z,1704112026-08-10,17041,2026-08-10,CANCELED,,
2026-08-11T04:56:25Z,3822112026-08-10,38221,2026-08-10,CANCELED,,
2026-08-11T04:56:25Z,1721812026-08-10,17218,2026-08-10,CANCELED,,
2026-08-11T04:56:25Z,1722612026-08-10,17226,2026-08-10,CANCELED,,
2026-08-11T04:56:25Z,3821812026-08-10,38218,2026-08-10,CANCELED,,
2026-08-11T04:56:25Z,1722712026-08-10,17227,2026-08-10,CANCELED,,
2026-08-11T04:56:25Z,1722112026-08-10,17221,2026-08-10,CANCELED,,
2026-08-11T04:56:25Z,1803112026-08-10,18031,2026-08-10,CANCELED,,
2026-08-11T04:56:25Z,1821612026-08-10,18216,2026-08-10,CANCELED,,
2026-08-11T04:56:25Z,0029322026-08-11,00293,2026-08-11,CANCELED,,
2026-08-11T04:56:25Z,0029312026-08-11,00293,2026-08-11,CANCELED,,
2026-08-11T04:56:25Z,1821912026-08-10,18219,2026-08-10,CANCELED,,
2026-08-11T04:56:25Z,3709322026-08-10,37093,2026-08-10,CANCELED,,
2026-08-11T04:56:25Z,3709312026-08-10,37093,2026-08-10,CANCELED,,
2026-08-11T04:56:25Z,1810132026-08-10,18101,2026-08-10,CANCELED,,
2026-08-11T04:56:25Z,1810142026-08-10,18101,2026-08-10,CANCELED,,
2026-08-11T04:56:25Z,1810152026-08-10,18101,2026-08-10,CANCELED,,
2026-08-11T04:56:25Z,3739312026-08-10,37393,2026-08-10,CANCELED,,
2026-08-11T04:56:25Z,0080112026-08-11,00801,2026-08-11,CANCELED,,
2026-08-11T04:56:25Z,7187412026-08-10,71874,2026-08-10,CANCELED,,
2026-08-11T04:56:25Z,0029122026-08-11,00291,2026-08-11,CANCELED,,
2026-08-11T04:56:25Z,0029112026-08-11,00291,2026-08-11,CANCELED,,
2026-08-11T04:56:25Z,1810222026-08-10,18102,2026-08-10,CANCELED,,
2026-08-11T04:56:25Z,1810232026-08-10,18102,2026-08-10,CANCELED,,
2026-08-11T04:56:25Z,1810242026-08-10,18102,2026-08-10,CANCELED,,
2026-08-11T04:56:25Z,3709122026-08-10,37091,2026-08-10,CANCELED,,
2026-08-11T04:56:25Z,3709112026-08-10,37091,2026-08-10,CANCELED,,
2026-08-11T04:56:25Z,1810512026-08-10,18105,2026-08-10,CANCELED,,
2026-08-11T04:56:25Z,3739112026-08-10,37391,2026-08-10,CANCELED,,
2026-08-11T04:56:25Z,3810512026-08-10,38105,2026-08-10,CANCELED,,
2026-08-11T04:56:25Z,0027922026-08-11,00279,2026-08-11,CANCELED,,
2026-08-11T04:56:25Z,0027912026-08-11,00279,2026-08-11,CANCELED,,
2026-08-11T05:01:51Z,1395112026-08-10,13951,2026-08-10,SCHEDULED,300,5.0
2026-08-11T05:01:51Z,0806212026-08-10,08062,2026-08-10,SCHEDULED,60,1.0
2026-08-11T05:01:51Z,1320212026-08-10,13202,2026-08-10,SCHEDULED,660,11.0
2026-08-11T05:01:51Z,0806312026-08-10,08063,2026-08-10,SCHEDULED,240,4.0
2026-08-11T05:01:51Z,0806812026-08-10,08068,2026-08-10,SCHEDULED,0,0.0
2026-08-11T05:01:51Z,0807512026-08-10,08075,2026-08-10,SCHEDULED,720,12.0
2026-08-11T05:01:51Z,0826012026-08-10,08260,2026-08-10,SCHEDULED,-120,-2.0
2026-08-11T05:01:51Z,1412322026-08-10,14123,2026-08-10,SCHEDULED,60,1.0
2026-08-11T05:01:51Z,1412342026-08-10,14123,2026-08-10,SCHEDULED,60,1.0
2026-08-11T05:01:51Z,1412332026-08-10,14123,2026-08-10,SCHEDULED,60,1.0
2026-08-11T05:01:51Z,0826112026-08-10,08261,2026-08-10,SCHEDULED,540,9.0
2026-08-11T05:01:51Z,0835812026-08-10,08358,2026-08-10,SCHEDULED,0,0.0
2026-08-11T05:01:51Z,0847512026-08-10,08475,2026-08-10,SCHEDULED,120,2.0
2026-08-11T05:01:51Z,3560432026-08-10,35604,2026-08-10,SCHEDULED,-60,-1.0
2026-08-11T05:01:51Z,3560442026-08-10,35604,2026-08-10,SCHEDULED,-60,-1.0
2026-08-11T05:01:51Z,3560452026-08-10,35604,2026-08-10,SCHEDULED,-60,-1.0
2026-08-11T05:01:51Z,0865412026-08-10,08654,2026-08-10,SCHEDULED,-420,-7.0
2026-08-11T05:01:51Z,1500012026-08-10,15000,2026-08-10,SCHEDULED,480,8.0
2026-08-11T05:01:51Z,0866412026-08-10,08664,2026-08-10,SCHEDULED,480,8.0
2026-08-11T05:01:51Z,1500112026-08-10,15001,2026-08-10,SCHEDULED,60,1.0
2026-08-11T05:01:51Z,0807212026-08-10,08072,2026-08-10,SCHEDULED,-420,-7.0
2026-08-11T05:01:51Z,1500212026-08-10,15002,2026-08-10,SCHEDULED,60,1.0
2026-08-11T05:01:51Z,0906112026-08-10,09061,2026-08-10,SCHEDULED,0,0.0
2026-08-11T05:01:51Z,1564512026-08-10,15645,2026-08-10,SCHEDULED,0,0.0
2026-08-11T05:01:51Z,0906712026-08-10,09067,2026-08-10,SCHEDULED,0,0.0
2026-08-11T05:01:51Z,1564612026-08-10,15646,2026-08-10,SCHEDULED,0,0.0
2026-08-11T05:01:51Z,1572012026-08-10,15720,2026-08-10,SCHEDULED,120,2.0
2026-08-11T05:01:51Z,0907222026-08-10,09072,2026-08-10,SCHEDULED,60,1.0
2026-08-11T05:01:51Z,0907212026-08-10,09072,2026-08-10,SCHEDULED,60,1.0
2026-08-11T05:01:51Z,0907512026-08-10,09075,2026-08-10,SCHEDULED,60,1.0
2026-08-11T05:01:51Z,1572212026-08-10,15722,2026-08-10,SCHEDULED,60,1.0
2026-08-11T05:01:51Z,0109212026-08-10,01092,2026-08-10,SCHEDULED,60,1.0
2026-08-11T05:01:51Z,1575112026-08-10,15751,2026-08-10,SCHEDULED,60,1.0
2026-08-11T05:01:51Z,0405612026-08-11,04056,2026-08-11,SCHEDULED,120,2.0
2026-08-11T05:01:51Z,1577012026-08-10,15770,2026-08-10,SCHEDULED,-60,-1.0
2026-08-11T05:01:51Z,1577212026-08-10,15772,2026-08-10,SCHEDULED,120,2.0
2026-08-11T05:01:51Z,1585012026-08-10,15850,2026-08-10,SCHEDULED,0,0.0
2026-08-11T05:01:51Z,0418612026-08-11,04186,2026-08-11,SCHEDULED,120,2.0
2026-08-11T05:01:51Z,0418642026-08-11,04186,2026-08-11,SCHEDULED,120,2.0
2026-08-11T05:01:51Z,0418622026-08-11,04186,2026-08-11,SCHEDULED,120,2.0
2026-08-11T05:01:51Z,1590012026-08-10,15900,2026-08-10,SCHEDULED,480,8.0
2026-08-11T05:01:51Z,1601812026-08-10,16018,2026-08-10,SCHEDULED,0,0.0
2026-08-11T05:01:51Z,0029122026-08-11,00291,2026-08-11,SCHEDULED,-60,-1.0
2026-08-11T05:01:51Z,0029112026-08-11,00291,2026-08-11,SCHEDULED,-60,-1.0
2026-08-11T05:01:51Z,1702112026-08-10,17021,2026-08-10,SCHEDULED,120,2.0
2026-08-11T05:01:51Z,1241112026-08-10,12411,2026-08-10,SCHEDULED,480,8.0
2026-08-11T05:01:51Z,1703012026-08-10,17030,2026-08-10,SCHEDULED,60,1.0
2026-08-11T05:01:51Z,1248012026-08-10,12480,2026-08-10,SCHEDULED,-60,-1.0
2026-08-11T05:01:51Z,1710012026-08-10,17100,2026-08-10,SCHEDULED,300,5.0
2026-08-11T05:01:51Z,1268912026-08-10,12689,2026-08-10,SCHEDULED,180,3.0
2026-08-11T05:01:51Z,1720112026-08-10,17201,2026-08-10,SCHEDULED,120,2.0
2026-08-11T05:01:51Z,1300012026-08-10,13000,2026-08-10,SCHEDULED,780,13.0
2026-08-11T05:01:51Z,1750312026-08-10,17503,2026-08-10,SCHEDULED,300,5.0
2026-08-11T05:01:51Z,1300312026-08-11,13003,2026-08-11,SCHEDULED,240,4.0
2026-08-11T05:01:51Z,1770312026-08-10,17703,2026-08-10,SCHEDULED,60,1.0
2026-08-11T05:01:51Z,1780612026-08-10,17806,2026-08-10,SCHEDULED,300,5.0
2026-08-11T05:01:51Z,1303012026-08-10,13030,2026-08-10,SCHEDULED,60,1.0
2026-08-11T05:01:51Z,1800112026-08-10,18001,2026-08-10,SCHEDULED,-60,-1.0
2026-08-11T05:01:51Z,1304112026-08-10,13041,2026-08-10,SCHEDULED,60,1.0
2026-08-11T05:01:51Z,1803112026-08-10,18031,2026-08-10,SCHEDULED,180,3.0
2026-08-11T05:01:51Z,1308412026-08-10,13084,2026-08-10,SCHEDULED,360,6.0
2026-08-11T05:01:51Z,1804612026-08-10,18046,2026-08-10,SCHEDULED,660,11.0
2026-08-11T05:01:51Z,0411422026-08-11,04114,2026-08-11,SCHEDULED,-600,-10.0
2026-08-11T05:01:51Z,0411412026-08-11,04114,2026-08-11,SCHEDULED,-600,-10.0
2026-08-11T05:01:51Z,1804722026-08-10,18047,2026-08-10,SCHEDULED,360,6.0
2026-08-11T05:01:51Z,1806812026-08-10,18068,2026-08-10,SCHEDULED,0,0.0
2026-08-11T05:01:51Z,0075222026-08-11,00752,2026-08-11,SCHEDULED,180,3.0
2026-08-11T05:01:51Z,0075212026-08-11,00752,2026-08-11,SCHEDULED,180,3.0
2026-08-11T05:01:51Z,1807112026-08-10,18071,2026-08-10,SCHEDULED,300,5.0
2026-08-11T05:01:51Z,0075222026-08-11,00752,2026-08-11,SCHEDULED,240,4.0
2026-08-11T05:01:51Z,0075212026-08-11,00752,2026-08-11,SCHEDULED,240,4.0
2026-08-11T05:01:51Z,1807212026-08-10,18072,2026-08-10,SCHEDULED,180,3.0
2026-08-11T05:01:51Z,3460912026-08-10,34609,2026-08-10,SCHEDULED,180,3.0
2026-08-11T05:01:51Z,1800212026-08-10,18002,2026-08-10,SCHEDULED,60,1.0
2026-08-11T05:01:51Z,0107212026-08-10,01072,2026-08-10,SCHEDULED,180,3.0
2026-08-11T05:01:51Z,1806612026-08-10,18066,2026-08-10,SCHEDULED,180,3.0
2026-08-11T05:01:51Z,0206112026-08-10,02061,2026-08-10,SCHEDULED,900,15.0
2026-08-11T05:01:51Z,1812012026-08-10,18120,2026-08-10,SCHEDULED,60,1.0
2026-08-11T05:01:51Z,0206312026-08-10,02063,2026-08-10,SCHEDULED,600,10.0
2026-08-11T05:01:51Z,1812112026-08-10,18121,2026-08-10,SCHEDULED,60,1.0
2026-08-11T05:01:51Z,1831012026-08-10,18310,2026-08-10,SCHEDULED,120,2.0
2026-08-11T05:01:51Z,0206712026-08-10,02067,2026-08-10,SCHEDULED,0,0.0
2026-08-11T05:01:51Z,0207512026-08-11,02075,2026-08-11,SCHEDULED,300,5.0
2026-08-11T05:01:51Z,1877312026-08-10,18773,2026-08-10,SCHEDULED,420,7.0
2026-08-11T05:01:51Z,3586912026-08-10,35869,2026-08-10,SCHEDULED,120,2.0
2026-08-11T05:01:51Z,1891012026-08-10,18910,2026-08-10,SCHEDULED,180,3.0
2026-08-11T05:01:51Z,1443312026-08-10,14433,2026-08-10,SCHEDULED,120,2.0
2026-08-11T05:01:51Z,0306242026-08-10,03062,2026-08-10,SCHEDULED,60,1.0
2026-08-11T05:01:51Z,0306232026-08-10,03062,2026-08-10,SCHEDULED,60,1.0
2026-08-11T05:01:51Z,0306212026-08-10,03062,2026-08-10,SCHEDULED,60,1.0
2026-08-11T05:01:51Z,0306222026-08-10,03062,2026-08-10,SCHEDULED,60,1.0
2026-08-11T05:01:51Z,1530912026-08-10,15309,2026-08-10,SCHEDULED,60,1.0
2026-08-11T05:01:51Z,1503022026-08-10,15030,2026-08-10,SCHEDULED,180,3.0
2026-08-11T05:01:51Z,1503112026-08-10,15031,2026-08-10,SCHEDULED,60,1.0
2026-08-11T05:01:51Z,1600012026-08-10,16000,2026-08-10,SCHEDULED,180,3.0
2026-08-11T05:01:51Z,0306242026-08-10,03062,2026-08-10,SCHEDULED,60,1.0
2026-08-11T05:01:51Z,0306232026-08-10,03062,2026-08-10,SCHEDULED,60,1.0
2026-08-11T05:01:51Z,0306212026-08-10,03062,2026-08-10,SCHEDULED,60,1.0
2026-08-11T05:01:51Z,0306222026-08-10,03062,2026-08-10,SCHEDULED,60,1.0
2026-08-11T05:01:51Z,1447012026-08-10,14470,2026-08-10,SCHEDULED,180,3.0
2026-08-11T05:01:51Z,0947012026-08-10,09470,2026-08-10,SCHEDULED,0,0.0
2026-08-11T05:01:51Z,1562012026-08-10,15620,2026-08-10,SCHEDULED,240,4.0
2026-08-11T05:01:51Z,0331112026-08-10,03311,2026-08-10,SCHEDULED,-60,-1.0
2026-08-11T05:01:51Z,0331122026-08-10,03311,2026-08-10,SCHEDULED,-60,-1.0
2026-08-11T05:01:51Z,0331132026-08-10,03311,2026-08-10,SCHEDULED,-60,-1.0
2026-08-11T05:01:51Z,1562112026-08-10,15621,2026-08-10,SCHEDULED,240,4.0
2026-08-11T05:01:51Z,1563012026-08-10,15630,2026-08-10,SCHEDULED,60,1.0
2026-08-11T05:01:51Z,0366222026-08-10,03662,2026-08-10,SCHEDULED,0,0.0
2026-08-11T05:01:51Z,0366212026-08-10,03662,2026-08-10,SCHEDULED,0,0.0
2026-08-11T05:01:51Z,1401812026-08-10,14018,2026-08-10,SCHEDULED,180,3.0
2026-08-11T05:01:51Z,0406012026-08-10,04060,2026-08-10,SCHEDULED,0,0.0
2026-08-11T05:01:51Z,0408822026-08-11,04088,2026-08-11,SCHEDULED,0,0.0
2026-08-11T05:01:51Z,1833112026-08-10,18331,2026-08-10,SCHEDULED,60,1.0
2026-08-11T05:01:51Z,1251212026-08-10,12512,2026-08-10,SCHEDULED,60,1.0
2026-08-11T05:01:51Z,7180012026-08-10,71800,2026-08-10,SCHEDULED,0,0.0
2026-08-11T05:01:51Z,0407222026-08-11,04072,2026-08-11,SCHEDULED,180,3.0
2026-08-11T05:01:51Z,0407212026-08-11,04072,2026-08-11,SCHEDULED,180,3.0
2026-08-11T05:01:51Z,0429522026-08-10,04295,2026-08-10,SCHEDULED,60,1.0
2026-08-11T05:01:51Z,0429512026-08-10,04295,2026-08-10,SCHEDULED,60,1.0
2026-08-11T05:01:51Z,0446412026-08-10,04464,2026-08-10,SCHEDULED,-60,-1.0
2026-08-11T05:01:51Z,0415422026-08-10,04154,2026-08-10,SCHEDULED,-120,-2.0
2026-08-11T05:01:51Z,0415412026-08-10,04154,2026-08-10,SCHEDULED,-120,-2.0
2026-08-11T05:01:51Z,0486822026-08-11,04868,2026-08-11,SCHEDULED,-60,-1.0
2026-08-11T05:01:51Z,0486812026-08-11,04868,2026-08-11,SCHEDULED,-60,-1.0
2026-08-11T05:01:51Z,0506312026-08-10,05063,2026-08-10,SCHEDULED,60,1.0
2026-08-11T05:01:51Z,0509222026-08-10,05092,2026-08-10,SCHEDULED,240,4.0
2026-08-11T05:01:51Z,0509212026-08-10,05092,2026-08-10,SCHEDULED,240,4.0
2026-08-11T05:01:51Z,0508012026-08-10,05080,2026-08-10,SCHEDULED,-60,-1.0
2026-08-11T05:01:51Z,0508032026-08-10,05080,2026-08-10,SCHEDULED,-60,-1.0
2026-08-11T05:01:51Z,0508022026-08-10,05080,2026-08-10,SCHEDULED,-60,-1.0
2026-08-11T05:01:51Z,0566812026-08-10,05668,2026-08-10,SCHEDULED,0,0.0
2026-08-11T05:01:51Z,0576312026-08-10,05763,2026-08-10,SCHEDULED,0,0.0
2026-08-11T05:01:51Z,0576322026-08-10,05763,2026-08-10,SCHEDULED,0,0.0
2026-08-11T05:01:51Z,0576332026-08-10,05763,2026-08-10,SCHEDULED,0,0.0
2026-08-11T05:01:51Z,0587112026-08-10,05871,2026-08-10,SCHEDULED,60,1.0
2026-08-11T05:01:51Z,0805812026-08-10,08058,2026-08-10,SCHEDULED,120,2.0
2026-08-11T05:01:51Z,3727912026-08-10,37279,2026-08-10,CANCELED,,
2026-08-11T05:01:51Z,1803312026-08-10,18033,2026-08-10,CANCELED,,
2026-08-11T05:01:51Z,1300112026-08-11,13001,2026-08-11,CANCELED,,
2026-08-11T05:01:51Z,1803512026-08-10,18035,2026-08-10,CANCELED,,
2026-08-11T05:01:51Z,1565012026-08-10,15650,2026-08-10,CANCELED,,
2026-08-11T05:01:51Z,1803712026-08-10,18037,2026-08-10,CANCELED,,
2026-08-11T05:01:51Z,1804212026-08-10,18042,2026-08-10,CANCELED,,
2026-08-11T05:01:51Z,1565912026-08-10,15659,2026-08-10,CANCELED,,
2026-08-11T05:01:51Z,1817112026-08-10,18171,2026-08-10,CANCELED,,
2026-08-11T05:01:51Z,1804312026-08-10,18043,2026-08-10,CANCELED,,
2026-08-11T05:01:51Z,1704112026-08-10,17041,2026-08-10,CANCELED,,
2026-08-11T05:01:51Z,3822112026-08-10,38221,2026-08-10,CANCELED,,
2026-08-11T05:01:51Z,1721812026-08-10,17218,2026-08-10,CANCELED,,
2026-08-11T05:01:51Z,1722612026-08-10,17226,2026-08-10,CANCELED,,
2026-08-11T05:01:51Z,3821812026-08-10,38218,2026-08-10,CANCELED,,
2026-08-11T05:01:51Z,1722712026-08-10,17227,2026-08-10,CANCELED,,
2026-08-11T05:01:51Z,1722112026-08-10,17221,2026-08-10,CANCELED,,
2026-08-11T05:01:51Z,1803112026-08-10,18031,2026-08-10,CANCELED,,
2026-08-11T05:01:51Z,1821612026-08-10,18216,2026-08-10,CANCELED,,
2026-08-11T05:01:51Z,0029322026-08-11,00293,2026-08-11,CANCELED,,
2026-08-11T05:01:51Z,0029312026-08-11,00293,2026-08-11,CANCELED,,
2026-08-11T05:01:51Z,1821912026-08-10,18219,2026-08-10,CANCELED,,
2026-08-11T05:01:51Z,3709322026-08-10,37093,2026-08-10,CANCELED,,
2026-08-11T05:01:51Z,3709312026-08-10,37093,2026-08-10,CANCELED,,
2026-08-11T05:01:51Z,3739312026-08-10,37393,2026-08-10,CANCELED,,
2026-08-11T05:01:51Z,1810132026-08-10,18101,2026-08-10,CANCELED,,
2026-08-11T05:01:51Z,1810142026-08-10,18101,2026-08-10,CANCELED,,
2026-08-11T05:01:51Z,1810152026-08-10,18101,2026-08-10,CANCELED,,
2026-08-11T05:01:51Z,0080112026-08-11,00801,2026-08-11,CANCELED,,
2026-08-11T05:01:51Z,7187412026-08-10,71874,2026-08-10,CANCELED,,
2026-08-11T05:01:51Z,0029122026-08-11,00291,2026-08-11,CANCELED,,
2026-08-11T05:01:51Z,0029112026-08-11,00291,2026-08-11,CANCELED,,
2026-08-11T05:01:51Z,3709122026-08-10,37091,2026-08-10,CANCELED,,
2026-08-11T05:01:51Z,3709112026-08-10,37091,2026-08-10,CANCELED,,
2026-08-11T05:01:51Z,1810222026-08-10,18102,2026-08-10,CANCELED,,
2026-08-11T05:01:51Z,1810232026-08-10,18102,2026-08-10,CANCELED,,
2026-08-11T05:01:51Z,1810242026-08-10,18102,2026-08-10,CANCELED,,
2026-08-11T05:01:51Z,3739112026-08-10,37391,2026-08-10,CANCELED,,
2026-08-11T05:01:51Z,1810512026-08-10,18105,2026-08-10,CANCELED,,
2026-08-11T05:01:51Z,3810512026-08-10,38105,2026-08-10,CANCELED,,
2026-08-11T05:01:51Z,0027922026-08-11,00279,2026-08-11,CANCELED,,
2026-08-11T05:01:51Z,0027912026-08-11,00279,2026-08-11,CANCELED,,
2026-08-11T05:06:21Z,1395112026-08-10,13951,2026-08-10,SCHEDULED,300,5.0
2026-08-11T05:06:21Z,0805812026-08-10,08058,2026-08-10,SCHEDULED,120,2.0
2026-08-11T05:06:21Z,1320212026-08-10,13202,2026-08-10,SCHEDULED,660,11.0
2026-08-11T05:06:21Z,0806212026-08-10,08062,2026-08-10,SCHEDULED,60,1.0
2026-08-11T05:06:21Z,0806812026-08-10,08068,2026-08-10,SCHEDULED,0,0.0
2026-08-11T05:06:21Z,1390012026-08-10,13900,2026-08-10,SCHEDULED,120,2.0
2026-08-11T05:06:21Z,0807112026-08-10,08071,2026-08-10,SCHEDULED,120,2.0
2026-08-11T05:06:21Z,1390112026-08-10,13901,2026-08-10,SCHEDULED,60,1.0
2026-08-11T05:06:21Z,0807512026-08-10,08075,2026-08-10,SCHEDULED,420,7.0
2026-08-11T05:06:21Z,0826012026-08-10,08260,2026-08-10,SCHEDULED,-240,-4.0
2026-08-11T05:06:21Z,0826112026-08-10,08261,2026-08-10,SCHEDULED,540,9.0
2026-08-11T05:06:21Z,1412322026-08-10,14123,2026-08-10,SCHEDULED,60,1.0
2026-08-11T05:06:21Z,1412342026-08-10,14123,2026-08-10,SCHEDULED,60,1.0
2026-08-11T05:06:21Z,1412332026-08-10,14123,2026-08-10,SCHEDULED,60,1.0
2026-08-11T05:06:21Z,0835812026-08-10,08358,2026-08-10,SCHEDULED,0,0.0
2026-08-11T05:06:21Z,0847512026-08-10,08475,2026-08-10,SCHEDULED,60,1.0
2026-08-11T05:06:21Z,0866412026-08-10,08664,2026-08-10,SCHEDULED,480,8.0
2026-08-11T05:06:21Z,0807212026-08-10,08072,2026-08-10,SCHEDULED,-360,-6.0
2026-08-11T05:06:21Z,3560432026-08-10,35604,2026-08-10,SCHEDULED,-60,-1.0
2026-08-11T05:06:21Z,3560442026-08-10,35604,2026-08-10,SCHEDULED,-60,-1.0
2026-08-11T05:06:21Z,3560452026-08-10,35604,2026-08-10,SCHEDULED,-60,-1.0
2026-08-11T05:06:21Z,0906112026-08-10,09061,2026-08-10,SCHEDULED,0,0.0
2026-08-11T05:06:21Z,1500012026-08-10,15000,2026-08-10,SCHEDULED,420,7.0
2026-08-11T05:06:21Z,0906712026-08-10,09067,2026-08-10,SCHEDULED,60,1.0
2026-08-11T05:06:21Z,1500112026-08-10,15001,2026-08-10,SCHEDULED,60,1.0
2026-08-11T05:06:21Z,1500212026-08-10,15002,2026-08-10,SCHEDULED,60,1.0
2026-08-11T05:06:21Z,0907222026-08-10,09072,2026-08-10,SCHEDULED,60,1.0
2026-08-11T05:06:21Z,0907212026-08-10,09072,2026-08-10,SCHEDULED,60,1.0
2026-08-11T05:06:21Z,1521012026-08-10,15210,2026-08-10,SCHEDULED,60,1.0
2026-08-11T05:06:21Z,0907512026-08-10,09075,2026-08-10,SCHEDULED,60,1.0
2026-08-11T05:06:21Z,0109212026-08-10,01092,2026-08-10,SCHEDULED,0,0.0
2026-08-11T05:06:21Z,1564512026-08-10,15645,2026-08-10,SCHEDULED,0,0.0
2026-08-11T05:06:21Z,0405612026-08-11,04056,2026-08-11,SCHEDULED,120,2.0
2026-08-11T05:06:21Z,1564612026-08-10,15646,2026-08-10,SCHEDULED,0,0.0
2026-08-11T05:06:21Z,1572012026-08-10,15720,2026-08-10,SCHEDULED,120,2.0
2026-08-11T05:06:21Z,1572212026-08-10,15722,2026-08-10,SCHEDULED,60,1.0
2026-08-11T05:06:21Z,0418612026-08-11,04186,2026-08-11,SCHEDULED,240,4.0
2026-08-11T05:06:21Z,0418642026-08-11,04186,2026-08-11,SCHEDULED,240,4.0
2026-08-11T05:06:21Z,0418622026-08-11,04186,2026-08-11,SCHEDULED,240,4.0
2026-08-11T05:06:21Z,1575112026-08-10,15751,2026-08-10,SCHEDULED,60,1.0
2026-08-11T05:06:21Z,0407312026-08-11,04073,2026-08-11,SCHEDULED,960,16.0
2026-08-11T05:06:21Z,1577012026-08-10,15770,2026-08-10,SCHEDULED,60,1.0
2026-08-11T05:06:21Z,1577212026-08-10,15772,2026-08-10,SCHEDULED,60,1.0
2026-08-11T05:06:21Z,0029122026-08-11,00291,2026-08-11,SCHEDULED,-60,-1.0
2026-08-11T05:06:21Z,0029112026-08-11,00291,2026-08-11,SCHEDULED,-60,-1.0
2026-08-11T05:06:21Z,1585012026-08-10,15850,2026-08-10,SCHEDULED,-60,-1.0
2026-08-11T05:06:21Z,1210112026-08-10,12101,2026-08-10,SCHEDULED,0,0.0
2026-08-11T05:06:21Z,1590012026-08-10,15900,2026-08-10,SCHEDULED,480,8.0
2026-08-11T05:06:21Z,1241112026-08-10,12411,2026-08-10,SCHEDULED,480,8.0
2026-08-11T05:06:21Z,1601812026-08-10,16018,2026-08-10,SCHEDULED,60,1.0
2026-08-11T05:06:21Z,1702112026-08-10,17021,2026-08-10,SCHEDULED,360,6.0
2026-08-11T05:06:21Z,1248012026-08-10,12480,2026-08-10,SCHEDULED,-60,-1.0
2026-08-11T05:06:21Z,1703012026-08-10,17030,2026-08-10,SCHEDULED,60,1.0
2026-08-11T05:06:21Z,1300012026-08-10,13000,2026-08-10,SCHEDULED,1020,17.0
2026-08-11T05:06:21Z,1710012026-08-10,17100,2026-08-10,SCHEDULED,300,5.0
2026-08-11T05:06:21Z,1720112026-08-10,17201,2026-08-10,SCHEDULED,0,0.0
2026-08-11T05:06:21Z,1300312026-08-11,13003,2026-08-11,SCHEDULED,240,4.0
2026-08-11T05:06:21Z,1750312026-08-10,17503,2026-08-10,SCHEDULED,120,2.0
2026-08-11T05:06:21Z,1303012026-08-10,13030,2026-08-10,SCHEDULED,300,5.0
2026-08-11T05:06:21Z,1770312026-08-10,17703,2026-08-10,SCHEDULED,60,1.0
2026-08-11T05:06:21Z,1304112026-08-10,13041,2026-08-10,SCHEDULED,60,1.0
2026-08-11T05:06:21Z,1780612026-08-10,17806,2026-08-10,SCHEDULED,300,5.0
2026-08-11T05:06:21Z,1800112026-08-10,18001,2026-08-10,SCHEDULED,-60,-1.0
2026-08-11T05:06:21Z,1308412026-08-10,13084,2026-08-10,SCHEDULED,360,6.0
2026-08-11T05:06:21Z,1802422026-08-10,18024,2026-08-10,SCHEDULED,0,0.0
2026-08-11T05:06:21Z,0411422026-08-11,04114,2026-08-11,SCHEDULED,180,3.0
2026-08-11T05:06:21Z,0411412026-08-11,04114,2026-08-11,SCHEDULED,180,3.0
2026-08-11T05:06:21Z,1803112026-08-10,18031,2026-08-10,SCHEDULED,240,4.0
2026-08-11T05:06:21Z,1804612026-08-10,18046,2026-08-10,SCHEDULED,660,11.0
2026-08-11T05:06:21Z,0075222026-08-11,00752,2026-08-11,SCHEDULED,240,4.0
2026-08-11T05:06:21Z,0075212026-08-11,00752,2026-08-11,SCHEDULED,240,4.0
2026-08-11T05:06:21Z,1804722026-08-10,18047,2026-08-10,SCHEDULED,360,6.0
2026-08-11T05:06:21Z,0075222026-08-11,00752,2026-08-11,SCHEDULED,180,3.0
2026-08-11T05:06:21Z,0075212026-08-11,00752,2026-08-11,SCHEDULED,180,3.0
2026-08-11T05:06:21Z,1806812026-08-10,18068,2026-08-10,SCHEDULED,-60,-1.0
2026-08-11T05:06:21Z,3460912026-08-10,34609,2026-08-10,SCHEDULED,120,2.0
2026-08-11T05:06:21Z,1807112026-08-10,18071,2026-08-10,SCHEDULED,240,4.0
2026-08-11T05:06:21Z,0107212026-08-10,01072,2026-08-10,SCHEDULED,240,4.0
2026-08-11T05:06:21Z,1807212026-08-10,18072,2026-08-10,SCHEDULED,180,3.0
2026-08-11T05:06:21Z,0206112026-08-10,02061,2026-08-10,SCHEDULED,1080,18.0
2026-08-11T05:06:21Z,0206312026-08-10,02063,2026-08-10,SCHEDULED,720,12.0
2026-08-11T05:06:21Z,1800212026-08-10,18002,2026-08-10,SCHEDULED,60,1.0
2026-08-11T05:06:21Z,0206712026-08-10,02067,2026-08-10,SCHEDULED,60,1.0
2026-08-11T05:06:21Z,1806612026-08-10,18066,2026-08-10,SCHEDULED,180,3.0
2026-08-11T05:06:21Z,0207012026-08-10,02070,2026-08-10,SCHEDULED,60,1.0
2026-08-11T05:06:21Z,1812012026-08-10,18120,2026-08-10,SCHEDULED,60,1.0
2026-08-11T05:06:21Z,0207512026-08-11,02075,2026-08-11,SCHEDULED,360,6.0
2026-08-11T05:06:21Z,1812112026-08-10,18121,2026-08-10,SCHEDULED,60,1.0
2026-08-11T05:06:21Z,1831012026-08-10,18310,2026-08-10,SCHEDULED,60,1.0
2026-08-11T05:06:21Z,1877312026-08-10,18773,2026-08-10,SCHEDULED,360,6.0
2026-08-11T05:06:21Z,3586912026-08-10,35869,2026-08-10,SCHEDULED,240,4.0
2026-08-11T05:06:21Z,0306242026-08-10,03062,2026-08-10,SCHEDULED,60,1.0
2026-08-11T05:06:21Z,0306232026-08-10,03062,2026-08-10,SCHEDULED,60,1.0
2026-08-11T05:06:21Z,0306212026-08-10,03062,2026-08-10,SCHEDULED,60,1.0
2026-08-11T05:06:21Z,0306222026-08-10,03062,2026-08-10,SCHEDULED,60,1.0
2026-08-11T05:06:21Z,1891012026-08-10,18910,2026-08-10,SCHEDULED,300,5.0
2026-08-11T05:06:21Z,1443312026-08-10,14433,2026-08-10,SCHEDULED,240,4.0
2026-08-11T05:06:21Z,1530912026-08-10,15309,2026-08-10,SCHEDULED,60,1.0
2026-08-11T05:06:21Z,1503022026-08-10,15030,2026-08-10,SCHEDULED,180,3.0
2026-08-11T05:06:21Z,0306242026-08-10,03062,2026-08-10,SCHEDULED,120,2.0
2026-08-11T05:06:21Z,0306232026-08-10,03062,2026-08-10,SCHEDULED,120,2.0
2026-08-11T05:06:21Z,0306212026-08-10,03062,2026-08-10,SCHEDULED,120,2.0
2026-08-11T05:06:21Z,0306222026-08-10,03062,2026-08-10,SCHEDULED,120,2.0
2026-08-11T05:06:21Z,1503112026-08-10,15031,2026-08-10,SCHEDULED,60,1.0
2026-08-11T05:06:21Z,1600012026-08-10,16000,2026-08-10,SCHEDULED,240,4.0
2026-08-11T05:06:21Z,0947012026-08-10,09470,2026-08-10,SCHEDULED,0,0.0
2026-08-11T05:06:21Z,0331112026-08-10,03311,2026-08-10,SCHEDULED,-60,-1.0
2026-08-11T05:06:21Z,0331122026-08-10,03311,2026-08-10,SCHEDULED,-60,-1.0
2026-08-11T05:06:21Z,0331132026-08-10,03311,2026-08-10,SCHEDULED,-60,-1.0
2026-08-11T05:06:21Z,1562012026-08-10,15620,2026-08-10,SCHEDULED,240,4.0
2026-08-11T05:06:21Z,0366222026-08-10,03662,2026-08-10,SCHEDULED,180,3.0
2026-08-11T05:06:21Z,0366212026-08-10,03662,2026-08-10,SCHEDULED,180,3.0
2026-08-11T05:06:21Z,1562112026-08-10,15621,2026-08-10,SCHEDULED,240,4.0
2026-08-11T05:06:21Z,0406012026-08-10,04060,2026-08-10,SCHEDULED,0,0.0
2026-08-11T05:06:21Z,1563012026-08-10,15630,2026-08-10,SCHEDULED,240,4.0
2026-08-11T05:06:21Z,0408822026-08-11,04088,2026-08-11,SCHEDULED,0,0.0
2026-08-11T05:06:21Z,1401812026-08-10,14018,2026-08-10,SCHEDULED,180,3.0
2026-08-11T05:06:21Z,0407222026-08-11,04072,2026-08-11,SCHEDULED,180,3.0
2026-08-11T05:06:21Z,0407212026-08-11,04072,2026-08-11,SCHEDULED,180,3.0
2026-08-11T05:06:21Z,1833112026-08-10,18331,2026-08-10,SCHEDULED,120,2.0
2026-08-11T05:06:21Z,0429522026-08-10,04295,2026-08-10,SCHEDULED,0,0.0
2026-08-11T05:06:21Z,0429512026-08-10,04295,2026-08-10,SCHEDULED,0,0.0
2026-08-11T05:06:21Z,1251212026-08-10,12512,2026-08-10,SCHEDULED,0,0.0
2026-08-11T05:06:21Z,0446412026-08-10,04464,2026-08-10,SCHEDULED,-60,-1.0
2026-08-11T05:06:21Z,7180012026-08-10,71800,2026-08-10,SCHEDULED,0,0.0
2026-08-11T05:06:21Z,0415422026-08-10,04154,2026-08-10,SCHEDULED,-120,-2.0
2026-08-11T05:06:21Z,0415412026-08-10,04154,2026-08-10,SCHEDULED,-120,-2.0
2026-08-11T05:06:21Z,0486822026-08-11,04868,2026-08-11,SCHEDULED,-60,-1.0
2026-08-11T05:06:21Z,0486812026-08-11,04868,2026-08-11,SCHEDULED,-60,-1.0
2026-08-11T05:06:21Z,0506312026-08-10,05063,2026-08-10,SCHEDULED,60,1.0
2026-08-11T05:06:21Z,0507212026-08-10,05072,2026-08-10,SCHEDULED,240,4.0
2026-08-11T05:06:21Z,0509222026-08-10,05092,2026-08-10,SCHEDULED,240,4.0
2026-08-11T05:06:21Z,0509212026-08-10,05092,2026-08-10,SCHEDULED,240,4.0
2026-08-11T05:06:21Z,0508012026-08-10,05080,2026-08-10,SCHEDULED,-60,-1.0
2026-08-11T05:06:21Z,0508032026-08-10,05080,2026-08-10,SCHEDULED,-60,-1.0
2026-08-11T05:06:21Z,0508022026-08-10,05080,2026-08-10,SCHEDULED,-60,-1.0
2026-08-11T05:06:21Z,0566812026-08-10,05668,2026-08-10,SCHEDULED,-60,-1.0
2026-08-11T05:06:21Z,0576312026-08-10,05763,2026-08-10,SCHEDULED,0,0.0
2026-08-11T05:06:21Z,0576322026-08-10,05763,2026-08-10,SCHEDULED,0,0.0
2026-08-11T05:06:21Z,0576332026-08-10,05763,2026-08-10,SCHEDULED,0,0.0
2026-08-11T05:06:21Z,0587112026-08-10,05871,2026-08-10,SCHEDULED,0,0.0
2026-08-11T05:06:21Z,3727912026-08-10,37279,2026-08-10,CANCELED,,
2026-08-11T05:06:21Z,1803312026-08-10,18033,2026-08-10,CANCELED,,
2026-08-11T05:06:21Z,1300112026-08-11,13001,2026-08-11,CANCELED,,
2026-08-11T05:06:21Z,1803512026-08-10,18035,2026-08-10,CANCELED,,
2026-08-11T05:06:21Z,1565012026-08-10,15650,2026-08-10,CANCELED,,
2026-08-11T05:06:21Z,1803712026-08-10,18037,2026-08-10,CANCELED,,
2026-08-11T05:06:21Z,1565912026-08-10,15659,2026-08-10,CANCELED,,
2026-08-11T05:06:21Z,1804212026-08-10,18042,2026-08-10,CANCELED,,
2026-08-11T05:06:21Z,1817112026-08-10,18171,2026-08-10,CANCELED,,
2026-08-11T05:06:21Z,1804312026-08-10,18043,2026-08-10,CANCELED,,
2026-08-11T05:06:21Z,1704112026-08-10,17041,2026-08-10,CANCELED,,
2026-08-11T05:06:21Z,3822112026-08-10,38221,2026-08-10,CANCELED,,
2026-08-11T05:06:21Z,1721812026-08-10,17218,2026-08-10,CANCELED,,
2026-08-11T05:06:21Z,1722612026-08-10,17226,2026-08-10,CANCELED,,
2026-08-11T05:06:21Z,3821812026-08-10,38218,2026-08-10,CANCELED,,
2026-08-11T05:06:21Z,1722712026-08-10,17227,2026-08-10,CANCELED,,
2026-08-11T05:06:21Z,1722112026-08-10,17221,2026-08-10,CANCELED,,
2026-08-11T05:06:21Z,1803112026-08-10,18031,2026-08-10,CANCELED,,
2026-08-11T05:06:21Z,1821612026-08-10,18216,2026-08-10,CANCELED,,
2026-08-11T05:06:21Z,0029322026-08-11,00293,2026-08-11,CANCELED,,
2026-08-11T05:06:21Z,0029312026-08-11,00293,2026-08-11,CANCELED,,
2026-08-11T05:06:21Z,1821912026-08-10,18219,2026-08-10,CANCELED,,
2026-08-11T05:06:21Z,3709322026-08-10,37093,2026-08-10,CANCELED,,
2026-08-11T05:06:21Z,3709312026-08-10,37093,2026-08-10,CANCELED,,
2026-08-11T05:06:21Z,3739312026-08-10,37393,2026-08-10,CANCELED,,
2026-08-11T05:06:21Z,1810132026-08-10,18101,2026-08-10,CANCELED,,
2026-08-11T05:06:21Z,1810142026-08-10,18101,2026-08-10,CANCELED,,
2026-08-11T05:06:21Z,1810152026-08-10,18101,2026-08-10,CANCELED,,
2026-08-11T05:06:21Z,0080112026-08-11,00801,2026-08-11,CANCELED,,
2026-08-11T05:06:21Z,7187412026-08-10,71874,2026-08-10,CANCELED,,
2026-08-11T05:06:21Z,0029122026-08-11,00291,2026-08-11,CANCELED,,
2026-08-11T05:06:21Z,0029112026-08-11,00291,2026-08-11,CANCELED,,
2026-08-11T05:06:21Z,3709122026-08-10,37091,2026-08-10,CANCELED,,
2026-08-11T05:06:21Z,3709112026-08-10,37091,2026-08-10,CANCELED,,
2026-08-11T05:06:21Z,1810222026-08-10,18102,2026-08-10,CANCELED,,
2026-08-11T05:06:21Z,1810232026-08-10,18102,2026-08-10,CANCELED,,
2026-08-11T05:06:21Z,1810242026-08-10,18102,2026-08-10,CANCELED,,
2026-08-11T05:06:21Z,3739112026-08-10,37391,2026-08-10,CANCELED,,
2026-08-11T05:06:21Z,1810512026-08-10,18105,2026-08-10,CANCELED,,
2026-08-11T05:06:21Z,3810512026-08-10,38105,2026-08-10,CANCELED,,
2026-08-11T05:06:21Z,0027922026-08-11,00279,2026-08-11,CANCELED,,
2026-08-11T05:06:21Z,0027912026-08-11,00279,2026-08-11,CANCELED,,
2026-08-11T05:11:30Z,0806212026-08-10,08062,2026-08-10,SCHEDULED,-60,-1.0
2026-08-11T05:11:30Z,1577012026-08-10,15770,2026-08-10,SCHEDULED,60,1.0
2026-08-11T05:11:30Z,0806812026-08-10,08068,2026-08-10,SCHEDULED,-60,-1.0
2026-08-11T05:11:30Z,1577212026-08-10,15772,2026-08-10,SCHEDULED,120,2.0
2026-08-11T05:11:30Z,0807112026-08-10,08071,2026-08-10,SCHEDULED,180,3.0
2026-08-11T05:11:30Z,1577412026-08-10,15774,2026-08-10,SCHEDULED,0,0.0
2026-08-11T05:11:30Z,0807512026-08-10,08075,2026-08-10,SCHEDULED,420,7.0
2026-08-11T05:11:30Z,1585012026-08-10,15850,2026-08-10,SCHEDULED,-60,-1.0
2026-08-11T05:11:30Z,0807712026-08-10,08077,2026-08-10,SCHEDULED,0,0.0
2026-08-11T05:11:30Z,1585212026-08-10,15852,2026-08-10,SCHEDULED,0,0.0
2026-08-11T05:11:30Z,0826012026-08-10,08260,2026-08-10,SCHEDULED,-240,-4.0
2026-08-11T05:11:30Z,1590012026-08-10,15900,2026-08-10,SCHEDULED,420,7.0
2026-08-11T05:11:30Z,0826112026-08-10,08261,2026-08-10,SCHEDULED,540,9.0
2026-08-11T05:11:30Z,0835812026-08-10,08358,2026-08-10,SCHEDULED,0,0.0
2026-08-11T05:11:30Z,0847512026-08-10,08475,2026-08-10,SCHEDULED,0,0.0
2026-08-11T05:11:30Z,1801012026-08-10,18010,2026-08-10,SCHEDULED,-60,-1.0
2026-08-11T05:11:30Z,1801022026-08-10,18010,2026-08-10,SCHEDULED,-60,-1.0
2026-08-11T05:11:30Z,1801032026-08-10,18010,2026-08-10,SCHEDULED,-60,-1.0
2026-08-11T05:11:30Z,0866412026-08-10,08664,2026-08-10,SCHEDULED,420,7.0
2026-08-11T05:11:30Z,1601812026-08-10,16018,2026-08-10,SCHEDULED,180,3.0
2026-08-11T05:11:30Z,0807212026-08-10,08072,2026-08-10,SCHEDULED,-480,-8.0
2026-08-11T05:11:30Z,1702112026-08-10,17021,2026-08-10,SCHEDULED,360,6.0
2026-08-11T05:11:30Z,0906112026-08-10,09061,2026-08-10,SCHEDULED,0,0.0
2026-08-11T05:11:30Z,1703012026-08-10,17030,2026-08-10,SCHEDULED,120,2.0
2026-08-11T05:11:30Z,0906712026-08-10,09067,2026-08-10,SCHEDULED,0,0.0
2026-08-11T05:11:30Z,1710012026-08-10,17100,2026-08-10,SCHEDULED,300,5.0
2026-08-11T05:11:30Z,1720112026-08-10,17201,2026-08-10,SCHEDULED,0,0.0
2026-08-11T05:11:30Z,0907222026-08-10,09072,2026-08-10,SCHEDULED,0,0.0
2026-08-11T05:11:30Z,0907212026-08-10,09072,2026-08-10,SCHEDULED,0,0.0
2026-08-11T05:11:30Z,1750312026-08-10,17503,2026-08-10,SCHEDULED,240,4.0
2026-08-11T05:11:30Z,0907512026-08-10,09075,2026-08-10,SCHEDULED,0,0.0
2026-08-11T05:11:30Z,1770312026-08-10,17703,2026-08-10,SCHEDULED,60,1.0
2026-08-11T05:11:30Z,0207412026-08-11,02074,2026-08-11,SCHEDULED,0,0.0
2026-08-11T05:11:30Z,0109212026-08-10,01092,2026-08-10,SCHEDULED,60,1.0
2026-08-11T05:11:30Z,1780612026-08-10,17806,2026-08-10,SCHEDULED,300,5.0
2026-08-11T05:11:30Z,0405612026-08-11,04056,2026-08-11,SCHEDULED,60,1.0
2026-08-11T05:11:30Z,1781512026-08-10,17815,2026-08-10,SCHEDULED,0,0.0
2026-08-11T05:11:30Z,1320212026-08-10,13202,2026-08-10,SCHEDULED,660,11.0
2026-08-11T05:11:30Z,1390012026-08-10,13900,2026-08-10,SCHEDULED,120,2.0
2026-08-11T05:11:30Z,0418612026-08-11,04186,2026-08-11,SCHEDULED,240,4.0
2026-08-11T05:11:30Z,0418642026-08-11,04186,2026-08-11,SCHEDULED,240,4.0
2026-08-11T05:11:30Z,0418622026-08-11,04186,2026-08-11,SCHEDULED,240,4.0
2026-08-11T05:11:30Z,1390112026-08-10,13901,2026-08-10,SCHEDULED,120,2.0
2026-08-11T05:11:30Z,0407312026-08-11,04073,2026-08-11,SCHEDULED,960,16.0
2026-08-11T05:11:30Z,0029122026-08-11,00291,2026-08-11,SCHEDULED,-60,-1.0
2026-08-11T05:11:30Z,0029112026-08-11,00291,2026-08-11,SCHEDULED,-60,-1.0
2026-08-11T05:11:30Z,1412322026-08-10,14123,2026-08-10,SCHEDULED,0,0.0
2026-08-11T05:11:30Z,1412342026-08-10,14123,2026-08-10,SCHEDULED,0,0.0
2026-08-11T05:11:30Z,1412332026-08-10,14123,2026-08-10,SCHEDULED,0,0.0
2026-08-11T05:11:30Z,1210112026-08-10,12101,2026-08-10,SCHEDULED,-60,-1.0
2026-08-11T05:11:30Z,1241112026-08-10,12411,2026-08-10,SCHEDULED,600,10.0
2026-08-11T05:11:30Z,1248012026-08-10,12480,2026-08-10,SCHEDULED,-60,-1.0
2026-08-11T05:11:30Z,1261312026-08-10,12613,2026-08-10,SCHEDULED,0,0.0
2026-08-11T05:11:30Z,3560432026-08-10,35604,2026-08-10,SCHEDULED,120,2.0
2026-08-11T05:11:30Z,3560442026-08-10,35604,2026-08-10,SCHEDULED,120,2.0
2026-08-11T05:11:30Z,3560452026-08-10,35604,2026-08-10,SCHEDULED,120,2.0
2026-08-11T05:11:30Z,1300012026-08-10,13000,2026-08-10,SCHEDULED,1080,18.0
2026-08-11T05:11:30Z,1500012026-08-10,15000,2026-08-10,SCHEDULED,420,7.0
2026-08-11T05:11:30Z,1300312026-08-11,13003,2026-08-11,SCHEDULED,240,4.0
2026-08-11T05:11:30Z,1500112026-08-10,15001,2026-08-10,SCHEDULED,60,1.0
2026-08-11T05:11:30Z,1303012026-08-10,13030,2026-08-10,SCHEDULED,300,5.0
2026-08-11T05:11:30Z,1500212026-08-10,15002,2026-08-10,SCHEDULED,360,6.0
2026-08-11T05:11:30Z,1304112026-08-10,13041,2026-08-10,SCHEDULED,60,1.0
2026-08-11T05:11:30Z,1504012026-08-10,15040,2026-08-10,SCHEDULED,1260,21.0
2026-08-11T05:11:30Z,1505012026-08-10,15050,2026-08-10,SCHEDULED,1200,20.0
2026-08-11T05:11:30Z,1308412026-08-10,13084,2026-08-10,SCHEDULED,360,6.0
2026-08-11T05:11:30Z,1564512026-08-10,15645,2026-08-10,SCHEDULED,0,0.0
2026-08-11T05:11:30Z,1395112026-08-10,13951,2026-08-10,SCHEDULED,360,6.0
2026-08-11T05:11:30Z,1564612026-08-10,15646,2026-08-10,SCHEDULED,0,0.0
2026-08-11T05:11:30Z,1572012026-08-10,15720,2026-08-10,SCHEDULED,300,5.0
2026-08-11T05:11:30Z,0411422026-08-11,04114,2026-08-11,SCHEDULED,180,3.0
2026-08-11T05:11:30Z,0411412026-08-11,04114,2026-08-11,SCHEDULED,180,3.0
2026-08-11T05:11:30Z,1572212026-08-10,15722,2026-08-10,SCHEDULED,180,3.0
2026-08-11T05:11:30Z,1575112026-08-10,15751,2026-08-10,SCHEDULED,240,4.0
2026-08-11T05:11:30Z,0075222026-08-11,00752,2026-08-11,SCHEDULED,240,4.0
2026-08-11T05:11:30Z,0075212026-08-11,00752,2026-08-11,SCHEDULED,240,4.0
2026-08-11T05:11:30Z,1877312026-08-10,18773,2026-08-10,SCHEDULED,360,6.0
2026-08-11T05:11:30Z,1891012026-08-10,18910,2026-08-10,SCHEDULED,360,6.0
2026-08-11T05:11:30Z,0075222026-08-11,00752,2026-08-11,SCHEDULED,240,4.0
2026-08-11T05:11:30Z,0075212026-08-11,00752,2026-08-11,SCHEDULED,240,4.0
2026-08-11T05:11:30Z,1443012026-08-10,14430,2026-08-10,SCHEDULED,0,0.0
2026-08-11T05:11:30Z,3460912026-08-10,34609,2026-08-10,SCHEDULED,180,3.0
2026-08-11T05:11:30Z,1443312026-08-10,14433,2026-08-10,SCHEDULED,0,0.0
2026-08-11T05:11:30Z,0107212026-08-10,01072,2026-08-10,SCHEDULED,300,5.0
2026-08-11T05:11:30Z,1530912026-08-10,15309,2026-08-10,SCHEDULED,60,1.0
2026-08-11T05:11:30Z,0206112026-08-10,02061,2026-08-10,SCHEDULED,1260,21.0
2026-08-11T05:11:30Z,1503022026-08-10,15030,2026-08-10,SCHEDULED,540,9.0
2026-08-11T05:11:30Z,0206312026-08-10,02063,2026-08-10,SCHEDULED,720,12.0
2026-08-11T05:11:30Z,1503112026-08-10,15031,2026-08-10,SCHEDULED,60,1.0
2026-08-11T05:11:30Z,0206712026-08-10,02067,2026-08-10,SCHEDULED,120,2.0
2026-08-11T05:11:30Z,1600012026-08-10,16000,2026-08-10,SCHEDULED,240,4.0
2026-08-11T05:11:30Z,0207012026-08-10,02070,2026-08-10,SCHEDULED,60,1.0
2026-08-11T05:11:30Z,0947012026-08-10,09470,2026-08-10,SCHEDULED,-60,-1.0
2026-08-11T05:11:30Z,0207312026-08-10,02073,2026-08-10,SCHEDULED,180,3.0
2026-08-11T05:11:30Z,1562012026-08-10,15620,2026-08-10,SCHEDULED,240,4.0
2026-08-11T05:11:30Z,0207512026-08-11,02075,2026-08-11,SCHEDULED,420,7.0
2026-08-11T05:11:30Z,1562112026-08-10,15621,2026-08-10,SCHEDULED,360,6.0
2026-08-11T05:11:30Z,1563012026-08-10,15630,2026-08-10,SCHEDULED,360,6.0
2026-08-11T05:11:30Z,1401812026-08-10,14018,2026-08-10,SCHEDULED,360,6.0
2026-08-11T05:11:30Z,0306242026-08-10,03062,2026-08-10,SCHEDULED,120,2.0
2026-08-11T05:11:30Z,0306232026-08-10,03062,2026-08-10,SCHEDULED,120,2.0
2026-08-11T05:11:30Z,0306212026-08-10,03062,2026-08-10,SCHEDULED,120,2.0
2026-08-11T05:11:30Z,0306222026-08-10,03062,2026-08-10,SCHEDULED,120,2.0
2026-08-11T05:11:30Z,1833112026-08-10,18331,2026-08-10,SCHEDULED,0,0.0
2026-08-11T05:11:30Z,1251212026-08-10,12512,2026-08-10,SCHEDULED,0,0.0
2026-08-11T05:11:30Z,7180012026-08-10,71800,2026-08-10,SCHEDULED,0,0.0
2026-08-11T05:11:30Z,0306242026-08-10,03062,2026-08-10,SCHEDULED,120,2.0
2026-08-11T05:11:30Z,0306232026-08-10,03062,2026-08-10,SCHEDULED,120,2.0
2026-08-11T05:11:30Z,0306212026-08-10,03062,2026-08-10,SCHEDULED,120,2.0
2026-08-11T05:11:30Z,0306222026-08-10,03062,2026-08-10,SCHEDULED,120,2.0
2026-08-11T05:11:30Z,1800112026-08-10,18001,2026-08-10,SCHEDULED,-180,-3.0
2026-08-11T05:11:30Z,1802422026-08-10,18024,2026-08-10,SCHEDULED,0,0.0
2026-08-11T05:11:30Z,1803112026-08-10,18031,2026-08-10,SCHEDULED,240,4.0
2026-08-11T05:11:30Z,0331112026-08-10,03311,2026-08-10,SCHEDULED,0,0.0
2026-08-11T05:11:30Z,0331122026-08-10,03311,2026-08-10,SCHEDULED,0,0.0
2026-08-11T05:11:30Z,0331132026-08-10,03311,2026-08-10,SCHEDULED,0,0.0
2026-08-11T05:11:30Z,1804612026-08-10,18046,2026-08-10,SCHEDULED,540,9.0
2026-08-11T05:11:30Z,0366222026-08-10,03662,2026-08-10,SCHEDULED,180,3.0
2026-08-11T05:11:30Z,0366212026-08-10,03662,2026-08-10,SCHEDULED,180,3.0
2026-08-11T05:11:30Z,1804722026-08-10,18047,2026-08-10,SCHEDULED,360,6.0
2026-08-11T05:11:30Z,0406012026-08-10,04060,2026-08-10,SCHEDULED,0,0.0
2026-08-11T05:11:30Z,1805412026-08-10,18054,2026-08-10,SCHEDULED,60,1.0
2026-08-11T05:11:30Z,0408822026-08-11,04088,2026-08-11,SCHEDULED,60,1.0
2026-08-11T05:11:30Z,1806812026-08-10,18068,2026-08-10,SCHEDULED,-60,-1.0
2026-08-11T05:11:30Z,1807112026-08-10,18071,2026-08-10,SCHEDULED,240,4.0
2026-08-11T05:11:30Z,0407222026-08-11,04072,2026-08-11,SCHEDULED,420,7.0
2026-08-11T05:11:30Z,0407212026-08-11,04072,2026-08-11,SCHEDULED,420,7.0
2026-08-11T05:11:30Z,1807212026-08-10,18072,2026-08-10,SCHEDULED,180,3.0
2026-08-11T05:11:30Z,0429522026-08-10,04295,2026-08-10,SCHEDULED,0,0.0
2026-08-11T05:11:30Z,0429512026-08-10,04295,2026-08-10,SCHEDULED,0,0.0
2026-08-11T05:11:30Z,1800212026-08-10,18002,2026-08-10,SCHEDULED,60,1.0
2026-08-11T05:11:30Z,0446412026-08-10,04464,2026-08-10,SCHEDULED,-60,-1.0
2026-08-11T05:11:30Z,1806612026-08-10,18066,2026-08-10,SCHEDULED,240,4.0
2026-08-11T05:11:30Z,1812012026-08-10,18120,2026-08-10,SCHEDULED,60,1.0
2026-08-11T05:11:30Z,0415422026-08-10,04154,2026-08-10,SCHEDULED,-120,-2.0
2026-08-11T05:11:30Z,0415412026-08-10,04154,2026-08-10,SCHEDULED,-120,-2.0
2026-08-11T05:11:30Z,1812112026-08-10,18121,2026-08-10,SCHEDULED,60,1.0
2026-08-11T05:11:30Z,1821612026-08-10,18216,2026-08-10,SCHEDULED,180,3.0
2026-08-11T05:11:30Z,0486822026-08-11,04868,2026-08-11,SCHEDULED,60,1.0
2026-08-11T05:11:30Z,0486812026-08-11,04868,2026-08-11,SCHEDULED,60,1.0
2026-08-11T05:11:30Z,0506312026-08-10,05063,2026-08-10,SCHEDULED,0,0.0
2026-08-11T05:11:30Z,1832112026-08-10,18321,2026-08-10,SCHEDULED,0,0.0
2026-08-11T05:11:30Z,0507212026-08-10,05072,2026-08-10,SCHEDULED,240,4.0
2026-08-11T05:11:30Z,0509222026-08-10,05092,2026-08-10,SCHEDULED,120,2.0
2026-08-11T05:11:30Z,0509212026-08-10,05092,2026-08-10,SCHEDULED,120,2.0
2026-08-11T05:11:30Z,0508012026-08-10,05080,2026-08-10,SCHEDULED,-60,-1.0
2026-08-11T05:11:30Z,0508032026-08-10,05080,2026-08-10,SCHEDULED,-60,-1.0
2026-08-11T05:11:30Z,0508022026-08-10,05080,2026-08-10,SCHEDULED,-60,-1.0
2026-08-11T05:11:30Z,0566812026-08-10,05668,2026-08-10,SCHEDULED,-60,-1.0
2026-08-11T05:11:30Z,0576312026-08-10,05763,2026-08-10,SCHEDULED,-60,-1.0
2026-08-11T05:11:30Z,0576322026-08-10,05763,2026-08-10,SCHEDULED,-60,-1.0
2026-08-11T05:11:30Z,0576332026-08-10,05763,2026-08-10,SCHEDULED,-60,-1.0
2026-08-11T05:11:30Z,0587112026-08-10,05871,2026-08-10,SCHEDULED,0,0.0
2026-08-11T05:11:30Z,0805812026-08-10,08058,2026-08-10,SCHEDULED,120,2.0
2026-08-11T05:11:30Z,3727912026-08-10,37279,2026-08-10,CANCELED,,
2026-08-11T05:11:30Z,1722612026-08-10,17226,2026-08-10,CANCELED,,
2026-08-11T05:11:30Z,1565012026-08-10,15650,2026-08-10,CANCELED,,
2026-08-11T05:11:30Z,1722712026-08-10,17227,2026-08-10,CANCELED,,
2026-08-11T05:11:30Z,1565912026-08-10,15659,2026-08-10,CANCELED,,
2026-08-11T05:11:30Z,1803112026-08-10,18031,2026-08-10,CANCELED,,
2026-08-11T05:11:30Z,1817112026-08-10,18171,2026-08-10,CANCELED,,
2026-08-11T05:11:30Z,1803312026-08-10,18033,2026-08-10,CANCELED,,
2026-08-11T05:11:30Z,1704112026-08-10,17041,2026-08-10,CANCELED,,
2026-08-11T05:11:30Z,1803512026-08-10,18035,2026-08-10,CANCELED,,
2026-08-11T05:11:30Z,1803712026-08-10,18037,2026-08-10,CANCELED,,
2026-08-11T05:11:30Z,1721812026-08-10,17218,2026-08-10,CANCELED,,
2026-08-11T05:11:30Z,1804212026-08-10,18042,2026-08-10,CANCELED,,
2026-08-11T05:11:30Z,3821812026-08-10,38218,2026-08-10,CANCELED,,
2026-08-11T05:11:30Z,1804312026-08-10,18043,2026-08-10,CANCELED,,
2026-08-11T05:11:30Z,1722112026-08-10,17221,2026-08-10,CANCELED,,
2026-08-11T05:11:30Z,1821612026-08-10,18216,2026-08-10,CANCELED,,
2026-08-11T05:11:30Z,3822112026-08-10,38221,2026-08-10,CANCELED,,
2026-08-11T05:11:30Z,1821912026-08-10,18219,2026-08-10,CANCELED,,
2026-08-11T05:11:30Z,0029322026-08-11,00293,2026-08-11,CANCELED,,
2026-08-11T05:11:30Z,0029312026-08-11,00293,2026-08-11,CANCELED,,
2026-08-11T05:11:30Z,1810132026-08-10,18101,2026-08-10,CANCELED,,
2026-08-11T05:11:30Z,1810142026-08-10,18101,2026-08-10,CANCELED,,
2026-08-11T05:11:30Z,1810152026-08-10,18101,2026-08-10,CANCELED,,
2026-08-11T05:11:30Z,3709322026-08-10,37093,2026-08-10,CANCELED,,
2026-08-11T05:11:30Z,3709312026-08-10,37093,2026-08-10,CANCELED,,
2026-08-11T05:11:30Z,7187412026-08-10,71874,2026-08-10,CANCELED,,
2026-08-11T05:11:30Z,3739312026-08-10,37393,2026-08-10,CANCELED,,
2026-08-11T05:11:30Z,0080112026-08-11,00801,2026-08-11,CANCELED,,
2026-08-11T05:11:30Z,0029122026-08-11,00291,2026-08-11,CANCELED,,
2026-08-11T05:11:30Z,0029112026-08-11,00291,2026-08-11,CANCELED,,
2026-08-11T05:11:30Z,1810222026-08-10,18102,2026-08-10,CANCELED,,
2026-08-11T05:11:30Z,1810232026-08-10,18102,2026-08-10,CANCELED,,
2026-08-11T05:11:30Z,1810242026-08-10,18102,2026-08-10,CANCELED,,
2026-08-11T05:11:30Z,1810512026-08-10,18105,2026-08-10,CANCELED,,
2026-08-11T05:11:30Z,3709122026-08-10,37091,2026-08-10,CANCELED,,
2026-08-11T05:11:30Z,3709112026-08-10,37091,2026-08-10,CANCELED,,
2026-08-11T05:11:30Z,3810512026-08-10,38105,2026-08-10,CANCELED,,
2026-08-11T05:11:30Z,3739112026-08-10,37391,2026-08-10,CANCELED,,
2026-08-11T05:11:30Z,0027922026-08-11,00279,2026-08-11,CANCELED,,
2026-08-11T05:11:30Z,0027912026-08-11,00279,2026-08-11,CANCELED,,
2026-08-11T05:16:30Z,0806812026-08-10,08068,2026-08-10,SCHEDULED,-60,-1.0
2026-08-11T05:16:30Z,1395112026-08-10,13951,2026-08-10,SCHEDULED,360,6.0
2026-08-11T05:16:30Z,1390012026-08-10,13900,2026-08-10,SCHEDULED,60,1.0
2026-08-11T05:16:30Z,0807112026-08-10,08071,2026-08-10,SCHEDULED,180,3.0
2026-08-11T05:16:30Z,0807512026-08-10,08075,2026-08-10,SCHEDULED,540,9.0
2026-08-11T05:16:30Z,1390112026-08-10,13901,2026-08-10,SCHEDULED,60,1.0
2026-08-11T05:16:30Z,0807712026-08-10,08077,2026-08-10,SCHEDULED,0,0.0
2026-08-11T05:16:30Z,0826012026-08-10,08260,2026-08-10,SCHEDULED,-240,-4.0
2026-08-11T05:16:30Z,0826112026-08-10,08261,2026-08-10,SCHEDULED,540,9.0
2026-08-11T05:16:30Z,1412322026-08-10,14123,2026-08-10,SCHEDULED,-120,-2.0
2026-08-11T05:16:30Z,1412342026-08-10,14123,2026-08-10,SCHEDULED,-120,-2.0
2026-08-11T05:16:30Z,1412332026-08-10,14123,2026-08-10,SCHEDULED,-120,-2.0
2026-08-11T05:16:30Z,0835812026-08-10,08358,2026-08-10,SCHEDULED,0,0.0
2026-08-11T05:16:30Z,0847512026-08-10,08475,2026-08-10,SCHEDULED,0,0.0
2026-08-11T05:16:30Z,0866412026-08-10,08664,2026-08-10,SCHEDULED,420,7.0
2026-08-11T05:16:30Z,0807212026-08-10,08072,2026-08-10,SCHEDULED,-480,-8.0
2026-08-11T05:16:30Z,3560432026-08-10,35604,2026-08-10,SCHEDULED,120,2.0
2026-08-11T05:16:30Z,3560442026-08-10,35604,2026-08-10,SCHEDULED,120,2.0
2026-08-11T05:16:30Z,3560452026-08-10,35604,2026-08-10,SCHEDULED,120,2.0
2026-08-11T05:16:30Z,0906112026-08-10,09061,2026-08-10,SCHEDULED,0,0.0
2026-08-11T05:16:30Z,1500012026-08-10,15000,2026-08-10,SCHEDULED,240,4.0
2026-08-11T05:16:30Z,0906712026-08-10,09067,2026-08-10,SCHEDULED,0,0.0
2026-08-11T05:16:30Z,1500112026-08-10,15001,2026-08-10,SCHEDULED,120,2.0
2026-08-11T05:16:30Z,0907222026-08-10,09072,2026-08-10,SCHEDULED,-120,-2.0
2026-08-11T05:16:30Z,0907212026-08-10,09072,2026-08-10,SCHEDULED,-120,-2.0
2026-08-11T05:16:30Z,1500212026-08-10,15002,2026-08-10,SCHEDULED,360,6.0
2026-08-11T05:16:30Z,0907312026-08-10,09073,2026-08-10,SCHEDULED,240,4.0
2026-08-11T05:16:30Z,1504012026-08-10,15040,2026-08-10,SCHEDULED,1260,21.0
2026-08-11T05:16:30Z,0907512026-08-10,09075,2026-08-10,SCHEDULED,0,0.0
2026-08-11T05:16:30Z,1505012026-08-10,15050,2026-08-10,SCHEDULED,1380,23.0
2026-08-11T05:16:30Z,0207412026-08-11,02074,2026-08-11,SCHEDULED,0,0.0
2026-08-11T05:16:30Z,1564512026-08-10,15645,2026-08-10,SCHEDULED,0,0.0
2026-08-11T05:16:30Z,0109212026-08-10,01092,2026-08-10,SCHEDULED,-60,-1.0
2026-08-11T05:16:30Z,1564612026-08-10,15646,2026-08-10,SCHEDULED,60,1.0
2026-08-11T05:16:30Z,0405612026-08-11,04056,2026-08-11,SCHEDULED,60,1.0
2026-08-11T05:16:30Z,1572012026-08-10,15720,2026-08-10,SCHEDULED,360,6.0
2026-08-11T05:16:30Z,1572212026-08-10,15722,2026-08-10,SCHEDULED,300,5.0
2026-08-11T05:16:30Z,1575112026-08-10,15751,2026-08-10,SCHEDULED,300,5.0
2026-08-11T05:16:30Z,0418612026-08-11,04186,2026-08-11,SCHEDULED,360,6.0
2026-08-11T05:16:30Z,0418642026-08-11,04186,2026-08-11,SCHEDULED,360,6.0
2026-08-11T05:16:30Z,0418622026-08-11,04186,2026-08-11,SCHEDULED,360,6.0
2026-08-11T05:16:30Z,1577012026-08-10,15770,2026-08-10,SCHEDULED,120,2.0
2026-08-11T05:16:30Z,0408712026-08-11,04087,2026-08-11,SCHEDULED,1020,17.0
2026-08-11T05:16:30Z,1577212026-08-10,15772,2026-08-10,SCHEDULED,60,1.0
2026-08-11T05:16:30Z,0407312026-08-11,04073,2026-08-11,SCHEDULED,960,16.0
2026-08-11T05:16:30Z,1577412026-08-10,15774,2026-08-10,SCHEDULED,-60,-1.0
2026-08-11T05:16:30Z,1585012026-08-10,15850,2026-08-10,SCHEDULED,0,0.0
2026-08-11T05:16:30Z,0029122026-08-11,00291,2026-08-11,SCHEDULED,-60,-1.0
2026-08-11T05:16:30Z,0029112026-08-11,00291,2026-08-11,SCHEDULED,-60,-1.0
2026-08-11T05:16:30Z,1585212026-08-10,15852,2026-08-10,SCHEDULED,0,0.0
2026-08-11T05:16:30Z,1210112026-08-10,12101,2026-08-10,SCHEDULED,-60,-1.0
2026-08-11T05:16:30Z,1590012026-08-10,15900,2026-08-10,SCHEDULED,360,6.0
2026-08-11T05:16:30Z,1241112026-08-10,12411,2026-08-10,SCHEDULED,420,7.0
2026-08-11T05:16:30Z,1248012026-08-10,12480,2026-08-10,SCHEDULED,120,2.0
2026-08-11T05:16:30Z,1261312026-08-10,12613,2026-08-10,SCHEDULED,-60,-1.0
2026-08-11T05:16:30Z,1801012026-08-10,18010,2026-08-10,SCHEDULED,-60,-1.0
2026-08-11T05:16:30Z,1801022026-08-10,18010,2026-08-10,SCHEDULED,-60,-1.0
2026-08-11T05:16:30Z,1801032026-08-10,18010,2026-08-10,SCHEDULED,-60,-1.0
2026-08-11T05:16:30Z,1300012026-08-10,13000,2026-08-10,SCHEDULED,1020,17.0
2026-08-11T05:16:30Z,1620712026-08-10,16207,2026-08-10,SCHEDULED,180,3.0
2026-08-11T05:16:30Z,1300312026-08-11,13003,2026-08-11,SCHEDULED,240,4.0
2026-08-11T05:16:30Z,1601812026-08-10,16018,2026-08-10,SCHEDULED,120,2.0
2026-08-11T05:16:30Z,1303012026-08-10,13030,2026-08-10,SCHEDULED,360,6.0
2026-08-11T05:16:30Z,1700812026-08-10,17008,2026-08-10,SCHEDULED,120,2.0
2026-08-11T05:16:30Z,1304112026-08-10,13041,2026-08-10,SCHEDULED,120,2.0
2026-08-11T05:16:30Z,1702112026-08-10,17021,2026-08-10,SCHEDULED,360,6.0
2026-08-11T05:16:30Z,1710012026-08-10,17100,2026-08-10,SCHEDULED,360,6.0
2026-08-11T05:16:30Z,1308412026-08-10,13084,2026-08-10,SCHEDULED,360,6.0
2026-08-11T05:16:30Z,1720112026-08-10,17201,2026-08-10,SCHEDULED,60,1.0
2026-08-11T05:16:30Z,1750312026-08-10,17503,2026-08-10,SCHEDULED,240,4.0
2026-08-11T05:16:30Z,0411422026-08-11,04114,2026-08-11,SCHEDULED,120,2.0
2026-08-11T05:16:30Z,0411412026-08-11,04114,2026-08-11,SCHEDULED,120,2.0
2026-08-11T05:16:30Z,1770312026-08-10,17703,2026-08-10,SCHEDULED,60,1.0
2026-08-11T05:16:30Z,1780612026-08-10,17806,2026-08-10,SCHEDULED,300,5.0
2026-08-11T05:16:30Z,0075222026-08-11,00752,2026-08-11,SCHEDULED,180,3.0
2026-08-11T05:16:30Z,0075212026-08-11,00752,2026-08-11,SCHEDULED,180,3.0
2026-08-11T05:16:30Z,1781512026-08-10,17815,2026-08-10,SCHEDULED,60,1.0
2026-08-11T05:16:30Z,1800112026-08-10,18001,2026-08-10,SCHEDULED,0,0.0
2026-08-11T05:16:30Z,0075222026-08-11,00752,2026-08-11,SCHEDULED,420,7.0
2026-08-11T05:16:30Z,0075212026-08-11,00752,2026-08-11,SCHEDULED,420,7.0
2026-08-11T05:16:30Z,1802422026-08-10,18024,2026-08-10,SCHEDULED,0,0.0
2026-08-11T05:16:30Z,3460912026-08-10,34609,2026-08-10,SCHEDULED,180,3.0
2026-08-11T05:16:30Z,1803112026-08-10,18031,2026-08-10,SCHEDULED,240,4.0
2026-08-11T05:16:30Z,0107212026-08-10,01072,2026-08-10,SCHEDULED,360,6.0
2026-08-11T05:16:30Z,1804612026-08-10,18046,2026-08-10,SCHEDULED,480,8.0
2026-08-11T05:16:30Z,1804722026-08-10,18047,2026-08-10,SCHEDULED,360,6.0
2026-08-11T05:16:30Z,0108122026-08-10,01081,2026-08-10,SCHEDULED,60,1.0
2026-08-11T05:16:30Z,0108112026-08-10,01081,2026-08-10,SCHEDULED,60,1.0
2026-08-11T05:16:30Z,1805412026-08-10,18054,2026-08-10,SCHEDULED,120,2.0
2026-08-11T05:16:30Z,0206112026-08-10,02061,2026-08-10,SCHEDULED,1200,20.0
2026-08-11T05:16:30Z,1806812026-08-10,18068,2026-08-10,SCHEDULED,0,0.0
2026-08-11T05:16:30Z,0206312026-08-10,02063,2026-08-10,SCHEDULED,660,11.0
2026-08-11T05:16:30Z,1807112026-08-10,18071,2026-08-10,SCHEDULED,180,3.0
2026-08-11T05:16:30Z,0206712026-08-10,02067,2026-08-10,SCHEDULED,120,2.0
2026-08-11T05:16:30Z,1807212026-08-10,18072,2026-08-10,SCHEDULED,480,8.0
2026-08-11T05:16:30Z,0207012026-08-10,02070,2026-08-10,SCHEDULED,60,1.0
2026-08-11T05:16:30Z,0207312026-08-10,02073,2026-08-10,SCHEDULED,240,4.0
2026-08-11T05:16:30Z,1800212026-08-10,18002,2026-08-10,SCHEDULED,0,0.0
2026-08-11T05:16:30Z,0207512026-08-11,02075,2026-08-11,SCHEDULED,300,5.0
2026-08-11T05:16:30Z,1806612026-08-10,18066,2026-08-10,SCHEDULED,240,4.0
2026-08-11T05:16:30Z,1812012026-08-10,18120,2026-08-10,SCHEDULED,180,3.0
2026-08-11T05:16:30Z,1812112026-08-10,18121,2026-08-10,SCHEDULED,0,0.0
2026-08-11T05:16:30Z,0306242026-08-10,03062,2026-08-10,SCHEDULED,180,3.0
2026-08-11T05:16:30Z,0306232026-08-10,03062,2026-08-10,SCHEDULED,180,3.0
2026-08-11T05:16:30Z,0306212026-08-10,03062,2026-08-10,SCHEDULED,180,3.0
2026-08-11T05:16:30Z,0306222026-08-10,03062,2026-08-10,SCHEDULED,180,3.0
2026-08-11T05:16:30Z,1821612026-08-10,18216,2026-08-10,SCHEDULED,180,3.0
2026-08-11T05:16:30Z,1832112026-08-10,18321,2026-08-10,SCHEDULED,0,0.0
2026-08-11T05:16:30Z,1877312026-08-10,18773,2026-08-10,SCHEDULED,720,12.0
2026-08-11T05:16:30Z,0306242026-08-10,03062,2026-08-10,SCHEDULED,120,2.0
2026-08-11T05:16:30Z,0306232026-08-10,03062,2026-08-10,SCHEDULED,120,2.0
2026-08-11T05:16:30Z,0306212026-08-10,03062,2026-08-10,SCHEDULED,120,2.0
2026-08-11T05:16:30Z,0306222026-08-10,03062,2026-08-10,SCHEDULED,120,2.0
2026-08-11T05:16:30Z,1891012026-08-10,18910,2026-08-10,SCHEDULED,420,7.0
2026-08-11T05:16:30Z,1443012026-08-10,14430,2026-08-10,SCHEDULED,0,0.0
2026-08-11T05:16:30Z,1530912026-08-10,15309,2026-08-10,SCHEDULED,0,0.0
2026-08-11T05:16:30Z,0331112026-08-10,03311,2026-08-10,SCHEDULED,0,0.0
2026-08-11T05:16:30Z,0331122026-08-10,03311,2026-08-10,SCHEDULED,0,0.0
2026-08-11T05:16:30Z,0331132026-08-10,03311,2026-08-10,SCHEDULED,0,0.0
2026-08-11T05:16:30Z,1503022026-08-10,15030,2026-08-10,SCHEDULED,360,6.0
2026-08-11T05:16:30Z,0366222026-08-10,03662,2026-08-10,SCHEDULED,240,4.0
2026-08-11T05:16:30Z,0366212026-08-10,03662,2026-08-10,SCHEDULED,240,4.0
2026-08-11T05:16:30Z,1503112026-08-10,15031,2026-08-10,SCHEDULED,60,1.0
2026-08-11T05:16:30Z,0406012026-08-10,04060,2026-08-10,SCHEDULED,0,0.0
2026-08-11T05:16:30Z,1600012026-08-10,16000,2026-08-10,SCHEDULED,180,3.0
2026-08-11T05:16:30Z,0947012026-08-10,09470,2026-08-10,SCHEDULED,60,1.0
2026-08-11T05:16:30Z,0408822026-08-11,04088,2026-08-11,SCHEDULED,60,1.0
2026-08-11T05:16:30Z,1562112026-08-10,15621,2026-08-10,SCHEDULED,360,6.0
2026-08-11T05:16:30Z,0407222026-08-11,04072,2026-08-11,SCHEDULED,420,7.0
2026-08-11T05:16:30Z,0407212026-08-11,04072,2026-08-11,SCHEDULED,420,7.0
2026-08-11T05:16:30Z,1563012026-08-10,15630,2026-08-10,SCHEDULED,360,6.0
2026-08-11T05:16:30Z,1401812026-08-10,14018,2026-08-10,SCHEDULED,360,6.0
2026-08-11T05:16:30Z,0429522026-08-10,04295,2026-08-10,SCHEDULED,0,0.0
2026-08-11T05:16:30Z,0429512026-08-10,04295,2026-08-10,SCHEDULED,0,0.0
2026-08-11T05:16:30Z,0446412026-08-10,04464,2026-08-10,SCHEDULED,-60,-1.0
2026-08-11T05:16:30Z,1833112026-08-10,18331,2026-08-10,SCHEDULED,60,1.0
2026-08-11T05:16:30Z,1251212026-08-10,12512,2026-08-10,SCHEDULED,0,0.0
2026-08-11T05:16:30Z,0415422026-08-10,04154,2026-08-10,SCHEDULED,-120,-2.0
2026-08-11T05:16:30Z,0415412026-08-10,04154,2026-08-10,SCHEDULED,-120,-2.0
2026-08-11T05:16:30Z,7180012026-08-10,71800,2026-08-10,SCHEDULED,0,0.0
2026-08-11T05:16:30Z,7182012026-08-10,71820,2026-08-10,SCHEDULED,0,0.0
2026-08-11T05:16:30Z,0486822026-08-11,04868,2026-08-11,SCHEDULED,-60,-1.0
2026-08-11T05:16:30Z,0486812026-08-11,04868,2026-08-11,SCHEDULED,-60,-1.0
2026-08-11T05:16:30Z,0506312026-08-10,05063,2026-08-10,SCHEDULED,0,0.0
2026-08-11T05:16:30Z,0507212026-08-10,05072,2026-08-10,SCHEDULED,180,3.0
2026-08-11T05:16:30Z,0509222026-08-10,05092,2026-08-10,SCHEDULED,120,2.0
2026-08-11T05:16:30Z,0509212026-08-10,05092,2026-08-10,SCHEDULED,120,2.0
2026-08-11T05:16:30Z,0508012026-08-10,05080,2026-08-10,SCHEDULED,-120,-2.0
2026-08-11T05:16:30Z,0508032026-08-10,05080,2026-08-10,SCHEDULED,-120,-2.0
2026-08-11T05:16:30Z,0508022026-08-10,05080,2026-08-10,SCHEDULED,-120,-2.0
2026-08-11T05:16:30Z,0566812026-08-10,05668,2026-08-10,SCHEDULED,-60,-1.0
2026-08-11T05:16:30Z,0576312026-08-10,05763,2026-08-10,SCHEDULED,-120,-2.0
2026-08-11T05:16:30Z,0576322026-08-10,05763,2026-08-10,SCHEDULED,-120,-2.0
2026-08-11T05:16:30Z,0576332026-08-10,05763,2026-08-10,SCHEDULED,-120,-2.0
2026-08-11T05:16:30Z,0587112026-08-10,05871,2026-08-10,SCHEDULED,0,0.0
2026-08-11T05:16:30Z,0805812026-08-10,08058,2026-08-10,SCHEDULED,120,2.0
2026-08-11T05:16:30Z,1722612026-08-10,17226,2026-08-10,CANCELED,,
2026-08-11T05:16:30Z,3727912026-08-10,37279,2026-08-10,CANCELED,,
2026-08-11T05:16:30Z,1722712026-08-10,17227,2026-08-10,CANCELED,,
2026-08-11T05:16:30Z,1565012026-08-10,15650,2026-08-10,CANCELED,,
2026-08-11T05:16:30Z,1803112026-08-10,18031,2026-08-10,CANCELED,,
2026-08-11T05:16:30Z,1565912026-08-10,15659,2026-08-10,CANCELED,,
2026-08-11T05:16:30Z,1803312026-08-10,18033,2026-08-10,CANCELED,,
2026-08-11T05:16:30Z,1817112026-08-10,18171,2026-08-10,CANCELED,,
2026-08-11T05:16:30Z,1803512026-08-10,18035,2026-08-10,CANCELED,,
2026-08-11T05:16:30Z,1704112026-08-10,17041,2026-08-10,CANCELED,,
2026-08-11T05:16:30Z,1803712026-08-10,18037,2026-08-10,CANCELED,,
2026-08-11T05:16:30Z,1721812026-08-10,17218,2026-08-10,CANCELED,,
2026-08-11T05:16:30Z,1804212026-08-10,18042,2026-08-10,CANCELED,,
2026-08-11T05:16:30Z,3821812026-08-10,38218,2026-08-10,CANCELED,,
2026-08-11T05:16:30Z,1804312026-08-10,18043,2026-08-10,CANCELED,,
2026-08-11T05:16:30Z,1722112026-08-10,17221,2026-08-10,CANCELED,,
2026-08-11T05:16:30Z,1821612026-08-10,18216,2026-08-10,CANCELED,,
2026-08-11T05:16:30Z,3822112026-08-10,38221,2026-08-10,CANCELED,,
2026-08-11T05:16:30Z,1821912026-08-10,18219,2026-08-10,CANCELED,,
2026-08-11T05:16:30Z,0029322026-08-11,00293,2026-08-11,CANCELED,,
2026-08-11T05:16:30Z,0029312026-08-11,00293,2026-08-11,CANCELED,,
2026-08-11T05:16:30Z,3709322026-08-10,37093,2026-08-10,CANCELED,,
2026-08-11T05:16:30Z,3709312026-08-10,37093,2026-08-10,CANCELED,,
2026-08-11T05:16:30Z,1810132026-08-10,18101,2026-08-10,CANCELED,,
2026-08-11T05:16:30Z,1810142026-08-10,18101,2026-08-10,CANCELED,,
2026-08-11T05:16:30Z,1810152026-08-10,18101,2026-08-10,CANCELED,,
2026-08-11T05:16:30Z,3739312026-08-10,37393,2026-08-10,CANCELED,,
2026-08-11T05:16:30Z,7187412026-08-10,71874,2026-08-10,CANCELED,,
2026-08-11T05:16:30Z,0080112026-08-11,00801,2026-08-11,CANCELED,,
2026-08-11T05:16:30Z,0029122026-08-11,00291,2026-08-11,CANCELED,,
2026-08-11T05:16:30Z,0029112026-08-11,00291,2026-08-11,CANCELED,,
2026-08-11T05:16:30Z,1810222026-08-10,18102,2026-08-10,CANCELED,,
2026-08-11T05:16:30Z,1810232026-08-10,18102,2026-08-10,CANCELED,,
2026-08-11T05:16:30Z,1810242026-08-10,18102,2026-08-10,CANCELED,,
2026-08-11T05:16:30Z,1810512026-08-10,18105,2026-08-10,CANCELED,,
2026-08-11T05:16:30Z,3709122026-08-10,37091,2026-08-10,CANCELED,,
2026-08-11T05:16:30Z,3709112026-08-10,37091,2026-08-10,CANCELED,,
2026-08-11T05:16:30Z,3810512026-08-10,38105,2026-08-10,CANCELED,,
2026-08-11T05:16:30Z,3739112026-08-10,37391,2026-08-10,CANCELED,,
2026-08-11T05:16:30Z,0027922026-08-11,00279,2026-08-11,CANCELED,,
2026-08-11T05:16:30Z,0027912026-08-11,00279,2026-08-11,CANCELED,,
2026-08-11T05:21:30Z,0587112026-08-10,05871,2026-08-10,SCHEDULED,-60,-1.0
2026-08-11T05:21:30Z,1395112026-08-10,13951,2026-08-10,SCHEDULED,420,7.0
2026-08-11T05:21:30Z,0805812026-08-10,08058,2026-08-10,SCHEDULED,120,2.0
2026-08-11T05:21:30Z,1390012026-08-10,13900,2026-08-10,SCHEDULED,120,2.0
2026-08-11T05:21:30Z,0806812026-08-10,08068,2026-08-10,SCHEDULED,-60,-1.0
2026-08-11T05:21:30Z,1390112026-08-10,13901,2026-08-10,SCHEDULED,-120,-2.0
2026-08-11T05:21:30Z,0807112026-08-10,08071,2026-08-10,SCHEDULED,240,4.0
2026-08-11T05:21:30Z,0807512026-08-10,08075,2026-08-10,SCHEDULED,540,9.0
2026-08-11T05:21:30Z,0807712026-08-10,08077,2026-08-10,SCHEDULED,0,0.0
2026-08-11T05:21:30Z,0826012026-08-10,08260,2026-08-10,SCHEDULED,-180,-3.0
2026-08-11T05:21:30Z,1412322026-08-10,14123,2026-08-10,SCHEDULED,-60,-1.0
2026-08-11T05:21:30Z,1412342026-08-10,14123,2026-08-10,SCHEDULED,-60,-1.0
2026-08-11T05:21:30Z,1412332026-08-10,14123,2026-08-10,SCHEDULED,-60,-1.0
2026-08-11T05:21:30Z,0826112026-08-10,08261,2026-08-10,SCHEDULED,420,7.0
2026-08-11T05:21:30Z,0847512026-08-10,08475,2026-08-10,SCHEDULED,0,0.0
2026-08-11T05:21:30Z,0866412026-08-10,08664,2026-08-10,SCHEDULED,420,7.0
2026-08-11T05:21:30Z,3560432026-08-10,35604,2026-08-10,SCHEDULED,120,2.0
2026-08-11T05:21:30Z,3560442026-08-10,35604,2026-08-10,SCHEDULED,120,2.0
2026-08-11T05:21:30Z,3560452026-08-10,35604,2026-08-10,SCHEDULED,120,2.0
2026-08-11T05:21:30Z,3586912026-08-10,35869,2026-08-10,SCHEDULED,180,3.0
2026-08-11T05:21:30Z,1500012026-08-10,15000,2026-08-10,SCHEDULED,240,4.0
2026-08-11T05:21:30Z,0906712026-08-10,09067,2026-08-10,SCHEDULED,0,0.0
2026-08-11T05:21:30Z,1500112026-08-10,15001,2026-08-10,SCHEDULED,60,1.0
2026-08-11T05:21:30Z,1500212026-08-10,15002,2026-08-10,SCHEDULED,480,8.0
2026-08-11T05:21:30Z,0907222026-08-10,09072,2026-08-10,SCHEDULED,-120,-2.0
2026-08-11T05:21:30Z,0907212026-08-10,09072,2026-08-10,SCHEDULED,-120,-2.0
2026-08-11T05:21:30Z,1504012026-08-10,15040,2026-08-10,SCHEDULED,1200,20.0
2026-08-11T05:21:30Z,0907312026-08-10,09073,2026-08-10,SCHEDULED,240,4.0
2026-08-11T05:21:30Z,1504112026-08-10,15041,2026-08-10,SCHEDULED,0,0.0
2026-08-11T05:21:30Z,0907512026-08-10,09075,2026-08-10,SCHEDULED,0,0.0
2026-08-11T05:21:30Z,1505012026-08-10,15050,2026-08-10,SCHEDULED,1440,24.0
2026-08-11T05:21:30Z,0207412026-08-11,02074,2026-08-11,SCHEDULED,0,0.0
2026-08-11T05:21:30Z,1564512026-08-10,15645,2026-08-10,SCHEDULED,0,0.0
2026-08-11T05:21:30Z,0109212026-08-10,01092,2026-08-10,SCHEDULED,60,1.0
2026-08-11T05:21:30Z,1564612026-08-10,15646,2026-08-10,SCHEDULED,60,1.0
2026-08-11T05:21:30Z,0405612026-08-11,04056,2026-08-11,SCHEDULED,120,2.0
2026-08-11T05:21:30Z,1572012026-08-10,15720,2026-08-10,SCHEDULED,360,6.0
2026-08-11T05:21:30Z,1572212026-08-10,15722,2026-08-10,SCHEDULED,300,5.0
2026-08-11T05:21:30Z,1575112026-08-10,15751,2026-08-10,SCHEDULED,480,8.0
2026-08-11T05:21:30Z,0418612026-08-11,04186,2026-08-11,SCHEDULED,360,6.0
2026-08-11T05:21:30Z,0418642026-08-11,04186,2026-08-11,SCHEDULED,360,6.0
2026-08-11T05:21:30Z,0418622026-08-11,04186,2026-08-11,SCHEDULED,360,6.0
2026-08-11T05:21:30Z,1577012026-08-10,15770,2026-08-10,SCHEDULED,240,4.0
2026-08-11T05:21:30Z,1577212026-08-10,15772,2026-08-10,SCHEDULED,60,1.0
2026-08-11T05:21:30Z,0408712026-08-11,04087,2026-08-11,SCHEDULED,1020,17.0
2026-08-11T05:21:30Z,1577412026-08-10,15774,2026-08-10,SCHEDULED,-120,-2.0
2026-08-11T05:21:30Z,0407312026-08-11,04073,2026-08-11,SCHEDULED,960,16.0
2026-08-11T05:21:30Z,1585012026-08-10,15850,2026-08-10,SCHEDULED,0,0.0
2026-08-11T05:21:30Z,0029122026-08-11,00291,2026-08-11,SCHEDULED,-60,-1.0
2026-08-11T05:21:30Z,0029112026-08-11,00291,2026-08-11,SCHEDULED,-60,-1.0
2026-08-11T05:21:30Z,1585212026-08-10,15852,2026-08-10,SCHEDULED,0,0.0
2026-08-11T05:21:30Z,1590012026-08-10,15900,2026-08-10,SCHEDULED,360,6.0
2026-08-11T05:21:30Z,1210112026-08-10,12101,2026-08-10,SCHEDULED,-60,-1.0
2026-08-11T05:21:30Z,1590412026-08-10,15904,2026-08-10,SCHEDULED,120,2.0
2026-08-11T05:21:30Z,1241112026-08-10,12411,2026-08-10,SCHEDULED,420,7.0
2026-08-11T05:21:30Z,1248012026-08-10,12480,2026-08-10,SCHEDULED,120,2.0
2026-08-11T05:21:30Z,1261312026-08-10,12613,2026-08-10,SCHEDULED,60,1.0
2026-08-11T05:21:30Z,1801012026-08-10,18010,2026-08-10,SCHEDULED,0,0.0
2026-08-11T05:21:30Z,1801022026-08-10,18010,2026-08-10,SCHEDULED,0,0.0
2026-08-11T05:21:30Z,1801032026-08-10,18010,2026-08-10,SCHEDULED,0,0.0
2026-08-11T05:21:30Z,1264412026-08-10,12644,2026-08-10,SCHEDULED,0,0.0
2026-08-11T05:21:30Z,1620712026-08-10,16207,2026-08-10,SCHEDULED,180,3.0
2026-08-11T05:21:30Z,1300012026-08-10,13000,2026-08-10,SCHEDULED,1200,20.0
2026-08-11T05:21:30Z,1601812026-08-10,16018,2026-08-10,SCHEDULED,180,3.0
2026-08-11T05:21:30Z,1300312026-08-11,13003,2026-08-11,SCHEDULED,300,5.0
2026-08-11T05:21:30Z,1700812026-08-10,17008,2026-08-10,SCHEDULED,240,4.0
2026-08-11T05:21:30Z,1702112026-08-10,17021,2026-08-10,SCHEDULED,360,6.0
2026-08-11T05:21:30Z,1303012026-08-10,13030,2026-08-10,SCHEDULED,360,6.0
2026-08-11T05:21:30Z,1710012026-08-10,17100,2026-08-10,SCHEDULED,420,7.0
2026-08-11T05:21:30Z,1304112026-08-10,13041,2026-08-10,SCHEDULED,120,2.0
2026-08-11T05:21:30Z,1720112026-08-10,17201,2026-08-10,SCHEDULED,120,2.0
2026-08-11T05:21:30Z,1308412026-08-10,13084,2026-08-10,SCHEDULED,360,6.0
2026-08-11T05:21:30Z,1750312026-08-10,17503,2026-08-10,SCHEDULED,240,4.0
2026-08-11T05:21:30Z,1770312026-08-10,17703,2026-08-10,SCHEDULED,180,3.0
2026-08-11T05:21:30Z,0411422026-08-11,04114,2026-08-11,SCHEDULED,120,2.0
2026-08-11T05:21:30Z,0411412026-08-11,04114,2026-08-11,SCHEDULED,120,2.0
2026-08-11T05:21:30Z,1780612026-08-10,17806,2026-08-10,SCHEDULED,300,5.0
2026-08-11T05:21:30Z,1781512026-08-10,17815,2026-08-10,SCHEDULED,60,1.0
2026-08-11T05:21:30Z,0075222026-08-11,00752,2026-08-11,SCHEDULED,120,2.0
2026-08-11T05:21:30Z,0075212026-08-11,00752,2026-08-11,SCHEDULED,120,2.0
2026-08-11T05:21:30Z,1800112026-08-10,18001,2026-08-10,SCHEDULED,0,0.0
2026-08-11T05:21:30Z,0075222026-08-11,00752,2026-08-11,SCHEDULED,420,7.0
2026-08-11T05:21:30Z,0075212026-08-11,00752,2026-08-11,SCHEDULED,420,7.0
2026-08-11T05:21:30Z,1802422026-08-10,18024,2026-08-10,SCHEDULED,-180,-3.0
2026-08-11T05:21:30Z,3460912026-08-10,34609,2026-08-10,SCHEDULED,120,2.0
2026-08-11T05:21:30Z,1803112026-08-10,18031,2026-08-10,SCHEDULED,240,4.0
2026-08-11T05:21:30Z,0107112026-08-10,01071,2026-08-10,SCHEDULED,-60,-1.0
2026-08-11T05:21:30Z,1804612026-08-10,18046,2026-08-10,SCHEDULED,480,8.0
2026-08-11T05:21:30Z,0107212026-08-10,01072,2026-08-10,SCHEDULED,420,7.0
2026-08-11T05:21:30Z,1805412026-08-10,18054,2026-08-10,SCHEDULED,60,1.0
2026-08-11T05:21:30Z,1806812026-08-10,18068,2026-08-10,SCHEDULED,-60,-1.0
2026-08-11T05:21:30Z,0108122026-08-10,01081,2026-08-10,SCHEDULED,60,1.0
2026-08-11T05:21:30Z,0108112026-08-10,01081,2026-08-10,SCHEDULED,60,1.0
2026-08-11T05:21:30Z,1807112026-08-10,18071,2026-08-10,SCHEDULED,180,3.0
2026-08-11T05:21:30Z,0206112026-08-10,02061,2026-08-10,SCHEDULED,1200,20.0
2026-08-11T05:21:30Z,1807212026-08-10,18072,2026-08-10,SCHEDULED,300,5.0
2026-08-11T05:21:30Z,0206312026-08-10,02063,2026-08-10,SCHEDULED,660,11.0
2026-08-11T05:21:30Z,1800212026-08-10,18002,2026-08-10,SCHEDULED,-60,-1.0
2026-08-11T05:21:30Z,0206712026-08-10,02067,2026-08-10,SCHEDULED,120,2.0
2026-08-11T05:21:30Z,1806612026-08-10,18066,2026-08-10,SCHEDULED,240,4.0
2026-08-11T05:21:30Z,0207012026-08-10,02070,2026-08-10,SCHEDULED,60,1.0
2026-08-11T05:21:30Z,1812012026-08-10,18120,2026-08-10,SCHEDULED,240,4.0
2026-08-11T05:21:30Z,0207312026-08-10,02073,2026-08-10,SCHEDULED,240,4.0
2026-08-11T05:21:30Z,1812112026-08-10,18121,2026-08-10,SCHEDULED,0,0.0
2026-08-11T05:21:30Z,0207512026-08-11,02075,2026-08-11,SCHEDULED,480,8.0
2026-08-11T05:21:30Z,1812312026-08-10,18123,2026-08-10,SCHEDULED,120,2.0
2026-08-11T05:21:30Z,1821612026-08-10,18216,2026-08-10,SCHEDULED,120,2.0
2026-08-11T05:21:30Z,1832112026-08-10,18321,2026-08-10,SCHEDULED,0,0.0
2026-08-11T05:21:30Z,1877312026-08-10,18773,2026-08-10,SCHEDULED,720,12.0
2026-08-11T05:21:30Z,0306242026-08-10,03062,2026-08-10,SCHEDULED,180,3.0
2026-08-11T05:21:30Z,0306232026-08-10,03062,2026-08-10,SCHEDULED,180,3.0
2026-08-11T05:21:30Z,0306212026-08-10,03062,2026-08-10,SCHEDULED,180,3.0
2026-08-11T05:21:30Z,0306222026-08-10,03062,2026-08-10,SCHEDULED,180,3.0
2026-08-11T05:21:30Z,1890012026-08-10,18900,2026-08-10,SCHEDULED,-1020,-17.0
2026-08-11T05:21:30Z,1891012026-08-10,18910,2026-08-10,SCHEDULED,480,8.0
2026-08-11T05:21:30Z,1443012026-08-10,14430,2026-08-10,SCHEDULED,60,1.0
2026-08-11T05:21:30Z,1530912026-08-10,15309,2026-08-10,SCHEDULED,60,1.0
2026-08-11T05:21:30Z,0306242026-08-10,03062,2026-08-10,SCHEDULED,60,1.0
2026-08-11T05:21:30Z,0306232026-08-10,03062,2026-08-10,SCHEDULED,60,1.0
2026-08-11T05:21:30Z,0306212026-08-10,03062,2026-08-10,SCHEDULED,60,1.0
2026-08-11T05:21:30Z,0306222026-08-10,03062,2026-08-10,SCHEDULED,60,1.0
2026-08-11T05:21:30Z,1503022026-08-10,15030,2026-08-10,SCHEDULED,360,6.0
2026-08-11T05:21:30Z,1503112026-08-10,15031,2026-08-10,SCHEDULED,180,3.0
2026-08-11T05:21:30Z,1600012026-08-10,16000,2026-08-10,SCHEDULED,240,4.0
2026-08-11T05:21:30Z,0331112026-08-10,03311,2026-08-10,SCHEDULED,-60,-1.0
2026-08-11T05:21:30Z,0331122026-08-10,03311,2026-08-10,SCHEDULED,-60,-1.0
2026-08-11T05:21:30Z,0331132026-08-10,03311,2026-08-10,SCHEDULED,-60,-1.0
2026-08-11T05:21:30Z,0947012026-08-10,09470,2026-08-10,SCHEDULED,60,1.0
2026-08-11T05:21:30Z,1562112026-08-10,15621,2026-08-10,SCHEDULED,360,6.0
2026-08-11T05:21:30Z,0366222026-08-10,03662,2026-08-10,SCHEDULED,240,4.0
2026-08-11T05:21:30Z,0366212026-08-10,03662,2026-08-10,SCHEDULED,240,4.0
2026-08-11T05:21:30Z,1401812026-08-10,14018,2026-08-10,SCHEDULED,420,7.0
2026-08-11T05:21:30Z,0406012026-08-10,04060,2026-08-10,SCHEDULED,0,0.0
2026-08-11T05:21:30Z,0426112026-08-11,04261,2026-08-11,SCHEDULED,960,16.0
2026-08-11T05:21:30Z,1833112026-08-10,18331,2026-08-10,SCHEDULED,60,1.0
2026-08-11T05:21:30Z,0408822026-08-11,04088,2026-08-11,SCHEDULED,300,5.0
2026-08-11T05:21:30Z,1251212026-08-10,12512,2026-08-10,SCHEDULED,0,0.0
2026-08-11T05:21:30Z,7180012026-08-10,71800,2026-08-10,SCHEDULED,0,0.0
2026-08-11T05:21:30Z,0407222026-08-11,04072,2026-08-11,SCHEDULED,540,9.0
2026-08-11T05:21:30Z,0407212026-08-11,04072,2026-08-11,SCHEDULED,540,9.0
2026-08-11T05:21:30Z,7182012026-08-10,71820,2026-08-10,SCHEDULED,0,0.0
2026-08-11T05:21:30Z,0429522026-08-10,04295,2026-08-10,SCHEDULED,0,0.0
2026-08-11T05:21:30Z,0429512026-08-10,04295,2026-08-10,SCHEDULED,0,0.0
2026-08-11T05:21:30Z,0446412026-08-10,04464,2026-08-10,SCHEDULED,-60,-1.0
2026-08-11T05:21:30Z,0415422026-08-10,04154,2026-08-10,SCHEDULED,-120,-2.0
2026-08-11T05:21:30Z,0415412026-08-10,04154,2026-08-10,SCHEDULED,-120,-2.0
2026-08-11T05:21:30Z,0436422026-08-10,04364,2026-08-10,SCHEDULED,-60,-1.0
2026-08-11T05:21:30Z,0436412026-08-10,04364,2026-08-10,SCHEDULED,-60,-1.0
2026-08-11T05:21:30Z,0486822026-08-11,04868,2026-08-11,SCHEDULED,-60,-1.0
2026-08-11T05:21:30Z,0486812026-08-11,04868,2026-08-11,SCHEDULED,-60,-1.0
2026-08-11T05:21:30Z,0506312026-08-10,05063,2026-08-10,SCHEDULED,0,0.0
2026-08-11T05:21:30Z,0507212026-08-10,05072,2026-08-10,SCHEDULED,240,4.0
2026-08-11T05:21:30Z,0509222026-08-10,05092,2026-08-10,SCHEDULED,0,0.0
2026-08-11T05:21:30Z,0509212026-08-10,05092,2026-08-10,SCHEDULED,0,0.0
2026-08-11T05:21:30Z,0508012026-08-10,05080,2026-08-10,SCHEDULED,-120,-2.0
2026-08-11T05:21:30Z,0508032026-08-10,05080,2026-08-10,SCHEDULED,-120,-2.0
2026-08-11T05:21:30Z,0508022026-08-10,05080,2026-08-10,SCHEDULED,-120,-2.0
2026-08-11T05:21:30Z,0566812026-08-10,05668,2026-08-10,SCHEDULED,-60,-1.0
2026-08-11T05:21:30Z,0576312026-08-10,05763,2026-08-10,SCHEDULED,-60,-1.0
2026-08-11T05:21:30Z,0576322026-08-10,05763,2026-08-10,SCHEDULED,-60,-1.0
2026-08-11T05:21:30Z,0576332026-08-10,05763,2026-08-10,SCHEDULED,-60,-1.0
2026-08-11T05:21:30Z,3727912026-08-10,37279,2026-08-10,CANCELED,,
2026-08-11T05:21:30Z,1722612026-08-10,17226,2026-08-10,CANCELED,,
2026-08-11T05:21:30Z,1722712026-08-10,17227,2026-08-10,CANCELED,,
2026-08-11T05:21:30Z,1565012026-08-10,15650,2026-08-10,CANCELED,,
2026-08-11T05:21:30Z,1803112026-08-10,18031,2026-08-10,CANCELED,,
2026-08-11T05:21:30Z,1565912026-08-10,15659,2026-08-10,CANCELED,,
2026-08-11T05:21:30Z,1803312026-08-10,18033,2026-08-10,CANCELED,,
2026-08-11T05:21:30Z,1817112026-08-10,18171,2026-08-10,CANCELED,,
2026-08-11T05:21:30Z,1803512026-08-10,18035,2026-08-10,CANCELED,,
2026-08-11T05:21:30Z,1704112026-08-10,17041,2026-08-10,CANCELED,,
2026-08-11T05:21:30Z,1803712026-08-10,18037,2026-08-10,CANCELED,,
2026-08-11T05:21:30Z,1721812026-08-10,17218,2026-08-10,CANCELED,,
2026-08-11T05:21:30Z,1804212026-08-10,18042,2026-08-10,CANCELED,,
2026-08-11T05:21:30Z,3821812026-08-10,38218,2026-08-10,CANCELED,,
2026-08-11T05:21:30Z,1804312026-08-10,18043,2026-08-10,CANCELED,,
2026-08-11T05:21:30Z,1722112026-08-10,17221,2026-08-10,CANCELED,,
2026-08-11T05:21:30Z,1821612026-08-10,18216,2026-08-10,CANCELED,,
2026-08-11T05:21:30Z,3822112026-08-10,38221,2026-08-10,CANCELED,,
2026-08-11T05:21:30Z,1821912026-08-10,18219,2026-08-10,CANCELED,,
2026-08-11T05:21:30Z,0029322026-08-11,00293,2026-08-11,CANCELED,,
2026-08-11T05:21:30Z,0029312026-08-11,00293,2026-08-11,CANCELED,,
2026-08-11T05:21:30Z,1810132026-08-10,18101,2026-08-10,CANCELED,,
2026-08-11T05:21:30Z,1810142026-08-10,18101,2026-08-10,CANCELED,,
2026-08-11T05:21:30Z,1810152026-08-10,18101,2026-08-10,CANCELED,,
2026-08-11T05:21:30Z,3709322026-08-10,37093,2026-08-10,CANCELED,,
2026-08-11T05:21:30Z,3709312026-08-10,37093,2026-08-10,CANCELED,,
2026-08-11T05:21:30Z,3739312026-08-10,37393,2026-08-10,CANCELED,,
2026-08-11T05:21:30Z,7187412026-08-10,71874,2026-08-10,CANCELED,,
2026-08-11T05:21:30Z,0080112026-08-11,00801,2026-08-11,CANCELED,,
2026-08-11T05:21:30Z,0029122026-08-11,00291,2026-08-11,CANCELED,,
2026-08-11T05:21:30Z,0029112026-08-11,00291,2026-08-11,CANCELED,,
2026-08-11T05:21:30Z,1810222026-08-10,18102,2026-08-10,CANCELED,,
2026-08-11T05:21:30Z,1810232026-08-10,18102,2026-08-10,CANCELED,,
2026-08-11T05:21:30Z,1810242026-08-10,18102,2026-08-10,CANCELED,,
2026-08-11T05:21:30Z,1810512026-08-10,18105,2026-08-10,CANCELED,,
2026-08-11T05:21:30Z,3709122026-08-10,37091,2026-08-10,CANCELED,,
2026-08-11T05:21:30Z,3709112026-08-10,37091,2026-08-10,CANCELED,,
2026-08-11T05:21:30Z,3810512026-08-10,38105,2026-08-10,CANCELED,,
2026-08-11T05:21:30Z,3739112026-08-10,37391,2026-08-10,CANCELED,,
2026-08-11T05:21:30Z,0027922026-08-11,00279,2026-08-11,CANCELED,,
2026-08-11T05:21:30Z,0027912026-08-11,00279,2026-08-11,CANCELED,,
2026-08-11T05:26:29Z,0566812026-08-10,05668,2026-08-10,SCHEDULED,60,1.0
2026-08-11T05:26:29Z,1308412026-08-10,13084,2026-08-10,SCHEDULED,360,6.0
2026-08-11T05:26:29Z,1395112026-08-10,13951,2026-08-10,SCHEDULED,360,6.0
2026-08-11T05:26:29Z,1390012026-08-10,13900,2026-08-10,SCHEDULED,60,1.0
2026-08-11T05:26:29Z,0576312026-08-10,05763,2026-08-10,SCHEDULED,-240,-4.0
2026-08-11T05:26:29Z,0576322026-08-10,05763,2026-08-10,SCHEDULED,-240,-4.0
2026-08-11T05:26:29Z,0576332026-08-10,05763,2026-08-10,SCHEDULED,-240,-4.0
2026-08-11T05:26:29Z,1390112026-08-10,13901,2026-08-10,SCHEDULED,-180,-3.0
2026-08-11T05:26:29Z,0587112026-08-10,05871,2026-08-10,SCHEDULED,0,0.0
2026-08-11T05:26:29Z,0806812026-08-10,08068,2026-08-10,SCHEDULED,60,1.0
2026-08-11T05:26:29Z,0807112026-08-10,08071,2026-08-10,SCHEDULED,240,4.0
2026-08-11T05:26:29Z,0807512026-08-10,08075,2026-08-10,SCHEDULED,660,11.0
2026-08-11T05:26:29Z,1412322026-08-10,14123,2026-08-10,SCHEDULED,-60,-1.0
2026-08-11T05:26:29Z,1412342026-08-10,14123,2026-08-10,SCHEDULED,-60,-1.0
2026-08-11T05:26:29Z,1412332026-08-10,14123,2026-08-10,SCHEDULED,-60,-1.0
2026-08-11T05:26:29Z,0807712026-08-10,08077,2026-08-10,SCHEDULED,0,0.0
2026-08-11T05:26:29Z,0826012026-08-10,08260,2026-08-10,SCHEDULED,-180,-3.0
2026-08-11T05:26:29Z,0826112026-08-10,08261,2026-08-10,SCHEDULED,420,7.0
2026-08-11T05:26:29Z,0827112026-08-10,08271,2026-08-10,SCHEDULED,120,2.0
2026-08-11T05:26:29Z,3560432026-08-10,35604,2026-08-10,SCHEDULED,120,2.0
2026-08-11T05:26:29Z,3560442026-08-10,35604,2026-08-10,SCHEDULED,120,2.0
2026-08-11T05:26:29Z,3560452026-08-10,35604,2026-08-10,SCHEDULED,120,2.0
2026-08-11T05:26:29Z,0847512026-08-10,08475,2026-08-10,SCHEDULED,0,0.0
2026-08-11T05:26:29Z,1451012026-08-10,14510,2026-08-10,SCHEDULED,180,3.0
2026-08-11T05:26:29Z,0866412026-08-10,08664,2026-08-10,SCHEDULED,300,5.0
2026-08-11T05:26:29Z,1500012026-08-10,15000,2026-08-10,SCHEDULED,180,3.0
2026-08-11T05:26:29Z,1500112026-08-10,15001,2026-08-10,SCHEDULED,60,1.0
2026-08-11T05:26:29Z,3586912026-08-10,35869,2026-08-10,SCHEDULED,240,4.0
2026-08-11T05:26:29Z,1500212026-08-10,15002,2026-08-10,SCHEDULED,480,8.0
2026-08-11T05:26:29Z,0906712026-08-10,09067,2026-08-10,SCHEDULED,0,0.0
2026-08-11T05:26:29Z,1504012026-08-10,15040,2026-08-10,SCHEDULED,1200,20.0
2026-08-11T05:26:29Z,1504112026-08-10,15041,2026-08-10,SCHEDULED,0,0.0
2026-08-11T05:26:29Z,0907222026-08-10,09072,2026-08-10,SCHEDULED,-60,-1.0
2026-08-11T05:26:29Z,0907212026-08-10,09072,2026-08-10,SCHEDULED,-60,-1.0
2026-08-11T05:26:29Z,1505012026-08-10,15050,2026-08-10,SCHEDULED,1260,21.0
2026-08-11T05:26:29Z,0907312026-08-10,09073,2026-08-10,SCHEDULED,180,3.0
2026-08-11T05:26:29Z,1564512026-08-10,15645,2026-08-10,SCHEDULED,60,1.0
2026-08-11T05:26:29Z,0907512026-08-10,09075,2026-08-10,SCHEDULED,0,0.0
2026-08-11T05:26:29Z,1564612026-08-10,15646,2026-08-10,SCHEDULED,60,1.0
2026-08-11T05:26:29Z,0207412026-08-11,02074,2026-08-11,SCHEDULED,540,9.0
2026-08-11T05:26:29Z,1572012026-08-10,15720,2026-08-10,SCHEDULED,300,5.0
2026-08-11T05:26:29Z,0109212026-08-10,01092,2026-08-10,SCHEDULED,60,1.0
2026-08-11T05:26:29Z,1572212026-08-10,15722,2026-08-10,SCHEDULED,240,4.0
2026-08-11T05:26:29Z,0405612026-08-11,04056,2026-08-11,SCHEDULED,120,2.0
2026-08-11T05:26:29Z,1575112026-08-10,15751,2026-08-10,SCHEDULED,720,12.0
2026-08-11T05:26:29Z,1577012026-08-10,15770,2026-08-10,SCHEDULED,300,5.0
2026-08-11T05:26:29Z,1577212026-08-10,15772,2026-08-10,SCHEDULED,60,1.0
2026-08-11T05:26:29Z,0418612026-08-11,04186,2026-08-11,SCHEDULED,420,7.0
2026-08-11T05:26:29Z,0418642026-08-11,04186,2026-08-11,SCHEDULED,420,7.0
2026-08-11T05:26:29Z,0418622026-08-11,04186,2026-08-11,SCHEDULED,420,7.0
2026-08-11T05:26:29Z,1577412026-08-10,15774,2026-08-10,SCHEDULED,-60,-1.0
2026-08-11T05:26:29Z,0408712026-08-11,04087,2026-08-11,SCHEDULED,960,16.0
2026-08-11T05:26:29Z,0407312026-08-11,04073,2026-08-11,SCHEDULED,960,16.0
2026-08-11T05:26:29Z,1585012026-08-10,15850,2026-08-10,SCHEDULED,-120,-2.0
2026-08-11T05:26:29Z,1585212026-08-10,15852,2026-08-10,SCHEDULED,0,0.0
2026-08-11T05:26:29Z,1590012026-08-10,15900,2026-08-10,SCHEDULED,360,6.0
2026-08-11T05:26:29Z,0029122026-08-11,00291,2026-08-11,SCHEDULED,660,11.0
2026-08-11T05:26:29Z,0029112026-08-11,00291,2026-08-11,SCHEDULED,660,11.0
2026-08-11T05:26:29Z,1590412026-08-10,15904,2026-08-10,SCHEDULED,120,2.0
2026-08-11T05:26:29Z,1210112026-08-10,12101,2026-08-10,SCHEDULED,-60,-1.0
2026-08-11T05:26:29Z,1241112026-08-10,12411,2026-08-10,SCHEDULED,420,7.0
2026-08-11T05:26:29Z,1248012026-08-10,12480,2026-08-10,SCHEDULED,120,2.0
2026-08-11T05:26:29Z,1801012026-08-10,18010,2026-08-10,SCHEDULED,0,0.0
2026-08-11T05:26:29Z,1801022026-08-10,18010,2026-08-10,SCHEDULED,0,0.0
2026-08-11T05:26:29Z,1801032026-08-10,18010,2026-08-10,SCHEDULED,0,0.0
2026-08-11T05:26:29Z,1261312026-08-10,12613,2026-08-10,SCHEDULED,-60,-1.0
2026-08-11T05:26:29Z,1620712026-08-10,16207,2026-08-10,SCHEDULED,180,3.0
2026-08-11T05:26:29Z,1264412026-08-10,12644,2026-08-10,SCHEDULED,0,0.0
2026-08-11T05:26:29Z,1601812026-08-10,16018,2026-08-10,SCHEDULED,180,3.0
2026-08-11T05:26:29Z,1300012026-08-10,13000,2026-08-10,SCHEDULED,1140,19.0
2026-08-11T05:26:29Z,1700812026-08-10,17008,2026-08-10,SCHEDULED,300,5.0
2026-08-11T05:26:29Z,1702112026-08-10,17021,2026-08-10,SCHEDULED,360,6.0
2026-08-11T05:26:29Z,1300312026-08-11,13003,2026-08-11,SCHEDULED,300,5.0
2026-08-11T05:26:29Z,1710012026-08-10,17100,2026-08-10,SCHEDULED,360,6.0
2026-08-11T05:26:29Z,1303012026-08-10,13030,2026-08-10,SCHEDULED,420,7.0
2026-08-11T05:26:29Z,1720112026-08-10,17201,2026-08-10,SCHEDULED,120,2.0
2026-08-11T05:26:29Z,1304112026-08-10,13041,2026-08-10,SCHEDULED,240,4.0
2026-08-11T05:26:29Z,1821612026-08-10,18216,2026-08-10,SCHEDULED,60,1.0
2026-08-11T05:26:29Z,0411422026-08-11,04114,2026-08-11,SCHEDULED,240,4.0
2026-08-11T05:26:29Z,0411412026-08-11,04114,2026-08-11,SCHEDULED,240,4.0
2026-08-11T05:26:29Z,1832112026-08-10,18321,2026-08-10,SCHEDULED,0,0.0
2026-08-11T05:26:29Z,1877312026-08-10,18773,2026-08-10,SCHEDULED,780,13.0
2026-08-11T05:26:29Z,0075222026-08-11,00752,2026-08-11,SCHEDULED,0,0.0
2026-08-11T05:26:29Z,0075212026-08-11,00752,2026-08-11,SCHEDULED,0,0.0
2026-08-11T05:26:29Z,1890012026-08-10,18900,2026-08-10,SCHEDULED,-1020,-17.0
2026-08-11T05:26:29Z,1891012026-08-10,18910,2026-08-10,SCHEDULED,480,8.0
2026-08-11T05:26:29Z,0075222026-08-11,00752,2026-08-11,SCHEDULED,420,7.0
2026-08-11T05:26:29Z,0075212026-08-11,00752,2026-08-11,SCHEDULED,420,7.0
2026-08-11T05:26:29Z,1443012026-08-10,14430,2026-08-10,SCHEDULED,60,1.0
2026-08-11T05:26:29Z,3460912026-08-10,34609,2026-08-10,SCHEDULED,60,1.0
2026-08-11T05:26:29Z,1530912026-08-10,15309,2026-08-10,SCHEDULED,0,0.0
2026-08-11T05:26:29Z,0107112026-08-10,01071,2026-08-10,SCHEDULED,-60,-1.0
2026-08-11T05:26:29Z,1503022026-08-10,15030,2026-08-10,SCHEDULED,360,6.0
2026-08-11T05:26:29Z,0107212026-08-10,01072,2026-08-10,SCHEDULED,360,6.0
2026-08-11T05:26:29Z,1503112026-08-10,15031,2026-08-10,SCHEDULED,360,6.0
2026-08-11T05:26:29Z,1600012026-08-10,16000,2026-08-10,SCHEDULED,240,4.0
2026-08-11T05:26:29Z,0108122026-08-10,01081,2026-08-10,SCHEDULED,60,1.0
2026-08-11T05:26:29Z,0108112026-08-10,01081,2026-08-10,SCHEDULED,60,1.0
2026-08-11T05:26:29Z,0947012026-08-10,09470,2026-08-10,SCHEDULED,60,1.0
2026-08-11T05:26:29Z,0206112026-08-10,02061,2026-08-10,SCHEDULED,1200,20.0
2026-08-11T05:26:29Z,0206312026-08-10,02063,2026-08-10,SCHEDULED,660,11.0
2026-08-11T05:26:29Z,1562112026-08-10,15621,2026-08-10,SCHEDULED,360,6.0
2026-08-11T05:26:29Z,0206712026-08-10,02067,2026-08-10,SCHEDULED,420,7.0
2026-08-11T05:26:29Z,1401812026-08-10,14018,2026-08-10,SCHEDULED,540,9.0
2026-08-11T05:26:29Z,0207012026-08-10,02070,2026-08-10,SCHEDULED,720,12.0
2026-08-11T05:26:29Z,0207112026-08-10,02071,2026-08-10,SCHEDULED,180,3.0
2026-08-11T05:26:29Z,1833112026-08-10,18331,2026-08-10,SCHEDULED,-60,-1.0
2026-08-11T05:26:29Z,7180012026-08-10,71800,2026-08-10,SCHEDULED,0,0.0
2026-08-11T05:26:29Z,0207312026-08-10,02073,2026-08-10,SCHEDULED,540,9.0
2026-08-11T05:26:29Z,7182012026-08-10,71820,2026-08-10,SCHEDULED,0,0.0
2026-08-11T05:26:29Z,0207512026-08-11,02075,2026-08-11,SCHEDULED,360,6.0
2026-08-11T05:26:29Z,7183012026-08-10,71830,2026-08-10,SCHEDULED,180,3.0
2026-08-11T05:26:29Z,0207212026-08-10,02072,2026-08-10,SCHEDULED,60,1.0
2026-08-11T05:26:29Z,1750312026-08-10,17503,2026-08-10,SCHEDULED,240,4.0
2026-08-11T05:26:29Z,1770312026-08-10,17703,2026-08-10,SCHEDULED,180,3.0
2026-08-11T05:26:29Z,1780612026-08-10,17806,2026-08-10,SCHEDULED,480,8.0
2026-08-11T05:26:29Z,1781512026-08-10,17815,2026-08-10,SCHEDULED,60,1.0
2026-08-11T05:26:29Z,0306242026-08-10,03062,2026-08-10,SCHEDULED,120,2.0
2026-08-11T05:26:29Z,0306232026-08-10,03062,2026-08-10,SCHEDULED,120,2.0
2026-08-11T05:26:29Z,0306212026-08-10,03062,2026-08-10,SCHEDULED,120,2.0
2026-08-11T05:26:29Z,0306222026-08-10,03062,2026-08-10,SCHEDULED,120,2.0
2026-08-11T05:26:29Z,1800112026-08-10,18001,2026-08-10,SCHEDULED,60,1.0
2026-08-11T05:26:29Z,1802422026-08-10,18024,2026-08-10,SCHEDULED,-180,-3.0
2026-08-11T05:26:29Z,1803112026-08-10,18031,2026-08-10,SCHEDULED,300,5.0
2026-08-11T05:26:29Z,0306242026-08-10,03062,2026-08-10,SCHEDULED,60,1.0
2026-08-11T05:26:29Z,0306232026-08-10,03062,2026-08-10,SCHEDULED,60,1.0
2026-08-11T05:26:29Z,0306212026-08-10,03062,2026-08-10,SCHEDULED,60,1.0
2026-08-11T05:26:29Z,0306222026-08-10,03062,2026-08-10,SCHEDULED,60,1.0
2026-08-11T05:26:29Z,1804612026-08-10,18046,2026-08-10,SCHEDULED,480,8.0
2026-08-11T05:26:29Z,1805412026-08-10,18054,2026-08-10,SCHEDULED,60,1.0
2026-08-11T05:26:29Z,1807112026-08-10,18071,2026-08-10,SCHEDULED,180,3.0
2026-08-11T05:26:29Z,0331112026-08-10,03311,2026-08-10,SCHEDULED,-60,-1.0
2026-08-11T05:26:29Z,0331122026-08-10,03311,2026-08-10,SCHEDULED,-60,-1.0
2026-08-11T05:26:29Z,0331132026-08-10,03311,2026-08-10,SCHEDULED,-60,-1.0
2026-08-11T05:26:29Z,1807212026-08-10,18072,2026-08-10,SCHEDULED,300,5.0
2026-08-11T05:26:29Z,0366222026-08-10,03662,2026-08-10,SCHEDULED,240,4.0
2026-08-11T05:26:29Z,0366212026-08-10,03662,2026-08-10,SCHEDULED,240,4.0
2026-08-11T05:26:29Z,1800212026-08-10,18002,2026-08-10,SCHEDULED,-60,-1.0
2026-08-11T05:26:29Z,0406012026-08-10,04060,2026-08-10,SCHEDULED,-60,-1.0
2026-08-11T05:26:29Z,1806612026-08-10,18066,2026-08-10,SCHEDULED,180,3.0
2026-08-11T05:26:29Z,0426112026-08-11,04261,2026-08-11,SCHEDULED,960,16.0
2026-08-11T05:26:29Z,1812012026-08-10,18120,2026-08-10,SCHEDULED,240,4.0
2026-08-11T05:26:29Z,1812112026-08-10,18121,2026-08-10,SCHEDULED,0,0.0
2026-08-11T05:26:29Z,0408822026-08-11,04088,2026-08-11,SCHEDULED,300,5.0
2026-08-11T05:26:29Z,1812312026-08-10,18123,2026-08-10,SCHEDULED,120,2.0
2026-08-11T05:26:29Z,0407222026-08-11,04072,2026-08-11,SCHEDULED,540,9.0
2026-08-11T05:26:29Z,0407212026-08-11,04072,2026-08-11,SCHEDULED,540,9.0
2026-08-11T05:26:29Z,0429522026-08-10,04295,2026-08-10,SCHEDULED,0,0.0
2026-08-11T05:26:29Z,0429512026-08-10,04295,2026-08-10,SCHEDULED,0,0.0
2026-08-11T05:26:29Z,0446412026-08-10,04464,2026-08-10,SCHEDULED,-60,-1.0
2026-08-11T05:26:29Z,0415422026-08-10,04154,2026-08-10,SCHEDULED,-180,-3.0
2026-08-11T05:26:29Z,0415412026-08-10,04154,2026-08-10,SCHEDULED,-180,-3.0
2026-08-11T05:26:29Z,0436422026-08-10,04364,2026-08-10,SCHEDULED,0,0.0
2026-08-11T05:26:29Z,0436412026-08-10,04364,2026-08-10,SCHEDULED,0,0.0
2026-08-11T05:26:29Z,0486822026-08-11,04868,2026-08-11,SCHEDULED,-120,-2.0
2026-08-11T05:26:29Z,0486812026-08-11,04868,2026-08-11,SCHEDULED,-120,-2.0
2026-08-11T05:26:29Z,0506312026-08-10,05063,2026-08-10,SCHEDULED,180,3.0
2026-08-11T05:26:29Z,0507212026-08-10,05072,2026-08-10,SCHEDULED,240,4.0
2026-08-11T05:26:29Z,0509222026-08-10,05092,2026-08-10,SCHEDULED,120,2.0
2026-08-11T05:26:29Z,0509212026-08-10,05092,2026-08-10,SCHEDULED,120,2.0
2026-08-11T05:26:29Z,0508012026-08-10,05080,2026-08-10,SCHEDULED,180,3.0
2026-08-11T05:26:29Z,0508032026-08-10,05080,2026-08-10,SCHEDULED,180,3.0
2026-08-11T05:26:29Z,0508022026-08-10,05080,2026-08-10,SCHEDULED,180,3.0
2026-08-11T05:26:29Z,1722612026-08-10,17226,2026-08-10,CANCELED,,
2026-08-11T05:26:29Z,3727912026-08-10,37279,2026-08-10,CANCELED,,
2026-08-11T05:26:29Z,1722712026-08-10,17227,2026-08-10,CANCELED,,
2026-08-11T05:26:29Z,1565012026-08-10,15650,2026-08-10,CANCELED,,
2026-08-11T05:26:29Z,1803112026-08-10,18031,2026-08-10,CANCELED,,
2026-08-11T05:26:29Z,1565912026-08-10,15659,2026-08-10,CANCELED,,
2026-08-11T05:26:29Z,1803312026-08-10,18033,2026-08-10,CANCELED,,
2026-08-11T05:26:29Z,1817112026-08-10,18171,2026-08-10,CANCELED,,
2026-08-11T05:26:29Z,1803512026-08-10,18035,2026-08-10,CANCELED,,
2026-08-11T05:26:29Z,1704112026-08-10,17041,2026-08-10,CANCELED,,
2026-08-11T05:26:29Z,1803712026-08-10,18037,2026-08-10,CANCELED,,
2026-08-11T05:26:29Z,1721812026-08-10,17218,2026-08-10,CANCELED,,
2026-08-11T05:26:29Z,1804212026-08-10,18042,2026-08-10,CANCELED,,
2026-08-11T05:26:29Z,3821812026-08-10,38218,2026-08-10,CANCELED,,
2026-08-11T05:26:29Z,1804312026-08-10,18043,2026-08-10,CANCELED,,
2026-08-11T05:26:29Z,1722112026-08-10,17221,2026-08-10,CANCELED,,
2026-08-11T05:26:29Z,1821612026-08-10,18216,2026-08-10,CANCELED,,
2026-08-11T05:26:29Z,3822112026-08-10,38221,2026-08-10,CANCELED,,
2026-08-11T05:26:29Z,1821912026-08-10,18219,2026-08-10,CANCELED,,
2026-08-11T05:26:29Z,0029322026-08-11,00293,2026-08-11,CANCELED,,
2026-08-11T05:26:29Z,0029312026-08-11,00293,2026-08-11,CANCELED,,
2026-08-11T05:26:29Z,1810132026-08-10,18101,2026-08-10,CANCELED,,
2026-08-11T05:26:29Z,1810142026-08-10,18101,2026-08-10,CANCELED,,
2026-08-11T05:26:29Z,1810152026-08-10,18101,2026-08-10,CANCELED,,
2026-08-11T05:26:29Z,3709322026-08-10,37093,2026-08-10,CANCELED,,
2026-08-11T05:26:29Z,3709312026-08-10,37093,2026-08-10,CANCELED,,
2026-08-11T05:26:29Z,3739312026-08-10,37393,2026-08-10,CANCELED,,
2026-08-11T05:26:29Z,7187412026-08-10,71874,2026-08-10,CANCELED,,
2026-08-11T05:26:29Z,0080112026-08-11,00801,2026-08-11,CANCELED,,
2026-08-11T05:26:29Z,0029122026-08-11,00291,2026-08-11,CANCELED,,
2026-08-11T05:26:29Z,0029112026-08-11,00291,2026-08-11,CANCELED,,
2026-08-11T05:26:29Z,1810222026-08-10,18102,2026-08-10,CANCELED,,
2026-08-11T05:26:29Z,1810232026-08-10,18102,2026-08-10,CANCELED,,
2026-08-11T05:26:29Z,1810242026-08-10,18102,2026-08-10,CANCELED,,
2026-08-11T05:26:29Z,1810512026-08-10,18105,2026-08-10,CANCELED,,
2026-08-11T05:26:29Z,3709122026-08-10,37091,2026-08-10,CANCELED,,
2026-08-11T05:26:29Z,3709112026-08-10,37091,2026-08-10,CANCELED,,
2026-08-11T05:26:29Z,3810512026-08-10,38105,2026-08-10,CANCELED,,
2026-08-11T05:26:29Z,3739112026-08-10,37391,2026-08-10,CANCELED,,
2026-08-11T05:26:29Z,0027922026-08-11,00279,2026-08-11,CANCELED,,
2026-08-11T05:26:29Z,0027912026-08-11,00279,2026-08-11,CANCELED,,
2026-08-11T05:31:43Z,1300012026-08-10,13000,2026-08-10,SCHEDULED,1140,19.0
2026-08-11T05:31:43Z,0509222026-08-10,05092,2026-08-10,SCHEDULED,60,1.0
2026-08-11T05:31:43Z,0509212026-08-10,05092,2026-08-10,SCHEDULED,60,1.0
2026-08-11T05:31:43Z,1300312026-08-11,13003,2026-08-11,SCHEDULED,420,7.0
2026-08-11T05:31:43Z,0527312026-08-10,05273,2026-08-10,SCHEDULED,180,3.0
2026-08-11T05:31:43Z,1303012026-08-10,13030,2026-08-10,SCHEDULED,480,8.0
2026-08-11T05:31:43Z,1304112026-08-10,13041,2026-08-10,SCHEDULED,240,4.0
2026-08-11T05:31:43Z,1308412026-08-10,13084,2026-08-10,SCHEDULED,360,6.0
2026-08-11T05:31:43Z,0508012026-08-10,05080,2026-08-10,SCHEDULED,60,1.0
2026-08-11T05:31:43Z,0508032026-08-10,05080,2026-08-10,SCHEDULED,60,1.0
2026-08-11T05:31:43Z,0508022026-08-10,05080,2026-08-10,SCHEDULED,60,1.0
2026-08-11T05:31:43Z,1395112026-08-10,13951,2026-08-10,SCHEDULED,420,7.0
2026-08-11T05:31:43Z,0566812026-08-10,05668,2026-08-10,SCHEDULED,0,0.0
2026-08-11T05:31:43Z,1390012026-08-10,13900,2026-08-10,SCHEDULED,60,1.0
2026-08-11T05:31:43Z,1390112026-08-10,13901,2026-08-10,SCHEDULED,-240,-4.0
2026-08-11T05:31:43Z,0576312026-08-10,05763,2026-08-10,SCHEDULED,-240,-4.0
2026-08-11T05:31:43Z,0576322026-08-10,05763,2026-08-10,SCHEDULED,-240,-4.0
2026-08-11T05:31:43Z,0576332026-08-10,05763,2026-08-10,SCHEDULED,-240,-4.0
2026-08-11T05:31:43Z,0587112026-08-10,05871,2026-08-10,SCHEDULED,0,0.0
2026-08-11T05:31:43Z,0806812026-08-10,08068,2026-08-10,SCHEDULED,60,1.0
2026-08-11T05:31:43Z,1412322026-08-10,14123,2026-08-10,SCHEDULED,0,0.0
2026-08-11T05:31:43Z,1412342026-08-10,14123,2026-08-10,SCHEDULED,0,0.0
2026-08-11T05:31:43Z,1412332026-08-10,14123,2026-08-10,SCHEDULED,0,0.0
2026-08-11T05:31:43Z,0807112026-08-10,08071,2026-08-10,SCHEDULED,300,5.0
2026-08-11T05:31:43Z,0807312026-08-10,08073,2026-08-10,SCHEDULED,60,1.0
2026-08-11T05:31:43Z,0807512026-08-10,08075,2026-08-10,SCHEDULED,540,9.0
2026-08-11T05:31:43Z,0807712026-08-10,08077,2026-08-10,SCHEDULED,120,2.0
2026-08-11T05:31:43Z,3560432026-08-10,35604,2026-08-10,SCHEDULED,120,2.0
2026-08-11T05:31:43Z,3560442026-08-10,35604,2026-08-10,SCHEDULED,120,2.0
2026-08-11T05:31:43Z,3560452026-08-10,35604,2026-08-10,SCHEDULED,120,2.0
2026-08-11T05:31:43Z,0807812026-08-10,08078,2026-08-10,SCHEDULED,180,3.0
2026-08-11T05:31:43Z,1451012026-08-10,14510,2026-08-10,SCHEDULED,60,1.0
2026-08-11T05:31:43Z,0826012026-08-10,08260,2026-08-10,SCHEDULED,-180,-3.0
2026-08-11T05:31:43Z,1500112026-08-10,15001,2026-08-10,SCHEDULED,120,2.0
2026-08-11T05:31:43Z,0826112026-08-10,08261,2026-08-10,SCHEDULED,300,5.0
2026-08-11T05:31:43Z,1500212026-08-10,15002,2026-08-10,SCHEDULED,480,8.0
2026-08-11T05:31:43Z,0827112026-08-10,08271,2026-08-10,SCHEDULED,180,3.0
2026-08-11T05:31:43Z,1504012026-08-10,15040,2026-08-10,SCHEDULED,1200,20.0
2026-08-11T05:31:43Z,0847512026-08-10,08475,2026-08-10,SCHEDULED,0,0.0
2026-08-11T05:31:43Z,1504112026-08-10,15041,2026-08-10,SCHEDULED,0,0.0
2026-08-11T05:31:43Z,0866412026-08-10,08664,2026-08-10,SCHEDULED,300,5.0
2026-08-11T05:31:43Z,1505012026-08-10,15050,2026-08-10,SCHEDULED,1260,21.0
2026-08-11T05:31:43Z,3586912026-08-10,35869,2026-08-10,SCHEDULED,240,4.0
2026-08-11T05:31:43Z,1521312026-08-10,15213,2026-08-10,SCHEDULED,-240,-4.0
2026-08-11T05:31:43Z,0906712026-08-10,09067,2026-08-10,SCHEDULED,0,0.0
2026-08-11T05:31:43Z,1564512026-08-10,15645,2026-08-10,SCHEDULED,60,1.0
2026-08-11T05:31:43Z,1572012026-08-10,15720,2026-08-10,SCHEDULED,300,5.0
2026-08-11T05:31:43Z,0907222026-08-10,09072,2026-08-10,SCHEDULED,0,0.0
2026-08-11T05:31:43Z,0907212026-08-10,09072,2026-08-10,SCHEDULED,0,0.0
2026-08-11T05:31:43Z,1572212026-08-10,15722,2026-08-10,SCHEDULED,360,6.0
2026-08-11T05:31:43Z,0907312026-08-10,09073,2026-08-10,SCHEDULED,180,3.0
2026-08-11T05:31:43Z,1575112026-08-10,15751,2026-08-10,SCHEDULED,720,12.0
2026-08-11T05:31:43Z,0907512026-08-10,09075,2026-08-10,SCHEDULED,0,0.0
2026-08-11T05:31:43Z,1577012026-08-10,15770,2026-08-10,SCHEDULED,300,5.0
2026-08-11T05:31:43Z,0207412026-08-11,02074,2026-08-11,SCHEDULED,540,9.0
2026-08-11T05:31:43Z,1577212026-08-10,15772,2026-08-10,SCHEDULED,180,3.0
2026-08-11T05:31:43Z,0109212026-08-10,01092,2026-08-10,SCHEDULED,180,3.0
2026-08-11T05:31:43Z,1577412026-08-10,15774,2026-08-10,SCHEDULED,0,0.0
2026-08-11T05:31:43Z,0405612026-08-11,04056,2026-08-11,SCHEDULED,180,3.0
2026-08-11T05:31:43Z,1585012026-08-10,15850,2026-08-10,SCHEDULED,-60,-1.0
2026-08-11T05:31:43Z,1585212026-08-10,15852,2026-08-10,SCHEDULED,60,1.0
2026-08-11T05:31:43Z,1590012026-08-10,15900,2026-08-10,SCHEDULED,360,6.0
2026-08-11T05:31:43Z,0418612026-08-11,04186,2026-08-11,SCHEDULED,420,7.0
2026-08-11T05:31:43Z,0418642026-08-11,04186,2026-08-11,SCHEDULED,420,7.0
2026-08-11T05:31:43Z,0418622026-08-11,04186,2026-08-11,SCHEDULED,420,7.0
2026-08-11T05:31:43Z,1590412026-08-10,15904,2026-08-10,SCHEDULED,0,0.0
2026-08-11T05:31:43Z,0408712026-08-11,04087,2026-08-11,SCHEDULED,960,16.0
2026-08-11T05:31:43Z,0407312026-08-11,04073,2026-08-11,SCHEDULED,960,16.0
2026-08-11T05:31:43Z,1801012026-08-10,18010,2026-08-10,SCHEDULED,0,0.0
2026-08-11T05:31:43Z,1801022026-08-10,18010,2026-08-10,SCHEDULED,0,0.0
2026-08-11T05:31:43Z,1801032026-08-10,18010,2026-08-10,SCHEDULED,0,0.0
2026-08-11T05:31:43Z,0029122026-08-11,00291,2026-08-11,SCHEDULED,780,13.0
2026-08-11T05:31:43Z,0029112026-08-11,00291,2026-08-11,SCHEDULED,780,13.0
2026-08-11T05:31:43Z,1620712026-08-10,16207,2026-08-10,SCHEDULED,180,3.0
2026-08-11T05:31:43Z,1601812026-08-10,16018,2026-08-10,SCHEDULED,120,2.0
2026-08-11T05:31:43Z,1210112026-08-10,12101,2026-08-10,SCHEDULED,-120,-2.0
2026-08-11T05:31:43Z,1241112026-08-10,12411,2026-08-10,SCHEDULED,360,6.0
2026-08-11T05:31:43Z,1700812026-08-10,17008,2026-08-10,SCHEDULED,420,7.0
2026-08-11T05:31:43Z,1248012026-08-10,12480,2026-08-10,SCHEDULED,60,1.0
2026-08-11T05:31:43Z,1702112026-08-10,17021,2026-08-10,SCHEDULED,360,6.0
2026-08-11T05:31:43Z,1261312026-08-10,12613,2026-08-10,SCHEDULED,-60,-1.0
2026-08-11T05:31:43Z,1821612026-08-10,18216,2026-08-10,SCHEDULED,60,1.0
2026-08-11T05:31:43Z,1264412026-08-10,12644,2026-08-10,SCHEDULED,0,0.0
2026-08-11T05:31:43Z,1832112026-08-10,18321,2026-08-10,SCHEDULED,0,0.0
2026-08-11T05:31:43Z,1877312026-08-10,18773,2026-08-10,SCHEDULED,780,13.0
2026-08-11T05:31:43Z,0029322026-08-11,00293,2026-08-11,SCHEDULED,180,3.0
2026-08-11T05:31:43Z,0029312026-08-11,00293,2026-08-11,SCHEDULED,180,3.0
2026-08-11T05:31:43Z,1890012026-08-10,18900,2026-08-10,SCHEDULED,-1020,-17.0
2026-08-11T05:31:43Z,1891012026-08-10,18910,2026-08-10,SCHEDULED,480,8.0
2026-08-11T05:31:43Z,0411422026-08-11,04114,2026-08-11,SCHEDULED,240,4.0
2026-08-11T05:31:43Z,0411412026-08-11,04114,2026-08-11,SCHEDULED,240,4.0
2026-08-11T05:31:43Z,1443012026-08-10,14430,2026-08-10,SCHEDULED,60,1.0
2026-08-11T05:31:43Z,1530912026-08-10,15309,2026-08-10,SCHEDULED,60,1.0
2026-08-11T05:31:43Z,1503022026-08-10,15030,2026-08-10,SCHEDULED,300,5.0
2026-08-11T05:31:43Z,1503112026-08-10,15031,2026-08-10,SCHEDULED,300,5.0
2026-08-11T05:31:43Z,0063142026-08-11,00631,2026-08-11,SCHEDULED,540,9.0
2026-08-11T05:31:43Z,0063132026-08-11,00631,2026-08-11,SCHEDULED,540,9.0
2026-08-11T05:31:43Z,0063112026-08-11,00631,2026-08-11,SCHEDULED,540,9.0
2026-08-11T05:31:43Z,0063122026-08-11,00631,2026-08-11,SCHEDULED,540,9.0
2026-08-11T05:31:43Z,1600012026-08-10,16000,2026-08-10,SCHEDULED,240,4.0
2026-08-11T05:31:43Z,0947012026-08-10,09470,2026-08-10,SCHEDULED,60,1.0
2026-08-11T05:31:43Z,0075222026-08-11,00752,2026-08-11,SCHEDULED,0,0.0
2026-08-11T05:31:43Z,0075212026-08-11,00752,2026-08-11,SCHEDULED,0,0.0
2026-08-11T05:31:43Z,1562112026-08-10,15621,2026-08-10,SCHEDULED,300,5.0
2026-08-11T05:31:43Z,0075222026-08-11,00752,2026-08-11,SCHEDULED,360,6.0
2026-08-11T05:31:43Z,0075212026-08-11,00752,2026-08-11,SCHEDULED,360,6.0
2026-08-11T05:31:43Z,1401812026-08-10,14018,2026-08-10,SCHEDULED,660,11.0
2026-08-11T05:31:43Z,3460912026-08-10,34609,2026-08-10,SCHEDULED,60,1.0
2026-08-11T05:31:43Z,1833112026-08-10,18331,2026-08-10,SCHEDULED,120,2.0
2026-08-11T05:31:43Z,0107112026-08-10,01071,2026-08-10,SCHEDULED,-60,-1.0
2026-08-11T05:31:43Z,7180012026-08-10,71800,2026-08-10,SCHEDULED,0,0.0
2026-08-11T05:31:43Z,0107212026-08-10,01072,2026-08-10,SCHEDULED,240,4.0
2026-08-11T05:31:43Z,7182012026-08-10,71820,2026-08-10,SCHEDULED,0,0.0
2026-08-11T05:31:43Z,0108122026-08-10,01081,2026-08-10,SCHEDULED,180,3.0
2026-08-11T05:31:43Z,0108112026-08-10,01081,2026-08-10,SCHEDULED,180,3.0
2026-08-11T05:31:43Z,7183012026-08-10,71830,2026-08-10,SCHEDULED,180,3.0
2026-08-11T05:31:43Z,0206112026-08-10,02061,2026-08-10,SCHEDULED,1380,23.0
2026-08-11T05:31:43Z,1720112026-08-10,17201,2026-08-10,SCHEDULED,120,2.0
2026-08-11T05:31:43Z,0206312026-08-10,02063,2026-08-10,SCHEDULED,780,13.0
2026-08-11T05:31:43Z,1750312026-08-10,17503,2026-08-10,SCHEDULED,240,4.0
2026-08-11T05:31:43Z,1770312026-08-10,17703,2026-08-10,SCHEDULED,180,3.0
2026-08-11T05:31:43Z,0206712026-08-10,02067,2026-08-10,SCHEDULED,420,7.0
2026-08-11T05:31:43Z,1780612026-08-10,17806,2026-08-10,SCHEDULED,480,8.0
2026-08-11T05:31:43Z,0207012026-08-10,02070,2026-08-10,SCHEDULED,720,12.0
2026-08-11T05:31:43Z,1781512026-08-10,17815,2026-08-10,SCHEDULED,60,1.0
2026-08-11T05:31:43Z,0207112026-08-10,02071,2026-08-10,SCHEDULED,240,4.0
2026-08-11T05:31:43Z,1800112026-08-10,18001,2026-08-10,SCHEDULED,60,1.0
2026-08-11T05:31:43Z,0207312026-08-10,02073,2026-08-10,SCHEDULED,540,9.0
2026-08-11T05:31:43Z,0207512026-08-11,02075,2026-08-11,SCHEDULED,360,6.0
2026-08-11T05:31:43Z,1802422026-08-10,18024,2026-08-10,SCHEDULED,0,0.0
2026-08-11T05:31:43Z,0207212026-08-10,02072,2026-08-10,SCHEDULED,60,1.0
2026-08-11T05:31:43Z,1803112026-08-10,18031,2026-08-10,SCHEDULED,240,4.0
2026-08-11T05:31:43Z,1804612026-08-10,18046,2026-08-10,SCHEDULED,360,6.0
2026-08-11T05:31:43Z,1805412026-08-10,18054,2026-08-10,SCHEDULED,60,1.0
2026-08-11T05:31:43Z,1807112026-08-10,18071,2026-08-10,SCHEDULED,180,3.0
2026-08-11T05:31:43Z,0306242026-08-10,03062,2026-08-10,SCHEDULED,120,2.0
2026-08-11T05:31:43Z,0306232026-08-10,03062,2026-08-10,SCHEDULED,120,2.0
2026-08-11T05:31:43Z,0306212026-08-10,03062,2026-08-10,SCHEDULED,120,2.0
2026-08-11T05:31:43Z,0306222026-08-10,03062,2026-08-10,SCHEDULED,120,2.0
2026-08-11T05:31:43Z,1807212026-08-10,18072,2026-08-10,SCHEDULED,300,5.0
2026-08-11T05:31:43Z,0307322026-08-10,03073,2026-08-10,SCHEDULED,0,0.0
2026-08-11T05:31:43Z,0307312026-08-10,03073,2026-08-10,SCHEDULED,0,0.0
2026-08-11T05:31:43Z,1800212026-08-10,18002,2026-08-10,SCHEDULED,-60,-1.0
2026-08-11T05:31:43Z,1806612026-08-10,18066,2026-08-10,SCHEDULED,60,1.0
2026-08-11T05:31:43Z,1812012026-08-10,18120,2026-08-10,SCHEDULED,240,4.0
2026-08-11T05:31:43Z,1812112026-08-10,18121,2026-08-10,SCHEDULED,0,0.0
2026-08-11T05:31:43Z,0306242026-08-10,03062,2026-08-10,SCHEDULED,60,1.0
2026-08-11T05:31:43Z,0306232026-08-10,03062,2026-08-10,SCHEDULED,60,1.0
2026-08-11T05:31:43Z,0306212026-08-10,03062,2026-08-10,SCHEDULED,60,1.0
2026-08-11T05:31:43Z,0306222026-08-10,03062,2026-08-10,SCHEDULED,60,1.0
2026-08-11T05:31:43Z,1812312026-08-10,18123,2026-08-10,SCHEDULED,0,0.0
2026-08-11T05:31:43Z,0331112026-08-10,03311,2026-08-10,SCHEDULED,-60,-1.0
2026-08-11T05:31:43Z,0331122026-08-10,03311,2026-08-10,SCHEDULED,-60,-1.0
2026-08-11T05:31:43Z,0331132026-08-10,03311,2026-08-10,SCHEDULED,-60,-1.0
2026-08-11T05:31:43Z,0366222026-08-10,03662,2026-08-10,SCHEDULED,-60,-1.0
2026-08-11T05:31:43Z,0366212026-08-10,03662,2026-08-10,SCHEDULED,-60,-1.0
2026-08-11T05:31:43Z,0406012026-08-10,04060,2026-08-10,SCHEDULED,-60,-1.0
2026-08-11T05:31:43Z,0426112026-08-11,04261,2026-08-11,SCHEDULED,840,14.0
2026-08-11T05:31:43Z,0408822026-08-11,04088,2026-08-11,SCHEDULED,180,3.0
2026-08-11T05:31:43Z,0407222026-08-11,04072,2026-08-11,SCHEDULED,540,9.0
2026-08-11T05:31:43Z,0407212026-08-11,04072,2026-08-11,SCHEDULED,540,9.0
2026-08-11T05:31:43Z,0429522026-08-10,04295,2026-08-10,SCHEDULED,0,0.0
2026-08-11T05:31:43Z,0429512026-08-10,04295,2026-08-10,SCHEDULED,0,0.0
2026-08-11T05:31:43Z,0446412026-08-10,04464,2026-08-10,SCHEDULED,-60,-1.0
2026-08-11T05:31:43Z,0415422026-08-10,04154,2026-08-10,SCHEDULED,-180,-3.0
2026-08-11T05:31:43Z,0415412026-08-10,04154,2026-08-10,SCHEDULED,-180,-3.0
2026-08-11T05:31:43Z,0436422026-08-10,04364,2026-08-10,SCHEDULED,0,0.0
2026-08-11T05:31:43Z,0436412026-08-10,04364,2026-08-10,SCHEDULED,0,0.0
2026-08-11T05:31:43Z,0486822026-08-11,04868,2026-08-11,SCHEDULED,-120,-2.0
2026-08-11T05:31:43Z,0486812026-08-11,04868,2026-08-11,SCHEDULED,-120,-2.0
2026-08-11T05:31:43Z,0506312026-08-10,05063,2026-08-10,SCHEDULED,120,2.0
2026-08-11T05:31:43Z,0507212026-08-10,05072,2026-08-10,SCHEDULED,300,5.0
2026-08-11T05:31:43Z,3727912026-08-10,37279,2026-08-10,CANCELED,,
2026-08-11T05:31:43Z,1722612026-08-10,17226,2026-08-10,CANCELED,,
2026-08-11T05:31:43Z,1565012026-08-10,15650,2026-08-10,CANCELED,,
2026-08-11T05:31:43Z,1722712026-08-10,17227,2026-08-10,CANCELED,,
2026-08-11T05:31:43Z,1565912026-08-10,15659,2026-08-10,CANCELED,,
2026-08-11T05:31:43Z,1803112026-08-10,18031,2026-08-10,CANCELED,,
2026-08-11T05:31:43Z,1817112026-08-10,18171,2026-08-10,CANCELED,,
2026-08-11T05:31:43Z,1803312026-08-10,18033,2026-08-10,CANCELED,,
2026-08-11T05:31:43Z,1704112026-08-10,17041,2026-08-10,CANCELED,,
2026-08-11T05:31:43Z,1803512026-08-10,18035,2026-08-10,CANCELED,,
2026-08-11T05:31:43Z,1721812026-08-10,17218,2026-08-10,CANCELED,,
2026-08-11T05:31:43Z,1803712026-08-10,18037,2026-08-10,CANCELED,,
2026-08-11T05:31:43Z,3821812026-08-10,38218,2026-08-10,CANCELED,,
2026-08-11T05:31:43Z,1804212026-08-10,18042,2026-08-10,CANCELED,,
2026-08-11T05:31:43Z,1722112026-08-10,17221,2026-08-10,CANCELED,,
2026-08-11T05:31:43Z,1804312026-08-10,18043,2026-08-10,CANCELED,,
2026-08-11T05:31:43Z,3822112026-08-10,38221,2026-08-10,CANCELED,,
2026-08-11T05:31:43Z,1821612026-08-10,18216,2026-08-10,CANCELED,,
2026-08-11T05:31:43Z,1821912026-08-10,18219,2026-08-10,CANCELED,,
2026-08-11T05:31:43Z,0029322026-08-11,00293,2026-08-11,CANCELED,,
2026-08-11T05:31:43Z,0029312026-08-11,00293,2026-08-11,CANCELED,,
2026-08-11T05:31:43Z,1810132026-08-10,18101,2026-08-10,CANCELED,,
2026-08-11T05:31:43Z,1810142026-08-10,18101,2026-08-10,CANCELED,,
2026-08-11T05:31:43Z,1810152026-08-10,18101,2026-08-10,CANCELED,,
2026-08-11T05:31:43Z,3709322026-08-10,37093,2026-08-10,CANCELED,,
2026-08-11T05:31:43Z,3709312026-08-10,37093,2026-08-10,CANCELED,,
2026-08-11T05:31:43Z,3739312026-08-10,37393,2026-08-10,CANCELED,,
2026-08-11T05:31:43Z,7187412026-08-10,71874,2026-08-10,CANCELED,,
2026-08-11T05:31:43Z,0080112026-08-11,00801,2026-08-11,CANCELED,,
2026-08-11T05:31:43Z,0029122026-08-11,00291,2026-08-11,CANCELED,,
2026-08-11T05:31:43Z,0029112026-08-11,00291,2026-08-11,CANCELED,,
2026-08-11T05:31:43Z,1810222026-08-10,18102,2026-08-10,CANCELED,,
2026-08-11T05:31:43Z,1810232026-08-10,18102,2026-08-10,CANCELED,,
2026-08-11T05:31:43Z,1810242026-08-10,18102,2026-08-10,CANCELED,,
2026-08-11T05:31:43Z,1810512026-08-10,18105,2026-08-10,CANCELED,,
2026-08-11T05:31:43Z,3709122026-08-10,37091,2026-08-10,CANCELED,,
2026-08-11T05:31:43Z,3709112026-08-10,37091,2026-08-10,CANCELED,,
2026-08-11T05:31:43Z,3810512026-08-10,38105,2026-08-10,CANCELED,,
2026-08-11T05:31:43Z,3739112026-08-10,37391,2026-08-10,CANCELED,,
2026-08-11T05:31:43Z,0027922026-08-11,00279,2026-08-11,CANCELED,,
2026-08-11T05:31:43Z,0027912026-08-11,00279,2026-08-11,CANCELED,,
2026-08-11T05:36:26Z,0506312026-08-10,05063,2026-08-10,SCHEDULED,120,2.0
2026-08-11T05:36:26Z,1261312026-08-10,12613,2026-08-10,SCHEDULED,120,2.0
2026-08-11T05:36:26Z,0507212026-08-10,05072,2026-08-10,SCHEDULED,300,5.0
2026-08-11T05:36:26Z,1264412026-08-10,12644,2026-08-10,SCHEDULED,0,0.0
2026-08-11T05:36:26Z,1300012026-08-10,13000,2026-08-10,SCHEDULED,1140,19.0
2026-08-11T05:36:26Z,0509222026-08-10,05092,2026-08-10,SCHEDULED,0,0.0
2026-08-11T05:36:26Z,0509212026-08-10,05092,2026-08-10,SCHEDULED,0,0.0
2026-08-11T05:36:26Z,1300312026-08-11,13003,2026-08-11,SCHEDULED,420,7.0
2026-08-11T05:36:26Z,0527312026-08-10,05273,2026-08-10,SCHEDULED,120,2.0
2026-08-11T05:36:26Z,1303012026-08-10,13030,2026-08-10,SCHEDULED,480,8.0
2026-08-11T05:36:26Z,1304112026-08-10,13041,2026-08-10,SCHEDULED,360,6.0
2026-08-11T05:36:26Z,1308412026-08-10,13084,2026-08-10,SCHEDULED,60,1.0
2026-08-11T05:36:26Z,0508012026-08-10,05080,2026-08-10,SCHEDULED,60,1.0
2026-08-11T05:36:26Z,0508032026-08-10,05080,2026-08-10,SCHEDULED,60,1.0
2026-08-11T05:36:26Z,0508022026-08-10,05080,2026-08-10,SCHEDULED,60,1.0
2026-08-11T05:36:26Z,1395112026-08-10,13951,2026-08-10,SCHEDULED,360,6.0
2026-08-11T05:36:26Z,0566812026-08-10,05668,2026-08-10,SCHEDULED,0,0.0
2026-08-11T05:36:26Z,1390012026-08-10,13900,2026-08-10,SCHEDULED,60,1.0
2026-08-11T05:36:26Z,1390112026-08-10,13901,2026-08-10,SCHEDULED,-180,-3.0
2026-08-11T05:36:26Z,0576312026-08-10,05763,2026-08-10,SCHEDULED,-240,-4.0
2026-08-11T05:36:26Z,0576322026-08-10,05763,2026-08-10,SCHEDULED,-240,-4.0
2026-08-11T05:36:26Z,0576332026-08-10,05763,2026-08-10,SCHEDULED,-240,-4.0
2026-08-11T05:36:26Z,0587112026-08-10,05871,2026-08-10,SCHEDULED,0,0.0
2026-08-11T05:36:26Z,0806812026-08-10,08068,2026-08-10,SCHEDULED,0,0.0
2026-08-11T05:36:26Z,1412322026-08-10,14123,2026-08-10,SCHEDULED,60,1.0
2026-08-11T05:36:26Z,1412342026-08-10,14123,2026-08-10,SCHEDULED,60,1.0
2026-08-11T05:36:26Z,1412332026-08-10,14123,2026-08-10,SCHEDULED,60,1.0
2026-08-11T05:36:26Z,0807112026-08-10,08071,2026-08-10,SCHEDULED,240,4.0
2026-08-11T05:36:26Z,0807312026-08-10,08073,2026-08-10,SCHEDULED,120,2.0
2026-08-11T05:36:26Z,0807512026-08-10,08075,2026-08-10,SCHEDULED,540,9.0
2026-08-11T05:36:26Z,0807712026-08-10,08077,2026-08-10,SCHEDULED,120,2.0
2026-08-11T05:36:26Z,3560432026-08-10,35604,2026-08-10,SCHEDULED,120,2.0
2026-08-11T05:36:26Z,3560442026-08-10,35604,2026-08-10,SCHEDULED,120,2.0
2026-08-11T05:36:26Z,3560452026-08-10,35604,2026-08-10,SCHEDULED,120,2.0
2026-08-11T05:36:26Z,0807812026-08-10,08078,2026-08-10,SCHEDULED,180,3.0
2026-08-11T05:36:26Z,1451012026-08-10,14510,2026-08-10,SCHEDULED,60,1.0
2026-08-11T05:36:26Z,0826012026-08-10,08260,2026-08-10,SCHEDULED,-180,-3.0
2026-08-11T05:36:26Z,1500112026-08-10,15001,2026-08-10,SCHEDULED,180,3.0
2026-08-11T05:36:26Z,0826112026-08-10,08261,2026-08-10,SCHEDULED,180,3.0
2026-08-11T05:36:26Z,1500212026-08-10,15002,2026-08-10,SCHEDULED,780,13.0
2026-08-11T05:36:26Z,0827112026-08-10,08271,2026-08-10,SCHEDULED,180,3.0
2026-08-11T05:36:26Z,1504012026-08-10,15040,2026-08-10,SCHEDULED,1200,20.0
2026-08-11T05:36:26Z,0847512026-08-10,08475,2026-08-10,SCHEDULED,480,8.0
2026-08-11T05:36:26Z,1504112026-08-10,15041,2026-08-10,SCHEDULED,0,0.0
2026-08-11T05:36:26Z,0866412026-08-10,08664,2026-08-10,SCHEDULED,240,4.0
2026-08-11T05:36:26Z,1505012026-08-10,15050,2026-08-10,SCHEDULED,1200,20.0
2026-08-11T05:36:26Z,3586912026-08-10,35869,2026-08-10,SCHEDULED,300,5.0
2026-08-11T05:36:26Z,1564512026-08-10,15645,2026-08-10,SCHEDULED,60,1.0
2026-08-11T05:36:26Z,1572012026-08-10,15720,2026-08-10,SCHEDULED,300,5.0
2026-08-11T05:36:26Z,0907222026-08-10,09072,2026-08-10,SCHEDULED,0,0.0
2026-08-11T05:36:26Z,0907212026-08-10,09072,2026-08-10,SCHEDULED,0,0.0
2026-08-11T05:36:26Z,1572212026-08-10,15722,2026-08-10,SCHEDULED,360,6.0
2026-08-11T05:36:26Z,0907312026-08-10,09073,2026-08-10,SCHEDULED,120,2.0
2026-08-11T05:36:26Z,1577012026-08-10,15770,2026-08-10,SCHEDULED,240,4.0
2026-08-11T05:36:26Z,0907512026-08-10,09075,2026-08-10,SCHEDULED,60,1.0
2026-08-11T05:36:26Z,1577212026-08-10,15772,2026-08-10,SCHEDULED,180,3.0
2026-08-11T05:36:26Z,0207412026-08-11,02074,2026-08-11,SCHEDULED,540,9.0
2026-08-11T05:36:26Z,1577412026-08-10,15774,2026-08-10,SCHEDULED,-60,-1.0
2026-08-11T05:36:26Z,0109212026-08-10,01092,2026-08-10,SCHEDULED,120,2.0
2026-08-11T05:36:26Z,1585012026-08-10,15850,2026-08-10,SCHEDULED,-60,-1.0
2026-08-11T05:36:26Z,0405612026-08-11,04056,2026-08-11,SCHEDULED,0,0.0
2026-08-11T05:36:26Z,1585212026-08-10,15852,2026-08-10,SCHEDULED,60,1.0
2026-08-11T05:36:26Z,1590012026-08-10,15900,2026-08-10,SCHEDULED,360,6.0
2026-08-11T05:36:26Z,1590412026-08-10,15904,2026-08-10,SCHEDULED,0,0.0
2026-08-11T05:36:26Z,1620712026-08-10,16207,2026-08-10,SCHEDULED,300,5.0
2026-08-11T05:36:26Z,0418612026-08-11,04186,2026-08-11,SCHEDULED,480,8.0
2026-08-11T05:36:26Z,0418642026-08-11,04186,2026-08-11,SCHEDULED,480,8.0
2026-08-11T05:36:26Z,0418622026-08-11,04186,2026-08-11,SCHEDULED,480,8.0
2026-08-11T05:36:26Z,1601812026-08-10,16018,2026-08-10,SCHEDULED,120,2.0
2026-08-11T05:36:26Z,0408712026-08-11,04087,2026-08-11,SCHEDULED,960,16.0
2026-08-11T05:36:26Z,1700812026-08-10,17008,2026-08-10,SCHEDULED,480,8.0
2026-08-11T05:36:26Z,0407312026-08-11,04073,2026-08-11,SCHEDULED,960,16.0
2026-08-11T05:36:26Z,1702112026-08-10,17021,2026-08-10,SCHEDULED,360,6.0
2026-08-11T05:36:26Z,1821612026-08-10,18216,2026-08-10,SCHEDULED,0,0.0
2026-08-11T05:36:26Z,0029122026-08-11,00291,2026-08-11,SCHEDULED,720,12.0
2026-08-11T05:36:26Z,0029112026-08-11,00291,2026-08-11,SCHEDULED,720,12.0
2026-08-11T05:36:26Z,1832112026-08-10,18321,2026-08-10,SCHEDULED,0,0.0
2026-08-11T05:36:26Z,1210112026-08-10,12101,2026-08-10,SCHEDULED,-120,-2.0
2026-08-11T05:36:26Z,1877312026-08-10,18773,2026-08-10,SCHEDULED,720,12.0
2026-08-11T05:36:26Z,1241112026-08-10,12411,2026-08-10,SCHEDULED,360,6.0
2026-08-11T05:36:26Z,1890012026-08-10,18900,2026-08-10,SCHEDULED,-1020,-17.0
2026-08-11T05:36:26Z,1248012026-08-10,12480,2026-08-10,SCHEDULED,60,1.0
2026-08-11T05:36:26Z,1891012026-08-10,18910,2026-08-10,SCHEDULED,480,8.0
2026-08-11T05:36:26Z,1443012026-08-10,14430,2026-08-10,SCHEDULED,120,2.0
2026-08-11T05:36:26Z,0029322026-08-11,00293,2026-08-11,SCHEDULED,240,4.0
2026-08-11T05:36:26Z,0029312026-08-11,00293,2026-08-11,SCHEDULED,240,4.0
2026-08-11T05:36:26Z,1530912026-08-10,15309,2026-08-10,SCHEDULED,0,0.0
2026-08-11T05:36:26Z,1503022026-08-10,15030,2026-08-10,SCHEDULED,300,5.0
2026-08-11T05:36:26Z,0411422026-08-11,04114,2026-08-11,SCHEDULED,240,4.0
2026-08-11T05:36:26Z,0411412026-08-11,04114,2026-08-11,SCHEDULED,240,4.0
2026-08-11T05:36:26Z,1503112026-08-10,15031,2026-08-10,SCHEDULED,300,5.0
2026-08-11T05:36:26Z,0060112026-08-11,00601,2026-08-11,SCHEDULED,60,1.0
2026-08-11T05:36:26Z,1600012026-08-10,16000,2026-08-10,SCHEDULED,240,4.0
2026-08-11T05:36:26Z,0947012026-08-10,09470,2026-08-10,SCHEDULED,0,0.0
2026-08-11T05:36:26Z,1562112026-08-10,15621,2026-08-10,SCHEDULED,120,2.0
2026-08-11T05:36:26Z,1401812026-08-10,14018,2026-08-10,SCHEDULED,660,11.0
2026-08-11T05:36:26Z,0062122026-08-11,00621,2026-08-11,SCHEDULED,60,1.0
2026-08-11T05:36:26Z,0062132026-08-11,00621,2026-08-11,SCHEDULED,60,1.0
2026-08-11T05:36:26Z,0062152026-08-11,00621,2026-08-11,SCHEDULED,60,1.0
2026-08-11T05:36:26Z,0062112026-08-11,00621,2026-08-11,SCHEDULED,60,1.0
2026-08-11T05:36:26Z,0062142026-08-11,00621,2026-08-11,SCHEDULED,60,1.0
2026-08-11T05:36:26Z,1833112026-08-10,18331,2026-08-10,SCHEDULED,240,4.0
2026-08-11T05:36:26Z,7180012026-08-10,71800,2026-08-10,SCHEDULED,0,0.0
2026-08-11T05:36:26Z,7182012026-08-10,71820,2026-08-10,SCHEDULED,0,0.0
2026-08-11T05:36:26Z,7183012026-08-10,71830,2026-08-10,SCHEDULED,240,4.0
2026-08-11T05:36:26Z,1720112026-08-10,17201,2026-08-10,SCHEDULED,180,3.0
2026-08-11T05:36:26Z,0063142026-08-11,00631,2026-08-11,SCHEDULED,540,9.0
2026-08-11T05:36:26Z,0063132026-08-11,00631,2026-08-11,SCHEDULED,540,9.0
2026-08-11T05:36:26Z,0063112026-08-11,00631,2026-08-11,SCHEDULED,540,9.0
2026-08-11T05:36:26Z,0063122026-08-11,00631,2026-08-11,SCHEDULED,540,9.0
2026-08-11T05:36:26Z,1750312026-08-10,17503,2026-08-10,SCHEDULED,240,4.0
2026-08-11T05:36:26Z,1770312026-08-10,17703,2026-08-10,SCHEDULED,60,1.0
2026-08-11T05:36:26Z,0075222026-08-11,00752,2026-08-11,SCHEDULED,0,0.0
2026-08-11T05:36:26Z,0075212026-08-11,00752,2026-08-11,SCHEDULED,0,0.0
2026-08-11T05:36:26Z,1780612026-08-10,17806,2026-08-10,SCHEDULED,480,8.0
2026-08-11T05:36:26Z,0075222026-08-11,00752,2026-08-11,SCHEDULED,360,6.0
2026-08-11T05:36:26Z,0075212026-08-11,00752,2026-08-11,SCHEDULED,360,6.0
2026-08-11T05:36:26Z,1781512026-08-10,17815,2026-08-10,SCHEDULED,60,1.0
2026-08-11T05:36:26Z,3460912026-08-10,34609,2026-08-10,SCHEDULED,60,1.0
2026-08-11T05:36:26Z,1800112026-08-10,18001,2026-08-10,SCHEDULED,180,3.0
2026-08-11T05:36:26Z,0107112026-08-10,01071,2026-08-10,SCHEDULED,-60,-1.0
2026-08-11T05:36:26Z,1802422026-08-10,18024,2026-08-10,SCHEDULED,0,0.0
2026-08-11T05:36:26Z,0107212026-08-10,01072,2026-08-10,SCHEDULED,240,4.0
2026-08-11T05:36:26Z,1803112026-08-10,18031,2026-08-10,SCHEDULED,240,4.0
2026-08-11T05:36:26Z,1804612026-08-10,18046,2026-08-10,SCHEDULED,360,6.0
2026-08-11T05:36:26Z,0108122026-08-10,01081,2026-08-10,SCHEDULED,180,3.0
2026-08-11T05:36:26Z,0108112026-08-10,01081,2026-08-10,SCHEDULED,180,3.0
2026-08-11T05:36:26Z,1805412026-08-10,18054,2026-08-10,SCHEDULED,60,1.0
2026-08-11T05:36:26Z,0206112026-08-10,02061,2026-08-10,SCHEDULED,1380,23.0
2026-08-11T05:36:26Z,1807112026-08-10,18071,2026-08-10,SCHEDULED,360,6.0
2026-08-11T05:36:26Z,0206312026-08-10,02063,2026-08-10,SCHEDULED,780,13.0
2026-08-11T05:36:26Z,1807212026-08-10,18072,2026-08-10,SCHEDULED,300,5.0
2026-08-11T05:36:26Z,0206712026-08-10,02067,2026-08-10,SCHEDULED,420,7.0
2026-08-11T05:36:26Z,0207012026-08-10,02070,2026-08-10,SCHEDULED,660,11.0
2026-08-11T05:36:26Z,1800212026-08-10,18002,2026-08-10,SCHEDULED,-60,-1.0
2026-08-11T05:36:26Z,0207112026-08-10,02071,2026-08-10,SCHEDULED,240,4.0
2026-08-11T05:36:26Z,1806612026-08-10,18066,2026-08-10,SCHEDULED,60,1.0
2026-08-11T05:36:26Z,0207312026-08-10,02073,2026-08-10,SCHEDULED,480,8.0
2026-08-11T05:36:26Z,1812012026-08-10,18120,2026-08-10,SCHEDULED,240,4.0
2026-08-11T05:36:26Z,1812112026-08-10,18121,2026-08-10,SCHEDULED,0,0.0
2026-08-11T05:36:26Z,0207512026-08-11,02075,2026-08-11,SCHEDULED,480,8.0
2026-08-11T05:36:26Z,1812312026-08-10,18123,2026-08-10,SCHEDULED,60,1.0
2026-08-11T05:36:26Z,0207212026-08-10,02072,2026-08-10,SCHEDULED,180,3.0
2026-08-11T05:36:26Z,0306242026-08-10,03062,2026-08-10,SCHEDULED,120,2.0
2026-08-11T05:36:26Z,0306232026-08-10,03062,2026-08-10,SCHEDULED,120,2.0
2026-08-11T05:36:26Z,0306212026-08-10,03062,2026-08-10,SCHEDULED,120,2.0
2026-08-11T05:36:26Z,0306222026-08-10,03062,2026-08-10,SCHEDULED,120,2.0
2026-08-11T05:36:26Z,0307322026-08-10,03073,2026-08-10,SCHEDULED,0,0.0
2026-08-11T05:36:26Z,0307312026-08-10,03073,2026-08-10,SCHEDULED,0,0.0
2026-08-11T05:36:26Z,0306242026-08-10,03062,2026-08-10,SCHEDULED,-60,-1.0
2026-08-11T05:36:26Z,0306232026-08-10,03062,2026-08-10,SCHEDULED,-60,-1.0
2026-08-11T05:36:26Z,0306212026-08-10,03062,2026-08-10,SCHEDULED,-60,-1.0
2026-08-11T05:36:26Z,0306222026-08-10,03062,2026-08-10,SCHEDULED,-60,-1.0
2026-08-11T05:36:26Z,0331112026-08-10,03311,2026-08-10,SCHEDULED,-60,-1.0
2026-08-11T05:36:26Z,0331122026-08-10,03311,2026-08-10,SCHEDULED,-60,-1.0
2026-08-11T05:36:26Z,0331132026-08-10,03311,2026-08-10,SCHEDULED,-60,-1.0
2026-08-11T05:36:26Z,0366222026-08-10,03662,2026-08-10,SCHEDULED,-60,-1.0
2026-08-11T05:36:26Z,0366212026-08-10,03662,2026-08-10,SCHEDULED,-60,-1.0
2026-08-11T05:36:26Z,0406012026-08-10,04060,2026-08-10,SCHEDULED,-120,-2.0
2026-08-11T05:36:26Z,0426112026-08-11,04261,2026-08-11,SCHEDULED,840,14.0
2026-08-11T05:36:26Z,0408822026-08-11,04088,2026-08-11,SCHEDULED,240,4.0
2026-08-11T05:36:26Z,0407222026-08-11,04072,2026-08-11,SCHEDULED,480,8.0
2026-08-11T05:36:26Z,0407212026-08-11,04072,2026-08-11,SCHEDULED,480,8.0
2026-08-11T05:36:26Z,0429522026-08-10,04295,2026-08-10,SCHEDULED,0,0.0
2026-08-11T05:36:26Z,0429512026-08-10,04295,2026-08-10,SCHEDULED,0,0.0
2026-08-11T05:36:26Z,0446412026-08-10,04464,2026-08-10,SCHEDULED,240,4.0
2026-08-11T05:36:26Z,0415422026-08-10,04154,2026-08-10,SCHEDULED,-240,-4.0
2026-08-11T05:36:26Z,0415412026-08-10,04154,2026-08-10,SCHEDULED,-240,-4.0
2026-08-11T05:36:26Z,0436422026-08-10,04364,2026-08-10,SCHEDULED,0,0.0
2026-08-11T05:36:26Z,0436412026-08-10,04364,2026-08-10,SCHEDULED,0,0.0
2026-08-11T05:36:26Z,0486822026-08-11,04868,2026-08-11,SCHEDULED,-120,-2.0
2026-08-11T05:36:26Z,0486812026-08-11,04868,2026-08-11,SCHEDULED,-120,-2.0
2026-08-11T05:36:26Z,1803512026-08-10,18035,2026-08-10,CANCELED,,
2026-08-11T05:36:26Z,3727912026-08-10,37279,2026-08-10,CANCELED,,
2026-08-11T05:36:26Z,1565012026-08-10,15650,2026-08-10,CANCELED,,
2026-08-11T05:36:26Z,1803712026-08-10,18037,2026-08-10,CANCELED,,
2026-08-11T05:36:26Z,1565912026-08-10,15659,2026-08-10,CANCELED,,
2026-08-11T05:36:26Z,1804212026-08-10,18042,2026-08-10,CANCELED,,
2026-08-11T05:36:26Z,1817112026-08-10,18171,2026-08-10,CANCELED,,
2026-08-11T05:36:26Z,1804312026-08-10,18043,2026-08-10,CANCELED,,
2026-08-11T05:36:26Z,1704112026-08-10,17041,2026-08-10,CANCELED,,
2026-08-11T05:36:26Z,1721812026-08-10,17218,2026-08-10,CANCELED,,
2026-08-11T05:36:26Z,3821812026-08-10,38218,2026-08-10,CANCELED,,
2026-08-11T05:36:26Z,1810222026-08-10,18102,2026-08-10,CANCELED,,
2026-08-11T05:36:26Z,1810232026-08-10,18102,2026-08-10,CANCELED,,
2026-08-11T05:36:26Z,1810242026-08-10,18102,2026-08-10,CANCELED,,
2026-08-11T05:36:26Z,1722112026-08-10,17221,2026-08-10,CANCELED,,
2026-08-11T05:36:26Z,3822112026-08-10,38221,2026-08-10,CANCELED,,
2026-08-11T05:36:26Z,1722612026-08-10,17226,2026-08-10,CANCELED,,
2026-08-11T05:36:26Z,1722712026-08-10,17227,2026-08-10,CANCELED,,
2026-08-11T05:36:26Z,0029322026-08-11,00293,2026-08-11,CANCELED,,
2026-08-11T05:36:26Z,0029312026-08-11,00293,2026-08-11,CANCELED,,
2026-08-11T05:36:26Z,1803112026-08-10,18031,2026-08-10,CANCELED,,
2026-08-11T05:36:26Z,1803312026-08-10,18033,2026-08-10,CANCELED,,
2026-08-11T05:36:26Z,3709322026-08-10,37093,2026-08-10,CANCELED,,
2026-08-11T05:36:26Z,3709312026-08-10,37093,2026-08-10,CANCELED,,
2026-08-11T05:36:26Z,1821912026-08-10,18219,2026-08-10,CANCELED,,
2026-08-11T05:36:26Z,3739312026-08-10,37393,2026-08-10,CANCELED,,
2026-08-11T05:36:26Z,0080112026-08-11,00801,2026-08-11,CANCELED,,
2026-08-11T05:36:26Z,1810132026-08-10,18101,2026-08-10,CANCELED,,
2026-08-11T05:36:26Z,1810142026-08-10,18101,2026-08-10,CANCELED,,
2026-08-11T05:36:26Z,1810152026-08-10,18101,2026-08-10,CANCELED,,
2026-08-11T05:36:26Z,0029122026-08-11,00291,2026-08-11,CANCELED,,
2026-08-11T05:36:26Z,0029112026-08-11,00291,2026-08-11,CANCELED,,
2026-08-11T05:36:26Z,3709122026-08-10,37091,2026-08-10,CANCELED,,
2026-08-11T05:36:26Z,3709112026-08-10,37091,2026-08-10,CANCELED,,
2026-08-11T05:36:26Z,1810132026-08-10,18101,2026-08-10,CANCELED,,
2026-08-11T05:36:26Z,1810142026-08-10,18101,2026-08-10,CANCELED,,
2026-08-11T05:36:26Z,1810152026-08-10,18101,2026-08-10,CANCELED,,
2026-08-11T05:36:26Z,3739112026-08-10,37391,2026-08-10,CANCELED,,
2026-08-11T05:36:26Z,7187412026-08-10,71874,2026-08-10,CANCELED,,
2026-08-11T05:36:26Z,0027922026-08-11,00279,2026-08-11,CANCELED,,
2026-08-11T05:36:26Z,0027912026-08-11,00279,2026-08-11,CANCELED,,
2026-08-11T05:36:26Z,1810512026-08-10,18105,2026-08-10,CANCELED,,
2026-08-11T05:36:26Z,3810512026-08-10,38105,2026-08-10,CANCELED,,
2026-08-11T05:36:26Z,1821612026-08-10,18216,2026-08-10,CANCELED,,
2026-08-11T05:41:28Z,0507212026-08-10,05072,2026-08-10,SCHEDULED,120,2.0
2026-08-11T05:41:28Z,1562112026-08-10,15621,2026-08-10,SCHEDULED,0,0.0
2026-08-11T05:41:28Z,1564512026-08-10,15645,2026-08-10,SCHEDULED,60,1.0
2026-08-11T05:41:28Z,1572012026-08-10,15720,2026-08-10,SCHEDULED,300,5.0
2026-08-11T05:41:28Z,0509222026-08-10,05092,2026-08-10,SCHEDULED,60,1.0
2026-08-11T05:41:28Z,0509212026-08-10,05092,2026-08-10,SCHEDULED,60,1.0
2026-08-11T05:41:28Z,1572212026-08-10,15722,2026-08-10,SCHEDULED,240,4.0
2026-08-11T05:41:28Z,0527312026-08-10,05273,2026-08-10,SCHEDULED,120,2.0
2026-08-11T05:41:28Z,1577012026-08-10,15770,2026-08-10,SCHEDULED,240,4.0
2026-08-11T05:41:28Z,1577212026-08-10,15772,2026-08-10,SCHEDULED,360,6.0
2026-08-11T05:41:28Z,1577412026-08-10,15774,2026-08-10,SCHEDULED,-60,-1.0
2026-08-11T05:41:28Z,0508012026-08-10,05080,2026-08-10,SCHEDULED,60,1.0
2026-08-11T05:41:28Z,0508032026-08-10,05080,2026-08-10,SCHEDULED,60,1.0
2026-08-11T05:41:28Z,0508022026-08-10,05080,2026-08-10,SCHEDULED,60,1.0
2026-08-11T05:41:28Z,1585012026-08-10,15850,2026-08-10,SCHEDULED,0,0.0
2026-08-11T05:41:28Z,0566812026-08-10,05668,2026-08-10,SCHEDULED,0,0.0
2026-08-11T05:41:28Z,1585212026-08-10,15852,2026-08-10,SCHEDULED,60,1.0
2026-08-11T05:41:28Z,1590012026-08-10,15900,2026-08-10,SCHEDULED,300,5.0
2026-08-11T05:41:28Z,1590412026-08-10,15904,2026-08-10,SCHEDULED,60,1.0
2026-08-11T05:41:28Z,0576312026-08-10,05763,2026-08-10,SCHEDULED,-300,-5.0
2026-08-11T05:41:28Z,0576322026-08-10,05763,2026-08-10,SCHEDULED,-300,-5.0
2026-08-11T05:41:28Z,0576332026-08-10,05763,2026-08-10,SCHEDULED,-300,-5.0
2026-08-11T05:41:28Z,1620712026-08-10,16207,2026-08-10,SCHEDULED,360,6.0
2026-08-11T05:41:28Z,0587112026-08-10,05871,2026-08-10,SCHEDULED,0,0.0
2026-08-11T05:41:28Z,1601812026-08-10,16018,2026-08-10,SCHEDULED,120,2.0
2026-08-11T05:41:28Z,0806812026-08-10,08068,2026-08-10,SCHEDULED,-60,-1.0
2026-08-11T05:41:28Z,1700812026-08-10,17008,2026-08-10,SCHEDULED,540,9.0
2026-08-11T05:41:28Z,0807112026-08-10,08071,2026-08-10,SCHEDULED,240,4.0
2026-08-11T05:41:28Z,1702112026-08-10,17021,2026-08-10,SCHEDULED,960,16.0
2026-08-11T05:41:28Z,0807312026-08-10,08073,2026-08-10,SCHEDULED,180,3.0
2026-08-11T05:41:28Z,1720112026-08-10,17201,2026-08-10,SCHEDULED,180,3.0
2026-08-11T05:41:28Z,1750312026-08-10,17503,2026-08-10,SCHEDULED,240,4.0
2026-08-11T05:41:28Z,0807512026-08-10,08075,2026-08-10,SCHEDULED,480,8.0
2026-08-11T05:41:28Z,1300012026-08-10,13000,2026-08-10,SCHEDULED,1080,18.0
2026-08-11T05:41:28Z,0807712026-08-10,08077,2026-08-10,SCHEDULED,120,2.0
2026-08-11T05:41:28Z,0807812026-08-10,08078,2026-08-10,SCHEDULED,240,4.0
2026-08-11T05:41:28Z,1300312026-08-11,13003,2026-08-11,SCHEDULED,420,7.0
2026-08-11T05:41:28Z,0826012026-08-10,08260,2026-08-10,SCHEDULED,-60,-1.0
2026-08-11T05:41:28Z,1303012026-08-10,13030,2026-08-10,SCHEDULED,540,9.0
2026-08-11T05:41:28Z,1304112026-08-10,13041,2026-08-10,SCHEDULED,360,6.0
2026-08-11T05:41:28Z,0826112026-08-10,08261,2026-08-10,SCHEDULED,180,3.0
2026-08-11T05:41:28Z,1308412026-08-10,13084,2026-08-10,SCHEDULED,60,1.0
2026-08-11T05:41:28Z,0827112026-08-10,08271,2026-08-10,SCHEDULED,120,2.0
2026-08-11T05:41:28Z,1395112026-08-10,13951,2026-08-10,SCHEDULED,360,6.0
2026-08-11T05:41:28Z,0847512026-08-10,08475,2026-08-10,SCHEDULED,480,8.0
2026-08-11T05:41:28Z,1390012026-08-10,13900,2026-08-10,SCHEDULED,360,6.0
2026-08-11T05:41:28Z,0866412026-08-10,08664,2026-08-10,SCHEDULED,180,3.0
2026-08-11T05:41:28Z,1390112026-08-10,13901,2026-08-10,SCHEDULED,-180,-3.0
2026-08-11T05:41:28Z,3586912026-08-10,35869,2026-08-10,SCHEDULED,300,5.0
2026-08-11T05:41:28Z,0907222026-08-10,09072,2026-08-10,SCHEDULED,-60,-1.0
2026-08-11T05:41:28Z,0907212026-08-10,09072,2026-08-10,SCHEDULED,-60,-1.0
2026-08-11T05:41:28Z,0907312026-08-10,09073,2026-08-10,SCHEDULED,120,2.0
2026-08-11T05:41:28Z,1412322026-08-10,14123,2026-08-10,SCHEDULED,60,1.0
2026-08-11T05:41:28Z,1412342026-08-10,14123,2026-08-10,SCHEDULED,60,1.0
2026-08-11T05:41:28Z,1412332026-08-10,14123,2026-08-10,SCHEDULED,60,1.0
2026-08-11T05:41:28Z,0907512026-08-10,09075,2026-08-10,SCHEDULED,60,1.0
2026-08-11T05:41:28Z,0207412026-08-11,02074,2026-08-11,SCHEDULED,540,9.0
2026-08-11T05:41:28Z,0109212026-08-10,01092,2026-08-10,SCHEDULED,360,6.0
2026-08-11T05:41:28Z,0405612026-08-11,04056,2026-08-11,SCHEDULED,0,0.0
2026-08-11T05:41:28Z,3560432026-08-10,35604,2026-08-10,SCHEDULED,120,2.0
2026-08-11T05:41:28Z,3560442026-08-10,35604,2026-08-10,SCHEDULED,120,2.0
2026-08-11T05:41:28Z,3560452026-08-10,35604,2026-08-10,SCHEDULED,120,2.0
2026-08-11T05:41:28Z,1451012026-08-10,14510,2026-08-10,SCHEDULED,60,1.0
2026-08-11T05:41:28Z,1500112026-08-10,15001,2026-08-10,SCHEDULED,180,3.0
2026-08-11T05:41:28Z,1500212026-08-10,15002,2026-08-10,SCHEDULED,900,15.0
2026-08-11T05:41:28Z,0418612026-08-11,04186,2026-08-11,SCHEDULED,480,8.0
2026-08-11T05:41:28Z,0418642026-08-11,04186,2026-08-11,SCHEDULED,480,8.0
2026-08-11T05:41:28Z,0418622026-08-11,04186,2026-08-11,SCHEDULED,480,8.0
2026-08-11T05:41:28Z,1504012026-08-10,15040,2026-08-10,SCHEDULED,1320,22.0
2026-08-11T05:41:28Z,0408712026-08-11,04087,2026-08-11,SCHEDULED,840,14.0
2026-08-11T05:41:28Z,1504112026-08-10,15041,2026-08-10,SCHEDULED,60,1.0
2026-08-11T05:41:28Z,0407312026-08-11,04073,2026-08-11,SCHEDULED,960,16.0
2026-08-11T05:41:28Z,1505012026-08-10,15050,2026-08-10,SCHEDULED,1200,20.0
2026-08-11T05:41:28Z,1832112026-08-10,18321,2026-08-10,SCHEDULED,0,0.0
2026-08-11T05:41:28Z,0029122026-08-11,00291,2026-08-11,SCHEDULED,720,12.0
2026-08-11T05:41:28Z,0029112026-08-11,00291,2026-08-11,SCHEDULED,720,12.0
2026-08-11T05:41:28Z,1877312026-08-10,18773,2026-08-10,SCHEDULED,720,12.0
2026-08-11T05:41:28Z,1890012026-08-10,18900,2026-08-10,SCHEDULED,180,3.0
2026-08-11T05:41:28Z,1210112026-08-10,12101,2026-08-10,SCHEDULED,0,0.0
2026-08-11T05:41:28Z,1891012026-08-10,18910,2026-08-10,SCHEDULED,420,7.0
2026-08-11T05:41:28Z,1241112026-08-10,12411,2026-08-10,SCHEDULED,420,7.0
2026-08-11T05:41:28Z,1443012026-08-10,14430,2026-08-10,SCHEDULED,180,3.0
2026-08-11T05:41:28Z,1248012026-08-10,12480,2026-08-10,SCHEDULED,60,1.0
2026-08-11T05:41:28Z,1530912026-08-10,15309,2026-08-10,SCHEDULED,60,1.0
2026-08-11T05:41:28Z,1261312026-08-10,12613,2026-08-10,SCHEDULED,120,2.0
2026-08-11T05:41:28Z,1503022026-08-10,15030,2026-08-10,SCHEDULED,180,3.0
2026-08-11T05:41:28Z,1264412026-08-10,12644,2026-08-10,SCHEDULED,0,0.0
2026-08-11T05:41:28Z,1503112026-08-10,15031,2026-08-10,SCHEDULED,300,5.0
2026-08-11T05:41:28Z,1600012026-08-10,16000,2026-08-10,SCHEDULED,240,4.0
2026-08-11T05:41:28Z,0029322026-08-11,00293,2026-08-11,SCHEDULED,120,2.0
2026-08-11T05:41:28Z,0029312026-08-11,00293,2026-08-11,SCHEDULED,120,2.0
2026-08-11T05:41:28Z,1447112026-08-10,14471,2026-08-10,SCHEDULED,180,3.0
2026-08-11T05:41:28Z,0947012026-08-10,09470,2026-08-10,SCHEDULED,0,0.0
2026-08-11T05:41:28Z,0411422026-08-11,04114,2026-08-11,SCHEDULED,240,4.0
2026-08-11T05:41:28Z,0411412026-08-11,04114,2026-08-11,SCHEDULED,240,4.0
2026-08-11T05:41:28Z,1562112026-08-10,15621,2026-08-10,SCHEDULED,120,2.0
2026-08-11T05:41:28Z,0060112026-08-11,00601,2026-08-11,SCHEDULED,60,1.0
2026-08-11T05:41:28Z,1401812026-08-10,14018,2026-08-10,SCHEDULED,660,11.0
2026-08-11T05:41:28Z,1833112026-08-10,18331,2026-08-10,SCHEDULED,240,4.0
2026-08-11T05:41:28Z,7180012026-08-10,71800,2026-08-10,SCHEDULED,0,0.0
2026-08-11T05:41:28Z,7182012026-08-10,71820,2026-08-10,SCHEDULED,0,0.0
2026-08-11T05:41:28Z,7183012026-08-10,71830,2026-08-10,SCHEDULED,240,4.0
2026-08-11T05:41:28Z,0062122026-08-11,00621,2026-08-11,SCHEDULED,120,2.0
2026-08-11T05:41:28Z,0062132026-08-11,00621,2026-08-11,SCHEDULED,120,2.0
2026-08-11T05:41:28Z,0062152026-08-11,00621,2026-08-11,SCHEDULED,120,2.0
2026-08-11T05:41:28Z,0062112026-08-11,00621,2026-08-11,SCHEDULED,120,2.0
2026-08-11T05:41:28Z,0062142026-08-11,00621,2026-08-11,SCHEDULED,120,2.0
2026-08-11T05:41:28Z,1770312026-08-10,17703,2026-08-10,SCHEDULED,60,1.0
2026-08-11T05:41:28Z,1780612026-08-10,17806,2026-08-10,SCHEDULED,480,8.0
2026-08-11T05:41:28Z,1781512026-08-10,17815,2026-08-10,SCHEDULED,60,1.0
2026-08-11T05:41:28Z,1800112026-08-10,18001,2026-08-10,SCHEDULED,180,3.0
2026-08-11T05:41:28Z,0063142026-08-11,00631,2026-08-11,SCHEDULED,720,12.0
2026-08-11T05:41:28Z,0063132026-08-11,00631,2026-08-11,SCHEDULED,720,12.0
2026-08-11T05:41:28Z,0063112026-08-11,00631,2026-08-11,SCHEDULED,720,12.0
2026-08-11T05:41:28Z,0063122026-08-11,00631,2026-08-11,SCHEDULED,720,12.0
2026-08-11T05:41:28Z,1802422026-08-10,18024,2026-08-10,SCHEDULED,0,0.0
2026-08-11T05:41:28Z,1803112026-08-10,18031,2026-08-10,SCHEDULED,240,4.0
2026-08-11T05:41:28Z,0075222026-08-11,00752,2026-08-11,SCHEDULED,360,6.0
2026-08-11T05:41:28Z,0075212026-08-11,00752,2026-08-11,SCHEDULED,360,6.0
2026-08-11T05:41:28Z,1804612026-08-10,18046,2026-08-10,SCHEDULED,480,8.0
2026-08-11T05:41:28Z,0107112026-08-10,01071,2026-08-10,SCHEDULED,-60,-1.0
2026-08-11T05:41:28Z,0107212026-08-10,01072,2026-08-10,SCHEDULED,300,5.0
2026-08-11T05:41:28Z,1805412026-08-10,18054,2026-08-10,SCHEDULED,-60,-1.0
2026-08-11T05:41:28Z,1807112026-08-10,18071,2026-08-10,SCHEDULED,240,4.0
2026-08-11T05:41:28Z,1807212026-08-10,18072,2026-08-10,SCHEDULED,360,6.0
2026-08-11T05:41:28Z,0108122026-08-10,01081,2026-08-10,SCHEDULED,120,2.0
2026-08-11T05:41:28Z,0108112026-08-10,01081,2026-08-10,SCHEDULED,120,2.0
2026-08-11T05:41:28Z,0206112026-08-10,02061,2026-08-10,SCHEDULED,1560,26.0
2026-08-11T05:41:28Z,1800212026-08-10,18002,2026-08-10,SCHEDULED,-60,-1.0
2026-08-11T05:41:28Z,0206312026-08-10,02063,2026-08-10,SCHEDULED,720,12.0
2026-08-11T05:41:28Z,1806612026-08-10,18066,2026-08-10,SCHEDULED,-60,-1.0
2026-08-11T05:41:28Z,0206712026-08-10,02067,2026-08-10,SCHEDULED,240,4.0
2026-08-11T05:41:28Z,1812012026-08-10,18120,2026-08-10,SCHEDULED,240,4.0
2026-08-11T05:41:28Z,0207012026-08-10,02070,2026-08-10,SCHEDULED,600,10.0
2026-08-11T05:41:28Z,1812112026-08-10,18121,2026-08-10,SCHEDULED,-120,-2.0
2026-08-11T05:41:28Z,0207112026-08-10,02071,2026-08-10,SCHEDULED,240,4.0
2026-08-11T05:41:28Z,1812312026-08-10,18123,2026-08-10,SCHEDULED,0,0.0
2026-08-11T05:41:28Z,0207312026-08-10,02073,2026-08-10,SCHEDULED,420,7.0
2026-08-11T05:41:28Z,1821612026-08-10,18216,2026-08-10,SCHEDULED,0,0.0
2026-08-11T05:41:28Z,0207512026-08-11,02075,2026-08-11,SCHEDULED,480,8.0
2026-08-11T05:41:28Z,1830012026-08-10,18300,2026-08-10,SCHEDULED,0,0.0
2026-08-11T05:41:28Z,0207212026-08-10,02072,2026-08-10,SCHEDULED,180,3.0
2026-08-11T05:41:28Z,0306242026-08-10,03062,2026-08-10,SCHEDULED,120,2.0
2026-08-11T05:41:28Z,0306232026-08-10,03062,2026-08-10,SCHEDULED,120,2.0
2026-08-11T05:41:28Z,0306212026-08-10,03062,2026-08-10,SCHEDULED,120,2.0
2026-08-11T05:41:28Z,0306222026-08-10,03062,2026-08-10,SCHEDULED,120,2.0
2026-08-11T05:41:28Z,0307322026-08-10,03073,2026-08-10,SCHEDULED,-120,-2.0
2026-08-11T05:41:28Z,0307312026-08-10,03073,2026-08-10,SCHEDULED,-120,-2.0
2026-08-11T05:41:28Z,0306242026-08-10,03062,2026-08-10,SCHEDULED,0,0.0
2026-08-11T05:41:28Z,0306232026-08-10,03062,2026-08-10,SCHEDULED,0,0.0
2026-08-11T05:41:28Z,0306212026-08-10,03062,2026-08-10,SCHEDULED,0,0.0
2026-08-11T05:41:28Z,0306222026-08-10,03062,2026-08-10,SCHEDULED,0,0.0
2026-08-11T05:41:28Z,0331112026-08-10,03311,2026-08-10,SCHEDULED,-300,-5.0
2026-08-11T05:41:28Z,0331122026-08-10,03311,2026-08-10,SCHEDULED,-300,-5.0
2026-08-11T05:41:28Z,0331132026-08-10,03311,2026-08-10,SCHEDULED,-300,-5.0
2026-08-11T05:41:28Z,0366222026-08-10,03662,2026-08-10,SCHEDULED,-60,-1.0
2026-08-11T05:41:28Z,0366212026-08-10,03662,2026-08-10,SCHEDULED,-60,-1.0
2026-08-11T05:41:28Z,0406012026-08-10,04060,2026-08-10,SCHEDULED,-60,-1.0
2026-08-11T05:41:28Z,0426112026-08-11,04261,2026-08-11,SCHEDULED,840,14.0
2026-08-11T05:41:28Z,0408822026-08-11,04088,2026-08-11,SCHEDULED,120,2.0
2026-08-11T05:41:28Z,0407222026-08-11,04072,2026-08-11,SCHEDULED,540,9.0
2026-08-11T05:41:28Z,0407212026-08-11,04072,2026-08-11,SCHEDULED,540,9.0
2026-08-11T05:41:28Z,0429522026-08-10,04295,2026-08-10,SCHEDULED,0,0.0
2026-08-11T05:41:28Z,0429512026-08-10,04295,2026-08-10,SCHEDULED,0,0.0
2026-08-11T05:41:28Z,0446412026-08-10,04464,2026-08-10,SCHEDULED,240,4.0
2026-08-11T05:41:28Z,0415422026-08-10,04154,2026-08-10,SCHEDULED,-240,-4.0
2026-08-11T05:41:28Z,0415412026-08-10,04154,2026-08-10,SCHEDULED,-240,-4.0
2026-08-11T05:41:28Z,0436422026-08-10,04364,2026-08-10,SCHEDULED,0,0.0
2026-08-11T05:41:28Z,0436412026-08-10,04364,2026-08-10,SCHEDULED,0,0.0
2026-08-11T05:41:28Z,0486822026-08-11,04868,2026-08-11,SCHEDULED,60,1.0
2026-08-11T05:41:28Z,0486812026-08-11,04868,2026-08-11,SCHEDULED,60,1.0
2026-08-11T05:41:28Z,0506312026-08-10,05063,2026-08-10,SCHEDULED,120,2.0
2026-08-11T05:41:28Z,0507012026-08-10,05070,2026-08-10,SCHEDULED,420,7.0
2026-08-11T05:41:28Z,1261112026-08-10,12611,2026-08-10,CANCELED,,
2026-08-11T05:41:28Z,1722612026-08-10,17226,2026-08-10,CANCELED,,
2026-08-11T05:41:28Z,1565012026-08-10,15650,2026-08-10,CANCELED,,
2026-08-11T05:41:28Z,1722712026-08-10,17227,2026-08-10,CANCELED,,
2026-08-11T05:41:28Z,1565912026-08-10,15659,2026-08-10,CANCELED,,
2026-08-11T05:41:28Z,1803112026-08-10,18031,2026-08-10,CANCELED,,
2026-08-11T05:41:28Z,1817112026-08-10,18171,2026-08-10,CANCELED,,
2026-08-11T05:41:28Z,1803312026-08-10,18033,2026-08-10,CANCELED,,
2026-08-11T05:41:28Z,1704112026-08-10,17041,2026-08-10,CANCELED,,
2026-08-11T05:41:28Z,1803512026-08-10,18035,2026-08-10,CANCELED,,
2026-08-11T05:41:28Z,1721812026-08-10,17218,2026-08-10,CANCELED,,
2026-08-11T05:41:28Z,1803712026-08-10,18037,2026-08-10,CANCELED,,
2026-08-11T05:41:28Z,3821812026-08-10,38218,2026-08-10,CANCELED,,
2026-08-11T05:41:28Z,1804212026-08-10,18042,2026-08-10,CANCELED,,
2026-08-11T05:41:28Z,1722112026-08-10,17221,2026-08-10,CANCELED,,
2026-08-11T05:41:28Z,1804312026-08-10,18043,2026-08-10,CANCELED,,
2026-08-11T05:41:28Z,3822112026-08-10,38221,2026-08-10,CANCELED,,
2026-08-11T05:41:28Z,0029322026-08-11,00293,2026-08-11,CANCELED,,
2026-08-11T05:41:28Z,0029312026-08-11,00293,2026-08-11,CANCELED,,
2026-08-11T05:41:28Z,1810222026-08-10,18102,2026-08-10,CANCELED,,
2026-08-11T05:41:28Z,1810232026-08-10,18102,2026-08-10,CANCELED,,
2026-08-11T05:41:28Z,1810242026-08-10,18102,2026-08-10,CANCELED,,
2026-08-11T05:41:28Z,1262312026-08-10,12623,2026-08-10,CANCELED,,
2026-08-11T05:41:28Z,3709322026-08-10,37093,2026-08-10,CANCELED,,
2026-08-11T05:41:28Z,3709312026-08-10,37093,2026-08-10,CANCELED,,
2026-08-11T05:41:28Z,3739312026-08-10,37393,2026-08-10,CANCELED,,
2026-08-11T05:41:28Z,0080112026-08-11,00801,2026-08-11,CANCELED,,
2026-08-11T05:41:28Z,1810132026-08-10,18101,2026-08-10,CANCELED,,
2026-08-11T05:41:28Z,1810142026-08-10,18101,2026-08-10,CANCELED,,
2026-08-11T05:41:28Z,1810152026-08-10,18101,2026-08-10,CANCELED,,
2026-08-11T05:41:28Z,0029122026-08-11,00291,2026-08-11,CANCELED,,
2026-08-11T05:41:28Z,0029112026-08-11,00291,2026-08-11,CANCELED,,
2026-08-11T05:41:28Z,1810132026-08-10,18101,2026-08-10,CANCELED,,
2026-08-11T05:41:28Z,1810142026-08-10,18101,2026-08-10,CANCELED,,
2026-08-11T05:41:28Z,1810152026-08-10,18101,2026-08-10,CANCELED,,
2026-08-11T05:41:28Z,3709122026-08-10,37091,2026-08-10,CANCELED,,
2026-08-11T05:41:28Z,3709112026-08-10,37091,2026-08-10,CANCELED,,
2026-08-11T05:41:28Z,3739112026-08-10,37391,2026-08-10,CANCELED,,
2026-08-11T05:41:28Z,7187412026-08-10,71874,2026-08-10,CANCELED,,
2026-08-11T05:41:28Z,0027922026-08-11,00279,2026-08-11,CANCELED,,
2026-08-11T05:41:28Z,0027912026-08-11,00279,2026-08-11,CANCELED,,
2026-08-11T05:41:28Z,1810512026-08-10,18105,2026-08-10,CANCELED,,
2026-08-11T05:41:28Z,3727912026-08-10,37279,2026-08-10,CANCELED,,
2026-08-11T05:41:28Z,3810512026-08-10,38105,2026-08-10,CANCELED,,
2026-08-11T05:41:28Z,1821612026-08-10,18216,2026-08-10,CANCELED,,
2026-08-11T05:41:28Z,1821912026-08-10,18219,2026-08-10,CANCELED,,
2026-08-11T05:46:31Z,0527312026-08-10,05273,2026-08-10,SCHEDULED,60,1.0
2026-08-11T05:46:31Z,1303012026-08-10,13030,2026-08-10,SCHEDULED,600,10.0
2026-08-11T05:46:31Z,1304112026-08-10,13041,2026-08-10,SCHEDULED,240,4.0
2026-08-11T05:46:31Z,1308412026-08-10,13084,2026-08-10,SCHEDULED,0,0.0
2026-08-11T05:46:31Z,0508012026-08-10,05080,2026-08-10,SCHEDULED,0,0.0
2026-08-11T05:46:31Z,0508032026-08-10,05080,2026-08-10,SCHEDULED,0,0.0
2026-08-11T05:46:31Z,0508022026-08-10,05080,2026-08-10,SCHEDULED,0,0.0
2026-08-11T05:46:31Z,1395112026-08-10,13951,2026-08-10,SCHEDULED,300,5.0
2026-08-11T05:46:31Z,0566812026-08-10,05668,2026-08-10,SCHEDULED,0,0.0
2026-08-11T05:46:31Z,1320312026-08-10,13203,2026-08-10,SCHEDULED,0,0.0
2026-08-11T05:46:31Z,1390012026-08-10,13900,2026-08-10,SCHEDULED,300,5.0
2026-08-11T05:46:31Z,0576312026-08-10,05763,2026-08-10,SCHEDULED,-300,-5.0
2026-08-11T05:46:31Z,0576322026-08-10,05763,2026-08-10,SCHEDULED,-300,-5.0
2026-08-11T05:46:31Z,0576332026-08-10,05763,2026-08-10,SCHEDULED,-300,-5.0
2026-08-11T05:46:31Z,1390112026-08-10,13901,2026-08-10,SCHEDULED,-120,-2.0
2026-08-11T05:46:31Z,0587112026-08-10,05871,2026-08-10,SCHEDULED,120,2.0
2026-08-11T05:46:31Z,0806812026-08-10,08068,2026-08-10,SCHEDULED,-60,-1.0
2026-08-11T05:46:31Z,0807112026-08-10,08071,2026-08-10,SCHEDULED,240,4.0
2026-08-11T05:46:31Z,0807312026-08-10,08073,2026-08-10,SCHEDULED,0,0.0
2026-08-11T05:46:31Z,1412322026-08-10,14123,2026-08-10,SCHEDULED,0,0.0
2026-08-11T05:46:31Z,1412342026-08-10,14123,2026-08-10,SCHEDULED,0,0.0
2026-08-11T05:46:31Z,1412332026-08-10,14123,2026-08-10,SCHEDULED,0,0.0
2026-08-11T05:46:31Z,0807512026-08-10,08075,2026-08-10,SCHEDULED,300,5.0
2026-08-11T05:46:31Z,0807712026-08-10,08077,2026-08-10,SCHEDULED,300,5.0
2026-08-11T05:46:31Z,0807812026-08-10,08078,2026-08-10,SCHEDULED,240,4.0
2026-08-11T05:46:31Z,0826112026-08-10,08261,2026-08-10,SCHEDULED,180,3.0
2026-08-11T05:46:31Z,3560432026-08-10,35604,2026-08-10,SCHEDULED,300,5.0
2026-08-11T05:46:31Z,3560442026-08-10,35604,2026-08-10,SCHEDULED,300,5.0
2026-08-11T05:46:31Z,3560452026-08-10,35604,2026-08-10,SCHEDULED,300,5.0
2026-08-11T05:46:31Z,0827112026-08-10,08271,2026-08-10,SCHEDULED,120,2.0
2026-08-11T05:46:31Z,1451012026-08-10,14510,2026-08-10,SCHEDULED,780,13.0
2026-08-11T05:46:31Z,0827512026-08-10,08275,2026-08-10,SCHEDULED,240,4.0
2026-08-11T05:46:31Z,1500112026-08-10,15001,2026-08-10,SCHEDULED,240,4.0
2026-08-11T05:46:31Z,0847512026-08-10,08475,2026-08-10,SCHEDULED,480,8.0
2026-08-11T05:46:31Z,1500212026-08-10,15002,2026-08-10,SCHEDULED,1080,18.0
2026-08-11T05:46:31Z,0866412026-08-10,08664,2026-08-10,SCHEDULED,180,3.0
2026-08-11T05:46:31Z,1504012026-08-10,15040,2026-08-10,SCHEDULED,1320,22.0
2026-08-11T05:46:31Z,3586912026-08-10,35869,2026-08-10,SCHEDULED,360,6.0
2026-08-11T05:46:31Z,1504112026-08-10,15041,2026-08-10,SCHEDULED,-60,-1.0
2026-08-11T05:46:31Z,1505012026-08-10,15050,2026-08-10,SCHEDULED,960,16.0
2026-08-11T05:46:31Z,0907222026-08-10,09072,2026-08-10,SCHEDULED,-120,-2.0
2026-08-11T05:46:31Z,0907212026-08-10,09072,2026-08-10,SCHEDULED,-120,-2.0
2026-08-11T05:46:31Z,1562112026-08-10,15621,2026-08-10,SCHEDULED,0,0.0
2026-08-11T05:46:31Z,0907312026-08-10,09073,2026-08-10,SCHEDULED,120,2.0
2026-08-11T05:46:31Z,1564512026-08-10,15645,2026-08-10,SCHEDULED,60,1.0
2026-08-11T05:46:31Z,0907512026-08-10,09075,2026-08-10,SCHEDULED,0,0.0
2026-08-11T05:46:31Z,1572012026-08-10,15720,2026-08-10,SCHEDULED,300,5.0
2026-08-11T05:46:31Z,0207412026-08-11,02074,2026-08-11,SCHEDULED,420,7.0
2026-08-11T05:46:31Z,1572212026-08-10,15722,2026-08-10,SCHEDULED,300,5.0
2026-08-11T05:46:31Z,0109212026-08-10,01092,2026-08-10,SCHEDULED,420,7.0
2026-08-11T05:46:31Z,1575312026-08-10,15753,2026-08-10,SCHEDULED,420,7.0
2026-08-11T05:46:31Z,0069712026-08-11,00697,2026-08-11,SCHEDULED,60,1.0
2026-08-11T05:46:31Z,1577012026-08-10,15770,2026-08-10,SCHEDULED,300,5.0
2026-08-11T05:46:31Z,0405612026-08-11,04056,2026-08-11,SCHEDULED,60,1.0
2026-08-11T05:46:31Z,1577212026-08-10,15772,2026-08-10,SCHEDULED,360,6.0
2026-08-11T05:46:31Z,1577412026-08-10,15774,2026-08-10,SCHEDULED,0,0.0
2026-08-11T05:46:31Z,1585012026-08-10,15850,2026-08-10,SCHEDULED,0,0.0
2026-08-11T05:46:31Z,0418612026-08-11,04186,2026-08-11,SCHEDULED,480,8.0
2026-08-11T05:46:31Z,0418642026-08-11,04186,2026-08-11,SCHEDULED,480,8.0
2026-08-11T05:46:31Z,0418622026-08-11,04186,2026-08-11,SCHEDULED,480,8.0
2026-08-11T05:46:31Z,1585212026-08-10,15852,2026-08-10,SCHEDULED,120,2.0
2026-08-11T05:46:31Z,0408712026-08-11,04087,2026-08-11,SCHEDULED,900,15.0
2026-08-11T05:46:31Z,1590012026-08-10,15900,2026-08-10,SCHEDULED,300,5.0
2026-08-11T05:46:31Z,0407312026-08-11,04073,2026-08-11,SCHEDULED,900,15.0
2026-08-11T05:46:31Z,1590412026-08-10,15904,2026-08-10,SCHEDULED,-120,-2.0
2026-08-11T05:46:31Z,1620712026-08-10,16207,2026-08-10,SCHEDULED,360,6.0
2026-08-11T05:46:31Z,0029122026-08-11,00291,2026-08-11,SCHEDULED,720,12.0
2026-08-11T05:46:31Z,0029112026-08-11,00291,2026-08-11,SCHEDULED,720,12.0
2026-08-11T05:46:31Z,1601812026-08-10,16018,2026-08-10,SCHEDULED,120,2.0
2026-08-11T05:46:31Z,1210112026-08-10,12101,2026-08-10,SCHEDULED,60,1.0
2026-08-11T05:46:31Z,1700812026-08-10,17008,2026-08-10,SCHEDULED,540,9.0
2026-08-11T05:46:31Z,1241112026-08-10,12411,2026-08-10,SCHEDULED,420,7.0
2026-08-11T05:46:31Z,1702112026-08-10,17021,2026-08-10,SCHEDULED,960,16.0
2026-08-11T05:46:31Z,1248012026-08-10,12480,2026-08-10,SCHEDULED,0,0.0
2026-08-11T05:46:31Z,1704212026-08-10,17042,2026-08-10,SCHEDULED,4560,76.0
2026-08-11T05:46:31Z,1261312026-08-10,12613,2026-08-10,SCHEDULED,180,3.0
2026-08-11T05:46:31Z,1720112026-08-10,17201,2026-08-10,SCHEDULED,180,3.0
2026-08-11T05:46:31Z,1264112026-08-10,12641,2026-08-10,SCHEDULED,0,0.0
2026-08-11T05:46:31Z,1750312026-08-10,17503,2026-08-10,SCHEDULED,360,6.0
2026-08-11T05:46:31Z,1770312026-08-10,17703,2026-08-10,SCHEDULED,180,3.0
2026-08-11T05:46:31Z,1264412026-08-10,12644,2026-08-10,SCHEDULED,0,0.0
2026-08-11T05:46:31Z,1268012026-08-10,12680,2026-08-10,SCHEDULED,60,1.0
2026-08-11T05:46:31Z,1300012026-08-10,13000,2026-08-10,SCHEDULED,1020,17.0
2026-08-11T05:46:31Z,1801012026-08-10,18010,2026-08-10,SCHEDULED,0,0.0
2026-08-11T05:46:31Z,1801022026-08-10,18010,2026-08-10,SCHEDULED,0,0.0
2026-08-11T05:46:31Z,1801032026-08-10,18010,2026-08-10,SCHEDULED,0,0.0
2026-08-11T05:46:31Z,1300312026-08-11,13003,2026-08-11,SCHEDULED,480,8.0
2026-08-11T05:46:31Z,1877312026-08-10,18773,2026-08-10,SCHEDULED,420,7.0
2026-08-11T05:46:31Z,1890112026-08-10,18901,2026-08-10,SCHEDULED,0,0.0
2026-08-11T05:46:31Z,0029322026-08-11,00293,2026-08-11,SCHEDULED,120,2.0
2026-08-11T05:46:31Z,0029312026-08-11,00293,2026-08-11,SCHEDULED,120,2.0
2026-08-11T05:46:31Z,1890012026-08-10,18900,2026-08-10,SCHEDULED,180,3.0
2026-08-11T05:46:31Z,1891012026-08-10,18910,2026-08-10,SCHEDULED,480,8.0
2026-08-11T05:46:31Z,0411422026-08-11,04114,2026-08-11,SCHEDULED,180,3.0
2026-08-11T05:46:31Z,0411412026-08-11,04114,2026-08-11,SCHEDULED,180,3.0
2026-08-11T05:46:31Z,1443012026-08-10,14430,2026-08-10,SCHEDULED,240,4.0
2026-08-11T05:46:31Z,0060112026-08-11,00601,2026-08-11,SCHEDULED,0,0.0
2026-08-11T05:46:31Z,1530912026-08-10,15309,2026-08-10,SCHEDULED,0,0.0
2026-08-11T05:46:31Z,1503022026-08-10,15030,2026-08-10,SCHEDULED,120,2.0
2026-08-11T05:46:31Z,1503112026-08-10,15031,2026-08-10,SCHEDULED,300,5.0
2026-08-11T05:46:31Z,1600012026-08-10,16000,2026-08-10,SCHEDULED,240,4.0
2026-08-11T05:46:31Z,1447112026-08-10,14471,2026-08-10,SCHEDULED,60,1.0
2026-08-11T05:46:31Z,0062122026-08-11,00621,2026-08-11,SCHEDULED,60,1.0
2026-08-11T05:46:31Z,0062132026-08-11,00621,2026-08-11,SCHEDULED,60,1.0
2026-08-11T05:46:31Z,0062152026-08-11,00621,2026-08-11,SCHEDULED,60,1.0
2026-08-11T05:46:31Z,0062112026-08-11,00621,2026-08-11,SCHEDULED,60,1.0
2026-08-11T05:46:31Z,0062142026-08-11,00621,2026-08-11,SCHEDULED,60,1.0
2026-08-11T05:46:31Z,1401812026-08-10,14018,2026-08-10,SCHEDULED,720,12.0
2026-08-11T05:46:31Z,0891512026-08-10,08915,2026-08-10,SCHEDULED,60,1.0
2026-08-11T05:46:31Z,1833112026-08-10,18331,2026-08-10,SCHEDULED,300,5.0
2026-08-11T05:46:31Z,0063142026-08-11,00631,2026-08-11,SCHEDULED,900,15.0
2026-08-11T05:46:31Z,0063132026-08-11,00631,2026-08-11,SCHEDULED,900,15.0
2026-08-11T05:46:31Z,0063112026-08-11,00631,2026-08-11,SCHEDULED,900,15.0
2026-08-11T05:46:31Z,0063122026-08-11,00631,2026-08-11,SCHEDULED,900,15.0
2026-08-11T05:46:31Z,0948012026-08-10,09480,2026-08-10,SCHEDULED,-60,-1.0
2026-08-11T05:46:31Z,7180012026-08-10,71800,2026-08-10,SCHEDULED,0,0.0
2026-08-11T05:46:31Z,7182012026-08-10,71820,2026-08-10,SCHEDULED,0,0.0
2026-08-11T05:46:31Z,0075222026-08-11,00752,2026-08-11,SCHEDULED,360,6.0
2026-08-11T05:46:31Z,0075212026-08-11,00752,2026-08-11,SCHEDULED,360,6.0
2026-08-11T05:46:31Z,7183012026-08-10,71830,2026-08-10,SCHEDULED,0,0.0
2026-08-11T05:46:31Z,0107112026-08-10,01071,2026-08-10,SCHEDULED,-60,-1.0
2026-08-11T05:46:31Z,0107212026-08-10,01072,2026-08-10,SCHEDULED,300,5.0
2026-08-11T05:46:31Z,1780612026-08-10,17806,2026-08-10,SCHEDULED,480,8.0
2026-08-11T05:46:31Z,1781512026-08-10,17815,2026-08-10,SCHEDULED,60,1.0
2026-08-11T05:46:31Z,0108122026-08-10,01081,2026-08-10,SCHEDULED,60,1.0
2026-08-11T05:46:31Z,0108112026-08-10,01081,2026-08-10,SCHEDULED,60,1.0
2026-08-11T05:46:31Z,1800112026-08-10,18001,2026-08-10,SCHEDULED,180,3.0
2026-08-11T05:46:31Z,0206112026-08-10,02061,2026-08-10,SCHEDULED,1560,26.0
2026-08-11T05:46:31Z,0206312026-08-10,02063,2026-08-10,SCHEDULED,780,13.0
2026-08-11T05:46:31Z,1802422026-08-10,18024,2026-08-10,SCHEDULED,0,0.0
2026-08-11T05:46:31Z,0206712026-08-10,02067,2026-08-10,SCHEDULED,300,5.0
2026-08-11T05:46:31Z,1803112026-08-10,18031,2026-08-10,SCHEDULED,180,3.0
2026-08-11T05:46:31Z,0207012026-08-10,02070,2026-08-10,SCHEDULED,600,10.0
2026-08-11T05:46:31Z,1804612026-08-10,18046,2026-08-10,SCHEDULED,420,7.0
2026-08-11T05:46:31Z,1805412026-08-10,18054,2026-08-10,SCHEDULED,60,1.0
2026-08-11T05:46:31Z,0207112026-08-10,02071,2026-08-10,SCHEDULED,480,8.0
2026-08-11T05:46:31Z,1807112026-08-10,18071,2026-08-10,SCHEDULED,180,3.0
2026-08-11T05:46:31Z,0207312026-08-10,02073,2026-08-10,SCHEDULED,420,7.0
2026-08-11T05:46:31Z,1807212026-08-10,18072,2026-08-10,SCHEDULED,300,5.0
2026-08-11T05:46:31Z,0207512026-08-11,02075,2026-08-11,SCHEDULED,480,8.0
2026-08-11T05:46:31Z,0207212026-08-10,02072,2026-08-10,SCHEDULED,60,1.0
2026-08-11T05:46:31Z,1807412026-08-10,18074,2026-08-10,SCHEDULED,0,0.0
2026-08-11T05:46:31Z,1800212026-08-10,18002,2026-08-10,SCHEDULED,-180,-3.0
2026-08-11T05:46:31Z,1806612026-08-10,18066,2026-08-10,SCHEDULED,60,1.0
2026-08-11T05:46:31Z,1812012026-08-10,18120,2026-08-10,SCHEDULED,360,6.0
2026-08-11T05:46:31Z,0306242026-08-10,03062,2026-08-10,SCHEDULED,120,2.0
2026-08-11T05:46:31Z,0306232026-08-10,03062,2026-08-10,SCHEDULED,120,2.0
2026-08-11T05:46:31Z,0306212026-08-10,03062,2026-08-10,SCHEDULED,120,2.0
2026-08-11T05:46:31Z,0306222026-08-10,03062,2026-08-10,SCHEDULED,120,2.0
2026-08-11T05:46:31Z,1812112026-08-10,18121,2026-08-10,SCHEDULED,-180,-3.0
2026-08-11T05:46:31Z,1812312026-08-10,18123,2026-08-10,SCHEDULED,60,1.0
2026-08-11T05:46:31Z,0307322026-08-10,03073,2026-08-10,SCHEDULED,-60,-1.0
2026-08-11T05:46:31Z,0307312026-08-10,03073,2026-08-10,SCHEDULED,-60,-1.0
2026-08-11T05:46:31Z,1821612026-08-10,18216,2026-08-10,SCHEDULED,60,1.0
2026-08-11T05:46:31Z,1830012026-08-10,18300,2026-08-10,SCHEDULED,-120,-2.0
2026-08-11T05:46:31Z,1832112026-08-10,18321,2026-08-10,SCHEDULED,0,0.0
2026-08-11T05:46:31Z,0306242026-08-10,03062,2026-08-10,SCHEDULED,-60,-1.0
2026-08-11T05:46:31Z,0306232026-08-10,03062,2026-08-10,SCHEDULED,-60,-1.0
2026-08-11T05:46:31Z,0306212026-08-10,03062,2026-08-10,SCHEDULED,-60,-1.0
2026-08-11T05:46:31Z,0306222026-08-10,03062,2026-08-10,SCHEDULED,-60,-1.0
2026-08-11T05:46:31Z,0331112026-08-10,03311,2026-08-10,SCHEDULED,0,0.0
2026-08-11T05:46:31Z,0331122026-08-10,03311,2026-08-10,SCHEDULED,0,0.0
2026-08-11T05:46:31Z,0331132026-08-10,03311,2026-08-10,SCHEDULED,0,0.0
2026-08-11T05:46:31Z,0366222026-08-10,03662,2026-08-10,SCHEDULED,0,0.0
2026-08-11T05:46:31Z,0366212026-08-10,03662,2026-08-10,SCHEDULED,0,0.0
2026-08-11T05:46:31Z,0406012026-08-10,04060,2026-08-10,SCHEDULED,0,0.0
2026-08-11T05:46:31Z,0426112026-08-11,04261,2026-08-11,SCHEDULED,780,13.0
2026-08-11T05:46:31Z,0408822026-08-11,04088,2026-08-11,SCHEDULED,180,3.0
2026-08-11T05:46:31Z,0407222026-08-11,04072,2026-08-11,SCHEDULED,480,8.0
2026-08-11T05:46:31Z,0407212026-08-11,04072,2026-08-11,SCHEDULED,480,8.0
2026-08-11T05:46:31Z,0429522026-08-10,04295,2026-08-10,SCHEDULED,0,0.0
2026-08-11T05:46:31Z,0429512026-08-10,04295,2026-08-10,SCHEDULED,0,0.0
2026-08-11T05:46:31Z,0446412026-08-10,04464,2026-08-10,SCHEDULED,180,3.0
2026-08-11T05:46:31Z,0415422026-08-10,04154,2026-08-10,SCHEDULED,0,0.0
2026-08-11T05:46:31Z,0415412026-08-10,04154,2026-08-10,SCHEDULED,0,0.0
2026-08-11T05:46:31Z,0436422026-08-10,04364,2026-08-10,SCHEDULED,0,0.0
2026-08-11T05:46:31Z,0436412026-08-10,04364,2026-08-10,SCHEDULED,0,0.0
2026-08-11T05:46:31Z,0486822026-08-11,04868,2026-08-11,SCHEDULED,60,1.0
2026-08-11T05:46:31Z,0486812026-08-11,04868,2026-08-11,SCHEDULED,60,1.0
2026-08-11T05:46:31Z,0506312026-08-10,05063,2026-08-10,SCHEDULED,60,1.0
2026-08-11T05:46:31Z,0507012026-08-10,05070,2026-08-10,SCHEDULED,540,9.0
2026-08-11T05:46:31Z,0507112026-08-10,05071,2026-08-10,SCHEDULED,60,1.0
2026-08-11T05:46:31Z,0507212026-08-10,05072,2026-08-10,SCHEDULED,120,2.0
2026-08-11T05:46:31Z,0509222026-08-10,05092,2026-08-10,SCHEDULED,0,0.0
2026-08-11T05:46:31Z,0509212026-08-10,05092,2026-08-10,SCHEDULED,0,0.0
2026-08-11T05:46:31Z,1722612026-08-10,17226,2026-08-10,CANCELED,,
2026-08-11T05:46:31Z,1261112026-08-10,12611,2026-08-10,CANCELED,,
2026-08-11T05:46:31Z,1722712026-08-10,17227,2026-08-10,CANCELED,,
2026-08-11T05:46:31Z,1565012026-08-10,15650,2026-08-10,CANCELED,,
2026-08-11T05:46:31Z,1803112026-08-10,18031,2026-08-10,CANCELED,,
2026-08-11T05:46:31Z,1565912026-08-10,15659,2026-08-10,CANCELED,,
2026-08-11T05:46:31Z,1817112026-08-10,18171,2026-08-10,CANCELED,,
2026-08-11T05:46:31Z,1803312026-08-10,18033,2026-08-10,CANCELED,,
2026-08-11T05:46:31Z,1704112026-08-10,17041,2026-08-10,CANCELED,,
2026-08-11T05:46:31Z,1803512026-08-10,18035,2026-08-10,CANCELED,,
2026-08-11T05:46:31Z,1721812026-08-10,17218,2026-08-10,CANCELED,,
2026-08-11T05:46:31Z,1803712026-08-10,18037,2026-08-10,CANCELED,,
2026-08-11T05:46:31Z,3821812026-08-10,38218,2026-08-10,CANCELED,,
2026-08-11T05:46:31Z,1804212026-08-10,18042,2026-08-10,CANCELED,,
2026-08-11T05:46:31Z,1722112026-08-10,17221,2026-08-10,CANCELED,,
2026-08-11T05:46:31Z,1804312026-08-10,18043,2026-08-10,CANCELED,,
2026-08-11T05:46:31Z,3822112026-08-10,38221,2026-08-10,CANCELED,,
2026-08-11T05:46:31Z,0029322026-08-11,00293,2026-08-11,CANCELED,,
2026-08-11T05:46:31Z,0029312026-08-11,00293,2026-08-11,CANCELED,,
2026-08-11T05:46:31Z,1810222026-08-10,18102,2026-08-10,CANCELED,,
2026-08-11T05:46:31Z,1810232026-08-10,18102,2026-08-10,CANCELED,,
2026-08-11T05:46:31Z,1810242026-08-10,18102,2026-08-10,CANCELED,,
2026-08-11T05:46:31Z,1262312026-08-10,12623,2026-08-10,CANCELED,,
2026-08-11T05:46:31Z,3709322026-08-10,37093,2026-08-10,CANCELED,,
2026-08-11T05:46:31Z,3709312026-08-10,37093,2026-08-10,CANCELED,,
2026-08-11T05:46:31Z,3739312026-08-10,37393,2026-08-10,CANCELED,,
2026-08-11T05:46:31Z,0080112026-08-11,00801,2026-08-11,CANCELED,,
2026-08-11T05:46:31Z,1810132026-08-10,18101,2026-08-10,CANCELED,,
2026-08-11T05:46:31Z,1810142026-08-10,18101,2026-08-10,CANCELED,,
2026-08-11T05:46:31Z,1810152026-08-10,18101,2026-08-10,CANCELED,,
2026-08-11T05:46:31Z,0029122026-08-11,00291,2026-08-11,CANCELED,,
2026-08-11T05:46:31Z,0029112026-08-11,00291,2026-08-11,CANCELED,,
2026-08-11T05:46:31Z,1810132026-08-10,18101,2026-08-10,CANCELED,,
2026-08-11T05:46:31Z,1810142026-08-10,18101,2026-08-10,CANCELED,,
2026-08-11T05:46:31Z,1810152026-08-10,18101,2026-08-10,CANCELED,,
2026-08-11T05:46:31Z,3709122026-08-10,37091,2026-08-10,CANCELED,,
2026-08-11T05:46:31Z,3709112026-08-10,37091,2026-08-10,CANCELED,,
2026-08-11T05:46:31Z,3739112026-08-10,37391,2026-08-10,CANCELED,,
2026-08-11T05:46:31Z,7187412026-08-10,71874,2026-08-10,CANCELED,,
2026-08-11T05:46:31Z,1810512026-08-10,18105,2026-08-10,CANCELED,,
2026-08-11T05:46:31Z,0027922026-08-11,00279,2026-08-11,CANCELED,,
2026-08-11T05:46:31Z,0027912026-08-11,00279,2026-08-11,CANCELED,,
2026-08-11T05:46:31Z,3810512026-08-10,38105,2026-08-10,CANCELED,,
2026-08-11T05:46:31Z,3727912026-08-10,37279,2026-08-10,CANCELED,,
2026-08-11T05:46:31Z,1821612026-08-10,18216,2026-08-10,CANCELED,,
2026-08-11T05:46:31Z,1821912026-08-10,18219,2026-08-10,CANCELED,,
2026-08-11T05:51:29Z,1562112026-08-10,15621,2026-08-10,SCHEDULED,60,1.0
2026-08-11T05:51:29Z,0509222026-08-10,05092,2026-08-10,SCHEDULED,180,3.0
2026-08-11T05:51:29Z,0509212026-08-10,05092,2026-08-10,SCHEDULED,180,3.0
2026-08-11T05:51:29Z,1564512026-08-10,15645,2026-08-10,SCHEDULED,60,1.0
2026-08-11T05:51:29Z,0527312026-08-10,05273,2026-08-10,SCHEDULED,60,1.0
2026-08-11T05:51:29Z,1572012026-08-10,15720,2026-08-10,SCHEDULED,300,5.0
2026-08-11T05:51:29Z,1572212026-08-10,15722,2026-08-10,SCHEDULED,360,6.0
2026-08-11T05:51:29Z,1575312026-08-10,15753,2026-08-10,SCHEDULED,300,5.0
2026-08-11T05:51:29Z,0508012026-08-10,05080,2026-08-10,SCHEDULED,0,0.0
2026-08-11T05:51:29Z,0508032026-08-10,05080,2026-08-10,SCHEDULED,0,0.0
2026-08-11T05:51:29Z,0508022026-08-10,05080,2026-08-10,SCHEDULED,0,0.0
2026-08-11T05:51:29Z,1577212026-08-10,15772,2026-08-10,SCHEDULED,480,8.0
2026-08-11T05:51:29Z,0566812026-08-10,05668,2026-08-10,SCHEDULED,0,0.0
2026-08-11T05:51:29Z,1577412026-08-10,15774,2026-08-10,SCHEDULED,0,0.0
2026-08-11T05:51:29Z,1585012026-08-10,15850,2026-08-10,SCHEDULED,0,0.0
2026-08-11T05:51:29Z,1585212026-08-10,15852,2026-08-10,SCHEDULED,120,2.0
2026-08-11T05:51:29Z,0576312026-08-10,05763,2026-08-10,SCHEDULED,-300,-5.0
2026-08-11T05:51:29Z,0576322026-08-10,05763,2026-08-10,SCHEDULED,-300,-5.0
2026-08-11T05:51:29Z,0576332026-08-10,05763,2026-08-10,SCHEDULED,-300,-5.0
2026-08-11T05:51:29Z,1590012026-08-10,15900,2026-08-10,SCHEDULED,300,5.0
2026-08-11T05:51:29Z,0587112026-08-10,05871,2026-08-10,SCHEDULED,240,4.0
2026-08-11T05:51:29Z,0807112026-08-10,08071,2026-08-10,SCHEDULED,240,4.0
2026-08-11T05:51:29Z,1590412026-08-10,15904,2026-08-10,SCHEDULED,-300,-5.0
2026-08-11T05:51:29Z,1620712026-08-10,16207,2026-08-10,SCHEDULED,480,8.0
2026-08-11T05:51:29Z,0807212026-08-10,08072,2026-08-10,SCHEDULED,60,1.0
2026-08-11T05:51:29Z,1700812026-08-10,17008,2026-08-10,SCHEDULED,600,10.0
2026-08-11T05:51:29Z,0807312026-08-10,08073,2026-08-10,SCHEDULED,0,0.0
2026-08-11T05:51:29Z,1702112026-08-10,17021,2026-08-10,SCHEDULED,900,15.0
2026-08-11T05:51:29Z,0807512026-08-10,08075,2026-08-10,SCHEDULED,360,6.0
2026-08-11T05:51:29Z,0807712026-08-10,08077,2026-08-10,SCHEDULED,240,4.0
2026-08-11T05:51:29Z,1704212026-08-10,17042,2026-08-10,SCHEDULED,4560,76.0
2026-08-11T05:51:29Z,0807812026-08-10,08078,2026-08-10,SCHEDULED,180,3.0
2026-08-11T05:51:29Z,1720112026-08-10,17201,2026-08-10,SCHEDULED,240,4.0
2026-08-11T05:51:29Z,1750312026-08-10,17503,2026-08-10,SCHEDULED,360,6.0
2026-08-11T05:51:29Z,0827112026-08-10,08271,2026-08-10,SCHEDULED,120,2.0
2026-08-11T05:51:29Z,1770312026-08-10,17703,2026-08-10,SCHEDULED,180,3.0
2026-08-11T05:51:29Z,0827512026-08-10,08275,2026-08-10,SCHEDULED,240,4.0
2026-08-11T05:51:29Z,0847512026-08-10,08475,2026-08-10,SCHEDULED,540,9.0
2026-08-11T05:51:29Z,1303012026-08-10,13030,2026-08-10,SCHEDULED,660,11.0
2026-08-11T05:51:29Z,0866412026-08-10,08664,2026-08-10,SCHEDULED,180,3.0
2026-08-11T05:51:29Z,1304112026-08-10,13041,2026-08-10,SCHEDULED,360,6.0
2026-08-11T05:51:29Z,3586912026-08-10,35869,2026-08-10,SCHEDULED,420,7.0
2026-08-11T05:51:29Z,1308412026-08-10,13084,2026-08-10,SCHEDULED,300,5.0
2026-08-11T05:51:29Z,1395112026-08-10,13951,2026-08-10,SCHEDULED,300,5.0
2026-08-11T05:51:29Z,0907222026-08-10,09072,2026-08-10,SCHEDULED,-120,-2.0
2026-08-11T05:51:29Z,0907212026-08-10,09072,2026-08-10,SCHEDULED,-120,-2.0
2026-08-11T05:51:29Z,1320312026-08-10,13203,2026-08-10,SCHEDULED,0,0.0
2026-08-11T05:51:29Z,0907312026-08-10,09073,2026-08-10,SCHEDULED,60,1.0
2026-08-11T05:51:29Z,1390012026-08-10,13900,2026-08-10,SCHEDULED,240,4.0
2026-08-11T05:51:29Z,1390112026-08-10,13901,2026-08-10,SCHEDULED,0,0.0
2026-08-11T05:51:29Z,0907512026-08-10,09075,2026-08-10,SCHEDULED,0,0.0
2026-08-11T05:51:29Z,0207412026-08-11,02074,2026-08-11,SCHEDULED,360,6.0
2026-08-11T05:51:29Z,0109212026-08-10,01092,2026-08-10,SCHEDULED,360,6.0
2026-08-11T05:51:29Z,0069712026-08-11,00697,2026-08-11,SCHEDULED,60,1.0
2026-08-11T05:51:29Z,1412322026-08-10,14123,2026-08-10,SCHEDULED,0,0.0
2026-08-11T05:51:29Z,1412342026-08-10,14123,2026-08-10,SCHEDULED,0,0.0
2026-08-11T05:51:29Z,1412332026-08-10,14123,2026-08-10,SCHEDULED,0,0.0
2026-08-11T05:51:29Z,0405612026-08-11,04056,2026-08-11,SCHEDULED,60,1.0
2026-08-11T05:51:29Z,0418612026-08-11,04186,2026-08-11,SCHEDULED,480,8.0
2026-08-11T05:51:29Z,0418642026-08-11,04186,2026-08-11,SCHEDULED,480,8.0
2026-08-11T05:51:29Z,0418622026-08-11,04186,2026-08-11,SCHEDULED,480,8.0
2026-08-11T05:51:29Z,3560432026-08-10,35604,2026-08-10,SCHEDULED,180,3.0
2026-08-11T05:51:29Z,3560442026-08-10,35604,2026-08-10,SCHEDULED,180,3.0
2026-08-11T05:51:29Z,3560452026-08-10,35604,2026-08-10,SCHEDULED,180,3.0
2026-08-11T05:51:29Z,0408712026-08-11,04087,2026-08-11,SCHEDULED,900,15.0
2026-08-11T05:51:29Z,1451012026-08-10,14510,2026-08-10,SCHEDULED,780,13.0
2026-08-11T05:51:29Z,0407312026-08-11,04073,2026-08-11,SCHEDULED,900,15.0
2026-08-11T05:51:29Z,1500112026-08-10,15001,2026-08-10,SCHEDULED,360,6.0
2026-08-11T05:51:29Z,1500212026-08-10,15002,2026-08-10,SCHEDULED,1200,20.0
2026-08-11T05:51:29Z,0029122026-08-11,00291,2026-08-11,SCHEDULED,720,12.0
2026-08-11T05:51:29Z,0029112026-08-11,00291,2026-08-11,SCHEDULED,720,12.0
2026-08-11T05:51:29Z,1500312026-08-10,15003,2026-08-10,SCHEDULED,-60,-1.0
2026-08-11T05:51:29Z,1210112026-08-10,12101,2026-08-10,SCHEDULED,120,2.0
2026-08-11T05:51:29Z,1504012026-08-10,15040,2026-08-10,SCHEDULED,1380,23.0
2026-08-11T05:51:29Z,1248012026-08-10,12480,2026-08-10,SCHEDULED,0,0.0
2026-08-11T05:51:29Z,1504112026-08-10,15041,2026-08-10,SCHEDULED,-60,-1.0
2026-08-11T05:51:29Z,1261312026-08-10,12613,2026-08-10,SCHEDULED,300,5.0
2026-08-11T05:51:29Z,1505012026-08-10,15050,2026-08-10,SCHEDULED,960,16.0
2026-08-11T05:51:29Z,1264112026-08-10,12641,2026-08-10,SCHEDULED,60,1.0
2026-08-11T05:51:29Z,1521212026-08-10,15212,2026-08-10,SCHEDULED,0,0.0
2026-08-11T05:51:29Z,1264412026-08-10,12644,2026-08-10,SCHEDULED,0,0.0
2026-08-11T05:51:29Z,1268012026-08-10,12680,2026-08-10,SCHEDULED,60,1.0
2026-08-11T05:51:29Z,1300012026-08-10,13000,2026-08-10,SCHEDULED,1080,18.0
2026-08-11T05:51:29Z,1801012026-08-10,18010,2026-08-10,SCHEDULED,120,2.0
2026-08-11T05:51:29Z,1801022026-08-10,18010,2026-08-10,SCHEDULED,120,2.0
2026-08-11T05:51:29Z,1801032026-08-10,18010,2026-08-10,SCHEDULED,120,2.0
2026-08-11T05:51:29Z,1877312026-08-10,18773,2026-08-10,SCHEDULED,600,10.0
2026-08-11T05:51:29Z,1300312026-08-11,13003,2026-08-11,SCHEDULED,540,9.0
2026-08-11T05:51:29Z,1890112026-08-10,18901,2026-08-10,SCHEDULED,0,0.0
2026-08-11T05:51:29Z,1890012026-08-10,18900,2026-08-10,SCHEDULED,180,3.0
2026-08-11T05:51:29Z,0029322026-08-11,00293,2026-08-11,SCHEDULED,240,4.0
2026-08-11T05:51:29Z,0029312026-08-11,00293,2026-08-11,SCHEDULED,240,4.0
2026-08-11T05:51:29Z,1891012026-08-10,18910,2026-08-10,SCHEDULED,420,7.0
2026-08-11T05:51:29Z,1443012026-08-10,14430,2026-08-10,SCHEDULED,240,4.0
2026-08-11T05:51:29Z,0411422026-08-11,04114,2026-08-11,SCHEDULED,240,4.0
2026-08-11T05:51:29Z,0411412026-08-11,04114,2026-08-11,SCHEDULED,240,4.0
2026-08-11T05:51:29Z,1530912026-08-10,15309,2026-08-10,SCHEDULED,0,0.0
2026-08-11T05:51:29Z,0060112026-08-11,00601,2026-08-11,SCHEDULED,120,2.0
2026-08-11T05:51:29Z,1503022026-08-10,15030,2026-08-10,SCHEDULED,120,2.0
2026-08-11T05:51:29Z,1503112026-08-10,15031,2026-08-10,SCHEDULED,240,4.0
2026-08-11T05:51:29Z,1600012026-08-10,16000,2026-08-10,SCHEDULED,480,8.0
2026-08-11T05:51:29Z,1447112026-08-10,14471,2026-08-10,SCHEDULED,-60,-1.0
2026-08-11T05:51:29Z,1401812026-08-10,14018,2026-08-10,SCHEDULED,720,12.0
2026-08-11T05:51:29Z,0062122026-08-11,00621,2026-08-11,SCHEDULED,60,1.0
2026-08-11T05:51:29Z,0062132026-08-11,00621,2026-08-11,SCHEDULED,60,1.0
2026-08-11T05:51:29Z,0062152026-08-11,00621,2026-08-11,SCHEDULED,60,1.0
2026-08-11T05:51:29Z,0062112026-08-11,00621,2026-08-11,SCHEDULED,60,1.0
2026-08-11T05:51:29Z,0062142026-08-11,00621,2026-08-11,SCHEDULED,60,1.0
2026-08-11T05:51:29Z,0891512026-08-10,08915,2026-08-10,SCHEDULED,60,1.0
2026-08-11T05:51:29Z,1833112026-08-10,18331,2026-08-10,SCHEDULED,360,6.0
2026-08-11T05:51:29Z,0948012026-08-10,09480,2026-08-10,SCHEDULED,-60,-1.0
2026-08-11T05:51:29Z,7180012026-08-10,71800,2026-08-10,SCHEDULED,0,0.0
2026-08-11T05:51:29Z,0063142026-08-11,00631,2026-08-11,SCHEDULED,900,15.0
2026-08-11T05:51:29Z,0063132026-08-11,00631,2026-08-11,SCHEDULED,900,15.0
2026-08-11T05:51:29Z,0063112026-08-11,00631,2026-08-11,SCHEDULED,900,15.0
2026-08-11T05:51:29Z,0063122026-08-11,00631,2026-08-11,SCHEDULED,900,15.0
2026-08-11T05:51:29Z,7182012026-08-10,71820,2026-08-10,SCHEDULED,0,0.0
2026-08-11T05:51:29Z,0075222026-08-11,00752,2026-08-11,SCHEDULED,360,6.0
2026-08-11T05:51:29Z,0075212026-08-11,00752,2026-08-11,SCHEDULED,360,6.0
2026-08-11T05:51:29Z,7183012026-08-10,71830,2026-08-10,SCHEDULED,300,5.0
2026-08-11T05:51:29Z,0107112026-08-10,01071,2026-08-10,SCHEDULED,0,0.0
2026-08-11T05:51:29Z,1780612026-08-10,17806,2026-08-10,SCHEDULED,480,8.0
2026-08-11T05:51:29Z,0107212026-08-10,01072,2026-08-10,SCHEDULED,300,5.0
2026-08-11T05:51:29Z,1781512026-08-10,17815,2026-08-10,SCHEDULED,60,1.0
2026-08-11T05:51:29Z,1800112026-08-10,18001,2026-08-10,SCHEDULED,180,3.0
2026-08-11T05:51:29Z,0108122026-08-10,01081,2026-08-10,SCHEDULED,60,1.0
2026-08-11T05:51:29Z,0108112026-08-10,01081,2026-08-10,SCHEDULED,60,1.0
2026-08-11T05:51:29Z,0206112026-08-10,02061,2026-08-10,SCHEDULED,1620,27.0
2026-08-11T05:51:29Z,1802422026-08-10,18024,2026-08-10,SCHEDULED,0,0.0
2026-08-11T05:51:29Z,1803112026-08-10,18031,2026-08-10,SCHEDULED,180,3.0
2026-08-11T05:51:29Z,0206312026-08-10,02063,2026-08-10,SCHEDULED,780,13.0
2026-08-11T05:51:29Z,0206712026-08-10,02067,2026-08-10,SCHEDULED,300,5.0
2026-08-11T05:51:29Z,1804612026-08-10,18046,2026-08-10,SCHEDULED,360,6.0
2026-08-11T05:51:29Z,0207012026-08-10,02070,2026-08-10,SCHEDULED,480,8.0
2026-08-11T05:51:29Z,1805412026-08-10,18054,2026-08-10,SCHEDULED,60,1.0
2026-08-11T05:51:29Z,0207112026-08-10,02071,2026-08-10,SCHEDULED,480,8.0
2026-08-11T05:51:29Z,1807112026-08-10,18071,2026-08-10,SCHEDULED,240,4.0
2026-08-11T05:51:29Z,0207312026-08-10,02073,2026-08-10,SCHEDULED,300,5.0
2026-08-11T05:51:29Z,1807212026-08-10,18072,2026-08-10,SCHEDULED,240,4.0
2026-08-11T05:51:29Z,0207512026-08-11,02075,2026-08-11,SCHEDULED,360,6.0
2026-08-11T05:51:29Z,1807412026-08-10,18074,2026-08-10,SCHEDULED,0,0.0
2026-08-11T05:51:29Z,0207212026-08-10,02072,2026-08-10,SCHEDULED,60,1.0
2026-08-11T05:51:29Z,1800212026-08-10,18002,2026-08-10,SCHEDULED,-180,-3.0
2026-08-11T05:51:29Z,1806612026-08-10,18066,2026-08-10,SCHEDULED,60,1.0
2026-08-11T05:51:29Z,1812012026-08-10,18120,2026-08-10,SCHEDULED,360,6.0
2026-08-11T05:51:29Z,0306242026-08-10,03062,2026-08-10,SCHEDULED,120,2.0
2026-08-11T05:51:29Z,0306232026-08-10,03062,2026-08-10,SCHEDULED,120,2.0
2026-08-11T05:51:29Z,0306212026-08-10,03062,2026-08-10,SCHEDULED,120,2.0
2026-08-11T05:51:29Z,0306222026-08-10,03062,2026-08-10,SCHEDULED,120,2.0
2026-08-11T05:51:29Z,1812112026-08-10,18121,2026-08-10,SCHEDULED,0,0.0
2026-08-11T05:51:29Z,1812312026-08-10,18123,2026-08-10,SCHEDULED,-60,-1.0
2026-08-11T05:51:29Z,0307322026-08-10,03073,2026-08-10,SCHEDULED,60,1.0
2026-08-11T05:51:29Z,0307312026-08-10,03073,2026-08-10,SCHEDULED,60,1.0
2026-08-11T05:51:29Z,1821612026-08-10,18216,2026-08-10,SCHEDULED,0,0.0
2026-08-11T05:51:29Z,1830012026-08-10,18300,2026-08-10,SCHEDULED,-120,-2.0
2026-08-11T05:51:29Z,0306242026-08-10,03062,2026-08-10,SCHEDULED,-60,-1.0
2026-08-11T05:51:29Z,0306232026-08-10,03062,2026-08-10,SCHEDULED,-60,-1.0
2026-08-11T05:51:29Z,0306212026-08-10,03062,2026-08-10,SCHEDULED,-60,-1.0
2026-08-11T05:51:29Z,0306222026-08-10,03062,2026-08-10,SCHEDULED,-60,-1.0
2026-08-11T05:51:29Z,1832112026-08-10,18321,2026-08-10,SCHEDULED,0,0.0
2026-08-11T05:51:29Z,0331112026-08-10,03311,2026-08-10,SCHEDULED,-180,-3.0
2026-08-11T05:51:29Z,0331122026-08-10,03311,2026-08-10,SCHEDULED,-180,-3.0
2026-08-11T05:51:29Z,0331132026-08-10,03311,2026-08-10,SCHEDULED,-180,-3.0
2026-08-11T05:51:29Z,0366222026-08-10,03662,2026-08-10,SCHEDULED,0,0.0
2026-08-11T05:51:29Z,0366212026-08-10,03662,2026-08-10,SCHEDULED,0,0.0
2026-08-11T05:51:29Z,0406012026-08-10,04060,2026-08-10,SCHEDULED,60,1.0
2026-08-11T05:51:29Z,0426112026-08-11,04261,2026-08-11,SCHEDULED,780,13.0
2026-08-11T05:51:29Z,0408822026-08-11,04088,2026-08-11,SCHEDULED,60,1.0
2026-08-11T05:51:29Z,0407222026-08-11,04072,2026-08-11,SCHEDULED,420,7.0
2026-08-11T05:51:29Z,0407212026-08-11,04072,2026-08-11,SCHEDULED,420,7.0
2026-08-11T05:51:29Z,0429522026-08-10,04295,2026-08-10,SCHEDULED,0,0.0
2026-08-11T05:51:29Z,0429512026-08-10,04295,2026-08-10,SCHEDULED,0,0.0
2026-08-11T05:51:29Z,0446412026-08-10,04464,2026-08-10,SCHEDULED,180,3.0
2026-08-11T05:51:29Z,0415422026-08-10,04154,2026-08-10,SCHEDULED,120,2.0
2026-08-11T05:51:29Z,0415412026-08-10,04154,2026-08-10,SCHEDULED,120,2.0
2026-08-11T05:51:29Z,0436422026-08-10,04364,2026-08-10,SCHEDULED,180,3.0
2026-08-11T05:51:29Z,0436412026-08-10,04364,2026-08-10,SCHEDULED,180,3.0
2026-08-11T05:51:29Z,0486822026-08-11,04868,2026-08-11,SCHEDULED,0,0.0
2026-08-11T05:51:29Z,0486812026-08-11,04868,2026-08-11,SCHEDULED,0,0.0
2026-08-11T05:51:29Z,0506312026-08-10,05063,2026-08-10,SCHEDULED,60,1.0
2026-08-11T05:51:29Z,0507012026-08-10,05070,2026-08-10,SCHEDULED,360,6.0
2026-08-11T05:51:29Z,0507112026-08-10,05071,2026-08-10,SCHEDULED,-60,-1.0
2026-08-11T05:51:29Z,0507212026-08-10,05072,2026-08-10,SCHEDULED,0,0.0
2026-08-11T05:51:29Z,1261112026-08-10,12611,2026-08-10,CANCELED,,
2026-08-11T05:51:29Z,1722612026-08-10,17226,2026-08-10,CANCELED,,
2026-08-11T05:51:29Z,1722712026-08-10,17227,2026-08-10,CANCELED,,
2026-08-11T05:51:29Z,1565012026-08-10,15650,2026-08-10,CANCELED,,
2026-08-11T05:51:29Z,1803112026-08-10,18031,2026-08-10,CANCELED,,
2026-08-11T05:51:29Z,1565912026-08-10,15659,2026-08-10,CANCELED,,
2026-08-11T05:51:29Z,1803312026-08-10,18033,2026-08-10,CANCELED,,
2026-08-11T05:51:29Z,1817112026-08-10,18171,2026-08-10,CANCELED,,
2026-08-11T05:51:29Z,1803512026-08-10,18035,2026-08-10,CANCELED,,
2026-08-11T05:51:29Z,1704112026-08-10,17041,2026-08-10,CANCELED,,
2026-08-11T05:51:29Z,1803712026-08-10,18037,2026-08-10,CANCELED,,
2026-08-11T05:51:29Z,1721812026-08-10,17218,2026-08-10,CANCELED,,
2026-08-11T05:51:29Z,1804312026-08-10,18043,2026-08-10,CANCELED,,
2026-08-11T05:51:29Z,3821812026-08-10,38218,2026-08-10,CANCELED,,
2026-08-11T05:51:29Z,1722112026-08-10,17221,2026-08-10,CANCELED,,
2026-08-11T05:51:29Z,3822112026-08-10,38221,2026-08-10,CANCELED,,
2026-08-11T05:51:29Z,1810222026-08-10,18102,2026-08-10,CANCELED,,
2026-08-11T05:51:29Z,1810232026-08-10,18102,2026-08-10,CANCELED,,
2026-08-11T05:51:29Z,1810242026-08-10,18102,2026-08-10,CANCELED,,
2026-08-11T05:51:29Z,1810512026-08-10,18105,2026-08-10,CANCELED,,
2026-08-11T05:51:29Z,3810512026-08-10,38105,2026-08-10,CANCELED,,
2026-08-11T05:51:29Z,0029322026-08-11,00293,2026-08-11,CANCELED,,
2026-08-11T05:51:29Z,0029312026-08-11,00293,2026-08-11,CANCELED,,
2026-08-11T05:51:29Z,1821612026-08-10,18216,2026-08-10,CANCELED,,
2026-08-11T05:51:29Z,1821912026-08-10,18219,2026-08-10,CANCELED,,
2026-08-11T05:51:29Z,3709322026-08-10,37093,2026-08-10,CANCELED,,
2026-08-11T05:51:29Z,3709312026-08-10,37093,2026-08-10,CANCELED,,
2026-08-11T05:51:29Z,1262312026-08-10,12623,2026-08-10,CANCELED,,
2026-08-11T05:51:29Z,3739312026-08-10,37393,2026-08-10,CANCELED,,
2026-08-11T05:51:29Z,0080112026-08-11,00801,2026-08-11,CANCELED,,
2026-08-11T05:51:29Z,1810132026-08-10,18101,2026-08-10,CANCELED,,
2026-08-11T05:51:29Z,1810142026-08-10,18101,2026-08-10,CANCELED,,
2026-08-11T05:51:29Z,1810152026-08-10,18101,2026-08-10,CANCELED,,
2026-08-11T05:51:29Z,0029122026-08-11,00291,2026-08-11,CANCELED,,
2026-08-11T05:51:29Z,0029112026-08-11,00291,2026-08-11,CANCELED,,
2026-08-11T05:51:29Z,3709122026-08-10,37091,2026-08-10,CANCELED,,
2026-08-11T05:51:29Z,3709112026-08-10,37091,2026-08-10,CANCELED,,
2026-08-11T05:51:29Z,1810132026-08-10,18101,2026-08-10,CANCELED,,
2026-08-11T05:51:29Z,1810142026-08-10,18101,2026-08-10,CANCELED,,
2026-08-11T05:51:29Z,1810152026-08-10,18101,2026-08-10,CANCELED,,
2026-08-11T05:51:29Z,3739112026-08-10,37391,2026-08-10,CANCELED,,
2026-08-11T05:51:29Z,7187412026-08-10,71874,2026-08-10,CANCELED,,
2026-08-11T05:51:29Z,0027922026-08-11,00279,2026-08-11,CANCELED,,
2026-08-11T05:51:29Z,0027912026-08-11,00279,2026-08-11,CANCELED,,
2026-08-11T05:51:29Z,3727912026-08-10,37279,2026-08-10,CANCELED,,
